latitude,longitude,bright_ti4,scan,track,acq_date,acq_time,satellite,instrument,confidence,version,bright_ti5,frp,daynight,type
13.91089,106.22372,354.03,0.5,0.66,2025-02-25,526,N,VIIRS,n,2,294.77,7.7,D,0
13.91113,106.2222,346.99,0.5,0.66,2025-02-25,526,N,VIIRS,n,2,294.59,8.1,D,0
13.9121,106.22683,336.09,0.5,0.66,2025-02-25,526,N,VIIRS,n,2,294.5,8.1,D,0
13.9169,106.22242,367,0.5,0.66,2025-02-25,526,N,VIIRS,h,2,295.17,8.13,D,0
13.91715,106.22092,357.65,0.5,0.66,2025-02-25,526,N,VIIRS,n,2,293.82,8.1,D,0
13.91784,106.22707,336.3,0.5,0.66,2025-02-25,526,N,VIIRS,n,2,293.29,15.08,D,0
13.91811,106.22555,352.45,0.5,0.66,2025-02-25,526,N,VIIRS,n,2,294.2,8.1,D,0
13.91877,106.23169,367,0.5,0.66,2025-02-25,526,N,VIIRS,h,2,295.31,15.08,D,0
13.91908,106.23016,367,0.5,0.66,2025-02-25,526,N,VIIRS,h,2,294.46,22.74,D,0
13.92292,106.22115,343.26,0.5,0.66,2025-02-25,526,N,VIIRS,n,2,293.25,8.13,D,0
13.92413,106.22428,340,0.5,0.66,2025-02-25,526,N,VIIRS,n,2,293.2,4.89,D,0
13.93172,106.01669,344.48,0.51,0.66,2025-02-25,526,N,VIIRS,n,2,295.46,6.12,D,0
13.93269,106.02142,338.43,0.51,0.66,2025-02-25,526,N,VIIRS,n,2,296.19,8.19,D,0
13.9329,105.8104,348.56,0.53,0.67,2025-02-25,526,N,VIIRS,n,2,295.03,4.92,D,0
13.93485,105.81341,332.15,0.53,0.67,2025-02-25,526,N,VIIRS,n,2,294.23,5.07,D,0
13.93986,104.66441,331.89,0.63,0.72,2025-02-25,526,N,VIIRS,n,2,285.69,5.65,D,0
13.95522,106.71748,354.72,0.46,0.64,2025-02-25,526,N,VIIRS,n,2,295.07,49.54,D,0
13.96107,106.71631,367,0.46,0.64,2025-02-25,526,N,VIIRS,h,2,296.79,49.54,D,0
13.96281,106.72488,341.61,0.46,0.64,2025-02-25,526,N,VIIRS,n,2,295.04,37.22,D,0
13.96367,106.72913,333.54,0.46,0.64,2025-02-25,526,N,VIIRS,n,2,294.63,6.44,D,0
13.96427,105.30103,367,0.57,0.69,2025-02-25,526,N,VIIRS,h,2,293.9,12.42,D,0
13.96537,105.30639,347.23,0.57,0.69,2025-02-25,526,N,VIIRS,n,2,292.89,12.42,D,0
13.96552,105.30274,367,0.57,0.69,2025-02-25,526,N,VIIRS,h,2,294.66,26.92,D,0
13.97566,104.74638,339.68,0.62,0.71,2025-02-25,526,N,VIIRS,n,2,286.11,8.95,D,0
13.98696,106.31644,348.76,0.49,0.65,2025-02-25,526,N,VIIRS,n,2,296.04,25.91,D,0
13.98788,106.32096,367,0.49,0.65,2025-02-25,526,N,VIIRS,h,2,296.37,34.19,D,0
13.99292,106.31512,367,0.49,0.65,2025-02-25,526,N,VIIRS,h,2,292.67,12.44,D,0
13.99386,106.31969,354.1,0.49,0.65,2025-02-25,526,N,VIIRS,n,2,293.9,17,D,0
14.00419,106.49121,367,0.48,0.64,2025-02-25,526,N,VIIRS,h,2,294.42,12.15,D,0
14.0051,106.49565,353.16,0.48,0.64,2025-02-25,526,N,VIIRS,n,2,294.72,16.85,D,0
14.009,105.77372,330.51,0.53,0.67,2025-02-25,526,N,VIIRS,n,2,294.48,4.71,D,0
14.01404,106.64632,335.68,0.47,0.64,2025-02-25,526,N,VIIRS,n,2,295.66,6.03,D,0
14.01414,105.7674,349.28,0.53,0.67,2025-02-25,526,N,VIIRS,n,2,294.17,12.66,D,0
14.01515,105.77232,367,0.53,0.67,2025-02-25,526,N,VIIRS,h,2,295.18,22.06,D,0
14.03109,106.22602,335.41,0.5,0.65,2025-02-25,526,N,VIIRS,n,2,295.41,3.86,D,0
14.03292,106.22681,337.37,0.49,0.65,2025-02-25,526,N,VIIRS,n,2,295.43,4.15,D,0
14.03671,105.67128,343.82,0.54,0.68,2025-02-25,526,N,VIIRS,n,2,293.52,7.56,D,0
14.03741,105.00518,338.09,0.59,0.7,2025-02-25,526,N,VIIRS,n,2,288.4,5.02,D,0
14.03938,105.66955,346.78,0.54,0.68,2025-02-25,526,N,VIIRS,n,2,292.56,3.81,D,0
14.04451,106.03937,367,0.51,0.66,2025-02-25,526,N,VIIRS,h,2,296.69,9.89,D,0
14.04529,105.69868,336.25,0.54,0.68,2025-02-25,526,N,VIIRS,n,2,293.8,3.23,D,0
14.06803,106.45525,332.71,0.48,0.64,2025-02-25,526,N,VIIRS,n,2,295.8,3.07,D,0
14.07297,106.29943,333.26,0.49,0.65,2025-02-25,526,N,VIIRS,n,2,296.43,2.76,D,0
14.08864,106.31501,367,0.49,0.65,2025-02-25,526,N,VIIRS,h,2,297.83,13.51,D,0
14.09918,105.96931,331.74,0.51,0.66,2025-02-25,526,N,VIIRS,n,2,295.89,3.46,D,0
14.09982,105.96828,335.1,0.51,0.66,2025-02-25,526,N,VIIRS,n,2,296.44,2.15,D,0
14.10419,105.09983,333.83,0.58,0.7,2025-02-25,526,N,VIIRS,n,2,291.09,5.44,D,0
14.10441,105.10031,338.19,0.58,0.7,2025-02-25,526,N,VIIRS,n,2,290.91,6.35,D,0
14.10754,105.27484,332.79,0.57,0.69,2025-02-25,526,N,VIIRS,n,2,286.47,5.18,D,0
14.12068,105.91962,334.53,0.52,0.67,2025-02-25,526,N,VIIRS,n,2,294.79,1.66,D,0
14.12848,105.53136,367,0.55,0.68,2025-02-25,526,N,VIIRS,h,2,295.37,11.84,D,0
14.12955,105.53645,331.16,0.55,0.68,2025-02-25,526,N,VIIRS,n,2,294.73,11.84,D,0
14.16068,106.33309,335.72,0.49,0.65,2025-02-25,526,N,VIIRS,n,2,295.61,2.82,D,0
14.16143,106.39841,367,0.48,0.65,2025-02-25,526,N,VIIRS,h,2,295.16,8.4,D,0
14.16234,106.40295,353.88,0.48,0.65,2025-02-25,526,N,VIIRS,n,2,295.69,8.4,D,0
14.16245,106.33313,332.69,0.48,0.65,2025-02-25,526,N,VIIRS,n,2,295.19,2.31,D,0
14.16363,106.39829,367,0.48,0.65,2025-02-25,526,N,VIIRS,h,2,295.69,10.55,D,0
14.16457,106.40283,335.67,0.48,0.65,2025-02-25,526,N,VIIRS,n,2,294.5,10.55,D,0
14.17262,104.43538,356.59,0.64,0.72,2025-02-25,526,N,VIIRS,l,2,269.12,16.17,D,0
14.17926,104.43388,336.76,0.64,0.72,2025-02-25,526,N,VIIRS,n,2,269.53,7.61,D,0
14.20453,104.74778,330.19,0.61,0.71,2025-02-25,526,N,VIIRS,n,2,290.91,2.62,D,0
14.22187,105.79312,332.62,0.52,0.67,2025-02-25,526,N,VIIRS,n,2,295.02,4.85,D,0
14.24332,105.72079,330.46,0.53,0.67,2025-02-25,526,N,VIIRS,n,2,292.43,10.49,D,0
14.24435,105.72569,367,0.53,0.67,2025-02-25,526,N,VIIRS,h,2,294.56,10.49,D,0
14.24476,105.93489,344.75,0.51,0.66,2025-02-25,526,N,VIIRS,n,2,296.33,7.24,D,0
14.24569,105.72151,353.97,0.53,0.67,2025-02-25,526,N,VIIRS,n,2,292.69,12.32,D,0
14.24669,105.72641,367,0.53,0.67,2025-02-25,526,N,VIIRS,h,2,294.6,23.67,D,0
14.25928,105.20274,336.35,0.57,0.69,2025-02-25,526,N,VIIRS,n,2,291.28,5,D,0
14.26031,105.19944,337.03,0.57,0.69,2025-02-25,526,N,VIIRS,n,2,290.79,4.08,D,0
14.26542,106.32072,340.96,0.48,0.65,2025-02-25,526,N,VIIRS,n,2,293.38,3.28,D,0
14.26838,106.3214,333.51,0.48,0.65,2025-02-25,526,N,VIIRS,n,2,293.68,5.3,D,0
14.28223,106.23824,330.3,0.49,0.65,2025-02-25,526,N,VIIRS,n,2,293.49,1.55,D,0
14.28317,106.24281,331.5,0.49,0.65,2025-02-25,526,N,VIIRS,n,2,293.42,3.84,D,0
14.28411,106.24735,330.73,0.49,0.65,2025-02-25,526,N,VIIRS,n,2,292.35,3.84,D,0
14.28531,106.00962,345.64,0.51,0.66,2025-02-25,526,N,VIIRS,n,2,294.6,9.29,D,0
14.28577,106.01114,347.41,0.51,0.66,2025-02-25,526,N,VIIRS,n,2,294.82,6.67,D,0
14.28842,106.29834,330.95,0.48,0.65,2025-02-25,526,N,VIIRS,n,2,294.25,4.33,D,0
14.34821,104.92023,341.59,0.59,0.7,2025-02-25,526,N,VIIRS,n,2,291.96,5.28,D,0
14.35746,105.64969,332.63,0.53,0.67,2025-02-25,526,N,VIIRS,n,2,295.24,6.43,D,0
14.35965,105.78934,333.79,0.52,0.67,2025-02-25,526,N,VIIRS,n,2,295.68,4.76,D,0
14.43864,106.32587,336.82,0.48,0.65,2025-02-25,526,N,VIIRS,n,2,293,4.65,D,0
14.47123,106.42532,336.96,0.47,0.64,2025-02-25,526,N,VIIRS,n,2,294.66,4.41,D,0
14.478,105.7504,332.58,0.52,0.67,2025-02-25,526,N,VIIRS,n,2,294.96,4.15,D,0
14.47921,105.74873,336.7,0.52,0.67,2025-02-25,526,N,VIIRS,n,2,295.5,3.93,D,0
14.48819,105.76838,337.08,0.52,0.67,2025-02-25,526,N,VIIRS,n,2,294.98,5.96,D,0
14.48928,105.76676,339.73,0.52,0.67,2025-02-25,526,N,VIIRS,n,2,295.28,7.69,D,0
14.5051,106.30313,345.51,0.48,0.65,2025-02-25,526,N,VIIRS,n,2,293.27,7.52,D,0
14.52879,106.29807,330.27,0.48,0.65,2025-02-25,526,N,VIIRS,n,2,293.77,4.02,D,0
14.54107,106.50677,337.74,0.46,0.64,2025-02-25,526,N,VIIRS,n,2,294.96,5.21,D,0
14.55156,106.40899,346.65,0.47,0.64,2025-02-25,526,N,VIIRS,n,2,297.13,13.04,D,0
14.55246,106.41341,332.05,0.47,0.64,2025-02-25,526,N,VIIRS,n,2,296.17,8.54,D,0
14.55562,106.39885,367,0.47,0.64,2025-02-25,526,N,VIIRS,h,2,295.26,13.96,D,0
14.5557,106.27844,331.64,0.48,0.65,2025-02-25,526,N,VIIRS,n,2,294.88,5.4,D,0
14.55652,106.40327,367,0.47,0.64,2025-02-25,526,N,VIIRS,h,2,295.67,13.04,D,0
14.55657,106.34332,337.24,0.48,0.64,2025-02-25,526,N,VIIRS,n,2,295.15,5.49,D,0
14.55743,106.40771,367,0.47,0.64,2025-02-25,526,N,VIIRS,h,2,296.08,13.04,D,0
14.55833,106.41212,340.56,0.47,0.64,2025-02-25,526,N,VIIRS,n,2,294.55,8.54,D,0
14.617,106.35432,330.68,0.47,0.64,2025-02-25,526,N,VIIRS,n,2,293.57,3.2,D,0
14.63291,105.66755,337.29,0.52,0.67,2025-02-25,526,N,VIIRS,n,2,294.67,3.35,D,0
14.63878,106.40015,329.9,0.47,0.64,2025-02-25,526,N,VIIRS,n,2,292.78,1.78,D,0
14.65381,106.59072,329.9,0.46,0.63,2025-02-25,526,N,VIIRS,n,2,294.77,4.12,D,0
14.65527,106.59012,330.06,0.46,0.63,2025-02-25,526,N,VIIRS,n,2,294.19,3.49,D,0
14.6605,106.59378,330.17,0.46,0.63,2025-02-25,526,N,VIIRS,n,2,294.21,3.82,D,0
14.67661,106.7879,337.62,0.44,0.63,2025-02-25,526,N,VIIRS,n,2,292.87,3.91,D,0
14.67674,106.78788,336.43,0.44,0.63,2025-02-25,526,N,VIIRS,n,2,292.54,4.12,D,0
14.69625,106.76703,334.61,0.44,0.63,2025-02-25,526,N,VIIRS,n,2,293.77,4.15,D,0
14.70278,106.79877,342.76,0.44,0.62,2025-02-25,526,N,VIIRS,n,2,293.36,9.13,D,0
14.70363,106.80289,367,0.44,0.62,2025-02-25,526,N,VIIRS,h,2,296.05,9.13,D,0
14.72197,106.51414,344.8,0.46,0.64,2025-02-25,526,N,VIIRS,n,2,296.89,4.56,D,0
14.723,106.5136,350.96,0.46,0.64,2025-02-25,526,N,VIIRS,n,2,296.63,5.79,D,0
14.73574,106.84319,330.49,0.44,0.62,2025-02-25,526,N,VIIRS,n,2,293.24,1.69,D,0
14.78711,106.83232,331.85,0.44,0.62,2025-02-25,526,N,VIIRS,n,2,292.83,3.24,D,0
14.81266,107.16447,327.85,0.42,0.61,2025-02-25,526,N,VIIRS,n,2,288.96,3.65,D,0
14.81728,106.77033,339.68,0.44,0.62,2025-02-25,526,N,VIIRS,n,2,293.58,3.83,D,0
14.81983,107.14215,329.99,0.42,0.61,2025-02-25,526,N,VIIRS,n,2,283.64,3.45,D,0
14.82062,107.14608,342.26,0.42,0.61,2025-02-25,526,N,VIIRS,n,2,285.19,3.45,D,0
14.85395,106.24826,367,0.48,0.64,2025-02-25,526,N,VIIRS,h,2,294.65,8.68,D,0
14.8951,106.97784,330.67,0.43,0.62,2025-02-25,526,N,VIIRS,n,2,293.93,3.34,D,0
14.91838,106.50352,367,0.46,0.63,2025-02-25,526,N,VIIRS,h,2,291.63,11.49,D,0
14.91841,107.00604,327.71,0.42,0.61,2025-02-25,526,N,VIIRS,n,2,292.93,2.8,D,0
14.91935,106.50829,347.29,0.46,0.63,2025-02-25,526,N,VIIRS,n,2,290.33,11.49,D,0
15.02402,106.90843,330.7,0.43,0.62,2025-02-25,526,N,VIIRS,n,2,294.48,5.77,D,0
15.02887,106.90319,336.27,0.43,0.62,2025-02-25,526,N,VIIRS,n,2,294.95,7.08,D,0
15.02968,106.90723,351.77,0.43,0.62,2025-02-25,526,N,VIIRS,n,2,295.7,5.77,D,0
15.03129,106.91533,332.77,0.43,0.62,2025-02-25,526,N,VIIRS,n,2,296.24,3.28,D,0
15.03534,106.90604,327.49,0.43,0.62,2025-02-25,526,N,VIIRS,n,2,294.95,3.41,D,0
15.03614,106.91009,335.4,0.43,0.62,2025-02-25,526,N,VIIRS,n,2,293.29,3.41,D,0
15.03695,106.91413,348.21,0.43,0.62,2025-02-25,526,N,VIIRS,n,2,290.2,4.25,D,0
14.98519,105.99052,341.12,0.49,0.65,2025-02-25,527,N,VIIRS,n,2,295.13,10.68,D,0
15.00289,106.59348,333.38,0.45,0.63,2025-02-25,527,N,VIIRS,n,2,295.34,4.05,D,0
15.00373,106.59756,337.6,0.45,0.63,2025-02-25,527,N,VIIRS,n,2,292.81,4.05,D,0
15.01769,106.23474,349.82,0.47,0.64,2025-02-25,527,N,VIIRS,n,2,291.87,11.94,D,0
15.02574,106.90591,367,0.43,0.62,2025-02-25,527,N,VIIRS,h,2,295.72,6.07,D,0
15.0314,106.90472,351.92,0.43,0.62,2025-02-25,527,N,VIIRS,n,2,295.53,6.07,D,0
15.03224,106.90877,330.05,0.43,0.62,2025-02-25,527,N,VIIRS,n,2,294.42,8.04,D,0
15.03307,106.9128,367,0.43,0.62,2025-02-25,527,N,VIIRS,h,2,295.87,8.04,D,0
15.03391,106.91682,337.49,0.43,0.62,2025-02-25,527,N,VIIRS,n,2,295.01,7.93,D,0
15.13855,105.54202,335.95,0.52,0.67,2025-02-25,527,N,VIIRS,n,2,292.6,3.42,D,0
15.14643,106.79698,342.43,0.43,0.62,2025-02-25,527,N,VIIRS,n,2,294.99,7.98,D,0
15.17488,106.82021,338.7,0.43,0.62,2025-02-25,527,N,VIIRS,n,2,295.52,5.87,D,0
15.21961,106.48026,367,0.45,0.63,2025-02-25,527,N,VIIRS,h,2,297.35,15.01,D,0
15.24592,106.63776,339.87,0.44,0.63,2025-02-25,527,N,VIIRS,n,2,293.4,6.44,D,0
15.25165,106.63655,345.99,0.44,0.63,2025-02-25,527,N,VIIRS,n,2,294.07,6.44,D,0
15.27982,106.86104,333.73,0.43,0.62,2025-02-25,527,N,VIIRS,n,2,294.43,2.26,D,0
15.28542,106.85961,333.07,0.43,0.62,2025-02-25,527,N,VIIRS,n,2,293.61,2.26,D,0
15.28725,106.12048,367,0.48,0.64,2025-02-25,527,N,VIIRS,h,2,290.6,13.37,D,0
15.28823,106.1251,346.62,0.48,0.64,2025-02-25,527,N,VIIRS,n,2,289.11,15.61,D,0
15.29013,106.12145,367,0.48,0.64,2025-02-25,527,N,VIIRS,h,2,292.51,22.84,D,0
15.33322,106.39165,339.77,0.46,0.63,2025-02-25,527,N,VIIRS,n,2,294.08,3.54,D,0
15.40838,106.58055,330.77,0.44,0.63,2025-02-25,527,N,VIIRS,n,2,295.54,4.87,D,0
15.49043,105.79539,356.21,0.5,0.65,2025-02-25,527,N,VIIRS,n,2,291.67,7.31,D,0
15.49141,105.80005,349.24,0.49,0.65,2025-02-25,527,N,VIIRS,n,2,293.13,17.63,D,0
15.49643,105.79407,333.3,0.5,0.65,2025-02-25,527,N,VIIRS,n,2,290.93,7.31,D,0
15.54272,106.30569,367,0.46,0.63,2025-02-25,527,N,VIIRS,h,2,292.47,6.86,D,0
15.54341,106.30499,367,0.46,0.63,2025-02-25,527,N,VIIRS,h,2,292.29,7.2,D,0
15.54366,106.31013,329.92,0.46,0.63,2025-02-25,527,N,VIIRS,n,2,292.68,6.86,D,0
15.54433,106.30945,340.58,0.46,0.63,2025-02-25,527,N,VIIRS,n,2,292.88,7.2,D,0
15.54669,106.35301,344.8,0.46,0.63,2025-02-25,527,N,VIIRS,n,2,294.96,5.48,D,0
15.54707,106.35252,338.72,0.46,0.63,2025-02-25,527,N,VIIRS,n,2,294.43,4.05,D,0
15.54761,106.35737,345.88,0.45,0.63,2025-02-25,527,N,VIIRS,n,2,294.72,5.48,D,0
15.54796,106.35688,341.43,0.46,0.63,2025-02-25,527,N,VIIRS,n,2,294.22,4.05,D,0
15.54835,106.15892,329.2,0.47,0.64,2025-02-25,527,N,VIIRS,n,2,291.28,3.82,D,0
15.54927,106.16326,341,0.47,0.64,2025-02-25,527,N,VIIRS,n,2,291.14,3.82,D,0
15.55765,106.34508,346.88,0.46,0.63,2025-02-25,527,N,VIIRS,n,2,292.98,7.83,D,0
15.5629,106.34376,367,0.46,0.63,2025-02-25,527,N,VIIRS,h,2,294.98,17.61,D,0
15.56332,106.3432,367,0.46,0.63,2025-02-25,527,N,VIIRS,h,2,293.26,7.83,D,0
15.56366,105.99644,350.2,0.48,0.65,2025-02-25,527,N,VIIRS,n,2,291.39,5.28,D,0
15.5638,106.34805,333.32,0.46,0.63,2025-02-25,527,N,VIIRS,n,2,293.2,13.76,D,0
15.56416,106.34734,340.72,0.46,0.63,2025-02-25,527,N,VIIRS,n,2,293.6,15.85,D,0
15.60479,106.07607,351.26,0.47,0.64,2025-02-25,527,N,VIIRS,n,2,295.42,7.66,D,0
15.60676,106.07143,341.67,0.47,0.64,2025-02-25,527,N,VIIRS,n,2,295.18,4.71,D,0
15.6077,106.07584,341.59,0.47,0.64,2025-02-25,527,N,VIIRS,n,2,295.42,4.71,D,0
15.61387,106.12018,337.03,0.47,0.64,2025-02-25,527,N,VIIRS,n,2,293.67,3.18,D,0
15.61433,105.78406,335.44,0.49,0.65,2025-02-25,527,N,VIIRS,n,2,290.92,3.9,D,0
15.61685,106.6657,332.38,0.43,0.62,2025-02-25,527,N,VIIRS,n,2,295.71,4.75,D,0
15.61705,106.1198,343.69,0.47,0.64,2025-02-25,527,N,VIIRS,n,2,295.68,3.75,D,0
15.61858,106.66536,332.46,0.43,0.62,2025-02-25,527,N,VIIRS,n,2,294.54,7.93,D,0
15.65795,105.44701,330.38,0.52,0.67,2025-02-25,527,N,VIIRS,n,2,290.51,7.67,D,0
15.66422,105.68585,345.35,0.5,0.66,2025-02-25,527,N,VIIRS,n,2,291.12,5.9,D,0
15.6702,105.68434,367,0.5,0.66,2025-02-25,527,N,VIIRS,h,2,292.57,12.55,D,0
15.68696,106.19023,331.09,0.46,0.64,2025-02-25,527,N,VIIRS,n,2,293.84,1.25,D,0
15.69255,105.52323,351.81,0.51,0.66,2025-02-25,527,N,VIIRS,n,2,290.81,9.47,D,0
15.69285,105.52204,367,0.51,0.66,2025-02-25,527,N,VIIRS,h,2,291.03,7.96,D,0
15.73865,106.32228,338.64,0.45,0.63,2025-02-25,527,N,VIIRS,n,2,294.36,9,D,0
15.73952,106.32651,367,0.45,0.63,2025-02-25,527,N,VIIRS,h,2,296.88,9,D,0
15.74039,106.33072,343.2,0.45,0.63,2025-02-25,527,N,VIIRS,n,2,294.12,12.93,D,0
15.74529,106.3252,328.35,0.45,0.63,2025-02-25,527,N,VIIRS,n,2,294.18,2.55,D,0
15.75405,106.10973,330,0.47,0.64,2025-02-25,527,N,VIIRS,n,2,294.26,3.03,D,0
15.77058,106.18822,342.98,0.46,0.64,2025-02-25,527,N,VIIRS,n,2,294.69,5.36,D,0
15.84971,106.39351,341.16,0.45,0.63,2025-02-25,527,N,VIIRS,n,2,293.64,2.22,D,0
16.19286,106.72581,328.59,0.42,0.61,2025-02-25,527,N,VIIRS,n,2,289.12,3.02,D,0
16.19511,106.72441,345.01,0.42,0.61,2025-02-25,527,N,VIIRS,n,2,290.29,5.36,D,0
16.19618,106.72954,330.03,0.42,0.61,2025-02-25,527,N,VIIRS,n,2,288.64,5.57,D,0
16.56242,105.64046,343.08,0.48,0.65,2025-02-25,527,N,VIIRS,n,2,288.68,7.73,D,0
16.57742,106.53858,328.9,0.42,0.61,2025-02-25,527,N,VIIRS,n,2,287.95,3.71,D,0
16.58109,106.53795,331.43,0.42,0.61,2025-02-25,527,N,VIIRS,n,2,288.08,4.14,D,0
13.91234,106.21951,356.75,0.74,0.76,2025-02-25,707,N,VIIRS,l,2,289.37,39.6,D,0
13.91286,103.56866,352.17,0.5,0.65,2025-02-25,707,N,VIIRS,n,2,291.3,7.75,D,0
13.91292,103.5687,352.43,0.5,0.65,2025-02-25,707,N,VIIRS,n,2,291.15,8.76,D,0
13.9195,106.21884,333.43,0.74,0.76,2025-02-25,707,N,VIIRS,n,2,286.35,9.62,D,0
13.98474,103.27617,341.88,0.47,0.64,2025-02-25,707,N,VIIRS,n,2,286.33,3.61,D,0
13.9873,103.2767,335.52,0.48,0.64,2025-02-25,707,N,VIIRS,n,2,285.46,3.36,D,0
14.00494,105.76401,335.45,0.69,0.74,2025-02-25,707,N,VIIRS,n,2,290.29,5.86,D,0
14.00607,105.76521,367,0.69,0.74,2025-02-25,707,N,VIIRS,h,2,290.67,12.83,D,0
14.01193,105.76341,367,0.69,0.74,2025-02-25,707,N,VIIRS,h,2,290.83,13.56,D,0
14.01257,105.77009,340.65,0.69,0.75,2025-02-25,707,N,VIIRS,n,2,291.17,13.56,D,0
14.01306,105.76463,353.76,0.69,0.74,2025-02-25,707,N,VIIRS,n,2,291.08,12.83,D,0
14.01375,105.7713,331.35,0.69,0.74,2025-02-25,707,N,VIIRS,n,2,291.06,21.26,D,0
14.01449,101.72373,357.69,0.37,0.58,2025-02-25,707,N,VIIRS,l,2,282.19,4.69,D,0
14.01491,101.72725,341.99,0.37,0.58,2025-02-25,707,N,VIIRS,n,2,283.98,4.69,D,0
14.03801,104.76846,344.1,0.6,0.7,2025-02-25,707,N,VIIRS,n,2,279.93,9.68,D,0
14.0403,104.77228,338.7,0.6,0.7,2025-02-25,707,N,VIIRS,n,2,282.55,8.63,D,0
14.04385,103.04772,353.77,0.46,0.64,2025-02-25,707,N,VIIRS,n,2,291.65,10.07,D,0
14.04619,103.04556,367,0.46,0.63,2025-02-25,707,N,VIIRS,h,2,291.62,7.93,D,0
14.04627,104.76597,346.32,0.6,0.7,2025-02-25,707,N,VIIRS,n,2,284.42,16.64,D,0
14.05061,104.76151,349.39,0.6,0.7,2025-02-25,707,N,VIIRS,n,2,285.1,13.92,D,0
14.05119,104.76723,331.78,0.6,0.7,2025-02-25,707,N,VIIRS,n,2,285.12,13.62,D,0
14.11889,105.57693,342.62,0.68,0.74,2025-02-25,707,N,VIIRS,n,2,290.76,7.97,D,0
14.17458,104.4364,333.57,0.57,0.69,2025-02-25,707,N,VIIRS,n,2,285.78,4.09,D,0
14.24606,105.45187,342.27,0.67,0.73,2025-02-25,707,N,VIIRS,n,2,287.46,7.63,D,0
14.25398,105.39301,330.73,0.66,0.73,2025-02-25,707,N,VIIRS,n,2,288.24,5.72,D,0
14.25422,105.464,337.56,0.67,0.73,2025-02-25,707,N,VIIRS,n,2,288.79,12.79,D,0
14.54109,106.49867,343.34,0.78,0.78,2025-02-25,707,N,VIIRS,n,2,291.52,9.8,D,0
14.54203,106.49747,343.12,0.78,0.78,2025-02-25,707,N,VIIRS,n,2,291.31,11.34,D,0
14.81529,106.18792,341.16,0.75,0.77,2025-02-25,707,N,VIIRS,n,2,291.68,8.37,D,0
14.8792,106.30296,367,0.77,0.77,2025-02-25,707,N,VIIRS,h,2,290.26,14.6,D,0
14.88641,106.30181,332.54,0.77,0.77,2025-02-25,707,N,VIIRS,n,2,289.09,14.6,D,0
14.90911,105.97813,348.2,0.73,0.76,2025-02-25,707,N,VIIRS,n,2,290.31,5.79,D,0
15.02559,106.28341,341.73,0.77,0.77,2025-02-25,707,N,VIIRS,n,2,287.06,14.5,D,0
15.02647,106.28069,353.96,0.77,0.77,2025-02-25,707,N,VIIRS,n,2,287.07,14.3,D,0
15.06501,105.63337,338.7,0.7,0.75,2025-02-25,707,N,VIIRS,n,2,287.34,4.92,D,0
15.38269,106.0238,331.4,0.75,0.77,2025-02-25,707,N,VIIRS,n,2,289.17,5.68,D,0
15.4881,105.79531,339.29,0.72,0.76,2025-02-25,707,N,VIIRS,n,2,290.38,12.59,D,0
15.48873,105.80231,354,0.72,0.76,2025-02-25,707,N,VIIRS,n,2,291.54,12.59,D,0
15.49117,105.79648,351.47,0.72,0.76,2025-02-25,707,N,VIIRS,n,2,290.75,16.17,D,0
15.49185,105.80346,354.53,0.72,0.76,2025-02-25,707,N,VIIRS,n,2,291.48,21.88,D,0
15.4952,105.79469,348.29,0.72,0.76,2025-02-25,707,N,VIIRS,n,2,290.91,12.59,D,0
15.49827,105.79587,343.32,0.72,0.76,2025-02-25,707,N,VIIRS,n,2,290.39,8.35,D,0
15.56413,106.07413,332.56,0.76,0.77,2025-02-25,707,N,VIIRS,n,2,290.21,5.72,D,0
15.58447,106.0582,336.71,0.75,0.77,2025-02-25,707,N,VIIRS,n,2,289.74,6.69,D,0
15.58611,106.05579,339.36,0.76,0.77,2025-02-25,707,N,VIIRS,n,2,289.79,4.26,D,0
15.61395,104.75539,333.43,0.62,0.72,2025-02-25,707,N,VIIRS,n,2,281.94,6.24,D,0
15.61706,104.7545,336.95,0.62,0.71,2025-02-25,707,N,VIIRS,n,2,281.3,8.32,D,0
16.07771,105.56176,334.7,0.71,0.75,2025-02-25,707,N,VIIRS,n,2,284.52,4.43,D,0
16.07989,105.56303,335.94,0.71,0.75,2025-02-25,707,N,VIIRS,n,2,284.35,6.44,D,0
14.04247,104.56727,323.22,0.36,0.57,2025-02-25,1759,N,VIIRS,n,2,283.13,1.93,N,0
14.11948,103.83062,305.64,0.4,0.6,2025-02-25,1759,N,VIIRS,n,2,286.79,3.45,N,0
14.11993,103.8268,344.56,0.4,0.6,2025-02-25,1759,N,VIIRS,n,2,288.15,3.45,N,0
14.21158,103.3407,308.9,0.43,0.62,2025-02-25,1759,N,VIIRS,n,2,287.07,1.23,N,0
14.2124,103.34152,311.37,0.43,0.62,2025-02-25,1759,N,VIIRS,n,2,286.85,1.85,N,0
14.21733,103.34142,315.05,0.43,0.62,2025-02-25,1759,N,VIIRS,n,2,287.09,2.4,N,0
14.21815,103.34227,315.14,0.43,0.62,2025-02-25,1759,N,VIIRS,n,2,286.9,2.15,N,0
14.31328,103.69198,304.07,0.41,0.61,2025-02-25,1759,N,VIIRS,n,2,286.52,0.96,N,0
14.31891,103.69272,307.01,0.41,0.61,2025-02-25,1759,N,VIIRS,n,2,286.78,0.92,N,0
14.65428,106.42924,304.75,0.55,0.51,2025-02-25,1759,N,VIIRS,n,2,288.8,2.33,N,0
14.65493,106.42411,307.13,0.55,0.51,2025-02-25,1759,N,VIIRS,n,2,288.86,2.33,N,0
14.66646,106.4465,307.79,0.54,0.51,2025-02-25,1759,N,VIIRS,n,2,289.21,2.4,N,0
14.70538,106.45391,301.44,0.54,0.51,2025-02-25,1759,N,VIIRS,n,2,289.03,0.83,N,0
14.72422,106.72083,303.59,0.52,0.5,2025-02-25,1759,N,VIIRS,n,2,284.03,2.3,N,0
14.72884,106.72146,311.88,0.52,0.5,2025-02-25,1759,N,VIIRS,n,2,283.41,2.22,N,0
14.86814,106.74956,302.54,0.52,0.5,2025-02-25,1759,N,VIIRS,n,2,288.69,1.65,N,0
15.32134,101.8578,309.66,0.56,0.69,2025-02-25,1759,N,VIIRS,n,2,276.22,1.73,N,0
15.32234,101.85616,309.78,0.56,0.69,2025-02-25,1759,N,VIIRS,n,2,280.83,2.87,N,0
15.32774,101.85854,299.22,0.56,0.69,2025-02-25,1759,N,VIIRS,n,2,280.94,1.73,N,0
14.49013,102.89017,302.07,0.78,0.78,2025-02-25,1940,N,VIIRS,n,2,282.39,3.1,N,0
14.49722,102.89193,297.05,0.78,0.78,2025-02-25,1940,N,VIIRS,n,2,280.98,3.1,N,0
13.93145,104.09469,339.5,0.52,0.5,2025-02-26,648,N,VIIRS,n,2,294.79,6.72,D,0
13.94164,105.73125,339.56,0.33,0.56,2025-02-26,648,N,VIIRS,n,2,295.34,2.01,D,0
13.94679,105.73056,332.66,0.33,0.56,2025-02-26,648,N,VIIRS,n,2,295.38,2.01,D,0
13.99866,105.81406,338.91,0.34,0.56,2025-02-26,648,N,VIIRS,n,2,296.84,6.44,D,0
14.04093,105.75927,333.37,0.34,0.56,2025-02-26,648,N,VIIRS,n,2,290.22,2.21,D,0
14.05433,103.01235,340.85,0.44,0.46,2025-02-26,648,N,VIIRS,n,2,291.69,3.88,D,0
14.06136,104.73923,337.92,0.57,0.52,2025-02-26,648,N,VIIRS,n,2,293.25,4.46,D,0
14.06688,106.38936,337.8,0.37,0.58,2025-02-26,648,N,VIIRS,n,2,278.77,5.68,D,0
14.07195,101.3343,340.68,0.53,0.42,2025-02-26,648,N,VIIRS,n,2,303.8,7.87,D,0
14.07415,104.52805,342.96,0.56,0.51,2025-02-26,648,N,VIIRS,n,2,295.61,5.88,D,0
14.07891,104.52744,345.02,0.56,0.51,2025-02-26,648,N,VIIRS,n,2,295.14,11.62,D,0
14.07975,104.53001,341.4,0.56,0.51,2025-02-26,648,N,VIIRS,n,2,295.12,5.88,D,0
14.09443,101.22427,341.97,0.52,0.42,2025-02-26,648,N,VIIRS,n,2,304.87,7.85,D,0
14.09636,101.22688,339.14,0.52,0.41,2025-02-26,648,N,VIIRS,n,2,302.58,6.73,D,0
14.13527,106.25085,347.02,0.36,0.58,2025-02-26,648,N,VIIRS,n,2,283.22,6.1,D,0
14.1392,101.23769,335.91,0.52,0.42,2025-02-26,648,N,VIIRS,n,2,301.42,4.31,D,0
14.14752,101.24146,348.97,0.52,0.42,2025-02-26,648,N,VIIRS,n,2,304.06,108.59,D,0
14.15071,101.23606,351.05,0.52,0.42,2025-02-26,648,N,VIIRS,n,2,300.44,5.3,D,0
14.15136,101.24091,331.16,0.52,0.42,2025-02-26,648,N,VIIRS,l,2,302.63,5.3,D,0
14.1552,101.24037,330.04,0.52,0.42,2025-02-26,648,N,VIIRS,l,2,301.7,5.3,D,0
14.17657,104.60861,342.13,0.56,0.52,2025-02-26,648,N,VIIRS,n,2,295.79,6.51,D,0
14.2032,104.62685,341.62,0.57,0.52,2025-02-26,648,N,VIIRS,n,2,293.23,7,D,0
14.20743,104.62873,348.17,0.57,0.52,2025-02-26,648,N,VIIRS,n,2,293.71,7.82,D,0
14.25088,106.10306,349.4,0.36,0.57,2025-02-26,648,N,VIIRS,n,2,289.22,6.4,D,0
14.27266,106.24162,345.31,0.36,0.58,2025-02-26,648,N,VIIRS,n,2,291.91,3.36,D,0
14.28669,106.22254,332.09,0.36,0.58,2025-02-26,648,N,VIIRS,n,2,292.63,3.36,D,0
14.28709,106.22597,353.19,0.36,0.58,2025-02-26,648,N,VIIRS,n,2,293.04,5.72,D,0
14.2875,106.22941,341.08,0.36,0.58,2025-02-26,648,N,VIIRS,n,2,292.08,5.72,D,0
14.29049,106.22795,345.12,0.36,0.58,2025-02-26,648,N,VIIRS,n,2,290.91,11.85,D,0
14.32381,104.94076,334.31,0.6,0.53,2025-02-26,648,N,VIIRS,n,2,294.42,3.76,D,0
14.33659,103.73438,337.18,0.5,0.49,2025-02-26,648,N,VIIRS,n,2,284.62,3.17,D,0
14.43377,105.6342,334.18,0.33,0.55,2025-02-26,648,N,VIIRS,n,2,284.39,2.29,D,0
14.62386,106.57052,344.67,0.39,0.59,2025-02-26,648,N,VIIRS,n,2,294.27,5.21,D,0
14.62424,101.15145,336.67,0.52,0.42,2025-02-26,648,N,VIIRS,n,2,300.99,7.06,D,0
14.62428,106.57418,351.54,0.39,0.59,2025-02-26,648,N,VIIRS,n,2,293.28,5.21,D,0
14.6255,101.14795,334.55,0.52,0.42,2025-02-26,648,N,VIIRS,n,2,298.38,7.04,D,0
14.6541,106.64594,367,0.39,0.59,2025-02-26,648,N,VIIRS,h,2,293.55,6.24,D,0
14.65421,106.69862,330.86,0.39,0.6,2025-02-26,648,N,VIIRS,n,2,293.94,4.47,D,0
14.65451,106.64965,339,0.39,0.59,2025-02-26,648,N,VIIRS,n,2,293.85,7.38,D,0
14.65487,106.64523,356.44,0.39,0.59,2025-02-26,648,N,VIIRS,n,2,292.74,7.01,D,0
14.6553,106.64893,341.2,0.39,0.59,2025-02-26,648,N,VIIRS,n,2,294.4,9.21,D,0
14.65536,106.69781,332.16,0.39,0.6,2025-02-26,648,N,VIIRS,n,2,293.75,3.31,D,0
14.6625,106.75964,354.04,0.4,0.6,2025-02-26,648,N,VIIRS,n,2,292.55,7.26,D,0
14.66649,106.75993,367,0.4,0.6,2025-02-26,648,N,VIIRS,h,2,294.01,19.21,D,0
14.66808,106.75904,367,0.4,0.6,2025-02-26,648,N,VIIRS,h,2,293.36,12.49,D,0
14.71419,106.78259,333.66,0.4,0.6,2025-02-26,648,N,VIIRS,n,2,292.78,2.37,D,0
14.71509,106.79068,367,0.4,0.6,2025-02-26,648,N,VIIRS,h,2,293.39,9.5,D,0
14.71552,106.79457,333.14,0.4,0.6,2025-02-26,648,N,VIIRS,n,2,291.99,7.3,D,0
14.72816,101.29838,330.72,0.53,0.42,2025-02-26,648,N,VIIRS,n,2,299.29,2.09,D,0
14.8477,101.96985,335.35,0.39,0.44,2025-02-26,648,N,VIIRS,n,2,293.6,1.32,D,0
14.85534,101.96512,342.52,0.39,0.44,2025-02-26,648,N,VIIRS,n,2,293.92,5.36,D,0
14.93439,107.13408,367,0.42,0.61,2025-02-26,648,N,VIIRS,h,2,291.93,12.3,D,0
14.9353,107.13285,355.64,0.43,0.62,2025-02-26,648,N,VIIRS,n,2,291.08,11.46,D,0
15.00205,106.0032,341.5,0.36,0.57,2025-02-26,648,N,VIIRS,n,2,285.64,4.17,D,0
15.01017,106.95028,334.24,0.41,0.61,2025-02-26,648,N,VIIRS,n,2,291.29,5.85,D,0
15.02911,105.95577,330.85,0.36,0.57,2025-02-26,648,N,VIIRS,n,2,274.42,2.06,D,0
15.12504,101.40819,338.87,0.55,0.43,2025-02-26,648,N,VIIRS,n,2,299.9,5.37,D,0
15.27365,101.38533,344.35,0.55,0.43,2025-02-26,648,N,VIIRS,n,2,299.48,5.04,D,0
15.39475,101.18794,332.65,0.54,0.42,2025-02-26,648,N,VIIRS,n,2,301.64,2.47,D,0
15.40184,106.2962,339.29,0.38,0.59,2025-02-26,648,N,VIIRS,n,2,291.52,3.48,D,0
15.40242,101.12579,340.81,0.53,0.42,2025-02-26,648,N,VIIRS,n,2,299.82,2.88,D,0
15.42905,106.02994,333.03,0.36,0.58,2025-02-26,648,N,VIIRS,n,2,282.91,3.49,D,0
15.43174,106.02816,331.64,0.36,0.58,2025-02-26,648,N,VIIRS,n,2,283.91,2.74,D,0
15.45612,101.63109,338.58,0.57,0.43,2025-02-26,648,N,VIIRS,n,2,302.72,6.23,D,0
15.49666,106.50347,336.17,0.39,0.6,2025-02-26,648,N,VIIRS,n,2,286.11,4.84,D,0
15.53448,101.51744,336.28,0.56,0.43,2025-02-26,648,N,VIIRS,n,2,297.7,2.6,D,0
15.53686,101.52042,344.78,0.56,0.43,2025-02-26,648,N,VIIRS,n,2,299.92,8.67,D,0
15.57709,101.61232,338.77,0.57,0.43,2025-02-26,648,N,VIIRS,n,2,302.61,5.39,D,0
15.58407,106.58236,334.2,0.4,0.6,2025-02-26,648,N,VIIRS,n,2,292.09,2.72,D,0
15.58964,106.58171,338.6,0.4,0.6,2025-02-26,648,N,VIIRS,n,2,290.96,3.42,D,0
15.63903,106.63161,333.12,0.4,0.6,2025-02-26,648,N,VIIRS,n,2,286.37,3.24,D,0
17.20177,105.02511,336.34,0.33,0.55,2025-02-26,649,N,VIIRS,n,2,281.64,1.86,D,0
17.20213,105.02827,330.21,0.33,0.55,2025-02-26,649,N,VIIRS,n,2,278.77,2.65,D,0
17.23755,105.11079,330.86,0.33,0.56,2025-02-26,649,N,VIIRS,n,2,279.26,1.3,D,0
18.60554,100.12106,333.22,0.51,0.41,2025-02-26,649,N,VIIRS,n,2,297.58,3.33,D,0
19.28046,100.42252,330.1,0.54,0.42,2025-02-26,649,N,VIIRS,n,2,299.99,4.4,D,0
19.6341,100.51492,335.47,0.55,0.43,2025-02-26,650,N,VIIRS,n,2,301.14,50.02,D,0
19.67855,100.61183,340.61,0.56,0.43,2025-02-26,650,N,VIIRS,n,2,302.05,10.1,D,0
19.67867,101.14342,342.98,0.4,0.44,2025-02-26,650,N,VIIRS,n,2,297.91,4.91,D,0
19.68274,101.14258,333,0.4,0.44,2025-02-26,650,N,VIIRS,n,2,300.85,4.91,D,0
19.68318,101.14626,346.63,0.4,0.44,2025-02-26,650,N,VIIRS,n,2,302.41,4.91,D,0
17.15622,105.11089,298.04,0.73,0.76,2025-02-26,1739,N,VIIRS,n,2,286.08,1.24,N,0
17.16002,105.11064,338.43,0.74,0.76,2025-02-26,1739,N,VIIRS,n,2,287,7.25,N,0
17.16335,105.11159,332.45,0.73,0.76,2025-02-26,1739,N,VIIRS,n,2,286.54,6.31,N,0
17.16566,105.04515,325.89,0.74,0.76,2025-02-26,1739,N,VIIRS,n,2,286.22,4.91,N,0
17.1694,105.04617,324.17,0.74,0.76,2025-02-26,1739,N,VIIRS,n,2,286.52,4.09,N,0
17.193,105.06264,306.84,0.74,0.76,2025-02-26,1739,N,VIIRS,n,2,286.46,2.71,N,0
17.22742,105.08076,297.58,0.74,0.76,2025-02-26,1739,N,VIIRS,n,2,286.22,1.3,N,0
17.22986,105.08554,305.79,0.74,0.76,2025-02-26,1739,N,VIIRS,n,2,286.28,1.82,N,0
17.23053,105.20525,297.53,0.73,0.76,2025-02-26,1739,N,VIIRS,n,2,285.63,0.88,N,0
13.91684,106.22189,300.84,0.57,0.69,2025-02-26,1740,N,VIIRS,n,2,283.15,0.97,N,0
13.91747,106.22319,301.06,0.57,0.69,2025-02-26,1740,N,VIIRS,n,2,283.9,0.94,N,0
14.57397,107.08822,299.82,0.51,0.66,2025-02-26,1740,N,VIIRS,n,2,284.27,0.31,N,0
14.64543,107.05588,310.49,0.52,0.66,2025-02-26,1740,N,VIIRS,n,2,284.25,1.26,N,0
14.64598,107.0507,299.07,0.52,0.67,2025-02-26,1740,N,VIIRS,n,2,284.32,1.26,N,0
14.64653,107.05381,322.52,0.52,0.66,2025-02-26,1740,N,VIIRS,n,2,284.34,1.61,N,0
14.81474,107.15562,305.96,0.51,0.66,2025-02-26,1740,N,VIIRS,n,2,285.85,1.95,N,0
16.71584,105.42468,296.28,0.69,0.75,2025-02-26,1740,N,VIIRS,n,2,285.28,1.06,N,0
16.71644,105.41798,297.79,0.7,0.75,2025-02-26,1740,N,VIIRS,n,2,285.7,1.06,N,0
16.71741,105.41805,297.55,0.69,0.75,2025-02-26,1740,N,VIIRS,n,2,285.77,1.03,N,0
16.72122,104.84136,296.08,0.76,0.77,2025-02-26,1740,N,VIIRS,n,2,285.5,0.92,N,0
16.72382,104.84079,301.16,0.76,0.77,2025-02-26,1740,N,VIIRS,n,2,285.85,1.41,N,0
16.82922,104.81896,299.58,0.76,0.77,2025-02-26,1740,N,VIIRS,n,2,285.72,0.85,N,0
16.85102,104.80152,326.86,0.76,0.77,2025-02-26,1740,N,VIIRS,n,2,286.13,4.93,N,0
16.85172,104.79389,304.15,0.76,0.77,2025-02-26,1740,N,VIIRS,n,2,286.14,4.52,N,0
16.85277,104.79885,329.04,0.76,0.77,2025-02-26,1740,N,VIIRS,n,2,286.4,6.07,N,0
19.34839,101.74229,300.43,0.52,0.5,2025-02-26,1919,N,VIIRS,n,2,289.97,0.63,N,0
20.46407,100.16664,321.44,0.4,0.44,2025-02-26,1919,N,VIIRS,n,2,290.47,2,N,0
15.38062,103.8573,296.21,0.43,0.62,2025-02-26,1920,N,VIIRS,n,2,271.17,1.23,N,0
15.40678,104.18829,300.81,0.45,0.63,2025-02-26,1920,N,VIIRS,n,2,279.63,1.48,N,0
15.40743,104.18684,308.25,0.45,0.63,2025-02-26,1920,N,VIIRS,n,2,280.72,1.57,N,0
15.40766,104.18412,303.7,0.45,0.63,2025-02-26,1920,N,VIIRS,n,2,277.83,1.48,N,0
15.41251,104.18957,297.57,0.45,0.63,2025-02-26,1920,N,VIIRS,n,2,275.71,0.98,N,0
15.41317,104.18814,298.13,0.45,0.63,2025-02-26,1920,N,VIIRS,n,2,272.11,1.12,N,0
15.4134,104.1854,310.98,0.45,0.63,2025-02-26,1920,N,VIIRS,n,2,267.5,0.98,N,0
15.43883,103.3011,297.12,0.39,0.59,2025-02-26,1920,N,VIIRS,n,2,283.55,0.46,N,0
15.55743,103.75091,307.47,0.42,0.61,2025-02-26,1920,N,VIIRS,n,2,286.9,0.71,N,0
15.66734,102.10872,318.26,0.32,0.55,2025-02-26,1920,N,VIIRS,n,2,288.77,1.16,N,0
15.66793,102.1057,310.54,0.32,0.55,2025-02-26,1920,N,VIIRS,n,2,288.89,1.16,N,0
15.73059,100.98493,307.64,0.54,0.51,2025-02-26,1920,N,VIIRS,n,2,287.25,1.12,N,0
15.75166,101.10104,303.12,0.55,0.51,2025-02-26,1920,N,VIIRS,n,2,289.27,1.34,N,0
15.81805,103.89224,302.32,0.42,0.61,2025-02-26,1920,N,VIIRS,n,2,287.37,0.46,N,0
15.8198,101.91379,308.04,0.62,0.54,2025-02-26,1920,N,VIIRS,n,2,289.33,2.06,N,0
15.83212,102.21243,300.61,0.33,0.55,2025-02-26,1920,N,VIIRS,n,2,285.34,0.51,N,0
15.8374,100.80499,304.01,0.53,0.5,2025-02-26,1920,N,VIIRS,n,2,289.7,0.63,N,0
15.95597,101.66853,302.16,0.6,0.53,2025-02-26,1920,N,VIIRS,n,2,289.66,1.26,N,0
16.00504,104.39982,299.57,0.45,0.63,2025-02-26,1920,N,VIIRS,n,2,287.04,0.57,N,0
16.00776,101.58382,314.66,0.59,0.53,2025-02-26,1920,N,VIIRS,n,2,284.61,1.91,N,0
16.02036,104.10024,306.49,0.43,0.62,2025-02-26,1920,N,VIIRS,n,2,287.75,1.26,N,0
16.07912,104.13031,299.43,0.43,0.62,2025-02-26,1920,N,VIIRS,n,2,287.6,0.62,N,0
16.14249,101.63068,298.79,0.59,0.53,2025-02-26,1920,N,VIIRS,n,2,284.07,1.12,N,0
16.19325,102.27075,299.49,0.32,0.55,2025-02-26,1920,N,VIIRS,n,2,287.64,1.14,N,0
16.19385,102.26773,326.35,0.32,0.55,2025-02-26,1920,N,VIIRS,n,2,288.19,1.14,N,0
16.19769,104.11797,319.95,0.43,0.62,2025-02-26,1920,N,VIIRS,n,2,288.67,2.58,N,0
16.19853,104.11401,328.18,0.43,0.62,2025-02-26,1920,N,VIIRS,n,2,288.43,2.58,N,0
16.29674,102.29361,304.8,0.32,0.55,2025-02-26,1920,N,VIIRS,n,2,288,0.56,N,0
16.33019,102.53824,314.59,0.34,0.56,2025-02-26,1920,N,VIIRS,n,2,287.76,1.31,N,0
16.45866,103.93581,324.91,0.41,0.61,2025-02-26,1920,N,VIIRS,n,2,287.93,2.64,N,0
16.4642,103.93706,332.09,0.41,0.61,2025-02-26,1920,N,VIIRS,n,2,288.16,2.67,N,0
16.46623,104.57809,300.38,0.45,0.63,2025-02-26,1920,N,VIIRS,n,2,287.34,0.61,N,0
16.47202,104.57927,305.98,0.45,0.63,2025-02-26,1920,N,VIIRS,n,2,287.22,0.92,N,0
16.50865,103.86286,309.19,0.41,0.6,2025-02-26,1920,N,VIIRS,n,2,287.76,0.85,N,0
16.51117,103.79551,301.68,0.4,0.6,2025-02-26,1920,N,VIIRS,n,2,288.18,0.66,N,0
16.51278,104.61421,300.04,0.45,0.63,2025-02-26,1920,N,VIIRS,n,2,286.54,0.55,N,0
16.51348,104.61195,311.7,0.45,0.63,2025-02-26,1920,N,VIIRS,n,2,287.03,0.99,N,0
16.5137,104.60992,296.86,0.45,0.63,2025-02-26,1920,N,VIIRS,n,2,286.44,0.55,N,0
16.51413,103.86427,312.93,0.41,0.6,2025-02-26,1920,N,VIIRS,n,2,287.87,1.04,N,0
16.53503,103.94808,299.69,0.41,0.61,2025-02-26,1920,N,VIIRS,n,2,287.83,0.69,N,0
16.53689,103.94992,304.3,0.41,0.61,2025-02-26,1920,N,VIIRS,n,2,288.2,0.51,N,0
16.56212,104.92712,299.31,0.47,0.64,2025-02-26,1920,N,VIIRS,n,2,287.36,0.67,N,0
16.56511,104.92728,298.54,0.47,0.64,2025-02-26,1920,N,VIIRS,n,2,286.91,0.39,N,0
16.5682,104.96994,308.13,0.48,0.64,2025-02-26,1920,N,VIIRS,n,2,286.76,0.85,N,0
16.66064,103.12586,306.19,0.36,0.57,2025-02-26,1920,N,VIIRS,n,2,288.51,0.91,N,0
16.68456,103.00867,297.18,0.35,0.57,2025-02-26,1920,N,VIIRS,n,2,284.43,0.81,N,0
16.71408,103.09867,303.97,0.36,0.57,2025-02-26,1920,N,VIIRS,n,2,286.61,0.6,N,0
16.71531,103.09919,297.95,0.36,0.57,2025-02-26,1920,N,VIIRS,n,2,286.84,0.45,N,0
16.73001,103.02221,305.77,0.35,0.57,2025-02-26,1920,N,VIIRS,n,2,282.71,0.98,N,0
16.73069,103.02251,305.59,0.35,0.57,2025-02-26,1920,N,VIIRS,n,2,282.14,0.77,N,0
16.75003,103.71641,310.7,0.39,0.6,2025-02-26,1920,N,VIIRS,n,2,288.03,1.61,N,0
16.75191,103.0479,315.37,0.36,0.57,2025-02-26,1920,N,VIIRS,n,2,281.93,1.31,N,0
16.75547,103.71763,301.84,0.39,0.6,2025-02-26,1920,N,VIIRS,n,2,286.12,1.61,N,0
16.81999,105.91419,296.91,0.54,0.68,2025-02-26,1920,N,VIIRS,n,2,283.34,1.27,N,0
16.8518,104.80044,315.08,0.46,0.63,2025-02-26,1920,N,VIIRS,n,2,286.9,1.24,N,0
16.90541,103.19586,308.37,0.36,0.57,2025-02-26,1920,N,VIIRS,n,2,287.91,0.8,N,0
16.90723,103.16104,296.75,0.36,0.57,2025-02-26,1920,N,VIIRS,n,2,282.91,1.23,N,0
16.90864,103.1543,296.49,0.36,0.57,2025-02-26,1920,N,VIIRS,n,2,280.89,1.46,N,0
16.90877,103.16001,301.5,0.36,0.57,2025-02-26,1920,N,VIIRS,n,2,284.49,0.99,N,0
16.91239,103.70025,306.37,0.39,0.59,2025-02-26,1920,N,VIIRS,n,2,288.16,1,N,0
16.91293,103.2651,302.56,0.36,0.58,2025-02-26,1920,N,VIIRS,n,2,288.22,0.81,N,0
16.91361,103.69982,311.57,0.39,0.59,2025-02-26,1920,N,VIIRS,n,2,288.37,1.23,N,0
16.91363,103.2617,314.37,0.36,0.58,2025-02-26,1920,N,VIIRS,n,2,288.24,0.81,N,0
16.93485,103.5465,298.99,0.38,0.59,2025-02-26,1920,N,VIIRS,n,2,288.09,0.53,N,0
16.9356,103.54299,303.73,0.38,0.59,2025-02-26,1920,N,VIIRS,n,2,288.21,0.53,N,0
16.93868,103.54412,303.52,0.38,0.59,2025-02-26,1920,N,VIIRS,n,2,288.08,0.68,N,0
16.94199,103.31113,300.83,0.37,0.58,2025-02-26,1920,N,VIIRS,n,2,287.78,0.84,N,0
16.9765,103.30431,298.17,0.37,0.58,2025-02-26,1920,N,VIIRS,n,2,287.07,0.54,N,0
16.98176,103.30553,305.8,0.37,0.58,2025-02-26,1920,N,VIIRS,n,2,287.73,0.54,N,0
16.98636,103.30284,297.5,0.36,0.58,2025-02-26,1920,N,VIIRS,n,2,286.89,0.38,N,0
16.98773,103.30328,298.77,0.37,0.58,2025-02-26,1920,N,VIIRS,n,2,286.94,0.5,N,0
17.03083,103.3811,310.35,0.37,0.58,2025-02-26,1920,N,VIIRS,n,2,287.87,1.1,N,0
17.03153,103.37769,301.23,0.37,0.58,2025-02-26,1920,N,VIIRS,n,2,288.25,1.25,N,0
17.06541,105.0057,303.2,0.47,0.64,2025-02-26,1920,N,VIIRS,n,2,286.68,0.86,N,0
17.06756,105.00407,299.84,0.47,0.64,2025-02-26,1920,N,VIIRS,n,2,286.74,0.64,N,0
17.15934,105.11171,312.28,0.47,0.64,2025-02-26,1920,N,VIIRS,n,2,286.86,1.56,N,0
17.162,105.11341,319.57,0.47,0.64,2025-02-26,1920,N,VIIRS,n,2,286.97,1.95,N,0
17.16245,103.53681,311.89,0.38,0.58,2025-02-26,1920,N,VIIRS,n,2,287.88,0.82,N,0
17.16297,105.109,301.29,0.47,0.64,2025-02-26,1920,N,VIIRS,n,2,286.92,2.29,N,0
17.16475,105.0574,302.87,0.47,0.64,2025-02-26,1920,N,VIIRS,n,2,286.74,1.03,N,0
17.16521,105.1131,317.03,0.47,0.64,2025-02-26,1920,N,VIIRS,n,2,287.24,1.85,N,0
17.16526,103.5369,309.72,0.38,0.58,2025-02-26,1920,N,VIIRS,n,2,287.29,0.57,N,0
17.16665,105.04848,314.88,0.47,0.64,2025-02-26,1920,N,VIIRS,n,2,286.74,2.33,N,0
17.17067,105.04595,315.99,0.47,0.64,2025-02-26,1920,N,VIIRS,n,2,286.88,2.22,N,0
17.19114,105.06471,301.95,0.47,0.64,2025-02-26,1920,N,VIIRS,n,2,286.8,0.92,N,0
17.23014,105.08328,308.14,0.47,0.64,2025-02-26,1920,N,VIIRS,n,2,287.02,1.51,N,0
17.23153,105.20707,299.79,0.48,0.65,2025-02-26,1920,N,VIIRS,n,2,286.27,0.85,N,0
17.23477,105.20522,308.25,0.48,0.65,2025-02-26,1920,N,VIIRS,n,2,286.85,1.19,N,0
17.37103,101.67652,306.11,0.56,0.52,2025-02-26,1920,N,VIIRS,n,2,288.66,1.97,N,0
17.38095,104.24021,298.06,0.41,0.61,2025-02-26,1920,N,VIIRS,n,2,287.22,0.95,N,0
17.38176,104.2364,310.56,0.41,0.61,2025-02-26,1920,N,VIIRS,n,2,287.14,1.51,N,0
17.38729,104.23771,298.24,0.41,0.61,2025-02-26,1920,N,VIIRS,n,2,287.33,0.54,N,0
17.66163,104.26703,309.8,0.41,0.61,2025-02-26,1920,N,VIIRS,n,2,287.18,0.92,N,0
17.66577,104.2687,322.63,0.41,0.61,2025-02-26,1920,N,VIIRS,n,2,288.13,2.39,N,0
17.66715,104.26831,313.25,0.41,0.61,2025-02-26,1920,N,VIIRS,n,2,288.19,1,N,0
17.67782,104.79272,313.85,0.44,0.62,2025-02-26,1920,N,VIIRS,n,2,288.96,1.54,N,0
17.81293,104.22136,301.65,0.4,0.6,2025-02-26,1920,N,VIIRS,n,2,287.56,0.51,N,0
17.81843,104.2226,303.13,0.4,0.6,2025-02-26,1920,N,VIIRS,n,2,287.96,0.51,N,0
18.30346,103.23202,309.23,0.34,0.56,2025-02-26,1920,N,VIIRS,n,2,289.23,1.06,N,0
18.30492,103.23412,300.37,0.34,0.56,2025-02-26,1920,N,VIIRS,n,2,289.43,1.2,N,0
18.30558,103.23096,333.84,0.34,0.56,2025-02-26,1920,N,VIIRS,n,2,289.72,2.81,N,0
18.30857,103.23324,323.95,0.34,0.56,2025-02-26,1920,N,VIIRS,n,2,289.95,1.06,N,0
18.60788,100.12247,312.92,0.43,0.46,2025-02-26,1920,N,VIIRS,n,2,292.52,1.88,N,0
18.60817,100.12106,313.52,0.43,0.46,2025-02-26,1920,N,VIIRS,n,2,292.35,1.66,N,0
13.9632,101.74714,313.83,0.33,0.55,2025-02-26,1921,N,VIIRS,n,2,288.44,1.06,N,0
14.053,101.34223,313.94,0.62,0.54,2025-02-26,1921,N,VIIRS,n,2,289.3,2.63,N,0
14.07446,102.75112,311.2,0.38,0.59,2025-02-26,1921,N,VIIRS,n,2,287.94,0.87,N,0
14.07612,102.75276,303.13,0.38,0.59,2025-02-26,1921,N,VIIRS,n,2,287.75,0.85,N,0
14.12095,101.22723,303.97,0.6,0.53,2025-02-26,1921,N,VIIRS,n,2,289.4,1.27,N,0
14.27148,103.22238,305.87,0.41,0.6,2025-02-26,1921,N,VIIRS,n,2,280.93,1.42,N,0
14.28905,103.24982,297.59,0.41,0.6,2025-02-26,1921,N,VIIRS,n,2,276.99,2.33,N,0
14.293,103.24935,303.66,0.41,0.6,2025-02-26,1921,N,VIIRS,n,2,283.7,1.1,N,0
14.29458,103.25097,300.46,0.41,0.6,2025-02-26,1921,N,VIIRS,n,2,281.91,1.55,N,0
14.31974,103.99088,311.33,0.46,0.63,2025-02-26,1921,N,VIIRS,n,2,287.45,2.13,N,0
14.32069,103.98626,318.09,0.45,0.63,2025-02-26,1921,N,VIIRS,n,2,287.81,2.13,N,0
14.36517,103.62419,325.47,0.43,0.62,2025-02-26,1921,N,VIIRS,n,2,282.07,2.26,N,0
14.63221,101.07635,314.45,0.58,0.52,2025-02-26,1921,N,VIIRS,n,2,290.85,3.2,N,2
14.63284,101.07533,314.81,0.58,0.52,2025-02-26,1921,N,VIIRS,n,2,290.08,2.7,N,2
14.64879,101.04216,308.85,0.57,0.52,2025-02-26,1921,N,VIIRS,n,2,291.08,3.06,N,2
14.67498,100.85006,309.1,0.56,0.51,2025-02-26,1921,N,VIIRS,n,2,291.49,2.01,N,2
14.676,100.85152,312.11,0.56,0.51,2025-02-26,1921,N,VIIRS,n,2,291.79,2.41,N,2
14.74383,100.6758,304.96,0.54,0.51,2025-02-26,1921,N,VIIRS,n,2,289.99,1.1,N,0
14.74523,102.49767,302.4,0.36,0.57,2025-02-26,1921,N,VIIRS,n,2,287.31,0.3,N,0
14.7624,102.54578,304.63,0.36,0.57,2025-02-26,1921,N,VIIRS,n,2,287.28,0.97,N,0
14.77983,102.02621,305.42,0.33,0.55,2025-02-26,1921,N,VIIRS,n,2,288.08,0.36,N,0
14.79907,102.6906,309.58,0.37,0.58,2025-02-26,1921,N,VIIRS,n,2,286.46,1.08,N,0
14.94436,101.6099,300.53,0.62,0.54,2025-02-26,1921,N,VIIRS,n,2,288.11,0.75,N,0
14.98248,101.0992,309.49,0.57,0.52,2025-02-26,1921,N,VIIRS,n,2,290.2,1.44,N,0
14.99019,101.96317,309.35,0.33,0.55,2025-02-26,1921,N,VIIRS,n,2,288.22,0.72,N,0
14.99325,101.86646,315.33,0.32,0.55,2025-02-26,1921,N,VIIRS,n,2,288.07,1.06,N,0
14.99326,101.96423,306.84,0.33,0.55,2025-02-26,1921,N,VIIRS,n,2,288.43,0.51,N,0
15.0098,100.95786,309.66,0.56,0.51,2025-02-26,1921,N,VIIRS,n,2,289.67,1.47,N,0
15.0145,100.95884,301.87,0.56,0.51,2025-02-26,1921,N,VIIRS,n,2,289.64,0.74,N,0
15.02761,100.96697,313.54,0.56,0.51,2025-02-26,1921,N,VIIRS,n,2,289.83,1.65,N,0
15.02861,100.96178,306.32,0.56,0.51,2025-02-26,1921,N,VIIRS,n,2,289.46,1.65,N,0
15.05948,101.11037,304.56,0.57,0.52,2025-02-26,1921,N,VIIRS,n,2,290.29,1.14,N,0
15.05954,101.10926,307.62,0.57,0.52,2025-02-26,1921,N,VIIRS,n,2,290.25,1.05,N,0
15.07285,103.25438,300.59,0.39,0.6,2025-02-26,1921,N,VIIRS,n,2,283.52,1.32,N,0
15.08898,101.03493,306.32,0.56,0.52,2025-02-26,1921,N,VIIRS,n,2,290.03,1.77,N,0
15.17529,103.14039,330.05,0.39,0.59,2025-02-26,1921,N,VIIRS,n,2,288.23,3.47,N,0
15.17626,103.13934,335.46,0.39,0.59,2025-02-26,1921,N,VIIRS,n,2,288.03,3.15,N,0
15.20041,100.60667,302.7,0.53,0.5,2025-02-26,1921,N,VIIRS,n,2,290.16,0.43,N,0
15.22704,103.13914,302.68,0.38,0.59,2025-02-26,1921,N,VIIRS,n,2,287.36,1.08,N,0
15.22778,103.13555,314.44,0.38,0.59,2025-02-26,1921,N,VIIRS,n,2,287.67,1.76,N,0
15.2513,102.84219,300.19,0.37,0.58,2025-02-26,1921,N,VIIRS,n,2,287.61,0.43,N,0
15.256,101.16376,303.43,0.57,0.52,2025-02-26,1921,N,VIIRS,n,2,289.05,2.16,N,0
15.25694,101.15986,326.82,0.57,0.52,2025-02-26,1921,N,VIIRS,n,2,290.4,4.17,N,0
15.257,101.15843,319.53,0.57,0.52,2025-02-26,1921,N,VIIRS,n,2,289.37,2.93,N,0
15.29702,101.68343,313.74,0.62,0.54,2025-02-26,1921,N,VIIRS,n,2,288.54,2.95,N,0
15.30193,101.68447,318.33,0.62,0.54,2025-02-26,1921,N,VIIRS,n,2,288.94,2.95,N,0
15.30844,101.86111,319.83,0.63,0.54,2025-02-26,1921,N,VIIRS,n,2,289.07,2.92,N,0
15.32029,100.79716,301.41,0.54,0.51,2025-02-26,1921,N,VIIRS,n,2,286.47,1.58,N,0
15.32281,100.7995,305.66,0.54,0.51,2025-02-26,1921,N,VIIRS,n,2,286.9,0.85,N,0
15.44855,101.56923,302.57,0.6,0.53,2025-02-26,1921,N,VIIRS,n,2,288.52,1.01,N,0
15.45061,101.61056,301.37,0.61,0.53,2025-02-26,1921,N,VIIRS,n,2,288.21,0.55,N,0
15.45067,100.65651,300.83,0.52,0.5,2025-02-26,1921,N,VIIRS,n,2,289.88,0.34,N,0
15.46016,100.77341,306.71,0.53,0.5,2025-02-26,1921,N,VIIRS,n,2,290.25,0.56,N,0
15.46269,101.86433,321.1,0.63,0.54,2025-02-26,1921,N,VIIRS,n,2,288.41,2.89,N,0
15.49287,100.87822,320.87,0.54,0.51,2025-02-26,1921,N,VIIRS,n,2,290.75,3.16,N,0
15.51695,101.64257,299.34,0.61,0.53,2025-02-26,1921,N,VIIRS,n,2,287.38,1.02,N,0
15.52237,101.52642,298.1,0.6,0.53,2025-02-26,1921,N,VIIRS,n,2,285.29,0.69,N,0
15.59254,100.90076,310.44,0.54,0.51,2025-02-26,1921,N,VIIRS,n,2,287.16,2.19,N,0
15.59351,100.89571,322.92,0.54,0.51,2025-02-26,1921,N,VIIRS,n,2,289.01,4.19,N,0
15.59428,101.0442,308.54,0.55,0.51,2025-02-26,1921,N,VIIRS,n,2,288.07,0.55,N,0
15.59512,101.04552,315.7,0.55,0.51,2025-02-26,1921,N,VIIRS,n,2,288.92,1.7,N,0
15.60012,101.01343,301.86,0.55,0.51,2025-02-26,1921,N,VIIRS,n,2,286.34,0.83,N,0
15.62252,100.95567,312.36,0.54,0.51,2025-02-26,1921,N,VIIRS,n,2,288.52,2.41,N,0
15.62567,100.9551,321.85,0.54,0.51,2025-02-26,1921,N,VIIRS,n,2,288.75,3.08,N,0
15.62718,100.95662,302.4,0.54,0.51,2025-02-26,1921,N,VIIRS,n,2,286.07,1.4,N,0
15.73318,100.98375,310.84,0.54,0.51,2025-02-26,1921,N,VIIRS,n,2,287.3,1.15,N,0
13.91049,106.00921,348.65,0.52,0.41,2025-02-27,629,N,VIIRS,n,2,302.07,17,D,0
13.91152,107.23122,331.89,0.41,0.45,2025-02-27,629,N,VIIRS,n,2,299.48,1.71,D,0
13.91161,105.67739,335.56,0.5,0.41,2025-02-27,629,N,VIIRS,n,2,300.54,4.01,D,0
13.91225,105.68201,335.81,0.5,0.41,2025-02-27,629,N,VIIRS,n,2,300.64,5.85,D,0
13.9147,104.77132,337.31,0.45,0.39,2025-02-27,629,N,VIIRS,n,2,304.58,5.79,D,0
13.91991,107.1685,333.85,0.4,0.44,2025-02-27,629,N,VIIRS,l,2,304.02,7,D,0
13.92362,102.84411,342.1,0.39,0.36,2025-02-27,629,N,VIIRS,n,2,295.09,5.56,D,0
13.92554,105.7226,330.77,0.5,0.41,2025-02-27,629,N,VIIRS,l,2,303.13,3.24,D,0
13.92786,105.48103,345.59,0.49,0.4,2025-02-27,629,N,VIIRS,n,2,302.11,3.14,D,0
13.93634,106.11419,345.5,0.53,0.42,2025-02-27,629,N,VIIRS,n,2,304.18,10.42,D,0
13.93717,105.80661,334.77,0.51,0.41,2025-02-27,629,N,VIIRS,n,2,300.87,3.72,D,0
13.93734,106.71195,343.6,0.57,0.43,2025-02-27,629,N,VIIRS,n,2,300.2,6.09,D,0
13.93998,104.08768,339.94,0.42,0.38,2025-02-27,629,N,VIIRS,n,2,300.7,5.58,D,0
13.94229,102.69332,354.65,0.39,0.36,2025-02-27,629,N,VIIRS,n,2,302.44,9.2,D,0
13.94461,105.77692,334.98,0.5,0.41,2025-02-27,629,N,VIIRS,n,2,303.01,2.61,D,0
13.94686,106.90632,343.75,0.39,0.44,2025-02-27,629,N,VIIRS,n,2,303.95,4.79,D,0
13.949,102.99274,332.47,0.39,0.37,2025-02-27,629,N,VIIRS,n,2,285.38,1.49,D,0
13.94957,106.21265,332.56,0.53,0.42,2025-02-27,629,N,VIIRS,n,2,301.16,2.08,D,0
13.94996,101.4477,342.72,0.38,0.36,2025-02-27,629,N,VIIRS,n,2,296.59,5.72,D,0
13.95325,104.93365,332.93,0.46,0.39,2025-02-27,629,N,VIIRS,n,2,296.19,3.72,D,0
13.9566,104.20581,337.56,0.43,0.38,2025-02-27,629,N,VIIRS,n,2,301.36,4.03,D,0
13.95927,106.784,338.17,0.38,0.43,2025-02-27,629,N,VIIRS,n,2,304.22,3.36,D,0
13.96058,105.75247,334.15,0.5,0.41,2025-02-27,629,N,VIIRS,n,2,300.72,8.99,D,0
13.96125,106.76833,339.13,0.57,0.43,2025-02-27,629,N,VIIRS,n,2,306.37,44.61,D,0
13.96345,106.14029,336.81,0.53,0.42,2025-02-27,629,N,VIIRS,n,2,304.26,3.75,D,0
13.96414,106.29175,335.1,0.54,0.42,2025-02-27,629,N,VIIRS,n,2,300.96,6.84,D,0
13.96617,105.34752,337.54,0.48,0.4,2025-02-27,629,N,VIIRS,n,2,302.46,2.33,D,0
13.97533,104.18686,334.22,0.43,0.38,2025-02-27,629,N,VIIRS,n,2,302.68,2,D,0
13.97727,106.79606,343.4,0.38,0.43,2025-02-27,629,N,VIIRS,n,2,302.62,4.16,D,0
13.97757,105.7644,332.62,0.5,0.41,2025-02-27,629,N,VIIRS,n,2,302.37,1.72,D,0
13.97818,106.67139,339.61,0.57,0.43,2025-02-27,629,N,VIIRS,n,2,298.92,5.99,D,0
13.98065,105.6456,342.89,0.5,0.41,2025-02-27,629,N,VIIRS,n,2,302.34,7.41,D,0
13.98616,106.83131,343.76,0.39,0.44,2025-02-27,629,N,VIIRS,n,2,303.05,8.38,D,0
13.98652,106.83038,349.11,0.39,0.44,2025-02-27,629,N,VIIRS,n,2,302.09,6.11,D,0
13.9889,105.7628,334.13,0.5,0.41,2025-02-27,629,N,VIIRS,n,2,301.2,2.17,D,0
13.98901,106.7862,336.21,0.38,0.43,2025-02-27,629,N,VIIRS,n,2,300.79,1.11,D,0
13.99211,104.20465,337.65,0.43,0.38,2025-02-27,629,N,VIIRS,n,2,303.67,4.5,D,0
13.99288,106.21162,339.84,0.53,0.42,2025-02-27,629,N,VIIRS,n,2,302.39,9.27,D,0
13.99356,106.21657,339.76,0.53,0.42,2025-02-27,629,N,VIIRS,n,2,302.65,5.2,D,0
13.99358,106.9778,356.11,0.39,0.44,2025-02-27,629,N,VIIRS,n,2,299.72,6.27,D,0
13.9985,101.67633,330.32,0.38,0.36,2025-02-27,629,N,VIIRS,n,2,287,2.09,D,0
13.99851,105.12859,333.6,0.47,0.4,2025-02-27,629,N,VIIRS,n,2,302.31,2.39,D,0
13.99861,106.19572,338.36,0.53,0.42,2025-02-27,629,N,VIIRS,n,2,301.64,6.6,D,0
13.99977,106.37905,346.18,0.55,0.42,2025-02-27,629,N,VIIRS,n,2,301.86,15.64,D,0
14.0011,106.87976,336.25,0.39,0.44,2025-02-27,629,N,VIIRS,n,2,303.03,3.39,D,0
14.00158,105.49345,346.77,0.49,0.4,2025-02-27,629,N,VIIRS,n,2,301.47,5.56,D,0
14.00216,105.12804,330.71,0.47,0.4,2025-02-27,629,N,VIIRS,n,2,298.85,2.39,D,0
14.00319,105.1899,347.26,0.47,0.4,2025-02-27,629,N,VIIRS,n,2,295.02,5.98,D,0
14.00523,105.74142,337.74,0.5,0.41,2025-02-27,629,N,VIIRS,n,2,301.88,5.24,D,0
14.00685,105.18938,331.88,0.47,0.4,2025-02-27,629,N,VIIRS,n,2,294.65,3.81,D,0
14.00703,106.19956,332.47,0.53,0.42,2025-02-27,629,N,VIIRS,n,2,302.23,3.11,D,0
14.00709,106.19173,331.82,0.53,0.42,2025-02-27,629,N,VIIRS,l,2,302.76,1.54,D,0
14.00872,106.87504,335.22,0.39,0.44,2025-02-27,629,N,VIIRS,n,2,303.05,2.7,D,0
14.01091,106.19902,333.22,0.53,0.42,2025-02-27,629,N,VIIRS,n,2,302.08,3.11,D,0
14.01338,106.36176,346.56,0.54,0.42,2025-02-27,629,N,VIIRS,n,2,302.68,8.48,D,0
14.01359,105.18409,336.88,0.47,0.4,2025-02-27,629,N,VIIRS,n,2,293.6,3.88,D,0
14.01603,103.26054,348.13,0.4,0.37,2025-02-27,629,N,VIIRS,n,2,297.15,3.91,D,0
14.01679,106.20545,340.15,0.53,0.42,2025-02-27,629,N,VIIRS,n,2,306.62,64.85,D,0
14.01683,106.21329,336.84,0.53,0.42,2025-02-27,629,N,VIIRS,n,2,300.78,15.42,D,0
14.01744,106.21041,345.55,0.53,0.42,2025-02-27,629,N,VIIRS,n,2,305.85,64.85,D,0
14.02002,106.2078,348.02,0.53,0.42,2025-02-27,629,N,VIIRS,n,2,301.45,112.35,D,0
14.02049,100.16984,330.16,0.4,0.37,2025-02-27,629,N,VIIRS,l,2,301.12,3.42,D,0
14.02132,106.20985,338.34,0.53,0.42,2025-02-27,629,N,VIIRS,n,2,303.58,5.31,D,0
14.02236,106.42772,334.78,0.55,0.43,2025-02-27,629,N,VIIRS,n,2,299.4,3.05,D,0
14.02262,101.39177,337.91,0.39,0.36,2025-02-27,629,N,VIIRS,n,2,297.16,3.15,D,0
14.02286,106.98441,367,0.39,0.44,2025-02-27,629,N,VIIRS,h,2,301.05,8.26,D,0
14.02353,106.49545,338.84,0.55,0.43,2025-02-27,629,N,VIIRS,n,2,300.8,13.41,D,0
14.02455,106.20435,336.59,0.53,0.42,2025-02-27,629,N,VIIRS,n,2,300.09,5.31,D,0
14.02656,103.61884,336.95,0.41,0.37,2025-02-27,629,N,VIIRS,n,2,303.39,3.23,D,0
14.02694,106.98389,353.35,0.39,0.44,2025-02-27,629,N,VIIRS,n,2,302.19,8.26,D,0
14.02747,106.49491,348.82,0.55,0.43,2025-02-27,629,N,VIIRS,n,2,302.19,13.41,D,0
14.03319,105.11031,336.82,0.47,0.4,2025-02-27,629,N,VIIRS,n,2,300.97,3.54,D,0
14.0348,106.16267,340.44,0.53,0.42,2025-02-27,629,N,VIIRS,n,2,304.16,6.07,D,0
14.03737,105.19409,340.62,0.47,0.4,2025-02-27,629,N,VIIRS,n,2,298.51,3.38,D,0
14.03753,106.59916,335.27,0.56,0.43,2025-02-27,629,N,VIIRS,n,2,299.06,5.26,D,0
14.04515,100.66354,330.42,0.39,0.36,2025-02-27,629,N,VIIRS,l,2,302.65,2.99,D,0
14.04568,106.39346,337.29,0.55,0.42,2025-02-27,629,N,VIIRS,n,2,302.63,1.91,D,0
14.04596,106.42452,339.53,0.55,0.43,2025-02-27,629,N,VIIRS,n,2,300.38,5.86,D,0
14.04764,106.79622,341.43,0.38,0.44,2025-02-27,629,N,VIIRS,n,2,299.04,5.14,D,0
14.04772,106.17089,343.93,0.53,0.42,2025-02-27,629,N,VIIRS,n,2,302.99,6.75,D,0
14.04885,106.12058,336.93,0.53,0.42,2025-02-27,629,N,VIIRS,n,2,303.98,8.96,D,0
14.04902,106.3903,337.18,0.55,0.42,2025-02-27,629,N,VIIRS,n,2,303.94,4.88,D,0
14.04951,106.12547,347.38,0.53,0.42,2025-02-27,629,N,VIIRS,n,2,306.66,8.96,D,0
14.04977,106.42654,339.03,0.55,0.43,2025-02-27,629,N,VIIRS,n,2,303.67,8.93,D,0
14.04989,106.42399,336.74,0.55,0.43,2025-02-27,629,N,VIIRS,n,2,302.76,5.86,D,0
14.05283,102.73107,353.83,0.39,0.36,2025-02-27,629,N,VIIRS,n,2,306.06,20.3,D,0
14.05463,107.23157,345.82,0.41,0.45,2025-02-27,629,N,VIIRS,n,2,297.37,18.79,D,0
14.05521,106.49903,339.76,0.56,0.43,2025-02-27,629,N,VIIRS,n,2,303.09,8.12,D,0
14.05567,105.085,332.6,0.47,0.39,2025-02-27,629,N,VIIRS,n,2,300.52,2.12,D,0
14.05688,103.70747,342.24,0.41,0.37,2025-02-27,629,N,VIIRS,n,2,306.05,6.7,D,0
14.05764,106.4803,333.34,0.55,0.43,2025-02-27,629,N,VIIRS,n,2,299.92,2.05,D,0
14.05781,105.95605,341.72,0.52,0.41,2025-02-27,629,N,VIIRS,n,2,304.18,11.35,D,0
14.05877,107.231,347.45,0.41,0.45,2025-02-27,629,N,VIIRS,n,2,297.57,18.79,D,0
14.05931,105.08447,345.1,0.47,0.39,2025-02-27,629,N,VIIRS,n,2,302.33,12.49,D,0
14.06552,106.64082,334.82,0.57,0.43,2025-02-27,629,N,VIIRS,n,2,300.58,5.19,D,0
14.0662,106.64609,336.37,0.57,0.43,2025-02-27,629,N,VIIRS,n,2,299.9,7.96,D,0
14.06752,106.4397,339.87,0.55,0.43,2025-02-27,629,N,VIIRS,n,2,303.73,10.19,D,0
14.0678,106.64299,345.52,0.57,0.43,2025-02-27,629,N,VIIRS,n,2,300.48,9.02,D,0
14.06824,107.2065,332.22,0.41,0.45,2025-02-27,629,N,VIIRS,n,2,301.21,2.04,D,0
14.07066,106.40284,355.84,0.55,0.43,2025-02-27,629,N,VIIRS,n,2,306.26,26.65,D,0
14.07134,106.40794,341.61,0.55,0.43,2025-02-27,629,N,VIIRS,n,2,300.09,26.65,D,0
14.07238,107.20596,337.61,0.41,0.45,2025-02-27,629,N,VIIRS,n,2,300.88,2.04,D,0
14.07681,107.24017,339.53,0.41,0.45,2025-02-27,629,N,VIIRS,n,2,299.48,4.56,D,0
14.07901,100.69108,336.85,0.39,0.36,2025-02-27,629,N,VIIRS,n,2,302.11,2.34,D,0
14.07958,100.6947,330.62,0.39,0.36,2025-02-27,629,N,VIIRS,l,2,302.41,2.01,D,0
14.08095,107.23961,344.31,0.41,0.45,2025-02-27,629,N,VIIRS,n,2,297.18,4.14,D,0
14.08144,107.24344,336.5,0.41,0.45,2025-02-27,629,N,VIIRS,n,2,297.23,3.5,D,0
14.08186,104.20418,336.37,0.43,0.38,2025-02-27,629,N,VIIRS,n,2,301.1,2.48,D,0
14.08236,100.69053,337.63,0.39,0.36,2025-02-27,629,N,VIIRS,n,2,303.45,2.31,D,0
14.08242,104.20815,336.64,0.43,0.38,2025-02-27,629,N,VIIRS,n,2,300.78,4.11,D,0
14.08293,100.69416,335.45,0.39,0.36,2025-02-27,629,N,VIIRS,n,2,302.87,1.62,D,0
14.08387,105.25915,334.61,0.48,0.4,2025-02-27,629,N,VIIRS,n,2,302.66,3.95,D,0
14.08469,105.39986,342.79,0.48,0.4,2025-02-27,629,N,VIIRS,n,2,304.49,7.17,D,0
14.08693,105.25421,346.29,0.48,0.4,2025-02-27,629,N,VIIRS,n,2,304.38,3.95,D,0
14.08725,106.08509,350.12,0.53,0.42,2025-02-27,629,N,VIIRS,n,2,303.28,12.3,D,0
14.08755,105.25862,343.26,0.48,0.4,2025-02-27,629,N,VIIRS,n,2,304.38,3.95,D,0
14.08764,105.31283,336.04,0.48,0.4,2025-02-27,629,N,VIIRS,n,2,298.6,4.38,D,0
14.08839,105.39933,340,0.48,0.4,2025-02-27,629,N,VIIRS,n,2,299.64,4.45,D,0
14.09061,105.25368,340.14,0.48,0.4,2025-02-27,629,N,VIIRS,n,2,302.28,5.28,D,0
14.09123,105.2581,349.59,0.48,0.4,2025-02-27,629,N,VIIRS,n,2,304.35,5.28,D,0
14.09195,105.31676,331.61,0.48,0.4,2025-02-27,629,N,VIIRS,n,2,298.72,3.32,D,0
14.09248,101.53711,332.2,0.38,0.36,2025-02-27,629,N,VIIRS,n,2,296.1,1.42,D,0
14.09364,105.25452,335.77,0.48,0.4,2025-02-27,629,N,VIIRS,n,2,300.98,3.46,D,0
14.09404,106.48837,341.09,0.55,0.43,2025-02-27,629,N,VIIRS,n,2,299.2,4.53,D,0
14.09423,105.25894,341.02,0.48,0.4,2025-02-27,629,N,VIIRS,n,2,302.86,3.46,D,0
14.09491,105.25759,341.61,0.48,0.4,2025-02-27,629,N,VIIRS,n,2,302.27,5.28,D,0
14.09547,101.31791,330.68,0.39,0.36,2025-02-27,629,N,VIIRS,n,2,293.68,3.26,D,0
14.10005,106.50333,346.02,0.56,0.43,2025-02-27,629,N,VIIRS,n,2,301.88,7.58,D,0
14.10028,106.02534,340.5,0.52,0.42,2025-02-27,629,N,VIIRS,n,2,302.1,3.67,D,0
14.10056,106.47694,339.15,0.55,0.43,2025-02-27,629,N,VIIRS,n,2,302.22,6.85,D,0
14.10217,107.24062,332.6,0.41,0.45,2025-02-27,629,N,VIIRS,n,2,300.73,3.43,D,0
14.10226,106.02346,346.09,0.52,0.42,2025-02-27,629,N,VIIRS,n,2,302.12,6.14,D,0
14.10411,106.02476,345.87,0.52,0.42,2025-02-27,629,N,VIIRS,n,2,302.2,7.05,D,0
14.10531,107.23243,350.65,0.41,0.45,2025-02-27,629,N,VIIRS,n,2,298.51,8.49,D,0
14.10579,105.28891,337.97,0.48,0.4,2025-02-27,629,N,VIIRS,n,2,302.59,7.5,D,0
14.10664,105.28751,341.89,0.48,0.4,2025-02-27,629,N,VIIRS,n,2,303.21,7.68,D,0
14.10945,107.23188,337.94,0.41,0.45,2025-02-27,629,N,VIIRS,n,2,298.67,8.49,D,0
14.11098,103.82076,341.97,0.42,0.37,2025-02-27,629,N,VIIRS,n,2,301.07,5.44,D,0
14.11197,103.82059,335.62,0.42,0.37,2025-02-27,629,N,VIIRS,n,2,300.93,5.77,D,0
14.11505,107.60477,337.67,0.43,0.46,2025-02-27,629,N,VIIRS,n,2,299.4,4.51,D,0
14.11891,106.46394,340.9,0.55,0.43,2025-02-27,629,N,VIIRS,n,2,304.41,7.81,D,0
14.12086,103.71729,342.88,0.41,0.37,2025-02-27,629,N,VIIRS,n,2,306.05,8.6,D,0
14.12307,106.49484,340.73,0.56,0.43,2025-02-27,629,N,VIIRS,n,2,303.46,9.9,D,0
14.12329,106.52644,340.73,0.56,0.43,2025-02-27,629,N,VIIRS,n,2,300.1,10.82,D,0
14.12459,103.66988,350.73,0.41,0.37,2025-02-27,629,N,VIIRS,n,2,305.88,10.6,D,0
14.12943,105.89366,343.49,0.51,0.41,2025-02-27,629,N,VIIRS,n,2,302.43,3.02,D,0
14.13213,105.31686,343.13,0.48,0.4,2025-02-27,629,N,VIIRS,n,2,302.03,28.4,D,0
14.1325,103.94804,341.57,0.42,0.38,2025-02-27,629,N,VIIRS,n,2,306.38,7.88,D,0
14.1326,105.88834,337.65,0.51,0.41,2025-02-27,629,N,VIIRS,n,2,303.5,4.71,D,0
14.1328,105.97625,339.52,0.52,0.41,2025-02-27,629,N,VIIRS,n,2,301.97,4.42,D,0
14.13325,105.89314,344.3,0.51,0.41,2025-02-27,629,N,VIIRS,n,2,303.62,10.73,D,0
14.13503,103.91592,343.37,0.42,0.38,2025-02-27,629,N,VIIRS,n,2,305.47,5.56,D,0
14.15128,106.38331,346.86,0.55,0.43,2025-02-27,629,N,VIIRS,n,2,305.79,13.69,D,0
14.15175,106.38121,349.65,0.55,0.42,2025-02-27,629,N,VIIRS,n,2,305.71,15.16,D,0
14.15858,103.49444,336.03,0.41,0.37,2025-02-27,629,N,VIIRS,n,2,300.46,3.41,D,0
14.16289,105.2671,338.65,0.48,0.4,2025-02-27,629,N,VIIRS,n,2,301.95,4.89,D,0
14.17114,106.44312,331.64,0.55,0.43,2025-02-27,629,N,VIIRS,n,2,299.05,3.78,D,0
14.17776,105.56873,335.15,0.49,0.41,2025-02-27,629,N,VIIRS,n,2,298.09,4.97,D,0
14.18886,104.29874,337.68,0.43,0.38,2025-02-27,629,N,VIIRS,n,2,302.88,4.29,D,0
14.2055,105.38395,332.82,0.48,0.4,2025-02-27,629,N,VIIRS,n,2,288.4,2.74,D,0
14.2077,105.2759,330.78,0.48,0.4,2025-02-27,629,N,VIIRS,n,2,295.34,2.26,D,0
14.20894,105.27404,339.5,0.48,0.4,2025-02-27,629,N,VIIRS,n,2,295.53,5.85,D,0
14.21523,106.14917,339.31,0.53,0.42,2025-02-27,629,N,VIIRS,n,2,302.36,5,D,0
14.21664,106.15131,333.53,0.53,0.42,2025-02-27,629,N,VIIRS,n,2,303.17,3.85,D,0
14.23866,103.54369,342.94,0.41,0.37,2025-02-27,629,N,VIIRS,n,2,303.37,2.74,D,0
14.24108,106.09759,339.78,0.53,0.42,2025-02-27,629,N,VIIRS,n,2,302.11,11.06,D,0
14.24208,103.54317,340.94,0.41,0.37,2025-02-27,629,N,VIIRS,n,2,302.71,3.63,D,0
14.24771,105.74362,334.47,0.51,0.41,2025-02-27,629,N,VIIRS,n,2,299.6,4.95,D,0
14.24912,106.2179,338.13,0.54,0.42,2025-02-27,629,N,VIIRS,n,2,299,14.08,D,0
14.24942,104.68259,339.55,0.45,0.39,2025-02-27,629,N,VIIRS,n,2,300.8,2.74,D,0
14.25103,106.20235,338.24,0.54,0.42,2025-02-27,629,N,VIIRS,n,2,301.31,3.75,D,0
14.25832,106.25747,332.81,0.54,0.42,2025-02-27,629,N,VIIRS,n,2,300.71,2.2,D,0
14.26669,106.23074,333.4,0.54,0.42,2025-02-27,629,N,VIIRS,n,2,299.49,2.2,D,0
14.26833,106.33339,337.15,0.55,0.42,2025-02-27,629,N,VIIRS,n,2,302.45,7.34,D,0
14.27225,106.33285,349.3,0.55,0.42,2025-02-27,629,N,VIIRS,n,2,301.25,7.34,D,0
14.28393,105.81797,339.12,0.51,0.41,2025-02-27,629,N,VIIRS,n,2,301.95,5.86,D,0
14.28469,106.1875,331.64,0.54,0.42,2025-02-27,629,N,VIIRS,n,2,299.67,2.78,D,0
14.28511,106.27947,341.86,0.54,0.42,2025-02-27,629,N,VIIRS,n,2,303.41,4.21,D,0
14.28539,105.82031,338.57,0.51,0.41,2025-02-27,629,N,VIIRS,n,2,304,6.65,D,0
14.28901,106.27893,335.06,0.54,0.42,2025-02-27,629,N,VIIRS,n,2,301.75,4.21,D,0
14.30618,103.38306,339.51,0.4,0.37,2025-02-27,629,N,VIIRS,n,2,298.02,4.15,D,0
14.32399,106.24325,339.28,0.54,0.42,2025-02-27,629,N,VIIRS,n,2,302.08,3.08,D,0
14.34256,103.75813,349.38,0.42,0.37,2025-02-27,629,N,VIIRS,n,2,303.3,9.62,D,0
14.34311,103.76199,340.48,0.42,0.37,2025-02-27,629,N,VIIRS,n,2,305.02,19.67,D,0
14.346,103.75761,340.94,0.42,0.37,2025-02-27,629,N,VIIRS,n,2,304.2,8.42,D,0
14.34655,103.76147,353.22,0.42,0.37,2025-02-27,629,N,VIIRS,n,2,307.97,15.31,D,0
14.3471,103.76532,338.55,0.42,0.37,2025-02-27,629,N,VIIRS,n,2,303.67,15.31,D,0
14.34945,103.75708,367,0.42,0.37,2025-02-27,629,N,VIIRS,h,2,304.94,8.42,D,0
14.35,103.76094,342.19,0.42,0.37,2025-02-27,629,N,VIIRS,n,2,305.65,15.31,D,0
14.35055,103.76479,343.63,0.42,0.37,2025-02-27,629,N,VIIRS,n,2,306.26,15.31,D,0
14.35158,105.97474,338.66,0.52,0.42,2025-02-27,629,N,VIIRS,n,2,293.39,6.86,D,0
14.35541,105.97417,336.9,0.52,0.42,2025-02-27,629,N,VIIRS,n,2,295.76,6.86,D,0
14.3599,105.97843,334.71,0.52,0.42,2025-02-27,629,N,VIIRS,n,2,295.71,49.83,D,0
14.39808,102.53535,335.08,0.39,0.36,2025-02-27,629,N,VIIRS,n,2,301.29,3.3,D,0
14.39868,104.93219,337.49,0.46,0.39,2025-02-27,629,N,VIIRS,n,2,298.84,6.11,D,0
14.42532,103.70638,342.53,0.41,0.37,2025-02-27,629,N,VIIRS,n,2,302.9,9.82,D,0
14.43046,104.78915,341.85,0.46,0.39,2025-02-27,629,N,VIIRS,n,2,304.13,5.09,D,0
14.44673,106.32721,336.47,0.55,0.43,2025-02-27,629,N,VIIRS,n,2,301.52,5.22,D,0
14.46981,106.4156,337.98,0.56,0.43,2025-02-27,629,N,VIIRS,n,2,303.57,9.77,D,0
14.47044,106.41289,341.38,0.55,0.43,2025-02-27,629,N,VIIRS,n,2,304.48,10.73,D,0
14.48032,106.40359,336.37,0.55,0.43,2025-02-27,629,N,VIIRS,n,2,301.07,7.95,D,0
14.48531,106.31917,336.71,0.55,0.43,2025-02-27,629,N,VIIRS,n,2,300.83,13.18,D,0
14.48598,106.32426,341.94,0.55,0.43,2025-02-27,629,N,VIIRS,n,2,298.6,11.45,D,0
14.48924,106.31863,331.95,0.55,0.43,2025-02-27,629,N,VIIRS,n,2,298.96,6.58,D,0
14.48991,106.32372,331.94,0.55,0.43,2025-02-27,629,N,VIIRS,n,2,297.04,6.2,D,0
14.53059,106.32849,330.75,0.55,0.43,2025-02-27,629,N,VIIRS,n,2,297.55,3.89,D,0
14.54717,107.56541,341.49,0.44,0.46,2025-02-27,629,N,VIIRS,n,2,294.92,3.03,D,0
14.5591,106.45082,335.02,0.56,0.43,2025-02-27,629,N,VIIRS,n,2,302.11,7.75,D,0
14.57613,107.08305,335.67,0.41,0.45,2025-02-27,629,N,VIIRS,n,2,297.7,11.6,D,0
14.57663,107.08699,345.23,0.41,0.45,2025-02-27,629,N,VIIRS,n,2,300.87,19.39,D,0
14.58361,106.66411,343.63,0.38,0.43,2025-02-27,629,N,VIIRS,n,2,299.82,144.16,D,0
14.58766,106.6638,367,0.38,0.43,2025-02-27,629,N,VIIRS,l,2,328.38,144.16,D,0
14.60258,106.56254,335.13,0.57,0.43,2025-02-27,629,N,VIIRS,n,2,300.88,6.13,D,0
14.60363,106.55954,333.01,0.57,0.43,2025-02-27,629,N,VIIRS,n,2,299.98,2.55,D,0
14.61837,106.57912,345.24,0.57,0.43,2025-02-27,629,N,VIIRS,n,2,299.99,9.48,D,0
14.62237,106.57858,344.11,0.57,0.43,2025-02-27,629,N,VIIRS,n,2,299.9,8.51,D,0
14.63368,106.57162,335.34,0.57,0.43,2025-02-27,629,N,VIIRS,n,2,298.28,3.75,D,0
14.64257,106.60839,340.15,0.57,0.43,2025-02-27,629,N,VIIRS,n,2,302.25,10.22,D,0
14.64342,107.0519,340.04,0.41,0.45,2025-02-27,629,N,VIIRS,n,2,297.46,14.47,D,0
14.64372,106.80743,347.81,0.39,0.44,2025-02-27,629,N,VIIRS,n,2,297.66,6.9,D,0
14.64393,107.0557,332.84,0.41,0.45,2025-02-27,629,N,VIIRS,n,2,293.76,14.47,D,0
14.64637,106.57523,337.31,0.57,0.43,2025-02-27,629,N,VIIRS,n,2,299.48,5.91,D,0
14.6476,107.05177,333.13,0.41,0.45,2025-02-27,629,N,VIIRS,n,2,300.45,14.47,D,0
14.64811,107.05556,340.14,0.41,0.45,2025-02-27,629,N,VIIRS,n,2,296.75,14.47,D,0
14.64895,106.68864,345.97,0.39,0.44,2025-02-27,629,N,VIIRS,n,2,301.61,4.77,D,0
14.66635,106.75906,332.98,0.39,0.44,2025-02-27,629,N,VIIRS,l,2,306.51,6.07,D,0
14.69833,106.75158,334.96,0.39,0.44,2025-02-27,629,N,VIIRS,n,2,298.88,6.56,D,0
14.71536,106.78658,342.68,0.39,0.44,2025-02-27,629,N,VIIRS,n,2,302,3.99,D,0
14.7261,100.93063,335.95,0.39,0.36,2025-02-27,629,N,VIIRS,n,2,302.51,2.18,D,0
14.74646,100.67181,351.53,0.39,0.36,2025-02-27,629,N,VIIRS,n,2,303.29,6.59,D,0
14.75233,106.97035,352.2,0.4,0.44,2025-02-27,629,N,VIIRS,n,2,304.62,9.38,D,0
14.7588,107.17843,335.24,0.41,0.45,2025-02-27,629,N,VIIRS,n,2,301.09,5.55,D,0
14.76246,107.17407,344.89,0.41,0.45,2025-02-27,629,N,VIIRS,n,2,305.21,5.55,D,0
14.76663,107.17353,356.21,0.41,0.45,2025-02-27,629,N,VIIRS,n,2,305.57,46.94,D,0
14.77943,106.89784,340.17,0.4,0.44,2025-02-27,629,N,VIIRS,n,2,305.93,4.51,D,0
14.7837,107.06214,346.36,0.41,0.45,2025-02-27,629,N,VIIRS,n,2,305.74,10.5,D,0
14.78783,107.50054,342.43,0.43,0.46,2025-02-27,629,N,VIIRS,n,2,297.94,7,D,0
14.79209,107.49999,335.71,0.43,0.46,2025-02-27,629,N,VIIRS,n,2,297.56,4.66,D,0
14.79699,100.17569,330.44,0.4,0.37,2025-02-27,629,N,VIIRS,l,2,302.73,1.98,D,0
14.79971,107.18855,345.51,0.42,0.45,2025-02-27,629,N,VIIRS,n,2,303.49,6.71,D,0
14.80163,106.94052,335.47,0.4,0.44,2025-02-27,629,N,VIIRS,n,2,301.31,1.6,D,0
14.80803,107.18723,340.04,0.42,0.45,2025-02-27,629,N,VIIRS,n,2,300.01,5.59,D,0
14.81483,107.0425,367,0.41,0.45,2025-02-27,629,N,VIIRS,h,2,302.15,12.33,D,0
14.81566,107.14739,345.45,0.41,0.45,2025-02-27,629,N,VIIRS,n,2,306.64,8.35,D,0
14.81906,107.10797,337.92,0.41,0.45,2025-02-27,629,N,VIIRS,n,2,305.02,8.1,D,0
14.81982,107.14686,335.74,0.41,0.45,2025-02-27,629,N,VIIRS,l,2,305.93,6.52,D,0
14.82822,107.04845,350.26,0.41,0.45,2025-02-27,629,N,VIIRS,n,2,300.53,6.58,D,0
14.8384,107.25871,355.04,0.42,0.45,2025-02-27,629,N,VIIRS,n,2,299.95,22.01,D,0
14.84258,107.25806,332.29,0.42,0.45,2025-02-27,629,N,VIIRS,n,2,295.78,3.02,D,0
14.84507,107.61999,333.12,0.44,0.46,2025-02-27,629,N,VIIRS,n,2,298.55,4.97,D,0
14.84674,107.61922,331.23,0.44,0.46,2025-02-27,629,N,VIIRS,n,2,299.68,3.67,D,0
14.8575,107.2087,334.6,0.42,0.45,2025-02-27,629,N,VIIRS,n,2,297.95,5.02,D,0
14.89939,107.03143,337.41,0.41,0.45,2025-02-27,629,N,VIIRS,n,2,302.74,4.52,D,0
14.98059,105.65256,343.61,0.51,0.41,2025-02-27,629,N,VIIRS,n,2,305.66,10.56,D,0
14.98141,106.39496,342.09,0.56,0.43,2025-02-27,629,N,VIIRS,n,2,281.63,12.03,D,0
14.99321,101.76788,345.71,0.38,0.36,2025-02-27,629,N,VIIRS,n,2,304.48,2.7,D,0
14.99973,105.67916,340,0.51,0.41,2025-02-27,629,N,VIIRS,n,2,304.05,5.29,D,0
15.0064,102.3786,343.52,0.39,0.36,2025-02-27,629,N,VIIRS,n,2,306.22,5.92,D,0
15.01923,100.31962,333.82,0.39,0.37,2025-02-27,629,N,VIIRS,n,2,300.41,2.06,D,0
15.02579,100.98705,330.45,0.39,0.36,2025-02-27,629,N,VIIRS,l,2,304.34,1.92,D,0
15.02649,106.57949,343.44,0.38,0.44,2025-02-27,629,N,VIIRS,n,2,290.76,10.52,D,0
15.02709,106.57851,336.28,0.38,0.44,2025-02-27,629,N,VIIRS,n,2,285.28,2.83,D,0
15.03085,105.68637,335.61,0.51,0.41,2025-02-27,629,N,VIIRS,n,2,304.23,3.73,D,0
15.03333,105.5596,336.59,0.51,0.41,2025-02-27,629,N,VIIRS,n,2,296.24,3.79,D,0
15.04038,105.67044,346.77,0.51,0.41,2025-02-27,629,N,VIIRS,n,2,303.02,5.17,D,0
15.04078,107.49741,341.1,0.44,0.46,2025-02-27,629,N,VIIRS,n,2,289.17,20.06,D,0
15.04288,101.16396,336.3,0.39,0.36,2025-02-27,629,N,VIIRS,l,2,306.91,1.99,D,0
15.04352,107.49371,340.43,0.44,0.46,2025-02-27,629,N,VIIRS,n,2,288.52,15.3,D,0
15.04419,105.66992,336.58,0.51,0.41,2025-02-27,629,N,VIIRS,n,2,302.61,5.17,D,0
15.06764,102.23986,345.63,0.39,0.36,2025-02-27,629,N,VIIRS,n,2,298.86,3.97,D,0
15.06974,102.23888,337.54,0.39,0.36,2025-02-27,629,N,VIIRS,n,2,300.08,5.64,D,0
15.073,100.66146,335.7,0.39,0.36,2025-02-27,629,N,VIIRS,l,2,307.89,2.77,D,0
15.0752,100.65369,331.46,0.39,0.36,2025-02-27,629,N,VIIRS,l,2,304.41,3.62,D,0
15.08719,101.83255,338.15,0.38,0.36,2025-02-27,629,N,VIIRS,n,2,307.81,4.13,D,0
15.08786,105.45189,333.45,0.5,0.41,2025-02-27,629,N,VIIRS,n,2,302.33,3.07,D,0
15.08809,105.45333,343.49,0.5,0.41,2025-02-27,629,N,VIIRS,n,2,303.46,4.02,D,0
15.08849,105.4565,335.28,0.5,0.41,2025-02-27,629,N,VIIRS,n,2,303.41,3.74,D,0
15.10085,100.68651,348.99,0.39,0.36,2025-02-27,629,N,VIIRS,n,2,303.1,4.52,D,0
15.10141,100.69012,343.57,0.39,0.36,2025-02-27,629,N,VIIRS,n,2,307.32,4.52,D,0
15.10354,105.00698,342.67,0.47,0.4,2025-02-27,629,N,VIIRS,n,2,305.54,4.78,D,0
15.10721,105.00644,339.96,0.47,0.4,2025-02-27,629,N,VIIRS,n,2,303.79,4.78,D,0
15.10988,107.6062,342.81,0.45,0.47,2025-02-27,629,N,VIIRS,n,2,293.88,6.03,D,0
15.11589,101.8426,343.66,0.38,0.36,2025-02-27,629,N,VIIRS,n,2,306.89,3.31,D,0
15.15344,105.53992,338.38,0.51,0.41,2025-02-27,629,N,VIIRS,n,2,304.83,6.16,D,0
15.15407,105.54465,339.04,0.51,0.41,2025-02-27,629,N,VIIRS,n,2,305.15,8.32,D,0
15.1655,101.39205,346,0.38,0.36,2025-02-27,629,N,VIIRS,n,2,307.01,4.46,D,0
15.19518,100.81472,337.26,0.39,0.36,2025-02-27,629,N,VIIRS,n,2,304.8,1.75,D,0
15.2033,101.88363,339.54,0.39,0.36,2025-02-27,629,N,VIIRS,n,2,306.77,3.26,D,0
15.20862,105.77657,339.61,0.52,0.42,2025-02-27,629,N,VIIRS,n,2,301.79,6.03,D,0
15.23969,100.52955,331.81,0.39,0.36,2025-02-27,629,N,VIIRS,l,2,303.45,2.04,D,0
15.24333,101.23639,333.59,0.38,0.36,2025-02-27,629,N,VIIRS,n,2,302.69,1.64,D,0
15.27049,101.56875,339.7,0.38,0.36,2025-02-27,629,N,VIIRS,n,2,307.02,2.88,D,0
15.27173,100.91267,340.77,0.39,0.36,2025-02-27,629,N,VIIRS,n,2,303.38,2.04,D,0
15.27444,102.63771,339.28,0.39,0.36,2025-02-27,629,N,VIIRS,n,2,307.08,2.27,D,0
15.27718,102.21735,335,0.39,0.36,2025-02-27,629,N,VIIRS,l,2,305.58,1.51,D,0
15.32343,105.85809,338.48,0.53,0.42,2025-02-27,629,N,VIIRS,n,2,304.29,5.63,D,0
15.32795,105.86248,339.22,0.53,0.42,2025-02-27,629,N,VIIRS,n,2,305.62,7.65,D,0
15.32998,102.46796,335.09,0.39,0.36,2025-02-27,629,N,VIIRS,n,2,302.27,3.1,D,0
15.34365,105.9206,333.8,0.53,0.42,2025-02-27,629,N,VIIRS,l,2,304.93,5.06,D,0
15.38258,104.92999,343.02,0.47,0.4,2025-02-27,629,N,VIIRS,n,2,306.35,6.99,D,0
15.39748,101.64656,347.69,0.38,0.36,2025-02-27,629,N,VIIRS,n,2,303.92,2.46,D,0
15.40079,101.64603,339.48,0.38,0.36,2025-02-27,629,N,VIIRS,n,2,305.38,3.37,D,0
15.40239,102.87007,339.53,0.4,0.37,2025-02-27,629,N,VIIRS,n,2,306.28,3.57,D,0
15.40841,105.86814,339.52,0.53,0.42,2025-02-27,629,N,VIIRS,n,2,303.76,3.8,D,0
15.41473,103.6101,339.11,0.42,0.38,2025-02-27,629,N,VIIRS,n,2,306.86,6.68,D,0
15.41763,103.60567,338.43,0.42,0.38,2025-02-27,629,N,VIIRS,n,2,306.67,3.52,D,0
15.41819,103.60957,348.73,0.42,0.38,2025-02-27,629,N,VIIRS,n,2,310.74,6.75,D,0
15.42041,103.7253,351.75,0.42,0.38,2025-02-27,629,N,VIIRS,n,2,307.42,14.75,D,0
15.42165,103.60905,347.03,0.42,0.38,2025-02-27,629,N,VIIRS,n,2,308.01,6.75,D,0
15.4251,103.60853,336.23,0.42,0.38,2025-02-27,629,N,VIIRS,n,2,306.14,4,D,0
15.42566,103.61243,351.2,0.42,0.38,2025-02-27,629,N,VIIRS,n,2,307.28,4,D,0
15.43637,103.53926,341.39,0.42,0.37,2025-02-27,629,N,VIIRS,n,2,304.49,43.53,D,0
15.43926,103.53486,345.25,0.42,0.37,2025-02-27,629,N,VIIRS,n,2,307.18,43.53,D,0
15.43982,103.53873,347.89,0.42,0.37,2025-02-27,629,N,VIIRS,n,2,305.76,43.53,D,0
15.44573,104.18793,347.61,0.44,0.38,2025-02-27,629,N,VIIRS,n,2,310.8,9.08,D,0
15.44869,104.1833,348.21,0.44,0.38,2025-02-27,629,N,VIIRS,n,2,307.56,7.64,D,0
15.45223,104.18278,348.69,0.44,0.38,2025-02-27,629,N,VIIRS,n,2,309.64,7.64,D,0
15.46419,104.47385,344.5,0.45,0.39,2025-02-27,629,N,VIIRS,n,2,306.31,5.62,D,0
15.46778,104.47334,337.51,0.45,0.39,2025-02-27,629,N,VIIRS,l,2,307.9,7.09,D,0
15.47703,106.02612,342.14,0.54,0.42,2025-02-27,629,N,VIIRS,n,2,304.94,9.35,D,0
15.48752,103.72324,346.54,0.42,0.38,2025-02-27,629,N,VIIRS,n,2,307.64,5.71,D,0
15.48849,103.77957,335.89,0.42,0.38,2025-02-27,629,N,VIIRS,l,2,306.23,1.73,D,0
15.491,103.72272,338.2,0.42,0.38,2025-02-27,629,N,VIIRS,n,2,307.53,3.65,D,0
15.49197,103.77905,335.62,0.42,0.38,2025-02-27,629,N,VIIRS,l,2,305.75,2.08,D,0
15.5055,105.93787,341.08,0.54,0.42,2025-02-27,629,N,VIIRS,n,2,306.06,3.57,D,0
15.52292,102.93125,342.12,0.4,0.37,2025-02-27,629,N,VIIRS,n,2,308.7,12.62,D,0
15.52346,102.93499,340.81,0.4,0.37,2025-02-27,629,N,VIIRS,n,2,306.95,12.62,D,0
15.54433,104.86244,335.65,0.47,0.4,2025-02-27,629,N,VIIRS,n,2,302.02,1.77,D,0
15.54727,104.85938,336.47,0.47,0.4,2025-02-27,629,N,VIIRS,n,2,302.84,3.74,D,0
15.548,104.86192,336.27,0.47,0.4,2025-02-27,629,N,VIIRS,n,2,301.75,1.77,D,0
15.5564,106.17459,343.73,0.55,0.43,2025-02-27,629,N,VIIRS,n,2,305.37,28.39,D,0
15.55837,106.69868,335.49,0.4,0.44,2025-02-27,629,N,VIIRS,n,2,297.68,3.16,D,0
15.58029,106.08227,342.47,0.55,0.43,2025-02-27,629,N,VIIRS,n,2,298.03,8.24,D,0
15.63343,105.45219,337.84,0.51,0.41,2025-02-27,629,N,VIIRS,n,2,301.96,3.86,D,0
15.63395,105.45434,339.71,0.51,0.41,2025-02-27,629,N,VIIRS,n,2,301.27,5.4,D,0
15.63721,105.45163,336.73,0.51,0.41,2025-02-27,629,N,VIIRS,n,2,303.05,3.86,D,0
15.63773,105.45378,339.32,0.51,0.41,2025-02-27,629,N,VIIRS,n,2,304.41,5.4,D,0
15.65627,103.97152,340.09,0.43,0.38,2025-02-27,629,N,VIIRS,n,2,307.97,3.99,D,0
15.65737,105.42913,335.77,0.51,0.41,2025-02-27,629,N,VIIRS,n,2,300.63,2.5,D,0
15.65978,103.97099,337.69,0.43,0.38,2025-02-27,629,N,VIIRS,n,2,306.27,3.99,D,0
15.66117,105.42873,331.09,0.51,0.41,2025-02-27,629,N,VIIRS,l,2,302.1,4.24,D,0
15.66351,105.64124,338.35,0.52,0.41,2025-02-27,629,N,VIIRS,n,2,299.12,3.57,D,0
15.66435,105.42367,345.35,0.51,0.41,2025-02-27,629,N,VIIRS,n,2,303.45,4.24,D,0
15.66562,105.63881,340.05,0.52,0.41,2025-02-27,629,N,VIIRS,n,2,299.38,5.88,D,0
15.66814,105.42319,333.88,0.51,0.41,2025-02-27,629,N,VIIRS,n,2,300.63,3.9,D,0
15.66874,105.42773,347.69,0.51,0.41,2025-02-27,629,N,VIIRS,n,2,303.65,3.9,D,0
15.67315,105.43188,330.22,0.51,0.41,2025-02-27,629,N,VIIRS,n,2,299.23,3.66,D,0
15.67377,105.43652,337.44,0.51,0.41,2025-02-27,629,N,VIIRS,n,2,302.44,3.66,D,0
15.67694,105.51828,340.25,0.51,0.41,2025-02-27,629,N,VIIRS,n,2,298.11,3.53,D,0
15.69048,106.16467,338.8,0.56,0.43,2025-02-27,629,N,VIIRS,n,2,306.82,12.33,D,0
15.69375,106.15894,348.46,0.56,0.43,2025-02-27,629,N,VIIRS,n,2,306.26,8.83,D,0
15.69756,104.03578,350.06,0.44,0.38,2025-02-27,629,N,VIIRS,n,2,306.02,4.76,D,0
15.69839,106.16357,349.09,0.56,0.43,2025-02-27,629,N,VIIRS,n,2,309.33,15.91,D,0
15.70075,105.69794,337.06,0.52,0.42,2025-02-27,629,N,VIIRS,n,2,301.08,3.55,D,0
15.71794,106.21954,336.7,0.56,0.43,2025-02-27,629,N,VIIRS,n,2,297.28,4.84,D,0
15.71864,106.22479,339.93,0.56,0.43,2025-02-27,629,N,VIIRS,n,2,301.17,8.78,D,0
15.75273,105.85252,338.39,0.53,0.42,2025-02-27,629,N,VIIRS,n,2,305.36,4.49,D,0
15.76264,105.75005,331.7,0.53,0.42,2025-02-27,629,N,VIIRS,l,2,306.02,3.05,D,0
15.77831,105.80775,337.34,0.53,0.42,2025-02-27,629,N,VIIRS,n,2,302.48,5,D,0
15.77868,105.80476,338.71,0.53,0.42,2025-02-27,629,N,VIIRS,n,2,302.36,5.85,D,0
15.80096,105.46931,338.9,0.51,0.41,2025-02-27,629,N,VIIRS,n,2,304.07,4.03,D,0
15.87462,105.56377,335.4,0.52,0.41,2025-02-27,629,N,VIIRS,l,2,306.32,2.51,D,0
15.96181,106.56416,348.31,0.39,0.44,2025-02-27,629,N,VIIRS,n,2,295.97,5.11,D,0
15.32041,100.79344,356.16,0.39,0.36,2025-02-27,630,N,VIIRS,n,2,308.12,20.73,D,0
15.32597,100.80728,334.73,0.39,0.36,2025-02-27,630,N,VIIRS,n,2,304.18,2.49,D,0
15.32653,100.81088,338.06,0.39,0.36,2025-02-27,630,N,VIIRS,n,2,306.54,3.61,D,0
15.3293,100.80673,349.73,0.39,0.36,2025-02-27,630,N,VIIRS,n,2,306.78,2.49,D,0
15.32985,100.81033,348.31,0.39,0.36,2025-02-27,630,N,VIIRS,n,2,306.36,3.61,D,0
15.34928,101.11222,336.67,0.38,0.36,2025-02-27,630,N,VIIRS,n,2,304.82,3.04,D,0
15.37791,101.21011,340.52,0.38,0.36,2025-02-27,630,N,VIIRS,n,2,308.64,6.59,D,0
15.38574,100.56025,334.82,0.39,0.36,2025-02-27,630,N,VIIRS,l,2,304.96,2.63,D,0
15.43284,100.79671,339.84,0.39,0.36,2025-02-27,630,N,VIIRS,n,2,306.44,3.32,D,0
15.47603,101.69907,338.86,0.38,0.36,2025-02-27,630,N,VIIRS,n,2,306.69,1.38,D,0
15.55376,101.22865,345.59,0.38,0.36,2025-02-27,630,N,VIIRS,n,2,308.4,4.43,D,0
15.55708,101.22812,338.84,0.38,0.36,2025-02-27,630,N,VIIRS,l,2,309.07,4.43,D,0
15.56162,100.4748,367,0.39,0.36,2025-02-27,630,N,VIIRS,h,2,308.42,9.48,D,0
15.56496,100.47424,352.09,0.39,0.36,2025-02-27,630,N,VIIRS,n,2,307.82,16.97,D,0
15.66965,101.63818,337.36,0.38,0.36,2025-02-27,630,N,VIIRS,n,2,305.62,3.36,D,0
15.69023,101.59456,338.84,0.38,0.36,2025-02-27,630,N,VIIRS,n,2,304.11,1.83,D,0
15.69354,101.59402,334.75,0.38,0.36,2025-02-27,630,N,VIIRS,l,2,305.74,1.83,D,0
15.69585,102.08635,336.1,0.39,0.36,2025-02-27,630,N,VIIRS,n,2,305.47,12.13,D,0
15.69686,101.59349,334.78,0.38,0.36,2025-02-27,630,N,VIIRS,n,2,304.24,1.39,D,0
15.69918,102.08582,351.81,0.39,0.36,2025-02-27,630,N,VIIRS,n,2,308.82,12.13,D,0
15.70511,101.29142,340.43,0.38,0.36,2025-02-27,630,N,VIIRS,n,2,303.93,5.7,D,0
15.71924,101.67422,340.99,0.38,0.36,2025-02-27,630,N,VIIRS,n,2,308.12,3.83,D,0
15.74376,102.04182,340.43,0.39,0.36,2025-02-27,630,N,VIIRS,n,2,307.22,6.44,D,0
15.74796,102.09288,343.19,0.39,0.36,2025-02-27,630,N,VIIRS,n,2,309.71,9.42,D,0
15.75075,102.08874,335.26,0.39,0.36,2025-02-27,630,N,VIIRS,l,2,307.92,2.26,D,0
15.81953,101.06682,342.27,0.38,0.36,2025-02-27,630,N,VIIRS,n,2,307.74,4.67,D,0
15.87043,100.69351,345.02,0.39,0.36,2025-02-27,630,N,VIIRS,n,2,306.06,2.57,D,0
15.87072,101.76263,339.66,0.39,0.36,2025-02-27,630,N,VIIRS,n,2,305.29,3.39,D,0
15.8735,101.75851,337.06,0.39,0.36,2025-02-27,630,N,VIIRS,n,2,304.62,3.7,D,0
15.87404,101.7621,337.32,0.39,0.36,2025-02-27,630,N,VIIRS,n,2,304.14,3.39,D,0
15.87498,101.00951,336.25,0.38,0.36,2025-02-27,630,N,VIIRS,l,2,306.51,1.15,D,0
15.87554,101.01309,342.21,0.38,0.36,2025-02-27,630,N,VIIRS,n,2,304.27,2.98,D,0
15.96099,102.9977,339.53,0.4,0.37,2025-02-27,630,N,VIIRS,n,2,308.15,5.94,D,0
16.01217,104.10385,337,0.44,0.38,2025-02-27,630,N,VIIRS,n,2,305.17,3.89,D,0
16.02855,104.14366,346.99,0.44,0.39,2025-02-27,630,N,VIIRS,n,2,309.93,5.4,D,0
16.0321,104.14313,352,0.44,0.39,2025-02-27,630,N,VIIRS,n,2,308.15,9.6,D,0
16.0344,104.15971,336.75,0.44,0.39,2025-02-27,630,N,VIIRS,n,2,302.98,2.15,D,0
16.0444,100.70488,330.33,0.39,0.36,2025-02-27,630,N,VIIRS,l,2,303.13,2.42,D,0
16.04932,103.79935,338.25,0.43,0.38,2025-02-27,630,N,VIIRS,l,2,311.23,4.25,D,0
16.05198,103.79854,350.11,0.43,0.38,2025-02-27,630,N,VIIRS,n,2,310.41,9.07,D,0
16.05282,103.79882,345.53,0.43,0.38,2025-02-27,630,N,VIIRS,n,2,309.85,4.25,D,0
16.0642,103.13696,341.61,0.41,0.37,2025-02-27,630,N,VIIRS,n,2,307.32,3.21,D,0
16.06476,103.13708,342.41,0.41,0.37,2025-02-27,630,N,VIIRS,n,2,307.24,3.17,D,0
16.07842,105.56841,336.85,0.52,0.42,2025-02-27,630,N,VIIRS,n,2,300.11,4.47,D,0
16.07972,105.56608,335.37,0.52,0.42,2025-02-27,630,N,VIIRS,n,2,302.35,3.78,D,0
16.0804,105.52363,335.32,0.52,0.41,2025-02-27,630,N,VIIRS,n,2,303.38,6.44,D,0
16.11933,105.2078,338.48,0.5,0.41,2025-02-27,630,N,VIIRS,n,2,306.18,3.69,D,0
16.11999,101.73325,339.31,0.39,0.36,2025-02-27,630,N,VIIRS,n,2,304.3,2.3,D,0
16.12331,101.73271,338.04,0.39,0.36,2025-02-27,630,N,VIIRS,n,2,304.3,2.37,D,0
16.15616,105.92434,333.66,0.55,0.42,2025-02-27,630,N,VIIRS,n,2,300.95,4.79,D,0
16.18791,105.55582,343.52,0.52,0.42,2025-02-27,630,N,VIIRS,n,2,304.59,4.07,D,0
16.19747,105.62964,344.68,0.53,0.42,2025-02-27,630,N,VIIRS,n,2,305.64,4.69,D,0
16.19967,105.62666,337.4,0.53,0.42,2025-02-27,630,N,VIIRS,n,2,305.09,2.72,D,0
16.20268,106.66999,335.45,0.4,0.44,2025-02-27,630,N,VIIRS,n,2,292.47,2.71,D,0
16.21613,100.69808,338.58,0.39,0.36,2025-02-27,630,N,VIIRS,n,2,305.47,3.76,D,0
16.24924,105.02778,344.92,0.49,0.4,2025-02-27,630,N,VIIRS,n,2,306.84,13.25,D,0
16.27057,106.68769,344.9,0.4,0.45,2025-02-27,630,N,VIIRS,n,2,303.84,3.68,D,0
16.27077,106.78884,342.51,0.41,0.45,2025-02-27,630,N,VIIRS,n,2,303.74,7.43,D,0
16.27323,104.43644,342.58,0.46,0.39,2025-02-27,630,N,VIIRS,n,2,307.43,4.32,D,0
16.28878,102.54885,338.59,0.4,0.37,2025-02-27,630,N,VIIRS,n,2,304.45,3.77,D,0
16.3037,102.60349,344.71,0.4,0.37,2025-02-27,630,N,VIIRS,n,2,308.6,17.22,D,0
16.31819,105.48991,336.18,0.52,0.41,2025-02-27,630,N,VIIRS,l,2,307.31,6.66,D,0
16.31947,105.49963,349.07,0.52,0.41,2025-02-27,630,N,VIIRS,n,2,305.36,3.82,D,0
16.32012,105.50452,331.8,0.52,0.41,2025-02-27,630,N,VIIRS,l,2,303.73,3.82,D,0
16.32739,104.98852,335.19,0.49,0.4,2025-02-27,630,N,VIIRS,l,2,305.56,2.34,D,0
16.32874,104.98956,341.29,0.49,0.4,2025-02-27,630,N,VIIRS,n,2,306.38,4.69,D,0
16.32903,102.31982,346.32,0.39,0.36,2025-02-27,630,N,VIIRS,n,2,307.73,5.88,D,0
16.32952,102.53467,335.9,0.4,0.37,2025-02-27,630,N,VIIRS,l,2,306.1,2.11,D,0
16.3306,102.5421,342.02,0.4,0.37,2025-02-27,630,N,VIIRS,n,2,307.04,6.05,D,0
16.35581,105.47959,341.02,0.52,0.41,2025-02-27,630,N,VIIRS,n,2,307.39,2.47,D,0
16.35771,103.41327,336.37,0.42,0.38,2025-02-27,630,N,VIIRS,n,2,305.19,3.4,D,0
16.35842,105.49908,345.99,0.52,0.41,2025-02-27,630,N,VIIRS,n,2,305.66,9.46,D,0
16.35963,105.47904,338.38,0.52,0.41,2025-02-27,630,N,VIIRS,n,2,307.63,3.58,D,0
16.36009,101.89296,338.05,0.39,0.36,2025-02-27,630,N,VIIRS,n,2,301.59,3.25,D,0
16.36117,103.41275,336.45,0.42,0.38,2025-02-27,630,N,VIIRS,n,2,305.17,7.62,D,0
16.37012,105.5573,342.37,0.52,0.42,2025-02-27,630,N,VIIRS,n,2,307.13,7.61,D,0
16.37682,106.42307,342.03,0.39,0.44,2025-02-27,630,N,VIIRS,n,2,292.55,4.55,D,0
16.38133,103.28205,334.39,0.42,0.37,2025-02-27,630,N,VIIRS,l,2,305.46,3.17,D,0
16.38189,103.28593,334.94,0.42,0.37,2025-02-27,630,N,VIIRS,l,2,305.05,3.17,D,0
16.38602,105.53001,335.58,0.52,0.42,2025-02-27,630,N,VIIRS,l,2,307.97,3.46,D,0
16.39169,105.56116,353.91,0.52,0.42,2025-02-27,630,N,VIIRS,n,2,307.31,6.43,D,0
16.39385,105.55895,338.7,0.52,0.42,2025-02-27,630,N,VIIRS,n,2,306.48,4.67,D,0
16.39451,105.28466,339.1,0.51,0.41,2025-02-27,630,N,VIIRS,n,2,305.83,4.33,D,0
16.39451,105.56388,338.53,0.52,0.42,2025-02-27,630,N,VIIRS,n,2,306.53,4.67,D,0
16.39507,104.94733,335.97,0.49,0.4,2025-02-27,630,N,VIIRS,n,2,305.93,2.61,D,0
16.39514,105.2894,339.76,0.51,0.41,2025-02-27,630,N,VIIRS,n,2,307.29,4.33,D,0
16.39554,105.5606,341.56,0.52,0.42,2025-02-27,630,N,VIIRS,n,2,306.84,6.43,D,0
16.3983,105.28413,334.7,0.51,0.41,2025-02-27,630,N,VIIRS,n,2,302.81,4.33,D,0
16.40693,103.8671,339.04,0.44,0.38,2025-02-27,630,N,VIIRS,n,2,306.29,2.28,D,0
16.41145,106.50073,341.57,0.4,0.44,2025-02-27,630,N,VIIRS,n,2,292.28,5.24,D,0
16.4149,103.36858,347.14,0.42,0.38,2025-02-27,630,N,VIIRS,n,2,307.35,6.8,D,0
16.46615,104.08595,337.9,0.45,0.39,2025-02-27,630,N,VIIRS,l,2,307.94,3.87,D,0
16.4731,102.37953,340.83,0.39,0.36,2025-02-27,630,N,VIIRS,n,2,307.17,4.08,D,0
16.48493,104.89864,341.1,0.49,0.4,2025-02-27,630,N,VIIRS,n,2,307.45,5.06,D,0
16.49157,104.4859,330.39,0.46,0.39,2025-02-27,630,N,VIIRS,l,2,303.76,1.98,D,0
16.49668,104.92944,343.52,0.49,0.4,2025-02-27,630,N,VIIRS,n,2,305.38,5.19,D,0
16.49978,105.38406,348.99,0.51,0.41,2025-02-27,630,N,VIIRS,n,2,308.1,9.03,D,0
16.50344,105.57571,342.08,0.53,0.42,2025-02-27,630,N,VIIRS,n,2,304.77,4.83,D,0
16.50469,105.57273,337.81,0.53,0.42,2025-02-27,630,N,VIIRS,n,2,305.7,3.3,D,0
16.5093,105.42718,337.66,0.52,0.41,2025-02-27,630,N,VIIRS,n,2,306.75,2.2,D,0
16.51312,105.42664,338.51,0.52,0.41,2025-02-27,630,N,VIIRS,n,2,307.19,3.08,D,0
16.53298,105.60921,341.1,0.53,0.42,2025-02-27,630,N,VIIRS,n,2,308.66,8.63,D,0
16.53362,105.61419,339.46,0.53,0.42,2025-02-27,630,N,VIIRS,n,2,307.58,9.22,D,0
16.54517,102.67585,331.06,0.4,0.37,2025-02-27,630,N,VIIRS,l,2,305.3,0.65,D,0
16.5583,104.92725,339.93,0.49,0.4,2025-02-27,630,N,VIIRS,n,2,306.63,8.84,D,0
16.56203,104.92675,343.87,0.49,0.4,2025-02-27,630,N,VIIRS,n,2,307.36,11.83,D,0
16.56863,105.70121,337.94,0.54,0.42,2025-02-27,630,N,VIIRS,n,2,305.32,5.66,D,0
16.57147,105.33952,342.54,0.51,0.41,2025-02-27,630,N,VIIRS,n,2,308.17,10.62,D,0
16.57937,105.35066,341.02,0.51,0.41,2025-02-27,630,N,VIIRS,n,2,310.12,5.13,D,0
16.58103,105.35284,336.58,0.51,0.41,2025-02-27,630,N,VIIRS,l,2,309.17,4.75,D,0
16.60538,105.37156,342.46,0.52,0.41,2025-02-27,630,N,VIIRS,n,2,307.72,3.87,D,0
16.60834,106.48931,338.93,0.4,0.44,2025-02-27,630,N,VIIRS,n,2,298.27,7.72,D,0
16.60882,106.49303,341.74,0.4,0.44,2025-02-27,630,N,VIIRS,n,2,299.7,7.72,D,0
16.61746,105.34525,349.34,0.51,0.41,2025-02-27,630,N,VIIRS,n,2,309.29,16.06,D,0
16.6177,106.6262,333.9,0.41,0.45,2025-02-27,630,N,VIIRS,n,2,296.55,2.6,D,0
16.62128,105.34473,350.35,0.51,0.41,2025-02-27,630,N,VIIRS,n,2,309.58,16.06,D,0
16.62509,105.34422,338.21,0.51,0.41,2025-02-27,630,N,VIIRS,n,2,307.02,2.4,D,0
16.62621,103.48573,336.57,0.42,0.38,2025-02-27,630,N,VIIRS,l,2,307.53,3.65,D,0
16.63758,104.30645,336.37,0.46,0.39,2025-02-27,630,N,VIIRS,n,2,302.91,5.36,D,0
16.64119,104.30598,338.25,0.46,0.39,2025-02-27,630,N,VIIRS,n,2,301.83,5.36,D,0
16.6484,104.30497,334.73,0.46,0.39,2025-02-27,630,N,VIIRS,n,2,301.25,7.69,D,0
16.65121,104.59368,337.42,0.47,0.4,2025-02-27,630,N,VIIRS,n,2,307.24,3.48,D,0
16.65547,105.69702,332.59,0.54,0.42,2025-02-27,630,N,VIIRS,l,2,303.74,2.84,D,0
16.65694,103.6772,342.15,0.43,0.38,2025-02-27,630,N,VIIRS,n,2,306.9,2.31,D,0
16.65751,103.68124,335.07,0.43,0.38,2025-02-27,630,N,VIIRS,l,2,307.06,2.31,D,0
16.65917,104.35579,333.13,0.46,0.39,2025-02-27,630,N,VIIRS,l,2,305.04,5.15,D,0
16.66579,104.32411,335.95,0.46,0.39,2025-02-27,630,N,VIIRS,n,2,304.2,3.85,D,0
16.66664,104.32473,346.73,0.46,0.39,2025-02-27,630,N,VIIRS,n,2,304.96,7.18,D,0
16.67352,105.24635,341.61,0.51,0.41,2025-02-27,630,N,VIIRS,n,2,307.67,4.06,D,0
16.67366,105.24438,338.26,0.51,0.41,2025-02-27,630,N,VIIRS,n,2,306.7,3.5,D,0
16.67694,105.47076,336.53,0.52,0.42,2025-02-27,630,N,VIIRS,n,2,306.11,5.53,D,0
16.70016,105.09769,341.61,0.5,0.41,2025-02-27,630,N,VIIRS,n,2,308.39,4.23,D,0
16.70094,104.33334,332.48,0.46,0.39,2025-02-27,630,N,VIIRS,l,2,304.19,2.78,D,0
16.70143,105.50748,338.94,0.52,0.42,2025-02-27,630,N,VIIRS,n,2,303.4,7.36,D,0
16.72508,106.46455,338.14,0.4,0.44,2025-02-27,630,N,VIIRS,n,2,295.89,5.38,D,0
16.72558,106.46836,340.59,0.4,0.44,2025-02-27,630,N,VIIRS,n,2,297.47,5.38,D,0
16.72706,105.61027,340.81,0.53,0.42,2025-02-27,630,N,VIIRS,n,2,307.13,4.48,D,0
16.72781,105.60748,337.53,0.53,0.42,2025-02-27,630,N,VIIRS,n,2,305.33,4.76,D,0
16.7282,106.46455,339.76,0.4,0.44,2025-02-27,630,N,VIIRS,n,2,296.26,10.13,D,0
16.73065,102.01942,335.97,0.39,0.36,2025-02-27,630,N,VIIRS,n,2,304.43,2.44,D,0
16.73836,101.19274,336.91,0.38,0.36,2025-02-27,630,N,VIIRS,n,2,304.05,2.01,D,0
16.74025,105.08237,348.06,0.5,0.41,2025-02-27,630,N,VIIRS,n,2,313.29,21.06,D,0
16.74511,103.94775,337.45,0.44,0.39,2025-02-27,630,N,VIIRS,n,2,305.75,2.65,D,0
16.7456,104.95351,339.89,0.49,0.4,2025-02-27,630,N,VIIRS,n,2,309.38,3.95,D,0
16.76329,105.25313,337.51,0.51,0.41,2025-02-27,630,N,VIIRS,l,2,308.78,2.76,D,0
16.76858,105.67853,336.29,0.54,0.42,2025-02-27,630,N,VIIRS,n,2,305.68,6.35,D,0
16.78168,104.3837,337.44,0.46,0.39,2025-02-27,630,N,VIIRS,n,2,306.73,2.95,D,0
16.78251,104.38453,344.21,0.46,0.39,2025-02-27,630,N,VIIRS,n,2,307.69,9.57,D,0
16.78305,106.18336,354.17,0.38,0.43,2025-02-27,630,N,VIIRS,n,2,306.43,8.53,D,0
16.78613,104.38399,345.53,0.46,0.39,2025-02-27,630,N,VIIRS,n,2,307.75,9.57,D,0
16.78705,106.18274,347.51,0.38,0.43,2025-02-27,630,N,VIIRS,n,2,301.5,8.53,D,0
16.78931,102.10314,343.66,0.39,0.36,2025-02-27,630,N,VIIRS,n,2,305.18,3.08,D,0
16.79393,102.78406,345.91,0.4,0.37,2025-02-27,630,N,VIIRS,n,2,305.29,7.91,D,0
16.81218,103.83293,339.77,0.44,0.38,2025-02-27,630,N,VIIRS,n,2,308.23,3.78,D,0
16.81678,102.62999,337.3,0.4,0.37,2025-02-27,630,N,VIIRS,n,2,305.51,2.73,D,0
16.81747,105.38038,340.95,0.52,0.41,2025-02-27,630,N,VIIRS,n,2,307.97,3.82,D,0
16.8181,105.38525,340.94,0.52,0.41,2025-02-27,630,N,VIIRS,n,2,309.18,3.82,D,0
16.82115,100.2566,331.66,0.39,0.36,2025-02-27,630,N,VIIRS,l,2,302.68,1.46,D,0
16.82129,105.37984,339.52,0.52,0.41,2025-02-27,630,N,VIIRS,n,2,306.76,2.6,D,0
16.82193,105.38471,336,0.52,0.41,2025-02-27,630,N,VIIRS,l,2,307.39,2.6,D,0
16.82376,104.30787,335.24,0.46,0.39,2025-02-27,630,N,VIIRS,l,2,305.53,4.05,D,0
16.8245,104.47628,344.53,0.47,0.39,2025-02-27,630,N,VIIRS,n,2,306.09,12,D,0
16.82625,105.53967,336.96,0.53,0.42,2025-02-27,630,N,VIIRS,n,2,306.82,3.68,D,0
16.82813,104.4757,352.89,0.47,0.39,2025-02-27,630,N,VIIRS,n,2,308.61,12,D,0
16.83377,102.33725,332.89,0.39,0.37,2025-02-27,630,N,VIIRS,l,2,303.44,2.14,D,0
16.84042,105.52757,335.45,0.53,0.42,2025-02-27,630,N,VIIRS,n,2,303.45,9.22,D,0
16.84947,105.0396,337.57,0.5,0.41,2025-02-27,630,N,VIIRS,n,2,307.36,3.31,D,0
16.86307,105.22589,337.82,0.51,0.41,2025-02-27,630,N,VIIRS,l,2,308.57,4.66,D,0
16.873,104.23128,336.86,0.46,0.39,2025-02-27,630,N,VIIRS,n,2,306.21,2.93,D,0
16.87892,104.2479,348.42,0.46,0.39,2025-02-27,630,N,VIIRS,n,2,308.11,9.55,D,0
16.88251,104.24729,347.22,0.46,0.39,2025-02-27,630,N,VIIRS,n,2,304.83,9.55,D,0
16.88251,105.17138,339.54,0.51,0.41,2025-02-27,630,N,VIIRS,n,2,305.46,3.77,D,0
16.88314,105.17435,335.82,0.51,0.41,2025-02-27,630,N,VIIRS,n,2,305.55,2.38,D,0
16.88327,104.33817,342.32,0.46,0.39,2025-02-27,630,N,VIIRS,n,2,305.42,4.92,D,0
16.8839,104.33965,335.97,0.46,0.39,2025-02-27,630,N,VIIRS,n,2,304.66,4.56,D,0
16.88498,106.00264,333.79,0.56,0.43,2025-02-27,630,N,VIIRS,n,2,300.72,3.33,D,0
16.88748,106.00506,333.04,0.56,0.43,2025-02-27,630,N,VIIRS,n,2,300.36,4.06,D,0
16.8966,103.18448,350,0.42,0.37,2025-02-27,630,N,VIIRS,n,2,312.37,24.69,D,0
16.91221,105.44687,335.33,0.52,0.42,2025-02-27,630,N,VIIRS,n,2,306.29,2.85,D,0
16.92008,105.46303,330.93,0.53,0.42,2025-02-27,630,N,VIIRS,l,2,304.41,1.86,D,0
16.92689,104.24934,334.07,0.46,0.39,2025-02-27,630,N,VIIRS,n,2,302.73,4.24,D,0
16.93206,105.83575,338.19,0.55,0.43,2025-02-27,630,N,VIIRS,l,2,310.64,30.16,D,0
16.93599,105.83521,337.41,0.55,0.43,2025-02-27,630,N,VIIRS,n,2,305.7,4.96,D,0
16.94273,103.30972,344.49,0.42,0.38,2025-02-27,630,N,VIIRS,n,2,311.78,10.16,D,0
16.94395,104.88569,337.83,0.49,0.4,2025-02-27,630,N,VIIRS,l,2,308.66,2.6,D,0
16.95089,105.48897,334.62,0.53,0.42,2025-02-27,630,N,VIIRS,l,2,305.89,4.73,D,0
16.95311,105.1514,333.59,0.51,0.41,2025-02-27,630,N,VIIRS,l,2,307.64,4.41,D,0
16.95419,104.10261,337.54,0.45,0.39,2025-02-27,630,N,VIIRS,n,2,306.57,3.53,D,0
16.97348,103.67706,338.89,0.43,0.38,2025-02-27,630,N,VIIRS,l,2,309.41,2.12,D,0
16.97699,103.67653,338.56,0.43,0.38,2025-02-27,630,N,VIIRS,n,2,306.97,2.12,D,0
16.98791,105.38303,344.64,0.52,0.42,2025-02-27,630,N,VIIRS,n,2,305.41,5.56,D,0
16.98845,102.01065,338.01,0.39,0.36,2025-02-27,630,N,VIIRS,n,2,304.65,3.93,D,0
16.98866,105.19305,342.38,0.51,0.41,2025-02-27,630,N,VIIRS,n,2,306.09,5.55,D,0
16.98928,105.19785,337.96,0.51,0.41,2025-02-27,630,N,VIIRS,l,2,308.14,5.55,D,0
16.98989,105.19519,347.83,0.51,0.41,2025-02-27,630,N,VIIRS,n,2,309.01,10.91,D,0
16.99154,105.03777,342.19,0.5,0.41,2025-02-27,630,N,VIIRS,n,2,307.43,3.94,D,0
16.99483,103.34215,340.09,0.42,0.38,2025-02-27,630,N,VIIRS,l,2,311.24,6,D,0
16.99699,103.13322,350.65,0.41,0.37,2025-02-27,630,N,VIIRS,n,2,310.69,6.76,D,0
17.00365,104.53783,343.82,0.47,0.4,2025-02-27,630,N,VIIRS,n,2,305.27,5.28,D,0
17.01062,105.31976,330.13,0.52,0.41,2025-02-27,630,N,VIIRS,l,2,301.04,1.28,D,0
17.0128,102.87832,339.86,0.41,0.37,2025-02-27,630,N,VIIRS,n,2,309.32,3.93,D,0
17.02072,105.35136,335.96,0.52,0.41,2025-02-27,630,N,VIIRS,l,2,307.43,3.26,D,0
17.02296,105.35326,338.42,0.52,0.41,2025-02-27,630,N,VIIRS,n,2,307.41,7.56,D,0
17.03672,105.14724,342.7,0.51,0.41,2025-02-27,630,N,VIIRS,n,2,307.5,6.58,D,0
17.04817,105.29291,339.55,0.52,0.41,2025-02-27,630,N,VIIRS,n,2,305.53,3.36,D,0
17.04896,105.93832,337.04,0.56,0.43,2025-02-27,630,N,VIIRS,n,2,301.09,20.31,D,0
17.05293,105.93783,342.99,0.56,0.43,2025-02-27,630,N,VIIRS,n,2,301.17,20.31,D,0
17.05315,105.81632,336.35,0.55,0.43,2025-02-27,630,N,VIIRS,n,2,305.21,5.38,D,0
17.0549,105.05284,331.86,0.5,0.41,2025-02-27,630,N,VIIRS,l,2,306.45,4.56,D,0
17.05512,105.43585,333.04,0.53,0.42,2025-02-27,630,N,VIIRS,n,2,300.76,2.8,D,0
17.05706,105.81558,336.32,0.55,0.43,2025-02-27,630,N,VIIRS,n,2,303.53,6.05,D,0
17.07034,103.39948,341.37,0.42,0.38,2025-02-27,630,N,VIIRS,n,2,307.68,3.82,D,0
17.07147,105.68579,341.9,0.54,0.42,2025-02-27,630,N,VIIRS,n,2,305.2,9.36,D,0
17.08327,105.77849,340.3,0.55,0.43,2025-02-27,630,N,VIIRS,n,2,305.44,9.7,D,0
17.08413,105.09878,342.15,0.5,0.41,2025-02-27,630,N,VIIRS,n,2,307.08,4.26,D,0
17.08427,103.36116,339.04,0.42,0.38,2025-02-27,630,N,VIIRS,n,2,308.79,3.23,D,0
17.1009,105.19876,356.08,0.51,0.41,2025-02-27,630,N,VIIRS,n,2,307.69,15.51,D,0
17.10132,105.19675,349.47,0.51,0.41,2025-02-27,630,N,VIIRS,n,2,307.48,11.45,D,0
17.10197,105.20155,340.06,0.51,0.41,2025-02-27,630,N,VIIRS,n,2,305.9,11.45,D,0
17.10471,105.19823,336.83,0.51,0.41,2025-02-27,630,N,VIIRS,l,2,307.11,5.61,D,0
17.11062,105.06595,350.71,0.5,0.41,2025-02-27,630,N,VIIRS,n,2,308.39,7.39,D,0
17.11477,104.42888,342.6,0.47,0.4,2025-02-27,630,N,VIIRS,n,2,311.22,21.68,D,0
17.11841,104.42834,354.68,0.47,0.4,2025-02-27,630,N,VIIRS,n,2,311.14,9.39,D,0
17.12195,105.0354,333.51,0.5,0.41,2025-02-27,630,N,VIIRS,l,2,305.71,2.41,D,0
17.12942,105.88819,347.69,0.56,0.43,2025-02-27,630,N,VIIRS,n,2,309.41,15.51,D,0
17.14395,105.08538,342.89,0.5,0.41,2025-02-27,630,N,VIIRS,n,2,308.34,5.38,D,0
17.14775,105.17229,343.22,0.51,0.41,2025-02-27,630,N,VIIRS,n,2,310.78,20.22,D,0
17.14892,104.03203,340.13,0.45,0.39,2025-02-27,630,N,VIIRS,n,2,304.07,2.72,D,0
17.15154,105.17175,337.83,0.51,0.41,2025-02-27,630,N,VIIRS,n,2,304.24,20.22,D,0
17.15969,105.08796,338.66,0.5,0.41,2025-02-27,630,N,VIIRS,l,2,310.25,27.35,D,0
17.16213,103.43477,347.16,0.43,0.38,2025-02-27,630,N,VIIRS,n,2,308.78,15.74,D,0
17.1628,105.05373,336.03,0.5,0.41,2025-02-27,630,N,VIIRS,l,2,307.09,3.78,D,0
17.16444,104.92416,339.53,0.49,0.41,2025-02-27,630,N,VIIRS,l,2,310.3,4.96,D,0
17.16561,103.43423,354.68,0.43,0.38,2025-02-27,630,N,VIIRS,n,2,310.74,15.74,D,0
17.16909,103.43368,345.58,0.43,0.38,2025-02-27,630,N,VIIRS,n,2,306.98,3.61,D,0
17.18428,103.92845,332.34,0.45,0.39,2025-02-27,630,N,VIIRS,l,2,306.6,3.14,D,0
17.2041,104.53809,338.51,0.47,0.4,2025-02-27,630,N,VIIRS,n,2,307.01,2.7,D,0
17.211,105.10172,337.51,0.51,0.41,2025-02-27,630,N,VIIRS,l,2,308.01,4.96,D,0
17.21234,105.05302,337.52,0.5,0.41,2025-02-27,630,N,VIIRS,l,2,308.91,7.18,D,0
17.2154,105.10591,333.4,0.51,0.41,2025-02-27,630,N,VIIRS,l,2,304.77,2.73,D,0
17.21819,104.83733,342.98,0.49,0.4,2025-02-27,630,N,VIIRS,n,2,311.27,3.92,D,0
17.22535,105.21223,343.13,0.51,0.41,2025-02-27,630,N,VIIRS,n,2,309.59,19.89,D,0
17.23232,105.20613,341.75,0.51,0.41,2025-02-27,630,N,VIIRS,n,2,310.52,4.97,D,0
17.23685,104.863,336.03,0.49,0.4,2025-02-27,630,N,VIIRS,l,2,308.95,3.88,D,0
17.23748,104.86765,339.47,0.49,0.4,2025-02-27,630,N,VIIRS,n,2,309.34,3.88,D,0
17.24059,104.86245,337.37,0.49,0.4,2025-02-27,630,N,VIIRS,l,2,308.22,3.88,D,0
17.24121,104.8671,346.66,0.49,0.4,2025-02-27,630,N,VIIRS,n,2,307.84,3.88,D,0
17.25694,104.984,339.1,0.5,0.41,2025-02-27,630,N,VIIRS,n,2,307.84,3.66,D,0
17.2607,104.98347,339.61,0.5,0.41,2025-02-27,630,N,VIIRS,n,2,308.46,4.15,D,0
17.27125,105.44622,335.31,0.53,0.42,2025-02-27,630,N,VIIRS,l,2,308.7,50.82,D,0
17.2744,105.6237,338.2,0.54,0.42,2025-02-27,630,N,VIIRS,n,2,301.87,3.73,D,0
17.27451,105.62591,334.66,0.54,0.42,2025-02-27,630,N,VIIRS,n,2,303.14,6.4,D,0
17.28374,101.58244,330.72,0.39,0.36,2025-02-27,630,N,VIIRS,n,2,299.95,2.55,D,0
17.29104,105.06603,333.37,0.5,0.41,2025-02-27,630,N,VIIRS,l,2,307.48,1.31,D,0
17.2953,105.24199,341.86,0.52,0.41,2025-02-27,630,N,VIIRS,n,2,308.58,8.31,D,0
17.29804,105.32133,335.97,0.52,0.42,2025-02-27,630,N,VIIRS,n,2,305.41,8.05,D,0
17.30713,104.9545,335.15,0.5,0.41,2025-02-27,630,N,VIIRS,n,2,305.93,1.25,D,0
17.30976,104.88737,341.33,0.49,0.41,2025-02-27,630,N,VIIRS,n,2,310.21,4.55,D,0
17.32154,104.94765,337.72,0.5,0.41,2025-02-27,630,N,VIIRS,n,2,306.56,3.8,D,0
17.32192,105.38322,348.7,0.53,0.42,2025-02-27,630,N,VIIRS,n,2,308.02,14.38,D,0
17.33031,104.92725,330.68,0.5,0.41,2025-02-27,630,N,VIIRS,l,2,305.43,2.4,D,0
17.332,105.17467,332.15,0.51,0.41,2025-02-27,630,N,VIIRS,l,2,302.73,2.25,D,0
17.33518,105.16932,330.72,0.51,0.41,2025-02-27,630,N,VIIRS,l,2,304.75,2.25,D,0
17.34145,105.2476,343.5,0.52,0.41,2025-02-27,630,N,VIIRS,n,2,308.67,5.75,D,0
17.34527,105.24708,340.73,0.52,0.41,2025-02-27,630,N,VIIRS,n,2,304.25,5.75,D,0
17.36748,105.14975,334.46,0.51,0.41,2025-02-27,630,N,VIIRS,l,2,305.56,5.14,D,0
17.36822,105.27372,331.08,0.52,0.41,2025-02-27,630,N,VIIRS,l,2,304.78,4.26,D,0
17.36835,104.84105,338.11,0.49,0.4,2025-02-27,630,N,VIIRS,l,2,311.7,6.36,D,0
17.36882,105.21885,343.13,0.52,0.41,2025-02-27,630,N,VIIRS,n,2,305.61,4.43,D,0
17.36898,104.84569,339.35,0.49,0.4,2025-02-27,630,N,VIIRS,l,2,312.06,5.8,D,0
17.37001,105.13958,331.11,0.51,0.41,2025-02-27,630,N,VIIRS,l,2,303.24,3.82,D,0
17.37351,104.96391,341.88,0.5,0.41,2025-02-27,630,N,VIIRS,n,2,312.29,32.43,D,0
17.3829,104.9483,331.01,0.5,0.41,2025-02-27,630,N,VIIRS,n,2,303.6,2.7,D,0
17.39607,105.54922,335.41,0.54,0.42,2025-02-27,630,N,VIIRS,n,2,303.48,4.1,D,0
17.44583,104.81704,336.04,0.49,0.4,2025-02-27,630,N,VIIRS,l,2,307.75,4.48,D,0
17.44646,104.82169,336.06,0.49,0.4,2025-02-27,630,N,VIIRS,l,2,308.65,4.48,D,0
17.45019,104.82115,340.78,0.49,0.4,2025-02-27,630,N,VIIRS,n,2,307.13,4.48,D,0
17.47236,105.13161,335.94,0.51,0.41,2025-02-27,630,N,VIIRS,l,2,306.57,5.59,D,0
17.48013,105.68117,331.25,0.55,0.43,2025-02-27,630,N,VIIRS,l,2,306.03,3.8,D,0
17.48148,104.94003,335.48,0.5,0.41,2025-02-27,630,N,VIIRS,l,2,307.14,157.84,D,0
17.50998,105.47881,330.42,0.53,0.42,2025-02-27,630,N,VIIRS,l,2,304.7,3.42,D,0
17.52309,104.8455,341.41,0.5,0.41,2025-02-27,630,N,VIIRS,n,2,307.89,4.59,D,0
17.52826,105.1811,337.42,0.52,0.41,2025-02-27,630,N,VIIRS,l,2,309.33,6.73,D,0
17.52902,105.17816,344.38,0.52,0.41,2025-02-27,630,N,VIIRS,n,2,310,5.94,D,0
17.53262,104.74548,346.48,0.49,0.4,2025-02-27,630,N,VIIRS,n,2,311.65,5.69,D,0
17.54865,105.2951,335.63,0.52,0.42,2025-02-27,630,N,VIIRS,n,2,304.96,14.48,D,0
17.55036,105.29282,337.58,0.52,0.42,2025-02-27,630,N,VIIRS,n,2,303.86,14.91,D,0
17.55409,105.66535,334.38,0.55,0.43,2025-02-27,630,N,VIIRS,n,2,303.11,4.41,D,0
17.55803,105.66486,335.1,0.55,0.43,2025-02-27,630,N,VIIRS,n,2,301.68,5.53,D,0
17.62702,104.67686,342.81,0.49,0.4,2025-02-27,630,N,VIIRS,n,2,306.93,4.1,D,0
17.63143,105.28435,336.2,0.52,0.42,2025-02-27,630,N,VIIRS,n,2,303.81,4.93,D,0
17.65973,100.40765,332.85,0.39,0.36,2025-02-27,630,N,VIIRS,n,2,301.88,1.76,D,0
17.69346,104.62208,331.14,0.48,0.4,2025-02-27,630,N,VIIRS,l,2,305.58,2.57,D,0
17.71134,104.64287,337.78,0.49,0.4,2025-02-27,630,N,VIIRS,l,2,312.29,6.13,D,0
17.71444,104.63774,341.55,0.49,0.4,2025-02-27,630,N,VIIRS,l,2,314.21,10.15,D,0
17.71906,100.44187,330.71,0.39,0.36,2025-02-27,630,N,VIIRS,l,2,301.61,1.16,D,0
17.74733,105.29028,335.27,0.53,0.42,2025-02-27,630,N,VIIRS,n,2,300.29,3.33,D,0
17.88561,104.9174,331.97,0.5,0.41,2025-02-27,630,N,VIIRS,n,2,300.4,7.64,D,0
17.94707,104.43101,344.41,0.48,0.4,2025-02-27,630,N,VIIRS,n,2,308.71,5.17,D,0
17.98728,104.29305,345.5,0.47,0.4,2025-02-27,630,N,VIIRS,n,2,307.45,26.32,D,0
17.98828,104.38458,335.15,0.48,0.4,2025-02-27,630,N,VIIRS,n,2,306.91,6.64,D,0
18.07274,104.23705,342.79,0.47,0.4,2025-02-27,630,N,VIIRS,n,2,305.81,4.71,D,0
18.19377,102.46873,335.94,0.4,0.37,2025-02-27,630,N,VIIRS,n,2,304.51,1.99,D,0
18.21284,105.03965,336.04,0.52,0.41,2025-02-27,630,N,VIIRS,n,2,307,4.17,D,0
18.2162,102.5279,335.63,0.41,0.37,2025-02-27,630,N,VIIRS,l,2,305.74,4.17,D,0
18.30587,103.23373,340.74,0.43,0.38,2025-02-27,630,N,VIIRS,n,2,305.08,4.6,D,0
18.35614,100.2285,336.91,0.39,0.36,2025-02-27,630,N,VIIRS,l,2,308,4.18,D,0
18.37054,102.29279,335.26,0.4,0.37,2025-02-27,630,N,VIIRS,n,2,304.42,3.71,D,0
18.37393,102.29227,337.88,0.4,0.37,2025-02-27,630,N,VIIRS,n,2,305.27,10.66,D,0
18.38523,101.83743,338.33,0.39,0.36,2025-02-27,630,N,VIIRS,n,2,304.13,4.64,D,0
18.41419,103.18472,337.53,0.43,0.38,2025-02-27,630,N,VIIRS,n,2,304.01,4.62,D,0
18.41671,100.33403,343.77,0.39,0.36,2025-02-27,630,N,VIIRS,n,2,303.54,5.36,D,0
18.41849,103.68639,337.04,0.45,0.39,2025-02-27,630,N,VIIRS,n,2,305.36,6.02,D,0
18.59404,102.93032,347.65,0.42,0.38,2025-02-27,630,N,VIIRS,n,2,305.82,13.5,D,0
18.59667,100.11954,332.45,0.39,0.36,2025-02-27,630,N,VIIRS,n,2,301.63,3.02,D,0
18.60056,100.12261,334.54,0.39,0.36,2025-02-27,630,N,VIIRS,n,2,301.07,3.02,D,0
18.62577,103.18116,342.07,0.43,0.38,2025-02-27,630,N,VIIRS,n,2,304.54,5.05,D,0
18.79504,100.79778,334.41,0.38,0.36,2025-02-27,630,N,VIIRS,l,2,306.05,1.49,D,0
18.87681,101.70443,334.4,0.39,0.36,2025-02-27,630,N,VIIRS,n,2,304.39,2.44,D,0
18.97208,101.5336,332.67,0.39,0.36,2025-02-27,630,N,VIIRS,l,2,307.19,1.79,D,0
19.10586,103.22319,331.66,0.43,0.38,2025-02-27,630,N,VIIRS,l,2,303.75,2.59,D,0
19.09044,101.41872,341.85,0.39,0.36,2025-02-27,631,N,VIIRS,n,2,299.5,4.16,D,0
19.14974,100.90606,335.61,0.38,0.36,2025-02-27,631,N,VIIRS,n,2,308.5,5.77,D,0
19.15036,101.47765,332.03,0.39,0.36,2025-02-27,631,N,VIIRS,n,2,302.02,2.06,D,0
19.15193,101.93535,335.66,0.4,0.37,2025-02-27,631,N,VIIRS,n,2,304.03,2.17,D,0
19.24117,100.88654,335.47,0.38,0.36,2025-02-27,631,N,VIIRS,l,2,307.42,3.49,D,0
19.24339,100.8787,343.23,0.38,0.36,2025-02-27,631,N,VIIRS,n,2,308.37,2.78,D,0
19.24785,101.61373,340.25,0.39,0.36,2025-02-27,631,N,VIIRS,n,2,304.67,3.42,D,0
19.24838,100.86665,357.88,0.38,0.36,2025-02-27,631,N,VIIRS,n,2,312.09,13.25,D,0
19.25501,100.86555,342.17,0.38,0.36,2025-02-27,631,N,VIIRS,n,2,307.07,2.66,D,0
19.25556,100.86919,335.43,0.38,0.36,2025-02-27,631,N,VIIRS,n,2,307.52,2.66,D,0
19.26513,101.27583,331.64,0.39,0.36,2025-02-27,631,N,VIIRS,n,2,302.69,2.26,D,0
19.28346,102.34461,335.42,0.41,0.37,2025-02-27,631,N,VIIRS,l,2,308.31,11.77,D,0
19.28518,100.15047,330.19,0.39,0.36,2025-02-27,631,N,VIIRS,l,2,302.13,3.06,D,0
19.32657,101.8233,338.68,0.4,0.37,2025-02-27,631,N,VIIRS,n,2,311.95,6.37,D,0
19.33921,101.73632,337.53,0.39,0.37,2025-02-27,631,N,VIIRS,l,2,310.66,3.34,D,0
19.34602,101.24723,336.3,0.39,0.36,2025-02-27,631,N,VIIRS,n,2,300.31,3.44,D,0
19.36489,101.24079,333.24,0.39,0.36,2025-02-27,631,N,VIIRS,n,2,303.64,1.47,D,0
19.45796,101.24835,340.67,0.39,0.36,2025-02-27,631,N,VIIRS,n,2,310.05,4.89,D,0
19.46347,101.24695,333.87,0.39,0.36,2025-02-27,631,N,VIIRS,l,2,304.01,3.89,D,0
19.46646,102.70893,334.89,0.42,0.38,2025-02-27,631,N,VIIRS,n,2,307.71,1.54,D,0
19.49506,100.52922,336.87,0.38,0.36,2025-02-27,631,N,VIIRS,n,2,303,3.75,D,0
19.4956,103.8895,333.3,0.47,0.4,2025-02-27,631,N,VIIRS,n,2,303.39,3.16,D,0
19.49837,100.52866,336.7,0.38,0.36,2025-02-27,631,N,VIIRS,n,2,301.41,3.27,D,0
19.50683,102.05346,332.5,0.4,0.37,2025-02-27,631,N,VIIRS,l,2,304.84,4.1,D,0
19.51019,102.0528,330.74,0.4,0.37,2025-02-27,631,N,VIIRS,l,2,301.31,4.1,D,0
19.51386,102.89819,333.81,0.43,0.38,2025-02-27,631,N,VIIRS,n,2,302.56,3.35,D,0
19.53763,101.83595,338.88,0.4,0.37,2025-02-27,631,N,VIIRS,n,2,310.02,3.41,D,0
19.56405,101.10258,335.54,0.39,0.36,2025-02-27,631,N,VIIRS,n,2,307.33,1.87,D,0
19.58374,100.5362,336.27,0.38,0.36,2025-02-27,631,N,VIIRS,n,2,303.37,2.8,D,0
19.63925,102.05628,337.8,0.4,0.37,2025-02-27,631,N,VIIRS,n,2,311.04,3.03,D,0
19.71012,101.74953,334.52,0.4,0.37,2025-02-27,631,N,VIIRS,l,2,305.36,20.74,D,0
19.71292,101.74511,334.2,0.4,0.37,2025-02-27,631,N,VIIRS,n,2,303.57,3.76,D,0
19.80799,102.04176,335.41,0.4,0.37,2025-02-27,631,N,VIIRS,n,2,308.28,3.92,D,0
19.81456,101.96616,337.59,0.4,0.37,2025-02-27,631,N,VIIRS,n,2,307.54,3.37,D,0
19.8284,101.86977,340.24,0.4,0.37,2025-02-27,631,N,VIIRS,n,2,303.08,5.24,D,0
19.83029,102.10106,338.54,0.4,0.37,2025-02-27,631,N,VIIRS,n,2,305.25,5.56,D,0
19.84215,101.96542,335.7,0.4,0.37,2025-02-27,631,N,VIIRS,l,2,308.11,2.84,D,0
19.90244,102.21661,339.18,0.41,0.37,2025-02-27,631,N,VIIRS,n,2,307.1,5.77,D,0
19.91386,102.19891,333.15,0.41,0.37,2025-02-27,631,N,VIIRS,l,2,306.66,2.75,D,0
19.91928,102.35969,335.31,0.41,0.37,2025-02-27,631,N,VIIRS,n,2,303.98,6.24,D,0
19.92131,102.49806,334.44,0.42,0.37,2025-02-27,631,N,VIIRS,l,2,308.31,4.1,D,0
19.96498,102.5081,333.48,0.42,0.37,2025-02-27,631,N,VIIRS,l,2,307.34,2.99,D,0
19.99467,103.31728,334.56,0.45,0.39,2025-02-27,631,N,VIIRS,n,2,306.98,3.6,D,0
19.99712,103.30848,343.88,0.45,0.39,2025-02-27,631,N,VIIRS,n,2,306.23,9.1,D,0
20.00454,102.76295,331.9,0.42,0.38,2025-02-27,631,N,VIIRS,n,2,301.33,1.99,D,0
20.0061,102.76385,338.47,0.43,0.38,2025-02-27,631,N,VIIRS,n,2,305.64,9.86,D,0
20.01092,100.29787,333.63,0.38,0.36,2025-02-27,631,N,VIIRS,n,2,302.91,4.3,D,0
20.01535,100.30463,342.77,0.38,0.36,2025-02-27,631,N,VIIRS,n,2,307.47,121.34,D,0
20.01844,101.38435,332.08,0.39,0.36,2025-02-27,631,N,VIIRS,l,2,305.67,0.99,D,0
20.01866,100.30406,341.55,0.38,0.36,2025-02-27,631,N,VIIRS,n,2,302.21,5.21,D,0
20.04846,102.60902,347.75,0.42,0.38,2025-02-27,631,N,VIIRS,n,2,308.73,3.66,D,0
20.05159,103.83025,334.12,0.47,0.4,2025-02-27,631,N,VIIRS,n,2,305.26,2.07,D,0
20.07569,100.72639,333.94,0.39,0.36,2025-02-27,631,N,VIIRS,n,2,301.1,2.88,D,0
20.12479,103.29356,333.41,0.45,0.39,2025-02-27,631,N,VIIRS,n,2,307.56,2.34,D,0
20.1324,103.84972,334.31,0.47,0.4,2025-02-27,631,N,VIIRS,n,2,305.68,4.29,D,0
20.19987,102.4516,335.14,0.42,0.37,2025-02-27,631,N,VIIRS,n,2,304.47,1.85,D,0
20.25145,102.85209,349.22,0.43,0.38,2025-02-27,631,N,VIIRS,n,2,314.12,12.29,D,0
20.27738,103.33092,333.17,0.45,0.39,2025-02-27,631,N,VIIRS,n,2,299.88,2.94,D,0
20.38845,103.88109,330.35,0.48,0.4,2025-02-27,631,N,VIIRS,n,2,300.71,1.84,D,0
20.3966,103.74391,339.07,0.47,0.4,2025-02-27,631,N,VIIRS,n,2,308.21,13.69,D,0
20.42261,103.08209,347.88,0.44,0.38,2025-02-27,631,N,VIIRS,n,2,309.14,8.9,D,0
20.46038,103.33417,342.99,0.45,0.39,2025-02-27,631,N,VIIRS,n,2,303.64,12.83,D,0
20.46534,103.53594,337.1,0.46,0.39,2025-02-27,631,N,VIIRS,n,2,306.29,5.01,D,0
20.61926,104.12232,346.09,0.49,0.4,2025-02-27,631,N,VIIRS,n,2,306.9,6.11,D,0
20.62156,104.12029,342.81,0.49,0.4,2025-02-27,631,N,VIIRS,n,2,309.69,7.55,D,0
20.64648,102.64073,338.28,0.43,0.38,2025-02-27,631,N,VIIRS,n,2,304.02,5.31,D,0
20.66974,103.51036,332.7,0.46,0.39,2025-02-27,631,N,VIIRS,n,2,304.2,3.49,D,0
20.6958,101.94406,333.38,0.41,0.37,2025-02-27,631,N,VIIRS,n,2,306.06,2.06,D,0
20.69635,101.94796,333.12,0.41,0.37,2025-02-27,631,N,VIIRS,n,2,305.45,2.88,D,0
20.73083,103.77679,333.9,0.48,0.4,2025-02-27,631,N,VIIRS,n,2,301.79,3.64,D,0
20.76104,102.71816,336.91,0.43,0.38,2025-02-27,631,N,VIIRS,n,2,305.07,3.08,D,0
20.80384,103.43073,340.32,0.46,0.39,2025-02-27,631,N,VIIRS,n,2,302.06,4.61,D,0
20.82917,103.42742,332.82,0.46,0.39,2025-02-27,631,N,VIIRS,n,2,304.61,2.64,D,0
20.86555,103.25319,332.77,0.45,0.39,2025-02-27,631,N,VIIRS,n,2,301.58,3.16,D,0
20.90314,104.18443,330.48,0.5,0.41,2025-02-27,631,N,VIIRS,l,2,305.05,5.29,D,0
20.94829,103.65282,331.68,0.47,0.4,2025-02-27,631,N,VIIRS,n,2,303.06,3.31,D,0
20.9543,104.40087,332.15,0.51,0.41,2025-02-27,631,N,VIIRS,n,2,300.89,1.74,D,0
21.12763,100.45935,336.09,0.39,0.36,2025-02-27,631,N,VIIRS,n,2,303.49,4.95,D,0
21.18943,100.55454,339.39,0.39,0.36,2025-02-27,631,N,VIIRS,n,2,299.99,5.82,D,0
21.36013,101.25565,344.68,0.39,0.37,2025-02-27,631,N,VIIRS,n,2,302.62,4.1,D,0
21.39557,100.26171,329.15,0.38,0.36,2025-02-27,631,N,VIIRS,n,2,299.31,0.86,D,0
21.66805,101.82552,335.52,0.41,0.37,2025-02-27,631,N,VIIRS,n,2,302.98,4.09,D,0
21.67145,101.82491,335.22,0.41,0.37,2025-02-27,631,N,VIIRS,n,2,299.75,4.09,D,0
21.82907,100.40323,335.05,0.39,0.36,2025-02-27,631,N,VIIRS,n,2,299.51,2.58,D,0
21.88982,100.37759,340.07,0.39,0.36,2025-02-27,631,N,VIIRS,n,2,302.9,5.6,D,0
22.12231,100.44075,329.36,0.39,0.36,2025-02-27,631,N,VIIRS,n,2,298.17,4.64,D,0
22.33776,100.48077,333.48,0.39,0.36,2025-02-27,631,N,VIIRS,n,2,303.49,4.59,D,0
22.44623,100.41555,332.47,0.39,0.36,2025-02-27,631,N,VIIRS,n,2,301.43,2.67,D,0
22.44955,100.41497,331.66,0.39,0.36,2025-02-27,631,N,VIIRS,n,2,297.39,3.61,D,0
19.99719,102.9274,304.72,0.48,0.4,2025-02-27,1900,N,VIIRS,n,2,287.57,0.7,N,0
20.43953,100.10751,305.72,0.39,0.36,2025-02-27,1900,N,VIIRS,n,2,289.1,0.48,N,0
20.46337,103.53264,296.72,0.5,0.41,2025-02-27,1900,N,VIIRS,n,2,286.69,0.69,N,0
20.88484,101.78585,304.17,0.42,0.38,2025-02-27,1900,N,VIIRS,n,2,286.26,0.56,N,0
20.99233,100.12966,297.37,0.39,0.36,2025-02-27,1900,N,VIIRS,n,2,286.09,0.27,N,0
16.02605,105.29941,303.85,0.5,0.49,2025-02-27,1901,N,VIIRS,n,2,289.77,1.07,N,0
16.02656,105.30137,303.54,0.5,0.49,2025-02-27,1901,N,VIIRS,n,2,289.97,1.06,N,0
16.0829,105.04372,304.23,0.48,0.48,2025-02-27,1901,N,VIIRS,n,2,289.48,0.56,N,0
16.23826,104.69115,320.23,0.46,0.47,2025-02-27,1901,N,VIIRS,n,2,290.24,1.35,N,0
16.25935,104.73028,302.25,0.46,0.47,2025-02-27,1901,N,VIIRS,n,2,289.47,0.37,N,0
16.27017,104.697,304.94,0.46,0.47,2025-02-27,1901,N,VIIRS,n,2,289.43,0.35,N,0
16.27123,104.11449,312.42,0.42,0.45,2025-02-27,1901,N,VIIRS,n,2,285.6,0.81,N,0
16.29235,104.62707,304.67,0.45,0.47,2025-02-27,1901,N,VIIRS,n,2,287.43,0.94,N,0
16.32201,103.95654,323.6,0.41,0.45,2025-02-27,1901,N,VIIRS,n,2,290.6,2.1,N,0
16.33781,102.19384,317.66,0.49,0.4,2025-02-27,1901,N,VIIRS,n,2,291.04,1.37,N,0
16.34673,102.25224,302.65,0.49,0.41,2025-02-27,1901,N,VIIRS,n,2,290.98,1.73,N,0
16.35044,102.25293,329.03,0.49,0.41,2025-02-27,1901,N,VIIRS,n,2,291.82,1.73,N,0
16.35622,103.26778,300.18,0.56,0.43,2025-02-27,1901,N,VIIRS,n,2,286.46,0.7,N,0
16.39769,102.27358,308.46,0.49,0.41,2025-02-27,1901,N,VIIRS,n,2,290.96,1.25,N,0
16.40775,102.19524,322.3,0.49,0.4,2025-02-27,1901,N,VIIRS,n,2,291.2,2.22,N,0
16.4519,103.04904,310.34,0.54,0.42,2025-02-27,1901,N,VIIRS,n,2,290.51,1.17,N,0
16.45196,103.04746,305.98,0.54,0.42,2025-02-27,1901,N,VIIRS,n,2,290.5,1.06,N,0
16.45597,104.07495,303.28,0.42,0.45,2025-02-27,1901,N,VIIRS,n,2,282.76,1.04,N,0
16.47059,104.01809,304.49,0.41,0.45,2025-02-27,1901,N,VIIRS,n,2,290.08,0.49,N,0
16.4802,104.58022,300.92,0.45,0.47,2025-02-27,1901,N,VIIRS,n,2,290.76,0.64,N,0
16.48336,104.57941,305.06,0.44,0.46,2025-02-27,1901,N,VIIRS,n,2,290.94,1.34,N,0
16.48445,104.58113,303.26,0.45,0.47,2025-02-27,1901,N,VIIRS,n,2,291.32,0.64,N,0
16.50093,103.39752,307.81,0.57,0.43,2025-02-27,1901,N,VIIRS,n,2,291.18,1.05,N,0
16.50578,103.90948,322.49,0.4,0.45,2025-02-27,1901,N,VIIRS,n,2,289.43,1.93,N,0
16.50696,103.91087,322.74,0.4,0.45,2025-02-27,1901,N,VIIRS,n,2,289.59,2.19,N,0
16.51849,103.8003,326.38,0.4,0.44,2025-02-27,1901,N,VIIRS,n,2,291.7,1.84,N,0
16.51973,105.38322,300.83,0.5,0.49,2025-02-27,1901,N,VIIRS,n,2,288.74,1.36,N,0
16.52157,105.42255,301.75,0.5,0.49,2025-02-27,1901,N,VIIRS,n,2,289.41,0.71,N,0
16.5262,102.59709,312.12,0.51,0.41,2025-02-27,1901,N,VIIRS,n,2,290.64,1.51,N,0
16.52637,102.60011,303.86,0.51,0.41,2025-02-27,1901,N,VIIRS,n,2,290.11,0.64,N,0
16.5272,102.59537,302.41,0.51,0.41,2025-02-27,1901,N,VIIRS,n,2,290.48,0.88,N,0
16.5586,103.32745,301.37,0.56,0.43,2025-02-27,1901,N,VIIRS,n,2,290.74,0.83,N,0
16.57178,103.38984,300.96,0.56,0.43,2025-02-27,1901,N,VIIRS,n,2,290.84,0.84,N,0
16.57824,103.63287,304.73,0.39,0.44,2025-02-27,1901,N,VIIRS,n,2,287.02,0.38,N,0
16.59162,105.60188,320.62,0.51,0.5,2025-02-27,1901,N,VIIRS,n,2,288.47,2.35,N,0
16.60172,105.35411,308.45,0.5,0.49,2025-02-27,1901,N,VIIRS,n,2,288.89,1.06,N,0
16.6044,105.36427,302.86,0.5,0.49,2025-02-27,1901,N,VIIRS,n,2,288.82,0.55,N,0
16.60556,104.64609,303.98,0.45,0.47,2025-02-27,1901,N,VIIRS,n,2,289.59,1.09,N,0
16.60893,105.51113,298.73,0.51,0.49,2025-02-27,1901,N,VIIRS,n,2,288.42,0.75,N,0
16.60965,103.80235,303.58,0.4,0.44,2025-02-27,1901,N,VIIRS,n,2,289.73,0.68,N,0
16.61032,103.79865,319.89,0.4,0.44,2025-02-27,1901,N,VIIRS,n,2,290,1.72,N,0
16.61793,105.48843,304.65,0.51,0.49,2025-02-27,1901,N,VIIRS,n,2,288.25,1,N,0
16.63206,104.346,306.38,0.43,0.46,2025-02-27,1901,N,VIIRS,n,2,291.64,1.38,N,0
16.64739,104.31109,302.22,0.43,0.46,2025-02-27,1901,N,VIIRS,n,2,290.18,0.84,N,0
16.65175,104.30923,307.25,0.43,0.46,2025-02-27,1901,N,VIIRS,n,2,291.17,1.3,N,0
16.65232,104.30791,305.12,0.43,0.46,2025-02-27,1901,N,VIIRS,n,2,290.48,0.36,N,0
16.67635,103.29798,301.81,0.56,0.43,2025-02-27,1901,N,VIIRS,n,2,290.25,0.76,N,0
16.69654,104.32562,301.78,0.43,0.46,2025-02-27,1901,N,VIIRS,n,2,289.99,0.24,N,0
16.69657,104.90505,309.6,0.46,0.47,2025-02-27,1901,N,VIIRS,n,2,280.98,1.27,N,0
16.69993,105.50364,328.86,0.5,0.49,2025-02-27,1901,N,VIIRS,n,2,288.36,3.89,N,0
16.70394,103.32488,310.71,0.56,0.43,2025-02-27,1901,N,VIIRS,n,2,290.71,1.7,N,0
16.7179,104.51337,310.26,0.44,0.46,2025-02-27,1901,N,VIIRS,n,2,289.05,0.73,N,0
16.71881,104.51067,308.66,0.44,0.46,2025-02-27,1901,N,VIIRS,n,2,289.14,0.64,N,0
16.72672,103.01833,318.04,0.54,0.42,2025-02-27,1901,N,VIIRS,n,2,291.06,2.15,N,0
16.73941,105.46789,303.06,0.5,0.49,2025-02-27,1901,N,VIIRS,n,2,287.91,0.97,N,0
16.74001,104.86481,304.65,0.46,0.47,2025-02-27,1901,N,VIIRS,n,2,282.77,1.37,N,0
16.74253,103.94151,305.39,0.4,0.44,2025-02-27,1901,N,VIIRS,n,2,292.01,0.99,N,0
16.74389,105.46884,305.31,0.5,0.49,2025-02-27,1901,N,VIIRS,n,2,288.32,0.97,N,0
16.74658,103.94238,308.39,0.4,0.44,2025-02-27,1901,N,VIIRS,n,2,291.97,1.19,N,0
16.7481,102.46275,303.29,0.5,0.41,2025-02-27,1901,N,VIIRS,n,2,290.99,0.61,N,0
16.7483,103.05359,312.77,0.54,0.42,2025-02-27,1901,N,VIIRS,n,2,290.44,1.84,N,0
16.75507,103.1979,305.13,0.55,0.42,2025-02-27,1901,N,VIIRS,n,2,290.23,0.88,N,0
16.75513,103.06006,309.7,0.54,0.42,2025-02-27,1901,N,VIIRS,n,2,290.33,1.35,N,0
16.76164,103.04581,312.22,0.54,0.42,2025-02-27,1901,N,VIIRS,n,2,290.56,1.7,N,0
16.76257,103.04799,311.26,0.54,0.42,2025-02-27,1901,N,VIIRS,n,2,290.37,1.29,N,0
16.76838,102.98528,306.65,0.53,0.42,2025-02-27,1901,N,VIIRS,n,2,290.45,1.04,N,0
16.77227,105.24535,302.73,0.48,0.48,2025-02-27,1901,N,VIIRS,n,2,288.61,0.63,N,0
16.78511,104.38842,316.79,0.43,0.46,2025-02-27,1901,N,VIIRS,n,2,290.71,1.19,N,0
16.78584,104.38454,301.82,0.43,0.46,2025-02-27,1901,N,VIIRS,n,2,290.55,1.19,N,0
16.78928,104.38927,303.72,0.43,0.46,2025-02-27,1901,N,VIIRS,n,2,290.65,0.96,N,0
16.79291,104.80393,321.92,0.45,0.47,2025-02-27,1901,N,VIIRS,n,2,279.86,1.78,N,0
16.79587,103.10609,327.44,0.54,0.42,2025-02-27,1901,N,VIIRS,n,2,292.7,6.51,N,0
16.79679,103.10102,326.24,0.54,0.42,2025-02-27,1901,N,VIIRS,n,2,292.22,7.51,N,0
16.80006,101.36143,304.38,0.44,0.39,2025-02-27,1901,N,VIIRS,n,2,292.34,0.95,N,0
16.83269,104.48045,316.58,0.43,0.46,2025-02-27,1901,N,VIIRS,n,2,292.26,2.37,N,0
16.83308,104.4811,317.99,0.43,0.46,2025-02-27,1901,N,VIIRS,n,2,292.27,2.16,N,0
16.85193,102.09869,303.96,0.48,0.4,2025-02-27,1901,N,VIIRS,n,2,291.17,0.82,N,0
16.8599,104.82661,314.22,0.45,0.47,2025-02-27,1901,N,VIIRS,n,2,289.6,1.49,N,0
16.8626,104.83604,299.97,0.46,0.47,2025-02-27,1901,N,VIIRS,n,2,289.53,0.83,N,0
16.86339,104.83176,308.97,0.45,0.47,2025-02-27,1901,N,VIIRS,n,2,289.42,1.49,N,0
16.8692,103.8466,308.84,0.4,0.44,2025-02-27,1901,N,VIIRS,n,2,291.64,1.37,N,0
16.87119,104.83778,310.11,0.46,0.47,2025-02-27,1901,N,VIIRS,n,2,289.04,1.36,N,0
16.87136,104.22491,310.21,0.42,0.45,2025-02-27,1901,N,VIIRS,n,2,285.15,1.15,N,0
16.87341,104.83643,313.94,0.45,0.47,2025-02-27,1901,N,VIIRS,n,2,289.41,2.38,N,0
16.87558,104.22526,302.7,0.42,0.45,2025-02-27,1901,N,VIIRS,n,2,286.59,1.15,N,0
16.87626,104.22151,306.16,0.42,0.45,2025-02-27,1901,N,VIIRS,n,2,289.26,1.15,N,0
16.87699,104.2251,303.62,0.42,0.45,2025-02-27,1901,N,VIIRS,n,2,286.11,1.17,N,0
16.87708,103.12392,304.41,0.54,0.42,2025-02-27,1901,N,VIIRS,n,2,290.67,1.36,N,0
16.87766,103.18653,310.76,0.54,0.42,2025-02-27,1901,N,VIIRS,n,2,291.6,2.14,N,0
16.87771,104.22134,307.34,0.42,0.45,2025-02-27,1901,N,VIIRS,n,2,290.88,1.17,N,0
16.87908,104.22948,297.17,0.42,0.45,2025-02-27,1901,N,VIIRS,n,2,283.12,0.3,N,0
16.87979,104.22564,301.37,0.42,0.45,2025-02-27,1901,N,VIIRS,n,2,286.43,1.65,N,0
16.88249,104.33229,309.73,0.42,0.45,2025-02-27,1901,N,VIIRS,n,2,291.03,1.39,N,0
16.8909,105.04991,318.06,0.47,0.48,2025-02-27,1901,N,VIIRS,n,2,287.45,2.73,N,0
16.89343,102.69464,338.14,0.51,0.41,2025-02-27,1901,N,VIIRS,n,2,291.36,5.51,N,0
16.90318,103.13425,315.53,0.54,0.42,2025-02-27,1901,N,VIIRS,n,2,290.91,2.04,N,0
16.9045,103.17117,308.13,0.54,0.42,2025-02-27,1901,N,VIIRS,n,2,290.33,1.31,N,0
16.91862,103.13734,309.99,0.54,0.42,2025-02-27,1901,N,VIIRS,n,2,290.61,1.35,N,0
16.91943,103.31165,302.7,0.55,0.43,2025-02-27,1901,N,VIIRS,n,2,291.49,1.47,N,0
16.95613,104.09863,308.16,0.41,0.45,2025-02-27,1901,N,VIIRS,n,2,291.47,0.77,N,0
16.96025,104.09927,304.3,0.41,0.45,2025-02-27,1901,N,VIIRS,n,2,291.4,0.64,N,0
16.96239,103.60986,313.56,0.57,0.43,2025-02-27,1901,N,VIIRS,n,2,290.24,1.56,N,0
16.98036,102.11633,306.15,0.48,0.4,2025-02-27,1901,N,VIIRS,n,2,291.2,0.75,N,0
16.98605,103.68998,309.33,0.39,0.44,2025-02-27,1901,N,VIIRS,n,2,289.92,0.98,N,0
16.98909,103.59845,302.07,0.57,0.43,2025-02-27,1901,N,VIIRS,n,2,290.47,0.59,N,0
16.98945,105.19693,300.79,0.48,0.48,2025-02-27,1901,N,VIIRS,n,2,288.85,0.93,N,0
16.99131,103.5955,302.44,0.57,0.43,2025-02-27,1901,N,VIIRS,n,2,290.92,0.83,N,0
16.99405,103.71365,311.19,0.39,0.44,2025-02-27,1901,N,VIIRS,n,2,291.96,1.4,N,0
17.00076,103.72211,305.13,0.39,0.44,2025-02-27,1901,N,VIIRS,n,2,293.13,1.11,N,0
17.00664,103.8026,304.14,0.39,0.44,2025-02-27,1901,N,VIIRS,n,2,292.51,1.07,N,0
17.00732,103.79887,309.73,0.39,0.44,2025-02-27,1901,N,VIIRS,n,2,293.11,1.18,N,0
17.01041,103.29923,305.14,0.55,0.43,2025-02-27,1901,N,VIIRS,n,2,290.68,1.29,N,0
17.01131,103.79978,302.63,0.39,0.44,2025-02-27,1901,N,VIIRS,n,2,292.6,1.18,N,0
17.01283,105.16949,299.64,0.47,0.48,2025-02-27,1901,N,VIIRS,n,2,289.28,0.69,N,0
17.03506,102.14292,308.29,0.48,0.4,2025-02-27,1901,N,VIIRS,n,2,290.71,0.94,N,0
17.03563,102.14532,307.71,0.48,0.4,2025-02-27,1901,N,VIIRS,n,2,290.89,0.74,N,0
17.04465,103.55094,302.56,0.57,0.43,2025-02-27,1901,N,VIIRS,n,2,290.16,1.47,N,0
17.13467,101.76931,306.41,0.46,0.39,2025-02-27,1901,N,VIIRS,n,2,290.2,1.23,N,0
17.13527,103.07533,304.76,0.53,0.42,2025-02-27,1901,N,VIIRS,n,2,290.34,0.88,N,0
17.16575,105.0568,300.88,0.46,0.47,2025-02-27,1901,N,VIIRS,n,2,290.13,0.66,N,0
17.16602,105.05336,305.27,0.46,0.47,2025-02-27,1901,N,VIIRS,n,2,289.92,1.33,N,0
17.16659,105.05246,300.14,0.46,0.47,2025-02-27,1901,N,VIIRS,n,2,289.73,0.66,N,0
17.19789,103.41975,303.11,0.55,0.43,2025-02-27,1901,N,VIIRS,n,2,291.74,0.8,N,0
17.22268,102.16711,301.19,0.48,0.4,2025-02-27,1901,N,VIIRS,n,2,291.06,0.56,N,0
17.22366,105.05975,303.62,0.46,0.47,2025-02-27,1901,N,VIIRS,n,2,289.07,0.74,N,0
17.22599,105.21481,299.5,0.47,0.48,2025-02-27,1901,N,VIIRS,n,2,288.52,1.03,N,0
17.23207,105.20659,307.45,0.47,0.48,2025-02-27,1901,N,VIIRS,n,2,289.32,1.39,N,0
17.23261,105.20421,302.72,0.47,0.48,2025-02-27,1901,N,VIIRS,n,2,289.19,1.11,N,0
17.23311,101.80814,305.52,0.46,0.39,2025-02-27,1901,N,VIIRS,n,2,292.83,1.07,N,0
17.27551,105.50478,298.92,0.49,0.49,2025-02-27,1901,N,VIIRS,n,2,288.09,0.48,N,0
17.30072,104.44353,316.78,0.42,0.45,2025-02-27,1901,N,VIIRS,n,2,291.59,1.5,N,0
17.30487,104.44435,303.35,0.42,0.45,2025-02-27,1901,N,VIIRS,n,2,291.55,0.52,N,0
17.35346,101.80356,304.05,0.46,0.39,2025-02-27,1901,N,VIIRS,n,2,291.1,0.85,N,0
17.35557,104.6831,313.73,0.44,0.46,2025-02-27,1901,N,VIIRS,n,2,290.74,1.67,N,0
17.39114,105.52851,305.63,0.49,0.49,2025-02-27,1901,N,VIIRS,n,2,289.03,0.86,N,0
17.40204,104.31395,321.38,0.41,0.45,2025-02-27,1901,N,VIIRS,n,2,290.46,2.4,N,0
17.40375,104.31711,316.37,0.41,0.45,2025-02-27,1901,N,VIIRS,n,2,290.55,1.83,N,0
17.40449,104.31322,367,0.41,0.45,2025-02-27,1901,N,VIIRS,h,2,293.81,7.77,N,0
17.40615,104.31477,347.58,0.41,0.45,2025-02-27,1901,N,VIIRS,n,2,294.28,6.85,N,0
17.40686,104.31091,306.69,0.41,0.45,2025-02-27,1901,N,VIIRS,n,2,290.17,6.85,N,0
17.4086,104.31406,303.02,0.41,0.45,2025-02-27,1901,N,VIIRS,n,2,290.07,7.77,N,0
17.53002,104.79784,302.29,0.44,0.46,2025-02-27,1901,N,VIIRS,n,2,292.14,0.88,N,0
17.53311,104.80029,311.17,0.44,0.46,2025-02-27,1901,N,VIIRS,n,2,293.71,2.34,N,0
17.5344,104.79787,306.31,0.44,0.46,2025-02-27,1901,N,VIIRS,n,2,293.75,2.04,N,0
17.63133,102.31573,301.84,0.48,0.4,2025-02-27,1901,N,VIIRS,n,2,291.07,0.38,N,0
17.73611,104.24766,300.64,0.41,0.45,2025-02-27,1901,N,VIIRS,n,2,289.63,0.42,N,0
17.77663,104.82568,304.07,0.44,0.46,2025-02-27,1901,N,VIIRS,n,2,291.28,0.92,N,0
17.84417,104.60695,300.73,0.42,0.45,2025-02-27,1901,N,VIIRS,n,2,289.9,0.83,N,0
17.99035,104.29268,313.54,0.4,0.44,2025-02-27,1901,N,VIIRS,n,2,293.2,1.88,N,0
17.99103,104.28904,314.19,0.4,0.44,2025-02-27,1901,N,VIIRS,n,2,292.02,1.88,N,0
18.28212,102.63722,305.68,0.49,0.4,2025-02-27,1901,N,VIIRS,n,2,291.36,0.77,N,0
18.4239,100.32812,300.71,0.4,0.37,2025-02-27,1901,N,VIIRS,n,2,280.51,0.52,N,0
18.42727,100.32871,298.3,0.4,0.37,2025-02-27,1901,N,VIIRS,n,2,280.73,0.52,N,0
18.4517,100.22166,309.38,0.4,0.37,2025-02-27,1901,N,VIIRS,n,2,290.69,1.45,N,0
18.49898,101.38134,302.91,0.43,0.38,2025-02-27,1901,N,VIIRS,n,2,289.96,0.57,N,0
18.59591,101.55543,317.08,0.43,0.38,2025-02-27,1901,N,VIIRS,n,2,290.79,1.39,N,0
19.20776,101.60233,308.84,0.43,0.38,2025-02-27,1901,N,VIIRS,n,2,290.84,1.19,N,0
19.21125,101.60289,329.49,0.43,0.38,2025-02-27,1901,N,VIIRS,n,2,291.81,2.04,N,0
19.21473,101.60352,308.59,0.43,0.38,2025-02-27,1901,N,VIIRS,n,2,290.53,2.04,N,0
19.24524,101.61368,308.01,0.43,0.38,2025-02-27,1901,N,VIIRS,n,2,291.42,1.13,N,0
19.25149,101.59814,299.88,0.43,0.38,2025-02-27,1901,N,VIIRS,n,2,288.17,0.63,N,0
19.26121,101.58318,299.79,0.43,0.38,2025-02-27,1901,N,VIIRS,n,2,289.71,0.44,N,0
19.2841,100.4414,304.67,0.4,0.37,2025-02-27,1901,N,VIIRS,n,2,289.8,0.73,N,0
19.28556,100.44083,304.94,0.4,0.37,2025-02-27,1901,N,VIIRS,n,2,289.24,0.63,N,0
19.3147,101.73563,303.48,0.43,0.38,2025-02-27,1901,N,VIIRS,n,2,289.74,0.65,N,0
19.31819,101.73627,305.55,0.43,0.38,2025-02-27,1901,N,VIIRS,n,2,289.93,0.74,N,0
19.56559,101.11115,313.69,0.41,0.37,2025-02-27,1901,N,VIIRS,n,2,288.76,1.33,N,0
19.59873,100.60099,305.31,0.4,0.37,2025-02-27,1901,N,VIIRS,n,2,284.42,0.78,N,0
19.71072,101.74748,299.21,0.43,0.38,2025-02-27,1901,N,VIIRS,n,2,281.21,0.27,N,0
13.96517,106.1375,303.85,0.62,0.54,2025-02-27,1902,N,VIIRS,n,2,289.14,1.09,N,0
13.96749,107.28809,311.32,0.37,0.58,2025-02-27,1902,N,VIIRS,n,2,287,0.77,N,0
13.99457,101.66822,313.59,0.49,0.41,2025-02-27,1902,N,VIIRS,n,2,291.84,2.12,N,0
14.00846,106.36756,311.6,0.32,0.55,2025-02-27,1902,N,VIIRS,n,2,288.77,0.75,N,0
14.00905,106.36458,307.47,0.32,0.55,2025-02-27,1902,N,VIIRS,n,2,289.09,0.75,N,0
14.01424,105.41924,305.56,0.56,0.51,2025-02-27,1902,N,VIIRS,n,2,289.7,1.29,N,0
14.01692,101.8047,317.65,0.5,0.41,2025-02-27,1902,N,VIIRS,n,2,291.75,1.13,N,0
14.02824,106.48058,308.59,0.33,0.55,2025-02-27,1902,N,VIIRS,n,2,288.41,0.81,N,0
14.05556,106.49108,302.93,0.33,0.55,2025-02-27,1902,N,VIIRS,n,2,288.59,0.63,N,0
14.11281,104.86805,302.71,0.51,0.49,2025-02-27,1902,N,VIIRS,n,2,289.47,1.47,N,0
14.1182,104.86426,319.08,0.51,0.49,2025-02-27,1902,N,VIIRS,n,2,289.86,1.47,N,0
14.11908,104.85954,309.58,0.51,0.49,2025-02-27,1902,N,VIIRS,n,2,289.81,1.99,N,0
14.13621,104.03268,305.31,0.45,0.47,2025-02-27,1902,N,VIIRS,n,2,289.6,0.84,N,0
14.1406,101.26021,309.92,0.47,0.4,2025-02-27,1902,N,VIIRS,n,2,291.15,1.05,N,0
14.14604,103.29471,297.52,0.4,0.45,2025-02-27,1902,N,VIIRS,n,2,283.2,0.49,N,0
14.14886,101.64577,306.64,0.49,0.4,2025-02-27,1902,N,VIIRS,n,2,291.42,0.74,N,0
14.24371,106.37872,302.03,0.32,0.54,2025-02-27,1902,N,VIIRS,n,2,288.64,0.44,N,0
14.27687,105.31446,295.85,0.54,0.51,2025-02-27,1902,N,VIIRS,n,2,281.21,0.5,N,0
14.28814,103.86985,306.92,0.44,0.46,2025-02-27,1902,N,VIIRS,n,2,290.19,0.69,N,0
14.32279,103.98309,305.91,0.44,0.46,2025-02-27,1902,N,VIIRS,n,2,291.64,1.36,N,0
14.47554,102.42112,308.6,0.53,0.42,2025-02-27,1902,N,VIIRS,n,2,289.89,2,N,0
14.49726,105.08069,304.68,0.52,0.5,2025-02-27,1902,N,VIIRS,n,2,285.51,1.26,N,0
14.5709,100.76499,307.12,0.44,0.38,2025-02-27,1902,N,VIIRS,n,2,293.27,2.08,N,2
14.62924,101.09768,307.14,0.46,0.39,2025-02-27,1902,N,VIIRS,n,2,292.88,1.44,N,2
14.6329,101.07655,319.89,0.45,0.39,2025-02-27,1902,N,VIIRS,n,2,295.3,3.37,N,2
14.64646,101.0406,306.23,0.45,0.39,2025-02-27,1902,N,VIIRS,n,2,290.4,0.88,N,2
14.64679,107.05383,299.31,0.35,0.57,2025-02-27,1902,N,VIIRS,n,2,282.28,1.45,N,0
14.64738,107.05084,317.25,0.35,0.57,2025-02-27,1902,N,VIIRS,n,2,286.39,1.45,N,0
14.65003,101.04124,309.17,0.45,0.39,2025-02-27,1902,N,VIIRS,n,2,292.49,0.98,N,2
14.65975,103.22527,325.83,0.39,0.44,2025-02-27,1902,N,VIIRS,n,2,290.81,2.06,N,0
14.73967,100.2541,308.78,0.42,0.38,2025-02-27,1902,N,VIIRS,n,2,291.98,0.73,N,0
14.76649,102.62057,300.62,0.54,0.42,2025-02-27,1902,N,VIIRS,n,2,289.97,0.54,N,0
14.94192,100.66826,309.29,0.43,0.38,2025-02-27,1902,N,VIIRS,n,2,293,1.65,N,0
14.94542,100.66887,334.15,0.43,0.38,2025-02-27,1902,N,VIIRS,n,2,294.1,4.67,N,0
14.96459,101.34469,303.81,0.46,0.39,2025-02-27,1902,N,VIIRS,n,2,290.53,0.64,N,0
15.02206,101.22472,310.27,0.46,0.39,2025-02-27,1902,N,VIIRS,n,2,284.31,1.06,N,0
15.02348,101.22374,308.03,0.46,0.39,2025-02-27,1902,N,VIIRS,n,2,286.81,0.54,N,0
15.02413,101.14708,330.02,0.45,0.39,2025-02-27,1902,N,VIIRS,n,2,293.29,5.47,N,0
15.02564,101.22538,299.75,0.46,0.39,2025-02-27,1902,N,VIIRS,n,2,284.41,1.03,N,0
15.02706,101.2244,301.91,0.46,0.39,2025-02-27,1902,N,VIIRS,n,2,285.77,0.54,N,0
15.04424,101.68709,306.27,0.48,0.4,2025-02-27,1902,N,VIIRS,n,2,281.23,0.7,N,0
15.04818,101.10293,318.1,0.45,0.39,2025-02-27,1902,N,VIIRS,n,2,292.33,2.45,N,0
15.05042,101.10017,324.72,0.45,0.39,2025-02-27,1902,N,VIIRS,n,2,292.18,2.96,N,0
15.0584,100.92258,310.17,0.44,0.39,2025-02-27,1902,N,VIIRS,n,2,290.93,0.66,N,0
15.06344,101.29202,324.21,0.46,0.39,2025-02-27,1902,N,VIIRS,n,2,292.08,3.06,N,0
15.07207,103.25416,314.87,0.39,0.44,2025-02-27,1902,N,VIIRS,n,2,289.85,1.4,N,0
15.09936,101.25506,318.95,0.46,0.39,2025-02-27,1902,N,VIIRS,n,2,292.32,2.22,N,0
15.13802,100.85615,323.85,0.44,0.38,2025-02-27,1902,N,VIIRS,n,2,292.12,2.6,N,0
15.18522,101.52055,304.99,0.47,0.4,2025-02-27,1902,N,VIIRS,n,2,291.26,1.36,N,0
15.19378,101.16685,310.84,0.45,0.39,2025-02-27,1902,N,VIIRS,n,2,291.67,1.6,N,0
15.22901,100.85454,307.66,0.44,0.38,2025-02-27,1902,N,VIIRS,n,2,292.23,0.76,N,0
15.2624,104.75774,300.91,0.48,0.48,2025-02-27,1902,N,VIIRS,n,2,280.66,1.14,N,0
15.31255,102.06651,329.01,0.5,0.41,2025-02-27,1902,N,VIIRS,n,2,290.46,3.13,N,0
15.31334,102.0619,308.35,0.5,0.41,2025-02-27,1902,N,VIIRS,n,2,288.93,3.13,N,0
15.31354,102.0648,331.65,0.5,0.41,2025-02-27,1902,N,VIIRS,n,2,289.19,5.72,N,0
15.32624,101.13309,340.79,0.45,0.39,2025-02-27,1902,N,VIIRS,n,2,294.39,2.99,N,0
15.32694,101.12893,304.73,0.45,0.39,2025-02-27,1902,N,VIIRS,n,2,292.38,2.99,N,0
15.34109,101.5722,329.86,0.47,0.4,2025-02-27,1902,N,VIIRS,n,2,292.01,2.71,N,0
15.34184,101.56786,307.46,0.47,0.4,2025-02-27,1902,N,VIIRS,n,2,290.32,2.71,N,0
15.34356,103.41494,313.88,0.39,0.44,2025-02-27,1902,N,VIIRS,n,2,289.91,1.41,N,0
15.34519,105.45325,303.36,0.53,0.5,2025-02-27,1902,N,VIIRS,n,2,289.75,0.5,N,0
15.3471,105.45185,304.43,0.53,0.5,2025-02-27,1902,N,VIIRS,n,2,289.48,0.81,N,0
15.35164,101.33982,310.9,0.46,0.39,2025-02-27,1902,N,VIIRS,n,2,292.03,1.29,N,0
15.36382,101.93253,305.36,0.49,0.4,2025-02-27,1902,N,VIIRS,n,2,290.96,1.09,N,0
15.36423,100.78167,305.57,0.43,0.38,2025-02-27,1902,N,VIIRS,n,2,291.96,0.53,N,0
15.37261,101.81801,300.43,0.48,0.4,2025-02-27,1902,N,VIIRS,n,2,284.75,0.94,N,0
15.37628,101.81866,333.71,0.48,0.4,2025-02-27,1902,N,VIIRS,n,2,282.59,1.75,N,0
15.37917,101.82381,296.31,0.48,0.4,2025-02-27,1902,N,VIIRS,n,2,280.5,1.75,N,0
15.37996,101.81934,296.89,0.48,0.4,2025-02-27,1902,N,VIIRS,n,2,277.17,1.75,N,0
15.38944,103.57606,300.37,0.4,0.44,2025-02-27,1902,N,VIIRS,n,2,278.03,0.48,N,0
15.3895,100.8028,336.53,0.44,0.38,2025-02-27,1902,N,VIIRS,n,2,293.04,4.39,N,0
15.39996,101.18816,308.24,0.45,0.39,2025-02-27,1902,N,VIIRS,n,2,292.48,0.91,N,0
15.40297,101.64541,302.97,0.47,0.4,2025-02-27,1902,N,VIIRS,n,2,290.4,0.81,N,0
15.40731,103.22208,301.5,0.38,0.43,2025-02-27,1902,N,VIIRS,n,2,289.5,0.45,N,0
15.41658,100.77036,310.24,0.43,0.38,2025-02-27,1902,N,VIIRS,n,2,292.36,1.03,N,0
15.41702,101.86778,300.8,0.49,0.4,2025-02-27,1902,N,VIIRS,n,2,284.92,0.79,N,0
15.4207,101.86848,339.91,0.49,0.4,2025-02-27,1902,N,VIIRS,n,2,283.79,4.83,N,0
15.42329,105.56181,307.49,0.54,0.51,2025-02-27,1902,N,VIIRS,n,2,290.66,1.67,N,0
15.42424,105.56529,306.51,0.54,0.51,2025-02-27,1902,N,VIIRS,n,2,290.43,2.02,N,0
15.42479,100.55039,308.94,0.43,0.38,2025-02-27,1902,N,VIIRS,n,2,292.38,0.96,N,0
15.43271,101.84293,305.16,0.48,0.4,2025-02-27,1902,N,VIIRS,n,2,289.71,1.34,N,0
15.44259,101.08878,304.21,0.45,0.39,2025-02-27,1902,N,VIIRS,n,2,292.29,0.35,N,0
15.44716,100.87009,310.6,0.44,0.38,2025-02-27,1902,N,VIIRS,n,2,292.48,1.48,N,0
15.44785,100.86604,314.8,0.44,0.38,2025-02-27,1902,N,VIIRS,n,2,292.07,1.32,N,0
15.45581,101.87756,306.32,0.48,0.4,2025-02-27,1902,N,VIIRS,n,2,281.02,1.84,N,0
15.45671,101.87989,300.31,0.49,0.4,2025-02-27,1902,N,VIIRS,n,2,279.49,1.58,N,0
15.46988,101.34705,312.81,0.46,0.39,2025-02-27,1902,N,VIIRS,n,2,292.25,0.91,N,0
15.47145,101.64005,313.74,0.47,0.4,2025-02-27,1902,N,VIIRS,n,2,291.23,1.22,N,0
15.47357,101.6495,304.28,0.47,0.4,2025-02-27,1902,N,VIIRS,n,2,290.83,1.58,N,0
15.47538,101.18786,304.92,0.45,0.39,2025-02-27,1902,N,VIIRS,n,2,292.27,0.7,N,0
15.47721,101.65018,323.11,0.47,0.4,2025-02-27,1902,N,VIIRS,n,2,290.82,1.58,N,0
15.47864,102.3839,309.76,0.52,0.41,2025-02-27,1902,N,VIIRS,n,2,290.91,2.1,N,0
15.4787,104.42814,302.62,0.45,0.47,2025-02-27,1902,N,VIIRS,n,2,287.29,0.73,N,0
15.47949,104.42394,305.38,0.45,0.47,2025-02-27,1902,N,VIIRS,n,2,286.82,1.27,N,0
15.48191,102.3816,320.79,0.51,0.41,2025-02-27,1902,N,VIIRS,n,2,291.45,3.18,N,0
15.48277,102.02749,318.05,0.49,0.41,2025-02-27,1902,N,VIIRS,n,2,290.58,1.94,N,0
15.48325,102.37986,312.05,0.51,0.41,2025-02-27,1902,N,VIIRS,n,2,291.05,2.1,N,0
15.48335,101.12081,338.43,0.45,0.39,2025-02-27,1902,N,VIIRS,n,2,292.35,6.21,N,0
15.48689,101.12145,341.86,0.45,0.39,2025-02-27,1902,N,VIIRS,n,2,293.88,6.21,N,0
15.49439,101.54984,310.09,0.47,0.4,2025-02-27,1902,N,VIIRS,n,2,291.22,1.47,N,0
15.50208,102.02647,305.01,0.49,0.4,2025-02-27,1902,N,VIIRS,n,2,290.69,0.47,N,0
15.53119,100.39529,320.59,0.42,0.38,2025-02-27,1902,N,VIIRS,n,2,293.51,2.66,N,0
15.53185,100.39141,331.18,0.42,0.38,2025-02-27,1902,N,VIIRS,n,2,294.62,5.48,N,0
15.53956,101.63714,306.1,0.47,0.4,2025-02-27,1902,N,VIIRS,n,2,291.18,0.64,N,0
15.5433,101.89859,314.88,0.49,0.4,2025-02-27,1902,N,VIIRS,n,2,290.82,1.68,N,0
15.54829,104.07726,298.26,0.43,0.46,2025-02-27,1902,N,VIIRS,n,2,283.32,0.3,N,0
15.55721,101.22417,314.07,0.45,0.39,2025-02-27,1902,N,VIIRS,n,2,292.74,1.61,N,0
15.56077,101.22482,317.31,0.45,0.39,2025-02-27,1902,N,VIIRS,n,2,292.65,1.08,N,0
15.56148,101.22065,305.07,0.45,0.39,2025-02-27,1902,N,VIIRS,n,2,292.48,1.08,N,0
15.70336,101.72874,317.45,0.47,0.4,2025-02-27,1902,N,VIIRS,n,2,290.99,1.18,N,0
15.70363,101.72675,317.64,0.47,0.4,2025-02-27,1902,N,VIIRS,n,2,290.43,1.62,N,0
15.70883,101.71862,328.51,0.47,0.4,2025-02-27,1902,N,VIIRS,n,2,291.32,2.67,N,0
15.71246,101.7193,317.54,0.47,0.4,2025-02-27,1902,N,VIIRS,n,2,290.87,1.05,N,0
15.72103,101.49393,310.22,0.46,0.39,2025-02-27,1902,N,VIIRS,n,2,290.68,0.74,N,0
15.72293,101.7667,311.3,0.48,0.4,2025-02-27,1902,N,VIIRS,n,2,289.69,0.76,N,0
15.74862,102.07738,300.31,0.49,0.4,2025-02-27,1902,N,VIIRS,n,2,285.11,0.94,N,0
15.75028,102.07524,298.74,0.49,0.4,2025-02-27,1902,N,VIIRS,n,2,283.36,1.36,N,0
15.75382,101.82734,306.25,0.48,0.4,2025-02-27,1902,N,VIIRS,n,2,290.94,0.49,N,0
15.77824,101.55655,313.71,0.46,0.39,2025-02-27,1902,N,VIIRS,n,2,291.03,1.88,N,0
15.80172,100.84785,311.46,0.43,0.38,2025-02-27,1902,N,VIIRS,n,2,292.39,1.05,N,0
15.81064,100.81641,304.83,0.43,0.38,2025-02-27,1902,N,VIIRS,n,2,292.69,0.92,N,0
15.81512,101.53661,304.99,0.46,0.39,2025-02-27,1902,N,VIIRS,n,2,291.24,0.67,N,0
15.81947,101.53291,303.68,0.46,0.39,2025-02-27,1902,N,VIIRS,n,2,291.36,0.78,N,0
15.87968,101.93895,304.64,0.48,0.4,2025-02-27,1902,N,VIIRS,n,2,291.11,0.82,N,0
15.88041,101.94061,304.54,0.48,0.4,2025-02-27,1902,N,VIIRS,n,2,290.8,0.54,N,0
15.88412,100.77088,306.99,0.43,0.38,2025-02-27,1902,N,VIIRS,n,2,292.21,0.77,N,0
15.96545,101.88119,303.37,0.48,0.4,2025-02-27,1902,N,VIIRS,n,2,291.38,0.73,N,0
15.96911,101.88185,319.91,0.48,0.4,2025-02-27,1902,N,VIIRS,n,2,292.35,2.37,N,0
15.97201,101.88687,325,0.48,0.4,2025-02-27,1902,N,VIIRS,n,2,292.01,2.37,N,0
16.02932,101.66246,317.95,0.47,0.39,2025-02-27,1902,N,VIIRS,n,2,290.66,2.12,N,0
16.03274,101.66563,310.5,0.47,0.39,2025-02-27,1902,N,VIIRS,n,2,290.57,0.61,N,0
16.03293,101.66315,316.57,0.47,0.39,2025-02-27,1902,N,VIIRS,n,2,290.95,2.12,N,0
16.05496,101.60284,311.22,0.46,0.39,2025-02-27,1902,N,VIIRS,n,2,291.01,1.41,N,0
16.10859,101.67966,305.02,0.47,0.39,2025-02-27,1902,N,VIIRS,n,2,290.74,1.06,N,0
16.11209,101.70265,310.85,0.47,0.4,2025-02-27,1902,N,VIIRS,n,2,290.92,1.62,N,0
16.1157,101.70332,318.44,0.47,0.4,2025-02-27,1902,N,VIIRS,n,2,291.16,2.06,N,0
16.11799,101.82088,300.78,0.47,0.4,2025-02-27,1902,N,VIIRS,n,2,290.21,0.48,N,0
16.12025,101.80766,305.97,0.47,0.4,2025-02-27,1902,N,VIIRS,n,2,290.77,1.26,N,0
16.12067,101.80573,307.25,0.47,0.4,2025-02-27,1902,N,VIIRS,n,2,290.79,0.88,N,0
16.12431,101.80638,302.12,0.47,0.4,2025-02-27,1902,N,VIIRS,n,2,290.67,0.38,N,0
16.17093,101.60487,329.31,0.46,0.39,2025-02-27,1902,N,VIIRS,n,2,291.18,2.63,N,0
16.1862,102.59233,310.89,0.52,0.41,2025-02-27,1902,N,VIIRS,n,2,290.92,1.27,N,0
16.19244,101.63055,305.43,0.46,0.39,2025-02-27,1902,N,VIIRS,n,2,291.8,0.63,N,0
16.19392,101.62208,305.97,0.46,0.39,2025-02-27,1902,N,VIIRS,n,2,291.9,1.39,N,0
16.19608,101.63103,304.35,0.46,0.39,2025-02-27,1902,N,VIIRS,n,2,292.6,0.63,N,0
16.20428,101.56239,308.02,0.46,0.39,2025-02-27,1902,N,VIIRS,n,2,290.54,0.84,N,0
13.9097,105.3381,330.85,0.4,0.37,2025-02-28,610,N,VIIRS,l,2,302.34,0.97,D,0
13.91057,103.58984,348.81,0.45,0.39,2025-02-28,610,N,VIIRS,n,2,300.26,7.26,D,0
13.91061,106.57136,330.64,0.38,0.36,2025-02-28,610,N,VIIRS,n,2,300.36,2.22,D,0
13.91205,105.08139,333.72,0.4,0.37,2025-02-28,610,N,VIIRS,n,2,300.78,7.69,D,0
13.91343,104.11376,335.55,0.43,0.38,2025-02-28,610,N,VIIRS,n,2,304.29,5.59,D,0
13.91483,103.59338,346.64,0.45,0.39,2025-02-28,610,N,VIIRS,n,2,301.91,12.39,D,0
13.92067,104.61051,337.91,0.41,0.37,2025-02-28,610,N,VIIRS,n,2,303.73,4.08,D,0
13.92203,106.20221,337.04,0.38,0.36,2025-02-28,610,N,VIIRS,n,2,304.45,2.58,D,0
13.92314,104.21742,338.18,0.43,0.38,2025-02-28,610,N,VIIRS,n,2,303.43,3.89,D,0
13.92942,106.82989,347.7,0.38,0.36,2025-02-28,610,N,VIIRS,n,2,305.83,5.39,D,0
13.92965,101.75024,346.93,0.56,0.43,2025-02-28,610,N,VIIRS,n,2,301.43,20.83,D,0
13.93059,106.81517,339.44,0.38,0.36,2025-02-28,610,N,VIIRS,n,2,304.97,4.62,D,0
13.93166,104.83356,340.32,0.41,0.37,2025-02-28,610,N,VIIRS,n,2,302.04,3.7,D,0
13.93337,106.8111,337.08,0.38,0.36,2025-02-28,610,N,VIIRS,n,2,306.06,2.44,D,0
13.93359,101.74952,345.8,0.56,0.43,2025-02-28,610,N,VIIRS,n,2,300.18,20.83,D,0
13.93391,106.81464,346.56,0.38,0.36,2025-02-28,610,N,VIIRS,n,2,307.9,3.32,D,0
13.93444,106.8182,340.82,0.38,0.36,2025-02-28,610,N,VIIRS,n,2,306.55,3.32,D,0
13.93505,104.98619,339.41,0.4,0.37,2025-02-28,610,N,VIIRS,n,2,307.68,7,D,0
13.93565,104.98991,339.32,0.4,0.37,2025-02-28,610,N,VIIRS,n,2,307.59,7,D,0
13.93605,106.82884,340.68,0.38,0.36,2025-02-28,610,N,VIIRS,n,2,307.9,3.91,D,0
13.93612,105.63856,344.22,0.39,0.36,2025-02-28,610,N,VIIRS,n,2,303.15,4.61,D,0
13.93643,106.74156,349.2,0.38,0.36,2025-02-28,610,N,VIIRS,n,2,310.05,12.92,D,0
13.93709,104.39095,337.68,0.42,0.38,2025-02-28,610,N,VIIRS,n,2,304.07,3.29,D,0
13.93776,106.81767,335.23,0.38,0.36,2025-02-28,610,N,VIIRS,l,2,306.05,3.32,D,0
13.93885,106.33412,335.59,0.38,0.36,2025-02-28,610,N,VIIRS,n,2,302.23,3.41,D,0
13.93937,101.87527,330.31,0.55,0.43,2025-02-28,610,N,VIIRS,n,2,299.75,2.39,D,0
13.94054,104.39036,347.65,0.42,0.38,2025-02-28,610,N,VIIRS,n,2,301.79,3.93,D,0
13.94419,104.69225,345.61,0.41,0.37,2025-02-28,610,N,VIIRS,n,2,303.23,3.58,D,0
13.94575,106.22388,348.04,0.38,0.36,2025-02-28,610,N,VIIRS,n,2,305.23,8.42,D,0
13.94644,106.16186,340.86,0.39,0.36,2025-02-28,610,N,VIIRS,n,2,308.02,6,D,0
13.94654,106.83082,345.48,0.38,0.36,2025-02-28,610,N,VIIRS,n,2,309.83,9.08,D,0
13.94701,104.6879,334.95,0.41,0.37,2025-02-28,610,N,VIIRS,n,2,303.85,3.01,D,0
13.94702,104.09995,343.05,0.43,0.38,2025-02-28,610,N,VIIRS,n,2,311.5,61.96,D,0
13.94708,106.83437,351.7,0.38,0.36,2025-02-28,610,N,VIIRS,n,2,312,21.98,D,0
13.94766,104.1039,350.76,0.43,0.38,2025-02-28,610,N,VIIRS,n,2,304.86,36.59,D,0
13.94924,104.09145,343.19,0.43,0.38,2025-02-28,610,N,VIIRS,n,2,304.68,7.97,D,0
13.94976,106.16132,342.5,0.39,0.36,2025-02-28,610,N,VIIRS,n,2,307.07,6.41,D,0
13.94987,104.09541,341.97,0.43,0.38,2025-02-28,610,N,VIIRS,n,2,302.54,12.84,D,0
13.9504,106.83385,336.34,0.38,0.36,2025-02-28,610,N,VIIRS,l,2,309.41,4.52,D,0
13.95049,104.93014,334.67,0.4,0.37,2025-02-28,610,N,VIIRS,l,2,306.58,4.15,D,0
13.95115,104.10331,342.35,0.43,0.38,2025-02-28,610,N,VIIRS,n,2,305.19,6.87,D,0
13.95162,104.69489,342.16,0.41,0.37,2025-02-28,610,N,VIIRS,n,2,301.89,9.37,D,0
13.95345,102.90699,334.82,0.48,0.4,2025-02-28,610,N,VIIRS,n,2,303.45,3.28,D,0
13.95893,105.63113,334.72,0.39,0.36,2025-02-28,610,N,VIIRS,l,2,306.72,3.16,D,0
13.9612,106.59213,339.18,0.38,0.36,2025-02-28,610,N,VIIRS,n,2,302.45,3.04,D,0
13.96292,104.19868,339.97,0.43,0.38,2025-02-28,610,N,VIIRS,n,2,305.16,4.09,D,0
13.96743,107.28739,340.59,0.39,0.36,2025-02-28,610,N,VIIRS,n,2,304.77,9.85,D,0
13.97129,104.55876,333.2,0.41,0.37,2025-02-28,610,N,VIIRS,l,2,303.56,2.07,D,0
13.97148,106.77214,339.91,0.38,0.36,2025-02-28,610,N,VIIRS,n,2,305.45,4.07,D,0
13.97316,104.67932,335.9,0.41,0.37,2025-02-28,610,N,VIIRS,n,2,304.49,5.21,D,0
13.97402,106.69906,340,0.38,0.36,2025-02-28,610,N,VIIRS,n,2,307.04,5.14,D,0
13.97472,104.55818,333.43,0.41,0.37,2025-02-28,610,N,VIIRS,n,2,303.2,2.2,D,0
13.97585,104.91445,339.62,0.4,0.37,2025-02-28,610,N,VIIRS,n,2,306.96,3.87,D,0
13.97651,106.76043,334.87,0.38,0.36,2025-02-28,610,N,VIIRS,l,2,305.54,1.49,D,0
13.97787,105.66496,331.87,0.39,0.36,2025-02-28,610,N,VIIRS,l,2,304.84,1.51,D,0
13.97819,105.12711,337.16,0.4,0.37,2025-02-28,610,N,VIIRS,n,2,302.36,2.7,D,0
13.9784,106.0428,338.01,0.39,0.36,2025-02-28,610,N,VIIRS,n,2,306.58,3.33,D,0
13.97929,106.75636,337.49,0.38,0.36,2025-02-28,610,N,VIIRS,n,2,304.82,12.18,D,0
13.97983,106.75991,343.54,0.38,0.36,2025-02-28,610,N,VIIRS,n,2,306.82,12.18,D,0
13.98399,105.66028,336.33,0.39,0.36,2025-02-28,610,N,VIIRS,n,2,303.67,1.39,D,0
13.98422,106.87922,345.99,0.38,0.36,2025-02-28,610,N,VIIRS,n,2,307.26,12.18,D,0
13.98771,105.53711,345.46,0.39,0.36,2025-02-28,610,N,VIIRS,n,2,306.41,20.67,D,0
13.98853,106.34797,334.01,0.38,0.36,2025-02-28,610,N,VIIRS,n,2,301.9,2.58,D,0
13.98907,106.35152,335.15,0.38,0.36,2025-02-28,610,N,VIIRS,n,2,302.6,2.58,D,0
13.98913,105.0647,347.15,0.4,0.37,2025-02-28,610,N,VIIRS,n,2,301.72,4.83,D,0
13.98971,105.06839,345.21,0.4,0.37,2025-02-28,610,N,VIIRS,n,2,301.29,4.86,D,0
13.9942,106.21159,341.78,0.38,0.36,2025-02-28,610,N,VIIRS,n,2,306.71,6.15,D,0
13.99439,106.83395,346.71,0.38,0.36,2025-02-28,610,N,VIIRS,n,2,305.2,7.56,D,0
13.99538,104.86095,347.61,0.41,0.37,2025-02-28,610,N,VIIRS,n,2,307.73,6.87,D,0
13.99582,107.27196,348.03,0.39,0.36,2025-02-28,610,N,VIIRS,n,2,306.13,5.22,D,0
13.99636,107.27553,351.28,0.39,0.36,2025-02-28,610,N,VIIRS,n,2,304.34,5.22,D,0
13.99842,106.30551,336.6,0.38,0.36,2025-02-28,610,N,VIIRS,n,2,306.02,3.88,D,0
13.99865,106.74966,338.14,0.38,0.36,2025-02-28,610,N,VIIRS,n,2,304.61,3.02,D,0
13.99911,105.15008,330.01,0.4,0.37,2025-02-28,610,N,VIIRS,l,2,300.23,1.27,D,0
13.99968,106.48792,339.24,0.38,0.36,2025-02-28,610,N,VIIRS,n,2,302.92,3.6,D,0
14.00158,105.34127,343.41,0.39,0.37,2025-02-28,610,N,VIIRS,n,2,303.01,4.64,D,0
14.00191,105.64945,333.01,0.39,0.36,2025-02-28,610,N,VIIRS,n,2,302.98,2.03,D,0
14.00248,105.14952,334.18,0.4,0.37,2025-02-28,610,N,VIIRS,n,2,300.05,2.86,D,0
14.00422,106.60707,341.89,0.38,0.36,2025-02-28,610,N,VIIRS,n,2,305.75,3.05,D,0
14.00451,106.30091,337.92,0.38,0.36,2025-02-28,610,N,VIIRS,n,2,304.48,3.06,D,0
14.00494,105.34071,346.59,0.39,0.37,2025-02-28,610,N,VIIRS,n,2,304.99,13.39,D,0
14.00525,105.64892,332.46,0.39,0.36,2025-02-28,610,N,VIIRS,l,2,302.55,2.13,D,0
14.00531,105.45253,340.88,0.39,0.36,2025-02-28,610,N,VIIRS,n,2,304.76,3.36,D,0
14.00729,105.00036,345.96,0.4,0.37,2025-02-28,610,N,VIIRS,n,2,304.1,13.27,D,0
14.00819,106.36938,346.36,0.38,0.36,2025-02-28,610,N,VIIRS,n,2,307.86,10.08,D,0
14.00865,105.45197,333.29,0.39,0.36,2025-02-28,610,N,VIIRS,n,2,302.51,1.98,D,0
14.00901,104.55246,338.5,0.41,0.37,2025-02-28,610,N,VIIRS,n,2,301.74,2.47,D,0
14.00948,104.99237,338.22,0.4,0.37,2025-02-28,610,N,VIIRS,n,2,303.17,3.88,D,0
14.01075,106.98791,331.33,0.39,0.36,2025-02-28,610,N,VIIRS,l,2,303.96,3.51,D,0
14.01079,106.20893,338.05,0.38,0.36,2025-02-28,610,N,VIIRS,n,2,306.79,2.71,D,0
14.01095,105.15942,331.32,0.4,0.37,2025-02-28,610,N,VIIRS,l,2,302.69,2.12,D,0
14.01133,106.21248,337.7,0.38,0.36,2025-02-28,610,N,VIIRS,n,2,306.39,6.73,D,0
14.01211,105.16679,331.87,0.4,0.37,2025-02-28,610,N,VIIRS,n,2,300.17,3.13,D,0
14.0141,106.2084,337.31,0.38,0.36,2025-02-28,610,N,VIIRS,n,2,306.97,2.71,D,0
14.0149,105.16254,345.96,0.4,0.37,2025-02-28,610,N,VIIRS,n,2,301.25,3.13,D,0
14.01548,105.16623,332.88,0.4,0.37,2025-02-28,610,N,VIIRS,n,2,300.01,3.13,D,0
14.01587,106.15347,338.19,0.39,0.36,2025-02-28,610,N,VIIRS,n,2,304.04,1.84,D,0
14.01692,105.08229,339.04,0.4,0.37,2025-02-28,610,N,VIIRS,n,2,302.52,3.06,D,0
14.01751,105.08598,343.63,0.4,0.37,2025-02-28,610,N,VIIRS,n,2,301.82,3.26,D,0
14.01754,107.25757,341.5,0.39,0.36,2025-02-28,610,N,VIIRS,n,2,304.04,2.1,D,0
14.01774,104.6291,335.78,0.41,0.37,2025-02-28,610,N,VIIRS,n,2,303.57,1.53,D,0
14.01864,104.48035,344.58,0.42,0.37,2025-02-28,610,N,VIIRS,n,2,303.84,9.72,D,0
14.01956,104.83772,333.48,0.41,0.37,2025-02-28,610,N,VIIRS,l,2,303.93,1.82,D,0
14.02019,106.20377,334.54,0.38,0.36,2025-02-28,610,N,VIIRS,n,2,303.89,2.74,D,0
14.0203,105.08173,338.34,0.4,0.37,2025-02-28,610,N,VIIRS,n,2,301.55,3.06,D,0
14.02074,106.20733,339.47,0.38,0.36,2025-02-28,610,N,VIIRS,n,2,305.84,2.74,D,0
14.02088,105.08542,339.26,0.4,0.37,2025-02-28,610,N,VIIRS,n,2,301.85,3.26,D,0
14.02206,104.47964,340.57,0.42,0.37,2025-02-28,610,N,VIIRS,n,2,302.69,9.72,D,0
14.02534,105.6899,334.36,0.39,0.36,2025-02-28,610,N,VIIRS,n,2,303.94,2.67,D,0
14.02552,106.48292,337.68,0.38,0.36,2025-02-28,610,N,VIIRS,n,2,303.72,1.52,D,0
14.02559,104.67831,337.63,0.41,0.37,2025-02-28,610,N,VIIRS,n,2,304.36,5.53,D,0
14.02737,103.57531,343.19,0.45,0.39,2025-02-28,610,N,VIIRS,n,2,303.5,6.54,D,0
14.02741,104.97415,340.33,0.4,0.37,2025-02-28,610,N,VIIRS,n,2,304.24,5.03,D,0
14.028,104.97786,338.65,0.4,0.37,2025-02-28,610,N,VIIRS,n,2,302.69,3.66,D,0
14.02841,101.48154,336.67,0.39,0.44,2025-02-28,610,N,VIIRS,n,2,301.02,3.09,D,0
14.02883,106.48238,341.81,0.38,0.36,2025-02-28,610,N,VIIRS,n,2,303.67,1.52,D,0
14.03,104.728,344.23,0.41,0.37,2025-02-28,610,N,VIIRS,n,2,306.41,8.48,D,0
14.03093,103.5747,337.68,0.45,0.39,2025-02-28,610,N,VIIRS,n,2,301.52,6.36,D,0
14.03319,105.74015,337.15,0.39,0.36,2025-02-28,610,N,VIIRS,n,2,305.54,4.62,D,0
14.03453,105.10585,336.75,0.4,0.37,2025-02-28,610,N,VIIRS,n,2,301.62,2.84,D,0
14.03862,104.73816,339.44,0.41,0.37,2025-02-28,610,N,VIIRS,n,2,306.81,6.95,D,0
14.04046,104.61742,348.95,0.41,0.37,2025-02-28,610,N,VIIRS,n,2,305.27,12.53,D,0
14.04167,105.48743,343.23,0.39,0.36,2025-02-28,610,N,VIIRS,n,2,303.97,4.22,D,0
14.04278,106.24019,339.61,0.38,0.36,2025-02-28,610,N,VIIRS,n,2,305.83,2.35,D,0
14.04757,106.49393,340.07,0.38,0.36,2025-02-28,610,N,VIIRS,n,2,307.95,4.51,D,0
14.0479,104.62006,335.58,0.41,0.37,2025-02-28,610,N,VIIRS,n,2,303.61,1.44,D,0
14.048,106.11913,334.36,0.39,0.36,2025-02-28,610,N,VIIRS,l,2,305.35,3.1,D,0
14.04811,106.49747,354.34,0.38,0.36,2025-02-28,610,N,VIIRS,n,2,309.18,5.82,D,0
14.0485,104.62386,333.5,0.41,0.37,2025-02-28,610,N,VIIRS,l,2,304.7,1.44,D,0
14.04855,106.12269,342.02,0.39,0.36,2025-02-28,610,N,VIIRS,n,2,310.14,3.1,D,0
14.04867,105.37831,339.55,0.39,0.36,2025-02-28,610,N,VIIRS,n,2,304.22,1.24,D,0
14.05056,104.81333,340.49,0.41,0.37,2025-02-28,610,N,VIIRS,n,2,306.36,5.91,D,0
14.05132,106.11859,337.37,0.39,0.36,2025-02-28,610,N,VIIRS,n,2,303.8,4.79,D,0
14.05143,106.49694,339.4,0.38,0.36,2025-02-28,610,N,VIIRS,n,2,306.55,5.82,D,0
14.05187,106.12215,345.14,0.39,0.36,2025-02-28,610,N,VIIRS,n,2,308.06,4.79,D,0
14.05197,106.50049,337.38,0.38,0.36,2025-02-28,610,N,VIIRS,n,2,305.3,5.82,D,0
14.05263,104.60744,354.74,0.41,0.37,2025-02-28,610,N,VIIRS,n,2,308.19,14.13,D,0
14.05531,105.3019,337.82,0.4,0.37,2025-02-28,610,N,VIIRS,n,2,301.75,3.71,D,0
14.05651,105.38448,337.74,0.39,0.36,2025-02-28,610,N,VIIRS,n,2,305.33,4.08,D,0
14.05698,106.48879,337.99,0.38,0.36,2025-02-28,610,N,VIIRS,n,2,302.99,5.13,D,0
14.05719,106.42334,342.89,0.38,0.36,2025-02-28,610,N,VIIRS,n,2,305.38,2.51,D,0
14.05855,106.0992,339.44,0.39,0.36,2025-02-28,610,N,VIIRS,n,2,305.97,3.26,D,0
14.0589,104.95366,340.25,0.4,0.37,2025-02-28,610,N,VIIRS,n,2,304.72,12.58,D,0
14.06125,104.02355,339.51,0.43,0.38,2025-02-28,610,N,VIIRS,n,2,304.71,3.87,D,0
14.06182,107.26147,336.5,0.39,0.36,2025-02-28,610,N,VIIRS,n,2,302.78,7.4,D,0
14.06184,104.02436,336.64,0.43,0.38,2025-02-28,610,N,VIIRS,n,2,304.06,4.19,D,0
14.06201,104.57853,339.55,0.41,0.37,2025-02-28,610,N,VIIRS,n,2,305.81,5.16,D,0
14.06235,107.26505,334.46,0.39,0.36,2025-02-28,610,N,VIIRS,n,2,300.46,7.4,D,0
14.06294,105.53587,347.85,0.39,0.36,2025-02-28,610,N,VIIRS,n,2,308.06,5.33,D,0
14.06331,104.69508,336.28,0.41,0.37,2025-02-28,610,N,VIIRS,n,2,305.11,4.01,D,0
14.06331,104.69527,335.81,0.41,0.37,2025-02-28,610,N,VIIRS,n,2,305.05,4.29,D,0
14.06385,103.16481,337.7,0.47,0.4,2025-02-28,610,N,VIIRS,n,2,298.91,3.55,D,0
14.06456,105.14245,331.38,0.4,0.37,2025-02-28,610,N,VIIRS,l,2,302.42,1.17,D,0
14.06502,104.77236,334.38,0.41,0.37,2025-02-28,610,N,VIIRS,l,2,305.11,0.96,D,0
14.06514,105.14613,337.16,0.4,0.37,2025-02-28,610,N,VIIRS,n,2,304.2,3.65,D,0
14.06515,107.26096,343.84,0.39,0.36,2025-02-28,610,N,VIIRS,n,2,303.48,7.4,D,0
14.06568,107.26454,345.35,0.39,0.36,2025-02-28,610,N,VIIRS,n,2,302.19,7.4,D,0
14.06629,105.53534,349.66,0.39,0.36,2025-02-28,610,N,VIIRS,n,2,305.69,5.33,D,0
14.06666,106.39637,341.84,0.38,0.36,2025-02-28,610,N,VIIRS,n,2,307.21,3.29,D,0
14.06679,106.35272,342.44,0.38,0.36,2025-02-28,610,N,VIIRS,n,2,305.96,5.99,D,0
14.06685,105.53895,333.25,0.39,0.36,2025-02-28,610,N,VIIRS,l,2,304.33,5.33,D,0
14.06727,105.02839,338.67,0.4,0.37,2025-02-28,610,N,VIIRS,n,2,304.84,6.74,D,0
14.06851,105.14557,343.1,0.4,0.37,2025-02-28,610,N,VIIRS,n,2,303.71,4.18,D,0
14.06907,105.53117,335.88,0.39,0.36,2025-02-28,610,N,VIIRS,n,2,302.84,0.68,D,0
14.07195,101.2311,332.83,0.4,0.44,2025-02-28,610,N,VIIRS,n,2,298.49,1.19,D,0
14.07195,107.23792,341.79,0.39,0.36,2025-02-28,610,N,VIIRS,n,2,303.17,5.17,D,0
14.07391,104.67389,336.71,0.41,0.37,2025-02-28,610,N,VIIRS,n,2,303.68,5.11,D,0
14.07837,105.4696,338.87,0.39,0.36,2025-02-28,610,N,VIIRS,n,2,306.38,3.53,D,0
14.07877,104.59523,335.81,0.41,0.37,2025-02-28,610,N,VIIRS,n,2,302.06,6.15,D,0
14.07938,104.59903,338.74,0.41,0.37,2025-02-28,610,N,VIIRS,n,2,305.92,29.11,D,0
14.07952,105.47684,339.02,0.39,0.36,2025-02-28,610,N,VIIRS,n,2,303.3,6.88,D,0
14.08229,105.47268,349.27,0.39,0.36,2025-02-28,610,N,VIIRS,n,2,306.46,6.88,D,0
14.08243,104.72674,341.08,0.41,0.37,2025-02-28,610,N,VIIRS,n,2,306.87,4.36,D,0
14.08388,104.53966,335.16,0.41,0.37,2025-02-28,610,N,VIIRS,n,2,304.21,2.26,D,0
14.08412,105.53983,342.08,0.39,0.36,2025-02-28,610,N,VIIRS,n,2,305.61,2.95,D,0
14.08703,105.39376,351.09,0.39,0.36,2025-02-28,610,N,VIIRS,n,2,308.69,20.73,D,0
14.08782,106.51294,336.46,0.38,0.36,2025-02-28,610,N,VIIRS,n,2,306.12,2.99,D,0
14.09038,105.39321,347.57,0.39,0.36,2025-02-28,610,N,VIIRS,n,2,301.55,20.73,D,0
14.09148,105.93983,341.05,0.39,0.36,2025-02-28,610,N,VIIRS,n,2,307.79,6.57,D,0
14.09376,101.28385,337.91,0.4,0.44,2025-02-28,610,N,VIIRS,n,2,300.26,4.6,D,0
14.09483,106.55907,349.05,0.38,0.36,2025-02-28,610,N,VIIRS,n,2,303.71,9.9,D,0
14.09877,105.24972,340.41,0.4,0.37,2025-02-28,610,N,VIIRS,n,2,304.93,4.94,D,0
14.09934,105.25337,336.59,0.4,0.37,2025-02-28,610,N,VIIRS,n,2,305.78,4.96,D,0
14.10056,106.32914,340.21,0.38,0.36,2025-02-28,610,N,VIIRS,n,2,309.03,4.49,D,0
14.1011,106.33269,340.13,0.38,0.36,2025-02-28,610,N,VIIRS,n,2,309.02,4.49,D,0
14.10159,104.64983,352.54,0.41,0.37,2025-02-28,610,N,VIIRS,n,2,306.87,12.29,D,0
14.10262,106.5433,332.69,0.38,0.36,2025-02-28,610,N,VIIRS,n,2,301.43,4.38,D,0
14.10486,106.53567,340.52,0.38,0.36,2025-02-28,610,N,VIIRS,n,2,304.38,2.33,D,0
14.10763,106.53159,340.84,0.38,0.36,2025-02-28,610,N,VIIRS,n,2,302.15,5.46,D,0
14.10809,106.55695,347.13,0.38,0.36,2025-02-28,610,N,VIIRS,n,2,304.2,11.13,D,0
14.10817,106.53514,354.46,0.38,0.36,2025-02-28,610,N,VIIRS,n,2,302.36,5.46,D,0
14.10863,106.56051,330.06,0.38,0.36,2025-02-28,610,N,VIIRS,l,2,300.77,1.69,D,0
14.11141,106.55643,338.09,0.38,0.36,2025-02-28,610,N,VIIRS,n,2,300.52,2.23,D,0
14.11142,105.06659,339.85,0.4,0.37,2025-02-28,610,N,VIIRS,n,2,308.31,5.56,D,0
14.11231,105.13831,336.05,0.4,0.37,2025-02-28,610,N,VIIRS,n,2,305.45,5.04,D,0
14.11252,104.54263,350.59,0.41,0.37,2025-02-28,610,N,VIIRS,n,2,306.54,9.39,D,0
14.11271,104.8718,340.09,0.4,0.37,2025-02-28,610,N,VIIRS,n,2,308.96,4.95,D,0
14.11298,104.58952,343.21,0.41,0.37,2025-02-28,610,N,VIIRS,n,2,304.98,5.79,D,0
14.11368,104.92133,340.46,0.4,0.37,2025-02-28,610,N,VIIRS,n,2,306.27,4.38,D,0
14.11423,104.98987,340.47,0.4,0.37,2025-02-28,610,N,VIIRS,n,2,307.87,10.08,D,0
14.11491,104.86378,335.68,0.4,0.37,2025-02-28,610,N,VIIRS,n,2,302.45,3.27,D,0
14.11551,104.8675,344.93,0.4,0.37,2025-02-28,610,N,VIIRS,n,2,305.56,3.27,D,0
14.1161,104.87124,349.35,0.4,0.37,2025-02-28,610,N,VIIRS,n,2,307.97,4.95,D,0
14.1183,104.8632,337.55,0.4,0.37,2025-02-28,610,N,VIIRS,n,2,303.34,3.44,D,0
14.11836,103.35775,338.65,0.46,0.39,2025-02-28,610,N,VIIRS,n,2,303.51,1.94,D,0
14.1189,104.86694,352.47,0.4,0.37,2025-02-28,610,N,VIIRS,n,2,305.03,3.44,D,0
14.11939,103.27444,341.9,0.46,0.39,2025-02-28,610,N,VIIRS,n,2,303.43,2.85,D,0
14.11949,104.87067,348.05,0.4,0.37,2025-02-28,610,N,VIIRS,n,2,304.78,6.48,D,0
14.123,103.27381,333.76,0.46,0.39,2025-02-28,610,N,VIIRS,n,2,302.45,2.85,D,0
14.12401,106.06248,338.79,0.39,0.36,2025-02-28,610,N,VIIRS,n,2,304.98,3.05,D,0
14.1251,104.66531,339.02,0.41,0.37,2025-02-28,610,N,VIIRS,n,2,305.68,4.04,D,0
14.12621,105.66529,343.3,0.39,0.36,2025-02-28,610,N,VIIRS,n,2,308.46,7.39,D,0
14.12743,103.03364,340.75,0.47,0.4,2025-02-28,610,N,VIIRS,n,2,306.91,5.99,D,0
14.12851,104.66473,338.07,0.41,0.37,2025-02-28,610,N,VIIRS,n,2,304.85,6.32,D,0
14.13048,103.20638,339.29,0.47,0.39,2025-02-28,610,N,VIIRS,n,2,304.15,2.65,D,0
14.13081,106.46181,337.56,0.38,0.36,2025-02-28,610,N,VIIRS,l,2,307.66,3.97,D,0
14.13294,105.24782,334.5,0.4,0.37,2025-02-28,610,N,VIIRS,l,2,306.19,4.13,D,0
14.13306,104.86839,336.64,0.4,0.37,2025-02-28,610,N,VIIRS,l,2,306.73,4,D,0
14.13538,105.30739,350.2,0.39,0.37,2025-02-28,610,N,VIIRS,n,2,304.08,10.92,D,0
14.13765,105.11485,336.89,0.4,0.37,2025-02-28,610,N,VIIRS,n,2,305.73,2.91,D,0
14.14165,103.29688,356.15,0.46,0.39,2025-02-28,610,N,VIIRS,n,2,305.67,11.95,D,0
14.14204,106.40185,339.72,0.38,0.36,2025-02-28,610,N,VIIRS,n,2,304.95,7.96,D,0
14.14211,106.38004,341.98,0.38,0.36,2025-02-28,610,N,VIIRS,n,2,308.75,6.4,D,0
14.14456,103.292,334.44,0.46,0.39,2025-02-28,610,N,VIIRS,n,2,303.18,2.21,D,0
14.14542,106.3795,348.12,0.38,0.36,2025-02-28,610,N,VIIRS,n,2,308.81,9.67,D,0
14.14614,105.12477,337.79,0.4,0.37,2025-02-28,610,N,VIIRS,l,2,308.58,5.05,D,0
14.15107,104.02129,344.55,0.43,0.38,2025-02-28,610,N,VIIRS,n,2,303.37,4.17,D,0
14.15141,106.19659,338.6,0.38,0.36,2025-02-28,610,N,VIIRS,n,2,305.68,2.57,D,0
14.15289,104.18732,336.63,0.42,0.38,2025-02-28,610,N,VIIRS,n,2,302.09,1.78,D,0
14.15493,104.76481,336.47,0.41,0.37,2025-02-28,610,N,VIIRS,n,2,305.39,3.38,D,0
14.15638,105.88091,342.72,0.39,0.36,2025-02-28,610,N,VIIRS,n,2,305.95,4.5,D,0
14.1573,105.02071,340.38,0.4,0.37,2025-02-28,610,N,VIIRS,n,2,307.75,8.87,D,0
14.15789,105.02442,339.48,0.4,0.37,2025-02-28,610,N,VIIRS,n,2,306.83,8.37,D,0
14.15919,106.18077,333.56,0.38,0.36,2025-02-28,610,N,VIIRS,l,2,305.34,2.07,D,0
14.16227,105.09566,342.09,0.4,0.37,2025-02-28,610,N,VIIRS,n,2,305.39,5.3,D,0
14.16275,104.74806,342.76,0.41,0.37,2025-02-28,610,N,VIIRS,n,2,307.1,5.12,D,0
14.16278,105.57068,337.92,0.39,0.36,2025-02-28,610,N,VIIRS,n,2,301.56,4.89,D,0
14.16305,106.18379,339.12,0.38,0.36,2025-02-28,610,N,VIIRS,n,2,303.91,1.95,D,0
14.1692,104.9426,344.34,0.4,0.37,2025-02-28,610,N,VIIRS,n,2,306.98,9.49,D,0
14.1712,106.43717,340.41,0.38,0.36,2025-02-28,610,N,VIIRS,n,2,303.65,5.41,D,0
14.17334,105.16552,333.4,0.4,0.37,2025-02-28,610,N,VIIRS,l,2,304.53,2.17,D,0
14.17392,105.16919,338.68,0.4,0.37,2025-02-28,610,N,VIIRS,n,2,304.45,2.17,D,0
14.17569,105.67565,331.69,0.39,0.36,2025-02-28,610,N,VIIRS,n,2,301.56,2.07,D,0
14.17741,105.19121,337.12,0.4,0.37,2025-02-28,610,N,VIIRS,l,2,307.4,3.56,D,0
14.18207,105.35155,332.99,0.39,0.36,2025-02-28,610,N,VIIRS,n,2,302.21,2.45,D,0
14.18265,105.35519,336.73,0.39,0.36,2025-02-28,610,N,VIIRS,n,2,302.05,2.45,D,0
14.18438,103.99958,334.3,0.43,0.38,2025-02-28,610,N,VIIRS,n,2,300.76,2.33,D,0
14.18523,104.97805,337.59,0.4,0.37,2025-02-28,610,N,VIIRS,n,2,305.95,2.58,D,0
14.18684,105.92358,338.17,0.39,0.36,2025-02-28,610,N,VIIRS,n,2,305.27,3.4,D,0
14.18787,103.99899,348.23,0.43,0.38,2025-02-28,610,N,VIIRS,n,2,301.48,5.78,D,0
14.19027,104.87798,338.73,0.4,0.37,2025-02-28,610,N,VIIRS,n,2,306.87,3.8,D,0
14.19136,103.99839,349.17,0.43,0.38,2025-02-28,610,N,VIIRS,n,2,300.07,5.78,D,0
14.19271,106.44464,340.12,0.38,0.36,2025-02-28,610,N,VIIRS,n,2,303.27,5.4,D,0
14.19809,104.59911,336.65,0.41,0.37,2025-02-28,610,N,VIIRS,n,2,306.1,27.6,D,0
14.2009,104.59474,345.26,0.41,0.37,2025-02-28,610,N,VIIRS,n,2,304.3,27.6,D,0
14.20389,104.22692,332.15,0.42,0.38,2025-02-28,610,N,VIIRS,l,2,304.84,1.86,D,0
14.20412,103.0428,330.35,0.47,0.4,2025-02-28,610,N,VIIRS,n,2,299.53,1.02,D,0
14.20602,104.42918,333.01,0.42,0.37,2025-02-28,610,N,VIIRS,l,2,303.36,2.26,D,0
14.20721,103.50699,337.65,0.45,0.39,2025-02-28,610,N,VIIRS,n,2,303.69,4.22,D,0
14.2081,104.7486,338.8,0.41,0.37,2025-02-28,610,N,VIIRS,n,2,306.9,3.63,D,0
14.21008,104.71741,332.32,0.41,0.37,2025-02-28,610,N,VIIRS,l,2,303.77,1.04,D,0
14.21328,106.07281,341.39,0.39,0.36,2025-02-28,610,N,VIIRS,n,2,306.05,4.4,D,0
14.21903,104.46641,347.44,0.41,0.37,2025-02-28,610,N,VIIRS,n,2,304.19,4.11,D,0
14.22052,104.80433,337.12,0.41,0.37,2025-02-28,610,N,VIIRS,n,2,304.04,1.71,D,0
14.2229,104.29961,338.11,0.42,0.38,2025-02-28,610,N,VIIRS,n,2,304.85,3.82,D,0
14.22351,103.16003,346.59,0.47,0.4,2025-02-28,610,N,VIIRS,n,2,304.81,14.43,D,0
14.23099,103.29527,341.7,0.46,0.39,2025-02-28,610,N,VIIRS,n,2,302.89,5.8,D,0
14.23206,104.37741,339.87,0.42,0.37,2025-02-28,610,N,VIIRS,n,2,306.74,3.67,D,0
14.23771,105.79374,341.72,0.39,0.36,2025-02-28,610,N,VIIRS,n,2,307.65,5.29,D,0
14.23969,106.37815,341.55,0.38,0.36,2025-02-28,610,N,VIIRS,n,2,302.17,4.15,D,0
14.2419,105.36034,351.91,0.39,0.36,2025-02-28,610,N,VIIRS,n,2,304.28,6.56,D,0
14.24209,104.4389,347.67,0.42,0.37,2025-02-28,610,N,VIIRS,n,2,305.49,6.77,D,0
14.24301,106.37762,346.45,0.38,0.36,2025-02-28,610,N,VIIRS,n,2,302.05,4.15,D,0
14.24355,106.38116,343.2,0.38,0.36,2025-02-28,610,N,VIIRS,n,2,303.32,4.15,D,0
14.24578,106.37354,340.95,0.38,0.36,2025-02-28,610,N,VIIRS,n,2,299.93,2.82,D,0
14.24646,104.4224,335.44,0.42,0.37,2025-02-28,610,N,VIIRS,l,2,306.07,3.22,D,0
14.24686,106.38063,330.52,0.38,0.36,2025-02-28,610,N,VIIRS,l,2,301.5,4.2,D,0
14.24709,104.42624,345.06,0.42,0.37,2025-02-28,610,N,VIIRS,n,2,304.71,3.22,D,0
14.2471,105.74445,347.48,0.39,0.36,2025-02-28,610,N,VIIRS,n,2,307.21,15.5,D,0
14.24746,105.35197,334.5,0.39,0.36,2025-02-28,610,N,VIIRS,n,2,303.66,2.2,D,0
14.24766,105.74804,338,0.39,0.36,2025-02-28,610,N,VIIRS,n,2,304.78,9.2,D,0
14.25081,105.35141,334.55,0.39,0.36,2025-02-28,610,N,VIIRS,n,2,300.17,3.31,D,0
14.25219,105.92763,334.89,0.39,0.36,2025-02-28,610,N,VIIRS,l,2,306.95,1.68,D,0
14.2536,105.34723,340.83,0.39,0.36,2025-02-28,610,N,VIIRS,n,2,303.65,3.31,D,0
14.2541,106.3613,331.72,0.38,0.36,2025-02-28,610,N,VIIRS,n,2,300.78,2.27,D,0
14.25465,106.36485,332.96,0.38,0.36,2025-02-28,610,N,VIIRS,n,2,299.65,2.27,D,0
14.25548,103.42133,349.85,0.45,0.39,2025-02-28,610,N,VIIRS,n,2,304.27,5.85,D,0
14.25695,105.34668,346.39,0.39,0.36,2025-02-28,610,N,VIIRS,n,2,303.59,7.15,D,0
14.26532,104.88876,339.59,0.4,0.37,2025-02-28,610,N,VIIRS,n,2,305.38,2.34,D,0
14.26567,106.14824,367,0.38,0.36,2025-02-28,610,N,VIIRS,h,2,306.71,7.68,D,0
14.26587,105.33775,334.35,0.39,0.36,2025-02-28,610,N,VIIRS,n,2,301.02,0.72,D,0
14.26622,106.15179,343.67,0.38,0.36,2025-02-28,610,N,VIIRS,n,2,308.24,7.68,D,0
14.26768,105.92086,343.74,0.39,0.36,2025-02-28,610,N,VIIRS,n,2,308.78,3.17,D,0
14.26824,105.92442,336.04,0.39,0.36,2025-02-28,610,N,VIIRS,l,2,308.82,3.17,D,0
14.27035,105.34447,346.01,0.39,0.36,2025-02-28,610,N,VIIRS,n,2,301.09,11.38,D,0
14.27092,105.34811,343.28,0.39,0.36,2025-02-28,610,N,VIIRS,n,2,305.25,11.38,D,0
14.2737,105.34392,348.47,0.39,0.36,2025-02-28,610,N,VIIRS,n,2,303.48,11.38,D,0
14.27401,105.50008,341.39,0.39,0.36,2025-02-28,610,N,VIIRS,n,2,301,4.12,D,0
14.27427,105.34755,338.31,0.39,0.36,2025-02-28,610,N,VIIRS,n,2,303.3,11.38,D,0
14.27429,106.24886,333.12,0.38,0.36,2025-02-28,610,N,VIIRS,l,2,305.39,1.61,D,0
14.27467,104.24687,335.5,0.42,0.38,2025-02-28,610,N,VIIRS,n,2,304.09,0.92,D,0
14.27469,104.77216,338.27,0.41,0.37,2025-02-28,610,N,VIIRS,n,2,306.76,3.91,D,0
14.27547,103.31813,338.5,0.46,0.39,2025-02-28,610,N,VIIRS,n,2,304.39,3.8,D,0
14.27616,103.32236,340.12,0.46,0.39,2025-02-28,610,N,VIIRS,n,2,303.08,3.8,D,0
14.27622,106.1283,340.94,0.38,0.36,2025-02-28,610,N,VIIRS,n,2,305.61,4.22,D,0
14.27698,103.31875,346.97,0.46,0.39,2025-02-28,610,N,VIIRS,n,2,304.45,8.33,D,0
14.27776,103.25744,336.96,0.46,0.39,2025-02-28,610,N,VIIRS,n,2,304.17,3.33,D,0
14.27801,105.33962,342.68,0.39,0.36,2025-02-28,610,N,VIIRS,n,2,301.8,4.64,D,0
14.27812,104.1136,349.02,0.43,0.38,2025-02-28,610,N,VIIRS,n,2,305.16,12.65,D,0
14.27848,103.26169,336.12,0.46,0.39,2025-02-28,610,N,VIIRS,n,2,302.78,3.33,D,0
14.27889,105.42129,332.08,0.39,0.36,2025-02-28,610,N,VIIRS,l,2,302.54,3.42,D,0
14.27931,103.38694,353.78,0.46,0.39,2025-02-28,610,N,VIIRS,n,2,306.33,6.64,D,0
14.28,103.39115,336.74,0.46,0.39,2025-02-28,610,N,VIIRS,n,2,304.61,6.64,D,0
14.28026,104.56576,335.82,0.41,0.37,2025-02-28,610,N,VIIRS,n,2,304.91,4.79,D,0
14.28046,103.38324,335.72,0.46,0.39,2025-02-28,610,N,VIIRS,n,2,303.55,2.26,D,0
14.28117,103.38744,356.56,0.46,0.39,2025-02-28,610,N,VIIRS,n,2,305.66,8.99,D,0
14.28153,105.83431,339.02,0.39,0.36,2025-02-28,610,N,VIIRS,n,2,305.84,4.72,D,0
14.28188,103.39165,336.21,0.45,0.39,2025-02-28,610,N,VIIRS,n,2,304.79,8.99,D,0
14.28264,105.90744,338.39,0.39,0.36,2025-02-28,610,N,VIIRS,n,2,304.07,1.85,D,0
14.2829,103.38632,347.16,0.46,0.39,2025-02-28,610,N,VIIRS,n,2,302.5,6.31,D,0
14.28298,104.82457,338.84,0.4,0.37,2025-02-28,610,N,VIIRS,n,2,305.41,3.07,D,0
14.28866,105.63824,337.4,0.39,0.36,2025-02-28,610,N,VIIRS,n,2,304.68,6.6,D,0
14.29074,104.14777,332.56,0.42,0.38,2025-02-28,610,N,VIIRS,l,2,303.57,1.54,D,0
14.29109,104.85387,336.82,0.4,0.37,2025-02-28,610,N,VIIRS,n,2,305.29,4.25,D,0
14.2981,105.98544,339.87,0.39,0.36,2025-02-28,610,N,VIIRS,n,2,304.1,3.87,D,0
14.30026,103.53793,339.56,0.45,0.39,2025-02-28,610,N,VIIRS,n,2,305.43,2.11,D,0
14.3016,104.48,333.39,0.41,0.37,2025-02-28,610,N,VIIRS,n,2,301.71,1.19,D,0
14.3066,106.34923,344.09,0.38,0.36,2025-02-28,610,N,VIIRS,n,2,303.24,5.84,D,0
14.30703,105.84484,338.37,0.39,0.36,2025-02-28,610,N,VIIRS,n,2,305.03,4.02,D,0
14.30714,106.35278,331.22,0.38,0.36,2025-02-28,610,N,VIIRS,l,2,305.47,7.03,D,0
14.30992,106.34869,345.79,0.38,0.36,2025-02-28,610,N,VIIRS,n,2,300.25,5.44,D,0
14.31593,106.79135,332.19,0.38,0.36,2025-02-28,610,N,VIIRS,n,2,295.96,3.28,D,0
14.31696,103.18066,345.87,0.46,0.39,2025-02-28,610,N,VIIRS,n,2,302.86,5.79,D,0
14.31747,104.88371,340.41,0.4,0.37,2025-02-28,610,N,VIIRS,n,2,306.42,5.24,D,0
14.31758,105.78074,337.35,0.39,0.36,2025-02-28,610,N,VIIRS,n,2,305.97,3.67,D,0
14.31811,105.62971,337.5,0.39,0.36,2025-02-28,610,N,VIIRS,n,2,300.96,3.32,D,0
14.32016,105.62943,334.42,0.39,0.36,2025-02-28,610,N,VIIRS,n,2,299.75,2.48,D,0
14.32335,103.90228,334.97,0.43,0.38,2025-02-28,610,N,VIIRS,n,2,304.05,4.37,D,0
14.33129,103.88467,337.23,0.43,0.38,2025-02-28,610,N,VIIRS,n,2,299.01,3.12,D,0
14.33645,104.71931,334.03,0.41,0.37,2025-02-28,610,N,VIIRS,l,2,304.51,2.75,D,0
14.34413,105.88645,338.97,0.39,0.36,2025-02-28,610,N,VIIRS,n,2,307.22,7.29,D,0
14.353,105.66463,337.9,0.39,0.36,2025-02-28,610,N,VIIRS,n,2,305.34,1.74,D,0
14.35905,105.91699,337.45,0.39,0.36,2025-02-28,610,N,VIIRS,n,2,306.83,5.55,D,0
14.36238,104.12048,341.45,0.42,0.38,2025-02-28,610,N,VIIRS,n,2,299.06,21.76,D,0
14.36468,105.67377,336.74,0.39,0.36,2025-02-28,610,N,VIIRS,n,2,306.05,2.59,D,0
14.36524,103.75932,336.72,0.44,0.38,2025-02-28,610,N,VIIRS,n,2,300.79,7.41,D,0
14.36526,105.69946,337.86,0.39,0.36,2025-02-28,610,N,VIIRS,l,2,310.06,2.9,D,0
14.36803,105.69533,345.86,0.39,0.36,2025-02-28,610,N,VIIRS,n,2,305.75,5.41,D,0
14.36859,105.69892,342.32,0.39,0.36,2025-02-28,610,N,VIIRS,n,2,307.66,2.9,D,0
14.37028,105.73174,338.52,0.39,0.36,2025-02-28,610,N,VIIRS,n,2,306.84,2.9,D,0
14.37446,105.51702,331.86,0.39,0.36,2025-02-28,610,N,VIIRS,l,2,302.54,2.86,D,0
14.37502,105.52063,334.75,0.39,0.36,2025-02-28,610,N,VIIRS,n,2,301.15,2.71,D,0
14.3778,105.51647,339.53,0.39,0.36,2025-02-28,610,N,VIIRS,n,2,304.22,14.58,D,0
14.37919,105.78908,337.4,0.39,0.36,2025-02-28,610,N,VIIRS,n,2,305.2,4.08,D,0
14.38673,105.52982,334.54,0.39,0.36,2025-02-28,610,N,VIIRS,n,2,303.32,2.29,D,0
14.39172,105.51789,336.96,0.39,0.36,2025-02-28,610,N,VIIRS,n,2,301.36,2.43,D,0
14.39194,105.80535,336.35,0.39,0.36,2025-02-28,610,N,VIIRS,l,2,309.49,4,D,0
14.3925,105.80893,338.68,0.39,0.36,2025-02-28,610,N,VIIRS,n,2,308.24,4,D,0
14.39471,105.80123,341.78,0.39,0.36,2025-02-28,610,N,VIIRS,n,2,305.83,3.41,D,0
14.39582,105.8084,336.78,0.39,0.36,2025-02-28,610,N,VIIRS,n,2,306.16,3.88,D,0
14.39875,104.71642,331.79,0.41,0.37,2025-02-28,610,N,VIIRS,n,2,300.88,2.03,D,0
14.40653,102.33008,334.44,0.51,0.41,2025-02-28,610,N,VIIRS,l,2,307.16,32.31,D,0
14.40734,102.33488,344.1,0.51,0.41,2025-02-28,610,N,VIIRS,n,2,307.65,34.67,D,0
14.40751,103.59665,336.38,0.44,0.39,2025-02-28,610,N,VIIRS,n,2,300.58,5.31,D,0
14.41186,105.91209,340.62,0.39,0.36,2025-02-28,610,N,VIIRS,n,2,304.72,3.42,D,0
14.42099,104.78967,335.81,0.4,0.37,2025-02-28,610,N,VIIRS,n,2,302.51,2.47,D,0
14.42378,104.78538,337.91,0.4,0.37,2025-02-28,610,N,VIIRS,n,2,302.85,2.99,D,0
14.42438,104.78912,331.92,0.4,0.37,2025-02-28,610,N,VIIRS,n,2,301.57,3.47,D,0
14.42955,105.50385,331.76,0.39,0.36,2025-02-28,610,N,VIIRS,l,2,301.77,2.09,D,0
14.44071,105.81207,335.3,0.39,0.36,2025-02-28,610,N,VIIRS,l,2,306.97,2.96,D,0
14.44156,105.66809,339.95,0.39,0.36,2025-02-28,610,N,VIIRS,n,2,306.58,5.39,D,0
14.44183,105.79723,341.03,0.39,0.36,2025-02-28,610,N,VIIRS,n,2,306.65,2.98,D,0
14.44238,105.8008,337.28,0.39,0.36,2025-02-28,610,N,VIIRS,n,2,306.34,2.98,D,0
14.44429,105.64185,341.03,0.39,0.36,2025-02-28,610,N,VIIRS,n,2,309.29,11.47,D,0
14.44958,105.80329,337.11,0.39,0.36,2025-02-28,610,N,VIIRS,n,2,304.67,2.03,D,0
14.44988,106.31461,340.75,0.38,0.36,2025-02-28,610,N,VIIRS,n,2,301.57,3.75,D,0
14.45448,105.92349,348.17,0.39,0.36,2025-02-28,610,N,VIIRS,n,2,303,8.89,D,0
14.46332,105.78589,337.54,0.39,0.36,2025-02-28,610,N,VIIRS,n,2,305.07,3.1,D,0
14.46387,105.78947,346.6,0.39,0.36,2025-02-28,610,N,VIIRS,n,2,303.7,3.1,D,0
14.46605,105.73769,340.51,0.39,0.36,2025-02-28,610,N,VIIRS,n,2,307.98,4.2,D,0
14.46871,105.62311,335.36,0.39,0.36,2025-02-28,610,N,VIIRS,l,2,306.65,4.01,D,0
14.46884,102.01305,333.53,0.53,0.42,2025-02-28,610,N,VIIRS,n,2,300.67,2.9,D,0
14.47268,102.01228,335.88,0.53,0.42,2025-02-28,610,N,VIIRS,n,2,299.82,3.65,D,0
14.47303,106.33275,337.37,0.38,0.36,2025-02-28,610,N,VIIRS,n,2,304.75,3.7,D,0
14.47317,102.31472,343.36,0.51,0.41,2025-02-28,610,N,VIIRS,n,2,302.76,6.64,D,0
14.47688,106.33577,344.84,0.38,0.36,2025-02-28,610,N,VIIRS,n,2,302.63,12.6,D,0
14.47694,102.31399,341.66,0.51,0.41,2025-02-28,610,N,VIIRS,n,2,305.18,28.3,D,0
14.47995,105.8052,335.22,0.39,0.36,2025-02-28,610,N,VIIRS,l,2,306.52,2.2,D,0
14.48215,105.75344,340.9,0.39,0.36,2025-02-28,610,N,VIIRS,n,2,307.69,2.74,D,0
14.48798,106.31942,336.91,0.38,0.36,2025-02-28,610,N,VIIRS,n,2,303.2,3.17,D,0
14.49238,106.326,336.59,0.38,0.36,2025-02-28,610,N,VIIRS,n,2,301.03,3.26,D,0
14.50766,105.786,344.63,0.39,0.36,2025-02-28,610,N,VIIRS,n,2,307.55,4.88,D,0
14.5117,105.01082,345.91,0.4,0.37,2025-02-28,610,N,VIIRS,n,2,307.08,3.32,D,0
14.51389,106.33347,339.51,0.38,0.36,2025-02-28,610,N,VIIRS,n,2,303.78,4.53,D,0
14.52462,102.00475,334.53,0.53,0.42,2025-02-28,610,N,VIIRS,n,2,302.73,3.36,D,0
14.52546,102.00963,333.74,0.53,0.42,2025-02-28,610,N,VIIRS,n,2,301.08,4.87,D,0
14.5434,106.32817,334.92,0.38,0.36,2025-02-28,610,N,VIIRS,l,2,305.67,3.95,D,0
14.54633,105.66872,338.01,0.39,0.36,2025-02-28,610,N,VIIRS,n,2,305.97,4.48,D,0
14.56085,105.79934,345.69,0.39,0.36,2025-02-28,610,N,VIIRS,n,2,307.36,7.28,D,0
14.56124,105.61101,338.78,0.39,0.36,2025-02-28,610,N,VIIRS,n,2,304.25,1.98,D,0
14.56197,106.9893,337.81,0.39,0.36,2025-02-28,610,N,VIIRS,n,2,297.39,4.13,D,0
14.56349,106.43786,340.27,0.38,0.36,2025-02-28,610,N,VIIRS,n,2,307.32,4.83,D,0
14.56457,105.61046,337.31,0.39,0.36,2025-02-28,610,N,VIIRS,n,2,303.89,1.98,D,0
14.56634,106.41192,350.98,0.38,0.36,2025-02-28,610,N,VIIRS,n,2,304.57,9.23,D,0
14.56734,105.60632,331.81,0.39,0.36,2025-02-28,610,N,VIIRS,l,2,304.42,1.66,D,0
14.57459,106.42151,348.42,0.38,0.36,2025-02-28,610,N,VIIRS,n,2,304.08,5.87,D,0
14.57618,106.58881,338.84,0.38,0.36,2025-02-28,610,N,VIIRS,n,2,299.92,2.18,D,0
14.5798,106.34418,338.04,0.38,0.36,2025-02-28,610,N,VIIRS,n,2,303.3,2.73,D,0
14.5821,106.31467,339.73,0.38,0.36,2025-02-28,610,N,VIIRS,n,2,305.07,2.08,D,0
14.5855,106.60555,333.02,0.38,0.36,2025-02-28,610,N,VIIRS,n,2,300.79,2.5,D,0
14.59083,106.34969,338.13,0.38,0.36,2025-02-28,610,N,VIIRS,n,2,303.78,4.07,D,0
14.59089,106.32782,337.38,0.38,0.36,2025-02-28,610,N,VIIRS,n,2,305.71,2.16,D,0
14.59328,102.15227,339.3,0.52,0.42,2025-02-28,610,N,VIIRS,n,2,304.59,6.39,D,0
14.59421,106.32729,337.86,0.38,0.36,2025-02-28,610,N,VIIRS,n,2,304.85,2.16,D,0
14.59918,106.96511,335.31,0.39,0.36,2025-02-28,610,N,VIIRS,n,2,301.83,3.33,D,0
14.60122,105.60445,336.36,0.39,0.36,2025-02-28,610,N,VIIRS,n,2,305.8,2.66,D,0
14.60127,106.53015,334.83,0.38,0.36,2025-02-28,610,N,VIIRS,l,2,305.78,4.85,D,0
14.60197,106.48997,338.93,0.38,0.36,2025-02-28,610,N,VIIRS,n,2,305.68,7.27,D,0
14.60793,105.66969,337.54,0.39,0.36,2025-02-28,610,N,VIIRS,n,2,306.07,3.61,D,0
14.61067,105.62135,333,0.39,0.36,2025-02-28,610,N,VIIRS,l,2,305.13,1.15,D,0
14.61345,105.6172,332.49,0.39,0.36,2025-02-28,610,N,VIIRS,l,2,304.55,1.1,D,0
14.61459,105.66859,336.69,0.39,0.36,2025-02-28,610,N,VIIRS,n,2,305.88,1.46,D,0
14.61712,106.12611,330.45,0.38,0.36,2025-02-28,610,N,VIIRS,l,2,300.89,2.12,D,0
14.61754,106.45835,335.89,0.38,0.36,2025-02-28,610,N,VIIRS,l,2,307.6,3.36,D,0
14.61904,105.69731,334.84,0.39,0.36,2025-02-28,610,N,VIIRS,n,2,303.79,0.43,D,0
14.62237,105.69678,355.38,0.39,0.36,2025-02-28,610,N,VIIRS,n,2,307.58,7.46,D,0
14.62363,106.45372,336.16,0.38,0.36,2025-02-28,610,N,VIIRS,l,2,306.25,3.18,D,0
14.62417,106.45728,348.4,0.38,0.36,2025-02-28,610,N,VIIRS,n,2,307.04,3.18,D,0
14.62624,105.65564,337.68,0.39,0.36,2025-02-28,610,N,VIIRS,n,2,306.11,2.66,D,0
14.62695,106.45319,344.48,0.38,0.36,2025-02-28,610,N,VIIRS,n,2,305.88,3.18,D,0
14.62745,106.61344,346.5,0.38,0.36,2025-02-28,610,N,VIIRS,n,2,303.19,18.22,D,0
14.62799,106.617,367,0.38,0.36,2025-02-28,610,N,VIIRS,h,2,307.17,18.22,D,0
14.62957,105.6551,339.47,0.39,0.36,2025-02-28,610,N,VIIRS,n,2,305.76,2.48,D,0
14.63077,106.61292,347.37,0.38,0.36,2025-02-28,610,N,VIIRS,n,2,305.98,18.22,D,0
14.63131,106.61647,341.98,0.38,0.36,2025-02-28,610,N,VIIRS,n,2,308.08,18.22,D,0
14.63285,105.56606,339.03,0.39,0.36,2025-02-28,610,N,VIIRS,n,2,303.77,3.53,D,0
14.6435,106.60724,336.85,0.38,0.36,2025-02-28,610,N,VIIRS,l,2,307.66,5.84,D,0
14.6437,106.81155,340.87,0.39,0.36,2025-02-28,610,N,VIIRS,n,2,302.01,7.15,D,0
14.64567,107.05223,332.94,0.39,0.36,2025-02-28,610,N,VIIRS,n,2,303.41,2.33,D,0
14.64619,106.62504,348.83,0.38,0.36,2025-02-28,610,N,VIIRS,n,2,306.07,9.27,D,0
14.64681,106.6067,342.05,0.38,0.36,2025-02-28,610,N,VIIRS,n,2,306.44,8.5,D,0
14.64702,106.81103,367,0.39,0.36,2025-02-28,610,N,VIIRS,h,2,306.11,7.15,D,0
14.64756,106.81459,333.95,0.39,0.36,2025-02-28,610,N,VIIRS,n,2,299.06,5.1,D,0
14.649,107.05176,334.54,0.39,0.36,2025-02-28,610,N,VIIRS,n,2,300.39,2.33,D,0
14.65442,105.92644,340.31,0.39,0.36,2025-02-28,610,N,VIIRS,n,2,300.2,5.83,D,0
14.65515,106.59444,342.52,0.38,0.36,2025-02-28,610,N,VIIRS,n,2,305.21,7.13,D,0
14.65849,106.84209,343.56,0.39,0.36,2025-02-28,610,N,VIIRS,n,2,294.2,2.8,D,0
14.65948,106.46619,343.73,0.38,0.36,2025-02-28,610,N,VIIRS,n,2,305.3,4.74,D,0
14.66654,105.65601,346.31,0.39,0.36,2025-02-28,610,N,VIIRS,n,2,307.87,5.88,D,0
14.66987,105.65546,344.82,0.39,0.36,2025-02-28,610,N,VIIRS,n,2,309.37,4.31,D,0
14.67181,106.12821,345.32,0.38,0.36,2025-02-28,610,N,VIIRS,n,2,300.34,10.04,D,0
14.67199,100.80151,330.32,0.41,0.45,2025-02-28,610,N,VIIRS,n,2,298.53,2.96,D,2
14.67208,105.64774,336.75,0.39,0.36,2025-02-28,610,N,VIIRS,l,2,309.06,4.24,D,0
14.6732,105.65492,348.2,0.39,0.36,2025-02-28,610,N,VIIRS,n,2,308.57,4.31,D,0
14.67952,106.35661,339.44,0.38,0.36,2025-02-28,610,N,VIIRS,n,2,302.44,7.1,D,0
14.68112,103.2384,341.52,0.46,0.39,2025-02-28,610,N,VIIRS,n,2,305.85,6.97,D,0
14.68296,106.31235,340.08,0.38,0.36,2025-02-28,610,N,VIIRS,n,2,308.2,4.37,D,0
14.68926,105.6265,332.72,0.39,0.36,2025-02-28,610,N,VIIRS,l,2,305.8,2.04,D,0
14.69132,107.13037,339.89,0.39,0.36,2025-02-28,610,N,VIIRS,n,2,301.87,4.2,D,0
14.69188,106.28175,340.6,0.38,0.36,2025-02-28,610,N,VIIRS,n,2,306.03,5.21,D,0
14.69851,106.45924,334.27,0.38,0.36,2025-02-28,610,N,VIIRS,l,2,308.52,2.28,D,0
14.70432,105.87753,340.26,0.39,0.36,2025-02-28,610,N,VIIRS,n,2,304.91,2.41,D,0
14.71037,106.38081,333.91,0.38,0.36,2025-02-28,610,N,VIIRS,n,2,303.41,2.6,D,0
14.71042,105.82889,335.95,0.39,0.36,2025-02-28,610,N,VIIRS,l,2,306.44,2.21,D,0
14.71084,105.54548,341.5,0.39,0.36,2025-02-28,610,N,VIIRS,n,2,306.69,4.73,D,0
14.71436,106.34008,343.56,0.38,0.36,2025-02-28,610,N,VIIRS,n,2,306.77,3.23,D,0
14.71521,105.48562,345.34,0.39,0.36,2025-02-28,610,N,VIIRS,n,2,301.04,6.33,D,0
14.71674,102.81881,343.78,0.48,0.4,2025-02-28,610,N,VIIRS,n,2,305.93,5.05,D,0
14.73445,107.60932,348.08,0.4,0.37,2025-02-28,610,N,VIIRS,n,2,300.93,6.67,D,0
14.73864,106.34347,335.51,0.38,0.36,2025-02-28,610,N,VIIRS,l,2,307.63,2.3,D,0
14.73997,106.26308,335.31,0.38,0.36,2025-02-28,610,N,VIIRS,n,2,304.87,3.95,D,0
14.74287,106.06147,332.04,0.38,0.36,2025-02-28,610,N,VIIRS,l,2,306.62,3.42,D,0
14.74367,105.69123,332.57,0.39,0.36,2025-02-28,610,N,VIIRS,l,2,305.99,2.42,D,0
14.744,107.14052,336.7,0.39,0.36,2025-02-28,610,N,VIIRS,n,2,306.66,3.27,D,0
14.75024,106.24272,344.19,0.38,0.36,2025-02-28,610,N,VIIRS,n,2,303.95,3.82,D,0
14.75066,105.52431,342.88,0.39,0.36,2025-02-28,610,N,VIIRS,n,2,302.99,5.07,D,0
14.75602,106.43545,334.05,0.38,0.36,2025-02-28,610,N,VIIRS,l,2,305.2,3.68,D,0
14.75669,107.15693,345.46,0.39,0.36,2025-02-28,610,N,VIIRS,n,2,305.47,18.18,D,0
14.76002,107.1564,345.53,0.39,0.36,2025-02-28,610,N,VIIRS,n,2,308.99,18.18,D,0
14.77814,105.78842,345.08,0.39,0.36,2025-02-28,610,N,VIIRS,n,2,304.8,1.94,D,0
14.77887,106.00815,331.98,0.38,0.36,2025-02-28,610,N,VIIRS,l,2,305.29,2.67,D,0
14.79119,106.40018,334.02,0.38,0.36,2025-02-28,610,N,VIIRS,l,2,306.76,3.67,D,0
14.79119,107.28391,356.22,0.39,0.36,2025-02-28,610,N,VIIRS,n,2,305.59,30.34,D,0
14.79173,107.28753,339.22,0.39,0.36,2025-02-28,610,N,VIIRS,n,2,289.34,30.34,D,0
14.7945,106.39966,344.62,0.38,0.36,2025-02-28,610,N,VIIRS,n,2,302.97,3.67,D,0
14.79454,107.28339,338.16,0.39,0.36,2025-02-28,610,N,VIIRS,n,2,303.87,77.69,D,0
14.79803,107.16825,352.1,0.39,0.36,2025-02-28,610,N,VIIRS,n,2,307.48,4.58,D,0
14.80136,107.16772,338.78,0.39,0.36,2025-02-28,610,N,VIIRS,n,2,305.37,4.58,D,0
14.80327,106.23418,338.05,0.38,0.36,2025-02-28,610,N,VIIRS,n,2,307.64,3.67,D,0
14.80518,105.61113,349.63,0.39,0.36,2025-02-28,610,N,VIIRS,n,2,306.49,6.37,D,0
14.80865,102.46198,353.63,0.5,0.41,2025-02-28,610,N,VIIRS,n,2,305.17,10.33,D,0
14.80907,105.61418,336.7,0.39,0.36,2025-02-28,610,N,VIIRS,l,2,307.75,6.37,D,0
14.82534,101.5857,334.8,0.56,0.43,2025-02-28,610,N,VIIRS,n,2,299.32,6.37,D,0
14.82587,106.24878,338.6,0.38,0.36,2025-02-28,610,N,VIIRS,n,2,307.32,4.61,D,0
14.82635,107.26728,335.6,0.39,0.36,2025-02-28,610,N,VIIRS,n,2,304.53,2.21,D,0
14.83517,107.2807,340.56,0.39,0.36,2025-02-28,610,N,VIIRS,n,2,301.17,23.77,D,0
14.8507,105.66261,336.31,0.39,0.36,2025-02-28,610,N,VIIRS,n,2,305.49,3.56,D,0
14.85212,106.04732,343.07,0.38,0.36,2025-02-28,610,N,VIIRS,n,2,302.96,2.77,D,0
14.85248,106.16047,333.36,0.38,0.36,2025-02-28,610,N,VIIRS,l,2,303.87,5.08,D,0
14.85347,105.63638,344,0.39,0.36,2025-02-28,610,N,VIIRS,n,2,307.45,7.3,D,0
14.85403,105.66206,338.81,0.39,0.36,2025-02-28,610,N,VIIRS,n,2,306.39,5.1,D,0
14.85454,107.08939,338.34,0.39,0.36,2025-02-28,610,N,VIIRS,n,2,305.62,5.95,D,0
14.8568,105.63583,340.49,0.39,0.36,2025-02-28,610,N,VIIRS,n,2,306.81,3.94,D,0
14.85888,106.96326,344.65,0.39,0.36,2025-02-28,610,N,VIIRS,n,2,302.73,7.74,D,0
14.85923,106.09367,333.45,0.38,0.36,2025-02-28,610,N,VIIRS,n,2,302.55,1.8,D,0
14.85993,106.27599,336.57,0.38,0.36,2025-02-28,610,N,VIIRS,n,2,302.41,2.15,D,0
14.87704,106.27689,336.97,0.38,0.36,2025-02-28,610,N,VIIRS,n,2,303.28,2.13,D,0
14.87974,106.05015,332.27,0.38,0.36,2025-02-28,610,N,VIIRS,l,2,305.58,2.96,D,0
14.88321,105.61267,342.83,0.39,0.36,2025-02-28,610,N,VIIRS,n,2,305.65,3.06,D,0
14.88455,106.52361,335.14,0.38,0.36,2025-02-28,610,N,VIIRS,n,2,298.79,7.43,D,0
14.88489,105.62346,337.39,0.39,0.36,2025-02-28,610,N,VIIRS,n,2,303.45,1.54,D,0
14.88654,105.61213,337.54,0.39,0.36,2025-02-28,610,N,VIIRS,n,2,305.17,1.36,D,0
14.88862,106.88882,344.88,0.39,0.36,2025-02-28,610,N,VIIRS,n,2,307.03,8.27,D,0
14.89159,105.66654,340.06,0.39,0.36,2025-02-28,610,N,VIIRS,n,2,307.25,3.04,D,0
14.89436,105.66241,337.99,0.39,0.36,2025-02-28,610,N,VIIRS,n,2,306.02,2.56,D,0
14.89488,105.62182,337.86,0.39,0.36,2025-02-28,610,N,VIIRS,n,2,305.2,2.36,D,0
14.89492,105.66601,338.77,0.39,0.36,2025-02-28,610,N,VIIRS,n,2,308.33,2.56,D,0
14.89543,105.62541,332.83,0.39,0.36,2025-02-28,610,N,VIIRS,l,2,303.23,2.7,D,0
14.89547,105.66959,339.63,0.39,0.36,2025-02-28,610,N,VIIRS,n,2,307.52,3.78,D,0
14.89655,105.6326,351.7,0.39,0.36,2025-02-28,610,N,VIIRS,n,2,306.76,3.87,D,0
14.89691,106.0291,336.4,0.38,0.36,2025-02-28,610,N,VIIRS,n,2,300.78,26.4,D,0
14.8982,105.62128,346.86,0.39,0.36,2025-02-28,610,N,VIIRS,n,2,306.66,2.36,D,0
14.89876,105.62486,336.33,0.39,0.36,2025-02-28,610,N,VIIRS,l,2,306.65,2.7,D,0
14.89988,105.63204,337.18,0.39,0.36,2025-02-28,610,N,VIIRS,n,2,306.21,3.87,D,0
14.90209,105.62432,339.1,0.39,0.36,2025-02-28,610,N,VIIRS,n,2,306.98,3.72,D,0
14.90265,105.62791,339.1,0.39,0.36,2025-02-28,610,N,VIIRS,n,2,307.36,3.72,D,0
14.90289,107.12182,335.94,0.39,0.36,2025-02-28,610,N,VIIRS,n,2,296.25,2.3,D,0
14.90343,107.12546,345.01,0.39,0.36,2025-02-28,610,N,VIIRS,n,2,300,5.27,D,0
14.90417,106.87902,342.36,0.39,0.36,2025-02-28,610,N,VIIRS,n,2,305.57,3.78,D,0
14.90622,107.12128,356.21,0.39,0.36,2025-02-28,610,N,VIIRS,n,2,301.51,11.65,D,0
14.90676,107.12492,347.11,0.39,0.36,2025-02-28,610,N,VIIRS,n,2,300.76,6.99,D,0
14.91114,106.09988,332.5,0.38,0.36,2025-02-28,610,N,VIIRS,n,2,301.43,1.64,D,0
14.91181,106.03765,337.56,0.38,0.36,2025-02-28,610,N,VIIRS,n,2,301.83,2.49,D,0
14.91231,106.06316,339.05,0.38,0.36,2025-02-28,610,N,VIIRS,n,2,307.22,4.64,D,0
14.91286,106.06672,337.76,0.38,0.36,2025-02-28,610,N,VIIRS,n,2,305.38,4.64,D,0
14.91564,106.46394,339.3,0.38,0.36,2025-02-28,610,N,VIIRS,n,2,305.06,5.76,D,0
14.9163,107.00563,348.75,0.39,0.36,2025-02-28,610,N,VIIRS,n,2,306.26,7.35,D,0
14.9178,106.92456,334.35,0.39,0.36,2025-02-28,610,N,VIIRS,l,2,304.52,1.1,D,0
14.92311,106.17827,354.09,0.38,0.36,2025-02-28,610,N,VIIRS,n,2,305.01,26.48,D,0
14.92662,106.09007,337.55,0.38,0.36,2025-02-28,610,N,VIIRS,n,2,303.21,3.52,D,0
14.92697,106.1813,334.44,0.38,0.36,2025-02-28,610,N,VIIRS,n,2,298.56,61.06,D,0
14.92986,105.7375,344.76,0.39,0.36,2025-02-28,610,N,VIIRS,n,2,305.27,6.93,D,0
14.9313,106.07788,334.04,0.38,0.36,2025-02-28,610,N,VIIRS,n,2,303.03,3.19,D,0
14.9368,106.0916,331.17,0.38,0.36,2025-02-28,610,N,VIIRS,l,2,305.2,3.87,D,0
14.94314,102.36787,332.87,0.5,0.41,2025-02-28,610,N,VIIRS,l,2,303.97,4.77,D,0
14.94392,102.37247,339.9,0.5,0.41,2025-02-28,610,N,VIIRS,n,2,306.34,5.22,D,0
14.94767,102.37183,341.89,0.5,0.41,2025-02-28,610,N,VIIRS,n,2,304.24,5.22,D,0
14.95508,106.05576,335.88,0.38,0.36,2025-02-28,610,N,VIIRS,n,2,298.82,2.8,D,0
14.95988,106.1536,336.36,0.38,0.36,2025-02-28,610,N,VIIRS,n,2,305.46,6.24,D,0
14.96042,106.15717,332.07,0.38,0.36,2025-02-28,610,N,VIIRS,l,2,305.62,7.11,D,0
14.96264,102.36921,348.44,0.5,0.41,2025-02-28,610,N,VIIRS,n,2,307.6,13.75,D,0
14.96466,106.8804,344.07,0.39,0.36,2025-02-28,610,N,VIIRS,n,2,305.77,4.51,D,0
14.96745,106.87629,344.34,0.39,0.36,2025-02-28,610,N,VIIRS,n,2,306.64,4.9,D,0
14.96798,106.87988,346.48,0.39,0.36,2025-02-28,610,N,VIIRS,n,2,304.26,4.51,D,0
14.97077,106.87576,341.72,0.39,0.36,2025-02-28,610,N,VIIRS,n,2,306.22,2.56,D,0
14.97131,106.87935,344.49,0.39,0.36,2025-02-28,610,N,VIIRS,n,2,307.08,13.41,D,0
14.97238,106.88652,337.98,0.39,0.36,2025-02-28,610,N,VIIRS,n,2,305.39,3.92,D,0
14.9741,106.87524,336.46,0.39,0.36,2025-02-28,610,N,VIIRS,n,2,303.93,2.56,D,0
14.97463,106.87882,367,0.39,0.36,2025-02-28,610,N,VIIRS,h,2,308.71,13.41,D,0
14.97796,106.8783,348.58,0.39,0.36,2025-02-28,610,N,VIIRS,n,2,303.42,4.99,D,0
14.97999,106.91469,341.61,0.39,0.36,2025-02-28,610,N,VIIRS,n,2,308.8,2.82,D,0
14.98052,106.91827,335.83,0.39,0.36,2025-02-28,610,N,VIIRS,n,2,304.39,2.82,D,0
14.98878,106.92799,336.74,0.39,0.36,2025-02-28,610,N,VIIRS,n,2,304.52,12.53,D,0
14.98932,106.93156,338.3,0.39,0.36,2025-02-28,610,N,VIIRS,n,2,307.98,12.53,D,0
14.98972,105.66823,337.99,0.39,0.36,2025-02-28,610,N,VIIRS,n,2,307.41,2.68,D,0
14.9947,105.65639,343.3,0.39,0.36,2025-02-28,610,N,VIIRS,n,2,308.32,7.17,D,0
14.99487,106.0493,337.35,0.38,0.36,2025-02-28,610,N,VIIRS,n,2,299.9,4.99,D,0
14.99923,106.07784,335.25,0.38,0.36,2025-02-28,610,N,VIIRS,n,2,297.95,29,D,0
15.00022,105.62604,346.67,0.39,0.36,2025-02-28,610,N,VIIRS,n,2,306.41,8.29,D,0
15.00032,105.73646,338.33,0.39,0.36,2025-02-28,610,N,VIIRS,n,2,304.56,2.62,D,0
15.00092,105.82821,333.34,0.39,0.36,2025-02-28,610,N,VIIRS,n,2,300.54,3.85,D,0
15.00629,105.59925,340.68,0.39,0.36,2025-02-28,610,N,VIIRS,n,2,307.35,5.56,D,0
15.01757,106.26471,343.57,0.38,0.36,2025-02-28,610,N,VIIRS,n,2,302.39,21.36,D,0
15.01758,106.57838,338.55,0.38,0.36,2025-02-28,610,N,VIIRS,n,2,306.1,4.5,D,0
15.03214,107.45274,332.19,0.39,0.36,2025-02-28,610,N,VIIRS,n,2,290.03,3.37,D,0
15.04014,105.61949,340.88,0.39,0.36,2025-02-28,610,N,VIIRS,n,2,306.06,3.46,D,0
15.04111,107.09623,336.35,0.39,0.36,2025-02-28,610,N,VIIRS,n,2,298.15,3.59,D,0
15.04176,105.5639,338.15,0.39,0.36,2025-02-28,610,N,VIIRS,n,2,306.72,4.51,D,0
15.04469,106.69086,333.2,0.39,0.36,2025-02-28,610,N,VIIRS,n,2,302.88,4.33,D,0
15.04517,106.58129,348.33,0.38,0.36,2025-02-28,610,N,VIIRS,n,2,298.25,2.9,D,0
15.04954,105.59211,338.58,0.39,0.36,2025-02-28,610,N,VIIRS,n,2,307.41,5.88,D,0
15.0501,105.59571,342.95,0.39,0.36,2025-02-28,610,N,VIIRS,n,2,308.35,5.88,D,0
15.05235,105.67634,344.91,0.39,0.36,2025-02-28,610,N,VIIRS,n,2,308.48,5.18,D,0
15.05287,105.59156,337.37,0.39,0.36,2025-02-28,610,N,VIIRS,n,2,304.9,3.28,D,0
15.05343,105.59516,345.56,0.39,0.36,2025-02-28,610,N,VIIRS,n,2,309.23,3.28,D,0
15.05438,106.48492,336.69,0.38,0.36,2025-02-28,610,N,VIIRS,n,2,294.28,2.65,D,0
15.05567,105.67579,342.87,0.39,0.36,2025-02-28,610,N,VIIRS,n,2,304.25,5.18,D,0
15.0562,105.59102,340.6,0.39,0.36,2025-02-28,610,N,VIIRS,n,2,306.58,3.28,D,0
15.0595,105.52416,336.47,0.39,0.36,2025-02-28,610,N,VIIRS,n,2,302.15,1.4,D,0
15.06563,105.58576,336.87,0.39,0.36,2025-02-28,610,N,VIIRS,l,2,308.64,3.66,D,0
15.09837,106.13065,337.6,0.38,0.36,2025-02-28,610,N,VIIRS,n,2,301.72,5.57,D,0
15.10015,106.90253,347.68,0.39,0.36,2025-02-28,610,N,VIIRS,n,2,305.74,7.55,D,0
15.10168,106.13012,346.54,0.38,0.36,2025-02-28,610,N,VIIRS,n,2,307.16,12.54,D,0
15.10294,106.89842,340.02,0.39,0.36,2025-02-28,610,N,VIIRS,n,2,302.06,6.73,D,0
15.10347,106.90199,353.36,0.39,0.36,2025-02-28,610,N,VIIRS,n,2,306.49,20.94,D,0
15.10499,106.12959,333.63,0.38,0.36,2025-02-28,610,N,VIIRS,n,2,300.47,12.54,D,0
15.1101,106.76464,332.92,0.39,0.36,2025-02-28,610,N,VIIRS,n,2,298.67,3.49,D,0
15.13406,106.87883,342.39,0.39,0.36,2025-02-28,610,N,VIIRS,n,2,295.53,5.78,D,0
15.1593,106.82642,338.62,0.39,0.36,2025-02-28,610,N,VIIRS,n,2,307.52,5.12,D,0
15.16393,105.48357,341.92,0.39,0.36,2025-02-28,610,N,VIIRS,n,2,305.64,4.76,D,0
15.17471,105.56734,336.73,0.39,0.36,2025-02-28,610,N,VIIRS,n,2,304.88,4.78,D,0
15.17687,105.8685,342.95,0.39,0.36,2025-02-28,610,N,VIIRS,n,2,305.49,4.94,D,0
15.18692,105.6464,338.77,0.39,0.36,2025-02-28,610,N,VIIRS,n,2,303.65,1.38,D,0
15.18915,105.64535,348.42,0.39,0.36,2025-02-28,610,N,VIIRS,n,2,307.77,5.84,D,0
15.18971,105.64893,342.5,0.39,0.36,2025-02-28,610,N,VIIRS,n,2,306.53,7.98,D,0
15.19608,106.77655,340.52,0.39,0.36,2025-02-28,610,N,VIIRS,n,2,308.33,3.52,D,0
15.19799,106.56344,339.71,0.38,0.36,2025-02-28,610,N,VIIRS,n,2,303.28,5.66,D,0
15.20355,107.12453,333.85,0.39,0.36,2025-02-28,610,N,VIIRS,n,2,297.49,1.93,D,0
15.20424,106.80828,337.25,0.39,0.36,2025-02-28,610,N,VIIRS,n,2,306.58,2.68,D,0
15.2313,105.78546,335.33,0.39,0.36,2025-02-28,610,N,VIIRS,n,2,305.26,2.48,D,0
15.24378,106.7543,330.04,0.39,0.36,2025-02-28,610,N,VIIRS,l,2,303.47,1.86,D,0
15.26189,106.78764,349.24,0.39,0.36,2025-02-28,610,N,VIIRS,n,2,308.66,3.81,D,0
15.26243,106.79123,337.52,0.39,0.36,2025-02-28,610,N,VIIRS,n,2,306,3.81,D,0
15.26522,106.7871,349.17,0.39,0.36,2025-02-28,610,N,VIIRS,n,2,308.75,3.81,D,0
15.26854,106.78658,341.24,0.39,0.36,2025-02-28,610,N,VIIRS,n,2,305.98,5.39,D,0
15.27347,106.79681,342.68,0.39,0.36,2025-02-28,610,N,VIIRS,n,2,308.13,4.08,D,0
15.27573,106.7891,332.75,0.39,0.36,2025-02-28,610,N,VIIRS,l,2,305.98,1.56,D,0
15.2768,106.79626,342.29,0.39,0.36,2025-02-28,610,N,VIIRS,n,2,307.9,4.47,D,0
15.27733,106.79985,339.36,0.39,0.36,2025-02-28,610,N,VIIRS,n,2,307.89,5.87,D,0
15.2784,106.80699,347.59,0.39,0.36,2025-02-28,610,N,VIIRS,n,2,308.65,6.01,D,0
15.3036,106.74793,343.95,0.39,0.36,2025-02-28,610,N,VIIRS,n,2,309.81,6.13,D,0
15.30737,106.45759,347.02,0.38,0.36,2025-02-28,610,N,VIIRS,n,2,300.07,14.4,D,0
15.3139,106.79401,338.51,0.39,0.36,2025-02-28,610,N,VIIRS,n,2,306.7,4.39,D,0
15.31443,106.79759,367,0.39,0.36,2025-02-28,610,N,VIIRS,h,2,308.39,4.39,D,0
15.31861,106.8483,334.58,0.39,0.36,2025-02-28,610,N,VIIRS,n,2,303.61,1.99,D,0
15.32455,106.41759,332.84,0.38,0.36,2025-02-28,610,N,VIIRS,n,2,298.33,5.15,D,0
15.33383,105.74685,338.83,0.39,0.36,2025-02-28,610,N,VIIRS,n,2,307.76,5.16,D,0
15.33608,106.78307,343.37,0.39,0.36,2025-02-28,610,N,VIIRS,n,2,304.69,2.56,D,0
15.33662,106.78667,330.88,0.39,0.36,2025-02-28,610,N,VIIRS,l,2,304.37,2.56,D,0
15.34118,105.9472,336.46,0.38,0.36,2025-02-28,610,N,VIIRS,l,2,309.43,3.76,D,0
15.34134,106.84098,338.54,0.39,0.36,2025-02-28,610,N,VIIRS,n,2,305.65,3.03,D,0
15.34157,106.79698,341.62,0.39,0.36,2025-02-28,610,N,VIIRS,n,2,305.69,2.85,D,0
15.34467,106.84045,333.51,0.39,0.36,2025-02-28,610,N,VIIRS,n,2,303.39,1.89,D,0
15.34799,106.83991,333.23,0.39,0.36,2025-02-28,610,N,VIIRS,n,2,301.96,1.89,D,0
15.35994,106.67579,331.27,0.39,0.36,2025-02-28,610,N,VIIRS,l,2,305.89,1.76,D,0
15.37246,106.82801,330.91,0.39,0.36,2025-02-28,610,N,VIIRS,l,2,304.92,2.19,D,0
15.373,106.83163,333.16,0.39,0.36,2025-02-28,610,N,VIIRS,n,2,302.87,2.19,D,0
15.37581,106.71368,339.24,0.39,0.36,2025-02-28,610,N,VIIRS,n,2,305.77,2.02,D,0
15.39583,105.59695,340.29,0.39,0.36,2025-02-28,610,N,VIIRS,n,2,301.42,5.95,D,0
15.39806,105.59591,341.16,0.39,0.36,2025-02-28,610,N,VIIRS,n,2,298.43,4.16,D,0
15.41881,106.75095,335.58,0.39,0.36,2025-02-28,610,N,VIIRS,l,2,307.35,1.53,D,0
15.44164,106.7216,336.04,0.39,0.36,2025-02-28,610,N,VIIRS,l,2,307.11,1.36,D,0
15.44936,106.72772,345.48,0.39,0.36,2025-02-28,610,N,VIIRS,n,2,307.68,2.89,D,0
15.45268,106.72719,335.24,0.39,0.36,2025-02-28,610,N,VIIRS,l,2,306.66,2.89,D,0
15.45272,106.84105,332.99,0.39,0.36,2025-02-28,610,N,VIIRS,l,2,303.28,4.31,D,0
15.45662,106.70814,337.94,0.39,0.36,2025-02-28,610,N,VIIRS,n,2,304.12,3.23,D,0
15.48412,106.50941,331.15,0.38,0.36,2025-02-28,610,N,VIIRS,l,2,302.82,30.25,D,0
15.48466,106.51299,338.59,0.38,0.36,2025-02-28,610,N,VIIRS,n,2,304.91,30.25,D,0
15.48797,106.51245,339.86,0.38,0.36,2025-02-28,610,N,VIIRS,n,2,307.73,30.25,D,0
15.5037,106.43669,342.57,0.38,0.36,2025-02-28,610,N,VIIRS,n,2,307.74,8.37,D,0
15.50413,106.30498,340.75,0.38,0.36,2025-02-28,610,N,VIIRS,l,2,312.33,10.17,D,0
15.50672,106.30382,339.38,0.38,0.36,2025-02-28,610,N,VIIRS,l,2,311.61,7.22,D,0
15.50767,105.79846,337.81,0.39,0.36,2025-02-28,610,N,VIIRS,n,2,306.77,4.61,D,0
15.51577,106.22923,347.78,0.38,0.36,2025-02-28,610,N,VIIRS,n,2,307.61,3.49,D,0
15.51908,106.22871,342.22,0.38,0.36,2025-02-28,610,N,VIIRS,n,2,305.48,3.49,D,0
15.52185,106.2246,349.65,0.38,0.36,2025-02-28,610,N,VIIRS,n,2,307.34,6.74,D,0
15.52362,106.43359,339.25,0.38,0.36,2025-02-28,610,N,VIIRS,l,2,309.69,5.35,D,0
15.52365,106.16945,336.5,0.38,0.36,2025-02-28,610,N,VIIRS,n,2,306.2,3.64,D,0
15.52443,106.28635,341.15,0.38,0.36,2025-02-28,610,N,VIIRS,l,2,312.07,4.74,D,0
15.53318,106.8139,336.4,0.39,0.36,2025-02-28,610,N,VIIRS,n,2,304.75,2.81,D,0
15.53396,106.23727,340.14,0.38,0.36,2025-02-28,610,N,VIIRS,n,2,308.66,3.1,D,0
15.53456,106.21891,332.72,0.38,0.36,2025-02-28,610,N,VIIRS,l,2,304.9,1.71,D,0
15.53651,106.81336,339.13,0.39,0.36,2025-02-28,610,N,VIIRS,n,2,304.89,4.33,D,0
15.53704,106.8169,342.81,0.39,0.36,2025-02-28,610,N,VIIRS,n,2,304.78,3.93,D,0
15.53727,106.23673,344.11,0.38,0.36,2025-02-28,610,N,VIIRS,n,2,305.58,2.74,D,0
15.53757,106.82045,332.97,0.39,0.36,2025-02-28,610,N,VIIRS,n,2,299.98,3.93,D,0
15.53798,106.73212,338.54,0.39,0.36,2025-02-28,610,N,VIIRS,n,2,305.86,3.02,D,0
15.5413,106.73159,337.16,0.39,0.36,2025-02-28,610,N,VIIRS,n,2,305.25,3.02,D,0
15.54425,106.68326,315.2,0.39,0.36,2025-02-28,610,N,VIIRS,l,2,316.99,51.15,D,0
15.5448,106.68688,367,0.39,0.36,2025-02-28,610,N,VIIRS,h,2,326.24,51.15,D,0
15.54757,106.68273,346.82,0.39,0.36,2025-02-28,610,N,VIIRS,n,2,305.55,51.15,D,0
15.54812,106.68635,343.05,0.39,0.36,2025-02-28,610,N,VIIRS,n,2,302.55,51.15,D,0
15.55275,106.40622,339.05,0.38,0.36,2025-02-28,610,N,VIIRS,l,2,309.47,5.07,D,0
15.56396,106.16659,335.84,0.38,0.36,2025-02-28,610,N,VIIRS,n,2,303.54,1.59,D,0
15.56728,106.16605,345.87,0.38,0.36,2025-02-28,610,N,VIIRS,n,2,309.76,4.44,D,0
15.57156,106.39589,347.73,0.38,0.36,2025-02-28,610,N,VIIRS,n,2,310.92,7.92,D,0
15.57282,106.15783,337.76,0.38,0.36,2025-02-28,610,N,VIIRS,l,2,307.94,3.38,D,0
15.57336,106.16141,338.08,0.38,0.36,2025-02-28,610,N,VIIRS,n,2,306.69,3.38,D,0
15.57528,106.26353,349.79,0.38,0.36,2025-02-28,610,N,VIIRS,n,2,312.71,10.18,D,0
15.57666,106.16088,335.82,0.38,0.36,2025-02-28,610,N,VIIRS,n,2,305.41,3.38,D,0
15.57672,106.13892,341.71,0.38,0.36,2025-02-28,610,N,VIIRS,n,2,310.48,5.17,D,0
15.57853,106.71394,345.98,0.39,0.36,2025-02-28,610,N,VIIRS,n,2,308.79,4.25,D,0
15.58025,106.70265,339.64,0.39,0.36,2025-02-28,610,N,VIIRS,l,2,309.79,3.97,D,0
15.58763,106.18837,348.47,0.38,0.36,2025-02-28,610,N,VIIRS,n,2,306.37,3.76,D,0
15.59095,106.18783,337.11,0.38,0.36,2025-02-28,610,N,VIIRS,n,2,310.85,28,D,0
15.60234,106.26283,338.92,0.38,0.36,2025-02-28,610,N,VIIRS,n,2,305.33,3.67,D,0
15.60241,106.42023,334.74,0.38,0.36,2025-02-28,610,N,VIIRS,l,2,305.53,2.62,D,0
15.60288,106.2664,337.54,0.38,0.36,2025-02-28,610,N,VIIRS,n,2,306.93,3.67,D,0
15.60871,106.34965,338.95,0.38,0.36,2025-02-28,610,N,VIIRS,n,2,308.73,3.68,D,0
15.61094,106.34196,333.81,0.38,0.36,2025-02-28,610,N,VIIRS,l,2,306.91,1.85,D,0
15.62768,106.61057,342.88,0.39,0.36,2025-02-28,610,N,VIIRS,n,2,308.69,4.5,D,0
15.63171,106.56953,335.26,0.39,0.36,2025-02-28,610,N,VIIRS,n,2,305.06,2.7,D,0
15.64275,106.57513,334.78,0.39,0.36,2025-02-28,610,N,VIIRS,l,2,305.64,1.66,D,0
14.74133,100.19802,332.42,0.45,0.47,2025-02-28,611,N,VIIRS,n,2,295.58,2.23,D,0
15.00049,102.383,346.13,0.5,0.41,2025-02-28,611,N,VIIRS,n,2,305,5.98,D,0
15.00422,102.38234,338.99,0.5,0.41,2025-02-28,611,N,VIIRS,n,2,304.57,5.98,D,0
15.01752,101.88102,338.45,0.53,0.42,2025-02-28,611,N,VIIRS,n,2,307.29,4.37,D,0
15.02828,101.66841,339.97,0.55,0.42,2025-02-28,611,N,VIIRS,n,2,300.98,5.93,D,0
15.03216,101.66771,338.33,0.55,0.42,2025-02-28,611,N,VIIRS,n,2,299.01,8.01,D,0
15.16554,101.32928,343.28,0.57,0.43,2025-02-28,611,N,VIIRS,n,2,302.74,7.62,D,0
15.16761,101.41024,331.24,0.56,0.43,2025-02-28,611,N,VIIRS,l,2,301.48,4.36,D,0
15.169,101.1383,330.22,0.39,0.44,2025-02-28,611,N,VIIRS,l,2,301.41,2.4,D,0
15.22744,100.78046,345.4,0.41,0.45,2025-02-28,611,N,VIIRS,n,2,303.77,5.68,D,0
15.23154,100.77972,338.65,0.41,0.45,2025-02-28,611,N,VIIRS,n,2,302.77,5.68,D,0
15.23584,101.82072,337.69,0.53,0.42,2025-02-28,611,N,VIIRS,n,2,305.87,4.39,D,0
15.26874,101.71258,338.79,0.54,0.42,2025-02-28,611,N,VIIRS,n,2,303.89,4.95,D,0
15.31445,104.17058,335.7,0.42,0.37,2025-02-28,611,N,VIIRS,n,2,304.14,2.01,D,0
15.31928,101.13539,337.81,0.39,0.44,2025-02-28,611,N,VIIRS,n,2,298.12,4.66,D,0
15.3279,101.1374,336.77,0.39,0.44,2025-02-28,611,N,VIIRS,n,2,299.62,6.63,D,0
15.34913,101.14069,343.32,0.39,0.44,2025-02-28,611,N,VIIRS,n,2,302.85,10.9,D,0
15.35249,101.13638,341.19,0.39,0.44,2025-02-28,611,N,VIIRS,n,2,302.65,10.9,D,0
15.35312,101.13995,351.91,0.39,0.44,2025-02-28,611,N,VIIRS,n,2,303.24,10.9,D,0
15.35375,101.14349,342.18,0.39,0.44,2025-02-28,611,N,VIIRS,n,2,300.75,5.75,D,0
15.37821,104.39147,344.25,0.41,0.37,2025-02-28,611,N,VIIRS,n,2,303.96,7.53,D,0
15.38672,100.40659,342.49,0.43,0.46,2025-02-28,611,N,VIIRS,n,2,299.16,11.78,D,0
15.41111,103.72693,341.81,0.43,0.38,2025-02-28,611,N,VIIRS,n,2,308.9,4.66,D,0
15.41459,103.72632,344.36,0.43,0.38,2025-02-28,611,N,VIIRS,n,2,308.46,12.99,D,0
15.41873,103.7297,345.42,0.43,0.38,2025-02-28,611,N,VIIRS,n,2,309.25,12.99,D,0
15.41937,103.73368,340.84,0.43,0.38,2025-02-28,611,N,VIIRS,n,2,306.85,5.41,D,0
15.41965,101.47124,338.31,0.55,0.43,2025-02-28,611,N,VIIRS,n,2,298.58,3.7,D,0
15.42221,103.7291,348.82,0.43,0.38,2025-02-28,611,N,VIIRS,n,2,306.68,12.77,D,0
15.42275,103.7259,338.32,0.43,0.38,2025-02-28,611,N,VIIRS,n,2,306.64,5.7,D,0
15.47438,101.18741,334.18,0.57,0.43,2025-02-28,611,N,VIIRS,l,2,304.92,7.03,D,0
15.4828,104.94085,352.89,0.4,0.37,2025-02-28,611,N,VIIRS,n,2,303.12,5.85,D,0
15.49156,100.46108,334.14,0.42,0.45,2025-02-28,611,N,VIIRS,n,2,299.69,3.57,D,0
15.49392,101.55164,338.82,0.55,0.42,2025-02-28,611,N,VIIRS,n,2,304.64,3.46,D,0
15.51709,101.33736,338.72,0.56,0.43,2025-02-28,611,N,VIIRS,n,2,302.32,6.1,D,0
15.52103,101.33662,336.06,0.56,0.43,2025-02-28,611,N,VIIRS,n,2,300.37,6.1,D,0
15.53013,101.85696,337.09,0.52,0.42,2025-02-28,611,N,VIIRS,n,2,304.4,3.53,D,0
15.53096,101.86184,337.13,0.52,0.42,2025-02-28,611,N,VIIRS,n,2,306.11,3.53,D,0
15.58124,105.90334,335.66,0.38,0.36,2025-02-28,611,N,VIIRS,l,2,307.25,4.66,D,0
15.58425,106.10062,335.96,0.38,0.36,2025-02-28,611,N,VIIRS,l,2,306.52,1.48,D,0
15.58756,106.10007,334.26,0.38,0.36,2025-02-28,611,N,VIIRS,l,2,306.35,1.48,D,0
15.62269,102.05939,336.09,0.51,0.41,2025-02-28,611,N,VIIRS,l,2,307.48,4.66,D,0
15.63224,105.46774,335.14,0.39,0.36,2025-02-28,611,N,VIIRS,n,2,299.81,1.79,D,0
15.63311,100.18675,349.38,0.44,0.46,2025-02-28,611,N,VIIRS,n,2,301.14,10.28,D,0
15.65476,106.16238,336.49,0.38,0.36,2025-02-28,611,N,VIIRS,l,2,309.22,3.1,D,0
15.65808,106.16184,336.08,0.38,0.36,2025-02-28,611,N,VIIRS,l,2,308.33,3.1,D,0
15.65899,106.2349,349.7,0.38,0.36,2025-02-28,611,N,VIIRS,n,2,310.19,7.97,D,0
15.66425,106.60795,348.45,0.39,0.36,2025-02-28,611,N,VIIRS,n,2,306.44,8.14,D,0
15.66522,106.63718,346.28,0.39,0.36,2025-02-28,611,N,VIIRS,n,2,311.11,9.09,D,0
15.66532,102.32972,349.21,0.49,0.4,2025-02-28,611,N,VIIRS,n,2,307.13,14.83,D,0
15.6723,106.21078,346.16,0.38,0.36,2025-02-28,611,N,VIIRS,n,2,307.16,4.15,D,0
15.67569,106.36768,334.05,0.38,0.36,2025-02-28,611,N,VIIRS,l,2,306.5,0.61,D,0
15.68343,106.64527,367,0.39,0.36,2025-02-28,611,N,VIIRS,l,2,328.84,114.45,D,0
15.68676,106.64473,342.55,0.39,0.36,2025-02-28,611,N,VIIRS,n,2,307.8,3.86,D,0
15.68729,106.64829,337.5,0.39,0.36,2025-02-28,611,N,VIIRS,n,2,306.26,3.86,D,0
15.69154,106.56318,333.64,0.39,0.36,2025-02-28,611,N,VIIRS,l,2,306.19,1.64,D,0
15.69507,106.15952,350.09,0.38,0.36,2025-02-28,611,N,VIIRS,n,2,307.5,7.48,D,0
15.696,105.48307,333.81,0.39,0.36,2025-02-28,611,N,VIIRS,n,2,300.4,5.13,D,0
15.70221,106.5211,338.42,0.39,0.36,2025-02-28,611,N,VIIRS,l,2,309.07,3,D,0
15.70459,106.31176,339.7,0.38,0.36,2025-02-28,611,N,VIIRS,n,2,308.61,3.75,D,0
15.70632,106.45808,336.63,0.38,0.36,2025-02-28,611,N,VIIRS,n,2,304.92,1.71,D,0
15.72493,101.86598,344.53,0.52,0.41,2025-02-28,611,N,VIIRS,n,2,306.71,20.26,D,0
15.72697,106.55013,343.77,0.39,0.36,2025-02-28,611,N,VIIRS,n,2,303.81,3.45,D,0
15.74473,106.53262,347.81,0.39,0.36,2025-02-28,611,N,VIIRS,n,2,309.94,7.36,D,0
15.74808,104.3869,333.48,0.41,0.37,2025-02-28,611,N,VIIRS,n,2,301.48,4.26,D,0
15.75087,104.38255,336.81,0.41,0.37,2025-02-28,611,N,VIIRS,n,2,298.18,6.11,D,0
15.75148,104.38633,335.51,0.41,0.37,2025-02-28,611,N,VIIRS,n,2,300.25,4.26,D,0
15.76344,106.48133,336.14,0.38,0.36,2025-02-28,611,N,VIIRS,l,2,308.37,2.77,D,0
15.76854,106.44748,345.28,0.38,0.36,2025-02-28,611,N,VIIRS,n,2,308,2.79,D,0
15.7695,104.04161,342.65,0.42,0.37,2025-02-28,611,N,VIIRS,n,2,302.69,3.9,D,0
15.77634,106.43155,338.84,0.38,0.36,2025-02-28,611,N,VIIRS,n,2,308.84,1.58,D,0
15.78298,100.50945,356.25,0.41,0.45,2025-02-28,611,N,VIIRS,n,2,301.89,10.89,D,0
15.79897,105.4254,341.28,0.39,0.36,2025-02-28,611,N,VIIRS,n,2,305.17,4.14,D,0
15.82048,106.27412,338.45,0.38,0.36,2025-02-28,611,N,VIIRS,l,2,308.53,3.44,D,0
15.84032,106.20503,337.55,0.38,0.36,2025-02-28,611,N,VIIRS,n,2,305.15,5.2,D,0
15.84086,106.2086,335.29,0.38,0.36,2025-02-28,611,N,VIIRS,n,2,304.64,4.16,D,0
15.84201,106.19376,333.84,0.38,0.36,2025-02-28,611,N,VIIRS,l,2,305.31,5.21,D,0
15.84255,106.19734,346.27,0.38,0.36,2025-02-28,611,N,VIIRS,n,2,307.31,5.21,D,0
15.85285,106.423,341.65,0.38,0.36,2025-02-28,611,N,VIIRS,n,2,304.14,3.72,D,0
15.86203,106.93695,336.74,0.39,0.36,2025-02-28,611,N,VIIRS,n,2,301.05,2.57,D,0
15.8662,106.39884,340.91,0.38,0.36,2025-02-28,611,N,VIIRS,n,2,307.96,4.58,D,0
15.86778,106.02838,351.69,0.38,0.36,2025-02-28,611,N,VIIRS,n,2,307.96,12.74,D,0
15.86828,106.05396,332.7,0.38,0.36,2025-02-28,611,N,VIIRS,n,2,290.79,2.14,D,0
15.87119,101.92565,338.95,0.51,0.41,2025-02-28,611,N,VIIRS,n,2,304.31,5.14,D,0
15.87205,106.30254,339.55,0.38,0.36,2025-02-28,611,N,VIIRS,n,2,307.89,3.77,D,0
15.87254,101.9173,337.71,0.51,0.41,2025-02-28,611,N,VIIRS,n,2,304.14,12.85,D,0
15.87335,101.91539,344,0.51,0.41,2025-02-28,611,N,VIIRS,n,2,305.34,23.64,D,0
15.87338,101.92208,367,0.51,0.41,2025-02-28,611,N,VIIRS,h,2,306.41,7.59,D,0
15.87416,101.92019,350.78,0.51,0.41,2025-02-28,611,N,VIIRS,n,2,306.22,10.63,D,0
15.87422,101.92684,331.53,0.51,0.41,2025-02-28,611,N,VIIRS,n,2,304.14,7.59,D,0
15.87497,101.92496,349.72,0.51,0.41,2025-02-28,611,N,VIIRS,n,2,303.51,10.63,D,0
15.87537,106.30201,350.88,0.38,0.36,2025-02-28,611,N,VIIRS,n,2,307.47,3.77,D,0
15.87633,101.91663,347.07,0.51,0.41,2025-02-28,611,N,VIIRS,n,2,303.06,12.85,D,0
15.878,101.92616,335.24,0.51,0.41,2025-02-28,611,N,VIIRS,n,2,302.42,7.59,D,0
15.8783,105.52628,341.33,0.39,0.36,2025-02-28,611,N,VIIRS,n,2,309.58,5.55,D,0
15.87969,106.33064,333.55,0.38,0.36,2025-02-28,611,N,VIIRS,l,2,304.01,2.15,D,0
15.89215,105.54981,345.6,0.39,0.36,2025-02-28,611,N,VIIRS,n,2,308.44,5.29,D,0
15.89526,105.9903,349.78,0.38,0.36,2025-02-28,611,N,VIIRS,n,2,304.63,6.3,D,0
15.89547,105.54925,338.89,0.39,0.36,2025-02-28,611,N,VIIRS,n,2,304.46,5.29,D,0
15.89584,105.97187,340.55,0.38,0.36,2025-02-28,611,N,VIIRS,n,2,303.95,5.02,D,0
15.89635,105.99745,349.92,0.38,0.36,2025-02-28,611,N,VIIRS,n,2,306.9,12.78,D,0
15.89799,106.00819,332.39,0.38,0.36,2025-02-28,611,N,VIIRS,n,2,301.52,3.11,D,0
15.89966,105.99691,341.18,0.38,0.36,2025-02-28,611,N,VIIRS,n,2,304.04,3.81,D,0
15.89975,106.6909,335.74,0.39,0.36,2025-02-28,611,N,VIIRS,n,2,304.02,2.98,D,0
15.90554,100.47086,333.7,0.41,0.45,2025-02-28,611,N,VIIRS,n,2,302.63,2.85,D,0
15.90684,105.9994,341.83,0.38,0.36,2025-02-28,611,N,VIIRS,n,2,305.45,3.45,D,0
15.90738,106.00298,335.85,0.38,0.36,2025-02-28,611,N,VIIRS,l,2,307.14,3.45,D,0
15.90966,100.47007,338.38,0.41,0.45,2025-02-28,611,N,VIIRS,n,2,303.26,2.85,D,0
15.9107,106.00245,344.99,0.38,0.36,2025-02-28,611,N,VIIRS,n,2,308.18,3.45,D,0
15.93213,106.34051,340.9,0.38,0.36,2025-02-28,611,N,VIIRS,n,2,305.67,5.75,D,0
15.93607,106.61526,330.02,0.39,0.36,2025-02-28,611,N,VIIRS,l,2,302.05,1.63,D,0
15.94297,106.68417,341.72,0.39,0.36,2025-02-28,611,N,VIIRS,n,2,307.07,5.7,D,0
15.96598,100.83281,336.29,0.39,0.44,2025-02-28,611,N,VIIRS,n,2,304.76,3.31,D,0
15.97536,106.5201,335.44,0.39,0.36,2025-02-28,611,N,VIIRS,l,2,308.03,3.81,D,0
15.97589,106.52368,349.07,0.39,0.36,2025-02-28,611,N,VIIRS,n,2,314.32,20.83,D,0
16.03367,104.16193,340.13,0.41,0.37,2025-02-28,611,N,VIIRS,n,2,302.98,1.33,D,0
16.03489,106.69106,336.35,0.39,0.36,2025-02-28,611,N,VIIRS,n,2,305.83,4.06,D,0
16.05133,103.79723,339.74,0.42,0.38,2025-02-28,611,N,VIIRS,n,2,307.67,11.35,D,0
16.05479,103.79663,350.51,0.42,0.38,2025-02-28,611,N,VIIRS,n,2,310.2,18.77,D,0
16.06478,105.39832,348.58,0.39,0.36,2025-02-28,611,N,VIIRS,n,2,307.67,5.35,D,0
16.06867,105.40137,336.96,0.39,0.36,2025-02-28,611,N,VIIRS,n,2,302.29,5.35,D,0
16.10147,105.50314,345.51,0.39,0.36,2025-02-28,611,N,VIIRS,n,2,310.6,8.62,D,0
16.10172,100.84447,349.54,0.39,0.44,2025-02-28,611,N,VIIRS,n,2,302.55,17.47,D,0
16.10297,102.59337,335.28,0.47,0.4,2025-02-28,611,N,VIIRS,n,2,301.35,3.64,D,0
16.10354,102.59659,332.69,0.47,0.4,2025-02-28,611,N,VIIRS,n,2,300.21,2.6,D,0
16.10479,105.5026,337.02,0.39,0.36,2025-02-28,611,N,VIIRS,n,2,302.77,8.62,D,0
16.13245,105.46107,338.97,0.39,0.36,2025-02-28,611,N,VIIRS,n,2,303.26,3.38,D,0
16.14181,105.45905,342.81,0.39,0.36,2025-02-28,611,N,VIIRS,n,2,306.98,9.66,D,0
16.14355,105.59946,336.35,0.39,0.36,2025-02-28,611,N,VIIRS,n,2,306.33,2.46,D,0
16.14618,105.42132,340.51,0.39,0.36,2025-02-28,611,N,VIIRS,n,2,307.41,3.62,D,0
16.15958,105.65943,342.13,0.39,0.36,2025-02-28,611,N,VIIRS,n,2,308.25,5.29,D,0
16.16275,105.39638,336.74,0.39,0.36,2025-02-28,611,N,VIIRS,l,2,307.81,3.14,D,0
16.16572,105.54736,338.77,0.39,0.36,2025-02-28,611,N,VIIRS,n,2,305.68,2.73,D,0
16.16733,104.01717,338.85,0.41,0.37,2025-02-28,611,N,VIIRS,n,2,306.06,5.45,D,0
16.19228,101.63634,337.27,0.53,0.42,2025-02-28,611,N,VIIRS,n,2,302.7,10.4,D,0
16.19345,101.62051,332.25,0.53,0.42,2025-02-28,611,N,VIIRS,l,2,303.11,3.62,D,0
16.20493,105.44855,336.35,0.39,0.36,2025-02-28,611,N,VIIRS,l,2,310.21,3.21,D,0
16.22596,100.51219,349.08,0.41,0.45,2025-02-28,611,N,VIIRS,n,2,303.22,10.37,D,0
16.22664,100.51598,342.6,0.41,0.45,2025-02-28,611,N,VIIRS,n,2,301.04,10.37,D,0
16.22937,100.50761,353.05,0.41,0.45,2025-02-28,611,N,VIIRS,n,2,301.65,5.21,D,0
16.23005,100.51141,346.2,0.41,0.45,2025-02-28,611,N,VIIRS,n,2,301.46,8.83,D,0
16.23073,100.51521,335.64,0.41,0.45,2025-02-28,611,N,VIIRS,n,2,300.61,8.83,D,0
16.24783,102.45541,334.81,0.48,0.4,2025-02-28,611,N,VIIRS,n,2,300.99,5.82,D,0
16.25092,105.54801,336.92,0.39,0.36,2025-02-28,611,N,VIIRS,n,2,304.17,1.33,D,0
16.29819,105.52923,338.23,0.39,0.36,2025-02-28,611,N,VIIRS,n,2,307.91,2.45,D,0
16.31088,105.47913,335.35,0.39,0.36,2025-02-28,611,N,VIIRS,l,2,307.5,3.96,D,0
16.31235,104.02757,336.95,0.41,0.37,2025-02-28,611,N,VIIRS,n,2,306.48,2.5,D,0
16.32141,105.50323,337.51,0.39,0.36,2025-02-28,611,N,VIIRS,n,2,306.13,3.5,D,0
16.32311,105.60255,342.09,0.39,0.36,2025-02-28,611,N,VIIRS,n,2,306.86,3.39,D,0
16.32421,105.60973,332.36,0.39,0.36,2025-02-28,611,N,VIIRS,l,2,304.98,1.69,D,0
16.32666,102.25729,337.25,0.49,0.4,2025-02-28,611,N,VIIRS,n,2,304.52,6.88,D,0
16.32805,105.50214,334.79,0.39,0.36,2025-02-28,611,N,VIIRS,l,2,305.08,2.35,D,0
16.33035,102.25662,338.2,0.49,0.4,2025-02-28,611,N,VIIRS,n,2,302.51,6.88,D,0
16.33241,102.82558,330.44,0.46,0.39,2025-02-28,611,N,VIIRS,l,2,303.61,1.15,D,0
16.33415,105.54173,351.13,0.39,0.36,2025-02-28,611,N,VIIRS,n,2,312.94,14.34,D,0
16.33582,105.57465,343.63,0.39,0.36,2025-02-28,611,N,VIIRS,n,2,310.25,3.62,D,0
16.33747,105.54118,356.94,0.39,0.36,2025-02-28,611,N,VIIRS,n,2,314.39,16.52,D,0
16.33803,105.54478,337.33,0.39,0.36,2025-02-28,611,N,VIIRS,l,2,307.83,2.62,D,0
16.34134,105.54423,337.28,0.39,0.36,2025-02-28,611,N,VIIRS,l,2,309.08,2.62,D,0
16.34466,105.54369,346.64,0.39,0.36,2025-02-28,611,N,VIIRS,n,2,310.45,3.75,D,0
16.34798,105.54314,336.92,0.39,0.36,2025-02-28,611,N,VIIRS,l,2,308.74,3.75,D,0
16.35058,106.99323,334.63,0.39,0.36,2025-02-28,611,N,VIIRS,n,2,300.18,6.58,D,0
16.35393,106.99273,335.63,0.39,0.36,2025-02-28,611,N,VIIRS,n,2,297.8,7.32,D,0
16.35462,105.54205,339.6,0.39,0.36,2025-02-28,611,N,VIIRS,l,2,309.98,2.92,D,0
16.35517,105.54564,342.83,0.39,0.36,2025-02-28,611,N,VIIRS,n,2,310.61,2.92,D,0
16.35794,105.56363,337.5,0.39,0.36,2025-02-28,611,N,VIIRS,l,2,307.7,1.73,D,0
16.35959,105.64075,335.13,0.38,0.36,2025-02-28,611,N,VIIRS,l,2,305.57,1.85,D,0
16.3607,105.55948,335.93,0.39,0.36,2025-02-28,611,N,VIIRS,l,2,308.45,3.33,D,0
16.36641,103.79923,339.23,0.42,0.38,2025-02-28,611,N,VIIRS,n,2,305.09,1.16,D,0
16.37054,107.12837,339.5,0.39,0.36,2025-02-28,611,N,VIIRS,n,2,297.57,4.77,D,0
16.37341,105.62005,338.27,0.39,0.36,2025-02-28,611,N,VIIRS,n,2,306.92,4.52,D,0
16.3785,105.61137,340.55,0.39,0.36,2025-02-28,611,N,VIIRS,n,2,307.96,2.62,D,0
16.38182,105.61083,337.01,0.39,0.36,2025-02-28,611,N,VIIRS,l,2,307.44,1.94,D,0
16.38237,105.61443,339.58,0.38,0.36,2025-02-28,611,N,VIIRS,n,2,306.4,1.94,D,0
16.38513,105.58816,355.18,0.39,0.36,2025-02-28,611,N,VIIRS,n,2,309.52,6.73,D,0
16.38623,105.59535,351.24,0.39,0.36,2025-02-28,611,N,VIIRS,n,2,308.13,5.35,D,0
16.38913,103.6985,337.59,0.42,0.38,2025-02-28,611,N,VIIRS,n,2,304.71,5.79,D,0
16.38962,105.97049,341.97,0.38,0.36,2025-02-28,611,N,VIIRS,n,2,307.75,6.29,D,0
16.39293,101.11439,340.21,0.56,0.43,2025-02-28,611,N,VIIRS,n,2,301.44,3.94,D,0
16.39729,105.60091,339.36,0.39,0.36,2025-02-28,611,N,VIIRS,n,2,308.99,2.48,D,0
16.41222,105.60949,335.12,0.38,0.36,2025-02-28,611,N,VIIRS,l,2,306.9,1.99,D,0
16.41438,105.77848,338.21,0.38,0.36,2025-02-28,611,N,VIIRS,n,2,306.4,2.62,D,0
16.44113,102.66987,345.82,0.46,0.39,2025-02-28,611,N,VIIRS,n,2,307.62,13.37,D,0
16.44161,102.67065,355.21,0.46,0.39,2025-02-28,611,N,VIIRS,n,2,307.63,24.39,D,0
16.44185,102.67419,336.78,0.46,0.39,2025-02-28,611,N,VIIRS,n,2,304.2,10.15,D,0
16.47815,104.58109,340.14,0.4,0.37,2025-02-28,611,N,VIIRS,n,2,302.98,2.91,D,0
16.48935,105.8912,335.69,0.38,0.36,2025-02-28,611,N,VIIRS,n,2,302.45,2.06,D,0
16.5175,105.89763,334.22,0.38,0.36,2025-02-28,611,N,VIIRS,l,2,304.47,2.36,D,0
16.52286,105.8483,335.73,0.38,0.36,2025-02-28,611,N,VIIRS,l,2,306.17,4,D,0
16.53669,105.82764,337.18,0.38,0.36,2025-02-28,611,N,VIIRS,l,2,310.17,3.15,D,0
16.54272,102.58218,332.99,0.47,0.39,2025-02-28,611,N,VIIRS,l,2,305.38,2.05,D,0
16.54282,103.46426,338.14,0.43,0.38,2025-02-28,611,N,VIIRS,n,2,300.87,2.17,D,0
16.55286,103.15408,344.4,0.44,0.38,2025-02-28,611,N,VIIRS,n,2,309.57,7.49,D,0
16.57455,103.04392,335.35,0.45,0.39,2025-02-28,611,N,VIIRS,n,2,303.14,2.85,D,0
16.60056,105.64738,336.01,0.38,0.36,2025-02-28,611,N,VIIRS,n,2,289.36,5.9,D,0
16.60761,105.42845,341.27,0.39,0.36,2025-02-28,611,N,VIIRS,n,2,295.62,3.84,D,0
16.62671,104.30669,330.38,0.4,0.37,2025-02-28,611,N,VIIRS,n,2,299.81,1.27,D,0
16.62899,105.28039,332.21,0.39,0.36,2025-02-28,611,N,VIIRS,l,2,302.66,1.73,D,0
16.6328,103.02563,337.66,0.45,0.39,2025-02-28,611,N,VIIRS,n,2,302.88,6.63,D,0
16.63288,105.28345,335.8,0.39,0.36,2025-02-28,611,N,VIIRS,n,2,301.46,1.73,D,0
16.64142,104.31169,335.91,0.4,0.37,2025-02-28,611,N,VIIRS,n,2,303.04,4.14,D,0
16.64481,104.3111,339.1,0.4,0.37,2025-02-28,611,N,VIIRS,n,2,304.36,6.18,D,0
16.65608,104.55462,330.89,0.4,0.37,2025-02-28,611,N,VIIRS,l,2,303.95,1.28,D,0
16.65746,104.58487,332.77,0.4,0.37,2025-02-28,611,N,VIIRS,l,2,304.36,3.2,D,0
16.66057,103.29922,338.28,0.43,0.38,2025-02-28,611,N,VIIRS,n,2,306.05,6.26,D,0
16.66476,106.00128,334.33,0.38,0.36,2025-02-28,611,N,VIIRS,n,2,303.97,2.02,D,0
16.66517,104.5683,335.69,0.4,0.37,2025-02-28,611,N,VIIRS,n,2,305.38,5.38,D,0
16.66808,106.00075,333.15,0.38,0.36,2025-02-28,611,N,VIIRS,n,2,300.56,2.02,D,0
16.66971,104.57511,333.61,0.4,0.37,2025-02-28,611,N,VIIRS,l,2,304.4,0.8,D,0
16.6835,104.61833,340.49,0.4,0.37,2025-02-28,611,N,VIIRS,n,2,305.77,3.41,D,0
16.68408,104.62203,338.48,0.4,0.37,2025-02-28,611,N,VIIRS,n,2,304.84,3.41,D,0
16.68467,104.62572,335.67,0.4,0.37,2025-02-28,611,N,VIIRS,n,2,305.63,1.08,D,0
16.69123,106.22159,334.65,0.38,0.36,2025-02-28,611,N,VIIRS,n,2,303.78,1.76,D,0
16.71679,100.66602,340.72,0.39,0.44,2025-02-28,611,N,VIIRS,n,2,299.45,4.56,D,0
16.71799,100.67277,345.88,0.39,0.44,2025-02-28,611,N,VIIRS,n,2,299.59,6.52,D,0
16.71921,104.86552,346.53,0.39,0.36,2025-02-28,611,N,VIIRS,n,2,308.41,30.8,D,0
16.7215,100.66915,333.26,0.39,0.44,2025-02-28,611,N,VIIRS,n,2,297.13,4.56,D,0
16.73472,104.24087,334.87,0.4,0.37,2025-02-28,611,N,VIIRS,n,2,304.34,5.34,D,0
16.7449,102.09804,330.37,0.49,0.4,2025-02-28,611,N,VIIRS,l,2,300.77,1.92,D,0
16.74543,105.29062,344.44,0.39,0.36,2025-02-28,611,N,VIIRS,n,2,301.31,4.17,D,0
16.75429,102.06339,336.63,0.49,0.4,2025-02-28,611,N,VIIRS,n,2,304.49,10.67,D,0
16.75507,102.068,348.53,0.49,0.4,2025-02-28,611,N,VIIRS,n,2,307.11,10.67,D,0
16.76147,105.30983,340.93,0.39,0.36,2025-02-28,611,N,VIIRS,n,2,300.29,4.99,D,0
16.77007,102.08889,338.92,0.49,0.4,2025-02-28,611,N,VIIRS,n,2,307.27,5.37,D,0
16.77084,102.09344,341.54,0.49,0.4,2025-02-28,611,N,VIIRS,n,2,306.85,5.37,D,0
16.7716,102.08993,348.47,0.49,0.4,2025-02-28,611,N,VIIRS,n,2,306.87,7.95,D,0
16.77239,102.09447,334.46,0.49,0.4,2025-02-28,611,N,VIIRS,l,2,307.43,7.95,D,0
16.77455,102.09281,334.43,0.49,0.4,2025-02-28,611,N,VIIRS,l,2,305.93,5.37,D,0
16.77511,104.38443,331.18,0.4,0.37,2025-02-28,611,N,VIIRS,l,2,305.44,2.39,D,0
16.78643,104.32492,332.82,0.4,0.37,2025-02-28,611,N,VIIRS,n,2,300.53,2.41,D,0
16.78726,106.18742,350.66,0.38,0.36,2025-02-28,611,N,VIIRS,n,2,312.88,16.98,D,0
16.7898,104.38962,337.76,0.4,0.37,2025-02-28,611,N,VIIRS,n,2,305,4.44,D,0
16.79318,104.38901,336.23,0.4,0.37,2025-02-28,611,N,VIIRS,n,2,304.77,5.03,D,0
16.81752,104.47686,333.85,0.4,0.37,2025-02-28,611,N,VIIRS,l,2,307.68,2.49,D,0
16.8288,104.48264,343.56,0.4,0.37,2025-02-28,611,N,VIIRS,n,2,306.48,6.41,D,0
16.84792,104.18256,330.64,0.4,0.37,2025-02-28,611,N,VIIRS,l,2,301.35,2.69,D,0
16.85072,104.17834,331.23,0.4,0.37,2025-02-28,611,N,VIIRS,n,2,299.44,3.93,D,0
16.85133,104.18211,335.85,0.4,0.37,2025-02-28,611,N,VIIRS,n,2,299.81,2.69,D,0
16.87675,104.23213,340.14,0.4,0.37,2025-02-28,611,N,VIIRS,n,2,303.36,3.94,D,0
16.88233,104.22352,335.97,0.4,0.37,2025-02-28,611,N,VIIRS,n,2,301.05,2.38,D,0
16.88458,100.5537,341.95,0.39,0.44,2025-02-28,611,N,VIIRS,n,2,300.63,6.67,D,0
16.88495,104.26169,330.38,0.4,0.37,2025-02-28,611,N,VIIRS,l,2,304.29,2.66,D,0
16.88593,104.24603,338.46,0.4,0.37,2025-02-28,611,N,VIIRS,n,2,305.19,2.69,D,0
16.88653,104.24981,330.4,0.4,0.37,2025-02-28,611,N,VIIRS,l,2,302.61,2.69,D,0
16.88864,100.55305,353.24,0.39,0.44,2025-02-28,611,N,VIIRS,n,2,298.06,7.68,D,0
16.9004,103.59857,339.51,0.42,0.38,2025-02-28,611,N,VIIRS,n,2,307.02,5.14,D,0
16.91689,103.89629,333.56,0.41,0.37,2025-02-28,611,N,VIIRS,n,2,295.65,3.54,D,0
16.91751,103.90014,354.26,0.41,0.37,2025-02-28,611,N,VIIRS,n,2,302.07,3.54,D,0
16.91955,104.23657,342.48,0.4,0.37,2025-02-28,611,N,VIIRS,n,2,296.9,3.91,D,0
16.92031,103.89572,332.17,0.41,0.37,2025-02-28,611,N,VIIRS,n,2,294.66,3.54,D,0
16.92093,103.89954,331.9,0.41,0.37,2025-02-28,611,N,VIIRS,n,2,292.5,3.54,D,0
16.9312,105.13604,350.51,0.39,0.36,2025-02-28,611,N,VIIRS,n,2,307.47,2.57,D,0
16.93396,105.13185,335.96,0.39,0.36,2025-02-28,611,N,VIIRS,l,2,308.75,2.57,D,0
16.93452,105.13548,335.64,0.39,0.36,2025-02-28,611,N,VIIRS,l,2,308.45,2.57,D,0
16.94176,103.8762,338.25,0.41,0.37,2025-02-28,611,N,VIIRS,n,2,298.78,3.99,D,0
16.94383,104.78521,348.24,0.39,0.36,2025-02-28,611,N,VIIRS,n,2,310.21,14.57,D,0
16.94456,103.87176,332.12,0.41,0.37,2025-02-28,611,N,VIIRS,n,2,298.6,1.84,D,0
16.94506,105.13744,342.89,0.39,0.36,2025-02-28,611,N,VIIRS,n,2,309.82,5.24,D,0
16.94787,105.15556,346.35,0.39,0.36,2025-02-28,611,N,VIIRS,n,2,309.73,5.91,D,0
16.9496,105.18874,346.56,0.39,0.36,2025-02-28,611,N,VIIRS,n,2,313.76,29.4,D,0
16.95814,105.11622,340.99,0.39,0.36,2025-02-28,611,N,VIIRS,n,2,309.8,2.83,D,0
16.95896,102.92238,341.88,0.45,0.39,2025-02-28,611,N,VIIRS,n,2,307.64,4.17,D,0
16.95992,105.14947,337.08,0.39,0.36,2025-02-28,611,N,VIIRS,l,2,307.99,1.71,D,0
16.97364,105.10618,340.63,0.39,0.36,2025-02-28,611,N,VIIRS,n,2,307.23,2.47,D,0
16.97421,105.10983,337.66,0.39,0.36,2025-02-28,611,N,VIIRS,l,2,307.83,4.16,D,0
16.97491,105.15807,339.54,0.39,0.36,2025-02-28,611,N,VIIRS,n,2,306.09,2.39,D,0
16.97697,105.10561,335.76,0.39,0.36,2025-02-28,611,N,VIIRS,l,2,308.48,2.47,D,0
17.0207,105.32121,335.54,0.39,0.36,2025-02-28,611,N,VIIRS,l,2,308.58,4.52,D,0
17.02834,105.26057,337.07,0.39,0.36,2025-02-28,611,N,VIIRS,n,2,305.62,2.43,D,0
17.0289,105.26418,336.69,0.39,0.36,2025-02-28,611,N,VIIRS,n,2,304.83,2.77,D,0
17.03345,105.33762,333.77,0.39,0.36,2025-02-28,611,N,VIIRS,l,2,307.17,1.98,D,0
17.04159,105.23607,339.98,0.39,0.36,2025-02-28,611,N,VIIRS,l,2,312.83,38.71,D,0
17.04289,105.35461,338.17,0.39,0.36,2025-02-28,611,N,VIIRS,n,2,306.88,2.77,D,0
17.05147,105.18981,348.31,0.39,0.36,2025-02-28,611,N,VIIRS,n,2,307.94,4.68,D,0
17.05544,103.95112,338.51,0.41,0.37,2025-02-28,611,N,VIIRS,n,2,306.18,4.63,D,0
17.05703,105.20375,335.75,0.39,0.36,2025-02-28,611,N,VIIRS,n,2,304.78,3.22,D,0
17.05885,103.95052,343.82,0.41,0.37,2025-02-28,611,N,VIIRS,n,2,306.91,4.63,D,0
17.05931,105.02829,336.98,0.39,0.36,2025-02-28,611,N,VIIRS,n,2,306.47,2.44,D,0
17.06015,105.53296,337.46,0.38,0.36,2025-02-28,611,N,VIIRS,n,2,301.26,3.75,D,0
17.06102,103.94225,346.83,0.41,0.37,2025-02-28,611,N,VIIRS,n,2,305.44,7.25,D,0
17.06112,105.34042,333.94,0.39,0.36,2025-02-28,611,N,VIIRS,l,2,306.88,2.51,D,0
17.06273,104.91921,340.94,0.39,0.36,2025-02-28,611,N,VIIRS,l,2,312.34,6.16,D,0
17.06388,105.33623,344.83,0.39,0.36,2025-02-28,611,N,VIIRS,n,2,306.41,4.06,D,0
17.06516,104.84749,349.14,0.39,0.36,2025-02-28,611,N,VIIRS,n,2,308,10.22,D,0
17.0685,104.84692,342.87,0.39,0.36,2025-02-28,611,N,VIIRS,n,2,301.99,4.98,D,0
17.06998,105.7749,338.51,0.38,0.36,2025-02-28,611,N,VIIRS,n,2,299.1,5.55,D,0
17.0722,105.76716,367,0.38,0.36,2025-02-28,611,N,VIIRS,h,2,307.64,15.99,D,0
17.07327,105.05206,337.05,0.39,0.36,2025-02-28,611,N,VIIRS,n,2,303.99,1.09,D,0
17.07329,105.77436,346.28,0.38,0.36,2025-02-28,611,N,VIIRS,n,2,302.15,5.55,D,0
17.07606,105.77021,348.48,0.38,0.36,2025-02-28,611,N,VIIRS,n,2,303.65,5.42,D,0
17.07958,103.97063,335.67,0.41,0.37,2025-02-28,611,N,VIIRS,l,2,307.8,3.41,D,0
17.08426,102.95612,341.79,0.44,0.39,2025-02-28,611,N,VIIRS,n,2,306.95,4.43,D,0
17.08987,104.89586,342.99,0.39,0.36,2025-02-28,611,N,VIIRS,n,2,308.19,8.33,D,0
17.09113,105.07892,337.03,0.39,0.36,2025-02-28,611,N,VIIRS,n,2,306.54,1.81,D,0
17.09169,105.08255,346.92,0.39,0.36,2025-02-28,611,N,VIIRS,n,2,307.69,8.7,D,0
17.09289,105.11214,339.28,0.39,0.36,2025-02-28,611,N,VIIRS,n,2,306.89,2.8,D,0
17.09346,105.11577,334.08,0.39,0.36,2025-02-28,611,N,VIIRS,n,2,306.15,2.8,D,0
17.09622,105.11158,342.38,0.39,0.36,2025-02-28,611,N,VIIRS,n,2,307.6,32,D,0
17.09674,102.83364,344.24,0.45,0.39,2025-02-28,611,N,VIIRS,n,2,306.71,7.15,D,0
17.09678,105.11521,346.48,0.39,0.36,2025-02-28,611,N,VIIRS,n,2,315.45,32,D,0
17.09879,105.4304,336.75,0.39,0.36,2025-02-28,611,N,VIIRS,n,2,306.47,2.24,D,0
17.10141,103.93498,333.86,0.41,0.37,2025-02-28,611,N,VIIRS,l,2,308.41,1.73,D,0
17.10876,103.36268,340.7,0.43,0.38,2025-02-28,611,N,VIIRS,n,2,308.76,10.45,D,0
17.11102,105.05317,332.01,0.39,0.36,2025-02-28,611,N,VIIRS,l,2,306.54,2.41,D,0
17.11435,105.05261,344.39,0.39,0.36,2025-02-28,611,N,VIIRS,n,2,309.51,4.58,D,0
17.12038,104.87194,342.88,0.39,0.36,2025-02-28,611,N,VIIRS,n,2,308.44,4.54,D,0
17.13594,105.03778,347.04,0.39,0.36,2025-02-28,611,N,VIIRS,n,2,312.04,21.34,D,0
17.13759,105.26826,340.24,0.39,0.36,2025-02-28,611,N,VIIRS,n,2,304.82,4.61,D,0
17.13927,105.03722,347.33,0.39,0.36,2025-02-28,611,N,VIIRS,n,2,310.34,32.66,D,0
17.1451,104.90504,338.76,0.39,0.36,2025-02-28,611,N,VIIRS,n,2,306.82,5.05,D,0
17.15439,105.09061,344.27,0.39,0.36,2025-02-28,611,N,VIIRS,n,2,310.37,6.15,D,0
17.15749,105.07119,335.99,0.39,0.36,2025-02-28,611,N,VIIRS,n,2,305.94,3.3,D,0
17.15819,105.35753,335.94,0.39,0.36,2025-02-28,611,N,VIIRS,n,2,305.48,2.03,D,0
17.16082,105.07063,341.79,0.39,0.36,2025-02-28,611,N,VIIRS,n,2,307.65,3.3,D,0
17.16204,105.33836,335.37,0.39,0.36,2025-02-28,611,N,VIIRS,n,2,305.15,3.27,D,0
17.16593,105.10332,334.84,0.39,0.36,2025-02-28,611,N,VIIRS,l,2,306.56,3.74,D,0
17.16739,105.04713,338.72,0.39,0.36,2025-02-28,611,N,VIIRS,l,2,309.21,3.26,D,0
17.16796,105.05077,335.24,0.39,0.36,2025-02-28,611,N,VIIRS,l,2,307.82,3.26,D,0
17.16852,105.05441,338.29,0.39,0.36,2025-02-28,611,N,VIIRS,n,2,306.31,3.74,D,0
17.16877,105.12148,336.37,0.39,0.36,2025-02-28,611,N,VIIRS,n,2,305.3,1.97,D,0
17.16926,105.10277,336.15,0.39,0.36,2025-02-28,611,N,VIIRS,l,2,309.07,4.19,D,0
17.19724,105.19481,339.64,0.39,0.36,2025-02-28,611,N,VIIRS,l,2,310.73,5.83,D,0
17.21085,105.10693,347.37,0.39,0.36,2025-02-28,611,N,VIIRS,n,2,310.03,6.74,D,0
17.21141,105.11057,336.64,0.39,0.36,2025-02-28,611,N,VIIRS,n,2,306.27,6.74,D,0
17.21418,105.10638,344.05,0.39,0.36,2025-02-28,611,N,VIIRS,n,2,307.82,6.74,D,0
17.21474,105.11002,339.65,0.39,0.36,2025-02-28,611,N,VIIRS,n,2,304.68,6.74,D,0
17.21567,105.05019,336.65,0.39,0.36,2025-02-28,611,N,VIIRS,l,2,309.88,2.48,D,0
17.21693,105.10218,335.06,0.39,0.36,2025-02-28,611,N,VIIRS,l,2,305.77,3.78,D,0
17.22024,104.92603,347.46,0.39,0.36,2025-02-28,611,N,VIIRS,n,2,309.69,7.95,D,0
17.22081,104.9297,349.36,0.39,0.36,2025-02-28,611,N,VIIRS,n,2,311.06,7.95,D,0
17.22138,104.93334,352.89,0.39,0.36,2025-02-28,611,N,VIIRS,n,2,308.31,7.56,D,0
17.2224,105.31313,354.59,0.39,0.36,2025-02-28,611,N,VIIRS,n,2,313.18,24.3,D,0
17.22414,104.92913,335.71,0.39,0.36,2025-02-28,611,N,VIIRS,l,2,307.65,3.87,D,0
17.22471,104.93278,339.45,0.39,0.36,2025-02-28,611,N,VIIRS,l,2,310.12,4.27,D,0
17.22682,104.90244,348.95,0.39,0.36,2025-02-28,611,N,VIIRS,n,2,311.01,8.88,D,0
17.22751,105.41229,338.47,0.38,0.36,2025-02-28,611,N,VIIRS,n,2,308.41,4.81,D,0
17.22807,105.4159,339.58,0.38,0.36,2025-02-28,611,N,VIIRS,n,2,304.99,3.47,D,0
17.23083,105.41174,347.23,0.38,0.36,2025-02-28,611,N,VIIRS,n,2,308.54,9.57,D,0
17.23138,105.41535,367,0.38,0.36,2025-02-28,611,N,VIIRS,h,2,328.54,34.4,D,0
17.23194,105.41895,336.67,0.38,0.36,2025-02-28,611,N,VIIRS,n,2,303.79,34.4,D,0
17.23327,105.20739,351.33,0.39,0.36,2025-02-28,611,N,VIIRS,n,2,311.06,5.38,D,0
17.23454,104.88612,338.33,0.39,0.36,2025-02-28,611,N,VIIRS,l,2,309.42,3.36,D,0
17.2347,105.41479,355.29,0.38,0.36,2025-02-28,611,N,VIIRS,n,2,312.91,34.4,D,0
17.23517,105.35175,335.26,0.39,0.36,2025-02-28,611,N,VIIRS,l,2,305.27,2.34,D,0
17.23525,105.4184,345.91,0.38,0.36,2025-02-28,611,N,VIIRS,n,2,309.82,34.4,D,0
17.23573,105.35536,333.5,0.39,0.36,2025-02-28,611,N,VIIRS,l,2,305.53,4.93,D,0
17.23746,105.41064,338.62,0.38,0.36,2025-02-28,611,N,VIIRS,n,2,308.9,4.24,D,0
17.23801,105.41425,367,0.38,0.36,2025-02-28,611,N,VIIRS,h,2,313.72,20.41,D,0
17.23908,105.09102,338,0.39,0.36,2025-02-28,611,N,VIIRS,n,2,304.45,4.08,D,0
17.24308,105.13874,339.85,0.39,0.36,2025-02-28,611,N,VIIRS,n,2,305.27,3.44,D,0
17.25014,105.38261,346.15,0.39,0.36,2025-02-28,611,N,VIIRS,n,2,308.55,12.39,D,0
17.2507,105.38622,367,0.39,0.36,2025-02-28,611,N,VIIRS,h,2,306.84,12.39,D,0
17.25072,105.40843,333.32,0.38,0.36,2025-02-28,611,N,VIIRS,l,2,307.23,1.84,D,0
17.25346,105.38205,367,0.39,0.36,2025-02-28,611,N,VIIRS,h,2,317.96,10.89,D,0
17.25401,105.38567,367,0.39,0.36,2025-02-28,611,N,VIIRS,h,2,311.01,10.89,D,0
17.25407,104.97591,351.22,0.39,0.36,2025-02-28,611,N,VIIRS,n,2,308.29,5.92,D,0
17.25677,105.3815,349.17,0.39,0.36,2025-02-28,611,N,VIIRS,n,2,306.08,10.89,D,0
17.25733,105.38512,334.57,0.39,0.36,2025-02-28,611,N,VIIRS,n,2,303.44,10.89,D,0
17.2574,104.97535,347.34,0.39,0.36,2025-02-28,611,N,VIIRS,n,2,309.47,8.05,D,0
17.25935,105.24382,338.91,0.39,0.36,2025-02-28,611,N,VIIRS,n,2,307.63,8.29,D,0
17.26267,105.24327,340.24,0.39,0.36,2025-02-28,611,N,VIIRS,n,2,308.78,8.29,D,0
17.28116,105.49586,336.58,0.38,0.36,2025-02-28,611,N,VIIRS,l,2,309.93,8.67,D,0
17.28448,105.49531,336.85,0.38,0.36,2025-02-28,611,N,VIIRS,l,2,307.27,12.31,D,0
17.28519,104.18408,340.9,0.4,0.37,2025-02-28,611,N,VIIRS,n,2,308.78,3.99,D,0
17.28775,105.40596,332.24,0.38,0.36,2025-02-28,611,N,VIIRS,l,2,305.57,1.55,D,0
17.29106,105.4054,344.08,0.38,0.36,2025-02-28,611,N,VIIRS,n,2,309.92,6.11,D,0
17.30628,102.21127,341.4,0.48,0.4,2025-02-28,611,N,VIIRS,n,2,303.49,4.14,D,0
17.32659,102.3533,330.8,0.47,0.4,2025-02-28,611,N,VIIRS,l,2,303.14,1.63,D,0
17.32892,105.43548,331.97,0.38,0.36,2025-02-28,611,N,VIIRS,l,2,305.14,1.65,D,0
17.33235,105.17151,337.88,0.39,0.36,2025-02-28,611,N,VIIRS,n,2,306.18,3.82,D,0
17.33371,102.04562,338.89,0.48,0.4,2025-02-28,611,N,VIIRS,n,2,303.81,7.04,D,0
17.33624,105.17458,334.71,0.39,0.36,2025-02-28,611,N,VIIRS,n,2,302.94,9.15,D,0
17.33741,105.20412,333.84,0.39,0.36,2025-02-28,611,N,VIIRS,l,2,305.34,2.75,D,0
17.33858,105.23365,337.33,0.39,0.36,2025-02-28,611,N,VIIRS,n,2,304.88,3.4,D,0
17.339,105.17039,339.91,0.39,0.36,2025-02-28,611,N,VIIRS,n,2,305.46,5.85,D,0
17.33956,105.17402,348.69,0.39,0.36,2025-02-28,611,N,VIIRS,n,2,308.43,9.15,D,0
17.34017,105.19994,344.3,0.39,0.36,2025-02-28,611,N,VIIRS,n,2,306.1,3.21,D,0
17.34073,105.20355,346.38,0.39,0.36,2025-02-28,611,N,VIIRS,n,2,306.68,6.55,D,0
17.34582,105.25842,335.22,0.39,0.36,2025-02-28,611,N,VIIRS,l,2,307.11,2.58,D,0
17.3469,105.2434,337.47,0.39,0.36,2025-02-28,611,N,VIIRS,n,2,305.23,3.51,D,0
17.35008,105.17596,332.78,0.39,0.36,2025-02-28,611,N,VIIRS,l,2,303.87,1.81,D,0
17.35417,105.29044,334.88,0.39,0.36,2025-02-28,611,N,VIIRS,l,2,306.83,2.82,D,0
17.35472,105.29405,330.78,0.39,0.36,2025-02-28,611,N,VIIRS,l,2,303.23,2.82,D,0
17.35594,102.81094,330.73,0.45,0.39,2025-02-28,611,N,VIIRS,l,2,302.86,2.34,D,0
17.36194,104.94985,333.69,0.39,0.36,2025-02-28,611,N,VIIRS,n,2,303.74,2.12,D,0
17.36585,104.95294,336.42,0.39,0.36,2025-02-28,611,N,VIIRS,n,2,305.18,2.79,D,0
17.3674,105.26595,347.1,0.39,0.36,2025-02-28,611,N,VIIRS,n,2,306.53,2.9,D,0
17.36796,105.26956,336.76,0.39,0.36,2025-02-28,611,N,VIIRS,n,2,304.25,2.9,D,0
17.36908,105.27681,338.86,0.39,0.36,2025-02-28,611,N,VIIRS,n,2,304.64,3.98,D,0
17.36918,104.95238,338.34,0.39,0.36,2025-02-28,611,N,VIIRS,n,2,305.05,4.25,D,0
17.39898,105.05565,335.07,0.39,0.36,2025-02-28,611,N,VIIRS,l,2,306.49,3.62,D,0
17.40288,101.86451,336.56,0.49,0.4,2025-02-28,611,N,VIIRS,n,2,301.87,3.79,D,0
17.4066,101.86385,343.58,0.49,0.4,2025-02-28,611,N,VIIRS,n,2,301.78,3.83,D,0
17.40767,104.31693,348.97,0.4,0.37,2025-02-28,611,N,VIIRS,n,2,313.64,6.97,D,0
17.41005,105.74367,335.12,0.38,0.36,2025-02-28,611,N,VIIRS,n,2,306.36,3.28,D,0
17.41045,104.31261,336.18,0.4,0.37,2025-02-28,611,N,VIIRS,l,2,309.74,1.86,D,0
17.41059,105.74728,337.31,0.38,0.36,2025-02-28,611,N,VIIRS,n,2,305.59,5.38,D,0
17.41104,104.31635,356.23,0.4,0.37,2025-02-28,611,N,VIIRS,n,2,312.08,9.52,D,0
17.41147,105.15784,335.96,0.39,0.36,2025-02-28,611,N,VIIRS,n,2,302.79,2.97,D,0
17.41203,105.16146,336.53,0.39,0.36,2025-02-28,611,N,VIIRS,n,2,303.69,3.84,D,0
17.42887,105.68883,347.81,0.38,0.36,2025-02-28,611,N,VIIRS,n,2,306.71,12.06,D,0
17.42893,105.48917,331.74,0.38,0.36,2025-02-28,611,N,VIIRS,l,2,304.41,5.06,D,0
17.44897,103.98465,333.16,0.41,0.37,2025-02-28,611,N,VIIRS,l,2,306.6,0.77,D,0
17.45237,103.98405,337.59,0.41,0.37,2025-02-28,611,N,VIIRS,n,2,306.69,2.8,D,0
17.45576,103.98347,339.92,0.41,0.37,2025-02-28,611,N,VIIRS,n,2,308.58,2.8,D,0
17.47054,105.07716,342.74,0.39,0.36,2025-02-28,611,N,VIIRS,n,2,307.33,5.61,D,0
17.47365,102.79893,333.51,0.45,0.39,2025-02-28,611,N,VIIRS,l,2,303.72,2.54,D,0
17.47499,104.93776,340.96,0.39,0.36,2025-02-28,611,N,VIIRS,n,2,307.11,3.27,D,0
17.49041,105.67084,330.35,0.38,0.36,2025-02-28,611,N,VIIRS,l,2,304.96,2.93,D,0
17.52332,104.80956,339.88,0.39,0.36,2025-02-28,611,N,VIIRS,n,2,307.77,6.17,D,0
17.52843,104.71076,334.81,0.39,0.36,2025-02-28,611,N,VIIRS,l,2,304.82,1.54,D,0
17.54016,105.50726,338,0.38,0.36,2025-02-28,611,N,VIIRS,n,2,301.79,2.71,D,0
17.54212,105.83238,339.29,0.38,0.36,2025-02-28,611,N,VIIRS,n,2,307.17,3.98,D,0
17.54347,105.50671,337.87,0.38,0.36,2025-02-28,611,N,VIIRS,n,2,301.07,3.51,D,0
17.55401,105.22635,334.09,0.39,0.36,2025-02-28,611,N,VIIRS,n,2,303.91,1.27,D,0
17.55751,104.72873,334.42,0.39,0.36,2025-02-28,611,N,VIIRS,l,2,305.45,3.41,D,0
17.57933,102.91297,337.73,0.44,0.38,2025-02-28,611,N,VIIRS,n,2,303.94,10.08,D,0
17.58216,102.90821,352.67,0.44,0.38,2025-02-28,611,N,VIIRS,n,2,306.15,12.68,D,0
17.58285,102.91235,344.82,0.44,0.38,2025-02-28,611,N,VIIRS,n,2,304.21,10.08,D,0
17.60548,105.2512,336.1,0.39,0.36,2025-02-28,611,N,VIIRS,n,2,304.19,2.69,D,0
17.61294,102.96198,330.42,0.44,0.38,2025-02-28,611,N,VIIRS,l,2,303.25,1.67,D,0
17.63239,104.79124,336.16,0.39,0.36,2025-02-28,611,N,VIIRS,l,2,307.25,3.44,D,0
17.66229,104.64243,346.57,0.39,0.36,2025-02-28,611,N,VIIRS,n,2,308.44,12.36,D,0
17.67602,104.79476,333.31,0.39,0.36,2025-02-28,611,N,VIIRS,l,2,303.46,2.63,D,0
17.6918,105.17387,335.16,0.39,0.36,2025-02-28,611,N,VIIRS,n,2,306.89,3.17,D,0
17.70148,104.67351,340.85,0.39,0.36,2025-02-28,611,N,VIIRS,n,2,310.45,4.95,D,0
17.70206,104.67716,343.71,0.39,0.36,2025-02-28,611,N,VIIRS,n,2,311.62,9.36,D,0
17.7125,105.37457,335.77,0.38,0.36,2025-02-28,611,N,VIIRS,n,2,299.42,2.72,D,0
17.74126,104.47708,341.32,0.39,0.36,2025-02-28,611,N,VIIRS,n,2,311.76,4.7,D,0
17.74933,100.39468,331.83,0.39,0.44,2025-02-28,611,N,VIIRS,n,2,292.7,2.8,D,0
17.75345,104.61903,334.05,0.39,0.36,2025-02-28,611,N,VIIRS,l,2,307.09,2.31,D,0
17.75679,104.61846,334.01,0.39,0.36,2025-02-28,611,N,VIIRS,l,2,307.14,2.75,D,0
17.76404,104.85477,347.09,0.39,0.36,2025-02-28,611,N,VIIRS,n,2,303.66,5.23,D,0
17.78233,104.69337,341.91,0.39,0.36,2025-02-28,611,N,VIIRS,n,2,305.94,4.02,D,0
17.7902,104.61272,334.63,0.39,0.36,2025-02-28,611,N,VIIRS,n,2,305.96,2.64,D,0
17.79101,101.42439,341.41,0.51,0.41,2025-02-28,611,N,VIIRS,n,2,298.98,9.52,D,0
17.8123,104.57874,347.59,0.39,0.36,2025-02-28,611,N,VIIRS,n,2,303.11,12.88,D,0
17.81456,104.92078,334.4,0.39,0.36,2025-02-28,611,N,VIIRS,l,2,308.6,4.53,D,0
17.82134,104.50507,331.33,0.39,0.36,2025-02-28,611,N,VIIRS,n,2,303.37,1.98,D,0
17.84918,104.51891,337.41,0.39,0.36,2025-02-28,611,N,VIIRS,l,2,308.91,5.75,D,0
17.87346,104.94846,335.98,0.39,0.36,2025-02-28,611,N,VIIRS,n,2,297.98,2.33,D,0
17.98685,104.28967,330.74,0.4,0.37,2025-02-28,611,N,VIIRS,l,2,303.88,2.09,D,0
17.98745,104.29345,336.19,0.4,0.37,2025-02-28,611,N,VIIRS,n,2,304.92,2.54,D,0
17.98796,104.51437,337.51,0.39,0.36,2025-02-28,611,N,VIIRS,n,2,308.98,2.48,D,0
17.99015,104.87217,331.1,0.39,0.36,2025-02-28,611,N,VIIRS,n,2,302.09,2.27,D,0
18.04231,104.66384,344.83,0.39,0.36,2025-02-28,611,N,VIIRS,n,2,309.39,4.1,D,0
18.04551,104.85938,347.49,0.39,0.36,2025-02-28,611,N,VIIRS,n,2,305.3,6.54,D,0
18.05352,104.28919,333.65,0.4,0.37,2025-02-28,611,N,VIIRS,l,2,306.3,1.68,D,0
18.08439,105.08779,348.86,0.39,0.36,2025-02-28,611,N,VIIRS,n,2,307.87,5.34,D,0
18.12485,104.47902,340.42,0.39,0.36,2025-02-28,611,N,VIIRS,n,2,305.79,2.93,D,0
18.12838,104.67616,332.04,0.39,0.36,2025-02-28,611,N,VIIRS,n,2,300.87,0.86,D,0
18.13587,104.12477,332.68,0.4,0.37,2025-02-28,611,N,VIIRS,n,2,306.14,2.94,D,0
18.18538,102.07808,330.52,0.47,0.4,2025-02-28,611,N,VIIRS,n,2,299.73,3.49,D,0
18.1857,102.07932,330.86,0.47,0.4,2025-02-28,611,N,VIIRS,n,2,299.93,2.62,D,0
18.19094,104.12288,336.65,0.4,0.37,2025-02-28,611,N,VIIRS,n,2,305.25,4.33,D,0
18.34298,105.01294,332.51,0.39,0.36,2025-02-28,611,N,VIIRS,l,2,304.52,3.57,D,0
18.37103,102.28847,333.98,0.46,0.39,2025-02-28,611,N,VIIRS,n,2,300.55,7.16,D,0
18.42854,102.3884,348.04,0.45,0.39,2025-02-28,611,N,VIIRS,n,2,305.05,9.03,D,0
18.4514,104.59695,336.95,0.39,0.36,2025-02-28,611,N,VIIRS,n,2,305.42,8.4,D,0
18.5307,103.73199,341.79,0.41,0.37,2025-02-28,611,N,VIIRS,n,2,303.81,3.29,D,0
18.5681,103.87823,335.45,0.4,0.37,2025-02-28,611,N,VIIRS,n,2,302.83,2.55,D,0
18.39316,100.21381,343.29,0.39,0.44,2025-02-28,612,N,VIIRS,n,2,295.55,6.39,D,0
18.50956,101.47691,341.03,0.5,0.41,2025-02-28,612,N,VIIRS,n,2,298.63,7.7,D,0
18.51003,101.47385,333.87,0.5,0.41,2025-02-28,612,N,VIIRS,n,2,298.06,3.69,D,0
18.51089,101.47868,334.8,0.5,0.41,2025-02-28,612,N,VIIRS,n,2,299.2,5.72,D,0
18.54898,100.73145,345.06,0.55,0.42,2025-02-28,612,N,VIIRS,n,2,291.67,7.16,D,0
18.6121,102.0575,336.2,0.47,0.39,2025-02-28,612,N,VIIRS,n,2,301.87,3.33,D,0
18.61217,102.05428,334.84,0.47,0.39,2025-02-28,612,N,VIIRS,n,2,301.63,2.58,D,0
18.72635,102.24398,332.52,0.46,0.39,2025-02-28,612,N,VIIRS,n,2,299.34,2.13,D,0
18.76652,102.27704,330.63,0.45,0.39,2025-02-28,612,N,VIIRS,l,2,302.44,3.5,D,0
18.88948,100.87883,336.7,0.53,0.42,2025-02-28,612,N,VIIRS,n,2,302.91,5.49,D,0
18.94897,101.47581,331.81,0.49,0.4,2025-02-28,612,N,VIIRS,n,2,292.4,2.33,D,0
18.95141,101.47735,334.98,0.49,0.4,2025-02-28,612,N,VIIRS,n,2,295.43,6.61,D,0
18.97291,100.33946,333.27,0.57,0.43,2025-02-28,612,N,VIIRS,n,2,294.09,4.28,D,0
18.99495,101.62843,338.87,0.48,0.4,2025-02-28,612,N,VIIRS,n,2,295.12,5.3,D,0
19.00087,104.34917,337.18,0.39,0.36,2025-02-28,612,N,VIIRS,n,2,300.49,5.49,D,0
19.00974,104.21045,345.9,0.39,0.36,2025-02-28,612,N,VIIRS,n,2,302.19,11.07,D,0
19.06334,103.30817,333.6,0.41,0.37,2025-02-28,612,N,VIIRS,n,2,296.47,3.17,D,0
19.1073,101.6078,338.58,0.48,0.4,2025-02-28,612,N,VIIRS,n,2,302.44,6.12,D,0
19.1156,100.59206,336.34,0.54,0.42,2025-02-28,612,N,VIIRS,n,2,303.13,5.46,D,0
19.11613,100.59482,333.43,0.54,0.42,2025-02-28,612,N,VIIRS,n,2,301.81,4.43,D,0
19.12842,103.23203,332.09,0.42,0.37,2025-02-28,612,N,VIIRS,n,2,302.36,2.43,D,0
19.14868,101.62775,334.79,0.48,0.4,2025-02-28,612,N,VIIRS,n,2,304.3,4.29,D,0
19.20432,101.60479,348.05,0.48,0.4,2025-02-28,612,N,VIIRS,n,2,305.27,9.63,D,0
19.20802,101.60427,338.76,0.48,0.4,2025-02-28,612,N,VIIRS,n,2,303.37,6.99,D,0
19.20882,101.60885,347.38,0.48,0.4,2025-02-28,612,N,VIIRS,n,2,301.83,6.99,D,0
19.21171,101.60374,331.5,0.48,0.4,2025-02-28,612,N,VIIRS,n,2,299.88,6.99,D,0
19.21538,101.60303,336.33,0.48,0.4,2025-02-28,612,N,VIIRS,n,2,296.92,4.63,D,0
19.21616,101.60752,335.6,0.48,0.4,2025-02-28,612,N,VIIRS,n,2,296.5,4.63,D,0
19.22443,101.568,328.82,0.48,0.4,2025-02-28,612,N,VIIRS,n,2,291.55,2.33,D,0
19.2281,101.56728,331.66,0.48,0.4,2025-02-28,612,N,VIIRS,n,2,286.63,2.33,D,0
19.26075,100.869,334.65,0.52,0.42,2025-02-28,612,N,VIIRS,n,2,300.91,5.9,D,0
19.26145,101.58466,333.75,0.48,0.4,2025-02-28,612,N,VIIRS,n,2,297.67,3.39,D,0
19.26456,100.86823,338.68,0.52,0.42,2025-02-28,612,N,VIIRS,n,2,300.71,3.68,D,0
19.28145,102.57877,332.9,0.44,0.38,2025-02-28,612,N,VIIRS,n,2,299.54,8.26,D,0
19.31399,101.7373,337.92,0.47,0.4,2025-02-28,612,N,VIIRS,n,2,291.16,4.43,D,0
19.35657,101.28679,329.29,0.5,0.41,2025-02-28,612,N,VIIRS,n,2,294.9,3.54,D,0
19.35744,101.28426,333.65,0.5,0.41,2025-02-28,612,N,VIIRS,n,2,300.91,3.68,D,0
19.38237,101.3167,341.16,0.49,0.41,2025-02-28,612,N,VIIRS,n,2,300.15,22.79,D,0
19.4041,102.44598,337.1,0.44,0.38,2025-02-28,612,N,VIIRS,n,2,299.67,11.28,D,0
19.42539,102.14738,340.27,0.45,0.39,2025-02-28,612,N,VIIRS,n,2,296.74,6.3,D,0
19.42821,102.14235,332.22,0.45,0.39,2025-02-28,612,N,VIIRS,n,2,294.38,6.3,D,0
19.42842,102.50483,329.2,0.44,0.38,2025-02-28,612,N,VIIRS,n,2,294.56,1.66,D,0
19.42895,102.14668,337.82,0.45,0.39,2025-02-28,612,N,VIIRS,n,2,298.25,6.3,D,0
19.45829,103.79994,337.06,0.4,0.37,2025-02-28,612,N,VIIRS,n,2,295.25,3.32,D,0
19.47948,101.95791,328.28,0.46,0.39,2025-02-28,612,N,VIIRS,n,2,294.22,1.92,D,0
19.52583,103.81158,333.06,0.4,0.37,2025-02-28,612,N,VIIRS,n,2,300.21,7.56,D,0
19.53606,102.24385,338.29,0.45,0.39,2025-02-28,612,N,VIIRS,n,2,293.01,5.79,D,0
19.5903,103.88068,329.88,0.4,0.37,2025-02-28,612,N,VIIRS,n,2,298.91,2.33,D,0
19.70183,101.90169,334.01,0.46,0.39,2025-02-28,612,N,VIIRS,n,2,292.53,4.19,D,0
19.77672,103.75562,349.93,0.4,0.37,2025-02-28,612,N,VIIRS,n,2,305.49,22.53,D,0
19.84066,103.09678,334.1,0.41,0.37,2025-02-28,612,N,VIIRS,n,2,303.85,2.63,D,0
19.84427,104.24293,333.26,0.39,0.36,2025-02-28,612,N,VIIRS,n,2,298.56,3.85,D,0
19.86313,103.71279,341.18,0.4,0.37,2025-02-28,612,N,VIIRS,n,2,307.62,4.74,D,0
19.87023,102.80986,340.48,0.42,0.38,2025-02-28,612,N,VIIRS,n,2,295.56,3.69,D,0
19.87819,102.64291,330.79,0.43,0.38,2025-02-28,612,N,VIIRS,n,2,298.03,3.89,D,0
19.89206,102.27315,346.28,0.44,0.38,2025-02-28,612,N,VIIRS,n,2,286.93,11.95,D,0
19.93442,101.57886,331.15,0.47,0.4,2025-02-28,612,N,VIIRS,n,2,299.57,165.99,D,0
19.94316,102.38301,337.33,0.44,0.38,2025-02-28,612,N,VIIRS,n,2,285.05,4,D,0
19.97169,102.31504,336.78,0.44,0.38,2025-02-28,612,N,VIIRS,n,2,292.59,3.99,D,0
19.98991,102.22989,336.6,0.44,0.39,2025-02-28,612,N,VIIRS,n,2,287.7,4.83,D,0
20.00841,103.33114,344.92,0.41,0.37,2025-02-28,612,N,VIIRS,n,2,308.17,4.45,D,0
20.02057,101.94742,332.73,0.45,0.39,2025-02-28,612,N,VIIRS,n,2,294.79,2.46,D,0
20.02949,103.82904,344.42,0.4,0.37,2025-02-28,612,N,VIIRS,n,2,303.14,5.68,D,0
20.0741,104.73885,342.02,0.38,0.36,2025-02-28,612,N,VIIRS,n,2,298.26,5.36,D,0
20.08656,103.55423,335.62,0.4,0.37,2025-02-28,612,N,VIIRS,n,2,306.4,3.51,D,0
20.09927,100.76431,331.71,0.52,0.41,2025-02-28,612,N,VIIRS,n,2,296.11,5.82,D,0
20.10012,100.76915,332.44,0.52,0.41,2025-02-28,612,N,VIIRS,n,2,291.23,5.82,D,0
20.12241,103.45383,343.34,0.4,0.37,2025-02-28,612,N,VIIRS,n,2,309.27,25.96,D,0
20.12699,104.03219,328.11,0.39,0.36,2025-02-28,612,N,VIIRS,l,2,300.15,12.41,D,0
20.12757,104.03592,335.06,0.39,0.36,2025-02-28,612,N,VIIRS,n,2,303.45,12.41,D,0
20.14814,103.80839,333.14,0.4,0.37,2025-02-28,612,N,VIIRS,n,2,302.63,5.1,D,0
20.1911,104.4202,337.48,0.39,0.36,2025-02-28,612,N,VIIRS,n,2,299.91,3.02,D,0
20.19939,102.39799,333.79,0.43,0.38,2025-02-28,612,N,VIIRS,n,2,282.31,3.48,D,0
20.22038,102.78848,331.23,0.42,0.38,2025-02-28,612,N,VIIRS,n,2,292.45,2.22,D,0
20.22654,103.40411,339.06,0.4,0.37,2025-02-28,612,N,VIIRS,n,2,311.31,14.89,D,0
20.2293,103.3997,338.21,0.4,0.37,2025-02-28,612,N,VIIRS,n,2,304.89,14.89,D,0
20.26127,103.31573,333.1,0.4,0.37,2025-02-28,612,N,VIIRS,n,2,296.68,3.49,D,0
20.27669,103.4105,343.82,0.4,0.37,2025-02-28,612,N,VIIRS,n,2,304.55,4.25,D,0
20.28824,102.32542,347.3,0.44,0.38,2025-02-28,612,N,VIIRS,n,2,292.25,15.58,D,0
20.28824,102.32591,344.94,0.44,0.38,2025-02-28,612,N,VIIRS,n,2,292.29,16.66,D,0
20.29176,102.32484,348.88,0.44,0.38,2025-02-28,612,N,VIIRS,n,2,291.66,15.58,D,0
20.29177,102.32536,343.98,0.44,0.38,2025-02-28,612,N,VIIRS,n,2,292.15,16.66,D,0
20.32508,104.39278,329.53,0.39,0.36,2025-02-28,612,N,VIIRS,n,2,300.58,1.92,D,0
20.33248,104.24384,346.07,0.39,0.36,2025-02-28,612,N,VIIRS,n,2,303.51,13.21,D,0
20.38934,103.74545,337.23,0.4,0.37,2025-02-28,612,N,VIIRS,l,2,310.26,25.24,D,0
20.41596,100.55485,338.91,0.52,0.42,2025-02-28,612,N,VIIRS,n,2,309.38,18.79,D,0
20.41727,100.55163,331.04,0.52,0.42,2025-02-28,612,N,VIIRS,n,2,303.45,6.24,D,0
20.41817,100.55658,333.91,0.52,0.42,2025-02-28,612,N,VIIRS,n,2,305.33,12.48,D,0
20.46586,103.30441,340.72,0.4,0.37,2025-02-28,612,N,VIIRS,n,2,308.68,17.03,D,0
20.46925,103.3038,335.74,0.4,0.37,2025-02-28,612,N,VIIRS,n,2,302.62,17.03,D,0
20.46956,103.39096,332.8,0.4,0.37,2025-02-28,612,N,VIIRS,n,2,300.34,23.59,D,0
20.47277,103.95461,332.53,0.39,0.36,2025-02-28,612,N,VIIRS,n,2,299.83,2.63,D,0
20.50251,104.55418,335.02,0.39,0.36,2025-02-28,612,N,VIIRS,n,2,293.75,3.25,D,0
20.51539,104.20284,333.22,0.39,0.36,2025-02-28,612,N,VIIRS,n,2,303.48,2.43,D,0
20.57864,100.66726,330.29,0.51,0.41,2025-02-28,612,N,VIIRS,n,2,298.63,3.41,D,0
20.57954,100.67227,330.36,0.51,0.41,2025-02-28,612,N,VIIRS,n,2,299.12,5.02,D,0
20.58168,104.04591,341.64,0.39,0.36,2025-02-28,612,N,VIIRS,n,2,306.66,4.93,D,0
20.59767,103.97392,344.52,0.39,0.36,2025-02-28,612,N,VIIRS,n,2,303.95,18.54,D,0
20.75224,103.62654,344.26,0.4,0.37,2025-02-28,612,N,VIIRS,n,2,306.4,24.04,D,0
20.76316,103.39332,330.54,0.4,0.37,2025-02-28,612,N,VIIRS,l,2,300.87,2.11,D,0
20.79291,104.61609,331.79,0.38,0.36,2025-02-28,612,N,VIIRS,n,2,300.61,4.51,D,0
20.79349,104.61981,334.18,0.38,0.36,2025-02-28,612,N,VIIRS,n,2,298.8,4.49,D,0
20.80458,101.78416,334.83,0.45,0.39,2025-02-28,612,N,VIIRS,n,2,304.34,7.87,D,0
20.80814,101.78349,335.28,0.45,0.39,2025-02-28,612,N,VIIRS,n,2,300.49,7.87,D,0
20.81719,103.26978,337.44,0.4,0.37,2025-02-28,612,N,VIIRS,n,2,298.88,5.14,D,0
20.83408,103.50262,339.14,0.4,0.37,2025-02-28,612,N,VIIRS,n,2,300.03,6.19,D,0
20.83546,104.49532,330.43,0.39,0.36,2025-02-28,612,N,VIIRS,n,2,302.54,1.9,D,0
20.86801,102.55299,333.57,0.42,0.38,2025-02-28,612,N,VIIRS,n,2,301.53,4.19,D,0
20.89869,104.27193,339.17,0.39,0.36,2025-02-28,612,N,VIIRS,n,2,303.83,4.49,D,0
20.90144,104.26771,343.54,0.39,0.36,2025-02-28,612,N,VIIRS,n,2,306.7,4.49,D,0
20.92337,104.23351,332.79,0.39,0.36,2025-02-28,612,N,VIIRS,n,2,303.15,2.15,D,0
20.9262,104.23286,341.46,0.39,0.36,2025-02-28,612,N,VIIRS,n,2,304.92,5.96,D,0
20.94053,103.12688,333.76,0.41,0.37,2025-02-28,612,N,VIIRS,n,2,291.8,3.97,D,0
21.00991,104.09225,332.86,0.39,0.36,2025-02-28,612,N,VIIRS,l,2,305.25,2.57,D,0
21.02324,103.41669,340.43,0.4,0.37,2025-02-28,612,N,VIIRS,n,2,297.05,8.14,D,0
21.04119,102.41709,341.73,0.43,0.38,2025-02-28,612,N,VIIRS,n,2,299.57,4.75,D,0
21.04448,103.86322,341.16,0.39,0.36,2025-02-28,612,N,VIIRS,n,2,307.29,9.22,D,0
21.063,102.89109,344.29,0.41,0.37,2025-02-28,612,N,VIIRS,n,2,301.99,23.87,D,0
21.0927,104.30163,336.33,0.39,0.36,2025-02-28,612,N,VIIRS,n,2,302.3,6.35,D,0
21.11462,100.24303,340.03,0.53,0.42,2025-02-28,612,N,VIIRS,n,2,300.88,4.52,D,0
21.11707,100.24436,339.56,0.53,0.42,2025-02-28,612,N,VIIRS,n,2,299.58,5.18,D,0
21.14957,103.05671,334.75,0.41,0.37,2025-02-28,612,N,VIIRS,n,2,301.44,3.69,D,0
21.18833,103.07713,333.33,0.4,0.37,2025-02-28,612,N,VIIRS,n,2,302.1,3.56,D,0
21.20502,101.09126,338.13,0.48,0.4,2025-02-28,612,N,VIIRS,n,2,301.31,6.91,D,0
21.26333,104.4614,330.42,0.38,0.36,2025-02-28,612,N,VIIRS,n,2,297.99,1.76,D,0
21.29338,104.39587,331.15,0.39,0.36,2025-02-28,612,N,VIIRS,n,2,300.77,3.74,D,0
21.30645,103.76582,334.64,0.39,0.36,2025-02-28,612,N,VIIRS,n,2,299.28,4.98,D,0
21.44152,101.59078,339.11,0.45,0.39,2025-02-28,612,N,VIIRS,n,2,303.47,4.9,D,0
21.44226,101.59513,344.12,0.45,0.39,2025-02-28,612,N,VIIRS,n,2,305.52,5.69,D,0
21.443,101.59948,331.3,0.45,0.39,2025-02-28,612,N,VIIRS,l,2,301.73,5.69,D,0
21.4619,101.53726,334.97,0.46,0.39,2025-02-28,612,N,VIIRS,l,2,305.22,4.5,D,0
21.46343,101.53803,342.43,0.45,0.39,2025-02-28,612,N,VIIRS,n,2,306.24,6.05,D,0
21.52281,103.11205,334.01,0.4,0.37,2025-02-28,612,N,VIIRS,n,2,293.83,3.76,D,0
21.5807,101.87929,333.7,0.44,0.38,2025-02-28,612,N,VIIRS,n,2,301.95,1.63,D,0
21.74636,100.35873,327.75,0.51,0.41,2025-02-28,612,N,VIIRS,n,2,301.5,1.84,D,0
21.8575,100.39232,341.27,0.51,0.41,2025-02-28,612,N,VIIRS,n,2,303.85,5.66,D,0
21.86126,100.39156,336.49,0.51,0.41,2025-02-28,612,N,VIIRS,n,2,302.16,5.66,D,0
21.9746,100.2221,328.72,0.52,0.41,2025-02-28,613,N,VIIRS,n,2,302.57,2.4,D,0
22.47006,100.46956,332.81,0.49,0.41,2025-02-28,613,N,VIIRS,n,2,302.35,3.05,D,0
22.47776,101.91902,345.91,0.43,0.38,2025-02-28,613,N,VIIRS,n,2,300.65,3.91,D,0
22.48123,101.91832,330.22,0.43,0.38,2025-02-28,613,N,VIIRS,n,2,301.16,3.91,D,0
21.18659,101.68829,300.31,0.43,0.38,2025-02-28,1841,N,VIIRS,n,2,287.83,0.39,N,0
21.24688,100.47198,310.07,0.49,0.4,2025-02-28,1841,N,VIIRS,n,2,288.57,1.79,N,0
21.3391,102.30103,322.44,0.41,0.37,2025-02-28,1841,N,VIIRS,n,2,289.83,1.96,N,0
21.41389,101.24133,305.84,0.45,0.39,2025-02-28,1841,N,VIIRS,n,2,288.87,1.29,N,0
22.1056,100.57382,308.38,0.49,0.41,2025-02-28,1841,N,VIIRS,n,2,284.55,1.48,N,0
16.7069,104.58965,296.53,0.4,0.37,2025-02-28,1842,N,VIIRS,n,2,274.19,0.89,N,0
16.79109,103.26807,319.8,0.38,0.36,2025-02-28,1842,N,VIIRS,n,2,292,1.65,N,0
16.79989,103.9558,315.65,0.39,0.36,2025-02-28,1842,N,VIIRS,n,2,293.98,2.59,N,0
16.80188,103.17787,318.66,0.38,0.36,2025-02-28,1842,N,VIIRS,n,2,292.94,1.09,N,0
16.81074,104.82972,315.73,0.4,0.37,2025-02-28,1842,N,VIIRS,n,2,287.22,2.08,N,0
16.826,104.48466,308.29,0.39,0.37,2025-02-28,1842,N,VIIRS,n,2,290.48,1.13,N,0
16.8327,104.48579,322.05,0.39,0.37,2025-02-28,1842,N,VIIRS,n,2,292.48,2.78,N,0
16.83585,103.06951,310.05,0.38,0.36,2025-02-28,1842,N,VIIRS,n,2,292,0.51,N,0
16.85111,104.18411,311.85,0.39,0.36,2025-02-28,1842,N,VIIRS,n,2,292.86,1.74,N,0
16.86098,103.85131,313.6,0.39,0.36,2025-02-28,1842,N,VIIRS,n,2,294.54,1.71,N,0
16.86404,102.77905,308.74,0.39,0.36,2025-02-28,1842,N,VIIRS,n,2,285.51,1.11,N,0
16.86519,103.35799,328.13,0.38,0.36,2025-02-28,1842,N,VIIRS,n,2,292.05,2.57,N,0
16.8688,103.11926,308.29,0.38,0.36,2025-02-28,1842,N,VIIRS,n,2,291.76,0.61,N,0
16.86934,103.84167,312.42,0.39,0.36,2025-02-28,1842,N,VIIRS,n,2,294.02,2.29,N,0
16.87211,103.11982,324.17,0.38,0.36,2025-02-28,1842,N,VIIRS,n,2,291.88,2.45,N,0
16.87264,103.84226,311.47,0.39,0.36,2025-02-28,1842,N,VIIRS,n,2,293.13,1.09,N,0
16.87965,104.21899,301.88,0.39,0.36,2025-02-28,1842,N,VIIRS,n,2,280.27,1.29,N,0
16.88223,103.22832,317.95,0.38,0.36,2025-02-28,1842,N,VIIRS,n,2,291.77,1.13,N,0
16.89556,103.61343,329.08,0.38,0.36,2025-02-28,1842,N,VIIRS,n,2,291.43,3.89,N,0
16.89887,103.61401,339.52,0.38,0.36,2025-02-28,1842,N,VIIRS,n,2,295.16,3.89,N,0
16.90582,103.09974,305.99,0.38,0.36,2025-02-28,1842,N,VIIRS,n,2,291.46,0.66,N,0
16.91021,103.15536,330.46,0.38,0.36,2025-02-28,1842,N,VIIRS,n,2,292.3,2.79,N,0
16.91517,103.66109,335.4,0.38,0.36,2025-02-28,1842,N,VIIRS,n,2,298.95,25.7,N,0
16.91813,103.08301,323.43,0.38,0.36,2025-02-28,1842,N,VIIRS,n,2,292.39,1.92,N,0
16.92449,103.17248,333.09,0.38,0.36,2025-02-28,1842,N,VIIRS,n,2,292.64,3.14,N,0
16.92983,103.22495,323.07,0.38,0.36,2025-02-28,1842,N,VIIRS,n,2,292.34,1.33,N,0
16.93314,103.22552,311.03,0.38,0.36,2025-02-28,1842,N,VIIRS,n,2,291.81,1.33,N,0
16.93503,104.10918,304.55,0.39,0.36,2025-02-28,1842,N,VIIRS,n,2,290.49,0.93,N,0
16.93835,104.10979,304.48,0.39,0.36,2025-02-28,1842,N,VIIRS,n,2,288.65,0.43,N,0
16.94121,103.28214,306.73,0.38,0.36,2025-02-28,1842,N,VIIRS,n,2,293.07,0.93,N,0
16.9612,104.09512,319.95,0.39,0.36,2025-02-28,1842,N,VIIRS,n,2,293.64,1.86,N,0
16.97578,102.02338,329.92,0.4,0.37,2025-02-28,1842,N,VIIRS,n,2,293.11,2.46,N,0
16.97853,101.98206,303.33,0.4,0.37,2025-02-28,1842,N,VIIRS,n,2,292.89,0.56,N,0
16.98525,101.98318,304.83,0.4,0.37,2025-02-28,1842,N,VIIRS,n,2,294.14,0.72,N,0
16.98702,103.27151,319.06,0.38,0.36,2025-02-28,1842,N,VIIRS,n,2,292.14,1.59,N,0
16.98832,103.69175,313.69,0.39,0.36,2025-02-28,1842,N,VIIRS,n,2,291.61,0.99,N,0
16.98861,101.98373,306.61,0.4,0.37,2025-02-28,1842,N,VIIRS,n,2,294.67,0.72,N,0
16.99588,103.25791,308.02,0.38,0.36,2025-02-28,1842,N,VIIRS,n,2,292.22,1.12,N,0
16.99862,103.26205,303.88,0.38,0.36,2025-02-28,1842,N,VIIRS,n,2,291.51,0.71,N,0
16.99907,102.93433,312.76,0.39,0.36,2025-02-28,1842,N,VIIRS,n,2,289.81,1.17,N,0
16.99919,103.25847,329.42,0.38,0.36,2025-02-28,1842,N,VIIRS,n,2,293.01,2.28,N,0
17.00903,104.0886,317.37,0.39,0.36,2025-02-28,1842,N,VIIRS,n,2,294.39,2.1,N,0
17.01608,101.98429,306.91,0.4,0.37,2025-02-28,1842,N,VIIRS,n,2,292.37,0.55,N,0
17.01662,103.44937,331.45,0.38,0.36,2025-02-28,1842,N,VIIRS,n,2,293.23,3.78,N,0
17.01932,102.25708,304.49,0.39,0.36,2025-02-28,1842,N,VIIRS,n,2,292.25,0.71,N,0
17.02336,101.98163,305.61,0.4,0.37,2025-02-28,1842,N,VIIRS,n,2,292.27,0.7,N,0
17.03227,102.1272,316.52,0.39,0.37,2025-02-28,1842,N,VIIRS,n,2,292.41,1.02,N,0
17.03794,101.95356,306.42,0.4,0.37,2025-02-28,1842,N,VIIRS,n,2,291.65,0.89,N,0
17.04548,103.26634,306.01,0.38,0.36,2025-02-28,1842,N,VIIRS,n,2,292.16,0.68,N,0
17.04632,102.01202,304.22,0.4,0.37,2025-02-28,1842,N,VIIRS,n,2,293.36,0.6,N,0
17.04818,103.97265,301.27,0.39,0.36,2025-02-28,1842,N,VIIRS,n,2,286.18,0.38,N,0
17.05149,103.97322,302.17,0.39,0.36,2025-02-28,1842,N,VIIRS,n,2,284.83,0.38,N,0
17.07122,102.0382,303.44,0.4,0.37,2025-02-28,1842,N,VIIRS,n,2,292.56,0.5,N,0
17.07129,103.9136,304.91,0.39,0.36,2025-02-28,1842,N,VIIRS,n,2,289.61,0.69,N,0
17.08807,103.23303,301.45,0.38,0.36,2025-02-28,1842,N,VIIRS,n,2,290.72,0.34,N,0
17.11516,103.99873,309.99,0.39,0.36,2025-02-28,1842,N,VIIRS,n,2,292.47,1.41,N,0
17.12475,103.44964,303.05,0.38,0.36,2025-02-28,1842,N,VIIRS,n,2,291.46,0.53,N,0
17.14067,103.84,309.09,0.39,0.36,2025-02-28,1842,N,VIIRS,n,2,291.93,1.25,N,0
17.15294,102.04403,307.72,0.4,0.37,2025-02-28,1842,N,VIIRS,n,2,291.56,1.07,N,0
17.15629,102.04462,318.63,0.4,0.37,2025-02-28,1842,N,VIIRS,n,2,293,1.07,N,0
17.18053,102.21465,304.44,0.39,0.36,2025-02-28,1842,N,VIIRS,n,2,292.42,0.71,N,0
17.18213,102.09007,304.87,0.4,0.37,2025-02-28,1842,N,VIIRS,n,2,293.58,0.59,N,0
17.18854,101.73917,311.06,0.4,0.37,2025-02-28,1842,N,VIIRS,n,2,291.09,0.76,N,0
17.19477,101.72076,302.03,0.4,0.37,2025-02-28,1842,N,VIIRS,n,2,291.19,0.34,N,0
17.20285,102.22588,318.17,0.39,0.36,2025-02-28,1842,N,VIIRS,n,2,292.72,1.58,N,0
17.20949,103.87782,304.89,0.39,0.36,2025-02-28,1842,N,VIIRS,n,2,292.68,0.79,N,0
17.21006,103.87421,304.84,0.39,0.36,2025-02-28,1842,N,VIIRS,n,2,292.87,0.79,N,0
17.21237,103.85978,305,0.39,0.36,2025-02-28,1842,N,VIIRS,n,2,293.73,1.49,N,0
17.21515,102.07641,310.76,0.4,0.37,2025-02-28,1842,N,VIIRS,n,2,291.96,0.69,N,0
17.21553,103.88255,307.55,0.39,0.36,2025-02-28,1842,N,VIIRS,n,2,293.04,1.42,N,0
17.21824,103.88252,306.63,0.39,0.36,2025-02-28,1842,N,VIIRS,n,2,292.58,1.35,N,0
17.2194,103.8753,308.18,0.39,0.36,2025-02-28,1842,N,VIIRS,n,2,294.16,2.39,N,0
17.24978,102.16552,302.5,0.39,0.37,2025-02-28,1842,N,VIIRS,n,2,292.25,0.33,N,0
17.25553,101.85345,304.97,0.4,0.37,2025-02-28,1842,N,VIIRS,n,2,291.61,0.43,N,0
17.28364,101.89649,304.61,0.4,0.37,2025-02-28,1842,N,VIIRS,n,2,291.52,0.37,N,0
17.44921,102.27721,307.33,0.39,0.36,2025-02-28,1842,N,VIIRS,n,2,292.41,0.74,N,0
17.56257,102.2194,302.16,0.39,0.37,2025-02-28,1842,N,VIIRS,n,2,292.14,0.36,N,0
17.59078,101.61425,301.64,0.41,0.37,2025-02-28,1842,N,VIIRS,n,2,291.05,0.75,N,0
17.59419,101.61475,303.49,0.41,0.37,2025-02-28,1842,N,VIIRS,n,2,290.65,0.22,N,0
17.59588,104.44063,301.6,0.39,0.36,2025-02-28,1842,N,VIIRS,n,2,290.95,0.33,N,0
17.67805,104.79232,313.04,0.4,0.37,2025-02-28,1842,N,VIIRS,n,2,294.92,2.13,N,0
17.68141,104.79286,312.35,0.4,0.37,2025-02-28,1842,N,VIIRS,n,2,295.86,1.44,N,0
17.68201,104.78916,309.07,0.4,0.37,2025-02-28,1842,N,VIIRS,n,2,294.79,1.44,N,0
17.70146,104.75462,304.06,0.4,0.37,2025-02-28,1842,N,VIIRS,n,2,292.82,1.6,N,0
17.7134,104.59715,301.79,0.39,0.36,2025-02-28,1842,N,VIIRS,n,2,290.9,0.31,N,0
17.76208,100.44603,307.03,0.45,0.39,2025-02-28,1842,N,VIIRS,n,2,291.63,0.52,N,0
17.79891,104.40027,308.66,0.39,0.36,2025-02-28,1842,N,VIIRS,n,2,291.58,0.92,N,0
17.80224,104.40086,321.66,0.39,0.36,2025-02-28,1842,N,VIIRS,n,2,292.41,0.92,N,0
17.80284,104.39721,304.92,0.39,0.36,2025-02-28,1842,N,VIIRS,n,2,291.98,1.9,N,0
17.81614,104.39956,302.58,0.39,0.36,2025-02-28,1842,N,VIIRS,n,2,291.26,1.8,N,0
17.81638,104.37706,323,0.39,0.36,2025-02-28,1842,N,VIIRS,n,2,291.82,1.41,N,0
17.81673,104.3959,332.01,0.39,0.36,2025-02-28,1842,N,VIIRS,n,2,292.96,1.8,N,0
17.8197,104.37764,308.9,0.39,0.36,2025-02-28,1842,N,VIIRS,n,2,291.62,1.41,N,0
17.85021,104.37926,318.74,0.39,0.36,2025-02-28,1842,N,VIIRS,n,2,292.3,1.84,N,0
17.89744,101.11261,305.84,0.43,0.38,2025-02-28,1842,N,VIIRS,n,2,291.22,0.78,N,0
17.97079,103.49605,301.63,0.38,0.36,2025-02-28,1842,N,VIIRS,n,2,290.78,0.35,N,0
17.99015,104.29158,306.81,0.39,0.36,2025-02-28,1842,N,VIIRS,n,2,293.31,1.53,N,0
18.00811,104.26484,318.36,0.39,0.36,2025-02-28,1842,N,VIIRS,n,2,292.59,1.28,N,0
18.00869,104.26121,308.78,0.39,0.36,2025-02-28,1842,N,VIIRS,n,2,292.78,1.57,N,0
18.04613,104.85908,302.68,0.4,0.37,2025-02-28,1842,N,VIIRS,n,2,291.37,0.64,N,0
18.07014,101.91144,302.69,0.4,0.37,2025-02-28,1842,N,VIIRS,n,2,291.69,0.58,N,0
18.25898,103.55985,300.88,0.38,0.36,2025-02-28,1842,N,VIIRS,n,2,283.17,0.4,N,0
18.3264,103.23701,298.29,0.39,0.36,2025-02-28,1842,N,VIIRS,n,2,276.65,0.43,N,0
18.42645,103.20135,296.28,0.39,0.36,2025-02-28,1842,N,VIIRS,n,2,277.09,0.41,N,0
18.42901,102.38464,304.03,0.4,0.37,2025-02-28,1842,N,VIIRS,n,2,292.07,0.61,N,0
18.43237,102.38521,308.09,0.4,0.37,2025-02-28,1842,N,VIIRS,n,2,292.18,0.65,N,0
18.56145,103.65959,295.21,0.38,0.36,2025-02-28,1842,N,VIIRS,n,2,273.08,0.47,N,0
18.70229,100.0974,305.75,0.48,0.4,2025-02-28,1842,N,VIIRS,n,2,292.5,1.46,N,0
18.82499,100.26053,305.9,0.47,0.4,2025-02-28,1842,N,VIIRS,n,2,293.04,2.68,N,0
18.86106,100.3466,313.67,0.47,0.4,2025-02-28,1842,N,VIIRS,n,2,293.25,2.99,N,0
18.86173,100.34174,305.35,0.47,0.4,2025-02-28,1842,N,VIIRS,n,2,293.16,3.15,N,0
18.97126,100.33009,315.24,0.47,0.4,2025-02-28,1842,N,VIIRS,n,2,291.65,1.19,N,0
18.97491,100.33067,303.23,0.47,0.4,2025-02-28,1842,N,VIIRS,n,2,291.14,1.19,N,0
19.08989,101.58375,302.36,0.42,0.38,2025-02-28,1842,N,VIIRS,n,2,292.16,0.61,N,0
19.12699,100.57669,300.48,0.46,0.39,2025-02-28,1842,N,VIIRS,n,2,288.84,0.93,N,0
19.19103,100.51372,304.12,0.46,0.39,2025-02-28,1842,N,VIIRS,n,2,290.34,2.01,N,0
19.20835,101.61038,307.44,0.42,0.38,2025-02-28,1842,N,VIIRS,n,2,292.73,1.03,N,0
19.22152,100.45454,303.24,0.47,0.39,2025-02-28,1842,N,VIIRS,n,2,291.5,0.49,N,0
19.23656,101.61076,305.41,0.42,0.38,2025-02-28,1842,N,VIIRS,n,2,292.14,0.84,N,0
19.23713,101.60679,313.99,0.42,0.38,2025-02-28,1842,N,VIIRS,n,2,292.88,0.84,N,0
19.23944,101.61527,306.72,0.42,0.38,2025-02-28,1842,N,VIIRS,n,2,292.64,1.04,N,0
19.24001,101.61135,306.29,0.42,0.38,2025-02-28,1842,N,VIIRS,n,2,293.12,0.84,N,0
19.24058,101.6074,303.17,0.42,0.38,2025-02-28,1842,N,VIIRS,n,2,292.75,0.84,N,0
19.24233,101.61969,311.28,0.42,0.38,2025-02-28,1842,N,VIIRS,n,2,291.96,1.59,N,0
19.27676,101.67405,304,0.42,0.38,2025-02-28,1842,N,VIIRS,n,2,291.74,0.53,N,0
19.27757,100.1755,302.66,0.48,0.4,2025-02-28,1842,N,VIIRS,n,2,291.27,1.01,N,0
19.27818,100.17096,307.94,0.48,0.4,2025-02-28,1842,N,VIIRS,n,2,292.37,1.01,N,0
19.2795,100.17361,310.42,0.48,0.4,2025-02-28,1842,N,VIIRS,n,2,292.09,1.2,N,0
19.33227,101.71851,309.7,0.42,0.37,2025-02-28,1842,N,VIIRS,n,2,292.79,1.02,N,0
19.33571,101.7191,302.7,0.42,0.37,2025-02-28,1842,N,VIIRS,n,2,292.6,0.38,N,0
19.33627,101.71526,304.83,0.42,0.37,2025-02-28,1842,N,VIIRS,n,2,292.68,0.92,N,0
19.33862,101.65045,304.24,0.42,0.38,2025-02-28,1842,N,VIIRS,n,2,291.92,0.62,N,0
19.40547,102.10091,302.1,0.41,0.37,2025-02-28,1842,N,VIIRS,n,2,287.18,0.49,N,0
19.53363,101.96361,307.11,0.41,0.37,2025-02-28,1842,N,VIIRS,n,2,293.25,1.14,N,0
19.53387,102.59805,316.77,0.4,0.37,2025-02-28,1842,N,VIIRS,n,2,290.92,1.05,N,0
19.60245,100.60225,305.66,0.46,0.39,2025-02-28,1842,N,VIIRS,n,2,291.47,0.88,N,0
19.60305,100.59796,313.23,0.46,0.39,2025-02-28,1842,N,VIIRS,n,2,292.61,1.76,N,0
19.64508,100.64085,304.78,0.46,0.39,2025-02-28,1842,N,VIIRS,n,2,293.34,0.91,N,0
19.64593,100.63846,304.88,0.46,0.39,2025-02-28,1842,N,VIIRS,n,2,293.35,0.7,N,0
19.68939,100.64452,302.23,0.46,0.39,2025-02-28,1842,N,VIIRS,n,2,291.46,1.13,N,0
19.82598,100.73096,309.15,0.46,0.39,2025-02-28,1842,N,VIIRS,n,2,291.84,1.41,N,0
19.84799,102.1274,314.89,0.41,0.37,2025-02-28,1842,N,VIIRS,n,2,294.19,0.91,N,0
19.85186,102.17193,303.16,0.41,0.37,2025-02-28,1842,N,VIIRS,n,2,292.17,0.66,N,0
19.96967,102.22501,306.87,0.41,0.37,2025-02-28,1842,N,VIIRS,n,2,292.54,0.46,N,0
19.98611,102.23166,306.21,0.41,0.37,2025-02-28,1842,N,VIIRS,n,2,292.73,1.19,N,0
19.98952,102.2322,312.42,0.41,0.37,2025-02-28,1842,N,VIIRS,n,2,293.42,1.13,N,0
19.99744,102.22565,303.74,0.41,0.37,2025-02-28,1842,N,VIIRS,n,2,292.56,0.61,N,0
20.30999,102.49255,301.46,0.4,0.37,2025-02-28,1842,N,VIIRS,n,2,291.36,0.42,N,0
20.33401,102.54057,320.91,0.4,0.37,2025-02-28,1842,N,VIIRS,n,2,293.49,1.81,N,0
20.56179,101.9844,299.98,0.42,0.38,2025-02-28,1842,N,VIIRS,n,2,289.35,0.6,N,0
20.56208,101.72561,302.26,0.43,0.38,2025-02-28,1842,N,VIIRS,n,2,289.45,0.62,N,0
20.60277,101.5953,305.16,0.43,0.38,2025-02-28,1842,N,VIIRS,n,2,288.02,0.54,N,0
13.91663,106.95871,315.18,0.53,0.42,2025-02-28,1843,N,VIIRS,n,2,291.78,1.2,N,0
13.91748,106.95388,304.71,0.53,0.42,2025-02-28,1843,N,VIIRS,n,2,291.42,1.42,N,0
13.93438,101.7882,305.95,0.39,0.36,2025-02-28,1843,N,VIIRS,n,2,292.43,1.01,N,0
13.93722,105.14153,305.04,0.43,0.38,2025-02-28,1843,N,VIIRS,n,2,291.97,0.86,N,0
13.94591,105.99847,306.66,0.47,0.4,2025-02-28,1843,N,VIIRS,n,2,292.49,1.1,N,0
13.95088,106.87601,304.54,0.52,0.42,2025-02-28,1843,N,VIIRS,n,2,291.66,0.4,N,0
13.95658,101.77708,303.4,0.39,0.36,2025-02-28,1843,N,VIIRS,n,2,292.32,0.73,N,0
13.96333,106.13658,305.09,0.48,0.4,2025-02-28,1843,N,VIIRS,n,2,290.52,0.73,N,0
13.97379,101.66567,313.98,0.39,0.36,2025-02-28,1843,N,VIIRS,n,2,292.83,1.39,N,0
13.98809,105.99267,310.31,0.47,0.4,2025-02-28,1843,N,VIIRS,n,2,292.19,1.47,N,0
13.98883,105.98836,322.21,0.47,0.4,2025-02-28,1843,N,VIIRS,n,2,292.83,2.14,N,0
13.99701,107.27839,304.68,0.55,0.43,2025-02-28,1843,N,VIIRS,n,2,291.38,0.81,N,0
14.00876,106.36784,309.25,0.49,0.4,2025-02-28,1843,N,VIIRS,n,2,291.85,1.42,N,0
14.02375,106.50194,310.65,0.5,0.41,2025-02-28,1843,N,VIIRS,n,2,292.32,1.05,N,0
14.06057,105.37595,322.91,0.44,0.38,2025-02-28,1843,N,VIIRS,n,2,293.38,4.78,N,0
14.06401,107.26193,320.14,0.55,0.42,2025-02-28,1843,N,VIIRS,n,2,291.72,2.9,N,0
14.06779,106.56443,305.32,0.5,0.41,2025-02-28,1843,N,VIIRS,n,2,291.84,0.74,N,0
14.06788,101.19605,309.9,0.4,0.37,2025-02-28,1843,N,VIIRS,n,2,292.57,1.62,N,0
14.0686,106.55981,303.69,0.5,0.41,2025-02-28,1843,N,VIIRS,n,2,291.61,1.45,N,0
14.07397,105.38251,319.82,0.44,0.38,2025-02-28,1843,N,VIIRS,n,2,293.3,4.21,N,0
14.08538,101.24035,306.21,0.4,0.37,2025-02-28,1843,N,VIIRS,n,2,292.68,0.82,N,0
14.11156,106.53443,312.48,0.5,0.41,2025-02-28,1843,N,VIIRS,n,2,291.41,2.46,N,0
14.11236,106.52985,332.46,0.5,0.41,2025-02-28,1843,N,VIIRS,n,2,292.15,5.51,N,0
14.15258,100.39584,329.77,0.42,0.38,2025-02-28,1843,N,VIIRS,n,2,292.78,1.88,N,0
14.20541,106.14462,316.46,0.48,0.4,2025-02-28,1843,N,VIIRS,n,2,292.13,1.33,N,0
14.28768,107.4749,313.85,0.56,0.43,2025-02-28,1843,N,VIIRS,n,2,290.77,1.59,N,0
14.36916,105.73238,316.64,0.45,0.39,2025-02-28,1843,N,VIIRS,n,2,286.44,1.78,N,0
14.40273,103.0563,305.09,0.38,0.36,2025-02-28,1843,N,VIIRS,n,2,289.9,0.62,N,0
14.43242,103.66999,318.76,0.39,0.36,2025-02-28,1843,N,VIIRS,n,2,292.76,1.71,N,0
14.43575,103.67055,318.08,0.39,0.36,2025-02-28,1843,N,VIIRS,n,2,292.85,1.71,N,0
14.50849,102.03497,304.55,0.39,0.36,2025-02-28,1843,N,VIIRS,n,2,292.76,0.74,N,0
14.55247,101.49075,303.01,0.4,0.37,2025-02-28,1843,N,VIIRS,n,2,290.5,0.24,N,0
14.56784,100.76584,308.6,0.41,0.37,2025-02-28,1843,N,VIIRS,n,2,293.23,1.3,N,2
14.59837,100.53353,307.68,0.42,0.38,2025-02-28,1843,N,VIIRS,n,2,292.17,0.6,N,0
14.61146,101.87097,329.26,0.39,0.36,2025-02-28,1843,N,VIIRS,n,2,292.92,2.05,N,0
14.61201,101.86737,322.54,0.39,0.36,2025-02-28,1843,N,VIIRS,n,2,292.76,2.58,N,0
14.62087,100.54903,304.82,0.42,0.38,2025-02-28,1843,N,VIIRS,n,2,291.72,1.47,N,0
14.62806,106.61838,306.52,0.5,0.41,2025-02-28,1843,N,VIIRS,n,2,292.59,0.84,N,0
14.62968,101.10032,310.66,0.4,0.37,2025-02-28,1843,N,VIIRS,n,2,293.61,1.11,N,2
14.63303,101.0779,322.06,0.41,0.37,2025-02-28,1843,N,VIIRS,n,2,294.71,2.18,N,2
14.64884,101.04173,311.91,0.41,0.37,2025-02-28,1843,N,VIIRS,n,2,293.46,1.59,N,2
14.64941,101.03795,309.58,0.41,0.37,2025-02-28,1843,N,VIIRS,n,2,293.55,2.02,N,2
14.6506,106.84441,305.7,0.51,0.41,2025-02-28,1843,N,VIIRS,n,2,292.12,1.66,N,0
14.65089,106.84236,305.58,0.51,0.41,2025-02-28,1843,N,VIIRS,n,2,292.09,1.34,N,0
14.6584,106.84389,303.65,0.51,0.41,2025-02-28,1843,N,VIIRS,n,2,291.74,1.19,N,0
14.67034,101.88791,305.4,0.39,0.36,2025-02-28,1843,N,VIIRS,n,2,291.84,0.46,N,0
14.67401,100.80128,318.21,0.41,0.37,2025-02-28,1843,N,VIIRS,n,2,286.72,1.67,N,2
14.74589,101.96613,305.3,0.39,0.36,2025-02-28,1843,N,VIIRS,n,2,292.5,0.46,N,0
14.74918,101.16521,307.02,0.4,0.37,2025-02-28,1843,N,VIIRS,n,2,292.41,0.47,N,0
14.77917,102.49538,325.05,0.38,0.36,2025-02-28,1843,N,VIIRS,n,2,292.05,2.49,N,0
14.79106,107.28565,303.18,0.54,0.42,2025-02-28,1843,N,VIIRS,n,2,290.74,0.74,N,0
14.79192,107.28069,303.25,0.54,0.42,2025-02-28,1843,N,VIIRS,n,2,290.87,0.74,N,0
14.79294,107.28294,306.17,0.54,0.42,2025-02-28,1843,N,VIIRS,n,2,290.97,1.5,N,0
14.81575,107.14363,310.17,0.53,0.42,2025-02-28,1843,N,VIIRS,n,2,291.94,0.84,N,0
14.81851,107.14133,320.73,0.53,0.42,2025-02-28,1843,N,VIIRS,n,2,292.38,3.02,N,0
14.81957,107.14436,303.78,0.53,0.42,2025-02-28,1843,N,VIIRS,n,2,291.7,0.84,N,0
14.82133,106.26324,306.36,0.47,0.4,2025-02-28,1843,N,VIIRS,n,2,290.85,0.7,N,0
14.82433,106.24586,307.59,0.47,0.4,2025-02-28,1843,N,VIIRS,n,2,291.41,1.15,N,0
14.82797,106.24651,312.31,0.47,0.4,2025-02-28,1843,N,VIIRS,n,2,292.03,1.15,N,0
14.87526,107.22198,303.79,0.53,0.42,2025-02-28,1843,N,VIIRS,n,2,291.71,1.3,N,0
14.87561,106.29347,304.29,0.47,0.4,2025-02-28,1843,N,VIIRS,n,2,290.75,0.71,N,0
14.8826,101.60152,304.41,0.39,0.37,2025-02-28,1843,N,VIIRS,n,2,292.69,0.41,N,0
14.8864,107.20365,304.33,0.53,0.42,2025-02-28,1843,N,VIIRS,n,2,291.86,1,N,0
14.88857,107.12401,314.52,0.52,0.42,2025-02-28,1843,N,VIIRS,n,2,292.39,2.01,N,0
14.8894,107.11928,313.85,0.52,0.42,2025-02-28,1843,N,VIIRS,n,2,292.63,2.6,N,0
14.89025,107.20421,312.76,0.53,0.42,2025-02-28,1843,N,VIIRS,n,2,292.27,1.48,N,0
14.90468,107.12185,304.01,0.52,0.42,2025-02-28,1843,N,VIIRS,n,2,292.23,0.92,N,0
14.90841,102.05143,329.52,0.39,0.36,2025-02-28,1843,N,VIIRS,n,2,293,1.97,N,0
14.90849,107.12255,304.01,0.52,0.42,2025-02-28,1843,N,VIIRS,n,2,292.27,0.92,N,0
14.91186,106.06439,298.08,0.46,0.39,2025-02-28,1843,N,VIIRS,n,2,274.77,0.58,N,0
14.91779,105.76384,306.2,0.45,0.39,2025-02-28,1843,N,VIIRS,n,2,291.3,1.29,N,0
14.92166,106.55142,300.28,0.49,0.4,2025-02-28,1843,N,VIIRS,n,2,287.92,0.78,N,0
14.92195,105.73933,304.38,0.45,0.39,2025-02-28,1843,N,VIIRS,n,2,291.03,0.24,N,0
14.92424,106.54977,309.89,0.49,0.4,2025-02-28,1843,N,VIIRS,n,2,288.98,1.88,N,0
14.92534,106.55211,309.11,0.49,0.4,2025-02-28,1843,N,VIIRS,n,2,289.41,2.2,N,0
14.92584,106.1769,318.76,0.47,0.4,2025-02-28,1843,N,VIIRS,n,2,292.8,2.37,N,0
14.92713,106.55496,301.14,0.49,0.4,2025-02-28,1843,N,VIIRS,n,2,288.83,1.12,N,0
14.92723,105.77282,302.1,0.45,0.39,2025-02-28,1843,N,VIIRS,n,2,289.1,0.62,N,0
14.93082,105.77318,301.21,0.45,0.39,2025-02-28,1843,N,VIIRS,n,2,288,0.62,N,0
14.93454,106.16972,305.71,0.47,0.4,2025-02-28,1843,N,VIIRS,n,2,288.39,1.01,N,0
14.95567,101.23077,305.78,0.4,0.37,2025-02-28,1843,N,VIIRS,n,2,288.24,0.82,N,0
14.95623,101.22701,307.42,0.4,0.37,2025-02-28,1843,N,VIIRS,n,2,289.43,0.82,N,0
14.95954,101.15836,305.27,0.4,0.37,2025-02-28,1843,N,VIIRS,n,2,285.74,0.57,N,0
14.98013,106.84469,303.56,0.5,0.41,2025-02-28,1843,N,VIIRS,n,2,291.7,0.71,N,0
14.98047,106.84243,304.06,0.5,0.41,2025-02-28,1843,N,VIIRS,n,2,292.16,1.8,N,0
14.99859,105.83942,313.62,0.45,0.39,2025-02-28,1843,N,VIIRS,n,2,292.62,2.33,N,0
15.00047,101.7849,305.8,0.39,0.36,2025-02-28,1843,N,VIIRS,n,2,292.69,0.37,N,0
15.01129,105.50951,306.61,0.44,0.38,2025-02-28,1843,N,VIIRS,n,2,291.65,1.17,N,0
15.01385,105.72846,304.71,0.45,0.39,2025-02-28,1843,N,VIIRS,n,2,293.39,1.53,N,0
15.01453,105.72447,305.99,0.45,0.39,2025-02-28,1843,N,VIIRS,n,2,293.39,0.86,N,0
15.02125,100.97855,304.36,0.41,0.37,2025-02-28,1843,N,VIIRS,n,2,289.38,0.81,N,0
15.05119,101.76705,316.75,0.39,0.36,2025-02-28,1843,N,VIIRS,n,2,292.66,1.5,N,0
15.06794,101.29443,312.24,0.4,0.37,2025-02-28,1843,N,VIIRS,n,2,286.26,1.09,N,0
15.07814,100.89738,311.06,0.41,0.37,2025-02-28,1843,N,VIIRS,n,2,290.59,1.08,N,0
15.07889,100.89787,312.39,0.41,0.37,2025-02-28,1843,N,VIIRS,n,2,290.65,1.2,N,0
15.10229,106.12926,304.5,0.46,0.39,2025-02-28,1843,N,VIIRS,n,2,286.04,0.91,N,0
15.10252,106.13177,299.1,0.46,0.39,2025-02-28,1843,N,VIIRS,n,2,286.37,0.6,N,0
15.10853,101.39225,309.19,0.4,0.37,2025-02-28,1843,N,VIIRS,n,2,292.15,0.89,N,0
15.1119,101.39279,307.69,0.4,0.37,2025-02-28,1843,N,VIIRS,n,2,290.94,0.89,N,0
15.12841,105.86653,308.62,0.45,0.39,2025-02-28,1843,N,VIIRS,n,2,293.14,1.47,N,0
15.1343,101.25065,311.92,0.4,0.37,2025-02-28,1843,N,VIIRS,n,2,289.38,1.49,N,0
15.14783,100.85332,329.6,0.41,0.37,2025-02-28,1843,N,VIIRS,n,2,289.22,2.46,N,0
15.15447,101.16156,305.88,0.41,0.37,2025-02-28,1843,N,VIIRS,n,2,276.15,0.83,N,0
15.15503,101.15778,306.57,0.41,0.37,2025-02-28,1843,N,VIIRS,n,2,282.93,0.83,N,0
15.15787,101.16209,303.15,0.41,0.37,2025-02-28,1843,N,VIIRS,n,2,278.19,0.83,N,0
15.15951,101.12754,314.92,0.41,0.37,2025-02-28,1843,N,VIIRS,n,2,286.49,1.01,N,0
15.19717,100.78211,310.29,0.42,0.37,2025-02-28,1843,N,VIIRS,n,2,292.89,2.37,N,0
15.21966,101.7223,307.38,0.39,0.36,2025-02-28,1843,N,VIIRS,n,2,292.85,1.19,N,0
15.23399,102.29131,306.26,0.39,0.36,2025-02-28,1843,N,VIIRS,n,2,292.6,0.55,N,0
15.24736,101.37891,326.68,0.4,0.37,2025-02-28,1843,N,VIIRS,n,2,291.81,2.78,N,0
15.25074,101.37946,325.93,0.4,0.37,2025-02-28,1843,N,VIIRS,n,2,292.08,2.9,N,0
15.2513,101.37573,329.35,0.4,0.37,2025-02-28,1843,N,VIIRS,n,2,291.64,3.51,N,0
15.30115,102.31358,315.7,0.39,0.36,2025-02-28,1843,N,VIIRS,n,2,291.96,1.05,N,0
15.3125,100.68799,307.78,0.42,0.38,2025-02-28,1843,N,VIIRS,n,2,292.78,2.08,N,0
15.31308,100.68407,325,0.42,0.38,2025-02-28,1843,N,VIIRS,n,2,293.18,3.83,N,0
15.31613,105.56982,309.22,0.44,0.38,2025-02-28,1843,N,VIIRS,n,2,293.04,2.45,N,0
15.33143,101.21199,302.25,0.41,0.37,2025-02-28,1843,N,VIIRS,n,2,278.32,0.36,N,0
15.34147,106.84202,303.86,0.5,0.41,2025-02-28,1843,N,VIIRS,n,2,291.1,0.75,N,0
15.34518,106.84278,303.71,0.5,0.41,2025-02-28,1843,N,VIIRS,n,2,291.2,0.75,N,0
15.34888,106.84363,303.6,0.5,0.41,2025-02-28,1843,N,VIIRS,n,2,291.04,1.01,N,0
15.35632,100.64172,333.56,0.42,0.38,2025-02-28,1843,N,VIIRS,n,2,293.82,2.48,N,0
15.35689,100.63782,305.95,0.42,0.38,2025-02-28,1843,N,VIIRS,n,2,293.28,2.48,N,0
15.35925,101.143,317.32,0.41,0.37,2025-02-28,1843,N,VIIRS,n,2,285.31,1.43,N,0
15.35979,100.64223,346.78,0.42,0.38,2025-02-28,1843,N,VIIRS,n,2,294.94,4.75,N,0
15.35982,101.13921,305.58,0.41,0.37,2025-02-28,1843,N,VIIRS,n,2,286.1,1.89,N,0
15.36269,100.64667,306.53,0.42,0.38,2025-02-28,1843,N,VIIRS,n,2,293.33,1.66,N,0
15.36383,100.63882,313.89,0.42,0.38,2025-02-28,1843,N,VIIRS,n,2,293.18,4.75,N,0
15.3673,100.63935,318.96,0.42,0.38,2025-02-28,1843,N,VIIRS,n,2,293.18,2.37,N,0
15.39294,101.77991,318.95,0.39,0.36,2025-02-28,1843,N,VIIRS,n,2,293.25,1.6,N,0
15.39349,101.77625,310.54,0.39,0.36,2025-02-28,1843,N,VIIRS,n,2,292.35,1.81,N,0
15.41544,106.7478,302.79,0.49,0.4,2025-02-28,1843,N,VIIRS,n,2,291.43,0.69,N,0
15.41669,103.62152,295.17,0.39,0.36,2025-02-28,1843,N,VIIRS,n,2,280.85,0.39,N,0
15.41726,103.61794,302.22,0.39,0.36,2025-02-28,1843,N,VIIRS,n,2,275.52,1.06,N,0
15.41759,105.56722,319.41,0.44,0.38,2025-02-28,1843,N,VIIRS,n,2,293.75,1.64,N,0
15.41795,105.56596,315.5,0.43,0.38,2025-02-28,1843,N,VIIRS,n,2,293.25,2.57,N,0
15.42112,105.56769,310.05,0.44,0.38,2025-02-28,1843,N,VIIRS,n,2,293.47,1.64,N,0
15.42673,102.57619,307.5,0.39,0.36,2025-02-28,1843,N,VIIRS,n,2,292.78,0.76,N,0
15.43427,101.8689,334.69,0.39,0.36,2025-02-28,1843,N,VIIRS,n,2,290.31,3.66,N,0
15.43563,102.51901,309.98,0.39,0.36,2025-02-28,1843,N,VIIRS,n,2,292.93,1.24,N,0
15.43588,100.76514,305.37,0.42,0.38,2025-02-28,1843,N,VIIRS,n,2,292.34,1.2,N,0
15.43662,105.09132,305.7,0.42,0.38,2025-02-28,1843,N,VIIRS,n,2,288.83,0.64,N,0
15.44015,101.23254,299.24,0.41,0.37,2025-02-28,1843,N,VIIRS,n,2,273.53,0.5,N,0
15.44073,101.04226,310.02,0.41,0.37,2025-02-28,1843,N,VIIRS,n,2,288.39,1.29,N,0
15.4413,101.03844,314.97,0.41,0.37,2025-02-28,1843,N,VIIRS,n,2,289.63,1.29,N,0
15.44456,104.19943,297.72,0.4,0.37,2025-02-28,1843,N,VIIRS,n,2,277.89,0.7,N,0
15.44472,101.03898,310.82,0.41,0.37,2025-02-28,1843,N,VIIRS,n,2,289.85,1.61,N,0
15.4538,101.80848,313.33,0.39,0.36,2025-02-28,1843,N,VIIRS,n,2,288.05,1.83,N,0
15.45436,101.80482,324.24,0.39,0.36,2025-02-28,1843,N,VIIRS,n,2,287.06,1.83,N,0
15.47112,101.95649,303.56,0.39,0.36,2025-02-28,1843,N,VIIRS,n,2,293.12,0.45,N,0
15.47544,107.26718,297.3,0.52,0.42,2025-02-28,1843,N,VIIRS,n,2,284.93,0.58,N,0
15.47779,101.83106,306.33,0.39,0.36,2025-02-28,1843,N,VIIRS,n,2,290.96,0.63,N,0
15.48489,101.21246,298.09,0.41,0.37,2025-02-28,1843,N,VIIRS,n,2,259.94,0.5,N,0
15.49448,104.44321,301.85,0.4,0.37,2025-02-28,1843,N,VIIRS,n,2,280.33,0.95,N,0
15.49509,104.43949,304.67,0.4,0.37,2025-02-28,1843,N,VIIRS,n,2,268.77,1.29,N,0
15.52958,102.25835,342.84,0.39,0.36,2025-02-28,1843,N,VIIRS,n,2,294.9,2.45,N,0
15.53291,102.2589,303.1,0.39,0.36,2025-02-28,1843,N,VIIRS,n,2,292.92,2.45,N,0
15.53474,101.3439,300.15,0.4,0.37,2025-02-28,1843,N,VIIRS,n,2,278.53,0.53,N,0
15.53491,104.54224,319.83,0.4,0.37,2025-02-28,1843,N,VIIRS,n,2,288.4,1.53,N,0
15.53828,104.54283,310.43,0.4,0.37,2025-02-28,1843,N,VIIRS,n,2,288.1,0.84,N,0
15.54038,106.04011,305.27,0.45,0.39,2025-02-28,1843,N,VIIRS,n,2,290.76,0.84,N,0
15.54602,106.6848,298.8,0.49,0.4,2025-02-28,1843,N,VIIRS,n,2,282.65,1.22,N,0
15.56134,101.88157,304.35,0.39,0.36,2025-02-28,1843,N,VIIRS,n,2,292.34,0.51,N,0
15.57856,106.08433,312.03,0.46,0.39,2025-02-28,1843,N,VIIRS,n,2,290.93,1.37,N,0
15.59925,101.80099,318.71,0.39,0.37,2025-02-28,1843,N,VIIRS,n,2,293.33,1.14,N,0
15.60175,105.31553,307.5,0.42,0.38,2025-02-28,1843,N,VIIRS,n,2,292.54,0.78,N,0
15.6614,105.45501,307.35,0.43,0.38,2025-02-28,1843,N,VIIRS,n,2,291.46,1.09,N,0
15.66672,106.62983,316.57,0.48,0.4,2025-02-28,1843,N,VIIRS,n,2,290.71,2.01,N,0
15.66764,106.63242,309.22,0.48,0.4,2025-02-28,1843,N,VIIRS,n,2,289.25,1.43,N,0
15.67302,106.21044,304.15,0.46,0.39,2025-02-28,1843,N,VIIRS,n,2,291.08,0.61,N,0
15.67359,102.38134,304.5,0.39,0.36,2025-02-28,1843,N,VIIRS,n,2,292.59,0.51,N,0
15.67371,106.03639,304.68,0.45,0.39,2025-02-28,1843,N,VIIRS,n,2,292.03,0.78,N,0
15.68035,101.21098,301.26,0.41,0.37,2025-02-28,1843,N,VIIRS,n,2,285.63,0.39,N,0
15.68101,101.20809,304.34,0.41,0.37,2025-02-28,1843,N,VIIRS,n,2,285.43,0.5,N,0
15.68494,105.44295,315.24,0.43,0.38,2025-02-28,1843,N,VIIRS,n,2,292.77,2.14,N,0
15.68643,106.64687,306.8,0.48,0.4,2025-02-28,1843,N,VIIRS,n,2,290.73,2.92,N,0
15.69251,101.47937,306.11,0.4,0.37,2025-02-28,1843,N,VIIRS,n,2,291.57,0.93,N,0
15.69974,106.1628,319.6,0.46,0.39,2025-02-28,1843,N,VIIRS,n,2,291.82,1.3,N,0
15.70012,102.40782,344.77,0.39,0.36,2025-02-28,1843,N,VIIRS,n,2,293.56,5.32,N,0
15.70046,106.15859,303.05,0.46,0.39,2025-02-28,1843,N,VIIRS,n,2,291.21,1.05,N,0
15.71304,102.19202,304.05,0.39,0.36,2025-02-28,1843,N,VIIRS,n,2,293.1,0.62,N,0
15.72444,101.66634,314.4,0.4,0.37,2025-02-28,1843,N,VIIRS,n,2,293.26,1.38,N,0
15.73024,101.45873,329.71,0.4,0.37,2025-02-28,1843,N,VIIRS,n,2,289.67,1.91,N,0
15.73081,101.45499,312.29,0.4,0.37,2025-02-28,1843,N,VIIRS,n,2,289.68,1.91,N,0
15.73365,102.03565,304.66,0.39,0.36,2025-02-28,1843,N,VIIRS,n,2,291.27,0.68,N,0
15.73421,101.94242,309.07,0.39,0.36,2025-02-28,1843,N,VIIRS,n,2,291.36,0.24,N,0
15.75194,101.68964,311.66,0.4,0.37,2025-02-28,1843,N,VIIRS,n,2,290.82,0.91,N,0
15.75476,101.71661,311.08,0.4,0.37,2025-02-28,1843,N,VIIRS,n,2,291.75,0.64,N,0
15.75532,101.71291,306.27,0.4,0.37,2025-02-28,1843,N,VIIRS,n,2,292.15,1.47,N,0
15.76037,100.95317,309.09,0.42,0.37,2025-02-28,1843,N,VIIRS,n,2,277.75,0.57,N,0
15.7613,102.13637,304.83,0.39,0.36,2025-02-28,1843,N,VIIRS,n,2,291.82,0.31,N,0
15.76462,102.11462,307.29,0.39,0.36,2025-02-28,1843,N,VIIRS,n,2,291.22,0.27,N,0
15.77834,106.00372,307.98,0.45,0.39,2025-02-28,1843,N,VIIRS,n,2,291.23,2.03,N,0
15.78237,102.06542,306.05,0.39,0.36,2025-02-28,1843,N,VIIRS,n,2,290.37,0.44,N,0
15.78881,105.92001,305.53,0.45,0.39,2025-02-28,1843,N,VIIRS,n,2,291.51,0.94,N,0
15.79169,105.91843,313.91,0.45,0.39,2025-02-28,1843,N,VIIRS,n,2,293.79,3.36,N,0
15.79218,105.36855,305.03,0.42,0.38,2025-02-28,1843,N,VIIRS,n,2,291.18,0.66,N,0
15.7924,105.91435,313.57,0.45,0.39,2025-02-28,1843,N,VIIRS,n,2,293.35,1.56,N,0
15.79307,105.9315,306.05,0.45,0.39,2025-02-28,1843,N,VIIRS,n,2,292.67,1.83,N,0
15.79312,105.91604,321.67,0.45,0.39,2025-02-28,1843,N,VIIRS,n,2,294.04,2.06,N,0
15.79385,105.93337,310.14,0.45,0.39,2025-02-28,1843,N,VIIRS,n,2,292.94,2.4,N,0
15.79423,106.05152,311.68,0.45,0.39,2025-02-28,1843,N,VIIRS,n,2,293.6,2.27,N,0
15.79462,102.25307,306.55,0.39,0.36,2025-02-28,1843,N,VIIRS,n,2,292.43,0.5,N,0
15.79601,105.9146,306.13,0.45,0.39,2025-02-28,1843,N,VIIRS,n,2,293.79,1.56,N,0
15.79667,105.93185,311.08,0.45,0.39,2025-02-28,1843,N,VIIRS,n,2,293.44,1.58,N,0
15.79671,105.91631,306.69,0.45,0.39,2025-02-28,1843,N,VIIRS,n,2,293.37,2.06,N,0
15.79711,106.05611,309.96,0.45,0.39,2025-02-28,1843,N,VIIRS,n,2,293.46,1.86,N,0
15.79784,106.05188,309.05,0.45,0.39,2025-02-28,1843,N,VIIRS,n,2,293.92,1.86,N,0
15.79954,101.51117,303.95,0.4,0.37,2025-02-28,1843,N,VIIRS,n,2,288.4,3.15,N,0
15.79962,105.91483,306.14,0.45,0.39,2025-02-28,1843,N,VIIRS,n,2,293.07,1.53,N,0
15.80026,105.93223,313.63,0.45,0.39,2025-02-28,1843,N,VIIRS,n,2,293.15,1.58,N,0
15.80182,101.7015,322.97,0.4,0.37,2025-02-28,1843,N,VIIRS,n,2,291.99,1.73,N,0
15.80235,101.51547,344.74,0.4,0.37,2025-02-28,1843,N,VIIRS,n,2,291.89,3.15,N,0
15.80291,101.51174,326.95,0.4,0.37,2025-02-28,1843,N,VIIRS,n,2,290.4,3.15,N,0
15.80573,101.51603,332.49,0.4,0.37,2025-02-28,1843,N,VIIRS,n,2,291.62,5.9,N,0
15.80629,101.51231,350.14,0.4,0.37,2025-02-28,1843,N,VIIRS,n,2,292.04,5.9,N,0
15.81362,106.23846,307.33,0.46,0.39,2025-02-28,1843,N,VIIRS,n,2,293.81,1.8,N,0
15.82529,100.84802,306.17,0.42,0.38,2025-02-28,1843,N,VIIRS,n,2,292.81,1.3,N,0
15.82851,101.94231,324.23,0.39,0.36,2025-02-28,1843,N,VIIRS,n,2,292.56,1.99,N,0
15.83344,100.79317,319.13,0.42,0.38,2025-02-28,1843,N,VIIRS,n,2,291.51,2.62,N,0
15.8513,105.41971,303.98,0.43,0.38,2025-02-28,1843,N,VIIRS,n,2,291.6,0.55,N,0
15.86753,101.75308,303.05,0.4,0.37,2025-02-28,1843,N,VIIRS,n,2,290.4,0.66,N,0
15.88846,103.08443,302.52,0.38,0.36,2025-02-28,1843,N,VIIRS,n,2,292.23,0.75,N,0
15.88846,105.65053,309.3,0.43,0.38,2025-02-28,1843,N,VIIRS,n,2,293.63,1.55,N,0
15.89271,101.81376,303.07,0.4,0.37,2025-02-28,1843,N,VIIRS,n,2,291.51,0.55,N,0
15.89832,101.61784,303.95,0.4,0.37,2025-02-28,1843,N,VIIRS,n,2,291.41,0.57,N,0
15.89988,106.13403,307.84,0.45,0.39,2025-02-28,1843,N,VIIRS,n,2,291.46,1.68,N,0
15.93501,106.33852,312.39,0.46,0.39,2025-02-28,1843,N,VIIRS,n,2,291.41,1.27,N,0
15.93522,106.34093,309.34,0.46,0.39,2025-02-28,1843,N,VIIRS,n,2,291.98,1.47,N,0
15.94995,105.90694,303.9,0.44,0.39,2025-02-28,1843,N,VIIRS,n,2,292.1,1.35,N,0
15.95564,100.74696,298.51,0.42,0.38,2025-02-28,1843,N,VIIRS,n,2,271.49,0.49,N,0
15.95623,100.74301,299.75,0.42,0.38,2025-02-28,1843,N,VIIRS,n,2,274.2,0.49,N,0
15.96197,105.90041,307.64,0.44,0.39,2025-02-28,1843,N,VIIRS,n,2,292.8,1.59,N,0
15.9791,100.78982,314.94,0.42,0.38,2025-02-28,1843,N,VIIRS,n,2,273.91,2.02,N,0
15.98257,100.79036,321.27,0.42,0.38,2025-02-28,1843,N,VIIRS,n,2,274.81,2.02,N,0
15.99916,103.11397,307.03,0.38,0.36,2025-02-28,1843,N,VIIRS,n,2,291.18,0.63,N,0
16.00397,106.28703,303.49,0.46,0.39,2025-02-28,1843,N,VIIRS,n,2,292.43,1.35,N,0
16.01717,100.8923,320.17,0.42,0.38,2025-02-28,1843,N,VIIRS,n,2,292.13,2.73,N,0
16.01972,101.82706,316.75,0.4,0.37,2025-02-28,1843,N,VIIRS,n,2,291.84,1.46,N,0
16.02151,101.58819,315.01,0.4,0.37,2025-02-28,1843,N,VIIRS,n,2,289.75,1.18,N,0
16.03725,101.62129,305.61,0.4,0.37,2025-02-28,1843,N,VIIRS,n,2,283.2,0.72,N,0
16.0467,105.9323,304.11,0.44,0.39,2025-02-28,1843,N,VIIRS,n,2,292.08,1.02,N,0
16.04716,106.22914,303.97,0.46,0.39,2025-02-28,1843,N,VIIRS,n,2,292.6,1.27,N,0
16.04783,106.2252,303.12,0.46,0.39,2025-02-28,1843,N,VIIRS,n,2,292.26,1.12,N,0
16.05197,101.47817,315.66,0.4,0.37,2025-02-28,1843,N,VIIRS,n,2,293.41,1.21,N,0
16.05212,106.22172,307.24,0.46,0.39,2025-02-28,1843,N,VIIRS,n,2,292.24,2.01,N,0
16.05253,101.47443,306.41,0.4,0.37,2025-02-28,1843,N,VIIRS,n,2,292.99,1.21,N,0
16.05279,101.63827,306.05,0.4,0.37,2025-02-28,1843,N,VIIRS,n,2,283.5,0.94,N,0
16.05942,105.87935,305.52,0.44,0.38,2025-02-28,1843,N,VIIRS,n,2,292.37,1.28,N,0
16.06168,106.12235,304.59,0.45,0.39,2025-02-28,1843,N,VIIRS,n,2,292.75,1.24,N,0
16.06484,106.22316,303.69,0.46,0.39,2025-02-28,1843,N,VIIRS,n,2,291.68,0.66,N,0
16.07491,102.4986,303.08,0.39,0.36,2025-02-28,1843,N,VIIRS,n,2,291.99,0.36,N,0
16.08441,102.37083,305.64,0.39,0.36,2025-02-28,1843,N,VIIRS,n,2,291.65,0.53,N,0
16.08662,102.37859,304.82,0.39,0.36,2025-02-28,1843,N,VIIRS,n,2,291.96,0.48,N,0
16.08758,101.59052,333.5,0.4,0.37,2025-02-28,1843,N,VIIRS,n,2,292.36,3.39,N,0
16.09607,106.27704,303.95,0.46,0.39,2025-02-28,1843,N,VIIRS,n,2,290.64,0.97,N,0
16.10843,101.61294,323.52,0.4,0.37,2025-02-28,1843,N,VIIRS,n,2,288.54,1.93,N,0
16.10982,106.2403,305.11,0.46,0.39,2025-02-28,1843,N,VIIRS,n,2,291.65,0.59,N,0
16.14101,102.63798,304.88,0.39,0.36,2025-02-28,1843,N,VIIRS,n,2,291.13,0.85,N,0
16.14655,102.62418,323.69,0.39,0.36,2025-02-28,1843,N,VIIRS,n,2,293.36,1.8,N,0
16.18783,101.62154,304.18,0.4,0.37,2025-02-28,1843,N,VIIRS,n,2,291.59,0.76,N,0
16.18839,101.64094,325.44,0.4,0.37,2025-02-28,1843,N,VIIRS,n,2,293,2.75,N,0
16.18857,102.61643,303.93,0.39,0.36,2025-02-28,1843,N,VIIRS,n,2,292.02,0.35,N,0
16.18895,101.63716,310.33,0.4,0.37,2025-02-28,1843,N,VIIRS,n,2,293.45,1.23,N,0
16.18951,101.6334,310.39,0.4,0.37,2025-02-28,1843,N,VIIRS,n,2,293.21,1.23,N,0
16.19007,101.62963,306.02,0.4,0.37,2025-02-28,1843,N,VIIRS,n,2,293.09,1.29,N,0
16.19175,101.64158,329.47,0.4,0.37,2025-02-28,1843,N,VIIRS,n,2,294.04,2.04,N,0
16.19454,101.64603,314.78,0.4,0.37,2025-02-28,1843,N,VIIRS,n,2,292.31,2.04,N,0
16.1951,101.64223,317.47,0.4,0.37,2025-02-28,1843,N,VIIRS,n,2,293.48,2.04,N,0
16.1979,101.64669,305.92,0.4,0.37,2025-02-28,1843,N,VIIRS,n,2,291.91,1.91,N,0
16.19846,101.6429,314.62,0.4,0.37,2025-02-28,1843,N,VIIRS,n,2,292.71,1.91,N,0
16.19903,101.63911,309.5,0.4,0.37,2025-02-28,1843,N,VIIRS,n,2,293.03,3.05,N,0
16.20182,101.64356,341.81,0.4,0.37,2025-02-28,1843,N,VIIRS,n,2,293.23,1.91,N,0
16.20517,101.64426,332.24,0.4,0.37,2025-02-28,1843,N,VIIRS,n,2,293.54,2.86,N,0
16.20763,102.36093,313.97,0.39,0.36,2025-02-28,1843,N,VIIRS,n,2,291.07,1.53,N,0
16.20852,101.645,325.65,0.4,0.37,2025-02-28,1843,N,VIIRS,n,2,292.26,2.86,N,0
16.2091,101.64117,313.96,0.4,0.37,2025-02-28,1843,N,VIIRS,n,2,292.19,4.24,N,0
16.21096,102.36148,341.66,0.39,0.36,2025-02-28,1843,N,VIIRS,n,2,292.08,4.72,N,0
16.22176,103.03392,329.75,0.38,0.36,2025-02-28,1843,N,VIIRS,n,2,292.76,2.52,N,0
16.22232,103.03034,310.71,0.38,0.36,2025-02-28,1843,N,VIIRS,n,2,291.57,2.52,N,0
16.30214,106.00675,317.37,0.44,0.39,2025-02-28,1843,N,VIIRS,n,2,290.51,2.33,N,0
16.30497,106.01158,306.17,0.44,0.39,2025-02-28,1843,N,VIIRS,n,2,290.52,2.58,N,0
16.30567,106.00741,328.52,0.44,0.39,2025-02-28,1843,N,VIIRS,n,2,291.64,2.58,N,0
16.42594,102.81017,304.82,0.39,0.36,2025-02-28,1843,N,VIIRS,n,2,292.69,0.62,N,0
16.5332,102.29104,314.4,0.39,0.36,2025-02-28,1843,N,VIIRS,n,2,291.01,1,N,0
16.53597,103.63783,316.73,0.39,0.36,2025-02-28,1843,N,VIIRS,n,2,292.37,1.64,N,0
16.57353,103.29449,303.26,0.38,0.36,2025-02-28,1843,N,VIIRS,n,2,291.28,0.56,N,0
16.57684,103.29504,309.82,0.38,0.36,2025-02-28,1843,N,VIIRS,n,2,291.42,0.56,N,0
16.5792,103.70802,309.6,0.39,0.36,2025-02-28,1843,N,VIIRS,n,2,291.43,0.43,N,0
16.59843,102.70208,347.3,0.39,0.36,2025-02-28,1843,N,VIIRS,n,2,295.33,9.34,N,0
16.61949,103.6221,325.08,0.39,0.36,2025-02-28,1843,N,VIIRS,n,2,293.27,3.02,N,0
16.62007,103.61852,330.8,0.39,0.36,2025-02-28,1843,N,VIIRS,n,2,294.4,3.02,N,0
16.63438,103.08051,302,0.38,0.36,2025-02-28,1843,N,VIIRS,n,2,291.5,0.65,N,0
16.67274,102.65927,304.32,0.39,0.36,2025-02-28,1843,N,VIIRS,n,2,285.74,0.49,N,0
16.67844,103.10262,317.67,0.38,0.36,2025-02-28,1843,N,VIIRS,n,2,291.31,1.51,N,0
16.7202,103.00613,320.05,0.38,0.36,2025-02-28,1843,N,VIIRS,n,2,292.47,3.4,N,0
16.72035,102.93987,309.68,0.38,0.36,2025-02-28,1843,N,VIIRS,n,2,292.22,0.97,N,0
16.72351,103.00669,332.3,0.38,0.36,2025-02-28,1843,N,VIIRS,n,2,293.58,3.4,N,0
16.72943,102.40133,315.93,0.39,0.36,2025-02-28,1843,N,VIIRS,n,2,292.54,1.34,N,0
16.72984,102.87879,311.28,0.39,0.36,2025-02-28,1843,N,VIIRS,n,2,291.95,0.42,N,0
16.73105,102.14322,313.95,0.39,0.36,2025-02-28,1843,N,VIIRS,n,2,292.06,1.24,N,0
16.74162,103.04289,306.33,0.38,0.36,2025-02-28,1843,N,VIIRS,n,2,291.52,0.63,N,0
16.7443,103.06911,328.89,0.38,0.36,2025-02-28,1843,N,VIIRS,n,2,292.2,3.07,N,0
16.76389,103.16072,304.66,0.38,0.36,2025-02-28,1843,N,VIIRS,n,2,291.42,0.38,N,0
16.76465,103.09096,312.53,0.38,0.36,2025-02-28,1843,N,VIIRS,n,2,292.22,0.8,N,0
16.78067,102.10994,305.6,0.39,0.36,2025-02-28,1843,N,VIIRS,n,2,292.64,0.51,N,0
16.79344,101.37106,309.49,0.41,0.37,2025-02-28,1843,N,VIIRS,n,2,293,1.19,N,0
16.79686,101.37161,312.66,0.41,0.37,2025-02-28,1843,N,VIIRS,n,2,293.56,1.19,N,0
16.79693,102.73123,296.21,0.39,0.36,2025-02-28,1843,N,VIIRS,n,2,279,0.15,N,0
16.80429,101.36867,307.78,0.41,0.37,2025-02-28,1843,N,VIIRS,n,2,293.5,1.3,N,0
16.80635,102.71429,307.62,0.39,0.36,2025-02-28,1843,N,VIIRS,n,2,283.57,0.75,N,0
16.8083,101.36517,307.11,0.41,0.37,2025-02-28,1843,N,VIIRS,n,2,294,1.33,N,0
16.8089,101.36114,305.22,0.41,0.37,2025-02-28,1843,N,VIIRS,n,2,293.82,0.82,N,0
16.8167,102.80106,311.1,0.39,0.36,2025-02-28,1843,N,VIIRS,n,2,288.33,0.96,N,0
16.8175,102.13855,307.48,0.39,0.36,2025-02-28,1843,N,VIIRS,n,2,292.45,0.7,N,0
16.81838,102.79025,302.77,0.39,0.36,2025-02-28,1843,N,VIIRS,n,2,286.41,0.43,N,0
16.82084,102.1391,331.03,0.39,0.36,2025-02-28,1843,N,VIIRS,n,2,293.61,2.58,N,0
13.91089,105.28031,343.2,0.44,0.46,2025-03-01,551,N,VIIRS,n,2,302.05,7.04,D,0
13.91186,103.20135,344.71,0.6,0.53,2025-03-01,551,N,VIIRS,n,2,300.63,6.88,D,0
13.91239,106.24163,342.68,0.39,0.44,2025-03-01,551,N,VIIRS,n,2,298.85,3.57,D,0
13.91301,106.2452,341.34,0.39,0.44,2025-03-01,551,N,VIIRS,n,2,297.47,2.91,D,0
13.9144,105.27544,345.64,0.44,0.46,2025-03-01,551,N,VIIRS,n,2,302.83,7.65,D,0
13.91515,105.27953,340.02,0.44,0.46,2025-03-01,551,N,VIIRS,n,2,301.85,7.65,D,0
13.91717,104.81918,345.57,0.47,0.48,2025-03-01,551,N,VIIRS,n,2,298.3,6.57,D,0
13.91719,106.7345,348.97,0.54,0.42,2025-03-01,551,N,VIIRS,n,2,306.19,14.96,D,0
13.91759,104.45236,338.52,0.5,0.49,2025-03-01,551,N,VIIRS,n,2,298.16,6.52,D,0
13.92109,103.00509,334.04,0.62,0.54,2025-03-01,551,N,VIIRS,n,2,299.44,4.48,D,0
13.92112,105.4085,333.49,0.43,0.46,2025-03-01,551,N,VIIRS,n,2,295.98,2.56,D,0
13.9214,103.00286,334,0.62,0.54,2025-03-01,551,N,VIIRS,n,2,299.88,4.3,D,0
13.92192,106.22511,343.11,0.39,0.44,2025-03-01,551,N,VIIRS,n,2,300.01,5.91,D,0
13.92254,106.22869,350.12,0.39,0.44,2025-03-01,551,N,VIIRS,n,2,300.1,6.79,D,0
13.92862,106.82504,342.35,0.54,0.42,2025-03-01,551,N,VIIRS,n,2,305.54,3.94,D,0
13.92924,105.26009,341.56,0.44,0.46,2025-03-01,551,N,VIIRS,n,2,299.05,4.3,D,0
13.93056,106.22723,341.82,0.39,0.44,2025-03-01,551,N,VIIRS,n,2,298.6,3.85,D,0
13.93241,101.44408,342.53,0.39,0.6,2025-03-01,551,N,VIIRS,n,2,294.23,4.44,D,0
13.93248,106.82433,331.33,0.54,0.42,2025-03-01,551,N,VIIRS,l,2,305.21,3.94,D,0
13.93269,103.83949,341.36,0.55,0.51,2025-03-01,551,N,VIIRS,n,2,297.47,4.78,D,0
13.93273,101.44283,335.88,0.39,0.6,2025-03-01,551,N,VIIRS,n,2,294.01,5.07,D,0
13.93345,101.44651,332.22,0.39,0.6,2025-03-01,551,N,VIIRS,n,2,294.47,6.6,D,0
13.93351,105.25929,341.21,0.44,0.46,2025-03-01,551,N,VIIRS,n,2,301.66,4.3,D,0
13.93386,105.82053,331.01,0.41,0.45,2025-03-01,551,N,VIIRS,n,2,297.68,4.98,D,0
13.93418,104.99056,332.99,0.46,0.47,2025-03-01,551,N,VIIRS,n,2,300.77,4.61,D,0
13.93444,106.74171,332,0.54,0.42,2025-03-01,551,N,VIIRS,l,2,304.3,3.4,D,0
13.93456,106.22647,348.17,0.39,0.44,2025-03-01,551,N,VIIRS,n,2,300.37,7.63,D,0
13.9365,104.92785,337.51,0.47,0.47,2025-03-01,551,N,VIIRS,n,2,300.56,7.05,D,0
13.94504,107.22054,336.1,0.51,0.41,2025-03-01,551,N,VIIRS,n,2,304.33,4,D,0
13.94775,101.46378,367,0.39,0.6,2025-03-01,551,N,VIIRS,h,2,294.41,8.88,D,0
13.94793,101.46259,367,0.39,0.6,2025-03-01,551,N,VIIRS,h,2,294.33,6.51,D,0
13.94881,107.21986,336.21,0.51,0.41,2025-03-01,551,N,VIIRS,n,2,302.76,3.82,D,0
13.94943,106.87734,340.66,0.53,0.42,2025-03-01,551,N,VIIRS,n,2,304.6,7.66,D,0
13.9502,106.0784,338.17,0.4,0.44,2025-03-01,551,N,VIIRS,n,2,300.32,3.18,D,0
13.95162,104.86328,338.59,0.47,0.48,2025-03-01,551,N,VIIRS,n,2,301.46,4.41,D,0
13.95328,106.87663,340.91,0.53,0.42,2025-03-01,551,N,VIIRS,n,2,303.95,10.62,D,0
13.96118,105.8311,331.47,0.41,0.45,2025-03-01,551,N,VIIRS,l,2,302.09,2.03,D,0
13.9631,101.65775,357.03,0.38,0.59,2025-03-01,551,N,VIIRS,n,2,294.37,5.96,D,0
13.96458,106.13585,331.6,0.39,0.44,2025-03-01,551,N,VIIRS,n,2,300.03,1.11,D,0
13.97084,105.53893,334.99,0.43,0.46,2025-03-01,551,N,VIIRS,n,2,298.47,1.64,D,0
13.97139,105.29884,342.29,0.44,0.46,2025-03-01,551,N,VIIRS,n,2,299.55,4,D,0
13.9733,101.6815,333.4,0.38,0.59,2025-03-01,551,N,VIIRS,n,2,294.42,3.05,D,0
13.97387,105.10623,331.25,0.45,0.47,2025-03-01,551,N,VIIRS,n,2,295.73,1.63,D,0
13.97437,103.3301,332.25,0.59,0.53,2025-03-01,551,N,VIIRS,n,2,301.54,3.13,D,0
13.97468,106.76271,346.24,0.54,0.42,2025-03-01,551,N,VIIRS,n,2,305.42,5.28,D,0
13.97479,103.35834,332.42,0.59,0.53,2025-03-01,551,N,VIIRS,n,2,300.17,3.39,D,0
13.97666,106.13364,331.72,0.39,0.44,2025-03-01,551,N,VIIRS,n,2,300.93,1.79,D,0
13.97684,105.1052,337.47,0.45,0.47,2025-03-01,551,N,VIIRS,n,2,297.47,3.44,D,0
13.97758,105.1094,333.97,0.45,0.47,2025-03-01,551,N,VIIRS,n,2,296.62,3.68,D,0
13.97817,105.1054,330.97,0.45,0.47,2025-03-01,551,N,VIIRS,n,2,297.8,1.63,D,0
13.97919,105.14371,337.76,0.45,0.47,2025-03-01,551,N,VIIRS,n,2,296.12,3.09,D,0
13.98037,105.44708,332.85,0.43,0.46,2025-03-01,551,N,VIIRS,n,2,300.08,1.79,D,0
13.98079,105.14383,337.21,0.45,0.47,2025-03-01,551,N,VIIRS,n,2,296.04,2.83,D,0
13.98458,105.44629,334.35,0.43,0.46,2025-03-01,551,N,VIIRS,n,2,299.04,1.79,D,0
13.98675,106.83221,340.98,0.54,0.42,2025-03-01,551,N,VIIRS,n,2,304.29,6.13,D,0
13.98726,106.35676,342,0.57,0.43,2025-03-01,551,N,VIIRS,n,2,298.84,4.69,D,0
13.98807,105.44151,341.59,0.43,0.46,2025-03-01,551,N,VIIRS,n,2,298.04,2.48,D,0
13.99007,106.35816,347.32,0.57,0.43,2025-03-01,551,N,VIIRS,n,2,300.55,21.73,D,0
13.99123,106.35605,348.57,0.57,0.43,2025-03-01,551,N,VIIRS,n,2,299.42,11.85,D,0
13.99146,104.61449,330.55,0.49,0.48,2025-03-01,551,N,VIIRS,n,2,299.89,3.78,D,0
13.99152,105.41196,334.78,0.43,0.46,2025-03-01,551,N,VIIRS,n,2,297.86,1.92,D,0
13.99287,104.61298,335.05,0.49,0.48,2025-03-01,551,N,VIIRS,n,2,300.35,4.72,D,0
13.99377,104.84632,337.29,0.47,0.48,2025-03-01,551,N,VIIRS,n,2,299.48,1.22,D,0
14.00004,104.88101,338.78,0.47,0.48,2025-03-01,551,N,VIIRS,n,2,301.58,1.36,D,0
14.0068,105.16479,346.08,0.45,0.47,2025-03-01,551,N,VIIRS,n,2,298.26,7.29,D,0
14.00723,107.24339,356.03,0.51,0.41,2025-03-01,551,N,VIIRS,n,2,309.9,15.22,D,0
14.01101,107.24275,339.24,0.51,0.41,2025-03-01,551,N,VIIRS,n,2,301.72,15.22,D,0
14.01367,106.17891,343.67,0.39,0.44,2025-03-01,551,N,VIIRS,n,2,297.8,5.52,D,0
14.01642,101.49523,332.45,0.39,0.59,2025-03-01,551,N,VIIRS,n,2,295.25,6.28,D,0
14.01805,106.20403,341.57,0.39,0.44,2025-03-01,551,N,VIIRS,n,2,299.73,4.57,D,0
14.02005,106.49599,335.25,0.56,0.43,2025-03-01,551,N,VIIRS,n,2,304.56,3.31,D,0
14.02055,105.97837,335.18,0.4,0.44,2025-03-01,551,N,VIIRS,n,2,300.1,3.19,D,0
14.02096,106.50116,340.64,0.56,0.43,2025-03-01,551,N,VIIRS,n,2,302.27,8.67,D,0
14.02119,105.98206,343.19,0.4,0.44,2025-03-01,551,N,VIIRS,n,2,299.88,3.19,D,0
14.02186,101.49412,367,0.39,0.59,2025-03-01,551,N,VIIRS,h,2,295.02,6.28,D,0
14.02257,101.49774,345.59,0.39,0.59,2025-03-01,551,N,VIIRS,n,2,294.94,12.95,D,0
14.02493,106.53967,340.51,0.56,0.43,2025-03-01,551,N,VIIRS,n,2,299.36,5.43,D,0
14.0273,106.53719,340.16,0.56,0.43,2025-03-01,551,N,VIIRS,n,2,302.47,18.21,D,0
14.02785,106.16514,331.89,0.39,0.44,2025-03-01,551,N,VIIRS,n,2,300.86,3.39,D,0
14.0286,105.64544,339.27,0.42,0.45,2025-03-01,551,N,VIIRS,n,2,298.5,4.65,D,0
14.03311,106.17162,330.37,0.39,0.44,2025-03-01,551,N,VIIRS,n,2,295.82,1.58,D,0
14.03374,106.17522,339.54,0.39,0.44,2025-03-01,551,N,VIIRS,n,2,296.22,1.58,D,0
14.03746,103.79632,349.65,0.55,0.51,2025-03-01,551,N,VIIRS,n,2,301.15,8.81,D,0
14.04107,105.15836,339.95,0.45,0.47,2025-03-01,551,N,VIIRS,n,2,297.65,3.32,D,0
14.04215,103.79541,332.08,0.55,0.51,2025-03-01,551,N,VIIRS,n,2,300.92,4.39,D,0
14.04272,107.15635,344.69,0.51,0.41,2025-03-01,551,N,VIIRS,n,2,303.51,9.51,D,0
14.04569,107.15093,339.79,0.51,0.41,2025-03-01,551,N,VIIRS,n,2,306.19,7.36,D,0
14.04578,106.17302,336.03,0.39,0.44,2025-03-01,551,N,VIIRS,n,2,298.62,2.38,D,0
14.04651,107.15566,349.36,0.51,0.41,2025-03-01,551,N,VIIRS,n,2,309.52,16.2,D,0
14.04732,107.16041,335.21,0.51,0.41,2025-03-01,551,N,VIIRS,n,2,302.7,16.2,D,0
14.04775,106.35115,337.49,0.57,0.43,2025-03-01,551,N,VIIRS,n,2,301.38,2.89,D,0
14.0494,106.50129,348.37,0.56,0.43,2025-03-01,551,N,VIIRS,n,2,303.67,12.97,D,0
14.04948,107.15025,353.9,0.51,0.41,2025-03-01,551,N,VIIRS,n,2,306.38,7.36,D,0
14.05029,107.155,334.77,0.51,0.41,2025-03-01,551,N,VIIRS,n,2,302.36,16.2,D,0
14.05111,107.15973,331.47,0.51,0.41,2025-03-01,551,N,VIIRS,l,2,301.94,16.2,D,0
14.05165,105.04372,333.3,0.46,0.47,2025-03-01,551,N,VIIRS,n,2,296.24,6.41,D,0
14.05172,106.35043,336.18,0.57,0.43,2025-03-01,551,N,VIIRS,n,2,299.86,2.89,D,0
14.0524,105.04792,343.13,0.46,0.47,2025-03-01,551,N,VIIRS,n,2,300.66,6.41,D,0
14.05245,103.79862,334.78,0.55,0.51,2025-03-01,551,N,VIIRS,n,2,300.49,3.46,D,0
14.05295,104.64918,332.43,0.48,0.48,2025-03-01,551,N,VIIRS,n,2,300.38,4.27,D,0
14.05327,107.14959,346.21,0.51,0.41,2025-03-01,551,N,VIIRS,n,2,304.19,9.23,D,0
14.05382,106.17159,339.95,0.39,0.44,2025-03-01,551,N,VIIRS,n,2,297.15,2.29,D,0
14.05468,103.80058,333.8,0.55,0.51,2025-03-01,551,N,VIIRS,n,2,301.32,3.33,D,0
14.05502,105.01247,333.41,0.46,0.47,2025-03-01,551,N,VIIRS,n,2,301.92,3.88,D,0
14.05786,103.45415,346.5,0.58,0.52,2025-03-01,551,N,VIIRS,n,2,300.32,7.26,D,0
14.05786,106.171,355.87,0.39,0.44,2025-03-01,551,N,VIIRS,n,2,299.32,13.15,D,0
14.05821,105.15517,331.6,0.45,0.47,2025-03-01,551,N,VIIRS,n,2,298.74,5.81,D,0
14.05875,106.17042,367,0.39,0.44,2025-03-01,551,N,VIIRS,h,2,298.71,11.06,D,0
14.059,104.47966,342.85,0.5,0.49,2025-03-01,551,N,VIIRS,n,2,297.56,6.24,D,0
14.06065,106.58909,331.42,0.55,0.43,2025-03-01,551,N,VIIRS,l,2,303.39,5.9,D,0
14.06155,101.20412,333,0.41,0.6,2025-03-01,551,N,VIIRS,n,2,293.79,5.55,D,0
14.06265,103.4532,346.74,0.58,0.52,2025-03-01,551,N,VIIRS,n,2,297.91,7.26,D,0
14.06316,106.5571,349.02,0.55,0.43,2025-03-01,551,N,VIIRS,n,2,302.18,8.91,D,0
14.06511,103.99879,338.61,0.53,0.5,2025-03-01,551,N,VIIRS,n,2,298.61,4.5,D,0
14.06619,106.55126,333.76,0.55,0.43,2025-03-01,551,N,VIIRS,n,2,298.39,2.79,D,0
14.06708,106.55637,345.98,0.55,0.43,2025-03-01,551,N,VIIRS,n,2,302.2,5.83,D,0
14.06939,107.24385,335.74,0.51,0.41,2025-03-01,551,N,VIIRS,n,2,303.04,5.42,D,0
14.071,106.55565,330.61,0.55,0.43,2025-03-01,551,N,VIIRS,n,2,298.54,5.83,D,0
14.07218,105.38042,341.11,0.43,0.46,2025-03-01,551,N,VIIRS,n,2,299.79,4.14,D,0
14.07268,106.17886,332.35,0.39,0.44,2025-03-01,551,N,VIIRS,n,2,299.88,1.55,D,0
14.07388,106.11553,342.25,0.39,0.44,2025-03-01,551,N,VIIRS,n,2,297.23,4.92,D,0
14.07604,105.91446,340.84,0.4,0.44,2025-03-01,551,N,VIIRS,n,2,299.72,2.28,D,0
14.07606,106.0099,347.39,0.4,0.44,2025-03-01,551,N,VIIRS,n,2,298.6,7.55,D,0
14.07617,105.52329,350.02,0.43,0.46,2025-03-01,551,N,VIIRS,n,2,300.14,5.36,D,0
14.07688,105.52724,331.82,0.43,0.46,2025-03-01,551,N,VIIRS,n,2,299.4,2.82,D,0
14.07946,106.00547,344.08,0.4,0.44,2025-03-01,551,N,VIIRS,n,2,300.28,4.48,D,0
14.08011,106.00916,333.37,0.4,0.44,2025-03-01,551,N,VIIRS,n,2,297.37,4.48,D,0
14.08404,105.93607,338,0.4,0.44,2025-03-01,551,N,VIIRS,n,2,301.9,2.35,D,0
14.08438,103.72628,335.74,0.55,0.51,2025-03-01,551,N,VIIRS,n,2,300.1,2.47,D,0
14.08534,103.73138,335.96,0.55,0.51,2025-03-01,551,N,VIIRS,n,2,301.1,2.47,D,0
14.08688,105.70155,333.86,0.41,0.45,2025-03-01,551,N,VIIRS,n,2,297.86,1.28,D,0
14.087,103.00991,344.45,0.62,0.54,2025-03-01,551,N,VIIRS,n,2,300.41,5.83,D,0
14.0897,105.70126,335.26,0.42,0.45,2025-03-01,551,N,VIIRS,n,2,298.07,1.23,D,0
14.08984,105.40611,342,0.43,0.46,2025-03-01,551,N,VIIRS,n,2,297.2,4.53,D,0
14.09045,103.83582,331.41,0.55,0.51,2025-03-01,551,N,VIIRS,n,2,300.79,4.81,D,0
14.09055,105.4101,353.44,0.43,0.46,2025-03-01,551,N,VIIRS,n,2,300.85,10.13,D,0
14.09126,105.41408,341.35,0.43,0.46,2025-03-01,551,N,VIIRS,n,2,300.45,10.13,D,0
14.09238,104.66475,338.91,0.48,0.48,2025-03-01,551,N,VIIRS,n,2,298.86,3.87,D,0
14.09476,105.4093,342.76,0.43,0.46,2025-03-01,551,N,VIIRS,n,2,297.59,10.13,D,0
14.0991,105.48238,332.61,0.43,0.46,2025-03-01,551,N,VIIRS,n,2,300.21,3.74,D,0
14.09932,103.49036,334.81,0.57,0.52,2025-03-01,551,N,VIIRS,n,2,300.51,1.74,D,0
14.10089,105.32097,330.08,0.44,0.46,2025-03-01,551,N,VIIRS,n,2,298.23,2.93,D,0
14.10217,106.22873,336.81,0.39,0.44,2025-03-01,551,N,VIIRS,n,2,300.57,1.89,D,0
14.1028,106.23229,334.19,0.39,0.44,2025-03-01,551,N,VIIRS,n,2,301.63,2.7,D,0
14.10963,104.68452,337.54,0.48,0.48,2025-03-01,551,N,VIIRS,n,2,299.86,4.24,D,0
14.1115,106.53251,333.03,0.56,0.43,2025-03-01,551,N,VIIRS,l,2,303.09,3.27,D,0
14.11652,106.07407,341.9,0.39,0.44,2025-03-01,551,N,VIIRS,n,2,295.82,7.77,D,0
14.1496,106.40582,338.19,0.56,0.43,2025-03-01,551,N,VIIRS,n,2,302.03,3.63,D,0
14.15294,103.05391,331.72,0.61,0.54,2025-03-01,551,N,VIIRS,n,2,300.39,1.17,D,0
14.16236,105.57195,330.36,0.42,0.45,2025-03-01,551,N,VIIRS,n,2,298.31,6.86,D,0
14.16304,105.57584,348.78,0.42,0.45,2025-03-01,551,N,VIIRS,n,2,300.31,14.3,D,0
14.17207,105.42818,337.44,0.43,0.46,2025-03-01,551,N,VIIRS,n,2,299.95,5.36,D,0
14.17376,105.19395,347.44,0.44,0.46,2025-03-01,551,N,VIIRS,n,2,300.69,12.08,D,0
14.17434,105.17249,333.52,0.45,0.47,2025-03-01,551,N,VIIRS,n,2,299.67,1.83,D,0
14.1768,103.72124,340.38,0.55,0.51,2025-03-01,551,N,VIIRS,n,2,300.45,9.24,D,0
14.17699,105.43137,330.34,0.43,0.46,2025-03-01,551,N,VIIRS,n,2,299.63,3.38,D,0
14.1803,104.90332,338.15,0.46,0.47,2025-03-01,551,N,VIIRS,n,2,302.05,2.24,D,0
14.18819,105.67104,337.37,0.42,0.45,2025-03-01,551,N,VIIRS,n,2,297.2,2.77,D,0
14.19561,106.36514,337.01,0.57,0.43,2025-03-01,551,N,VIIRS,n,2,302.25,4.94,D,0
14.19799,106.36739,345.91,0.57,0.43,2025-03-01,551,N,VIIRS,n,2,300.6,9.93,D,0
14.19824,105.12246,337.44,0.45,0.47,2025-03-01,551,N,VIIRS,n,2,302.07,4.88,D,0
14.19886,106.21038,346.77,0.38,0.44,2025-03-01,551,N,VIIRS,n,2,300.68,5.29,D,0
14.2005,105.12063,336.5,0.45,0.47,2025-03-01,551,N,VIIRS,n,2,301.67,3.52,D,0
14.20817,106.42461,332.3,0.56,0.43,2025-03-01,551,N,VIIRS,n,2,296.64,4.28,D,0
14.20963,104.64017,333.94,0.48,0.48,2025-03-01,551,N,VIIRS,n,2,302.99,2.84,D,0
14.21569,105.99892,344.55,0.4,0.44,2025-03-01,551,N,VIIRS,n,2,301.05,44.06,D,0
14.21618,105.74458,352.97,0.41,0.45,2025-03-01,551,N,VIIRS,n,2,300.82,4.87,D,0
14.21858,106.29877,336.98,0.57,0.43,2025-03-01,551,N,VIIRS,n,2,299.86,5.46,D,0
14.21897,106.34743,346.23,0.57,0.43,2025-03-01,551,N,VIIRS,n,2,299.7,7.59,D,0
14.21983,103.63839,344.35,0.56,0.51,2025-03-01,551,N,VIIRS,n,2,299.69,4.36,D,0
14.22029,105.74384,335.88,0.41,0.45,2025-03-01,551,N,VIIRS,n,2,297.82,4.87,D,0
14.22743,103.65303,332.58,0.56,0.51,2025-03-01,551,N,VIIRS,n,2,301.24,2.21,D,0
14.23055,104.00623,330.93,0.53,0.5,2025-03-01,551,N,VIIRS,n,2,299.42,5.52,D,0
14.2312,103.59027,333.59,0.56,0.52,2025-03-01,551,N,VIIRS,n,2,300.7,1.39,D,0
14.23618,105.20927,332.6,0.44,0.46,2025-03-01,551,N,VIIRS,n,2,300.88,7.92,D,0
14.24067,105.399,337.95,0.43,0.46,2025-03-01,551,N,VIIRS,n,2,296.97,3.47,D,0
14.24337,103.60679,336.18,0.56,0.52,2025-03-01,551,N,VIIRS,n,2,302.03,3.93,D,0
14.24366,103.60406,334.09,0.56,0.52,2025-03-01,551,N,VIIRS,n,2,300.14,4.55,D,0
14.24698,105.38544,333.02,0.43,0.46,2025-03-01,551,N,VIIRS,n,2,299.39,3.26,D,0
14.25083,105.38583,345.79,0.43,0.46,2025-03-01,551,N,VIIRS,n,2,298.16,5.94,D,0
14.25092,103.59454,332.69,0.56,0.52,2025-03-01,551,N,VIIRS,n,2,300.32,4.75,D,0
14.25105,104.21523,330.69,0.51,0.5,2025-03-01,551,N,VIIRS,n,2,300.45,4.8,D,0
14.25119,105.38467,340.8,0.43,0.46,2025-03-01,551,N,VIIRS,n,2,298.47,3.26,D,0
14.25213,103.59707,341.16,0.56,0.52,2025-03-01,551,N,VIIRS,n,2,300.93,4.69,D,0
14.25272,105.34834,330.67,0.43,0.46,2025-03-01,551,N,VIIRS,n,2,299.46,2.46,D,0
14.25276,103.94603,343.68,0.53,0.5,2025-03-01,551,N,VIIRS,n,2,300.74,8.36,D,0
14.25311,105.92715,334.59,0.4,0.44,2025-03-01,551,N,VIIRS,n,2,300.88,2.13,D,0
14.25344,105.35233,333.91,0.43,0.46,2025-03-01,551,N,VIIRS,n,2,297.13,2.46,D,0
14.25387,105.74162,330.82,0.41,0.45,2025-03-01,551,N,VIIRS,l,2,301.04,2.01,D,0
14.25497,104.81805,333.11,0.47,0.48,2025-03-01,551,N,VIIRS,n,2,302.88,1.34,D,0
14.25548,104.81888,333.35,0.47,0.48,2025-03-01,551,N,VIIRS,n,2,302.85,1.95,D,0
14.25717,105.92639,355.62,0.4,0.44,2025-03-01,551,N,VIIRS,n,2,301.17,6.75,D,0
14.26085,105.46479,338.01,0.43,0.46,2025-03-01,551,N,VIIRS,n,2,299.99,3.92,D,0
14.26106,105.46574,342.4,0.43,0.46,2025-03-01,551,N,VIIRS,n,2,299.51,5.43,D,0
14.26626,104.06995,342.84,0.52,0.5,2025-03-01,551,N,VIIRS,n,2,302.32,6.09,D,0
14.26709,106.1278,330.24,0.39,0.44,2025-03-01,551,N,VIIRS,l,2,301.4,2.7,D,0
14.26801,106.12709,339.38,0.39,0.44,2025-03-01,551,N,VIIRS,n,2,301.6,4.28,D,0
14.26958,103.29601,341.88,0.59,0.53,2025-03-01,551,N,VIIRS,n,2,300.88,4.17,D,0
14.27227,106.34855,337.74,0.57,0.43,2025-03-01,551,N,VIIRS,n,2,298.57,7.18,D,0
14.27363,103.55514,333.63,0.56,0.52,2025-03-01,551,N,VIIRS,n,2,300.59,2.33,D,0
14.27753,106.18861,340.05,0.39,0.44,2025-03-01,551,N,VIIRS,n,2,302.44,3.47,D,0
14.27886,106.18777,330.71,0.38,0.44,2025-03-01,551,N,VIIRS,l,2,301.5,3.37,D,0
14.28538,103.21922,333.01,0.59,0.53,2025-03-01,551,N,VIIRS,n,2,300.91,3.46,D,0
14.28569,105.80196,336.09,0.41,0.45,2025-03-01,551,N,VIIRS,n,2,301.93,2.43,D,0
14.28881,106.30225,343.01,0.57,0.43,2025-03-01,551,N,VIIRS,n,2,301.21,9.62,D,0
14.28985,105.31247,346.03,0.44,0.46,2025-03-01,551,N,VIIRS,n,2,303.99,12.23,D,0
14.29057,105.31648,344.53,0.43,0.46,2025-03-01,551,N,VIIRS,n,2,303.11,14.9,D,0
14.29152,106.30467,340.81,0.57,0.43,2025-03-01,551,N,VIIRS,n,2,296.2,12.33,D,0
14.29673,103.8317,332.76,0.54,0.51,2025-03-01,551,N,VIIRS,n,2,299.33,3.41,D,0
14.30696,104.85384,335.51,0.46,0.47,2025-03-01,551,N,VIIRS,n,2,302.51,3.27,D,0
14.31335,105.46821,330.27,0.43,0.46,2025-03-01,551,N,VIIRS,n,2,297.89,4.25,D,0
14.31823,105.47136,332.67,0.42,0.46,2025-03-01,551,N,VIIRS,n,2,298.92,1.87,D,0
14.31956,104.63074,336.34,0.48,0.48,2025-03-01,551,N,VIIRS,n,2,300.44,3.53,D,0
14.32073,103.72786,333.08,0.55,0.51,2025-03-01,551,N,VIIRS,n,2,299.47,3.07,D,0
14.32167,104.63403,338.27,0.48,0.48,2025-03-01,551,N,VIIRS,n,2,300.44,6.06,D,0
14.32283,106.25009,332.72,0.57,0.43,2025-03-01,551,N,VIIRS,n,2,299.73,4.8,D,0
14.32398,104.62993,332.6,0.48,0.48,2025-03-01,551,N,VIIRS,n,2,298.57,3.53,D,0
14.32964,104.05609,330.6,0.52,0.5,2025-03-01,551,N,VIIRS,n,2,298,3.96,D,0
14.33067,104.05907,337.79,0.52,0.5,2025-03-01,551,N,VIIRS,n,2,298.54,4.14,D,0
14.33169,104.79118,335.28,0.47,0.48,2025-03-01,551,N,VIIRS,n,2,302.98,4.46,D,0
14.33434,104.05583,335.07,0.52,0.5,2025-03-01,551,N,VIIRS,n,2,298.09,3.96,D,0
14.33758,103.3491,346.06,0.58,0.52,2025-03-01,551,N,VIIRS,n,2,302.01,14.82,D,0
14.34515,105.64674,337.6,0.41,0.45,2025-03-01,551,N,VIIRS,n,2,301.99,3.46,D,0
14.34583,105.65057,334.28,0.41,0.45,2025-03-01,551,N,VIIRS,n,2,302.63,3.46,D,0
14.34651,105.65441,335.52,0.41,0.45,2025-03-01,551,N,VIIRS,n,2,302.27,3.55,D,0
14.34719,105.65826,343.1,0.41,0.45,2025-03-01,551,N,VIIRS,n,2,302.49,3.55,D,0
14.36889,105.73276,332.65,0.41,0.45,2025-03-01,551,N,VIIRS,l,2,303.71,0.97,D,0
14.36906,105.46603,330.38,0.42,0.46,2025-03-01,551,N,VIIRS,n,2,297.81,2.53,D,0
14.36974,105.46995,340.43,0.42,0.46,2025-03-01,551,N,VIIRS,n,2,298.6,2.53,D,0
14.37061,105.46989,336.78,0.42,0.45,2025-03-01,551,N,VIIRS,n,2,297.48,9.24,D,0
14.37529,105.47704,342.86,0.42,0.45,2025-03-01,551,N,VIIRS,n,2,301.17,7.32,D,0
14.37597,105.48096,339.75,0.42,0.45,2025-03-01,551,N,VIIRS,n,2,299.32,7.38,D,0
14.37621,105.47697,343.33,0.42,0.45,2025-03-01,551,N,VIIRS,n,2,302.86,17.55,D,0
14.37692,105.48089,343.21,0.42,0.45,2025-03-01,551,N,VIIRS,n,2,299.97,16.08,D,0
14.3793,105.52467,338.54,0.42,0.45,2025-03-01,551,N,VIIRS,n,2,298.65,4.47,D,0
14.38055,105.52451,337.37,0.42,0.45,2025-03-01,551,N,VIIRS,n,2,298.12,3.21,D,0
14.40055,105.69556,343.95,0.41,0.45,2025-03-01,551,N,VIIRS,n,2,303.01,1.97,D,0
14.40879,105.79135,336.71,0.4,0.45,2025-03-01,551,N,VIIRS,n,2,301.87,2.1,D,0
14.46859,105.72974,350.33,0.41,0.45,2025-03-01,551,N,VIIRS,n,2,303.22,6.05,D,0
14.49033,106.37951,333.55,0.56,0.43,2025-03-01,551,N,VIIRS,n,2,302.11,3.53,D,0
14.49462,105.70926,344.37,0.41,0.45,2025-03-01,551,N,VIIRS,n,2,304,4.27,D,0
14.49523,105.59124,333.84,0.42,0.45,2025-03-01,551,N,VIIRS,n,2,301.62,0.83,D,0
14.49528,105.71304,337.14,0.41,0.45,2025-03-01,551,N,VIIRS,n,2,304,5.2,D,0
14.49652,105.59074,333.69,0.41,0.45,2025-03-01,551,N,VIIRS,n,2,301.64,1.93,D,0
14.51233,105.56004,342.73,0.42,0.45,2025-03-01,551,N,VIIRS,n,2,300.68,6.33,D,0
14.514,105.77174,342.98,0.4,0.45,2025-03-01,551,N,VIIRS,n,2,302.72,3.27,D,0
14.51808,105.77095,331.99,0.4,0.45,2025-03-01,551,N,VIIRS,l,2,303.39,3.27,D,0
14.52388,106.95325,340.23,0.52,0.41,2025-03-01,551,N,VIIRS,n,2,299.96,6.1,D,0
14.52662,106.95538,332.67,0.52,0.41,2025-03-01,551,N,VIIRS,n,2,299.09,4.77,D,0
14.54101,105.76624,330.18,0.4,0.45,2025-03-01,551,N,VIIRS,l,2,302.41,1.22,D,0
14.55068,106.44809,338.09,0.55,0.43,2025-03-01,551,N,VIIRS,n,2,302.01,4.38,D,0
14.55077,106.45072,331.58,0.55,0.43,2025-03-01,551,N,VIIRS,n,2,300.53,3.18,D,0
14.5688,105.5892,334.81,0.41,0.45,2025-03-01,551,N,VIIRS,n,2,302.28,2.02,D,0
14.5789,105.64637,337.92,0.41,0.45,2025-03-01,551,N,VIIRS,n,2,303.83,1.55,D,0
14.60114,106.29775,332.25,0.56,0.43,2025-03-01,551,N,VIIRS,l,2,303.25,3.57,D,0
14.61532,105.73311,341.17,0.41,0.45,2025-03-01,551,N,VIIRS,n,2,303.24,2.53,D,0
14.6275,106.6139,333.28,0.54,0.42,2025-03-01,551,N,VIIRS,n,2,301.96,3.51,D,0
14.62861,105.60172,333.91,0.41,0.45,2025-03-01,551,N,VIIRS,n,2,303.03,2.12,D,0
14.6293,105.60552,336.4,0.41,0.45,2025-03-01,551,N,VIIRS,n,2,303.3,2.12,D,0
14.63066,105.66014,344.98,0.41,0.45,2025-03-01,551,N,VIIRS,n,2,304.19,3.41,D,0
14.63274,105.60095,336.66,0.41,0.45,2025-03-01,551,N,VIIRS,n,2,302.59,3.46,D,0
14.63389,105.79131,342.49,0.4,0.44,2025-03-01,551,N,VIIRS,n,2,302.4,2.8,D,0
14.64025,105.64273,338.6,0.41,0.45,2025-03-01,551,N,VIIRS,n,2,303.88,6.42,D,0
14.64094,105.64652,348.14,0.41,0.45,2025-03-01,551,N,VIIRS,n,2,308.33,18.6,D,0
14.64491,106.46222,331.66,0.55,0.43,2025-03-01,551,N,VIIRS,n,2,300.69,4.06,D,0
14.64515,106.45981,333.1,0.55,0.43,2025-03-01,551,N,VIIRS,n,2,301.08,2.29,D,0
14.64982,106.09723,332.96,0.38,0.44,2025-03-01,551,N,VIIRS,n,2,297.31,3.26,D,0
14.65032,106.49266,331.74,0.55,0.42,2025-03-01,551,N,VIIRS,l,2,303.37,4.64,D,0
14.65036,106.49033,333.64,0.55,0.43,2025-03-01,551,N,VIIRS,n,2,303.38,5.7,D,0
14.65378,105.71803,334.81,0.41,0.45,2025-03-01,551,N,VIIRS,l,2,306.24,4.51,D,0
14.65445,105.72177,333.69,0.4,0.45,2025-03-01,551,N,VIIRS,l,2,305.3,3.49,D,0
14.65753,106.46519,335.27,0.55,0.43,2025-03-01,551,N,VIIRS,n,2,302.2,4.11,D,0
14.65775,106.46278,332.85,0.55,0.43,2025-03-01,551,N,VIIRS,n,2,301.93,5.58,D,0
14.65854,105.72101,343.91,0.4,0.45,2025-03-01,551,N,VIIRS,n,2,305.48,3.49,D,0
14.66262,105.72025,341.57,0.4,0.45,2025-03-01,551,N,VIIRS,n,2,304.6,4.61,D,0
14.66293,105.60316,331.67,0.41,0.45,2025-03-01,551,N,VIIRS,l,2,302.59,1.34,D,0
14.67603,105.58103,334.62,0.41,0.45,2025-03-01,551,N,VIIRS,n,2,303.23,2.86,D,0
14.68038,106.61971,332.46,0.54,0.42,2025-03-01,551,N,VIIRS,l,2,304.02,2.91,D,0
14.68118,106.62173,338.5,0.54,0.42,2025-03-01,551,N,VIIRS,n,2,305.34,4.35,D,0
14.68506,106.5072,337.79,0.55,0.42,2025-03-01,551,N,VIIRS,n,2,302.24,2.79,D,0
14.6966,106.34205,337.29,0.56,0.43,2025-03-01,551,N,VIIRS,n,2,303.79,11.49,D,0
14.70322,106.35684,332.35,0.56,0.43,2025-03-01,551,N,VIIRS,l,2,302.96,3.72,D,0
14.71035,106.21901,335.08,0.57,0.43,2025-03-01,551,N,VIIRS,n,2,303.07,2.85,D,0
14.72118,106.07242,331.17,0.39,0.44,2025-03-01,551,N,VIIRS,n,2,297.72,2.88,D,0
14.72149,107.13912,340.37,0.5,0.41,2025-03-01,551,N,VIIRS,n,2,308.41,5,D,0
14.72223,107.56294,336.94,0.48,0.4,2025-03-01,551,N,VIIRS,n,2,303.6,7.18,D,0
14.7226,106.25713,339.92,0.56,0.43,2025-03-01,551,N,VIIRS,n,2,301.05,6.64,D,0
14.72481,106.25424,340.99,0.56,0.43,2025-03-01,551,N,VIIRS,n,2,300.42,6.47,D,0
14.72992,106.23711,331.07,0.56,0.43,2025-03-01,551,N,VIIRS,l,2,301.76,1.66,D,0
14.73088,106.23399,336.01,0.57,0.43,2025-03-01,551,N,VIIRS,n,2,302.74,1.86,D,0
14.74837,107.11506,334.15,0.5,0.41,2025-03-01,551,N,VIIRS,n,2,303.21,4.72,D,0
14.75528,105.98421,342.35,0.39,0.44,2025-03-01,551,N,VIIRS,n,2,301.16,14.13,D,0
14.77184,106.77792,339.12,0.53,0.42,2025-03-01,551,N,VIIRS,n,2,307.32,6.39,D,0
14.77184,107.13973,339.38,0.5,0.41,2025-03-01,551,N,VIIRS,n,2,306.33,4.96,D,0
14.77207,107.14121,342.06,0.5,0.41,2025-03-01,551,N,VIIRS,n,2,305.35,5.9,D,0
14.77288,106.85272,340.41,0.52,0.42,2025-03-01,551,N,VIIRS,n,2,305.24,5.05,D,0
14.7824,107.29487,347.95,0.49,0.41,2025-03-01,551,N,VIIRS,n,2,301.93,46.77,D,0
14.7832,106.2385,335.33,0.56,0.43,2025-03-01,551,N,VIIRS,n,2,300.3,5.61,D,0
14.78537,107.28969,367,0.49,0.41,2025-03-01,551,N,VIIRS,h,2,328.21,174.26,D,0
14.78582,106.79045,344.2,0.52,0.42,2025-03-01,551,N,VIIRS,n,2,306.1,5.52,D,0
14.78613,107.29424,335.63,0.49,0.41,2025-03-01,551,N,VIIRS,n,2,306.23,46.77,D,0
14.78909,107.28904,336.73,0.49,0.41,2025-03-01,551,N,VIIRS,n,2,307.85,108.07,D,0
14.78942,107.28565,340.23,0.49,0.41,2025-03-01,551,N,VIIRS,n,2,301.26,26.54,D,0
14.7902,107.29018,340.75,0.49,0.41,2025-03-01,551,N,VIIRS,n,2,299,26.54,D,0
14.79212,107.2569,336.92,0.5,0.41,2025-03-01,551,N,VIIRS,n,2,302.81,9.31,D,0
14.7927,107.17116,342.14,0.5,0.41,2025-03-01,551,N,VIIRS,n,2,308.61,7.58,D,0
14.79492,107.25505,340.97,0.5,0.41,2025-03-01,551,N,VIIRS,n,2,301.33,13.5,D,0
14.79574,105.9996,333.37,0.39,0.44,2025-03-01,551,N,VIIRS,n,2,298.75,1.37,D,0
14.79795,107.27329,340.89,0.49,0.41,2025-03-01,551,N,VIIRS,n,2,307.47,5.37,D,0
14.79821,107.26997,334.78,0.49,0.41,2025-03-01,551,N,VIIRS,n,2,301.99,1.85,D,0
14.79833,105.78039,337.21,0.4,0.44,2025-03-01,551,N,VIIRS,n,2,304.91,2.12,D,0
14.80065,105.72231,333.54,0.4,0.44,2025-03-01,551,N,VIIRS,n,2,303.15,2.25,D,0
14.801,107.29163,344.12,0.49,0.41,2025-03-01,551,N,VIIRS,n,2,307.14,48.14,D,0
14.80215,107.2928,334.15,0.49,0.41,2025-03-01,551,N,VIIRS,l,2,305.97,39.34,D,0
14.80349,107.27836,338.02,0.49,0.41,2025-03-01,551,N,VIIRS,n,2,302.21,76.95,D,0
14.80643,107.27317,345.46,0.49,0.41,2025-03-01,551,N,VIIRS,n,2,303.48,76.95,D,0
14.81136,106.7206,343.12,0.53,0.42,2025-03-01,551,N,VIIRS,n,2,299.59,14.66,D,0
14.81306,106.71845,338.41,0.53,0.42,2025-03-01,551,N,VIIRS,n,2,298.97,18.63,D,0
14.81435,107.16251,339.87,0.5,0.41,2025-03-01,551,N,VIIRS,l,2,310.26,6.6,D,0
14.82342,106.24589,331.43,0.56,0.43,2025-03-01,551,N,VIIRS,l,2,305.95,5.58,D,0
14.82436,106.25116,331.54,0.56,0.43,2025-03-01,551,N,VIIRS,l,2,302.39,8,D,0
14.82546,106.2473,350.35,0.56,0.43,2025-03-01,551,N,VIIRS,n,2,306.9,6.08,D,0
14.82637,106.2526,331.23,0.56,0.43,2025-03-01,551,N,VIIRS,l,2,303.35,6.08,D,0
14.82737,106.24519,348.81,0.56,0.43,2025-03-01,551,N,VIIRS,n,2,306.36,5.58,D,0
14.82941,106.24662,330.18,0.56,0.43,2025-03-01,551,N,VIIRS,l,2,303.75,3.58,D,0
14.83025,106.41628,336.92,0.55,0.43,2025-03-01,551,N,VIIRS,n,2,302.22,4.46,D,0
14.83326,107.27318,335.66,0.49,0.41,2025-03-01,551,N,VIIRS,n,2,303.99,9.76,D,0
14.83788,105.62986,337.06,0.41,0.45,2025-03-01,551,N,VIIRS,n,2,305.07,3.51,D,0
14.85289,105.64262,345.98,0.41,0.45,2025-03-01,551,N,VIIRS,n,2,307.19,5.95,D,0
14.85766,105.64562,332.77,0.41,0.45,2025-03-01,551,N,VIIRS,l,2,305.13,3.28,D,0
14.86175,105.64485,344.39,0.41,0.45,2025-03-01,551,N,VIIRS,n,2,306.6,3.28,D,0
14.86315,105.62904,331.91,0.41,0.45,2025-03-01,551,N,VIIRS,l,2,304.74,2.48,D,0
14.86517,105.64034,352.21,0.41,0.45,2025-03-01,551,N,VIIRS,n,2,305.63,13.72,D,0
14.86585,105.6441,343.18,0.41,0.45,2025-03-01,551,N,VIIRS,n,2,303.94,4.67,D,0
14.86647,106.53383,334.14,0.54,0.42,2025-03-01,551,N,VIIRS,n,2,294.16,5.51,D,0
14.86724,105.62827,334.86,0.41,0.45,2025-03-01,551,N,VIIRS,l,2,305.43,2.48,D,0
14.86731,106.53878,339.03,0.54,0.42,2025-03-01,551,N,VIIRS,n,2,296.23,10.74,D,0
14.87947,106.07652,338.52,0.38,0.43,2025-03-01,551,N,VIIRS,n,2,301.49,3.41,D,0
14.89451,106.88236,342.38,0.52,0.41,2025-03-01,551,N,VIIRS,n,2,308.7,8.78,D,0
14.89533,106.88715,348.92,0.52,0.41,2025-03-01,551,N,VIIRS,n,2,311.37,8.78,D,0
14.89913,106.88646,355.6,0.52,0.41,2025-03-01,551,N,VIIRS,n,2,307.74,10.81,D,0
14.89995,106.89124,333.25,0.52,0.41,2025-03-01,551,N,VIIRS,l,2,306.94,3.44,D,0
14.91412,106.41568,336.08,0.55,0.43,2025-03-01,551,N,VIIRS,n,2,305.29,32.05,D,0
14.91501,106.42078,335.83,0.55,0.43,2025-03-01,551,N,VIIRS,n,2,299.98,32.05,D,0
14.9158,106.03977,341.35,0.38,0.43,2025-03-01,551,N,VIIRS,n,2,299.76,4.19,D,0
14.91692,106.06902,330.75,0.38,0.43,2025-03-01,551,N,VIIRS,l,2,303.73,5.23,D,0
14.92321,106.39846,335.55,0.55,0.43,2025-03-01,551,N,VIIRS,n,2,300.74,2.97,D,0
14.92929,105.7404,346.27,0.4,0.44,2025-03-01,551,N,VIIRS,n,2,303.52,4.33,D,0
14.93358,105.71697,332.36,0.4,0.44,2025-03-01,551,N,VIIRS,l,2,303.79,3.51,D,0
14.93726,106.11404,340.31,0.57,0.43,2025-03-01,551,N,VIIRS,n,2,300,12.39,D,0
14.94425,106.10723,332.55,0.57,0.43,2025-03-01,551,N,VIIRS,n,2,299.53,7.22,D,0
14.94877,106.90969,330.02,0.51,0.41,2025-03-01,551,N,VIIRS,l,2,303.99,1.48,D,0
14.96166,107.00578,341.69,0.51,0.41,2025-03-01,551,N,VIIRS,l,2,313.21,16.67,D,0
14.96259,107.008,347.43,0.51,0.41,2025-03-01,551,N,VIIRS,n,2,309.15,16.12,D,0
14.96817,106.24233,338.52,0.56,0.43,2025-03-01,551,N,VIIRS,n,2,297.5,14.19,D,0
14.96907,106.24742,346.97,0.56,0.43,2025-03-01,551,N,VIIRS,n,2,301.5,14.19,D,0
14.97589,106.40064,342.37,0.55,0.43,2025-03-01,551,N,VIIRS,n,2,301.34,28.67,D,0
14.97637,106.40314,334.66,0.55,0.43,2025-03-01,551,N,VIIRS,n,2,298.23,32.72,D,0
14.97958,106.42242,333.41,0.55,0.42,2025-03-01,551,N,VIIRS,n,2,301.3,3.5,D,0
14.97979,106.12287,336.63,0.57,0.43,2025-03-01,551,N,VIIRS,n,2,299.67,11.35,D,0
14.98022,106.42483,337.16,0.55,0.42,2025-03-01,551,N,VIIRS,n,2,300.22,6.2,D,0
14.98142,106.06179,340.41,0.57,0.43,2025-03-01,551,N,VIIRS,n,2,296.67,7.31,D,0
14.98337,106.8838,334.3,0.52,0.41,2025-03-01,551,N,VIIRS,l,2,304.53,3.65,D,0
14.9888,106.89265,337.43,0.51,0.41,2025-03-01,551,N,VIIRS,n,2,307.17,3.32,D,0
14.99638,106.89127,339.34,0.51,0.41,2025-03-01,551,N,VIIRS,l,2,309.61,7.77,D,0
14.9972,106.89604,343.3,0.51,0.41,2025-03-01,551,N,VIIRS,n,2,306.36,4.06,D,0
14.99883,106.90558,335,0.51,0.41,2025-03-01,551,N,VIIRS,l,2,306.49,4.25,D,0
14.99907,106.58418,337.54,0.54,0.42,2025-03-01,551,N,VIIRS,n,2,303.77,6.37,D,0
14.99965,106.91034,347.85,0.51,0.41,2025-03-01,551,N,VIIRS,n,2,307.13,4.25,D,0
14.99985,106.58118,330.48,0.54,0.42,2025-03-01,551,N,VIIRS,l,2,302.07,3.95,D,0
15.00017,106.89058,344.29,0.51,0.41,2025-03-01,551,N,VIIRS,n,2,311.04,10.8,D,0
15.00073,106.58612,334.59,0.53,0.42,2025-03-01,551,N,VIIRS,n,2,303.59,3.95,D,0
15.00262,106.9049,339.46,0.51,0.41,2025-03-01,551,N,VIIRS,n,2,307.08,4.4,D,0
15.00344,106.90967,345.78,0.51,0.41,2025-03-01,551,N,VIIRS,n,2,307.56,4.4,D,0
15.00641,106.90421,334.07,0.51,0.41,2025-03-01,551,N,VIIRS,l,2,307.53,4.4,D,0
15.01634,107.46591,333.94,0.48,0.4,2025-03-01,551,N,VIIRS,n,2,294.69,12.87,D,0
15.024,106.42264,333.2,0.55,0.42,2025-03-01,551,N,VIIRS,l,2,304,5.38,D,0
15.04154,106.31475,330.38,0.55,0.43,2025-03-01,551,N,VIIRS,l,2,303.17,3.96,D,0
15.04314,107.45393,335.69,0.48,0.4,2025-03-01,551,N,VIIRS,n,2,300.32,9.61,D,0
15.04493,107.45614,344.86,0.48,0.4,2025-03-01,551,N,VIIRS,n,2,302.41,17.76,D,0
15.04681,107.45329,341.12,0.48,0.4,2025-03-01,551,N,VIIRS,n,2,296.66,9.61,D,0
15.04712,107.49213,333.06,0.48,0.4,2025-03-01,551,N,VIIRS,n,2,300.3,7.21,D,0
15.04975,107.47047,343.49,0.48,0.4,2025-03-01,551,N,VIIRS,n,2,305.94,11.49,D,0
15.04994,107.49357,343.94,0.48,0.4,2025-03-01,551,N,VIIRS,n,2,300.52,29.94,D,0
15.05053,107.47498,332.86,0.48,0.4,2025-03-01,551,N,VIIRS,n,2,301.58,11.49,D,0
15.05078,107.49144,334.75,0.48,0.4,2025-03-01,551,N,VIIRS,n,2,298.93,7.21,D,0
15.05812,106.4577,331.15,0.54,0.42,2025-03-01,551,N,VIIRS,l,2,303.83,3.86,D,0
15.05938,107.48261,332.64,0.48,0.4,2025-03-01,551,N,VIIRS,n,2,299.72,6.44,D,0
15.06016,107.48717,333.32,0.48,0.4,2025-03-01,551,N,VIIRS,n,2,297.63,9.87,D,0
15.06823,107.60025,349.08,0.47,0.4,2025-03-01,551,N,VIIRS,n,2,303.76,25.94,D,0
15.06843,107.59834,337.69,0.47,0.4,2025-03-01,551,N,VIIRS,n,2,298.12,8.8,D,0
15.06901,107.4948,329.87,0.48,0.4,2025-03-01,551,N,VIIRS,n,2,296.92,5.33,D,0
15.06919,107.60294,334.43,0.47,0.4,2025-03-01,551,N,VIIRS,n,2,302.99,22.42,D,0
15.07197,106.44511,336.48,0.54,0.42,2025-03-01,551,N,VIIRS,n,2,304,4.48,D,0
15.0881,106.53943,331.21,0.54,0.42,2025-03-01,551,N,VIIRS,l,2,303.73,9.04,D,0
15.08895,106.5444,337.3,0.54,0.42,2025-03-01,551,N,VIIRS,n,2,302.41,11.37,D,0
15.10124,107.48476,367,0.48,0.4,2025-03-01,551,N,VIIRS,h,2,360.3,293.61,D,0
15.10202,107.4894,337.34,0.48,0.4,2025-03-01,551,N,VIIRS,n,2,296.06,109.75,D,0
15.10487,107.48392,333.6,0.48,0.4,2025-03-01,551,N,VIIRS,n,2,294.36,293.61,D,0
15.11089,106.90262,338.82,0.51,0.41,2025-03-01,551,N,VIIRS,n,2,305.02,5.8,D,0
15.11199,107.61533,333.17,0.47,0.4,2025-03-01,551,N,VIIRS,l,2,305.32,30.1,D,0
15.11564,107.61478,335.12,0.47,0.4,2025-03-01,551,N,VIIRS,n,2,300.19,13.42,D,0
15.12216,107.40689,331.82,0.48,0.4,2025-03-01,551,N,VIIRS,n,2,298.98,5.45,D,0
15.13368,107.566,332.41,0.47,0.4,2025-03-01,551,N,VIIRS,n,2,301.99,11.67,D,0
15.18482,107.11012,346.34,0.5,0.41,2025-03-01,551,N,VIIRS,n,2,310.11,7.91,D,0
14.4203,102.81242,330.31,0.63,0.54,2025-03-01,552,N,VIIRS,n,2,296.33,3.85,D,0
14.60504,103.12578,334.43,0.59,0.53,2025-03-01,552,N,VIIRS,n,2,300.85,5.22,D,0
14.61947,100.54816,331.68,0.44,0.62,2025-03-01,552,N,VIIRS,n,2,294,5.16,D,0
14.7091,101.66623,341.04,0.37,0.58,2025-03-01,552,N,VIIRS,n,2,287.9,4.42,D,0
14.76509,100.73965,331.72,0.42,0.61,2025-03-01,552,N,VIIRS,n,2,293.72,0.67,D,0
14.77429,102.99752,335.59,0.6,0.53,2025-03-01,552,N,VIIRS,n,2,300.71,4.82,D,0
14.77643,102.99612,337.09,0.6,0.53,2025-03-01,552,N,VIIRS,n,2,300.51,4.35,D,0
14.82811,103.31319,344.65,0.57,0.52,2025-03-01,552,N,VIIRS,n,2,304,4.05,D,0
14.8285,103.31441,339.07,0.57,0.52,2025-03-01,552,N,VIIRS,n,2,303.24,8.42,D,0
14.97916,105.55438,335.18,0.41,0.45,2025-03-01,552,N,VIIRS,n,2,304.66,3.65,D,0
14.99426,105.66279,345,0.4,0.44,2025-03-01,552,N,VIIRS,n,2,306.36,4.72,D,0
14.99834,105.66202,349.43,0.4,0.44,2025-03-01,552,N,VIIRS,n,2,303.94,4.72,D,0
15.02246,105.60752,334.74,0.41,0.45,2025-03-01,552,N,VIIRS,n,2,304.56,4.66,D,0
15.02667,105.6074,334.55,0.41,0.45,2025-03-01,552,N,VIIRS,n,2,301.61,1.98,D,0
15.03634,105.66254,341.93,0.4,0.44,2025-03-01,552,N,VIIRS,n,2,305.71,7.7,D,0
15.037,105.66627,344.23,0.4,0.44,2025-03-01,552,N,VIIRS,n,2,307.34,11.3,D,0
15.08301,105.88207,339.2,0.39,0.44,2025-03-01,552,N,VIIRS,n,2,304.16,3.2,D,0
15.09219,105.55467,344.98,0.41,0.45,2025-03-01,552,N,VIIRS,n,2,305.97,4.47,D,0
15.09375,105.70515,334.22,0.4,0.44,2025-03-01,552,N,VIIRS,l,2,305.39,1.55,D,0
15.10137,106.12963,341.13,0.57,0.43,2025-03-01,552,N,VIIRS,n,2,301.52,9.32,D,0
15.1023,106.13492,337.84,0.57,0.43,2025-03-01,552,N,VIIRS,n,2,302.26,9.19,D,0
15.10263,105.49398,335.36,0.41,0.45,2025-03-01,552,N,VIIRS,n,2,303.83,1.24,D,0
15.12893,101.05517,330.74,0.4,0.6,2025-03-01,552,N,VIIRS,n,2,296.87,1.63,D,0
15.13681,102.41156,343.16,0.32,0.55,2025-03-01,552,N,VIIRS,n,2,299.99,15.61,D,0
15.13739,102.41457,351.9,0.32,0.55,2025-03-01,552,N,VIIRS,n,2,305.81,22.62,D,0
15.13798,102.41756,336.1,0.32,0.55,2025-03-01,552,N,VIIRS,n,2,298.05,22.62,D,0
15.13827,106.17814,340.64,0.56,0.43,2025-03-01,552,N,VIIRS,n,2,294.87,4.93,D,0
15.13884,101.51234,331.04,0.37,0.58,2025-03-01,552,N,VIIRS,n,2,297.64,1.85,D,0
15.14169,106.18029,333.79,0.56,0.43,2025-03-01,552,N,VIIRS,l,2,304.42,70.84,D,0
15.14219,106.17728,332.47,0.56,0.43,2025-03-01,552,N,VIIRS,n,2,302.45,50.98,D,0
15.14242,102.41354,335.61,0.32,0.55,2025-03-01,552,N,VIIRS,n,2,299.51,22.62,D,0
15.1492,100.84988,351.82,0.41,0.61,2025-03-01,552,N,VIIRS,n,2,294.4,8.89,D,0
15.14998,100.85371,355.3,0.41,0.61,2025-03-01,552,N,VIIRS,n,2,294.55,8.89,D,0
15.15794,100.51668,330.37,0.43,0.62,2025-03-01,552,N,VIIRS,n,2,294.48,2.88,D,0
15.16185,105.66891,336.35,0.4,0.44,2025-03-01,552,N,VIIRS,n,2,305.05,3.51,D,0
15.16297,105.66917,344.68,0.4,0.44,2025-03-01,552,N,VIIRS,n,2,306.1,3.42,D,0
15.16362,105.67288,335.84,0.4,0.44,2025-03-01,552,N,VIIRS,l,2,306.01,2.59,D,0
15.16658,105.67185,337.38,0.4,0.44,2025-03-01,552,N,VIIRS,n,2,304.12,3.47,D,0
15.16801,105.60995,333.83,0.4,0.44,2025-03-01,552,N,VIIRS,n,2,303.69,1.14,D,0
15.17256,104.55097,342.54,0.47,0.48,2025-03-01,552,N,VIIRS,n,2,302.83,5.48,D,0
15.17281,104.55013,341.45,0.47,0.48,2025-03-01,552,N,VIIRS,n,2,302.68,5.33,D,0
15.19153,104.3596,331.28,0.48,0.48,2025-03-01,552,N,VIIRS,l,2,302.81,1.85,D,0
15.21439,107.14449,337.95,0.5,0.41,2025-03-01,552,N,VIIRS,n,2,309.51,4.81,D,0
15.21462,106.40951,333.81,0.54,0.42,2025-03-01,552,N,VIIRS,n,2,299.88,6.77,D,0
15.22047,106.75077,345.96,0.52,0.42,2025-03-01,552,N,VIIRS,n,2,308.51,9.19,D,0
15.24252,105.20715,333.53,0.43,0.46,2025-03-01,552,N,VIIRS,n,2,300.92,1.48,D,0
15.24413,101.49632,367,0.37,0.58,2025-03-01,552,N,VIIRS,h,2,297.12,5.64,D,0
15.24626,101.49456,367,0.37,0.58,2025-03-01,552,N,VIIRS,h,2,298.02,10,D,0
15.24696,101.498,357.12,0.37,0.58,2025-03-01,552,N,VIIRS,n,2,297.41,12.81,D,0
15.24946,101.49527,367,0.37,0.58,2025-03-01,552,N,VIIRS,h,2,297.49,6.63,D,0
15.25828,104.79547,334.11,0.45,0.47,2025-03-01,552,N,VIIRS,n,2,302.61,5.99,D,0
15.25905,104.79966,351.45,0.45,0.47,2025-03-01,552,N,VIIRS,n,2,306.02,11.04,D,0
15.25979,103.66618,344.87,0.53,0.5,2025-03-01,552,N,VIIRS,n,2,305.44,5.02,D,0
15.25994,104.75597,344.46,0.45,0.47,2025-03-01,552,N,VIIRS,n,2,307.11,10.98,D,0
15.27886,103.53762,334.61,0.54,0.51,2025-03-01,552,N,VIIRS,n,2,300.18,2.95,D,0
15.28535,106.85966,335.02,0.51,0.41,2025-03-01,552,N,VIIRS,l,2,306.16,3.16,D,0
15.31166,105.56922,334.45,0.4,0.45,2025-03-01,552,N,VIIRS,n,2,302.42,7.76,D,0
15.32244,106.73444,336.31,0.52,0.41,2025-03-01,552,N,VIIRS,l,2,307.36,4.73,D,0
15.32248,106.84889,338.91,0.51,0.41,2025-03-01,552,N,VIIRS,n,2,307.02,4.54,D,0
15.32275,105.46473,340.36,0.41,0.45,2025-03-01,552,N,VIIRS,n,2,306.66,22.76,D,0
15.32342,105.46855,343.02,0.41,0.45,2025-03-01,552,N,VIIRS,n,2,302.72,22.76,D,0
15.3376,106.84618,342.52,0.51,0.41,2025-03-01,552,N,VIIRS,n,2,306.75,8.65,D,0
15.33835,106.78187,340.6,0.52,0.41,2025-03-01,552,N,VIIRS,n,2,305.39,5.73,D,0
15.34138,106.84548,348.18,0.51,0.41,2025-03-01,552,N,VIIRS,n,2,306.49,4.88,D,0
15.34158,106.24071,335.08,0.55,0.43,2025-03-01,552,N,VIIRS,n,2,301.21,5.49,D,0
15.34287,106.78541,346.9,0.52,0.41,2025-03-01,552,N,VIIRS,n,2,307.46,5.73,D,0
15.34472,105.61326,334.39,0.4,0.44,2025-03-01,552,N,VIIRS,n,2,302.6,2.77,D,0
15.34516,106.84482,331.12,0.51,0.41,2025-03-01,552,N,VIIRS,l,2,304.13,4.88,D,0
15.34893,106.84405,330.68,0.51,0.41,2025-03-01,552,N,VIIRS,l,2,304.31,3.6,D,0
15.34992,106.80392,348.62,0.51,0.41,2025-03-01,552,N,VIIRS,n,2,310.94,30.29,D,0
15.35271,106.84338,335.09,0.51,0.41,2025-03-01,552,N,VIIRS,n,2,304.02,3.6,D,0
15.36856,106.69339,336.84,0.52,0.42,2025-03-01,552,N,VIIRS,n,2,305.14,3.1,D,0
15.36934,106.83222,336.69,0.51,0.41,2025-03-01,552,N,VIIRS,n,2,303.88,5.03,D,0
15.37075,106.83483,332.49,0.51,0.41,2025-03-01,552,N,VIIRS,l,2,303.98,4.5,D,0
15.37189,104.26167,340.14,0.49,0.48,2025-03-01,552,N,VIIRS,n,2,303.65,3.24,D,0
15.38098,101.29213,332.8,0.38,0.59,2025-03-01,552,N,VIIRS,n,2,297.47,3.49,D,0
15.3903,103.85587,337.2,0.52,0.5,2025-03-01,552,N,VIIRS,n,2,302.79,4.46,D,0
15.3942,101.65761,331.05,0.36,0.57,2025-03-01,552,N,VIIRS,n,2,299.17,1.99,D,0
15.39668,106.62846,344.04,0.53,0.42,2025-03-01,552,N,VIIRS,n,2,306.81,5.58,D,0
15.39846,106.45444,347.35,0.54,0.42,2025-03-01,552,N,VIIRS,n,2,302.68,10.31,D,0
15.39891,101.46578,342.27,0.37,0.58,2025-03-01,552,N,VIIRS,n,2,297.46,2.94,D,0
15.39962,101.46933,332.24,0.37,0.58,2025-03-01,552,N,VIIRS,n,2,298.47,2.94,D,0
15.41092,101.66325,344.96,0.36,0.57,2025-03-01,552,N,VIIRS,n,2,297.01,5.02,D,0
15.41415,103.62871,340.13,0.53,0.5,2025-03-01,552,N,VIIRS,n,2,304.01,6.32,D,0
15.42204,105.60522,333.99,0.4,0.44,2025-03-01,552,N,VIIRS,n,2,302.98,3.28,D,0
15.42224,101.47176,330.49,0.37,0.58,2025-03-01,552,N,VIIRS,n,2,299.28,1.51,D,0
15.42609,105.60435,336.24,0.4,0.44,2025-03-01,552,N,VIIRS,n,2,304.23,3.18,D,0
15.43388,105.57727,349.91,0.4,0.44,2025-03-01,552,N,VIIRS,n,2,301.81,6.03,D,0
15.43788,105.95717,340.46,0.57,0.43,2025-03-01,552,N,VIIRS,n,2,306.92,3.57,D,0
15.43794,105.57642,332.97,0.4,0.44,2025-03-01,552,N,VIIRS,n,2,300.95,2.85,D,0
15.4388,105.95435,341.94,0.57,0.43,2025-03-01,552,N,VIIRS,n,2,307.65,5.73,D,0
15.44199,105.57554,336.63,0.4,0.44,2025-03-01,552,N,VIIRS,n,2,302.15,2.85,D,0
15.44604,105.57466,334.47,0.4,0.44,2025-03-01,552,N,VIIRS,n,2,302.41,1.74,D,0
15.4523,102.41885,342.28,0.32,0.54,2025-03-01,552,N,VIIRS,n,2,302.3,6.22,D,0
15.45347,106.70768,339.71,0.52,0.41,2025-03-01,552,N,VIIRS,n,2,307.65,5.39,D,0
15.4774,101.12252,330.12,0.39,0.59,2025-03-01,552,N,VIIRS,n,2,296.86,3.72,D,0
15.4829,101.06461,336.27,0.39,0.59,2025-03-01,552,N,VIIRS,n,2,294.37,1.59,D,0
15.48343,101.06384,336.95,0.39,0.59,2025-03-01,552,N,VIIRS,n,2,293.37,1.59,D,0
15.48767,106.34087,337.58,0.54,0.42,2025-03-01,552,N,VIIRS,n,2,303.13,3.73,D,0
15.49991,105.73886,344.13,0.39,0.44,2025-03-01,552,N,VIIRS,n,2,306.62,5.09,D,0
15.5004,105.73825,343.58,0.39,0.44,2025-03-01,552,N,VIIRS,n,2,306.2,3.82,D,0
15.50163,101.55055,330.77,0.36,0.58,2025-03-01,552,N,VIIRS,n,2,299.32,1.7,D,0
15.50293,106.52241,333.22,0.53,0.42,2025-03-01,552,N,VIIRS,n,2,304.99,2.75,D,0
15.51274,103.98412,348.14,0.5,0.49,2025-03-01,552,N,VIIRS,n,2,307.09,6.87,D,0
15.51359,103.98529,348.46,0.5,0.49,2025-03-01,552,N,VIIRS,n,2,306.33,10.54,D,0
15.51724,103.98322,332.73,0.5,0.49,2025-03-01,552,N,VIIRS,l,2,304.33,6.87,D,0
15.51738,106.39777,340.45,0.54,0.42,2025-03-01,552,N,VIIRS,n,2,305.87,12.84,D,0
15.51822,106.39985,335.63,0.54,0.42,2025-03-01,552,N,VIIRS,n,2,304.96,12.49,D,0
15.51874,104.81577,335.47,0.45,0.47,2025-03-01,552,N,VIIRS,n,2,301.16,3.05,D,0
15.52484,105.50089,335.13,0.4,0.45,2025-03-01,552,N,VIIRS,n,2,304.19,2.15,D,0
15.53231,104.53924,342.24,0.46,0.47,2025-03-01,552,N,VIIRS,n,2,303.54,7,D,0
15.53297,105.11113,334.21,0.43,0.46,2025-03-01,552,N,VIIRS,n,2,304.09,1.03,D,0
15.53665,104.53836,355.97,0.46,0.47,2025-03-01,552,N,VIIRS,n,2,303.37,7,D,0
15.53745,104.54268,345.59,0.46,0.47,2025-03-01,552,N,VIIRS,n,2,303.37,7,D,0
15.53764,106.05071,344.01,0.56,0.43,2025-03-01,552,N,VIIRS,n,2,307.97,17.03,D,0
15.54099,104.53748,367,0.46,0.47,2025-03-01,552,N,VIIRS,h,2,305.36,9.01,D,0
15.54158,106.04993,338.67,0.56,0.43,2025-03-01,552,N,VIIRS,n,2,304.53,17.03,D,0
15.54178,104.54179,330.29,0.46,0.47,2025-03-01,552,N,VIIRS,n,2,302.05,9.01,D,0
15.54248,106.12539,332.02,0.56,0.43,2025-03-01,552,N,VIIRS,l,2,305.15,3.6,D,0
15.54735,106.31529,339.67,0.54,0.42,2025-03-01,552,N,VIIRS,n,2,308.44,36.89,D,0
15.55146,106.29289,334.3,0.55,0.42,2025-03-01,552,N,VIIRS,l,2,307.33,3.48,D,0
15.55178,106.15559,336.07,0.56,0.43,2025-03-01,552,N,VIIRS,n,2,303.7,3.73,D,0
15.55301,106.00711,346.03,0.57,0.43,2025-03-01,552,N,VIIRS,n,2,307.81,10.54,D,0
15.55496,106.0093,346.28,0.57,0.43,2025-03-01,552,N,VIIRS,n,2,305.49,6.28,D,0
15.55569,106.15483,337.42,0.56,0.43,2025-03-01,552,N,VIIRS,n,2,303.36,6.14,D,0
15.55658,106.15997,338.28,0.56,0.43,2025-03-01,552,N,VIIRS,n,2,302.93,6.14,D,0
15.55869,101.18382,338.81,0.38,0.59,2025-03-01,552,N,VIIRS,n,2,294.39,3.62,D,0
15.56239,105.87594,345.75,0.38,0.43,2025-03-01,552,N,VIIRS,n,2,309.78,23.4,D,0
15.56304,105.87955,349.28,0.38,0.43,2025-03-01,552,N,VIIRS,n,2,313.03,23.4,D,0
15.56638,105.87518,346.46,0.38,0.43,2025-03-01,552,N,VIIRS,n,2,309.2,14.18,D,0
15.56702,105.87877,351.8,0.38,0.43,2025-03-01,552,N,VIIRS,n,2,307.95,14.18,D,0
15.56732,100.46447,335.22,0.43,0.62,2025-03-01,552,N,VIIRS,n,2,297.03,1.89,D,0
15.56969,100.46388,335.07,0.43,0.62,2025-03-01,552,N,VIIRS,n,2,296.98,2.95,D,0
15.57171,106.72584,339.93,0.52,0.41,2025-03-01,552,N,VIIRS,n,2,313.71,73.96,D,0
15.58003,106.15804,333.08,0.55,0.43,2025-03-01,552,N,VIIRS,l,2,303.71,3.8,D,0
15.58007,106.15536,339.7,0.56,0.43,2025-03-01,552,N,VIIRS,n,2,306.16,5.49,D,0
15.59846,106.2627,336.84,0.55,0.42,2025-03-01,552,N,VIIRS,n,2,305.39,3.53,D,0
15.59911,106.26509,332.37,0.55,0.42,2025-03-01,552,N,VIIRS,l,2,304.39,1.55,D,0
15.60209,106.25926,341.57,0.55,0.42,2025-03-01,552,N,VIIRS,n,2,305.69,3.58,D,0
15.60235,106.26194,344.91,0.55,0.42,2025-03-01,552,N,VIIRS,n,2,305.75,3.53,D,0
15.61978,106.6871,340.17,0.52,0.41,2025-03-01,552,N,VIIRS,n,2,310.23,14.8,D,0
15.62055,106.04286,337.82,0.56,0.43,2025-03-01,552,N,VIIRS,l,2,308.57,3.28,D,0
15.62155,106.11803,331.71,0.56,0.43,2025-03-01,552,N,VIIRS,l,2,305.96,2.89,D,0
15.62449,106.04211,336.64,0.56,0.43,2025-03-01,552,N,VIIRS,l,2,307.21,3.28,D,0
15.62521,104.06005,344.05,0.5,0.49,2025-03-01,552,N,VIIRS,n,2,303.8,23.8,D,0
15.62546,106.11727,344.47,0.56,0.43,2025-03-01,552,N,VIIRS,n,2,305.1,5.75,D,0
15.62666,104.05658,337.69,0.5,0.49,2025-03-01,552,N,VIIRS,n,2,305.21,24.29,D,0
15.62703,105.77069,335.72,0.39,0.44,2025-03-01,552,N,VIIRS,n,2,303.85,2.88,D,0
15.62754,104.06121,335.97,0.5,0.49,2025-03-01,552,N,VIIRS,n,2,302.2,18.83,D,0
15.62884,104.05454,337.38,0.5,0.49,2025-03-01,552,N,VIIRS,n,2,300.11,16,D,0
15.62969,104.05919,343.98,0.5,0.49,2025-03-01,552,N,VIIRS,n,2,304.81,23.8,D,0
15.63113,104.05569,342.67,0.5,0.49,2025-03-01,552,N,VIIRS,n,2,301.56,8.25,D,0
15.63351,106.41395,339.07,0.54,0.42,2025-03-01,552,N,VIIRS,l,2,309.25,2.74,D,0
15.63415,104.05824,345.14,0.5,0.49,2025-03-01,552,N,VIIRS,n,2,303.04,14.05,D,0
15.63438,106.4189,334.71,0.53,0.42,2025-03-01,552,N,VIIRS,l,2,304.92,2.74,D,0
15.63464,104.07417,336.64,0.49,0.49,2025-03-01,552,N,VIIRS,n,2,299.59,11.53,D,0
15.63526,106.59419,336.77,0.52,0.42,2025-03-01,552,N,VIIRS,n,2,304.71,1.61,D,0
15.6356,104.05478,339.55,0.5,0.49,2025-03-01,552,N,VIIRS,n,2,299.64,8.25,D,0
15.63647,104.05939,336.6,0.5,0.49,2025-03-01,552,N,VIIRS,n,2,301.73,17.46,D,0
15.63669,104.07219,346.8,0.5,0.49,2025-03-01,552,N,VIIRS,n,2,300.96,12.58,D,0
15.63736,106.41323,343.08,0.54,0.42,2025-03-01,552,N,VIIRS,n,2,309.61,8.52,D,0
15.63823,104.06867,354.08,0.49,0.49,2025-03-01,552,N,VIIRS,n,2,303.6,11.53,D,0
15.6391,104.07328,340.55,0.49,0.49,2025-03-01,552,N,VIIRS,n,2,299.65,11.53,D,0
15.6403,104.0666,354.94,0.5,0.49,2025-03-01,552,N,VIIRS,n,2,301.07,12.58,D,0
15.64115,104.07125,343.99,0.5,0.49,2025-03-01,552,N,VIIRS,n,2,301.24,12.58,D,0
15.64146,106.09276,340,0.56,0.43,2025-03-01,552,N,VIIRS,n,2,309.49,9.5,D,0
15.64268,104.06772,333.07,0.49,0.49,2025-03-01,552,N,VIIRS,n,2,299.33,2.92,D,0
15.64506,101.77811,339.88,0.35,0.57,2025-03-01,552,N,VIIRS,n,2,296.81,2.6,D,0
15.64959,101.71968,330.58,0.35,0.57,2025-03-01,552,N,VIIRS,n,2,298.59,3.87,D,0
15.65024,101.72292,349,0.35,0.57,2025-03-01,552,N,VIIRS,n,2,296.6,3.87,D,0
15.65639,105.77279,333.49,0.39,0.44,2025-03-01,552,N,VIIRS,n,2,301.81,2.37,D,0
15.66,102.10604,332.86,0.33,0.55,2025-03-01,552,N,VIIRS,n,2,299.79,5.2,D,0
15.6606,102.10912,341.45,0.33,0.55,2025-03-01,552,N,VIIRS,n,2,300.79,9.59,D,0
15.66388,105.55643,348.8,0.4,0.44,2025-03-01,552,N,VIIRS,n,2,302.31,3.85,D,0
15.66389,106.63115,334.2,0.52,0.42,2025-03-01,552,N,VIIRS,l,2,309.11,3.64,D,0
15.66428,104.03464,342.49,0.5,0.49,2025-03-01,552,N,VIIRS,n,2,304.41,13.11,D,0
15.6645,105.55997,333.21,0.4,0.44,2025-03-01,552,N,VIIRS,n,2,302.22,3.85,D,0
15.66475,106.02628,333.69,0.56,0.43,2025-03-01,552,N,VIIRS,l,2,305.3,6.66,D,0
15.66515,104.03927,343.66,0.5,0.49,2025-03-01,552,N,VIIRS,n,2,305.64,13.11,D,0
15.66559,106.63385,340.37,0.52,0.42,2025-03-01,552,N,VIIRS,l,2,312.12,5.6,D,0
15.66568,102.10809,367,0.33,0.55,2025-03-01,552,N,VIIRS,h,2,300.09,9.59,D,0
15.66603,106.02332,338.25,0.56,0.43,2025-03-01,552,N,VIIRS,n,2,306.88,2.48,D,0
15.66607,106.66585,340.16,0.52,0.41,2025-03-01,552,N,VIIRS,n,2,308.07,14.29,D,0
15.66627,102.11116,367,0.33,0.55,2025-03-01,552,N,VIIRS,h,2,301.56,9.59,D,0
15.66645,106.6457,351.32,0.52,0.41,2025-03-01,552,N,VIIRS,n,2,311.86,12.95,D,0
15.66695,106.67083,346.31,0.52,0.41,2025-03-01,552,N,VIIRS,n,2,311.41,33.17,D,0
15.66742,105.50493,337.89,0.4,0.44,2025-03-01,552,N,VIIRS,n,2,304.45,2.36,D,0
15.66756,106.66867,348.7,0.52,0.41,2025-03-01,552,N,VIIRS,n,2,315.65,40.11,D,0
15.6677,106.63046,337.47,0.52,0.42,2025-03-01,552,N,VIIRS,l,2,308.38,5.43,D,0
15.66791,105.5555,346.64,0.4,0.44,2025-03-01,552,N,VIIRS,n,2,309.85,31.58,D,0
15.66805,106.64841,347.05,0.52,0.41,2025-03-01,552,N,VIIRS,n,2,309.3,13.29,D,0
15.66809,105.50872,336.92,0.4,0.44,2025-03-01,552,N,VIIRS,n,2,304.71,3.96,D,0
15.66854,105.5591,341.7,0.4,0.44,2025-03-01,552,N,VIIRS,n,2,302.7,31.58,D,0
15.66988,106.66519,351.67,0.52,0.41,2025-03-01,552,N,VIIRS,n,2,306.97,14.29,D,0
15.67052,106.66306,338.54,0.52,0.41,2025-03-01,552,N,VIIRS,n,2,307.37,7.27,D,0
15.67077,106.67029,353.1,0.52,0.41,2025-03-01,552,N,VIIRS,n,2,306.04,33.17,D,0
15.67101,106.30897,339.46,0.54,0.42,2025-03-01,552,N,VIIRS,n,2,308.11,4.56,D,0
15.67138,106.66814,348.57,0.52,0.41,2025-03-01,552,N,VIIRS,n,2,304.57,40.11,D,0
15.67366,105.45048,331.45,0.41,0.45,2025-03-01,552,N,VIIRS,l,2,304.62,2.35,D,0
15.67374,106.20888,331.2,0.55,0.43,2025-03-01,552,N,VIIRS,l,2,305.39,3.64,D,0
15.67435,105.45426,333.24,0.4,0.45,2025-03-01,552,N,VIIRS,l,2,304.62,4.31,D,0
15.67843,105.45348,354.22,0.4,0.45,2025-03-01,552,N,VIIRS,n,2,305.66,4.31,D,0
15.68647,105.45126,335.69,0.4,0.45,2025-03-01,552,N,VIIRS,n,2,303.03,2.41,D,0
15.68672,106.58179,335.44,0.52,0.42,2025-03-01,552,N,VIIRS,l,2,306.14,2.9,D,0
15.69757,106.16454,344.86,0.55,0.43,2025-03-01,552,N,VIIRS,n,2,313.12,13.22,D,0
15.71932,102.04355,331.44,0.33,0.56,2025-03-01,552,N,VIIRS,n,2,299.67,2.44,D,0
15.72031,106.52524,334.91,0.53,0.42,2025-03-01,552,N,VIIRS,l,2,307.84,5.18,D,0
15.72881,106.5288,335.32,0.53,0.42,2025-03-01,552,N,VIIRS,l,2,307.64,4.91,D,0
15.73268,106.01881,337.73,0.56,0.43,2025-03-01,552,N,VIIRS,l,2,307.77,4.96,D,0
15.73874,105.84207,334.73,0.38,0.43,2025-03-01,552,N,VIIRS,l,2,306.94,1.64,D,0
15.7426,106.50805,341.94,0.53,0.42,2025-03-01,552,N,VIIRS,n,2,310.63,4.84,D,0
15.74346,106.51296,333.76,0.53,0.42,2025-03-01,552,N,VIIRS,l,2,306.09,4.84,D,0
15.74544,106.51055,349.58,0.53,0.42,2025-03-01,552,N,VIIRS,n,2,309.71,15.61,D,0
15.74642,106.50735,336.53,0.53,0.42,2025-03-01,552,N,VIIRS,l,2,309.78,3.17,D,0
15.74729,106.51228,335.97,0.53,0.42,2025-03-01,552,N,VIIRS,l,2,306.88,3.17,D,0
15.75415,106.09537,334.19,0.56,0.43,2025-03-01,552,N,VIIRS,l,2,306.84,2.13,D,0
15.75661,105.41812,340.26,0.41,0.45,2025-03-01,552,N,VIIRS,n,2,314.41,38.93,D,0
15.75727,105.42188,342.94,0.41,0.45,2025-03-01,552,N,VIIRS,n,2,305.19,22.36,D,0
15.75728,106.43414,338.94,0.53,0.42,2025-03-01,552,N,VIIRS,n,2,305.76,7.23,D,0
15.7607,105.41733,346.61,0.41,0.45,2025-03-01,552,N,VIIRS,n,2,305.05,8.28,D,0
15.77552,105.45364,337.52,0.4,0.45,2025-03-01,552,N,VIIRS,n,2,306.14,7.22,D,0
15.77806,105.45267,343.39,0.4,0.44,2025-03-01,552,N,VIIRS,n,2,305.14,5.44,D,0
15.78006,105.44048,336.92,0.4,0.45,2025-03-01,552,N,VIIRS,n,2,304.44,4.11,D,0
15.78017,106.33743,335.5,0.54,0.42,2025-03-01,552,N,VIIRS,l,2,306.84,3,D,0
15.78075,105.44426,346.33,0.4,0.45,2025-03-01,552,N,VIIRS,n,2,305.58,4.11,D,0
15.78144,105.44806,331.08,0.4,0.44,2025-03-01,552,N,VIIRS,l,2,304.34,2.92,D,0
15.7817,105.88866,332.68,0.57,0.43,2025-03-01,552,N,VIIRS,l,2,306.42,4.67,D,0
15.78193,102.06611,346.8,0.33,0.55,2025-03-01,552,N,VIIRS,n,2,302.92,3.25,D,0
15.78254,102.06921,347.44,0.33,0.55,2025-03-01,552,N,VIIRS,n,2,302.49,8.78,D,0
15.7835,105.4825,333.18,0.4,0.44,2025-03-01,552,N,VIIRS,l,2,303.94,3.41,D,0
15.78369,102.06372,332.03,0.33,0.55,2025-03-01,552,N,VIIRS,n,2,300.49,3.12,D,0
15.78403,106.3367,336.25,0.54,0.42,2025-03-01,552,N,VIIRS,n,2,306.12,3,D,0
15.78431,102.06682,367,0.33,0.55,2025-03-01,552,N,VIIRS,h,2,303.58,5.36,D,0
15.78484,105.48277,341.26,0.4,0.44,2025-03-01,552,N,VIIRS,n,2,304.51,4.7,D,0
15.78701,102.06506,339.49,0.33,0.55,2025-03-01,552,N,VIIRS,n,2,300.91,3.25,D,0
15.78757,105.48173,336.46,0.4,0.44,2025-03-01,552,N,VIIRS,n,2,303.57,3.67,D,0
15.78939,102.06577,332.46,0.33,0.55,2025-03-01,552,N,VIIRS,n,2,299.36,5.36,D,0
15.79272,101.43609,335.4,0.36,0.58,2025-03-01,552,N,VIIRS,n,2,297.35,2.68,D,0
15.79274,101.51743,335.95,0.36,0.57,2025-03-01,552,N,VIIRS,n,2,299.17,2.7,D,0
15.79391,101.51847,340.23,0.36,0.57,2025-03-01,552,N,VIIRS,n,2,298.51,3.35,D,0
15.80795,101.51135,337.05,0.36,0.57,2025-03-01,552,N,VIIRS,n,2,297.87,3.5,D,0
15.81671,105.57292,337.95,0.4,0.44,2025-03-01,552,N,VIIRS,n,2,306.67,4.27,D,0
15.82368,106.30679,338.89,0.54,0.42,2025-03-01,552,N,VIIRS,n,2,308.26,2.31,D,0
15.82614,106.30303,341.14,0.54,0.42,2025-03-01,552,N,VIIRS,n,2,306.28,2.8,D,0
15.82755,106.30608,332.49,0.54,0.42,2025-03-01,552,N,VIIRS,l,2,307.45,1.83,D,0
15.83452,105.4147,333.8,0.4,0.45,2025-03-01,552,N,VIIRS,l,2,306.49,3.99,D,0
15.84047,105.49519,343.34,0.4,0.44,2025-03-01,552,N,VIIRS,n,2,303.91,7.85,D,0
15.8432,106.40307,340.8,0.53,0.42,2025-03-01,552,N,VIIRS,l,2,311.57,9.58,D,0
15.84436,106.40092,343.49,0.53,0.42,2025-03-01,552,N,VIIRS,n,2,310.56,10.59,D,0
15.85946,105.48386,334.47,0.4,0.44,2025-03-01,552,N,VIIRS,l,2,304.64,1.76,D,0
15.8765,106.22009,336.4,0.54,0.42,2025-03-01,552,N,VIIRS,n,2,303.15,3.1,D,0
15.87822,106.27598,331.49,0.54,0.42,2025-03-01,552,N,VIIRS,l,2,306.36,4.07,D,0
15.8794,101.48493,336.96,0.36,0.57,2025-03-01,552,N,VIIRS,n,2,294.3,4.12,D,0
15.8813,101.49458,336.75,0.36,0.57,2025-03-01,552,N,VIIRS,n,2,295.56,4.72,D,0
15.88448,101.49124,367,0.36,0.57,2025-03-01,552,N,VIIRS,h,2,297.21,8.73,D,0
15.88514,101.49449,347.78,0.36,0.57,2025-03-01,552,N,VIIRS,n,2,294.17,8.73,D,0
15.88601,101.49072,367,0.36,0.57,2025-03-01,552,N,VIIRS,h,2,294.29,5.77,D,0
15.88665,101.49397,338.5,0.36,0.57,2025-03-01,552,N,VIIRS,n,2,294.36,5.77,D,0
15.89966,105.98941,332.06,0.56,0.43,2025-03-01,552,N,VIIRS,n,2,301.55,3.56,D,0
15.90059,105.99461,338.18,0.56,0.43,2025-03-01,552,N,VIIRS,n,2,303.11,4.67,D,0
15.90152,105.99983,335.13,0.56,0.43,2025-03-01,552,N,VIIRS,n,2,304.36,4.67,D,0
15.91399,106.32119,337.18,0.54,0.42,2025-03-01,552,N,VIIRS,l,2,308.61,4.32,D,0
15.92041,105.56768,332.63,0.4,0.44,2025-03-01,552,N,VIIRS,l,2,306.15,2.73,D,0
15.948,105.74332,341.09,0.39,0.44,2025-03-01,552,N,VIIRS,n,2,303.97,4.7,D,0
15.94866,105.74699,339.14,0.39,0.44,2025-03-01,552,N,VIIRS,n,2,303.61,4.7,D,0
15.95229,105.67522,331.31,0.39,0.44,2025-03-01,552,N,VIIRS,l,2,302.06,2.48,D,0
15.95779,105.4726,345.24,0.4,0.44,2025-03-01,552,N,VIIRS,n,2,301.88,2.78,D,0
15.9599,106.74838,333.14,0.51,0.41,2025-03-01,552,N,VIIRS,n,2,302.07,30.86,D,0
15.9617,106.22633,347.65,0.54,0.42,2025-03-01,552,N,VIIRS,n,2,306.87,6.66,D,0
15.96193,104.17271,342.2,0.48,0.48,2025-03-01,552,N,VIIRS,n,2,301.4,4.89,D,0
15.96255,104.05035,330.74,0.49,0.49,2025-03-01,552,N,VIIRS,n,2,298.66,3.05,D,0
15.96274,104.17719,331.11,0.48,0.48,2025-03-01,552,N,VIIRS,l,2,302.04,6.11,D,0
15.96634,104.17186,344.1,0.48,0.48,2025-03-01,552,N,VIIRS,n,2,301.4,4.89,D,0
15.96716,104.17632,339.28,0.48,0.48,2025-03-01,552,N,VIIRS,n,2,300.59,6.11,D,0
15.96839,104.33196,331.44,0.47,0.48,2025-03-01,552,N,VIIRS,n,2,300.74,1.14,D,0
15.96957,104.1734,335.87,0.48,0.48,2025-03-01,552,N,VIIRS,n,2,299.61,1.28,D,0
15.98086,105.57898,332.88,0.39,0.44,2025-03-01,552,N,VIIRS,l,2,306.31,2.76,D,0
15.98271,106.52673,302.93,0.52,0.42,2025-03-01,552,N,VIIRS,l,2,306.1,36.54,D,0
15.98359,106.53173,333.74,0.52,0.42,2025-03-01,552,N,VIIRS,n,2,301.39,35.37,D,0
15.98593,105.51313,340.11,0.4,0.44,2025-03-01,552,N,VIIRS,n,2,306.5,3.76,D,0
15.98658,105.51682,334.16,0.4,0.44,2025-03-01,552,N,VIIRS,l,2,305.31,3.38,D,0
15.99941,107.02404,337.19,0.49,0.4,2025-03-01,552,N,VIIRS,n,2,300.14,6.93,D,0
16.00234,105.58263,332.52,0.39,0.44,2025-03-01,552,N,VIIRS,l,2,304.88,1.96,D,0
16.00818,105.50079,347.08,0.4,0.44,2025-03-01,552,N,VIIRS,n,2,305.93,4.84,D,0
16.00885,105.50449,336.67,0.4,0.44,2025-03-01,552,N,VIIRS,n,2,306.16,3.38,D,0
16.01561,105.49557,331,0.4,0.44,2025-03-01,552,N,VIIRS,l,2,303.98,2.35,D,0
16.01966,105.49483,342.86,0.4,0.44,2025-03-01,552,N,VIIRS,n,2,304.67,2.35,D,0
16.03689,105.68525,342.82,0.39,0.44,2025-03-01,552,N,VIIRS,n,2,307.35,2.03,D,0
16.03739,105.68451,339.88,0.39,0.44,2025-03-01,552,N,VIIRS,n,2,307.08,3.29,D,0
16.04174,105.57074,342.07,0.39,0.44,2025-03-01,552,N,VIIRS,n,2,304.72,3.66,D,0
16.04765,102.68974,342.53,0.6,0.53,2025-03-01,552,N,VIIRS,n,2,300.8,6.08,D,0
16.05772,105.61327,331.85,0.39,0.44,2025-03-01,552,N,VIIRS,l,2,305.12,2.14,D,0
16.06914,105.44326,333.25,0.4,0.44,2025-03-01,552,N,VIIRS,l,2,306.54,1.97,D,0
16.0698,105.44699,333.11,0.4,0.44,2025-03-01,552,N,VIIRS,l,2,305.89,1.81,D,0
16.07046,105.45072,333.69,0.4,0.44,2025-03-01,552,N,VIIRS,l,2,305.98,1.81,D,0
16.07825,105.24203,338.9,0.41,0.45,2025-03-01,552,N,VIIRS,n,2,306.57,3.32,D,0
16.08722,106.1386,341.2,0.55,0.42,2025-03-01,552,N,VIIRS,n,2,305.08,7.32,D,0
16.09534,106.27726,342.63,0.54,0.42,2025-03-01,552,N,VIIRS,n,2,307.85,9.85,D,0
16.10276,105.16577,330.26,0.42,0.45,2025-03-01,552,N,VIIRS,l,2,304.88,1.72,D,0
16.10346,105.16964,337.85,0.41,0.45,2025-03-01,552,N,VIIRS,n,2,306.21,1.72,D,0
16.10631,105.20899,330.06,0.41,0.45,2025-03-01,552,N,VIIRS,l,2,304.38,2.19,D,0
16.11199,105.40391,341.6,0.4,0.44,2025-03-01,552,N,VIIRS,n,2,304.44,3.28,D,0
16.11665,105.2427,336.04,0.41,0.45,2025-03-01,552,N,VIIRS,l,2,307.35,3.33,D,0
16.11733,105.24649,340.48,0.41,0.45,2025-03-01,552,N,VIIRS,n,2,304.89,3.33,D,0
16.12185,105.62382,341.46,0.39,0.44,2025-03-01,552,N,VIIRS,n,2,300.97,2.41,D,0
16.12879,106.33261,337.85,0.53,0.42,2025-03-01,552,N,VIIRS,n,2,308.44,5.51,D,0
16.13859,105.22279,332.35,0.41,0.45,2025-03-01,552,N,VIIRS,l,2,305.47,1.61,D,0
16.14649,105.45537,338.98,0.4,0.44,2025-03-01,552,N,VIIRS,n,2,305.54,2.68,D,0
16.155,105.24337,344.75,0.41,0.45,2025-03-01,552,N,VIIRS,n,2,305.94,3.82,D,0
16.162,105.44839,331.49,0.4,0.44,2025-03-01,552,N,VIIRS,l,2,305.42,2.27,D,0
16.16218,105.58913,337.7,0.39,0.44,2025-03-01,552,N,VIIRS,n,2,306.82,2.53,D,0
16.16318,105.50175,333.8,0.4,0.44,2025-03-01,552,N,VIIRS,l,2,307.57,2.11,D,0
16.16384,105.50545,333.81,0.4,0.44,2025-03-01,552,N,VIIRS,l,2,307.4,2.68,D,0
16.16721,105.50097,336.17,0.4,0.44,2025-03-01,552,N,VIIRS,l,2,308.23,4.4,D,0
16.1717,105.93269,335.41,0.56,0.43,2025-03-01,552,N,VIIRS,l,2,307.06,3.75,D,0
16.17351,105.94308,333.36,0.56,0.43,2025-03-01,552,N,VIIRS,l,2,306.73,2.95,D,0
16.17767,105.41856,349.88,0.4,0.44,2025-03-01,552,N,VIIRS,n,2,311.83,58.93,D,0
16.18705,101.64711,343.2,0.35,0.57,2025-03-01,552,N,VIIRS,n,2,296.51,4.64,D,0
16.18855,101.65462,352.08,0.35,0.56,2025-03-01,552,N,VIIRS,n,2,296.56,7.84,D,0
16.18906,105.43552,339.49,0.4,0.44,2025-03-01,552,N,VIIRS,n,2,307.53,2.07,D,0
16.18944,101.63206,332.41,0.35,0.57,2025-03-01,552,N,VIIRS,n,2,295.56,3.7,D,0
16.19229,105.688,333.21,0.39,0.44,2025-03-01,552,N,VIIRS,l,2,305.33,1.28,D,0
16.19628,105.68723,331.23,0.39,0.44,2025-03-01,552,N,VIIRS,l,2,304.98,1.28,D,0
16.19768,105.57856,346.3,0.39,0.44,2025-03-01,552,N,VIIRS,n,2,308.72,3.97,D,0
16.19865,101.65125,347.91,0.35,0.57,2025-03-01,552,N,VIIRS,n,2,294.66,7.24,D,0
16.20811,105.61405,344.61,0.39,0.44,2025-03-01,552,N,VIIRS,n,2,308,4.66,D,0
16.22121,102.58401,331.29,0.6,0.53,2025-03-01,552,N,VIIRS,n,2,300.08,2.13,D,0
16.22298,102.58118,339.78,0.6,0.53,2025-03-01,552,N,VIIRS,n,2,301.15,8.27,D,0
16.2239,102.57153,330.01,0.6,0.53,2025-03-01,552,N,VIIRS,l,2,301.51,3.16,D,0
16.22416,105.30927,330.48,0.4,0.45,2025-03-01,552,N,VIIRS,l,2,301.63,2.59,D,0
16.22609,102.58306,330.56,0.6,0.53,2025-03-01,552,N,VIIRS,l,2,301.87,6.88,D,0
16.23138,105.57988,335.65,0.39,0.44,2025-03-01,552,N,VIIRS,n,2,304.49,1.95,D,0
16.23172,105.58328,342.35,0.39,0.44,2025-03-01,552,N,VIIRS,n,2,304.09,2.84,D,0
16.24271,106.7719,343.87,0.5,0.41,2025-03-01,552,N,VIIRS,n,2,307.5,5.63,D,0
16.24788,105.39414,334.61,0.4,0.44,2025-03-01,552,N,VIIRS,l,2,305.32,2.56,D,0
16.24981,107.22069,330.32,0.48,0.4,2025-03-01,552,N,VIIRS,n,2,299.45,2.39,D,0
16.25463,102.89113,338.66,0.58,0.52,2025-03-01,552,N,VIIRS,n,2,300.98,2.71,D,0
16.26138,105.60807,331.48,0.39,0.44,2025-03-01,552,N,VIIRS,l,2,305.19,2.26,D,0
16.29036,105.42062,330.56,0.4,0.44,2025-03-01,552,N,VIIRS,l,2,304.98,3.11,D,0
16.30394,105.52091,352,0.39,0.44,2025-03-01,552,N,VIIRS,n,2,307.74,4.85,D,0
16.32663,105.4364,338.03,0.4,0.44,2025-03-01,552,N,VIIRS,n,2,305.96,4.21,D,0
16.33067,105.43562,331.11,0.4,0.44,2025-03-01,552,N,VIIRS,l,2,305.32,1.52,D,0
16.34341,105.48277,348.56,0.39,0.44,2025-03-01,552,N,VIIRS,n,2,310.14,9.83,D,0
16.34744,105.482,344.12,0.39,0.44,2025-03-01,552,N,VIIRS,n,2,307.1,5.57,D,0
16.34811,105.48569,342.43,0.39,0.44,2025-03-01,552,N,VIIRS,n,2,308.45,4.83,D,0
16.35413,105.49593,367,0.39,0.44,2025-03-01,552,N,VIIRS,h,2,309.53,10.38,D,0
16.3575,105.49152,355.15,0.39,0.44,2025-03-01,552,N,VIIRS,n,2,306.8,16.83,D,0
16.35815,105.49516,355.03,0.39,0.44,2025-03-01,552,N,VIIRS,n,2,307.54,16.83,D,0
16.36559,106.07792,343.78,0.55,0.42,2025-03-01,552,N,VIIRS,n,2,316.69,70.68,D,0
16.36948,106.07722,339.96,0.55,0.42,2025-03-01,552,N,VIIRS,n,2,309.53,8.53,D,0
16.37566,105.47663,336.06,0.39,0.44,2025-03-01,552,N,VIIRS,n,2,304.2,3.42,D,0
16.37903,105.47216,339.28,0.39,0.44,2025-03-01,552,N,VIIRS,n,2,304.9,3.05,D,0
16.37947,103.23131,340.38,0.54,0.51,2025-03-01,552,N,VIIRS,n,2,301.77,4.76,D,0
16.37969,105.47585,346.71,0.39,0.44,2025-03-01,552,N,VIIRS,n,2,305.53,3.05,D,0
16.38044,103.23639,332.5,0.54,0.51,2025-03-01,552,N,VIIRS,n,2,301.23,5.29,D,0
16.38154,105.64804,334.97,0.38,0.44,2025-03-01,552,N,VIIRS,l,2,307.05,1.24,D,0
16.38332,105.56579,335.79,0.39,0.44,2025-03-01,552,N,VIIRS,l,2,307.58,2.17,D,0
16.38412,103.23037,344.46,0.54,0.51,2025-03-01,552,N,VIIRS,n,2,303.3,4.76,D,0
16.38591,105.58028,340.57,0.39,0.44,2025-03-01,552,N,VIIRS,n,2,307.18,1.92,D,0
16.39713,105.48013,330.59,0.39,0.44,2025-03-01,552,N,VIIRS,l,2,304.68,2.56,D,0
16.41481,105.43865,334.55,0.4,0.44,2025-03-01,552,N,VIIRS,l,2,307.78,3.58,D,0
16.41697,105.52169,331.44,0.39,0.44,2025-03-01,552,N,VIIRS,l,2,305.35,0.67,D,0
16.42542,103.97238,351.04,0.49,0.48,2025-03-01,552,N,VIIRS,n,2,304.08,8.27,D,0
16.42986,103.97152,332.96,0.49,0.48,2025-03-01,552,N,VIIRS,n,2,302.63,4.42,D,0
16.4332,105.82244,335.06,0.56,0.43,2025-03-01,552,N,VIIRS,n,2,304.81,2.64,D,0
16.43866,106.80848,334.91,0.5,0.41,2025-03-01,552,N,VIIRS,n,2,303.03,2.61,D,0
16.44499,104.89822,345.49,0.43,0.46,2025-03-01,552,N,VIIRS,n,2,307.54,4.08,D,0
16.45912,106.24841,340.98,0.53,0.42,2025-03-01,552,N,VIIRS,n,2,308.23,10.19,D,0
16.46019,106.24546,344.04,0.53,0.42,2025-03-01,552,N,VIIRS,n,2,309.36,17.94,D,0
16.46297,106.24772,334.99,0.53,0.42,2025-03-01,552,N,VIIRS,l,2,305.78,8.42,D,0
16.46368,104.88229,337.63,0.43,0.46,2025-03-01,552,N,VIIRS,n,2,305,1.35,D,0
16.47234,105.5968,333.58,0.39,0.44,2025-03-01,552,N,VIIRS,l,2,306.92,3.04,D,0
16.47365,105.60405,343.31,0.39,0.44,2025-03-01,552,N,VIIRS,n,2,306.11,3.48,D,0
16.4787,106.43159,341,0.52,0.42,2025-03-01,552,N,VIIRS,n,2,306.65,4.76,D,0
16.48019,105.45594,339.78,0.39,0.44,2025-03-01,552,N,VIIRS,n,2,306.45,2.62,D,0
16.48276,104.9157,330.83,0.42,0.45,2025-03-01,552,N,VIIRS,l,2,302.67,3.14,D,0
16.48454,104.97253,330.91,0.42,0.45,2025-03-01,552,N,VIIRS,l,2,304.97,2.33,D,0
16.48548,104.90693,331.93,0.42,0.46,2025-03-01,552,N,VIIRS,l,2,303.82,1.8,D,0
16.4862,104.9109,331.57,0.42,0.45,2025-03-01,552,N,VIIRS,l,2,303.49,1.8,D,0
16.49823,103.36117,343.16,0.53,0.5,2025-03-01,552,N,VIIRS,n,2,301.54,6.86,D,0
16.49983,104.86704,336.27,0.43,0.46,2025-03-01,552,N,VIIRS,n,2,303.16,2.36,D,0
16.50172,104.94883,331.29,0.42,0.45,2025-03-01,552,N,VIIRS,l,2,301.96,0.83,D,0
16.50283,103.36023,339.12,0.53,0.5,2025-03-01,552,N,VIIRS,n,2,301.82,4.82,D,0
16.50687,105.48883,345.93,0.39,0.44,2025-03-01,552,N,VIIRS,n,2,307.64,2.94,D,0
16.50752,105.49249,332.77,0.39,0.44,2025-03-01,552,N,VIIRS,l,2,304.31,2.55,D,0
16.50971,105.45796,334.02,0.39,0.44,2025-03-01,552,N,VIIRS,n,2,302.4,0.83,D,0
16.51089,105.48807,335.51,0.39,0.44,2025-03-01,552,N,VIIRS,l,2,306.48,2.94,D,0
16.51154,105.49174,331.79,0.39,0.44,2025-03-01,552,N,VIIRS,l,2,304.63,2.55,D,0
16.51467,100.42442,331.87,0.41,0.61,2025-03-01,552,N,VIIRS,n,2,296.42,4.26,D,0
16.52022,100.42322,339.79,0.41,0.61,2025-03-01,552,N,VIIRS,n,2,295.95,4.26,D,0
16.52101,100.42708,338.25,0.41,0.61,2025-03-01,552,N,VIIRS,n,2,296.06,9.79,D,0
16.52824,105.586,330.45,0.39,0.44,2025-03-01,552,N,VIIRS,l,2,302.48,1.26,D,0
16.52971,105.47694,338.49,0.39,0.44,2025-03-01,552,N,VIIRS,n,2,306.6,2.75,D,0
16.54885,106.61448,330.97,0.51,0.41,2025-03-01,552,N,VIIRS,n,2,303.39,3.66,D,0
16.55326,104.54189,353.35,0.45,0.47,2025-03-01,552,N,VIIRS,n,2,306.03,4.44,D,0
16.55461,105.3577,350.8,0.4,0.44,2025-03-01,552,N,VIIRS,n,2,305.94,8.02,D,0
16.55752,104.54102,332.22,0.45,0.47,2025-03-01,552,N,VIIRS,l,2,305.61,4.44,D,0
16.56412,105.59354,333.1,0.38,0.44,2025-03-01,552,N,VIIRS,l,2,303.49,0.76,D,0
16.56505,105.5075,334.57,0.39,0.44,2025-03-01,552,N,VIIRS,l,2,307.58,1.49,D,0
16.57621,105.338,351.53,0.4,0.44,2025-03-01,552,N,VIIRS,n,2,310.67,4.6,D,0
16.57857,105.74091,334.23,0.57,0.43,2025-03-01,552,N,VIIRS,n,2,305.27,10.65,D,0
16.57955,105.73772,339.29,0.57,0.43,2025-03-01,552,N,VIIRS,n,2,307.53,10.87,D,0
16.57962,105.54219,331.92,0.39,0.44,2025-03-01,552,N,VIIRS,l,2,303.8,1.14,D,0
16.58253,105.74018,347,0.57,0.43,2025-03-01,552,N,VIIRS,n,2,306.44,10.65,D,0
16.58656,105.62643,340.5,0.38,0.43,2025-03-01,552,N,VIIRS,n,2,305.79,3.04,D,0
16.58721,105.63003,330.62,0.38,0.43,2025-03-01,552,N,VIIRS,l,2,304.85,3.04,D,0
16.58815,105.83367,338.64,0.56,0.43,2025-03-01,552,N,VIIRS,n,2,304.8,1.95,D,0
16.58989,105.62209,340.33,0.38,0.43,2025-03-01,552,N,VIIRS,n,2,307.57,2.81,D,0
16.59162,105.69995,345.33,0.57,0.43,2025-03-01,552,N,VIIRS,n,2,304.09,9.92,D,0
16.59209,105.83293,340.8,0.56,0.43,2025-03-01,552,N,VIIRS,n,2,306.38,3.75,D,0
16.59348,104.85814,331.13,0.43,0.46,2025-03-01,552,N,VIIRS,l,2,304.39,1.86,D,0
16.59558,105.6992,344.15,0.57,0.43,2025-03-01,552,N,VIIRS,n,2,302.11,8.55,D,0
16.60352,105.69775,340.67,0.57,0.43,2025-03-01,552,N,VIIRS,n,2,305.33,40.36,D,0
16.61761,105.4296,341.56,0.39,0.44,2025-03-01,552,N,VIIRS,n,2,306.89,3.12,D,0
16.61814,103.19318,338.07,0.54,0.51,2025-03-01,552,N,VIIRS,n,2,299.94,3.16,D,0
16.6191,103.19823,333.63,0.54,0.51,2025-03-01,552,N,VIIRS,n,2,302.96,3.16,D,0
16.62411,103.85023,347.05,0.49,0.49,2025-03-01,552,N,VIIRS,n,2,307,13.63,D,0
16.62856,103.84936,339.31,0.49,0.49,2025-03-01,552,N,VIIRS,n,2,304.95,13.63,D,0
16.62984,106.09623,337.32,0.54,0.42,2025-03-01,552,N,VIIRS,n,2,305.41,10.8,D,0
16.63107,105.38935,332.52,0.39,0.44,2025-03-01,552,N,VIIRS,l,2,306.29,2.08,D,0
16.63124,105.38881,332.74,0.39,0.44,2025-03-01,552,N,VIIRS,l,2,305.88,1.05,D,0
16.63225,105.90321,338.92,0.55,0.43,2025-03-01,552,N,VIIRS,n,2,306.55,4.86,D,0
16.63915,105.89658,334.97,0.55,0.43,2025-03-01,552,N,VIIRS,l,2,309.2,17.07,D,0
16.64008,105.90176,335.85,0.55,0.43,2025-03-01,552,N,VIIRS,l,2,305.92,17.07,D,0
16.64503,105.70094,332.04,0.57,0.43,2025-03-01,552,N,VIIRS,l,2,304.27,5.01,D,0
16.64821,104.32017,341.85,0.46,0.47,2025-03-01,552,N,VIIRS,n,2,300.42,7.2,D,0
16.64921,104.32078,338.9,0.46,0.47,2025-03-01,552,N,VIIRS,n,2,299.04,6.54,D,0
16.6498,106.34817,336.93,0.52,0.42,2025-03-01,552,N,VIIRS,l,2,308.38,12.53,D,0
16.65688,106.6351,331.41,0.5,0.41,2025-03-01,552,N,VIIRS,l,2,303.49,15.23,D,0
16.65855,106.64467,348.14,0.5,0.41,2025-03-01,552,N,VIIRS,n,2,304.13,10,D,0
16.66114,105.86085,331.27,0.56,0.43,2025-03-01,552,N,VIIRS,l,2,302.18,3.21,D,0
16.66514,106.08728,341.4,0.54,0.42,2025-03-01,552,N,VIIRS,n,2,307.69,13.48,D,0
16.66902,106.08664,341.03,0.54,0.42,2025-03-01,552,N,VIIRS,n,2,306.55,13.48,D,0
16.67064,106.40045,332.77,0.52,0.41,2025-03-01,552,N,VIIRS,l,2,307.69,8.42,D,0
16.67658,106.25192,333.59,0.53,0.42,2025-03-01,552,N,VIIRS,l,2,304.53,2.95,D,0
16.67801,106.24887,340.33,0.53,0.42,2025-03-01,552,N,VIIRS,n,2,306.01,5.92,D,0
16.68018,106.17188,333.27,0.53,0.42,2025-03-01,552,N,VIIRS,l,2,305.61,3.95,D,0
16.68041,106.25121,338.74,0.53,0.42,2025-03-01,552,N,VIIRS,n,2,306.19,8.09,D,0
16.68413,104.61508,345.45,0.44,0.46,2025-03-01,552,N,VIIRS,n,2,303.39,4.8,D,0
16.69044,105.30116,333.6,0.4,0.44,2025-03-01,552,N,VIIRS,l,2,303.94,1.3,D,0
16.70037,104.60791,331.83,0.44,0.46,2025-03-01,552,N,VIIRS,l,2,302.26,2.19,D,0
16.70334,104.60779,340.18,0.44,0.46,2025-03-01,552,N,VIIRS,n,2,300.91,1.74,D,0
16.71689,105.42613,340.17,0.39,0.44,2025-03-01,552,N,VIIRS,n,2,306.09,3.88,D,0
16.72197,106.31878,346.38,0.52,0.42,2025-03-01,552,N,VIIRS,n,2,308.16,10.73,D,0
16.72237,105.20177,337.78,0.4,0.44,2025-03-01,552,N,VIIRS,n,2,306.04,2.58,D,0
16.7273,103.86917,331.91,0.49,0.48,2025-03-01,552,N,VIIRS,l,2,303.85,1.96,D,0
16.74079,104.95212,337.9,0.42,0.45,2025-03-01,552,N,VIIRS,n,2,305.83,2.26,D,0
16.74493,104.95132,345.14,0.42,0.45,2025-03-01,552,N,VIIRS,n,2,306.09,5.15,D,0
16.74594,102.80593,336.88,0.57,0.52,2025-03-01,552,N,VIIRS,n,2,301.7,5.74,D,0
16.74775,105.50678,331.42,0.39,0.44,2025-03-01,552,N,VIIRS,l,2,305.49,2.71,D,0
16.74791,105.03902,333,0.41,0.45,2025-03-01,552,N,VIIRS,l,2,304.15,1.86,D,0
16.74985,104.78671,332.86,0.43,0.46,2025-03-01,552,N,VIIRS,l,2,303.46,1.83,D,0
16.75074,102.01294,331.03,0.32,0.55,2025-03-01,552,N,VIIRS,n,2,300.51,1.82,D,0
16.7516,105.22337,345.46,0.4,0.44,2025-03-01,552,N,VIIRS,n,2,307.69,4.49,D,0
16.75175,105.50602,332.55,0.39,0.44,2025-03-01,552,N,VIIRS,l,2,304.28,2.8,D,0
16.75312,103.85953,330.24,0.49,0.48,2025-03-01,552,N,VIIRS,l,2,302.59,4.02,D,0
16.75334,105.97444,331.69,0.55,0.42,2025-03-01,552,N,VIIRS,n,2,304.9,3.84,D,0
16.75703,105.25332,333.68,0.4,0.44,2025-03-01,552,N,VIIRS,l,2,307.22,2.65,D,0
16.75739,105.46745,336.74,0.39,0.44,2025-03-01,552,N,VIIRS,n,2,303.16,1.36,D,0
16.75826,105.46672,341.84,0.39,0.44,2025-03-01,552,N,VIIRS,n,2,303.47,0.49,D,0
16.7677,104.95891,346.46,0.42,0.45,2025-03-01,552,N,VIIRS,n,2,308.88,7.33,D,0
16.7684,104.96282,350.67,0.42,0.45,2025-03-01,552,N,VIIRS,n,2,306.66,7.33,D,0
16.76888,104.95867,346.54,0.42,0.45,2025-03-01,552,N,VIIRS,n,2,309.94,8.45,D,0
16.76961,104.96258,351.71,0.42,0.45,2025-03-01,552,N,VIIRS,n,2,308.14,8.45,D,0
16.76974,105.39269,334.92,0.39,0.44,2025-03-01,552,N,VIIRS,l,2,305.1,2.38,D,0
16.7704,105.39636,342.05,0.39,0.44,2025-03-01,552,N,VIIRS,n,2,303.91,2.55,D,0
16.77112,105.35427,332.56,0.39,0.44,2025-03-01,552,N,VIIRS,l,2,305.27,1.44,D,0
16.77911,105.84702,344.86,0.55,0.43,2025-03-01,552,N,VIIRS,n,2,304.41,16.11,D,0
16.77912,105.39854,330.85,0.39,0.44,2025-03-01,552,N,VIIRS,l,2,301.88,2.35,D,0
16.79513,105.41811,339.33,0.39,0.44,2025-03-01,552,N,VIIRS,n,2,305.64,2.65,D,0
16.79578,105.42176,339.39,0.39,0.44,2025-03-01,552,N,VIIRS,n,2,304.57,3.64,D,0
16.80679,106.33164,334.05,0.52,0.42,2025-03-01,552,N,VIIRS,l,2,304.6,3.5,D,0
16.80827,102.92554,338.55,0.56,0.51,2025-03-01,552,N,VIIRS,n,2,304.29,6.56,D,0
16.80852,106.32912,334.9,0.52,0.42,2025-03-01,552,N,VIIRS,n,2,303.75,4.91,D,0
16.80871,106.26346,333.07,0.52,0.42,2025-03-01,552,N,VIIRS,l,2,306.48,3.27,D,0
16.80926,102.93076,343.51,0.56,0.51,2025-03-01,552,N,VIIRS,n,2,303.77,6.56,D,0
16.81003,103.01159,343.74,0.55,0.51,2025-03-01,552,N,VIIRS,n,2,303.79,5.23,D,0
16.81813,105.17908,343.13,0.4,0.44,2025-03-01,552,N,VIIRS,n,2,305.61,4.01,D,0
16.81847,102.12122,330.23,0.63,0.54,2025-03-01,552,N,VIIRS,l,2,302.15,1.03,D,0
16.82193,105.61346,330.25,0.57,0.43,2025-03-01,552,N,VIIRS,l,2,300.81,3.18,D,0
16.82203,105.3825,347.48,0.39,0.44,2025-03-01,552,N,VIIRS,n,2,306.78,3.66,D,0
16.8259,105.61272,330.68,0.57,0.43,2025-03-01,552,N,VIIRS,l,2,302.84,3.18,D,0
16.82978,104.48955,343.8,0.44,0.46,2025-03-01,552,N,VIIRS,n,2,301.85,3.34,D,0
16.8353,105.27263,341.25,0.4,0.44,2025-03-01,552,N,VIIRS,n,2,304.9,3.77,D,0
16.83775,105.90541,336.59,0.55,0.43,2025-03-01,552,N,VIIRS,n,2,305.26,4.75,D,0
16.8382,105.9079,336.91,0.55,0.43,2025-03-01,552,N,VIIRS,n,2,305.45,3.41,D,0
16.84989,104.18733,337.9,0.46,0.47,2025-03-01,552,N,VIIRS,n,2,299.51,6.48,D,0
16.8505,104.18913,335.36,0.46,0.47,2025-03-01,552,N,VIIRS,n,2,299.48,4.91,D,0
16.85335,104.8039,353.31,0.42,0.46,2025-03-01,552,N,VIIRS,n,2,298.67,9.18,D,0
16.85421,104.90961,336.88,0.42,0.45,2025-03-01,552,N,VIIRS,n,2,304.35,2.73,D,0
16.85835,104.9088,334.52,0.42,0.45,2025-03-01,552,N,VIIRS,n,2,302.64,2.73,D,0
16.85895,103.54205,332.29,0.51,0.49,2025-03-01,552,N,VIIRS,n,2,301.22,4.38,D,0
16.86225,105.11983,350.61,0.41,0.45,2025-03-01,552,N,VIIRS,n,2,307.54,6.93,D,0
16.86433,105.17805,332.23,0.4,0.44,2025-03-01,552,N,VIIRS,l,2,305.82,1.96,D,0
16.86501,105.18182,336.91,0.4,0.44,2025-03-01,552,N,VIIRS,n,2,306.04,1.96,D,0
16.86741,102.77276,343.26,0.57,0.52,2025-03-01,552,N,VIIRS,n,2,303.4,8.06,D,0
16.86798,104.89072,337.03,0.42,0.45,2025-03-01,552,N,VIIRS,n,2,306.8,2.27,D,0
16.86947,104.89051,336.6,0.42,0.45,2025-03-01,552,N,VIIRS,n,2,305.44,2.29,D,0
16.88281,104.2414,334.36,0.46,0.47,2025-03-01,552,N,VIIRS,n,2,301,4.52,D,0
16.88562,104.2325,341.24,0.46,0.47,2025-03-01,552,N,VIIRS,n,2,297.71,8.28,D,0
16.88717,104.24075,350.61,0.46,0.47,2025-03-01,552,N,VIIRS,n,2,301.86,6.89,D,0
16.89081,105.46309,337.52,0.39,0.44,2025-03-01,552,N,VIIRS,n,2,303.82,2.07,D,0
16.89151,104.24003,337.64,0.46,0.47,2025-03-01,552,N,VIIRS,n,2,298.73,6.89,D,0
16.89383,104.03473,357.12,0.47,0.48,2025-03-01,552,N,VIIRS,n,2,302.29,13.19,D,0
16.89562,105.14095,356.89,0.4,0.45,2025-03-01,552,N,VIIRS,n,2,311.55,12.52,D,0
16.89615,104.84875,331.15,0.42,0.45,2025-03-01,552,N,VIIRS,n,2,299.8,1.57,D,0
16.8963,105.14472,331.02,0.4,0.45,2025-03-01,552,N,VIIRS,l,2,301.96,12.52,D,0
16.89768,102.18373,345.15,0.62,0.54,2025-03-01,552,N,VIIRS,n,2,303.11,8.23,D,0
16.89796,102.13283,330.02,0.63,0.54,2025-03-01,552,N,VIIRS,l,2,302.94,3.46,D,0
16.89812,104.83607,330.99,0.42,0.45,2025-03-01,552,N,VIIRS,n,2,297.1,1.91,D,0
16.89855,102.13498,331.62,0.63,0.54,2025-03-01,552,N,VIIRS,l,2,302.6,3.39,D,0
16.89859,102.18724,350.64,0.62,0.54,2025-03-01,552,N,VIIRS,n,2,303.83,17.35,D,0
16.8988,102.18954,343.27,0.62,0.54,2025-03-01,552,N,VIIRS,n,2,302.76,9.32,D,0
16.89971,105.1402,342.56,0.4,0.45,2025-03-01,552,N,VIIRS,n,2,304.63,12.52,D,0
16.90261,102.18269,342.71,0.62,0.54,2025-03-01,552,N,VIIRS,n,2,302,8.23,D,0
16.90351,102.18618,345.64,0.62,0.54,2025-03-01,552,N,VIIRS,n,2,301.85,12.92,D,0
16.90373,102.18848,338.19,0.62,0.54,2025-03-01,552,N,VIIRS,n,2,301.44,9.32,D,0
16.91979,105.11655,332.04,0.41,0.45,2025-03-01,552,N,VIIRS,l,2,302.37,1.82,D,0
16.95634,103.28744,336.21,0.53,0.5,2025-03-01,552,N,VIIRS,n,2,303.67,7.63,D,0
16.96075,105.34003,331.37,0.39,0.44,2025-03-01,552,N,VIIRS,l,2,303.14,4.24,D,0
16.96331,104.09067,342.93,0.47,0.48,2025-03-01,552,N,VIIRS,n,2,301.54,5.09,D,0
16.96489,104.09901,330.64,0.47,0.48,2025-03-01,552,N,VIIRS,l,2,301.59,7.74,D,0
16.96883,105.20045,335.55,0.4,0.44,2025-03-01,552,N,VIIRS,n,2,303.58,2.49,D,0
16.96952,105.20424,354.29,0.4,0.44,2025-03-01,552,N,VIIRS,n,2,306.72,9.17,D,0
16.97086,103.23822,339.48,0.53,0.5,2025-03-01,552,N,VIIRS,n,2,302.38,6.7,D,0
16.97556,105.09772,343.84,0.41,0.45,2025-03-01,552,N,VIIRS,n,2,306.2,4.48,D,0
16.97894,105.09301,336.33,0.41,0.45,2025-03-01,552,N,VIIRS,l,2,306.56,4.51,D,0
16.97963,105.09683,349.53,0.41,0.45,2025-03-01,552,N,VIIRS,n,2,308.21,4.51,D,0
16.98435,105.02869,332.55,0.41,0.45,2025-03-01,552,N,VIIRS,l,2,304.05,4.06,D,0
16.98845,105.02789,342.26,0.41,0.45,2025-03-01,552,N,VIIRS,n,2,303.37,4.06,D,0
16.99391,105.12937,331.2,0.4,0.44,2025-03-01,552,N,VIIRS,l,2,303.35,2.17,D,0
17.01072,105.19984,338.28,0.4,0.44,2025-03-01,552,N,VIIRS,n,2,302.92,0.62,D,0
17.01139,105.20359,330.6,0.4,0.44,2025-03-01,552,N,VIIRS,l,2,305.33,1.68,D,0
17.0141,105.1953,334.55,0.4,0.44,2025-03-01,552,N,VIIRS,n,2,302.61,6.63,D,0
17.01477,105.19904,350.94,0.4,0.44,2025-03-01,552,N,VIIRS,n,2,306.01,6.63,D,0
17.01544,105.2028,350.85,0.4,0.44,2025-03-01,552,N,VIIRS,n,2,306.06,6.9,D,0
17.01611,105.20653,343.96,0.4,0.44,2025-03-01,552,N,VIIRS,n,2,306.37,6.9,D,0
17.0195,105.20199,342.15,0.4,0.44,2025-03-01,552,N,VIIRS,n,2,306.09,6.9,D,0
17.02016,105.20574,349.93,0.4,0.44,2025-03-01,552,N,VIIRS,n,2,304.97,6.9,D,0
17.02288,105.19745,335.83,0.4,0.44,2025-03-01,552,N,VIIRS,n,2,301.34,1.56,D,0
17.02355,105.20119,333.93,0.4,0.44,2025-03-01,552,N,VIIRS,l,2,304.27,3.05,D,0
17.02944,100.74273,334,0.38,0.59,2025-03-01,552,N,VIIRS,n,2,296.07,2.01,D,0
17.03012,100.74158,333.27,0.38,0.59,2025-03-01,552,N,VIIRS,n,2,295.54,4.05,D,0
17.03674,105.27558,333.57,0.4,0.44,2025-03-01,552,N,VIIRS,l,2,303.96,5.3,D,0
17.03779,105.35192,335.17,0.39,0.44,2025-03-01,552,N,VIIRS,n,2,302.75,2.7,D,0
17.03847,105.35573,333.62,0.39,0.44,2025-03-01,552,N,VIIRS,n,2,302.27,2.7,D,0
17.04013,105.2711,334.65,0.4,0.44,2025-03-01,552,N,VIIRS,n,2,300.81,2.86,D,0
17.04144,103.48394,334.4,0.51,0.49,2025-03-01,552,N,VIIRS,n,2,304.09,6.05,D,0
17.04493,103.48162,337.46,0.51,0.49,2025-03-01,552,N,VIIRS,n,2,303.15,6.54,D,0
17.05736,105.25307,339.95,0.4,0.44,2025-03-01,552,N,VIIRS,n,2,301.42,6.04,D,0
17.05762,105.92274,334.2,0.54,0.42,2025-03-01,552,N,VIIRS,l,2,307.85,6.96,D,0
17.05769,105.92005,338.02,0.54,0.42,2025-03-01,552,N,VIIRS,n,2,308.53,5.4,D,0
17.08698,105.06855,334.35,0.41,0.45,2025-03-01,552,N,VIIRS,n,2,304.31,3.73,D,0
17.09107,105.06777,334.1,0.41,0.45,2025-03-01,552,N,VIIRS,n,2,303.44,1.9,D,0
17.09255,103.93648,330.63,0.48,0.48,2025-03-01,552,N,VIIRS,n,2,299.51,1.56,D,0
17.09739,102.84076,333.52,0.56,0.51,2025-03-01,552,N,VIIRS,l,2,303.68,3.5,D,0
17.09788,105.05855,353.02,0.41,0.45,2025-03-01,552,N,VIIRS,n,2,305.46,4.28,D,0
17.10196,105.05773,338.06,0.41,0.45,2025-03-01,552,N,VIIRS,n,2,304.03,4.28,D,0
17.10265,105.4334,342.39,0.39,0.44,2025-03-01,552,N,VIIRS,n,2,302.41,3.71,D,0
17.10671,105.10797,335.45,0.4,0.44,2025-03-01,552,N,VIIRS,n,2,302.27,5.41,D,0
17.11299,104.4179,344.39,0.44,0.46,2025-03-01,552,N,VIIRS,n,2,306.38,6.4,D,0
17.11463,104.41373,333.02,0.44,0.46,2025-03-01,552,N,VIIRS,l,2,304.28,4.29,D,0
17.11541,104.41785,343.54,0.44,0.46,2025-03-01,552,N,VIIRS,n,2,305.86,9.46,D,0
17.11716,105.05461,343.56,0.41,0.45,2025-03-01,552,N,VIIRS,n,2,301.38,5.71,D,0
17.11722,105.44551,345.11,0.38,0.44,2025-03-01,552,N,VIIRS,n,2,303.2,4.66,D,0
17.11831,105.05455,341.81,0.41,0.45,2025-03-01,552,N,VIIRS,n,2,300.56,3.41,D,0
17.12,105.88672,336.9,0.55,0.42,2025-03-01,552,N,VIIRS,n,2,304.3,5.82,D,0
17.12229,105.78489,336.87,0.55,0.43,2025-03-01,552,N,VIIRS,n,2,300.07,4.71,D,0
17.13046,105.83163,332.83,0.55,0.43,2025-03-01,552,N,VIIRS,n,2,300.22,2.26,D,0
17.13312,105.32626,355.18,0.39,0.44,2025-03-01,552,N,VIIRS,n,2,302.47,18.02,D,0
17.13714,105.32547,355.9,0.39,0.44,2025-03-01,552,N,VIIRS,n,2,299.25,12.52,D,0
17.13918,105.10532,338.33,0.4,0.44,2025-03-01,552,N,VIIRS,n,2,302.82,3.86,D,0
17.15055,105.76679,333.98,0.55,0.43,2025-03-01,552,N,VIIRS,n,2,301.56,5.19,D,0
17.15091,105.16924,341.78,0.4,0.44,2025-03-01,552,N,VIIRS,n,2,303.22,5.26,D,0
17.15264,103.328,334,0.52,0.5,2025-03-01,552,N,VIIRS,n,2,302.94,1.75,D,0
17.15447,105.76607,334.74,0.55,0.43,2025-03-01,552,N,VIIRS,n,2,301.21,5.19,D,0
17.15497,105.16846,339.76,0.4,0.44,2025-03-01,552,N,VIIRS,n,2,302.41,5.26,D,0
17.1554,105.77128,334.42,0.55,0.43,2025-03-01,552,N,VIIRS,n,2,300.07,11.79,D,0
17.15969,102.97701,336.34,0.55,0.51,2025-03-01,552,N,VIIRS,n,2,304,7.04,D,0
17.16154,102.97272,341.76,0.55,0.51,2025-03-01,552,N,VIIRS,n,2,304.16,3.36,D,0
17.16154,105.08923,335.11,0.4,0.44,2025-03-01,552,N,VIIRS,n,2,303.12,3.54,D,0
17.16177,103.32619,335.31,0.52,0.5,2025-03-01,552,N,VIIRS,n,2,303.41,5.21,D,0
17.1699,105.96628,337.2,0.54,0.42,2025-03-01,552,N,VIIRS,n,2,299.94,5.8,D,0
17.16997,105.96414,336.74,0.54,0.42,2025-03-01,552,N,VIIRS,n,2,300.56,5.43,D,0
17.17189,105.19221,332.39,0.4,0.44,2025-03-01,552,N,VIIRS,n,2,300.4,2.65,D,0
17.17254,105.2188,343.22,0.4,0.44,2025-03-01,552,N,VIIRS,n,2,303.95,5.28,D,0
17.17388,105.20319,341.74,0.4,0.44,2025-03-01,552,N,VIIRS,n,2,302.47,7.88,D,0
17.17949,105.70209,347.45,0.56,0.43,2025-03-01,552,N,VIIRS,n,2,302.85,16.32,D,0
17.18647,104.94601,342.98,0.41,0.45,2025-03-01,552,N,VIIRS,n,2,278.27,4.14,D,0
17.1914,105.23055,342.2,0.4,0.44,2025-03-01,552,N,VIIRS,n,2,301.33,5.71,D,0
17.19207,105.23427,355.01,0.39,0.44,2025-03-01,552,N,VIIRS,n,2,303.08,5.71,D,0
17.19604,104.92818,338.18,0.41,0.45,2025-03-01,552,N,VIIRS,n,2,286.41,6.11,D,0
17.19633,104.91998,336.16,0.41,0.45,2025-03-01,552,N,VIIRS,n,2,292.63,2.37,D,0
17.19776,104.92768,338.59,0.41,0.45,2025-03-01,552,N,VIIRS,n,2,289.81,6.88,D,0
17.20428,104.9266,336.65,0.41,0.45,2025-03-01,552,N,VIIRS,n,2,290.92,7.98,D,0
17.20472,104.8501,336.1,0.42,0.45,2025-03-01,552,N,VIIRS,n,2,294.15,4.86,D,0
17.20598,104.9261,339.37,0.41,0.45,2025-03-01,552,N,VIIRS,n,2,294.56,5.84,D,0
17.20633,105.1039,339.72,0.4,0.44,2025-03-01,552,N,VIIRS,n,2,302.53,3.87,D,0
17.20867,104.91758,342.96,0.41,0.45,2025-03-01,552,N,VIIRS,n,2,292.8,4.62,D,0
17.20975,105.05235,352.89,0.4,0.45,2025-03-01,552,N,VIIRS,n,2,302.34,7.97,D,0
17.2101,104.92531,343.72,0.41,0.45,2025-03-01,552,N,VIIRS,n,2,296.31,5.84,D,0
17.21054,103.86335,331.6,0.48,0.48,2025-03-01,552,N,VIIRS,n,2,300.1,2.28,D,0
17.21383,105.05153,336.85,0.4,0.45,2025-03-01,552,N,VIIRS,n,2,300.23,3.22,D,0
17.21391,103.86394,331.9,0.48,0.48,2025-03-01,552,N,VIIRS,n,2,299.68,4.16,D,0
17.21942,105.31661,350.11,0.39,0.44,2025-03-01,552,N,VIIRS,n,2,302.83,10.1,D,0
17.22772,105.40884,343.12,0.39,0.44,2025-03-01,552,N,VIIRS,n,2,305.81,5.24,D,0
17.23171,105.40805,342.56,0.39,0.44,2025-03-01,552,N,VIIRS,n,2,304.06,5.24,D,0
17.23236,105.41166,335.9,0.39,0.44,2025-03-01,552,N,VIIRS,n,2,305.57,9.98,D,0
17.23494,105.42608,342.52,0.38,0.44,2025-03-01,552,N,VIIRS,n,2,305.93,3.33,D,0
17.23559,105.4297,337.21,0.38,0.43,2025-03-01,552,N,VIIRS,n,2,305.57,3.33,D,0
17.23731,105.34695,334.63,0.39,0.44,2025-03-01,552,N,VIIRS,n,2,303.84,4.35,D,0
17.23795,105.35056,346.79,0.39,0.44,2025-03-01,552,N,VIIRS,n,2,307.05,22.83,D,0
17.23828,105.42169,332.36,0.38,0.44,2025-03-01,552,N,VIIRS,l,2,304.78,5.64,D,0
17.2386,105.35419,351.85,0.39,0.44,2025-03-01,552,N,VIIRS,n,2,303.93,22.83,D,0
17.23893,105.42532,348.55,0.38,0.44,2025-03-01,552,N,VIIRS,n,2,305.08,8.38,D,0
17.23958,105.42894,350.17,0.38,0.43,2025-03-01,552,N,VIIRS,n,2,304.4,8.38,D,0
17.24542,105.32269,338.42,0.39,0.44,2025-03-01,552,N,VIIRS,n,2,303.65,3.77,D,0
17.24846,105.38622,343.36,0.39,0.44,2025-03-01,552,N,VIIRS,n,2,302.77,4.27,D,0
17.24911,105.38988,336.41,0.39,0.44,2025-03-01,552,N,VIIRS,n,2,302.44,4.27,D,0
17.25245,105.38543,333.85,0.39,0.44,2025-03-01,552,N,VIIRS,l,2,305.41,4.27,D,0
17.25742,105.1363,357.23,0.4,0.44,2025-03-01,552,N,VIIRS,n,2,302.34,15.19,D,0
17.25852,105.37311,341.72,0.39,0.44,2025-03-01,552,N,VIIRS,n,2,301.38,2.93,D,0
17.25941,105.12423,332.97,0.4,0.44,2025-03-01,552,N,VIIRS,n,2,302.65,6,D,0
17.26278,105.11968,342.53,0.4,0.44,2025-03-01,552,N,VIIRS,n,2,302.95,3.39,D,0
17.26347,105.12344,346.89,0.4,0.44,2025-03-01,552,N,VIIRS,n,2,303.87,6,D,0
17.26522,105.36424,340.28,0.39,0.44,2025-03-01,552,N,VIIRS,n,2,309.15,40.39,D,0
17.26923,105.36351,344.7,0.39,0.44,2025-03-01,552,N,VIIRS,n,2,300.91,20.96,D,0
17.28484,101.07144,336.46,0.36,0.57,2025-03-01,552,N,VIIRS,n,2,296.69,2.99,D,0
17.28584,105.26892,349.95,0.39,0.44,2025-03-01,552,N,VIIRS,n,2,302.65,5.09,D,0
17.28651,105.27258,333.53,0.39,0.44,2025-03-01,552,N,VIIRS,n,2,303.37,4.67,D,0
17.29321,105.05541,333.46,0.4,0.44,2025-03-01,552,N,VIIRS,n,2,297.78,2.66,D,0
17.29726,105.24009,331.19,0.39,0.44,2025-03-01,552,N,VIIRS,l,2,302.49,4.06,D,0
17.2993,101.14268,336.11,0.36,0.57,2025-03-01,552,N,VIIRS,n,2,297.94,2.11,D,0
17.30199,105.22013,330.23,0.39,0.44,2025-03-01,552,N,VIIRS,l,2,301.55,2.6,D,0
17.31063,105.26794,351.08,0.39,0.44,2025-03-01,552,N,VIIRS,n,2,303.37,8.29,D,0
17.32693,105.78352,346.8,0.55,0.43,2025-03-01,552,N,VIIRS,n,2,303.51,15.65,D,0
17.34376,105.17354,340.63,0.4,0.44,2025-03-01,552,N,VIIRS,n,2,302.35,5.51,D,0
17.35656,105.31569,336.66,0.39,0.44,2025-03-01,552,N,VIIRS,n,2,301.72,2.41,D,0
17.3572,105.31934,334.97,0.39,0.44,2025-03-01,552,N,VIIRS,n,2,302.25,5.13,D,0
17.36378,105.56357,332.18,0.56,0.43,2025-03-01,552,N,VIIRS,n,2,301.26,4.1,D,0
17.3677,105.56268,339.91,0.56,0.43,2025-03-01,552,N,VIIRS,n,2,303.7,4.1,D,0
17.36869,105.56824,334.5,0.56,0.43,2025-03-01,552,N,VIIRS,n,2,303.35,4.1,D,0
17.36944,105.29485,336.82,0.39,0.44,2025-03-01,552,N,VIIRS,n,2,299.35,3.64,D,0
17.37163,105.56185,343.36,0.56,0.43,2025-03-01,552,N,VIIRS,n,2,304.08,11.57,D,0
17.37265,105.56757,338.42,0.56,0.43,2025-03-01,552,N,VIIRS,n,2,302.25,11.57,D,0
17.37558,105.56113,343.87,0.56,0.43,2025-03-01,552,N,VIIRS,n,2,304.74,11.57,D,0
17.37663,105.56701,336.06,0.56,0.43,2025-03-01,552,N,VIIRS,n,2,302.26,11.57,D,0
17.37858,105.55504,347.36,0.56,0.43,2025-03-01,552,N,VIIRS,n,2,306.65,16.41,D,0
17.37954,105.56042,347.9,0.56,0.43,2025-03-01,552,N,VIIRS,n,2,306.81,31,D,0
17.38058,105.56628,339.16,0.56,0.43,2025-03-01,552,N,VIIRS,n,2,300.68,31,D,0
17.42885,106.56983,331.47,0.5,0.41,2025-03-01,552,N,VIIRS,n,2,293.33,4.54,D,0
17.44838,102.01602,348.05,0.62,0.54,2025-03-01,552,N,VIIRS,n,2,299.98,12.22,D,0
17.45767,103.02042,341.88,0.54,0.51,2025-03-01,552,N,VIIRS,n,2,301.17,7.02,D,0
17.46049,104.94376,337.42,0.41,0.45,2025-03-01,552,N,VIIRS,n,2,300.01,3.13,D,0
17.46353,104.86741,350.31,0.41,0.45,2025-03-01,552,N,VIIRS,n,2,301.55,4.88,D,0
17.47028,104.9973,343.1,0.4,0.44,2025-03-01,552,N,VIIRS,n,2,301.77,6.16,D,0
17.48386,103.94953,336.42,0.47,0.48,2025-03-01,552,N,VIIRS,n,2,303.24,2.59,D,0
17.51837,104.88866,331.14,0.41,0.45,2025-03-01,552,N,VIIRS,n,2,300.87,2.2,D,0
17.52406,105.31586,335.2,0.39,0.44,2025-03-01,552,N,VIIRS,n,2,303.26,2.43,D,0
17.5918,103.49809,332.89,0.5,0.49,2025-03-01,552,N,VIIRS,n,2,301.95,1.95,D,0
17.60882,104.95143,342.32,0.4,0.45,2025-03-01,552,N,VIIRS,n,2,304.25,4.14,D,0
17.60949,104.95511,330.47,0.4,0.45,2025-03-01,552,N,VIIRS,l,2,302.55,5.44,D,0
17.62729,104.86573,333.71,0.41,0.45,2025-03-01,552,N,VIIRS,n,2,298.5,2.78,D,0
17.62927,104.86477,333.01,0.41,0.45,2025-03-01,552,N,VIIRS,n,2,298.7,1.8,D,0
17.63648,105.19776,334.27,0.39,0.44,2025-03-01,552,N,VIIRS,n,2,299.77,4.44,D,0
17.7634,104.51186,335.41,0.43,0.46,2025-03-01,552,N,VIIRS,n,2,301.87,2.52,D,0
17.76758,104.51102,338.88,0.43,0.46,2025-03-01,552,N,VIIRS,n,2,301.14,4.23,D,0
17.77285,104.65865,333.1,0.42,0.45,2025-03-01,552,N,VIIRS,n,2,301.19,3.51,D,0
17.77606,104.46388,336.09,0.43,0.46,2025-03-01,552,N,VIIRS,n,2,303.15,2.78,D,0
17.78025,104.46305,367,0.43,0.46,2025-03-01,552,N,VIIRS,h,2,309.24,8.4,D,0
17.78101,104.46712,342.62,0.43,0.46,2025-03-01,552,N,VIIRS,n,2,304.29,7.86,D,0
17.78403,104.69661,330.58,0.42,0.45,2025-03-01,552,N,VIIRS,l,2,301.18,2.28,D,0
17.78444,104.46221,340.73,0.43,0.46,2025-03-01,552,N,VIIRS,n,2,299.85,8.4,D,0
17.7852,104.46627,343.98,0.43,0.46,2025-03-01,552,N,VIIRS,n,2,303.7,7.86,D,0
17.80473,104.83427,331.7,0.41,0.45,2025-03-01,552,N,VIIRS,n,2,300.83,2.95,D,0
17.83905,103.38813,330.61,0.5,0.49,2025-03-01,552,N,VIIRS,l,2,301.61,3.85,D,0
17.84457,104.93829,339.79,0.4,0.44,2025-03-01,552,N,VIIRS,n,2,300.1,5.69,D,0
17.84524,104.94202,347.43,0.4,0.44,2025-03-01,552,N,VIIRS,n,2,300.51,5.92,D,0
17.84591,104.94576,340.54,0.4,0.44,2025-03-01,552,N,VIIRS,n,2,298.32,5.92,D,0
17.84929,104.94118,340.36,0.4,0.44,2025-03-01,552,N,VIIRS,n,2,297.23,5.92,D,0
17.9923,102.39393,343.83,0.58,0.52,2025-03-01,552,N,VIIRS,n,2,297.62,8.08,D,0
18.06186,104.4833,330.08,0.42,0.45,2025-03-01,552,N,VIIRS,l,2,300.52,1.89,D,0
18.066,104.48235,336.46,0.42,0.45,2025-03-01,552,N,VIIRS,n,2,299.36,1.89,D,0
18.0759,102.77473,339.24,0.54,0.51,2025-03-01,552,N,VIIRS,n,2,299.2,3.86,D,0
18.35944,105.03992,341.26,0.39,0.44,2025-03-01,552,N,VIIRS,n,2,302.59,8.39,D,0
18.1588,102.33889,343.02,0.58,0.52,2025-03-01,553,N,VIIRS,n,2,300.55,12.26,D,0
18.16358,102.33793,341.83,0.58,0.52,2025-03-01,553,N,VIIRS,n,2,295.46,12.26,D,0
18.20229,102.69314,335.92,0.55,0.51,2025-03-01,553,N,VIIRS,n,2,299.92,5.25,D,0
18.20487,102.69498,339.78,0.54,0.51,2025-03-01,553,N,VIIRS,n,2,300.17,4.26,D,0
18.34797,101.45292,339.84,0.33,0.55,2025-03-01,553,N,VIIRS,n,2,297.39,2.9,D,0
18.37305,103.89056,335.05,0.46,0.47,2025-03-01,553,N,VIIRS,n,2,301.91,2.38,D,0
18.38723,100.27425,331.03,0.39,0.59,2025-03-01,553,N,VIIRS,n,2,299.85,2.55,D,0
18.38748,104.08535,350.16,0.44,0.46,2025-03-01,553,N,VIIRS,n,2,302.02,10.21,D,0
18.38827,104.08955,341.16,0.44,0.46,2025-03-01,553,N,VIIRS,n,2,300.9,10.21,D,0
18.39094,104.08034,332.47,0.44,0.46,2025-03-01,553,N,VIIRS,n,2,299.85,4.93,D,0
18.39172,104.0845,346.79,0.44,0.46,2025-03-01,553,N,VIIRS,n,2,300.6,10.21,D,0
18.39266,100.27316,340.78,0.39,0.59,2025-03-01,553,N,VIIRS,n,2,300.03,2.55,D,0
18.39518,104.07944,331.05,0.44,0.46,2025-03-01,553,N,VIIRS,n,2,300.63,3.13,D,0
18.39597,104.08365,334.61,0.44,0.46,2025-03-01,553,N,VIIRS,n,2,301.59,5.09,D,0
18.41555,102.33855,333.84,0.57,0.52,2025-03-01,553,N,VIIRS,n,2,296.27,5.47,D,0
18.41624,102.80366,330.78,0.53,0.5,2025-03-01,553,N,VIIRS,n,2,297.12,4.63,D,0
18.41659,102.34386,335.45,0.57,0.52,2025-03-01,553,N,VIIRS,n,2,297.56,5.47,D,0
18.42976,102.38599,331.19,0.57,0.52,2025-03-01,553,N,VIIRS,n,2,301.04,7.86,D,0
18.43079,102.39127,341.47,0.56,0.52,2025-03-01,553,N,VIIRS,n,2,301.08,10.79,D,0
18.43553,102.3903,338.64,0.56,0.52,2025-03-01,553,N,VIIRS,n,2,298.81,5.66,D,0
18.43678,103.67487,330.48,0.47,0.48,2025-03-01,553,N,VIIRS,n,2,299.56,1.89,D,0
18.44919,101.59597,340.32,0.63,0.54,2025-03-01,553,N,VIIRS,n,2,299.52,25.89,D,0
18.45763,102.47872,333.05,0.56,0.51,2025-03-01,553,N,VIIRS,n,2,301.48,6.28,D,0
18.60692,104.6096,334.31,0.41,0.45,2025-03-01,553,N,VIIRS,n,2,297.97,3.94,D,0
18.65747,104.95358,346.96,0.39,0.44,2025-03-01,553,N,VIIRS,n,2,296,7.22,D,0
18.73512,101.81007,349.34,0.61,0.53,2025-03-01,553,N,VIIRS,n,2,299.99,19,D,0
18.7791,100.15535,330.24,0.39,0.59,2025-03-01,553,N,VIIRS,n,2,299.22,4.06,D,0
18.77926,103.74038,333.67,0.46,0.47,2025-03-01,553,N,VIIRS,n,2,299.48,2.85,D,0
18.81275,102.15052,341.36,0.58,0.52,2025-03-01,553,N,VIIRS,n,2,297.71,5.51,D,0
18.86656,103.9761,341.68,0.44,0.46,2025-03-01,553,N,VIIRS,n,2,297.79,6.74,D,0
18.86743,103.97546,337.25,0.44,0.46,2025-03-01,553,N,VIIRS,n,2,296.28,3.3,D,0
18.91249,103.72714,343.64,0.46,0.47,2025-03-01,553,N,VIIRS,n,2,298.37,5.64,D,0
18.95468,104.23396,339.4,0.42,0.45,2025-03-01,553,N,VIIRS,n,2,297.93,4.05,D,0
18.96559,103.78847,337.41,0.45,0.47,2025-03-01,553,N,VIIRS,n,2,298.94,3.09,D,0
19.00178,104.25524,346.02,0.42,0.45,2025-03-01,553,N,VIIRS,n,2,298.02,9.52,D,0
19.00304,104.26204,334.62,0.42,0.45,2025-03-01,553,N,VIIRS,n,2,297.61,4.12,D,0
19.13861,101.65631,337.89,0.61,0.53,2025-03-01,553,N,VIIRS,n,2,301.14,4.23,D,0
19.13968,101.66164,333.93,0.61,0.53,2025-03-01,553,N,VIIRS,n,2,303.27,4.23,D,0
19.14047,104.69473,328.2,0.4,0.44,2025-03-01,553,N,VIIRS,n,2,294.3,2.21,D,0
19.20134,102.66775,337.14,0.53,0.5,2025-03-01,553,N,VIIRS,n,2,298.74,6,D,0
19.20642,101.60758,332.34,0.61,0.54,2025-03-01,553,N,VIIRS,l,2,302.35,4.53,D,0
19.2076,101.61339,337.26,0.61,0.54,2025-03-01,553,N,VIIRS,n,2,301.17,4.53,D,0
19.21314,103.61858,341.05,0.46,0.47,2025-03-01,553,N,VIIRS,n,2,298.97,7.66,D,0
19.27655,103.35317,328.72,0.47,0.48,2025-03-01,553,N,VIIRS,n,2,298.87,3.41,D,0
19.2809,103.3521,343.18,0.47,0.48,2025-03-01,553,N,VIIRS,n,2,298.9,6.91,D,0
19.2849,102.58705,340.12,0.53,0.5,2025-03-01,553,N,VIIRS,n,2,300.58,5.74,D,0
19.28588,102.59203,330.87,0.53,0.5,2025-03-01,553,N,VIIRS,l,2,302.27,5.74,D,0
19.32073,102.57477,333.03,0.53,0.5,2025-03-01,553,N,VIIRS,n,2,299.82,8.43,D,0
19.32165,102.57945,339.17,0.53,0.5,2025-03-01,553,N,VIIRS,n,2,299.82,8.03,D,0
19.35635,101.42896,336.23,0.63,0.54,2025-03-01,553,N,VIIRS,n,2,301.02,12.19,D,0
19.35678,101.43109,339.29,0.63,0.54,2025-03-01,553,N,VIIRS,n,2,302.88,9.49,D,0
19.37869,102.70174,337.87,0.52,0.5,2025-03-01,553,N,VIIRS,n,2,296.49,3.31,D,0
19.40818,104.71927,342.87,0.39,0.44,2025-03-01,553,N,VIIRS,n,2,302.15,24.9,D,0
19.41813,102.44519,342.91,0.54,0.51,2025-03-01,553,N,VIIRS,n,2,296.95,8.25,D,0
19.45696,102.45514,335.6,0.54,0.51,2025-03-01,553,N,VIIRS,n,2,299.41,3.64,D,0
19.46728,103.97879,332.93,0.43,0.46,2025-03-01,553,N,VIIRS,n,2,297.63,2.26,D,0
19.47347,103.96542,342.78,0.43,0.46,2025-03-01,553,N,VIIRS,n,2,301.52,11.5,D,0
19.47424,103.96952,342.78,0.43,0.46,2025-03-01,553,N,VIIRS,n,2,303.91,11.5,D,0
19.47771,103.96484,345.94,0.43,0.46,2025-03-01,553,N,VIIRS,n,2,302.08,12.45,D,0
19.48153,101.79298,329.9,0.59,0.53,2025-03-01,553,N,VIIRS,n,2,297.73,5.26,D,0
19.48189,101.84461,329.6,0.58,0.52,2025-03-01,553,N,VIIRS,l,2,302.59,4.06,D,0
19.50577,103.97546,340.58,0.43,0.46,2025-03-01,553,N,VIIRS,n,2,298.87,5,D,0
19.51512,104.09584,329.41,0.42,0.45,2025-03-01,553,N,VIIRS,n,2,299.1,2.8,D,0
19.52201,104.06319,340.63,0.43,0.46,2025-03-01,553,N,VIIRS,n,2,298.68,8.6,D,0
19.52268,104.06682,332.06,0.42,0.46,2025-03-01,553,N,VIIRS,n,2,298.07,8.6,D,0
19.5262,104.06248,335.88,0.43,0.46,2025-03-01,553,N,VIIRS,n,2,298.96,8.6,D,0
19.52684,104.06593,336.2,0.42,0.46,2025-03-01,553,N,VIIRS,n,2,296.89,8.6,D,0
19.57163,102.62503,341.71,0.52,0.5,2025-03-01,553,N,VIIRS,n,2,299.6,4.37,D,0
19.57289,102.99209,333,0.49,0.49,2025-03-01,553,N,VIIRS,n,2,301.63,5.22,D,0
19.5762,103.57017,329.22,0.45,0.47,2025-03-01,553,N,VIIRS,n,2,299.37,2.98,D,0
19.57716,103.29342,338.94,0.47,0.48,2025-03-01,553,N,VIIRS,n,2,294.56,4.07,D,0
19.59819,104.16444,340.29,0.42,0.45,2025-03-01,553,N,VIIRS,n,2,295.61,11.42,D,0
19.61016,103.3959,339.66,0.47,0.47,2025-03-01,553,N,VIIRS,n,2,294.85,4.57,D,0
19.61275,103.82919,335.87,0.44,0.46,2025-03-01,553,N,VIIRS,n,2,300.11,3.16,D,0
19.61347,103.833,334.01,0.44,0.46,2025-03-01,553,N,VIIRS,n,2,300.34,3.37,D,0
19.61763,103.83183,331.33,0.44,0.46,2025-03-01,553,N,VIIRS,n,2,299.05,2.33,D,0
19.62393,103.74991,333.82,0.44,0.46,2025-03-01,553,N,VIIRS,n,2,303.17,3.59,D,0
19.62978,104.5369,341.23,0.4,0.44,2025-03-01,553,N,VIIRS,n,2,298.99,6.68,D,0
19.62996,104.53672,342.6,0.4,0.44,2025-03-01,553,N,VIIRS,n,2,298.76,6.09,D,0
19.65075,103.891,336.79,0.43,0.46,2025-03-01,553,N,VIIRS,n,2,301.05,14.44,D,0
19.68466,100.66243,337.22,0.34,0.56,2025-03-01,553,N,VIIRS,n,2,300.16,2.63,D,0
19.68676,100.64665,330.88,0.35,0.56,2025-03-01,553,N,VIIRS,l,2,301.41,2.94,D,0
19.69724,100.61918,357.03,0.35,0.56,2025-03-01,553,N,VIIRS,n,2,303.1,6.95,D,0
19.69792,100.62246,348.01,0.35,0.56,2025-03-01,553,N,VIIRS,n,2,302.95,10.26,D,0
19.70456,100.62846,331.16,0.35,0.56,2025-03-01,553,N,VIIRS,l,2,302.08,5.18,D,0
19.72867,104.68807,367,0.39,0.44,2025-03-01,553,N,VIIRS,h,2,297.85,9.23,D,0
19.73253,104.68653,348.83,0.39,0.44,2025-03-01,553,N,VIIRS,n,2,300.26,9.23,D,0
19.73636,104.68482,333.48,0.39,0.44,2025-03-01,553,N,VIIRS,n,2,295.51,3.32,D,0
19.73755,103.63472,342.27,0.45,0.47,2025-03-01,553,N,VIIRS,n,2,297.89,7.33,D,0
19.74017,103.74147,336.33,0.44,0.46,2025-03-01,553,N,VIIRS,n,2,293.78,3.71,D,0
19.75347,103.74213,343.05,0.44,0.46,2025-03-01,553,N,VIIRS,n,2,299.91,7.3,D,0
19.76955,101.87264,330.73,0.58,0.52,2025-03-01,553,N,VIIRS,n,2,292.17,6.15,D,0
19.78486,102.00052,334.24,0.56,0.52,2025-03-01,553,N,VIIRS,n,2,298.41,5.04,D,0
19.78526,101.99913,341.48,0.56,0.52,2025-03-01,553,N,VIIRS,n,2,298.59,5.87,D,0
19.7891,104.13687,341.42,0.42,0.45,2025-03-01,553,N,VIIRS,n,2,298.79,5.35,D,0
19.78928,103.74576,331.68,0.44,0.46,2025-03-01,553,N,VIIRS,n,2,297.64,4.06,D,0
19.79831,104.25314,337.24,0.41,0.45,2025-03-01,553,N,VIIRS,n,2,292.94,3.48,D,0
19.79902,104.25693,328.59,0.41,0.45,2025-03-01,553,N,VIIRS,n,2,297.77,3.48,D,0
19.80843,103.80154,344.25,0.44,0.46,2025-03-01,553,N,VIIRS,n,2,299.85,6.88,D,0
19.82414,100.73196,339.59,0.34,0.56,2025-03-01,553,N,VIIRS,n,2,302.62,2.61,D,0
19.82449,103.11924,339.46,0.48,0.48,2025-03-01,553,N,VIIRS,n,2,298.92,4.43,D,0
19.85213,103.92047,331.34,0.43,0.46,2025-03-01,553,N,VIIRS,n,2,297.65,2.87,D,0
19.87662,104.55852,343.97,0.39,0.44,2025-03-01,553,N,VIIRS,n,2,301.07,4.64,D,0
19.90345,104.54597,338.67,0.39,0.44,2025-03-01,553,N,VIIRS,n,2,302,3.38,D,0
19.90376,103.15641,331.27,0.47,0.48,2025-03-01,553,N,VIIRS,n,2,299.53,4.68,D,0
19.90443,103.15538,333.57,0.48,0.48,2025-03-01,553,N,VIIRS,n,2,299.76,3.26,D,0
19.91583,102.26043,329.79,0.54,0.51,2025-03-01,553,N,VIIRS,n,2,300.43,3.26,D,0
19.9242,104.32284,327.83,0.4,0.44,2025-03-01,553,N,VIIRS,n,2,298.82,3.64,D,0
19.93595,103.53457,332.21,0.45,0.47,2025-03-01,553,N,VIIRS,n,2,297.05,7.11,D,0
19.93784,103.49771,330.69,0.45,0.47,2025-03-01,553,N,VIIRS,n,2,297.34,3.4,D,0
19.96917,104.58463,333.69,0.39,0.44,2025-03-01,553,N,VIIRS,n,2,294.25,6.1,D,0
19.99887,104.26988,352.13,0.41,0.45,2025-03-01,553,N,VIIRS,n,2,299.72,11.93,D,0
20.00418,104.25266,299.46,0.41,0.45,2025-03-01,553,N,VIIRS,l,2,301.46,29.22,D,0
20.00485,104.25629,341.51,0.41,0.45,2025-03-01,553,N,VIIRS,n,2,303.97,38.85,D,0
20.00725,104.25217,331.81,0.41,0.45,2025-03-01,553,N,VIIRS,n,2,298.31,12.03,D,0
20.00792,104.25574,340.09,0.41,0.45,2025-03-01,553,N,VIIRS,n,2,296.87,13.58,D,0
20.01263,104.39097,330.6,0.4,0.44,2025-03-01,553,N,VIIRS,n,2,299.53,2.76,D,0
20.01526,103.33485,339.7,0.46,0.47,2025-03-01,553,N,VIIRS,n,2,302.55,4.19,D,0
20.0255,103.84724,331.08,0.43,0.46,2025-03-01,553,N,VIIRS,l,2,302.15,7.59,D,0
20.03405,103.8466,336.46,0.43,0.46,2025-03-01,553,N,VIIRS,n,2,297.38,3.4,D,0
20.04511,101.40617,331.78,0.61,0.53,2025-03-01,553,N,VIIRS,l,2,305.47,17.93,D,0
20.04526,103.76974,344.91,0.43,0.46,2025-03-01,553,N,VIIRS,n,2,300.52,8.32,D,0
20.04632,101.41206,342.41,0.61,0.53,2025-03-01,553,N,VIIRS,n,2,307.93,17.93,D,0
20.05063,104.28033,353.03,0.4,0.45,2025-03-01,553,N,VIIRS,n,2,297.34,8.93,D,0
20.08458,104.12027,327.5,0.41,0.45,2025-03-01,553,N,VIIRS,n,2,298.3,4.22,D,0
20.09611,102.4813,329.47,0.52,0.5,2025-03-01,553,N,VIIRS,n,2,297.61,1.99,D,0
20.0965,102.48356,329.21,0.52,0.5,2025-03-01,553,N,VIIRS,n,2,297.79,2.09,D,0
20.10079,104.06098,340.79,0.42,0.45,2025-03-01,553,N,VIIRS,n,2,298.3,6.6,D,0
20.21743,100.50764,341.69,0.34,0.56,2025-03-01,553,N,VIIRS,n,2,303.01,3.8,D,0
20.23337,103.40842,338.82,0.45,0.47,2025-03-01,553,N,VIIRS,n,2,302.85,6.09,D,0
20.25077,103.98252,334.14,0.42,0.45,2025-03-01,553,N,VIIRS,n,2,298.4,2.55,D,0
20.25207,102.74867,342.11,0.5,0.49,2025-03-01,553,N,VIIRS,n,2,301.05,7.59,D,0
20.25481,103.42761,340.12,0.45,0.47,2025-03-01,553,N,VIIRS,n,2,302.46,15.79,D,0
20.27089,100.58444,332.96,0.34,0.56,2025-03-01,553,N,VIIRS,n,2,303.56,1.66,D,0
20.2717,100.58245,330.59,0.34,0.56,2025-03-01,553,N,VIIRS,l,2,304.06,1.97,D,0
20.29341,103.81583,335.52,0.43,0.46,2025-03-01,553,N,VIIRS,n,2,291.86,4.31,D,0
20.34633,103.4291,339.27,0.45,0.47,2025-03-01,553,N,VIIRS,n,2,294.12,5.12,D,0
20.3756,104.1618,340.12,0.41,0.45,2025-03-01,553,N,VIIRS,n,2,301.22,5.73,D,0
20.3763,104.16554,340.71,0.41,0.45,2025-03-01,553,N,VIIRS,n,2,299.76,7.94,D,0
20.43433,103.39175,341.26,0.45,0.47,2025-03-01,553,N,VIIRS,n,2,304.25,43.97,D,0
20.46054,103.52837,343.54,0.44,0.46,2025-03-01,553,N,VIIRS,n,2,301.23,13.67,D,0
20.46482,103.52782,367,0.44,0.46,2025-03-01,553,N,VIIRS,h,2,304.25,24.2,D,0
20.46556,103.5317,331.14,0.44,0.46,2025-03-01,553,N,VIIRS,n,2,293.89,11.04,D,0
20.5032,103.18307,342.94,0.46,0.47,2025-03-01,553,N,VIIRS,n,2,297.96,15.13,D,0
20.50402,103.18733,367,0.46,0.47,2025-03-01,553,N,VIIRS,h,2,302.16,15.13,D,0
20.50744,103.18174,344.27,0.46,0.47,2025-03-01,553,N,VIIRS,n,2,290.62,8.9,D,0
20.54523,102.26563,344.32,0.53,0.5,2025-03-01,553,N,VIIRS,n,2,303.83,11.39,D,0
20.63766,102.56702,331.41,0.5,0.49,2025-03-01,553,N,VIIRS,n,2,298,3.84,D,0
20.66211,103.11809,336.07,0.46,0.47,2025-03-01,553,N,VIIRS,n,2,298.49,5.63,D,0
20.66329,103.11885,339.55,0.46,0.47,2025-03-01,553,N,VIIRS,n,2,299.01,5.31,D,0
20.68345,101.9422,333.61,0.55,0.51,2025-03-01,553,N,VIIRS,n,2,300.57,6.52,D,0
20.71121,104.18812,340.3,0.4,0.44,2025-03-01,553,N,VIIRS,n,2,306.9,4.85,D,0
20.74179,103.51791,333.36,0.44,0.46,2025-03-01,553,N,VIIRS,n,2,295.83,6.87,D,0
20.74573,103.51765,349.79,0.44,0.46,2025-03-01,553,N,VIIRS,n,2,302.85,10.89,D,0
20.74599,103.51698,350.2,0.44,0.46,2025-03-01,553,N,VIIRS,n,2,303.26,6.87,D,0
20.75418,104.79538,331.15,0.55,0.43,2025-03-01,553,N,VIIRS,l,2,302.11,5.67,D,0
20.75477,104.79796,333.23,0.55,0.43,2025-03-01,553,N,VIIRS,n,2,302.79,2.39,D,0
20.76102,103.62098,340.81,0.43,0.46,2025-03-01,553,N,VIIRS,n,2,303.2,3.6,D,0
20.76146,103.62135,345.86,0.43,0.46,2025-03-01,553,N,VIIRS,n,2,302.43,8.63,D,0
20.76514,103.61975,331.8,0.43,0.46,2025-03-01,553,N,VIIRS,n,2,299.5,3.6,D,0
20.77065,100.26784,355.62,0.35,0.57,2025-03-01,553,N,VIIRS,n,2,301.85,6.85,D,0
20.79037,103.43022,349.94,0.44,0.46,2025-03-01,553,N,VIIRS,n,2,297.72,6.82,D,0
20.79463,103.42947,337,0.44,0.46,2025-03-01,553,N,VIIRS,n,2,301.21,6.82,D,0
20.83891,100.56398,339.53,0.33,0.55,2025-03-01,553,N,VIIRS,n,2,301.46,2.19,D,0
20.84285,103.50374,343.62,0.44,0.46,2025-03-01,553,N,VIIRS,n,2,308.09,47.64,D,0
20.84359,103.50294,342.02,0.44,0.46,2025-03-01,553,N,VIIRS,n,2,305.81,48.01,D,0
20.85331,103.85359,367,0.42,0.45,2025-03-01,553,N,VIIRS,h,2,301.25,9.63,D,0
20.86571,104.3247,333.65,0.39,0.44,2025-03-01,553,N,VIIRS,l,2,304.69,40.01,D,0
20.86641,104.32851,340.72,0.39,0.44,2025-03-01,553,N,VIIRS,n,2,297.86,40.01,D,0
20.86966,104.32358,345.18,0.39,0.44,2025-03-01,553,N,VIIRS,n,2,308.01,40.01,D,0
20.87829,103.34563,340.63,0.44,0.46,2025-03-01,553,N,VIIRS,n,2,300.93,10,D,0
20.89794,104.26942,339.4,0.39,0.44,2025-03-01,553,N,VIIRS,n,2,301.29,4.54,D,0
20.91735,104.21719,343.06,0.39,0.44,2025-03-01,553,N,VIIRS,n,2,303.15,5.57,D,0
20.91867,104.26889,335.98,0.39,0.44,2025-03-01,553,N,VIIRS,n,2,300.81,2.77,D,0
20.92367,103.13035,331.22,0.46,0.47,2025-03-01,553,N,VIIRS,n,2,299.59,3.38,D,0
20.92385,103.6987,339.34,0.42,0.45,2025-03-01,553,N,VIIRS,n,2,299.26,3.77,D,0
20.96325,102.82372,331.54,0.48,0.48,2025-03-01,553,N,VIIRS,n,2,299.26,4.87,D,0
21.00135,100.72047,349.98,0.32,0.55,2025-03-01,553,N,VIIRS,n,2,299.81,5.07,D,0
21.00206,100.72386,333.34,0.32,0.55,2025-03-01,553,N,VIIRS,n,2,297.9,5.29,D,0
21.06488,102.87759,350.72,0.47,0.48,2025-03-01,553,N,VIIRS,n,2,299.49,9.61,D,0
21.07189,103.08086,341.5,0.46,0.47,2025-03-01,553,N,VIIRS,n,2,302.59,3.52,D,0
21.07534,103.53342,329.66,0.43,0.46,2025-03-01,553,N,VIIRS,n,2,298.77,3.54,D,0
21.07541,103.5347,332.45,0.43,0.46,2025-03-01,553,N,VIIRS,n,2,299.29,2.59,D,0
21.09973,103.41168,332.52,0.44,0.46,2025-03-01,553,N,VIIRS,n,2,296.56,2.01,D,0
21.15985,103.68209,334.12,0.42,0.45,2025-03-01,553,N,VIIRS,n,2,301.63,4.25,D,0
21.26964,103.25494,353.42,0.44,0.46,2025-03-01,553,N,VIIRS,n,2,311.78,25.13,D,0
21.27035,103.25861,341.27,0.44,0.46,2025-03-01,553,N,VIIRS,n,2,301.15,25.13,D,0
21.28127,104.39841,334.53,0.57,0.43,2025-03-01,553,N,VIIRS,n,2,300.8,7.78,D,0
21.28689,104.09134,337.08,0.4,0.44,2025-03-01,553,N,VIIRS,n,2,301.68,4.26,D,0
21.28717,104.09124,334.97,0.4,0.44,2025-03-01,553,N,VIIRS,n,2,301.73,3.01,D,0
21.30113,104.07653,344.71,0.4,0.44,2025-03-01,553,N,VIIRS,n,2,305.49,4.29,D,0
21.49663,104.18565,340.27,0.39,0.44,2025-03-01,553,N,VIIRS,n,2,298.94,9.06,D,0
21.50075,104.18555,341.68,0.39,0.44,2025-03-01,553,N,VIIRS,n,2,297.08,13.82,D,0
21.53197,103.34979,337.83,0.43,0.46,2025-03-01,553,N,VIIRS,n,2,299.99,4.16,D,0
21.55481,103.24326,332.62,0.44,0.46,2025-03-01,553,N,VIIRS,n,2,301.17,4.06,D,0
21.55556,103.24711,331.22,0.44,0.46,2025-03-01,553,N,VIIRS,n,2,301.72,3.58,D,0
21.55592,103.24542,344.44,0.44,0.46,2025-03-01,553,N,VIIRS,n,2,301.53,5.3,D,0
21.57761,103.22495,341.53,0.44,0.46,2025-03-01,553,N,VIIRS,n,2,299.05,4.48,D,0
22.08104,107.04544,341.58,0.42,0.38,2025-03-01,553,N,VIIRS,n,2,299.07,8.67,D,0
22.13072,107.28093,335.88,0.41,0.37,2025-03-01,553,N,VIIRS,n,2,300.94,2.66,D,0
22.37448,107.593,330.93,0.4,0.37,2025-03-01,553,N,VIIRS,l,2,303.39,1.26,D,0
21.30556,101.01424,333.42,0.61,0.53,2025-03-01,554,N,VIIRS,n,2,298.67,5.83,D,0
21.69897,103.08591,331.14,0.45,0.47,2025-03-01,554,N,VIIRS,n,2,302.65,3.15,D,0
21.77054,102.66092,337.89,0.47,0.48,2025-03-01,554,N,VIIRS,n,2,300.48,7.27,D,0
21.77079,102.65983,339.32,0.47,0.48,2025-03-01,554,N,VIIRS,n,2,300.59,6.39,D,0
21.83198,102.99225,328.4,0.45,0.47,2025-03-01,554,N,VIIRS,n,2,301.4,3.67,D,0
21.8368,103.00461,330.02,0.45,0.47,2025-03-01,554,N,VIIRS,l,2,300.24,2.45,D,0
21.83803,103.0004,340.79,0.45,0.47,2025-03-01,554,N,VIIRS,n,2,301.33,4.4,D,0
22.38538,103.21386,345.23,0.43,0.46,2025-03-01,554,N,VIIRS,n,2,298.04,16.59,D,0
22.38927,103.21147,335.15,0.43,0.46,2025-03-01,554,N,VIIRS,n,2,292.9,3.94,D,0
22.40852,103.24448,334.99,0.42,0.46,2025-03-01,554,N,VIIRS,n,2,294.85,5.21,D,0
22.44785,107.40134,333.05,0.41,0.37,2025-03-01,554,N,VIIRS,n,2,300.35,2.51,D,0
22.45383,103.2269,329.8,0.42,0.45,2025-03-01,554,N,VIIRS,n,2,297.23,1.91,D,0
22.45737,100.4694,349.08,0.63,0.54,2025-03-01,554,N,VIIRS,n,2,296.98,10.15,D,0
20.85187,103.3166,302.5,0.41,0.45,2025-03-01,1822,N,VIIRS,n,2,290.14,0.63,N,0
21.20384,101.15968,316.87,0.57,0.52,2025-03-01,1822,N,VIIRS,n,2,287.26,2.57,N,0
21.35872,102.25343,303.13,0.49,0.48,2025-03-01,1822,N,VIIRS,n,2,289,1.77,N,0
21.36311,102.25471,320.07,0.49,0.48,2025-03-01,1822,N,VIIRS,n,2,289.25,1.77,N,0
22.06237,107.06743,344.78,0.42,0.38,2025-03-01,1822,N,VIIRS,n,2,292.28,8.5,N,0
22.22121,107.55743,302.18,0.41,0.37,2025-03-01,1822,N,VIIRS,n,2,289.15,0.61,N,0
22.30189,107.50521,303.9,0.41,0.37,2025-03-01,1822,N,VIIRS,n,2,289.56,1.68,N,0
22.30246,107.50127,324.54,0.41,0.37,2025-03-01,1822,N,VIIRS,n,2,288.77,1.68,N,0
22.3605,107.46246,297.96,0.41,0.37,2025-03-01,1822,N,VIIRS,n,2,287.78,0.38,N,0
22.36333,107.46699,301.53,0.41,0.37,2025-03-01,1822,N,VIIRS,n,2,288.19,0.38,N,0
17.14885,104.83577,306.28,0.46,0.39,2025-03-01,1823,N,VIIRS,n,2,293.57,0.64,N,0
17.15281,105.76942,305.54,0.42,0.38,2025-03-01,1823,N,VIIRS,n,2,291.81,0.72,N,0
17.2201,105.35265,310.72,0.44,0.38,2025-03-01,1823,N,VIIRS,n,2,292.92,1.58,N,0
17.22019,105.17347,307.26,0.45,0.39,2025-03-01,1823,N,VIIRS,n,2,292.51,1.23,N,0
17.22303,105.35736,306.28,0.44,0.38,2025-03-01,1823,N,VIIRS,n,2,293.98,1.45,N,0
17.22492,105.21718,302.69,0.45,0.39,2025-03-01,1823,N,VIIRS,n,2,291.93,1.32,N,0
17.24355,105.41531,310.59,0.44,0.38,2025-03-01,1823,N,VIIRS,n,2,292.09,1.26,N,0
17.26923,105.00752,306.1,0.46,0.39,2025-03-01,1823,N,VIIRS,n,2,292.94,0.79,N,0
17.32789,105.07175,308.89,0.45,0.39,2025-03-01,1823,N,VIIRS,n,2,292.55,0.96,N,0
17.33566,105.12067,324.3,0.45,0.39,2025-03-01,1823,N,VIIRS,n,2,292.67,2.8,N,0
17.37465,104.22307,317.41,0.5,0.41,2025-03-01,1823,N,VIIRS,n,2,292.71,1.81,N,0
17.39963,103.95408,312.82,0.52,0.41,2025-03-01,1823,N,VIIRS,n,2,292.49,1.97,N,0
17.47473,105.00113,308.29,0.46,0.39,2025-03-01,1823,N,VIIRS,n,2,294.91,1.96,N,0
17.70864,104.50263,310.29,0.49,0.4,2025-03-01,1823,N,VIIRS,n,2,292.64,1.48,N,0
17.70929,104.49801,312.59,0.49,0.4,2025-03-01,1823,N,VIIRS,n,2,291.96,1.48,N,0
17.73448,102.09598,307.08,0.45,0.47,2025-03-01,1823,N,VIIRS,n,2,291.36,1.07,N,0
17.74097,104.69109,309.6,0.48,0.4,2025-03-01,1823,N,VIIRS,n,2,293.93,2.81,N,0
17.74456,104.69221,321.54,0.48,0.4,2025-03-01,1823,N,VIIRS,n,2,295.71,2.81,N,0
17.7452,104.68756,331.93,0.48,0.4,2025-03-01,1823,N,VIIRS,n,2,296.09,2.81,N,0
17.74888,104.6881,314.12,0.48,0.4,2025-03-01,1823,N,VIIRS,n,2,294.15,2.58,N,0
17.77175,104.65855,305.74,0.48,0.4,2025-03-01,1823,N,VIIRS,n,2,293.8,1.16,N,0
17.77344,104.70007,304.64,0.48,0.4,2025-03-01,1823,N,VIIRS,n,2,291.11,0.99,N,0
17.77606,104.65462,311.34,0.48,0.4,2025-03-01,1823,N,VIIRS,n,2,293.57,2.69,N,0
17.77988,104.46394,311.01,0.49,0.4,2025-03-01,1823,N,VIIRS,n,2,293.32,1.93,N,0
18.11489,104.62558,304.4,0.48,0.4,2025-03-01,1823,N,VIIRS,n,2,292.03,1.1,N,0
18.30836,103.55543,303.14,0.56,0.43,2025-03-01,1823,N,VIIRS,n,2,291.25,0.8,N,0
18.36146,102.49873,304.36,0.43,0.46,2025-03-01,1823,N,VIIRS,n,2,292.71,0.36,N,0
18.52093,103.84558,312.14,0.54,0.42,2025-03-01,1823,N,VIIRS,n,2,292.27,2,N,0
18.69148,100.68793,309.72,0.56,0.52,2025-03-01,1823,N,VIIRS,n,2,293.52,2.19,N,0
18.69447,102.08098,305.97,0.46,0.47,2025-03-01,1823,N,VIIRS,n,2,292.73,0.67,N,0
18.69565,100.69381,302.94,0.56,0.52,2025-03-01,1823,N,VIIRS,n,2,292.46,1.95,N,0
18.72092,100.1662,307.2,0.61,0.54,2025-03-01,1823,N,VIIRS,n,2,294,1.39,N,0
18.76777,100.1963,308.59,0.61,0.53,2025-03-01,1823,N,VIIRS,n,2,294.26,2.39,N,0
18.81541,102.15009,303.77,0.46,0.47,2025-03-01,1823,N,VIIRS,n,2,292.83,0.58,N,0
18.85712,100.34769,307.85,0.6,0.53,2025-03-01,1823,N,VIIRS,n,2,295.36,2.78,N,0
19.06786,100.09804,312.71,0.62,0.54,2025-03-01,1823,N,VIIRS,n,2,295.27,2.51,N,0
19.06858,100.09147,306.78,0.63,0.54,2025-03-01,1823,N,VIIRS,n,2,295.8,2.51,N,0
19.19802,101.59013,309.25,0.5,0.49,2025-03-01,1823,N,VIIRS,n,2,292.95,1.84,N,0
19.19856,101.58545,317.19,0.5,0.49,2025-03-01,1823,N,VIIRS,n,2,293.78,1.84,N,0
19.22296,101.61285,306.63,0.5,0.49,2025-03-01,1823,N,VIIRS,n,2,294.14,1.02,N,0
19.22351,101.60822,305.63,0.5,0.49,2025-03-01,1823,N,VIIRS,n,2,293.3,1.02,N,0
19.24054,101.61967,307.9,0.5,0.49,2025-03-01,1823,N,VIIRS,n,2,293.24,1.37,N,0
19.2445,101.62495,305.27,0.5,0.49,2025-03-01,1823,N,VIIRS,n,2,293.01,1.55,N,0
19.27261,101.65828,305.09,0.5,0.49,2025-03-01,1823,N,VIIRS,n,2,292.72,0.68,N,0
19.27683,101.58636,303.2,0.5,0.49,2025-03-01,1823,N,VIIRS,n,2,292.48,1.35,N,0
19.2775,101.58851,304.42,0.5,0.49,2025-03-01,1823,N,VIIRS,n,2,292.16,1.17,N,0
19.4286,101.83164,305.58,0.49,0.48,2025-03-01,1823,N,VIIRS,n,2,293.32,0.57,N,0
19.48094,102.49261,307.75,0.44,0.46,2025-03-01,1823,N,VIIRS,n,2,290.95,1.15,N,0
19.48335,102.49128,307.93,0.44,0.46,2025-03-01,1823,N,VIIRS,n,2,291.5,0.93,N,0
19.49403,101.95246,305.75,0.48,0.48,2025-03-01,1823,N,VIIRS,n,2,292.81,1.12,N,0
19.52979,101.95548,304.46,0.48,0.48,2025-03-01,1823,N,VIIRS,n,2,293.44,0.9,N,0
19.55667,100.61416,308.41,0.59,0.53,2025-03-01,1823,N,VIIRS,n,2,294.35,1.96,N,0
19.60339,101.73589,302.17,0.5,0.49,2025-03-01,1823,N,VIIRS,n,2,291.61,0.82,N,0
19.69868,100.65077,304.27,0.59,0.52,2025-03-01,1823,N,VIIRS,n,2,293.9,1.57,N,0
19.75258,101.53146,305.12,0.51,0.5,2025-03-01,1823,N,VIIRS,n,2,294.17,0.85,N,0
19.75919,100.61871,307.42,0.59,0.53,2025-03-01,1823,N,VIIRS,n,2,292.23,1.77,N,0
19.76984,101.86652,304.27,0.49,0.49,2025-03-01,1823,N,VIIRS,n,2,294.1,1.23,N,0
20.02813,102.17859,304.95,0.47,0.48,2025-03-01,1823,N,VIIRS,n,2,294.63,1.63,N,0
20.09962,103.75567,305.78,0.57,0.43,2025-03-01,1823,N,VIIRS,n,2,289.93,1.18,N,0
20.49213,103.18124,300.29,0.42,0.45,2025-03-01,1823,N,VIIRS,n,2,289.62,0.77,N,0
20.63396,103.24407,301.46,0.41,0.45,2025-03-01,1823,N,VIIRS,n,2,291.03,0.6,N,0
20.77353,100.27969,308.5,0.32,0.54,2025-03-01,1823,N,VIIRS,n,2,288.66,1.2,N,0
20.77791,100.2865,313.04,0.32,0.54,2025-03-01,1823,N,VIIRS,n,2,288.36,0.95,N,0
13.91274,106.24214,309.43,0.39,0.36,2025-03-01,1824,N,VIIRS,n,2,294.16,1.12,N,0
13.9247,105.46379,307.37,0.41,0.37,2025-03-01,1824,N,VIIRS,n,2,290.81,0.89,N,0
13.93224,106.22668,308.34,0.39,0.36,2025-03-01,1824,N,VIIRS,n,2,294.1,0.77,N,0
13.93718,107.17966,306.65,0.38,0.36,2025-03-01,1824,N,VIIRS,n,2,293.66,0.6,N,0
13.93936,106.13468,307.9,0.4,0.37,2025-03-01,1824,N,VIIRS,n,2,294,0.89,N,0
13.93972,106.5347,305.61,0.39,0.36,2025-03-01,1824,N,VIIRS,n,2,292.84,1.07,N,0
13.94761,107.22128,303.01,0.38,0.36,2025-03-01,1824,N,VIIRS,n,2,292.8,0.54,N,0
13.95353,106.31177,304.79,0.39,0.36,2025-03-01,1824,N,VIIRS,n,2,293.21,0.88,N,3
13.97774,102.71967,311.95,0.55,0.43,2025-03-01,1824,N,VIIRS,n,2,294.18,2.18,N,0
13.97823,102.71811,312.26,0.55,0.43,2025-03-01,1824,N,VIIRS,n,2,294.01,1.99,N,0
13.98232,101.60755,304.7,0.43,0.46,2025-03-01,1824,N,VIIRS,n,2,291.54,0.71,N,0
13.98368,106.99107,305.22,0.39,0.36,2025-03-01,1824,N,VIIRS,n,2,293.84,1,N,0
13.9926,106.84675,311.59,0.39,0.36,2025-03-01,1824,N,VIIRS,n,2,293.69,0.61,N,0
13.99655,105.33461,312.07,0.42,0.37,2025-03-01,1824,N,VIIRS,n,2,291.56,0.96,N,0
14.00667,106.33466,308.79,0.39,0.36,2025-03-01,1824,N,VIIRS,n,2,293.9,0.96,N,0
14.01004,106.99523,310.26,0.39,0.36,2025-03-01,1824,N,VIIRS,n,2,293.88,1.24,N,0
14.01487,101.49358,312.09,0.43,0.46,2025-03-01,1824,N,VIIRS,n,2,291.68,1.3,N,0
14.0257,105.39788,304.41,0.41,0.37,2025-03-01,1824,N,VIIRS,n,2,291.75,1.53,N,0
14.02773,101.33265,304.75,0.45,0.47,2025-03-01,1824,N,VIIRS,n,2,291.79,1.08,N,0
14.02874,105.39745,328.31,0.41,0.37,2025-03-01,1824,N,VIIRS,n,2,293.07,2.72,N,0
14.02913,105.39841,325.05,0.41,0.37,2025-03-01,1824,N,VIIRS,n,2,292.99,1.53,N,0
14.02959,102.77902,308.96,0.55,0.42,2025-03-01,1824,N,VIIRS,n,2,293.91,1.72,N,0
14.04528,107.16097,304.14,0.38,0.36,2025-03-01,1824,N,VIIRS,n,2,292.76,0.98,N,0
14.04803,107.16505,303.97,0.38,0.36,2025-03-01,1824,N,VIIRS,n,2,292.79,1.19,N,0
14.04859,107.16151,309.05,0.38,0.36,2025-03-01,1824,N,VIIRS,n,2,293.35,0.98,N,0
14.05943,106.16833,306.33,0.4,0.37,2025-03-01,1824,N,VIIRS,n,2,293.85,1.65,N,0
14.06336,107.26202,304.85,0.38,0.36,2025-03-01,1824,N,VIIRS,n,2,293.12,0.69,N,0
14.06521,106.55455,307.27,0.39,0.36,2025-03-01,1824,N,VIIRS,n,2,293.59,1.57,N,0
14.0677,107.33927,323.49,0.38,0.36,2025-03-01,1824,N,VIIRS,n,2,292.46,1.93,N,0
14.07101,107.33982,303.19,0.38,0.36,2025-03-01,1824,N,VIIRS,n,2,292.24,0.43,N,0
14.07596,107.35152,303.18,0.38,0.36,2025-03-01,1824,N,VIIRS,n,2,291.74,0.34,N,0
14.11222,106.53248,306.6,0.39,0.36,2025-03-01,1824,N,VIIRS,n,2,293.58,0.92,N,0
14.11556,106.53302,307.19,0.39,0.36,2025-03-01,1824,N,VIIRS,n,2,293.49,0.43,N,0
14.11975,104.06476,306.63,0.47,0.4,2025-03-01,1824,N,VIIRS,n,2,291.9,1.31,N,0
14.12547,104.02567,308.31,0.47,0.4,2025-03-01,1824,N,VIIRS,n,2,291.88,1.49,N,0
14.12839,104.0285,309.56,0.47,0.4,2025-03-01,1824,N,VIIRS,n,2,292.01,1.84,N,0
14.18789,105.89858,316.38,0.4,0.37,2025-03-01,1824,N,VIIRS,n,2,293.83,1.78,N,0
14.19443,106.19706,316.37,0.4,0.37,2025-03-01,1824,N,VIIRS,n,2,294.08,1.74,N,0
14.25325,105.92416,308.44,0.4,0.37,2025-03-01,1824,N,VIIRS,n,2,293.35,0.91,N,0
14.25381,105.92046,311.21,0.4,0.37,2025-03-01,1824,N,VIIRS,n,2,293.28,0.91,N,0
14.26622,105.79292,305.23,0.4,0.37,2025-03-01,1824,N,VIIRS,n,2,293.08,0.77,N,0
14.27977,106.30035,313.04,0.39,0.36,2025-03-01,1824,N,VIIRS,n,2,293.85,1.07,N,0
14.28312,106.30089,323.34,0.39,0.36,2025-03-01,1824,N,VIIRS,n,2,294.29,1.07,N,0
14.28368,106.29725,305.71,0.39,0.36,2025-03-01,1824,N,VIIRS,n,2,293.82,1.54,N,0
14.28873,105.31468,324.78,0.42,0.38,2025-03-01,1824,N,VIIRS,n,2,293.43,2.71,N,0
14.2893,105.31082,332.11,0.42,0.38,2025-03-01,1824,N,VIIRS,n,2,294.22,3.81,N,0
14.29274,105.31136,311.96,0.42,0.38,2025-03-01,1824,N,VIIRS,n,2,292.35,1.07,N,0
14.38252,102.67487,303.95,0.56,0.43,2025-03-01,1824,N,VIIRS,n,2,292.85,0.88,N,0
14.45092,106.30463,334.07,0.39,0.37,2025-03-01,1824,N,VIIRS,n,2,294.04,4.02,N,0
14.45427,106.30517,306.91,0.39,0.37,2025-03-01,1824,N,VIIRS,n,2,292.74,1.16,N,0
14.46738,105.17096,320.15,0.42,0.38,2025-03-01,1824,N,VIIRS,n,2,291.46,1.85,N,0
14.48828,102.65981,314.99,0.56,0.43,2025-03-01,1824,N,VIIRS,n,2,293.58,1.97,N,0
14.52428,106.95512,318.69,0.39,0.36,2025-03-01,1824,N,VIIRS,n,2,292.56,1.51,N,0
14.52483,106.95156,315.46,0.39,0.36,2025-03-01,1824,N,VIIRS,n,2,294.28,1.51,N,0
14.5276,106.95567,308.19,0.39,0.36,2025-03-01,1824,N,VIIRS,n,2,293.98,1.51,N,0
14.56895,100.76639,307.38,0.49,0.49,2025-03-01,1824,N,VIIRS,n,2,292.66,1.53,N,2
14.62997,101.10073,305.1,0.47,0.48,2025-03-01,1824,N,VIIRS,n,2,291.97,1.21,N,0
14.63002,101.0985,308.01,0.47,0.48,2025-03-01,1824,N,VIIRS,n,2,292.17,1.34,N,2
14.63064,107.03162,307.86,0.39,0.36,2025-03-01,1824,N,VIIRS,n,2,291.53,0.92,N,0
14.63275,101.07673,320.17,0.47,0.48,2025-03-01,1824,N,VIIRS,n,2,293.02,3.09,N,2
14.63287,101.07899,316.01,0.47,0.48,2025-03-01,1824,N,VIIRS,n,2,292.69,1.7,N,2
14.63345,101.0746,305.45,0.47,0.48,2025-03-01,1824,N,VIIRS,n,2,291.87,1.7,N,2
14.64243,106.91232,321.15,0.39,0.36,2025-03-01,1824,N,VIIRS,n,2,295.39,2.31,N,0
14.64575,106.91287,316.48,0.39,0.36,2025-03-01,1824,N,VIIRS,n,2,295.18,1.9,N,0
14.64672,101.03709,307.06,0.47,0.48,2025-03-01,1824,N,VIIRS,n,2,292.14,3.61,N,2
14.67168,100.80157,307.57,0.49,0.49,2025-03-01,1824,N,VIIRS,n,2,292.27,2.15,N,2
14.67378,100.80504,306.35,0.49,0.49,2025-03-01,1824,N,VIIRS,n,2,292.45,2.07,N,2
14.77312,106.38957,306.41,0.39,0.36,2025-03-01,1824,N,VIIRS,n,2,293.49,0.98,N,0
14.77681,107.17856,309.11,0.39,0.36,2025-03-01,1824,N,VIIRS,n,2,294.82,1.27,N,0
14.78332,107.2891,304.14,0.38,0.36,2025-03-01,1824,N,VIIRS,n,2,292.47,1,N,0
14.79989,107.26996,306.34,0.38,0.36,2025-03-01,1824,N,VIIRS,n,2,292.51,1,N,0
14.80265,107.27406,313.92,0.38,0.36,2025-03-01,1824,N,VIIRS,n,2,292.88,1.38,N,0
14.8032,107.27051,318.42,0.38,0.36,2025-03-01,1824,N,VIIRS,n,2,293.27,1,N,0
14.80945,107.09985,305.49,0.39,0.36,2025-03-01,1824,N,VIIRS,n,2,293.93,1.14,N,0
14.81326,107.16264,311.76,0.39,0.36,2025-03-01,1824,N,VIIRS,n,2,294.63,1.39,N,0
14.81878,107.17087,311.38,0.39,0.36,2025-03-01,1824,N,VIIRS,n,2,294.54,2.2,N,0
14.81994,106.26234,311.39,0.4,0.37,2025-03-01,1824,N,VIIRS,n,2,292.09,0.77,N,0
14.82201,107.23713,306.42,0.38,0.36,2025-03-01,1824,N,VIIRS,n,2,292.68,0.96,N,0
14.82272,106.72751,305.69,0.39,0.36,2025-03-01,1824,N,VIIRS,n,2,294.59,1.33,N,0
14.8233,106.26289,305.05,0.4,0.37,2025-03-01,1824,N,VIIRS,n,2,291.66,0.77,N,0
14.82553,106.24816,311.59,0.4,0.37,2025-03-01,1824,N,VIIRS,n,2,292.23,1.25,N,0
14.8261,106.24448,312.21,0.4,0.37,2025-03-01,1824,N,VIIRS,n,2,292.64,1.25,N,0
14.83225,106.22661,307.66,0.4,0.37,2025-03-01,1824,N,VIIRS,n,2,292.14,0.89,N,0
14.83868,107.15219,307.24,0.39,0.36,2025-03-01,1824,N,VIIRS,n,2,294.56,1.35,N,0
14.85654,105.64825,308.21,0.41,0.37,2025-03-01,1824,N,VIIRS,n,2,291.89,0.79,N,0
14.89144,106.41193,304.59,0.39,0.36,2025-03-01,1824,N,VIIRS,n,2,291.77,0.43,N,0
14.89433,107.121,307.3,0.39,0.36,2025-03-01,1824,N,VIIRS,n,2,294.2,1.54,N,0
14.89708,102.93211,310.78,0.55,0.43,2025-03-01,1824,N,VIIRS,n,2,292.83,1.47,N,0
14.89709,107.1251,309.43,0.39,0.36,2025-03-01,1824,N,VIIRS,n,2,293.75,2.18,N,0
14.89765,107.12154,339.16,0.39,0.36,2025-03-01,1824,N,VIIRS,n,2,296.05,2.18,N,0
14.90096,107.12211,312.7,0.39,0.36,2025-03-01,1824,N,VIIRS,n,2,294.95,2.18,N,0
14.90924,105.50294,313.78,0.42,0.37,2025-03-01,1824,N,VIIRS,n,2,292.61,1.7,N,0
14.93153,106.17011,306.01,0.4,0.37,2025-03-01,1824,N,VIIRS,n,2,292.41,0.97,N,0
14.93439,103.98335,306.2,0.48,0.4,2025-03-01,1824,N,VIIRS,n,2,291.75,0.96,N,0
14.9349,106.17065,304.28,0.4,0.37,2025-03-01,1824,N,VIIRS,n,2,292.18,0.72,N,0
14.94471,105.57203,309.96,0.41,0.37,2025-03-01,1824,N,VIIRS,n,2,293.6,1.73,N,0
14.95616,105.58939,311.26,0.41,0.37,2025-03-01,1824,N,VIIRS,n,2,293.61,1.73,N,0
14.95709,101.15594,306.48,0.47,0.48,2025-03-01,1824,N,VIIRS,n,2,292.18,1.75,N,0
14.95956,105.59011,314.42,0.41,0.37,2025-03-01,1824,N,VIIRS,n,2,293.13,1.73,N,0
14.9659,105.5478,310.68,0.42,0.37,2025-03-01,1824,N,VIIRS,n,2,293.26,1.75,N,0
14.96642,105.65612,310.74,0.41,0.37,2025-03-01,1824,N,VIIRS,n,2,291.15,1.97,N,0
14.97405,106.29839,308.54,0.4,0.37,2025-03-01,1824,N,VIIRS,n,2,290.67,0.93,N,0
14.99203,101.09294,306.18,0.48,0.48,2025-03-01,1824,N,VIIRS,n,2,291.89,1.22,N,0
14.99879,105.55536,306.33,0.42,0.37,2025-03-01,1824,N,VIIRS,n,2,292.82,1.73,N,0
15.00279,105.55209,328.33,0.42,0.37,2025-03-01,1824,N,VIIRS,n,2,293.78,3.75,N,0
15.00345,105.83034,306.31,0.41,0.37,2025-03-01,1824,N,VIIRS,n,2,292.47,1.27,N,0
15.00654,101.81227,319,0.43,0.46,2025-03-01,1824,N,VIIRS,n,2,291.26,1.31,N,0
15.01001,100.87945,314.63,0.49,0.49,2025-03-01,1824,N,VIIRS,n,2,292.05,2.25,N,0
15.01645,107.46641,305.37,0.38,0.36,2025-03-01,1824,N,VIIRS,n,2,287.89,0.55,N,0
15.01681,106.57056,300.56,0.39,0.36,2025-03-01,1824,N,VIIRS,n,2,289.93,1.14,N,0
15.02349,106.57163,302.81,0.39,0.36,2025-03-01,1824,N,VIIRS,n,2,290.96,1.2,N,0
15.03193,100.99327,310.17,0.48,0.48,2025-03-01,1824,N,VIIRS,n,2,291.58,1.29,N,0
15.03426,105.52961,306.08,0.42,0.37,2025-03-01,1824,N,VIIRS,n,2,291.78,1.17,N,0
15.03639,100.99387,308.84,0.48,0.48,2025-03-01,1824,N,VIIRS,n,2,291.19,0.93,N,0
15.05552,107.47652,313.17,0.38,0.36,2025-03-01,1824,N,VIIRS,n,2,288.64,1.64,N,0
15.06102,107.48473,301.71,0.38,0.36,2025-03-01,1824,N,VIIRS,n,2,289.26,0.61,N,0
15.06985,107.4716,299.54,0.38,0.36,2025-03-01,1824,N,VIIRS,n,2,287.2,0.28,N,0
15.07041,107.46806,301.96,0.38,0.36,2025-03-01,1824,N,VIIRS,n,2,288.49,0.88,N,0
15.07265,101.16123,309.58,0.47,0.48,2025-03-01,1824,N,VIIRS,n,2,292.02,1.05,N,0
15.07316,107.47216,300.65,0.38,0.36,2025-03-01,1824,N,VIIRS,n,2,288.32,0.54,N,0
15.07371,107.46861,314.27,0.38,0.36,2025-03-01,1824,N,VIIRS,n,2,290.41,0.96,N,0
15.07427,107.46505,301.98,0.38,0.36,2025-03-01,1824,N,VIIRS,n,2,288.53,0.96,N,0
15.07702,107.46916,305.22,0.38,0.36,2025-03-01,1824,N,VIIRS,n,2,290.7,0.96,N,0
15.0979,107.48724,319.87,0.38,0.36,2025-03-01,1824,N,VIIRS,n,2,290.39,1.55,N,0
15.10075,106.13358,299.07,0.4,0.37,2025-03-01,1824,N,VIIRS,n,2,287.76,0.8,N,0
15.1012,107.48779,316.65,0.38,0.36,2025-03-01,1824,N,VIIRS,n,2,290.75,1.55,N,0
15.10176,107.48423,315.76,0.38,0.36,2025-03-01,1824,N,VIIRS,n,2,291.96,1.55,N,0
15.10902,107.43802,324.16,0.38,0.36,2025-03-01,1824,N,VIIRS,n,2,290.91,2.34,N,0
15.11127,101.03441,305.79,0.48,0.48,2025-03-01,1824,N,VIIRS,n,2,291.61,1.26,N,0
15.11185,101.02991,308.04,0.48,0.48,2025-03-01,1824,N,VIIRS,n,2,291.41,1.26,N,0
15.12259,105.87476,311.62,0.41,0.37,2025-03-01,1824,N,VIIRS,n,2,293.32,2.51,N,0
15.12622,106.65102,314.47,0.39,0.36,2025-03-01,1824,N,VIIRS,n,2,292.95,0.93,N,0
15.1493,105.83639,307.59,0.41,0.37,2025-03-01,1824,N,VIIRS,n,2,294.52,2.05,N,0
15.15037,106.68794,310.86,0.39,0.36,2025-03-01,1824,N,VIIRS,n,2,294,1.87,N,0
15.15321,106.75874,306.83,0.39,0.36,2025-03-01,1824,N,VIIRS,n,2,294.1,1.49,N,0
15.19076,105.57621,304.75,0.42,0.37,2025-03-01,1824,N,VIIRS,n,2,291.89,0.52,N,0
15.22696,106.65665,301.13,0.39,0.36,2025-03-01,1824,N,VIIRS,n,2,289.46,0.19,N,0
15.27704,106.87828,320.18,0.39,0.36,2025-03-01,1824,N,VIIRS,n,2,294.06,2.09,N,0
15.28704,106.85767,306.68,0.39,0.36,2025-03-01,1824,N,VIIRS,n,2,293.55,1.15,N,0
15.2891,105.81068,304.35,0.41,0.37,2025-03-01,1824,N,VIIRS,n,2,292.03,0.7,N,0
15.30096,106.72279,310.15,0.39,0.36,2025-03-01,1824,N,VIIRS,n,2,293.41,1.27,N,0
15.30105,106.38433,301.87,0.4,0.37,2025-03-01,1824,N,VIIRS,n,2,288.73,0.58,N,0
15.31752,106.85913,309.65,0.39,0.36,2025-03-01,1824,N,VIIRS,n,2,293.58,1.19,N,0
15.32141,106.85606,306.95,0.39,0.36,2025-03-01,1824,N,VIIRS,n,2,293.35,1.44,N,0
15.32583,103.20459,320.21,0.54,0.42,2025-03-01,1824,N,VIIRS,n,2,293.1,3.24,N,0
15.32971,103.20517,331.26,0.54,0.42,2025-03-01,1824,N,VIIRS,n,2,293.81,8.02,N,0
15.32977,105.46194,311.99,0.42,0.38,2025-03-01,1824,N,VIIRS,n,2,293.43,1.73,N,0
15.33475,106.06669,303.71,0.4,0.37,2025-03-01,1824,N,VIIRS,n,2,289.24,0.73,N,0
15.33813,106.06727,308.3,0.4,0.37,2025-03-01,1824,N,VIIRS,n,2,289.5,0.73,N,0
15.34904,106.8045,314.8,0.39,0.36,2025-03-01,1824,N,VIIRS,n,2,294.65,1.69,N,0
15.3537,106.46748,337.73,0.4,0.37,2025-03-01,1824,N,VIIRS,n,2,291.6,5,N,0
15.35706,106.46798,320.53,0.4,0.37,2025-03-01,1824,N,VIIRS,n,2,291.75,1.6,N,0
15.35737,106.83934,311.85,0.39,0.36,2025-03-01,1824,N,VIIRS,n,2,294.15,1.7,N,0
15.36181,106.83267,305.08,0.39,0.36,2025-03-01,1824,N,VIIRS,n,2,293.64,0.67,N,0
15.36514,106.83319,305.57,0.39,0.36,2025-03-01,1824,N,VIIRS,n,2,293.98,0.67,N,0
15.37455,100.82652,306.82,0.5,0.49,2025-03-01,1824,N,VIIRS,n,2,290.64,1.61,N,0
15.3864,101.05363,312.44,0.48,0.48,2025-03-01,1824,N,VIIRS,n,2,292.34,4.9,N,0
15.38834,101.0569,339.09,0.48,0.48,2025-03-01,1824,N,VIIRS,n,2,292.72,5.07,N,0
15.3889,101.05235,323.1,0.48,0.48,2025-03-01,1824,N,VIIRS,n,2,292.62,5.07,N,0
15.39086,101.05423,341.19,0.48,0.48,2025-03-01,1824,N,VIIRS,n,2,293.12,4.9,N,0
15.39969,104.15773,311.15,0.48,0.4,2025-03-01,1824,N,VIIRS,n,2,293.27,1.75,N,0
15.40066,104.15945,316.77,0.48,0.4,2025-03-01,1824,N,VIIRS,n,2,293.49,1.22,N,0
15.4009,104.17606,303.22,0.48,0.4,2025-03-01,1824,N,VIIRS,n,2,292.9,0.41,N,0
15.41067,104.18662,323.64,0.48,0.4,2025-03-01,1824,N,VIIRS,n,2,293.2,3.01,N,0
15.41165,100.86035,310.01,0.5,0.49,2025-03-01,1824,N,VIIRS,n,2,291.09,1.13,N,0
15.41276,100.85864,319.28,0.5,0.49,2025-03-01,1824,N,VIIRS,n,2,291.05,2.7,N,0
15.41616,100.86102,307.42,0.5,0.49,2025-03-01,1824,N,VIIRS,n,2,290.87,1.13,N,0
15.43373,105.58511,306.82,0.42,0.37,2025-03-01,1824,N,VIIRS,n,2,293.89,1.91,N,0
15.44811,105.86642,307.78,0.41,0.37,2025-03-01,1824,N,VIIRS,n,2,292.22,1.03,N,0
15.44835,101.84521,310.37,0.43,0.46,2025-03-01,1824,N,VIIRS,n,2,292.25,1.03,N,0
15.4519,106.7135,304.76,0.39,0.36,2025-03-01,1824,N,VIIRS,n,2,293.79,1.06,N,0
15.4556,101.20344,314.99,0.47,0.48,2025-03-01,1824,N,VIIRS,n,2,291.66,1.7,N,0
15.46005,106.78509,310.04,0.39,0.36,2025-03-01,1824,N,VIIRS,n,2,293.84,1.14,N,0
15.46339,106.78563,304.94,0.39,0.36,2025-03-01,1824,N,VIIRS,n,2,293.75,0.77,N,0
15.46394,106.78202,317.44,0.39,0.36,2025-03-01,1824,N,VIIRS,n,2,294.31,2.16,N,0
15.46964,104.14095,322.58,0.48,0.4,2025-03-01,1824,N,VIIRS,n,2,293.14,1.21,N,0
15.47017,101.77773,330.67,0.44,0.46,2025-03-01,1824,N,VIIRS,n,2,292.1,3.29,N,0
15.47613,102.02647,304.28,0.42,0.45,2025-03-01,1824,N,VIIRS,n,2,290.57,1.01,N,0
15.4778,107.26472,300.06,0.39,0.36,2025-03-01,1824,N,VIIRS,n,2,286.64,0.4,N,0
15.47915,106.01044,305.72,0.41,0.37,2025-03-01,1824,N,VIIRS,n,2,293.13,1.02,N,0
15.47981,102.03098,303.87,0.42,0.45,2025-03-01,1824,N,VIIRS,n,2,290.63,1.01,N,0
15.48032,102.02704,311.36,0.42,0.45,2025-03-01,1824,N,VIIRS,n,2,290.63,1.01,N,0
15.48538,101.98747,319.28,0.42,0.45,2025-03-01,1824,N,VIIRS,n,2,289.58,2.17,N,0
15.48958,101.98804,308,0.42,0.45,2025-03-01,1824,N,VIIRS,n,2,289.94,0.81,N,0
15.49113,100.82162,323.3,0.5,0.49,2025-03-01,1824,N,VIIRS,n,2,291.2,2.33,N,0
15.5007,103.97507,305.44,0.49,0.4,2025-03-01,1824,N,VIIRS,n,2,293.39,0.92,N,0
15.50947,101.12669,312.54,0.48,0.48,2025-03-01,1824,N,VIIRS,n,2,290.83,1.4,N,0
15.51496,100.40801,340.24,0.54,0.5,2025-03-01,1824,N,VIIRS,n,2,291.94,8.57,N,0
15.51509,106.73824,308.65,0.39,0.36,2025-03-01,1824,N,VIIRS,n,2,294.93,2.01,N,0
15.51787,106.74239,309,0.39,0.36,2025-03-01,1824,N,VIIRS,n,2,292.98,1.01,N,0
15.52217,102.41168,307.71,0.4,0.44,2025-03-01,1824,N,VIIRS,n,2,291.59,0.84,N,0
15.524,106.74709,305.78,0.39,0.36,2025-03-01,1824,N,VIIRS,n,2,293.21,0.76,N,0
15.52575,102.4116,307.49,0.4,0.44,2025-03-01,1824,N,VIIRS,n,2,291.59,1.52,N,0
15.53004,101.48885,311.84,0.46,0.47,2025-03-01,1824,N,VIIRS,n,2,292.28,1.65,N,0
15.53059,100.92059,316.33,0.5,0.49,2025-03-01,1824,N,VIIRS,n,2,290.69,1.66,N,0
15.53232,106.11903,307.38,0.4,0.37,2025-03-01,1824,N,VIIRS,n,2,292.75,0.58,N,0
15.53842,106.80896,303.7,0.39,0.36,2025-03-01,1824,N,VIIRS,n,2,292.42,0.8,N,0
15.54702,101.60532,315.25,0.45,0.47,2025-03-01,1824,N,VIIRS,n,2,291.72,1.24,N,0
15.55015,106.68818,306.2,0.39,0.36,2025-03-01,1824,N,VIIRS,n,2,293.84,1.1,N,0
15.56853,101.47022,305.6,0.46,0.47,2025-03-01,1824,N,VIIRS,n,2,292.12,1.01,N,0
15.57075,106.72529,307.48,0.39,0.36,2025-03-01,1824,N,VIIRS,n,2,292.5,0.71,N,0
15.57231,101.51012,310.95,0.46,0.47,2025-03-01,1824,N,VIIRS,n,2,292.38,1.84,N,0
15.57285,101.47104,310.07,0.46,0.47,2025-03-01,1824,N,VIIRS,n,2,292.2,1.78,N,0
15.57478,106.36904,323.98,0.4,0.37,2025-03-01,1824,N,VIIRS,n,2,294.98,1.8,N,0
15.57797,106.07156,304.42,0.4,0.37,2025-03-01,1824,N,VIIRS,n,2,292.16,0.59,N,0
15.57817,106.36948,321.04,0.4,0.37,2025-03-01,1824,N,VIIRS,n,2,294.2,1.8,N,0
15.57932,101.62695,335.31,0.45,0.47,2025-03-01,1824,N,VIIRS,n,2,292.05,2.82,N,0
15.59712,106.47111,306.5,0.4,0.37,2025-03-01,1824,N,VIIRS,n,2,295.05,1.2,N,0
15.59883,106.47163,305.38,0.4,0.37,2025-03-01,1824,N,VIIRS,n,2,294.39,0.64,N,0
15.60177,106.25924,306.07,0.4,0.37,2025-03-01,1824,N,VIIRS,n,2,293.58,1.47,N,0
15.60413,101.15055,307.83,0.48,0.48,2025-03-01,1824,N,VIIRS,n,2,290.58,0.73,N,0
15.61308,100.32475,312.1,0.54,0.51,2025-03-01,1824,N,VIIRS,n,2,290.92,2.77,N,0
15.62083,106.62123,304.09,0.39,0.36,2025-03-01,1824,N,VIIRS,n,2,292.57,0.44,N,0
15.62145,105.47771,308.06,0.42,0.38,2025-03-01,1824,N,VIIRS,n,2,294.2,1.73,N,0
15.63854,106.98903,300.56,0.39,0.36,2025-03-01,1824,N,VIIRS,n,2,290.35,0.64,N,0
15.63909,106.98547,307.86,0.39,0.36,2025-03-01,1824,N,VIIRS,n,2,292.31,0.64,N,0
15.64186,106.98958,314.87,0.39,0.36,2025-03-01,1824,N,VIIRS,n,2,291.28,0.94,N,0
15.65208,106.61877,305.44,0.39,0.36,2025-03-01,1824,N,VIIRS,n,2,292.4,0.41,N,0
15.65567,102.09456,307.83,0.42,0.45,2025-03-01,1824,N,VIIRS,n,2,292.28,1.62,N,0
15.6595,105.56709,308.31,0.42,0.38,2025-03-01,1824,N,VIIRS,n,2,295.1,1.62,N,0
15.66487,106.66965,306.39,0.39,0.36,2025-03-01,1824,N,VIIRS,n,2,293.68,1.1,N,0
15.66604,106.45937,307.19,0.4,0.37,2025-03-01,1824,N,VIIRS,n,2,294.36,1.74,N,0
15.6662,101.71839,316.6,0.44,0.46,2025-03-01,1824,N,VIIRS,n,2,291.7,2.16,N,0
15.6666,106.45567,307.59,0.4,0.37,2025-03-01,1824,N,VIIRS,n,2,295.23,1.72,N,0
15.66763,106.67397,309.43,0.39,0.36,2025-03-01,1824,N,VIIRS,n,2,294.63,1.1,N,0
15.66769,106.62885,304.48,0.39,0.36,2025-03-01,1824,N,VIIRS,n,2,292.73,0.7,N,0
15.66821,106.67023,314.83,0.39,0.36,2025-03-01,1824,N,VIIRS,n,2,294.86,1.1,N,0
15.6687,105.55257,307.35,0.42,0.38,2025-03-01,1824,N,VIIRS,n,2,294.87,1.94,N,0
15.66877,106.66655,313.65,0.39,0.36,2025-03-01,1824,N,VIIRS,n,2,294.69,1.67,N,0
15.66884,106.53145,318.12,0.4,0.37,2025-03-01,1824,N,VIIRS,n,2,295.32,2.49,N,0
15.67154,106.67082,314.9,0.39,0.36,2025-03-01,1824,N,VIIRS,n,2,294.77,2.45,N,0
15.67211,106.66713,316.54,0.39,0.36,2025-03-01,1824,N,VIIRS,n,2,294.79,1.61,N,0
15.67268,106.66344,312.67,0.39,0.36,2025-03-01,1824,N,VIIRS,n,2,294.4,1.61,N,0
15.68312,105.4541,308.92,0.42,0.38,2025-03-01,1824,N,VIIRS,n,2,295.08,1.45,N,0
15.68954,106.53093,307.18,0.4,0.37,2025-03-01,1824,N,VIIRS,n,2,294.34,1.29,N,0
15.69065,106.15863,307.75,0.4,0.37,2025-03-01,1824,N,VIIRS,n,2,293.6,0.76,N,0
15.69404,106.15918,305.91,0.4,0.37,2025-03-01,1824,N,VIIRS,n,2,293.97,1.15,N,0
15.69578,106.28573,304.13,0.4,0.37,2025-03-01,1824,N,VIIRS,n,2,293.13,0.65,N,0
15.69909,102.06007,322.19,0.42,0.45,2025-03-01,1824,N,VIIRS,n,2,291.24,2.09,N,0
15.70081,106.16026,318.39,0.4,0.37,2025-03-01,1824,N,VIIRS,n,2,294.02,1.42,N,0
15.70328,102.06067,309.19,0.42,0.45,2025-03-01,1824,N,VIIRS,n,2,291.57,0.84,N,0
15.70578,101.74897,309.28,0.44,0.46,2025-03-01,1824,N,VIIRS,n,2,291.34,6.24,N,0
15.71006,101.74954,347.23,0.44,0.46,2025-03-01,1824,N,VIIRS,n,2,293.09,6.24,N,0
15.71661,101.69997,306.1,0.44,0.46,2025-03-01,1824,N,VIIRS,n,2,291.9,0.81,N,0
15.72159,101.66225,307.5,0.45,0.47,2025-03-01,1824,N,VIIRS,n,2,292.12,0.83,N,0
15.73303,106.01485,307.24,0.41,0.37,2025-03-01,1824,N,VIIRS,n,2,293.91,0.72,N,0
15.74394,101.10762,312.8,0.49,0.48,2025-03-01,1824,N,VIIRS,n,2,291.69,1.67,N,0
15.77891,106.01007,309.92,0.41,0.37,2025-03-01,1824,N,VIIRS,n,2,295.46,1.77,N,0
15.79315,106.05505,310.39,0.41,0.37,2025-03-01,1824,N,VIIRS,n,2,296.23,2.45,N,0
15.79348,105.91108,308.11,0.41,0.37,2025-03-01,1824,N,VIIRS,n,2,295.71,1.82,N,0
15.79504,106.41164,308.34,0.4,0.37,2025-03-01,1824,N,VIIRS,n,2,295.49,1.64,N,0
15.79935,106.0602,309.53,0.41,0.37,2025-03-01,1824,N,VIIRS,n,2,295.31,2.17,N,0
15.79951,104.09652,319.34,0.49,0.4,2025-03-01,1824,N,VIIRS,n,2,293.04,2.39,N,0
15.80015,104.09198,316.84,0.49,0.4,2025-03-01,1824,N,VIIRS,n,2,293.68,2.39,N,0
15.80577,101.7028,305.12,0.45,0.47,2025-03-01,1824,N,VIIRS,n,2,291.61,0.62,N,0
15.81903,106.44543,309.95,0.4,0.37,2025-03-01,1824,N,VIIRS,n,2,295.91,1.34,N,0
15.82238,106.44607,308.88,0.4,0.37,2025-03-01,1824,N,VIIRS,n,2,295.43,1.34,N,0
15.82294,106.44231,314.39,0.4,0.37,2025-03-01,1824,N,VIIRS,n,2,295.15,2.2,N,0
15.85333,100.82642,330.05,0.51,0.49,2025-03-01,1824,N,VIIRS,n,2,291.55,5.17,N,0
15.86334,104.80318,308.38,0.45,0.39,2025-03-01,1824,N,VIIRS,n,2,293.43,0.56,N,0
15.88358,105.53626,308.2,0.42,0.38,2025-03-01,1824,N,VIIRS,n,2,293.83,0.81,N,0
15.88409,106.37959,307.27,0.4,0.37,2025-03-01,1824,N,VIIRS,n,2,294.74,1.15,N,0
15.89162,101.70023,305.58,0.45,0.47,2025-03-01,1824,N,VIIRS,n,2,290.68,0.97,N,0
15.8925,106.39249,314.21,0.4,0.37,2025-03-01,1824,N,VIIRS,n,2,295.42,2.22,N,0
15.898,105.43738,304.68,0.43,0.38,2025-03-01,1824,N,VIIRS,n,2,294.06,1.02,N,0
15.90022,106.1334,307.11,0.4,0.37,2025-03-01,1824,N,VIIRS,n,2,294.7,1.38,N,0
15.90417,106.13023,311.15,0.41,0.37,2025-03-01,1824,N,VIIRS,n,2,294.96,1.38,N,0
15.90591,106.50854,308.75,0.4,0.37,2025-03-01,1824,N,VIIRS,n,2,292.6,1.42,N,0
15.90699,106.11127,313.35,0.41,0.37,2025-03-01,1824,N,VIIRS,n,2,294.79,0.99,N,0
15.90755,106.1075,307.78,0.41,0.37,2025-03-01,1824,N,VIIRS,n,2,294.4,0.99,N,0
15.91109,106.3381,305.97,0.4,0.37,2025-03-01,1824,N,VIIRS,n,2,293.62,0.7,N,0
15.9261,104.489,314.2,0.47,0.39,2025-03-01,1824,N,VIIRS,n,2,292.87,1.75,N,0
15.9301,106.37222,306.37,0.4,0.37,2025-03-01,1824,N,VIIRS,n,2,293.64,0.95,N,0
15.96312,106.75128,302.64,0.39,0.36,2025-03-01,1824,N,VIIRS,n,2,291.89,0.62,N,0
15.96369,106.74759,306.73,0.39,0.36,2025-03-01,1824,N,VIIRS,n,2,291.03,0.62,N,0
15.98392,106.31876,307.7,0.4,0.37,2025-03-01,1824,N,VIIRS,n,2,295.68,1.71,N,0
15.98541,106.1459,308.83,0.41,0.37,2025-03-01,1824,N,VIIRS,n,2,294.34,1.54,N,0
15.98998,105.88248,310.05,0.41,0.37,2025-03-01,1824,N,VIIRS,n,2,294.44,1.42,N,0
15.99095,104.84264,304.48,0.45,0.39,2025-03-01,1824,N,VIIRS,n,2,293.13,1.41,N,0
15.99452,104.84319,317.9,0.45,0.39,2025-03-01,1824,N,VIIRS,n,2,293.69,2.29,N,0
15.99512,104.83899,328.06,0.45,0.39,2025-03-01,1824,N,VIIRS,n,2,293.91,2.29,N,0
15.99911,106.28665,318.73,0.4,0.37,2025-03-01,1824,N,VIIRS,n,2,295.3,2.7,N,0
16.00499,104.11426,332.61,0.49,0.4,2025-03-01,1824,N,VIIRS,n,2,294.03,4.24,N,0
16.03102,101.81998,305.27,0.44,0.46,2025-03-01,1824,N,VIIRS,n,2,290.71,0.76,N,0
16.04085,106.05402,311.37,0.41,0.37,2025-03-01,1824,N,VIIRS,n,2,292.36,1.51,N,0
16.04589,106.22912,307.8,0.4,0.37,2025-03-01,1824,N,VIIRS,n,2,296.05,2.37,N,0
16.04848,101.80813,314.14,0.44,0.46,2025-03-01,1824,N,VIIRS,n,2,290.6,1.68,N,0
16.05441,106.2187,305.08,0.4,0.37,2025-03-01,1824,N,VIIRS,n,2,294.52,0.91,N,0
16.0572,106.08447,306.67,0.41,0.37,2025-03-01,1824,N,VIIRS,n,2,295.4,1.77,N,0
16.0606,106.13145,308.26,0.41,0.37,2025-03-01,1824,N,VIIRS,n,2,295.33,1.58,N,0
16.07255,106.14453,308.87,0.41,0.37,2025-03-01,1824,N,VIIRS,n,2,294.56,1.7,N,0
16.0799,106.14189,308.16,0.41,0.37,2025-03-01,1824,N,VIIRS,n,2,294.96,1.91,N,0
16.0804,106.14198,307.45,0.41,0.37,2025-03-01,1824,N,VIIRS,n,2,294.82,1.14,N,0
16.08226,100.89156,305.43,0.51,0.49,2025-03-01,1824,N,VIIRS,n,2,291.35,1.45,N,0
16.08776,106.13924,306.86,0.41,0.37,2025-03-01,1824,N,VIIRS,n,2,294.71,1.23,N,0
16.09116,106.13976,306.34,0.41,0.37,2025-03-01,1824,N,VIIRS,n,2,294.81,1.23,N,0
16.09333,101.59112,318.42,0.46,0.47,2025-03-01,1824,N,VIIRS,n,2,291.04,2.68,N,0
16.10715,106.24254,311.11,0.4,0.37,2025-03-01,1824,N,VIIRS,n,2,293.87,1.08,N,0
16.10771,106.26196,308.3,0.4,0.37,2025-03-01,1824,N,VIIRS,n,2,294.22,0.93,N,0
16.11053,106.24311,306.71,0.4,0.37,2025-03-01,1824,N,VIIRS,n,2,294.62,1.08,N,0
16.12335,105.54359,306.98,0.42,0.38,2025-03-01,1824,N,VIIRS,n,2,293.71,1.25,N,0
16.13369,104.09854,313.07,0.49,0.4,2025-03-01,1824,N,VIIRS,n,2,292.55,1.34,N,0
16.14763,104.05365,345.94,0.49,0.4,2025-03-01,1824,N,VIIRS,n,2,294.21,11.63,N,0
16.15139,104.78368,322.28,0.45,0.39,2025-03-01,1824,N,VIIRS,n,2,295.17,2.47,N,0
16.152,104.77945,320.43,0.45,0.39,2025-03-01,1824,N,VIIRS,n,2,295.15,3.3,N,0
16.16621,104.97319,328.37,0.45,0.39,2025-03-01,1824,N,VIIRS,n,2,294.21,2.89,N,0
16.19766,102.61154,326.63,0.4,0.44,2025-03-01,1824,N,VIIRS,n,2,291.7,2.42,N,0
16.20138,105.45767,306.79,0.43,0.38,2025-03-01,1824,N,VIIRS,n,2,294.16,1.26,N,0
16.20747,101.63854,331.23,0.46,0.47,2025-03-01,1824,N,VIIRS,n,2,292.36,3.52,N,0
16.21016,104.9458,306.31,0.45,0.39,2025-03-01,1824,N,VIIRS,n,2,293.15,1.05,N,0
16.21373,104.94635,311.17,0.45,0.39,2025-03-01,1824,N,VIIRS,n,2,293.7,1.05,N,0
16.24876,104.95602,312.41,0.45,0.39,2025-03-01,1824,N,VIIRS,n,2,293.51,0.89,N,0
16.25732,104.71931,318.8,0.46,0.39,2025-03-01,1824,N,VIIRS,n,2,292.49,1.5,N,0
16.25813,104.14291,305.18,0.49,0.4,2025-03-01,1824,N,VIIRS,n,2,292.39,0.73,N,0
16.26092,104.71987,305.62,0.46,0.39,2025-03-01,1824,N,VIIRS,n,2,292.93,1.5,N,0
16.26486,104.79469,309.88,0.46,0.39,2025-03-01,1824,N,VIIRS,n,2,292.82,1.09,N,0
16.39405,101.92438,305.84,0.44,0.46,2025-03-01,1824,N,VIIRS,n,2,290.82,1.08,N,0
16.40196,103.22529,334.45,0.55,0.43,2025-03-01,1824,N,VIIRS,n,2,286.11,5.83,N,0
16.40332,103.21497,312.57,0.55,0.43,2025-03-01,1824,N,VIIRS,n,2,285.77,2.05,N,0
16.40847,103.44419,307.65,0.53,0.42,2025-03-01,1824,N,VIIRS,n,2,292.92,2.54,N,0
16.44197,104.93606,303.44,0.45,0.39,2025-03-01,1824,N,VIIRS,n,2,293.1,1.29,N,0
16.46694,104.95563,320.33,0.45,0.39,2025-03-01,1824,N,VIIRS,n,2,292.88,1.99,N,0
16.4681,104.95734,319.02,0.45,0.39,2025-03-01,1824,N,VIIRS,n,2,292.93,1.33,N,0
16.48059,106.23848,302.95,0.41,0.37,2025-03-01,1824,N,VIIRS,n,2,291.62,0.43,N,0
16.49199,105.45977,337,0.43,0.38,2025-03-01,1824,N,VIIRS,n,2,293.98,5.09,N,0
16.49549,105.46033,334.74,0.43,0.38,2025-03-01,1824,N,VIIRS,n,2,294.84,5.1,N,0
16.50008,103.35771,310.71,0.54,0.42,2025-03-01,1824,N,VIIRS,n,2,292.48,1.7,N,0
16.5097,105.48981,307.38,0.43,0.38,2025-03-01,1824,N,VIIRS,n,2,294.04,1.15,N,0
16.52512,106.08128,308.65,0.41,0.37,2025-03-01,1824,N,VIIRS,n,2,295,1.09,N,0
16.55378,103.9281,305.26,0.51,0.41,2025-03-01,1824,N,VIIRS,n,2,289.92,0.65,N,0
16.5673,106.10326,301.9,0.41,0.37,2025-03-01,1824,N,VIIRS,n,2,291.57,0.69,N,0
16.56925,103.40524,306.31,0.54,0.42,2025-03-01,1824,N,VIIRS,n,2,290.33,1.5,N,0
16.57314,103.40583,306.88,0.54,0.42,2025-03-01,1824,N,VIIRS,n,2,287.22,1.5,N,0
16.57321,103.40438,307.92,0.54,0.42,2025-03-01,1824,N,VIIRS,n,2,286.76,0.83,N,0
16.58261,103.3031,309.57,0.55,0.43,2025-03-01,1824,N,VIIRS,n,2,291.73,1.22,N,0
16.58266,103.30694,309.89,0.55,0.42,2025-03-01,1824,N,VIIRS,n,2,291.37,0.79,N,0
16.61795,104.24506,314.47,0.49,0.4,2025-03-01,1824,N,VIIRS,n,2,293.56,2.11,N,0
16.61861,104.24035,306.82,0.49,0.4,2025-03-01,1824,N,VIIRS,n,2,292.36,1.57,N,0
16.62166,104.24561,313.29,0.49,0.4,2025-03-01,1824,N,VIIRS,n,2,293.96,2.11,N,0
16.63099,104.09559,315.05,0.5,0.41,2025-03-01,1824,N,VIIRS,n,2,292.52,1.72,N,0
16.63264,103.34706,314.55,0.55,0.42,2025-03-01,1824,N,VIIRS,n,2,291.58,2.15,N,0
16.63658,105.48399,306.19,0.43,0.38,2025-03-01,1824,N,VIIRS,n,2,292.76,0.79,N,0
16.64353,105.70545,304.27,0.42,0.38,2025-03-01,1824,N,VIIRS,n,2,292.04,0.31,N,0
16.64562,105.88269,308.82,0.42,0.37,2025-03-01,1824,N,VIIRS,n,2,294.28,1.63,N,0
16.64708,103.8075,309.28,0.51,0.41,2025-03-01,1824,N,VIIRS,n,2,291.74,0.7,N,0
16.65283,103.57656,304.33,0.53,0.42,2025-03-01,1824,N,VIIRS,n,2,291.63,0.7,N,0
16.6747,105.71043,304.71,0.42,0.38,2025-03-01,1824,N,VIIRS,n,2,292.81,0.4,N,0
16.68373,103.11595,317.25,0.56,0.43,2025-03-01,1824,N,VIIRS,n,2,291.56,1.6,N,0
16.69249,104.34679,308.5,0.48,0.4,2025-03-01,1824,N,VIIRS,n,2,293.48,1.76,N,0
16.69553,103.0582,304.12,0.57,0.43,2025-03-01,1824,N,VIIRS,n,2,290.63,0.7,N,0
16.69951,103.05878,303.07,0.57,0.43,2025-03-01,1824,N,VIIRS,n,2,290.42,0.7,N,0
16.71611,104.89945,312.45,0.46,0.39,2025-03-01,1824,N,VIIRS,n,2,293.97,1.34,N,0
16.71616,102.99553,306.84,0.57,0.43,2025-03-01,1824,N,VIIRS,n,2,291.18,1.06,N,0
16.71666,103.83768,329.32,0.51,0.41,2025-03-01,1824,N,VIIRS,n,2,292.29,3.93,N,0
16.7197,104.89997,303.48,0.46,0.39,2025-03-01,1824,N,VIIRS,n,2,292.92,0.5,N,0
16.7389,104.86802,303.54,0.46,0.39,2025-03-01,1824,N,VIIRS,n,2,292.61,0.63,N,0
16.73927,105.27111,303.84,0.44,0.38,2025-03-01,1824,N,VIIRS,n,2,292.92,0.51,N,0
16.74176,104.95128,307.19,0.45,0.39,2025-03-01,1824,N,VIIRS,n,2,293.15,0.88,N,0
16.74774,104.27553,308.25,0.49,0.4,2025-03-01,1824,N,VIIRS,n,2,292.24,1.16,N,0
16.75451,104.14516,305.13,0.5,0.41,2025-03-01,1824,N,VIIRS,n,2,292.11,1.29,N,0
16.75513,104.1407,306.35,0.5,0.41,2025-03-01,1824,N,VIIRS,n,2,293.53,1.29,N,0
16.76494,102.85141,305.28,0.39,0.44,2025-03-01,1824,N,VIIRS,n,2,290.63,0.73,N,0
16.76674,106.23985,303.54,0.41,0.37,2025-03-01,1824,N,VIIRS,n,2,291.43,0.53,N,0
16.77561,102.92744,333.33,0.39,0.44,2025-03-01,1824,N,VIIRS,n,2,290.31,2.09,N,0
16.77682,103.25455,315.73,0.55,0.43,2025-03-01,1824,N,VIIRS,n,2,291.82,2.4,N,0
16.77882,105.14087,304.51,0.45,0.39,2025-03-01,1824,N,VIIRS,n,2,293.51,0.5,N,0
16.78016,104.12546,308.42,0.5,0.41,2025-03-01,1824,N,VIIRS,n,2,292.9,1.71,N,0
16.78671,102.9365,302.64,0.39,0.44,2025-03-01,1824,N,VIIRS,n,2,290.02,0.21,N,0
16.7893,103.94935,310.08,0.51,0.41,2025-03-01,1824,N,VIIRS,n,2,293.24,2.13,N,0
16.79486,106.40028,300.61,0.4,0.37,2025-03-01,1824,N,VIIRS,n,2,290.47,0.29,N,0
16.80382,103.95588,307.11,0.51,0.41,2025-03-01,1824,N,VIIRS,n,2,293.51,2.11,N,0
16.8069,102.78216,315.11,0.39,0.44,2025-03-01,1824,N,VIIRS,n,2,291.32,1.01,N,0
16.82204,105.9133,305.27,0.42,0.37,2025-03-01,1824,N,VIIRS,n,2,291.51,0.78,N,0
16.83201,103.5808,320.99,0.53,0.42,2025-03-01,1824,N,VIIRS,n,2,291.5,2.09,N,0
16.83566,104.33789,306.93,0.49,0.4,2025-03-01,1824,N,VIIRS,n,2,293,2.75,N,0
16.83626,105.1455,313.78,0.45,0.39,2025-03-01,1824,N,VIIRS,n,2,292.33,0.72,N,0
16.84307,104.33897,307.3,0.49,0.4,2025-03-01,1824,N,VIIRS,n,2,292.79,1.93,N,0
16.85008,102.2141,312.93,0.43,0.46,2025-03-01,1824,N,VIIRS,n,2,291.8,1.03,N,0
16.85544,104.19577,311.73,0.49,0.41,2025-03-01,1824,N,VIIRS,n,2,292.2,4.12,N,0
16.86548,105.51807,303.48,0.43,0.38,2025-03-01,1824,N,VIIRS,n,2,291.96,1.03,N,0
16.86892,104.23552,308.1,0.49,0.4,2025-03-01,1824,N,VIIRS,n,2,292.72,2.71,N,0
16.87007,103.26926,329.67,0.55,0.43,2025-03-01,1824,N,VIIRS,n,2,291.74,4.02,N,0
16.87934,103.91057,303.55,0.51,0.41,2025-03-01,1824,N,VIIRS,n,2,291.1,1.7,N,0
16.88935,104.22536,307.31,0.49,0.4,2025-03-01,1824,N,VIIRS,n,2,293.58,3.48,N,0
16.89079,103.23474,304.92,0.56,0.43,2025-03-01,1824,N,VIIRS,n,2,291.3,1.41,N,0
16.89648,102.94785,306.86,0.39,0.44,2025-03-01,1824,N,VIIRS,n,2,287.54,1.2,N,0
16.89881,105.83583,332.43,0.42,0.38,2025-03-01,1824,N,VIIRS,n,2,294.56,2.23,N,0
16.89938,105.83189,306.17,0.42,0.38,2025-03-01,1824,N,VIIRS,n,2,292.54,2.23,N,0
16.90096,104.69215,304.96,0.47,0.4,2025-03-01,1824,N,VIIRS,n,2,292.21,0.89,N,0
16.90459,104.6927,318.5,0.47,0.4,2025-03-01,1824,N,VIIRS,n,2,293.15,0.89,N,0
16.91242,104.23116,314.69,0.49,0.4,2025-03-01,1824,N,VIIRS,n,2,292.38,4.43,N,0
16.91322,103.661,303.95,0.53,0.42,2025-03-01,1824,N,VIIRS,n,2,290.32,1.85,N,0
16.92368,105.56024,303.07,0.43,0.38,2025-03-01,1824,N,VIIRS,n,2,292.1,0.56,N,0
16.93921,103.5269,331.32,0.54,0.42,2025-03-01,1824,N,VIIRS,n,2,292.59,21.15,N,0
16.94656,105.52927,303.05,0.43,0.38,2025-03-01,1824,N,VIIRS,n,2,291.98,0.91,N,0
16.95636,104.93358,320.37,0.46,0.39,2025-03-01,1824,N,VIIRS,n,2,292.64,1.64,N,0
16.96169,105.47369,302.54,0.43,0.38,2025-03-01,1824,N,VIIRS,n,2,291.96,0.38,N,0
16.96281,104.08594,306.34,0.5,0.41,2025-03-01,1824,N,VIIRS,n,2,293.1,1.71,N,0
16.96815,105.20732,309.2,0.44,0.39,2025-03-01,1824,N,VIIRS,n,2,293.1,0.85,N,0
16.96876,105.20313,306.02,0.44,0.39,2025-03-01,1824,N,VIIRS,n,2,292.81,1.05,N,0
16.96898,105.12637,305.71,0.45,0.39,2025-03-01,1824,N,VIIRS,n,2,294.36,1.43,N,0
16.97083,105.20588,307.62,0.44,0.39,2025-03-01,1824,N,VIIRS,n,2,293.04,1.02,N,0
16.9734,102.74061,305.57,0.4,0.44,2025-03-01,1824,N,VIIRS,n,2,291.75,1.02,N,0
16.97971,102.97774,316.86,0.39,0.44,2025-03-01,1824,N,VIIRS,n,2,289.22,1.09,N,0
16.98018,102.97412,311.11,0.39,0.44,2025-03-01,1824,N,VIIRS,n,2,289.03,1.47,N,0
17.00741,105.35559,312.22,0.44,0.38,2025-03-01,1824,N,VIIRS,n,2,293.46,1.68,N,0
17.01445,103.37883,322.07,0.55,0.43,2025-03-01,1824,N,VIIRS,n,2,291.28,2.92,N,0
17.01536,103.37669,317.31,0.55,0.43,2025-03-01,1824,N,VIIRS,n,2,291.02,2.5,N,0
17.02545,103.2635,302.28,0.56,0.43,2025-03-01,1824,N,VIIRS,n,2,289.44,2.15,N,0
17.02713,103.26159,327.38,0.56,0.43,2025-03-01,1824,N,VIIRS,n,2,290.44,3.91,N,0
17.0294,103.26411,314.77,0.56,0.43,2025-03-01,1824,N,VIIRS,n,2,291.18,2.15,N,0
17.03119,105.21511,304.6,0.44,0.39,2025-03-01,1824,N,VIIRS,n,2,292.79,0.81,N,0
17.03391,104.01672,310.81,0.51,0.41,2025-03-01,1824,N,VIIRS,n,2,292.52,1.66,N,0
17.03423,104.01455,311.3,0.51,0.41,2025-03-01,1824,N,VIIRS,n,2,292.94,3.13,N,0
17.03454,104.01196,307.69,0.51,0.41,2025-03-01,1824,N,VIIRS,n,2,292.67,1.66,N,0
17.0349,104.00974,306.62,0.51,0.41,2025-03-01,1824,N,VIIRS,n,2,292.36,1.63,N,0
17.03558,104.00487,309.65,0.51,0.41,2025-03-01,1824,N,VIIRS,n,2,292.18,1.63,N,0
17.03897,104.00767,317.64,0.51,0.41,2025-03-01,1824,N,VIIRS,n,2,292.79,3.9,N,0
17.03936,104.00546,315.77,0.51,0.41,2025-03-01,1824,N,VIIRS,n,2,292.77,1.63,N,0
17.07024,103.91866,301.75,0.51,0.41,2025-03-01,1824,N,VIIRS,n,2,288.58,0.84,N,0
17.07604,102.58833,304.47,0.41,0.45,2025-03-01,1824,N,VIIRS,n,2,291.51,0.43,N,0
17.08317,103.37335,312.45,0.55,0.43,2025-03-01,1824,N,VIIRS,n,2,291.65,1.5,N,0
17.15401,103.46976,305.8,0.54,0.42,2025-03-01,1824,N,VIIRS,n,2,290.17,1.79,N,0
17.18368,101.82063,306.25,0.46,0.47,2025-03-01,1824,N,VIIRS,n,2,291.13,1.22,N,0
17.20832,102.83784,309.98,0.4,0.44,2025-03-01,1824,N,VIIRS,n,2,290.86,0.72,N,0
17.2088,102.83411,305.92,0.4,0.44,2025-03-01,1824,N,VIIRS,n,2,291.01,1.08,N,0
17.24212,101.78307,308.84,0.46,0.47,2025-03-01,1824,N,VIIRS,n,2,290.93,1.24,N,0
17.24266,101.77869,307.72,0.46,0.47,2025-03-01,1824,N,VIIRS,n,2,290.94,1.24,N,0
17.377,102.15443,302.38,0.44,0.46,2025-03-01,1824,N,VIIRS,n,2,291.51,0.3,N,0