latitude,longitude,bright_ti4,scan,track,acq_date,acq_time,satellite,instrument,confidence,version,bright_ti5,frp,daynight,type
35.1966,119.38599,329.61,0.38,0.59,2021-09-14,416,N,VIIRS,l,2,300.81,3.28,D,2
39.46715,120.45018,334.79,0.53,0.5,2021-09-14,417,N,VIIRS,n,2,293.85,2.48,D,3
40.6442,122.56516,340.77,0.39,0.44,2021-09-14,417,N,VIIRS,n,2,302.84,9.14,D,2
40.6452,122.56982,342.57,0.39,0.44,2021-09-14,417,N,VIIRS,n,2,302.08,7.93,D,2
40.11293,118.73158,340.3,0.62,0.54,2021-09-14,418,N,VIIRS,n,2,289.61,7.86,D,2
40.11351,118.73061,343.79,0.62,0.54,2021-09-14,418,N,VIIRS,n,2,291,10.76,D,2
41.16253,122.99896,335.98,0.55,0.43,2021-09-14,418,N,VIIRS,n,2,302.91,7.48,D,2
41.23437,123.62709,326.6,0.52,0.41,2021-09-14,418,N,VIIRS,l,2,299.97,3.24,D,0
41.34598,123.88685,327.65,0.5,0.41,2021-09-14,418,N,VIIRS,n,2,301.75,3.26,D,0
41.55348,121.29407,334.5,0.43,0.46,2021-09-14,418,N,VIIRS,n,2,299.97,6.24,D,2
41.78832,125.84383,328.55,0.43,0.38,2021-09-14,418,N,VIIRS,n,2,298.77,1.76,D,0
41.83916,125.12942,333.88,0.45,0.39,2021-09-14,418,N,VIIRS,n,2,291.78,2.48,D,0
41.8446,123.75669,345,0.5,0.41,2021-09-14,418,N,VIIRS,n,2,306.07,7.44,D,2
41.92312,126.5535,333.9,0.41,0.37,2021-09-14,418,N,VIIRS,n,2,294.73,2.7,D,0
42.01839,128.3903,325.84,0.39,0.36,2021-09-14,418,N,VIIRS,n,2,292.64,3.91,D,0
42.1059,124.91236,334.02,0.45,0.39,2021-09-14,418,N,VIIRS,n,2,296.94,2.84,D,0
42.12546,125.89437,332.1,0.42,0.38,2021-09-14,418,N,VIIRS,n,2,294.31,2,D,0
42.24234,125.82427,327.81,0.42,0.38,2021-09-14,418,N,VIIRS,n,2,293.65,2.19,D,0
42.77637,123.91616,328.91,0.48,0.4,2021-09-14,418,N,VIIRS,n,2,295,1.92,D,0
43.18091,124.03683,327.91,0.46,0.39,2021-09-14,418,N,VIIRS,n,2,295.99,3.14,D,0
43.20015,124.33238,333.19,0.45,0.39,2021-09-14,418,N,VIIRS,n,2,300.86,5.76,D,2
43.53356,124.71602,328.14,0.44,0.38,2021-09-14,418,N,VIIRS,n,2,295.22,1.5,D,0
43.59247,125.70694,327.26,0.41,0.37,2021-09-14,418,N,VIIRS,n,2,292.79,1.03,D,0
43.63644,122.34175,326,0.53,0.42,2021-09-14,418,N,VIIRS,n,2,293.92,2.48,D,0
44.12044,123.29481,327.17,0.48,0.4,2021-09-14,418,N,VIIRS,n,2,296.07,1.31,D,0
44.17663,125.91035,336.09,0.4,0.37,2021-09-14,418,N,VIIRS,n,2,296.95,4.9,D,0
44.28348,123.19723,325.2,0.48,0.4,2021-09-14,418,N,VIIRS,n,2,294.23,1.38,D,0
44.93524,124.0439,327.69,0.44,0.38,2021-09-14,418,N,VIIRS,n,2,293.86,2.31,D,0
44.97827,124.4708,337.64,0.43,0.38,2021-09-14,418,N,VIIRS,n,2,295.4,2.54,D,0
45.00011,123.99969,326.14,0.44,0.38,2021-09-14,419,N,VIIRS,n,2,292.94,1.5,D,0
45.00356,123.99841,332.91,0.44,0.38,2021-09-14,419,N,VIIRS,n,2,295.05,1.5,D,0
45.00701,123.99711,340.24,0.44,0.38,2021-09-14,419,N,VIIRS,n,2,295.77,2.62,D,0
45.00769,124.0202,327.44,0.44,0.38,2021-09-14,419,N,VIIRS,n,2,293.14,2.76,D,0
45.00908,124.00801,325.2,0.44,0.38,2021-09-14,419,N,VIIRS,n,2,294.96,1.72,D,0
45.01217,124.02435,329.23,0.44,0.38,2021-09-14,419,N,VIIRS,n,2,294.59,3.05,D,0
45.01253,124.00671,328.24,0.44,0.38,2021-09-14,419,N,VIIRS,n,2,294.39,1.72,D,0
45.01459,124.01762,330.35,0.44,0.38,2021-09-14,419,N,VIIRS,n,2,295.24,4.23,D,0
45.01598,124.0054,325.18,0.44,0.38,2021-09-14,419,N,VIIRS,l,2,295.83,1.63,D,0
45.09102,123.87607,327.71,0.44,0.38,2021-09-14,419,N,VIIRS,n,2,295.95,3.74,D,0
45.09338,123.59533,326.41,0.45,0.39,2021-09-14,419,N,VIIRS,n,2,295.27,2.83,D,0
45.09449,123.87477,327.7,0.44,0.38,2021-09-14,419,N,VIIRS,n,2,295.56,3,D,0
45.09553,123.88026,341.92,0.44,0.38,2021-09-14,419,N,VIIRS,n,2,295.49,3.99,D,0
45.26633,124.82121,331.75,0.42,0.37,2021-09-14,419,N,VIIRS,n,2,291.61,1.71,D,0
45.59719,122.8505,325.96,0.47,0.4,2021-09-14,419,N,VIIRS,n,2,297.3,1.72,D,0
45.60109,125.2272,329.29,0.4,0.37,2021-09-14,419,N,VIIRS,n,2,297.19,3.22,D,0
45.75794,122.908,329.83,0.46,0.39,2021-09-14,419,N,VIIRS,n,2,295.33,2.05,D,0
45.776,124.61773,335.61,0.41,0.37,2021-09-14,419,N,VIIRS,n,2,291.96,1.52,D,0
45.83807,125.06452,340.1,0.41,0.37,2021-09-14,419,N,VIIRS,n,2,293.07,2.29,D,0
45.93134,123.37431,336.01,0.45,0.39,2021-09-14,419,N,VIIRS,n,2,295.32,4.11,D,0
46.00706,122.18422,325.6,0.48,0.4,2021-09-14,419,N,VIIRS,n,2,292.64,2.19,D,0
46.01065,122.18272,336.42,0.48,0.4,2021-09-14,419,N,VIIRS,n,2,294.11,2.97,D,0
46.01424,122.18122,329.17,0.48,0.4,2021-09-14,419,N,VIIRS,n,2,293.25,2.97,D,0
46.30294,121.92374,327.18,0.49,0.4,2021-09-14,419,N,VIIRS,n,2,293.74,1.74,D,0
46.30602,124.96179,328.3,0.4,0.37,2021-09-14,419,N,VIIRS,n,2,293.73,1.24,D,0
46.39688,121.82185,325.92,0.49,0.4,2021-09-14,419,N,VIIRS,n,2,292.54,1.76,D,0
46.44429,127.10679,332.33,0.38,0.36,2021-09-14,419,N,VIIRS,n,2,293.99,1.88,D,0
46.86104,121.31458,326.63,0.5,0.41,2021-09-14,419,N,VIIRS,n,2,294.8,3.29,D,0
46.8624,121.32121,331.75,0.5,0.41,2021-09-14,419,N,VIIRS,n,2,293.36,3.29,D,0
49.64339,121.39719,331.19,0.45,0.39,2021-09-14,420,N,VIIRS,n,2,289.72,2.51,D,0
49.88513,121.39992,326.97,0.44,0.39,2021-09-14,420,N,VIIRS,n,2,289.48,2.32,D,0
51.33489,121.4994,336.96,0.42,0.38,2021-09-14,420,N,VIIRS,n,2,288.68,4.96,D,0
51.336,121.50533,348.33,0.42,0.38,2021-09-14,420,N,VIIRS,n,2,288.14,5.28,D,0
23.26406,113.48364,333.78,0.52,0.42,2021-09-14,553,N,VIIRS,n,2,297.92,7.67,D,2
23.2647,113.48873,330.93,0.52,0.42,2021-09-14,553,N,VIIRS,n,2,297.01,7.67,D,2
23.24245,111.57512,337.62,0.43,0.38,2021-09-14,554,N,VIIRS,n,2,297.87,8.03,D,2
23.71134,110.82137,333.72,0.41,0.37,2021-09-14,554,N,VIIRS,n,2,293.45,5.58,D,0
23.7268,108.59659,331.96,0.38,0.36,2021-09-14,554,N,VIIRS,n,2,294.54,4.13,D,0
23.7301,108.59598,331.24,0.38,0.36,2021-09-14,554,N,VIIRS,n,2,293.34,3.92,D,0
24.1745,112.76192,333.03,0.49,0.4,2021-09-14,554,N,VIIRS,n,2,300.12,3.48,D,2
24.25297,113.40588,331.98,0.53,0.42,2021-09-14,554,N,VIIRS,n,2,299.44,3.53,D,2
24.26968,113.41417,331.11,0.53,0.42,2021-09-14,554,N,VIIRS,n,2,299.57,2.47,D,2
24.27867,113.42352,338.62,0.53,0.42,2021-09-14,554,N,VIIRS,n,2,300.62,8.06,D,2
24.28788,105.83028,332.35,0.44,0.38,2021-09-14,554,N,VIIRS,n,2,294.17,4.53,D,0
24.33889,109.35319,335.51,0.39,0.36,2021-09-14,554,N,VIIRS,n,2,299.25,3.35,D,0
24.34753,106.18073,331.14,0.43,0.38,2021-09-14,554,N,VIIRS,n,2,294.6,2.93,D,0
24.38634,109.79144,346.58,0.39,0.36,2021-09-14,554,N,VIIRS,n,2,297.63,5.13,D,0
24.38711,109.38366,339.25,0.39,0.36,2021-09-14,554,N,VIIRS,n,2,302.23,4.73,D,2
24.38986,109.37928,340.83,0.39,0.36,2021-09-14,554,N,VIIRS,n,2,303.24,7.16,D,2
24.40073,108.53129,336.33,0.38,0.36,2021-09-14,554,N,VIIRS,n,2,298.08,3.64,D,0
24.49587,104.60118,332.13,0.49,0.41,2021-09-14,554,N,VIIRS,n,2,294.54,13.61,D,0
24.61896,105.92429,341.11,0.43,0.38,2021-09-14,554,N,VIIRS,n,2,297.05,8.4,D,0
25.08187,117.04815,343.51,0.59,0.53,2021-09-14,554,N,VIIRS,n,2,297.01,21.78,D,0
25.08411,117.04439,342.41,0.59,0.53,2021-09-14,554,N,VIIRS,n,2,298,12.3,D,0
25.08464,117.04962,340.56,0.59,0.53,2021-09-14,554,N,VIIRS,n,2,295.82,12.97,D,0
25.22614,110.12509,332.04,0.4,0.37,2021-09-14,554,N,VIIRS,n,2,297.28,1.63,D,0
25.41182,104.62356,328.41,0.48,0.4,2021-09-14,554,N,VIIRS,n,2,298.72,5,D,2
25.41231,104.62093,333.32,0.48,0.4,2021-09-14,554,N,VIIRS,n,2,298.73,3.43,D,2
25.81185,112.4848,336.23,0.5,0.41,2021-09-14,554,N,VIIRS,n,2,296.61,5.45,D,0
25.95325,119.44781,334.38,0.43,0.62,2021-09-14,554,N,VIIRS,n,2,289.39,3.19,D,0
26.0809,117.73488,329.6,0.34,0.56,2021-09-14,554,N,VIIRS,n,2,291.65,4.3,D,0
26.08116,117.73792,355.95,0.34,0.56,2021-09-14,554,N,VIIRS,n,2,292.51,4.3,D,0
26.08536,117.73495,340.23,0.34,0.56,2021-09-14,554,N,VIIRS,n,2,294.12,9.49,D,0
26.18517,111.42884,335.98,0.45,0.39,2021-09-14,554,N,VIIRS,n,2,297.48,4.1,D,0
26.28951,112.94144,332.12,0.53,0.42,2021-09-14,554,N,VIIRS,n,2,296.94,2.84,D,0
26.3674,111.58179,336.04,0.46,0.39,2021-09-14,554,N,VIIRS,n,2,298.24,2.95,D,0
26.60216,110.43594,332.39,0.42,0.37,2021-09-14,554,N,VIIRS,n,2,295.52,1.66,D,0
26.61879,110.50632,343.54,0.42,0.38,2021-09-14,554,N,VIIRS,n,2,297.18,4.46,D,0
26.7261,111.01144,333.84,0.44,0.38,2021-09-14,554,N,VIIRS,n,2,296.71,2.98,D,0
26.93885,113.30363,335.56,0.56,0.43,2021-09-14,554,N,VIIRS,n,2,297.96,5.24,D,0
26.99914,114.11205,332.11,0.42,0.45,2021-09-14,554,N,VIIRS,n,2,297.53,3.97,D,0
27.12805,114.47368,331.85,0.44,0.46,2021-09-14,554,N,VIIRS,n,2,297.8,4.65,D,0
24.42815,96.17935,328.6,0.52,0.67,2021-09-14,555,N,VIIRS,n,2,288.31,4.71,D,0
26.23215,105.96318,328.59,0.42,0.37,2021-09-14,555,N,VIIRS,l,2,300.08,4.39,D,0
26.23586,105.8594,328.76,0.42,0.38,2021-09-14,555,N,VIIRS,l,2,300.66,3.65,D,0
26.26275,105.89266,333.59,0.42,0.38,2021-09-14,555,N,VIIRS,n,2,299.39,3.56,D,0
26.28333,106.69594,328.31,0.4,0.37,2021-09-14,555,N,VIIRS,l,2,302.25,5.06,D,0
26.47228,106.30784,327.28,0.41,0.37,2021-09-14,555,N,VIIRS,l,2,298.65,2,D,0
26.52836,104.92724,326.17,0.45,0.39,2021-09-14,555,N,VIIRS,l,2,300.17,5.3,D,0
26.52972,106.2962,332.34,0.41,0.37,2021-09-14,555,N,VIIRS,n,2,293.88,2.77,D,0
26.57763,101.66652,367,0.44,0.46,2021-09-14,555,N,VIIRS,h,2,294.83,13.37,D,2
26.5958,104.88107,328.06,0.45,0.39,2021-09-14,555,N,VIIRS,n,2,298.01,4.33,D,2
26.96504,109.73794,335.9,0.4,0.37,2021-09-14,555,N,VIIRS,n,2,297.59,4.19,D,0
26.96615,110.70907,340.2,0.43,0.38,2021-09-14,555,N,VIIRS,n,2,298.88,3.7,D,0
27.02614,110.94408,334.13,0.44,0.38,2021-09-14,555,N,VIIRS,n,2,296.68,3.14,D,0
27.02672,110.94844,333.92,0.44,0.38,2021-09-14,555,N,VIIRS,n,2,296.07,4.21,D,0
27.0644,112.3831,335.57,0.51,0.41,2021-09-14,555,N,VIIRS,n,2,295.91,4.8,D,0
27.10206,112.59849,333.35,0.52,0.41,2021-09-14,555,N,VIIRS,n,2,294.64,3.79,D,0
27.1563,96.19125,329.47,0.45,0.63,2021-09-14,555,N,VIIRS,n,2,293.48,3.08,D,0
27.72707,102.21326,347.42,0.39,0.44,2021-09-14,555,N,VIIRS,n,2,299.79,38.09,D,2
27.76004,106.95621,329.72,0.39,0.36,2021-09-14,555,N,VIIRS,n,2,292.75,2.84,D,2
28.72767,117.05788,351.46,0.33,0.55,2021-09-14,555,N,VIIRS,n,2,300.01,15.71,D,0
28.72796,117.06134,342.57,0.33,0.55,2021-09-14,555,N,VIIRS,n,2,295.92,15.71,D,0
29.24574,109.76294,332.74,0.42,0.37,2021-09-14,555,N,VIIRS,n,2,294.75,2.92,D,0
29.49666,111.95772,353.39,0.51,0.41,2021-09-14,555,N,VIIRS,n,2,302.54,9.55,D,0
29.49729,111.96302,367,0.51,0.41,2021-09-14,555,N,VIIRS,h,2,301.93,9.55,D,3
29.50046,111.95714,330.51,0.51,0.41,2021-09-14,555,N,VIIRS,n,2,299.16,9.55,D,0
29.50109,111.96244,336.89,0.51,0.41,2021-09-14,555,N,VIIRS,n,2,300.96,9.55,D,0
29.53191,106.6903,332.85,0.39,0.36,2021-09-14,555,N,VIIRS,n,2,302.45,3.07,D,0
30.65641,115.07069,335.46,0.52,0.5,2021-09-14,555,N,VIIRS,n,2,300.78,4.6,D,0
27.73653,96.24783,346.09,0.43,0.62,2021-09-14,556,N,VIIRS,n,2,293.74,6.06,D,0
27.7376,96.25221,327.1,0.43,0.62,2021-09-14,556,N,VIIRS,n,2,292.79,5.9,D,0
27.7421,96.24609,367,0.43,0.62,2021-09-14,556,N,VIIRS,h,2,293.36,10.46,D,0
27.74318,96.25048,337.22,0.43,0.62,2021-09-14,556,N,VIIRS,n,2,293.02,11.03,D,0
27.80501,95.53773,328.1,0.47,0.64,2021-09-14,556,N,VIIRS,l,2,298.86,8.74,D,0
28.05744,96.56826,347.59,0.41,0.6,2021-09-14,556,N,VIIRS,n,2,293.85,3.81,D,0
28.17019,95.75702,325.67,0.45,0.63,2021-09-14,556,N,VIIRS,l,2,298.33,7.43,D,0
30.79125,114.33545,344.97,0.48,0.48,2021-09-14,556,N,VIIRS,n,2,302.69,7.9,D,0
31.13484,118.16908,331.8,0.4,0.6,2021-09-14,556,N,VIIRS,n,2,289.47,3.91,D,2
31.9148,118.61051,329.29,0.44,0.62,2021-09-14,556,N,VIIRS,l,2,299.8,2.4,D,0
32.39012,117.92519,330.99,0.4,0.6,2021-09-14,556,N,VIIRS,l,2,301.52,2.86,D,0
32.75177,117.30711,332.52,0.37,0.58,2021-09-14,556,N,VIIRS,l,2,307.24,4.05,D,2
32.75749,117.31082,338.52,0.37,0.58,2021-09-14,556,N,VIIRS,n,2,309.78,5.73,D,2
33.21865,107.5943,333.46,0.39,0.36,2021-09-14,556,N,VIIRS,n,2,301.17,3.69,D,0
33.22091,107.65868,326.16,0.39,0.36,2021-09-14,556,N,VIIRS,l,2,299.3,1.99,D,0
34.55294,107.99453,333.32,0.41,0.37,2021-09-14,557,N,VIIRS,n,2,301.33,2.43,D,2
34.88069,108.99492,341.53,0.44,0.38,2021-09-14,557,N,VIIRS,n,2,305.08,5.67,D,2
35.61425,110.58074,331,0.52,0.41,2021-09-14,557,N,VIIRS,l,2,304.96,5.82,D,2
35.61732,109.05826,342.26,0.45,0.39,2021-09-14,557,N,VIIRS,n,2,301.66,7.64,D,2
35.69953,111.43494,330.04,0.57,0.43,2021-09-14,557,N,VIIRS,l,2,304.16,5.75,D,2
35.70124,111.4392,336.52,0.57,0.43,2021-09-14,557,N,VIIRS,n,2,304.36,9.08,D,2
35.70222,110.74155,331.75,0.53,0.42,2021-09-14,557,N,VIIRS,n,2,301.26,5.12,D,2
36.3335,111.76634,330.67,0.4,0.44,2021-09-14,557,N,VIIRS,l,2,301.9,4.05,D,2
36.85624,111.82706,329.84,0.41,0.45,2021-09-14,557,N,VIIRS,n,2,304.67,3.74,D,2
37.09146,112.01131,333.18,0.42,0.45,2021-09-14,557,N,VIIRS,n,2,297.51,3.72,D,2
37.2155,112.01446,335.49,0.42,0.45,2021-09-14,557,N,VIIRS,n,2,290.52,2.17,D,0
37.67015,112.70432,327.19,0.46,0.47,2021-09-14,557,N,VIIRS,l,2,301.02,3.03,D,0
39.14476,118.42628,328.84,0.49,0.65,2021-09-14,558,N,VIIRS,n,2,295.17,4.18,D,3
39.14498,118.43208,325.77,0.49,0.65,2021-09-14,558,N,VIIRS,l,2,296.98,4.18,D,3
39.14508,118.42862,328.96,0.49,0.65,2021-09-14,558,N,VIIRS,n,2,295.45,7.44,D,3
39.46795,120.45322,328.68,0.62,0.72,2021-09-14,558,N,VIIRS,n,2,290.35,3.91,D,3
40.20812,118.21331,325.69,0.48,0.65,2021-09-14,558,N,VIIRS,l,2,296.81,5.01,D,2
40.31362,122.13908,330.06,0.77,0.77,2021-09-14,558,N,VIIRS,n,2,298.89,5.55,D,2
40.31445,122.14082,325.68,0.77,0.77,2021-09-14,558,N,VIIRS,l,2,299.57,5.7,D,0
41.81735,88.87478,335.19,0.46,0.64,2021-09-14,600,N,VIIRS,l,2,307.22,4.11,D,0
41.82343,88.89533,339.83,0.46,0.64,2021-09-14,600,N,VIIRS,n,2,306.04,2.24,D,0
41.82492,88.90035,332.49,0.46,0.64,2021-09-14,600,N,VIIRS,l,2,306.87,2.24,D,0
43.67544,95.00302,340.01,0.43,0.46,2021-09-14,600,N,VIIRS,n,2,311.59,1.69,D,0
43.68522,95.02662,341.91,0.42,0.46,2021-09-14,600,N,VIIRS,n,2,310.05,5.66,D,2
43.69276,95.00092,342.65,0.43,0.46,2021-09-14,600,N,VIIRS,l,2,314.19,6.18,D,2
43.69335,95.00331,345.85,0.43,0.46,2021-09-14,600,N,VIIRS,n,2,318.66,4.18,D,2
44.72409,90.2635,346.2,0.33,0.55,2021-09-14,600,N,VIIRS,n,2,314.65,3.16,D,2
46.86528,121.30297,325.25,0.73,0.76,2021-09-14,600,N,VIIRS,n,2,289.14,8.78,D,0
46.86935,121.311,329.27,0.73,0.76,2021-09-14,600,N,VIIRS,n,2,289.09,8.74,D,0
44.91062,89.18417,337,0.36,0.58,2021-09-14,601,N,VIIRS,l,2,309.34,2.53,D,2
50.39771,80.18611,326.42,0.56,0.69,2021-09-14,603,N,VIIRS,n,2,295.13,2.9,D,2
51.78976,83.4993,327.74,0.38,0.59,2021-09-14,603,N,VIIRS,n,2,286.46,3.66,D,0
51.81054,83.54633,326.05,0.38,0.59,2021-09-14,603,N,VIIRS,n,2,289.14,2.07,D,0
25.77679,92.11002,327.39,0.32,0.55,2021-09-14,736,N,VIIRS,n,2,283.56,1.45,D,0
28.14686,81.66344,333.41,0.39,0.36,2021-09-14,737,N,VIIRS,n,2,297.48,3.29,D,0
30.55658,74.82247,340.45,0.44,0.46,2021-09-14,738,N,VIIRS,n,2,292.01,6.71,D,0
30.55753,74.82705,340.01,0.44,0.46,2021-09-14,738,N,VIIRS,n,2,291.82,9.96,D,0
35.30348,73.75964,341.77,0.41,0.45,2021-09-14,739,N,VIIRS,n,2,289.88,10.69,D,0
38.21012,76.99941,335.16,0.41,0.37,2021-09-14,739,N,VIIRS,l,2,305.79,4.55,D,0
39.12597,77.77385,330.36,0.39,0.36,2021-09-14,740,N,VIIRS,l,2,302.07,3.16,D,0
40.46844,83.3211,344.96,0.48,0.4,2021-09-14,740,N,VIIRS,l,2,318.65,2.53,D,0
40.60271,80.91689,338.86,0.41,0.37,2021-09-14,740,N,VIIRS,n,2,298.97,3.92,D,0
40.81351,83.88586,341.2,0.51,0.41,2021-09-14,740,N,VIIRS,l,2,313.22,7.56,D,0
41.81997,88.87745,340.91,0.62,0.54,2021-09-14,740,N,VIIRS,l,2,313.92,8.88,D,0
42.85263,88.01353,343.88,0.57,0.52,2021-09-14,740,N,VIIRS,n,2,313.93,5.85,D,2
42.51569,74.97002,334.04,0.42,0.38,2021-09-14,741,N,VIIRS,n,2,296.29,5.21,D,0
42.52002,74.97403,337.92,0.42,0.38,2021-09-14,741,N,VIIRS,n,2,300.82,7.57,D,0
42.67291,75.71603,348.89,0.4,0.37,2021-09-14,741,N,VIIRS,n,2,313.87,18.11,D,0
42.87792,74.95194,336.68,0.42,0.38,2021-09-14,741,N,VIIRS,l,2,309.16,5.44,D,0
43.19775,74.05841,337.57,0.44,0.38,2021-09-14,741,N,VIIRS,l,2,311.52,2.41,D,0
43.20056,75.15788,354.15,0.41,0.37,2021-09-14,741,N,VIIRS,n,2,318.34,11.15,D,0
43.20391,75.15671,346.79,0.41,0.37,2021-09-14,741,N,VIIRS,n,2,311.6,7.26,D,0
43.27744,77.06879,330.11,0.39,0.36,2021-09-14,741,N,VIIRS,n,2,299.65,4.08,D,0
43.27818,77.07351,332.72,0.39,0.36,2021-09-14,741,N,VIIRS,n,2,301.25,4.08,D,0
43.27992,77.06981,340.9,0.39,0.36,2021-09-14,741,N,VIIRS,n,2,306.2,25.89,D,0
43.6845,95.0271,335.63,0.65,0.73,2021-09-14,741,N,VIIRS,l,2,306.81,2.95,D,2
43.69073,81.52356,332.97,0.45,0.39,2021-09-14,741,N,VIIRS,n,2,285.13,8.44,D,0
43.69128,95.00181,337.14,0.65,0.73,2021-09-14,741,N,VIIRS,n,2,309.33,2.72,D,2
45.64695,80.53834,349.14,0.44,0.38,2021-09-14,741,N,VIIRS,n,2,307.45,23.44,D,0
45.65047,80.53761,367,0.44,0.38,2021-09-14,741,N,VIIRS,l,2,328.36,23.44,D,0
45.79496,74.36337,337.02,0.41,0.37,2021-09-14,742,N,VIIRS,n,2,306.88,26.76,D,0
45.80045,74.33412,334.25,0.41,0.37,2021-09-14,742,N,VIIRS,n,2,299.25,5.5,D,0
45.80135,74.33926,335.52,0.41,0.37,2021-09-14,742,N,VIIRS,n,2,300.14,2.46,D,0
45.80468,74.33806,336.32,0.41,0.37,2021-09-14,742,N,VIIRS,l,2,309.2,73.1,D,0
46.00403,80.07697,348.64,0.43,0.38,2021-09-14,742,N,VIIRS,n,2,313.83,5.15,D,0
48.71518,83.46253,342.75,0.4,0.44,2021-09-14,742,N,VIIRS,n,2,310.15,5.48,D,0
49.64219,83.57548,337.01,0.42,0.45,2021-09-14,742,N,VIIRS,n,2,306.68,2.44,D,2
49.15375,74.39502,333.78,0.39,0.36,2021-09-14,743,N,VIIRS,n,2,306.13,30.67,D,0
49.15617,74.38855,332.73,0.39,0.36,2021-09-14,743,N,VIIRS,n,2,301.38,10.71,D,0
49.15702,74.39378,334.88,0.39,0.36,2021-09-14,743,N,VIIRS,n,2,301.39,10.71,D,0
50.01775,78.70816,331.14,0.43,0.38,2021-09-14,743,N,VIIRS,n,2,297.46,1.74,D,0
50.01804,78.71004,338.01,0.43,0.38,2021-09-14,743,N,VIIRS,n,2,300.21,3.63,D,2
50.39897,80.18308,329.22,0.48,0.4,2021-09-14,743,N,VIIRS,n,2,297.14,2.86,D,2
50.60486,81.97346,326.14,0.55,0.43,2021-09-14,743,N,VIIRS,n,2,293.73,2.9,D,0
50.60556,81.98125,328.25,0.55,0.43,2021-09-14,743,N,VIIRS,n,2,292.29,2.9,D,0
50.68021,82.18226,325.51,0.56,0.43,2021-09-14,743,N,VIIRS,n,2,293.52,3.16,D,0
51.02702,74.32521,341.35,0.38,0.36,2021-09-14,743,N,VIIRS,n,2,297.14,2.27,D,0
51.03027,74.32394,332.19,0.38,0.36,2021-09-14,743,N,VIIRS,n,2,296.02,2.17,D,0
51.03219,74.38037,339.6,0.38,0.36,2021-09-14,743,N,VIIRS,n,2,297.13,5.23,D,0
51.03303,74.38577,332.89,0.38,0.36,2021-09-14,743,N,VIIRS,n,2,297.13,3.36,D,0
51.03387,74.39117,337.71,0.38,0.36,2021-09-14,743,N,VIIRS,n,2,297.5,3.36,D,0
51.03437,74.32804,345.24,0.38,0.36,2021-09-14,743,N,VIIRS,n,2,297.79,4.36,D,0
51.03471,74.39657,349.21,0.38,0.36,2021-09-14,743,N,VIIRS,n,2,298.27,5.57,D,0
51.03555,74.40196,348.78,0.38,0.36,2021-09-14,743,N,VIIRS,n,2,297.09,5.57,D,0
51.03629,74.38449,344.88,0.38,0.36,2021-09-14,743,N,VIIRS,n,2,298.73,3.36,D,0
51.03723,74.41276,336.98,0.38,0.36,2021-09-14,743,N,VIIRS,n,2,297.09,5.81,D,0
51.03847,74.33216,350.27,0.38,0.36,2021-09-14,743,N,VIIRS,n,2,298.77,5.41,D,0
51.03954,74.38321,338.05,0.38,0.36,2021-09-14,743,N,VIIRS,n,2,295.21,10.76,D,0
51.04039,74.38862,351.68,0.38,0.36,2021-09-14,743,N,VIIRS,n,2,311.75,10.76,D,0
51.04123,74.39401,342.66,0.38,0.36,2021-09-14,743,N,VIIRS,n,2,300.97,12.5,D,0
51.04257,74.33627,356.47,0.38,0.36,2021-09-14,743,N,VIIRS,n,2,298.58,4.6,D,0
51.0428,74.38194,336.01,0.38,0.36,2021-09-14,743,N,VIIRS,n,2,295.83,10.76,D,0
51.04342,74.34167,334.76,0.38,0.36,2021-09-14,743,N,VIIRS,n,2,298.02,4.6,D,0
51.04365,74.38734,347.68,0.38,0.36,2021-09-14,743,N,VIIRS,n,2,296.66,10.76,D,0
51.04449,74.39273,367,0.38,0.36,2021-09-14,743,N,VIIRS,h,2,298.31,12.5,D,0
51.04533,74.39813,337.84,0.38,0.36,2021-09-14,743,N,VIIRS,n,2,299.21,12.5,D,0
51.04557,74.33842,345.31,0.38,0.36,2021-09-14,743,N,VIIRS,n,2,296.2,4.96,D,0
51.04641,74.34382,348.94,0.38,0.36,2021-09-14,743,N,VIIRS,n,2,298.5,4.96,D,0
51.05051,74.34795,354.16,0.38,0.36,2021-09-14,743,N,VIIRS,n,2,297.7,4.46,D,0
51.05135,74.35334,335.6,0.38,0.36,2021-09-14,743,N,VIIRS,n,2,297.23,4.46,D,0
51.05461,74.35207,341.45,0.38,0.36,2021-09-14,743,N,VIIRS,n,2,295.66,2.99,D,0
51.05545,74.35747,345.57,0.38,0.36,2021-09-14,743,N,VIIRS,n,2,297.21,4.07,D,0
51.05956,74.36159,338.53,0.38,0.36,2021-09-14,743,N,VIIRS,n,2,295.49,4.07,D,0
51.0604,74.36699,350.16,0.38,0.36,2021-09-14,743,N,VIIRS,n,2,297.62,5.39,D,0
51.0645,74.37111,353.09,0.38,0.36,2021-09-14,743,N,VIIRS,n,2,296.27,5.49,D,0
51.06534,74.37651,352.98,0.38,0.36,2021-09-14,743,N,VIIRS,n,2,297.72,4.58,D,0
51.06786,74.39272,333.07,0.38,0.36,2021-09-14,743,N,VIIRS,n,2,296.52,5.49,D,0
51.06944,74.38064,337.94,0.38,0.36,2021-09-14,743,N,VIIRS,n,2,296.14,4.58,D,0
51.07028,74.38604,329.61,0.38,0.36,2021-09-14,743,N,VIIRS,n,2,296.1,5.49,D,0
47.49611,129.27094,310.33,0.36,0.57,2021-09-14,1633,N,VIIRS,n,2,282.46,1.45,N,2
44.5359,132.7536,314.55,0.46,0.47,2021-09-14,1634,N,VIIRS,n,2,281.99,2.4,N,2
45.79365,131.2088,300.58,0.56,0.52,2021-09-14,1634,N,VIIRS,n,2,279.44,1.39,N,0
45.7941,131.20148,303.24,0.56,0.52,2021-09-14,1634,N,VIIRS,n,2,281.18,2.2,N,2
47.22516,130.19234,308.39,0.32,0.55,2021-09-14,1634,N,VIIRS,n,2,283.84,0.99,N,2
47.22538,130.18794,296.56,0.32,0.55,2021-09-14,1634,N,VIIRS,n,2,282.2,0.99,N,2
47.23028,130.1927,296.07,0.32,0.55,2021-09-14,1634,N,VIIRS,n,2,283.25,0.69,N,2
41.23287,123.62038,297.14,0.63,0.72,2021-09-14,1635,N,VIIRS,n,2,267.02,2.13,N,2
41.34819,123.73911,297.75,0.62,0.71,2021-09-14,1635,N,VIIRS,n,2,284.41,1.05,N,2
41.34942,123.47195,295.03,0.64,0.72,2021-09-14,1635,N,VIIRS,n,2,282.24,2.21,N,0
41.38313,123.4887,300.32,0.64,0.72,2021-09-14,1635,N,VIIRS,n,2,284.67,0.95,N,0
41.71553,123.27702,301.32,0.65,0.73,2021-09-14,1635,N,VIIRS,n,2,285.45,0.91,N,0
41.77909,126.01799,298.3,0.47,0.64,2021-09-14,1635,N,VIIRS,n,2,284.34,1.25,N,2
42.11774,123.69242,301.19,0.63,0.72,2021-09-14,1635,N,VIIRS,n,2,285.44,1.12,N,2
43.20171,124.33205,297.02,0.59,0.7,2021-09-14,1635,N,VIIRS,n,2,284.77,1.11,N,2
37.0144,128.33627,300.35,0.33,0.55,2021-09-14,1636,N,VIIRS,n,2,287.31,0.91,N,2
37.01465,128.33244,300.91,0.33,0.55,2021-09-14,1636,N,VIIRS,n,2,288.15,1.21,N,0
37.08535,128.28113,298.91,0.33,0.55,2021-09-14,1636,N,VIIRS,n,2,287.2,0.37,N,2
37.20502,128.3022,299.74,0.33,0.55,2021-09-14,1636,N,VIIRS,n,2,288.63,0.5,N,2
37.48907,126.64159,303.88,0.41,0.61,2021-09-14,1636,N,VIIRS,n,2,291.58,1.25,N,2
39.44289,126.02282,311.96,0.46,0.63,2021-09-14,1636,N,VIIRS,n,2,289.41,1.75,N,2
39.44309,126.0173,300.24,0.46,0.63,2021-09-14,1636,N,VIIRS,n,2,288.88,2.13,N,0
39.44608,126.02348,311.36,0.46,0.63,2021-09-14,1636,N,VIIRS,n,2,289.61,1.49,N,2
39.44631,126.01801,301.81,0.46,0.63,2021-09-14,1636,N,VIIRS,n,2,289.01,1.49,N,2
36.97904,126.70547,304.01,0.4,0.6,2021-09-14,1637,N,VIIRS,n,2,290.31,1.04,N,2
36.97983,126.69147,300.8,0.4,0.6,2021-09-14,1637,N,VIIRS,n,2,290.36,0.88,N,2
36.98465,126.70594,309.18,0.4,0.6,2021-09-14,1637,N,VIIRS,n,2,294.74,1.3,N,2
36.98491,126.70126,304.06,0.4,0.6,2021-09-14,1637,N,VIIRS,n,2,292.74,1.3,N,2
36.98544,126.69193,314.27,0.4,0.6,2021-09-14,1637,N,VIIRS,n,2,294.03,3.26,N,2
36.98571,126.6873,319.75,0.4,0.6,2021-09-14,1637,N,VIIRS,n,2,294.05,3.06,N,2
36.9871,126.72655,304.63,0.4,0.6,2021-09-14,1637,N,VIIRS,n,2,291.19,1.49,N,2
36.98899,126.68942,318.47,0.4,0.6,2021-09-14,1637,N,VIIRS,n,2,291.43,1.05,N,2
37.01274,128.33411,318.16,0.33,0.55,2021-09-14,1637,N,VIIRS,n,2,290.29,1.56,N,2
49.00575,131.89758,295.85,0.35,0.57,2021-09-14,1813,N,VIIRS,n,2,278.76,0.5,N,2
49.0071,131.89299,295.27,0.35,0.57,2021-09-14,1813,N,VIIRS,n,2,278.26,0.76,N,2
44.53257,132.75465,297.69,0.53,0.67,2021-09-14,1814,N,VIIRS,n,2,278.46,1.15,N,2
45.74891,131.07596,295.87,0.41,0.61,2021-09-14,1814,N,VIIRS,n,2,281.64,0.76,N,2
45.75391,131.07986,298.16,0.41,0.61,2021-09-14,1814,N,VIIRS,n,2,278.84,0.76,N,0
45.76405,130.55881,295.83,0.39,0.59,2021-09-14,1814,N,VIIRS,n,2,281.93,0.55,N,2
45.79414,130.92494,296.84,0.4,0.6,2021-09-14,1814,N,VIIRS,n,2,280.51,0.94,N,2
45.82697,130.87614,300.68,0.4,0.6,2021-09-14,1814,N,VIIRS,n,2,282.6,0.93,N,2
47.22199,130.19054,302.82,0.34,0.56,2021-09-14,1814,N,VIIRS,n,2,283.42,1.13,N,2
47.22933,130.19229,307.6,0.34,0.56,2021-09-14,1814,N,VIIRS,n,2,282.34,0.92,N,2
43.19566,124.33369,302.4,0.47,0.48,2021-09-14,1815,N,VIIRS,n,2,281.04,0.46,N,2
43.19651,124.33363,300.02,0.47,0.48,2021-09-14,1815,N,VIIRS,n,2,281.13,0.8,N,2
43.19991,124.33555,295.33,0.47,0.48,2021-09-14,1815,N,VIIRS,n,2,281.85,0.46,N,2
43.20076,124.33552,298.65,0.47,0.48,2021-09-14,1815,N,VIIRS,n,2,281.55,0.8,N,2
41.13221,122.97615,298.99,0.46,0.47,2021-09-14,1816,N,VIIRS,n,2,287.8,0.99,N,2
41.1364,122.97788,301.47,0.46,0.47,2021-09-14,1816,N,VIIRS,n,2,286.38,0.99,N,2
41.13691,122.99554,316.23,0.46,0.47,2021-09-14,1816,N,VIIRS,n,2,289.78,1.23,N,2
41.13814,122.99018,304.17,0.46,0.47,2021-09-14,1816,N,VIIRS,n,2,289.08,1.23,N,2
41.14109,122.99728,300.03,0.46,0.47,2021-09-14,1816,N,VIIRS,n,2,288.03,1.23,N,2
41.14599,122.9761,298.47,0.46,0.47,2021-09-14,1816,N,VIIRS,n,2,286.97,1.84,N,2
41.15194,122.99011,303.73,0.46,0.47,2021-09-14,1816,N,VIIRS,n,2,285.55,1.3,N,2
41.15614,122.99181,327.48,0.46,0.47,2021-09-14,1816,N,VIIRS,n,2,286.84,2.58,N,0
41.16012,123.00066,305.57,0.46,0.47,2021-09-14,1816,N,VIIRS,n,2,282.38,1.4,N,2
41.16138,122.99533,298.78,0.46,0.47,2021-09-14,1816,N,VIIRS,n,2,283.89,1.4,N,2
41.1633,123.0006,312.17,0.46,0.47,2021-09-14,1816,N,VIIRS,n,2,284.38,0.55,N,2
41.21898,123.61642,302.86,0.49,0.48,2021-09-14,1816,N,VIIRS,n,2,287.96,1.49,N,2
41.23008,123.62159,298.71,0.49,0.48,2021-09-14,1816,N,VIIRS,n,2,285.1,0.97,N,0
41.23059,123.62745,307.31,0.49,0.49,2021-09-14,1816,N,VIIRS,n,2,286.81,1.26,N,2
41.232,123.62151,308.85,0.49,0.48,2021-09-14,1816,N,VIIRS,n,2,286.25,1.26,N,2
41.23448,123.62305,316.72,0.49,0.48,2021-09-14,1816,N,VIIRS,n,2,286.3,0.97,N,2
41.26509,123.6734,314.97,0.49,0.49,2021-09-14,1816,N,VIIRS,n,2,285.89,1.9,N,2
41.26971,123.71363,297.71,0.49,0.49,2021-09-14,1816,N,VIIRS,n,2,285.73,1.15,N,2
41.27399,123.71565,304.45,0.49,0.49,2021-09-14,1816,N,VIIRS,n,2,288.42,1.58,N,2
41.27695,123.72317,302.06,0.49,0.49,2021-09-14,1816,N,VIIRS,n,2,286.59,2.85,N,2
41.28402,123.71355,300.12,0.49,0.49,2021-09-14,1816,N,VIIRS,n,2,285.28,0.93,N,2
41.30812,123.33678,297.05,0.47,0.48,2021-09-14,1816,N,VIIRS,n,2,285.17,0.48,N,2
41.30836,123.33604,295.82,0.47,0.48,2021-09-14,1816,N,VIIRS,n,2,285.4,0.5,N,2
41.35065,123.74087,296.82,0.49,0.49,2021-09-14,1816,N,VIIRS,n,2,283.57,0.55,N,2
41.55281,121.29348,300.01,0.56,0.43,2021-09-14,1816,N,VIIRS,n,2,287.91,1.14,N,2
41.73993,123.81171,299.45,0.49,0.48,2021-09-14,1816,N,VIIRS,n,2,286.38,1.19,N,2
41.77525,126.0186,296.79,0.62,0.54,2021-09-14,1816,N,VIIRS,n,2,283.64,1.79,N,2
41.77665,126.01788,298.3,0.62,0.54,2021-09-14,1816,N,VIIRS,n,2,284.37,1.55,N,2
41.84077,123.75666,298.32,0.48,0.48,2021-09-14,1816,N,VIIRS,n,2,286.46,1.3,N,2
41.84211,123.75109,305.03,0.48,0.48,2021-09-14,1816,N,VIIRS,n,2,286.96,1.3,N,2
41.84372,123.76411,295.85,0.48,0.48,2021-09-14,1816,N,VIIRS,n,2,284.84,0.49,N,2
41.84505,123.75852,309.04,0.48,0.48,2021-09-14,1816,N,VIIRS,n,2,287.78,1.3,N,2
41.84638,123.75292,314.1,0.48,0.48,2021-09-14,1816,N,VIIRS,n,2,285.01,1.3,N,2
42.03101,123.83869,296.52,0.48,0.48,2021-09-14,1816,N,VIIRS,n,2,284.15,0.8,N,2
42.11687,123.69505,295.58,0.47,0.48,2021-09-14,1816,N,VIIRS,n,2,284.6,0.59,N,2
42.21305,123.89601,297.23,0.48,0.48,2021-09-14,1816,N,VIIRS,n,2,284.3,0.81,N,2
42.31796,125.24867,295.42,0.55,0.51,2021-09-14,1816,N,VIIRS,n,2,283.66,1.36,N,2
42.32134,125.23536,303.3,0.55,0.51,2021-09-14,1816,N,VIIRS,n,2,283.87,1.61,N,2
42.7762,124.17252,297.1,0.48,0.48,2021-09-14,1816,N,VIIRS,n,2,285.16,0.94,N,2
42.77724,124.17278,299.43,0.48,0.48,2021-09-14,1816,N,VIIRS,n,2,285.84,0.71,N,2
42.85134,120.68644,300.65,0.5,0.41,2021-09-14,1816,N,VIIRS,n,2,284.37,1.32,N,2
36.90132,117.7449,307.61,0.48,0.4,2021-09-14,1817,N,VIIRS,n,2,292.75,1.51,N,2
36.97986,126.7008,303.73,0.45,0.63,2021-09-14,1817,N,VIIRS,n,2,290.05,2.66,N,2
36.98201,126.69157,304.82,0.45,0.63,2021-09-14,1817,N,VIIRS,n,2,292.24,2.71,N,2
36.98254,126.69108,310.89,0.45,0.63,2021-09-14,1817,N,VIIRS,n,2,293.22,1.58,N,2
36.98338,126.68671,310.41,0.45,0.63,2021-09-14,1817,N,VIIRS,n,2,291.84,2.1,N,2
36.98388,126.6862,301.64,0.45,0.63,2021-09-14,1817,N,VIIRS,n,2,289.38,1.58,N,2
36.98487,126.72575,300.53,0.45,0.63,2021-09-14,1817,N,VIIRS,n,2,290.01,2.15,N,2
37.0088,128.33398,298.97,0.54,0.68,2021-09-14,1817,N,VIIRS,n,2,285.9,1.32,N,2
37.02598,128.32166,300.85,0.54,0.68,2021-09-14,1817,N,VIIRS,n,2,287.07,1.22,N,2
37.08346,128.27983,297.06,0.54,0.68,2021-09-14,1817,N,VIIRS,n,2,286.07,0.76,N,0
37.18661,121.59946,305,0.48,0.48,2021-09-14,1817,N,VIIRS,n,2,290.93,1.27,N,2
37.23029,128.32146,299.8,0.53,0.67,2021-09-14,1817,N,VIIRS,n,2,287.72,0.75,N,2
37.38024,121.15987,304.09,0.45,0.47,2021-09-14,1817,N,VIIRS,n,2,290.45,0.64,N,2
37.47191,121.05345,301.18,0.44,0.46,2021-09-14,1817,N,VIIRS,n,2,290.26,0.51,N,2
37.47344,116.24095,305.47,0.42,0.38,2021-09-14,1817,N,VIIRS,n,2,291.34,0.96,N,2
37.69553,121.08307,302.29,0.44,0.46,2021-09-14,1817,N,VIIRS,n,2,291.7,0.5,N,0
37.75036,115.18289,303.16,0.4,0.37,2021-09-14,1817,N,VIIRS,n,2,291.44,1.31,N,2
37.76064,115.20429,303.19,0.4,0.37,2021-09-14,1817,N,VIIRS,n,2,289.9,1.24,N,2
37.88686,112.66314,317.2,0.39,0.36,2021-09-14,1817,N,VIIRS,n,2,288.48,1.02,N,2
37.88946,113.66782,303.28,0.38,0.36,2021-09-14,1817,N,VIIRS,n,2,288.54,0.65,N,2
37.89017,112.66393,302.64,0.39,0.36,2021-09-14,1817,N,VIIRS,n,2,287.8,1.02,N,2
37.96626,112.94751,299.95,0.39,0.36,2021-09-14,1817,N,VIIRS,n,2,286.19,0.35,N,0
37.99977,119.64742,307.86,0.56,0.43,2021-09-14,1817,N,VIIRS,n,2,293.91,0.92,N,3
38.2143,119.55666,312.36,0.55,0.42,2021-09-14,1817,N,VIIRS,n,2,293.84,0.84,N,3
38.23305,119.14478,311.42,0.52,0.42,2021-09-14,1817,N,VIIRS,n,2,294.18,1.52,N,3
38.28257,117.81786,304.14,0.46,0.39,2021-09-14,1817,N,VIIRS,n,2,291.13,0.4,N,2
38.28401,117.80564,312.93,0.46,0.39,2021-09-14,1817,N,VIIRS,n,2,293.46,2.47,N,2
38.28459,117.80747,308.75,0.46,0.39,2021-09-14,1817,N,VIIRS,n,2,294.27,1.56,N,2
38.28459,117.82235,307.44,0.46,0.39,2021-09-14,1817,N,VIIRS,n,2,293.29,0.99,N,2
38.2851,117.82415,306.28,0.46,0.39,2021-09-14,1817,N,VIIRS,n,2,293.81,1.05,N,2
38.28558,117.81715,320.66,0.46,0.39,2021-09-14,1817,N,VIIRS,n,2,293.48,2.22,N,2
38.28612,117.81896,321.51,0.46,0.39,2021-09-14,1817,N,VIIRS,n,2,294.91,1.05,N,2
38.28866,117.82524,302.82,0.46,0.39,2021-09-14,1817,N,VIIRS,n,2,292.33,1.05,N,3
38.2888,115.86086,296.55,0.4,0.37,2021-09-14,1817,N,VIIRS,n,2,286.13,0.39,N,0
38.29018,117.83675,305,0.46,0.39,2021-09-14,1817,N,VIIRS,n,2,292.07,2.28,N,3
38.29216,115.86179,298.03,0.4,0.37,2021-09-14,1817,N,VIIRS,n,2,286.05,0.39,N,0
38.29374,117.83785,331.52,0.46,0.39,2021-09-14,1817,N,VIIRS,n,2,295.37,2.28,N,3
38.29729,117.83896,309.34,0.46,0.39,2021-09-14,1817,N,VIIRS,n,2,292.31,1.03,N,3
38.31638,117.74056,303.07,0.46,0.39,2021-09-14,1817,N,VIIRS,n,2,291.96,0.79,N,3
38.72649,118.83976,309.11,0.5,0.41,2021-09-14,1817,N,VIIRS,n,2,293.08,0.58,N,3
38.82745,117.10709,307.66,0.43,0.38,2021-09-14,1817,N,VIIRS,n,2,289.38,1.3,N,2
38.83912,117.04366,312.41,0.43,0.38,2021-09-14,1817,N,VIIRS,n,2,291.54,1.71,N,2
38.95031,118.50949,305.59,0.48,0.4,2021-09-14,1817,N,VIIRS,n,2,293.41,1.94,N,3
38.99215,121.53786,302.05,0.44,0.46,2021-09-14,1817,N,VIIRS,n,2,289.17,0.5,N,2
38.99446,121.83846,301.66,0.45,0.47,2021-09-14,1817,N,VIIRS,n,2,288.46,0.41,N,2
38.99661,119.00516,308.23,0.5,0.41,2021-09-14,1817,N,VIIRS,n,2,292.41,1.32,N,3
38.99775,118.99947,308.97,0.5,0.41,2021-09-14,1817,N,VIIRS,n,2,292.51,1.68,N,3
39.01899,117.5122,298.65,0.44,0.38,2021-09-14,1817,N,VIIRS,n,2,288.39,0.54,N,2
39.02247,117.51328,302.42,0.44,0.38,2021-09-14,1817,N,VIIRS,n,2,291.24,0.54,N,2
39.02721,117.48824,303.08,0.44,0.38,2021-09-14,1817,N,VIIRS,n,2,290.84,1,N,2
39.02879,117.49934,305.3,0.44,0.38,2021-09-14,1817,N,VIIRS,n,2,292.48,1.51,N,2
39.4643,120.4547,305.55,0.57,0.43,2021-09-14,1817,N,VIIRS,n,2,289.18,1.99,N,3
39.49838,118.26631,299.36,0.46,0.39,2021-09-14,1817,N,VIIRS,n,2,276.8,1.25,N,2
39.73576,118.09586,295.84,0.45,0.39,2021-09-14,1817,N,VIIRS,n,2,277.67,0.92,N,2
39.75528,118.09119,296.6,0.45,0.39,2021-09-14,1817,N,VIIRS,n,2,271.55,0.34,N,2
39.75879,118.0923,303.87,0.45,0.39,2021-09-14,1817,N,VIIRS,n,2,274.45,0.64,N,2
39.90796,118.58274,299.7,0.47,0.39,2021-09-14,1817,N,VIIRS,n,2,284.57,0.62,N,2
39.91132,118.68131,308.23,0.47,0.4,2021-09-14,1817,N,VIIRS,n,2,289.6,1.43,N,2
39.95767,118.54172,304.9,0.46,0.39,2021-09-14,1817,N,VIIRS,n,2,291.67,1.94,N,2
39.96369,118.54967,303.34,0.46,0.39,2021-09-14,1817,N,VIIRS,n,2,285.44,0.71,N,2
39.9687,118.56282,302.47,0.47,0.39,2021-09-14,1817,N,VIIRS,n,2,287.62,1.41,N,2
40.08099,119.59995,307.96,0.51,0.41,2021-09-14,1817,N,VIIRS,n,2,288.47,0.96,N,2
40.09402,118.93056,311.04,0.48,0.4,2021-09-14,1817,N,VIIRS,n,2,285.82,0.94,N,2
40.11142,118.72685,298.99,0.47,0.4,2021-09-14,1817,N,VIIRS,n,2,276.87,1.98,N,2
33.58974,117.73951,303.42,0.54,0.42,2021-09-14,1818,N,VIIRS,n,2,286.72,0.77,N,0
33.61456,116.57067,300.44,0.48,0.4,2021-09-14,1818,N,VIIRS,n,2,288.95,0.71,N,2
34.03067,116.80682,307.93,0.48,0.4,2021-09-14,1818,N,VIIRS,n,2,293.22,0.71,N,2
34.29845,112.55528,308.95,0.38,0.36,2021-09-14,1818,N,VIIRS,n,2,294.88,0.91,N,0
34.31993,113.33418,303.06,0.39,0.36,2021-09-14,1818,N,VIIRS,n,2,292.8,0.75,N,0
34.39966,117.95935,306.88,0.54,0.42,2021-09-14,1818,N,VIIRS,n,2,291.79,2.11,N,2
34.39996,117.96013,312.88,0.54,0.42,2021-09-14,1818,N,VIIRS,n,2,292.4,1.52,N,2
34.40044,112.57701,314.4,0.38,0.36,2021-09-14,1818,N,VIIRS,n,2,292.16,1.24,N,2
34.4011,112.57286,310.76,0.38,0.36,2021-09-14,1818,N,VIIRS,n,2,292.56,1.24,N,2
34.40348,117.96046,314.31,0.54,0.42,2021-09-14,1818,N,VIIRS,n,2,291.79,1.44,N,2
34.40378,117.96125,305.33,0.54,0.42,2021-09-14,1818,N,VIIRS,n,2,290.89,1.52,N,2
34.41133,119.84761,338.21,0.45,0.47,2021-09-14,1818,N,VIIRS,n,2,292.47,6.77,N,3
34.41238,119.84283,338.29,0.45,0.47,2021-09-14,1818,N,VIIRS,n,2,292.68,6.77,N,3
34.47533,117.45802,305.82,0.51,0.41,2021-09-14,1818,N,VIIRS,n,2,292.2,0.76,N,2
34.51548,110.36953,311.86,0.41,0.37,2021-09-14,1818,N,VIIRS,n,2,292.23,1.39,N,2
34.6263,113.66455,333.62,0.39,0.36,2021-09-14,1818,N,VIIRS,n,2,299.3,11.08,N,0
34.6296,113.66536,329.77,0.39,0.36,2021-09-14,1818,N,VIIRS,n,2,296.11,11.08,N,0
34.65734,113.37086,309.12,0.39,0.36,2021-09-14,1818,N,VIIRS,n,2,293.55,1.16,N,2
34.66356,111.02898,303.07,0.4,0.37,2021-09-14,1818,N,VIIRS,n,2,291.32,1.25,N,2
34.66692,111.02966,318.94,0.4,0.37,2021-09-14,1818,N,VIIRS,n,2,294.21,2.34,N,2
34.67886,111.01875,304.89,0.4,0.37,2021-09-14,1818,N,VIIRS,n,2,288.21,0.63,N,0
34.68189,111.11781,301.49,0.4,0.37,2021-09-14,1818,N,VIIRS,n,2,290.88,0.51,N,0
34.68253,111.11341,301.35,0.4,0.37,2021-09-14,1818,N,VIIRS,n,2,290.74,0.51,N,0
34.71988,118.0709,304.75,0.54,0.42,2021-09-14,1818,N,VIIRS,n,2,290.82,0.58,N,0
34.7314,111.40148,305.12,0.39,0.36,2021-09-14,1818,N,VIIRS,n,2,291.44,1.22,N,2
34.74038,118.08929,300.81,0.54,0.42,2021-09-14,1818,N,VIIRS,n,2,290.69,0.31,N,0
34.76209,118.10192,311.63,0.54,0.42,2021-09-14,1818,N,VIIRS,n,2,290.52,1.44,N,0
34.7659,118.10306,306.32,0.54,0.42,2021-09-14,1818,N,VIIRS,n,2,290.14,0.99,N,0
34.77089,118.0984,314.93,0.54,0.42,2021-09-14,1818,N,VIIRS,n,2,290.76,2.24,N,0
34.80722,118.07856,301.13,0.54,0.42,2021-09-14,1818,N,VIIRS,n,2,290.32,0.39,N,0
34.87915,109.0012,303.47,0.46,0.39,2021-09-14,1818,N,VIIRS,n,2,291.76,1.32,N,2
34.92836,117.5267,302.89,0.5,0.41,2021-09-14,1818,N,VIIRS,n,2,292.08,0.99,N,2
34.92865,109.05466,303.46,0.46,0.39,2021-09-14,1818,N,VIIRS,n,2,289.15,0.68,N,0
34.9316,109.06039,305.17,0.46,0.39,2021-09-14,1818,N,VIIRS,n,2,289.87,0.9,N,0
34.93457,109.066,300.2,0.46,0.39,2021-09-14,1818,N,VIIRS,n,2,289.61,0.91,N,2
34.94454,109.01595,301.5,0.46,0.39,2021-09-14,1818,N,VIIRS,n,2,289.87,0.94,N,2
34.95586,118.31057,305.47,0.55,0.42,2021-09-14,1818,N,VIIRS,n,2,291.5,1.16,N,2
34.99428,117.27412,311.33,0.49,0.4,2021-09-14,1818,N,VIIRS,n,2,292.87,1.84,N,0
35.00902,108.97419,310.45,0.46,0.39,2021-09-14,1818,N,VIIRS,n,2,290.12,1.57,N,2
35.00911,108.972,306.12,0.46,0.39,2021-09-14,1818,N,VIIRS,n,2,289.49,1.1,N,2
35.02807,109.02886,308,0.46,0.39,2021-09-14,1818,N,VIIRS,n,2,289.89,1.05,N,2
35.02868,109.02397,302.71,0.46,0.39,2021-09-14,1818,N,VIIRS,n,2,290.36,1.45,N,2
35.05136,109.04884,300.05,0.46,0.39,2021-09-14,1818,N,VIIRS,n,2,288.39,0.61,N,2
35.1817,118.79308,302.22,0.57,0.43,2021-09-14,1818,N,VIIRS,n,2,291.22,1.73,N,2
35.18489,119.38378,303.96,0.41,0.45,2021-09-14,1818,N,VIIRS,n,2,293.19,1.06,N,3
35.18892,119.38508,305.46,0.41,0.45,2021-09-14,1818,N,VIIRS,n,2,293.91,1.06,N,3
35.18953,118.79551,304,0.57,0.43,2021-09-14,1818,N,VIIRS,n,2,291.99,1.23,N,2
35.1908,119.03507,303.29,0.39,0.44,2021-09-14,1818,N,VIIRS,n,2,292.63,1.67,N,2
35.19386,119.04054,305.34,0.39,0.44,2021-09-14,1818,N,VIIRS,n,2,291.72,0.96,N,2
35.19791,119.38324,315.55,0.41,0.45,2021-09-14,1818,N,VIIRS,n,2,293.48,2.96,N,2
35.21685,113.85593,304.65,0.39,0.36,2021-09-14,1818,N,VIIRS,n,2,294.5,0.83,N,0
35.28244,111.3107,302.68,0.4,0.37,2021-09-14,1818,N,VIIRS,n,2,291.44,0.79,N,2
35.28579,111.31142,305.72,0.4,0.37,2021-09-14,1818,N,VIIRS,n,2,292.64,0.79,N,2
35.31632,113.33154,306.44,0.39,0.36,2021-09-14,1818,N,VIIRS,n,2,292.5,0.49,N,2
35.3292,116.81801,305.65,0.47,0.39,2021-09-14,1818,N,VIIRS,n,2,294.09,1.84,N,2
35.33906,111.08458,304.34,0.4,0.37,2021-09-14,1818,N,VIIRS,n,2,290.35,1.17,N,2
35.34747,115.98441,325.87,0.43,0.38,2021-09-14,1818,N,VIIRS,n,2,295.98,3,N,2
35.35094,115.98535,310.97,0.43,0.38,2021-09-14,1818,N,VIIRS,n,2,295.52,1.18,N,2
35.36927,112.43606,299.39,0.39,0.36,2021-09-14,1818,N,VIIRS,n,2,289.13,0.39,N,0
35.37938,113.44633,306.23,0.39,0.36,2021-09-14,1818,N,VIIRS,n,2,294.86,1.99,N,2
35.386,113.74215,318.59,0.39,0.36,2021-09-14,1818,N,VIIRS,n,2,292.46,1.56,N,0
35.40152,111.32959,305.95,0.4,0.37,2021-09-14,1818,N,VIIRS,n,2,292.58,0.78,N,2
35.41536,111.30556,304.89,0.4,0.37,2021-09-14,1818,N,VIIRS,n,2,291.89,1.47,N,2
35.41661,111.29684,316,0.4,0.37,2021-09-14,1818,N,VIIRS,n,2,294.63,2.59,N,2
35.4187,111.30628,312.01,0.4,0.37,2021-09-14,1818,N,VIIRS,n,2,293.45,1.64,N,2
35.44624,116.00157,304.37,0.43,0.38,2021-09-14,1818,N,VIIRS,n,2,293.79,1.38,N,2
35.44659,115.99952,306.41,0.43,0.38,2021-09-14,1818,N,VIIRS,n,2,294.58,1.19,N,2
35.48287,111.34949,314.18,0.4,0.37,2021-09-14,1818,N,VIIRS,n,2,293.52,1.52,N,2
35.55306,110.47625,307.84,0.42,0.37,2021-09-14,1818,N,VIIRS,n,2,293.1,1.5,N,2
35.55494,112.98406,304.09,0.38,0.36,2021-09-14,1818,N,VIIRS,n,2,289.14,0.85,N,2
35.58677,111.25673,335.43,0.4,0.37,2021-09-14,1818,N,VIIRS,n,2,296.9,4.36,N,2
35.61182,110.57956,307.21,0.41,0.37,2021-09-14,1818,N,VIIRS,n,2,292.97,1.36,N,2
35.61365,117.4455,305.56,0.49,0.4,2021-09-14,1818,N,VIIRS,n,2,287.86,0.77,N,2
35.61523,110.58028,321.65,0.41,0.37,2021-09-14,1818,N,VIIRS,n,2,293.45,1.75,N,2
35.61569,117.44271,306.46,0.49,0.4,2021-09-14,1818,N,VIIRS,n,2,288.4,1.52,N,2
35.61721,109.0604,308.69,0.46,0.39,2021-09-14,1818,N,VIIRS,n,2,289.07,1.16,N,2
35.61803,110.58553,307.9,0.41,0.37,2021-09-14,1818,N,VIIRS,n,2,292.44,1.75,N,2
35.62145,110.58624,308.67,0.41,0.37,2021-09-14,1818,N,VIIRS,n,2,292.63,1.22,N,2
35.62736,110.5689,303.3,0.41,0.37,2021-09-14,1818,N,VIIRS,n,2,291.86,1.29,N,2
35.63015,110.57414,304.01,0.41,0.37,2021-09-14,1818,N,VIIRS,n,2,291.54,0.76,N,2
35.63116,119.73097,319.84,0.42,0.45,2021-09-14,1818,N,VIIRS,n,2,292.85,2.16,N,3
35.63637,110.5801,307.26,0.41,0.37,2021-09-14,1818,N,VIIRS,n,2,292.89,1.16,N,2
35.64024,110.72301,308.59,0.41,0.37,2021-09-14,1818,N,VIIRS,n,2,293.22,1.02,N,2
35.64074,110.72574,306.65,0.41,0.37,2021-09-14,1818,N,VIIRS,n,2,293.18,0.99,N,2
35.64138,110.72122,302.27,0.41,0.37,2021-09-14,1818,N,VIIRS,n,2,291.58,0.71,N,2
35.64303,110.72825,304.84,0.41,0.37,2021-09-14,1818,N,VIIRS,n,2,292.18,1.02,N,2
35.6515,110.64864,307.64,0.41,0.37,2021-09-14,1818,N,VIIRS,n,2,293.19,1.61,N,2
35.65231,110.66016,311.31,0.41,0.37,2021-09-14,1818,N,VIIRS,n,2,294.51,1.3,N,2
35.65355,110.65105,309.25,0.41,0.37,2021-09-14,1818,N,VIIRS,n,2,293.41,2.61,N,2
35.65417,110.64649,311.55,0.41,0.37,2021-09-14,1818,N,VIIRS,n,2,293.77,1.99,N,2
35.65551,110.96638,304.58,0.4,0.37,2021-09-14,1818,N,VIIRS,n,2,293.03,1.09,N,2
35.66093,112.87206,298.25,0.38,0.36,2021-09-14,1818,N,VIIRS,n,2,288.23,1.25,N,2
35.66159,112.86785,305.91,0.38,0.36,2021-09-14,1818,N,VIIRS,n,2,290.2,1.47,N,2
35.6628,111.01373,303.61,0.4,0.37,2021-09-14,1818,N,VIIRS,n,2,292.33,1.35,N,2
35.66422,112.87283,307.66,0.38,0.36,2021-09-14,1818,N,VIIRS,n,2,290.43,1.59,N,2
35.66488,112.86862,303.28,0.38,0.36,2021-09-14,1818,N,VIIRS,n,2,291.64,1.17,N,2
35.67055,110.9834,310.28,0.4,0.37,2021-09-14,1818,N,VIIRS,n,2,293.67,1.38,N,2
35.67835,111.22206,302.89,0.4,0.37,2021-09-14,1818,N,VIIRS,n,2,292.63,0.78,N,2
35.67935,111.22098,304.87,0.4,0.37,2021-09-14,1818,N,VIIRS,n,2,292.65,0.95,N,2
35.68484,111.23123,304.6,0.4,0.37,2021-09-14,1818,N,VIIRS,n,2,292.5,1.11,N,2
35.69093,111.43129,318.64,0.4,0.37,2021-09-14,1818,N,VIIRS,n,2,293.37,2.17,N,2
35.69595,110.77649,302.29,0.41,0.37,2021-09-14,1818,N,VIIRS,n,2,290.84,0.42,N,2
35.697,111.4371,303.98,0.4,0.37,2021-09-14,1818,N,VIIRS,n,2,291.38,1.64,N,2
35.70035,111.43784,326.43,0.4,0.37,2021-09-14,1818,N,VIIRS,n,2,295.28,1.64,N,2
35.70097,111.43347,302.86,0.4,0.37,2021-09-14,1818,N,VIIRS,n,2,292.66,1.42,N,2
35.70149,110.78699,305.51,0.41,0.37,2021-09-14,1818,N,VIIRS,n,2,293.9,0.93,N,2
35.7037,111.43857,330.18,0.4,0.37,2021-09-14,1818,N,VIIRS,n,2,292.9,1.93,N,2
35.70784,111.31317,303.23,0.4,0.37,2021-09-14,1818,N,VIIRS,n,2,290.2,0.64,N,2
35.76292,111.12091,301.16,0.4,0.37,2021-09-14,1818,N,VIIRS,n,2,291.15,1.01,N,2
35.78305,118.19949,298.76,0.52,0.42,2021-09-14,1818,N,VIIRS,n,2,288.62,1.87,N,2
35.7863,118.19552,311.45,0.52,0.42,2021-09-14,1818,N,VIIRS,n,2,291.9,1.38,N,2
35.84453,113.34477,298.2,0.38,0.36,2021-09-14,1818,N,VIIRS,n,2,284.75,0.66,N,0
35.84757,117.2901,314.46,0.48,0.4,2021-09-14,1818,N,VIIRS,n,2,293.58,2.15,N,2
35.85897,117.15121,309.57,0.47,0.4,2021-09-14,1818,N,VIIRS,n,2,293.16,1.33,N,2
35.86456,113.26201,298.06,0.38,0.36,2021-09-14,1818,N,VIIRS,n,2,285.91,0.38,N,0
35.883,111.30336,300.88,0.4,0.37,2021-09-14,1818,N,VIIRS,n,2,290.55,0.74,N,2
35.88827,111.37035,301.06,0.4,0.37,2021-09-14,1818,N,VIIRS,n,2,288.92,0.59,N,2
35.91338,115.67448,306.29,0.42,0.38,2021-09-14,1818,N,VIIRS,n,2,291.43,0.74,N,0
35.91679,115.67542,319.77,0.42,0.38,2021-09-14,1818,N,VIIRS,n,2,291.81,1.21,N,0
35.91692,115.69474,302.74,0.42,0.38,2021-09-14,1818,N,VIIRS,n,2,291.42,1.18,N,0
35.91856,115.68554,307.15,0.42,0.38,2021-09-14,1818,N,VIIRS,n,2,291.42,1.49,N,0
35.92116,115.69107,301.68,0.42,0.38,2021-09-14,1818,N,VIIRS,n,2,291.41,0.3,N,0
35.94172,111.50408,303.67,0.4,0.37,2021-09-14,1818,N,VIIRS,n,2,289.16,0.53,N,0
36.03425,118.94691,301.68,0.56,0.43,2021-09-14,1818,N,VIIRS,n,2,289.17,1.01,N,2
36.08043,117.82549,306.16,0.5,0.41,2021-09-14,1818,N,VIIRS,n,2,293.08,1.56,N,2
36.0815,117.82,301.84,0.5,0.41,2021-09-14,1818,N,VIIRS,n,2,291.31,1.23,N,2
36.08213,117.82153,304.91,0.5,0.41,2021-09-14,1818,N,VIIRS,n,2,292.41,2.39,N,2
36.10676,117.83488,309.28,0.5,0.41,2021-09-14,1818,N,VIIRS,n,2,291.29,1.42,N,2
36.10743,117.81202,306.75,0.5,0.41,2021-09-14,1818,N,VIIRS,n,2,291.78,1.82,N,2
36.11,117.8186,302,0.5,0.41,2021-09-14,1818,N,VIIRS,n,2,290.21,1.02,N,2
36.11108,117.81321,301.22,0.5,0.41,2021-09-14,1818,N,VIIRS,n,2,290.68,1.05,N,2
36.11999,114.27964,319.47,0.39,0.36,2021-09-14,1818,N,VIIRS,n,2,294.47,1.75,N,3
36.12517,114.28994,305.56,0.39,0.36,2021-09-14,1818,N,VIIRS,n,2,293.49,0.92,N,2
36.12661,114.28132,310.56,0.39,0.36,2021-09-14,1818,N,VIIRS,n,2,294.94,1.97,N,3
36.1292,114.28648,310.83,0.39,0.36,2021-09-14,1818,N,VIIRS,n,2,293.55,1.26,N,2
36.13643,113.21928,301.36,0.38,0.36,2021-09-14,1818,N,VIIRS,n,2,288.58,0.74,N,0
36.13728,114.11387,310.13,0.39,0.36,2021-09-14,1818,N,VIIRS,n,2,293.07,1.06,N,2
36.15676,116.63737,302.6,0.45,0.39,2021-09-14,1818,N,VIIRS,n,2,292.33,0.73,N,0
36.16232,114.29491,311.98,0.39,0.36,2021-09-14,1818,N,VIIRS,n,2,294.79,0.89,N,2
36.16563,114.29575,305.57,0.39,0.36,2021-09-14,1818,N,VIIRS,n,2,293.78,0.89,N,2
36.16635,114.06308,303.26,0.39,0.36,2021-09-14,1818,N,VIIRS,n,2,291.3,0.59,N,2
36.20984,117.62646,308.08,0.49,0.4,2021-09-14,1818,N,VIIRS,n,2,290.88,1.1,N,2
36.21352,114.04813,330.07,0.39,0.36,2021-09-14,1818,N,VIIRS,n,2,293.98,3.26,N,0
36.21906,115.83768,321.94,0.42,0.38,2021-09-14,1818,N,VIIRS,n,2,293.66,1.96,N,2
36.21941,114.05409,309.76,0.39,0.36,2021-09-14,1818,N,VIIRS,n,2,292.93,1.02,N,2
36.22164,114.05332,316.79,0.39,0.36,2021-09-14,1818,N,VIIRS,n,2,294.61,1.12,N,2
36.22494,114.05415,305.04,0.39,0.36,2021-09-14,1818,N,VIIRS,n,2,292.76,1.12,N,2
36.2882,111.93317,323.83,0.39,0.36,2021-09-14,1818,N,VIIRS,n,2,288.91,1.24,N,2
36.29152,111.93392,328.36,0.39,0.36,2021-09-14,1818,N,VIIRS,n,2,289.89,1.24,N,0
36.30226,114.28669,302.53,0.39,0.36,2021-09-14,1818,N,VIIRS,n,2,292.45,0.58,N,2
36.30306,117.53223,304.75,0.48,0.4,2021-09-14,1818,N,VIIRS,n,2,292.72,1.33,N,2
36.30629,114.28321,305.55,0.39,0.36,2021-09-14,1818,N,VIIRS,n,2,293.18,0.79,N,2
36.30668,117.53329,303.11,0.48,0.4,2021-09-14,1818,N,VIIRS,n,2,290.88,1.61,N,2
36.3096,114.28404,306.2,0.39,0.36,2021-09-14,1818,N,VIIRS,n,2,293.08,0.79,N,2
36.32307,113.11092,307.15,0.38,0.36,2021-09-14,1818,N,VIIRS,n,2,290.14,1,N,0
36.33304,111.76766,320.73,0.39,0.36,2021-09-14,1818,N,VIIRS,n,2,290.67,1.35,N,2
36.33368,111.76327,314.53,0.39,0.36,2021-09-14,1818,N,VIIRS,n,2,293.13,1.35,N,2
36.33829,111.75526,304.72,0.39,0.36,2021-09-14,1818,N,VIIRS,n,2,291.67,1.55,N,2
36.33947,111.96955,302.94,0.39,0.36,2021-09-14,1818,N,VIIRS,n,2,289.6,1.07,N,2
36.35561,111.75465,306.45,0.39,0.36,2021-09-14,1818,N,VIIRS,n,2,291.44,0.88,N,2
36.35614,112.92061,328.08,0.38,0.36,2021-09-14,1818,N,VIIRS,n,2,291.65,3.29,N,2
36.37051,113.15183,298.58,0.38,0.36,2021-09-14,1818,N,VIIRS,n,2,287.35,0.34,N,0
36.37188,113.01687,309.56,0.38,0.36,2021-09-14,1818,N,VIIRS,n,2,290.89,1.41,N,2
36.39766,113.02174,314.88,0.38,0.36,2021-09-14,1818,N,VIIRS,n,2,288.72,1.23,N,2
36.39832,113.01749,308.77,0.38,0.36,2021-09-14,1818,N,VIIRS,n,2,289.82,1.23,N,2
36.42932,118.39517,308.49,0.52,0.42,2021-09-14,1818,N,VIIRS,n,2,290.39,2.03,N,2
36.43508,114.18367,306.02,0.39,0.36,2021-09-14,1818,N,VIIRS,n,2,292.49,0.87,N,2
36.45807,113.11552,335.19,0.38,0.36,2021-09-14,1818,N,VIIRS,n,2,292.81,3.77,N,2
36.46135,113.11632,314.86,0.38,0.36,2021-09-14,1818,N,VIIRS,n,2,291.78,1.72,N,2
36.47585,113.34743,303.96,0.38,0.36,2021-09-14,1818,N,VIIRS,n,2,290.33,0.81,N,2
36.48454,116.34528,305.74,0.43,0.38,2021-09-14,1818,N,VIIRS,n,2,292.44,1.13,N,2
36.48542,116.34052,303.44,0.43,0.38,2021-09-14,1818,N,VIIRS,n,2,291.73,1.13,N,2
36.53327,114.22906,310.32,0.39,0.36,2021-09-14,1818,N,VIIRS,n,2,291.67,0.92,N,2
36.53442,114.24287,306.48,0.39,0.36,2021-09-14,1818,N,VIIRS,n,2,292.61,1.35,N,0
36.54557,118.57957,310.22,0.53,0.42,2021-09-14,1818,N,VIIRS,n,2,289.87,1.1,N,2
36.55723,114.10521,302.09,0.39,0.36,2021-09-14,1818,N,VIIRS,n,2,291.85,1.34,N,2
36.55787,116.85432,303.05,0.45,0.39,2021-09-14,1818,N,VIIRS,n,2,291.67,0.99,N,2
36.56244,117.96786,303.48,0.5,0.41,2021-09-14,1818,N,VIIRS,n,2,288.79,1.06,N,2
36.57928,116.91824,301.67,0.45,0.39,2021-09-14,1818,N,VIIRS,n,2,291.18,0.61,N,2
36.58382,114.21489,304.47,0.39,0.36,2021-09-14,1818,N,VIIRS,n,2,290.72,0.61,N,2
36.58434,114.10758,322.27,0.39,0.36,2021-09-14,1818,N,VIIRS,n,2,292.09,2.2,N,2
36.58588,113.74421,303.86,0.39,0.36,2021-09-14,1818,N,VIIRS,n,2,288.75,0.83,N,2
36.58835,114.1041,310.16,0.39,0.36,2021-09-14,1818,N,VIIRS,n,2,293,1.38,N,2
36.59458,114.45074,306.53,0.39,0.36,2021-09-14,1818,N,VIIRS,n,2,292.62,1.14,N,2
36.59522,114.41618,319.74,0.39,0.36,2021-09-14,1818,N,VIIRS,n,2,293.97,1.81,N,2
36.5971,114.41522,314.21,0.39,0.36,2021-09-14,1818,N,VIIRS,n,2,294.73,1.28,N,2
36.59789,114.45159,305.72,0.39,0.36,2021-09-14,1818,N,VIIRS,n,2,292.5,0.74,N,2
36.59862,114.44724,307.02,0.39,0.36,2021-09-14,1818,N,VIIRS,n,2,292.77,0.74,N,2
36.59968,114.42041,306.76,0.39,0.36,2021-09-14,1818,N,VIIRS,n,2,295.26,1.71,N,2
36.60008,114.43858,315.68,0.39,0.36,2021-09-14,1818,N,VIIRS,n,2,292.46,1.8,N,2
36.60041,114.41608,317.46,0.39,0.36,2021-09-14,1818,N,VIIRS,n,2,293.1,1.28,N,2
36.60193,114.4481,304.65,0.39,0.36,2021-09-14,1818,N,VIIRS,n,2,293.5,0.74,N,2
36.60339,114.43944,328.81,0.39,0.36,2021-09-14,1818,N,VIIRS,n,2,292.59,1.8,N,2
36.60524,114.44895,324.3,0.39,0.36,2021-09-14,1818,N,VIIRS,n,2,293.29,1.98,N,2
36.60597,114.44462,305.02,0.39,0.36,2021-09-14,1818,N,VIIRS,n,2,292.41,0.29,N,2
36.6361,117.74996,302.38,0.49,0.4,2021-09-14,1818,N,VIIRS,n,2,289.1,0.95,N,2
36.63682,116.39056,308.1,0.43,0.38,2021-09-14,1818,N,VIIRS,n,2,288.98,1.16,N,0
36.63842,113.98711,304.36,0.39,0.36,2021-09-14,1818,N,VIIRS,n,2,291.62,0.34,N,2
36.65671,114.22331,301.12,0.39,0.36,2021-09-14,1818,N,VIIRS,n,2,290.8,0.52,N,0
36.6646,114.11317,302.31,0.39,0.36,2021-09-14,1818,N,VIIRS,n,2,291.83,0.74,N,0
36.6719,114.11054,321.73,0.39,0.36,2021-09-14,1818,N,VIIRS,n,2,294.32,2.5,N,2
36.67917,114.17068,304.92,0.39,0.36,2021-09-14,1818,N,VIIRS,n,2,293.89,1.12,N,2
36.67988,114.16636,310.8,0.39,0.36,2021-09-14,1818,N,VIIRS,n,2,293.91,1.27,N,2
36.70442,114.10081,302.88,0.39,0.36,2021-09-14,1818,N,VIIRS,n,2,291.66,0.82,N,2
36.71319,111.70348,307.34,0.4,0.37,2021-09-14,1818,N,VIIRS,n,2,290.23,0.99,N,2
36.7169,114.10848,306.32,0.39,0.36,2021-09-14,1818,N,VIIRS,n,2,292.39,0.98,N,2
36.7202,114.10931,305.59,0.39,0.36,2021-09-14,1818,N,VIIRS,n,2,291.72,0.98,N,2
36.72485,111.74268,302.33,0.4,0.37,2021-09-14,1818,N,VIIRS,n,2,290.01,0.97,N,2
36.73187,114.44799,301.85,0.39,0.36,2021-09-14,1818,N,VIIRS,n,2,290.89,0.37,N,0
36.78342,114.36639,304.77,0.39,0.36,2021-09-14,1818,N,VIIRS,n,2,291.36,0.79,N,0
36.7937,113.14187,306.71,0.38,0.36,2021-09-14,1818,N,VIIRS,n,2,287.39,0.57,N,0
36.79926,111.29056,300.82,0.4,0.37,2021-09-14,1818,N,VIIRS,n,2,282.56,1.01,N,2
36.80264,111.29124,313.53,0.4,0.37,2021-09-14,1818,N,VIIRS,n,2,285.98,1.01,N,2
36.80877,111.64458,299.47,0.4,0.37,2021-09-14,1818,N,VIIRS,n,2,289.24,1.15,N,2
36.82073,116.73824,308.16,0.44,0.39,2021-09-14,1818,N,VIIRS,n,2,291.57,1.63,N,2
36.82992,111.69056,302.1,0.4,0.37,2021-09-14,1818,N,VIIRS,n,2,288.47,0.7,N,0
36.85267,117.62793,318.73,0.48,0.4,2021-09-14,1818,N,VIIRS,n,2,290.98,2.73,N,2
36.85469,117.61751,300.45,0.48,0.4,2021-09-14,1818,N,VIIRS,n,2,289.78,0.99,N,2
36.85498,111.82875,299.84,0.4,0.37,2021-09-14,1818,N,VIIRS,n,2,287.69,0.76,N,2
36.85829,117.61863,308.96,0.48,0.4,2021-09-14,1818,N,VIIRS,n,2,291.69,0.99,N,2
36.8711,117.61153,300.82,0.48,0.4,2021-09-14,1818,N,VIIRS,n,2,290.09,0.43,N,0
37.04181,114.44487,304.15,0.39,0.36,2021-09-14,1818,N,VIIRS,n,2,290.8,0.65,N,2
37.04932,113.37169,305.85,0.38,0.36,2021-09-14,1818,N,VIIRS,n,2,286.37,0.91,N,2
37.05849,111.96626,311.19,0.39,0.36,2021-09-14,1818,N,VIIRS,n,2,288.47,1.25,N,2
37.06432,111.83051,301.71,0.4,0.37,2021-09-14,1818,N,VIIRS,n,2,290.83,1.41,N,2
37.06623,111.81721,303.52,0.4,0.37,2021-09-14,1818,N,VIIRS,n,2,291.08,1.59,N,2
37.07611,111.79654,306.19,0.4,0.37,2021-09-14,1818,N,VIIRS,n,2,290.83,1.6,N,2
37.0801,111.79283,303.8,0.4,0.37,2021-09-14,1818,N,VIIRS,n,2,289.83,1.32,N,2
37.08133,111.99873,299.95,0.39,0.36,2021-09-14,1818,N,VIIRS,n,2,289.94,0.64,N,2
37.08799,112.01181,302.8,0.39,0.36,2021-09-14,1818,N,VIIRS,n,2,289.15,0.73,N,2
37.08863,112.00739,302.84,0.39,0.36,2021-09-14,1818,N,VIIRS,n,2,289.75,0.73,N,2
37.08975,111.97574,299,0.39,0.36,2021-09-14,1818,N,VIIRS,n,2,287.11,0.5,N,0
37.09133,112.01256,299.42,0.39,0.36,2021-09-14,1818,N,VIIRS,n,2,288.91,0.73,N,2
37.09197,112.00815,304.62,0.39,0.36,2021-09-14,1818,N,VIIRS,n,2,290.41,0.73,N,2
37.09621,111.80099,299.53,0.4,0.37,2021-09-14,1818,N,VIIRS,n,2,287.65,0.19,N,2
37.10167,111.96475,316.39,0.39,0.37,2021-09-14,1818,N,VIIRS,n,2,291.36,1.25,N,2
37.10247,111.98316,299.18,0.39,0.36,2021-09-14,1818,N,VIIRS,n,2,289.02,0.82,N,2
37.10501,111.9655,309.58,0.39,0.37,2021-09-14,1818,N,VIIRS,n,2,290.58,1.25,N,2
37.10723,111.90205,297.51,0.4,0.37,2021-09-14,1818,N,VIIRS,n,2,287.07,0.36,N,0
37.17436,111.52583,303.64,0.4,0.37,2021-09-14,1818,N,VIIRS,n,2,283.81,0.9,N,0
37.1876,111.65361,300.02,0.4,0.37,2021-09-14,1818,N,VIIRS,n,2,284.22,0.93,N,2
37.19179,111.67296,298.44,0.4,0.37,2021-09-14,1818,N,VIIRS,n,2,285.67,0.66,N,2
37.19369,111.65956,298.71,0.4,0.37,2021-09-14,1818,N,VIIRS,n,2,285.13,0.72,N,2
37.19432,111.6551,301.7,0.4,0.37,2021-09-14,1818,N,VIIRS,n,2,285,0.72,N,2
37.34727,112.00205,300.77,0.39,0.37,2021-09-14,1818,N,VIIRS,n,2,287.79,0.76,N,0
37.37578,111.15296,300.42,0.41,0.37,2021-09-14,1818,N,VIIRS,n,2,288.16,0.8,N,0
37.39349,111.15178,316.89,0.41,0.37,2021-09-14,1818,N,VIIRS,n,2,291.05,1.93,N,2
37.40075,112.58465,300.13,0.39,0.36,2021-09-14,1818,N,VIIRS,n,2,287.55,1.1,N,2
37.4014,112.58028,321.68,0.39,0.36,2021-09-14,1818,N,VIIRS,n,2,288.7,1.1,N,2
37.40471,112.58106,329.93,0.39,0.36,2021-09-14,1818,N,VIIRS,n,2,289.96,2.78,N,2
37.40564,111.14004,299.33,0.41,0.37,2021-09-14,1818,N,VIIRS,n,2,287.76,0.56,N,2
37.42431,111.12699,301.24,0.41,0.37,2021-09-14,1818,N,VIIRS,n,2,289.11,0.69,N,0
37.4502,112.13302,300.03,0.39,0.36,2021-09-14,1818,N,VIIRS,n,2,288.46,0.69,N,0
37.4619,110.95203,309.98,0.42,0.37,2021-09-14,1818,N,VIIRS,n,2,290.34,1.33,N,2
37.4647,110.95753,305.51,0.42,0.37,2021-09-14,1818,N,VIIRS,n,2,288.96,0.85,N,0
37.46716,112.06364,324.94,0.39,0.37,2021-09-14,1818,N,VIIRS,n,2,288.62,2.83,N,0
37.47231,111.16148,303.89,0.41,0.37,2021-09-14,1818,N,VIIRS,n,2,289.88,1.01,N,2
37.50171,112.03947,300.16,0.39,0.37,2021-09-14,1818,N,VIIRS,n,2,285.84,0.74,N,0
37.55444,112.23331,301.32,0.39,0.36,2021-09-14,1818,N,VIIRS,n,2,289.52,0.56,N,2
37.55509,112.2289,321.04,0.39,0.36,2021-09-14,1818,N,VIIRS,n,2,290.46,2.16,N,2
37.56055,112.26212,305.2,0.39,0.36,2021-09-14,1818,N,VIIRS,n,2,288.52,1.22,N,0
37.56322,112.26731,308.83,0.39,0.36,2021-09-14,1818,N,VIIRS,n,2,291.66,1.22,N,0
37.56841,112.23196,304.21,0.39,0.36,2021-09-14,1818,N,VIIRS,n,2,290.13,1.07,N,2
37.5685,112.25482,306.05,0.39,0.36,2021-09-14,1818,N,VIIRS,n,2,289.8,0.84,N,2
37.56988,112.26884,304.05,0.39,0.36,2021-09-14,1818,N,VIIRS,n,2,288.71,0.98,N,2
37.57109,112.23715,313.3,0.39,0.36,2021-09-14,1818,N,VIIRS,n,2,289.5,1.28,N,2
37.57118,112.26001,306.14,0.39,0.36,2021-09-14,1818,N,VIIRS,n,2,290.4,0.84,N,2
37.57142,112.16409,311.7,0.39,0.36,2021-09-14,1818,N,VIIRS,n,2,290.13,1.31,N,2
37.57174,112.23273,307.26,0.39,0.36,2021-09-14,1818,N,VIIRS,n,2,290.11,1.17,N,2
37.57183,112.25559,303.08,0.39,0.36,2021-09-14,1818,N,VIIRS,n,2,290.67,0.84,N,2
37.57293,112.201,308.66,0.39,0.36,2021-09-14,1818,N,VIIRS,n,2,287.24,1.03,N,0
37.57321,112.26961,325.94,0.39,0.36,2021-09-14,1818,N,VIIRS,n,2,289.82,1.35,N,2
37.57377,112.24234,301.4,0.39,0.36,2021-09-14,1818,N,VIIRS,n,2,289.5,1.28,N,2
37.57386,112.2652,303.5,0.39,0.36,2021-09-14,1818,N,VIIRS,n,2,289,1.35,N,2
37.5745,112.26079,304.69,0.39,0.36,2021-09-14,1818,N,VIIRS,n,2,289.67,0.74,N,2
37.57654,112.27038,308.41,0.39,0.36,2021-09-14,1818,N,VIIRS,n,2,290.93,1.35,N,2
37.57719,112.26596,320.57,0.39,0.36,2021-09-14,1818,N,VIIRS,n,2,293.05,1.35,N,2
37.57756,112.19292,299.63,0.39,0.36,2021-09-14,1818,N,VIIRS,n,2,287.49,0.39,N,2
37.57784,112.26155,301.93,0.39,0.36,2021-09-14,1818,N,VIIRS,n,2,289.86,0.74,N,2
37.58013,112.17524,301.45,0.39,0.36,2021-09-14,1818,N,VIIRS,n,2,290.3,0.95,N,2
37.58077,112.17086,333.21,0.39,0.36,2021-09-14,1818,N,VIIRS,n,2,290.61,3.44,N,2
37.58153,112.18926,308.54,0.39,0.36,2021-09-14,1818,N,VIIRS,n,2,290.87,1.41,N,2
37.58218,112.18485,305.69,0.39,0.36,2021-09-14,1818,N,VIIRS,n,2,291.3,1.41,N,2
37.58819,112.19083,307.86,0.39,0.36,2021-09-14,1818,N,VIIRS,n,2,289.43,1.24,N,2
37.62217,112.73716,317,0.39,0.36,2021-09-14,1818,N,VIIRS,n,2,289.44,1.48,N,0
37.62545,111.00974,300.23,0.42,0.37,2021-09-14,1818,N,VIIRS,n,2,282.52,0.65,N,2
29.33473,119.04928,304.21,0.51,0.5,2021-09-14,1819,N,VIIRS,n,2,286.21,2.3,N,2
29.33504,119.04811,298.99,0.51,0.5,2021-09-14,1819,N,VIIRS,n,2,277.82,1.52,N,2
29.89478,115.44221,313.95,0.49,0.4,2021-09-14,1819,N,VIIRS,n,2,296.25,1.74,N,2
29.92692,116.56619,305.87,0.55,0.43,2021-09-14,1819,N,VIIRS,n,2,294.15,1.04,N,2
29.94266,115.37099,312.3,0.48,0.4,2021-09-14,1819,N,VIIRS,n,2,295.56,1.67,N,0
30.11502,115.27405,306.91,0.47,0.4,2021-09-14,1819,N,VIIRS,n,2,295.51,1.29,N,2
30.1161,115.27249,308.06,0.47,0.4,2021-09-14,1819,N,VIIRS,n,2,295.83,1.47,N,2
30.1623,115.06397,307.19,0.46,0.39,2021-09-14,1819,N,VIIRS,n,2,294.8,1.08,N,2
30.17485,114.91187,310.1,0.46,0.39,2021-09-14,1819,N,VIIRS,n,2,295.11,1.35,N,2
30.17551,114.91401,310.02,0.46,0.39,2021-09-14,1819,N,VIIRS,n,2,295.18,1.08,N,2
30.17645,114.92887,306.07,0.46,0.39,2021-09-14,1819,N,VIIRS,n,2,295.1,1.47,N,0
30.20355,115.14448,307.8,0.47,0.4,2021-09-14,1819,N,VIIRS,n,2,296.25,1.41,N,2
30.20444,115.13968,315.42,0.47,0.39,2021-09-14,1819,N,VIIRS,n,2,296.47,1.41,N,3
30.20625,115.15016,312.05,0.47,0.4,2021-09-14,1819,N,VIIRS,n,2,296.35,1.77,N,2
30.279,114.33439,305.74,0.43,0.38,2021-09-14,1819,N,VIIRS,n,2,294.35,0.99,N,0
30.38395,114.86049,314.65,0.45,0.39,2021-09-14,1819,N,VIIRS,n,2,294.19,2.2,N,2
30.39512,114.94154,306.6,0.46,0.39,2021-09-14,1819,N,VIIRS,n,2,295.8,1.33,N,2
30.39627,114.85381,307.3,0.45,0.39,2021-09-14,1819,N,VIIRS,n,2,295.42,1.43,N,2
30.61677,114.45841,310.59,0.43,0.38,2021-09-14,1819,N,VIIRS,n,2,296.31,1.88,N,2
30.63313,114.4483,309.03,0.43,0.38,2021-09-14,1819,N,VIIRS,n,2,296.14,1.4,N,2
30.63394,114.4438,309.11,0.43,0.38,2021-09-14,1819,N,VIIRS,n,2,296.41,1.4,N,2
30.63475,114.4393,306.68,0.43,0.38,2021-09-14,1819,N,VIIRS,n,2,294.62,0.98,N,2
30.63556,114.43483,308.7,0.43,0.38,2021-09-14,1819,N,VIIRS,n,2,295.95,0.98,N,2
30.6366,114.44913,316.16,0.43,0.38,2021-09-14,1819,N,VIIRS,n,2,297.15,1.4,N,2
30.63823,114.44015,308.56,0.43,0.38,2021-09-14,1819,N,VIIRS,n,2,296.56,0.98,N,2
30.63968,111.31747,302.53,0.38,0.36,2021-09-14,1819,N,VIIRS,n,2,291.33,0.31,N,0
30.74942,117.40321,312.38,0.39,0.44,2021-09-14,1819,N,VIIRS,n,2,293.97,0.87,N,2
30.81921,117.79874,309.24,0.41,0.45,2021-09-14,1819,N,VIIRS,n,2,291.64,0.96,N,2
30.82008,117.79462,302.06,0.41,0.45,2021-09-14,1819,N,VIIRS,n,2,291.73,0.96,N,0
30.82113,117.79668,324.47,0.41,0.45,2021-09-14,1819,N,VIIRS,n,2,294.74,2.35,N,2
30.82417,117.79556,302.67,0.41,0.45,2021-09-14,1819,N,VIIRS,n,2,291.67,0.73,N,2
30.84474,117.77921,316.15,0.41,0.45,2021-09-14,1819,N,VIIRS,n,2,293.76,3.32,N,2
30.84562,117.77499,340.36,0.41,0.45,2021-09-14,1819,N,VIIRS,n,2,297.61,3.32,N,2
30.85488,117.75107,323.99,0.41,0.45,2021-09-14,1819,N,VIIRS,n,2,294.45,1.73,N,2
30.86682,111.64224,307.66,0.38,0.36,2021-09-14,1819,N,VIIRS,n,2,293.4,1.62,N,2
30.91866,110.71021,306.63,0.39,0.36,2021-09-14,1819,N,VIIRS,n,2,290.96,1.35,N,2
30.92755,117.77148,309.35,0.41,0.45,2021-09-14,1819,N,VIIRS,n,2,294.08,1.08,N,2
30.98119,117.79309,309.68,0.41,0.45,2021-09-14,1819,N,VIIRS,n,2,293.61,1.12,N,2
30.98608,117.79008,311.9,0.41,0.45,2021-09-14,1819,N,VIIRS,n,2,294.61,1.52,N,2
30.99269,117.77876,313.89,0.4,0.45,2021-09-14,1819,N,VIIRS,n,2,294.29,1.77,N,2
30.99415,117.79237,306.56,0.41,0.45,2021-09-14,1819,N,VIIRS,n,2,293.12,0.99,N,0
31.09478,118.02528,310.27,0.42,0.45,2021-09-14,1819,N,VIIRS,n,2,289.48,0.73,N,2
31.09888,118.02634,300.34,0.42,0.45,2021-09-14,1819,N,VIIRS,n,2,289.11,0.65,N,2
31.09972,118.02222,305.21,0.42,0.45,2021-09-14,1819,N,VIIRS,n,2,288.5,0.65,N,2
31.10049,118.02564,308.28,0.42,0.45,2021-09-14,1819,N,VIIRS,n,2,289.95,1.57,N,2
31.13349,118.01251,308.7,0.41,0.45,2021-09-14,1819,N,VIIRS,n,2,291.01,1.33,N,2
31.13545,118.16869,327.82,0.42,0.45,2021-09-14,1819,N,VIIRS,n,2,292.84,2.01,N,2
31.13637,118.16432,309.28,0.42,0.45,2021-09-14,1819,N,VIIRS,n,2,290.59,2.43,N,2
31.13867,118.17412,308.27,0.42,0.45,2021-09-14,1819,N,VIIRS,n,2,290.04,2.01,N,2
31.13955,118.16992,310.75,0.42,0.45,2021-09-14,1819,N,VIIRS,n,2,291.96,2.01,N,2
31.14627,112.18698,306.91,0.39,0.36,2021-09-14,1819,N,VIIRS,n,2,292.05,0.82,N,2
31.17809,110.74398,303.41,0.39,0.36,2021-09-14,1819,N,VIIRS,n,2,290.91,0.49,N,0
31.22841,118.14703,301.74,0.42,0.45,2021-09-14,1819,N,VIIRS,n,2,286.41,1.12,N,2
31.27538,112.27309,321.07,0.39,0.36,2021-09-14,1819,N,VIIRS,n,2,296.21,2.39,N,2
31.27687,117.33963,296.5,0.57,0.43,2021-09-14,1819,N,VIIRS,n,2,271.95,0.62,N,2
31.38472,119.29677,319.49,0.48,0.48,2021-09-14,1819,N,VIIRS,n,2,281.4,2.68,N,2
31.38494,119.29916,308.06,0.48,0.48,2021-09-14,1819,N,VIIRS,n,2,281.8,1.8,N,2
31.386,119.2942,306.43,0.48,0.48,2021-09-14,1819,N,VIIRS,n,2,276.82,1.93,N,2
31.47682,117.92864,298.79,0.4,0.44,2021-09-14,1819,N,VIIRS,n,2,284.28,0.45,N,2
31.51791,117.75141,311.66,0.39,0.44,2021-09-14,1819,N,VIIRS,n,2,285.78,1.65,N,2
31.52083,117.90126,297.75,0.4,0.44,2021-09-14,1819,N,VIIRS,n,2,279.37,0.39,N,2
31.52168,117.89721,312.09,0.4,0.44,2021-09-14,1819,N,VIIRS,n,2,281.96,1.49,N,2
31.53005,118.00156,307.12,0.41,0.45,2021-09-14,1819,N,VIIRS,n,2,289.69,1.09,N,2
31.69327,118.46523,302.6,0.43,0.46,2021-09-14,1819,N,VIIRS,n,2,281.27,1.47,N,0
31.75444,111.82204,311.94,0.38,0.36,2021-09-14,1819,N,VIIRS,n,2,293.13,1.41,N,2
31.96547,118.33953,316.07,0.42,0.45,2021-09-14,1819,N,VIIRS,n,2,285.4,2.04,N,2
31.97254,118.97102,303.7,0.45,0.47,2021-09-14,1819,N,VIIRS,n,2,292.47,0.8,N,2
32.17167,118.75614,306.27,0.43,0.46,2021-09-14,1819,N,VIIRS,n,2,288.36,0.83,N,2
32.18095,118.75408,304.12,0.43,0.46,2021-09-14,1819,N,VIIRS,n,2,290.34,0.95,N,2
32.30881,115.96083,307,0.47,0.4,2021-09-14,1819,N,VIIRS,n,2,293.03,1.11,N,2
32.31241,115.96181,314.81,0.47,0.4,2021-09-14,1819,N,VIIRS,n,2,292.96,1.38,N,2
32.32872,115.95574,309.92,0.47,0.4,2021-09-14,1819,N,VIIRS,n,2,295.62,1.18,N,2
32.32966,115.95078,306.06,0.47,0.4,2021-09-14,1819,N,VIIRS,n,2,295.93,1.69,N,2
32.3349,109.44426,301.01,0.42,0.38,2021-09-14,1819,N,VIIRS,n,2,288.38,0.62,N,0
32.46178,111.65733,307.25,0.38,0.36,2021-09-14,1819,N,VIIRS,n,2,292.58,0.84,N,2
32.48744,114.03475,314.76,0.41,0.37,2021-09-14,1819,N,VIIRS,n,2,293.56,1.06,N,2
32.48928,112.74638,311.49,0.39,0.36,2021-09-14,1819,N,VIIRS,n,2,295.02,1.08,N,2
32.49082,114.03557,308.66,0.41,0.37,2021-09-14,1819,N,VIIRS,n,2,295.96,1.06,N,2
32.50431,114.03883,309.1,0.41,0.37,2021-09-14,1819,N,VIIRS,n,2,291.96,1.23,N,0
32.70033,117.33553,312.63,0.54,0.42,2021-09-14,1819,N,VIIRS,n,2,278.48,1.89,N,2
32.75391,117.3093,303.92,0.54,0.42,2021-09-14,1819,N,VIIRS,n,2,280.21,1.22,N,2
32.75503,117.30369,298.05,0.53,0.42,2021-09-14,1819,N,VIIRS,n,2,279.56,1.22,N,2
32.75771,117.31044,309.92,0.54,0.42,2021-09-14,1819,N,VIIRS,n,2,280.44,1.22,N,2
32.83365,109.29427,306.43,0.43,0.38,2021-09-14,1819,N,VIIRS,n,2,290.29,1.09,N,0
33.07719,111.79872,302.46,0.38,0.36,2021-09-14,1819,N,VIIRS,n,2,291.86,0.53,N,0
33.26814,111.5658,306.26,0.39,0.36,2021-09-14,1819,N,VIIRS,n,2,290.66,0.95,N,2
33.29203,113.45947,305.24,0.39,0.36,2021-09-14,1819,N,VIIRS,n,2,293.21,0.73,N,0
33.72044,110.22644,298.6,0.41,0.37,2021-09-14,1819,N,VIIRS,n,2,288.6,0.46,N,0
33.80157,113.44864,310.43,0.39,0.36,2021-09-14,1819,N,VIIRS,n,2,296.76,1.11,N,2
33.82955,110.01325,306.66,0.42,0.37,2021-09-14,1819,N,VIIRS,n,2,289.37,0.94,N,2
33.8526,112.96872,309.64,0.39,0.36,2021-09-14,1819,N,VIIRS,n,2,295.67,1.04,N,2
33.85714,113.00415,307.56,0.39,0.36,2021-09-14,1819,N,VIIRS,n,2,293.46,0.64,N,2
33.90086,112.90268,305.4,0.39,0.36,2021-09-14,1819,N,VIIRS,n,2,292.09,1.28,N,2
33.90416,112.90344,320.23,0.39,0.36,2021-09-14,1819,N,VIIRS,n,2,294.49,1.28,N,2
33.90452,112.9192,306.34,0.39,0.36,2021-09-14,1819,N,VIIRS,n,2,295.71,0.96,N,0
34.00336,112.96363,310.48,0.39,0.36,2021-09-14,1819,N,VIIRS,n,2,295.93,1.47,N,2
34.4738,107.77158,307.28,0.51,0.41,2021-09-14,1819,N,VIIRS,n,2,290.1,1.53,N,2
34.5506,107.99516,315.16,0.5,0.41,2021-09-14,1819,N,VIIRS,n,2,290.89,1.61,N,2
34.55124,107.98982,302.41,0.5,0.41,2021-09-14,1819,N,VIIRS,n,2,289.58,1.61,N,2
34.61113,108.62822,306.53,0.47,0.4,2021-09-14,1819,N,VIIRS,n,2,291.89,1.35,N,2
34.65845,108.21484,304.9,0.49,0.4,2021-09-14,1819,N,VIIRS,n,2,288.83,0.97,N,0
25.9513,119.44874,304.8,0.32,0.54,2021-09-14,1820,N,VIIRS,n,2,280.07,0.54,N,0
26.02446,117.15398,302.95,0.46,0.47,2021-09-14,1820,N,VIIRS,n,2,292.13,1.39,N,0
26.77859,117.47394,300.59,0.47,0.48,2021-09-14,1820,N,VIIRS,n,2,289.42,1.33,N,0
26.99663,110.64023,301.16,0.38,0.36,2021-09-14,1820,N,VIIRS,n,2,280.37,0.9,N,0
27.07849,115.70329,302.54,0.55,0.43,2021-09-14,1820,N,VIIRS,n,2,291.9,1.2,N,2
27.07904,115.70208,302.44,0.55,0.43,2021-09-14,1820,N,VIIRS,n,2,292.25,0.32,N,2
27.1309,111.4927,308.2,0.39,0.36,2021-09-14,1820,N,VIIRS,n,2,291.27,0.87,N,2
27.17209,111.40843,310.71,0.39,0.36,2021-09-14,1820,N,VIIRS,n,2,291.37,1.05,N,2
27.39985,111.98503,309.68,0.4,0.37,2021-09-14,1820,N,VIIRS,n,2,292.45,0.98,N,2
27.40319,111.98573,309.96,0.4,0.37,2021-09-14,1820,N,VIIRS,n,2,292.9,0.98,N,2
27.50726,120.61054,306.26,0.35,0.56,2021-09-14,1820,N,VIIRS,n,2,289.69,0.32,N,0
27.55314,113.1251,310.5,0.42,0.38,2021-09-14,1820,N,VIIRS,n,2,294.1,0.94,N,2
27.59312,110.09634,304.42,0.39,0.36,2021-09-14,1820,N,VIIRS,n,2,290.03,1.33,N,2
27.62425,113.73169,309.1,0.44,0.38,2021-09-14,1820,N,VIIRS,n,2,293,2.08,N,2
27.62745,113.71382,306.07,0.44,0.38,2021-09-14,1820,N,VIIRS,n,2,292.85,1.07,N,2
27.63627,113.90401,305.92,0.45,0.39,2021-09-14,1820,N,VIIRS,n,2,292.45,0.69,N,2
27.68677,111.43688,303.93,0.39,0.36,2021-09-14,1820,N,VIIRS,n,2,292.03,1.57,N,2
27.73293,112.22036,304.16,0.4,0.37,2021-09-14,1820,N,VIIRS,n,2,291.87,0.33,N,2
27.74704,111.96047,330.92,0.39,0.36,2021-09-14,1820,N,VIIRS,n,2,292.68,2.77,N,2
27.74906,111.96912,327.04,0.39,0.36,2021-09-14,1820,N,VIIRS,n,2,293.08,2.97,N,3
27.75038,111.96118,306.88,0.39,0.36,2021-09-14,1820,N,VIIRS,n,2,293.54,2.3,N,2
27.75103,111.95721,319.78,0.39,0.36,2021-09-14,1820,N,VIIRS,n,2,292.52,1.75,N,2
27.77797,114.91598,309.23,0.49,0.4,2021-09-14,1820,N,VIIRS,n,2,294.16,1.76,N,2
27.77894,114.90423,316.1,0.49,0.4,2021-09-14,1820,N,VIIRS,n,2,293.98,3.52,N,2
27.77987,114.90606,314.66,0.49,0.4,2021-09-14,1820,N,VIIRS,n,2,294.47,3.85,N,2
27.78078,114.91504,310.93,0.49,0.4,2021-09-14,1820,N,VIIRS,n,2,295.12,3.01,N,2
27.78166,114.91684,307.4,0.49,0.4,2021-09-14,1820,N,VIIRS,n,2,295.08,1.76,N,2
27.7844,114.92268,307.38,0.49,0.4,2021-09-14,1820,N,VIIRS,n,2,295.35,1.89,N,2
27.80953,112.90014,313.9,0.41,0.37,2021-09-14,1820,N,VIIRS,n,2,295.26,1.53,N,2
27.81024,112.89599,314.05,0.41,0.37,2021-09-14,1820,N,VIIRS,n,2,295.56,1.53,N,2
27.81271,112.89935,315.65,0.41,0.37,2021-09-14,1820,N,VIIRS,n,2,296.08,2.88,N,2
27.81293,112.90088,308.71,0.41,0.37,2021-09-14,1820,N,VIIRS,n,2,295.71,1.53,N,2
27.85542,114.74979,303.97,0.48,0.4,2021-09-14,1820,N,VIIRS,n,2,292.97,1.63,N,2
27.99454,115.61784,305.81,0.53,0.42,2021-09-14,1820,N,VIIRS,n,2,294.52,1.27,N,2
27.99976,113.11519,317.7,0.42,0.37,2021-09-14,1820,N,VIIRS,n,2,292.2,2.94,N,0
28.00244,113.12015,306.21,0.42,0.37,2021-09-14,1820,N,VIIRS,n,2,292.72,2.94,N,0
28.00318,113.11594,331.11,0.42,0.37,2021-09-14,1820,N,VIIRS,n,2,294.08,2.94,N,0
28.06477,120.69375,305.59,0.34,0.56,2021-09-14,1820,N,VIIRS,n,2,290.29,0.46,N,0
28.17984,114.62778,305.33,0.47,0.4,2021-09-14,1820,N,VIIRS,n,2,292.86,0.86,N,2
28.18743,113.30779,307.37,0.42,0.38,2021-09-14,1820,N,VIIRS,n,2,293.6,0.96,N,2
28.22112,115.69997,307.3,0.53,0.42,2021-09-14,1820,N,VIIRS,n,2,293.54,0.83,N,2
28.27006,112.27927,305.34,0.4,0.37,2021-09-14,1820,N,VIIRS,n,2,292.85,0.68,N,2
28.28578,115.71606,304.98,0.53,0.42,2021-09-14,1820,N,VIIRS,n,2,293.51,1.24,N,2
28.28689,115.71761,307.08,0.53,0.42,2021-09-14,1820,N,VIIRS,n,2,293.7,1.67,N,2
28.33367,117.21944,306.4,0.42,0.45,2021-09-14,1820,N,VIIRS,n,2,292.48,1.45,N,2
28.33955,117.21203,305.67,0.42,0.45,2021-09-14,1820,N,VIIRS,n,2,291.95,0.87,N,2
28.62881,117.38148,312.62,0.43,0.46,2021-09-14,1820,N,VIIRS,n,2,292.66,1.7,N,2
28.6297,117.3772,312.2,0.43,0.46,2021-09-14,1820,N,VIIRS,n,2,292.41,1.7,N,2
28.64591,115.99213,306.17,0.54,0.42,2021-09-14,1820,N,VIIRS,n,2,293.97,1.5,N,2
28.64975,115.9931,312.89,0.54,0.42,2021-09-14,1820,N,VIIRS,n,2,293.65,2.11,N,2
28.6995,117.08088,306.22,0.41,0.45,2021-09-14,1820,N,VIIRS,n,2,292.88,1.01,N,2
29.11936,117.33591,304,0.42,0.45,2021-09-14,1820,N,VIIRS,n,2,292.7,0.99,N,2
29.14076,111.61523,305.23,0.39,0.36,2021-09-14,1820,N,VIIRS,n,2,293.26,1.03,N,0
29.25298,117.17688,309.32,0.4,0.45,2021-09-14,1820,N,VIIRS,n,2,293.86,2.1,N,2
29.31063,111.3159,304.04,0.38,0.36,2021-09-14,1820,N,VIIRS,n,2,292.59,0.52,N,2
29.34333,112.16807,306.7,0.39,0.36,2021-09-14,1820,N,VIIRS,n,2,293.58,0.46,N,0
29.35803,111.97343,305.32,0.39,0.36,2021-09-14,1820,N,VIIRS,n,2,292.49,0.51,N,0
29.43398,115.5241,305.28,0.5,0.41,2021-09-14,1820,N,VIIRS,n,2,293.19,0.85,N,0
29.43591,108.77407,302.18,0.42,0.38,2021-09-14,1820,N,VIIRS,n,2,288.81,0.4,N,0
29.51379,112.18208,303.89,0.39,0.36,2021-09-14,1820,N,VIIRS,n,2,292.58,0.53,N,0
29.56089,112.18809,315.67,0.39,0.36,2021-09-14,1820,N,VIIRS,n,2,292.95,0.85,N,0
29.58756,111.28181,304.47,0.38,0.36,2021-09-14,1820,N,VIIRS,n,2,292.4,0.66,N,2
29.58818,111.27787,304.79,0.38,0.36,2021-09-14,1820,N,VIIRS,n,2,292.81,0.66,N,2
29.59044,107.43036,306.34,0.47,0.4,2021-09-14,1820,N,VIIRS,n,2,291.53,2.61,N,2
29.6069,115.86257,303.78,0.51,0.41,2021-09-14,1820,N,VIIRS,n,2,293.17,0.94,N,2
29.62786,111.30531,305.13,0.38,0.36,2021-09-14,1820,N,VIIRS,n,2,292.29,0.44,N,2
29.70025,111.51063,310.08,0.38,0.36,2021-09-14,1820,N,VIIRS,n,2,293.53,1.27,N,2
29.74132,113.98641,304.08,0.43,0.38,2021-09-14,1820,N,VIIRS,n,2,293.52,0.75,N,2
29.83092,107.60519,318.93,0.47,0.39,2021-09-14,1820,N,VIIRS,n,2,292.3,2.9,N,2
29.86571,113.80067,308.37,0.42,0.38,2021-09-14,1820,N,VIIRS,n,2,295.35,1.21,N,2
29.91146,113.82487,308.77,0.42,0.38,2021-09-14,1820,N,VIIRS,n,2,297.31,1.73,N,0
29.94718,113.10933,316.31,0.4,0.37,2021-09-14,1820,N,VIIRS,n,2,294.81,0.93,N,0
30.06534,111.478,303,0.38,0.36,2021-09-14,1820,N,VIIRS,n,2,292.53,0.68,N,0
30.10824,112.71818,307.4,0.39,0.37,2021-09-14,1820,N,VIIRS,n,2,294.13,0.95,N,0
30.18973,107.98008,328.38,0.45,0.39,2021-09-14,1820,N,VIIRS,n,2,292.5,3.32,N,2
30.19067,107.98215,325.77,0.45,0.39,2021-09-14,1820,N,VIIRS,n,2,292.52,2.47,N,2
30.20314,111.07151,302.28,0.38,0.36,2021-09-14,1820,N,VIIRS,n,2,290.65,0.53,N,2
30.31772,111.49165,312.84,0.38,0.36,2021-09-14,1820,N,VIIRS,n,2,293.83,1.05,N,2
30.5214,111.22852,309.68,0.38,0.36,2021-09-14,1820,N,VIIRS,n,2,292.26,0.85,N,2
22.54686,120.35344,307.04,0.43,0.62,2021-09-14,1821,N,VIIRS,n,2,283.46,2.35,N,2
24.17344,112.76321,310.2,0.44,0.39,2021-09-14,1821,N,VIIRS,n,2,281.82,1.79,N,2
24.43084,116.2998,305.8,0.44,0.46,2021-09-14,1821,N,VIIRS,n,2,288.68,0.52,N,2
24.5507,116.15709,316.26,0.43,0.46,2021-09-14,1821,N,VIIRS,n,2,290.38,2.05,N,2
24.56788,120.73713,299.42,0.41,0.6,2021-09-14,1821,N,VIIRS,n,2,278.45,0.48,N,0
24.73817,116.18153,312.56,0.43,0.46,2021-09-14,1821,N,VIIRS,n,2,291.31,2.13,N,2
24.78795,98.25077,313.8,0.47,0.64,2021-09-14,1821,N,VIIRS,n,2,284.98,2.93,N,2
24.91084,102.49003,297.7,0.51,0.5,2021-09-14,1821,N,VIIRS,n,2,285.02,1.73,N,2
24.93232,102.42041,307.27,0.52,0.5,2021-09-14,1821,N,VIIRS,n,2,286.73,1.68,N,2
25.05253,117.07426,304.42,0.48,0.48,2021-09-14,1821,N,VIIRS,n,2,288.16,1.46,N,2
25.0526,117.07594,302.27,0.48,0.48,2021-09-14,1821,N,VIIRS,n,2,288.19,1.34,N,2
25.07455,99.28449,299.01,0.41,0.61,2021-09-14,1821,N,VIIRS,n,2,284.72,1.26,N,2
25.11527,105.35879,301.2,0.53,0.42,2021-09-14,1821,N,VIIRS,n,2,287.12,1.04,N,2
25.1456,117.15746,305.25,0.48,0.48,2021-09-14,1821,N,VIIRS,n,2,289.36,0.98,N,2
25.14832,117.15994,301.59,0.48,0.48,2021-09-14,1821,N,VIIRS,n,2,289.14,0.71,N,2
25.18438,116.72165,313.2,0.45,0.47,2021-09-14,1821,N,VIIRS,n,2,287.48,1.63,N,2
25.28685,100.54865,296.38,0.34,0.56,2021-09-14,1821,N,VIIRS,n,2,284.64,0.42,N,2
25.29202,100.54984,297.04,0.34,0.56,2021-09-14,1821,N,VIIRS,n,2,285.24,0.42,N,2
25.29241,103.89648,301.27,0.43,0.46,2021-09-14,1821,N,VIIRS,n,2,286.43,1.12,N,2
25.30605,103.88967,296.91,0.43,0.46,2021-09-14,1821,N,VIIRS,n,2,286.4,0.49,N,2
25.34548,107.50972,302.54,0.43,0.38,2021-09-14,1821,N,VIIRS,n,2,288.76,0.84,N,0
25.3835,99.30479,297.3,0.41,0.61,2021-09-14,1821,N,VIIRS,n,2,285.15,0.72,N,2
25.45544,114.89101,311.04,0.53,0.42,2021-09-14,1821,N,VIIRS,n,2,293.64,2.8,N,2
25.4564,103.54881,299.59,0.45,0.47,2021-09-14,1821,N,VIIRS,n,2,287.61,1,N,2
25.54816,100.58566,296.65,0.34,0.56,2021-09-14,1821,N,VIIRS,n,2,285.72,1.2,N,2
25.65168,104.04558,296.11,0.42,0.45,2021-09-14,1821,N,VIIRS,n,2,284.7,0.8,N,0
25.69742,103.86785,305.62,0.43,0.46,2021-09-14,1821,N,VIIRS,n,2,288.47,2.2,N,2
25.71464,112.89258,308.48,0.43,0.38,2021-09-14,1821,N,VIIRS,n,2,290.91,1.01,N,2
25.78405,100.37542,300.73,0.36,0.57,2021-09-14,1821,N,VIIRS,n,2,284.05,0.93,N,0
25.78818,100.37488,298.56,0.36,0.57,2021-09-14,1821,N,VIIRS,n,2,284.12,0.65,N,0
25.79613,99.10773,295.78,0.43,0.62,2021-09-14,1821,N,VIIRS,n,2,283.52,1.37,N,2
25.79663,99.10175,304.86,0.43,0.62,2021-09-14,1821,N,VIIRS,n,2,284.96,1.37,N,2
25.79721,99.10337,311.15,0.43,0.62,2021-09-14,1821,N,VIIRS,n,2,285.81,2.19,N,2
25.84087,115.87999,306.67,0.4,0.44,2021-09-14,1821,N,VIIRS,n,2,290.69,0.74,N,2
25.84096,115.87864,303.44,0.39,0.44,2021-09-14,1821,N,VIIRS,n,2,290.56,0.64,N,2
25.84389,115.86446,305.07,0.39,0.44,2021-09-14,1821,N,VIIRS,n,2,291.29,0.87,N,2
25.84405,115.8632,306.56,0.39,0.44,2021-09-14,1821,N,VIIRS,n,2,291.1,0.73,N,2
25.84488,115.88096,303.99,0.4,0.44,2021-09-14,1821,N,VIIRS,n,2,291.55,0.74,N,2
25.84497,115.87955,306.81,0.39,0.44,2021-09-14,1821,N,VIIRS,n,2,291.73,0.64,N,2
25.95873,113.23631,307.84,0.44,0.38,2021-09-14,1821,N,VIIRS,n,2,292.58,1.28,N,2
26.02167,106.07222,301.45,0.5,0.41,2021-09-14,1821,N,VIIRS,n,2,288.71,0.85,N,0
26.28588,113.25719,325.94,0.44,0.38,2021-09-14,1821,N,VIIRS,n,2,291.35,2.03,N,0
26.47652,103.3277,296.83,0.48,0.48,2021-09-14,1821,N,VIIRS,n,2,285.02,0.88,N,2
26.5636,101.68083,303.2,0.6,0.53,2021-09-14,1821,N,VIIRS,n,2,288.84,2.19,N,2
26.56422,101.67434,308.99,0.6,0.53,2021-09-14,1821,N,VIIRS,n,2,289.01,2.19,N,2
26.56481,101.66811,300.93,0.6,0.53,2021-09-14,1821,N,VIIRS,n,2,287.96,1.66,N,2
26.56909,101.67555,302.7,0.6,0.53,2021-09-14,1821,N,VIIRS,n,2,288.63,1.48,N,2
26.56973,101.66886,302.36,0.6,0.53,2021-09-14,1821,N,VIIRS,n,2,288.48,1.48,N,2
26.57462,101.66994,304.73,0.6,0.53,2021-09-14,1821,N,VIIRS,n,2,288.06,1.48,N,2
26.57528,101.66309,301.65,0.6,0.53,2021-09-14,1821,N,VIIRS,n,2,287.85,1.48,N,2
26.57954,112.60153,306.5,0.41,0.37,2021-09-14,1821,N,VIIRS,n,2,293.2,0.91,N,2
26.62068,101.45078,303.57,0.62,0.54,2021-09-14,1821,N,VIIRS,n,2,286.57,1.4,N,2
26.66912,100.19635,295.82,0.37,0.58,2021-09-14,1821,N,VIIRS,n,2,282.6,2.38,N,2
26.72121,111.8334,312.82,0.4,0.37,2021-09-14,1821,N,VIIRS,n,2,285.92,1.55,N,2
27.51178,106.8979,300.78,0.47,0.4,2021-09-14,1821,N,VIIRS,n,2,288.22,0.52,N,2
27.55547,96.03561,302.49,0.68,0.74,2021-09-14,1821,N,VIIRS,n,2,286.3,1.78,N,0
27.55611,96.03647,304.86,0.68,0.74,2021-09-14,1821,N,VIIRS,n,2,286.17,3.21,N,2
20.81313,108.89989,299.63,0.38,0.36,2021-09-14,1822,N,VIIRS,n,2,273.73,0.31,N,3
20.8137,108.89622,300.94,0.38,0.36,2021-09-14,1822,N,VIIRS,n,2,272.95,0.31,N,3
20.81643,108.90048,302.16,0.38,0.36,2021-09-14,1822,N,VIIRS,n,2,274.03,0.35,N,3
20.81701,108.89681,306.54,0.38,0.36,2021-09-14,1822,N,VIIRS,n,2,273.63,0.35,N,3
21.67802,108.41083,298.22,0.39,0.36,2021-09-14,1822,N,VIIRS,n,2,282.43,0.5,N,3
21.68135,108.41142,298.78,0.39,0.36,2021-09-14,1822,N,VIIRS,n,2,282.86,0.5,N,2
21.68799,108.41257,297.23,0.39,0.36,2021-09-14,1822,N,VIIRS,n,2,281.63,0.86,N,2
22.37379,111.96119,298.71,0.43,0.38,2021-09-14,1822,N,VIIRS,n,2,269.82,0.68,N,2
24.78585,98.25378,302.21,0.47,0.64,2021-09-14,1822,N,VIIRS,n,2,283.97,1.2,N,2
24.78628,98.24854,301.23,0.47,0.64,2021-09-14,1822,N,VIIRS,n,2,284.46,1.2,N,2
51.8107,107.50784,300.96,0.63,0.54,2021-09-14,1954,N,VIIRS,n,2,273.06,1.69,N,0
52.52766,103.95075,298.42,0.44,0.46,2021-09-14,1954,N,VIIRS,n,2,277.58,0.53,N,2
51.25962,75.67979,296.4,0.5,0.66,2021-09-14,1955,N,VIIRS,n,2,281.19,1.28,N,0
51.73375,75.42277,297.92,0.52,0.67,2021-09-14,1955,N,VIIRS,n,2,282.38,1.09,N,0
52.08368,76.85272,313.75,0.45,0.63,2021-09-14,1955,N,VIIRS,n,2,280.48,1.53,N,2
52.25889,77.04415,314.07,0.44,0.63,2021-09-14,1955,N,VIIRS,n,2,286.23,2.91,N,2
52.37033,76.91788,297.02,0.45,0.63,2021-09-14,1955,N,VIIRS,n,2,282.91,1.13,N,2
49.64118,83.57223,304.67,0.44,0.46,2021-09-14,1956,N,VIIRS,n,2,278.27,1.9,N,2
49.64542,83.57376,308.03,0.44,0.46,2021-09-14,1956,N,VIIRS,n,2,280.48,1.9,N,2
50.02087,78.70997,298.57,0.37,0.58,2021-09-14,1956,N,VIIRS,n,2,279.66,0.46,N,2
50.3528,83.49485,309.39,0.45,0.47,2021-09-14,1956,N,VIIRS,n,2,277.48,1.76,N,2
50.35316,83.49467,309.33,0.45,0.47,2021-09-14,1956,N,VIIRS,n,2,277.17,1.79,N,2
50.39688,80.18079,312.8,0.63,0.54,2021-09-14,1956,N,VIIRS,n,2,280.36,3.3,N,2
50.40195,80.18134,296.3,0.63,0.54,2021-09-14,1956,N,VIIRS,n,2,280.64,1.13,N,2
42.58488,91.3401,307.33,0.39,0.36,2021-09-14,1957,N,VIIRS,n,2,289.33,0.96,N,2
42.58569,91.33538,299.93,0.39,0.36,2021-09-14,1957,N,VIIRS,n,2,289.4,1.48,N,2
42.59229,91.33747,312.93,0.39,0.36,2021-09-14,1957,N,VIIRS,n,2,292.03,1.26,N,2
42.69957,93.54765,301.98,0.44,0.38,2021-09-14,1957,N,VIIRS,n,2,289.66,1.49,N,2
42.70057,93.5424,314.03,0.44,0.38,2021-09-14,1957,N,VIIRS,n,2,290.88,1.49,N,2
42.70503,93.53836,303.19,0.44,0.38,2021-09-14,1957,N,VIIRS,n,2,290.3,1.91,N,2
42.70536,93.3437,306.92,0.43,0.38,2021-09-14,1957,N,VIIRS,n,2,289,1.09,N,2
42.7073,93.37205,312.08,0.43,0.38,2021-09-14,1957,N,VIIRS,n,2,290.81,2.08,N,2
42.71261,93.44061,299.83,0.44,0.38,2021-09-14,1957,N,VIIRS,n,2,289.06,0.69,N,2
43.07185,90.16129,300.01,0.38,0.36,2021-09-14,1957,N,VIIRS,n,2,279.01,0.74,N,2
43.12941,92.59136,307.53,0.41,0.37,2021-09-14,1957,N,VIIRS,n,2,289.15,1.02,N,2
43.67523,95.0022,328.12,0.47,0.4,2021-09-14,1957,N,VIIRS,n,2,292.5,3.5,N,0
43.6789,95.0223,304.82,0.48,0.4,2021-09-14,1957,N,VIIRS,n,2,290.78,1.72,N,2
43.68246,95.0237,313.37,0.48,0.4,2021-09-14,1957,N,VIIRS,n,2,291.65,1.72,N,2
43.68349,94.99921,304.63,0.47,0.4,2021-09-14,1957,N,VIIRS,n,2,291.37,1.15,N,2
43.68488,95.03088,308.6,0.48,0.4,2021-09-14,1957,N,VIIRS,n,2,293.1,1.66,N,2
43.68603,95.02511,329.27,0.48,0.4,2021-09-14,1957,N,VIIRS,n,2,295.31,4.62,N,2
43.68695,95.03345,304.54,0.48,0.4,2021-09-14,1957,N,VIIRS,n,2,290.6,1.59,N,0
43.69398,94.9989,314.23,0.47,0.4,2021-09-14,1957,N,VIIRS,n,2,294.87,1.86,N,2
43.69418,95.00341,318.47,0.47,0.4,2021-09-14,1957,N,VIIRS,n,2,294.96,2.23,N,2
43.70124,86.30241,299.63,0.45,0.39,2021-09-14,1957,N,VIIRS,n,2,271.11,0.06,N,0
43.70694,83.27243,301.18,0.39,0.44,2021-09-14,1957,N,VIIRS,n,2,277.4,1.33,N,0
43.78377,87.39102,304.28,0.42,0.38,2021-09-14,1957,N,VIIRS,n,2,284.67,1.7,N,2
43.82639,82.79523,298.19,0.42,0.45,2021-09-14,1957,N,VIIRS,n,2,285.14,1.25,N,2
43.8525,87.29996,302.05,0.42,0.38,2021-09-14,1957,N,VIIRS,n,2,287.69,0.72,N,0
43.8532,87.32173,302.97,0.42,0.38,2021-09-14,1957,N,VIIRS,n,2,286.87,1.85,N,2
43.85389,87.31648,327.85,0.42,0.38,2021-09-14,1957,N,VIIRS,n,2,287.81,1.85,N,2
43.85458,87.31124,299.44,0.42,0.38,2021-09-14,1957,N,VIIRS,n,2,287.48,0.94,N,2
43.85528,87.33294,302.13,0.42,0.38,2021-09-14,1957,N,VIIRS,n,2,289.37,2.04,N,2
43.92457,87.57081,328.95,0.42,0.37,2021-09-14,1957,N,VIIRS,n,2,288.06,2.61,N,0
43.92765,81.79382,299.52,0.46,0.47,2021-09-14,1957,N,VIIRS,n,2,287.04,0.61,N,2
43.94752,81.46822,297.94,0.48,0.48,2021-09-14,1957,N,VIIRS,n,2,286.97,1.26,N,2
43.94853,94.12793,305.48,0.44,0.38,2021-09-14,1957,N,VIIRS,n,2,287.25,0.9,N,2
44.07986,88.45483,298.78,0.4,0.37,2021-09-14,1957,N,VIIRS,n,2,288.19,0.95,N,2
44.08274,88.40912,300.27,0.4,0.37,2021-09-14,1957,N,VIIRS,n,2,285.62,0.29,N,0
44.08589,88.4615,306,0.4,0.37,2021-09-14,1957,N,VIIRS,n,2,289.16,0.88,N,2
44.08657,88.45654,300.73,0.4,0.37,2021-09-14,1957,N,VIIRS,n,2,287.76,0.88,N,0
44.08855,88.46729,300.4,0.4,0.37,2021-09-14,1957,N,VIIRS,n,2,288.64,1.02,N,2
44.13874,86.11465,301.32,0.46,0.39,2021-09-14,1957,N,VIIRS,n,2,286.29,0.88,N,0
44.1394,88.20073,300.78,0.4,0.37,2021-09-14,1957,N,VIIRS,n,2,289.51,0.98,N,2
44.1461,87.78642,308.22,0.41,0.37,2021-09-14,1957,N,VIIRS,n,2,290.48,1.53,N,2
44.27888,85.61358,312.58,0.48,0.4,2021-09-14,1957,N,VIIRS,n,2,285.96,2.12,N,2
44.28312,85.16866,296.45,0.5,0.41,2021-09-14,1957,N,VIIRS,n,2,285.47,0.85,N,2
44.33261,93.26934,306.66,0.41,0.37,2021-09-14,1957,N,VIIRS,n,2,288.21,1.71,N,2
44.33354,93.26423,298.07,0.41,0.37,2021-09-14,1957,N,VIIRS,n,2,285.24,0.52,N,0
44.35195,93.22202,311.59,0.41,0.37,2021-09-14,1957,N,VIIRS,n,2,286.53,0.76,N,0
44.36301,86.06424,300.34,0.46,0.39,2021-09-14,1957,N,VIIRS,n,2,288.63,1.51,N,0
44.3646,86.08258,310.04,0.46,0.39,2021-09-14,1957,N,VIIRS,n,2,291.33,2.07,N,0
44.36504,86.04669,301.68,0.46,0.39,2021-09-14,1957,N,VIIRS,n,2,288.45,1.47,N,2
44.45289,86.08505,314.49,0.46,0.39,2021-09-14,1957,N,VIIRS,n,2,290.55,2.48,N,2
44.45347,86.08479,316.86,0.46,0.39,2021-09-14,1957,N,VIIRS,n,2,291.28,1.63,N,2
44.45357,86.0792,300.83,0.46,0.39,2021-09-14,1957,N,VIIRS,n,2,289.43,1.93,N,2
44.45416,86.07894,301.27,0.46,0.39,2021-09-14,1957,N,VIIRS,n,2,289.18,1.63,N,2
44.45499,86.10313,300.75,0.46,0.39,2021-09-14,1957,N,VIIRS,n,2,285.54,1.6,N,2
44.45718,86.08002,316.12,0.46,0.39,2021-09-14,1957,N,VIIRS,n,2,290.3,1.93,N,2
44.45778,86.07977,313.74,0.46,0.39,2021-09-14,1957,N,VIIRS,n,2,289.37,1.89,N,2
44.45811,86.10425,305.83,0.46,0.39,2021-09-14,1957,N,VIIRS,n,2,290.58,1.27,N,2
44.46105,90.49221,298.55,0.38,0.36,2021-09-14,1957,N,VIIRS,n,2,283.3,0.72,N,0
44.46616,90.69907,297.18,0.38,0.36,2021-09-14,1957,N,VIIRS,n,2,283.09,0.45,N,2
44.46818,90.66464,307.25,0.38,0.36,2021-09-14,1957,N,VIIRS,n,2,281.89,1.25,N,2
44.50152,86.94734,304.86,0.44,0.38,2021-09-14,1957,N,VIIRS,n,2,281.27,0.96,N,0
44.597,86.05864,311.11,0.47,0.39,2021-09-14,1957,N,VIIRS,n,2,286.38,1.99,N,2
44.67906,89.08717,309.17,0.39,0.36,2021-09-14,1957,N,VIIRS,n,2,290.09,1.14,N,2
44.67977,89.08223,307.59,0.39,0.36,2021-09-14,1957,N,VIIRS,n,2,291.7,1.14,N,2
44.68822,78.54929,295.01,0.34,0.56,2021-09-14,1957,N,VIIRS,n,2,281.81,0.64,N,0
44.69361,78.54632,367,0.34,0.56,2021-09-14,1957,N,VIIRS,h,2,285.09,5.62,N,0
44.69387,78.54099,312.2,0.34,0.56,2021-09-14,1957,N,VIIRS,n,2,283.04,4.88,N,0
44.69662,89.0613,299.61,0.39,0.36,2021-09-14,1957,N,VIIRS,n,2,289.15,0.63,N,0
44.71774,82.06978,301.69,0.46,0.47,2021-09-14,1957,N,VIIRS,n,2,288.9,0.58,N,2
44.72116,90.26494,299.89,0.38,0.36,2021-09-14,1957,N,VIIRS,n,2,288.64,1.02,N,2
44.7219,90.26014,319.34,0.38,0.36,2021-09-14,1957,N,VIIRS,n,2,289,1.72,N,2
44.72518,90.26112,329.98,0.38,0.36,2021-09-14,1957,N,VIIRS,n,2,290.62,2.85,N,2
44.74052,90.25067,337.15,0.38,0.36,2021-09-14,1957,N,VIIRS,n,2,292.95,4.03,N,2
44.74488,82.06288,298.56,0.46,0.47,2021-09-14,1957,N,VIIRS,n,2,285.36,0.28,N,0
44.75295,82.07037,296.28,0.46,0.47,2021-09-14,1957,N,VIIRS,n,2,285.91,0.57,N,2
44.75314,82.07001,300.22,0.46,0.47,2021-09-14,1957,N,VIIRS,n,2,285.66,0.29,N,2
44.85336,90.94395,301.85,0.38,0.36,2021-09-14,1957,N,VIIRS,n,2,288.79,0.81,N,0
44.8948,89.24033,300.48,0.39,0.36,2021-09-14,1957,N,VIIRS,n,2,290.39,0.97,N,2
44.91002,89.18291,330.48,0.39,0.36,2021-09-14,1957,N,VIIRS,n,2,293.25,3.04,N,2
45.27779,86.79321,296.97,0.45,0.39,2021-09-14,1957,N,VIIRS,n,2,285.55,0.33,N,0
45.28558,87.84934,297.3,0.42,0.38,2021-09-14,1957,N,VIIRS,n,2,285.05,0.39,N,0
45.54261,80.89217,329.44,0.53,0.5,2021-09-14,1957,N,VIIRS,n,2,282.41,3.85,N,0
45.54736,80.89184,306.46,0.53,0.5,2021-09-14,1957,N,VIIRS,n,2,280.41,3.85,N,0
45.6327,80.54671,295.28,0.55,0.51,2021-09-14,1957,N,VIIRS,n,2,280.72,1.13,N,0
45.63321,80.53853,295.5,0.56,0.51,2021-09-14,1957,N,VIIRS,n,2,281.56,1.13,N,0
45.63747,80.5472,303.98,0.55,0.51,2021-09-14,1957,N,VIIRS,n,2,282.09,1.13,N,0
45.64222,80.54822,295.11,0.55,0.51,2021-09-14,1957,N,VIIRS,n,2,281.68,2.04,N,0
45.65177,80.54909,311.77,0.55,0.51,2021-09-14,1957,N,VIIRS,n,2,282.28,24.48,N,0
45.65656,80.54938,352.26,0.55,0.51,2021-09-14,1957,N,VIIRS,n,2,293.49,24.48,N,0
45.66133,80.54993,317.08,0.55,0.51,2021-09-14,1957,N,VIIRS,n,2,280.71,3.43,N,0
45.66666,80.54181,310.39,0.56,0.51,2021-09-14,1957,N,VIIRS,n,2,279.72,3.43,N,0
45.7814,74.36732,325.5,0.55,0.68,2021-09-14,1957,N,VIIRS,n,2,280.09,4.25,N,3
45.78774,74.37493,329.95,0.55,0.68,2021-09-14,1957,N,VIIRS,n,2,280.67,6.93,N,0
45.78782,74.36751,367,0.55,0.68,2021-09-14,1957,N,VIIRS,h,2,283.47,14.63,N,3
46.83136,74.94701,328.46,0.52,0.67,2021-09-14,1957,N,VIIRS,n,2,283.81,2.81,N,2
46.83484,74.94979,344.49,0.52,0.67,2021-09-14,1957,N,VIIRS,n,2,283.1,4.59,N,2
46.83763,74.94742,311.56,0.52,0.67,2021-09-14,1957,N,VIIRS,n,2,282.24,2.81,N,2
38.71851,93.02748,308.79,0.48,0.4,2021-09-14,1958,N,VIIRS,n,2,275.77,1,N,0
38.7221,93.02865,313.03,0.48,0.4,2021-09-14,1958,N,VIIRS,n,2,276.34,1,N,0
40.2269,83.22254,315.37,0.54,0.42,2021-09-14,1958,N,VIIRS,n,2,285.19,1.62,N,0
40.34872,83.41448,304.37,0.53,0.42,2021-09-14,1958,N,VIIRS,n,2,283.52,1.67,N,0
40.34941,83.40816,315.9,0.53,0.42,2021-09-14,1958,N,VIIRS,n,2,284.26,1.67,N,0
40.56353,95.74181,303.5,0.39,0.44,2021-09-14,1958,N,VIIRS,n,2,286.75,0.94,N,2
40.81256,83.8853,328.21,0.52,0.41,2021-09-14,1958,N,VIIRS,n,2,281.96,3.85,N,0
40.87198,83.02496,296.03,0.56,0.43,2021-09-14,1958,N,VIIRS,n,2,276.85,0.8,N,2
41.60044,86.16666,296.18,0.43,0.38,2021-09-14,1958,N,VIIRS,n,2,285.16,0.34,N,0
41.81832,88.89889,307.86,0.39,0.36,2021-09-14,1958,N,VIIRS,n,2,288.62,2.47,N,0
41.8185,88.87496,336.57,0.39,0.36,2021-09-14,1958,N,VIIRS,n,2,291.38,3.81,N,0
41.81919,88.87035,318.12,0.39,0.36,2021-09-14,1958,N,VIIRS,n,2,288.93,2.82,N,0
41.82161,88.89977,326.14,0.39,0.36,2021-09-14,1958,N,VIIRS,n,2,292.04,2.47,N,0
41.82179,88.87583,322.8,0.39,0.36,2021-09-14,1958,N,VIIRS,n,2,291.42,2.04,N,0
41.82231,88.89516,328.22,0.39,0.36,2021-09-14,1958,N,VIIRS,n,2,290.52,2.47,N,0
41.82396,81.77498,298.77,0.44,0.46,2021-09-14,1958,N,VIIRS,n,2,285.6,0.59,N,2
41.82491,88.90063,300.39,0.39,0.36,2021-09-14,1958,N,VIIRS,n,2,288.09,0.66,N,0
41.82579,81.75367,299.77,0.44,0.46,2021-09-14,1958,N,VIIRS,n,2,286.55,0.73,N,2
41.82825,81.7757,299.44,0.44,0.46,2021-09-14,1958,N,VIIRS,n,2,285.89,0.78,N,2
41.83252,81.77644,297.26,0.44,0.46,2021-09-14,1958,N,VIIRS,n,2,287.06,0.78,N,2
41.83681,81.77717,298.34,0.44,0.46,2021-09-14,1958,N,VIIRS,n,2,285.62,0.92,N,2
41.85528,86.25213,296.81,0.43,0.38,2021-09-14,1958,N,VIIRS,n,2,286.38,0.67,N,0
42.13463,83.1213,299.44,0.38,0.44,2021-09-14,1958,N,VIIRS,n,2,271.11,0.66,N,2
42.3303,86.30254,304.09,0.44,0.38,2021-09-14,1958,N,VIIRS,n,2,288.77,1.39,N,2
42.82455,87.93822,310.37,0.4,0.37,2021-09-14,1958,N,VIIRS,n,2,291.71,0.84,N,2
42.85266,88.01141,332.61,0.4,0.37,2021-09-14,1958,N,VIIRS,n,2,292.71,5.36,N,2
42.9106,74.87015,306,0.51,0.66,2021-09-14,1958,N,VIIRS,n,2,283.2,1.66,N,2
42.91241,74.87216,321.22,0.51,0.66,2021-09-14,1958,N,VIIRS,n,2,287.04,2.55,N,2
42.91678,74.8704,306.05,0.51,0.66,2021-09-14,1958,N,VIIRS,n,2,285.75,1.66,N,2
43.32273,77.32636,298.44,0.38,0.59,2021-09-14,1958,N,VIIRS,n,2,282.44,0.9,N,0
43.32298,77.32111,304.61,0.38,0.59,2021-09-14,1958,N,VIIRS,n,2,282.25,1.55,N,0
43.32844,77.3222,303.37,0.38,0.59,2021-09-14,1958,N,VIIRS,n,2,282.89,0.78,N,0
43.32872,77.31606,300.68,0.38,0.59,2021-09-14,1958,N,VIIRS,n,2,283.27,0.78,N,0
43.44191,82.48527,298.47,0.43,0.46,2021-09-14,1958,N,VIIRS,n,2,285.48,0.85,N,2
43.44231,82.48392,299.51,0.43,0.46,2021-09-14,1958,N,VIIRS,n,2,285.91,1.03,N,2
43.52577,81.9546,303.4,0.45,0.47,2021-09-14,1958,N,VIIRS,n,2,285.14,1.56,N,2
43.52964,81.96078,307.55,0.45,0.47,2021-09-14,1958,N,VIIRS,n,2,290.78,1.99,N,2
43.53011,81.95515,313.56,0.45,0.47,2021-09-14,1958,N,VIIRS,n,2,290.17,2.65,N,2
36.73479,95.2225,301.48,0.44,0.46,2021-09-14,1959,N,VIIRS,n,2,280.96,0.77,N,0
39.61225,82.77467,301.08,0.56,0.43,2021-09-14,1959,N,VIIRS,n,2,283.37,1.45,N,2
25.78514,100.37302,298.55,0.76,0.77,2021-09-14,2001,N,VIIRS,n,2,282.18,1.02,N,2
25.78931,100.3725,296.83,0.76,0.77,2021-09-14,2001,N,VIIRS,n,2,281.98,0.88,N,2
27.15818,94.9301,303.95,0.34,0.56,2021-09-14,2001,N,VIIRS,n,2,288,0.35,N,0
27.37871,95.08759,306.11,0.34,0.56,2021-09-14,2001,N,VIIRS,n,2,291.35,0.9,N,0
29.78701,91.60482,297.83,0.39,0.44,2021-09-14,2001,N,VIIRS,n,2,279.68,0.89,N,0
30.71553,76.68955,307.89,0.64,0.54,2021-09-14,2001,N,VIIRS,n,2,290.5,1.59,N,0
30.71609,76.68279,307.89,0.64,0.54,2021-09-14,2001,N,VIIRS,n,2,290.6,1.59,N,0
32.08234,74.19528,305.15,0.46,0.63,2021-09-14,2001,N,VIIRS,n,2,292.79,1.18,N,0
25.37907,99.3121,295.49,0.68,0.74,2021-09-14,2002,N,VIIRS,n,2,282.73,0.72,N,2
25.7944,99.10335,298.2,0.64,0.72,2021-09-14,2002,N,VIIRS,n,2,282.11,1.16,N,2
25.79681,99.10451,306.62,0.64,0.72,2021-09-14,2002,N,VIIRS,n,2,283.27,3.24,N,2
25.80105,99.1049,297.46,0.64,0.72,2021-09-14,2002,N,VIIRS,n,2,282.63,1.16,N,0
26.26693,74.18711,305.29,0.4,0.6,2021-09-14,2003,N,VIIRS,n,2,287.61,2.14,N,2
49.64142,83.5773,298.14,0.42,0.61,2021-09-14,2136,N,VIIRS,n,2,277.94,0.84,N,2
49.64317,83.57185,296.59,0.42,0.61,2021-09-14,2136,N,VIIRS,n,2,278.38,0.84,N,2
49.99073,82.60154,297.19,0.37,0.58,2021-09-14,2136,N,VIIRS,n,2,277.56,0.64,N,2
50.01854,78.71513,301.33,0.52,0.5,2021-09-14,2136,N,VIIRS,n,2,279.87,2.13,N,2
50.02039,78.70821,317.92,0.52,0.5,2021-09-14,2136,N,VIIRS,n,2,278.71,2.66,N,0
50.34982,83.49722,296.91,0.4,0.6,2021-09-14,2136,N,VIIRS,n,2,274.8,1.4,N,2
50.39867,80.18507,309.6,0.58,0.52,2021-09-14,2136,N,VIIRS,n,2,281.66,1.51,N,2
50.39904,80.18775,298.17,0.58,0.52,2021-09-14,2136,N,VIIRS,n,2,279.62,2.35,N,0
51.2557,75.65707,297.19,0.55,0.43,2021-09-14,2136,N,VIIRS,n,2,281.13,1.35,N,2
51.25845,75.71927,295.93,0.56,0.43,2021-09-14,2136,N,VIIRS,n,2,279.04,0.85,N,0
51.2597,75.67668,306.61,0.56,0.43,2021-09-14,2136,N,VIIRS,n,2,281.57,2.04,N,0
51.73156,75.42898,295.24,0.53,0.42,2021-09-14,2136,N,VIIRS,n,2,281.18,0.45,N,3
52.06168,76.86979,299.15,0.39,0.44,2021-09-14,2136,N,VIIRS,n,2,277.15,0.37,N,2
52.06201,76.86951,299.81,0.39,0.44,2021-09-14,2136,N,VIIRS,n,2,277.36,0.77,N,2
52.08209,76.8577,303.62,0.39,0.44,2021-09-14,2136,N,VIIRS,n,2,280.42,1.56,N,2
52.25724,77.04366,317.36,0.39,0.44,2021-09-14,2136,N,VIIRS,n,2,287.93,2.29,N,2
52.36927,76.92149,296.76,0.39,0.44,2021-09-14,2136,N,VIIRS,n,2,283.06,0.74,N,2
44.45355,86.08784,303.6,0.79,0.78,2021-09-14,2137,N,VIIRS,n,2,284.99,4,N,2
44.45699,86.07855,300.04,0.79,0.78,2021-09-14,2137,N,VIIRS,n,2,283.93,2.88,N,2
44.71712,82.06815,304.38,0.52,0.67,2021-09-14,2137,N,VIIRS,n,2,287.25,1.4,N,2
44.71754,82.06937,305.47,0.52,0.67,2021-09-14,2137,N,VIIRS,n,2,287.65,1.28,N,2
45.63379,80.54867,309.54,0.42,0.61,2021-09-14,2137,N,VIIRS,n,2,280.61,2.57,N,0
45.63776,80.55619,296.73,0.42,0.61,2021-09-14,2137,N,VIIRS,n,2,279.38,1.24,N,0
45.63915,80.55157,318.52,0.42,0.61,2021-09-14,2137,N,VIIRS,n,2,281.94,1.47,N,0
45.64466,80.55401,298.77,0.42,0.61,2021-09-14,2137,N,VIIRS,n,2,279.38,1.47,N,0
45.64599,80.5496,313.69,0.42,0.61,2021-09-14,2137,N,VIIRS,n,2,280.91,1.47,N,0
45.65121,80.55299,320.15,0.42,0.61,2021-09-14,2137,N,VIIRS,n,2,281.55,3.03,N,0
45.65247,80.54884,306.4,0.42,0.61,2021-09-14,2137,N,VIIRS,n,2,280.51,3.29,N,0
45.65519,80.55104,332.07,0.42,0.61,2021-09-14,2137,N,VIIRS,n,2,282.06,2.75,N,0
45.65648,80.54686,308.28,0.42,0.61,2021-09-14,2137,N,VIIRS,n,2,280,2.48,N,0
45.65775,80.55202,342.62,0.42,0.61,2021-09-14,2137,N,VIIRS,n,2,283.1,3.29,N,0
45.65905,80.5477,316.45,0.42,0.61,2021-09-14,2137,N,VIIRS,n,2,280.27,3.29,N,0
45.6605,80.55414,307.59,0.42,0.61,2021-09-14,2137,N,VIIRS,n,2,280.11,2.75,N,0
45.66184,80.54977,318.65,0.42,0.61,2021-09-14,2137,N,VIIRS,n,2,280.2,2.48,N,0
45.66314,80.54552,295.69,0.42,0.61,2021-09-14,2137,N,VIIRS,n,2,278.89,2.48,N,0
45.66431,80.55095,319.49,0.42,0.61,2021-09-14,2137,N,VIIRS,n,2,279.38,4.76,N,0
45.6656,80.54668,367,0.42,0.61,2021-09-14,2137,N,VIIRS,h,2,283.42,6.33,N,0
45.66688,80.54243,297.83,0.42,0.61,2021-09-14,2137,N,VIIRS,n,2,277.79,6.33,N,0
45.66697,80.55347,310.04,0.42,0.61,2021-09-14,2137,N,VIIRS,n,2,279.48,4.87,N,0
45.6683,80.54913,367,0.42,0.61,2021-09-14,2137,N,VIIRS,h,2,283.69,4.87,N,0
45.66961,80.54484,302.61,0.42,0.61,2021-09-14,2137,N,VIIRS,n,2,277.74,6.48,N,0
46.81938,74.93706,338.93,0.44,0.46,2021-09-14,2137,N,VIIRS,n,2,280.77,4.84,N,2
46.8344,74.95095,301.76,0.44,0.46,2021-09-14,2137,N,VIIRS,n,2,281.03,1.65,N,2
41.28045,83.29306,304.16,0.76,0.77,2021-09-14,2138,N,VIIRS,n,2,281.8,2.52,N,0
41.28488,83.29223,299.87,0.76,0.77,2021-09-14,2138,N,VIIRS,n,2,281.39,2.7,N,0
42.91306,74.87202,316.48,0.55,0.51,2021-09-14,2138,N,VIIRS,n,2,286.52,3.17,N,2
42.91423,74.87387,316.45,0.55,0.51,2021-09-14,2138,N,VIIRS,n,2,287.17,2.89,N,2
43.32649,77.31891,334.73,0.35,0.57,2021-09-14,2138,N,VIIRS,n,2,284.38,1.71,N,0
43.32751,77.31524,314.34,0.35,0.57,2021-09-14,2138,N,VIIRS,n,2,282.98,1.71,N,0
43.33153,77.32123,301.1,0.35,0.57,2021-09-14,2138,N,VIIRS,n,2,283.9,1.71,N,0
43.52534,81.96218,295.89,0.57,0.69,2021-09-14,2138,N,VIIRS,n,2,283.79,2.21,N,2
43.52588,83.2963,299.97,0.65,0.73,2021-09-14,2138,N,VIIRS,n,2,283.98,1.36,N,2
43.52752,81.95556,318.52,0.56,0.69,2021-09-14,2138,N,VIIRS,n,2,286.04,2.44,N,2
43.53325,81.95968,298.17,0.56,0.69,2021-09-14,2138,N,VIIRS,n,2,285.05,2.44,N,2
43.76911,77.11479,296.69,0.33,0.56,2021-09-14,2138,N,VIIRS,n,2,277.45,0.41,N,0
43.92704,81.79394,303.76,0.54,0.68,2021-09-14,2138,N,VIIRS,n,2,285.01,1.16,N,2
44.68695,78.55369,299.58,0.37,0.58,2021-09-14,2138,N,VIIRS,n,2,280.45,0.94,N,0
44.68818,78.54942,297.31,0.37,0.58,2021-09-14,2138,N,VIIRS,n,2,281.2,0.94,N,0
44.68932,78.54542,309.7,0.37,0.58,2021-09-14,2138,N,VIIRS,n,2,281.28,1.6,N,0
44.69359,78.55086,300.81,0.37,0.58,2021-09-14,2138,N,VIIRS,n,2,278.68,0.94,N,0
44.69478,78.54671,318.31,0.37,0.58,2021-09-14,2138,N,VIIRS,n,2,280.43,1.6,N,0
45.78263,74.37034,346.97,0.44,0.46,2021-09-14,2138,N,VIIRS,n,2,286.43,22,N,3
45.78396,74.36484,319.5,0.44,0.46,2021-09-14,2138,N,VIIRS,n,2,283.55,10.16,N,3
45.78674,74.37234,367,0.44,0.46,2021-09-14,2138,N,VIIRS,h,2,285.91,8.64,N,0
45.79084,74.37434,317.53,0.44,0.46,2021-09-14,2138,N,VIIRS,n,2,281.26,8.64,N,0
38.65682,76.16903,296.37,0.42,0.61,2021-09-14,2139,N,VIIRS,n,2,282.58,0.96,N,0
32.08702,74.1666,305.53,0.48,0.65,2021-09-14,2141,N,VIIRS,n,2,291.36,1.15,N,2
32.12869,74.17664,306.46,0.48,0.65,2021-09-14,2141,N,VIIRS,n,2,291.32,1.48,N,2
35.06869,133.54749,346.65,0.41,0.37,2021-09-15,357,N,VIIRS,n,2,297.62,4.78,D,0
36.98117,126.69209,333.83,0.51,0.49,2021-09-15,357,N,VIIRS,n,2,302.82,4.23,D,2
39.75475,118.09145,326.86,0.59,0.7,2021-09-15,359,N,VIIRS,n,2,288.4,1.63,D,2
39.755,118.08946,327.5,0.59,0.7,2021-09-15,359,N,VIIRS,n,2,288.26,3.67,D,2
40.6462,122.56776,325.41,0.34,0.56,2021-09-15,359,N,VIIRS,l,2,296.45,2.73,D,2
41.847,123.75718,330.51,0.55,0.51,2021-09-15,359,N,VIIRS,n,2,295.99,6.83,D,2
41.99792,126.54928,330.13,0.4,0.44,2021-09-15,359,N,VIIRS,n,2,297.31,3.52,D,0
41.99902,126.55193,329.89,0.4,0.44,2021-09-15,359,N,VIIRS,n,2,297.43,3.55,D,0
42.9661,129.46677,342.71,0.44,0.39,2021-09-15,359,N,VIIRS,n,2,294.07,5.42,D,0
43.19643,124.3345,326.93,0.47,0.48,2021-09-15,359,N,VIIRS,n,2,300.75,2.48,D,2
43.20067,124.33264,330.19,0.47,0.48,2021-09-15,359,N,VIIRS,n,2,297.19,2.48,D,2
43.34386,128.25317,327.58,0.48,0.4,2021-09-15,359,N,VIIRS,n,2,295.02,3.24,D,0
43.34745,128.25179,328.81,0.48,0.4,2021-09-15,359,N,VIIRS,n,2,294.38,3.9,D,0
43.3522,128.25627,326.58,0.48,0.4,2021-09-15,359,N,VIIRS,l,2,296.62,4.22,D,0
43.37386,128.04459,333.15,0.49,0.4,2021-09-15,359,N,VIIRS,n,2,293.75,3.96,D,0
43.41992,129.65419,325.31,0.43,0.38,2021-09-15,359,N,VIIRS,l,2,296.39,2.84,D,0
44.05594,131.11153,325.1,0.4,0.37,2021-09-15,359,N,VIIRS,n,2,293.92,0.98,D,0
44.05925,131.11043,326.79,0.4,0.37,2021-09-15,359,N,VIIRS,n,2,296.01,0.98,D,0
44.11264,131.11081,325.11,0.4,0.37,2021-09-15,359,N,VIIRS,n,2,296.53,1.58,D,0
44.24426,131.97736,337.78,0.39,0.36,2021-09-15,359,N,VIIRS,n,2,296.99,2.62,D,0
44.24574,131.97374,334.78,0.39,0.36,2021-09-15,359,N,VIIRS,n,2,298.16,7.12,D,0
44.24652,131.97852,329.43,0.39,0.36,2021-09-15,359,N,VIIRS,n,2,297.96,7.12,D,0
44.24981,131.97751,332.8,0.39,0.36,2021-09-15,359,N,VIIRS,n,2,301.79,7.12,D,0
44.25309,131.9765,338.99,0.39,0.36,2021-09-15,359,N,VIIRS,n,2,295.72,3.92,D,0
44.3426,129.46689,332.07,0.43,0.38,2021-09-15,359,N,VIIRS,n,2,292.85,1.74,D,0
44.34602,129.4657,330.22,0.43,0.38,2021-09-15,359,N,VIIRS,n,2,294.58,1.74,D,0
44.39967,131.16209,325.34,0.39,0.37,2021-09-15,359,N,VIIRS,n,2,293.89,1.19,D,0
44.47715,132.30682,336.8,0.38,0.36,2021-09-15,359,N,VIIRS,n,2,295.51,10.08,D,0
44.65567,129.68839,329.91,0.42,0.38,2021-09-15,359,N,VIIRS,n,2,289.92,1.51,D,0
44.67875,130.45651,326.26,0.4,0.37,2021-09-15,359,N,VIIRS,n,2,294.47,2.09,D,0
44.91267,130.51917,325.9,0.4,0.37,2021-09-15,359,N,VIIRS,n,2,295.18,1.67,D,0
44.9241,130.48351,327.19,0.4,0.37,2021-09-15,359,N,VIIRS,n,2,297.07,2.36,D,0
44.92609,130.53578,336.18,0.4,0.37,2021-09-15,359,N,VIIRS,n,2,297.21,3.8,D,0
44.92941,130.53462,326.1,0.4,0.37,2021-09-15,359,N,VIIRS,n,2,296.07,1.75,D,0
44.93028,130.53967,330.76,0.4,0.37,2021-09-15,359,N,VIIRS,n,2,295.74,1.75,D,0
45.73669,130.56218,325.75,0.39,0.37,2021-09-15,400,N,VIIRS,l,2,296.19,1.65,D,0
45.74083,130.56604,325.85,0.39,0.37,2021-09-15,400,N,VIIRS,l,2,298.94,1.65,D,0
45.74414,130.56488,325.15,0.39,0.37,2021-09-15,400,N,VIIRS,l,2,298.36,1.71,D,0
45.75642,130.53416,325.79,0.4,0.37,2021-09-15,400,N,VIIRS,l,2,299.71,1.63,D,0
45.76622,130.98842,328.68,0.39,0.36,2021-09-15,400,N,VIIRS,n,2,294.79,2.29,D,0
45.77115,130.97626,331.94,0.39,0.36,2021-09-15,400,N,VIIRS,n,2,295.45,1.89,D,0
45.79418,130.92661,332.19,0.39,0.36,2021-09-15,400,N,VIIRS,n,2,300.98,2.01,D,2
45.82569,130.91832,325.92,0.39,0.36,2021-09-15,400,N,VIIRS,n,2,294.48,2.72,D,0
45.82893,130.87521,340.09,0.39,0.36,2021-09-15,400,N,VIIRS,n,2,300.96,3.64,D,2
46.01567,130.55746,326.38,0.39,0.36,2021-09-15,400,N,VIIRS,n,2,298.54,2.54,D,0
46.32095,130.27274,325.12,0.4,0.37,2021-09-15,400,N,VIIRS,l,2,296.09,2.06,D,0
46.4587,127.88709,325.5,0.44,0.39,2021-09-15,400,N,VIIRS,n,2,293.8,3.02,D,0
46.92164,128.15224,332.07,0.43,0.38,2021-09-15,400,N,VIIRS,n,2,294.92,2.87,D,0
47.48186,134.48413,331.62,0.41,0.37,2021-09-15,400,N,VIIRS,n,2,299.48,3.12,D,0
47.48257,134.48961,327.72,0.41,0.37,2021-09-15,400,N,VIIRS,n,2,297.07,2.84,D,0
47.48528,134.48317,338.56,0.41,0.37,2021-09-15,400,N,VIIRS,n,2,300.05,3.12,D,0
47.48598,134.48866,326.77,0.41,0.37,2021-09-15,400,N,VIIRS,l,2,300.95,2.84,D,0
47.48668,134.49414,342.44,0.41,0.37,2021-09-15,400,N,VIIRS,n,2,299.64,2.84,D,0
47.4894,134.4877,345.08,0.41,0.37,2021-09-15,400,N,VIIRS,n,2,298.69,5.49,D,0
47.4908,134.49867,336.47,0.41,0.37,2021-09-15,400,N,VIIRS,n,2,300.87,2.46,D,0
47.4915,134.50415,327.66,0.41,0.37,2021-09-15,400,N,VIIRS,n,2,297.09,2.46,D,0
47.49421,134.49773,329.48,0.41,0.37,2021-09-15,400,N,VIIRS,n,2,300.04,2.46,D,0
47.49474,129.27022,333.06,0.4,0.37,2021-09-15,400,N,VIIRS,n,2,297.28,4.1,D,2
47.49492,134.50322,336.16,0.41,0.37,2021-09-15,400,N,VIIRS,n,2,299.77,2.46,D,0
47.49715,129.26373,333.29,0.4,0.37,2021-09-15,400,N,VIIRS,n,2,298.55,3.12,D,2
47.49833,134.50227,354.08,0.41,0.37,2021-09-15,400,N,VIIRS,n,2,297,7.86,D,0
47.49903,134.50775,340.47,0.41,0.37,2021-09-15,400,N,VIIRS,n,2,295.98,6.71,D,0
47.72258,128.67023,326.32,0.41,0.37,2021-09-15,400,N,VIIRS,n,2,293.92,2.24,D,0
48.10728,129.23964,337.74,0.4,0.37,2021-09-15,400,N,VIIRS,n,2,288.84,2.51,D,0
49.00649,131.89618,326.76,0.39,0.36,2021-09-15,400,N,VIIRS,n,2,299.14,2.21,D,2
50.21248,127.52267,327.79,0.41,0.37,2021-09-15,401,N,VIIRS,n,2,294.59,1.47,D,0
18.18874,121.64861,331.54,0.48,0.48,2021-09-15,533,N,VIIRS,l,2,304.04,8.53,D,0
18.48911,108.90524,328.9,0.43,0.46,2021-09-15,533,N,VIIRS,n,2,289.1,2.61,D,0
19.07632,108.74636,342.05,0.43,0.46,2021-09-15,534,N,VIIRS,n,2,290.28,8.95,D,0
19.42899,110.42921,337.95,0.51,0.41,2021-09-15,534,N,VIIRS,n,2,289.81,6.07,D,0
19.43658,112.109,328.4,0.43,0.38,2021-09-15,534,N,VIIRS,n,2,290.39,1.92,D,3
21.98997,113.17063,331.07,0.39,0.36,2021-09-15,534,N,VIIRS,n,2,300.68,5.81,D,3
22.07702,111.64315,329.52,0.42,0.38,2021-09-15,534,N,VIIRS,l,2,297.21,5.03,D,0
22.07821,113.36265,331.68,0.39,0.36,2021-09-15,534,N,VIIRS,l,2,303.84,5.25,D,0
22.13259,111.74158,331.44,0.42,0.38,2021-09-15,534,N,VIIRS,n,2,296.24,1.95,D,0
22.36252,113.31855,332.34,0.39,0.36,2021-09-15,534,N,VIIRS,l,2,304.61,2.42,D,0
22.37202,111.96211,338.28,0.41,0.37,2021-09-15,534,N,VIIRS,n,2,300.74,3.72,D,2
22.76097,114.26202,330.32,0.38,0.36,2021-09-15,534,N,VIIRS,l,2,303.73,2.22,D,0
22.76954,114.41013,333.25,0.39,0.36,2021-09-15,534,N,VIIRS,n,2,302.97,5.12,D,0
22.80383,112.68219,336.72,0.39,0.36,2021-09-15,534,N,VIIRS,l,2,307.07,5.39,D,0
22.80717,112.6816,337.05,0.39,0.36,2021-09-15,534,N,VIIRS,n,2,306.33,5.39,D,0
22.85247,115.33032,331.01,0.4,0.37,2021-09-15,534,N,VIIRS,l,2,301.1,2.93,D,0
22.80639,111.96337,339.5,0.41,0.37,2021-09-15,535,N,VIIRS,n,2,296.69,4.1,D,0
22.97014,112.4107,331.36,0.4,0.37,2021-09-15,535,N,VIIRS,n,2,298.62,2.25,D,0
23.08089,112.40195,330.24,0.4,0.37,2021-09-15,535,N,VIIRS,l,2,302.17,7.19,D,0
23.13696,113.73169,330.33,0.38,0.36,2021-09-15,535,N,VIIRS,l,2,301.52,4,D,0
23.15418,114.20097,331.54,0.39,0.36,2021-09-15,535,N,VIIRS,n,2,299.8,3.72,D,0
23.17455,113.64439,331.9,0.38,0.36,2021-09-15,535,N,VIIRS,l,2,303.35,5.95,D,0
23.24248,111.57523,332.77,0.42,0.37,2021-09-15,535,N,VIIRS,n,2,297.78,5.83,D,2
23.26609,113.48961,335.23,0.38,0.36,2021-09-15,535,N,VIIRS,l,2,306.42,4.79,D,0
23.38697,113.35187,331.4,0.39,0.36,2021-09-15,535,N,VIIRS,n,2,299.56,1.57,D,0
23.41594,113.4088,330.11,0.38,0.36,2021-09-15,535,N,VIIRS,n,2,299.71,2.05,D,0
23.49324,113.10092,331.43,0.39,0.36,2021-09-15,535,N,VIIRS,l,2,303.32,3.94,D,0
23.49656,113.10033,331.16,0.39,0.36,2021-09-15,535,N,VIIRS,l,2,301.62,3.94,D,0
23.60283,105.66978,325.38,0.55,0.51,2021-09-15,535,N,VIIRS,n,2,288.78,5.13,D,0
23.96436,116.38146,344.36,0.44,0.38,2021-09-15,535,N,VIIRS,n,2,299.68,4.27,D,0
24.17565,112.76413,334.98,0.39,0.36,2021-09-15,535,N,VIIRS,n,2,298.58,3.95,D,2
24.18568,113.95287,336.01,0.39,0.36,2021-09-15,535,N,VIIRS,n,2,303.05,3.73,D,2
24.25525,113.40608,330.84,0.38,0.36,2021-09-15,535,N,VIIRS,n,2,298.12,3.93,D,2
24.27778,113.42126,338.73,0.38,0.36,2021-09-15,535,N,VIIRS,n,2,298.56,3.66,D,2
24.55202,116.15762,334.29,0.43,0.38,2021-09-15,535,N,VIIRS,l,2,306.24,6.36,D,2
24.70005,113.63951,330.63,0.38,0.36,2021-09-15,535,N,VIIRS,n,2,298.94,3.3,D,2
24.73859,116.18183,335.9,0.44,0.38,2021-09-15,535,N,VIIRS,l,2,309.78,5.62,D,2
24.75922,113.49276,331.18,0.38,0.36,2021-09-15,535,N,VIIRS,l,2,304.47,4.85,D,0
24.92332,113.54897,330.3,0.38,0.36,2021-09-15,535,N,VIIRS,l,2,303.46,3.17,D,0
25.05011,110.09101,332.13,0.45,0.39,2021-09-15,535,N,VIIRS,n,2,294.18,1.65,D,0
25.17179,110.14439,339.01,0.45,0.39,2021-09-15,535,N,VIIRS,n,2,293.08,2.9,D,0
25.17887,110.14295,331.19,0.45,0.39,2021-09-15,535,N,VIIRS,n,2,294.02,1.96,D,0
25.18507,116.72163,335.29,0.46,0.39,2021-09-15,535,N,VIIRS,l,2,309.47,6.45,D,2
25.3415,110.28298,329.78,0.44,0.38,2021-09-15,535,N,VIIRS,n,2,294.39,3.57,D,0
25.45473,114.8908,331.19,0.4,0.37,2021-09-15,535,N,VIIRS,l,2,304.15,2.63,D,2
25.90491,113.12702,335.79,0.38,0.36,2021-09-15,535,N,VIIRS,n,2,300.08,23.65,D,0
26.39082,113.20651,339.66,0.38,0.36,2021-09-15,535,N,VIIRS,n,2,295.41,4.65,D,0
26.63386,118.71408,340.34,0.4,0.44,2021-09-15,535,N,VIIRS,n,2,296.55,3.86,D,0
26.73362,119.6348,332.71,0.46,0.47,2021-09-15,535,N,VIIRS,n,2,299.88,6.51,D,3
25.06953,104.61201,334.35,0.6,0.53,2021-09-15,536,N,VIIRS,n,2,291.42,5.43,D,0
26.51694,112.81208,334.11,0.38,0.36,2021-09-15,536,N,VIIRS,n,2,297,4.93,D,0
26.51966,112.80762,334.51,0.38,0.36,2021-09-15,536,N,VIIRS,n,2,296.31,6.01,D,0
26.52024,112.81145,334.5,0.38,0.36,2021-09-15,536,N,VIIRS,n,2,295.82,4.93,D,0
26.57473,101.66743,367,0.42,0.61,2021-09-15,536,N,VIIRS,h,2,295.79,13.98,D,2
26.57826,101.66705,367,0.42,0.61,2021-09-15,536,N,VIIRS,h,2,293.29,13.44,D,2
26.58527,113.21766,334.31,0.38,0.36,2021-09-15,536,N,VIIRS,n,2,299.65,3.05,D,0
26.7612,112.94825,332.27,0.38,0.36,2021-09-15,536,N,VIIRS,n,2,297.55,2.7,D,0
26.7678,112.94701,343.38,0.38,0.36,2021-09-15,536,N,VIIRS,n,2,298.86,4.52,D,0
26.78205,113.69774,340.86,0.39,0.36,2021-09-15,536,N,VIIRS,n,2,299.78,3.29,D,0
26.78385,113.73334,331.38,0.39,0.36,2021-09-15,536,N,VIIRS,n,2,299.24,1.06,D,0
26.79968,112.88969,331.96,0.38,0.36,2021-09-15,536,N,VIIRS,n,2,297.44,2.12,D,0
26.90541,114.13549,330.4,0.39,0.37,2021-09-15,536,N,VIIRS,n,2,295.16,3.13,D,0
26.97332,112.82897,337.06,0.38,0.36,2021-09-15,536,N,VIIRS,n,2,299.99,4.53,D,0
28.19206,113.14879,335.1,0.39,0.36,2021-09-15,536,N,VIIRS,n,2,303.37,6.05,D,0
28.63028,117.38017,336.85,0.54,0.42,2021-09-15,536,N,VIIRS,n,2,303.62,6.2,D,2
28.78858,111.09604,332.77,0.39,0.36,2021-09-15,536,N,VIIRS,n,2,294.77,2.67,D,0
29.31461,112.80548,345.95,0.39,0.36,2021-09-15,536,N,VIIRS,n,2,300.03,7.38,D,0
29.52341,112.32294,334.7,0.38,0.36,2021-09-15,536,N,VIIRS,n,2,299.02,2.87,D,0
29.7858,112.24284,330.83,0.38,0.36,2021-09-15,536,N,VIIRS,n,2,298.37,2.64,D,0
29.87557,113.52851,334.44,0.4,0.37,2021-09-15,536,N,VIIRS,n,2,301.19,2.68,D,0
30.45081,117.23662,330.18,0.56,0.43,2021-09-15,536,N,VIIRS,l,2,300.68,4.5,D,2
27.30416,98.61462,335.91,0.61,0.71,2021-09-15,537,N,VIIRS,n,2,291.51,5.88,D,0
27.32998,98.6099,326.8,0.61,0.71,2021-09-15,537,N,VIIRS,n,2,290.06,4.11,D,0
29.96443,111.94729,333.88,0.38,0.36,2021-09-15,537,N,VIIRS,n,2,301.89,2.98,D,0
30.57987,112.41665,333.27,0.39,0.36,2021-09-15,537,N,VIIRS,n,2,302.97,2.17,D,0
30.6778,111.6076,330.22,0.38,0.36,2021-09-15,537,N,VIIRS,n,2,299.74,1.82,D,0
30.84309,117.77552,332.08,0.4,0.44,2021-09-15,537,N,VIIRS,n,2,301.5,4.02,D,2
30.84355,117.77972,335.29,0.4,0.44,2021-09-15,537,N,VIIRS,n,2,303.72,4.02,D,2
30.99477,117.78126,331.36,0.4,0.44,2021-09-15,537,N,VIIRS,l,2,301.53,2.79,D,2
31.0903,112.32197,332.23,0.39,0.36,2021-09-15,537,N,VIIRS,n,2,302.68,1.35,D,0
31.09362,112.3213,337.28,0.39,0.36,2021-09-15,537,N,VIIRS,n,2,302.19,3.19,D,0
31.09693,112.32065,336.7,0.39,0.36,2021-09-15,537,N,VIIRS,n,2,301.53,3.19,D,0
31.09752,112.32468,336.04,0.39,0.36,2021-09-15,537,N,VIIRS,n,2,303.68,4.14,D,0
31.13694,118.16749,329.04,0.43,0.46,2021-09-15,537,N,VIIRS,n,2,290.88,2.1,D,2
31.13739,118.17191,332.93,0.43,0.46,2021-09-15,537,N,VIIRS,n,2,296.41,5.25,D,2
31.27576,112.27334,335.97,0.39,0.36,2021-09-15,537,N,VIIRS,n,2,308.58,3.44,D,2
32.75664,117.3115,336.62,0.4,0.44,2021-09-15,537,N,VIIRS,n,2,304.11,4.19,D,2
33.57174,118.98617,332.36,0.5,0.49,2021-09-15,537,N,VIIRS,n,2,299.32,3.46,D,2
33.85287,112.97089,338.58,0.41,0.37,2021-09-15,538,N,VIIRS,n,2,305.96,5.89,D,2
34.51749,110.36856,332.84,0.38,0.36,2021-09-15,538,N,VIIRS,n,2,302.47,2.99,D,2
34.53483,109.01006,337.37,0.4,0.37,2021-09-15,538,N,VIIRS,n,2,292.96,4.82,D,0
34.66579,111.03335,332.8,0.38,0.36,2021-09-15,538,N,VIIRS,l,2,304.49,4.32,D,2
35.13411,111.10768,330.71,0.39,0.36,2021-09-15,538,N,VIIRS,n,2,302.23,1.46,D,0
35.13888,111.23284,331.37,0.39,0.36,2021-09-15,538,N,VIIRS,l,2,303.16,1.68,D,0
35.31942,110.75963,332.38,0.38,0.36,2021-09-15,538,N,VIIRS,n,2,302.3,2.65,D,0
35.37083,114.01795,335.24,0.45,0.39,2021-09-15,538,N,VIIRS,n,2,304.36,6.93,D,0
35.37273,114.01993,341.57,0.45,0.39,2021-09-15,538,N,VIIRS,n,2,307.46,24.73,D,0
35.41729,111.30526,330.73,0.39,0.36,2021-09-15,538,N,VIIRS,l,2,303.83,4.19,D,2
35.53862,114.54717,331.96,0.48,0.4,2021-09-15,538,N,VIIRS,l,2,302.33,1.18,D,0
35.58155,114.34276,331.35,0.47,0.39,2021-09-15,538,N,VIIRS,l,2,301.8,2.29,D,0
35.58661,110.80329,338.17,0.38,0.36,2021-09-15,538,N,VIIRS,n,2,305.53,2.62,D,2
35.6036,114.40231,339.24,0.47,0.4,2021-09-15,538,N,VIIRS,n,2,300.98,4.17,D,0
35.611,110.57972,337.67,0.38,0.36,2021-09-15,538,N,VIIRS,n,2,305.27,2.9,D,2
35.6398,110.72588,336.89,0.38,0.36,2021-09-15,538,N,VIIRS,n,2,303.29,3.11,D,2
35.70361,111.44069,335.54,0.39,0.36,2021-09-15,538,N,VIIRS,l,2,305.99,2.99,D,2
35.79567,114.55642,335.58,0.48,0.4,2021-09-15,538,N,VIIRS,n,2,303.35,5.11,D,0
35.79935,114.55578,346.22,0.48,0.4,2021-09-15,538,N,VIIRS,n,2,304.13,5.11,D,0
35.80303,114.55513,340.1,0.48,0.4,2021-09-15,538,N,VIIRS,n,2,303.58,6.87,D,0
35.80365,114.56043,333.34,0.48,0.4,2021-09-15,538,N,VIIRS,n,2,300.9,3.33,D,0
36.13607,114.11681,331.53,0.46,0.39,2021-09-15,538,N,VIIRS,n,2,302.24,3.1,D,2
36.3518,113.0671,336.91,0.43,0.38,2021-09-15,538,N,VIIRS,n,2,304.16,2.46,D,2
36.47397,113.09857,334.21,0.43,0.38,2021-09-15,538,N,VIIRS,n,2,302.67,2.06,D,0
36.60306,114.44477,330.36,0.48,0.4,2021-09-15,538,N,VIIRS,l,2,301.56,3.23,D,2
36.66836,112.32066,329.94,0.41,0.37,2021-09-15,538,N,VIIRS,n,2,303.67,2.64,D,2
36.66897,112.32529,336.78,0.41,0.37,2021-09-15,538,N,VIIRS,n,2,305.95,2.64,D,2
36.80214,111.29248,337.96,0.39,0.36,2021-09-15,538,N,VIIRS,n,2,301.74,3.6,D,2
37.05952,111.9657,334.93,0.4,0.37,2021-09-15,538,N,VIIRS,n,2,302.15,4.13,D,2
37.07922,111.95692,337.08,0.4,0.37,2021-09-15,538,N,VIIRS,n,2,301.19,2.49,D,0
37.08997,112.01077,330.57,0.41,0.37,2021-09-15,538,N,VIIRS,l,2,303.7,3.08,D,2
37.12739,111.82561,330.28,0.4,0.37,2021-09-15,538,N,VIIRS,l,2,302.74,1.62,D,0
37.14113,114.53741,334.83,0.49,0.41,2021-09-15,538,N,VIIRS,n,2,304.13,4.88,D,2
37.14166,114.5352,335.3,0.49,0.41,2021-09-15,538,N,VIIRS,n,2,303.65,5.14,D,2
37.39351,111.15166,331.35,0.39,0.36,2021-09-15,539,N,VIIRS,l,2,303.51,4.63,D,2
37.57335,112.26781,342.23,0.42,0.37,2021-09-15,539,N,VIIRS,n,2,302.54,5.14,D,2
37.57678,112.26711,329.95,0.42,0.37,2021-09-15,539,N,VIIRS,l,2,302.68,3.44,D,2
37.5802,112.2664,332.22,0.42,0.37,2021-09-15,539,N,VIIRS,n,2,301.87,3.44,D,0
37.58802,112.19254,338.95,0.41,0.37,2021-09-15,539,N,VIIRS,n,2,304.76,3.69,D,2
37.88719,112.66441,328.66,0.43,0.38,2021-09-15,539,N,VIIRS,l,2,300.96,3.6,D,2
38.28552,117.81855,335.59,0.49,0.49,2021-09-15,539,N,VIIRS,n,2,300.89,4.64,D,2
39.43453,118.46416,333.29,0.55,0.51,2021-09-15,539,N,VIIRS,n,2,300.46,3.97,D,2
39.43541,118.46278,335.14,0.55,0.51,2021-09-15,539,N,VIIRS,n,2,300.74,2.41,D,2
39.79885,120.61507,333.21,0.36,0.57,2021-09-15,539,N,VIIRS,n,2,288.48,2.45,D,3
39.874,118.16579,329.46,0.53,0.5,2021-09-15,539,N,VIIRS,n,2,291.72,3.76,D,2
40.0861,120.11926,355.94,0.34,0.56,2021-09-15,539,N,VIIRS,n,2,296.35,6.32,D,3
42.11714,125.07959,327.34,0.63,0.72,2021-09-15,540,N,VIIRS,n,2,290.39,3.81,D,0
42.11838,125.07769,325.43,0.63,0.72,2021-09-15,540,N,VIIRS,n,2,289.95,3.2,D,0
41.81923,88.89642,336.79,0.76,0.77,2021-09-15,541,N,VIIRS,n,2,302.42,5.08,D,0
41.8199,88.87537,331.21,0.76,0.77,2021-09-15,541,N,VIIRS,l,2,302.1,4.42,D,0
41.82264,88.89524,339.29,0.76,0.77,2021-09-15,541,N,VIIRS,n,2,301.24,4.55,D,0
43.68652,95.0232,340.28,0.35,0.57,2021-09-15,541,N,VIIRS,n,2,309.22,1.29,D,2
44.724,90.26363,333.8,0.54,0.68,2021-09-15,542,N,VIIRS,l,2,307.25,2.79,D,2
22.051,88.10194,326.18,0.39,0.36,2021-09-15,716,N,VIIRS,n,2,282.95,2.34,D,2
26.57604,101.66611,327.72,0.65,0.73,2021-09-15,717,N,VIIRS,n,2,290.05,5.57,D,2
26.58863,97.72209,367,0.37,0.58,2021-09-15,717,N,VIIRS,h,2,293.95,10.07,D,0
27.73153,96.11399,333.07,0.61,0.53,2021-09-15,717,N,VIIRS,n,2,285.39,6.7,D,0
27.80973,95.56136,329.52,0.56,0.52,2021-09-15,717,N,VIIRS,l,2,301.3,4.23,D,0
28.11006,96.55358,333.51,0.33,0.55,2021-09-15,717,N,VIIRS,n,2,297.76,2.66,D,0
28.11238,96.55278,337,0.33,0.55,2021-09-15,717,N,VIIRS,n,2,297.27,3.2,D,0
36.76862,81.7917,344.77,0.42,0.38,2021-09-15,720,N,VIIRS,n,2,310.78,8.08,D,0
36.76946,81.79639,346.47,0.42,0.38,2021-09-15,720,N,VIIRS,n,2,310.93,8.51,D,0
37.27229,79.7646,338.24,0.49,0.41,2021-09-15,720,N,VIIRS,n,2,306.2,6.45,D,0
37.29736,80.10203,336.89,0.48,0.4,2021-09-15,720,N,VIIRS,l,2,310.55,7,D,0
38.7208,93.02719,337.81,0.53,0.5,2021-09-15,720,N,VIIRS,n,2,301.71,5.01,D,0
39.6144,82.77336,343.28,0.39,0.36,2021-09-15,721,N,VIIRS,l,2,316.8,13.5,D,2
40.22996,83.22213,341.27,0.38,0.36,2021-09-15,721,N,VIIRS,l,2,315.29,2.18,D,0
40.34725,83.41139,344.21,0.38,0.36,2021-09-15,721,N,VIIRS,l,2,317.95,1.86,D,0
40.60186,80.91656,332.08,0.41,0.37,2021-09-15,721,N,VIIRS,n,2,300.98,1.95,D,0
40.81242,83.88686,349.64,0.39,0.36,2021-09-15,721,N,VIIRS,n,2,314.35,5.72,D,0
41.28331,83.2906,341.97,0.38,0.36,2021-09-15,721,N,VIIRS,n,2,309.68,1.61,D,0
41.81813,88.87099,339.59,0.54,0.42,2021-09-15,721,N,VIIRS,l,2,312.47,4.98,D,0
41.81881,88.87759,340.58,0.54,0.42,2021-09-15,721,N,VIIRS,l,2,314.53,4.98,D,0
41.82084,88.89741,340.11,0.54,0.42,2021-09-15,721,N,VIIRS,l,2,314.11,5.56,D,0
42.82243,80.81186,336.51,0.4,0.37,2021-09-15,722,N,VIIRS,n,2,304.67,2.33,D,0
42.90877,74.48307,334.75,0.44,0.46,2021-09-15,722,N,VIIRS,n,2,304.75,3.73,D,0
43.02149,81.1181,333.52,0.39,0.36,2021-09-15,722,N,VIIRS,n,2,304.54,2.05,D,0
43.02227,81.12285,336.04,0.39,0.36,2021-09-15,722,N,VIIRS,n,2,305.69,2.05,D,0
43.11117,81.12352,341.91,0.39,0.36,2021-09-15,722,N,VIIRS,n,2,304.38,5.07,D,0
43.18519,74.59744,343.56,0.43,0.46,2021-09-15,722,N,VIIRS,n,2,312.64,4.44,D,0
43.55721,82.39967,333.36,0.38,0.36,2021-09-15,722,N,VIIRS,n,2,303.07,1.68,D,0
43.68427,95.0248,341.77,0.38,0.58,2021-09-15,722,N,VIIRS,n,2,311.37,1.01,D,2
43.85299,87.33105,338.43,0.49,0.4,2021-09-15,722,N,VIIRS,n,2,306.14,3.63,D,2
44.38143,85.97991,331.32,0.45,0.39,2021-09-15,722,N,VIIRS,n,2,305.88,2.67,D,0
44.68793,78.5544,340.26,0.43,0.38,2021-09-15,722,N,VIIRS,n,2,304.25,6.5,D,0
44.68892,78.55973,351.55,0.43,0.38,2021-09-15,722,N,VIIRS,n,2,303.72,7,D,0
44.69236,78.55867,331.47,0.43,0.38,2021-09-15,722,N,VIIRS,n,2,299.77,3.15,D,0
44.69482,78.55226,330.2,0.43,0.38,2021-09-15,722,N,VIIRS,l,2,303.27,4.5,D,0
44.69825,78.55113,337.59,0.43,0.38,2021-09-15,722,N,VIIRS,n,2,300.36,4.66,D,0
44.74015,90.2491,340.3,0.45,0.47,2021-09-15,722,N,VIIRS,l,2,313.12,2.87,D,2
44.74141,90.252,342.62,0.45,0.47,2021-09-15,722,N,VIIRS,l,2,313.4,1.81,D,2
45.5462,80.89169,367,0.39,0.36,2021-09-15,722,N,VIIRS,h,2,305.41,7.56,D,0
45.63087,80.55379,344.44,0.39,0.36,2021-09-15,723,N,VIIRS,n,2,312.12,2.85,D,0
45.63253,80.54279,336.27,0.39,0.36,2021-09-15,723,N,VIIRS,l,2,308.03,4.58,D,0
45.63334,80.54774,343.37,0.39,0.36,2021-09-15,723,N,VIIRS,n,2,310.65,4.58,D,0
45.64313,80.56537,340.19,0.39,0.36,2021-09-15,723,N,VIIRS,l,2,312.63,6.09,D,0
45.6456,80.55936,353.88,0.39,0.36,2021-09-15,723,N,VIIRS,n,2,316.37,6.09,D,0
45.64641,80.56429,341.9,0.39,0.36,2021-09-15,723,N,VIIRS,l,2,312.04,6.09,D,0
45.64721,80.56921,336.72,0.39,0.36,2021-09-15,723,N,VIIRS,l,2,307.45,22.97,D,0
45.64806,80.55329,345.43,0.39,0.36,2021-09-15,723,N,VIIRS,n,2,312.35,6.07,D,0
45.64887,80.55824,350.19,0.39,0.36,2021-09-15,723,N,VIIRS,n,2,312.16,3.96,D,0
45.64968,80.56317,336.37,0.39,0.36,2021-09-15,723,N,VIIRS,l,2,308.01,3.96,D,0
45.65295,80.56206,340.34,0.39,0.36,2021-09-15,723,N,VIIRS,l,2,310.83,3.96,D,0
45.65702,80.56584,346.24,0.39,0.36,2021-09-15,723,N,VIIRS,n,2,309.26,4.2,D,0
45.65948,80.55981,336.99,0.39,0.36,2021-09-15,723,N,VIIRS,l,2,310.9,4.45,D,0
45.66029,80.56471,351.1,0.39,0.36,2021-09-15,723,N,VIIRS,n,2,308.76,4.2,D,0
45.67257,80.55529,336.12,0.39,0.36,2021-09-15,723,N,VIIRS,l,2,309.41,2.73,D,0
45.67504,80.54922,349.36,0.39,0.36,2021-09-15,723,N,VIIRS,n,2,310.6,5.18,D,0
45.77702,74.37486,350.63,0.38,0.43,2021-09-15,723,N,VIIRS,n,2,303.8,142.92,D,0
47.96218,74.31585,347.32,0.52,0.42,2021-09-15,723,N,VIIRS,n,2,311.86,15.62,D,0
47.96586,74.31409,352.95,0.52,0.42,2021-09-15,723,N,VIIRS,n,2,314.45,15.62,D,0
48.55973,83.6849,347.65,0.42,0.38,2021-09-15,723,N,VIIRS,n,2,311.86,10.12,D,0
49.29345,74.38476,335.74,0.49,0.4,2021-09-15,724,N,VIIRS,n,2,291.68,5.05,D,0
49.29435,74.37009,347.27,0.49,0.4,2021-09-15,724,N,VIIRS,n,2,301.98,9.9,D,0
49.2948,74.3913,347.17,0.49,0.4,2021-09-15,724,N,VIIRS,n,2,293.58,10.24,D,0
49.29568,74.3765,332.89,0.49,0.4,2021-09-15,724,N,VIIRS,n,2,299.99,5.05,D,0
49.29701,74.38297,339.73,0.49,0.4,2021-09-15,724,N,VIIRS,n,2,297.47,5.05,D,0
49.29837,74.3895,351.55,0.49,0.4,2021-09-15,724,N,VIIRS,n,2,297.86,10.24,D,0
49.29926,74.37477,353.22,0.49,0.4,2021-09-15,724,N,VIIRS,n,2,297.25,8.64,D,0
49.29974,74.39614,334.81,0.49,0.4,2021-09-15,724,N,VIIRS,n,2,294.56,10.24,D,0
49.30059,74.38123,352.89,0.49,0.4,2021-09-15,724,N,VIIRS,n,2,293.8,8.64,D,0
49.30193,74.3877,350.08,0.49,0.4,2021-09-15,724,N,VIIRS,n,2,288.41,20.56,D,0
49.30329,74.3943,335.32,0.49,0.4,2021-09-15,724,N,VIIRS,n,2,292.46,20.56,D,0
50.36509,82.68778,335.04,0.41,0.37,2021-09-15,724,N,VIIRS,n,2,298.26,2.49,D,0
50.36584,82.6936,333.45,0.41,0.37,2021-09-15,724,N,VIIRS,n,2,304.06,4.49,D,0
50.39801,80.1811,331.8,0.39,0.36,2021-09-15,724,N,VIIRS,n,2,297.45,1.92,D,2
52.48547,82.69865,340.55,0.43,0.38,2021-09-15,724,N,VIIRS,n,2,298.39,6.37,D,0
52.48623,82.70502,335.11,0.43,0.38,2021-09-15,724,N,VIIRS,n,2,297.74,4.38,D,0
52.48971,82.70393,334.66,0.43,0.38,2021-09-15,724,N,VIIRS,n,2,295.34,4.38,D,0
52.50531,85.37955,335.84,0.52,0.41,2021-09-15,724,N,VIIRS,n,2,302.99,8.14,D,0
53.03186,76.66095,332.8,0.39,0.36,2021-09-15,725,N,VIIRS,n,2,301.82,3.34,D,0
53.44738,75.10014,331.38,0.41,0.37,2021-09-15,725,N,VIIRS,l,2,302.78,2.91,D,0
53.44847,75.1061,331.04,0.41,0.37,2021-09-15,725,N,VIIRS,l,2,302.65,2.91,D,0
53.45286,75.11039,334.3,0.41,0.37,2021-09-15,725,N,VIIRS,n,2,302.64,6.4,D,0
53.45394,75.11635,347.18,0.41,0.37,2021-09-15,725,N,VIIRS,n,2,306,6.4,D,0
53.45503,75.12232,341.08,0.41,0.37,2021-09-15,725,N,VIIRS,n,2,303.63,10.76,D,0
53.45724,75.11466,342.69,0.41,0.37,2021-09-15,725,N,VIIRS,n,2,304.63,3.51,D,0
53.45833,75.12063,330.88,0.41,0.37,2021-09-15,725,N,VIIRS,n,2,301.04,2.24,D,0
53.46054,75.11298,334.72,0.41,0.37,2021-09-15,725,N,VIIRS,n,2,300.78,3.51,D,0
30.47403,73.80778,350.77,0.5,0.66,2021-09-15,859,N,VIIRS,n,2,292.5,7.4,D,0
30.50289,73.67327,339.45,0.49,0.65,2021-09-15,859,N,VIIRS,n,2,292.84,3.75,D,0
30.50295,73.67439,335.32,0.49,0.65,2021-09-15,859,N,VIIRS,n,2,292.57,5.43,D,0
45.77238,74.38824,331.01,0.66,0.73,2021-09-15,904,N,VIIRS,n,2,297.24,39.08,D,0
45.7724,74.37943,367,0.66,0.73,2021-09-15,904,N,VIIRS,h,2,313.97,54.38,D,0
45.77241,74.37066,342.95,0.65,0.73,2021-09-15,904,N,VIIRS,n,2,300.14,54.38,D,0
45.77259,74.37981,367,0.66,0.73,2021-09-15,904,N,VIIRS,h,2,312.34,89.11,D,0
45.77264,74.37102,337.56,0.66,0.73,2021-09-15,904,N,VIIRS,n,2,303.76,76.21,D,0
45.77925,74.37962,367,0.66,0.73,2021-09-15,904,N,VIIRS,h,2,301.56,35.09,D,0
45.77945,74.37997,367,0.66,0.73,2021-09-15,904,N,VIIRS,h,2,300.26,89.11,D,0
45.80021,74.34518,333.11,0.65,0.73,2021-09-15,904,N,VIIRS,n,2,291.94,9.59,D,0
45.80025,74.33638,335.45,0.65,0.73,2021-09-15,904,N,VIIRS,n,2,298.48,8.62,D,0
49.29209,74.39831,326.92,0.67,0.74,2021-09-15,905,N,VIIRS,n,2,291.17,7.93,D,0
49.29224,74.3894,336.38,0.67,0.73,2021-09-15,905,N,VIIRS,n,2,286.95,11.36,D,0
49.29899,74.39866,332.71,0.67,0.74,2021-09-15,905,N,VIIRS,n,2,290.98,7.93,D,0
37.42446,129.1752,304.36,0.54,0.68,2021-09-15,1617,N,VIIRS,n,2,286.5,2.49,N,2
37.42465,129.1694,297.42,0.54,0.68,2021-09-15,1617,N,VIIRS,n,2,286.32,2.25,N,2
37.48592,129.05751,309.36,0.55,0.68,2021-09-15,1617,N,VIIRS,n,2,287.29,1.54,N,2
37.48613,129.05154,296.5,0.55,0.68,2021-09-15,1617,N,VIIRS,n,2,285.32,1.54,N,2
37.48756,129.05713,304.12,0.55,0.68,2021-09-15,1617,N,VIIRS,n,2,286.39,1.84,N,2
37.48774,129.05145,296.55,0.55,0.68,2021-09-15,1617,N,VIIRS,n,2,285.48,1.96,N,2
34.16929,131.21666,307.17,0.39,0.59,2021-09-15,1618,N,VIIRS,n,2,286.81,0.76,N,2
34.347,133.84358,304.96,0.56,0.51,2021-09-15,1618,N,VIIRS,n,2,290.35,2.93,N,3
34.34752,133.83742,324,0.56,0.51,2021-09-15,1618,N,VIIRS,n,2,293.57,2.93,N,3
34.45203,133.43393,308.17,0.59,0.53,2021-09-15,1618,N,VIIRS,n,2,290.23,1.95,N,3
34.45692,133.43454,320.15,0.59,0.53,2021-09-15,1618,N,VIIRS,n,2,292,1.95,N,3
34.45744,133.42798,311.26,0.59,0.53,2021-09-15,1618,N,VIIRS,n,2,290.31,3.96,N,3
34.46181,133.43515,306.94,0.59,0.53,2021-09-15,1618,N,VIIRS,n,2,291.13,3.31,N,3
34.46233,133.4286,315.09,0.59,0.53,2021-09-15,1618,N,VIIRS,n,2,290.22,5.6,N,3
34.46722,133.42921,343.88,0.59,0.53,2021-09-15,1618,N,VIIRS,n,2,291.46,5.6,N,3
34.4716,133.43634,303.23,0.59,0.53,2021-09-15,1618,N,VIIRS,n,2,290.6,1.59,N,2
34.47211,133.42984,307.72,0.59,0.53,2021-09-15,1618,N,VIIRS,n,2,289.75,1.89,N,2
34.47264,133.42328,316.65,0.59,0.53,2021-09-15,1618,N,VIIRS,n,2,291.19,1.89,N,2
34.47649,133.43692,304.45,0.59,0.53,2021-09-15,1618,N,VIIRS,n,2,291.53,1.59,N,2
34.48135,133.73468,307.83,0.57,0.52,2021-09-15,1618,N,VIIRS,n,2,291.72,2.75,N,3
34.48734,133.71176,318.89,0.57,0.52,2021-09-15,1618,N,VIIRS,n,2,290.29,5.47,N,2
34.48775,133.71648,304.25,0.57,0.52,2021-09-15,1618,N,VIIRS,n,2,290.51,3.13,N,3
34.48828,133.71017,336.05,0.57,0.52,2021-09-15,1618,N,VIIRS,n,2,290.71,3.13,N,3
34.49216,133.71239,339.26,0.57,0.52,2021-09-15,1618,N,VIIRS,n,2,292.12,5.47,N,3
34.49256,133.71707,306.44,0.57,0.52,2021-09-15,1618,N,VIIRS,n,2,290.84,3.13,N,3
34.4931,133.71077,318.23,0.57,0.52,2021-09-15,1618,N,VIIRS,n,2,292.17,3.13,N,3
34.51192,133.70845,303.05,0.57,0.52,2021-09-15,1618,N,VIIRS,n,2,290.9,1.37,N,2
34.74992,134.36391,314.32,0.53,0.5,2021-09-15,1618,N,VIIRS,n,2,292.16,2.25,N,3
34.77575,134.63408,323.53,0.51,0.49,2021-09-15,1618,N,VIIRS,n,2,290.96,3.42,N,3
35.08228,128.98758,298.64,0.53,0.67,2021-09-15,1618,N,VIIRS,n,2,286.47,1.28,N,2
35.09523,128.86365,303.35,0.54,0.68,2021-09-15,1618,N,VIIRS,n,2,286.38,0.74,N,2
35.10019,128.86577,297.97,0.54,0.68,2021-09-15,1618,N,VIIRS,n,2,285.91,1.26,N,2
35.99937,129.39865,311.68,0.51,0.66,2021-09-15,1618,N,VIIRS,n,2,289.76,2,N,2
36.00404,129.38728,303.77,0.51,0.66,2021-09-15,1618,N,VIIRS,n,2,289,2.09,N,2
36.00609,129.38728,304.68,0.51,0.66,2021-09-15,1618,N,VIIRS,n,2,289.41,2.9,N,3
36.0066,129.37531,303.58,0.52,0.66,2021-09-15,1618,N,VIIRS,n,2,287.64,1.54,N,2
36.0107,129.37573,302.12,0.52,0.66,2021-09-15,1618,N,VIIRS,n,2,288.83,1.34,N,2
36.98074,126.70602,303.16,0.73,0.76,2021-09-15,1618,N,VIIRS,n,2,289.13,3.27,N,2
36.981,126.68867,313.65,0.73,0.76,2021-09-15,1618,N,VIIRS,n,2,290.85,2.77,N,2
36.98764,126.72346,304.85,0.73,0.76,2021-09-15,1618,N,VIIRS,n,2,288.7,2.39,N,2
36.98816,126.68885,299.86,0.73,0.76,2021-09-15,1618,N,VIIRS,n,2,289.24,2.77,N,2
37.01178,128.33199,302.51,0.6,0.7,2021-09-15,1618,N,VIIRS,n,2,286.15,1.34,N,2
37.08342,128.27951,296.51,0.6,0.71,2021-09-15,1618,N,VIIRS,n,2,284.82,0.7,N,0
49.09239,105.57798,295.61,0.51,0.66,2021-09-15,1756,N,VIIRS,n,2,280.06,0.79,N,0
40.57426,122.54607,304.64,0.43,0.38,2021-09-15,1757,N,VIIRS,n,2,287.05,0.66,N,0
40.64309,122.56786,339.21,0.43,0.38,2021-09-15,1757,N,VIIRS,n,2,291.7,3.97,N,2
40.64653,122.56892,300.67,0.43,0.38,2021-09-15,1757,N,VIIRS,n,2,288.04,3.97,N,2
40.66382,122.41644,311.28,0.43,0.38,2021-09-15,1757,N,VIIRS,n,2,291.17,1.27,N,2
40.66656,122.40155,302.64,0.43,0.38,2021-09-15,1757,N,VIIRS,n,2,289.67,0.56,N,2
40.67022,122.38171,309.06,0.43,0.38,2021-09-15,1757,N,VIIRS,n,2,290.27,2.43,N,2
40.67181,122.39272,302.01,0.43,0.38,2021-09-15,1757,N,VIIRS,n,2,291.07,1.66,N,2
40.6963,122.42431,303.85,0.43,0.38,2021-09-15,1757,N,VIIRS,n,2,289.41,0.46,N,2
40.81702,122.67655,301.01,0.43,0.38,2021-09-15,1757,N,VIIRS,n,2,287.69,0.62,N,0
41.38408,123.49053,307.18,0.45,0.39,2021-09-15,1757,N,VIIRS,n,2,287.62,1.05,N,2
34.34338,133.83759,299.91,0.7,0.75,2021-09-15,1758,N,VIIRS,n,2,287.51,2.12,N,2
34.45503,133.42668,300.27,0.66,0.73,2021-09-15,1758,N,VIIRS,n,2,287.17,2.74,N,3
34.45658,133.43668,301.99,0.66,0.73,2021-09-15,1758,N,VIIRS,n,2,287.75,2.45,N,3
34.45868,133.42966,312.41,0.66,0.73,2021-09-15,1758,N,VIIRS,n,2,287.59,2.45,N,3
34.46151,133.42946,309.24,0.66,0.73,2021-09-15,1758,N,VIIRS,n,2,287.3,2.02,N,3
34.46513,133.43253,308.53,0.66,0.73,2021-09-15,1758,N,VIIRS,n,2,287.76,4.4,N,3
34.46796,133.43233,305.87,0.66,0.73,2021-09-15,1758,N,VIIRS,n,2,287.95,2.02,N,3
34.47009,133.42531,303.16,0.66,0.73,2021-09-15,1758,N,VIIRS,n,2,287.12,2.02,N,3
34.47441,133.43515,299.52,0.66,0.73,2021-09-15,1758,N,VIIRS,n,2,287.18,2.02,N,2
34.48703,133.71042,317.25,0.68,0.74,2021-09-15,1758,N,VIIRS,n,2,287.86,2.2,N,2
34.4873,133.70854,311.55,0.68,0.74,2021-09-15,1758,N,VIIRS,n,2,287.83,3.08,N,2
34.49358,133.71326,305.46,0.68,0.74,2021-09-15,1758,N,VIIRS,n,2,288.31,2.2,N,3
35.99881,129.39645,308.91,0.37,0.58,2021-09-15,1758,N,VIIRS,n,2,289.86,1.07,N,2
35.99986,129.39241,304.79,0.37,0.58,2021-09-15,1758,N,VIIRS,n,2,289.58,1.07,N,2
36.95126,126.61829,298.71,0.5,0.49,2021-09-15,1758,N,VIIRS,n,2,287.51,0.69,N,2
36.95338,126.61572,311.94,0.5,0.49,2021-09-15,1758,N,VIIRS,n,2,288.1,1.66,N,2
36.95566,126.61988,306.94,0.5,0.49,2021-09-15,1758,N,VIIRS,n,2,288.92,0.69,N,2
36.9831,126.69245,310.58,0.5,0.49,2021-09-15,1758,N,VIIRS,n,2,294,2.28,N,2
36.98364,126.71068,317.78,0.51,0.49,2021-09-15,1758,N,VIIRS,n,2,291.19,2.03,N,2
36.98439,126.68692,310.68,0.5,0.49,2021-09-15,1758,N,VIIRS,n,2,291.92,2.28,N,2
36.98621,126.69965,314.2,0.51,0.49,2021-09-15,1758,N,VIIRS,n,2,292.05,2.93,N,2
36.98856,126.73064,312.19,0.51,0.49,2021-09-15,1758,N,VIIRS,n,2,291.06,2.47,N,3
37.01053,128.33322,306.32,0.61,0.54,2021-09-15,1758,N,VIIRS,n,2,286.77,2.04,N,2
37.0137,128.34154,298.44,0.61,0.54,2021-09-15,1758,N,VIIRS,n,2,285.44,1.25,N,2
37.02514,128.31668,299.18,0.61,0.54,2021-09-15,1758,N,VIIRS,n,2,285.71,0.86,N,2
37.08636,128.28033,296.73,0.61,0.53,2021-09-15,1758,N,VIIRS,n,2,284.99,1.02,N,0
37.17693,121.60436,301.46,0.44,0.38,2021-09-15,1758,N,VIIRS,n,2,288.67,1.5,N,2
37.18482,121.60149,309.8,0.44,0.38,2021-09-15,1758,N,VIIRS,n,2,289.56,1.47,N,2
37.2314,128.32162,307.63,0.61,0.53,2021-09-15,1758,N,VIIRS,n,2,287.06,1.69,N,2
37.47156,121.05677,296.86,0.42,0.38,2021-09-15,1758,N,VIIRS,n,2,279.87,0.79,N,2
37.4833,129.04761,315.2,0.33,0.55,2021-09-15,1758,N,VIIRS,n,2,289.76,1.62,N,2
37.48522,121.06073,298.2,0.42,0.38,2021-09-15,1758,N,VIIRS,n,2,281.65,0.66,N,2
37.48596,126.63828,321.08,0.49,0.48,2021-09-15,1758,N,VIIRS,n,2,291.88,2.75,N,2
37.69255,121.08533,329.45,0.42,0.38,2021-09-15,1758,N,VIIRS,n,2,292.91,2.04,N,0
37.69339,121.08069,302.1,0.42,0.38,2021-09-15,1758,N,VIIRS,n,2,289.9,2.04,N,0
37.99881,119.64961,303.99,0.39,0.36,2021-09-15,1758,N,VIIRS,n,2,288.61,0.26,N,3
38.10119,118.87802,304.21,0.38,0.36,2021-09-15,1758,N,VIIRS,n,2,291.39,0.91,N,0
38.21191,119.55482,305.11,0.39,0.36,2021-09-15,1758,N,VIIRS,n,2,293.1,0.67,N,3
38.23325,119.15329,314.55,0.39,0.36,2021-09-15,1758,N,VIIRS,n,2,293.54,1.65,N,3
38.28348,117.81821,313.09,0.39,0.36,2021-09-15,1758,N,VIIRS,n,2,291.08,1.27,N,2
38.28414,117.81381,306.49,0.39,0.36,2021-09-15,1758,N,VIIRS,n,2,291.7,0.58,N,2
38.28481,117.80943,303.8,0.39,0.36,2021-09-15,1758,N,VIIRS,n,2,292.65,0.58,N,2
38.28612,117.8234,318.38,0.39,0.36,2021-09-15,1758,N,VIIRS,n,2,294.19,1.27,N,2
38.28678,117.81902,318.7,0.39,0.36,2021-09-15,1758,N,VIIRS,n,2,293.9,1.27,N,2
38.29024,115.85992,298.96,0.42,0.38,2021-09-15,1758,N,VIIRS,n,2,287.26,0.41,N,0
38.29139,117.83379,310.11,0.39,0.36,2021-09-15,1758,N,VIIRS,n,2,292.96,1.02,N,3
38.29141,117.81102,304.16,0.39,0.36,2021-09-15,1758,N,VIIRS,n,2,290.34,0.38,N,2
38.29403,117.83899,312.66,0.39,0.36,2021-09-15,1758,N,VIIRS,n,2,293.87,1.55,N,3
38.29734,117.83979,329.33,0.39,0.36,2021-09-15,1758,N,VIIRS,n,2,291.95,1.55,N,3
38.29972,117.83804,314.29,0.39,0.36,2021-09-15,1758,N,VIIRS,n,2,290.91,1.19,N,3
38.82869,117.10832,303.29,0.4,0.37,2021-09-15,1758,N,VIIRS,n,2,289.81,0.88,N,2
38.83785,117.04458,310.83,0.4,0.37,2021-09-15,1758,N,VIIRS,n,2,290.42,0.97,N,2
38.87621,126.03771,299.34,0.43,0.46,2021-09-15,1758,N,VIIRS,n,2,287.79,0.88,N,2
38.90016,116.97616,302.86,0.4,0.37,2021-09-15,1758,N,VIIRS,n,2,288.73,0.8,N,2
38.99298,121.53741,305.14,0.42,0.38,2021-09-15,1758,N,VIIRS,n,2,291.5,0.74,N,2
38.99565,119.00082,312.32,0.38,0.36,2021-09-15,1758,N,VIIRS,n,2,289.47,0.86,N,3
39.0186,117.51551,303.53,0.39,0.36,2021-09-15,1758,N,VIIRS,n,2,288.86,1.36,N,2
39.0252,117.49379,304.03,0.39,0.36,2021-09-15,1758,N,VIIRS,n,2,290.21,0.65,N,2
39.02586,117.48928,313.97,0.39,0.36,2021-09-15,1758,N,VIIRS,n,2,290.65,1.52,N,2
39.02792,117.52241,303.62,0.39,0.36,2021-09-15,1758,N,VIIRS,n,2,288.7,0.54,N,0
39.02858,117.51791,306.25,0.39,0.36,2021-09-15,1758,N,VIIRS,n,2,290.72,0.95,N,2
39.02919,117.49009,314.17,0.39,0.36,2021-09-15,1758,N,VIIRS,n,2,290.54,1.43,N,2
39.11261,119.20843,308.32,0.38,0.36,2021-09-15,1758,N,VIIRS,n,2,290.74,0.93,N,3
39.18227,122.06164,305.24,0.43,0.38,2021-09-15,1758,N,VIIRS,n,2,290.28,0.91,N,0
39.26778,119.06756,303.97,0.38,0.36,2021-09-15,1758,N,VIIRS,n,2,277.94,0.96,N,0
39.27248,119.05959,320.86,0.38,0.36,2021-09-15,1758,N,VIIRS,n,2,286,1.85,N,0
39.27576,119.06046,318.49,0.38,0.36,2021-09-15,1758,N,VIIRS,n,2,283.31,1.85,N,0
39.30014,117.79144,303.12,0.39,0.36,2021-09-15,1758,N,VIIRS,n,2,290.69,1.28,N,0
39.3081,117.78407,314.57,0.39,0.36,2021-09-15,1758,N,VIIRS,n,2,289.5,1.36,N,2
39.44279,126.02086,320.39,0.41,0.45,2021-09-15,1758,N,VIIRS,n,2,289.46,2.71,N,2
39.64135,122.0703,308.53,0.43,0.38,2021-09-15,1758,N,VIIRS,n,2,289.9,0.87,N,2
39.67445,118.41944,296.97,0.39,0.36,2021-09-15,1758,N,VIIRS,n,2,282.41,0.75,N,0
39.68377,118.40325,298.81,0.39,0.36,2021-09-15,1758,N,VIIRS,n,2,284.78,0.96,N,2
39.74458,118.62502,304.39,0.38,0.36,2021-09-15,1758,N,VIIRS,n,2,287.53,1.51,N,2
39.74527,118.81973,300.26,0.38,0.36,2021-09-15,1758,N,VIIRS,n,2,288.4,0.68,N,2
39.74804,118.80193,304.71,0.38,0.36,2021-09-15,1758,N,VIIRS,n,2,288.5,0.81,N,0
39.74856,118.82059,302.38,0.38,0.36,2021-09-15,1758,N,VIIRS,n,2,289.68,0.68,N,2
39.74925,118.81614,302.93,0.38,0.36,2021-09-15,1758,N,VIIRS,n,2,290.04,0.68,N,2
39.74994,118.8117,301.2,0.38,0.36,2021-09-15,1758,N,VIIRS,n,2,288.31,0.88,N,2
39.75484,118.09077,335.34,0.39,0.36,2021-09-15,1758,N,VIIRS,n,2,288.2,5.56,N,2
39.75597,118.46098,306.19,0.39,0.36,2021-09-15,1758,N,VIIRS,n,2,287.08,1.25,N,2
39.75815,118.09159,332.67,0.39,0.36,2021-09-15,1758,N,VIIRS,n,2,289.1,5.56,N,2
39.79995,118.14621,307.08,0.39,0.36,2021-09-15,1758,N,VIIRS,n,2,287.65,1.55,N,2
39.80062,118.1417,323.11,0.39,0.36,2021-09-15,1758,N,VIIRS,n,2,288.56,1.55,N,2
39.8007,118.09499,315.83,0.39,0.36,2021-09-15,1758,N,VIIRS,n,2,283.07,2.03,N,2
39.80137,118.09048,328.87,0.39,0.36,2021-09-15,1758,N,VIIRS,n,2,287.59,4.56,N,2
39.80443,118.20801,303.93,0.39,0.36,2021-09-15,1758,N,VIIRS,n,2,289.84,1.32,N,2
39.80869,118.06425,317.97,0.39,0.36,2021-09-15,1758,N,VIIRS,n,2,287.62,1.06,N,2
39.80936,118.05974,302.27,0.39,0.36,2021-09-15,1758,N,VIIRS,n,2,286.96,1.06,N,2
39.81636,118.19704,327.54,0.39,0.36,2021-09-15,1758,N,VIIRS,n,2,287.07,3.25,N,2
39.8727,118.16448,328.46,0.39,0.36,2021-09-15,1758,N,VIIRS,n,2,288.59,2.75,N,2
39.87398,118.17884,303.43,0.39,0.36,2021-09-15,1758,N,VIIRS,n,2,288.52,0.65,N,2
39.91703,118.36483,303.75,0.39,0.36,2021-09-15,1758,N,VIIRS,n,2,288.34,0.72,N,2
39.92391,118.67191,307.94,0.38,0.36,2021-09-15,1758,N,VIIRS,n,2,289.31,1.03,N,0
39.92926,118.65936,300.26,0.38,0.36,2021-09-15,1758,N,VIIRS,n,2,287.96,0.52,N,0
39.9443,118.56094,299.45,0.39,0.36,2021-09-15,1758,N,VIIRS,n,2,288.36,0.88,N,2
40.0913,118.92943,296.72,0.38,0.36,2021-09-15,1758,N,VIIRS,n,2,286.16,0.45,N,2
40.10849,118.73624,323.45,0.38,0.36,2021-09-15,1758,N,VIIRS,n,2,289.16,2.06,N,2
40.10918,118.73176,302.96,0.38,0.36,2021-09-15,1758,N,VIIRS,n,2,289.97,1.55,N,2
40.11109,118.74158,299.4,0.38,0.36,2021-09-15,1758,N,VIIRS,n,2,288.54,0.91,N,2
40.11178,118.7371,306.01,0.38,0.36,2021-09-15,1758,N,VIIRS,n,2,289.65,0.91,N,2
40.11246,118.73262,333.22,0.38,0.36,2021-09-15,1758,N,VIIRS,n,2,289.99,3.24,N,2
40.12528,118.44656,301.29,0.39,0.36,2021-09-15,1758,N,VIIRS,n,2,286.44,0.66,N,2
40.30579,122.13342,311.3,0.42,0.38,2021-09-15,1758,N,VIIRS,n,2,287.83,1.03,N,2
40.30783,122.13158,311.96,0.42,0.38,2021-09-15,1758,N,VIIRS,n,2,291.39,1.49,N,2
40.3092,122.13454,303.28,0.42,0.38,2021-09-15,1758,N,VIIRS,n,2,291.53,1.03,N,2
40.31034,122.13758,304.29,0.42,0.38,2021-09-15,1758,N,VIIRS,n,2,291.97,1.49,N,2
40.31194,122.14837,302.1,0.42,0.38,2021-09-15,1758,N,VIIRS,n,2,289.96,1.28,N,2
40.31464,122.1338,328.35,0.42,0.38,2021-09-15,1758,N,VIIRS,n,2,292.68,2.21,N,2
40.92738,106.77572,307.02,0.4,0.6,2021-09-15,1758,N,VIIRS,n,2,284.99,0.73,N,0
40.93251,106.78613,296.94,0.4,0.6,2021-09-15,1758,N,VIIRS,n,2,286.12,0.86,N,0
34.40042,117.9603,311.09,0.39,0.36,2021-09-15,1759,N,VIIRS,n,2,287.45,0.86,N,2
34.4011,117.95614,305.17,0.39,0.36,2021-09-15,1759,N,VIIRS,n,2,288.52,0.86,N,2
34.40932,119.84545,340.5,0.42,0.37,2021-09-15,1759,N,VIIRS,n,2,294.78,5.95,N,3
34.41013,119.84097,308.4,0.42,0.37,2021-09-15,1759,N,VIIRS,n,2,292.3,5.95,N,3
34.41273,119.84634,324.15,0.42,0.37,2021-09-15,1759,N,VIIRS,n,2,293.17,5.95,N,3
34.41353,119.84184,342.95,0.42,0.37,2021-09-15,1759,N,VIIRS,n,2,294.73,5.95,N,3
34.52902,117.39075,305.38,0.38,0.36,2021-09-15,1759,N,VIIRS,n,2,275.21,0.91,N,2
34.57174,117.33595,313.94,0.38,0.36,2021-09-15,1759,N,VIIRS,n,2,283.62,1.42,N,0
34.65419,113.37148,302.78,0.47,0.4,2021-09-15,1759,N,VIIRS,n,2,289.56,0.75,N,2
34.65785,113.3721,301.85,0.47,0.4,2021-09-15,1759,N,VIIRS,n,2,290.73,0.75,N,2
34.68781,118.13718,298.94,0.39,0.36,2021-09-15,1759,N,VIIRS,n,2,287.88,0.42,N,0
34.69175,117.51981,302.69,0.38,0.36,2021-09-15,1759,N,VIIRS,n,2,283.43,0.68,N,2
34.69504,117.52058,306.19,0.38,0.36,2021-09-15,1759,N,VIIRS,n,2,284.59,0.68,N,2
34.7001,118.06184,315.74,0.39,0.36,2021-09-15,1759,N,VIIRS,n,2,290.41,1.29,N,0
34.70386,118.10187,300.84,0.39,0.36,2021-09-15,1759,N,VIIRS,n,2,288.46,0.32,N,0
34.71998,118.04486,313.63,0.39,0.36,2021-09-15,1759,N,VIIRS,n,2,290.51,1.53,N,0
34.72192,118.05402,312.14,0.39,0.36,2021-09-15,1759,N,VIIRS,n,2,290.16,0.96,N,0
34.72784,118.05977,321.99,0.39,0.36,2021-09-15,1759,N,VIIRS,n,2,290.2,1.58,N,0
34.76857,118.10427,306.9,0.39,0.36,2021-09-15,1759,N,VIIRS,n,2,288.52,0.9,N,0
34.76925,118.10007,309.75,0.39,0.36,2021-09-15,1759,N,VIIRS,n,2,288.71,0.9,N,0
34.77711,118.11501,304.76,0.39,0.36,2021-09-15,1759,N,VIIRS,n,2,289.05,0.43,N,0
34.77963,118.11381,305.15,0.39,0.36,2021-09-15,1759,N,VIIRS,n,2,290.69,0.54,N,0
34.83911,118.10625,302.37,0.39,0.36,2021-09-15,1759,N,VIIRS,n,2,288.88,0.62,N,0
34.84024,117.72214,296.99,0.38,0.36,2021-09-15,1759,N,VIIRS,n,2,279.02,0.49,N,2
34.84844,127.70715,302.29,0.32,0.55,2021-09-15,1759,N,VIIRS,n,2,288.27,0.92,N,2
34.86071,117.44143,303.73,0.38,0.36,2021-09-15,1759,N,VIIRS,n,2,290.03,1.01,N,2
34.92245,127.70792,323.01,0.32,0.54,2021-09-15,1759,N,VIIRS,n,2,288.58,2,N,2
34.92477,117.52802,313.18,0.38,0.36,2021-09-15,1759,N,VIIRS,n,2,293.15,1.13,N,2
34.92542,127.73875,304.34,0.32,0.55,2021-09-15,1759,N,VIIRS,n,2,289.06,1.26,N,2
34.92688,127.75433,308.34,0.32,0.55,2021-09-15,1759,N,VIIRS,n,2,287.92,1.24,N,3
34.92773,127.75089,315.2,0.32,0.55,2021-09-15,1759,N,VIIRS,n,2,288.45,1.24,N,3
34.92859,127.74742,314.46,0.32,0.55,2021-09-15,1759,N,VIIRS,n,2,288.16,1.95,N,3
34.93838,116.80468,314.49,0.39,0.36,2021-09-15,1759,N,VIIRS,n,2,288.9,0.6,N,0
34.94169,116.80541,303.62,0.39,0.36,2021-09-15,1759,N,VIIRS,n,2,288.97,0.6,N,0
34.95251,118.31069,303.07,0.39,0.36,2021-09-15,1759,N,VIIRS,n,2,285.43,0.85,N,2
34.9532,118.30649,307.25,0.39,0.36,2021-09-15,1759,N,VIIRS,n,2,286.28,0.85,N,2
34.97677,117.47946,299.85,0.38,0.36,2021-09-15,1759,N,VIIRS,n,2,283.41,0.38,N,0
35.04537,112.53088,308.22,0.52,0.41,2021-09-15,1759,N,VIIRS,n,2,289.29,1.07,N,2
35.04921,112.53149,307.08,0.52,0.41,2021-09-15,1759,N,VIIRS,n,2,290.12,1.07,N,2
35.07685,116.58018,304.38,0.39,0.36,2021-09-15,1759,N,VIIRS,n,2,287.04,0.99,N,0
35.08129,128.98882,300.33,0.37,0.58,2021-09-15,1759,N,VIIRS,n,2,287.59,0.82,N,2
35.08547,112.55499,304.34,0.52,0.41,2021-09-15,1759,N,VIIRS,n,2,291.76,2.2,N,2
35.0962,128.86523,302.61,0.36,0.58,2021-09-15,1759,N,VIIRS,n,2,287.13,0.56,N,2
35.09723,128.86122,306.35,0.36,0.58,2021-09-15,1759,N,VIIRS,n,2,287.5,0.56,N,2
35.0988,119.28421,301.69,0.4,0.37,2021-09-15,1759,N,VIIRS,n,2,281.23,1.03,N,0
35.10025,128.82764,299.39,0.36,0.58,2021-09-15,1759,N,VIIRS,n,2,286.65,0.49,N,2
35.13492,119.07224,305.3,0.4,0.37,2021-09-15,1759,N,VIIRS,n,2,291.19,0.91,N,0
35.18178,118.79381,306.56,0.39,0.36,2021-09-15,1759,N,VIIRS,n,2,283.53,0.89,N,2
35.18509,118.79462,302.01,0.39,0.36,2021-09-15,1759,N,VIIRS,n,2,282.5,0.66,N,2
35.18773,119.38213,317.82,0.4,0.37,2021-09-15,1759,N,VIIRS,n,2,281.41,1.85,N,2
35.18806,119.03434,308.95,0.39,0.37,2021-09-15,1759,N,VIIRS,n,2,292.14,1.17,N,2
35.18841,118.79546,300.41,0.39,0.36,2021-09-15,1759,N,VIIRS,n,2,282.05,0.66,N,2
35.19139,119.03517,308.85,0.39,0.37,2021-09-15,1759,N,VIIRS,n,2,293.17,1.94,N,2
35.19399,119.04029,309.88,0.4,0.37,2021-09-15,1759,N,VIIRS,n,2,293.17,1.28,N,2
35.19443,119.38385,313.9,0.4,0.37,2021-09-15,1759,N,VIIRS,n,2,282.67,1.57,N,3
35.21271,117.02641,306.28,0.39,0.36,2021-09-15,1759,N,VIIRS,n,2,270.8,1.22,N,2
35.29008,126.77972,300.55,0.56,0.51,2021-09-15,1759,N,VIIRS,n,2,288.55,0.48,N,2
35.32543,116.81842,302.14,0.39,0.36,2021-09-15,1759,N,VIIRS,n,2,285.98,1.26,N,2
35.32874,116.81917,303.56,0.39,0.36,2021-09-15,1759,N,VIIRS,n,2,287.29,1.08,N,2
35.34885,115.98734,304.57,0.4,0.37,2021-09-15,1759,N,VIIRS,n,2,287.8,1.05,N,2
35.34947,115.98296,310.86,0.4,0.37,2021-09-15,1759,N,VIIRS,n,2,288.66,1.66,N,2
35.35841,116.3736,301.36,0.39,0.36,2021-09-15,1759,N,VIIRS,n,2,289.41,0.6,N,0
35.37646,113.73682,304.45,0.46,0.39,2021-09-15,1759,N,VIIRS,n,2,290.42,0.88,N,2
35.37877,113.44549,309.43,0.48,0.4,2021-09-15,1759,N,VIIRS,n,2,293.31,2.61,N,2
35.39562,116.4375,305.25,0.39,0.36,2021-09-15,1759,N,VIIRS,n,2,291.15,0.89,N,0
35.44482,116.00131,298.18,0.4,0.37,2021-09-15,1759,N,VIIRS,n,2,283.1,0.83,N,2
35.5025,116.74703,308.87,0.39,0.36,2021-09-15,1759,N,VIIRS,n,2,287.29,1.14,N,2
35.50314,116.74277,308.31,0.39,0.36,2021-09-15,1759,N,VIIRS,n,2,286.99,1.27,N,2
35.50582,116.74776,315.23,0.39,0.36,2021-09-15,1759,N,VIIRS,n,2,288.22,1.14,N,2
35.63057,119.72974,305.83,0.4,0.37,2021-09-15,1759,N,VIIRS,n,2,291.47,0.9,N,3
35.6616,112.86855,304.66,0.51,0.41,2021-09-15,1759,N,VIIRS,n,2,288.91,2.01,N,2
35.66224,112.86298,303.94,0.51,0.41,2021-09-15,1759,N,VIIRS,n,2,290.65,1.61,N,0
35.78617,118.19738,297.24,0.38,0.36,2021-09-15,1759,N,VIIRS,n,2,267.15,0.57,N,2
35.82447,116.76941,299.89,0.39,0.36,2021-09-15,1759,N,VIIRS,n,2,287.64,0.51,N,0
35.8467,117.2933,307.52,0.39,0.36,2021-09-15,1759,N,VIIRS,n,2,275.91,0.72,N,2
35.85752,117.1552,295.49,0.39,0.36,2021-09-15,1759,N,VIIRS,n,2,274.95,0.37,N,2
35.85816,117.15096,300.24,0.39,0.36,2021-09-15,1759,N,VIIRS,n,2,275.71,0.63,N,2
35.8611,112.9637,299.03,0.51,0.41,2021-09-15,1759,N,VIIRS,n,2,288.26,0.9,N,2
35.91216,115.67649,312.39,0.41,0.37,2021-09-15,1759,N,VIIRS,n,2,289.94,2.2,N,0
35.91556,115.6772,329.44,0.41,0.37,2021-09-15,1759,N,VIIRS,n,2,291.86,2.2,N,0
35.91647,115.69595,300.19,0.41,0.37,2021-09-15,1759,N,VIIRS,n,2,289.04,0.29,N,0
35.91771,115.68693,302.02,0.41,0.37,2021-09-15,1759,N,VIIRS,n,2,289.33,0.74,N,0
35.92111,115.68765,302.33,0.41,0.37,2021-09-15,1759,N,VIIRS,n,2,289.7,0.74,N,0
35.99774,116.37342,302.71,0.39,0.37,2021-09-15,1759,N,VIIRS,n,2,291.27,0.57,N,2
36.12022,114.28566,307.2,0.45,0.39,2021-09-15,1759,N,VIIRS,n,2,292.67,1.3,N,3
36.12085,114.28065,309.27,0.45,0.39,2021-09-15,1759,N,VIIRS,n,2,293.46,1.3,N,3
36.12334,119.02764,303.79,0.39,0.36,2021-09-15,1759,N,VIIRS,n,2,276.86,0.71,N,2
36.12799,114.28204,303.93,0.45,0.39,2021-09-15,1759,N,VIIRS,n,2,293.32,1.9,N,3
36.13093,114.28773,307.38,0.45,0.39,2021-09-15,1759,N,VIIRS,n,2,290.65,0.82,N,2
36.13156,114.28271,306.27,0.45,0.39,2021-09-15,1759,N,VIIRS,n,2,292.5,0.82,N,2
36.13442,114.11292,306.45,0.46,0.39,2021-09-15,1759,N,VIIRS,n,2,291.42,0.74,N,2
36.15836,116.63832,301.49,0.39,0.36,2021-09-15,1759,N,VIIRS,n,2,287.33,0.56,N,0
36.16306,114.29392,302.83,0.45,0.39,2021-09-15,1759,N,VIIRS,n,2,292.62,0.88,N,2
36.16591,114.067,306.89,0.46,0.39,2021-09-15,1759,N,VIIRS,n,2,291.16,1.19,N,2
36.18944,114.05598,306.29,0.46,0.39,2021-09-15,1759,N,VIIRS,n,2,291.74,1.91,N,2
36.21894,114.0563,306.77,0.46,0.39,2021-09-15,1759,N,VIIRS,n,2,291.41,1.93,N,2
36.22017,115.84169,315.87,0.41,0.37,2021-09-15,1759,N,VIIRS,n,2,292.26,1.67,N,2
36.22413,116.52971,304.19,0.39,0.36,2021-09-15,1759,N,VIIRS,n,2,291.62,0.46,N,2
36.22614,114.05773,302.42,0.46,0.39,2021-09-15,1759,N,VIIRS,n,2,290.93,0.71,N,2
36.23332,116.51381,300.84,0.39,0.36,2021-09-15,1759,N,VIIRS,n,2,289.76,0.37,N,0
36.30491,114.28284,300.74,0.45,0.39,2021-09-15,1759,N,VIIRS,n,2,290.44,1.18,N,2
36.30504,117.53224,295.98,0.38,0.36,2021-09-15,1759,N,VIIRS,n,2,279.26,0.53,N,2
36.30769,117.53727,297.16,0.38,0.36,2021-09-15,1759,N,VIIRS,n,2,280.16,0.53,N,2
36.30849,114.28356,301.98,0.45,0.39,2021-09-15,1759,N,VIIRS,n,2,291.44,1.18,N,2
36.30978,114.2856,303.01,0.45,0.39,2021-09-15,1759,N,VIIRS,n,2,292.2,1.07,N,2
36.35091,113.06303,303.34,0.51,0.41,2021-09-15,1759,N,VIIRS,n,2,290.9,1.85,N,2
36.35489,112.92403,304.16,0.52,0.41,2021-09-15,1759,N,VIIRS,n,2,288.14,1.44,N,2
36.35553,112.91827,300.97,0.52,0.41,2021-09-15,1759,N,VIIRS,n,2,287.36,1.23,N,2
36.3567,112.92276,312.73,0.51,0.41,2021-09-15,1759,N,VIIRS,n,2,289.37,2.19,N,2
36.37182,113.0147,303.52,0.51,0.41,2021-09-15,1759,N,VIIRS,n,2,289.56,1.51,N,2
36.39832,113.01959,302.58,0.51,0.41,2021-09-15,1759,N,VIIRS,n,2,289.11,1.34,N,2
36.42739,118.39629,301.32,0.38,0.36,2021-09-15,1759,N,VIIRS,n,2,270.77,0.66,N,2
36.43365,114.18097,316.14,0.46,0.39,2021-09-15,1759,N,VIIRS,n,2,292.49,2,N,2
36.44871,113.05163,305.84,0.51,0.41,2021-09-15,1759,N,VIIRS,n,2,286.87,2.23,N,2
36.45042,113.02989,298.74,0.51,0.41,2021-09-15,1759,N,VIIRS,n,2,288.04,0.95,N,2
36.45166,113.05326,297.46,0.51,0.41,2021-09-15,1759,N,VIIRS,n,2,287.44,0.84,N,2
36.45229,113.04765,303.1,0.51,0.41,2021-09-15,1759,N,VIIRS,n,2,288.24,1.74,N,2
36.46035,113.1129,301.21,0.51,0.41,2021-09-15,1759,N,VIIRS,n,2,289.77,2.22,N,2
36.4736,113.09809,314.42,0.51,0.41,2021-09-15,1759,N,VIIRS,n,2,288.19,2,N,0
36.47846,112.9524,299.82,0.52,0.41,2021-09-15,1759,N,VIIRS,n,2,288.09,0.71,N,2
36.4839,116.34769,304.6,0.4,0.37,2021-09-15,1759,N,VIIRS,n,2,291.07,0.86,N,2
36.48453,116.34327,307.14,0.4,0.37,2021-09-15,1759,N,VIIRS,n,2,291.51,2.03,N,2
36.48589,113.608,299.67,0.48,0.4,2021-09-15,1759,N,VIIRS,n,2,287.96,0.58,N,2
36.52983,113.37047,306,0.49,0.41,2021-09-15,1759,N,VIIRS,n,2,288.47,1.3,N,2
36.53007,113.37138,301.9,0.49,0.41,2021-09-15,1759,N,VIIRS,n,2,288.51,0.88,N,0
36.53044,114.23134,302.98,0.46,0.39,2021-09-15,1759,N,VIIRS,n,2,289.18,0.81,N,2
36.53182,114.22803,308.16,0.46,0.39,2021-09-15,1759,N,VIIRS,n,2,289.8,1.19,N,2
36.5541,114.10626,301.67,0.46,0.39,2021-09-15,1759,N,VIIRS,n,2,290.05,1.21,N,2
36.55631,116.85466,303.51,0.39,0.36,2021-09-15,1759,N,VIIRS,n,2,288.14,0.7,N,2
36.56303,117.96745,304.96,0.38,0.36,2021-09-15,1759,N,VIIRS,n,2,281.13,0.95,N,2
36.58105,114.21696,302.49,0.46,0.39,2021-09-15,1759,N,VIIRS,n,2,289.32,1.18,N,2
36.58363,114.10668,316.39,0.46,0.39,2021-09-15,1759,N,VIIRS,n,2,290.25,2.33,N,2
36.58463,114.21777,304.13,0.46,0.39,2021-09-15,1759,N,VIIRS,n,2,289.64,0.79,N,2
36.5865,113.74329,302.64,0.48,0.4,2021-09-15,1759,N,VIIRS,n,2,290.17,1.18,N,2
36.58787,114.10232,310.23,0.46,0.39,2021-09-15,1759,N,VIIRS,n,2,291.06,1.88,N,2
36.58952,113.74952,304.11,0.48,0.4,2021-09-15,1759,N,VIIRS,n,2,290.52,1.96,N,2
36.59212,114.09784,302.36,0.46,0.39,2021-09-15,1759,N,VIIRS,n,2,290.42,0.95,N,2
36.59532,114.45215,305.37,0.45,0.39,2021-09-15,1759,N,VIIRS,n,2,292.14,0.73,N,2
36.59626,114.41633,308.98,0.45,0.39,2021-09-15,1759,N,VIIRS,n,2,293.67,1.35,N,2
36.59918,114.42204,306.35,0.45,0.39,2021-09-15,1759,N,VIIRS,n,2,293.33,1.3,N,2
36.59983,114.41703,310.9,0.45,0.39,2021-09-15,1759,N,VIIRS,n,2,292.5,1.35,N,2
36.60081,114.43781,312.23,0.45,0.39,2021-09-15,1759,N,VIIRS,n,2,291.72,1.53,N,2
36.60309,114.44854,308.36,0.45,0.39,2021-09-15,1759,N,VIIRS,n,2,292.5,2.09,N,2
36.60417,114.45094,306.69,0.45,0.39,2021-09-15,1759,N,VIIRS,n,2,291.96,0.68,N,2
36.60471,114.26315,301.62,0.46,0.39,2021-09-15,1759,N,VIIRS,n,2,289.45,0.75,N,0
36.60552,114.07928,308.92,0.46,0.39,2021-09-15,1759,N,VIIRS,n,2,290.37,0.97,N,0
36.60616,114.07417,304.92,0.46,0.39,2021-09-15,1759,N,VIIRS,n,2,290.77,1.73,N,0
36.60977,114.0749,301.65,0.46,0.39,2021-09-15,1759,N,VIIRS,n,2,290.7,0.95,N,0
36.62212,114.12446,302.36,0.46,0.39,2021-09-15,1759,N,VIIRS,n,2,291.54,1.75,N,2
36.62509,114.13026,301.9,0.46,0.39,2021-09-15,1759,N,VIIRS,n,2,290.89,1.07,N,2
36.6256,113.76157,305.23,0.48,0.4,2021-09-15,1759,N,VIIRS,n,2,288.71,0.56,N,2
36.62722,117.75285,300.76,0.38,0.36,2021-09-15,1759,N,VIIRS,n,2,288.75,0.47,N,0
36.63224,113.98318,300.99,0.47,0.4,2021-09-15,1759,N,VIIRS,n,2,289.68,0.62,N,2
36.63587,113.98392,304.5,0.47,0.4,2021-09-15,1759,N,VIIRS,n,2,290.91,1.75,N,2
36.63777,117.75092,310.53,0.38,0.36,2021-09-15,1759,N,VIIRS,n,2,290.69,1.14,N,2
36.67583,114.16833,303.74,0.46,0.39,2021-09-15,1759,N,VIIRS,n,2,290.29,2.07,N,2
36.70009,118.0925,307.87,0.38,0.36,2021-09-15,1759,N,VIIRS,n,2,288.28,0.97,N,2
36.70925,113.92488,308.42,0.47,0.4,2021-09-15,1759,N,VIIRS,n,2,289.5,1.55,N,0
36.71417,113.91505,301.07,0.47,0.4,2021-09-15,1759,N,VIIRS,n,2,290.8,1.04,N,2
36.71481,113.90981,306.36,0.47,0.4,2021-09-15,1759,N,VIIRS,n,2,289.67,1.12,N,0
36.72532,117.42545,297.46,0.39,0.36,2021-09-15,1759,N,VIIRS,n,2,283,0.42,N,0
36.73367,118.09624,299.1,0.38,0.36,2021-09-15,1759,N,VIIRS,n,2,286.42,0.8,N,0
36.7537,118.05027,303.63,0.38,0.36,2021-09-15,1759,N,VIIRS,n,2,291.67,1.05,N,2
36.75871,118.40649,313.95,0.38,0.36,2021-09-15,1759,N,VIIRS,n,2,285.8,1.25,N,2
36.82098,116.73871,307.13,0.39,0.36,2021-09-15,1759,N,VIIRS,n,2,283.35,1.44,N,2
36.85366,117.62598,305.45,0.39,0.36,2021-09-15,1759,N,VIIRS,n,2,284.52,0.86,N,2
36.85432,117.62169,304.11,0.39,0.36,2021-09-15,1759,N,VIIRS,n,2,282.24,1.08,N,2
36.86223,117.61465,297.08,0.39,0.36,2021-09-15,1759,N,VIIRS,n,2,282.28,0.48,N,2
36.89981,117.74809,305.05,0.38,0.36,2021-09-15,1759,N,VIIRS,n,2,291.59,0.67,N,2
36.90047,117.7438,304.63,0.38,0.36,2021-09-15,1759,N,VIIRS,n,2,292.07,0.67,N,2
36.92397,117.69852,301.16,0.38,0.36,2021-09-15,1759,N,VIIRS,n,2,286.33,1.14,N,2
36.9666,118.94926,300.2,0.39,0.36,2021-09-15,1759,N,VIIRS,n,2,285.91,0.93,N,2
37.13908,114.53383,321.63,0.45,0.39,2021-09-15,1759,N,VIIRS,n,2,290.96,3.21,N,2
37.27175,118.25672,300.1,0.38,0.36,2021-09-15,1759,N,VIIRS,n,2,285.79,0.57,N,2
37.38656,114.68459,301.3,0.45,0.39,2021-09-15,1759,N,VIIRS,n,2,289.78,0.51,N,0
37.52438,114.44057,302.82,0.46,0.39,2021-09-15,1759,N,VIIRS,n,2,289.94,0.87,N,2
38.13744,108.05704,305.76,0.32,0.55,2021-09-15,1759,N,VIIRS,n,2,280.99,0.31,N,0
30.44787,117.23848,328.91,0.39,0.36,2021-09-15,1800,N,VIIRS,n,2,293.07,2.13,N,2
30.44854,117.23444,316.01,0.39,0.36,2021-09-15,1800,N,VIIRS,n,2,292.72,2.13,N,2
30.45451,117.23992,304.45,0.39,0.36,2021-09-15,1800,N,VIIRS,n,2,290.44,0.97,N,2
30.45517,117.23591,309.55,0.39,0.36,2021-09-15,1800,N,VIIRS,n,2,292.6,0.97,N,2
30.45849,117.23665,308.05,0.39,0.36,2021-09-15,1800,N,VIIRS,n,2,293.65,1.68,N,2
30.58853,116.96061,324.88,0.39,0.36,2021-09-15,1800,N,VIIRS,n,2,296.06,2.4,N,2
30.62523,116.86076,306.71,0.39,0.36,2021-09-15,1800,N,VIIRS,n,2,293.08,0.84,N,2
30.62853,116.86149,319.02,0.39,0.36,2021-09-15,1800,N,VIIRS,n,2,295.52,1.75,N,2
30.74538,117.39303,312.87,0.39,0.36,2021-09-15,1800,N,VIIRS,n,2,288.93,1.15,N,2
30.75067,117.40267,321.91,0.39,0.36,2021-09-15,1800,N,VIIRS,n,2,293.88,2.21,N,2
30.8195,117.79645,317.34,0.4,0.37,2021-09-15,1800,N,VIIRS,n,2,293.65,1.48,N,2
30.82284,117.79721,317.26,0.4,0.37,2021-09-15,1800,N,VIIRS,n,2,294.34,1.48,N,2
30.84371,117.77633,325.34,0.4,0.37,2021-09-15,1800,N,VIIRS,n,2,288.37,2.24,N,2
30.92597,117.76849,304.54,0.4,0.37,2021-09-15,1800,N,VIIRS,n,2,284.49,1.5,N,2
30.95521,113.18164,305.01,0.44,0.39,2021-09-15,1800,N,VIIRS,n,2,293.5,1.14,N,2
30.98063,117.79363,303.01,0.4,0.37,2021-09-15,1800,N,VIIRS,n,2,287.37,0.59,N,2
30.98466,117.7903,303.65,0.4,0.37,2021-09-15,1800,N,VIIRS,n,2,289.55,1.06,N,2
30.9934,117.7795,314.16,0.4,0.37,2021-09-15,1800,N,VIIRS,n,2,290.4,1.38,N,2
30.99467,117.79258,308.84,0.4,0.37,2021-09-15,1800,N,VIIRS,n,2,290.91,1.5,N,0
31.06226,117.95642,304.59,0.4,0.37,2021-09-15,1800,N,VIIRS,n,2,291.31,0.77,N,0
31.09192,118.0278,303.87,0.4,0.37,2021-09-15,1800,N,VIIRS,n,2,291.32,0.85,N,2
31.09262,118.02366,304.7,0.4,0.37,2021-09-15,1800,N,VIIRS,n,2,290.52,0.85,N,2
31.09296,118.02634,313.55,0.4,0.37,2021-09-15,1800,N,VIIRS,n,2,292.53,1.82,N,2
31.10037,118.0237,325.37,0.4,0.37,2021-09-15,1800,N,VIIRS,n,2,292.78,2.61,N,2
31.13335,118.01402,317.52,0.4,0.37,2021-09-15,1800,N,VIIRS,n,2,294.57,1.85,N,2
31.13531,118.16595,320.7,0.4,0.37,2021-09-15,1800,N,VIIRS,n,2,291.31,2.13,N,2
31.13796,118.17088,329.24,0.4,0.37,2021-09-15,1800,N,VIIRS,n,2,293.52,2.89,N,2
31.13867,118.16674,308.56,0.4,0.37,2021-09-15,1800,N,VIIRS,n,2,291.73,1.51,N,2
31.14393,112.18927,307.31,0.49,0.4,2021-09-15,1800,N,VIIRS,n,2,290.96,1.05,N,2
31.22683,118.14648,310.75,0.4,0.37,2021-09-15,1800,N,VIIRS,n,2,292.56,2.1,N,2
31.22834,118.38253,304.5,0.41,0.37,2021-09-15,1800,N,VIIRS,n,2,290.28,0.4,N,2
31.23244,118.3791,303.61,0.41,0.37,2021-09-15,1800,N,VIIRS,n,2,290.05,0.34,N,2
31.27543,112.27141,313.92,0.49,0.4,2021-09-15,1800,N,VIIRS,n,2,292.25,2.12,N,2
31.38412,119.2962,332.5,0.43,0.38,2021-09-15,1800,N,VIIRS,n,2,295.82,3.18,N,2
31.38599,119.306,317.25,0.43,0.38,2021-09-15,1800,N,VIIRS,n,2,292.58,2.04,N,2
31.38758,119.29705,307.92,0.43,0.38,2021-09-15,1800,N,VIIRS,n,2,292.68,3.18,N,2
31.38944,119.30685,316.53,0.43,0.38,2021-09-15,1800,N,VIIRS,n,2,293.45,1.89,N,2
31.47447,117.92924,315.56,0.4,0.37,2021-09-15,1800,N,VIIRS,n,2,294.78,1.68,N,2
31.4778,117.93001,323.16,0.4,0.37,2021-09-15,1800,N,VIIRS,n,2,295.91,1.78,N,2
31.51824,117.75108,318.79,0.39,0.36,2021-09-15,1800,N,VIIRS,n,2,293.87,1.69,N,2
31.52074,117.90125,308.94,0.4,0.37,2021-09-15,1800,N,VIIRS,n,2,293.57,0.82,N,2
31.52143,117.89716,324.26,0.39,0.37,2021-09-15,1800,N,VIIRS,n,2,296.19,2.7,N,2
31.52812,118.00172,311.16,0.4,0.37,2021-09-15,1800,N,VIIRS,n,2,293.02,1.41,N,2
31.65191,117.86953,308.28,0.39,0.36,2021-09-15,1800,N,VIIRS,n,2,294.16,0.9,N,2
31.66073,117.83742,309.36,0.39,0.36,2021-09-15,1800,N,VIIRS,n,2,294.07,0.63,N,2
31.67011,118.46931,308.11,0.4,0.37,2021-09-15,1800,N,VIIRS,n,2,293.12,0.38,N,2
31.67048,118.46686,312.65,0.4,0.37,2021-09-15,1800,N,VIIRS,n,2,293.6,1.28,N,2
31.69517,118.46639,307.32,0.4,0.37,2021-09-15,1800,N,VIIRS,n,2,294.91,1.06,N,2
31.69853,118.4672,311.33,0.4,0.37,2021-09-15,1800,N,VIIRS,n,2,294.9,1.12,N,2
31.7019,118.46799,309.82,0.4,0.37,2021-09-15,1800,N,VIIRS,n,2,295.51,1.12,N,2
31.70454,118.47301,308.3,0.4,0.37,2021-09-15,1800,N,VIIRS,n,2,294.96,0.99,N,2
31.70527,118.46878,309.17,0.4,0.37,2021-09-15,1800,N,VIIRS,n,2,295.46,0.99,N,2
31.70864,118.46957,312.57,0.4,0.37,2021-09-15,1800,N,VIIRS,n,2,294.17,0.99,N,2
31.73749,118.48521,305.13,0.4,0.37,2021-09-15,1800,N,VIIRS,n,2,293.98,1.12,N,2
31.74059,112.42164,306.68,0.48,0.4,2021-09-15,1800,N,VIIRS,n,2,291.78,0.78,N,2
31.74085,118.486,316.59,0.4,0.37,2021-09-15,1800,N,VIIRS,n,2,296.7,1.12,N,2
31.74686,118.49187,313.34,0.4,0.37,2021-09-15,1800,N,VIIRS,n,2,295.92,1.73,N,2
31.75241,111.82337,307.2,0.52,0.41,2021-09-15,1800,N,VIIRS,n,2,290.14,0.87,N,2
31.77011,117.98813,309.84,0.4,0.37,2021-09-15,1800,N,VIIRS,n,2,293.2,1.06,N,2
31.91578,118.61295,302.93,0.41,0.37,2021-09-15,1800,N,VIIRS,n,2,289.78,0.78,N,2
31.91684,114.02207,308.89,0.42,0.38,2021-09-15,1800,N,VIIRS,n,2,292.03,1.05,N,2
31.91842,118.61803,307.29,0.41,0.37,2021-09-15,1800,N,VIIRS,n,2,290.9,0.8,N,2
31.96573,118.34314,315.5,0.4,0.37,2021-09-15,1800,N,VIIRS,n,2,295.25,1.61,N,2
31.96645,118.33893,316.83,0.4,0.37,2021-09-15,1800,N,VIIRS,n,2,295.28,2.4,N,2
31.96996,118.9689,304.87,0.41,0.37,2021-09-15,1800,N,VIIRS,n,2,291.81,0.84,N,2
32.17194,118.7584,321.08,0.41,0.37,2021-09-15,1800,N,VIIRS,n,2,293.68,2.06,N,2
32.17945,118.75574,307.41,0.41,0.37,2021-09-15,1800,N,VIIRS,n,2,294.19,1.68,N,2
32.18898,118.20911,308.86,0.4,0.37,2021-09-15,1800,N,VIIRS,n,2,291.02,1.28,N,2
32.19596,118.74178,306.82,0.41,0.37,2021-09-15,1800,N,VIIRS,n,2,295.91,0.78,N,2
32.32981,115.95219,304.11,0.39,0.36,2021-09-15,1800,N,VIIRS,n,2,293.78,1.06,N,2
32.48372,114.03743,309.53,0.43,0.38,2021-09-15,1800,N,VIIRS,n,2,296.42,3.02,N,2
32.58589,117.24799,309.24,0.39,0.36,2021-09-15,1800,N,VIIRS,n,2,294.58,1.31,N,2
32.61169,116.82832,300.08,0.38,0.36,2021-09-15,1800,N,VIIRS,n,2,282.94,0.5,N,0
32.69781,117.33511,321.78,0.39,0.36,2021-09-15,1800,N,VIIRS,n,2,292.8,1.57,N,2
32.70111,117.33585,329.32,0.39,0.36,2021-09-15,1800,N,VIIRS,n,2,293.67,1.57,N,2
32.70177,117.33178,302.79,0.39,0.36,2021-09-15,1800,N,VIIRS,n,2,292.5,1.57,N,2
32.75255,117.30785,320.44,0.39,0.36,2021-09-15,1800,N,VIIRS,n,2,294.8,1.25,N,2
32.75584,117.30858,308.22,0.39,0.36,2021-09-15,1800,N,VIIRS,n,2,293.41,1.35,N,2
32.75914,117.30933,315.97,0.39,0.36,2021-09-15,1800,N,VIIRS,n,2,295.74,1.35,N,2
32.7664,117.30675,305.68,0.39,0.36,2021-09-15,1800,N,VIIRS,n,2,293.35,0.93,N,0
33.0779,111.79992,301.54,0.53,0.42,2021-09-15,1800,N,VIIRS,n,2,289.09,0.87,N,0
33.28659,113.48272,306.08,0.45,0.39,2021-09-15,1800,N,VIIRS,n,2,292.42,0.79,N,0
33.57101,118.98624,310.03,0.4,0.37,2021-09-15,1800,N,VIIRS,n,2,294.91,1.3,N,2
33.61024,116.57718,328.8,0.39,0.36,2021-09-15,1800,N,VIIRS,n,2,290.65,2.66,N,2
33.61292,116.58202,304.21,0.39,0.36,2021-09-15,1800,N,VIIRS,n,2,287.43,0.9,N,2
33.61355,116.57789,322.27,0.39,0.36,2021-09-15,1800,N,VIIRS,n,2,289.58,2.66,N,2
33.85167,112.96999,325.72,0.48,0.4,2021-09-15,1800,N,VIIRS,n,2,292.11,2.33,N,2
33.8589,113.00304,307.11,0.48,0.4,2021-09-15,1800,N,VIIRS,n,2,292.21,1.14,N,2
33.90138,112.90396,308.72,0.49,0.4,2021-09-15,1800,N,VIIRS,n,2,291.92,1.38,N,2
33.90288,112.90574,304.66,0.49,0.4,2021-09-15,1800,N,VIIRS,n,2,291.89,1.37,N,2
33.97184,117.11294,303.75,0.38,0.36,2021-09-15,1800,N,VIIRS,n,2,274.59,1.59,N,2
34.00108,116.81719,304,0.38,0.36,2021-09-15,1800,N,VIIRS,n,2,292.07,0.64,N,0
34.0032,112.96302,302.94,0.48,0.4,2021-09-15,1800,N,VIIRS,n,2,292.17,1.13,N,2
34.02977,116.80484,312.92,0.39,0.36,2021-09-15,1800,N,VIIRS,n,2,293.41,1.4,N,2
34.12101,112.81213,302.1,0.49,0.4,2021-09-15,1800,N,VIIRS,n,2,290.49,1.08,N,2
34.12395,112.81123,320.23,0.49,0.4,2021-09-15,1800,N,VIIRS,n,2,291.08,2.06,N,2
34.12474,112.81276,319.71,0.49,0.4,2021-09-15,1800,N,VIIRS,n,2,291.38,1.98,N,2
34.16904,115.96534,303.25,0.39,0.36,2021-09-15,1800,N,VIIRS,n,2,292.16,0.54,N,0
34.40158,112.57458,315.75,0.51,0.41,2021-09-15,1800,N,VIIRS,n,2,290.29,1.98,N,2
26.78102,117.77483,306.39,0.43,0.38,2021-09-15,1801,N,VIIRS,n,2,293.14,0.8,N,0
26.78183,117.7776,308.27,0.43,0.38,2021-09-15,1801,N,VIIRS,n,2,293.75,0.93,N,0
27.06933,115.73985,306.67,0.39,0.36,2021-09-15,1801,N,VIIRS,n,2,293.39,0.8,N,2
27.38035,114.54804,305.29,0.39,0.36,2021-09-15,1801,N,VIIRS,n,2,291.88,0.45,N,0
27.40886,116.66773,306.93,0.39,0.36,2021-09-15,1801,N,VIIRS,n,2,293.11,0.67,N,2
27.6172,113.72848,306.25,0.4,0.37,2021-09-15,1801,N,VIIRS,n,2,293.97,0.57,N,2
27.6209,113.67905,307.33,0.4,0.37,2021-09-15,1801,N,VIIRS,n,2,294,0.78,N,2
27.62196,111.41789,306.59,0.49,0.4,2021-09-15,1801,N,VIIRS,n,2,290.81,1.01,N,2
27.62337,113.73376,310.25,0.4,0.37,2021-09-15,1801,N,VIIRS,n,2,293.03,1.76,N,2
27.637,113.90596,307.6,0.4,0.37,2021-09-15,1801,N,VIIRS,n,2,293.13,0.49,N,2
27.68889,111.44014,307.99,0.49,0.4,2021-09-15,1801,N,VIIRS,n,2,291.07,2.27,N,2
27.69197,111.44568,303.74,0.49,0.4,2021-09-15,1801,N,VIIRS,n,2,290.52,0.97,N,2
27.6971,113.82569,310.69,0.4,0.37,2021-09-15,1801,N,VIIRS,n,2,292.94,1.52,N,2
27.73117,112.21853,307.23,0.45,0.39,2021-09-15,1801,N,VIIRS,n,2,291.11,1.04,N,2
27.73509,111.96882,306.82,0.46,0.39,2021-09-15,1801,N,VIIRS,n,2,292.08,1.42,N,2
27.74777,111.95661,306.48,0.46,0.39,2021-09-15,1801,N,VIIRS,n,2,291.49,1.79,N,2
27.75377,111.96712,306.15,0.46,0.39,2021-09-15,1801,N,VIIRS,n,2,292.19,2.45,N,3
27.77781,114.91789,308.98,0.39,0.36,2021-09-15,1801,N,VIIRS,n,2,295.1,1.11,N,2
27.7784,114.91399,314.14,0.39,0.36,2021-09-15,1801,N,VIIRS,n,2,295.75,1.11,N,2
27.77992,114.92632,320.24,0.39,0.36,2021-09-15,1801,N,VIIRS,n,2,294.94,1.3,N,2
27.7802,114.90231,308.08,0.39,0.36,2021-09-15,1801,N,VIIRS,n,2,297.19,1.6,N,2
27.78052,114.92242,317.34,0.39,0.36,2021-09-15,1801,N,VIIRS,n,2,295.39,1.3,N,2
27.78112,114.91853,308.38,0.39,0.36,2021-09-15,1801,N,VIIRS,n,2,296.63,0.97,N,2
27.78172,114.91463,305.19,0.39,0.36,2021-09-15,1801,N,VIIRS,n,2,295.05,0.97,N,2
27.78383,114.92307,311.71,0.39,0.36,2021-09-15,1801,N,VIIRS,n,2,297.64,1.3,N,2
27.78443,114.91916,307.56,0.39,0.36,2021-09-15,1801,N,VIIRS,n,2,297.38,0.97,N,2
27.78834,114.91592,307.51,0.39,0.36,2021-09-15,1801,N,VIIRS,n,2,294.84,1.3,N,0
27.81066,112.90011,328.72,0.43,0.38,2021-09-15,1801,N,VIIRS,n,2,295.56,2.88,N,2
27.81125,112.89579,316.08,0.43,0.38,2021-09-15,1801,N,VIIRS,n,2,294.47,2.88,N,2
27.83361,111.17324,311.17,0.5,0.41,2021-09-15,1801,N,VIIRS,n,2,291.02,1.64,N,2
27.83663,114.63831,305.48,0.39,0.36,2021-09-15,1801,N,VIIRS,n,2,293.62,0.88,N,0
27.83736,111.17391,309.82,0.5,0.41,2021-09-15,1801,N,VIIRS,n,2,290.57,1.85,N,2
27.85387,114.7506,303.09,0.39,0.36,2021-09-15,1801,N,VIIRS,n,2,292.93,0.85,N,2
27.85778,114.74731,307.85,0.39,0.36,2021-09-15,1801,N,VIIRS,n,2,293.11,1.34,N,2
27.97221,114.39616,309.75,0.39,0.36,2021-09-15,1801,N,VIIRS,n,2,295.58,1.16,N,2
27.98297,112.84862,307.43,0.43,0.38,2021-09-15,1801,N,VIIRS,n,2,292.16,1.27,N,2
27.98373,112.84657,310.72,0.43,0.38,2021-09-15,1801,N,VIIRS,n,2,292.64,1.16,N,2
28.11883,113.34276,305.24,0.41,0.37,2021-09-15,1801,N,VIIRS,n,2,293.32,0.8,N,0
28.15099,115.50378,316.58,0.38,0.36,2021-09-15,1801,N,VIIRS,n,2,295.98,1.81,N,2
28.17981,114.62783,306.66,0.39,0.36,2021-09-15,1801,N,VIIRS,n,2,293.53,0.63,N,2
28.18608,113.30524,305.52,0.42,0.37,2021-09-15,1801,N,VIIRS,n,2,293.43,0.93,N,0
28.22198,115.69746,307.21,0.38,0.36,2021-09-15,1801,N,VIIRS,n,2,295.85,0.78,N,2
28.22499,112.68131,304.26,0.44,0.38,2021-09-15,1801,N,VIIRS,n,2,291.71,0.74,N,2
28.25115,111.88271,311.31,0.47,0.4,2021-09-15,1801,N,VIIRS,n,2,289.05,0.93,N,0
28.26928,112.27927,303.49,0.45,0.39,2021-09-15,1801,N,VIIRS,n,2,290.55,0.88,N,2
28.28676,115.71854,309.4,0.38,0.36,2021-09-15,1801,N,VIIRS,n,2,296.12,1.25,N,2
28.33129,117.23069,314.28,0.4,0.37,2021-09-15,1801,N,VIIRS,n,2,293.5,1.27,N,2
28.33334,117.21857,312.3,0.4,0.37,2021-09-15,1801,N,VIIRS,n,2,295.44,2.07,N,2
28.33806,117.21121,314.03,0.4,0.37,2021-09-15,1801,N,VIIRS,n,2,295.29,1.13,N,2
28.62854,117.37988,330.86,0.4,0.37,2021-09-15,1801,N,VIIRS,n,2,296.98,3.57,N,2
28.64652,115.9934,312.21,0.38,0.36,2021-09-15,1801,N,VIIRS,n,2,286.25,0.81,N,2
28.69972,117.08145,307.61,0.4,0.37,2021-09-15,1801,N,VIIRS,n,2,292.33,0.63,N,2
28.70487,118.31771,296.55,0.42,0.38,2021-09-15,1801,N,VIIRS,n,2,281.21,0.25,N,2
28.88859,118.87581,307.11,0.44,0.38,2021-09-15,1801,N,VIIRS,n,2,294.49,0.81,N,2
28.88941,118.87133,309.81,0.44,0.38,2021-09-15,1801,N,VIIRS,n,2,296.39,1.63,N,2
28.89022,118.86687,311.02,0.44,0.38,2021-09-15,1801,N,VIIRS,n,2,295.05,1.63,N,2
28.89454,118.86326,307.12,0.44,0.38,2021-09-15,1801,N,VIIRS,n,2,295.9,1.2,N,2
29.11984,117.33517,311.19,0.4,0.37,2021-09-15,1801,N,VIIRS,n,2,294.61,1.19,N,2
29.14828,119.5651,306.59,0.47,0.39,2021-09-15,1801,N,VIIRS,n,2,290.97,1.19,N,2
29.15353,119.53663,309.71,0.47,0.39,2021-09-15,1801,N,VIIRS,n,2,285.88,1.95,N,2
29.18658,119.51987,303.9,0.46,0.39,2021-09-15,1801,N,VIIRS,n,2,290.24,1.38,N,0
29.18767,119.5181,303.46,0.46,0.39,2021-09-15,1801,N,VIIRS,n,2,290.35,0.67,N,0
29.25222,117.17434,318.22,0.39,0.36,2021-09-15,1801,N,VIIRS,n,2,296.45,1.94,N,2
29.33318,119.05093,323.26,0.44,0.39,2021-09-15,1801,N,VIIRS,n,2,292.94,2.52,N,2
29.38672,112.10373,308.92,0.47,0.4,2021-09-15,1801,N,VIIRS,n,2,291.11,1.14,N,0
29.42318,119.15501,301.44,0.45,0.39,2021-09-15,1801,N,VIIRS,n,2,290.57,0.67,N,0
29.42402,119.15044,306.48,0.45,0.39,2021-09-15,1801,N,VIIRS,n,2,291.17,0.67,N,2
29.50396,112.20494,304.03,0.47,0.4,2021-09-15,1801,N,VIIRS,n,2,290.95,0.91,N,0
29.50919,113.40796,305.16,0.42,0.38,2021-09-15,1801,N,VIIRS,n,2,292.4,0.57,N,2
29.62675,111.3064,306.42,0.52,0.41,2021-09-15,1801,N,VIIRS,n,2,290.41,1.49,N,2
29.89434,115.44417,318.66,0.39,0.36,2021-09-15,1801,N,VIIRS,n,2,296.05,1.36,N,2
29.90944,115.38973,307.35,0.39,0.36,2021-09-15,1801,N,VIIRS,n,2,294.42,0.57,N,2
29.9255,116.56451,306.58,0.39,0.36,2021-09-15,1801,N,VIIRS,n,2,293.29,0.9,N,2
29.94289,115.3718,312.54,0.39,0.36,2021-09-15,1801,N,VIIRS,n,2,295.11,1.58,N,0
30.11389,115.27265,321.9,0.39,0.36,2021-09-15,1801,N,VIIRS,n,2,297.42,1.73,N,2
30.15906,114.78616,309.99,0.39,0.37,2021-09-15,1801,N,VIIRS,n,2,296.29,0.71,N,2
30.16102,115.06516,310.27,0.39,0.36,2021-09-15,1801,N,VIIRS,n,2,295.83,1.12,N,2
30.17503,114.91079,313.32,0.39,0.36,2021-09-15,1801,N,VIIRS,n,2,296.59,1.26,N,2
30.20548,114.85668,312.64,0.39,0.36,2021-09-15,1801,N,VIIRS,n,2,295.68,1.2,N,2
30.2068,115.14897,307.89,0.39,0.36,2021-09-15,1801,N,VIIRS,n,2,297.14,1.9,N,2
30.27775,114.33159,306.37,0.4,0.37,2021-09-15,1801,N,VIIRS,n,2,294.66,1.01,N,0
30.31623,111.49264,306.62,0.52,0.41,2021-09-15,1801,N,VIIRS,n,2,290.92,1.29,N,2
30.31795,111.49182,308.04,0.52,0.41,2021-09-15,1801,N,VIIRS,n,2,291.32,1.3,N,2
30.39182,114.86209,312.83,0.39,0.37,2021-09-15,1801,N,VIIRS,n,2,296.21,1.59,N,2
30.39637,114.85455,311.92,0.39,0.37,2021-09-15,1801,N,VIIRS,n,2,297.71,2.03,N,2
30.5217,111.22723,302.21,0.53,0.42,2021-09-15,1801,N,VIIRS,n,2,289.86,0.76,N,2
30.61803,114.46078,309.18,0.4,0.37,2021-09-15,1801,N,VIIRS,n,2,295.7,1.47,N,2
30.61863,114.45659,313.2,0.4,0.37,2021-09-15,1801,N,VIIRS,n,2,297.77,2.83,N,2
30.62042,114.44401,310.83,0.4,0.37,2021-09-15,1801,N,VIIRS,n,2,296.05,1.57,N,2
30.62141,114.46142,305.25,0.4,0.37,2021-09-15,1801,N,VIIRS,n,2,294.77,0.52,N,2
30.62321,114.44884,308.15,0.4,0.37,2021-09-15,1801,N,VIIRS,n,2,296.03,1.8,N,2
30.63396,114.4466,314.39,0.4,0.37,2021-09-15,1801,N,VIIRS,n,2,298.68,2.37,N,2
30.63456,114.44241,311.16,0.4,0.37,2021-09-15,1801,N,VIIRS,n,2,297.67,2.66,N,2
30.63576,114.43401,322,0.4,0.37,2021-09-15,1801,N,VIIRS,n,2,298.26,2.7,N,2
30.63735,114.44724,316.18,0.4,0.37,2021-09-15,1801,N,VIIRS,n,2,298.6,1.73,N,2
30.84267,113.06213,304.55,0.45,0.39,2021-09-15,1801,N,VIIRS,n,2,292.98,0.62,N,2
30.86584,111.6404,310.68,0.51,0.41,2021-09-15,1801,N,VIIRS,n,2,290.8,1.79,N,2
30.95671,113.17991,307.21,0.44,0.39,2021-09-15,1801,N,VIIRS,n,2,293.07,1.15,N,2
31.17894,110.74584,302.18,0.38,0.43,2021-09-15,1801,N,VIIRS,n,2,289.09,0.52,N,0
23.25208,116.37705,319.64,0.41,0.37,2021-09-15,1802,N,VIIRS,n,2,295.07,1.07,N,0
23.29509,116.49758,325.35,0.42,0.37,2021-09-15,1802,N,VIIRS,n,2,294.97,1.64,N,0
23.61584,114.39066,299.23,0.38,0.36,2021-09-15,1802,N,VIIRS,n,2,281.95,0.24,N,0
23.96353,116.38099,303.54,0.41,0.37,2021-09-15,1802,N,VIIRS,n,2,293.05,0.4,N,0
24.0773,114.94162,311.69,0.39,0.36,2021-09-15,1802,N,VIIRS,n,2,294.27,0.76,N,2
24.0779,114.93787,305.8,0.39,0.36,2021-09-15,1802,N,VIIRS,n,2,292.63,0.76,N,2
24.10167,112.77714,303.1,0.4,0.37,2021-09-15,1802,N,VIIRS,n,2,287.38,1.1,N,2
24.17322,112.76377,311.33,0.4,0.37,2021-09-15,1802,N,VIIRS,n,2,286.1,0.63,N,2
24.18436,113.95416,306.05,0.39,0.36,2021-09-15,1802,N,VIIRS,n,2,276.19,1.03,N,2
24.2239,120.49055,310.65,0.41,0.45,2021-09-15,1802,N,VIIRS,n,2,292.21,3.88,N,2
24.25351,113.40562,309.45,0.39,0.36,2021-09-15,1802,N,VIIRS,n,2,290.05,1.34,N,2
24.43016,116.29736,306.52,0.4,0.37,2021-09-15,1802,N,VIIRS,n,2,294.53,0.75,N,2
24.45666,116.12026,312.33,0.4,0.37,2021-09-15,1802,N,VIIRS,n,2,295.11,1.71,N,2
24.50826,113.67528,305.23,0.39,0.36,2021-09-15,1802,N,VIIRS,n,2,291.6,0.64,N,2
24.53094,115.86217,304.77,0.39,0.36,2021-09-15,1802,N,VIIRS,n,2,293.69,0.8,N,0
24.55071,116.15929,317,0.4,0.37,2021-09-15,1802,N,VIIRS,n,2,295.54,1.37,N,2
24.55136,116.15541,307.59,0.4,0.37,2021-09-15,1802,N,VIIRS,n,2,294.24,1.37,N,2
24.69918,113.64062,310.53,0.39,0.36,2021-09-15,1802,N,VIIRS,n,2,293.38,0.99,N,2
24.70252,113.6412,306.49,0.39,0.36,2021-09-15,1802,N,VIIRS,n,2,292.32,0.99,N,2
24.7031,113.63734,310.28,0.39,0.36,2021-09-15,1802,N,VIIRS,n,2,292.62,2.03,N,2
24.70484,113.62578,315.12,0.39,0.36,2021-09-15,1802,N,VIIRS,n,2,292.68,1.54,N,2
24.70542,113.62193,310.53,0.39,0.36,2021-09-15,1802,N,VIIRS,n,2,293.38,1.98,N,2
24.70586,113.64179,308.94,0.39,0.36,2021-09-15,1802,N,VIIRS,n,2,292.69,1.97,N,2
24.70644,113.63794,309.56,0.39,0.36,2021-09-15,1802,N,VIIRS,n,2,292.3,1.7,N,2
24.73989,116.18288,329.56,0.4,0.37,2021-09-15,1802,N,VIIRS,n,2,297.36,3.55,N,2
24.75601,116.19014,307.9,0.4,0.37,2021-09-15,1802,N,VIIRS,n,2,295.14,1.15,N,2
24.82384,117.01335,304.23,0.42,0.38,2021-09-15,1802,N,VIIRS,n,2,293.11,0.75,N,2
24.86354,116.19837,312.11,0.4,0.37,2021-09-15,1802,N,VIIRS,n,2,295.18,0.72,N,2
25.01497,116.42696,306.79,0.4,0.37,2021-09-15,1802,N,VIIRS,n,2,294.72,0.69,N,2
25.04807,117.07817,305.62,0.42,0.38,2021-09-15,1802,N,VIIRS,n,2,292,0.83,N,2
25.05069,117.07736,307.16,0.42,0.38,2021-09-15,1802,N,VIIRS,n,2,292.66,0.66,N,2
25.05219,117.07487,307.36,0.42,0.38,2021-09-15,1802,N,VIIRS,n,2,293.2,0.74,N,2
25.05421,117.05719,310.58,0.42,0.38,2021-09-15,1802,N,VIIRS,n,2,293.21,1.36,N,2
25.05496,117.05871,313.17,0.42,0.38,2021-09-15,1802,N,VIIRS,n,2,293.73,1.53,N,2
25.1448,117.15974,305.95,0.42,0.38,2021-09-15,1802,N,VIIRS,n,2,292.27,1.13,N,2
25.14698,117.15755,309.61,0.42,0.38,2021-09-15,1802,N,VIIRS,n,2,293.02,1.19,N,2
25.18257,116.72155,317.91,0.41,0.37,2021-09-15,1802,N,VIIRS,n,2,293.9,2.12,N,2
25.23055,102.53963,295.74,0.51,0.66,2021-09-15,1802,N,VIIRS,n,2,284.07,0.79,N,2
25.28679,103.93182,296.73,0.42,0.61,2021-09-15,1802,N,VIIRS,n,2,284.27,1.63,N,2
25.29569,103.89385,298.58,0.42,0.61,2021-09-15,1802,N,VIIRS,n,2,284.5,1.22,N,2
25.30175,103.89011,297.64,0.42,0.61,2021-09-15,1802,N,VIIRS,n,2,283.41,2.05,N,2
25.43045,118.01999,302.89,0.45,0.39,2021-09-15,1802,N,VIIRS,n,2,290.39,1.22,N,2
25.45143,114.89104,310.24,0.38,0.36,2021-09-15,1802,N,VIIRS,n,2,295.34,1.41,N,2
25.45474,114.89168,312.96,0.38,0.36,2021-09-15,1802,N,VIIRS,n,2,294.57,1.13,N,2
25.45534,114.88786,311.18,0.38,0.36,2021-09-15,1802,N,VIIRS,n,2,294.56,1.13,N,2
25.55896,112.35683,306.33,0.43,0.38,2021-09-15,1802,N,VIIRS,n,2,291.87,1.09,N,2
25.71542,112.89458,309.04,0.41,0.37,2021-09-15,1802,N,VIIRS,n,2,291.98,0.87,N,2
25.81448,115.46488,312.76,0.39,0.36,2021-09-15,1802,N,VIIRS,n,2,294.63,1.14,N,2
25.84161,115.88132,322.55,0.39,0.36,2021-09-15,1802,N,VIIRS,n,2,295.59,1.84,N,2
25.84414,115.86588,309.18,0.39,0.36,2021-09-15,1802,N,VIIRS,n,2,294.34,0.79,N,2
25.95897,113.23841,305.79,0.4,0.37,2021-09-15,1802,N,VIIRS,n,2,292.61,1.48,N,2
26.02677,117.15623,312.96,0.41,0.37,2021-09-15,1802,N,VIIRS,n,2,293.73,1.83,N,2
26.25403,117.61184,306.13,0.42,0.38,2021-09-15,1802,N,VIIRS,n,2,293.3,1.62,N,0
26.25437,113.31599,304.33,0.4,0.37,2021-09-15,1802,N,VIIRS,n,2,290.62,0.66,N,0
26.25824,117.60824,313.58,0.42,0.38,2021-09-15,1802,N,VIIRS,n,2,294.92,2.34,N,2
26.34092,112.80959,312.19,0.42,0.37,2021-09-15,1802,N,VIIRS,n,2,292.67,1.73,N,2
26.39618,115.76908,307.64,0.39,0.36,2021-09-15,1802,N,VIIRS,n,2,293.07,0.79,N,2
26.43663,113.13786,306.11,0.41,0.37,2021-09-15,1802,N,VIIRS,n,2,291.32,0.49,N,0
26.44004,113.13847,314.04,0.41,0.37,2021-09-15,1802,N,VIIRS,n,2,291.31,0.76,N,0
26.57891,112.60133,306.63,0.43,0.38,2021-09-15,1802,N,VIIRS,n,2,292.15,1.57,N,0
26.62132,101.45385,307.83,0.61,0.71,2021-09-15,1802,N,VIIRS,n,2,284.23,2.11,N,2
26.63631,101.42771,295.58,0.62,0.71,2021-09-15,1802,N,VIIRS,n,2,279.14,2.81,N,2
26.71844,111.83148,309.57,0.46,0.39,2021-09-15,1802,N,VIIRS,n,2,291.8,1.35,N,2
26.72043,111.83421,317.94,0.46,0.39,2021-09-15,1802,N,VIIRS,n,2,293.03,1.98,N,2
26.72203,111.83215,306.95,0.46,0.39,2021-09-15,1802,N,VIIRS,n,2,291.84,1.35,N,2
27.0004,114.40002,327.39,0.39,0.36,2021-09-15,1802,N,VIIRS,n,2,307.65,37.42,N,0
27.00313,114.40458,349.08,0.39,0.36,2021-09-15,1802,N,VIIRS,n,2,307.36,64.26,N,0
27.00372,114.40066,330.62,0.39,0.36,2021-09-15,1802,N,VIIRS,n,2,295.32,37.42,N,0
27.00572,114.4041,304.59,0.39,0.36,2021-09-15,1802,N,VIIRS,n,2,294.07,0.92,N,0
27.13303,111.49425,303.29,0.48,0.4,2021-09-15,1802,N,VIIRS,n,2,290.51,1.1,N,2
27.17065,111.40659,306.41,0.48,0.4,2021-09-15,1802,N,VIIRS,n,2,290.54,1.26,N,2
27.39916,111.98694,311.14,0.46,0.39,2021-09-15,1802,N,VIIRS,n,2,291.7,1.23,N,0
27.40276,111.98753,310.97,0.46,0.39,2021-09-15,1802,N,VIIRS,n,2,292.26,0.89,N,2
21.5596,108.44179,301.02,0.4,0.44,2021-09-15,1803,N,VIIRS,n,2,278.48,1.39,N,2
21.76784,108.58708,306.85,0.39,0.44,2021-09-15,1803,N,VIIRS,n,2,285.45,1.27,N,0
21.76814,108.58627,318.58,0.39,0.44,2021-09-15,1803,N,VIIRS,n,2,286.1,2.11,N,0
18.7551,109.21553,306.59,0.5,0.41,2021-09-15,1804,N,VIIRS,n,2,288.43,0.75,N,0
19.23435,108.99936,304.16,0.52,0.41,2021-09-15,1804,N,VIIRS,n,2,279.38,1.44,N,2
19.23677,108.99707,299.2,0.52,0.41,2021-09-15,1804,N,VIIRS,n,2,278.29,0.47,N,2
19.4356,112.10904,313.96,0.39,0.37,2021-09-15,1804,N,VIIRS,n,2,289.67,0.6,N,3
52.60839,103.90165,300.25,0.46,0.39,2021-09-15,1935,N,VIIRS,n,2,277.54,1.13,N,2
45.93738,108.95094,295.45,0.35,0.56,2021-09-15,1937,N,VIIRS,n,2,280.02,0.5,N,0
48.45208,76.17062,305.03,0.77,0.77,2021-09-15,1937,N,VIIRS,n,2,276.33,2.69,N,0
48.4522,76.16782,298.2,0.77,0.77,2021-09-15,1937,N,VIIRS,n,2,276.04,2.84,N,0
48.45292,76.20057,295.75,0.76,0.77,2021-09-15,1937,N,VIIRS,n,2,272.11,2.26,N,0
48.45294,76.2034,308.99,0.76,0.77,2021-09-15,1937,N,VIIRS,n,2,272.28,2.57,N,0
49.64244,83.57587,318.9,0.36,0.57,2021-09-15,1937,N,VIIRS,n,2,282.03,1.84,N,2
49.64424,83.57359,318.87,0.36,0.57,2021-09-15,1937,N,VIIRS,n,2,283.02,2.48,N,2
49.99309,82.606,295.58,0.4,0.6,2021-09-15,1937,N,VIIRS,n,2,279.8,0.8,N,2
50.35482,83.49501,309.99,0.37,0.58,2021-09-15,1937,N,VIIRS,n,2,279.37,1.27,N,2
40.92423,106.77692,309.12,0.38,0.59,2021-09-15,1938,N,VIIRS,n,2,284.3,0.57,N,0
43.13051,92.59003,317.37,0.4,0.37,2021-09-15,1938,N,VIIRS,n,2,290.58,2.3,N,2
43.67551,95.00603,304.39,0.38,0.36,2021-09-15,1938,N,VIIRS,n,2,290.31,0.5,N,0
43.67625,95.00131,301.95,0.38,0.36,2021-09-15,1938,N,VIIRS,n,2,290.88,0.5,N,0
43.67984,95.02215,311.9,0.38,0.36,2021-09-15,1938,N,VIIRS,n,2,291.39,0.92,N,2
43.68312,95.02313,317,0.38,0.36,2021-09-15,1938,N,VIIRS,n,2,291.27,2.24,N,2
43.68356,94.99855,309.32,0.38,0.36,2021-09-15,1938,N,VIIRS,n,2,293.46,1.17,N,2
43.68492,95.03355,311.57,0.38,0.36,2021-09-15,1938,N,VIIRS,n,2,292.62,0.69,N,0
43.6864,95.02411,328.91,0.38,0.36,2021-09-15,1938,N,VIIRS,n,2,296.17,2.24,N,2
43.68968,95.02509,301.37,0.38,0.36,2021-09-15,1938,N,VIIRS,n,2,291,0.85,N,2
43.69339,95.00148,319.7,0.38,0.36,2021-09-15,1938,N,VIIRS,n,2,295.31,2.03,N,2
43.70205,95.03373,300.72,0.38,0.36,2021-09-15,1938,N,VIIRS,n,2,290.26,0.59,N,2
43.70472,94.99498,326.06,0.38,0.36,2021-09-15,1938,N,VIIRS,n,2,289.75,1.3,N,2
43.70546,94.99026,310.27,0.38,0.36,2021-09-15,1938,N,VIIRS,n,2,290.56,1.3,N,2
43.78301,87.3902,296.21,0.42,0.45,2021-09-15,1938,N,VIIRS,n,2,284.08,0.8,N,2
43.83846,87.29247,302.09,0.43,0.46,2021-09-15,1938,N,VIIRS,n,2,287.84,1.78,N,0
43.94997,94.12613,310.06,0.39,0.36,2021-09-15,1938,N,VIIRS,n,2,288.18,0.85,N,2
44.08133,88.40955,317.38,0.38,0.43,2021-09-15,1938,N,VIIRS,n,2,286.64,1.39,N,0
44.08459,88.46029,298.54,0.57,0.43,2021-09-15,1938,N,VIIRS,n,2,287.59,1.13,N,2
44.08792,88.46796,302.08,0.57,0.43,2021-09-15,1938,N,VIIRS,n,2,288.03,1.13,N,2
44.0886,88.46087,304.76,0.57,0.43,2021-09-15,1938,N,VIIRS,n,2,286.4,1.13,N,2
44.13839,86.11712,296.27,0.49,0.49,2021-09-15,1938,N,VIIRS,n,2,283.07,1.2,N,0
44.14291,88.19532,301.02,0.39,0.44,2021-09-15,1938,N,VIIRS,n,2,288.24,0.84,N,2
44.14333,87.78869,303.53,0.41,0.45,2021-09-15,1938,N,VIIRS,n,2,288.91,1.32,N,2
44.16276,80.7505,298.65,0.45,0.63,2021-09-15,1938,N,VIIRS,n,2,285.39,0.78,N,0
44.3279,93.27655,298.58,0.4,0.37,2021-09-15,1938,N,VIIRS,n,2,286.23,0.53,N,2
44.32866,93.27312,297.13,0.4,0.37,2021-09-15,1938,N,VIIRS,n,2,286.42,0.77,N,2
44.3327,93.26904,304.65,0.4,0.37,2021-09-15,1938,N,VIIRS,n,2,289.01,0.77,N,2
44.35304,93.22267,300.39,0.4,0.37,2021-09-15,1938,N,VIIRS,n,2,287.92,0.29,N,0
44.35442,93.21265,300.62,0.4,0.37,2021-09-15,1938,N,VIIRS,n,2,288.66,0.93,N,0
44.46651,90.70266,302.52,0.47,0.4,2021-09-15,1938,N,VIIRS,n,2,287.03,0.66,N,2
44.46695,90.66618,310.12,0.47,0.4,2021-09-15,1938,N,VIIRS,n,2,286.59,1.06,N,2
44.67992,89.08173,313.44,0.55,0.42,2021-09-15,1938,N,VIIRS,n,2,290.94,2,N,2
44.71531,82.06734,304.97,0.39,0.59,2021-09-15,1938,N,VIIRS,n,2,288.13,0.84,N,2
44.71937,90.26163,304,0.49,0.4,2021-09-15,1938,N,VIIRS,n,2,289.17,1.31,N,2
44.72308,90.26246,327.61,0.49,0.4,2021-09-15,1938,N,VIIRS,n,2,292.03,2.5,N,2
44.7268,90.26328,314.46,0.49,0.4,2021-09-15,1938,N,VIIRS,n,2,289.28,2.5,N,2
44.73932,90.25326,318.7,0.49,0.4,2021-09-15,1938,N,VIIRS,n,2,292.28,2.09,N,2
44.74,90.24702,305.6,0.49,0.4,2021-09-15,1938,N,VIIRS,n,2,287.91,2.17,N,2
44.7542,82.07114,305.28,0.39,0.59,2021-09-15,1938,N,VIIRS,n,2,288.43,0.69,N,2
44.80354,84.88613,305.94,0.57,0.52,2021-09-15,1938,N,VIIRS,n,2,284.3,0.98,N,0
44.91123,89.18537,323.51,0.54,0.42,2021-09-15,1938,N,VIIRS,n,2,292.09,3.59,N,2
45.54742,80.89407,295.51,0.45,0.63,2021-09-15,1938,N,VIIRS,n,2,280.63,1.51,N,0
45.54757,80.88896,304.84,0.45,0.63,2021-09-15,1938,N,VIIRS,n,2,281.21,2.03,N,0
45.55019,80.89228,297.71,0.45,0.63,2021-09-15,1938,N,VIIRS,n,2,280.42,1.09,N,0
45.55031,80.88686,305.95,0.45,0.63,2021-09-15,1938,N,VIIRS,n,2,282.24,1.09,N,0
45.59156,80.01492,343.45,0.5,0.66,2021-09-15,1938,N,VIIRS,n,2,284.6,5.68,N,0
45.59326,80.01725,335.05,0.5,0.66,2021-09-15,1938,N,VIIRS,n,2,282.83,3.82,N,0
38.48521,102.23748,299.74,0.52,0.5,2021-09-15,1939,N,VIIRS,n,2,284.41,1.17,N,2
38.498,102.20441,325.03,0.52,0.5,2021-09-15,1939,N,VIIRS,n,2,283.35,3.7,N,0
38.51405,105.97407,297.57,0.4,0.6,2021-09-15,1939,N,VIIRS,n,2,266.94,1.14,N,2
38.91154,106.44659,296.85,0.42,0.61,2021-09-15,1939,N,VIIRS,n,2,280.1,0.8,N,2
38.91411,106.43731,300.72,0.42,0.61,2021-09-15,1939,N,VIIRS,n,2,280.22,1.36,N,2
38.91819,106.44442,296.42,0.42,0.61,2021-09-15,1939,N,VIIRS,n,2,279.49,0.46,N,2
38.94703,106.4614,296.5,0.42,0.61,2021-09-15,1939,N,VIIRS,n,2,282.97,0.79,N,2
39.0704,106.06152,297.82,0.39,0.6,2021-09-15,1939,N,VIIRS,n,2,283.59,1.12,N,2
39.15524,106.62932,297.16,0.42,0.61,2021-09-15,1939,N,VIIRS,n,2,281.93,0.76,N,2
39.22019,106.69217,304.01,0.42,0.61,2021-09-15,1939,N,VIIRS,n,2,283.99,1.39,N,2
39.32895,106.98674,295.09,0.43,0.62,2021-09-15,1939,N,VIIRS,n,2,278.82,1.23,N,2
39.33026,106.98206,301.82,0.43,0.62,2021-09-15,1939,N,VIIRS,n,2,280.4,2.11,N,2
39.35324,106.98779,295.78,0.43,0.62,2021-09-15,1939,N,VIIRS,n,2,282.9,0.84,N,2
39.36658,106.96203,296.73,0.43,0.62,2021-09-15,1939,N,VIIRS,n,2,280.3,0.96,N,2
39.36865,106.96403,299.69,0.43,0.62,2021-09-15,1939,N,VIIRS,n,2,282.5,1.15,N,2
39.41859,106.68759,295.32,0.41,0.61,2021-09-15,1939,N,VIIRS,n,2,284.07,0.43,N,0
39.46418,107.1319,302.41,0.44,0.62,2021-09-15,1939,N,VIIRS,n,2,283.06,0.88,N,0
39.59194,94.3089,297.77,0.39,0.36,2021-09-15,1939,N,VIIRS,n,2,284.86,0.69,N,2
39.79118,97.89432,296.28,0.47,0.39,2021-09-15,1939,N,VIIRS,n,2,283.16,0.77,N,0
39.79223,97.88894,298.91,0.47,0.39,2021-09-15,1939,N,VIIRS,n,2,285.22,0.77,N,2
39.80785,98.28995,297.28,0.48,0.4,2021-09-15,1939,N,VIIRS,n,2,285.17,0.54,N,2
39.81034,98.29673,300.17,0.48,0.4,2021-09-15,1939,N,VIIRS,n,2,287.29,1.12,N,2
39.81145,98.29117,311.04,0.48,0.4,2021-09-15,1939,N,VIIRS,n,2,287.83,2.8,N,2
39.81867,106.78418,295.55,0.41,0.61,2021-09-15,1939,N,VIIRS,n,2,285.08,0.65,N,2
39.82134,98.24139,295.43,0.48,0.4,2021-09-15,1939,N,VIIRS,n,2,284.39,0.74,N,2
39.82445,98.28377,301.79,0.48,0.4,2021-09-15,1939,N,VIIRS,n,2,288.83,2.12,N,0
39.83593,106.787,297.47,0.41,0.61,2021-09-15,1939,N,VIIRS,n,2,285.52,0.81,N,2
39.84079,106.78802,296.12,0.41,0.6,2021-09-15,1939,N,VIIRS,n,2,284.76,0.96,N,2
39.84125,106.78946,298.25,0.41,0.61,2021-09-15,1939,N,VIIRS,n,2,284.74,0.81,N,2
39.84213,98.27206,309.06,0.48,0.4,2021-09-15,1939,N,VIIRS,n,2,282.91,1.75,N,2
39.8425,106.78497,308.9,0.41,0.6,2021-09-15,1939,N,VIIRS,n,2,285.26,2.1,N,2
39.8436,106.90591,296.41,0.41,0.61,2021-09-15,1939,N,VIIRS,n,2,284.07,0.67,N,2
39.84464,98.27884,316.39,0.48,0.4,2021-09-15,1939,N,VIIRS,n,2,283.33,1.3,N,2
39.84573,98.27328,298.14,0.48,0.4,2021-09-15,1939,N,VIIRS,n,2,282.41,1.3,N,2
39.84791,98.26226,336.03,0.48,0.4,2021-09-15,1939,N,VIIRS,n,2,283.73,7.67,N,2
39.85002,106.90462,295.13,0.41,0.61,2021-09-15,1939,N,VIIRS,n,2,284.45,0.67,N,2
39.8515,98.2635,332.92,0.48,0.4,2021-09-15,1939,N,VIIRS,n,2,284.96,7.67,N,2
39.85663,106.90263,298.82,0.41,0.61,2021-09-15,1939,N,VIIRS,n,2,285.44,1.19,N,2
39.85773,106.87732,295.35,0.41,0.61,2021-09-15,1939,N,VIIRS,n,2,283.85,0.78,N,2
39.86086,98.25494,311.41,0.48,0.4,2021-09-15,1939,N,VIIRS,n,2,286.59,1.55,N,2
39.86301,106.88002,306.04,0.41,0.61,2021-09-15,1939,N,VIIRS,n,2,286.96,1.63,N,2
39.86325,106.90062,301.83,0.41,0.61,2021-09-15,1939,N,VIIRS,n,2,286.38,1.19,N,2
39.91108,106.79472,299.09,0.41,0.6,2021-09-15,1939,N,VIIRS,n,2,286.95,0.69,N,2
40.20746,94.56487,297.62,0.39,0.36,2021-09-15,1939,N,VIIRS,n,2,285.03,0.54,N,0
40.50404,82.75835,326.25,0.33,0.56,2021-09-15,1939,N,VIIRS,n,2,285.47,2.71,N,0
40.62919,82.94327,300.8,0.33,0.55,2021-09-15,1939,N,VIIRS,n,2,284.27,0.68,N,0
41.81824,88.87306,329.99,0.52,0.41,2021-09-15,1939,N,VIIRS,n,2,290.57,2.66,N,0
41.81892,88.86681,304.14,0.52,0.41,2021-09-15,1939,N,VIIRS,n,2,286.45,2.66,N,0
41.81934,88.89859,331.82,0.52,0.41,2021-09-15,1939,N,VIIRS,n,2,291.67,5.3,N,0
41.82206,88.87372,323.88,0.52,0.41,2021-09-15,1939,N,VIIRS,n,2,291.87,2.65,N,0
41.82316,88.89924,338.23,0.52,0.41,2021-09-15,1939,N,VIIRS,n,2,293.73,5.3,N,0
41.82455,81.77464,303.91,0.39,0.59,2021-09-15,1939,N,VIIRS,n,2,283.69,1.32,N,2
42.09651,81.85809,296.42,0.39,0.59,2021-09-15,1939,N,VIIRS,n,2,278.8,0.7,N,0
42.58547,91.34126,305.04,0.43,0.38,2021-09-15,1939,N,VIIRS,n,2,286.64,0.37,N,2
42.58613,91.33601,297.64,0.43,0.38,2021-09-15,1939,N,VIIRS,n,2,285.51,0.37,N,2
42.58962,91.33679,319.67,0.43,0.38,2021-09-15,1939,N,VIIRS,n,2,295.01,3,N,2
42.62162,88.61798,321.14,0.54,0.42,2021-09-15,1939,N,VIIRS,n,2,293.4,2.83,N,2
42.67085,86.28336,297.55,0.46,0.47,2021-09-15,1939,N,VIIRS,n,2,281.51,0.82,N,2
42.69799,93.54628,305.2,0.39,0.36,2021-09-15,1939,N,VIIRS,n,2,289.58,1.11,N,2
42.69868,93.54156,300.53,0.39,0.36,2021-09-15,1939,N,VIIRS,n,2,289.91,2,N,2
42.70131,93.54718,313.24,0.39,0.36,2021-09-15,1939,N,VIIRS,n,2,291.9,1.11,N,2
42.70379,93.34122,307.1,0.39,0.36,2021-09-15,1939,N,VIIRS,n,2,287.42,0.84,N,2
42.7063,93.37148,312.85,0.39,0.36,2021-09-15,1939,N,VIIRS,n,2,291.48,1.33,N,2
42.70711,93.3421,307.2,0.39,0.36,2021-09-15,1939,N,VIIRS,n,2,289.44,1.38,N,2
42.70936,93.42153,298.23,0.39,0.36,2021-09-15,1939,N,VIIRS,n,2,287.33,0.4,N,2
42.71323,93.44225,301.05,0.39,0.36,2021-09-15,1939,N,VIIRS,n,2,288.86,0.42,N,2
42.82372,87.92432,306.74,0.39,0.44,2021-09-15,1939,N,VIIRS,n,2,287.1,1.61,N,2
42.85215,88.01299,306.68,0.39,0.44,2021-09-15,1939,N,VIIRS,n,2,276.86,1.12,N,2
42.85262,88.00815,298.59,0.39,0.44,2021-09-15,1939,N,VIIRS,n,2,276.73,1.12,N,2
43.44361,82.48441,299.24,0.37,0.58,2021-09-15,1939,N,VIIRS,n,2,287.74,0.53,N,2
43.52643,81.95956,300.25,0.39,0.59,2021-09-15,1939,N,VIIRS,n,2,287.24,1.16,N,2
43.52662,81.95469,300.96,0.39,0.59,2021-09-15,1939,N,VIIRS,n,2,286.57,1.16,N,2
43.52756,81.95859,304.58,0.39,0.59,2021-09-15,1939,N,VIIRS,n,2,288.16,1.97,N,2
43.52777,81.95371,310.45,0.39,0.59,2021-09-15,1939,N,VIIRS,n,2,288.45,2.34,N,2
43.53217,81.95485,308.96,0.39,0.59,2021-09-15,1939,N,VIIRS,n,2,290.01,1.16,N,2
43.53333,81.95385,302.72,0.39,0.59,2021-09-15,1939,N,VIIRS,n,2,288.09,0.93,N,2
43.82582,82.79857,296.73,0.36,0.57,2021-09-15,1939,N,VIIRS,n,2,284.92,0.43,N,2
43.92924,81.79581,301.04,0.4,0.6,2021-09-15,1939,N,VIIRS,n,2,287.69,0.71,N,2
35.98981,94.8323,304.18,0.41,0.37,2021-09-15,1940,N,VIIRS,n,2,274.62,1.35,N,0
36.73492,95.21926,295.47,0.42,0.37,2021-09-15,1940,N,VIIRS,n,2,281.81,0.65,N,0
37.34807,97.41045,295.78,0.49,0.4,2021-09-15,1940,N,VIIRS,n,2,278.61,0.91,N,2
38.72097,93.02812,326.5,0.38,0.36,2021-09-15,1940,N,VIIRS,n,2,279.49,3.67,N,0
40.23002,83.22297,299.04,0.63,0.54,2021-09-15,1940,N,VIIRS,n,2,285.1,2.62,N,0
26.63678,101.42616,299.15,0.44,0.62,2021-09-15,1942,N,VIIRS,n,2,283.05,2.13,N,2
27.72383,102.20652,297.71,0.46,0.64,2021-09-15,1942,N,VIIRS,n,2,274.33,1.54,N,2
27.72441,102.20773,310.28,0.46,0.64,2021-09-15,1942,N,VIIRS,n,2,275.35,2.04,N,2
27.72943,102.20884,296.69,0.46,0.64,2021-09-15,1942,N,VIIRS,n,2,268.43,0.52,N,2
27.74251,102.20949,295.88,0.46,0.64,2021-09-15,1942,N,VIIRS,n,2,270.83,1.18,N,2
27.74298,102.20419,295.24,0.46,0.64,2021-09-15,1942,N,VIIRS,n,2,271.24,1.52,N,2
29.6579,90.90099,297.54,0.38,0.36,2021-09-15,1942,N,VIIRS,n,2,280.95,1.74,N,2
24.40215,98.44789,296.54,0.33,0.55,2021-09-15,1943,N,VIIRS,n,2,275.68,0.5,N,0
24.4394,98.49462,296.82,0.33,0.55,2021-09-15,1943,N,VIIRS,n,2,269.79,0.29,N,2
22.0558,88.12643,300.16,0.39,0.36,2021-09-15,1944,N,VIIRS,n,2,277.7,0.53,N,2
23.80019,87.04903,305.09,0.41,0.37,2021-09-15,1944,N,VIIRS,n,2,284.52,2.7,N,2
24.64035,74.68307,299.61,0.71,0.75,2021-09-15,1944,N,VIIRS,n,2,284.81,2.36,N,2
24.6615,74.62838,298.8,0.72,0.76,2021-09-15,1944,N,VIIRS,n,2,284.78,3.68,N,0
24.76619,74.60349,299.21,0.72,0.76,2021-09-15,1944,N,VIIRS,n,2,285.35,4.08,N,0
22.0587,83.72392,300.18,0.55,0.43,2021-09-15,1945,N,VIIRS,n,2,278.59,1.29,N,2
50.35292,83.49311,297.13,0.51,0.49,2021-09-15,2117,N,VIIRS,n,2,274.83,1.81,N,2
50.3985,80.18246,311.58,0.57,0.43,2021-09-15,2117,N,VIIRS,n,2,283.01,2.58,N,2
44.45241,86.08567,300.41,0.5,0.65,2021-09-15,2118,N,VIIRS,n,2,280.82,1.68,N,2
44.45428,86.07981,307.44,0.49,0.65,2021-09-15,2118,N,VIIRS,n,2,285.17,3.14,N,2
44.59561,86.05614,298.2,0.49,0.65,2021-09-15,2118,N,VIIRS,n,2,282.07,0.84,N,2
44.59685,86.05625,298.01,0.49,0.65,2021-09-15,2118,N,VIIRS,n,2,284.69,0.85,N,2
44.70803,86.02861,295.59,0.48,0.65,2021-09-15,2118,N,VIIRS,n,2,284.54,0.86,N,0
44.7426,90.25317,297.35,0.73,0.76,2021-09-15,2118,N,VIIRS,n,2,285.34,1.82,N,2
48.42091,76.189,297.13,0.46,0.39,2021-09-15,2118,N,VIIRS,n,2,274.81,0.85,N,0
48.42439,76.19057,298.4,0.46,0.39,2021-09-15,2118,N,VIIRS,n,2,275.26,1.09,N,0
48.4513,76.17002,297.58,0.46,0.39,2021-09-15,2118,N,VIIRS,n,2,277.35,1.02,N,0
48.45478,76.17159,305.71,0.46,0.39,2021-09-15,2118,N,VIIRS,n,2,277.69,1.02,N,0
49.2542,73.56876,305.33,0.39,0.36,2021-09-15,2118,N,VIIRS,n,2,274.11,1.57,N,0
49.25748,73.57007,315.99,0.39,0.36,2021-09-15,2118,N,VIIRS,n,2,274.74,1.57,N,0
49.25932,73.55946,295.9,0.39,0.36,2021-09-15,2118,N,VIIRS,n,2,275.27,1.75,N,0
49.28993,74.43272,303.87,0.4,0.37,2021-09-15,2118,N,VIIRS,n,2,274.87,0.72,N,0
49.29325,74.4341,318.79,0.4,0.37,2021-09-15,2118,N,VIIRS,n,2,277.31,1.18,N,0
49.29657,74.43546,298.67,0.4,0.37,2021-09-15,2118,N,VIIRS,n,2,278.85,1.18,N,0
50.01785,78.7119,320.81,0.52,0.41,2021-09-15,2118,N,VIIRS,n,2,283.4,3.07,N,2
42.13547,83.1192,296.85,0.43,0.62,2021-09-15,2119,N,VIIRS,n,2,270.01,0.71,N,2
43.44486,82.48655,298.28,0.36,0.58,2021-09-15,2119,N,VIIRS,n,2,286.84,0.87,N,2
43.51787,82.0001,304.39,0.34,0.56,2021-09-15,2119,N,VIIRS,n,2,286.52,1.07,N,2
43.5256,81.95206,302.13,0.34,0.56,2021-09-15,2119,N,VIIRS,n,2,284.18,0.93,N,2
43.52614,83.29523,305.59,0.4,0.6,2021-09-15,2119,N,VIIRS,n,2,287.47,1.43,N,2
43.52817,81.96304,307.58,0.34,0.56,2021-09-15,2119,N,VIIRS,n,2,287.55,1.47,N,2
43.5293,81.95896,309.84,0.34,0.56,2021-09-15,2119,N,VIIRS,n,2,287.91,1.47,N,2
43.53043,81.95491,321.93,0.34,0.56,2021-09-15,2119,N,VIIRS,n,2,290.87,2.95,N,2
43.7065,83.27535,295.14,0.39,0.59,2021-09-15,2119,N,VIIRS,n,2,281.2,0.68,N,2
43.82856,82.79909,295.55,0.37,0.58,2021-09-15,2119,N,VIIRS,n,2,284.06,0.41,N,0
43.93063,81.79877,295.43,0.33,0.55,2021-09-15,2119,N,VIIRS,n,2,285.14,0.76,N,0
44.14157,86.11752,299.85,0.51,0.66,2021-09-15,2119,N,VIIRS,n,2,285.52,1.06,N,0
44.20476,85.76484,295.77,0.49,0.65,2021-09-15,2119,N,VIIRS,n,2,283.87,0.75,N,2
44.45081,86.08485,296.33,0.5,0.65,2021-09-15,2119,N,VIIRS,n,2,275.64,0.56,N,2
44.45266,86.07897,297.79,0.5,0.65,2021-09-15,2119,N,VIIRS,n,2,282.37,0.56,N,2
44.45826,86.0825,304.02,0.5,0.65,2021-09-15,2119,N,VIIRS,n,2,284.38,1.38,N,2
44.71791,82.07127,308.77,0.32,0.55,2021-09-15,2119,N,VIIRS,n,2,289.12,0.98,N,2
44.74704,82.06194,303.81,0.32,0.55,2021-09-15,2119,N,VIIRS,n,2,286.45,0.67,N,0
45.39074,73.65418,296.63,0.43,0.38,2021-09-15,2119,N,VIIRS,n,2,284.19,0.76,N,2
45.63778,80.56851,297.81,0.52,0.5,2021-09-15,2119,N,VIIRS,n,2,271.21,0.93,N,0
45.63932,80.56242,299.72,0.52,0.5,2021-09-15,2119,N,VIIRS,n,2,273.27,0.93,N,0
45.77594,74.35329,331.37,0.44,0.38,2021-09-15,2119,N,VIIRS,n,2,282.79,27.08,N,0
45.77701,74.34775,344.49,0.44,0.38,2021-09-15,2119,N,VIIRS,n,2,281.63,27.08,N,0
45.77982,74.39068,346.25,0.44,0.38,2021-09-15,2119,N,VIIRS,n,2,283.52,7.43,N,0
45.7809,74.38512,318.75,0.44,0.38,2021-09-15,2119,N,VIIRS,n,2,277.19,7.43,N,0
45.78328,74.39204,326.61,0.44,0.38,2021-09-15,2119,N,VIIRS,n,2,279.24,2.91,N,0
45.78435,74.38649,332.92,0.44,0.38,2021-09-15,2119,N,VIIRS,n,2,281.21,2.91,N,0
46.8182,74.93824,302.1,0.44,0.39,2021-09-15,2119,N,VIIRS,n,2,282.29,0.87,N,2
46.82166,74.93966,327.91,0.44,0.39,2021-09-15,2119,N,VIIRS,n,2,285.92,2.67,N,2
46.82276,74.93397,299.81,0.44,0.39,2021-09-15,2119,N,VIIRS,n,2,281.77,2.09,N,2
46.83437,74.95103,314.18,0.44,0.39,2021-09-15,2119,N,VIIRS,n,2,283.77,1.86,N,2
39.64782,75.9455,299.06,0.44,0.46,2021-09-15,2120,N,VIIRS,n,2,286.88,1.47,N,2
40.2282,83.2238,296.7,0.49,0.65,2021-09-15,2120,N,VIIRS,n,2,283.26,1.4,N,0
40.50568,82.75817,304.89,0.46,0.63,2021-09-15,2120,N,VIIRS,n,2,284.32,1.08,N,0
40.81183,83.88278,317.5,0.51,0.66,2021-09-15,2120,N,VIIRS,n,2,280.71,3.07,N,0
40.81269,83.8833,329.12,0.5,0.66,2021-09-15,2120,N,VIIRS,n,2,282.38,3.88,N,0
41.0349,80.16643,300.79,0.33,0.55,2021-09-15,2120,N,VIIRS,n,2,285.97,0.62,N,2
41.06543,80.11227,298.63,0.33,0.55,2021-09-15,2120,N,VIIRS,n,2,285.45,0.72,N,2
41.06593,80.14252,295.32,0.33,0.55,2021-09-15,2120,N,VIIRS,n,2,284.71,0.36,N,0
41.06817,80.11378,302.09,0.33,0.55,2021-09-15,2120,N,VIIRS,n,2,286.6,0.48,N,2
41.82341,81.77683,297.01,0.38,0.58,2021-09-15,2120,N,VIIRS,n,2,283.72,1.02,N,2
41.82445,81.75219,295.13,0.37,0.58,2021-09-15,2120,N,VIIRS,n,2,284.14,0.46,N,2
41.82464,81.77241,309.09,0.38,0.58,2021-09-15,2120,N,VIIRS,n,2,285.47,1.93,N,2
41.84001,81.77993,296.11,0.38,0.58,2021-09-15,2120,N,VIIRS,n,2,284.71,1.13,N,2
42.62891,75.25244,295.63,0.53,0.42,2021-09-15,2120,N,VIIRS,n,2,277.22,0.85,N,0
42.63268,75.25382,303,0.53,0.42,2021-09-15,2120,N,VIIRS,n,2,278.64,1.28,N,0
37.00046,80.1943,297.92,0.42,0.61,2021-09-15,2121,N,VIIRS,n,2,287.61,0.9,N,0
37.14363,79.49857,296.94,0.38,0.59,2021-09-15,2121,N,VIIRS,n,2,286.2,0.7,N,0
38.65999,76.17056,298.91,0.48,0.48,2021-09-15,2121,N,VIIRS,n,2,285.23,1.33,N,2
32.0851,74.16523,312.2,0.52,0.5,2021-09-15,2123,N,VIIRS,n,2,294.2,3.73,N,2
32.08594,74.16458,311.55,0.52,0.5,2021-09-15,2123,N,VIIRS,n,2,294.48,4.45,N,2
32.10306,74.17081,307.68,0.52,0.5,2021-09-15,2123,N,VIIRS,n,2,294.37,3.44,N,0
27.6658,76.13081,303.03,0.42,0.61,2021-09-15,2124,N,VIIRS,n,2,289.58,0.77,N,2
27.66874,76.12898,302.61,0.42,0.61,2021-09-15,2124,N,VIIRS,n,2,289.99,0.9,N,2
39.46889,120.45129,329.14,0.77,0.78,2021-09-16,340,N,VIIRS,n,2,281.22,5.89,D,3
22.53562,120.3562,338.08,0.4,0.37,2021-09-16,515,N,VIIRS,n,2,300.11,2.83,D,2
22.54183,120.35118,339.13,0.4,0.37,2021-09-16,515,N,VIIRS,n,2,299.56,1.39,D,2
22.54522,120.35064,336.46,0.4,0.37,2021-09-16,515,N,VIIRS,n,2,299.57,1.88,D,2
22.54577,120.35453,332.61,0.4,0.37,2021-09-16,515,N,VIIRS,n,2,300.06,3.6,D,2
22.55765,120.34062,338.1,0.4,0.37,2021-09-16,515,N,VIIRS,n,2,300.03,2,D,0
23.31845,116.61684,330.9,0.41,0.37,2021-09-16,516,N,VIIRS,l,2,301.67,1.33,D,3
23.68494,114.67378,332.06,0.48,0.4,2021-09-16,516,N,VIIRS,n,2,299.24,3.92,D,0
23.7212,114.66795,330.26,0.48,0.4,2021-09-16,516,N,VIIRS,n,2,299.18,2.96,D,0
24.15821,111.85621,339.71,0.44,0.46,2021-09-16,516,N,VIIRS,n,2,290.2,4.49,D,0
24.43717,109.90352,331.49,0.57,0.52,2021-09-16,516,N,VIIRS,n,2,286.31,3.66,D,0
24.55314,116.15829,338.51,0.41,0.37,2021-09-16,516,N,VIIRS,n,2,308.28,5.6,D,2
24.73998,116.18411,340.59,0.41,0.37,2021-09-16,516,N,VIIRS,n,2,308.07,5.46,D,2
24.89231,114.81685,331.71,0.45,0.39,2021-09-16,516,N,VIIRS,l,2,304.12,4.51,D,0
25.13029,115.39882,333.66,0.43,0.38,2021-09-16,516,N,VIIRS,l,2,307.94,3.27,D,0
25.31543,115.33588,343.31,0.43,0.38,2021-09-16,516,N,VIIRS,n,2,300.79,9.8,D,0
25.32829,114.75832,334.95,0.45,0.39,2021-09-16,516,N,VIIRS,n,2,301.99,2.35,D,0
25.37413,115.02208,334.61,0.44,0.38,2021-09-16,516,N,VIIRS,n,2,303.6,2.44,D,0
25.94928,115.37516,340.13,0.42,0.38,2021-09-16,516,N,VIIRS,n,2,307.64,6.32,D,0
25.9576,115.38211,334.54,0.42,0.38,2021-09-16,516,N,VIIRS,l,2,308,5.24,D,0
25.64885,111.9826,332.44,0.41,0.45,2021-09-16,517,N,VIIRS,n,2,296.32,2.54,D,0
26.47184,112.55087,333.86,0.55,0.43,2021-09-16,517,N,VIIRS,n,2,294.62,4.44,D,0
26.57967,101.66882,328.26,0.79,0.78,2021-09-16,517,N,VIIRS,n,2,283.98,7.38,D,2
26.72103,111.83463,330.42,0.4,0.44,2021-09-16,517,N,VIIRS,n,2,296.18,2.23,D,2
26.7411,113.95898,332.12,0.47,0.4,2021-09-16,517,N,VIIRS,n,2,298.84,3.63,D,0
26.81973,114.08422,334.77,0.46,0.39,2021-09-16,517,N,VIIRS,n,2,297.18,46.41,D,0
26.82332,114.08347,335.72,0.46,0.39,2021-09-16,517,N,VIIRS,n,2,305.24,46.41,D,0
26.95676,111.79226,342.29,0.4,0.44,2021-09-16,517,N,VIIRS,n,2,295.17,3.98,D,0
26.97356,114.4185,342.81,0.45,0.39,2021-09-16,517,N,VIIRS,n,2,301.14,8.07,D,0
26.99308,114.08974,338.35,0.46,0.39,2021-09-16,517,N,VIIRS,n,2,300.81,5.37,D,0
26.99422,114.0909,334.04,0.46,0.39,2021-09-16,517,N,VIIRS,n,2,300.51,2.67,D,0
26.99504,114.09549,334.57,0.46,0.39,2021-09-16,517,N,VIIRS,n,2,299.7,2.67,D,0
27.02206,113.37407,334.13,0.49,0.41,2021-09-16,517,N,VIIRS,n,2,298.22,10.09,D,0
27.07533,118.30473,343.57,0.39,0.36,2021-09-16,517,N,VIIRS,n,2,304.41,5.53,D,0
27.11514,114.01031,345.91,0.46,0.39,2021-09-16,517,N,VIIRS,n,2,300.96,15.23,D,0
27.65504,113.69225,345.24,0.47,0.4,2021-09-16,517,N,VIIRS,n,2,298.42,12.65,D,0
27.6972,113.82394,330.75,0.46,0.39,2021-09-16,517,N,VIIRS,l,2,301.69,2.08,D,2
27.76596,115.07649,335.69,0.42,0.37,2021-09-16,517,N,VIIRS,n,2,301.12,1.84,D,0
27.76857,116.20013,334.27,0.39,0.36,2021-09-16,517,N,VIIRS,n,2,306.64,3.57,D,0
27.76921,116.20409,346.21,0.39,0.36,2021-09-16,517,N,VIIRS,n,2,311.99,14.13,D,0
27.77254,116.20341,343.09,0.39,0.36,2021-09-16,517,N,VIIRS,n,2,305.24,4.66,D,0
27.77762,115.08262,331.38,0.42,0.37,2021-09-16,517,N,VIIRS,l,2,302.75,3,D,0
28.15572,115.41598,336.65,0.4,0.37,2021-09-16,517,N,VIIRS,n,2,304.03,6.02,D,0
28.24482,113.16983,330,0.49,0.4,2021-09-16,517,N,VIIRS,l,2,300.89,4.53,D,0
28.33273,117.23085,332.43,0.38,0.36,2021-09-16,517,N,VIIRS,l,2,304.99,2.14,D,2
28.33696,117.21397,333.04,0.38,0.36,2021-09-16,517,N,VIIRS,l,2,307.1,4.11,D,2
28.62941,117.38264,335.85,0.38,0.36,2021-09-16,517,N,VIIRS,l,2,308.46,3.92,D,2
28.78414,115.87214,330.82,0.39,0.36,2021-09-16,517,N,VIIRS,l,2,303.86,1.93,D,0
28.82169,115.93451,338.51,0.39,0.36,2021-09-16,517,N,VIIRS,l,2,310.03,5.23,D,0
28.8914,118.86529,335.69,0.4,0.37,2021-09-16,517,N,VIIRS,l,2,306.26,3.75,D,2
29.02968,119.48949,336.54,0.42,0.38,2021-09-16,517,N,VIIRS,n,2,301.02,5.22,D,0
29.03166,119.49094,330.78,0.42,0.38,2021-09-16,517,N,VIIRS,n,2,299.09,4.3,D,0
29.25135,117.17523,338.8,0.38,0.36,2021-09-16,517,N,VIIRS,l,2,310.64,5.71,D,2
29.33451,119.05051,335.62,0.41,0.37,2021-09-16,517,N,VIIRS,n,2,303.09,3.97,D,2
29.40093,117.1543,335.52,0.38,0.36,2021-09-16,517,N,VIIRS,l,2,307.07,2.48,D,0
27.72256,102.21392,330.99,0.69,0.75,2021-09-16,518,N,VIIRS,n,2,289.52,5.94,D,2
27.72855,102.21329,346.28,0.69,0.75,2021-09-16,518,N,VIIRS,n,2,288.31,8.88,D,2
27.72922,102.21158,327.34,0.69,0.75,2021-09-16,518,N,VIIRS,n,2,287.3,5.94,D,2
29.87897,114.32014,331.4,0.42,0.38,2021-09-16,518,N,VIIRS,l,2,305.34,1.96,D,0
30.06716,116.11333,332.76,0.39,0.36,2021-09-16,518,N,VIIRS,n,2,300.64,2.64,D,0
30.20502,115.14996,336.16,0.4,0.37,2021-09-16,518,N,VIIRS,l,2,310.14,7.12,D,2
30.39218,114.987,332.02,0.4,0.37,2021-09-16,518,N,VIIRS,l,2,303.71,1.61,D,0
30.43653,113.74809,331.27,0.43,0.38,2021-09-16,518,N,VIIRS,l,2,302.65,6.7,D,0
30.43732,113.75255,333.63,0.43,0.38,2021-09-16,518,N,VIIRS,n,2,302.76,4.36,D,0
30.47232,112.3724,333.44,0.49,0.4,2021-09-16,518,N,VIIRS,n,2,298.59,2.85,D,0
30.52505,114.68684,335.84,0.41,0.37,2021-09-16,518,N,VIIRS,l,2,308.01,5.84,D,0
30.59628,114.94741,347.16,0.4,0.37,2021-09-16,518,N,VIIRS,n,2,302.27,3.94,D,0
30.65191,115.06815,336.33,0.4,0.37,2021-09-16,518,N,VIIRS,n,2,302.23,2.7,D,0
30.75075,117.40402,336.26,0.39,0.36,2021-09-16,518,N,VIIRS,n,2,305.26,3.3,D,2
30.82168,117.80022,334.52,0.39,0.36,2021-09-16,518,N,VIIRS,l,2,305.14,1.94,D,2
30.84608,117.7787,331.64,0.39,0.36,2021-09-16,518,N,VIIRS,l,2,305.08,3.85,D,2
30.85404,117.7523,334.62,0.39,0.36,2021-09-16,518,N,VIIRS,n,2,306.54,2.59,D,2
31.13521,118.16843,338.27,0.4,0.37,2021-09-16,518,N,VIIRS,n,2,306.47,5.57,D,2
31.22676,118.14856,335.94,0.4,0.37,2021-09-16,518,N,VIIRS,l,2,308.89,4.41,D,2
31.2305,118.3807,330.19,0.41,0.37,2021-09-16,518,N,VIIRS,l,2,305.17,2.55,D,2
31.34359,118.49323,330.93,0.41,0.37,2021-09-16,518,N,VIIRS,l,2,305.11,2.52,D,2
31.81993,113.35135,333.34,0.43,0.38,2021-09-16,518,N,VIIRS,n,2,299.86,2.8,D,0
31.88983,118.67594,332.69,0.42,0.38,2021-09-16,518,N,VIIRS,n,2,303.79,2.43,D,0
32.09639,114.11828,342.28,0.41,0.37,2021-09-16,518,N,VIIRS,n,2,304.46,3.67,D,0
32.20142,118.74593,334.76,0.42,0.38,2021-09-16,518,N,VIIRS,l,2,306.75,4.36,D,2
32.47475,118.05884,341.55,0.41,0.37,2021-09-16,518,N,VIIRS,n,2,307.67,4.46,D,0
32.47816,118.05822,337.67,0.41,0.37,2021-09-16,518,N,VIIRS,l,2,307.82,4.46,D,0
32.62305,114.32405,333.95,0.4,0.37,2021-09-16,518,N,VIIRS,n,2,299.6,2.47,D,0
32.75365,117.30627,334.39,0.39,0.36,2021-09-16,518,N,VIIRS,l,2,305.24,3.01,D,2
32.75759,117.3098,333.64,0.39,0.36,2021-09-16,518,N,VIIRS,l,2,305.85,4.92,D,2
33.36367,113.59348,348.05,0.41,0.37,2021-09-16,519,N,VIIRS,n,2,295.04,5.48,D,0
33.45248,113.7847,331.91,0.41,0.37,2021-09-16,519,N,VIIRS,n,2,299.81,3.39,D,0
34.01159,115.28893,336.77,0.38,0.36,2021-09-16,519,N,VIIRS,n,2,298.67,2.62,D,0
34.4025,117.95493,336.79,0.42,0.37,2021-09-16,519,N,VIIRS,n,2,304.78,3.05,D,2
34.40975,119.84397,334.89,0.49,0.4,2021-09-16,519,N,VIIRS,n,2,304.08,3.91,D,3
35.18298,118.7973,331.03,0.45,0.39,2021-09-16,519,N,VIIRS,n,2,301.48,2.92,D,2
35.19523,119.38265,336.07,0.47,0.4,2021-09-16,519,N,VIIRS,n,2,304.83,3.39,D,2
35.19585,119.38789,332.13,0.48,0.4,2021-09-16,519,N,VIIRS,l,2,303.57,3.39,D,3
35.21394,117.02909,332.19,0.4,0.37,2021-09-16,519,N,VIIRS,n,2,305.94,2.91,D,2
35.33044,116.81716,333.59,0.4,0.37,2021-09-16,519,N,VIIRS,l,2,304.72,2.63,D,2
35.34904,115.98409,335.67,0.39,0.36,2021-09-16,519,N,VIIRS,l,2,306.59,3.23,D,2
35.63565,118.81995,330.48,0.46,0.39,2021-09-16,519,N,VIIRS,n,2,302.21,1.36,D,2
35.87366,117.29784,335.22,0.41,0.37,2021-09-16,519,N,VIIRS,n,2,304.78,3.33,D,0
37.03115,103.02219,330.17,0.37,0.58,2021-09-16,520,N,VIIRS,n,2,294.53,3.38,D,2
38.97348,106.91068,330.71,0.42,0.45,2021-09-16,520,N,VIIRS,n,2,298.19,1.82,D,0
38.97454,106.91548,335.17,0.42,0.45,2021-09-16,520,N,VIIRS,n,2,294.81,1.82,D,0
39.43179,106.72352,335.27,0.42,0.45,2021-09-16,521,N,VIIRS,n,2,299.88,3.49,D,2
40.13452,110.30112,338.01,0.44,0.38,2021-09-16,521,N,VIIRS,n,2,294.15,2.07,D,0
40.13797,110.30002,329.46,0.44,0.38,2021-09-16,521,N,VIIRS,n,2,295.28,2.07,D,0
40.27472,111.18132,327.83,0.41,0.37,2021-09-16,521,N,VIIRS,n,2,297.38,2.16,D,0
40.2914,110.04191,336.22,0.44,0.39,2021-09-16,521,N,VIIRS,n,2,298.74,4.18,D,0
40.29297,110.03058,332.14,0.44,0.39,2021-09-16,521,N,VIIRS,n,2,297.18,1.29,D,0
40.29393,110.03568,350.51,0.44,0.39,2021-09-16,521,N,VIIRS,n,2,294.95,4.18,D,0
40.29488,110.04078,356.36,0.44,0.39,2021-09-16,521,N,VIIRS,n,2,298.02,4.18,D,0
40.29583,110.0459,354.14,0.44,0.38,2021-09-16,521,N,VIIRS,n,2,298.7,8.42,D,0
40.2993,110.04479,331.7,0.44,0.38,2021-09-16,521,N,VIIRS,n,2,296.36,2.36,D,0
40.30689,109.22369,349.87,0.47,0.4,2021-09-16,521,N,VIIRS,n,2,296.46,6.65,D,0
40.32677,111.45974,340.97,0.4,0.37,2021-09-16,521,N,VIIRS,n,2,301.52,5.02,D,0
40.3583,111.33626,335.39,0.41,0.37,2021-09-16,521,N,VIIRS,n,2,294.86,4.84,D,0
40.37991,111.83153,326.2,0.4,0.37,2021-09-16,521,N,VIIRS,l,2,296.65,2.4,D,0
40.41086,111.31264,341.93,0.41,0.37,2021-09-16,521,N,VIIRS,n,2,298.72,3.81,D,0
40.44384,111.58488,336.78,0.4,0.37,2021-09-16,521,N,VIIRS,n,2,296.5,2.75,D,0
40.66077,111.04821,342.74,0.41,0.37,2021-09-16,521,N,VIIRS,n,2,299.81,4.68,D,0
41.03982,113.43017,329.07,0.38,0.36,2021-09-16,521,N,VIIRS,n,2,291.96,1.5,D,0
41.08747,111.45238,329.91,0.4,0.37,2021-09-16,521,N,VIIRS,n,2,294.24,2.83,D,0
41.55063,111.64665,348.57,0.39,0.37,2021-09-16,521,N,VIIRS,n,2,296.35,6.27,D,0
41.59238,110.55903,353.62,0.41,0.37,2021-09-16,521,N,VIIRS,n,2,297.23,5.49,D,0
41.59576,110.55798,356.74,0.41,0.37,2021-09-16,521,N,VIIRS,l,2,297.04,5.49,D,0
43.68636,95.02045,339.02,0.58,0.7,2021-09-16,522,N,VIIRS,n,2,306.87,3.3,D,2
43.69385,94.99954,337.71,0.58,0.7,2021-09-16,522,N,VIIRS,n,2,307.97,2.08,D,2
21.31093,98.18536,332.41,0.53,0.42,2021-09-16,656,N,VIIRS,n,2,285.79,3.47,D,0
21.31289,98.18254,328.87,0.53,0.42,2021-09-16,656,N,VIIRS,n,2,284.46,4.69,D,0
21.32968,98.1153,334,0.53,0.42,2021-09-16,656,N,VIIRS,n,2,289.24,6.25,D,0
22.50602,91.71525,334.69,0.4,0.37,2021-09-16,657,N,VIIRS,n,2,295.41,4.01,D,0
23.69012,86.39037,333.6,0.46,0.47,2021-09-16,657,N,VIIRS,n,2,286.55,6.93,D,2
24.145,93.84801,331.39,0.39,0.36,2021-09-16,657,N,VIIRS,n,2,289.44,2.83,D,0
24.29747,106.03467,354.63,0.59,0.7,2021-09-16,657,N,VIIRS,n,2,284.06,9.42,D,0
24.2986,106.03728,346.33,0.59,0.7,2021-09-16,657,N,VIIRS,n,2,284.18,13.27,D,0
24.75744,104.92949,333.78,0.51,0.66,2021-09-16,657,N,VIIRS,n,2,286.12,4.16,D,0
26.57628,101.66766,327.22,0.33,0.55,2021-09-16,658,N,VIIRS,n,2,295.07,3.09,D,2
26.57813,101.66638,333.17,0.33,0.55,2021-09-16,658,N,VIIRS,n,2,295.04,2.36,D,2
26.64842,95.66683,328.66,0.46,0.39,2021-09-16,658,N,VIIRS,n,2,284.76,3.99,D,0
26.70843,92.73611,339.03,0.39,0.36,2021-09-16,658,N,VIIRS,n,2,294.61,2.81,D,0
27.34472,92.51087,332.25,0.39,0.36,2021-09-16,658,N,VIIRS,n,2,295.09,2.74,D,0
27.83943,96.06181,332.96,0.49,0.4,2021-09-16,658,N,VIIRS,n,2,295.55,4.75,D,0
38.71874,93.0262,338.07,0.47,0.4,2021-09-16,701,N,VIIRS,n,2,304.76,1.56,D,0
38.72245,93.02879,337.91,0.47,0.4,2021-09-16,701,N,VIIRS,n,2,303.25,3.77,D,0
39.84341,98.27647,348.93,0.58,0.52,2021-09-16,701,N,VIIRS,n,2,303.9,5.86,D,2
39.84133,98.27575,348.24,0.58,0.52,2021-09-16,702,N,VIIRS,n,2,304.51,4.84,D,2
40.07968,83.09184,348.6,0.51,0.41,2021-09-16,702,N,VIIRS,n,2,316.38,8.55,D,0
40.08073,83.09353,341.4,0.51,0.41,2021-09-16,702,N,VIIRS,l,2,316.29,5.41,D,0
40.22752,83.2214,341.48,0.5,0.41,2021-09-16,702,N,VIIRS,l,2,315.3,2.26,D,0
40.22785,83.2194,341.09,0.5,0.41,2021-09-16,702,N,VIIRS,l,2,315.67,1.38,D,0
40.81157,83.8866,341.63,0.46,0.39,2021-09-16,702,N,VIIRS,l,2,313.52,8.15,D,0
41.81863,88.87481,351.44,0.39,0.36,2021-09-16,702,N,VIIRS,n,2,318.12,9.92,D,0
41.82198,88.89817,344.37,0.39,0.36,2021-09-16,702,N,VIIRS,n,2,312.69,5.26,D,0
42.63462,75.25303,367,0.34,0.56,2021-09-16,703,N,VIIRS,h,2,295.47,18.07,D,0
42.91436,74.87144,334.12,0.35,0.57,2021-09-16,703,N,VIIRS,n,2,302.11,2.62,D,2
42.96711,74.59141,333.32,0.36,0.57,2021-09-16,703,N,VIIRS,n,2,290.88,3.89,D,2
42.96847,74.59038,334.16,0.36,0.58,2021-09-16,703,N,VIIRS,n,2,291.02,3.36,D,2
43.69332,95.00158,344.37,0.44,0.46,2021-09-16,703,N,VIIRS,n,2,317.83,1.8,D,2
43.8547,87.32963,331.49,0.38,0.36,2021-09-16,703,N,VIIRS,l,2,305.45,1.83,D,2
44.16886,87.25067,338.37,0.38,0.36,2021-09-16,703,N,VIIRS,n,2,305.75,3.84,D,0
45.00362,84.70568,341.63,0.4,0.37,2021-09-16,703,N,VIIRS,n,2,308.58,3.2,D,0
45.03835,74.5599,341.38,0.63,0.54,2021-09-16,704,N,VIIRS,n,2,306.04,5.66,D,0
45.63342,80.57692,333.09,0.51,0.41,2021-09-16,704,N,VIIRS,n,2,302.49,5.93,D,0
45.63475,80.58334,350.32,0.51,0.41,2021-09-16,704,N,VIIRS,n,2,308.01,37.37,D,0
45.63842,80.58187,333.19,0.51,0.41,2021-09-16,704,N,VIIRS,l,2,305.23,13.17,D,0
45.63974,80.58827,349.26,0.51,0.41,2021-09-16,704,N,VIIRS,n,2,308.3,13.17,D,0
45.64104,80.59459,356.78,0.51,0.41,2021-09-16,704,N,VIIRS,n,2,314.36,25.59,D,0
45.64234,80.60088,338.52,0.51,0.41,2021-09-16,704,N,VIIRS,n,2,300.9,25.59,D,0
45.64341,80.58673,354.81,0.51,0.41,2021-09-16,704,N,VIIRS,n,2,309.18,13.17,D,0
45.64469,80.593,347.12,0.51,0.41,2021-09-16,704,N,VIIRS,n,2,298,25.59,D,0
45.67381,79.09547,343.99,0.39,0.44,2021-09-16,704,N,VIIRS,n,2,312.14,28.52,D,0
45.67396,79.09859,367,0.39,0.44,2021-09-16,704,N,VIIRS,h,2,309.73,15.91,D,0
45.67501,79.1034,342.66,0.39,0.44,2021-09-16,704,N,VIIRS,n,2,315.46,32.48,D,0
45.67598,79.10507,341.78,0.39,0.44,2021-09-16,704,N,VIIRS,n,2,305.55,40.74,D,0
45.67677,79.09201,342.27,0.39,0.44,2021-09-16,704,N,VIIRS,n,2,309.68,15.91,D,0
45.67768,79.09372,367,0.39,0.44,2021-09-16,704,N,VIIRS,h,2,310.71,28.52,D,0
45.67783,79.09683,354.34,0.39,0.44,2021-09-16,704,N,VIIRS,n,2,315.1,15.91,D,0
45.67877,79.09852,367,0.39,0.44,2021-09-16,704,N,VIIRS,h,2,311.48,28.52,D,0
45.67888,79.10165,352.79,0.39,0.44,2021-09-16,704,N,VIIRS,n,2,312.76,32.48,D,0
45.77383,74.39454,351.02,0.62,0.54,2021-09-16,704,N,VIIRS,n,2,309.14,12.69,D,0
45.77706,74.3904,356.37,0.62,0.54,2021-09-16,704,N,VIIRS,n,2,309.32,17.96,D,0
45.77851,74.39198,354.52,0.62,0.54,2021-09-16,704,N,VIIRS,n,2,308.77,21.08,D,0
45.77907,74.39799,341.43,0.62,0.54,2021-09-16,704,N,VIIRS,n,2,305.96,17.96,D,0
45.88685,82.11714,339.33,0.45,0.39,2021-09-16,704,N,VIIRS,n,2,304.54,14.75,D,0
45.88794,82.1228,367,0.45,0.39,2021-09-16,704,N,VIIRS,h,2,339.83,68.52,D,0
45.88903,82.12844,335.84,0.45,0.39,2021-09-16,704,N,VIIRS,n,2,288.21,68.52,D,0
45.89032,82.11578,345.41,0.45,0.39,2021-09-16,704,N,VIIRS,n,2,306.69,13.06,D,0
45.89141,82.12144,352.75,0.45,0.39,2021-09-16,704,N,VIIRS,n,2,292.59,26.33,D,0
45.91342,85.47842,338.41,0.39,0.36,2021-09-16,704,N,VIIRS,l,2,312.89,1.12,D,0
47.95131,81.55258,332.52,0.43,0.38,2021-09-16,704,N,VIIRS,n,2,302.37,7.13,D,0
48.06573,85.07257,345.7,0.38,0.36,2021-09-16,704,N,VIIRS,n,2,293.15,4.37,D,0
48.43801,76.21796,345.25,0.44,0.46,2021-09-16,705,N,VIIRS,n,2,308.65,12.8,D,0
48.43934,76.20447,344.76,0.44,0.46,2021-09-16,705,N,VIIRS,n,2,306.27,8.27,D,0
48.4407,76.21012,355.72,0.44,0.46,2021-09-16,705,N,VIIRS,n,2,305.99,8.27,D,0
48.4461,76.21363,351.1,0.44,0.46,2021-09-16,705,N,VIIRS,n,2,313.83,30.49,D,0
48.44745,76.21928,357.74,0.44,0.46,2021-09-16,705,N,VIIRS,n,2,305.03,30.49,D,0
48.45014,76.21146,319.22,0.44,0.46,2021-09-16,705,N,VIIRS,l,2,323.67,52.25,D,0
48.4515,76.21712,350.76,0.44,0.46,2021-09-16,705,N,VIIRS,l,2,326.9,52.25,D,0
48.45285,76.22277,339.23,0.44,0.46,2021-09-16,705,N,VIIRS,n,2,297.18,9.85,D,0
48.45419,76.20929,367,0.44,0.46,2021-09-16,705,N,VIIRS,h,2,310.02,52.25,D,0
48.45554,76.21494,345.98,0.44,0.46,2021-09-16,705,N,VIIRS,n,2,304.97,52.25,D,0
48.46498,76.17796,335.79,0.44,0.46,2021-09-16,705,N,VIIRS,l,2,308.16,2.8,D,0
48.47633,74.15832,340.89,0.53,0.5,2021-09-16,705,N,VIIRS,n,2,304.54,12.72,D,0
48.47819,74.16542,346.48,0.53,0.5,2021-09-16,705,N,VIIRS,n,2,305.84,28.24,D,0
48.48066,74.15561,347.57,0.53,0.5,2021-09-16,705,N,VIIRS,n,2,307.54,12.72,D,0
48.48249,74.16261,354.69,0.53,0.5,2021-09-16,705,N,VIIRS,n,2,306.06,28.24,D,0
48.61771,78.76239,340.43,0.52,0.41,2021-09-16,705,N,VIIRS,n,2,306.69,5.95,D,0
48.61802,78.76911,339.41,0.52,0.41,2021-09-16,705,N,VIIRS,n,2,304.91,4.88,D,0
48.61916,78.76924,337.29,0.52,0.41,2021-09-16,705,N,VIIRS,n,2,305.51,5.95,D,0
48.61995,78.75381,334.39,0.52,0.41,2021-09-16,705,N,VIIRS,l,2,306.84,3.06,D,0
48.62022,78.76051,348.42,0.52,0.41,2021-09-16,705,N,VIIRS,n,2,308.85,9.17,D,0
48.62097,78.78277,331.02,0.52,0.41,2021-09-16,705,N,VIIRS,n,2,299.04,13.88,D,0
48.62139,78.76064,343.35,0.52,0.41,2021-09-16,705,N,VIIRS,n,2,308.82,5.95,D,0
48.62169,78.76734,334.56,0.52,0.41,2021-09-16,705,N,VIIRS,l,2,307.27,4.88,D,0
48.62206,78.78294,335.11,0.52,0.41,2021-09-16,705,N,VIIRS,n,2,303.05,13.65,D,0
48.62244,78.75204,335.41,0.52,0.41,2021-09-16,705,N,VIIRS,l,2,308.3,8.86,D,0
48.62245,78.78959,347.72,0.52,0.41,2021-09-16,705,N,VIIRS,n,2,305.78,13.88,D,0
48.6235,78.78979,347.4,0.52,0.41,2021-09-16,705,N,VIIRS,n,2,306.6,30.48,D,0
48.62365,78.75216,339.74,0.52,0.41,2021-09-16,705,N,VIIRS,n,2,308.06,5.05,D,0
48.62392,78.79639,343.6,0.52,0.41,2021-09-16,705,N,VIIRS,n,2,311.68,35.89,D,0
48.62464,78.78098,346.38,0.52,0.41,2021-09-16,705,N,VIIRS,n,2,305.73,13.88,D,0
48.62495,78.79662,342.19,0.52,0.41,2021-09-16,705,N,VIIRS,n,2,314.84,30.48,D,0
48.62572,78.78115,349.1,0.52,0.41,2021-09-16,705,N,VIIRS,n,2,305.17,13.65,D,0
48.62612,78.78784,351.46,0.52,0.41,2021-09-16,705,N,VIIRS,n,2,305.24,13.88,D,0
48.62639,78.80344,332.15,0.52,0.41,2021-09-16,705,N,VIIRS,n,2,298.72,18.59,D,0
48.62718,78.78804,349.8,0.52,0.41,2021-09-16,705,N,VIIRS,n,2,304.78,30.48,D,0
48.62759,78.79468,354.17,0.52,0.41,2021-09-16,705,N,VIIRS,n,2,313.78,35.89,D,0
48.62831,78.77921,338.35,0.52,0.41,2021-09-16,705,N,VIIRS,n,2,304.89,6.99,D,0
48.62862,78.79488,352.56,0.52,0.41,2021-09-16,705,N,VIIRS,n,2,313.37,30.48,D,0
48.62906,78.80146,351.89,0.52,0.41,2021-09-16,705,N,VIIRS,n,2,307.71,35.89,D,0
48.62979,78.78607,337.75,0.52,0.41,2021-09-16,705,N,VIIRS,n,2,306.51,6.99,D,0
48.63005,78.8017,349.43,0.52,0.41,2021-09-16,705,N,VIIRS,n,2,306.49,18.59,D,0
48.63084,78.78626,338.9,0.52,0.41,2021-09-16,705,N,VIIRS,n,2,306.98,16.62,D,0
48.63126,78.79292,337.3,0.52,0.41,2021-09-16,705,N,VIIRS,n,2,303.56,23.36,D,0
48.63229,78.79311,332.59,0.52,0.41,2021-09-16,705,N,VIIRS,l,2,302.8,16.62,D,0
48.63345,78.78428,332.31,0.52,0.41,2021-09-16,705,N,VIIRS,l,2,303.89,6.99,D,0
48.6335,78.74694,333.42,0.52,0.41,2021-09-16,705,N,VIIRS,l,2,306.63,3.41,D,0
48.63738,78.79814,339.33,0.52,0.41,2021-09-16,705,N,VIIRS,n,2,301.71,8.24,D,0
48.63863,78.75193,336.97,0.52,0.41,2021-09-16,705,N,VIIRS,l,2,308.24,5.96,D,0
48.63883,78.80499,331.56,0.52,0.41,2021-09-16,705,N,VIIRS,n,2,300.25,8.24,D,0
48.64006,78.79618,332.52,0.52,0.41,2021-09-16,705,N,VIIRS,l,2,303.81,6.84,D,0
48.64153,78.80301,333.92,0.52,0.41,2021-09-16,705,N,VIIRS,l,2,306.83,31.77,D,0
48.64374,78.79448,336.31,0.52,0.41,2021-09-16,705,N,VIIRS,n,2,302.72,6.84,D,0
48.65547,78.81146,335.35,0.51,0.41,2021-09-16,705,N,VIIRS,n,2,303.33,8.2,D,0
48.65914,78.80972,350.48,0.51,0.41,2021-09-16,705,N,VIIRS,n,2,311.74,26.48,D,0
48.66133,78.80109,332.38,0.51,0.41,2021-09-16,705,N,VIIRS,l,2,306.02,5.6,D,0
48.6628,78.80795,346.13,0.51,0.41,2021-09-16,705,N,VIIRS,n,2,312.48,26.48,D,0
48.66426,78.81477,332.22,0.51,0.41,2021-09-16,705,N,VIIRS,n,2,299.58,26.48,D,0
48.66646,78.80615,354.74,0.51,0.41,2021-09-16,705,N,VIIRS,n,2,316.77,24.98,D,0
48.67012,78.80438,348.62,0.51,0.41,2021-09-16,705,N,VIIRS,n,2,307.21,24.98,D,0
49.27096,74.39576,334.55,0.49,0.49,2021-09-16,705,N,VIIRS,l,2,305.1,7.17,D,0
49.2811,74.39742,338.63,0.49,0.49,2021-09-16,705,N,VIIRS,n,2,302.21,3.42,D,0
49.28527,74.39468,341.22,0.49,0.49,2021-09-16,705,N,VIIRS,n,2,302.63,3.42,D,0
49.28538,74.45286,331.41,0.49,0.48,2021-09-16,705,N,VIIRS,l,2,304.92,3.69,D,0
49.28696,74.45914,351.71,0.49,0.48,2021-09-16,705,N,VIIRS,n,2,308.01,14.41,D,0
49.28804,74.44416,347.72,0.49,0.49,2021-09-16,705,N,VIIRS,n,2,304.94,3.69,D,0
49.28855,74.46542,352.7,0.49,0.48,2021-09-16,705,N,VIIRS,n,2,306.83,14.41,D,0
49.28963,74.45047,331.32,0.49,0.48,2021-09-16,705,N,VIIRS,l,2,304.14,3.69,D,0
49.29014,74.47172,343.52,0.49,0.48,2021-09-16,705,N,VIIRS,n,2,312.13,43.41,D,0
49.29661,74.43969,338.9,0.49,0.49,2021-09-16,705,N,VIIRS,n,2,301.46,3.92,D,0
49.29974,74.45216,342.18,0.49,0.48,2021-09-16,705,N,VIIRS,n,2,302.09,6.64,D,0
49.30128,74.45825,345.41,0.49,0.48,2021-09-16,705,N,VIIRS,n,2,300.15,6.64,D,0
49.3014,74.44983,338.07,0.49,0.48,2021-09-16,705,N,VIIRS,n,2,300.67,8.45,D,0
49.30252,74.44393,335.39,0.49,0.48,2021-09-16,705,N,VIIRS,n,2,300.67,3.12,D,0
49.30294,74.45586,354.1,0.49,0.48,2021-09-16,705,N,VIIRS,n,2,302.47,13.9,D,0
49.30555,74.45596,351.35,0.49,0.48,2021-09-16,705,N,VIIRS,n,2,300.18,7.97,D,0
50.39727,80.18412,333.84,0.44,0.38,2021-09-16,705,N,VIIRS,l,2,306.64,3.64,D,2
50.70972,80.38468,330.93,0.43,0.38,2021-09-16,705,N,VIIRS,l,2,304.97,2.36,D,0
50.71082,80.39056,337.86,0.43,0.38,2021-09-16,705,N,VIIRS,n,2,304.62,2.36,D,0
53.50024,79.41238,325.5,0.41,0.37,2021-09-16,706,N,VIIRS,n,2,295,3.05,D,0
30.33541,73.60765,335.01,0.5,0.49,2021-09-16,840,N,VIIRS,n,2,300.49,5.02,D,0
30.43518,73.68931,343.89,0.51,0.49,2021-09-16,840,N,VIIRS,n,2,297.85,7.83,D,0
30.47886,73.5656,341.94,0.5,0.49,2021-09-16,840,N,VIIRS,n,2,298.39,5.52,D,0
30.85651,74.34863,333.08,0.56,0.52,2021-09-16,840,N,VIIRS,n,2,296.48,3.97,D,0
31.57325,75.12878,349.37,0.32,0.54,2021-09-16,841,N,VIIRS,n,2,295.06,5.53,D,0
31.71982,74.95538,336.97,0.63,0.54,2021-09-16,841,N,VIIRS,n,2,295.56,4.68,D,0
42.91408,74.87468,330.14,0.39,0.59,2021-09-16,844,N,VIIRS,n,2,304.32,2.68,D,2
43.81169,75.34414,332.55,0.42,0.61,2021-09-16,844,N,VIIRS,n,2,279.99,10.1,D,0
43.81187,75.34953,356.79,0.42,0.61,2021-09-16,844,N,VIIRS,l,2,279.77,10.56,D,0
43.81648,75.31697,342.39,0.42,0.61,2021-09-16,844,N,VIIRS,n,2,277.02,2.73,D,0
43.82219,75.31675,337.57,0.42,0.61,2021-09-16,844,N,VIIRS,n,2,280.63,9.32,D,0
43.82238,75.32206,357.21,0.42,0.61,2021-09-16,844,N,VIIRS,l,2,288.89,9.32,D,0
43.82257,75.32746,331.67,0.42,0.61,2021-09-16,844,N,VIIRS,n,2,284.3,7.81,D,0
43.82276,75.33286,340.55,0.42,0.61,2021-09-16,844,N,VIIRS,n,2,290.81,7.81,D,0
43.82331,75.34881,336.71,0.42,0.61,2021-09-16,844,N,VIIRS,n,2,266.66,3.05,D,0
45.77611,74.3919,367,0.39,0.59,2021-09-16,845,N,VIIRS,h,2,309.89,11.49,D,0
45.7763,74.39704,335.94,0.39,0.59,2021-09-16,845,N,VIIRS,n,2,306.66,8.34,D,0
45.78184,74.39668,348.83,0.39,0.59,2021-09-16,845,N,VIIRS,n,2,302.99,5.21,D,0
46.81983,74.93548,346.98,0.42,0.61,2021-09-16,845,N,VIIRS,n,2,304.38,16.71,D,2
46.81999,74.94123,353.7,0.42,0.61,2021-09-16,845,N,VIIRS,n,2,303.04,16.71,D,2
47.94918,76.07404,333.82,0.48,0.65,2021-09-16,845,N,VIIRS,n,2,304.96,3.67,D,0
47.9493,76.08048,341.25,0.48,0.65,2021-09-16,845,N,VIIRS,n,2,306.38,10.07,D,0
47.94941,76.08704,355.13,0.48,0.65,2021-09-16,845,N,VIIRS,n,2,309.14,10.07,D,0
47.94952,76.09373,351.74,0.48,0.65,2021-09-16,845,N,VIIRS,n,2,317.17,27.56,D,0
47.94955,76.0778,338.93,0.48,0.65,2021-09-16,845,N,VIIRS,n,2,305.57,5.83,D,0
47.94963,76.08433,342.5,0.48,0.65,2021-09-16,845,N,VIIRS,n,2,306.91,18.58,D,0
47.94964,76.10054,367,0.48,0.65,2021-09-16,845,N,VIIRS,h,2,304.63,27.56,D,0
47.94972,76.09097,355.25,0.48,0.65,2021-09-16,845,N,VIIRS,n,2,315.91,18.58,D,0
47.9498,76.09776,367,0.48,0.65,2021-09-16,845,N,VIIRS,h,2,312.57,42.46,D,0
48.42627,76.19045,336.1,0.49,0.65,2021-09-16,845,N,VIIRS,n,2,305.69,6.52,D,0
48.42636,76.19729,344.78,0.49,0.65,2021-09-16,845,N,VIIRS,n,2,305.42,6.52,D,0
48.42645,76.20412,352.41,0.49,0.65,2021-09-16,845,N,VIIRS,n,2,307.61,18.74,D,0
48.42654,76.21089,367,0.49,0.65,2021-09-16,845,N,VIIRS,h,2,306.04,18.74,D,0
48.43246,76.19713,346.12,0.49,0.65,2021-09-16,845,N,VIIRS,n,2,301.71,6.52,D,0
48.43255,76.20398,342.15,0.49,0.65,2021-09-16,845,N,VIIRS,n,2,300.01,18.74,D,0
48.43866,76.20382,352.03,0.49,0.65,2021-09-16,845,N,VIIRS,n,2,304.68,6.97,D,0
48.43875,76.21069,344.89,0.49,0.65,2021-09-16,845,N,VIIRS,n,2,303.56,6.97,D,0
48.45683,76.20534,367,0.49,0.65,2021-09-16,845,N,VIIRS,h,2,304.97,18.72,D,0
48.45689,76.2122,345.41,0.49,0.65,2021-09-16,845,N,VIIRS,n,2,310.56,73.49,D,0
48.45696,76.21909,354.15,0.49,0.65,2021-09-16,845,N,VIIRS,n,2,319.28,73.49,D,0
48.45697,76.20336,343.42,0.49,0.65,2021-09-16,845,N,VIIRS,n,2,303.18,22.72,D,0
48.45702,76.22594,367,0.49,0.65,2021-09-16,845,N,VIIRS,h,2,308.43,65.93,D,0
48.45707,76.21023,355.71,0.49,0.65,2021-09-16,845,N,VIIRS,n,2,307.42,22.72,D,0
48.45726,76.22398,367,0.49,0.65,2021-09-16,845,N,VIIRS,h,2,308.89,153.69,D,0
48.45736,76.23083,354.94,0.49,0.65,2021-09-16,845,N,VIIRS,n,2,303.05,27.05,D,0
48.4749,74.15321,367,0.39,0.6,2021-09-16,845,N,VIIRS,h,2,305.29,10.93,D,0
48.47506,74.15841,346.93,0.39,0.6,2021-09-16,845,N,VIIRS,n,2,305.98,6.87,D,0
48.47521,74.16354,339.54,0.39,0.6,2021-09-16,845,N,VIIRS,n,2,306.25,6.87,D,0
48.47582,74.18422,367,0.4,0.6,2021-09-16,845,N,VIIRS,h,2,307.92,45.27,D,0
48.4811,74.17371,342.04,0.4,0.6,2021-09-16,845,N,VIIRS,n,2,306.56,8.57,D,0
48.48125,74.17885,332.66,0.4,0.6,2021-09-16,845,N,VIIRS,n,2,306.44,45.27,D,0
48.48141,74.18421,208,0.4,0.6,2021-09-16,845,N,VIIRS,l,2,319.65,45.27,D,0
48.48158,74.18974,367,0.4,0.6,2021-09-16,845,N,VIIRS,l,2,365.22,147.78,D,0
48.48174,74.19525,367,0.4,0.6,2021-09-16,845,N,VIIRS,h,2,303.07,147.78,D,0
48.48684,74.17896,351.86,0.4,0.6,2021-09-16,845,N,VIIRS,n,2,306.18,43.81,D,0
48.48701,74.18442,315.89,0.4,0.6,2021-09-16,845,N,VIIRS,l,2,323.19,43.81,D,0
48.48717,74.18984,367,0.4,0.6,2021-09-16,845,N,VIIRS,l,2,334.17,80.91,D,0
48.48733,74.19513,367,0.4,0.6,2021-09-16,845,N,VIIRS,h,2,300.83,80.91,D,0
48.49228,74.17376,345.18,0.4,0.6,2021-09-16,845,N,VIIRS,n,2,305.55,16.04,D,0
48.49244,74.17905,367,0.4,0.6,2021-09-16,845,N,VIIRS,h,2,307.43,43.81,D,0
48.4926,74.1844,312.12,0.4,0.6,2021-09-16,845,N,VIIRS,l,2,314.88,43.81,D,0
48.49276,74.1897,367,0.4,0.6,2021-09-16,845,N,VIIRS,h,2,338.93,80.91,D,0
48.49292,74.19485,367,0.4,0.6,2021-09-16,845,N,VIIRS,h,2,298.87,80.91,D,0
48.60852,78.8027,367,0.64,0.72,2021-09-16,845,N,VIIRS,h,2,309.13,31.82,D,0
48.60862,78.79382,367,0.64,0.72,2021-09-16,845,N,VIIRS,h,2,301.91,18.93,D,0
48.60891,78.76798,339.4,0.64,0.72,2021-09-16,845,N,VIIRS,n,2,303.28,8.52,D,0
48.61522,78.81253,367,0.64,0.72,2021-09-16,845,N,VIIRS,h,2,299.59,31.82,D,0
48.61533,78.80334,331.23,0.64,0.72,2021-09-16,845,N,VIIRS,n,2,296.39,31.82,D,0
48.61542,78.79444,341.74,0.64,0.72,2021-09-16,845,N,VIIRS,n,2,298.66,18.93,D,0
48.61552,78.78548,367,0.64,0.72,2021-09-16,845,N,VIIRS,h,2,302.2,18.93,D,0
48.61561,78.77675,337.42,0.64,0.72,2021-09-16,845,N,VIIRS,n,2,297.86,8.52,D,0
48.6157,78.76818,343.14,0.64,0.72,2021-09-16,845,N,VIIRS,n,2,302.75,8.52,D,0
48.62193,78.82159,367,0.64,0.72,2021-09-16,845,N,VIIRS,h,2,302.54,44.73,D,0
48.62203,78.81276,349.78,0.64,0.72,2021-09-16,845,N,VIIRS,n,2,306.37,30.35,D,0
48.62231,78.78607,367,0.64,0.72,2021-09-16,845,N,VIIRS,h,2,302.64,20.75,D,0
48.62241,78.77734,333.56,0.64,0.72,2021-09-16,845,N,VIIRS,n,2,300.42,11.65,D,0
48.62269,78.7501,345.59,0.64,0.72,2021-09-16,845,N,VIIRS,n,2,304.22,6.41,D,0
48.62874,78.8218,367,0.64,0.72,2021-09-16,845,N,VIIRS,h,2,303.53,44.73,D,0
48.62884,78.81274,333.72,0.64,0.72,2021-09-16,845,N,VIIRS,n,2,302.27,30.35,D,0
48.62949,78.74949,330.2,0.64,0.72,2021-09-16,845,N,VIIRS,l,2,301.21,6.41,D,0
48.63556,78.82159,343.41,0.64,0.72,2021-09-16,845,N,VIIRS,n,2,297.06,25.26,D,0
48.63565,78.81274,367,0.64,0.72,2021-09-16,845,N,VIIRS,h,2,309.38,44.8,D,0
48.63573,78.80402,356.29,0.64,0.72,2021-09-16,845,N,VIIRS,n,2,304.82,44.8,D,0
48.64227,78.8308,336.95,0.65,0.73,2021-09-16,845,N,VIIRS,n,2,294.58,25.26,D,0
48.64237,78.82179,355.12,0.64,0.72,2021-09-16,845,N,VIIRS,n,2,297.93,25.26,D,0
48.64246,78.8129,367,0.64,0.72,2021-09-16,845,N,VIIRS,h,2,311.1,44.8,D,0
48.64255,78.80395,367,0.64,0.72,2021-09-16,845,N,VIIRS,h,2,303.29,44.8,D,0
48.6427,78.83191,330.4,0.65,0.73,2021-09-16,845,N,VIIRS,n,2,293.81,11.21,D,0
48.64283,78.82291,353.46,0.65,0.73,2021-09-16,845,N,VIIRS,n,2,297.58,37.08,D,0
48.64296,78.814,367,0.64,0.72,2021-09-16,845,N,VIIRS,h,2,310.08,37.08,D,0
48.64309,78.80502,350.94,0.64,0.72,2021-09-16,845,N,VIIRS,n,2,304.35,28.59,D,0
48.64909,78.83096,339.29,0.65,0.73,2021-09-16,845,N,VIIRS,n,2,295.34,7.87,D,0
48.64918,78.82197,351.11,0.64,0.72,2021-09-16,845,N,VIIRS,n,2,299.33,7.87,D,0
48.64927,78.81287,342.15,0.64,0.72,2021-09-16,845,N,VIIRS,n,2,299.96,10.57,D,0
48.64935,78.80382,355.98,0.64,0.72,2021-09-16,845,N,VIIRS,n,2,302.47,10.57,D,0
48.64951,78.83202,337.27,0.65,0.73,2021-09-16,845,N,VIIRS,n,2,294.95,11.21,D,0
48.64964,78.82301,367,0.65,0.73,2021-09-16,845,N,VIIRS,h,2,299.49,37.08,D,0
48.6499,78.80485,355.49,0.64,0.72,2021-09-16,845,N,VIIRS,n,2,302.95,28.59,D,0
48.6559,78.83084,335.19,0.65,0.73,2021-09-16,845,N,VIIRS,n,2,295.54,7.87,D,0
48.65599,78.82182,340.08,0.64,0.72,2021-09-16,845,N,VIIRS,n,2,300.52,7.87,D,0
48.65616,78.80377,339.94,0.64,0.72,2021-09-16,845,N,VIIRS,n,2,302.18,10.57,D,0
48.65646,78.82285,337.59,0.65,0.73,2021-09-16,845,N,VIIRS,n,2,300.24,7.45,D,0
48.65671,78.80475,333.77,0.64,0.72,2021-09-16,845,N,VIIRS,n,2,301.63,13.42,D,0
48.6634,78.81354,336.08,0.64,0.72,2021-09-16,845,N,VIIRS,n,2,300.95,7.45,D,0
48.66969,78.81281,341.68,0.64,0.72,2021-09-16,845,N,VIIRS,n,2,300.26,14.22,D,0
49.18069,74.12942,334.58,0.4,0.6,2021-09-16,846,N,VIIRS,n,2,301.78,6.11,D,0
49.18084,74.13483,367,0.4,0.6,2021-09-16,846,N,VIIRS,h,2,304.45,6.11,D,0
49.18098,74.14026,367,0.4,0.6,2021-09-16,846,N,VIIRS,h,2,303.24,13.26,D,0
49.28061,74.39518,340.54,0.41,0.61,2021-09-16,846,N,VIIRS,n,2,299.72,4.34,D,0
49.28712,74.43035,332.11,0.41,0.61,2021-09-16,846,N,VIIRS,n,2,300.36,1.99,D,0
49.28755,74.44865,336.66,0.41,0.61,2021-09-16,846,N,VIIRS,n,2,302.04,3.8,D,0
49.30471,74.45293,342,0.41,0.61,2021-09-16,846,N,VIIRS,n,2,300.4,8.32,D,0
49.30487,74.45963,338.91,0.41,0.61,2021-09-16,846,N,VIIRS,n,2,302.14,12.43,D,0
49.30967,74.42358,332.76,0.41,0.61,2021-09-16,846,N,VIIRS,n,2,299.16,3.12,D,0
49.31039,74.45292,367,0.41,0.61,2021-09-16,846,N,VIIRS,h,2,297.87,8.32,D,0
49.31055,74.45947,367,0.41,0.61,2021-09-16,846,N,VIIRS,h,2,301.05,12.43,D,0
49.3107,74.46581,367,0.41,0.61,2021-09-16,846,N,VIIRS,h,2,300.32,12.43,D,0
49.31536,74.42388,367,0.41,0.61,2021-09-16,846,N,VIIRS,h,2,298.31,8.25,D,0
49.31701,75.01884,354.84,0.44,0.62,2021-09-16,846,N,VIIRS,n,2,303.45,9.87,D,0
49.94899,80.32204,346.86,0.75,0.77,2021-09-16,846,N,VIIRS,n,2,300.63,9.95,D,0
49.95522,80.32109,367,0.75,0.77,2021-09-16,846,N,VIIRS,h,2,304.79,22.94,D,0
49.95621,80.32256,356.56,0.75,0.77,2021-09-16,846,N,VIIRS,n,2,300.94,14.05,D,0
47.78789,131.9361,299.47,0.48,0.4,2021-09-16,1736,N,VIIRS,n,2,283.74,0.85,N,0
47.78917,131.92981,308.05,0.48,0.4,2021-09-16,1736,N,VIIRS,n,2,283.71,1.23,N,0
44.77935,129.68164,295.13,0.45,0.39,2021-09-16,1737,N,VIIRS,n,2,283.27,0.37,N,0
45.33233,131.45551,297.43,0.51,0.41,2021-09-16,1737,N,VIIRS,n,2,284.95,0.83,N,2
45.77827,130.6188,316.35,0.46,0.39,2021-09-16,1737,N,VIIRS,n,2,284.52,1.42,N,0
45.79241,131.20697,295.04,0.49,0.4,2021-09-16,1737,N,VIIRS,n,2,284.36,0.33,N,2
45.79551,130.92719,297.28,0.48,0.4,2021-09-16,1737,N,VIIRS,n,2,285.13,1,N,2
45.81827,130.89146,329.65,0.47,0.4,2021-09-16,1737,N,VIIRS,n,2,285.4,3.69,N,2
45.82547,130.87509,306.42,0.47,0.4,2021-09-16,1737,N,VIIRS,n,2,284.47,1.26,N,2
46.43085,125.21014,312.52,0.39,0.36,2021-09-16,1737,N,VIIRS,n,2,285.93,1.23,N,0
46.60162,131.07205,304.64,0.47,0.39,2021-09-16,1737,N,VIIRS,n,2,286.76,1.43,N,2
46.60275,131.08546,301.57,0.47,0.4,2021-09-16,1737,N,VIIRS,n,2,284.89,0.71,N,2
46.60394,131.07954,299.05,0.47,0.39,2021-09-16,1737,N,VIIRS,n,2,284.73,0.71,N,2
46.60629,131.08694,297.92,0.47,0.4,2021-09-16,1737,N,VIIRS,n,2,286.01,0.71,N,2
46.78627,130.43439,296.67,0.44,0.39,2021-09-16,1737,N,VIIRS,n,2,285.76,0.46,N,2
46.97262,122.31288,300.22,0.45,0.39,2021-09-16,1737,N,VIIRS,n,2,282.71,0.95,N,2
47.14481,123.90576,296.19,0.41,0.37,2021-09-16,1737,N,VIIRS,n,2,285.07,0.54,N,0
47.18525,123.57505,296.66,0.41,0.37,2021-09-16,1737,N,VIIRS,n,2,283.65,0.73,N,2
47.2213,130.19189,306.83,0.43,0.38,2021-09-16,1737,N,VIIRS,n,2,284.62,1.68,N,2
47.22917,130.18922,307.09,0.43,0.38,2021-09-16,1737,N,VIIRS,n,2,281.96,1.72,N,2
47.31332,123.89639,296.15,0.41,0.37,2021-09-16,1737,N,VIIRS,n,2,282.33,0.63,N,0
48.08392,123.45242,315,0.42,0.38,2021-09-16,1737,N,VIIRS,n,2,286.12,1.44,N,2
41.52287,120.36646,301.06,0.46,0.39,2021-09-16,1738,N,VIIRS,n,2,287.07,1.34,N,2
41.55082,121.2898,315.48,0.43,0.38,2021-09-16,1738,N,VIIRS,n,2,277.88,0.87,N,2
41.55429,121.29061,298.09,0.43,0.38,2021-09-16,1738,N,VIIRS,n,2,279.17,0.87,N,2
42.08211,121.74419,301.5,0.42,0.38,2021-09-16,1738,N,VIIRS,n,2,286.74,0.69,N,2
42.20105,118.89111,296.42,0.53,0.42,2021-09-16,1738,N,VIIRS,n,2,283.48,0.79,N,0
42.25001,119.13509,309.13,0.52,0.41,2021-09-16,1738,N,VIIRS,n,2,281.3,0.99,N,0
42.26457,119.14429,323.46,0.52,0.41,2021-09-16,1738,N,VIIRS,n,2,284.32,3.18,N,2
42.26677,119.14497,311.79,0.52,0.41,2021-09-16,1738,N,VIIRS,n,2,283.91,1.83,N,2
42.26693,119.25315,299.06,0.51,0.41,2021-09-16,1738,N,VIIRS,n,2,283.06,0.81,N,2
42.26743,119.13861,296.82,0.52,0.41,2021-09-16,1738,N,VIIRS,n,2,280.98,1.69,N,2
42.26759,119.24699,298.65,0.51,0.41,2021-09-16,1738,N,VIIRS,n,2,283.43,0.81,N,2
42.26803,119.25304,307.59,0.51,0.41,2021-09-16,1738,N,VIIRS,n,2,283.79,0.84,N,2
42.26838,119.14501,297.52,0.52,0.41,2021-09-16,1738,N,VIIRS,n,2,284.39,1.12,N,2
42.28053,118.99869,298.7,0.52,0.42,2021-09-16,1738,N,VIIRS,n,2,282.48,1.33,N,0
42.85163,120.69004,302.99,0.46,0.39,2021-09-16,1738,N,VIIRS,n,2,284.49,0.67,N,2
42.85935,120.72134,296.88,0.46,0.39,2021-09-16,1738,N,VIIRS,n,2,284.96,1.09,N,2
42.91088,120.81304,301.72,0.45,0.39,2021-09-16,1738,N,VIIRS,n,2,284.63,1.04,N,0
43.19415,124.33121,302.94,0.39,0.36,2021-09-16,1738,N,VIIRS,n,2,279.72,0.92,N,2
43.19744,124.33213,308.47,0.39,0.36,2021-09-16,1738,N,VIIRS,n,2,280.19,0.92,N,2
43.20073,124.33308,301.64,0.39,0.36,2021-09-16,1738,N,VIIRS,n,2,281.75,1.07,N,2
43.20858,124.39426,299.08,0.39,0.36,2021-09-16,1738,N,VIIRS,n,2,279.62,0.49,N,0
43.27626,124.61666,298.94,0.38,0.36,2021-09-16,1738,N,VIIRS,n,2,278.65,0.54,N,2
38.39478,114.14277,302.71,0.55,0.51,2021-09-16,1739,N,VIIRS,n,2,290.56,2.3,N,2
38.39902,114.1498,301.5,0.55,0.51,2021-09-16,1739,N,VIIRS,n,2,287.99,1.92,N,2
38.55761,114.94316,299.53,0.5,0.49,2021-09-16,1739,N,VIIRS,n,2,286.94,1.13,N,2
38.56668,114.94442,303.74,0.5,0.49,2021-09-16,1739,N,VIIRS,n,2,288.36,1.54,N,2
38.57121,114.94505,302.22,0.5,0.49,2021-09-16,1739,N,VIIRS,n,2,288.87,1.54,N,2
38.64424,110.13084,329.04,0.45,0.63,2021-09-16,1739,N,VIIRS,n,2,284.79,5.02,N,0
38.64445,110.12557,301.52,0.45,0.63,2021-09-16,1739,N,VIIRS,n,2,281.74,4.35,N,0
38.69522,110.18407,297.19,0.45,0.63,2021-09-16,1739,N,VIIRS,n,2,283.85,1.04,N,0
38.69949,110.18514,297.19,0.45,0.63,2021-09-16,1739,N,VIIRS,n,2,283.55,0.89,N,0
38.70559,110.18003,296.15,0.45,0.63,2021-09-16,1739,N,VIIRS,n,2,282.98,1.45,N,0
38.70724,110.17949,299.72,0.45,0.63,2021-09-16,1739,N,VIIRS,n,2,284.1,1.46,N,0
38.78936,112.76003,298.76,0.33,0.55,2021-09-16,1739,N,VIIRS,n,2,281.52,1.98,N,2
38.87722,126.03619,302.25,0.41,0.37,2021-09-16,1739,N,VIIRS,n,2,289.35,0.78,N,2
38.88752,125.5596,297.23,0.4,0.37,2021-09-16,1739,N,VIIRS,n,2,286.71,0.39,N,0
38.91816,106.43802,299.91,0.72,0.75,2021-09-16,1739,N,VIIRS,n,2,279.28,3.69,N,2
38.95387,118.49537,304.08,0.51,0.41,2021-09-16,1739,N,VIIRS,n,2,289.76,3.37,N,3
39.06953,111.00565,297.45,0.41,0.61,2021-09-16,1739,N,VIIRS,n,2,283.15,0.57,N,2
39.07982,109.4815,297.49,0.5,0.65,2021-09-16,1739,N,VIIRS,n,2,282.25,1.1,N,0
39.25693,110.1713,295.74,0.46,0.63,2021-09-16,1739,N,VIIRS,n,2,266.86,0.74,N,2
39.27533,117.12601,303.4,0.39,0.44,2021-09-16,1739,N,VIIRS,n,2,287.99,0.93,N,2
39.27544,117.12848,304.1,0.39,0.44,2021-09-16,1739,N,VIIRS,n,2,288.78,0.51,N,2
39.32616,115.44166,299.23,0.48,0.48,2021-09-16,1739,N,VIIRS,n,2,287.76,0.62,N,2
39.35491,110.18443,299.78,0.46,0.63,2021-09-16,1739,N,VIIRS,n,2,280.95,1.02,N,0
39.37394,110.5836,300.82,0.44,0.62,2021-09-16,1739,N,VIIRS,n,2,269.83,0.71,N,2
39.40674,115.62769,305.24,0.47,0.48,2021-09-16,1739,N,VIIRS,n,2,287.79,0.85,N,2
39.41037,115.62943,299.51,0.47,0.48,2021-09-16,1739,N,VIIRS,n,2,287.81,0.55,N,0
39.41175,118.26581,302.22,0.52,0.42,2021-09-16,1739,N,VIIRS,n,2,286.31,0.41,N,2
39.43723,110.1243,298.84,0.46,0.64,2021-09-16,1739,N,VIIRS,n,2,282.28,1.15,N,0
39.44585,110.51611,316.81,0.44,0.62,2021-09-16,1739,N,VIIRS,n,2,280.19,1.99,N,0
39.44666,110.52158,295.22,0.44,0.62,2021-09-16,1739,N,VIIRS,n,2,279.41,1.24,N,0
39.44691,110.5162,317.32,0.44,0.62,2021-09-16,1739,N,VIIRS,n,2,280.59,1.24,N,2
39.46395,118.1117,297.81,0.53,0.42,2021-09-16,1739,N,VIIRS,n,2,286.7,0.78,N,2
39.46439,118.2505,310.95,0.52,0.42,2021-09-16,1739,N,VIIRS,n,2,289.69,1.94,N,2
39.46687,118.26347,301.31,0.52,0.42,2021-09-16,1739,N,VIIRS,n,2,287.56,0.79,N,2
39.4857,118.70183,309.67,0.5,0.41,2021-09-16,1739,N,VIIRS,n,2,287.28,2.43,N,2
39.48685,110.51375,313.68,0.44,0.62,2021-09-16,1739,N,VIIRS,n,2,285.13,3.2,N,2
39.49779,110.53091,295.93,0.44,0.62,2021-09-16,1739,N,VIIRS,n,2,283.6,1.17,N,2
39.51848,118.08338,299.19,0.53,0.42,2021-09-16,1739,N,VIIRS,n,2,287.9,1.46,N,2
39.52332,106.63329,298.8,0.71,0.75,2021-09-16,1739,N,VIIRS,n,2,264.48,2.1,N,0
39.55939,118.28695,301.58,0.52,0.42,2021-09-16,1739,N,VIIRS,n,2,287.04,0.64,N,0
39.58678,118.51576,298.32,0.51,0.41,2021-09-16,1739,N,VIIRS,n,2,287.32,0.51,N,2
39.59739,116.03265,301.34,0.45,0.47,2021-09-16,1739,N,VIIRS,n,2,287.85,0.74,N,2
39.60401,118.35827,303.13,0.52,0.42,2021-09-16,1739,N,VIIRS,n,2,289.4,1.11,N,2
39.60734,117.95789,304.78,0.54,0.42,2021-09-16,1739,N,VIIRS,n,2,287.75,1.45,N,2
39.61083,117.95876,299.52,0.54,0.42,2021-09-16,1739,N,VIIRS,n,2,287.83,0.43,N,2
39.61101,118.3658,305.2,0.52,0.42,2021-09-16,1739,N,VIIRS,n,2,289.42,1.27,N,2
39.61113,118.47116,309.04,0.52,0.41,2021-09-16,1739,N,VIIRS,n,2,291.68,1.65,N,2
39.61342,117.97223,309.6,0.54,0.42,2021-09-16,1739,N,VIIRS,n,2,286.61,1.57,N,2
39.61377,117.97204,306,0.54,0.42,2021-09-16,1739,N,VIIRS,n,2,286.52,0.98,N,2
39.62321,117.95453,306.59,0.54,0.42,2021-09-16,1739,N,VIIRS,n,2,287.21,1.01,N,2
39.62366,117.95436,316.74,0.54,0.42,2021-09-16,1739,N,VIIRS,n,2,287.29,2.51,N,2
39.62712,117.95524,309.73,0.54,0.42,2021-09-16,1739,N,VIIRS,n,2,287.08,0.83,N,2
39.63041,118.43769,305.34,0.52,0.41,2021-09-16,1739,N,VIIRS,n,2,289.44,0.86,N,2
39.65221,118.68067,299.46,0.51,0.41,2021-09-16,1739,N,VIIRS,n,2,286.97,1.11,N,2
39.65332,118.6805,304.65,0.51,0.41,2021-09-16,1739,N,VIIRS,n,2,288.12,0.71,N,2
39.65492,118.89664,296.88,0.5,0.41,2021-09-16,1739,N,VIIRS,n,2,276.26,1.99,N,2
39.65664,118.67548,303.61,0.51,0.41,2021-09-16,1739,N,VIIRS,n,2,289.57,1.57,N,2
39.65985,118.41845,299.73,0.52,0.41,2021-09-16,1739,N,VIIRS,n,2,288.62,1.01,N,2
39.66053,118.41238,302.29,0.52,0.41,2021-09-16,1739,N,VIIRS,n,2,289.41,1.01,N,2
39.67377,118.43344,307.07,0.52,0.41,2021-09-16,1739,N,VIIRS,n,2,287.92,1.89,N,2
39.67406,118.39625,299.69,0.52,0.42,2021-09-16,1739,N,VIIRS,n,2,288.57,1.19,N,2
39.67514,118.42132,301.78,0.52,0.41,2021-09-16,1739,N,VIIRS,n,2,287.09,0.67,N,2
39.67522,118.43397,303.62,0.52,0.41,2021-09-16,1739,N,VIIRS,n,2,287.73,0.72,N,2
39.67532,118.39667,301.84,0.52,0.42,2021-09-16,1739,N,VIIRS,n,2,289.1,0.99,N,2
39.67587,118.42789,303.4,0.52,0.41,2021-09-16,1739,N,VIIRS,n,2,290.66,1.74,N,2
39.72676,117.08251,305.34,0.4,0.44,2021-09-16,1739,N,VIIRS,n,2,287,1.18,N,0
39.73085,117.08321,324.09,0.4,0.44,2021-09-16,1739,N,VIIRS,n,2,287.75,2.33,N,0
39.73534,118.09133,312.42,0.54,0.42,2021-09-16,1739,N,VIIRS,n,2,286.89,1.9,N,2
39.75546,118.08848,336.41,0.54,0.42,2021-09-16,1739,N,VIIRS,n,2,287.98,6.04,N,2
39.75788,118.46223,303.86,0.52,0.41,2021-09-16,1739,N,VIIRS,n,2,288.44,0.96,N,2
39.75935,118.08919,321.42,0.54,0.42,2021-09-16,1739,N,VIIRS,n,2,287,2.71,N,2
39.76358,118.37599,305.41,0.52,0.42,2021-09-16,1739,N,VIIRS,n,2,288.85,1.13,N,2
39.77087,118.23851,313.58,0.53,0.42,2021-09-16,1739,N,VIIRS,n,2,286.92,1.08,N,2
39.80118,118.14194,328,0.54,0.42,2021-09-16,1739,N,VIIRS,n,2,288.55,4.43,N,2
39.82412,112.99908,305.38,0.33,0.55,2021-09-16,1739,N,VIIRS,n,2,283.28,0.77,N,2
39.82827,111.27369,300.07,0.4,0.6,2021-09-16,1739,N,VIIRS,n,2,282.4,1.08,N,2
39.84583,106.90327,300.97,0.68,0.74,2021-09-16,1739,N,VIIRS,n,2,275.65,3.38,N,2
39.85173,106.90098,295.31,0.69,0.74,2021-09-16,1739,N,VIIRS,n,2,276.11,2.52,N,2
39.87053,118.16135,327.42,0.54,0.42,2021-09-16,1739,N,VIIRS,n,2,287.13,3.39,N,2
39.87235,118.18111,300.14,0.53,0.42,2021-09-16,1739,N,VIIRS,n,2,287.15,0.78,N,2
39.8744,118.16208,302.59,0.54,0.42,2021-09-16,1739,N,VIIRS,n,2,287.12,0.74,N,2
39.87505,118.54671,300.14,0.51,0.41,2021-09-16,1739,N,VIIRS,n,2,287.36,0.6,N,0
39.87671,118.54826,314.97,0.52,0.41,2021-09-16,1739,N,VIIRS,n,2,288.39,1.11,N,2
39.87818,118.55345,301.26,0.51,0.41,2021-09-16,1739,N,VIIRS,n,2,287.03,1.42,N,2
39.87828,118.16282,298.2,0.54,0.42,2021-09-16,1739,N,VIIRS,n,2,287.17,0.74,N,2
39.87886,118.54749,309.61,0.51,0.41,2021-09-16,1739,N,VIIRS,n,2,288.97,2.85,N,2
39.87987,118.55501,299.02,0.51,0.41,2021-09-16,1739,N,VIIRS,n,2,288.23,1.11,N,2
39.88052,118.54904,302.94,0.52,0.41,2021-09-16,1739,N,VIIRS,n,2,288.43,1.11,N,2
39.89247,118.58198,299.19,0.51,0.41,2021-09-16,1739,N,VIIRS,n,2,288.48,0.86,N,0
39.89914,111.70206,304.93,0.38,0.59,2021-09-16,1739,N,VIIRS,n,2,283.87,0.85,N,2
39.89948,111.70146,305.06,0.38,0.59,2021-09-16,1739,N,VIIRS,n,2,283.79,1.05,N,2
39.90388,118.58413,304.55,0.51,0.41,2021-09-16,1739,N,VIIRS,n,2,290.87,1.8,N,2
39.91221,118.68388,301.7,0.51,0.41,2021-09-16,1739,N,VIIRS,n,2,289.53,1.25,N,2
39.91286,118.67802,306.79,0.51,0.41,2021-09-16,1739,N,VIIRS,n,2,289.58,1.25,N,2
39.91624,118.3624,298.47,0.53,0.42,2021-09-16,1739,N,VIIRS,n,2,287.63,0.7,N,2
39.91857,118.22809,313.83,0.53,0.42,2021-09-16,1739,N,VIIRS,n,2,289.07,2.49,N,2
39.9186,118.22914,314.21,0.53,0.42,2021-09-16,1739,N,VIIRS,n,2,289.1,1.86,N,2
39.93631,118.57191,303.49,0.51,0.41,2021-09-16,1739,N,VIIRS,n,2,290.27,1.49,N,2
39.94306,118.03316,297.66,0.54,0.42,2021-09-16,1739,N,VIIRS,n,2,287.54,0.61,N,2
39.95107,118.54416,303.92,0.52,0.41,2021-09-16,1739,N,VIIRS,n,2,289.4,1.18,N,2
39.9549,118.54469,301.3,0.52,0.41,2021-09-16,1739,N,VIIRS,n,2,290.46,2.11,N,2
39.96254,118.54599,302.77,0.52,0.41,2021-09-16,1739,N,VIIRS,n,2,289.65,1.15,N,2
39.97544,118.55499,300.97,0.52,0.41,2021-09-16,1739,N,VIIRS,n,2,289.93,1.4,N,2
40.09109,118.9313,305.15,0.5,0.41,2021-09-16,1739,N,VIIRS,n,2,286.62,0.92,N,2
40.10922,118.73479,307.37,0.51,0.41,2021-09-16,1739,N,VIIRS,n,2,291.51,1.52,N,2
40.10989,118.72884,304.14,0.51,0.41,2021-09-16,1739,N,VIIRS,n,2,290.25,1.52,N,2
40.11367,118.7296,306.63,0.51,0.41,2021-09-16,1739,N,VIIRS,n,2,289.15,1.52,N,2
40.12518,118.44604,313.5,0.52,0.42,2021-09-16,1739,N,VIIRS,n,2,287.65,1.42,N,2
40.18614,116.16705,299.23,0.45,0.47,2021-09-16,1739,N,VIIRS,n,2,288.69,0.45,N,2
40.21193,118.22608,307.8,0.54,0.42,2021-09-16,1739,N,VIIRS,n,2,290.3,2.58,N,2
40.2204,118.22109,298.9,0.54,0.42,2021-09-16,1739,N,VIIRS,n,2,287.37,0.59,N,0
40.42629,119.21579,301.31,0.49,0.4,2021-09-16,1739,N,VIIRS,n,2,286.6,0.55,N,2
40.52009,117.60759,298.76,0.38,0.44,2021-09-16,1739,N,VIIRS,n,2,286.22,0.92,N,2
40.55463,117.75153,299.36,0.57,0.43,2021-09-16,1739,N,VIIRS,n,2,287.05,0.91,N,0
40.58627,115.09251,300.12,0.51,0.5,2021-09-16,1739,N,VIIRS,n,2,286.1,1.42,N,2
40.59135,115.08698,297.71,0.51,0.5,2021-09-16,1739,N,VIIRS,n,2,285.29,1.55,N,2
40.61746,109.75236,303.41,0.49,0.65,2021-09-16,1739,N,VIIRS,n,2,283.79,1.26,N,2
40.61772,109.75244,303.1,0.49,0.65,2021-09-16,1739,N,VIIRS,n,2,284.38,1.33,N,2
40.61788,109.74039,296.24,0.49,0.65,2021-09-16,1739,N,VIIRS,n,2,283.58,2.31,N,2
40.61808,109.74045,298.43,0.49,0.65,2021-09-16,1739,N,VIIRS,n,2,283.56,1.26,N,2
40.62398,109.74094,331.51,0.49,0.65,2021-09-16,1739,N,VIIRS,n,2,287.55,2.31,N,2
40.62418,109.74102,328.02,0.49,0.65,2021-09-16,1739,N,VIIRS,n,2,287.07,2.87,N,2
40.63047,109.73536,301.67,0.49,0.65,2021-09-16,1739,N,VIIRS,n,2,286.51,2.87,N,2
40.64193,109.7604,306.14,0.49,0.65,2021-09-16,1739,N,VIIRS,n,2,284.49,1.52,N,2
40.64268,109.73618,297.45,0.49,0.65,2021-09-16,1739,N,VIIRS,n,2,285.79,2,N,2
40.64859,109.74271,302.79,0.49,0.65,2021-09-16,1739,N,VIIRS,n,2,286.84,1.6,N,2
40.64878,109.73661,299.59,0.49,0.65,2021-09-16,1739,N,VIIRS,n,2,285.97,1.6,N,2
40.65581,118.52431,300.85,0.53,0.42,2021-09-16,1739,N,VIIRS,n,2,285.71,0.79,N,2
40.66214,109.70119,298.39,0.49,0.65,2021-09-16,1739,N,VIIRS,n,2,284.43,0.82,N,2
40.66308,109.67094,301.29,0.5,0.65,2021-09-16,1739,N,VIIRS,n,2,283.01,0.8,N,2
40.68597,110.23473,300.46,0.46,0.64,2021-09-16,1739,N,VIIRS,n,2,282.89,0.9,N,2
40.68918,110.20667,295.88,0.47,0.64,2021-09-16,1739,N,VIIRS,n,2,283.11,1.43,N,2
40.68936,110.20116,298.74,0.47,0.64,2021-09-16,1739,N,VIIRS,n,2,281.39,1.02,N,0
40.81059,119.46964,298.43,0.48,0.4,2021-09-16,1739,N,VIIRS,n,2,286.38,1.02,N,2
40.93929,117.72134,301.76,0.38,0.44,2021-09-16,1739,N,VIIRS,n,2,287.85,0.97,N,2
40.97342,110.08592,297.44,0.47,0.64,2021-09-16,1739,N,VIIRS,n,2,282.38,0.89,N,2
41.26582,119.41018,311.52,0.49,0.4,2021-09-16,1739,N,VIIRS,n,2,286.6,1.77,N,2
41.26953,119.41096,309.44,0.49,0.4,2021-09-16,1739,N,VIIRS,n,2,288.64,1.77,N,2
41.27325,119.41171,304.3,0.49,0.4,2021-09-16,1739,N,VIIRS,n,2,288.07,1.88,N,2
41.27375,119.41228,302.96,0.49,0.4,2021-09-16,1739,N,VIIRS,n,2,288.47,1.91,N,2
41.3364,119.1572,309.16,0.5,0.41,2021-09-16,1739,N,VIIRS,n,2,281.63,1.63,N,2
41.71185,113.10447,298.99,0.33,0.56,2021-09-16,1739,N,VIIRS,n,2,281.33,0.48,N,2
34.42731,117.60263,302.06,0.49,0.41,2021-09-16,1740,N,VIIRS,n,2,288.52,0.7,N,0
34.52903,117.39165,308.67,0.51,0.41,2021-09-16,1740,N,VIIRS,n,2,289.89,1.56,N,2
34.7808,118.14194,303.94,0.47,0.4,2021-09-16,1740,N,VIIRS,n,2,288.63,1.01,N,0
34.8183,118.0796,309.56,0.48,0.4,2021-09-16,1740,N,VIIRS,n,2,287.71,1.36,N,0
34.83895,118.21601,303.74,0.47,0.4,2021-09-16,1740,N,VIIRS,n,2,290.83,1,N,2
34.95093,118.3015,304.09,0.47,0.4,2021-09-16,1740,N,VIIRS,n,2,290.81,0.89,N,2
34.95392,118.3073,317.13,0.47,0.4,2021-09-16,1740,N,VIIRS,n,2,290.75,1.71,N,2
35.09407,119.27834,304.42,0.43,0.38,2021-09-16,1740,N,VIIRS,n,2,291.52,1.03,N,2
35.18196,118.79405,309.35,0.45,0.39,2021-09-16,1740,N,VIIRS,n,2,291.17,1.66,N,2
35.18711,119.03611,309.68,0.44,0.38,2021-09-16,1740,N,VIIRS,n,2,291.42,1.21,N,2
35.18851,119.38164,302.07,0.43,0.38,2021-09-16,1740,N,VIIRS,n,2,289.76,1.36,N,2
35.1891,118.79542,306.91,0.45,0.39,2021-09-16,1740,N,VIIRS,n,2,291.17,1.5,N,2
35.19064,119.03681,306.26,0.44,0.38,2021-09-16,1740,N,VIIRS,n,2,291.86,1.44,N,2
35.19418,119.03748,314.02,0.44,0.38,2021-09-16,1740,N,VIIRS,n,2,292.62,1.44,N,2
35.19549,119.383,316.44,0.43,0.38,2021-09-16,1740,N,VIIRS,n,2,292.9,2.94,N,2
35.20079,119.03588,307.07,0.44,0.38,2021-09-16,1740,N,VIIRS,n,2,291.96,1.74,N,2
35.63453,118.82143,299.74,0.45,0.39,2021-09-16,1740,N,VIIRS,n,2,285.99,0.85,N,2
35.65897,118.83122,300.82,0.45,0.39,2021-09-16,1740,N,VIIRS,n,2,286.31,0.81,N,2
35.91445,115.6917,317.07,0.42,0.46,2021-09-16,1740,N,VIIRS,n,2,286.5,3.29,N,0
35.91491,115.68696,307.06,0.42,0.46,2021-09-16,1740,N,VIIRS,n,2,286.21,2.97,N,0
37.14007,114.5378,302.41,0.5,0.49,2021-09-16,1740,N,VIIRS,n,2,288.38,1.26,N,2
37.18565,111.65492,295.3,0.36,0.58,2021-09-16,1740,N,VIIRS,n,2,283.26,0.4,N,2
37.34608,112.00193,295.18,0.35,0.57,2021-09-16,1740,N,VIIRS,n,2,284.23,0.74,N,0
37.35773,106.58673,296.61,0.69,0.75,2021-09-16,1740,N,VIIRS,n,2,280.58,1,N,2
37.39248,111.15309,298.98,0.39,0.59,2021-09-16,1740,N,VIIRS,n,2,285.47,1.35,N,2
37.40176,112.58736,295.95,0.33,0.55,2021-09-16,1740,N,VIIRS,n,2,283.76,0.62,N,2
37.40228,112.57978,300.22,0.33,0.55,2021-09-16,1740,N,VIIRS,n,2,284.28,1.05,N,2
37.40434,111.14049,297.67,0.39,0.59,2021-09-16,1740,N,VIIRS,n,2,284.89,0.78,N,2
37.46732,112.06334,301.07,0.35,0.57,2021-09-16,1740,N,VIIRS,n,2,284.78,1.08,N,0
37.46834,112.06602,303.6,0.35,0.57,2021-09-16,1740,N,VIIRS,n,2,284.2,1.12,N,0
37.49931,114.43748,298.33,0.52,0.5,2021-09-16,1740,N,VIIRS,n,2,286.49,0.95,N,2
37.52554,114.44071,302.5,0.52,0.5,2021-09-16,1740,N,VIIRS,n,2,286.98,1.04,N,2
37.55164,112.23269,310.45,0.34,0.56,2021-09-16,1740,N,VIIRS,n,2,285.21,1.21,N,2
37.55182,112.23315,300.92,0.34,0.56,2021-09-16,1740,N,VIIRS,n,2,284.81,1.02,N,2
37.55191,112.22875,309.37,0.34,0.56,2021-09-16,1740,N,VIIRS,n,2,285.22,1.21,N,2
37.55206,112.2292,313.24,0.34,0.56,2021-09-16,1740,N,VIIRS,n,2,285.61,1.02,N,2
37.55217,112.2248,295.38,0.34,0.56,2021-09-16,1740,N,VIIRS,n,2,284.47,1.06,N,2
37.5523,112.22525,303.09,0.34,0.56,2021-09-16,1740,N,VIIRS,n,2,284.46,1.36,N,2
37.55996,112.26534,299.25,0.34,0.56,2021-09-16,1740,N,VIIRS,n,2,285.75,1.51,N,0
37.56034,112.26583,299.38,0.34,0.56,2021-09-16,1740,N,VIIRS,n,2,285.72,0.67,N,0
37.56058,112.2619,297.42,0.34,0.56,2021-09-16,1740,N,VIIRS,n,2,285.8,0.67,N,0
37.56731,112.23438,298.68,0.34,0.56,2021-09-16,1740,N,VIIRS,n,2,285.35,0.68,N,2
37.57077,112.26698,313.32,0.34,0.56,2021-09-16,1740,N,VIIRS,n,2,284.8,1.2,N,2
37.57125,112.25909,318.14,0.34,0.56,2021-09-16,1740,N,VIIRS,n,2,286.01,0.97,N,2
37.5715,112.25515,308.2,0.34,0.56,2021-09-16,1740,N,VIIRS,n,2,286.24,0.97,N,2
37.57182,112.16412,307.47,0.34,0.56,2021-09-16,1740,N,VIIRS,n,2,284.81,0.83,N,2
37.57205,112.16379,303.95,0.34,0.56,2021-09-16,1740,N,VIIRS,n,2,284.57,0.73,N,2
37.57247,112.2394,300.97,0.34,0.56,2021-09-16,1740,N,VIIRS,n,2,284.69,1.13,N,2
37.57272,112.23546,304.51,0.34,0.56,2021-09-16,1740,N,VIIRS,n,2,284.85,1.17,N,2
37.57598,112.26753,306.23,0.34,0.56,2021-09-16,1740,N,VIIRS,n,2,287.39,1.2,N,2
37.57623,112.2636,313.4,0.34,0.56,2021-09-16,1740,N,VIIRS,n,2,288.25,1.2,N,2
37.57647,112.25967,308.64,0.34,0.56,2021-09-16,1740,N,VIIRS,n,2,285.16,0.97,N,2
37.57671,112.25573,296.07,0.34,0.56,2021-09-16,1740,N,VIIRS,n,2,284.4,0.97,N,0
37.58086,112.18867,304.45,0.34,0.56,2021-09-16,1740,N,VIIRS,n,2,286.44,0.8,N,2
37.5811,112.18478,297.99,0.34,0.56,2021-09-16,1740,N,VIIRS,n,2,286.29,0.8,N,2
37.58181,112.17339,297.99,0.34,0.56,2021-09-16,1740,N,VIIRS,n,2,285.27,0.68,N,2
37.58585,112.1933,302.45,0.34,0.56,2021-09-16,1740,N,VIIRS,n,2,285.09,0.78,N,2
37.58609,112.18941,320.07,0.34,0.56,2021-09-16,1740,N,VIIRS,n,2,284.65,2.03,N,2
37.59824,114.45093,304.88,0.52,0.5,2021-09-16,1740,N,VIIRS,n,2,286.87,1.02,N,2
37.59932,114.45047,299.19,0.52,0.5,2021-09-16,1740,N,VIIRS,n,2,286.56,1.45,N,2
37.74694,115.18365,296.59,0.47,0.48,2021-09-16,1740,N,VIIRS,n,2,286.51,0.76,N,2
37.78991,115.48903,297.92,0.46,0.47,2021-09-16,1740,N,VIIRS,n,2,287.38,0.56,N,0
37.8125,112.741,297.28,0.32,0.55,2021-09-16,1740,N,VIIRS,n,2,283.67,0.49,N,0
37.87975,113.47558,295.39,0.59,0.53,2021-09-16,1740,N,VIIRS,n,2,282.76,0.73,N,0
37.88655,112.6667,301.65,0.33,0.55,2021-09-16,1740,N,VIIRS,n,2,283.43,0.88,N,2
37.88683,112.66261,305.08,0.33,0.55,2021-09-16,1740,N,VIIRS,n,2,284.26,0.88,N,2
37.90488,112.54459,297.54,0.33,0.55,2021-09-16,1740,N,VIIRS,n,2,284.56,0.45,N,2
37.91003,112.5452,296,0.33,0.55,2021-09-16,1740,N,VIIRS,n,2,284.66,0.7,N,2
37.91492,112.5497,307.54,0.33,0.55,2021-09-16,1740,N,VIIRS,n,2,287,0.7,N,2
37.91518,112.54581,299.88,0.33,0.55,2021-09-16,1740,N,VIIRS,n,2,286.52,0.7,N,2
37.91544,112.54192,297.32,0.33,0.55,2021-09-16,1740,N,VIIRS,n,2,286.02,0.97,N,2
37.92007,112.55027,297.12,0.33,0.55,2021-09-16,1740,N,VIIRS,n,2,285.33,0.87,N,2
37.92059,112.5425,297.27,0.33,0.55,2021-09-16,1740,N,VIIRS,n,2,285.44,1.13,N,2
37.92548,112.54694,298.55,0.33,0.55,2021-09-16,1740,N,VIIRS,n,2,284.22,0.87,N,2
37.93089,112.54364,319.02,0.33,0.55,2021-09-16,1740,N,VIIRS,n,2,285.82,1.42,N,2
37.93114,112.53977,313.99,0.33,0.55,2021-09-16,1740,N,VIIRS,n,2,284.85,1.42,N,2
37.93166,112.53203,302.52,0.33,0.55,2021-09-16,1740,N,VIIRS,n,2,287.6,1.45,N,0
38.10705,114.07535,304.83,0.55,0.51,2021-09-16,1740,N,VIIRS,n,2,286.36,1.51,N,2
38.13536,114.31675,301.23,0.53,0.5,2021-09-16,1740,N,VIIRS,n,2,287.13,1.42,N,2
38.13691,114.31669,298.26,0.53,0.5,2021-09-16,1740,N,VIIRS,n,2,287.18,0.66,N,2
38.18416,113.01401,300.85,0.63,0.54,2021-09-16,1740,N,VIIRS,n,2,283.11,1.33,N,0
38.33937,112.72247,306.84,0.33,0.55,2021-09-16,1740,N,VIIRS,n,2,283.8,1.06,N,2
30.32953,121.96427,305.94,0.39,0.36,2021-09-16,1741,N,VIIRS,n,2,292.55,1.28,N,2
30.33218,121.96904,319.22,0.39,0.36,2021-09-16,1741,N,VIIRS,n,2,293.95,1.28,N,2
30.33285,121.96501,317.47,0.39,0.36,2021-09-16,1741,N,VIIRS,n,2,294.11,1.28,N,2
30.72325,119.70308,310.03,0.39,0.37,2021-09-16,1741,N,VIIRS,n,2,293.26,0.58,N,2
30.73364,120.45115,311.85,0.39,0.36,2021-09-16,1741,N,VIIRS,n,2,293.3,0.88,N,0
30.98419,117.7899,327.09,0.45,0.39,2021-09-16,1741,N,VIIRS,n,2,295.73,2.44,N,2
30.98775,117.79052,309.45,0.45,0.39,2021-09-16,1741,N,VIIRS,n,2,294.66,0.81,N,2
30.99132,117.79113,304.36,0.45,0.39,2021-09-16,1741,N,VIIRS,n,2,293.55,0.81,N,0
30.99255,117.78172,313.07,0.45,0.39,2021-09-16,1741,N,VIIRS,n,2,294.52,1.81,N,2
30.99489,117.79176,307.51,0.45,0.39,2021-09-16,1741,N,VIIRS,n,2,294.4,1.22,N,0
30.99673,117.77763,304.87,0.45,0.39,2021-09-16,1741,N,VIIRS,n,2,294.4,1.12,N,0
31.03084,119.55904,305.04,0.4,0.37,2021-09-16,1741,N,VIIRS,n,2,291.93,0.84,N,2
31.04165,119.60396,309.84,0.4,0.37,2021-09-16,1741,N,VIIRS,n,2,292.02,0.76,N,2
31.04691,119.51931,312.32,0.4,0.37,2021-09-16,1741,N,VIIRS,n,2,291.5,0.82,N,2
31.06362,119.59542,309,0.4,0.37,2021-09-16,1741,N,VIIRS,n,2,291.7,0.75,N,2
31.07672,119.5766,303.75,0.4,0.37,2021-09-16,1741,N,VIIRS,n,2,292.22,0.49,N,0
31.08849,119.68564,316.66,0.4,0.37,2021-09-16,1741,N,VIIRS,n,2,293.54,1.58,N,2
31.0937,118.02635,309.79,0.44,0.38,2021-09-16,1741,N,VIIRS,n,2,293.62,1.01,N,2
31.09459,119.69113,305.16,0.4,0.37,2021-09-16,1741,N,VIIRS,n,2,293.08,0.91,N,2
31.09786,118.02228,305.5,0.44,0.38,2021-09-16,1741,N,VIIRS,n,2,292.8,1.01,N,2
31.10139,118.02298,314.97,0.44,0.38,2021-09-16,1741,N,VIIRS,n,2,294.07,1.75,N,2
31.11047,119.72397,309.7,0.4,0.37,2021-09-16,1741,N,VIIRS,n,2,293.69,1.05,N,2
31.11165,119.72311,307.56,0.4,0.37,2021-09-16,1741,N,VIIRS,n,2,293.14,0.74,N,2
31.11411,119.69919,306.58,0.4,0.37,2021-09-16,1741,N,VIIRS,n,2,292.73,0.88,N,2
31.11524,119.6983,304.43,0.4,0.37,2021-09-16,1741,N,VIIRS,n,2,292.34,0.8,N,2
31.13154,118.01419,312.14,0.44,0.38,2021-09-16,1741,N,VIIRS,n,2,293.95,1.69,N,2
31.1337,118.01652,307.86,0.44,0.38,2021-09-16,1741,N,VIIRS,n,2,294.14,0.97,N,2
31.13555,118.16766,334.97,0.44,0.38,2021-09-16,1741,N,VIIRS,n,2,296.89,4.46,N,2
31.13846,118.17291,311.74,0.44,0.38,2021-09-16,1741,N,VIIRS,n,2,293.35,1.01,N,2
31.13907,118.16826,307.05,0.44,0.38,2021-09-16,1741,N,VIIRS,n,2,293.77,1.01,N,2
31.2237,118.15536,303.7,0.44,0.38,2021-09-16,1741,N,VIIRS,n,2,293.31,1.11,N,2
31.22377,118.15293,319.51,0.44,0.38,2021-09-16,1741,N,VIIRS,n,2,294.7,1.85,N,2
31.22432,118.15079,315.39,0.44,0.38,2021-09-16,1741,N,VIIRS,n,2,294.11,2.47,N,2
31.22437,118.14832,304.34,0.44,0.38,2021-09-16,1741,N,VIIRS,n,2,293.18,1.5,N,2
31.22789,118.14896,313.49,0.44,0.38,2021-09-16,1741,N,VIIRS,n,2,295.81,1.26,N,2
31.2285,118.14436,309.53,0.44,0.38,2021-09-16,1741,N,VIIRS,n,2,295.98,1.26,N,2
31.22926,118.38234,316.09,0.43,0.38,2021-09-16,1741,N,VIIRS,n,2,294.43,1.79,N,2
31.27593,117.33678,308.42,0.47,0.4,2021-09-16,1741,N,VIIRS,n,2,293.86,1.19,N,2
31.38192,119.29562,313.59,0.41,0.37,2021-09-16,1741,N,VIIRS,n,2,293.84,1.32,N,2
31.38531,119.29626,330.74,0.41,0.37,2021-09-16,1741,N,VIIRS,n,2,298.28,3.3,N,2
31.38692,119.30768,329.92,0.41,0.37,2021-09-16,1741,N,VIIRS,n,2,297.16,2.46,N,2
31.38749,119.30543,336.48,0.41,0.37,2021-09-16,1741,N,VIIRS,n,2,298.1,3.76,N,2
31.38752,119.30341,307.4,0.41,0.37,2021-09-16,1741,N,VIIRS,n,2,293.86,2.06,N,2
31.42682,119.34595,304.49,0.4,0.37,2021-09-16,1741,N,VIIRS,n,2,291.24,0.63,N,0
31.44222,121.43102,306.83,0.38,0.36,2021-09-16,1741,N,VIIRS,n,2,293.97,1.14,N,2
31.44573,117.26041,309.51,0.48,0.4,2021-09-16,1741,N,VIIRS,n,2,291.29,0.77,N,0
31.44766,117.26295,301.72,0.48,0.4,2021-09-16,1741,N,VIIRS,n,2,290.89,0.68,N,0
31.46895,119.48898,317.77,0.4,0.37,2021-09-16,1741,N,VIIRS,n,2,291.63,0.87,N,2
31.46978,119.48751,318.04,0.4,0.37,2021-09-16,1741,N,VIIRS,n,2,292.17,1.09,N,2
31.47498,117.93141,325.68,0.45,0.39,2021-09-16,1741,N,VIIRS,n,2,295.15,3.5,N,2
31.48109,119.23376,302.65,0.41,0.37,2021-09-16,1741,N,VIIRS,n,2,289.66,0.66,N,2
31.51909,117.90062,314.54,0.45,0.39,2021-09-16,1741,N,VIIRS,n,2,293.53,1.67,N,2
31.51962,117.75454,313.38,0.46,0.39,2021-09-16,1741,N,VIIRS,n,2,294.95,1.99,N,2
31.51971,117.89584,313.34,0.45,0.39,2021-09-16,1741,N,VIIRS,n,2,294.09,1.67,N,2
31.52749,118.00356,303.85,0.45,0.39,2021-09-16,1741,N,VIIRS,n,2,292.41,0.31,N,2
31.53873,119.58759,304.02,0.4,0.37,2021-09-16,1741,N,VIIRS,n,2,293.61,0.69,N,0
31.59992,118.48075,302.54,0.43,0.38,2021-09-16,1741,N,VIIRS,n,2,291.73,0.52,N,0
31.62422,120.4068,311.74,0.39,0.36,2021-09-16,1741,N,VIIRS,n,2,291.41,0.77,N,0
31.6606,117.83508,304.85,0.45,0.39,2021-09-16,1741,N,VIIRS,n,2,292.48,0.59,N,2
31.69282,120.06145,300.79,0.39,0.36,2021-09-16,1741,N,VIIRS,n,2,286.8,0.63,N,2
31.69879,118.46888,327.79,0.43,0.38,2021-09-16,1741,N,VIIRS,n,2,295.6,3.21,N,2
31.69978,120.08411,306.25,0.39,0.36,2021-09-16,1741,N,VIIRS,n,2,285.96,0.59,N,2
31.70167,118.47406,308.71,0.43,0.38,2021-09-16,1741,N,VIIRS,n,2,294.25,0.68,N,2
31.70228,118.46955,309.53,0.43,0.38,2021-09-16,1741,N,VIIRS,n,2,296.22,1.26,N,2
31.70516,118.4747,306.55,0.43,0.38,2021-09-16,1741,N,VIIRS,n,2,295.09,0.68,N,2
31.70577,118.47019,308.81,0.43,0.38,2021-09-16,1741,N,VIIRS,n,2,295.75,1.26,N,2
31.70646,120.08546,300.62,0.39,0.36,2021-09-16,1741,N,VIIRS,n,2,285.32,0.67,N,2
31.70707,120.08134,305.81,0.39,0.36,2021-09-16,1741,N,VIIRS,n,2,285.23,0.67,N,2
31.70769,120.0772,298.71,0.39,0.36,2021-09-16,1741,N,VIIRS,n,2,284.63,1.05,N,2
31.7087,120.08009,302.65,0.39,0.36,2021-09-16,1741,N,VIIRS,n,2,285.05,0.76,N,2
31.71996,119.3938,303.72,0.41,0.37,2021-09-16,1741,N,VIIRS,n,2,289.8,0.56,N,2
31.73937,118.48773,308.22,0.43,0.38,2021-09-16,1741,N,VIIRS,n,2,295.22,1.1,N,2
31.73998,118.48314,309.36,0.43,0.38,2021-09-16,1741,N,VIIRS,n,2,295.59,1.19,N,2
31.74637,118.48896,309.32,0.43,0.38,2021-09-16,1741,N,VIIRS,n,2,295.05,2.1,N,2
31.84891,120.73019,307.18,0.39,0.36,2021-09-16,1741,N,VIIRS,n,2,295.33,1.48,N,2
31.91588,118.61652,316.09,0.43,0.38,2021-09-16,1741,N,VIIRS,n,2,295.3,2.67,N,2
31.91605,114.02449,305.42,0.47,0.48,2021-09-16,1741,N,VIIRS,n,2,289.13,1.14,N,2
31.91614,118.61876,307.63,0.43,0.38,2021-09-16,1741,N,VIIRS,n,2,295.4,1.5,N,2
31.91674,118.61424,321.64,0.43,0.38,2021-09-16,1741,N,VIIRS,n,2,295.81,2.34,N,2
31.9474,120.32505,312.13,0.39,0.36,2021-09-16,1741,N,VIIRS,n,2,292.58,2.05,N,2
31.94894,119.76637,296.45,0.4,0.37,2021-09-16,1741,N,VIIRS,n,2,274.16,0.22,N,0
31.95316,116.72083,310.65,0.51,0.41,2021-09-16,1741,N,VIIRS,n,2,290.18,1.12,N,0
31.96344,118.34169,306.08,0.44,0.38,2021-09-16,1741,N,VIIRS,n,2,292.25,1.08,N,2
31.96696,118.34233,311.05,0.44,0.38,2021-09-16,1741,N,VIIRS,n,2,294.37,1.08,N,2
31.96757,118.3377,305.7,0.44,0.38,2021-09-16,1741,N,VIIRS,n,2,292.9,1.08,N,2
31.9709,118.97269,302.97,0.42,0.37,2021-09-16,1741,N,VIIRS,n,2,292.92,0.77,N,2
31.979,120.65584,316.45,0.39,0.36,2021-09-16,1741,N,VIIRS,n,2,295.68,1.65,N,2
31.98245,120.61025,320.68,0.39,0.36,2021-09-16,1741,N,VIIRS,n,2,296.57,2.25,N,2
31.98269,120.63136,306.81,0.39,0.36,2021-09-16,1741,N,VIIRS,n,2,294.51,1.58,N,2
31.98416,120.64428,307.95,0.39,0.36,2021-09-16,1741,N,VIIRS,n,2,295.16,1.04,N,2
31.98454,120.61912,321.42,0.39,0.36,2021-09-16,1741,N,VIIRS,n,2,295.66,2.99,N,2
31.986,120.63204,313.34,0.39,0.36,2021-09-16,1741,N,VIIRS,n,2,294.82,1.37,N,2
31.98846,120.61572,307.11,0.39,0.36,2021-09-16,1741,N,VIIRS,n,2,294.73,1.49,N,3
32.14772,119.32411,304.84,0.41,0.37,2021-09-16,1741,N,VIIRS,n,2,288.48,1.12,N,2
32.18106,118.75612,310.56,0.43,0.38,2021-09-16,1741,N,VIIRS,n,2,296.03,1.88,N,2
32.18863,118.21022,307.72,0.44,0.39,2021-09-16,1741,N,VIIRS,n,2,293.53,0.69,N,2
32.18869,119.25614,311.15,0.41,0.37,2021-09-16,1741,N,VIIRS,n,2,291.99,1.7,N,2
32.19557,118.75423,303.26,0.43,0.38,2021-09-16,1741,N,VIIRS,n,2,292.58,0.77,N,0
32.20375,118.74654,321.55,0.43,0.38,2021-09-16,1741,N,VIIRS,n,2,293.75,1.51,N,2
32.21259,118.27713,303.52,0.44,0.38,2021-09-16,1741,N,VIIRS,n,2,292.74,0.54,N,0
32.31075,115.95828,308.47,0.56,0.43,2021-09-16,1741,N,VIIRS,n,2,291.35,1.98,N,2
32.32731,115.95471,305.16,0.56,0.43,2021-09-16,1741,N,VIIRS,n,2,293.07,2.01,N,2
32.33435,119.73195,303.25,0.4,0.37,2021-09-16,1741,N,VIIRS,n,2,289.69,0.94,N,2
32.48113,114.039,307.85,0.48,0.48,2021-09-16,1741,N,VIIRS,n,2,289.07,1.42,N,2
32.48162,114.03388,308.24,0.48,0.48,2021-09-16,1741,N,VIIRS,n,2,289.07,1.42,N,2
32.48606,114.03454,302.41,0.48,0.48,2021-09-16,1741,N,VIIRS,n,2,288.88,1.42,N,2
32.6851,119.28819,315.2,0.41,0.37,2021-09-16,1741,N,VIIRS,n,2,290.31,0.81,N,0
32.6867,119.28629,320.43,0.41,0.37,2021-09-16,1741,N,VIIRS,n,2,290.3,1.09,N,0
32.69949,117.33641,325.01,0.49,0.4,2021-09-16,1741,N,VIIRS,n,2,291.21,1.93,N,2
32.70013,117.3312,304.21,0.49,0.4,2021-09-16,1741,N,VIIRS,n,2,290.47,1.93,N,2
32.75372,117.30399,306.44,0.49,0.4,2021-09-16,1741,N,VIIRS,n,2,291.52,1.87,N,2
32.75681,117.30987,314.16,0.49,0.4,2021-09-16,1741,N,VIIRS,n,2,292.57,1.87,N,2
32.7808,117.17366,301.55,0.5,0.41,2021-09-16,1741,N,VIIRS,n,2,290.73,0.7,N,2
32.78159,120.37803,296.76,0.39,0.36,2021-09-16,1741,N,VIIRS,n,2,270.55,0.74,N,2
33.11599,115.28245,301.1,0.41,0.45,2021-09-16,1741,N,VIIRS,n,2,287.33,0.57,N,0
33.6089,116.57658,311.04,0.54,0.42,2021-09-16,1741,N,VIIRS,n,2,291.13,2.39,N,2
33.6128,116.57722,313.95,0.54,0.42,2021-09-16,1741,N,VIIRS,n,2,292.28,1.66,N,2
33.61346,116.57136,304.07,0.54,0.42,2021-09-16,1741,N,VIIRS,n,2,290.51,1.66,N,2
33.96778,117.11325,299.71,0.51,0.41,2021-09-16,1741,N,VIIRS,n,2,288.69,0.45,N,2
33.97159,117.11389,314.67,0.51,0.41,2021-09-16,1741,N,VIIRS,n,2,290.84,1.18,N,2
34.0307,116.8048,307.48,0.53,0.42,2021-09-16,1741,N,VIIRS,n,2,290.78,1.6,N,2
27.77954,114.91457,306.02,0.56,0.43,2021-09-16,1742,N,VIIRS,n,2,295.64,2.54,N,2
27.7802,114.90882,309.49,0.56,0.43,2021-09-16,1742,N,VIIRS,n,2,294.92,2.76,N,2
27.78218,114.92669,306.16,0.56,0.43,2021-09-16,1742,N,VIIRS,n,2,295.16,1.71,N,2
27.85554,114.75148,310.67,0.38,0.44,2021-09-16,1742,N,VIIRS,n,2,292.84,1.34,N,2
27.97443,114.39536,303.39,0.4,0.44,2021-09-16,1742,N,VIIRS,n,2,291.83,0.73,N,2
27.98248,112.84806,305.97,0.5,0.49,2021-09-16,1742,N,VIIRS,n,2,290.06,0.75,N,2
27.99297,115.61552,316.65,0.52,0.42,2021-09-16,1742,N,VIIRS,n,2,294.63,2.73,N,2
27.9944,115.61684,326.46,0.52,0.42,2021-09-16,1742,N,VIIRS,n,2,296.13,3.79,N,2
28.06084,114.75668,335.1,0.39,0.44,2021-09-16,1742,N,VIIRS,n,2,290.85,4.32,N,0
28.15039,115.50567,310.11,0.53,0.42,2021-09-16,1742,N,VIIRS,n,2,295.41,1.82,N,2
28.28688,115.71407,305.31,0.52,0.41,2021-09-16,1742,N,VIIRS,n,2,295.03,1.26,N,2
28.33011,117.22787,314.48,0.45,0.39,2021-09-16,1742,N,VIIRS,n,2,295.24,1.62,N,2
28.331,117.23036,320.89,0.45,0.39,2021-09-16,1742,N,VIIRS,n,2,295.71,2.76,N,2
28.33223,117.22126,317.14,0.45,0.39,2021-09-16,1742,N,VIIRS,n,2,296.02,2.51,N,2
28.33366,117.22849,314.98,0.45,0.39,2021-09-16,1742,N,VIIRS,n,2,296.48,1.46,N,2
28.33486,117.21937,312.94,0.45,0.39,2021-09-16,1742,N,VIIRS,n,2,295.73,2.67,N,2
28.33606,117.21024,309.52,0.45,0.39,2021-09-16,1742,N,VIIRS,n,2,294.97,1.11,N,2
28.62661,117.38114,304.77,0.44,0.39,2021-09-16,1742,N,VIIRS,n,2,293.8,0.52,N,2
28.62918,117.37986,324.53,0.44,0.39,2021-09-16,1742,N,VIIRS,n,2,296.54,2.47,N,2
28.63015,117.38183,315.05,0.44,0.39,2021-09-16,1742,N,VIIRS,n,2,295.05,1.31,N,2
28.64663,115.99252,312.69,0.51,0.41,2021-09-16,1742,N,VIIRS,n,2,297.47,2.34,N,2
28.68602,118.54706,304.82,0.41,0.37,2021-09-16,1742,N,VIIRS,n,2,293.85,1.58,N,2
28.68669,118.54456,305.23,0.41,0.37,2021-09-16,1742,N,VIIRS,n,2,293.77,0.56,N,0
28.69852,118.31482,307.32,0.41,0.37,2021-09-16,1742,N,VIIRS,n,2,293.94,0.8,N,2
28.7057,118.58048,303.96,0.41,0.37,2021-09-16,1742,N,VIIRS,n,2,293.84,0.64,N,2
28.89025,118.8747,312.12,0.4,0.37,2021-09-16,1742,N,VIIRS,n,2,295.56,1.11,N,2
28.89085,118.87062,306.11,0.4,0.37,2021-09-16,1742,N,VIIRS,n,2,294.56,1.11,N,2
28.89144,118.86651,320.56,0.4,0.37,2021-09-16,1742,N,VIIRS,n,2,296.66,3.6,N,2
28.94639,118.48065,306.84,0.41,0.37,2021-09-16,1742,N,VIIRS,n,2,292.39,1.02,N,2
28.96761,118.45438,305.55,0.41,0.37,2021-09-16,1742,N,VIIRS,n,2,292.33,0.52,N,2
29.12075,117.33355,308.85,0.45,0.39,2021-09-16,1742,N,VIIRS,n,2,294.61,1.69,N,2
29.14825,119.56398,311.19,0.39,0.36,2021-09-16,1742,N,VIIRS,n,2,293.38,1.5,N,2
29.16763,119.5719,301.06,0.39,0.36,2021-09-16,1742,N,VIIRS,n,2,290.88,0.92,N,0
29.18602,119.51775,303.9,0.39,0.36,2021-09-16,1742,N,VIIRS,n,2,292.94,0.77,N,0
29.25282,117.17736,308.46,0.46,0.39,2021-09-16,1742,N,VIIRS,n,2,296.62,1.71,N,2
29.33209,119.04928,318.38,0.4,0.37,2021-09-16,1742,N,VIIRS,n,2,293.34,1.2,N,2
29.33545,119.05,304.13,0.4,0.37,2021-09-16,1742,N,VIIRS,n,2,292.37,1.2,N,2
29.42187,119.15331,316.1,0.4,0.37,2021-09-16,1742,N,VIIRS,n,2,293.08,1.75,N,2
29.43287,119.24335,305.36,0.4,0.37,2021-09-16,1742,N,VIIRS,n,2,291.38,0.89,N,2
29.82606,119.68423,304.47,0.39,0.36,2021-09-16,1742,N,VIIRS,n,2,291.75,1.45,N,2
29.9063,115.38901,305.4,0.56,0.43,2021-09-16,1742,N,VIIRS,n,2,291.89,1.09,N,0
29.91285,121.91549,305.49,0.39,0.36,2021-09-16,1742,N,VIIRS,n,2,292.92,0.75,N,2
29.91555,121.87861,305.55,0.39,0.36,2021-09-16,1742,N,VIIRS,n,2,292.54,1.27,N,2
29.92503,116.56885,304.54,0.49,0.4,2021-09-16,1742,N,VIIRS,n,2,293.87,0.58,N,2
29.92642,116.56574,305.91,0.49,0.41,2021-09-16,1742,N,VIIRS,n,2,294.06,1.06,N,2
30.02922,119.75036,326.66,0.39,0.36,2021-09-16,1742,N,VIIRS,n,2,293.82,1.94,N,2
30.11344,115.27198,318.51,0.38,0.43,2021-09-16,1742,N,VIIRS,n,2,294.44,1.64,N,2
30.15919,114.78321,307.88,0.41,0.45,2021-09-16,1742,N,VIIRS,n,2,292.31,1.25,N,2
30.16141,115.06487,304.6,0.39,0.44,2021-09-16,1742,N,VIIRS,n,2,292.6,0.67,N,2
30.17408,114.91433,304.4,0.4,0.44,2021-09-16,1742,N,VIIRS,n,2,292.66,0.98,N,2
30.17455,114.91013,304.56,0.4,0.44,2021-09-16,1742,N,VIIRS,n,2,292.35,0.8,N,2
30.18348,119.78839,304.03,0.39,0.36,2021-09-16,1742,N,VIIRS,n,2,290.6,0.65,N,2
30.20482,115.15253,306.51,0.39,0.44,2021-09-16,1742,N,VIIRS,n,2,293.98,1.09,N,2
30.2053,114.85904,311.76,0.4,0.45,2021-09-16,1742,N,VIIRS,n,2,292.56,0.82,N,2
30.36367,121.25658,303.8,0.38,0.36,2021-09-16,1742,N,VIIRS,n,2,292.64,0.88,N,3
30.38953,114.86201,306.03,0.41,0.45,2021-09-16,1742,N,VIIRS,n,2,292.92,1.32,N,2
30.44678,117.23856,322.93,0.47,0.39,2021-09-16,1742,N,VIIRS,n,2,295.01,2.23,N,2
30.44743,117.23357,305.67,0.47,0.39,2021-09-16,1742,N,VIIRS,n,2,292.21,1.14,N,2
30.58603,116.96175,311.1,0.48,0.4,2021-09-16,1742,N,VIIRS,n,2,294.14,1.26,N,0
30.58971,116.96243,309.69,0.48,0.4,2021-09-16,1742,N,VIIRS,n,2,294.47,1.26,N,2
30.62528,116.86038,313.69,0.49,0.4,2021-09-16,1742,N,VIIRS,n,2,293.37,1.99,N,2
30.629,116.86089,306.77,0.49,0.4,2021-09-16,1742,N,VIIRS,n,2,293.62,0.93,N,2
30.63488,114.44677,326.51,0.43,0.46,2021-09-16,1742,N,VIIRS,n,2,294.47,2.22,N,2
30.63535,114.44226,306.43,0.43,0.46,2021-09-16,1742,N,VIIRS,n,2,293.95,2.22,N,2
30.67347,118.88336,309.06,0.41,0.37,2021-09-16,1742,N,VIIRS,n,2,290.96,0.91,N,2
30.68714,118.88589,314.72,0.41,0.37,2021-09-16,1742,N,VIIRS,n,2,292.68,1.57,N,2
30.7462,117.39091,311.84,0.46,0.39,2021-09-16,1742,N,VIIRS,n,2,294.78,1.59,N,2
30.7486,117.40092,321.72,0.46,0.39,2021-09-16,1742,N,VIIRS,n,2,295.92,2.48,N,2
30.81858,117.79902,310.83,0.45,0.39,2021-09-16,1742,N,VIIRS,n,2,292.96,0.73,N,2
30.82214,117.79959,307.93,0.45,0.39,2021-09-16,1742,N,VIIRS,n,2,294.31,0.56,N,2
30.84199,117.77638,313.73,0.45,0.39,2021-09-16,1742,N,VIIRS,n,2,293.93,2.14,N,2
30.84306,117.77937,321.7,0.45,0.39,2021-09-16,1742,N,VIIRS,n,2,294.25,3.53,N,2
30.84369,117.77469,337,0.45,0.39,2021-09-16,1742,N,VIIRS,n,2,297.33,3.53,N,2
30.84555,117.77702,339.63,0.45,0.39,2021-09-16,1742,N,VIIRS,n,2,298.63,4.95,N,2
30.85275,117.74944,317.75,0.45,0.39,2021-09-16,1742,N,VIIRS,n,2,294.67,2.16,N,2
30.92644,117.77205,312.54,0.45,0.39,2021-09-16,1742,N,VIIRS,n,2,294.96,2.02,N,2
30.9547,113.18169,302.5,0.51,0.5,2021-09-16,1742,N,VIIRS,n,2,290.05,0.97,N,2
24.22331,120.49176,314.87,0.39,0.36,2021-09-16,1743,N,VIIRS,n,2,289.96,2.46,N,2
24.22394,120.48791,312.55,0.39,0.36,2021-09-16,1743,N,VIIRS,n,2,291.32,2.46,N,2
24.22601,120.49627,308.25,0.39,0.36,2021-09-16,1743,N,VIIRS,n,2,292.63,2,N,2
24.26701,113.41383,314.92,0.41,0.45,2021-09-16,1743,N,VIIRS,n,2,290.16,1.82,N,2
24.27117,113.41444,305.12,0.41,0.45,2021-09-16,1743,N,VIIRS,n,2,289.91,0.68,N,2
24.43077,116.29934,305.24,0.45,0.39,2021-09-16,1743,N,VIIRS,n,2,294.29,0.73,N,2
24.45505,116.12162,310.25,0.45,0.39,2021-09-16,1743,N,VIIRS,n,2,295.2,1.09,N,2
24.55019,116.15809,317.73,0.45,0.39,2021-09-16,1743,N,VIIRS,n,2,295.64,2.36,N,2
24.69766,113.64081,308.29,0.41,0.45,2021-09-16,1743,N,VIIRS,n,2,289.94,0.93,N,0
24.70001,113.63959,316.44,0.41,0.45,2021-09-16,1743,N,VIIRS,n,2,291.29,2.04,N,2
24.7018,113.64124,305.28,0.41,0.45,2021-09-16,1743,N,VIIRS,n,2,290.32,0.93,N,2
24.74003,116.18432,316.92,0.45,0.39,2021-09-16,1743,N,VIIRS,n,2,295.73,1.43,N,2
24.75376,116.19125,307.82,0.45,0.39,2021-09-16,1743,N,VIIRS,n,2,295.08,1.64,N,2
24.86438,116.19862,306.31,0.45,0.39,2021-09-16,1743,N,VIIRS,n,2,293.85,0.87,N,2
25.05484,117.05946,302.95,0.42,0.38,2021-09-16,1743,N,VIIRS,n,2,290.28,1.67,N,2
25.1247,114.90355,321.2,0.53,0.42,2021-09-16,1743,N,VIIRS,n,2,291.29,2.06,N,0
25.14546,117.15903,308.97,0.42,0.38,2021-09-16,1743,N,VIIRS,n,2,291.22,1.14,N,2
25.45267,114.88779,305.07,0.53,0.42,2021-09-16,1743,N,VIIRS,n,2,294.08,1.56,N,2
25.45654,114.88836,318.23,0.53,0.42,2021-09-16,1743,N,VIIRS,n,2,295.04,1.56,N,2
25.49715,113.46624,301.32,0.43,0.46,2021-09-16,1743,N,VIIRS,n,2,288.54,0.41,N,0
25.54274,113.55271,306.1,0.42,0.45,2021-09-16,1743,N,VIIRS,n,2,288.96,0.63,N,0
25.81316,115.46634,307.1,0.5,0.41,2021-09-16,1743,N,VIIRS,n,2,293.83,1.48,N,2
25.84068,115.88265,309.6,0.48,0.4,2021-09-16,1743,N,VIIRS,n,2,294.53,0.97,N,2
26.02163,113.27409,307.13,0.44,0.46,2021-09-16,1743,N,VIIRS,n,2,290.95,1.65,N,2
26.02398,113.27215,314.59,0.44,0.46,2021-09-16,1743,N,VIIRS,n,2,290.93,1.55,N,2
26.02649,117.15782,308.3,0.43,0.38,2021-09-16,1743,N,VIIRS,n,2,291.96,1.97,N,2
26.02887,117.31882,305.17,0.42,0.38,2021-09-16,1743,N,VIIRS,n,2,292.52,0.48,N,2
26.25674,113.3172,303.41,0.44,0.46,2021-09-16,1743,N,VIIRS,n,2,289.69,0.81,N,0
26.25884,117.6072,313.95,0.42,0.37,2021-09-16,1743,N,VIIRS,n,2,297.56,1.78,N,2
26.26089,113.10607,310.58,0.46,0.47,2021-09-16,1743,N,VIIRS,n,2,289.75,1.06,N,0
26.26201,113.10509,315.53,0.46,0.47,2021-09-16,1743,N,VIIRS,n,2,289.9,1.55,N,0
26.28523,113.25649,311.12,0.45,0.47,2021-09-16,1743,N,VIIRS,n,2,289.7,1.19,N,0
26.33778,112.81264,304.82,0.48,0.48,2021-09-16,1743,N,VIIRS,n,2,290.37,1.15,N,0
26.34222,112.81326,305.18,0.48,0.48,2021-09-16,1743,N,VIIRS,n,2,290.87,1.03,N,0
26.39672,115.76936,310.67,0.49,0.4,2021-09-16,1743,N,VIIRS,n,2,293.74,1.12,N,2
26.7193,111.83118,312.38,0.55,0.51,2021-09-16,1743,N,VIIRS,n,2,290.41,1.82,N,2
26.71944,111.83153,311.71,0.55,0.51,2021-09-16,1743,N,VIIRS,n,2,290.27,2.05,N,2
26.7338,119.63532,336.06,0.38,0.36,2021-09-16,1743,N,VIIRS,n,2,293.46,5.02,N,3
26.76424,119.76795,315.44,0.38,0.36,2021-09-16,1743,N,VIIRS,n,2,293.35,1.95,N,3
26.76484,119.76411,314.52,0.38,0.36,2021-09-16,1743,N,VIIRS,n,2,293.87,1.73,N,3
26.76814,119.76476,307.11,0.38,0.36,2021-09-16,1743,N,VIIRS,n,2,292.75,1.27,N,3
26.782,117.77692,308.43,0.41,0.37,2021-09-16,1743,N,VIIRS,n,2,293.9,1.21,N,0
27.11163,114.01426,311.09,0.41,0.45,2021-09-16,1743,N,VIIRS,n,2,290.77,1.3,N,0
27.11463,114.01563,308.25,0.41,0.45,2021-09-16,1743,N,VIIRS,n,2,290.39,0.66,N,0
27.368,114.66675,306.24,0.38,0.43,2021-09-16,1743,N,VIIRS,n,2,293.3,0.62,N,2
27.4564,113.60425,316.13,0.44,0.46,2021-09-16,1743,N,VIIRS,n,2,290.2,1.33,N,0
27.59468,110.09547,298.66,0.36,0.57,2021-09-16,1743,N,VIIRS,n,2,281.67,1.55,N,2
27.61739,113.72764,307.55,0.44,0.46,2021-09-16,1743,N,VIIRS,n,2,291.85,1.53,N,2
27.62117,113.73263,305.54,0.44,0.46,2021-09-16,1743,N,VIIRS,n,2,291.31,1.08,N,2
27.62736,113.71571,307.09,0.44,0.46,2021-09-16,1743,N,VIIRS,n,2,291.16,1.6,N,2
27.63644,113.90539,306.44,0.43,0.46,2021-09-16,1743,N,VIIRS,n,2,290.78,0.88,N,2
27.69669,113.82265,307,0.43,0.46,2021-09-16,1743,N,VIIRS,n,2,291.32,1.69,N,2
27.73344,112.22016,304.75,0.54,0.51,2021-09-16,1743,N,VIIRS,n,2,289.85,1.29,N,2
27.74492,111.96085,307.14,0.56,0.51,2021-09-16,1743,N,VIIRS,n,2,289.72,3.73,N,2
27.74533,111.95914,305.9,0.56,0.51,2021-09-16,1743,N,VIIRS,n,2,289.26,1.87,N,2
27.7501,111.95972,306.15,0.56,0.51,2021-09-16,1743,N,VIIRS,n,2,290.3,1.87,N,2
27.75431,111.96596,309.19,0.56,0.51,2021-09-16,1743,N,VIIRS,n,2,289.84,2.26,N,2
27.8115,112.90078,314.95,0.49,0.49,2021-09-16,1743,N,VIIRS,n,2,292.64,3.28,N,2
27.81202,112.89572,308.59,0.49,0.49,2021-09-16,1743,N,VIIRS,n,2,291.96,3.35,N,2
27.83538,111.17336,304.17,0.63,0.54,2021-09-16,1743,N,VIIRS,n,2,285.57,3.07,N,2
22.53575,120.35505,318.38,0.4,0.37,2021-09-16,1744,N,VIIRS,n,2,296.15,3.61,N,2
22.53783,120.3634,313.38,0.4,0.37,2021-09-16,1744,N,VIIRS,n,2,295.08,3.27,N,2
22.53974,120.35185,310.73,0.4,0.37,2021-09-16,1744,N,VIIRS,n,2,295.66,3.87,N,2
22.54374,120.34864,320.5,0.4,0.37,2021-09-16,1744,N,VIIRS,n,2,295.78,3.98,N,2
23.05797,107.17873,301.92,0.49,0.65,2021-09-16,1744,N,VIIRS,n,2,285.15,0.83,N,2
23.22856,116.48803,309.15,0.43,0.38,2021-09-16,1744,N,VIIRS,n,2,294.17,0.76,N,0
23.29598,116.49807,330.42,0.43,0.38,2021-09-16,1744,N,VIIRS,n,2,294.42,1.96,N,0
23.33597,113.14397,310.31,0.42,0.45,2021-09-16,1744,N,VIIRS,n,2,290.53,1.95,N,2
23.64208,114.36346,304.53,0.54,0.42,2021-09-16,1744,N,VIIRS,n,2,290.39,0.85,N,2
24.37472,109.3801,306.62,0.37,0.58,2021-09-16,1744,N,VIIRS,n,2,286.73,1.62,N,2
24.38551,109.38138,322.67,0.37,0.58,2021-09-16,1744,N,VIIRS,n,2,287.56,2.36,N,2
24.38586,109.37765,306.4,0.37,0.58,2021-09-16,1744,N,VIIRS,n,2,287.26,2.36,N,2
24.38709,109.38373,310.1,0.37,0.58,2021-09-16,1744,N,VIIRS,n,2,287.43,2,N,2
24.38741,109.37998,311.65,0.37,0.58,2021-09-16,1744,N,VIIRS,n,2,287.83,3.34,N,2
24.45415,109.42583,313.71,0.37,0.58,2021-09-16,1744,N,VIIRS,n,2,286.71,1.93,N,0
24.45921,109.42995,320.46,0.37,0.58,2021-09-16,1744,N,VIIRS,n,2,286.53,2.49,N,0
24.45956,109.42617,336.56,0.37,0.58,2021-09-16,1744,N,VIIRS,n,2,287.08,5.03,N,0
20.24634,114.89773,310.78,0.47,0.39,2021-09-16,1745,N,VIIRS,n,2,293.58,0.7,N,3
20.24997,114.89829,311.66,0.47,0.39,2021-09-16,1745,N,VIIRS,n,2,293.5,0.7,N,3
51.99214,106.59416,300,0.42,0.37,2021-09-16,1917,N,VIIRS,n,2,271.49,0.62,N,2
52.67738,86.2351,297.17,0.46,0.64,2021-09-16,1917,N,VIIRS,n,2,274.13,2.14,N,0
52.68115,86.23671,312.43,0.46,0.64,2021-09-16,1917,N,VIIRS,n,2,274.07,1.72,N,0
42.26721,119.24883,298.13,0.79,0.78,2021-09-16,1918,N,VIIRS,n,2,281.52,1.2,N,2
47.88583,81.53464,320.81,0.72,0.76,2021-09-16,1918,N,VIIRS,n,2,278.98,5.47,N,0
47.88598,81.54379,318.31,0.72,0.76,2021-09-16,1918,N,VIIRS,n,2,280.43,5.47,N,0
47.88924,81.5396,367,0.72,0.76,2021-09-16,1918,N,VIIRS,h,2,285.23,13.54,N,0
47.89295,81.53496,318.25,0.72,0.76,2021-09-16,1918,N,VIIRS,n,2,280.23,4.48,N,0
47.8931,81.54377,316.27,0.72,0.76,2021-09-16,1918,N,VIIRS,n,2,278.56,4.48,N,0
47.89636,81.53975,305.15,0.72,0.76,2021-09-16,1918,N,VIIRS,n,2,277.9,1.39,N,0
48.15769,81.48627,304.89,0.72,0.76,2021-09-16,1918,N,VIIRS,n,2,278.09,2.71,N,0
48.15809,81.50724,300.39,0.72,0.76,2021-09-16,1918,N,VIIRS,n,2,277.35,1.58,N,0
48.1644,81.46465,296.25,0.73,0.76,2021-09-16,1918,N,VIIRS,n,2,279.19,2.94,N,0
48.1646,81.47474,309.76,0.73,0.76,2021-09-16,1918,N,VIIRS,n,2,277.45,2.94,N,0
48.1648,81.48553,301.36,0.72,0.76,2021-09-16,1918,N,VIIRS,n,2,278.09,2.71,N,0
48.16542,81.51766,296.18,0.72,0.76,2021-09-16,1918,N,VIIRS,n,2,277.02,1.58,N,0
48.17171,81.47378,314.04,0.73,0.76,2021-09-16,1918,N,VIIRS,n,2,278.19,4.01,N,0
48.17252,81.51663,301.86,0.72,0.76,2021-09-16,1918,N,VIIRS,n,2,277.68,1.87,N,0
48.17765,81.41084,296.09,0.73,0.76,2021-09-16,1918,N,VIIRS,n,2,279.62,1.55,N,0
48.18691,81.52493,309.84,0.72,0.76,2021-09-16,1918,N,VIIRS,n,2,276.65,2.65,N,0
48.18935,81.51733,298.73,0.72,0.76,2021-09-16,1918,N,VIIRS,n,2,277.22,2.52,N,0
48.18957,81.52733,303.34,0.72,0.76,2021-09-16,1918,N,VIIRS,n,2,275.74,1.67,N,0
48.20805,81.51179,295.42,0.72,0.76,2021-09-16,1918,N,VIIRS,n,2,274.68,0.84,N,0
48.21044,81.50421,297.07,0.72,0.76,2021-09-16,1918,N,VIIRS,n,2,273.66,1.8,N,0
49.64618,83.57908,299.61,0.59,0.7,2021-09-16,1918,N,VIIRS,n,2,281.32,1.62,N,2
50.35336,83.49671,302.67,0.59,0.7,2021-09-16,1918,N,VIIRS,n,2,278.28,1.82,N,2
39.72637,117.08349,329.15,0.76,0.77,2021-09-16,1919,N,VIIRS,n,2,285.62,4.57,N,0
39.7288,117.08816,298.71,0.76,0.77,2021-09-16,1919,N,VIIRS,n,2,285.84,6.98,N,0
39.72925,117.07503,308.4,0.76,0.77,2021-09-16,1919,N,VIIRS,n,2,285.11,4.89,N,0
39.73164,117.07966,352.14,0.76,0.77,2021-09-16,1919,N,VIIRS,n,2,286.47,6.98,N,0
39.73298,117.08733,316.8,0.76,0.77,2021-09-16,1919,N,VIIRS,n,2,285.84,4.57,N,0
39.73587,117.07884,301.78,0.76,0.77,2021-09-16,1919,N,VIIRS,n,2,285.23,4.89,N,0
39.90078,111.70136,305.43,0.41,0.61,2021-09-16,1919,N,VIIRS,n,2,283.72,1.29,N,2
40.57822,109.35998,299,0.61,0.53,2021-09-16,1919,N,VIIRS,n,2,285.24,1.61,N,2
40.58728,109.7812,296.32,0.32,0.54,2021-09-16,1919,N,VIIRS,n,2,285.07,0.54,N,2
40.62408,109.74263,345.08,0.63,0.54,2021-09-16,1919,N,VIIRS,n,2,287.05,11.52,N,2
40.62778,109.72829,297.83,0.63,0.54,2021-09-16,1919,N,VIIRS,n,2,285.56,1.95,N,2
40.62989,109.73782,296.57,0.63,0.54,2021-09-16,1919,N,VIIRS,n,2,284.32,1.25,N,2
40.63074,109.73753,300.46,0.63,0.54,2021-09-16,1919,N,VIIRS,n,2,285.2,1.95,N,2
40.63469,109.73995,312.47,0.63,0.54,2021-09-16,1919,N,VIIRS,n,2,287.78,1.25,N,2
40.63554,109.73969,308.63,0.63,0.54,2021-09-16,1919,N,VIIRS,n,2,287.2,3.14,N,2
40.64618,109.73705,301.91,0.63,0.54,2021-09-16,1919,N,VIIRS,n,2,287.01,1.8,N,2
40.64698,109.73678,303.41,0.63,0.54,2021-09-16,1919,N,VIIRS,n,2,287.14,2.45,N,2
40.65099,109.73915,300.51,0.63,0.54,2021-09-16,1919,N,VIIRS,n,2,286.12,1.97,N,2
40.65179,109.73891,300.91,0.63,0.54,2021-09-16,1919,N,VIIRS,n,2,286.02,2.45,N,2
40.66102,109.70285,295.71,0.63,0.54,2021-09-16,1919,N,VIIRS,n,2,283.57,1.76,N,0
40.66318,109.67238,301.33,0.63,0.54,2021-09-16,1919,N,VIIRS,n,2,283.3,1.47,N,2
40.66362,109.67188,301.49,0.63,0.54,2021-09-16,1919,N,VIIRS,n,2,282.82,1.36,N,2
40.68687,110.23495,295.16,0.33,0.56,2021-09-16,1919,N,VIIRS,n,2,281.43,0.33,N,2
40.68923,110.20531,310.59,0.33,0.55,2021-09-16,1919,N,VIIRS,n,2,285.38,1.25,N,2
40.69102,110.2193,295.43,0.33,0.56,2021-09-16,1919,N,VIIRS,n,2,281.12,0.55,N,0
40.97207,110.08733,315.61,0.32,0.55,2021-09-16,1919,N,VIIRS,n,2,284.27,1.04,N,2
40.9999,109.24731,298.87,0.59,0.53,2021-09-16,1919,N,VIIRS,n,2,284.56,0.96,N,2
41.03563,111.46571,295.43,0.38,0.58,2021-09-16,1919,N,VIIRS,n,2,278.68,1.35,N,2
42.9863,101.16673,311.01,0.4,0.37,2021-09-16,1919,N,VIIRS,n,2,290.03,1.56,N,0
43.95069,94.12433,299.43,0.52,0.42,2021-09-16,1919,N,VIIRS,n,2,288.2,0.57,N,2
44.13711,88.19794,309.26,0.33,0.55,2021-09-16,1919,N,VIIRS,n,2,277.56,1.1,N,2
44.14229,88.19823,301.59,0.33,0.55,2021-09-16,1919,N,VIIRS,n,2,280.25,0.64,N,2
44.14252,88.19402,299.3,0.33,0.55,2021-09-16,1919,N,VIIRS,n,2,279.87,0.64,N,2
44.27227,80.91016,299.22,0.76,0.77,2021-09-16,1919,N,VIIRS,n,2,275.02,2.45,N,0
44.27239,80.92032,301.73,0.76,0.77,2021-09-16,1919,N,VIIRS,n,2,279.88,3.37,N,0
44.35434,93.21297,301.69,0.38,0.43,2021-09-16,1919,N,VIIRS,n,2,286.36,0.7,N,0
44.45096,86.08398,303.76,0.42,0.61,2021-09-16,1919,N,VIIRS,n,2,278.75,2.06,N,2
44.45594,86.10638,295.68,0.42,0.61,2021-09-16,1919,N,VIIRS,n,2,279.6,1.49,N,2
44.45621,86.10293,298.24,0.42,0.61,2021-09-16,1919,N,VIIRS,n,2,279.56,1.28,N,2
44.71695,82.06326,297.37,0.67,0.74,2021-09-16,1919,N,VIIRS,n,2,286.65,1.11,N,0
44.71836,82.06808,299.72,0.67,0.74,2021-09-16,1919,N,VIIRS,n,2,287.46,1.13,N,2
44.72305,90.26316,314.46,0.53,0.5,2021-09-16,1919,N,VIIRS,n,2,278.03,1.26,N,2
44.72772,90.2638,295.46,0.53,0.5,2021-09-16,1919,N,VIIRS,n,2,274.97,1.26,N,2
44.75294,82.06913,300.56,0.67,0.74,2021-09-16,1919,N,VIIRS,n,2,286.56,1.11,N,2
44.91246,89.1808,296.4,0.6,0.53,2021-09-16,1919,N,VIIRS,n,2,271,2.19,N,2
45.91316,85.47511,298.71,0.46,0.64,2021-09-16,1919,N,VIIRS,n,2,268.41,1.23,N,0
37.06496,111.83286,302.28,0.5,0.66,2021-09-16,1920,N,VIIRS,n,2,284.02,1.55,N,2
37.14251,114.53658,302.92,0.68,0.74,2021-09-16,1920,N,VIIRS,n,2,284.09,1.52,N,2
37.14386,114.53538,297.89,0.68,0.74,2021-09-16,1920,N,VIIRS,n,2,284.18,1.65,N,2
37.40977,106.62788,301.3,0.53,0.5,2021-09-16,1920,N,VIIRS,n,2,275.31,0.61,N,0
37.56901,112.25713,296.57,0.51,0.66,2021-09-16,1920,N,VIIRS,n,2,281.99,1.6,N,2
37.5732,112.26543,299.3,0.51,0.66,2021-09-16,1920,N,VIIRS,n,2,281.51,1.7,N,2
37.5735,112.26594,300.63,0.51,0.66,2021-09-16,1920,N,VIIRS,n,2,281.8,1.83,N,2
37.57388,112.24031,299.53,0.51,0.66,2021-09-16,1920,N,VIIRS,n,2,280.37,2.07,N,2
37.57431,112.2409,297.21,0.51,0.66,2021-09-16,1920,N,VIIRS,n,2,280.23,1.49,N,2
37.57483,112.25983,319.97,0.51,0.66,2021-09-16,1920,N,VIIRS,n,2,281.93,3.01,N,2
37.57516,112.26035,320.82,0.51,0.66,2021-09-16,1920,N,VIIRS,n,2,282.34,1.83,N,2
37.57902,112.26816,296.64,0.51,0.66,2021-09-16,1920,N,VIIRS,n,2,282.98,1.7,N,2
37.57933,112.26863,295.8,0.51,0.66,2021-09-16,1920,N,VIIRS,n,2,282.72,1.25,N,0
37.58032,112.17268,300.86,0.51,0.66,2021-09-16,1920,N,VIIRS,n,2,278.19,1.28,N,2
37.58274,112.18702,297.58,0.51,0.66,2021-09-16,1920,N,VIIRS,n,2,279.57,1.78,N,2
37.61924,112.7375,298.36,0.54,0.68,2021-09-16,1920,N,VIIRS,n,2,282.63,1.61,N,0
37.8792,113.4714,299.75,0.58,0.69,2021-09-16,1920,N,VIIRS,n,2,281.59,0.99,N,2
37.88336,113.47337,295.08,0.58,0.69,2021-09-16,1920,N,VIIRS,n,2,282.09,0.66,N,0
37.88512,112.66621,298.16,0.53,0.67,2021-09-16,1920,N,VIIRS,n,2,281.66,0.86,N,2
37.89178,113.49857,295.18,0.58,0.69,2021-09-16,1920,N,VIIRS,n,2,281.85,0.72,N,0
37.92017,112.54696,298.36,0.52,0.67,2021-09-16,1920,N,VIIRS,n,2,283.95,2.06,N,2
37.92601,112.54971,297.26,0.52,0.67,2021-09-16,1920,N,VIIRS,n,2,283.02,0.76,N,2
37.92765,112.54411,295.86,0.52,0.67,2021-09-16,1920,N,VIIRS,n,2,284.39,1.19,N,2
37.93504,112.54161,297.66,0.52,0.66,2021-09-16,1920,N,VIIRS,n,2,283.33,1.03,N,2
37.93515,112.54119,297.45,0.52,0.66,2021-09-16,1920,N,VIIRS,n,2,283.52,1.19,N,2
38.48569,102.24162,300.45,0.47,0.4,2021-09-16,1920,N,VIIRS,n,2,285.05,1.4,N,0
38.56073,114.94542,296.12,0.65,0.73,2021-09-16,1920,N,VIIRS,n,2,283.92,1.19,N,2
38.56576,114.94172,296.69,0.65,0.73,2021-09-16,1920,N,VIIRS,n,2,284.43,1.69,N,2
38.56931,114.94155,299.21,0.65,0.73,2021-09-16,1920,N,VIIRS,n,2,284.13,1.36,N,0
38.57207,114.94501,307.75,0.65,0.73,2021-09-16,1920,N,VIIRS,n,2,285.41,1.69,N,2
38.57335,114.95206,300.09,0.65,0.73,2021-09-16,1920,N,VIIRS,n,2,284.08,1.36,N,2
38.57561,114.9449,296.24,0.65,0.73,2021-09-16,1920,N,VIIRS,n,2,284,1.36,N,0
38.64265,110.13421,308.73,0.37,0.58,2021-09-16,1920,N,VIIRS,n,2,272.41,1.86,N,0
38.64486,110.13747,309.61,0.37,0.58,2021-09-16,1920,N,VIIRS,n,2,272.32,2.22,N,0
38.64603,110.13316,305.29,0.37,0.58,2021-09-16,1920,N,VIIRS,n,2,272.26,2.75,N,0
39.21492,110.42639,300.73,0.37,0.58,2021-09-16,1920,N,VIIRS,n,2,282.77,0.88,N,2
39.22446,110.41222,295.96,0.37,0.58,2021-09-16,1920,N,VIIRS,n,2,279,0.43,N,0
39.22649,110.40462,296.01,0.37,0.58,2021-09-16,1920,N,VIIRS,n,2,279.44,0.88,N,0
39.22817,110.41101,300.17,0.37,0.58,2021-09-16,1920,N,VIIRS,n,2,278.18,0.7,N,0
39.26167,110.16582,295.55,0.36,0.57,2021-09-16,1920,N,VIIRS,n,2,280.98,0.86,N,2
39.26269,110.16202,306.56,0.36,0.57,2021-09-16,1920,N,VIIRS,n,2,283.07,0.86,N,2
39.32582,106.98315,315.98,0.5,0.49,2021-09-16,1920,N,VIIRS,n,2,274.5,1.4,N,2
39.32793,106.98026,309.36,0.5,0.49,2021-09-16,1920,N,VIIRS,n,2,279.3,1.65,N,2
39.33227,106.98202,300.98,0.5,0.49,2021-09-16,1920,N,VIIRS,n,2,282.42,1.65,N,2
39.35309,110.38518,301.46,0.37,0.58,2021-09-16,1920,N,VIIRS,n,2,283.11,0.73,N,0
39.35574,110.40646,296.69,0.37,0.58,2021-09-16,1920,N,VIIRS,n,2,284.41,0.79,N,2
39.3558,110.38474,299.14,0.37,0.58,2021-09-16,1920,N,VIIRS,n,2,282.64,1.12,N,0
39.36924,106.96647,296.26,0.49,0.49,2021-09-16,1920,N,VIIRS,n,2,273.86,2.02,N,2
39.40837,110.47771,298.13,0.37,0.58,2021-09-16,1920,N,VIIRS,n,2,282.92,0.73,N,0
39.43925,110.49105,299.78,0.37,0.58,2021-09-16,1920,N,VIIRS,n,2,279.85,1.01,N,2
39.44003,110.12721,300.28,0.36,0.57,2021-09-16,1920,N,VIIRS,n,2,285.81,1.12,N,0
39.4423,110.49262,312.75,0.37,0.58,2021-09-16,1920,N,VIIRS,n,2,282.46,1.43,N,2
39.44431,110.49358,314.58,0.37,0.58,2021-09-16,1920,N,VIIRS,n,2,282.16,1.01,N,2
39.4469,110.51794,305.85,0.37,0.58,2021-09-16,1920,N,VIIRS,n,2,278.53,0.85,N,2
39.44738,110.49509,310.04,0.37,0.58,2021-09-16,1920,N,VIIRS,n,2,279.96,1.38,N,2
39.44802,110.51382,305.45,0.37,0.58,2021-09-16,1920,N,VIIRS,n,2,278.03,0.85,N,2
39.45246,110.49757,318.87,0.37,0.58,2021-09-16,1920,N,VIIRS,n,2,276.85,1.38,N,2
39.45761,110.49978,326,0.37,0.58,2021-09-16,1920,N,VIIRS,n,2,272.11,1.5,N,2
39.45873,110.49564,295.03,0.37,0.58,2021-09-16,1920,N,VIIRS,n,2,269.23,1.21,N,2
39.46357,106.91943,295.7,0.49,0.49,2021-09-16,1920,N,VIIRS,n,2,259.52,1.05,N,2
39.48836,110.51354,297.13,0.37,0.58,2021-09-16,1920,N,VIIRS,n,2,278.99,1.21,N,2
39.49821,110.54092,295.23,0.37,0.58,2021-09-16,1920,N,VIIRS,n,2,281.92,0.72,N,2
39.49936,110.53664,296.28,0.37,0.58,2021-09-16,1920,N,VIIRS,n,2,278.25,0.72,N,2
39.55707,110.58823,296.02,0.37,0.58,2021-09-16,1920,N,VIIRS,n,2,281.08,0.74,N,0
39.56219,110.59056,310.05,0.37,0.58,2021-09-16,1920,N,VIIRS,n,2,283.46,0.74,N,0
39.7909,97.88523,304.97,0.39,0.36,2021-09-16,1920,N,VIIRS,n,2,284.58,1.36,N,2
39.794,108.73431,297.34,0.59,0.53,2021-09-16,1920,N,VIIRS,n,2,280.67,1.22,N,0
39.80674,98.29173,299.79,0.38,0.36,2021-09-16,1920,N,VIIRS,n,2,286.82,0.9,N,2
39.80932,98.2949,305.58,0.38,0.36,2021-09-16,1920,N,VIIRS,n,2,286.8,1.44,N,2
39.8126,98.29576,330.99,0.38,0.36,2021-09-16,1920,N,VIIRS,n,2,291.11,1.44,N,2
39.81329,98.29131,305.54,0.38,0.36,2021-09-16,1920,N,VIIRS,n,2,287.7,1.44,N,2
39.81398,98.28688,300.77,0.38,0.36,2021-09-16,1920,N,VIIRS,n,2,286.41,0.62,N,2
39.8209,98.24243,302.62,0.38,0.36,2021-09-16,1920,N,VIIRS,n,2,285.8,0.68,N,2
39.82124,98.28416,298.49,0.38,0.36,2021-09-16,1920,N,VIIRS,n,2,288.19,1.21,N,2
39.83615,97.29427,295.46,0.39,0.36,2021-09-16,1920,N,VIIRS,n,2,281.88,0.41,N,0
39.843,98.27598,346.12,0.38,0.36,2021-09-16,1920,N,VIIRS,n,2,289.4,13.51,N,2
39.86028,98.25273,296.8,0.38,0.36,2021-09-16,1920,N,VIIRS,n,2,285.52,0.48,N,2
39.86356,98.25359,308.16,0.38,0.36,2021-09-16,1920,N,VIIRS,n,2,287.64,0.99,N,2
39.90216,111.70587,298.65,0.41,0.61,2021-09-16,1920,N,VIIRS,n,2,283.25,0.82,N,2
40.09253,109.68665,298.77,0.32,0.55,2021-09-16,1920,N,VIIRS,n,2,281.56,0.62,N,0
40.09341,109.68657,299.74,0.33,0.55,2021-09-16,1920,N,VIIRS,n,2,281.88,0.59,N,0
40.20631,94.56322,298.34,0.46,0.39,2021-09-16,1920,N,VIIRS,n,2,287.7,0.89,N,2
40.27576,110.0508,297,0.34,0.56,2021-09-16,1920,N,VIIRS,n,2,281.87,0.55,N,0
40.56213,95.74303,298.8,0.42,0.38,2021-09-16,1920,N,VIIRS,n,2,286.13,1.64,N,2
40.9264,106.77419,300.88,0.45,0.47,2021-09-16,1920,N,VIIRS,n,2,283.62,1.16,N,0
40.92836,106.77628,304.49,0.45,0.47,2021-09-16,1920,N,VIIRS,n,2,284.72,0.44,N,0
40.93428,106.78977,299.55,0.45,0.47,2021-09-16,1920,N,VIIRS,n,2,287.08,1.38,N,0
41.82004,88.89685,303.92,0.58,0.52,2021-09-16,1920,N,VIIRS,n,2,266.66,1.7,N,0
41.8272,81.77079,302.57,0.68,0.74,2021-09-16,1920,N,VIIRS,n,2,284.85,2.26,N,2
41.83953,81.77962,301.49,0.68,0.74,2021-09-16,1920,N,VIIRS,n,2,283.18,2,N,2
41.84103,81.77978,299.64,0.68,0.74,2021-09-16,1920,N,VIIRS,n,2,282.99,0.88,N,2
42.58973,91.33672,310.01,0.45,0.47,2021-09-16,1920,N,VIIRS,n,2,288.17,2.18,N,2
42.69988,93.54633,314.29,0.53,0.42,2021-09-16,1920,N,VIIRS,n,2,287.92,2.03,N,2
42.70002,93.54606,312.86,0.53,0.42,2021-09-16,1920,N,VIIRS,n,2,288.67,2.85,N,2
42.70653,93.37232,296.4,0.54,0.42,2021-09-16,1920,N,VIIRS,n,2,272.22,0.43,N,2
42.8239,87.92438,304.78,0.33,0.56,2021-09-16,1920,N,VIIRS,n,2,289.9,0.91,N,2
42.82437,87.91626,302.87,0.33,0.56,2021-09-16,1920,N,VIIRS,n,2,290.5,0.64,N,0
42.82487,87.92648,302.62,0.33,0.56,2021-09-16,1920,N,VIIRS,n,2,289.46,0.56,N,2
42.85159,88.01014,316.39,0.33,0.55,2021-09-16,1920,N,VIIRS,n,2,287.47,1.2,N,2
42.98875,90.11912,317.56,0.52,0.5,2021-09-16,1920,N,VIIRS,n,2,287.05,4.46,N,2
42.99148,90.11886,312.83,0.52,0.5,2021-09-16,1920,N,VIIRS,n,2,286.57,6.31,N,2
43.24676,87.66664,301.11,0.35,0.57,2021-09-16,1920,N,VIIRS,n,2,279.29,0.64,N,2
43.24739,87.66899,301.05,0.35,0.57,2021-09-16,1920,N,VIIRS,n,2,279.58,0.76,N,2
43.52676,81.95552,300.28,0.67,0.74,2021-09-16,1920,N,VIIRS,n,2,285.37,3.68,N,2
43.53206,81.95868,296.38,0.67,0.74,2021-09-16,1920,N,VIIRS,n,2,285.82,1.62,N,2
37.00901,98.81349,303.89,0.39,0.36,2021-09-16,1921,N,VIIRS,n,2,279.78,1.52,N,2
37.00975,98.80914,323.8,0.39,0.36,2021-09-16,1921,N,VIIRS,n,2,277.39,1.52,N,2
37.01305,98.81001,305.75,0.39,0.36,2021-09-16,1921,N,VIIRS,n,2,279.09,1.52,N,2
37.40565,106.63064,307.03,0.53,0.5,2021-09-16,1921,N,VIIRS,n,2,280.26,1.78,N,0
38.72137,93.02513,321.31,0.51,0.41,2021-09-16,1921,N,VIIRS,n,2,279.3,2.19,N,0
30.06892,96.98006,302.34,0.4,0.37,2021-09-16,1923,N,VIIRS,n,2,284.11,0.83,N,0
23.45454,103.23115,300.99,0.34,0.56,2021-09-16,1924,N,VIIRS,n,2,283.66,0.74,N,2
24.4391,98.4946,301.38,0.52,0.41,2021-09-16,1924,N,VIIRS,n,2,287.21,2.64,N,2
24.91832,99.09634,297.93,0.55,0.43,2021-09-16,1924,N,VIIRS,n,2,284.25,1.6,N,2
26.38329,101.97375,298.92,0.5,0.49,2021-09-16,1924,N,VIIRS,n,2,285.8,1.11,N,2
23.55774,87.24066,296.16,0.45,0.47,2021-09-16,1925,N,VIIRS,n,2,263.51,1.47,N,2
23.6801,86.09205,298.03,0.54,0.5,2021-09-16,1925,N,VIIRS,n,2,266.06,0.9,N,2
23.68123,86.08141,296,0.54,0.51,2021-09-16,1925,N,VIIRS,n,2,266.13,1.09,N,2
23.69022,86.38773,311.88,0.51,0.5,2021-09-16,1925,N,VIIRS,n,2,271.8,2.73,N,2
23.75188,86.41882,311.08,0.51,0.49,2021-09-16,1925,N,VIIRS,n,2,275.08,2.41,N,2
23.75869,86.39899,306.28,0.51,0.5,2021-09-16,1925,N,VIIRS,n,2,275.7,2.4,N,2
23.77815,86.3914,312.49,0.51,0.5,2021-09-16,1925,N,VIIRS,n,2,275.87,2.73,N,2
23.78219,86.39709,304.74,0.51,0.5,2021-09-16,1925,N,VIIRS,n,2,275.49,2.03,N,2
23.78274,86.39204,310.56,0.51,0.5,2021-09-16,1925,N,VIIRS,n,2,276.51,2.73,N,2
24.13646,82.56784,301.01,0.45,0.63,2021-09-16,1925,N,VIIRS,n,2,277.1,0.57,N,0
24.14234,82.5685,299.65,0.45,0.63,2021-09-16,1925,N,VIIRS,n,2,277.22,0.57,N,0
24.15501,82.7591,302.28,0.44,0.62,2021-09-16,1925,N,VIIRS,n,2,276.74,0.93,N,0
24.15573,82.75776,300.05,0.44,0.62,2021-09-16,1925,N,VIIRS,n,2,276.72,0.86,N,0
22.0599,83.7226,295.06,0.36,0.58,2021-09-16,1926,N,VIIRS,n,2,278.53,1.38,N,2
50.35379,83.49381,307.79,0.51,0.41,2021-09-16,2058,N,VIIRS,n,2,279.12,1.48,N,2
52.08276,76.85536,301,0.39,0.36,2021-09-16,2058,N,VIIRS,n,2,278.89,1.06,N,2
44.35192,93.22048,297.09,0.63,0.72,2021-09-16,2059,N,VIIRS,n,2,274.8,1.7,N,0
46.51055,83.45824,298.77,0.41,0.45,2021-09-16,2059,N,VIIRS,n,2,278.22,0.48,N,0
47.88836,81.53803,315.39,0.49,0.4,2021-09-16,2059,N,VIIRS,n,2,282.49,4.45,N,0
47.88964,81.53858,329.83,0.49,0.4,2021-09-16,2059,N,VIIRS,n,2,284.19,3.4,N,0
47.89193,81.5397,338.02,0.49,0.4,2021-09-16,2059,N,VIIRS,n,2,284.62,4.45,N,0
47.89321,81.54024,324.57,0.49,0.4,2021-09-16,2059,N,VIIRS,n,2,282.71,3.4,N,0
48.15392,81.51009,301.48,0.48,0.4,2021-09-16,2059,N,VIIRS,n,2,276.23,1.05,N,0
48.15652,81.4976,296.03,0.48,0.4,2021-09-16,2059,N,VIIRS,n,2,279.13,0.78,N,0
48.15749,81.5117,298.2,0.48,0.4,2021-09-16,2059,N,VIIRS,n,2,278.03,1.51,N,0
48.1591,81.48515,299.74,0.48,0.4,2021-09-16,2059,N,VIIRS,n,2,280.08,1.12,N,0
48.16105,81.51332,321.91,0.48,0.4,2021-09-16,2059,N,VIIRS,n,2,279.75,1.51,N,0
48.16296,81.46657,297.95,0.48,0.4,2021-09-16,2059,N,VIIRS,n,2,279.33,0.67,N,0
48.16393,81.48067,314,0.48,0.4,2021-09-16,2059,N,VIIRS,n,2,280.7,1.33,N,0
48.16521,81.4745,314.15,0.48,0.4,2021-09-16,2059,N,VIIRS,n,2,278.61,2.7,N,0
48.1665,81.46825,304.43,0.48,0.4,2021-09-16,2059,N,VIIRS,n,2,280.07,2.7,N,0
48.16688,81.52283,303.75,0.48,0.4,2021-09-16,2059,N,VIIRS,n,2,278.51,0.88,N,0
48.16747,81.48239,297.93,0.48,0.4,2021-09-16,2059,N,VIIRS,n,2,280.95,1.33,N,0
48.16875,81.4762,304.61,0.48,0.4,2021-09-16,2059,N,VIIRS,n,2,279.75,2.7,N,0
48.17004,81.46996,339.16,0.48,0.4,2021-09-16,2059,N,VIIRS,n,2,284.77,2.7,N,0
48.17043,81.52454,308.82,0.48,0.4,2021-09-16,2059,N,VIIRS,n,2,279.71,1.56,N,0
48.17171,81.51834,308.2,0.48,0.4,2021-09-16,2059,N,VIIRS,n,2,280.41,2.08,N,0
48.17228,81.47796,315.53,0.48,0.4,2021-09-16,2059,N,VIIRS,n,2,281.89,2.03,N,0
48.17451,81.41084,316.01,0.48,0.4,2021-09-16,2059,N,VIIRS,n,2,281.58,1.98,N,0
48.17578,81.40467,312.14,0.48,0.4,2021-09-16,2059,N,VIIRS,n,2,281.28,1.98,N,0
48.17777,81.4326,297.32,0.48,0.4,2021-09-16,2059,N,VIIRS,n,2,279.02,0.46,N,0
48.17805,81.41249,330.31,0.48,0.4,2021-09-16,2059,N,VIIRS,n,2,282.95,3.75,N,0
48.17904,81.42648,303.35,0.48,0.4,2021-09-16,2059,N,VIIRS,n,2,277.56,2.15,N,0
48.1894,81.52703,320.02,0.48,0.4,2021-09-16,2059,N,VIIRS,n,2,280.4,1.91,N,0
48.19069,81.52077,300.92,0.48,0.4,2021-09-16,2059,N,VIIRS,n,2,279.37,1.91,N,0
48.19293,81.52882,322.94,0.48,0.4,2021-09-16,2059,N,VIIRS,n,2,278.18,2.2,N,0
48.19422,81.52258,315.86,0.48,0.4,2021-09-16,2059,N,VIIRS,n,2,276.8,2.2,N,0
48.47421,74.3162,303.42,0.4,0.37,2021-09-16,2059,N,VIIRS,n,2,268.22,0.82,N,0
48.48379,74.32593,301.69,0.4,0.37,2021-09-16,2059,N,VIIRS,n,2,268.24,1.14,N,0
48.5268,74.26701,301.63,0.4,0.37,2021-09-16,2059,N,VIIRS,n,2,267.22,1.1,N,0
48.53013,74.26806,332.48,0.4,0.37,2021-09-16,2059,N,VIIRS,n,2,268.44,2.25,N,0
48.53347,74.2691,314.01,0.4,0.37,2021-09-16,2059,N,VIIRS,n,2,266.53,2.25,N,0
48.53756,74.2648,311.04,0.4,0.37,2021-09-16,2059,N,VIIRS,n,2,267.44,1.53,N,0
48.53868,74.23158,298.47,0.4,0.37,2021-09-16,2059,N,VIIRS,n,2,265.89,0.51,N,0
48.54164,74.26049,311.66,0.4,0.37,2021-09-16,2059,N,VIIRS,n,2,268.36,1.53,N,0
48.66956,78.81685,301.25,0.4,0.37,2021-09-16,2059,N,VIIRS,n,2,279.07,0.9,N,0
48.67288,78.81819,322.15,0.4,0.37,2021-09-16,2059,N,VIIRS,n,2,279.82,1.53,N,0
48.67384,78.81286,296.63,0.4,0.37,2021-09-16,2059,N,VIIRS,n,2,278.81,0.99,N,0
49.27686,74.39032,301.6,0.4,0.37,2021-09-16,2059,N,VIIRS,n,2,271.6,1.23,N,0
49.6418,83.57335,315.51,0.53,0.42,2021-09-16,2059,N,VIIRS,n,2,282.71,2.37,N,2
49.64559,83.57482,302.63,0.53,0.42,2021-09-16,2059,N,VIIRS,n,2,282.46,1.2,N,2
50.01619,78.7119,296.56,0.39,0.36,2021-09-16,2059,N,VIIRS,n,2,281.84,0.86,N,2
50.01947,78.71328,304.51,0.39,0.36,2021-09-16,2059,N,VIIRS,n,2,283.66,0.86,N,2
50.0204,78.70789,323.41,0.39,0.36,2021-09-16,2059,N,VIIRS,n,2,281.86,1.7,N,0
50.39757,80.18067,321.79,0.41,0.37,2021-09-16,2059,N,VIIRS,n,2,283.24,2.75,N,2
50.4009,80.18219,310.81,0.41,0.37,2021-09-16,2059,N,VIIRS,n,2,284.25,1.6,N,2
51.2086,75.74586,296,0.39,0.36,2021-09-16,2059,N,VIIRS,n,2,285.24,0.62,N,0
51.20995,75.79435,299.76,0.39,0.36,2021-09-16,2059,N,VIIRS,n,2,285.15,1.03,N,2
51.25808,75.7002,299.26,0.39,0.36,2021-09-16,2059,N,VIIRS,n,2,284.35,1.05,N,2
51.25823,75.72377,301.3,0.39,0.36,2021-09-16,2059,N,VIIRS,n,2,284.09,0.58,N,0
51.25903,75.71817,302.84,0.39,0.36,2021-09-16,2059,N,VIIRS,n,2,284.89,0.58,N,0
51.26124,75.67783,315.65,0.39,0.37,2021-09-16,2059,N,VIIRS,n,2,284.15,1.11,N,0
51.26203,75.67223,305.24,0.39,0.37,2021-09-16,2059,N,VIIRS,n,2,283.59,1.11,N,0
42.58531,91.3368,297.06,0.6,0.7,2021-09-16,2100,N,VIIRS,n,2,281.79,0.61,N,2
43.2441,87.66926,300.9,0.39,0.59,2021-09-16,2100,N,VIIRS,n,2,273.06,0.4,N,2
43.28246,81.85582,297.76,0.41,0.45,2021-09-16,2100,N,VIIRS,n,2,280.75,1,N,2
43.52587,81.96052,302.02,0.41,0.45,2021-09-16,2100,N,VIIRS,n,2,286.16,1.4,N,2
43.527,81.95554,311.59,0.41,0.45,2021-09-16,2100,N,VIIRS,n,2,286.72,1.4,N,2
43.53097,81.95739,312.89,0.41,0.45,2021-09-16,2100,N,VIIRS,n,2,291.13,1.4,N,2
43.82699,82.79998,298.65,0.44,0.46,2021-09-16,2100,N,VIIRS,n,2,285.73,0.49,N,2
43.9271,81.79559,307.91,0.4,0.44,2021-09-16,2100,N,VIIRS,n,2,286.51,1,N,2
43.92746,81.79237,301.01,0.4,0.44,2021-09-16,2100,N,VIIRS,n,2,285.66,1.84,N,2
44.08465,88.46111,297.67,0.4,0.6,2021-09-16,2100,N,VIIRS,n,2,285.88,1.37,N,2
44.34098,87.70116,295.77,0.36,0.57,2021-09-16,2100,N,VIIRS,n,2,271.16,0.87,N,0
44.67908,89.08439,312.89,0.41,0.6,2021-09-16,2100,N,VIIRS,n,2,288.3,1.98,N,2
44.68501,83.03931,306.43,0.43,0.46,2021-09-16,2100,N,VIIRS,n,2,287.41,0.84,N,2
44.69671,89.06621,305.52,0.41,0.6,2021-09-16,2100,N,VIIRS,n,2,285.97,1.15,N,0
44.70336,89.06442,300.86,0.41,0.6,2021-09-16,2100,N,VIIRS,n,2,286.42,1.15,N,0
44.70478,82.0398,298.46,0.39,0.44,2021-09-16,2100,N,VIIRS,n,2,288.27,0.22,N,0
44.71607,82.066,302.04,0.39,0.44,2021-09-16,2100,N,VIIRS,n,2,288.87,1.27,N,2
44.7467,82.0634,306.28,0.39,0.44,2021-09-16,2100,N,VIIRS,n,2,288.56,0.88,N,0
44.75328,82.07355,298.94,0.39,0.44,2021-09-16,2100,N,VIIRS,n,2,288.53,0.72,N,2
44.7534,82.07184,298.58,0.39,0.44,2021-09-16,2100,N,VIIRS,n,2,288.17,0.5,N,2
44.85841,78.72027,297.4,0.44,0.38,2021-09-16,2100,N,VIIRS,n,2,285.32,0.64,N,0
45.39119,73.65238,298.72,0.39,0.36,2021-09-16,2100,N,VIIRS,n,2,286.5,0.67,N,2
45.42369,79.98893,318.93,0.48,0.4,2021-09-16,2100,N,VIIRS,n,2,283.29,2.4,N,0
45.42443,79.9886,315.51,0.48,0.4,2021-09-16,2100,N,VIIRS,n,2,283.15,1.43,N,0
45.62616,80.5779,298.05,0.49,0.41,2021-09-16,2100,N,VIIRS,n,2,275.38,0.86,N,0
46.81932,74.93423,328.17,0.39,0.36,2021-09-16,2100,N,VIIRS,n,2,279.61,4.21,N,2
46.82261,74.9353,304.55,0.39,0.36,2021-09-16,2100,N,VIIRS,n,2,279.23,0.99,N,2
46.83422,74.94954,297.16,0.39,0.36,2021-09-16,2100,N,VIIRS,n,2,275.98,0.77,N,2
40.5024,82.75879,306.83,0.53,0.5,2021-09-16,2101,N,VIIRS,n,2,286.55,1.29,N,0
40.63139,82.94211,298.48,0.54,0.51,2021-09-16,2101,N,VIIRS,n,2,285.29,0.71,N,0
40.63362,82.94328,295.26,0.54,0.51,2021-09-16,2101,N,VIIRS,n,2,285.12,0.6,N,0
40.71092,82.74043,297.06,0.52,0.5,2021-09-16,2101,N,VIIRS,n,2,279.18,0.37,N,0
40.85249,83.0028,296.03,0.54,0.5,2021-09-16,2101,N,VIIRS,n,2,284.31,0.69,N,0
40.85444,83.00543,296.9,0.54,0.5,2021-09-16,2101,N,VIIRS,n,2,284.43,0.34,N,0
40.87377,83.02732,299.24,0.54,0.51,2021-09-16,2101,N,VIIRS,n,2,284.38,0.96,N,2
41.06815,80.11372,300.01,0.39,0.44,2021-09-16,2101,N,VIIRS,n,2,287.76,0.79,N,2
41.06916,80.11261,299.71,0.39,0.44,2021-09-16,2101,N,VIIRS,n,2,288,0.57,N,2
41.36643,82.74146,302.04,0.51,0.49,2021-09-16,2101,N,VIIRS,n,2,283.12,0.81,N,0
41.36684,82.74194,300.54,0.5,0.49,2021-09-16,2101,N,VIIRS,n,2,283.33,0.61,N,0
41.42804,83.57732,307.86,0.55,0.51,2021-09-16,2101,N,VIIRS,n,2,276.94,2.35,N,0
41.76246,83.27295,302.02,0.52,0.5,2021-09-16,2101,N,VIIRS,n,2,290.14,1.31,N,2
41.82637,81.7737,297.5,0.44,0.46,2021-09-16,2101,N,VIIRS,n,2,275.38,0.52,N,2
41.83878,81.77873,303.79,0.44,0.46,2021-09-16,2101,N,VIIRS,n,2,273.54,0.92,N,2
42.09747,81.86021,295.03,0.44,0.46,2021-09-16,2101,N,VIIRS,n,2,279.07,0.78,N,0
42.13631,83.11961,300.42,0.5,0.49,2021-09-16,2101,N,VIIRS,n,2,274.79,1.11,N,2
42.89001,74.44074,296.65,0.38,0.36,2021-09-16,2101,N,VIIRS,n,2,280.55,0.63,N,0
42.91251,74.8703,317.39,0.39,0.36,2021-09-16,2101,N,VIIRS,n,2,286.28,1.16,N,2
42.91579,74.8713,303.82,0.39,0.36,2021-09-16,2101,N,VIIRS,n,2,287.82,1.16,N,2
42.96868,74.58839,307.58,0.38,0.36,2021-09-16,2101,N,VIIRS,n,2,285.68,1.46,N,2
43.7454,75.28812,299.75,0.39,0.36,2021-09-16,2101,N,VIIRS,n,2,282.7,0.61,N,0
43.81429,75.30167,298.76,0.39,0.36,2021-09-16,2101,N,VIIRS,n,2,278.96,0.62,N,0
37.14338,79.49712,300.72,0.44,0.46,2021-09-16,2102,N,VIIRS,n,2,288.96,0.99,N,0
38.65815,76.17236,305.6,0.44,0.39,2021-09-16,2102,N,VIIRS,n,2,288.6,1.09,N,2
39.64766,75.94322,302.2,0.42,0.38,2021-09-16,2102,N,VIIRS,n,2,287.21,0.66,N,2
39.6489,75.89721,301.26,0.42,0.38,2021-09-16,2102,N,VIIRS,n,2,287.64,0.7,N,0
39.65107,75.94427,300.92,0.42,0.38,2021-09-16,2102,N,VIIRS,n,2,289.03,0.66,N,2
34.26339,73.74432,295.97,0.42,0.37,2021-09-16,2103,N,VIIRS,n,2,285.64,0.32,N,0
35.35965,74.17886,332.62,0.42,0.37,2021-09-16,2103,N,VIIRS,n,2,285.64,3.45,N,0
35.363,74.18005,314.78,0.42,0.37,2021-09-16,2103,N,VIIRS,n,2,287.64,0.95,N,0
35.68951,73.98645,302.97,0.41,0.37,2021-09-16,2103,N,VIIRS,n,2,286.25,0.71,N,0
29.12489,75.77739,306.14,0.4,0.44,2021-09-16,2105,N,VIIRS,n,2,290.29,1.93,N,2
24.15631,82.69775,297.01,0.65,0.73,2021-09-16,2106,N,VIIRS,n,2,277.77,1.71,N,0
52.37778,76.92063,295.34,0.72,0.76,2021-09-16,2238,N,VIIRS,n,2,266.21,5.83,N,0
46.35954,132.2852,326.21,0.47,0.47,2021-09-17,322,N,VIIRS,n,2,294.48,2.73,D,0
47.89575,132.2312,340.93,0.43,0.46,2021-09-17,323,N,VIIRS,n,2,299.24,3.82,D,0
22.54276,120.35047,338.83,0.45,0.39,2021-09-17,456,N,VIIRS,n,2,301.22,1.8,D,2
23.96781,120.97683,329.56,0.41,0.37,2021-09-17,457,N,VIIRS,l,2,302.11,5.69,D,0
24.25267,113.40659,330.79,0.34,0.56,2021-09-17,457,N,VIIRS,n,2,293.68,3.85,D,2
25.02328,121.04595,330.98,0.4,0.37,2021-09-17,457,N,VIIRS,n,2,299.3,3.24,D,0
25.7403,119.59505,331.6,0.44,0.39,2021-09-17,457,N,VIIRS,n,2,298.82,5.65,D,2
25.41453,113.02509,332.11,0.34,0.56,2021-09-17,458,N,VIIRS,n,2,293.12,3.21,D,0
25.4148,113.02376,334,0.34,0.56,2021-09-17,458,N,VIIRS,n,2,293.34,3.84,D,0
25.56385,115.01907,335.69,0.52,0.5,2021-09-17,458,N,VIIRS,n,2,300.33,6.64,D,0
26.22567,112.67156,340.96,0.35,0.57,2021-09-17,458,N,VIIRS,n,2,292.01,8.5,D,0
26.22598,112.67184,337.29,0.35,0.56,2021-09-17,458,N,VIIRS,n,2,291.58,6.46,D,0
26.48215,112.21473,349.69,0.36,0.58,2021-09-17,458,N,VIIRS,n,2,293.96,20.83,D,0
26.483,112.21841,343.67,0.36,0.58,2021-09-17,458,N,VIIRS,n,2,290.92,20.83,D,0
26.73536,112.10852,337.41,0.37,0.58,2021-09-17,458,N,VIIRS,n,2,291.46,4.87,D,0
26.73679,112.10525,334.91,0.37,0.58,2021-09-17,458,N,VIIRS,n,2,291.4,5,D,0
26.76698,116.29545,350.84,0.41,0.45,2021-09-17,458,N,VIIRS,n,2,305.08,4.34,D,0
26.76868,116.29549,353.24,0.41,0.45,2021-09-17,458,N,VIIRS,n,2,305.16,7.35,D,0
26.77108,116.29447,330.54,0.41,0.45,2021-09-17,458,N,VIIRS,n,2,302.44,4.34,D,0
26.83896,112.88926,339.57,0.33,0.55,2021-09-17,458,N,VIIRS,n,2,293.87,2.67,D,0
26.84894,111.88337,334.1,0.38,0.58,2021-09-17,458,N,VIIRS,n,2,291.37,2.71,D,0
26.88279,114.09507,342.7,0.55,0.51,2021-09-17,458,N,VIIRS,n,2,298.1,22.24,D,0
26.88514,114.08326,341.26,0.55,0.51,2021-09-17,458,N,VIIRS,n,2,296.42,85.09,D,0
26.8874,114.0937,341.1,0.55,0.51,2021-09-17,458,N,VIIRS,n,2,296.37,56.08,D,0
26.88972,111.81586,331.27,0.38,0.59,2021-09-17,458,N,VIIRS,n,2,291.8,2.54,D,0
26.89146,111.81461,333.26,0.38,0.59,2021-09-17,458,N,VIIRS,n,2,291.6,2.61,D,0
27.64845,120.30392,332.84,0.4,0.37,2021-09-17,458,N,VIIRS,n,2,299.61,3.28,D,0
28.52824,115.87601,333.26,0.41,0.45,2021-09-17,458,N,VIIRS,n,2,302.56,3.68,D,0
28.52905,115.88011,333.44,0.41,0.45,2021-09-17,458,N,VIIRS,l,2,305.53,3.68,D,0
28.64812,115.44434,333.02,0.43,0.46,2021-09-17,458,N,VIIRS,n,2,297.05,2.77,D,0
28.64865,115.99549,330.48,0.4,0.44,2021-09-17,458,N,VIIRS,l,2,302.39,3.13,D,2
29.03435,119.61628,330.9,0.41,0.37,2021-09-17,458,N,VIIRS,l,2,303.22,3.03,D,0
29.33533,119.05202,330.95,0.43,0.38,2021-09-17,458,N,VIIRS,n,2,302.29,3.74,D,2
30.0856,120.59174,331.21,0.39,0.36,2021-09-17,459,N,VIIRS,l,2,301.53,1.62,D,0
30.12786,120.70694,330.38,0.39,0.36,2021-09-17,459,N,VIIRS,n,2,300.01,3.37,D,0
30.13033,120.5284,349.07,0.39,0.36,2021-09-17,459,N,VIIRS,n,2,303.39,9.45,D,0
30.17502,120.49497,338.86,0.39,0.36,2021-09-17,459,N,VIIRS,n,2,301.24,3.07,D,0
30.18532,120.66683,331.28,0.39,0.36,2021-09-17,459,N,VIIRS,l,2,304.65,3.24,D,0
30.2045,115.14975,329.85,0.41,0.45,2021-09-17,459,N,VIIRS,l,2,303.65,3.89,D,2
30.25728,121.34149,331.97,0.38,0.36,2021-09-17,459,N,VIIRS,l,2,306.96,2.94,D,0
30.31461,119.78383,331.64,0.4,0.37,2021-09-17,459,N,VIIRS,l,2,304.49,2.15,D,0
30.31529,119.78794,331.49,0.4,0.37,2021-09-17,459,N,VIIRS,n,2,300.9,2.15,D,0
30.3302,120.65753,344.11,0.39,0.36,2021-09-17,459,N,VIIRS,n,2,307.88,6.07,D,0
30.33492,121.96947,334.58,0.39,0.36,2021-09-17,459,N,VIIRS,l,2,305,7.54,D,3
30.45616,120.06788,331.32,0.39,0.36,2021-09-17,459,N,VIIRS,l,2,304.56,3.41,D,0
30.74943,117.40165,328.66,0.47,0.4,2021-09-17,459,N,VIIRS,l,2,302.76,4.56,D,2
30.84085,120.56441,336.32,0.39,0.36,2021-09-17,459,N,VIIRS,n,2,303.08,3.86,D,0
30.84417,117.77906,339.51,0.45,0.39,2021-09-17,459,N,VIIRS,n,2,306.06,4.31,D,2
30.85415,117.75198,329.88,0.46,0.39,2021-09-17,459,N,VIIRS,n,2,303.46,3.7,D,2
30.92599,117.77084,329.41,0.45,0.39,2021-09-17,459,N,VIIRS,l,2,304.3,4.7,D,2
31.1387,118.16911,343.2,0.44,0.38,2021-09-17,459,N,VIIRS,n,2,306.15,6.19,D,2
31.25031,118.18243,333.6,0.43,0.38,2021-09-17,459,N,VIIRS,l,2,306.18,4.21,D,2
31.26688,119.7086,345.52,0.4,0.37,2021-09-17,459,N,VIIRS,n,2,304.51,4.11,D,0
31.34217,118.49673,331.51,0.42,0.38,2021-09-17,459,N,VIIRS,l,2,304.27,4.29,D,2
31.34562,118.49593,331.57,0.42,0.38,2021-09-17,459,N,VIIRS,l,2,305.58,3.91,D,0
31.38458,119.29542,336.06,0.4,0.37,2021-09-17,459,N,VIIRS,n,2,310.47,5.92,D,2
31.39006,119.30726,334.86,0.4,0.37,2021-09-17,459,N,VIIRS,l,2,308.24,3.76,D,2
31.45094,121.42113,336.55,0.38,0.36,2021-09-17,459,N,VIIRS,l,2,306.71,3.17,D,2
31.46334,119.91831,333.71,0.39,0.36,2021-09-17,459,N,VIIRS,l,2,308.33,3.06,D,0
31.48018,120.38084,334.75,0.39,0.36,2021-09-17,459,N,VIIRS,n,2,304.89,1.33,D,0
31.48908,119.71669,345.81,0.39,0.37,2021-09-17,459,N,VIIRS,n,2,301.18,5.42,D,0
31.49643,119.71932,338.15,0.39,0.37,2021-09-17,459,N,VIIRS,n,2,303.03,2.45,D,0
31.77633,120.71145,331.27,0.38,0.36,2021-09-17,459,N,VIIRS,n,2,298.32,1.12,D,0
32.65171,118.68575,331.08,0.41,0.37,2021-09-17,459,N,VIIRS,n,2,297.98,2.33,D,0
32.65244,118.69007,329.74,0.41,0.37,2021-09-17,459,N,VIIRS,n,2,297.79,2.33,D,0
33.56761,118.9796,329.34,0.4,0.37,2021-09-17,500,N,VIIRS,n,2,299.01,2.18,D,0
33.65697,118.19256,336.25,0.41,0.37,2021-09-17,500,N,VIIRS,n,2,295.99,2.34,D,0
33.72499,118.76269,339.61,0.4,0.37,2021-09-17,500,N,VIIRS,n,2,294.97,2.41,D,0
33.76355,118.97467,347.07,0.4,0.37,2021-09-17,500,N,VIIRS,n,2,294.71,4.93,D,0
33.84456,117.90069,335.61,0.42,0.38,2021-09-17,500,N,VIIRS,n,2,294.22,1.92,D,0
34.00551,119.18748,342.63,0.39,0.36,2021-09-17,500,N,VIIRS,n,2,297.79,3.06,D,0
34.09793,119.25809,336.56,0.39,0.36,2021-09-17,500,N,VIIRS,n,2,296.16,3.53,D,0
34.11354,117.38746,337.81,0.43,0.38,2021-09-17,500,N,VIIRS,n,2,294.45,5.09,D,0
34.41212,119.84578,346.86,0.38,0.36,2021-09-17,500,N,VIIRS,n,2,296.08,6.1,D,3
34.84321,117.70965,336.71,0.41,0.37,2021-09-17,500,N,VIIRS,n,2,296.78,2.68,D,0
36.00162,117.55067,337.26,0.41,0.37,2021-09-17,500,N,VIIRS,n,2,297.66,4.25,D,0
37.01385,118.41216,336.98,0.39,0.36,2021-09-17,501,N,VIIRS,n,2,295.79,3.31,D,0
37.01715,118.41132,342.76,0.39,0.36,2021-09-17,501,N,VIIRS,n,2,296.01,6.03,D,0
38.28573,117.81709,329.27,0.39,0.36,2021-09-17,501,N,VIIRS,l,2,301.59,3.48,D,2
38.29898,117.8427,334.24,0.39,0.36,2021-09-17,501,N,VIIRS,n,2,300,5.37,D,3
39.00298,110.2575,330.59,0.49,0.49,2021-09-17,501,N,VIIRS,l,2,301.31,4.04,D,0
39.00519,110.25878,326.07,0.49,0.49,2021-09-17,501,N,VIIRS,l,2,298.88,5.17,D,0
39.01019,116.63457,327.61,0.41,0.37,2021-09-17,501,N,VIIRS,l,2,299.42,1.81,D,0
39.02809,117.49094,337.41,0.39,0.36,2021-09-17,501,N,VIIRS,n,2,300.7,3.24,D,2
39.09819,110.40435,327.28,0.48,0.48,2021-09-17,501,N,VIIRS,l,2,302.22,1.87,D,0
39.12587,116.02711,330.39,0.42,0.38,2021-09-17,501,N,VIIRS,n,2,299.8,1.75,D,0
39.17794,115.96836,330.21,0.42,0.38,2021-09-17,501,N,VIIRS,n,2,297.2,1.09,D,0
39.2878,117.93062,336.17,0.39,0.36,2021-09-17,501,N,VIIRS,n,2,298.75,3.3,D,0
39.29736,117.93397,335.01,0.39,0.36,2021-09-17,501,N,VIIRS,n,2,299.6,2.87,D,0
39.31197,117.93938,328.58,0.39,0.36,2021-09-17,501,N,VIIRS,l,2,298.77,1.83,D,0
39.31268,117.94382,327.31,0.39,0.36,2021-09-17,501,N,VIIRS,l,2,299.62,1.83,D,0
39.314,117.88779,335.58,0.39,0.36,2021-09-17,501,N,VIIRS,n,2,298.67,2.36,D,0
39.44365,126.02131,332.55,0.43,0.46,2021-09-17,501,N,VIIRS,n,2,299.24,4.46,D,2
39.44527,126.02302,329.53,0.43,0.46,2021-09-17,501,N,VIIRS,n,2,297.94,4.1,D,2
39.46458,118.25761,327.52,0.38,0.36,2021-09-17,501,N,VIIRS,l,2,302.29,2.94,D,2
39.46717,118.25231,329.23,0.38,0.36,2021-09-17,501,N,VIIRS,l,2,302.38,3.46,D,2
39.54798,116.60753,330.82,0.4,0.37,2021-09-17,501,N,VIIRS,n,2,300.49,2.59,D,0
39.56116,117.96478,337.65,0.39,0.36,2021-09-17,501,N,VIIRS,n,2,301.5,1.96,D,0
39.56187,117.96924,353.72,0.39,0.36,2021-09-17,501,N,VIIRS,n,2,304.87,3.09,D,0
39.56258,117.97369,329.21,0.39,0.36,2021-09-17,501,N,VIIRS,l,2,300.45,3.09,D,0
39.56445,117.96391,339.47,0.39,0.36,2021-09-17,501,N,VIIRS,n,2,303.82,3.07,D,0
39.56516,117.96836,350.45,0.39,0.36,2021-09-17,501,N,VIIRS,n,2,301.97,5.22,D,0
39.59171,117.91952,332.07,0.39,0.36,2021-09-17,501,N,VIIRS,n,2,300.08,2.29,D,2
39.61475,116.40048,328.98,0.41,0.37,2021-09-17,501,N,VIIRS,n,2,295.69,2.57,D,0
39.61772,116.58051,332.66,0.4,0.37,2021-09-17,501,N,VIIRS,n,2,298.45,1.36,D,0
39.61859,117.68531,329.27,0.39,0.36,2021-09-17,501,N,VIIRS,n,2,300.74,1.81,D,0
39.62189,117.68442,330.2,0.39,0.36,2021-09-17,501,N,VIIRS,l,2,302.09,3.86,D,0
39.62463,117.95857,332.17,0.39,0.36,2021-09-17,501,N,VIIRS,n,2,302.69,3.39,D,2
39.62519,117.68353,354.39,0.39,0.36,2021-09-17,501,N,VIIRS,n,2,303.93,3.86,D,0
39.66542,118.90405,332.34,0.38,0.36,2021-09-17,501,N,VIIRS,n,2,300.32,2.87,D,2
39.68425,118.40028,327.11,0.38,0.36,2021-09-17,501,N,VIIRS,l,2,302.07,2.48,D,2
39.70026,116.96247,331.88,0.4,0.37,2021-09-17,501,N,VIIRS,n,2,300.15,2.11,D,0
39.73388,117.68343,367,0.39,0.36,2021-09-17,501,N,VIIRS,h,2,303.97,10.31,D,0
39.73556,118.09641,332.98,0.39,0.36,2021-09-17,501,N,VIIRS,n,2,298.45,2.74,D,2
39.73718,117.68255,339.44,0.39,0.36,2021-09-17,501,N,VIIRS,n,2,299.71,3.19,D,0
39.75777,118.09167,341.91,0.39,0.36,2021-09-17,501,N,VIIRS,n,2,302.83,9.09,D,2
39.77102,118.2355,334.51,0.38,0.36,2021-09-17,501,N,VIIRS,n,2,305.58,3.07,D,2
39.77226,116.41555,327.68,0.41,0.37,2021-09-17,501,N,VIIRS,n,2,302.35,1.11,D,0
39.80262,118.09377,342.38,0.38,0.36,2021-09-17,501,N,VIIRS,n,2,309.3,6.28,D,2
39.80375,118.14455,328.98,0.38,0.36,2021-09-17,501,N,VIIRS,l,2,303.41,1.75,D,2
39.8187,118.19631,338.68,0.38,0.36,2021-09-17,501,N,VIIRS,n,2,306.15,2.34,D,2
39.83241,116.25214,328.55,0.41,0.37,2021-09-17,501,N,VIIRS,l,2,301.16,1.11,D,0
39.83777,116.58897,329.38,0.4,0.37,2021-09-17,501,N,VIIRS,l,2,303.5,3,D,0
39.84506,116.24351,329.73,0.41,0.37,2021-09-17,501,N,VIIRS,n,2,299.61,2.02,D,0
39.8718,118.16377,338.82,0.38,0.36,2021-09-17,501,N,VIIRS,n,2,307.43,3.06,D,2
39.87545,116.21481,333.02,0.41,0.37,2021-09-17,501,N,VIIRS,n,2,302.18,2.72,D,0
39.89351,116.50472,335.15,0.4,0.37,2021-09-17,501,N,VIIRS,n,2,303.37,1.28,D,0
39.9222,118.22707,328.81,0.38,0.36,2021-09-17,501,N,VIIRS,l,2,302.21,2.57,D,2
39.96515,118.55001,333.55,0.38,0.36,2021-09-17,501,N,VIIRS,l,2,306.3,5.04,D,2
39.9809,116.58352,329.98,0.4,0.37,2021-09-17,501,N,VIIRS,l,2,303.78,2.25,D,0
39.98424,116.58254,330.24,0.4,0.37,2021-09-17,501,N,VIIRS,l,2,303.4,2.06,D,0
40.08988,116.15346,337.98,0.41,0.37,2021-09-17,501,N,VIIRS,n,2,300.16,2.95,D,0
40.09433,118.93052,328.52,0.39,0.36,2021-09-17,501,N,VIIRS,l,2,303.48,1.92,D,2
40.10877,118.73729,336.03,0.38,0.36,2021-09-17,501,N,VIIRS,l,2,306.21,2.6,D,2
40.11139,118.73198,341.59,0.38,0.36,2021-09-17,501,N,VIIRS,n,2,309.32,6.75,D,2
40.14729,116.54805,336.8,0.4,0.37,2021-09-17,501,N,VIIRS,n,2,303.42,2.73,D,0
40.15219,116.55639,330.35,0.4,0.37,2021-09-17,501,N,VIIRS,l,2,303.09,1.76,D,0
40.1862,116.07755,328.38,0.41,0.37,2021-09-17,501,N,VIIRS,n,2,297.33,1.08,D,0
40.1932,116.60954,330.21,0.4,0.37,2021-09-17,501,N,VIIRS,l,2,302.8,2.36,D,0
40.31307,122.13155,334.32,0.45,0.39,2021-09-17,501,N,VIIRS,n,2,302.28,3.1,D,2
40.31477,122.13387,331.81,0.45,0.39,2021-09-17,501,N,VIIRS,n,2,301.58,3.42,D,2
40.6431,122.56784,336.8,0.47,0.4,2021-09-17,501,N,VIIRS,n,2,297.97,4.71,D,2
41.13632,122.99632,329.21,0.49,0.4,2021-09-17,501,N,VIIRS,l,2,299.86,2.42,D,2
41.16308,122.99724,345.93,0.49,0.4,2021-09-17,501,N,VIIRS,n,2,296.09,10.49,D,2
41.16372,122.99542,328.56,0.49,0.4,2021-09-17,501,N,VIIRS,n,2,297.6,6.34,D,2
41.16436,123.00135,331.44,0.49,0.4,2021-09-17,501,N,VIIRS,n,2,296.99,6.69,D,2
41.21981,123.61858,327.74,0.52,0.42,2021-09-17,501,N,VIIRS,l,2,299.85,3.54,D,2
41.27527,123.7231,333.28,0.53,0.42,2021-09-17,501,N,VIIRS,n,2,299.56,3.86,D,2
38.24622,106.54906,336.58,0.4,0.6,2021-09-17,502,N,VIIRS,n,2,298.32,4.9,D,2
38.32319,106.52608,331.06,0.39,0.6,2021-09-17,502,N,VIIRS,n,2,298.33,2.8,D,2
39.44784,110.51694,334.07,0.47,0.47,2021-09-17,502,N,VIIRS,n,2,295.76,4.33,D,2
40.58953,115.09145,330.56,0.43,0.38,2021-09-17,502,N,VIIRS,l,2,301.02,2.41,D,2
40.59297,115.09039,338.26,0.43,0.38,2021-09-17,502,N,VIIRS,n,2,301.93,2.41,D,2
40.92535,113.33052,333.14,0.49,0.4,2021-09-17,502,N,VIIRS,n,2,294.91,2.59,D,0
41.63225,115.94897,335.66,0.4,0.37,2021-09-17,502,N,VIIRS,n,2,297.04,1.95,D,0
41.63558,115.94798,339.25,0.4,0.37,2021-09-17,502,N,VIIRS,n,2,296.03,1.95,D,0
41.66133,115.68571,331.18,0.41,0.37,2021-09-17,502,N,VIIRS,n,2,296.4,2.9,D,0
41.67137,115.6624,327.33,0.41,0.37,2021-09-17,502,N,VIIRS,n,2,294.54,1.56,D,0
41.67722,115.67576,335.21,0.41,0.37,2021-09-17,502,N,VIIRS,n,2,294.59,2.01,D,0
41.74215,116.17593,340.7,0.4,0.37,2021-09-17,502,N,VIIRS,n,2,295.83,2.83,D,0
41.74294,116.18063,349.36,0.4,0.37,2021-09-17,502,N,VIIRS,n,2,296.09,6.78,D,0
41.74625,116.17962,342.32,0.4,0.37,2021-09-17,502,N,VIIRS,n,2,296.46,3.31,D,0
41.83545,115.71456,341.39,0.4,0.37,2021-09-17,502,N,VIIRS,n,2,296.57,2.62,D,0
41.83878,115.71352,348.27,0.4,0.37,2021-09-17,502,N,VIIRS,n,2,298.47,9.94,D,0
41.84436,123.7587,336.02,0.54,0.42,2021-09-17,502,N,VIIRS,n,2,304.07,6.16,D,2
41.85292,115.73444,367,0.4,0.37,2021-09-17,502,N,VIIRS,h,2,297.75,8.39,D,0
41.85374,115.73922,340.64,0.4,0.37,2021-09-17,502,N,VIIRS,n,2,296.54,5.27,D,0
41.89283,115.27122,329.4,0.41,0.37,2021-09-17,502,N,VIIRS,n,2,294.65,1.6,D,0
41.89368,115.27607,333.36,0.41,0.37,2021-09-17,502,N,VIIRS,n,2,295.13,1.6,D,0
41.8962,115.27015,340.44,0.41,0.37,2021-09-17,502,N,VIIRS,n,2,293.99,1.6,D,0
41.89705,115.27502,328.93,0.41,0.37,2021-09-17,502,N,VIIRS,n,2,296.01,1.6,D,0
41.90893,115.83061,333.3,0.4,0.37,2021-09-17,502,N,VIIRS,n,2,299.48,3.36,D,0
42.20274,114.90972,335.49,0.42,0.37,2021-09-17,502,N,VIIRS,n,2,298.29,3.6,D,0
42.26653,119.14342,339.5,0.39,0.36,2021-09-17,502,N,VIIRS,n,2,309.81,5.15,D,2
42.91325,120.81356,347.19,0.43,0.38,2021-09-17,502,N,VIIRS,n,2,308.06,5.08,D,0
44.52022,129.63246,329.03,0.37,0.58,2021-09-17,502,N,VIIRS,n,2,295.56,1.35,D,0
44.52146,129.6284,332.75,0.37,0.58,2021-09-17,502,N,VIIRS,n,2,297.17,1.63,D,0
47.30537,132.08322,325.01,0.5,0.66,2021-09-17,503,N,VIIRS,l,2,295.43,3.86,D,0
47.83593,132.10442,328.97,0.51,0.66,2021-09-17,503,N,VIIRS,n,2,292.22,5.55,D,0
47.83603,132.11147,337.81,0.51,0.66,2021-09-17,503,N,VIIRS,n,2,292.99,5.55,D,0
47.84084,132.11055,343.62,0.51,0.66,2021-09-17,503,N,VIIRS,n,2,292.68,5.83,D,0
49.36611,124.12432,325.47,0.45,0.47,2021-09-17,504,N,VIIRS,n,2,293.49,1.98,D,0
22.11576,103.57911,328.69,0.39,0.44,2021-09-17,638,N,VIIRS,n,2,289.23,1.36,D,0
23.58261,102.01689,332.2,0.5,0.41,2021-09-17,638,N,VIIRS,n,2,291.31,3.58,D,0
23.84393,106.21532,326.3,0.6,0.53,2021-09-17,638,N,VIIRS,n,2,286.13,4.97,D,0
25.80648,102.92899,341.77,0.4,0.44,2021-09-17,639,N,VIIRS,n,2,290.96,6.34,D,0
40.35964,97.66187,344.07,0.49,0.4,2021-09-17,643,N,VIIRS,n,2,308.33,2.79,D,0
40.50267,82.76213,339.94,0.58,0.52,2021-09-17,644,N,VIIRS,l,2,314.38,6.03,D,0
40.81201,83.88487,345.71,0.5,0.49,2021-09-17,644,N,VIIRS,n,2,315.96,11.93,D,0
40.81412,83.88786,345.36,0.5,0.49,2021-09-17,644,N,VIIRS,l,2,315.65,6.15,D,0
41.30663,84.2961,346.28,0.46,0.47,2021-09-17,644,N,VIIRS,n,2,315.76,7.42,D,0
41.42516,83.57938,345.38,0.5,0.49,2021-09-17,644,N,VIIRS,n,2,312.87,4.12,D,0
41.81985,88.87432,350.87,0.44,0.38,2021-09-17,644,N,VIIRS,n,2,310.46,8.72,D,0
41.82024,88.89618,335.9,0.44,0.38,2021-09-17,644,N,VIIRS,n,2,305.39,4.79,D,0
41.82119,88.90133,340.16,0.44,0.38,2021-09-17,644,N,VIIRS,n,2,307.67,4.79,D,0
43.6941,95.00414,333.07,0.43,0.38,2021-09-17,644,N,VIIRS,n,2,290.04,3.5,D,2
43.85363,87.32711,333.02,0.46,0.39,2021-09-17,644,N,VIIRS,n,2,300.01,6.06,D,2
44.20415,85.75993,331.35,0.52,0.42,2021-09-17,644,N,VIIRS,n,2,298.19,3.95,D,2
44.91087,89.18166,336.76,0.4,0.37,2021-09-17,644,N,VIIRS,l,2,309.79,3.4,D,2
44.84423,76.19081,332.58,0.44,0.63,2021-09-17,645,N,VIIRS,n,2,306.44,2.85,D,0
45.67899,79.09657,343.93,0.62,0.54,2021-09-17,645,N,VIIRS,n,2,311.96,5.71,D,0
45.679,79.09641,344.84,0.62,0.54,2021-09-17,645,N,VIIRS,n,2,311.66,5.51,D,0
46.57578,87.8717,335.87,0.41,0.37,2021-09-17,645,N,VIIRS,n,2,306.97,1.45,D,0
46.57673,87.877,337.78,0.41,0.37,2021-09-17,645,N,VIIRS,n,2,305.24,3.31,D,0
47.89043,81.535,354.26,0.43,0.46,2021-09-17,646,N,VIIRS,n,2,311.57,23.03,D,0
47.89169,81.54028,342.69,0.43,0.46,2021-09-17,646,N,VIIRS,n,2,308.51,15.11,D,0
47.97063,76.13649,338.28,0.36,0.57,2021-09-17,646,N,VIIRS,n,2,302.26,6.95,D,0
47.97193,76.14093,367,0.36,0.57,2021-09-17,646,N,VIIRS,h,2,304.7,6.95,D,0
47.97324,76.14539,343.78,0.36,0.57,2021-09-17,646,N,VIIRS,n,2,303.48,9.14,D,0
47.97424,76.12887,334.38,0.36,0.57,2021-09-17,646,N,VIIRS,n,2,302.01,5.65,D,0
47.97456,76.1499,335.97,0.36,0.57,2021-09-17,646,N,VIIRS,n,2,304,9.14,D,0
47.97555,76.13333,367,0.36,0.57,2021-09-17,646,N,VIIRS,h,2,306.94,6.95,D,0
47.97686,76.1378,367,0.36,0.57,2021-09-17,646,N,VIIRS,h,2,307.42,6.95,D,0
47.97818,76.1423,347.37,0.36,0.57,2021-09-17,646,N,VIIRS,n,2,306.11,9.14,D,0
47.97951,76.14684,367,0.36,0.57,2021-09-17,646,N,VIIRS,h,2,307.85,9.14,D,0
47.98085,76.15143,367,0.36,0.57,2021-09-17,646,N,VIIRS,h,2,327.22,78.28,D,0
47.98219,76.15603,367,0.36,0.57,2021-09-17,646,N,VIIRS,h,2,336.12,78.28,D,0
47.98312,76.13924,352.61,0.36,0.57,2021-09-17,646,N,VIIRS,n,2,310.44,49.93,D,0
47.98354,76.16062,367,0.36,0.57,2021-09-17,646,N,VIIRS,h,2,305.85,83.39,D,0
47.98446,76.1438,367,0.36,0.57,2021-09-17,646,N,VIIRS,h,2,327.6,49.93,D,0
47.98579,76.14838,367,0.36,0.57,2021-09-17,646,N,VIIRS,h,2,317,45.73,D,0
47.98713,76.15295,335.47,0.36,0.57,2021-09-17,646,N,VIIRS,n,2,301.66,45.73,D,0
48.14598,81.52754,354.4,0.42,0.45,2021-09-17,646,N,VIIRS,n,2,290.07,18.87,D,0
48.14727,81.53305,367,0.42,0.45,2021-09-17,646,N,VIIRS,h,2,291.04,18.87,D,0
48.14735,81.51435,335.99,0.42,0.45,2021-09-17,646,N,VIIRS,n,2,282.64,5.05,D,0
48.14858,81.5386,334.2,0.42,0.45,2021-09-17,646,N,VIIRS,n,2,281.92,5.45,D,0
48.14866,81.51993,337.12,0.42,0.45,2021-09-17,646,N,VIIRS,n,2,279.91,5.05,D,0
48.14991,81.54426,347.19,0.42,0.45,2021-09-17,646,N,VIIRS,n,2,280.14,5.45,D,0
48.14997,81.5255,343.93,0.42,0.45,2021-09-17,646,N,VIIRS,n,2,286.06,18.87,D,0
48.1512,81.54975,342.87,0.42,0.45,2021-09-17,646,N,VIIRS,n,2,275.14,8.69,D,0
48.15247,81.55514,356.55,0.42,0.45,2021-09-17,646,N,VIIRS,l,2,273.6,8.69,D,0
48.15255,81.53646,335.94,0.42,0.45,2021-09-17,646,N,VIIRS,n,2,280.02,5.45,D,0
48.15277,81.49931,336.7,0.42,0.45,2021-09-17,646,N,VIIRS,n,2,274.07,3.85,D,0
48.15371,81.56042,335.91,0.42,0.45,2021-09-17,646,N,VIIRS,n,2,268.65,4.87,D,0
48.15397,81.52345,344.18,0.42,0.45,2021-09-17,646,N,VIIRS,n,2,281.98,6.15,D,0
48.1542,81.48631,331.95,0.42,0.45,2021-09-17,646,N,VIIRS,n,2,272.74,2.3,D,0
48.15495,81.56565,335.99,0.42,0.45,2021-09-17,646,N,VIIRS,n,2,267.76,4.87,D,0
48.1568,81.49734,333.67,0.42,0.45,2021-09-17,646,N,VIIRS,n,2,271.7,2.59,D,0
48.16509,81.41789,343.44,0.43,0.46,2021-09-17,646,N,VIIRS,n,2,296.8,6.81,D,0
48.16641,81.42354,367,0.42,0.46,2021-09-17,646,N,VIIRS,h,2,298.37,6.81,D,0
48.16766,81.44805,336.53,0.42,0.45,2021-09-17,646,N,VIIRS,n,2,288.27,4.33,D,0
48.16774,81.42921,337.54,0.42,0.46,2021-09-17,646,N,VIIRS,n,2,294.7,9.34,D,0
48.16905,81.43477,346.15,0.42,0.46,2021-09-17,646,N,VIIRS,n,2,296.8,9.34,D,0
48.16913,81.41592,330.68,0.43,0.46,2021-09-17,646,N,VIIRS,n,2,298.84,6.81,D,0
48.17035,81.44035,356.59,0.42,0.46,2021-09-17,646,N,VIIRS,n,2,297.91,37.03,D,0
48.17043,81.42147,367,0.42,0.46,2021-09-17,646,N,VIIRS,h,2,299.87,6.81,D,0
48.17167,81.44599,356.8,0.42,0.45,2021-09-17,646,N,VIIRS,n,2,298.74,37.03,D,0
48.17583,81.57849,332.53,0.42,0.45,2021-09-17,646,N,VIIRS,n,2,265.68,3.19,D,0
48.1772,81.39274,337.39,0.43,0.46,2021-09-17,646,N,VIIRS,n,2,290.8,4.35,D,0
48.17726,81.39038,339.17,0.43,0.46,2021-09-17,646,N,VIIRS,n,2,291.16,5.03,D,0
48.18523,81.386,333.33,0.43,0.46,2021-09-17,646,N,VIIRS,n,2,284.52,4.35,D,0
48.20116,81.39609,331.12,0.42,0.46,2021-09-17,646,N,VIIRS,n,2,284.04,4.79,D,0
48.20516,81.39399,338.13,0.42,0.46,2021-09-17,646,N,VIIRS,n,2,282.04,4.79,D,0
48.21045,81.39725,336.69,0.42,0.46,2021-09-17,646,N,VIIRS,n,2,282.07,4.94,D,0
48.51866,74.27554,348.07,0.41,0.61,2021-09-17,646,N,VIIRS,n,2,296.64,6.68,D,0
48.52026,74.28073,348,0.41,0.61,2021-09-17,646,N,VIIRS,n,2,297.87,6.68,D,0
48.52172,74.27061,335.95,0.41,0.61,2021-09-17,646,N,VIIRS,n,2,296.13,4.32,D,0
48.52185,74.28592,349.75,0.41,0.61,2021-09-17,646,N,VIIRS,n,2,298.62,6.89,D,0
48.52332,74.27571,348.13,0.41,0.61,2021-09-17,646,N,VIIRS,n,2,297.31,9.87,D,0
48.52342,74.29102,339.79,0.41,0.61,2021-09-17,646,N,VIIRS,n,2,298.01,6.89,D,0
48.52657,74.30126,340.93,0.41,0.61,2021-09-17,646,N,VIIRS,n,2,297.3,11.44,D,0
48.52973,74.29617,335.13,0.41,0.61,2021-09-17,646,N,VIIRS,n,2,298.04,5.65,D,0
48.53135,74.30135,367,0.41,0.61,2021-09-17,646,N,VIIRS,h,2,299.9,5.65,D,0
48.5369,74.27898,330.14,0.41,0.61,2021-09-17,646,N,VIIRS,n,2,296.98,4.18,D,0
48.54013,74.28934,331.73,0.41,0.61,2021-09-17,646,N,VIIRS,n,2,297.87,4.07,D,0
48.54141,74.31349,333.41,0.41,0.61,2021-09-17,646,N,VIIRS,n,2,297.06,6.33,D,0
48.54149,74.32954,344.75,0.41,0.61,2021-09-17,646,N,VIIRS,n,2,298.06,5.55,D,0
48.54174,74.29449,347.36,0.41,0.61,2021-09-17,646,N,VIIRS,n,2,299.29,4.07,D,0
48.54216,74.29095,331.8,0.41,0.61,2021-09-17,646,N,VIIRS,n,2,297.6,6.79,D,0
48.54309,74.31886,351.76,0.41,0.61,2021-09-17,646,N,VIIRS,n,2,298.64,6.33,D,0
48.54336,74.31526,340.52,0.41,0.61,2021-09-17,646,N,VIIRS,n,2,297.83,12.58,D,0
48.54337,74.29969,329,0.41,0.61,2021-09-17,646,N,VIIRS,n,2,297.92,8.62,D,0
48.54375,74.29613,350.46,0.41,0.61,2021-09-17,646,N,VIIRS,n,2,299.46,5.08,D,0
48.54476,74.32422,350.61,0.41,0.61,2021-09-17,646,N,VIIRS,n,2,304.22,22.95,D,0
48.54501,74.32066,367,0.41,0.61,2021-09-17,646,N,VIIRS,h,2,298.51,17.11,D,0
48.54534,74.30135,330.3,0.41,0.61,2021-09-17,646,N,VIIRS,n,2,296.95,5.08,D,0
48.54639,74.32943,367,0.41,0.61,2021-09-17,646,N,VIIRS,h,2,296.84,22.95,D,0
48.54664,74.32596,355.75,0.41,0.61,2021-09-17,646,N,VIIRS,n,2,305.66,17.11,D,0
48.54823,74.31527,348.99,0.41,0.61,2021-09-17,646,N,VIIRS,n,2,297.96,11.26,D,0
48.54825,74.33124,341.19,0.41,0.61,2021-09-17,646,N,VIIRS,n,2,290.06,21.74,D,0
48.54988,74.32058,346.12,0.41,0.61,2021-09-17,646,N,VIIRS,n,2,295.78,9.98,D,0
48.55014,74.31699,367,0.41,0.61,2021-09-17,646,N,VIIRS,h,2,298.95,17.11,D,0
48.60199,78.83134,332.95,0.53,0.5,2021-09-17,646,N,VIIRS,n,2,301.84,2.76,D,0
48.66951,78.8396,334.06,0.53,0.5,2021-09-17,646,N,VIIRS,n,2,300.82,5.43,D,0
48.67299,78.83666,367,0.53,0.5,2021-09-17,646,N,VIIRS,h,2,307.19,11.17,D,0
48.67389,78.83713,355.13,0.53,0.5,2021-09-17,646,N,VIIRS,n,2,306.18,14.43,D,0
48.67478,78.84346,356.32,0.53,0.5,2021-09-17,646,N,VIIRS,n,2,305.02,11.17,D,0
48.67566,78.84397,355.51,0.53,0.5,2021-09-17,646,N,VIIRS,n,2,306.35,11.48,D,0
48.67915,78.84099,341.97,0.53,0.5,2021-09-17,646,N,VIIRS,n,2,305.41,6.45,D,0
48.68003,78.84148,333.55,0.53,0.5,2021-09-17,646,N,VIIRS,n,2,304.18,11.48,D,0
48.68097,78.84789,356.55,0.53,0.5,2021-09-17,646,N,VIIRS,n,2,307.78,16.01,D,0
48.68181,78.8484,367,0.53,0.5,2021-09-17,646,N,VIIRS,h,2,307.09,11.48,D,0
48.68715,78.85225,340.94,0.53,0.5,2021-09-17,646,N,VIIRS,n,2,301.71,16.01,D,0
48.68795,78.85278,335,0.53,0.5,2021-09-17,646,N,VIIRS,n,2,301.27,23.13,D,0
48.68894,78.85908,351.05,0.52,0.5,2021-09-17,646,N,VIIRS,n,2,304.94,11.59,D,0
48.6897,78.85961,367,0.53,0.5,2021-09-17,646,N,VIIRS,h,2,307.53,23.13,D,0
48.69144,78.86639,336.39,0.52,0.5,2021-09-17,646,N,VIIRS,n,2,302.88,78.28,D,0
48.69328,78.85649,335.35,0.52,0.5,2021-09-17,646,N,VIIRS,n,2,309.15,103.08,D,0
48.69404,78.857,334.53,0.53,0.5,2021-09-17,646,N,VIIRS,n,2,308.86,23.13,D,0
48.69503,78.86316,367,0.52,0.5,2021-09-17,646,N,VIIRS,h,2,337.56,103.08,D,0
48.69576,78.86369,367,0.52,0.5,2021-09-17,646,N,VIIRS,h,2,336.13,78.28,D,0
48.69679,78.86987,343.53,0.52,0.5,2021-09-17,646,N,VIIRS,n,2,310.87,123.15,D,0
48.69748,78.87041,344.44,0.52,0.5,2021-09-17,646,N,VIIRS,n,2,306.62,78.28,D,0
48.70021,78.8446,338.69,0.53,0.5,2021-09-17,646,N,VIIRS,n,2,300.99,4.52,D,0
48.70197,78.8513,336.96,0.52,0.5,2021-09-17,646,N,VIIRS,n,2,301.98,9.58,D,0
48.70288,78.87394,346,0.52,0.5,2021-09-17,646,N,VIIRS,n,2,310.12,123.15,D,0
48.70545,78.86459,342.96,0.52,0.5,2021-09-17,646,N,VIIRS,n,2,299.88,5.46,D,0
48.70721,78.87134,330.97,0.52,0.5,2021-09-17,646,N,VIIRS,n,2,298.19,5.46,D,0
48.70898,78.87808,367,0.52,0.5,2021-09-17,646,N,VIIRS,h,2,302.27,33.17,D,0
48.70979,78.862,343.24,0.52,0.5,2021-09-17,646,N,VIIRS,n,2,301.85,5.46,D,0
48.71155,78.86874,331.87,0.52,0.5,2021-09-17,646,N,VIIRS,n,2,300.76,5.46,D,0
48.71331,78.8755,367,0.52,0.5,2021-09-17,646,N,VIIRS,h,2,306.74,33.17,D,0
49.81771,75.97643,348.23,0.32,0.55,2021-09-17,646,N,VIIRS,n,2,299.57,7.22,D,0
49.8189,75.98061,367,0.32,0.54,2021-09-17,646,N,VIIRS,h,2,305.18,18.29,D,0
49.82008,75.98476,353.9,0.32,0.54,2021-09-17,646,N,VIIRS,n,2,311.87,18.29,D,0
49.82127,75.98895,367,0.32,0.54,2021-09-17,646,N,VIIRS,h,2,318.46,32.02,D,0
49.82244,75.99311,367,0.32,0.54,2021-09-17,646,N,VIIRS,h,2,303.35,32.02,D,0
49.82359,75.97754,333.82,0.32,0.54,2021-09-17,646,N,VIIRS,n,2,297.77,11.03,D,0
49.82363,75.99728,367,0.32,0.54,2021-09-17,646,N,VIIRS,h,2,312.57,16.77,D,0
49.82477,75.9817,355.56,0.32,0.54,2021-09-17,646,N,VIIRS,n,2,297.86,11.03,D,0
49.82482,76.00149,332.57,0.32,0.54,2021-09-17,646,N,VIIRS,n,2,299.57,16.77,D,0
49.82595,75.98587,367,0.32,0.54,2021-09-17,646,N,VIIRS,h,2,298.87,16.84,D,0
49.82671,76.02772,353.07,0.64,0.54,2021-09-17,646,N,VIIRS,n,2,305.33,14.3,D,0
49.82713,75.99004,340.61,0.32,0.54,2021-09-17,646,N,VIIRS,n,2,297.23,16.84,D,0
49.82832,75.99421,347.95,0.32,0.54,2021-09-17,646,N,VIIRS,n,2,297.87,7.52,D,0
49.82898,76.01614,333.1,0.64,0.54,2021-09-17,646,N,VIIRS,n,2,303.13,14.3,D,0
49.82909,76.03609,353.26,0.63,0.54,2021-09-17,646,N,VIIRS,n,2,305.7,96.28,D,0
49.83134,76.02449,349.57,0.64,0.54,2021-09-17,646,N,VIIRS,n,2,303.99,14.3,D,0
49.83147,76.0445,346,0.63,0.54,2021-09-17,646,N,VIIRS,n,2,312.55,96.28,D,0
49.83367,76.01311,330.94,0.64,0.54,2021-09-17,646,N,VIIRS,n,2,299.01,12.9,D,0
49.83372,76.03287,334.23,0.63,0.54,2021-09-17,646,N,VIIRS,n,2,308.44,96.28,D,0
49.83603,76.02145,367,0.64,0.54,2021-09-17,646,N,VIIRS,h,2,303.16,12.9,D,0
49.83608,76.0412,367,0.63,0.54,2021-09-17,646,N,VIIRS,h,2,335.49,96.28,D,0
49.83839,76.02979,351.05,0.63,0.54,2021-09-17,646,N,VIIRS,n,2,308.03,242.29,D,0
49.83845,76.04959,321.78,0.63,0.54,2021-09-17,646,N,VIIRS,l,2,324.47,169.57,D,0
49.84085,76.05806,345.66,0.63,0.54,2021-09-17,646,N,VIIRS,n,2,319.56,169.57,D,0
49.8431,76.04641,357.32,0.63,0.54,2021-09-17,646,N,VIIRS,l,2,295.6,77.15,D,0
49.84548,76.05486,343.3,0.63,0.54,2021-09-17,646,N,VIIRS,n,2,294.37,77.15,D,0
50.35333,83.4985,325.61,0.48,0.4,2021-09-17,646,N,VIIRS,n,2,300.18,2,D,2
50.39729,80.1852,334.42,0.42,0.45,2021-09-17,646,N,VIIRS,n,2,305.02,3.25,D,2
50.69544,78.56986,333.82,0.47,0.48,2021-09-17,646,N,VIIRS,l,2,306.63,3.48,D,0
50.69635,78.55457,342.88,0.47,0.48,2021-09-17,646,N,VIIRS,n,2,306.42,8.49,D,0
50.69706,78.57619,332.83,0.47,0.48,2021-09-17,646,N,VIIRS,n,2,305.45,3.48,D,0
50.69797,78.56091,349.16,0.47,0.48,2021-09-17,646,N,VIIRS,n,2,307.46,8.49,D,0
50.70281,78.57992,339.65,0.47,0.48,2021-09-17,646,N,VIIRS,n,2,305.28,4.8,D,0
50.70372,78.56464,342.56,0.47,0.48,2021-09-17,646,N,VIIRS,n,2,306.07,9.71,D,0
50.70443,78.58626,339.92,0.47,0.48,2021-09-17,646,N,VIIRS,n,2,304.26,4.8,D,0
50.31369,75.68154,367,0.63,0.54,2021-09-17,647,N,VIIRS,h,2,294.04,45.34,D,0
50.3161,75.69003,352.63,0.63,0.54,2021-09-17,647,N,VIIRS,n,2,294.27,45.34,D,0
50.31847,75.69834,342.91,0.63,0.54,2021-09-17,647,N,VIIRS,n,2,292.04,44.9,D,0
50.72037,75.87004,339.63,0.6,0.53,2021-09-17,647,N,VIIRS,n,2,265.31,27.45,D,0
50.72263,75.87811,357.26,0.6,0.53,2021-09-17,647,N,VIIRS,l,2,269.41,19.21,D,0
50.72488,75.88618,343.36,0.6,0.53,2021-09-17,647,N,VIIRS,n,2,266.21,19.21,D,0
50.72721,75.87505,356.56,0.6,0.53,2021-09-17,647,N,VIIRS,l,2,264.76,19.21,D,0
50.72945,75.88307,356.56,0.6,0.53,2021-09-17,647,N,VIIRS,l,2,266.43,19.21,D,0
50.73166,75.89094,356.56,0.6,0.53,2021-09-17,647,N,VIIRS,l,2,270.09,41.98,D,0
51.45639,79.46217,336.58,0.42,0.45,2021-09-17,647,N,VIIRS,n,2,301.07,1.96,D,0
52.693,82.89792,340.01,0.45,0.39,2021-09-17,647,N,VIIRS,n,2,291.71,7.69,D,0
52.69432,82.9044,345.5,0.45,0.39,2021-09-17,647,N,VIIRS,n,2,290.71,7.69,D,0
52.70729,82.91174,335.42,0.45,0.39,2021-09-17,647,N,VIIRS,n,2,287.51,6.12,D,0
30.28732,76.40145,337.91,0.39,0.44,2021-09-17,821,N,VIIRS,n,2,292.97,2.91,D,0
30.40586,73.59977,334.98,0.44,0.38,2021-09-17,821,N,VIIRS,n,2,300.8,3.77,D,0
30.42576,73.58708,340.52,0.44,0.38,2021-09-17,821,N,VIIRS,n,2,299.68,5.45,D,0
30.42613,73.58929,335.31,0.44,0.38,2021-09-17,821,N,VIIRS,n,2,301.11,4.1,D,0
30.42928,73.58649,345.96,0.44,0.38,2021-09-17,821,N,VIIRS,n,2,300.4,5.45,D,0
30.42964,73.58868,335.76,0.44,0.38,2021-09-17,821,N,VIIRS,n,2,300.21,4.1,D,0
30.49408,73.55903,334.4,0.43,0.38,2021-09-17,821,N,VIIRS,n,2,300.03,2.03,D,0
30.64932,73.87244,347.01,0.45,0.39,2021-09-17,822,N,VIIRS,n,2,299.39,8.43,D,0
30.69744,73.66208,336.4,0.44,0.38,2021-09-17,822,N,VIIRS,n,2,300.98,2.51,D,0
40.81307,83.88784,347.96,0.63,0.72,2021-09-17,824,N,VIIRS,n,2,307.35,5.1,D,0
41.502,82.25859,347.18,0.52,0.67,2021-09-17,824,N,VIIRS,n,2,307.74,4.45,D,0
41.50214,82.26508,337.14,0.52,0.67,2021-09-17,824,N,VIIRS,l,2,307.32,4.45,D,0
42.91364,74.87314,337.78,0.45,0.47,2021-09-17,825,N,VIIRS,n,2,309.85,3.75,D,2
43.31363,74.13039,343.4,0.42,0.45,2021-09-17,825,N,VIIRS,n,2,309.95,3.42,D,0
45.67961,79.09269,367,0.39,0.59,2021-09-17,826,N,VIIRS,h,2,310.48,5.58,D,0
45.67979,79.09776,340.24,0.39,0.59,2021-09-17,826,N,VIIRS,n,2,309.46,5.58,D,0
45.79625,74.3375,339.35,0.46,0.47,2021-09-17,826,N,VIIRS,n,2,304.63,4.81,D,0
45.79637,74.33984,335.77,0.46,0.47,2021-09-17,826,N,VIIRS,n,2,304.04,3.55,D,0
45.94589,79.62505,335.37,0.41,0.61,2021-09-17,826,N,VIIRS,n,2,308.46,2.48,D,0
45.95156,79.62473,347.98,0.41,0.61,2021-09-17,826,N,VIIRS,n,2,306.74,2.48,D,0
46.81829,74.93508,340.86,0.5,0.49,2021-09-17,826,N,VIIRS,n,2,301.79,11.03,D,2
47.88615,81.5357,342.97,0.52,0.67,2021-09-17,826,N,VIIRS,n,2,298.45,6.63,D,0
47.88972,81.5345,367,0.52,0.67,2021-09-17,826,N,VIIRS,h,2,298.59,16.14,D,0
47.97569,76.15971,338.37,0.58,0.52,2021-09-17,826,N,VIIRS,n,2,278.71,5.87,D,0
47.98056,76.15902,346.05,0.58,0.52,2021-09-17,826,N,VIIRS,n,2,295.52,21.5,D,0
47.98099,76.16692,367,0.58,0.52,2021-09-17,826,N,VIIRS,h,2,298.43,15.24,D,0
47.98144,76.17493,352.71,0.58,0.52,2021-09-17,826,N,VIIRS,n,2,295.73,15.24,D,0
47.98632,76.17433,347.39,0.58,0.52,2021-09-17,826,N,VIIRS,n,2,300.62,15.24,D,0
47.98676,76.18243,367,0.58,0.52,2021-09-17,826,N,VIIRS,h,2,307.08,22.86,D,0
47.98722,76.19054,351.51,0.59,0.52,2021-09-17,826,N,VIIRS,n,2,308.02,22.86,D,0
47.98942,76.14194,340.74,0.58,0.52,2021-09-17,826,N,VIIRS,n,2,296.43,10.07,D,0
47.99165,76.18188,345.37,0.58,0.52,2021-09-17,826,N,VIIRS,n,2,303.36,59.31,D,0
47.9921,76.18999,367,0.59,0.52,2021-09-17,826,N,VIIRS,l,2,327.76,59.31,D,0
47.99475,76.14936,339.63,0.58,0.52,2021-09-17,826,N,VIIRS,n,2,294.75,7.54,D,0
47.99699,76.18946,336.79,0.59,0.52,2021-09-17,826,N,VIIRS,n,2,303.41,59.31,D,0
47.99745,76.19762,367,0.59,0.53,2021-09-17,826,N,VIIRS,h,2,309.1,51.77,D,0
47.9979,76.20581,345.36,0.59,0.53,2021-09-17,826,N,VIIRS,n,2,307.16,51.77,D,0
48.00233,76.19707,335.23,0.59,0.53,2021-09-17,826,N,VIIRS,n,2,301.4,41.75,D,0
48.00279,76.20523,319.48,0.59,0.53,2021-09-17,826,N,VIIRS,l,2,322.63,41.75,D,0
48.00325,76.21339,343.44,0.59,0.53,2021-09-17,826,N,VIIRS,n,2,301.96,40.51,D,0
48.00769,76.2047,344.18,0.59,0.53,2021-09-17,826,N,VIIRS,n,2,299.23,41.75,D,0
48.00814,76.21283,342.24,0.59,0.53,2021-09-17,826,N,VIIRS,n,2,300.61,40.51,D,0
48.01303,76.21227,339.92,0.59,0.53,2021-09-17,826,N,VIIRS,n,2,304.51,27.5,D,0
48.01348,76.22021,341.96,0.59,0.53,2021-09-17,826,N,VIIRS,n,2,303.48,27.5,D,0
48.01473,76.21355,353.1,0.59,0.53,2021-09-17,826,N,VIIRS,n,2,302.21,40.57,D,0
48.01514,76.22149,335.05,0.59,0.53,2021-09-17,826,N,VIIRS,n,2,299.08,19.05,D,0
48.01793,76.21169,367,0.59,0.53,2021-09-17,826,N,VIIRS,h,2,296.35,27.5,D,0
48.01837,76.21963,355.14,0.59,0.53,2021-09-17,826,N,VIIRS,n,2,305,27.5,D,0
48.01962,76.21296,367,0.59,0.53,2021-09-17,826,N,VIIRS,h,2,296.72,32.45,D,0
48.02003,76.22088,356.65,0.59,0.53,2021-09-17,826,N,VIIRS,n,2,303.09,25.14,D,0
48.02326,76.21905,346.65,0.59,0.53,2021-09-17,826,N,VIIRS,n,2,295.17,9.91,D,0
48.02367,76.1961,342.6,0.59,0.53,2021-09-17,826,N,VIIRS,n,2,280.7,13.98,D,0
48.02678,76.19434,348.49,0.59,0.53,2021-09-17,826,N,VIIRS,n,2,279.44,33.17,D,0
48.02725,76.2025,352.93,0.59,0.53,2021-09-17,826,N,VIIRS,n,2,287.76,33.17,D,0
48.02771,76.21053,333.77,0.59,0.53,2021-09-17,826,N,VIIRS,n,2,286.07,9.91,D,0
48.02857,76.19562,346.34,0.59,0.53,2021-09-17,826,N,VIIRS,n,2,274.93,12.21,D,0
48.02899,76.20375,357.07,0.59,0.53,2021-09-17,826,N,VIIRS,n,2,281.19,34.47,D,0
48.03214,76.20196,345.8,0.59,0.53,2021-09-17,826,N,VIIRS,n,2,271.24,5.9,D,0
48.14661,81.52165,331.18,0.52,0.67,2021-09-17,826,N,VIIRS,n,2,291.05,7.24,D,0
48.14673,81.53562,354.09,0.52,0.67,2021-09-17,826,N,VIIRS,n,2,290.65,17.3,D,0
48.14678,81.54229,340.66,0.52,0.67,2021-09-17,826,N,VIIRS,n,2,278.79,8.42,D,0
48.14684,81.549,341.22,0.52,0.67,2021-09-17,826,N,VIIRS,n,2,267.99,8.42,D,0
48.15266,81.50015,349.59,0.52,0.67,2021-09-17,826,N,VIIRS,n,2,294.11,10.3,D,0
48.15863,81.47211,367,0.52,0.66,2021-09-17,826,N,VIIRS,h,2,300.25,12.44,D,0
48.16445,81.43021,354.4,0.51,0.66,2021-09-17,826,N,VIIRS,n,2,303.77,13,D,0
48.16452,81.4371,367,0.51,0.66,2021-09-17,826,N,VIIRS,h,2,303.82,13,D,0
48.16459,81.44395,367,0.51,0.66,2021-09-17,826,N,VIIRS,h,2,309.96,37.91,D,0
48.16828,81.43849,367,0.51,0.66,2021-09-17,826,N,VIIRS,h,2,304.3,19.19,D,0
48.16832,81.44515,367,0.51,0.66,2021-09-17,826,N,VIIRS,h,2,308.11,19.19,D,0
48.17421,81.39017,341.13,0.51,0.66,2021-09-17,826,N,VIIRS,n,2,293.56,10.92,D,0
48.17644,81.3886,338.31,0.51,0.66,2021-09-17,826,N,VIIRS,n,2,291.71,5.27,D,0
48.21238,81.51094,331.67,0.52,0.67,2021-09-17,826,N,VIIRS,n,2,286.21,4.73,D,0
48.21867,81.51749,330.75,0.52,0.67,2021-09-17,826,N,VIIRS,n,2,282.19,6.97,D,0
48.47236,74.33138,338.14,0.49,0.48,2021-09-17,826,N,VIIRS,n,2,282.96,6.86,D,0
48.51799,74.27064,342.21,0.48,0.48,2021-09-17,826,N,VIIRS,n,2,291.92,6.8,D,0
48.51847,74.27739,341.75,0.48,0.48,2021-09-17,826,N,VIIRS,n,2,293.92,6.8,D,0
48.51942,74.29079,337.98,0.49,0.48,2021-09-17,826,N,VIIRS,n,2,283.32,7.98,D,0
48.5239,74.29008,335.43,0.49,0.48,2021-09-17,826,N,VIIRS,n,2,286.23,5.55,D,0
48.54784,74.29102,332.9,0.49,0.48,2021-09-17,826,N,VIIRS,n,2,274.72,3.47,D,0
48.60142,74.41175,346.57,0.49,0.49,2021-09-17,826,N,VIIRS,n,2,295.33,4.87,D,0
48.60456,74.39096,331.02,0.49,0.49,2021-09-17,826,N,VIIRS,n,2,290.53,8.14,D,0
48.60595,74.41126,334.14,0.49,0.49,2021-09-17,826,N,VIIRS,n,2,297.08,4.87,D,0
48.60641,74.41814,339.52,0.49,0.49,2021-09-17,826,N,VIIRS,n,2,295.74,4.87,D,0
48.60687,74.42483,343.77,0.49,0.49,2021-09-17,826,N,VIIRS,n,2,295.21,6.92,D,0
48.61,74.40393,335.09,0.49,0.49,2021-09-17,826,N,VIIRS,n,2,298.55,6.96,D,0
48.61047,74.41076,351.11,0.49,0.49,2021-09-17,826,N,VIIRS,n,2,309.05,21.36,D,0
48.61094,74.4176,333.42,0.49,0.49,2021-09-17,826,N,VIIRS,n,2,295.48,21.36,D,0
48.6114,74.42436,367,0.49,0.49,2021-09-17,826,N,VIIRS,l,2,325.69,51.86,D,0
48.61186,74.43112,341.27,0.49,0.49,2021-09-17,826,N,VIIRS,n,2,293.07,51.86,D,0
48.61406,74.39657,340.95,0.49,0.49,2021-09-17,826,N,VIIRS,n,2,297.54,6.96,D,0
48.61453,74.40337,337.23,0.49,0.49,2021-09-17,826,N,VIIRS,n,2,300.36,6.96,D,0
48.61499,74.41017,353.49,0.49,0.49,2021-09-17,826,N,VIIRS,n,2,301.61,21.36,D,0
48.61546,74.417,353.3,0.49,0.49,2021-09-17,826,N,VIIRS,n,2,298.87,21.36,D,0
48.61593,74.42383,340.17,0.49,0.49,2021-09-17,826,N,VIIRS,n,2,301.61,51.86,D,0
48.61639,74.43061,345.49,0.49,0.49,2021-09-17,826,N,VIIRS,n,2,295.41,51.86,D,0
48.61904,74.40273,330.03,0.49,0.49,2021-09-17,826,N,VIIRS,n,2,294.66,6.11,D,0
48.61998,74.41637,367,0.49,0.49,2021-09-17,826,N,VIIRS,l,2,355.51,181.79,D,0
48.62045,74.42324,346.81,0.49,0.49,2021-09-17,826,N,VIIRS,n,2,295.96,74.31,D,0
48.6245,74.41575,347.01,0.49,0.49,2021-09-17,826,N,VIIRS,n,2,292.72,181.79,D,0
48.62497,74.42262,342.69,0.49,0.49,2021-09-17,826,N,VIIRS,n,2,291.23,74.31,D,0
48.6587,78.8484,336.88,0.39,0.6,2021-09-17,826,N,VIIRS,n,2,302.1,4.41,D,0
48.66248,78.83753,342.62,0.39,0.6,2021-09-17,826,N,VIIRS,n,2,302.04,4.55,D,0
48.66263,78.84301,338.94,0.39,0.6,2021-09-17,826,N,VIIRS,n,2,303.25,5.1,D,0
48.66278,78.84838,334.14,0.39,0.6,2021-09-17,826,N,VIIRS,n,2,302.36,5.1,D,0
48.66292,78.85362,348.49,0.39,0.6,2021-09-17,826,N,VIIRS,n,2,304.3,5.03,D,0
48.66307,78.85885,342.38,0.39,0.6,2021-09-17,826,N,VIIRS,n,2,302.13,5.03,D,0
48.66391,78.83703,338.24,0.39,0.59,2021-09-17,826,N,VIIRS,n,2,300.35,6.38,D,0
48.66409,78.84251,355.74,0.39,0.6,2021-09-17,826,N,VIIRS,n,2,305.44,6.38,D,0
48.66443,78.85316,341.55,0.39,0.6,2021-09-17,826,N,VIIRS,n,2,303.44,9.33,D,0
48.6646,78.85834,348.84,0.39,0.6,2021-09-17,826,N,VIIRS,n,2,304.39,6.51,D,0
48.66477,78.86354,342.54,0.39,0.6,2021-09-17,826,N,VIIRS,n,2,301.18,6.51,D,0
48.66788,78.83134,337.39,0.39,0.59,2021-09-17,826,N,VIIRS,n,2,301.99,6.28,D,0
48.66803,78.83689,336.65,0.39,0.6,2021-09-17,826,N,VIIRS,n,2,300.58,6.28,D,0
48.66819,78.84245,356.34,0.39,0.6,2021-09-17,826,N,VIIRS,n,2,305.38,9.69,D,0
48.66833,78.84791,342.43,0.39,0.6,2021-09-17,826,N,VIIRS,n,2,304.45,9.69,D,0
48.66848,78.85318,334.31,0.39,0.6,2021-09-17,826,N,VIIRS,n,2,302.95,8.69,D,0
48.66862,78.85835,339.75,0.39,0.6,2021-09-17,826,N,VIIRS,n,2,302.67,8.69,D,0
48.66877,78.86351,353.33,0.39,0.6,2021-09-17,826,N,VIIRS,n,2,303.48,23.83,D,0
48.66891,78.86873,349.38,0.39,0.6,2021-09-17,826,N,VIIRS,n,2,301.65,23.83,D,0
48.66928,78.83089,336,0.39,0.59,2021-09-17,826,N,VIIRS,n,2,302.05,5.06,D,0
48.66946,78.8364,332.19,0.39,0.59,2021-09-17,826,N,VIIRS,n,2,301.26,6.38,D,0
48.66964,78.84196,367,0.39,0.6,2021-09-17,826,N,VIIRS,h,2,308.78,6.38,D,0
48.66982,78.84743,350.33,0.39,0.6,2021-09-17,826,N,VIIRS,n,2,305.51,9.33,D,0
48.66999,78.85272,347.87,0.39,0.6,2021-09-17,826,N,VIIRS,n,2,303.85,9.33,D,0
48.67016,78.85789,337.96,0.39,0.6,2021-09-17,826,N,VIIRS,n,2,302.09,6.51,D,0
48.67033,78.86303,349.5,0.39,0.6,2021-09-17,826,N,VIIRS,n,2,302.23,6.51,D,0
48.67049,78.86819,367,0.39,0.6,2021-09-17,826,N,VIIRS,h,2,306.56,19.11,D,0
48.67374,78.8419,367,0.39,0.6,2021-09-17,826,N,VIIRS,h,2,309.31,9.69,D,0
48.6739,78.84735,343.07,0.39,0.6,2021-09-17,826,N,VIIRS,n,2,304.44,9.69,D,0
48.67405,78.85268,367,0.39,0.6,2021-09-17,826,N,VIIRS,h,2,308.29,8.69,D,0
48.67419,78.85791,367,0.39,0.6,2021-09-17,826,N,VIIRS,h,2,305.53,8.69,D,0
48.67433,78.86308,355.94,0.39,0.6,2021-09-17,826,N,VIIRS,n,2,308.55,23.83,D,0
48.67448,78.86828,346.53,0.39,0.6,2021-09-17,826,N,VIIRS,n,2,314.74,23.83,D,0
48.67462,78.87355,367,0.39,0.6,2021-09-17,826,N,VIIRS,h,2,312.15,50.95,D,0
48.67976,78.85748,367,0.39,0.6,2021-09-17,826,N,VIIRS,h,2,306.24,18.48,D,0
48.6799,78.86275,353.96,0.39,0.6,2021-09-17,826,N,VIIRS,n,2,310.27,45.55,D,0
48.68019,78.87315,367,0.39,0.6,2021-09-17,826,N,VIIRS,h,2,332.41,68.28,D,0
48.68035,78.87853,367,0.39,0.6,2021-09-17,826,N,VIIRS,h,2,305.91,68.28,D,0
48.68547,78.86243,341.43,0.39,0.6,2021-09-17,826,N,VIIRS,n,2,301.81,45.55,D,0
48.68562,78.86777,347.2,0.39,0.6,2021-09-17,826,N,VIIRS,n,2,309.69,45.55,D,0
48.68578,78.87312,367,0.39,0.6,2021-09-17,826,N,VIIRS,h,2,301.04,68.28,D,0
48.6912,78.86769,348.36,0.39,0.6,2021-09-17,826,N,VIIRS,n,2,299.2,14.16,D,0
48.69135,78.87316,367,0.39,0.6,2021-09-17,826,N,VIIRS,h,2,308.44,21.83,D,0
48.69709,78.87867,337.34,0.39,0.6,2021-09-17,826,N,VIIRS,n,2,298.29,21.83,D,0
48.69725,78.88417,367,0.39,0.6,2021-09-17,826,N,VIIRS,h,2,302.32,10.77,D,0
48.69741,78.88969,354.36,0.39,0.6,2021-09-17,826,N,VIIRS,n,2,298.1,10.77,D,0
48.70299,78.88952,367,0.39,0.6,2021-09-17,826,N,VIIRS,h,2,297.76,8.22,D,0
48.70315,78.89501,349.65,0.4,0.6,2021-09-17,826,N,VIIRS,n,2,298.25,9.15,D,0
48.7033,78.90053,367,0.4,0.6,2021-09-17,826,N,VIIRS,h,2,300.26,9.15,D,0
48.70857,78.88928,349.78,0.39,0.6,2021-09-17,826,N,VIIRS,n,2,300.16,8.22,D,0
48.70873,78.89477,367,0.4,0.6,2021-09-17,826,N,VIIRS,h,2,300.06,9.15,D,0
48.70889,78.90025,351.32,0.4,0.6,2021-09-17,826,N,VIIRS,n,2,299.19,9.15,D,0
48.70904,78.90575,367,0.4,0.6,2021-09-17,826,N,VIIRS,h,2,303.17,16.41,D,0
48.70921,78.91126,367,0.4,0.6,2021-09-17,826,N,VIIRS,h,2,297.89,16.41,D,0
48.71463,78.90544,367,0.4,0.6,2021-09-17,826,N,VIIRS,h,2,305.13,12.58,D,0
48.71479,78.91093,367,0.4,0.6,2021-09-17,826,N,VIIRS,h,2,302.84,12.58,D,0
48.71494,78.91637,352.03,0.4,0.6,2021-09-17,826,N,VIIRS,n,2,298.97,8.9,D,0
48.72036,78.91048,330.16,0.4,0.6,2021-09-17,826,N,VIIRS,n,2,297.14,12.58,D,0
48.72052,78.91589,336.81,0.4,0.6,2021-09-17,826,N,VIIRS,n,2,295.69,8.9,D,0
48.7253,78.88824,367,0.39,0.6,2021-09-17,826,N,VIIRS,h,2,303.04,7.75,D,0
48.72578,78.90468,339.94,0.4,0.6,2021-09-17,826,N,VIIRS,n,2,301.69,7.43,D,0
48.73103,78.89333,337.89,0.4,0.6,2021-09-17,826,N,VIIRS,n,2,301.5,10.5,D,0
48.73217,78.93146,367,0.4,0.6,2021-09-17,826,N,VIIRS,h,2,301.38,10.97,D,0
48.73233,78.93694,343,0.4,0.6,2021-09-17,826,N,VIIRS,n,2,295.32,8.05,D,0
48.73677,78.89838,345.49,0.4,0.6,2021-09-17,826,N,VIIRS,n,2,302.29,9.88,D,0
48.73694,78.90383,347.13,0.4,0.6,2021-09-17,826,N,VIIRS,n,2,303.18,10,D,0
48.73776,78.93115,356.61,0.4,0.6,2021-09-17,826,N,VIIRS,n,2,310.09,22.11,D,0
48.73792,78.93661,367,0.4,0.6,2021-09-17,826,N,VIIRS,h,2,306.02,19.05,D,0
48.73809,78.94205,367,0.4,0.6,2021-09-17,826,N,VIIRS,h,2,297.35,19.05,D,0
48.74252,78.90342,367,0.4,0.6,2021-09-17,826,N,VIIRS,h,2,302.14,10,D,0
48.74268,78.90891,367,0.4,0.6,2021-09-17,826,N,VIIRS,h,2,303.11,10,D,0
48.74876,78.925,337.33,0.4,0.6,2021-09-17,826,N,VIIRS,n,2,301.1,5.94,D,0
48.74894,78.93055,330.78,0.4,0.6,2021-09-17,826,N,VIIRS,n,2,298.84,5.94,D,0
48.74927,78.94151,367,0.4,0.6,2021-09-17,826,N,VIIRS,h,2,299.27,15.45,D,0
48.75179,78.92135,331.28,0.4,0.6,2021-09-17,826,N,VIIRS,n,2,299.11,4.29,D,0
48.75193,78.9269,353.3,0.4,0.6,2021-09-17,826,N,VIIRS,n,2,301.01,12.07,D,0
48.75222,78.93802,352.7,0.4,0.6,2021-09-17,826,N,VIIRS,n,2,296.57,6.96,D,0
48.75236,78.9435,337.18,0.4,0.6,2021-09-17,826,N,VIIRS,n,2,294.85,6.96,D,0
49.54538,81.20272,367,0.51,0.66,2021-09-17,827,N,VIIRS,h,2,307.62,10.05,D,0
49.54545,81.20995,343.95,0.51,0.66,2021-09-17,827,N,VIIRS,n,2,303.97,10.05,D,0
49.54976,81.20171,356.02,0.51,0.66,2021-09-17,827,N,VIIRS,n,2,309.35,26.1,D,0
49.5498,81.20893,354.74,0.51,0.66,2021-09-17,827,N,VIIRS,n,2,305.02,12.39,D,0
49.54983,81.21612,335.87,0.51,0.66,2021-09-17,827,N,VIIRS,n,2,303.78,12.39,D,0
49.55157,81.20259,367,0.51,0.66,2021-09-17,827,N,VIIRS,h,2,305.1,10.05,D,0
49.55164,81.20975,343.89,0.51,0.66,2021-09-17,827,N,VIIRS,n,2,304.27,10.05,D,0
49.55178,81.22404,344.75,0.51,0.66,2021-09-17,827,N,VIIRS,n,2,303.97,13.34,D,0
49.55185,81.23119,340.15,0.51,0.66,2021-09-17,827,N,VIIRS,n,2,303.26,7.09,D,0
49.55603,81.21583,349.65,0.51,0.66,2021-09-17,827,N,VIIRS,n,2,305.84,12.39,D,0
49.55607,81.22295,346.07,0.51,0.66,2021-09-17,827,N,VIIRS,n,2,305.37,11.14,D,0
49.55611,81.23009,354.94,0.51,0.66,2021-09-17,827,N,VIIRS,n,2,306.67,11.14,D,0
49.55615,81.2374,341.37,0.51,0.66,2021-09-17,827,N,VIIRS,n,2,305.07,5.88,D,0
49.55619,81.24477,330.42,0.51,0.66,2021-09-17,827,N,VIIRS,n,2,300.89,5.88,D,0
49.56223,81.21545,343.63,0.51,0.66,2021-09-17,827,N,VIIRS,n,2,302.86,18.46,D,0
49.56231,81.22962,367,0.51,0.66,2021-09-17,827,N,VIIRS,l,2,344.74,370.08,D,0
49.56235,81.23689,367,0.51,0.66,2021-09-17,827,N,VIIRS,h,2,322.55,221.52,D,0
49.56239,81.24438,367,0.51,0.66,2021-09-17,827,N,VIIRS,h,2,321.69,221.52,D,0
49.56244,81.2517,339,0.51,0.66,2021-09-17,827,N,VIIRS,n,2,302.47,145.25,D,0
49.56855,81.23643,367,0.51,0.66,2021-09-17,827,N,VIIRS,l,2,334.07,221.52,D,0
49.5686,81.24389,367,0.51,0.66,2021-09-17,827,N,VIIRS,l,2,355.56,221.52,D,0
49.56864,81.25141,367,0.51,0.66,2021-09-17,827,N,VIIRS,h,2,326.66,145.25,D,0
49.56868,81.25848,339.02,0.51,0.66,2021-09-17,827,N,VIIRS,n,2,300.87,145.25,D,0
49.5748,81.24359,332.81,0.51,0.66,2021-09-17,827,N,VIIRS,n,2,299.21,8.39,D,0
49.57485,81.25115,342.51,0.51,0.66,2021-09-17,827,N,VIIRS,n,2,298.3,10.25,D,0
49.83782,76.06994,351.88,0.6,0.53,2021-09-17,827,N,VIIRS,n,2,282.89,16.96,D,0
49.83823,76.07837,356.28,0.6,0.53,2021-09-17,827,N,VIIRS,l,2,279.37,27.35,D,0
50.69501,78.57822,346.19,0.39,0.59,2021-09-17,827,N,VIIRS,n,2,282.99,15.59,D,0
50.69516,78.58395,347.49,0.39,0.6,2021-09-17,827,N,VIIRS,n,2,291.07,15.59,D,0
50.69531,78.58965,357.21,0.39,0.6,2021-09-17,827,N,VIIRS,l,2,285.29,24.74,D,0
50.69546,78.59536,338.67,0.39,0.6,2021-09-17,827,N,VIIRS,n,2,279.32,24.74,D,0
50.70073,78.58369,347.75,0.39,0.6,2021-09-17,827,N,VIIRS,n,2,281.69,15.59,D,0
50.70088,78.58941,357.2,0.39,0.6,2021-09-17,827,N,VIIRS,l,2,282.85,24.74,D,0
50.70104,78.59514,354.84,0.39,0.6,2021-09-17,827,N,VIIRS,n,2,287.95,24.74,D,0
50.70119,78.60085,357.2,0.39,0.6,2021-09-17,827,N,VIIRS,l,2,288.87,50.97,D,0
50.70134,78.60658,343.71,0.39,0.6,2021-09-17,827,N,VIIRS,n,2,295.36,50.97,D,0
50.70149,78.61231,357.2,0.39,0.6,2021-09-17,827,N,VIIRS,l,2,282,23.4,D,0
50.70164,78.61804,328.15,0.39,0.6,2021-09-17,827,N,VIIRS,n,2,273.82,23.4,D,0
50.70676,78.60061,327.3,0.39,0.6,2021-09-17,827,N,VIIRS,n,2,280.01,3.67,D,0
50.70692,78.60635,331.25,0.39,0.6,2021-09-17,827,N,VIIRS,n,2,278.08,3.67,D,0
51.22626,78.5502,357.49,0.39,0.6,2021-09-17,827,N,VIIRS,l,2,266.09,26.96,D,0
51.22641,78.55602,353.51,0.39,0.6,2021-09-17,827,N,VIIRS,n,2,271.27,25.3,D,0
51.22655,78.56183,357.49,0.39,0.6,2021-09-17,827,N,VIIRS,l,2,268.55,25.3,D,0
51.2267,78.56761,335.11,0.39,0.6,2021-09-17,827,N,VIIRS,n,2,266.19,9.06,D,0
51.23183,78.54989,356.67,0.39,0.6,2021-09-17,827,N,VIIRS,l,2,259.52,26.96,D,0
51.23199,78.5557,356.69,0.39,0.6,2021-09-17,827,N,VIIRS,l,2,265.33,25.3,D,0
51.23214,78.56151,356.67,0.39,0.6,2021-09-17,827,N,VIIRS,l,2,265.69,25.3,D,0
51.23228,78.5673,331.14,0.39,0.6,2021-09-17,827,N,VIIRS,n,2,267.82,9.06,D,0
49.00705,131.8968,300.63,0.38,0.36,2021-09-17,1717,N,VIIRS,n,2,272.54,0.83,N,2
44.53418,132.75781,297.96,0.41,0.37,2021-09-17,1718,N,VIIRS,n,2,283.69,1.14,N,2
44.5351,132.75276,311.2,0.41,0.37,2021-09-17,1718,N,VIIRS,n,2,282.63,1.14,N,2
44.78039,129.68149,296.49,0.39,0.36,2021-09-17,1718,N,VIIRS,n,2,280.66,0.41,N,0
45.08506,130.57153,303.61,0.38,0.36,2021-09-17,1718,N,VIIRS,n,2,284.57,0.58,N,2
45.21896,130.94823,303.44,0.38,0.36,2021-09-17,1718,N,VIIRS,n,2,289.38,0.96,N,0
45.33031,131.45508,329.98,0.39,0.36,2021-09-17,1718,N,VIIRS,n,2,283.07,2.43,N,2
45.33359,131.45618,296.05,0.39,0.36,2021-09-17,1718,N,VIIRS,n,2,282.89,2.43,N,2
45.39683,127.14341,306.82,0.43,0.38,2021-09-17,1718,N,VIIRS,n,2,286.31,1.33,N,2
45.74807,131.07487,301.98,0.38,0.36,2021-09-17,1718,N,VIIRS,n,2,285.63,1.42,N,2
45.7656,130.55966,299.33,0.38,0.36,2021-09-17,1718,N,VIIRS,n,2,286.24,0.88,N,2
45.77682,130.61969,299.31,0.38,0.36,2021-09-17,1718,N,VIIRS,n,2,284.58,0.71,N,0
45.79205,131.20779,301.2,0.38,0.36,2021-09-17,1718,N,VIIRS,n,2,283.01,0.72,N,2
45.79284,131.2029,297.71,0.38,0.36,2021-09-17,1718,N,VIIRS,n,2,283.92,1.02,N,2
45.79601,130.92613,307.48,0.38,0.36,2021-09-17,1718,N,VIIRS,n,2,285.1,1.27,N,2
45.8186,130.8924,299.84,0.38,0.36,2021-09-17,1718,N,VIIRS,n,2,284,0.78,N,2
45.81938,130.8875,304.08,0.38,0.36,2021-09-17,1718,N,VIIRS,n,2,284.54,0.78,N,2
45.82498,130.8739,323.47,0.38,0.36,2021-09-17,1718,N,VIIRS,n,2,284.07,2.18,N,2
45.82747,130.87985,295.44,0.38,0.36,2021-09-17,1718,N,VIIRS,n,2,283.75,0.5,N,2
45.82825,130.87497,301.45,0.38,0.36,2021-09-17,1718,N,VIIRS,n,2,284.23,0.88,N,2
45.90619,131.32127,296.43,0.39,0.36,2021-09-17,1718,N,VIIRS,n,2,281.49,0.74,N,0
46.59866,131.02827,298.96,0.38,0.36,2021-09-17,1718,N,VIIRS,n,2,286.57,0.21,N,0
46.60222,131.0712,327.56,0.38,0.36,2021-09-17,1718,N,VIIRS,n,2,289.29,2.43,N,2
46.60314,131.08714,303.78,0.38,0.36,2021-09-17,1718,N,VIIRS,n,2,285.98,1.02,N,2
46.60392,131.08218,313.71,0.38,0.36,2021-09-17,1718,N,VIIRS,n,2,288.87,1.52,N,2
46.60641,131.08824,302.03,0.38,0.36,2021-09-17,1718,N,VIIRS,n,2,287.9,0.63,N,2
46.78731,130.43134,297.37,0.39,0.36,2021-09-17,1718,N,VIIRS,n,2,286.5,0.44,N,2
46.82207,133.319,303.04,0.4,0.37,2021-09-17,1718,N,VIIRS,n,2,281.54,0.69,N,0
47.18303,123.57504,302.21,0.4,0.44,2021-09-17,1718,N,VIIRS,n,2,285.19,0.8,N,2
47.18525,123.57285,299.63,0.4,0.44,2021-09-17,1718,N,VIIRS,n,2,284.2,0.5,N,2
47.19621,123.61581,296.04,0.4,0.44,2021-09-17,1718,N,VIIRS,n,2,285.47,0.73,N,2
47.22101,130.19136,301.41,0.39,0.36,2021-09-17,1718,N,VIIRS,n,2,277.84,0.51,N,2
47.2243,130.1924,295.66,0.39,0.36,2021-09-17,1718,N,VIIRS,n,2,276.73,0.51,N,2
41.83226,123.89781,295.66,0.51,0.41,2021-09-17,1719,N,VIIRS,n,2,284.5,0.28,N,0
41.8438,123.75363,332.6,0.52,0.41,2021-09-17,1719,N,VIIRS,n,2,290.21,5.77,N,2
42.11536,123.69184,298.13,0.52,0.42,2021-09-17,1719,N,VIIRS,n,2,285.73,0.84,N,2
42.1192,123.69265,304.05,0.52,0.42,2021-09-17,1719,N,VIIRS,n,2,287.74,0.84,N,2
42.26378,119.13959,305.61,0.58,0.52,2021-09-17,1719,N,VIIRS,n,2,284.19,2.04,N,2
42.26865,119.14011,302.41,0.58,0.52,2021-09-17,1719,N,VIIRS,n,2,283.39,2.17,N,2
42.32148,125.23322,304.73,0.46,0.39,2021-09-17,1719,N,VIIRS,n,2,284.84,1.6,N,2
42.32378,125.245,300.71,0.46,0.39,2021-09-17,1719,N,VIIRS,n,2,287.18,1.72,N,2
42.85227,120.68779,302.22,0.49,0.49,2021-09-17,1719,N,VIIRS,n,2,286.16,1.32,N,2
42.85291,120.68756,298.39,0.49,0.49,2021-09-17,1719,N,VIIRS,n,2,285.39,0.71,N,2
42.86951,126.15366,299.01,0.43,0.38,2021-09-17,1719,N,VIIRS,n,2,284.06,0.87,N,2
43.16418,126.04248,298.6,0.44,0.38,2021-09-17,1719,N,VIIRS,n,2,284.35,0.53,N,2
43.1677,126.04331,299.15,0.44,0.38,2021-09-17,1719,N,VIIRS,n,2,286.24,0.65,N,2
43.19686,124.33212,328.83,0.51,0.41,2021-09-17,1719,N,VIIRS,n,2,283.95,4.08,N,2
43.20063,124.33291,306.18,0.51,0.41,2021-09-17,1719,N,VIIRS,n,2,285.11,1.32,N,2
43.27702,124.61658,299.61,0.5,0.41,2021-09-17,1719,N,VIIRS,n,2,285.64,1.01,N,2
43.31916,125.91294,310.58,0.45,0.39,2021-09-17,1719,N,VIIRS,n,2,286.28,1.88,N,2
43.33136,125.93254,309.15,0.45,0.39,2021-09-17,1719,N,VIIRS,n,2,287.29,1.42,N,2
43.53053,126.26797,304.77,0.44,0.38,2021-09-17,1719,N,VIIRS,n,2,284.08,1.02,N,2
43.99762,125.50239,303.1,0.47,0.4,2021-09-17,1719,N,VIIRS,n,2,284.79,1.38,N,0
43.99813,125.50173,302.45,0.47,0.4,2021-09-17,1719,N,VIIRS,n,2,284.12,0.57,N,0
44.00702,126.5335,298.21,0.43,0.38,2021-09-17,1719,N,VIIRS,n,2,285.67,0.76,N,2
44.01052,126.53433,299.57,0.43,0.38,2021-09-17,1719,N,VIIRS,n,2,288.28,1.32,N,2
44.33002,125.342,301.25,0.48,0.4,2021-09-17,1719,N,VIIRS,n,2,282.7,0.65,N,0
37.42393,129.17226,321.22,0.39,0.36,2021-09-17,1720,N,VIIRS,n,2,290.1,2.14,N,2
37.42649,129.1776,311.26,0.39,0.36,2021-09-17,1720,N,VIIRS,n,2,289.19,2.25,N,2
37.509,126.65945,304.01,0.39,0.36,2021-09-17,1720,N,VIIRS,n,2,292.71,0.87,N,0
38.16568,126.70811,305.18,0.39,0.36,2021-09-17,1720,N,VIIRS,n,2,286.41,0.56,N,0
38.96869,117.49536,301.85,0.33,0.55,2021-09-17,1720,N,VIIRS,n,2,290.59,0.53,N,2
39.02609,117.48995,313.22,0.33,0.55,2021-09-17,1720,N,VIIRS,n,2,285.7,1.24,N,2
39.43188,118.45831,308.64,0.59,0.53,2021-09-17,1720,N,VIIRS,n,2,284.53,1.75,N,2
39.43346,118.45732,322.29,0.59,0.53,2021-09-17,1720,N,VIIRS,n,2,286.22,2.65,N,2
39.43679,118.45891,306.16,0.59,0.53,2021-09-17,1720,N,VIIRS,n,2,285.24,1.75,N,2
39.48529,118.70063,305.56,0.57,0.52,2021-09-17,1720,N,VIIRS,n,2,287.79,1.21,N,2
39.49014,118.70124,298.67,0.57,0.52,2021-09-17,1720,N,VIIRS,n,2,287.64,0.56,N,2
39.51848,118.08331,303.48,0.62,0.54,2021-09-17,1720,N,VIIRS,n,2,287.57,1.24,N,2
39.58148,121.43607,300.02,0.42,0.45,2021-09-17,1720,N,VIIRS,n,2,283.4,0.55,N,2
39.61027,118.36407,299.93,0.6,0.53,2021-09-17,1720,N,VIIRS,n,2,289.69,2.01,N,2
39.61757,118.47232,297.95,0.59,0.53,2021-09-17,1720,N,VIIRS,n,2,287.02,2.35,N,2
39.62249,118.47294,317.87,0.59,0.53,2021-09-17,1720,N,VIIRS,n,2,287.32,2,N,2
39.62992,118.43817,301.33,0.6,0.53,2021-09-17,1720,N,VIIRS,n,2,290.97,1.18,N,2
39.65751,118.41325,303.47,0.6,0.53,2021-09-17,1720,N,VIIRS,n,2,291.56,2.08,N,2
39.6633,118.894,309.19,0.56,0.52,2021-09-17,1720,N,VIIRS,n,2,291.6,4.18,N,2
39.72953,116.98648,295.07,0.36,0.57,2021-09-17,1720,N,VIIRS,n,2,282.43,0.13,N,0
39.7325,116.98586,298.32,0.36,0.57,2021-09-17,1720,N,VIIRS,n,2,282.7,0.25,N,0
39.75034,118.8167,301.45,0.57,0.52,2021-09-17,1720,N,VIIRS,n,2,290.32,1.3,N,2
39.75082,118.80997,300.75,0.57,0.52,2021-09-17,1720,N,VIIRS,n,2,287.96,1.59,N,2
39.75149,118.48933,306.61,0.59,0.53,2021-09-17,1720,N,VIIRS,n,2,288.49,1.73,N,2
39.75314,118.48906,301.52,0.59,0.53,2021-09-17,1720,N,VIIRS,n,2,287.79,1.27,N,2
39.76459,118.37652,303.56,0.6,0.53,2021-09-17,1720,N,VIIRS,n,2,286.7,1.18,N,2
39.76557,118.37622,301.61,0.6,0.53,2021-09-17,1720,N,VIIRS,n,2,286.69,1.58,N,2
39.80189,118.20435,302.85,0.62,0.54,2021-09-17,1720,N,VIIRS,n,2,288.35,3.7,N,2
39.8531,127.57994,301.63,0.39,0.36,2021-09-17,1720,N,VIIRS,n,2,286.05,0.31,N,0
39.87309,118.18143,297.59,0.62,0.54,2021-09-17,1720,N,VIIRS,n,2,284.47,0.68,N,2
39.87904,118.16704,295.09,0.62,0.54,2021-09-17,1720,N,VIIRS,n,2,284.68,0.43,N,2
39.88017,117.70303,300.4,0.33,0.55,2021-09-17,1720,N,VIIRS,n,2,286.26,0.38,N,2
39.90615,118.58461,301.39,0.59,0.53,2021-09-17,1720,N,VIIRS,n,2,289.76,1.92,N,2
39.92068,118.22439,305.23,0.62,0.54,2021-09-17,1720,N,VIIRS,n,2,287.15,1.55,N,2
39.94783,118.5546,297.41,0.59,0.53,2021-09-17,1720,N,VIIRS,n,2,286.89,1.48,N,2
39.95815,118.54875,299.04,0.59,0.53,2021-09-17,1720,N,VIIRS,n,2,287.31,3.15,N,2
39.95987,118.5483,300.97,0.59,0.53,2021-09-17,1720,N,VIIRS,n,2,288.1,0.96,N,2
39.96306,118.54924,299.56,0.59,0.53,2021-09-17,1720,N,VIIRS,n,2,287.57,1.53,N,2
39.96479,118.54881,297.83,0.59,0.53,2021-09-17,1720,N,VIIRS,n,2,286.91,0.96,N,2
40.11131,118.73675,303.86,0.58,0.52,2021-09-17,1720,N,VIIRS,n,2,288.44,1.62,N,2
40.11179,118.72989,300.53,0.58,0.52,2021-09-17,1720,N,VIIRS,n,2,287.87,1.62,N,2
40.12647,118.44676,303.51,0.6,0.53,2021-09-17,1720,N,VIIRS,n,2,285.12,0.87,N,2
40.18534,116.16763,299.36,0.4,0.6,2021-09-17,1720,N,VIIRS,n,2,286.38,0.46,N,2
40.21186,118.22029,304.6,0.62,0.54,2021-09-17,1720,N,VIIRS,n,2,290.64,2.07,N,2
40.21735,118.21343,301.58,0.62,0.54,2021-09-17,1720,N,VIIRS,n,2,286.09,2.07,N,2
40.59415,115.08743,297.93,0.46,0.63,2021-09-17,1720,N,VIIRS,n,2,283.27,1.71,N,2
40.64223,122.56638,323.2,0.57,0.43,2021-09-17,1720,N,VIIRS,n,2,267.45,3.34,N,2
40.64621,122.5672,298.14,0.57,0.43,2021-09-17,1720,N,VIIRS,n,2,270.2,0.92,N,2
40.69839,122.4224,312.42,0.38,0.43,2021-09-17,1720,N,VIIRS,n,2,265.82,0.89,N,2
40.78409,123.90213,296.55,0.5,0.41,2021-09-17,1720,N,VIIRS,n,2,279.82,0.8,N,0
40.80782,119.4683,296.05,0.54,0.51,2021-09-17,1720,N,VIIRS,n,2,285.03,0.66,N,2
40.94158,117.72028,307.35,0.33,0.56,2021-09-17,1720,N,VIIRS,n,2,286.8,1.08,N,2
40.94629,117.72853,297.93,0.33,0.56,2021-09-17,1720,N,VIIRS,n,2,285.2,0.76,N,2
40.96417,117.69606,296.01,0.34,0.56,2021-09-17,1720,N,VIIRS,n,2,285.11,0.68,N,0
40.98226,120.90069,303.1,0.46,0.47,2021-09-17,1720,N,VIIRS,n,2,285.52,0.57,N,0
41.13401,122.9751,296.13,0.55,0.43,2021-09-17,1720,N,VIIRS,n,2,281.81,0.67,N,2
41.13586,122.99557,306.07,0.55,0.43,2021-09-17,1720,N,VIIRS,n,2,285.26,1.69,N,2
41.13655,122.98901,304.71,0.55,0.43,2021-09-17,1720,N,VIIRS,n,2,286.88,1.22,N,2
41.13979,122.99628,306.64,0.55,0.43,2021-09-17,1720,N,VIIRS,n,2,286.07,1.69,N,2
41.14048,122.98972,302.79,0.55,0.43,2021-09-17,1720,N,VIIRS,n,2,285.47,1.22,N,2
41.14188,122.97649,298.44,0.55,0.43,2021-09-17,1720,N,VIIRS,n,2,282.51,1.74,N,2
41.15942,122.99986,306.16,0.55,0.43,2021-09-17,1720,N,VIIRS,n,2,284.67,1.51,N,2
41.16204,122.99993,329.23,0.55,0.43,2021-09-17,1720,N,VIIRS,n,2,286.88,4.72,N,2
41.16335,123.00059,321.34,0.55,0.43,2021-09-17,1720,N,VIIRS,n,2,286.13,1.51,N,2
41.16806,122.94025,295.45,0.55,0.43,2021-09-17,1720,N,VIIRS,n,2,283.92,1.06,N,0
41.1701,122.97486,298.05,0.55,0.43,2021-09-17,1720,N,VIIRS,n,2,282.29,0.64,N,2
41.18599,122.84152,296.69,0.56,0.43,2021-09-17,1720,N,VIIRS,n,2,282.07,0.47,N,2
41.22058,123.6179,299.99,0.52,0.41,2021-09-17,1720,N,VIIRS,n,2,281.74,1.14,N,2
41.23133,123.6265,318.5,0.52,0.41,2021-09-17,1720,N,VIIRS,n,2,285.51,1.45,N,2
41.26759,119.41345,296.24,0.55,0.51,2021-09-17,1720,N,VIIRS,n,2,285.48,2.05,N,2
41.26766,119.41255,295.84,0.55,0.51,2021-09-17,1720,N,VIIRS,n,2,285.66,0.98,N,2
41.27586,123.71684,304.19,0.51,0.41,2021-09-17,1720,N,VIIRS,n,2,285.55,2.47,N,2
41.28071,123.74297,297.45,0.51,0.41,2021-09-17,1720,N,VIIRS,n,2,274.62,1.52,N,2
41.28414,123.71224,296.63,0.51,0.41,2021-09-17,1720,N,VIIRS,n,2,280.65,1.25,N,2
41.35958,123.71542,296.59,0.51,0.41,2021-09-17,1720,N,VIIRS,n,2,278.99,0.77,N,0
41.52438,120.36863,298.06,0.49,0.49,2021-09-17,1720,N,VIIRS,n,2,287.06,1.7,N,2
41.78102,119.48092,301.87,0.55,0.51,2021-09-17,1720,N,VIIRS,n,2,275.67,0.94,N,2
41.78121,119.48057,297.78,0.55,0.51,2021-09-17,1720,N,VIIRS,n,2,275.37,0.56,N,2
33.25892,131.65564,295.66,0.53,0.42,2021-09-17,1721,N,VIIRS,n,2,284.88,1.69,N,0
33.26005,131.65004,319.88,0.53,0.42,2021-09-17,1721,N,VIIRS,n,2,287.19,1.69,N,2
33.26271,131.65674,297.48,0.53,0.42,2021-09-17,1721,N,VIIRS,n,2,286.74,1.37,N,0
33.26384,131.65112,313.51,0.53,0.42,2021-09-17,1721,N,VIIRS,n,2,288.76,1.37,N,2
34.05845,131.75888,305.49,0.52,0.41,2021-09-17,1721,N,VIIRS,n,2,291.19,1.35,N,2
34.95604,118.3108,306.01,0.54,0.51,2021-09-17,1721,N,VIIRS,n,2,285.68,1.08,N,2
35.18201,118.7935,299.44,0.51,0.49,2021-09-17,1721,N,VIIRS,n,2,284.95,2.3,N,2
35.18813,119.38298,310.68,0.48,0.48,2021-09-17,1721,N,VIIRS,n,2,288.82,2.92,N,2
35.20184,128.60391,301.79,0.4,0.37,2021-09-17,1721,N,VIIRS,n,2,289.01,0.38,N,2
35.28896,126.77885,304.59,0.38,0.36,2021-09-17,1721,N,VIIRS,n,2,289.95,0.8,N,2
35.97183,126.60988,318.5,0.39,0.36,2021-09-17,1721,N,VIIRS,n,2,292.72,1.73,N,2
35.97395,129.36931,301.73,0.41,0.37,2021-09-17,1721,N,VIIRS,n,2,288.51,0.96,N,0
35.97731,129.37021,313.17,0.41,0.37,2021-09-17,1721,N,VIIRS,n,2,289.92,1.08,N,2
35.99773,129.39426,304.31,0.41,0.37,2021-09-17,1721,N,VIIRS,n,2,290.2,1.25,N,2
36.00032,129.3996,304.03,0.41,0.37,2021-09-17,1721,N,VIIRS,n,2,290.15,0.73,N,2
36.00756,129.37827,305.64,0.41,0.37,2021-09-17,1721,N,VIIRS,n,2,289.53,0.96,N,2
36.00833,129.37381,313.5,0.4,0.37,2021-09-17,1721,N,VIIRS,n,2,289.7,0.96,N,2
36.01609,129.38982,310.3,0.41,0.37,2021-09-17,1721,N,VIIRS,n,2,289.73,1.03,N,3
36.01945,129.39072,303.55,0.41,0.37,2021-09-17,1721,N,VIIRS,n,2,290.22,1.03,N,3
36.86351,126.58147,314.62,0.39,0.36,2021-09-17,1721,N,VIIRS,n,2,287.87,1.66,N,2
36.86415,126.57713,323.98,0.39,0.36,2021-09-17,1721,N,VIIRS,n,2,288.25,1.66,N,2
36.95294,126.61794,329.76,0.39,0.36,2021-09-17,1721,N,VIIRS,n,2,287.53,2.82,N,2
36.97974,126.69157,306.57,0.39,0.36,2021-09-17,1721,N,VIIRS,n,2,291.14,1.11,N,2
36.98039,126.68723,331.28,0.39,0.36,2021-09-17,1721,N,VIIRS,n,2,289.81,3.31,N,2
36.98306,126.69233,317.5,0.39,0.36,2021-09-17,1721,N,VIIRS,n,2,293.71,1.43,N,2
36.9837,126.68799,315.51,0.39,0.36,2021-09-17,1721,N,VIIRS,n,2,293.12,2.02,N,2
36.98637,126.69311,301.99,0.39,0.36,2021-09-17,1721,N,VIIRS,n,2,291.09,1.43,N,2
36.98781,126.72938,333.19,0.39,0.36,2021-09-17,1721,N,VIIRS,n,2,291.01,5.01,N,3
36.98839,126.70256,303.01,0.39,0.36,2021-09-17,1721,N,VIIRS,n,2,291,0.76,N,2
38.2826,117.81922,302.01,0.62,0.54,2021-09-17,1721,N,VIIRS,n,2,288.63,0.42,N,2
38.2831,117.81194,302.3,0.62,0.54,2021-09-17,1721,N,VIIRS,n,2,290.14,1.14,N,2
38.28361,117.80466,303.65,0.63,0.54,2021-09-17,1721,N,VIIRS,n,2,290.68,1.14,N,2
38.28711,117.82707,303.82,0.62,0.54,2021-09-17,1721,N,VIIRS,n,2,289.67,1.21,N,2
38.28762,117.81981,310.29,0.62,0.54,2021-09-17,1721,N,VIIRS,n,2,290.95,1.21,N,2
38.29613,117.84276,313.22,0.62,0.54,2021-09-17,1721,N,VIIRS,n,2,290.18,3.37,N,3
31.08988,119.68512,311.71,0.41,0.45,2021-09-17,1722,N,VIIRS,n,2,292.27,1.24,N,2
31.09354,119.69019,309.15,0.41,0.45,2021-09-17,1722,N,VIIRS,n,2,291.37,1.24,N,2
31.11099,119.72326,308.13,0.41,0.45,2021-09-17,1722,N,VIIRS,n,2,291.9,1.04,N,2
31.11333,119.70176,302.01,0.41,0.45,2021-09-17,1722,N,VIIRS,n,2,290.39,0.92,N,2
31.22684,118.1488,305.37,0.5,0.49,2021-09-17,1722,N,VIIRS,n,2,293.05,1.95,N,2
31.23231,118.37916,302.79,0.49,0.48,2021-09-17,1722,N,VIIRS,n,2,291.7,1.23,N,2
31.38641,119.30482,314.06,0.43,0.46,2021-09-17,1722,N,VIIRS,n,2,292.32,1.89,N,2
31.39067,119.30541,309.1,0.43,0.46,2021-09-17,1722,N,VIIRS,n,2,292.89,1.89,N,2
31.43136,121.42071,304.9,0.51,0.41,2021-09-17,1722,N,VIIRS,n,2,294.22,1.92,N,2
31.43385,121.43204,307.94,0.51,0.41,2021-09-17,1722,N,VIIRS,n,2,293.91,2.06,N,2
31.43827,121.42732,304.48,0.51,0.41,2021-09-17,1722,N,VIIRS,n,2,294.32,1.68,N,2
31.4414,121.43328,303.78,0.51,0.41,2021-09-17,1722,N,VIIRS,n,2,293.32,1,N,2
31.45026,121.42384,327.43,0.51,0.41,2021-09-17,1722,N,VIIRS,n,2,295.23,1.98,N,2
31.45404,121.42447,306.81,0.51,0.41,2021-09-17,1722,N,VIIRS,n,2,294.76,1.98,N,2
31.46973,119.48573,305.63,0.42,0.46,2021-09-17,1722,N,VIIRS,n,2,291.27,0.87,N,2
31.47804,117.92956,317.71,0.52,0.5,2021-09-17,1722,N,VIIRS,n,2,292.7,2.35,N,2
31.50253,118.46108,305.63,0.49,0.48,2021-09-17,1722,N,VIIRS,n,2,292.53,1.28,N,2
31.51792,117.75271,312.81,0.53,0.5,2021-09-17,1722,N,VIIRS,n,2,291.95,2,N,2
31.52288,117.90139,302.81,0.52,0.5,2021-09-17,1722,N,VIIRS,n,2,291.31,2.32,N,2
31.65121,117.86875,307.13,0.53,0.5,2021-09-17,1722,N,VIIRS,n,2,291.64,1.34,N,2
31.65343,117.86958,304.58,0.53,0.5,2021-09-17,1722,N,VIIRS,n,2,291.85,1.57,N,2
31.66116,117.83543,305.71,0.53,0.5,2021-09-17,1722,N,VIIRS,n,2,291.35,1.27,N,2
31.67148,118.46931,308.48,0.49,0.48,2021-09-17,1722,N,VIIRS,n,2,291.46,0.89,N,2
31.69427,120.05963,304.7,0.4,0.44,2021-09-17,1722,N,VIIRS,n,2,292,0.71,N,2
31.69894,118.46774,309.55,0.49,0.48,2021-09-17,1722,N,VIIRS,n,2,292.71,2.1,N,2
31.70055,118.4707,306.13,0.49,0.48,2021-09-17,1722,N,VIIRS,n,2,291.98,1.17,N,2
31.70103,118.46553,306.98,0.49,0.48,2021-09-17,1722,N,VIIRS,n,2,292.63,1.17,N,2
31.70343,118.4684,305.2,0.49,0.48,2021-09-17,1722,N,VIIRS,n,2,292.31,2.5,N,2
31.70504,118.47133,307.33,0.49,0.48,2021-09-17,1722,N,VIIRS,n,2,293.15,1.17,N,2
31.70829,120.08326,308.9,0.4,0.44,2021-09-17,1722,N,VIIRS,n,2,292.34,1.75,N,2
31.70922,120.07481,303.41,0.4,0.44,2021-09-17,1722,N,VIIRS,n,2,292.28,1.18,N,0
31.71091,120.83408,328.21,0.54,0.42,2021-09-17,1722,N,VIIRS,n,2,291.27,3.59,N,0
31.71894,119.39262,302.48,0.43,0.46,2021-09-17,1722,N,VIIRS,n,2,290.75,0.65,N,2
31.73997,118.48666,306.3,0.49,0.48,2021-09-17,1722,N,VIIRS,n,2,292.95,1.32,N,2
31.74847,118.49294,304.27,0.49,0.48,2021-09-17,1722,N,VIIRS,n,2,292.7,1.59,N,2
31.83439,120.75961,305.4,0.55,0.43,2021-09-17,1722,N,VIIRS,n,2,290.39,0.95,N,0
31.8463,120.72562,306.75,0.55,0.43,2021-09-17,1722,N,VIIRS,n,2,293.66,3.01,N,2
31.89766,118.60887,305.69,0.48,0.48,2021-09-17,1722,N,VIIRS,n,2,291.08,1.04,N,2
31.89818,118.60374,303.47,0.48,0.48,2021-09-17,1722,N,VIIRS,n,2,291.87,1.04,N,2
31.91742,118.61846,303.61,0.48,0.48,2021-09-17,1722,N,VIIRS,n,2,291.7,1.01,N,2
31.9458,120.3196,311.3,0.39,0.44,2021-09-17,1722,N,VIIRS,n,2,292.64,1.81,N,2
31.96617,118.34293,307.11,0.5,0.49,2021-09-17,1722,N,VIIRS,n,2,291.3,1.31,N,2
31.96667,118.33758,302.74,0.5,0.49,2021-09-17,1722,N,VIIRS,n,2,290.72,1.03,N,2
31.97746,120.65782,303.52,0.56,0.43,2021-09-17,1722,N,VIIRS,n,2,292.02,1.76,N,2
31.98087,120.62794,307.48,0.56,0.43,2021-09-17,1722,N,VIIRS,n,2,292.25,2.01,N,2
31.98142,120.65845,304.28,0.56,0.43,2021-09-17,1722,N,VIIRS,n,2,292.58,1.76,N,2
31.98223,120.61597,304.89,0.56,0.43,2021-09-17,1722,N,VIIRS,n,2,292.5,1.55,N,2
31.98292,120.60997,310.84,0.56,0.43,2021-09-17,1722,N,VIIRS,n,2,293.26,2.75,N,2
31.98416,120.63454,311.43,0.56,0.43,2021-09-17,1722,N,VIIRS,n,2,292.84,2.01,N,2
31.98552,120.62257,315.23,0.56,0.43,2021-09-17,1722,N,VIIRS,n,2,293.2,1.55,N,2
31.98621,120.61659,303.79,0.56,0.43,2021-09-17,1722,N,VIIRS,n,2,291.84,1.55,N,2
32.02074,116.34617,310.43,0.33,0.55,2021-09-17,1722,N,VIIRS,n,2,289.5,1.11,N,0
32.02101,116.34264,313.44,0.33,0.55,2021-09-17,1722,N,VIIRS,n,2,290.37,1.77,N,0
32.03565,116.28712,300.19,0.33,0.55,2021-09-17,1722,N,VIIRS,n,2,289.26,0.32,N,0
32.10363,119.79157,303.38,0.42,0.45,2021-09-17,1722,N,VIIRS,n,2,291.23,0.84,N,0
32.14858,119.32627,306.36,0.44,0.46,2021-09-17,1722,N,VIIRS,n,2,290.86,0.94,N,2
32.15025,119.32798,305.64,0.44,0.46,2021-09-17,1722,N,VIIRS,n,2,291.06,0.58,N,2
32.16478,120.45894,302.84,0.38,0.43,2021-09-17,1722,N,VIIRS,n,2,289.32,0.44,N,0
32.18002,118.7574,313.96,0.48,0.48,2021-09-17,1722,N,VIIRS,n,2,291.38,2.27,N,2
32.20167,118.74596,303.22,0.48,0.48,2021-09-17,1722,N,VIIRS,n,2,291.36,1.61,N,2
32.20323,118.75034,309.48,0.48,0.48,2021-09-17,1722,N,VIIRS,n,2,291.54,1.53,N,2
32.20612,118.74654,307.55,0.48,0.48,2021-09-17,1722,N,VIIRS,n,2,290.99,1.14,N,2
32.3297,115.95338,306.72,0.35,0.57,2021-09-17,1722,N,VIIRS,n,2,291.46,1.13,N,2
34.41132,119.84918,309.53,0.44,0.46,2021-09-17,1722,N,VIIRS,n,2,288.28,1.9,N,3
34.4118,119.84436,331.22,0.44,0.46,2021-09-17,1722,N,VIIRS,n,2,288.97,3.94,N,3
34.53009,118.49233,307.4,0.52,0.5,2021-09-17,1722,N,VIIRS,n,2,285.9,1.3,N,0
34.53061,118.48653,303.56,0.52,0.5,2021-09-17,1722,N,VIIRS,n,2,286.23,1.3,N,0
34.75188,118.10554,297.31,0.55,0.51,2021-09-17,1722,N,VIIRS,n,2,280.54,0.85,N,0
26.3274,127.85151,305.99,0.45,0.39,2021-09-17,1723,N,VIIRS,n,2,291.8,2.65,N,2
26.61065,127.92652,306.8,0.45,0.39,2021-09-17,1723,N,VIIRS,n,2,291.69,1.42,N,2
28.15085,115.50416,310.54,0.33,0.56,2021-09-17,1723,N,VIIRS,n,2,292.64,1.18,N,2
28.18803,113.30624,304.15,0.46,0.63,2021-09-17,1723,N,VIIRS,n,2,289.74,0.88,N,2
28.2249,112.68197,303.83,0.5,0.66,2021-09-17,1723,N,VIIRS,n,2,287.42,0.49,N,2
28.33363,117.22189,306.75,0.53,0.5,2021-09-17,1723,N,VIIRS,n,2,294.17,1.3,N,2
28.33881,117.21702,305.24,0.53,0.5,2021-09-17,1723,N,VIIRS,n,2,293.85,1.3,N,2
28.33934,117.21151,304.34,0.53,0.5,2021-09-17,1723,N,VIIRS,n,2,294,1.27,N,2
28.51456,125.00729,312.26,0.38,0.36,2021-09-17,1723,N,VIIRS,n,2,296.63,1.78,N,3
28.62841,117.37915,311.01,0.52,0.5,2021-09-17,1723,N,VIIRS,n,2,294.07,1.69,N,2
28.63132,117.38055,306.92,0.52,0.5,2021-09-17,1723,N,VIIRS,n,2,294.12,1.77,N,2
28.68995,118.54967,304.75,0.45,0.47,2021-09-17,1723,N,VIIRS,n,2,293.48,0.99,N,2
28.70597,118.31921,303.53,0.46,0.47,2021-09-17,1723,N,VIIRS,n,2,293.02,0.92,N,2
28.88856,118.87372,309.35,0.43,0.46,2021-09-17,1723,N,VIIRS,n,2,295.18,1.48,N,2
28.88871,118.87601,308.39,0.43,0.46,2021-09-17,1723,N,VIIRS,n,2,295.09,1.45,N,2
28.88971,118.86708,310.62,0.43,0.46,2021-09-17,1723,N,VIIRS,n,2,293.66,2.09,N,2
28.89374,118.8653,318.84,0.43,0.46,2021-09-17,1723,N,VIIRS,n,2,296.41,2.98,N,2
28.89394,118.86765,316.19,0.43,0.46,2021-09-17,1723,N,VIIRS,n,2,297.06,2.09,N,2
28.9668,118.45779,303.52,0.45,0.47,2021-09-17,1723,N,VIIRS,n,2,293.33,0.58,N,2
29.08394,119.39587,303.5,0.4,0.44,2021-09-17,1723,N,VIIRS,n,2,292.48,0.29,N,0
29.12078,117.33634,308.18,0.53,0.5,2021-09-17,1723,N,VIIRS,n,2,293.87,1.46,N,2
29.15432,119.53593,309.58,0.4,0.44,2021-09-17,1723,N,VIIRS,n,2,293.6,1.22,N,2
29.25174,117.17778,305.28,0.54,0.51,2021-09-17,1723,N,VIIRS,n,2,294.21,1.41,N,2
29.25649,117.17805,309.83,0.54,0.51,2021-09-17,1723,N,VIIRS,n,2,294.33,1.41,N,2
29.27492,119.29712,303.12,0.41,0.45,2021-09-17,1723,N,VIIRS,n,2,293.1,0.56,N,2
29.33523,119.05176,314.53,0.42,0.46,2021-09-17,1723,N,VIIRS,n,2,293.17,1.75,N,2
29.42227,119.15498,307.81,0.42,0.45,2021-09-17,1723,N,VIIRS,n,2,292.06,0.98,N,0
29.42275,119.15056,308.34,0.42,0.45,2021-09-17,1723,N,VIIRS,n,2,292.53,1.41,N,2
29.43284,115.5238,301.44,0.34,0.56,2021-09-17,1723,N,VIIRS,n,2,290.24,0.8,N,0
29.43382,119.24408,305.07,0.42,0.45,2021-09-17,1723,N,VIIRS,n,2,293.35,0.87,N,2
29.66289,121.46956,302.74,0.48,0.4,2021-09-17,1723,N,VIIRS,n,2,291.26,0.69,N,0
29.66658,121.47016,311.9,0.48,0.4,2021-09-17,1723,N,VIIRS,n,2,291.38,1.13,N,0
29.82888,119.68661,308.01,0.4,0.44,2021-09-17,1723,N,VIIRS,n,2,292.8,1.31,N,2
29.84135,119.7591,302.75,0.39,0.44,2021-09-17,1723,N,VIIRS,n,2,292.16,0.33,N,0
29.84375,119.70181,311.71,0.4,0.44,2021-09-17,1723,N,VIIRS,n,2,292.89,1.33,N,2
29.893,115.44562,304.21,0.35,0.57,2021-09-17,1723,N,VIIRS,n,2,292.44,0.82,N,2
29.90798,115.3912,307.42,0.35,0.57,2021-09-17,1723,N,VIIRS,n,2,292.09,0.53,N,2
29.91445,121.91713,313.96,0.46,0.39,2021-09-17,1723,N,VIIRS,n,2,293.75,2.08,N,3
29.94165,115.37214,304.56,0.36,0.57,2021-09-17,1723,N,VIIRS,n,2,291.82,0.65,N,0
29.9938,119.67757,301.71,0.4,0.44,2021-09-17,1723,N,VIIRS,n,2,291.45,0.65,N,0
30.03131,119.75119,314.7,0.4,0.44,2021-09-17,1723,N,VIIRS,n,2,293.17,1.19,N,2
30.11683,115.27514,303.64,0.36,0.58,2021-09-17,1723,N,VIIRS,n,2,291.33,1.1,N,2
30.18317,119.78809,302.5,0.4,0.44,2021-09-17,1723,N,VIIRS,n,2,291.73,0.74,N,2
30.20848,114.85907,304.83,0.38,0.59,2021-09-17,1723,N,VIIRS,n,2,291.62,0.6,N,2
30.33451,121.96666,324.26,0.47,0.39,2021-09-17,1723,N,VIIRS,n,2,296.17,3.91,N,3
30.39625,114.942,303.68,0.38,0.59,2021-09-17,1723,N,VIIRS,n,2,291.18,0.71,N,0
30.44729,117.23997,312.3,0.56,0.51,2021-09-17,1723,N,VIIRS,n,2,292.06,1.49,N,2
30.44748,117.23987,314.52,0.56,0.51,2021-09-17,1723,N,VIIRS,n,2,291.94,3.06,N,2
30.58774,116.95905,312.36,0.58,0.52,2021-09-17,1723,N,VIIRS,n,2,291.94,2.08,N,2
30.67228,118.88139,305.94,0.45,0.47,2021-09-17,1723,N,VIIRS,n,2,291.28,1.05,N,2
30.6891,118.88831,307.86,0.45,0.47,2021-09-17,1723,N,VIIRS,n,2,292,1.63,N,2
30.72211,119.70118,309.15,0.41,0.45,2021-09-17,1723,N,VIIRS,n,2,292.75,1.14,N,2
30.7238,119.70334,308.38,0.41,0.45,2021-09-17,1723,N,VIIRS,n,2,292.79,1.26,N,2
30.7412,117.39593,303.72,0.55,0.51,2021-09-17,1723,N,VIIRS,n,2,291.24,0.89,N,0
30.74229,117.39111,311.85,0.55,0.51,2021-09-17,1723,N,VIIRS,n,2,292.59,2.43,N,2
30.74643,117.39133,305.74,0.55,0.51,2021-09-17,1723,N,VIIRS,n,2,292.16,1.39,N,2
30.747,117.39207,307.5,0.55,0.51,2021-09-17,1723,N,VIIRS,n,2,292.31,2.14,N,2
30.75013,117.40288,310.92,0.55,0.51,2021-09-17,1723,N,VIIRS,n,2,292.71,2.81,N,2
30.75077,117.40364,311.25,0.55,0.51,2021-09-17,1723,N,VIIRS,n,2,292.86,1.37,N,2
30.7866,118.9715,311.9,0.45,0.47,2021-09-17,1723,N,VIIRS,n,2,292.32,1.73,N,2
30.82087,117.79902,315.97,0.52,0.5,2021-09-17,1723,N,VIIRS,n,2,293.09,1.26,N,2
30.84606,117.78005,317.23,0.52,0.5,2021-09-17,1723,N,VIIRS,n,2,293.19,2.34,N,2
30.84657,117.77445,324.76,0.52,0.5,2021-09-17,1723,N,VIIRS,n,2,293.53,3.62,N,2
30.85329,117.75276,308.19,0.53,0.5,2021-09-17,1723,N,VIIRS,n,2,292.1,2.23,N,2
30.92522,117.76836,304.46,0.53,0.5,2021-09-17,1723,N,VIIRS,n,2,291.93,1.69,N,2
30.92653,117.77324,304.75,0.52,0.5,2021-09-17,1723,N,VIIRS,n,2,292.19,1.51,N,2
30.984,117.79314,308.4,0.52,0.5,2021-09-17,1723,N,VIIRS,n,2,293.11,1.36,N,2
30.99329,117.79424,302.32,0.52,0.5,2021-09-17,1723,N,VIIRS,n,2,291.38,1.08,N,0
31.04281,119.60458,302.77,0.41,0.45,2021-09-17,1723,N,VIIRS,n,2,291.25,0.61,N,0
31.04784,119.52002,308.67,0.42,0.45,2021-09-17,1723,N,VIIRS,n,2,290.32,0.88,N,2
31.0999,118.02684,319.26,0.51,0.49,2021-09-17,1723,N,VIIRS,n,2,292.67,3.45,N,2
31.10029,118.02563,322.17,0.51,0.49,2021-09-17,1723,N,VIIRS,n,2,293.16,2.35,N,2
31.1335,118.0147,310.39,0.51,0.49,2021-09-17,1723,N,VIIRS,n,2,292.5,1.47,N,2
31.13706,118.17305,314.3,0.5,0.49,2021-09-17,1723,N,VIIRS,n,2,292.52,2.27,N,2
31.13758,118.16755,313.82,0.5,0.49,2021-09-17,1723,N,VIIRS,n,2,293.35,2.27,N,2
24.24007,117.62505,303.58,0.45,0.47,2021-09-17,1724,N,VIIRS,n,2,290.89,0.37,N,0
24.57117,118.61298,306.55,0.39,0.44,2021-09-17,1724,N,VIIRS,n,2,293.47,1.33,N,0
24.57164,118.60902,312.59,0.39,0.44,2021-09-17,1724,N,VIIRS,n,2,293.31,1.97,N,0
24.7012,113.64014,304.71,0.4,0.6,2021-09-17,1724,N,VIIRS,n,2,288.92,1.91,N,2
24.74162,116.1805,303.76,0.55,0.51,2021-09-17,1724,N,VIIRS,n,2,291.49,1.52,N,2
24.82447,117.01425,306.11,0.49,0.49,2021-09-17,1724,N,VIIRS,n,2,291.44,0.95,N,2
25.0237,121.04376,316.59,0.45,0.39,2021-09-17,1724,N,VIIRS,n,2,293.49,3.15,N,0
25.18139,116.72269,303.8,0.52,0.5,2021-09-17,1724,N,VIIRS,n,2,289.5,1.8,N,2
25.18458,116.72408,309.95,0.52,0.5,2021-09-17,1724,N,VIIRS,n,2,290.04,1.77,N,2
25.35252,117.3745,304.75,0.48,0.48,2021-09-17,1724,N,VIIRS,n,2,289.97,1.42,N,0
25.35695,117.37514,306.92,0.48,0.48,2021-09-17,1724,N,VIIRS,n,2,289.73,1.35,N,2
25.45426,114.88907,327.08,0.34,0.56,2021-09-17,1724,N,VIIRS,n,2,294.35,2.75,N,2
25.45495,114.89064,320.22,0.34,0.56,2021-09-17,1724,N,VIIRS,n,2,293.96,1.27,N,2
25.45525,114.88722,304.92,0.34,0.56,2021-09-17,1724,N,VIIRS,n,2,292.73,1.27,N,2
25.63461,110.65771,301.48,0.63,0.72,2021-09-17,1724,N,VIIRS,n,2,284.53,0.87,N,2
25.69377,117.70992,302.54,0.46,0.47,2021-09-17,1724,N,VIIRS,n,2,288.53,1.08,N,0
25.73923,119.59213,311.82,0.54,0.42,2021-09-17,1724,N,VIIRS,n,2,293.06,3.39,N,2
25.77759,117.71305,300.83,0.46,0.47,2021-09-17,1724,N,VIIRS,n,2,288.99,0.78,N,0
25.84306,115.8827,307.22,0.6,0.53,2021-09-17,1724,N,VIIRS,n,2,293.42,1.75,N,2
26.02493,113.27184,308.32,0.44,0.62,2021-09-17,1724,N,VIIRS,n,2,287.87,1,N,2
26.02493,113.2724,309.84,0.44,0.62,2021-09-17,1724,N,VIIRS,n,2,287.9,0.89,N,2
26.25957,117.60709,313.77,0.47,0.48,2021-09-17,1724,N,VIIRS,n,2,292.59,2.94,N,2
26.26026,117.6098,306.62,0.47,0.48,2021-09-17,1724,N,VIIRS,n,2,292.03,2.09,N,2
26.26073,117.6055,305.7,0.47,0.48,2021-09-17,1724,N,VIIRS,n,2,291.55,2.09,N,2
26.26419,113.1074,308.09,0.45,0.63,2021-09-17,1724,N,VIIRS,n,2,286.82,1.01,N,0
26.39795,115.77272,306.14,0.62,0.54,2021-09-17,1724,N,VIIRS,n,2,292.69,1.21,N,2
26.55233,113.30267,303.49,0.44,0.62,2021-09-17,1724,N,VIIRS,n,2,289.03,0.53,N,2
26.78147,117.77842,306.62,0.47,0.48,2021-09-17,1724,N,VIIRS,n,2,291.26,1.41,N,0
26.85838,116.82796,304.64,0.54,0.51,2021-09-17,1724,N,VIIRS,n,2,290.38,0.99,N,0
26.86176,116.82829,307.39,0.54,0.51,2021-09-17,1724,N,VIIRS,n,2,290.49,0.92,N,0
27.10368,114.16991,355.16,0.39,0.6,2021-09-17,1724,N,VIIRS,n,2,290.93,25.14,N,0
27.104,114.16586,351.38,0.39,0.6,2021-09-17,1724,N,VIIRS,n,2,290.5,24.82,N,0
27.10515,114.17303,330.55,0.39,0.6,2021-09-17,1724,N,VIIRS,n,2,289.61,19.69,N,0
27.10549,114.16901,356.98,0.39,0.6,2021-09-17,1724,N,VIIRS,n,2,297.76,30.08,N,0
27.10583,114.16496,315.66,0.39,0.6,2021-09-17,1724,N,VIIRS,n,2,289.88,30.08,N,0
27.10925,114.17033,347.38,0.39,0.6,2021-09-17,1724,N,VIIRS,n,2,294.36,25.14,N,0
27.10956,114.16633,356.16,0.39,0.6,2021-09-17,1724,N,VIIRS,n,2,290.63,24.82,N,0
27.11073,114.17333,307.78,0.39,0.6,2021-09-17,1724,N,VIIRS,n,2,289.35,4.23,N,0
27.11106,114.16938,367,0.39,0.6,2021-09-17,1724,N,VIIRS,h,2,291.51,10.14,N,0
27.41082,116.66991,306.25,0.56,0.51,2021-09-17,1724,N,VIIRS,n,2,292.45,0.86,N,2
27.52909,118.10031,313.43,0.46,0.47,2021-09-17,1724,N,VIIRS,n,2,290.65,1.14,N,0
27.62944,113.71823,308.15,0.42,0.61,2021-09-17,1724,N,VIIRS,n,2,290.41,1.59,N,2
27.64194,113.9035,304.73,0.41,0.61,2021-09-17,1724,N,VIIRS,n,2,291.3,0.96,N,2
27.6437,113.90437,307.15,0.41,0.61,2021-09-17,1724,N,VIIRS,n,2,291.88,1.68,N,2
27.64762,113.90398,305.58,0.41,0.61,2021-09-17,1724,N,VIIRS,n,2,292.05,0.96,N,2
27.64938,113.90484,304.78,0.41,0.61,2021-09-17,1724,N,VIIRS,n,2,291.6,0.93,N,2
27.6992,113.82623,307.06,0.42,0.61,2021-09-17,1724,N,VIIRS,n,2,290.59,0.97,N,0
27.78164,114.92494,309.2,0.36,0.57,2021-09-17,1724,N,VIIRS,n,2,293.71,1.9,N,2
27.78291,114.92725,312.05,0.36,0.57,2021-09-17,1724,N,VIIRS,n,2,293.43,1.53,N,2
27.85531,114.75096,308.77,0.37,0.58,2021-09-17,1724,N,VIIRS,n,2,291.59,1.4,N,2
21.68923,108.39969,303.55,0.79,0.78,2021-09-17,1725,N,VIIRS,n,2,277.08,1.31,N,2
21.68946,108.40359,299.09,0.79,0.78,2021-09-17,1725,N,VIIRS,n,2,275.65,1.37,N,2
22.53532,120.35527,312.46,0.46,0.39,2021-09-17,1725,N,VIIRS,n,2,293.88,4.14,N,2
22.5377,120.36476,309.01,0.46,0.39,2021-09-17,1725,N,VIIRS,n,2,293.35,2.31,N,2
22.53953,120.35139,308.26,0.46,0.39,2021-09-17,1725,N,VIIRS,n,2,293.82,3.05,N,2
22.54252,120.35643,309.4,0.46,0.39,2021-09-17,1725,N,VIIRS,n,2,293.81,3.59,N,2
22.54374,120.34751,312.56,0.46,0.39,2021-09-17,1725,N,VIIRS,n,2,293.62,2.58,N,2
22.54673,120.35255,315.39,0.46,0.39,2021-09-17,1725,N,VIIRS,n,2,294.49,2.58,N,2
23.03271,111.98016,306.54,0.49,0.65,2021-09-17,1725,N,VIIRS,n,2,285.87,1.04,N,2
23.05577,111.99729,299.8,0.49,0.65,2021-09-17,1725,N,VIIRS,n,2,281.01,0.32,N,2
23.243,111.57388,307.63,0.52,0.67,2021-09-17,1725,N,VIIRS,n,2,285.51,1.55,N,2
23.33563,113.14341,300.21,0.42,0.61,2021-09-17,1725,N,VIIRS,n,2,276.84,0.98,N,2
23.56886,114.2987,303.5,0.35,0.57,2021-09-17,1725,N,VIIRS,n,2,287.1,0.45,N,2
23.60937,115.77366,305.18,0.57,0.52,2021-09-17,1725,N,VIIRS,n,2,285.23,1.29,N,0
23.64196,114.36462,303.75,0.35,0.57,2021-09-17,1725,N,VIIRS,n,2,286.96,0.76,N,2
24.07734,117.32435,305.5,0.46,0.47,2021-09-17,1725,N,VIIRS,n,2,290.33,0.41,N,0
24.25429,113.40314,313.91,0.41,0.61,2021-09-17,1725,N,VIIRS,n,2,286.28,3.44,N,2
24.27052,113.41306,300.95,0.41,0.61,2021-09-17,1725,N,VIIRS,n,2,279.31,2.63,N,2
24.38483,109.37604,303.59,0.73,0.76,2021-09-17,1725,N,VIIRS,n,2,283.95,4.86,N,2
19.23429,108.99843,301.1,0.69,0.74,2021-09-17,1726,N,VIIRS,n,2,283.94,1.21,N,2
19.35225,108.813,309.41,0.71,0.75,2021-09-17,1726,N,VIIRS,n,2,283.49,1.81,N,0
19.35488,108.81533,303.39,0.71,0.75,2021-09-17,1726,N,VIIRS,n,2,283.36,1.04,N,0
20.8139,108.89761,311.07,0.73,0.76,2021-09-17,1726,N,VIIRS,n,2,286.02,5.62,N,3
20.81441,108.89034,324.17,0.73,0.76,2021-09-17,1726,N,VIIRS,n,2,285.73,5.62,N,3
20.81771,108.89645,319.21,0.72,0.76,2021-09-17,1726,N,VIIRS,n,2,286.55,9.98,N,3
20.81826,108.88919,314.49,0.73,0.76,2021-09-17,1726,N,VIIRS,n,2,286.14,10.53,N,3
48.08591,123.45261,300.17,0.48,0.65,2021-09-17,1858,N,VIIRS,n,2,282.74,1.06,N,2
52.52737,103.95104,296.55,0.44,0.38,2021-09-17,1858,N,VIIRS,n,2,278.93,0.73,N,2
52.60889,103.89645,297.26,0.44,0.38,2021-09-17,1858,N,VIIRS,n,2,277.28,0.9,N,2
52.6124,103.89758,303.26,0.44,0.38,2021-09-17,1858,N,VIIRS,n,2,279.09,0.9,N,2
41.84504,123.75745,300.85,0.79,0.78,2021-09-17,1859,N,VIIRS,n,2,287.01,1.47,N,2
42.11766,123.69272,299.45,0.77,0.77,2021-09-17,1859,N,VIIRS,n,2,285.22,1.55,N,2
44.33253,125.34475,297.06,0.77,0.77,2021-09-17,1859,N,VIIRS,n,2,280.95,1.11,N,0
44.45723,118.92504,298.73,0.4,0.6,2021-09-17,1859,N,VIIRS,n,2,280.92,0.81,N,2
45.39056,119.48516,295.93,0.4,0.6,2021-09-17,1859,N,VIIRS,n,2,279.92,0.37,N,0
39.46508,120.45526,323.44,0.66,0.73,2021-09-17,1900,N,VIIRS,n,2,289.06,2.18,N,3
39.46706,118.25519,299.94,0.52,0.67,2021-09-17,1900,N,VIIRS,n,2,288.97,1.92,N,2
39.46726,118.25574,300.31,0.52,0.67,2021-09-17,1900,N,VIIRS,n,2,289.14,2.59,N,2
39.4675,120.44786,310.04,0.66,0.73,2021-09-17,1900,N,VIIRS,n,2,287.47,2.18,N,3
39.4707,120.45241,319.3,0.66,0.73,2021-09-17,1900,N,VIIRS,n,2,289.17,3.32,N,3
39.48592,118.69804,298.57,0.55,0.68,2021-09-17,1900,N,VIIRS,n,2,282.51,1.91,N,2
39.51922,118.0826,299.39,0.51,0.66,2021-09-17,1900,N,VIIRS,n,2,285.02,1.1,N,2
39.61283,118.36882,301.04,0.52,0.67,2021-09-17,1900,N,VIIRS,n,2,287.2,1.12,N,2
39.62041,118.47452,330.98,0.53,0.67,2021-09-17,1900,N,VIIRS,n,2,287.23,5.03,N,2
39.6214,118.47505,330.6,0.53,0.67,2021-09-17,1900,N,VIIRS,n,2,286.91,3.09,N,2
39.65791,118.89978,300.35,0.55,0.68,2021-09-17,1900,N,VIIRS,n,2,289.5,2.33,N,2
39.66387,118.90285,298.31,0.55,0.68,2021-09-17,1900,N,VIIRS,n,2,286.12,1.11,N,2
39.75017,118.8149,305.14,0.54,0.68,2021-09-17,1900,N,VIIRS,n,2,287.94,2.03,N,2
39.75293,118.81329,300.5,0.54,0.68,2021-09-17,1900,N,VIIRS,n,2,287.65,2.58,N,2
39.75581,118.4678,297.22,0.52,0.67,2021-09-17,1900,N,VIIRS,n,2,287.18,0.74,N,0
39.79834,120.61842,313.8,0.66,0.73,2021-09-17,1900,N,VIIRS,n,2,289.85,2.72,N,3
39.80075,120.61102,322.79,0.66,0.73,2021-09-17,1900,N,VIIRS,n,2,290.12,4.21,N,3
39.86415,117.62922,299.25,0.47,0.64,2021-09-17,1900,N,VIIRS,n,2,286.71,0.67,N,2
39.88004,118.16638,296.47,0.5,0.66,2021-09-17,1900,N,VIIRS,n,2,286.09,0.58,N,2
39.92081,118.36628,297.99,0.51,0.66,2021-09-17,1900,N,VIIRS,n,2,285.8,1.15,N,2
39.92179,118.22617,299.1,0.5,0.66,2021-09-17,1900,N,VIIRS,n,2,285.95,1.9,N,2
39.92218,118.22949,301.54,0.5,0.66,2021-09-17,1900,N,VIIRS,n,2,288.05,1.12,N,2
39.96136,118.54041,301.81,0.52,0.67,2021-09-17,1900,N,VIIRS,n,2,289.22,2.31,N,2
40.08152,119.59805,302.92,0.58,0.7,2021-09-17,1900,N,VIIRS,n,2,287.07,1.52,N,2
40.08215,119.59666,300.02,0.58,0.7,2021-09-17,1900,N,VIIRS,n,2,286.65,1.47,N,2
40.11107,118.73481,299.89,0.53,0.67,2021-09-17,1900,N,VIIRS,n,2,289.12,2.56,N,2
40.11161,118.72739,304.67,0.53,0.67,2021-09-17,1900,N,VIIRS,n,2,288.96,2.12,N,2
40.11294,118.72859,302.85,0.53,0.67,2021-09-17,1900,N,VIIRS,n,2,288.72,2.23,N,2
40.11372,118.74259,302.95,0.53,0.67,2021-09-17,1900,N,VIIRS,n,2,286.33,1.02,N,2
40.22101,118.2116,297.86,0.49,0.65,2021-09-17,1900,N,VIIRS,n,2,282.72,1.2,N,2
40.31458,122.13546,305.82,0.75,0.77,2021-09-17,1900,N,VIIRS,n,2,290.89,2.91,N,2
40.59655,115.089,296.64,0.34,0.56,2021-09-17,1900,N,VIIRS,n,2,282.2,0.9,N,2
40.69811,122.42445,313.4,0.75,0.77,2021-09-17,1900,N,VIIRS,n,2,287.43,2.02,N,2
40.7024,122.42277,303.71,0.75,0.77,2021-09-17,1900,N,VIIRS,n,2,287.37,2.48,N,0
41.02192,119.66103,297.04,0.55,0.68,2021-09-17,1900,N,VIIRS,n,2,277.81,1.13,N,0
41.13437,122.99485,304.18,0.77,0.78,2021-09-17,1900,N,VIIRS,n,2,288.84,3.1,N,2
41.13832,122.9931,305.26,0.77,0.77,2021-09-17,1900,N,VIIRS,n,2,289.76,3.72,N,2
41.1612,122.99664,300.92,0.77,0.77,2021-09-17,1900,N,VIIRS,n,2,286.94,2.1,N,2
41.18393,123.00059,297.58,0.77,0.77,2021-09-17,1900,N,VIIRS,n,2,286.24,1,N,2
41.98862,121.6832,304.33,0.63,0.72,2021-09-17,1900,N,VIIRS,n,2,289.62,2.79,N,2
42.26967,119.25166,307.32,0.48,0.65,2021-09-17,1900,N,VIIRS,n,2,282.86,0.76,N,2
42.28146,118.99935,296.12,0.47,0.64,2021-09-17,1900,N,VIIRS,n,2,281.73,0.92,N,0
42.9883,101.16513,300.51,0.42,0.38,2021-09-17,1900,N,VIIRS,n,2,286.7,1.88,N,0
44.09655,88.59201,300.54,0.55,0.68,2021-09-17,1900,N,VIIRS,n,2,287.97,1.05,N,0
44.20133,85.75576,300.59,0.75,0.77,2021-09-17,1900,N,VIIRS,n,2,283.32,0.91,N,0
44.32792,93.27558,295.82,0.32,0.55,2021-09-17,1900,N,VIIRS,n,2,284.09,0.57,N,2
44.33095,93.27468,299.04,0.32,0.55,2021-09-17,1900,N,VIIRS,n,2,285.19,0.4,N,2
44.46722,90.66641,305.01,0.43,0.62,2021-09-17,1900,N,VIIRS,n,2,283.27,1.7,N,2
44.59697,86.05318,298.74,0.73,0.76,2021-09-17,1900,N,VIIRS,n,2,282.02,1.49,N,2
44.676,89.07987,301.91,0.52,0.67,2021-09-17,1900,N,VIIRS,n,2,285.95,1.58,N,2
44.67883,89.08429,301.84,0.52,0.67,2021-09-17,1900,N,VIIRS,n,2,287.42,0.92,N,2
44.67892,89.07746,301.26,0.52,0.67,2021-09-17,1900,N,VIIRS,n,2,287.53,0.92,N,2
44.72178,90.25878,319.57,0.46,0.63,2021-09-17,1900,N,VIIRS,n,2,288.24,1.93,N,2
44.72771,90.25912,305.05,0.46,0.63,2021-09-17,1900,N,VIIRS,n,2,287,1.93,N,2
44.7399,90.24778,306.38,0.46,0.63,2021-09-17,1900,N,VIIRS,n,2,287.47,1.62,N,2
44.90983,89.18751,306.69,0.52,0.66,2021-09-17,1900,N,VIIRS,n,2,287.17,1.75,N,2
44.90993,89.18075,303.47,0.52,0.66,2021-09-17,1900,N,VIIRS,n,2,287.49,2.16,N,2
44.9124,89.18293,320.06,0.52,0.66,2021-09-17,1900,N,VIIRS,n,2,288.32,2.57,N,2
45.34807,86.91989,295.95,0.66,0.73,2021-09-17,1900,N,VIIRS,n,2,285.16,1.28,N,0
45.35392,86.92387,299.57,0.66,0.73,2021-09-17,1900,N,VIIRS,n,2,285.68,0.67,N,0
38.28658,117.82396,306.69,0.53,0.67,2021-09-17,1901,N,VIIRS,n,2,287.15,1.75,N,2
39.0281,117.49317,301.13,0.49,0.65,2021-09-17,1901,N,VIIRS,n,2,286.42,1.89,N,2
39.51313,106.64223,297.72,0.44,0.39,2021-09-17,1901,N,VIIRS,n,2,268.59,1.16,N,0
39.51953,106.62794,304.28,0.44,0.38,2021-09-17,1901,N,VIIRS,n,2,268.31,1.4,N,0
39.52104,106.63937,297.47,0.44,0.39,2021-09-17,1901,N,VIIRS,n,2,266.8,1.32,N,0
39.52202,106.63422,296.1,0.44,0.39,2021-09-17,1901,N,VIIRS,n,2,269.05,1.32,N,0
39.79303,97.89245,295.09,0.52,0.41,2021-09-17,1901,N,VIIRS,n,2,284.46,1.33,N,0
39.7937,97.88645,316.49,0.52,0.41,2021-09-17,1901,N,VIIRS,n,2,285.97,3.31,N,2
39.8089,98.29385,300.8,0.5,0.41,2021-09-17,1901,N,VIIRS,n,2,287.08,1.59,N,2
39.81199,98.30033,305.37,0.5,0.41,2021-09-17,1901,N,VIIRS,n,2,285.12,0.78,N,2
39.81264,98.29455,310.05,0.5,0.41,2021-09-17,1901,N,VIIRS,n,2,289.83,1.53,N,2
39.8133,98.28877,299.02,0.5,0.41,2021-09-17,1901,N,VIIRS,n,2,287.33,1.53,N,2
39.8223,98.24303,300.03,0.5,0.41,2021-09-17,1901,N,VIIRS,n,2,285.83,0.61,N,2
39.83751,106.78886,295.88,0.44,0.39,2021-09-17,1901,N,VIIRS,n,2,274.05,0.77,N,2
39.84146,98.27628,318.49,0.5,0.41,2021-09-17,1901,N,VIIRS,n,2,284.18,1.92,N,2
39.84521,98.27699,307.94,0.5,0.41,2021-09-17,1901,N,VIIRS,n,2,285.42,1.16,N,2
39.84542,106.786,320.98,0.44,0.39,2021-09-17,1901,N,VIIRS,n,2,272.88,1.58,N,2
39.86047,106.88226,298.75,0.45,0.39,2021-09-17,1901,N,VIIRS,n,2,264.36,0.81,N,2
39.86287,98.25648,308.41,0.5,0.41,2021-09-17,1901,N,VIIRS,n,2,287.36,1.47,N,2
40.56215,95.744,307.06,0.44,0.46,2021-09-17,1901,N,VIIRS,n,2,285.05,1.81,N,2
40.56371,95.74514,310.47,0.44,0.46,2021-09-17,1901,N,VIIRS,n,2,286.11,1.13,N,2
40.56643,95.74469,295.83,0.44,0.46,2021-09-17,1901,N,VIIRS,n,2,284.79,1.16,N,0
41.81639,88.8744,300.03,0.51,0.66,2021-09-17,1901,N,VIIRS,n,2,281.41,1.25,N,0
41.81958,88.89766,340.05,0.51,0.66,2021-09-17,1901,N,VIIRS,n,2,286.23,7,N,0
41.82003,88.8788,297.03,0.51,0.66,2021-09-17,1901,N,VIIRS,n,2,282.8,2.33,N,0
41.82018,88.87254,323.81,0.51,0.66,2021-09-17,1901,N,VIIRS,n,2,285.95,4.81,N,0
41.82566,88.90356,299.37,0.51,0.66,2021-09-17,1901,N,VIIRS,n,2,282.92,1.23,N,0
41.82581,88.89744,319.76,0.51,0.66,2021-09-17,1901,N,VIIRS,n,2,284.46,2.85,N,0
42.58862,91.34029,307.29,0.39,0.59,2021-09-17,1901,N,VIIRS,n,2,289.91,1.52,N,2
42.62166,88.61905,302.18,0.53,0.67,2021-09-17,1901,N,VIIRS,n,2,288.33,0.83,N,2
42.62356,88.61665,303.55,0.54,0.67,2021-09-17,1901,N,VIIRS,n,2,289.19,0.86,N,2
42.70451,93.34097,296.12,0.62,0.54,2021-09-17,1901,N,VIIRS,n,2,285.5,1.39,N,2
42.70762,93.37222,304.82,0.61,0.54,2021-09-17,1901,N,VIIRS,n,2,287.97,1.8,N,2
42.71332,93.44182,298.39,0.61,0.53,2021-09-17,1901,N,VIIRS,n,2,286.96,1,N,2
42.85223,88.01015,306.15,0.58,0.69,2021-09-17,1901,N,VIIRS,n,2,286.8,1.21,N,2
42.85329,88.01301,301.26,0.58,0.69,2021-09-17,1901,N,VIIRS,n,2,286.33,0.75,N,2
42.98922,90.1256,305.65,0.45,0.63,2021-09-17,1901,N,VIIRS,n,2,293.23,2.75,N,2
42.98941,90.1199,322.7,0.45,0.63,2021-09-17,1901,N,VIIRS,n,2,289.26,3.54,N,2
42.99283,90.11931,315.52,0.45,0.63,2021-09-17,1901,N,VIIRS,n,2,288.58,1.9,N,0
43.16351,88.84702,297.1,0.53,0.67,2021-09-17,1901,N,VIIRS,n,2,286.86,1.19,N,0
43.16631,88.84843,301.29,0.52,0.67,2021-09-17,1901,N,VIIRS,n,2,288.31,0.36,N,0
43.78472,87.38685,295.76,0.62,0.72,2021-09-17,1901,N,VIIRS,n,2,284.09,1.03,N,2
32.58398,117.24834,300.1,0.71,0.75,2021-09-17,1902,N,VIIRS,n,2,285.76,1.41,N,2
38.20544,90.97363,303.23,0.38,0.59,2021-09-17,1902,N,VIIRS,n,2,273.46,0.72,N,2
38.43192,102.0579,302.59,0.39,0.36,2021-09-17,1902,N,VIIRS,n,2,287.93,1.25,N,2
38.4372,102.04558,298.63,0.39,0.36,2021-09-17,1902,N,VIIRS,n,2,284.45,0.55,N,0
29.89269,115.44352,307.02,0.67,0.73,2021-09-17,1903,N,VIIRS,n,2,290.23,1.19,N,2
29.89426,115.44267,304.97,0.67,0.73,2021-09-17,1903,N,VIIRS,n,2,290.25,1.76,N,2
30.115,115.27135,303.37,0.64,0.72,2021-09-17,1903,N,VIIRS,n,2,289.6,0.59,N,2
30.16197,115.0662,300.81,0.63,0.72,2021-09-17,1903,N,VIIRS,n,2,283.67,0.75,N,2
30.62662,116.86465,299.69,0.76,0.77,2021-09-17,1903,N,VIIRS,n,2,288.43,1,N,2
30.63141,114.44492,296.48,0.56,0.69,2021-09-17,1903,N,VIIRS,n,2,280.29,1.07,N,2
30.63754,114.44725,302.18,0.56,0.69,2021-09-17,1903,N,VIIRS,n,2,283.03,0.65,N,2
30.63913,114.44144,300.99,0.56,0.69,2021-09-17,1903,N,VIIRS,n,2,281.09,0.65,N,2
31.27645,117.33896,305.57,0.78,0.78,2021-09-17,1903,N,VIIRS,n,2,288.33,1.96,N,2
31.27856,117.33802,304.26,0.78,0.78,2021-09-17,1903,N,VIIRS,n,2,288.49,1.76,N,2
27.78023,114.91857,302.62,0.7,0.75,2021-09-17,1904,N,VIIRS,n,2,291.03,3.74,N,2
27.81102,112.89949,305.4,0.54,0.68,2021-09-17,1904,N,VIIRS,n,2,286.65,3.39,N,2
27.85533,114.7521,301.97,0.69,0.74,2021-09-17,1904,N,VIIRS,n,2,288.95,1.06,N,2
27.85582,114.75108,302.1,0.69,0.74,2021-09-17,1904,N,VIIRS,n,2,289.29,1.24,N,2
28.18221,114.63098,300.46,0.66,0.73,2021-09-17,1904,N,VIIRS,n,2,288.06,0.79,N,2
23.0349,111.98245,305.74,0.61,0.71,2021-09-17,1905,N,VIIRS,n,2,281.18,1.24,N,2
23.03634,111.98254,304.76,0.61,0.71,2021-09-17,1905,N,VIIRS,n,2,281.2,2.13,N,0
23.08959,109.6348,303.59,0.44,0.62,2021-09-17,1905,N,VIIRS,n,2,287.61,0.94,N,2
24.25245,113.4069,306.56,0.7,0.75,2021-09-17,1905,N,VIIRS,n,2,284.81,1.67,N,2
24.25291,113.40489,305.72,0.7,0.75,2021-09-17,1905,N,VIIRS,n,2,284.7,1.77,N,2
24.26157,113.73236,302.7,0.73,0.76,2021-09-17,1905,N,VIIRS,n,2,282.67,2.46,N,2
24.27758,113.42234,306.05,0.7,0.75,2021-09-17,1905,N,VIIRS,n,2,284.23,2.01,N,2
24.27803,113.42015,303.24,0.7,0.75,2021-09-17,1905,N,VIIRS,n,2,284.63,1.96,N,2
24.37798,109.38061,311.1,0.4,0.6,2021-09-17,1905,N,VIIRS,n,2,288.08,2.05,N,2
24.3834,109.3821,314.81,0.4,0.6,2021-09-17,1905,N,VIIRS,n,2,288.27,1.9,N,2
24.38847,109.38187,319.05,0.4,0.6,2021-09-17,1905,N,VIIRS,n,2,288.6,2.82,N,2
24.38883,109.38354,315.23,0.4,0.6,2021-09-17,1905,N,VIIRS,n,2,288.47,1.9,N,2
24.38971,109.37969,311.38,0.4,0.6,2021-09-17,1905,N,VIIRS,n,2,288.78,4.59,N,2
24.63446,103.89425,314.53,0.56,0.43,2021-09-17,1905,N,VIIRS,n,2,285.99,2.24,N,0
25.30038,104.8889,300.91,0.41,0.45,2021-09-17,1905,N,VIIRS,n,2,286.24,1.97,N,2
25.30119,104.88486,305.37,0.41,0.45,2021-09-17,1905,N,VIIRS,n,2,286.51,2.31,N,2
25.30281,104.87671,309.67,0.41,0.45,2021-09-17,1905,N,VIIRS,n,2,287.47,2.32,N,2
25.51852,100.7243,304.59,0.4,0.37,2021-09-17,1905,N,VIIRS,n,2,285.2,0.9,N,0
25.53381,100.57217,296.71,0.4,0.37,2021-09-17,1905,N,VIIRS,n,2,284.63,0.28,N,0
26.47755,103.33202,298.74,0.49,0.4,2021-09-17,1905,N,VIIRS,n,2,285.81,0.71,N,2
26.56594,101.6739,301.38,0.42,0.38,2021-09-17,1905,N,VIIRS,n,2,275.69,2.55,N,2
26.56666,101.66977,302.72,0.42,0.38,2021-09-17,1905,N,VIIRS,n,2,274.25,1.08,N,2
26.5701,101.67045,301.16,0.42,0.38,2021-09-17,1905,N,VIIRS,n,2,273.72,1.08,N,2
26.57354,101.6711,296.04,0.42,0.38,2021-09-17,1905,N,VIIRS,n,2,271.31,1.29,N,2
26.57425,101.66702,302.21,0.42,0.38,2021-09-17,1905,N,VIIRS,n,2,268.33,1.29,N,2
26.57496,101.66293,296.77,0.42,0.38,2021-09-17,1905,N,VIIRS,n,2,268.07,2.01,N,2
26.57768,101.66769,330.4,0.42,0.38,2021-09-17,1905,N,VIIRS,n,2,271.08,1.29,N,2
26.57839,101.66364,320.86,0.42,0.38,2021-09-17,1905,N,VIIRS,n,2,270.6,2.01,N,2
26.5869,99.93049,295.32,0.39,0.36,2021-09-17,1905,N,VIIRS,n,2,282.4,0.89,N,2
26.61485,101.47327,302.62,0.41,0.37,2021-09-17,1905,N,VIIRS,n,2,284.26,0.6,N,2
26.61558,101.469,300.79,0.41,0.37,2021-09-17,1905,N,VIIRS,n,2,284.32,0.6,N,2
26.62183,101.45319,306.42,0.41,0.37,2021-09-17,1905,N,VIIRS,n,2,285.1,1.44,N,2
27.72332,102.21068,316.01,0.43,0.38,2021-09-17,1905,N,VIIRS,n,2,286.29,3.64,N,2
27.72544,102.20938,334.5,0.43,0.38,2021-09-17,1905,N,VIIRS,n,2,292.86,30.14,N,2
27.72887,102.2102,308.76,0.43,0.38,2021-09-17,1905,N,VIIRS,n,2,287.97,2.12,N,2
27.74265,102.21328,311.17,0.43,0.38,2021-09-17,1905,N,VIIRS,n,2,290.88,2.37,N,2
27.74413,102.2049,321.2,0.43,0.38,2021-09-17,1905,N,VIIRS,n,2,290.84,2.38,N,2
27.74684,102.20985,305.9,0.43,0.38,2021-09-17,1905,N,VIIRS,n,2,289.93,2.37,N,2
27.74833,102.20141,304.91,0.43,0.38,2021-09-17,1905,N,VIIRS,n,2,289.09,2.38,N,0
20.8125,108.89967,334.89,0.44,0.62,2021-09-17,1906,N,VIIRS,n,2,289.51,2.71,N,3
20.81283,108.89944,341.01,0.44,0.62,2021-09-17,1906,N,VIIRS,n,2,289.55,2.72,N,3
20.81343,108.89544,306.98,0.44,0.62,2021-09-17,1906,N,VIIRS,n,2,289.3,2.71,N,3
20.81379,108.89523,306.63,0.44,0.62,2021-09-17,1906,N,VIIRS,n,2,289.21,2.72,N,3
20.81817,108.90115,333.62,0.44,0.62,2021-09-17,1906,N,VIIRS,n,2,289.73,2.71,N,3
20.8185,108.9009,336.84,0.44,0.62,2021-09-17,1906,N,VIIRS,n,2,289.68,2.72,N,3
21.27651,105.63587,305.65,0.54,0.51,2021-09-17,1906,N,VIIRS,n,2,286.7,1.02,N,0
21.68824,108.40218,306.36,0.39,0.6,2021-09-17,1906,N,VIIRS,n,2,288.94,1.67,N,2
22.17027,107.92912,306.1,0.36,0.57,2021-09-17,1906,N,VIIRS,n,2,285.76,0.75,N,2
22.65723,107.90024,303.08,0.35,0.57,2021-09-17,1906,N,VIIRS,n,2,287.07,0.49,N,2
22.65784,107.90014,305.49,0.35,0.57,2021-09-17,1906,N,VIIRS,n,2,287.21,0.58,N,2
22.93538,109.56395,306.47,0.44,0.62,2021-09-17,1906,N,VIIRS,n,2,287.72,1.08,N,2
23.55145,87.24448,300.78,0.45,0.63,2021-09-17,1906,N,VIIRS,n,2,275.61,1.72,N,3
23.5577,87.24055,313.38,0.45,0.63,2021-09-17,1906,N,VIIRS,n,2,279.1,3.11,N,2
23.75351,86.41908,303.02,0.51,0.66,2021-09-17,1906,N,VIIRS,n,2,276.68,1.9,N,2
23.75515,86.39819,297.09,0.51,0.66,2021-09-17,1906,N,VIIRS,n,2,272.52,0.94,N,2
23.77908,86.39075,303.08,0.51,0.66,2021-09-17,1906,N,VIIRS,n,2,273.75,2.54,N,2
23.78032,86.39583,301.08,0.51,0.66,2021-09-17,1906,N,VIIRS,n,2,274.25,1.42,N,2
23.78072,86.39074,303.46,0.51,0.66,2021-09-17,1906,N,VIIRS,n,2,273.51,1.42,N,2
24.36475,102.47902,305.32,0.48,0.4,2021-09-17,1906,N,VIIRS,n,2,284.04,2.05,N,2
19.2344,108.94372,303.67,0.48,0.64,2021-09-17,1907,N,VIIRS,n,2,285.7,0.92,N,2
19.27598,105.7072,304.27,0.59,0.53,2021-09-17,1907,N,VIIRS,n,2,289.05,1.19,N,2
19.35294,108.81373,306.99,0.47,0.64,2021-09-17,1907,N,VIIRS,n,2,284.95,0.83,N,0
19.76209,97.19253,304.62,0.39,0.36,2021-09-17,1907,N,VIIRS,n,2,273.39,0.55,N,0
20.07451,105.91315,315.03,0.59,0.53,2021-09-17,1907,N,VIIRS,n,2,289.39,2.6,N,2
21.68009,84.03821,297.52,0.69,0.74,2021-09-17,1907,N,VIIRS,n,2,269.27,1.29,N,2
21.75743,83.84087,296.62,0.71,0.75,2021-09-17,1907,N,VIIRS,n,2,267.86,0.8,N,2
21.76466,84.01781,295.58,0.69,0.74,2021-09-17,1907,N,VIIRS,n,2,264.84,0.9,N,2
21.76562,84.0186,297.05,0.69,0.74,2021-09-17,1907,N,VIIRS,n,2,265.29,1.88,N,2
22.80019,86.08945,301.84,0.52,0.67,2021-09-17,1907,N,VIIRS,n,2,268.5,1.09,N,2
52.06715,76.87331,301.07,0.48,0.4,2021-09-17,2039,N,VIIRS,n,2,279.36,1.02,N,2
52.06838,76.87302,301.02,0.48,0.4,2021-09-17,2039,N,VIIRS,n,2,278.93,0.86,N,2
52.08167,76.85489,301.26,0.48,0.4,2021-09-17,2039,N,VIIRS,n,2,277.4,0.81,N,2
52.08537,76.85593,299.99,0.48,0.4,2021-09-17,2039,N,VIIRS,n,2,277.28,0.81,N,2
52.25961,77.04321,307.22,0.48,0.4,2021-09-17,2039,N,VIIRS,n,2,282.73,1.32,N,2
53.15203,90.49784,308.83,0.52,0.42,2021-09-17,2039,N,VIIRS,n,2,278.27,1.09,N,0
51.21209,75.79588,295.44,0.51,0.41,2021-09-17,2040,N,VIIRS,n,2,278.11,0.78,N,2
51.25431,75.66,301.01,0.52,0.42,2021-09-17,2040,N,VIIRS,n,2,276.31,1,N,2
51.25505,75.65251,296.04,0.52,0.42,2021-09-17,2040,N,VIIRS,n,2,276.76,1,N,0
51.25813,75.66099,301.14,0.52,0.42,2021-09-17,2040,N,VIIRS,n,2,277.39,1,N,2
51.25827,75.69932,295.7,0.52,0.41,2021-09-17,2040,N,VIIRS,n,2,277.62,1.09,N,2
51.25986,75.72274,303.02,0.52,0.41,2021-09-17,2040,N,VIIRS,n,2,277.9,1.31,N,0
51.26048,75.67695,306.74,0.52,0.41,2021-09-17,2040,N,VIIRS,n,2,278.69,1.99,N,0
51.46295,75.67297,298.32,0.52,0.42,2021-09-17,2040,N,VIIRS,n,2,276.77,0.55,N,0
42.58441,91.33612,298.09,0.36,0.57,2021-09-17,2041,N,VIIRS,n,2,286.78,0.69,N,2
42.58768,91.33966,306.25,0.36,0.57,2021-09-17,2041,N,VIIRS,n,2,289.87,0.98,N,2
42.58883,91.33553,301.11,0.36,0.57,2021-09-17,2041,N,VIIRS,n,2,289.36,1.33,N,2
42.58937,91.33887,305,0.36,0.57,2021-09-17,2041,N,VIIRS,n,2,290.17,0.69,N,2
42.5905,91.33475,303.87,0.36,0.57,2021-09-17,2041,N,VIIRS,n,2,289.31,0.69,N,2
42.5938,91.33827,301.9,0.36,0.57,2021-09-17,2041,N,VIIRS,n,2,288.3,0.55,N,0
42.62059,88.61389,311.72,0.53,0.5,2021-09-17,2041,N,VIIRS,n,2,290.87,1.81,N,2
42.62359,88.61494,310.66,0.53,0.5,2021-09-17,2041,N,VIIRS,n,2,291.58,2.74,N,2
42.70421,93.34122,299.43,0.44,0.62,2021-09-17,2041,N,VIIRS,n,2,285.55,0.69,N,2
42.70654,93.56691,295.91,0.45,0.63,2021-09-17,2041,N,VIIRS,n,2,285.66,0.91,N,0
42.70732,93.37303,304.58,0.44,0.63,2021-09-17,2041,N,VIIRS,n,2,287.22,0.88,N,2
42.7136,93.56461,296.53,0.45,0.63,2021-09-17,2041,N,VIIRS,n,2,286.23,1.33,N,0
42.82308,87.92746,302.08,0.49,0.48,2021-09-17,2041,N,VIIRS,n,2,290.33,0.71,N,2
42.85513,88.01145,301.41,0.49,0.49,2021-09-17,2041,N,VIIRS,n,2,288.32,1.02,N,2
42.98813,90.1256,306.36,0.61,0.54,2021-09-17,2041,N,VIIRS,n,2,293.93,3.15,N,2
42.99005,90.11828,316.98,0.61,0.54,2021-09-17,2041,N,VIIRS,n,2,288.53,3.43,N,2
43.24548,87.66851,303.59,0.46,0.47,2021-09-17,2041,N,VIIRS,n,2,277.5,1.22,N,2
43.7865,87.38889,300.52,0.44,0.46,2021-09-17,2041,N,VIIRS,n,2,285.02,0.86,N,2
43.82705,82.79999,300.92,0.44,0.38,2021-09-17,2041,N,VIIRS,n,2,285.3,1.17,N,2
43.85357,87.32942,311.83,0.43,0.46,2021-09-17,2041,N,VIIRS,n,2,291.2,1.95,N,2
43.85479,87.32423,303.54,0.43,0.46,2021-09-17,2041,N,VIIRS,n,2,290.5,1.34,N,2
44.0848,88.45666,298.7,0.48,0.48,2021-09-17,2041,N,VIIRS,n,2,288.38,1.13,N,2
44.08757,88.46478,300.41,0.48,0.48,2021-09-17,2041,N,VIIRS,n,2,288.99,1.71,N,2
44.10405,89.63872,305.28,0.54,0.51,2021-09-17,2041,N,VIIRS,n,2,284.96,1.1,N,0
44.13857,86.11675,308.02,0.57,0.43,2021-09-17,2041,N,VIIRS,n,2,287.71,2.32,N,0
44.14316,88.19474,301.71,0.47,0.47,2021-09-17,2041,N,VIIRS,n,2,288.67,0.87,N,2
44.16213,80.75079,300.14,0.39,0.36,2021-09-17,2041,N,VIIRS,n,2,286.38,0.59,N,0
44.20423,85.76101,320.44,0.55,0.42,2021-09-17,2041,N,VIIRS,n,2,287.32,2.19,N,2
44.20782,86.9385,307.11,0.41,0.45,2021-09-17,2041,N,VIIRS,n,2,285.84,0.7,N,0
44.26865,80.4904,299.82,0.39,0.36,2021-09-17,2041,N,VIIRS,n,2,284.19,0.41,N,0
44.27752,85.61232,296.21,0.54,0.42,2021-09-17,2041,N,VIIRS,n,2,285.98,0.97,N,2
44.35119,93.21961,311.45,0.39,0.59,2021-09-17,2041,N,VIIRS,n,2,284.47,1.44,N,0
44.35508,87.678,302.39,0.44,0.46,2021-09-17,2041,N,VIIRS,n,2,285.77,1.27,N,2
44.35626,93.22278,296.65,0.39,0.59,2021-09-17,2041,N,VIIRS,n,2,284.87,0.44,N,0
44.36486,86.06527,304.76,0.56,0.43,2021-09-17,2041,N,VIIRS,n,2,291.67,1.68,N,2
44.45108,86.08713,298.22,0.56,0.43,2021-09-17,2041,N,VIIRS,n,2,287.21,2.2,N,2
44.45174,86.08786,303.47,0.56,0.43,2021-09-17,2041,N,VIIRS,n,2,288.41,1.51,N,2
44.45258,86.08035,310.05,0.56,0.43,2021-09-17,2041,N,VIIRS,n,2,290.44,2.81,N,2
44.45321,86.08105,312.54,0.56,0.43,2021-09-17,2041,N,VIIRS,n,2,291.75,1.51,N,2
44.4557,86.104,310.6,0.56,0.43,2021-09-17,2041,N,VIIRS,n,2,290.14,3.34,N,2
44.45639,86.08198,313.52,0.56,0.43,2021-09-17,2041,N,VIIRS,n,2,291.69,2.81,N,2
44.59858,86.05478,302.17,0.55,0.43,2021-09-17,2041,N,VIIRS,n,2,287.07,1.8,N,2
44.67906,89.08685,307.16,0.5,0.49,2021-09-17,2041,N,VIIRS,n,2,290.25,1.52,N,2
44.68056,89.08084,305,0.5,0.49,2021-09-17,2041,N,VIIRS,n,2,289.86,1.52,N,2
44.68578,83.0419,310.71,0.43,0.38,2021-09-17,2041,N,VIIRS,n,2,288.16,0.96,N,2
44.70734,82.03772,300,0.41,0.37,2021-09-17,2041,N,VIIRS,n,2,288.02,0.46,N,0
44.71612,82.06784,304.7,0.41,0.37,2021-09-17,2041,N,VIIRS,n,2,289.44,1.12,N,2
44.72424,90.26029,297.82,0.56,0.51,2021-09-17,2041,N,VIIRS,n,2,285.98,1.6,N,2
44.74126,90.25378,304.12,0.56,0.51,2021-09-17,2041,N,VIIRS,n,2,286.43,1.11,N,2
44.74567,82.06201,304.68,0.41,0.37,2021-09-17,2041,N,VIIRS,n,2,288.04,0.64,N,0
44.75478,82.07069,307.71,0.41,0.37,2021-09-17,2041,N,VIIRS,n,2,289.6,0.75,N,2
44.91031,89.17956,298.64,0.49,0.49,2021-09-17,2041,N,VIIRS,n,2,284.31,1.19,N,0
45.34947,86.92382,299.53,0.38,0.44,2021-09-17,2041,N,VIIRS,n,2,285.09,0.83,N,0
45.35333,86.92561,305.99,0.38,0.44,2021-09-17,2041,N,VIIRS,n,2,286.37,0.93,N,0
45.78286,74.33861,295.19,0.51,0.41,2021-09-17,2041,N,VIIRS,n,2,285.03,0.41,N,0
45.78663,74.33943,329.33,0.51,0.41,2021-09-17,2041,N,VIIRS,n,2,286.78,4.62,N,0
47.86923,74.29288,299.03,0.54,0.42,2021-09-17,2041,N,VIIRS,n,2,282.28,0.63,N,0
38.20704,90.97337,298.95,0.46,0.63,2021-09-17,2042,N,VIIRS,n,2,272.65,0.95,N,2
40.20475,94.56126,295.93,0.6,0.7,2021-09-17,2042,N,VIIRS,n,2,283.6,1.08,N,2
40.22768,83.21968,315.15,0.51,0.41,2021-09-17,2042,N,VIIRS,n,2,283.92,2.29,N,0
40.34972,83.40968,313.53,0.52,0.41,2021-09-17,2042,N,VIIRS,n,2,283.12,1.34,N,0
40.50291,82.75906,312.33,0.48,0.4,2021-09-17,2042,N,VIIRS,n,2,283.68,1.47,N,0
40.63678,82.69863,304.59,0.48,0.4,2021-09-17,2042,N,VIIRS,n,2,283.03,0.92,N,0
40.7128,82.73768,303.61,0.48,0.4,2021-09-17,2042,N,VIIRS,n,2,281.42,1.07,N,0
40.71368,82.73698,310.66,0.48,0.4,2021-09-17,2042,N,VIIRS,n,2,281.95,1.25,N,0
40.8114,83.88379,306.29,0.53,0.42,2021-09-17,2042,N,VIIRS,n,2,279.65,1.53,N,0
40.81411,83.88462,329.59,0.53,0.42,2021-09-17,2042,N,VIIRS,n,2,282.83,5.07,N,0
40.81516,83.88515,320.61,0.53,0.42,2021-09-17,2042,N,VIIRS,n,2,282.09,2.56,N,0
40.83049,83.53281,304.35,0.51,0.41,2021-09-17,2042,N,VIIRS,n,2,281.82,0.93,N,0
40.85432,83.00486,298.4,0.49,0.4,2021-09-17,2042,N,VIIRS,n,2,283.02,0.46,N,0
40.87179,83.02425,295.61,0.49,0.4,2021-09-17,2042,N,VIIRS,n,2,281.59,0.54,N,2
40.87268,83.02952,308.96,0.49,0.4,2021-09-17,2042,N,VIIRS,n,2,283.26,0.93,N,2
41.0343,80.16412,300.44,0.4,0.37,2021-09-17,2042,N,VIIRS,n,2,287.29,1.15,N,2
41.06742,80.11479,306.08,0.4,0.37,2021-09-17,2042,N,VIIRS,n,2,289.39,0.78,N,2
41.31664,83.85422,296.35,0.52,0.41,2021-09-17,2042,N,VIIRS,n,2,281.12,0.35,N,0
41.36651,82.7421,301.43,0.47,0.4,2021-09-17,2042,N,VIIRS,n,2,282.87,0.72,N,0
41.36652,82.74078,305.67,0.47,0.4,2021-09-17,2042,N,VIIRS,n,2,282.67,0.63,N,0
41.42454,83.57906,310.43,0.5,0.41,2021-09-17,2042,N,VIIRS,n,2,285.52,2.24,N,0
41.42493,83.57991,317.29,0.5,0.41,2021-09-17,2042,N,VIIRS,n,2,286.19,1.28,N,0
41.73772,81.13925,303.06,0.41,0.37,2021-09-17,2042,N,VIIRS,n,2,282.24,0.6,N,0
41.76311,83.27515,300.99,0.48,0.4,2021-09-17,2042,N,VIIRS,n,2,289.05,1.21,N,2
41.81785,88.86963,311.49,0.57,0.52,2021-09-17,2042,N,VIIRS,n,2,282.26,2.53,N,0
41.82011,88.90105,305.91,0.58,0.52,2021-09-17,2042,N,VIIRS,n,2,286,1.7,N,0
41.82068,88.87864,312.74,0.57,0.52,2021-09-17,2042,N,VIIRS,n,2,285.63,3.54,N,0
41.82183,88.89429,295.01,0.57,0.52,2021-09-17,2042,N,VIIRS,n,2,284.17,1.7,N,0
41.82239,88.87194,303.67,0.57,0.52,2021-09-17,2042,N,VIIRS,n,2,284.13,2.53,N,0
41.82576,81.77618,308.8,0.43,0.38,2021-09-17,2042,N,VIIRS,n,2,289.67,1.13,N,2
41.82616,81.75462,322.4,0.43,0.38,2021-09-17,2042,N,VIIRS,n,2,289.28,2.54,N,2
41.83948,81.78072,297.14,0.43,0.38,2021-09-17,2042,N,VIIRS,n,2,286.43,0.59,N,2
42.09695,81.85717,303.59,0.43,0.38,2021-09-17,2042,N,VIIRS,n,2,282.95,1.19,N,0
42.13666,83.11889,305.49,0.47,0.4,2021-09-17,2042,N,VIIRS,n,2,286.72,1.83,N,2
42.65825,74.28462,303.66,0.47,0.4,2021-09-17,2042,N,VIIRS,n,2,283.77,0.91,N,0
42.71867,74.20753,299.63,0.47,0.4,2021-09-17,2042,N,VIIRS,n,2,284.7,0.77,N,0
42.71931,74.20198,295.16,0.48,0.4,2021-09-17,2042,N,VIIRS,n,2,282.03,0.77,N,0
42.72237,74.20795,315.92,0.47,0.4,2021-09-17,2042,N,VIIRS,n,2,287.41,2.38,N,0
42.91381,74.87586,300.93,0.45,0.39,2021-09-17,2042,N,VIIRS,n,2,285.48,1.91,N,2
42.91448,74.87033,318.98,0.45,0.39,2021-09-17,2042,N,VIIRS,n,2,289.16,1.91,N,2
43.28305,81.85614,300.2,0.42,0.37,2021-09-17,2042,N,VIIRS,n,2,283.2,0.67,N,2
43.44254,82.48344,300.56,0.43,0.38,2021-09-17,2042,N,VIIRS,n,2,288.06,1.09,N,2
43.5184,81.99998,300.74,0.42,0.38,2021-09-17,2042,N,VIIRS,n,2,287.77,1.01,N,0
43.52591,81.95928,296.96,0.42,0.37,2021-09-17,2042,N,VIIRS,n,2,285.15,0.67,N,2
43.52684,81.9542,300.72,0.42,0.37,2021-09-17,2042,N,VIIRS,n,2,286.05,0.67,N,2
43.52873,83.29715,306.13,0.45,0.39,2021-09-17,2042,N,VIIRS,n,2,288.47,1.5,N,2
43.52929,81.96048,305.06,0.42,0.37,2021-09-17,2042,N,VIIRS,n,2,290.37,1.29,N,2
43.53022,81.95541,308.53,0.42,0.37,2021-09-17,2042,N,VIIRS,n,2,288.8,1.29,N,2
43.53059,83.26841,308.67,0.45,0.39,2021-09-17,2042,N,VIIRS,n,2,285.55,1.63,N,0
43.53358,81.95662,309.26,0.42,0.37,2021-09-17,2042,N,VIIRS,n,2,289.89,1.29,N,2
43.54802,81.50609,298.63,0.41,0.37,2021-09-17,2042,N,VIIRS,n,2,285.9,0.36,N,2
43.92862,81.79344,300.69,0.41,0.37,2021-09-17,2042,N,VIIRS,n,2,287.89,0.99,N,2
43.96431,80.60555,299.42,0.39,0.36,2021-09-17,2042,N,VIIRS,n,2,286.94,0.71,N,0
36.99916,80.19176,306.62,0.44,0.38,2021-09-17,2043,N,VIIRS,n,2,289.29,1.56,N,2
37.1432,79.49667,305.14,0.42,0.37,2021-09-17,2043,N,VIIRS,n,2,288.97,1.07,N,0
38.21747,77.1016,302.18,0.38,0.36,2021-09-17,2043,N,VIIRS,n,2,288.95,0.68,N,0
38.65721,76.17018,305.55,0.39,0.36,2021-09-17,2043,N,VIIRS,n,2,287.48,0.87,N,2
39.53074,76.04819,300.05,0.4,0.37,2021-09-17,2043,N,VIIRS,n,2,289.29,0.57,N,0
39.64643,75.92149,298.37,0.4,0.37,2021-09-17,2043,N,VIIRS,n,2,288.33,0.64,N,0
39.6497,75.8984,303.64,0.4,0.37,2021-09-17,2043,N,VIIRS,n,2,289.04,0.95,N,0
39.65053,75.94154,309.62,0.4,0.37,2021-09-17,2043,N,VIIRS,n,2,290.96,0.99,N,2
39.81578,79.02271,303.42,0.39,0.36,2021-09-17,2043,N,VIIRS,n,2,291.35,0.83,N,2
35.36084,74.17709,306.98,0.41,0.37,2021-09-17,2044,N,VIIRS,n,2,286.25,0.74,N,0
35.39276,73.89481,300.51,0.42,0.37,2021-09-17,2044,N,VIIRS,n,2,287.47,0.83,N,0
29.22577,88.35063,306.58,0.56,0.69,2021-09-17,2045,N,VIIRS,n,2,278.33,2.08,N,2
30.28851,76.4017,304.1,0.4,0.37,2021-09-17,2045,N,VIIRS,n,2,292.1,0.44,N,0
31.25188,76.92837,303.8,0.4,0.37,2021-09-17,2045,N,VIIRS,n,2,289.41,0.5,N,0
31.25927,76.92587,301.43,0.4,0.37,2021-09-17,2045,N,VIIRS,n,2,289.66,0.29,N,2
31.62114,74.43293,305.9,0.39,0.36,2021-09-17,2045,N,VIIRS,n,2,293.92,1.13,N,0
31.70738,74.25943,306.37,0.39,0.36,2021-09-17,2045,N,VIIRS,n,2,294.32,0.6,N,0
26.28938,80.30979,300.46,0.44,0.46,2021-09-17,2046,N,VIIRS,n,2,289.53,1.53,N,0
28.81943,77.1633,307.5,0.43,0.38,2021-09-17,2046,N,VIIRS,n,2,291.73,0.92,N,0
20.96848,85.16328,296.72,0.55,0.68,2021-09-17,2047,N,VIIRS,n,2,262.53,2.43,N,2
21.75609,84.02603,309.78,0.45,0.63,2021-09-17,2047,N,VIIRS,n,2,276.05,1.25,N,2
21.75679,84.0239,311.5,0.45,0.63,2021-09-17,2047,N,VIIRS,n,2,275.78,1.55,N,2
21.7635,84.02106,303.25,0.45,0.63,2021-09-17,2047,N,VIIRS,n,2,277.92,1.55,N,2
21.76382,84.01891,303.61,0.45,0.63,2021-09-17,2047,N,VIIRS,n,2,277.39,2.82,N,2
21.76854,84.0248,302.5,0.45,0.63,2021-09-17,2047,N,VIIRS,n,2,278.29,0.92,N,2
21.76955,84.02042,308.4,0.45,0.63,2021-09-17,2047,N,VIIRS,n,2,278.71,0.92,N,2
21.79449,83.88311,295.54,0.44,0.63,2021-09-17,2047,N,VIIRS,n,2,268.82,0.61,N,2
21.87681,83.55466,304.68,0.42,0.61,2021-09-17,2047,N,VIIRS,n,2,277.28,1.15,N,2
21.92315,83.35144,308.09,0.41,0.6,2021-09-17,2047,N,VIIRS,n,2,270.37,1.27,N,2
22.00573,82.67155,300.64,0.37,0.58,2021-09-17,2047,N,VIIRS,n,2,264.59,0.61,N,2
22.03375,83.74324,308.73,0.43,0.62,2021-09-17,2047,N,VIIRS,n,2,278.87,1.59,N,2
22.03661,83.74614,299.15,0.43,0.62,2021-09-17,2047,N,VIIRS,n,2,278.53,1.64,N,2
22.03755,83.74196,299.46,0.43,0.62,2021-09-17,2047,N,VIIRS,n,2,278.62,2.05,N,2
22.05622,83.72308,297.13,0.43,0.62,2021-09-17,2047,N,VIIRS,n,2,273.25,0.52,N,2
22.06184,83.72446,296.51,0.43,0.62,2021-09-17,2047,N,VIIRS,n,2,272.33,0.52,N,2
23.67871,86.08494,295.23,0.55,0.68,2021-09-17,2047,N,VIIRS,n,2,267.85,0.97,N,2
23.69016,86.38996,302.54,0.57,0.69,2021-09-17,2047,N,VIIRS,n,2,273.52,1.55,N,2
23.69105,86.39094,300.19,0.57,0.69,2021-09-17,2047,N,VIIRS,n,2,272.96,0.87,N,2
23.80334,86.32875,295.62,0.56,0.69,2021-09-17,2047,N,VIIRS,n,2,268.98,1.49,N,2
26.27222,74.19152,312.15,0.38,0.36,2021-09-17,2047,N,VIIRS,n,2,294.25,1.46,N,2
26.29968,74.12511,305.39,0.38,0.36,2021-09-17,2047,N,VIIRS,n,2,292.75,0.64,N,0
19.78536,79.14729,301.96,0.49,0.48,2021-09-17,2048,N,VIIRS,n,2,284.93,2.2,N,2
20.127,79.02472,297.83,0.47,0.48,2021-09-17,2048,N,VIIRS,n,2,280.52,0.68,N,2
20.12789,79.02023,299.01,0.47,0.48,2021-09-17,2048,N,VIIRS,n,2,281.19,0.68,N,2
52.25899,77.04784,303.79,0.5,0.66,2021-09-17,2219,N,VIIRS,n,2,280.97,2.19,N,2
52.26045,77.0432,297.22,0.5,0.66,2021-09-17,2219,N,VIIRS,n,2,278.25,1.3,N,2
48.00115,76.40665,308.87,0.68,0.74,2021-09-17,2220,N,VIIRS,n,2,272.02,2,N,0
48.00735,76.41139,302.08,0.68,0.74,2021-09-17,2220,N,VIIRS,n,2,277.14,3.25,N,0
48.01671,76.34403,301.18,0.68,0.74,2021-09-17,2220,N,VIIRS,n,2,281.02,2.5,N,0
48.02287,76.41257,296.62,0.68,0.74,2021-09-17,2220,N,VIIRS,n,2,277.69,2.59,N,0
48.02568,76.42634,301.12,0.68,0.74,2021-09-17,2220,N,VIIRS,n,2,278.11,2.59,N,0
48.02886,76.41785,313.74,0.68,0.74,2021-09-17,2220,N,VIIRS,n,2,282.43,2.59,N,0
48.07136,76.38934,352.49,0.68,0.74,2021-09-17,2220,N,VIIRS,n,2,275.28,11.25,N,0
51.25298,75.65684,305.78,0.49,0.65,2021-09-17,2220,N,VIIRS,n,2,275.13,1.17,N,2
51.25831,75.66159,304.77,0.49,0.65,2021-09-17,2220,N,VIIRS,n,2,276.24,2.39,N,2
51.25924,75.67914,297.96,0.49,0.65,2021-09-17,2220,N,VIIRS,n,2,275.67,1.07,N,0
51.26094,75.67852,303.59,0.49,0.65,2021-09-17,2220,N,VIIRS,n,2,276.18,1.49,N,0
45.78556,74.33984,295.52,0.67,0.74,2021-09-17,2221,N,VIIRS,n,2,283.51,0.39,N,0
46.81674,74.94199,304.91,0.66,0.73,2021-09-17,2221,N,VIIRS,n,2,282.72,5.31,N,2
46.81969,74.93382,343.15,0.66,0.73,2021-09-17,2221,N,VIIRS,n,2,283.19,8.91,N,2
48.0067,76.40986,296.3,0.68,0.74,2021-09-17,2221,N,VIIRS,n,2,274.81,2.02,N,0
48.01587,76.34212,304.92,0.68,0.74,2021-09-17,2221,N,VIIRS,n,2,281.18,1.47,N,0
48.02502,76.42487,296.68,0.68,0.74,2021-09-17,2221,N,VIIRS,n,2,275.48,4.34,N,0
48.02817,76.41632,304.58,0.68,0.74,2021-09-17,2221,N,VIIRS,n,2,280.07,4.93,N,0
47.87631,131.42737,326.45,0.37,0.58,2021-09-18,304,N,VIIRS,n,2,292.57,1.59,D,0
18.28702,121.52766,340.74,0.56,0.51,2021-09-18,436,N,VIIRS,n,2,292.68,5.89,D,0
18.28905,121.53014,339.6,0.55,0.51,2021-09-18,436,N,VIIRS,n,2,292.76,5.47,D,0
24.18593,114.76789,327.22,0.56,0.68,2021-09-18,438,N,VIIRS,n,2,287.38,4.87,D,0
24.18728,114.77341,340.54,0.56,0.68,2021-09-18,438,N,VIIRS,n,2,287.6,4.87,D,0
24.18972,114.76995,351.82,0.55,0.68,2021-09-18,438,N,VIIRS,n,2,287.55,9.94,D,0
25.45493,114.89017,328.44,0.51,0.66,2021-09-18,439,N,VIIRS,n,2,294.27,5.01,D,2
26.09718,112.88156,328.47,0.65,0.73,2021-09-18,439,N,VIIRS,n,2,287.15,5.28,D,0
26.18209,112.23421,337.46,0.71,0.75,2021-09-18,439,N,VIIRS,n,2,285.51,7.64,D,0
26.18288,112.23696,330.8,0.7,0.75,2021-09-18,439,N,VIIRS,n,2,285.98,6.33,D,0
26.84757,114.45335,331.94,0.5,0.66,2021-09-18,439,N,VIIRS,n,2,295.82,4.28,D,0
26.84826,114.45701,337.63,0.51,0.66,2021-09-18,439,N,VIIRS,n,2,296.37,5.88,D,0
27.18987,114.27554,352.21,0.51,0.66,2021-09-18,439,N,VIIRS,n,2,296.56,30.54,D,0
27.19134,114.28134,367,0.51,0.66,2021-09-18,439,N,VIIRS,h,2,295.66,30.54,D,0
29.20588,119.83936,328.44,0.44,0.46,2021-09-18,440,N,VIIRS,l,2,301.61,2.22,D,0
29.87918,121.75555,330.09,0.51,0.41,2021-09-18,440,N,VIIRS,l,2,303.4,5.67,D,0
29.93164,121.70187,331.15,0.51,0.41,2021-09-18,440,N,VIIRS,l,2,301.17,3.99,D,0
30.02861,119.75034,329.86,0.43,0.46,2021-09-18,440,N,VIIRS,l,2,302.27,3.07,D,2
30.28683,121.41601,336.52,0.52,0.41,2021-09-18,440,N,VIIRS,n,2,302.02,3.55,D,0
30.3159,119.78483,330.14,0.42,0.45,2021-09-18,440,N,VIIRS,l,2,303.73,4.25,D,0
30.34847,121.28223,332.89,0.52,0.42,2021-09-18,440,N,VIIRS,n,2,295.71,2.5,D,3
30.84341,117.77766,334.11,0.53,0.5,2021-09-18,440,N,VIIRS,n,2,301.77,5.29,D,2
31.09953,118.02594,329.09,0.5,0.49,2021-09-18,440,N,VIIRS,n,2,299.81,2.92,D,2
31.13585,118.16898,329.34,0.49,0.49,2021-09-18,440,N,VIIRS,n,2,300.79,3.97,D,2
31.13703,118.17429,328.87,0.49,0.49,2021-09-18,440,N,VIIRS,l,2,301.19,3.85,D,2
31.13858,118.17097,334.66,0.49,0.49,2021-09-18,440,N,VIIRS,n,2,301.06,6.82,D,2
31.22515,121.01408,330.23,0.52,0.42,2021-09-18,440,N,VIIRS,n,2,299.28,3.77,D,0
31.24941,118.18674,328.65,0.49,0.49,2021-09-18,440,N,VIIRS,l,2,301.8,5.06,D,2
31.38907,119.306,335.77,0.42,0.45,2021-09-18,440,N,VIIRS,n,2,302.63,5.8,D,2
31.451,121.42024,331.53,0.5,0.41,2021-09-18,440,N,VIIRS,n,2,301.52,3.64,D,2
31.73524,120.01125,339.08,0.38,0.43,2021-09-18,440,N,VIIRS,n,2,301.11,0.45,D,0
31.73704,120.01111,331.5,0.38,0.43,2021-09-18,440,N,VIIRS,n,2,300.99,1.85,D,0
33.25982,131.64062,330.84,0.41,0.45,2021-09-18,440,N,VIIRS,n,2,300.77,3.42,D,2
33.26074,131.64944,337,0.41,0.45,2021-09-18,440,N,VIIRS,n,2,301.67,5.27,D,2
33.26121,131.65387,338.9,0.41,0.45,2021-09-18,440,N,VIIRS,n,2,300.27,5.27,D,2
33.7984,130.99013,332.41,0.57,0.43,2021-09-18,440,N,VIIRS,n,2,299.88,4.26,D,2
34.16771,131.2164,329.78,0.4,0.44,2021-09-18,440,N,VIIRS,n,2,299.08,5.96,D,2
34.48729,133.71431,342.4,0.55,0.51,2021-09-18,440,N,VIIRS,n,2,294.9,7.7,D,2
34.49203,133.71375,343.85,0.55,0.51,2021-09-18,440,N,VIIRS,n,2,298.03,18.52,D,3
32.96161,117.6283,330.08,0.49,0.48,2021-09-18,441,N,VIIRS,n,2,294.53,28.76,D,0
32.96272,117.6334,344.87,0.49,0.48,2021-09-18,441,N,VIIRS,n,2,306.52,73.26,D,0
32.96708,117.63206,345.91,0.49,0.48,2021-09-18,441,N,VIIRS,n,2,298.38,81.45,D,0
36.98571,126.72701,340.99,0.42,0.37,2021-09-18,441,N,VIIRS,n,2,306.92,4.56,D,2
36.98727,126.72968,345.1,0.42,0.37,2021-09-18,441,N,VIIRS,n,2,306.08,15.71,D,2
36.98914,126.7263,332.81,0.42,0.37,2021-09-18,441,N,VIIRS,n,2,302.5,4.56,D,3
36.98975,126.73099,329.6,0.42,0.37,2021-09-18,441,N,VIIRS,n,2,295.56,4.56,D,3
37.49034,126.64088,330.4,0.42,0.37,2021-09-18,441,N,VIIRS,l,2,304.47,2,D,2
39.44405,126.02173,331.31,0.42,0.37,2021-09-18,442,N,VIIRS,n,2,305.87,3.78,D,2
40.54415,123.09107,326.41,0.38,0.36,2021-09-18,442,N,VIIRS,n,2,295.98,1.53,D,0
40.64258,122.56654,332.4,0.38,0.36,2021-09-18,443,N,VIIRS,l,2,304.66,3.16,D,2
41.13455,122.97788,332.91,0.38,0.36,2021-09-18,443,N,VIIRS,n,2,297.9,1.68,D,2
41.13662,122.9915,328.02,0.38,0.36,2021-09-18,443,N,VIIRS,l,2,300.04,2.21,D,2
41.13731,122.99606,337.39,0.38,0.36,2021-09-18,443,N,VIIRS,n,2,299.85,2.21,D,2
41.1617,122.99902,337.47,0.38,0.36,2021-09-18,443,N,VIIRS,n,2,305.29,6.9,D,2
41.16499,122.99814,339.41,0.38,0.36,2021-09-18,443,N,VIIRS,n,2,300.37,6.9,D,2
41.21979,123.61876,326.43,0.39,0.36,2021-09-18,443,N,VIIRS,n,2,295.19,1.7,D,2
41.31857,125.00233,330.38,0.41,0.37,2021-09-18,443,N,VIIRS,n,2,290.11,2.86,D,0
41.52417,120.36796,326,0.41,0.37,2021-09-18,443,N,VIIRS,l,2,296.12,2.55,D,2
41.55425,121.2921,328.93,0.39,0.36,2021-09-18,443,N,VIIRS,n,2,280.68,3.34,D,2
41.7221,128.9538,329.48,0.56,0.43,2021-09-18,443,N,VIIRS,n,2,293.61,4.51,D,0
41.77566,126.02129,330.24,0.43,0.38,2021-09-18,443,N,VIIRS,l,2,304.17,2.81,D,2
41.84372,123.75579,347.02,0.39,0.36,2021-09-18,443,N,VIIRS,n,2,295.58,4.86,D,2
43.35904,132.29796,331.9,0.57,0.52,2021-09-18,443,N,VIIRS,n,2,297.71,4.2,D,0
43.59851,120.29935,330.7,0.4,0.37,2021-09-18,443,N,VIIRS,n,2,297.82,1.54,D,0
43.59932,120.30419,337.57,0.4,0.37,2021-09-18,443,N,VIIRS,n,2,301.36,3.25,D,0
43.60014,120.30901,349.29,0.4,0.37,2021-09-18,443,N,VIIRS,n,2,301.06,3.25,D,0
43.60345,120.30796,340.28,0.4,0.37,2021-09-18,443,N,VIIRS,n,2,298.43,3.25,D,0
43.65623,120.42545,341.64,0.39,0.36,2021-09-18,443,N,VIIRS,n,2,295.04,4.68,D,0
43.91095,132.00766,330.49,0.55,0.51,2021-09-18,443,N,VIIRS,n,2,296.82,1.5,D,0
43.911,132.00864,337.82,0.55,0.51,2021-09-18,443,N,VIIRS,n,2,297.66,4.55,D,0
43.94758,116.08711,330.65,0.52,0.41,2021-09-18,444,N,VIIRS,n,2,296.43,2.06,D,0
44.08397,120.28273,344.41,0.39,0.36,2021-09-18,444,N,VIIRS,n,2,299.55,3.72,D,0
44.52817,120.908,335.13,0.39,0.36,2021-09-18,444,N,VIIRS,n,2,297.2,2.05,D,0
44.53145,120.90696,335.64,0.39,0.36,2021-09-18,444,N,VIIRS,n,2,297.47,2.66,D,0
46.02375,121.98338,329.29,0.39,0.36,2021-09-18,444,N,VIIRS,n,2,293.77,2.18,D,0
47.22927,130.19183,326.38,0.49,0.49,2021-09-18,444,N,VIIRS,l,2,297.84,3.77,D,2
47.32202,132.47974,328.35,0.63,0.54,2021-09-18,444,N,VIIRS,n,2,292.73,2.89,D,0
47.32244,132.48846,328.11,0.63,0.54,2021-09-18,444,N,VIIRS,n,2,292.68,2.89,D,0
47.97885,121.1937,339.31,0.39,0.36,2021-09-18,445,N,VIIRS,n,2,288.54,6.08,D,0
18.2295,106.15254,335.58,0.42,0.38,2021-09-18,618,N,VIIRS,n,2,297.24,5.15,D,0
18.46351,105.52457,337.79,0.4,0.37,2021-09-18,618,N,VIIRS,n,2,296.6,3.52,D,0
18.93732,105.35251,335.69,0.4,0.37,2021-09-18,618,N,VIIRS,n,2,300.59,2.87,D,2
18.95467,105.25636,335.88,0.4,0.37,2021-09-18,618,N,VIIRS,n,2,298.28,3.44,D,0
18.99932,105.37383,343.2,0.4,0.37,2021-09-18,618,N,VIIRS,n,2,299.53,20.42,D,0
19.24185,105.09739,332.21,0.4,0.37,2021-09-18,618,N,VIIRS,n,2,296.65,2.8,D,0
19.24522,105.09684,335.82,0.4,0.37,2021-09-18,618,N,VIIRS,n,2,298.5,2.8,D,0
19.28665,110.61758,342.25,0.5,0.49,2021-09-18,618,N,VIIRS,n,2,292.59,4.69,D,0
20.07401,105.91419,334.08,0.43,0.38,2021-09-18,618,N,VIIRS,n,2,298.65,3.91,D,2
20.40283,105.90296,331.61,0.43,0.38,2021-09-18,618,N,VIIRS,n,2,299.34,4.83,D,0
20.53243,110.47974,337.54,0.5,0.49,2021-09-18,618,N,VIIRS,n,2,295.7,3.52,D,0
20.81388,108.90026,350.76,0.41,0.45,2021-09-18,618,N,VIIRS,n,2,294.42,6.59,D,3
21.23722,109.97012,332.91,0.48,0.48,2021-09-18,618,N,VIIRS,n,2,296.41,5.22,D,0
21.5099,110.73938,330.89,0.54,0.51,2021-09-18,618,N,VIIRS,n,2,293.77,4.21,D,0
21.72607,109.96259,337.96,0.49,0.48,2021-09-18,618,N,VIIRS,n,2,294.04,2.91,D,0
22.15809,109.58122,354.83,0.47,0.47,2021-09-18,618,N,VIIRS,n,2,295.11,16.64,D,0
21.66934,100.01783,325.18,0.45,0.39,2021-09-18,619,N,VIIRS,l,2,298.72,5.94,D,0
23.24067,111.57582,339.5,0.32,0.55,2021-09-18,619,N,VIIRS,n,2,293.2,6.45,D,0
23.52511,103.2674,330.13,0.39,0.36,2021-09-18,619,N,VIIRS,n,2,299.76,2.43,D,0
23.64122,111.43587,336.27,0.64,0.54,2021-09-18,619,N,VIIRS,n,2,290.89,7.86,D,0
23.90065,107.53815,332.68,0.56,0.43,2021-09-18,619,N,VIIRS,n,2,290.34,2.51,D,0
24.37638,109.37898,330.06,0.48,0.48,2021-09-18,619,N,VIIRS,n,2,295.93,4.51,D,2
24.81084,104.03365,344.39,0.4,0.37,2021-09-18,619,N,VIIRS,n,2,303.21,6.02,D,2
27.0235,112.42371,334.27,0.4,0.6,2021-09-18,620,N,VIIRS,n,2,288.28,2.76,D,0
27.06972,111.63638,337.25,0.36,0.57,2021-09-18,620,N,VIIRS,n,2,292.18,3.2,D,0
27.07001,111.63982,332.95,0.36,0.57,2021-09-18,620,N,VIIRS,n,2,291.94,3.2,D,0
30.82735,116.21883,327.92,0.73,0.76,2021-09-18,621,N,VIIRS,n,2,291.98,3.81,D,0
40.13947,98.85295,333.49,0.39,0.36,2021-09-18,624,N,VIIRS,n,2,302.87,2.53,D,0
40.14012,98.85749,333.61,0.39,0.36,2021-09-18,624,N,VIIRS,n,2,303.48,3.95,D,0
40.40722,95.65871,331.37,0.4,0.37,2021-09-18,624,N,VIIRS,l,2,302.65,3.18,D,0
40.47229,95.77237,354.26,0.4,0.37,2021-09-18,624,N,VIIRS,n,2,309.06,4.12,D,0
40.47562,95.77139,350.31,0.4,0.37,2021-09-18,624,N,VIIRS,n,2,307.76,4.12,D,0
40.47642,95.77606,338.72,0.4,0.37,2021-09-18,624,N,VIIRS,n,2,308.15,4.12,D,0
40.81267,83.88343,342.97,0.43,0.62,2021-09-18,625,N,VIIRS,n,2,313.09,4.29,D,0
40.81405,83.88829,338.19,0.43,0.62,2021-09-18,625,N,VIIRS,l,2,313.14,4.78,D,0
41.42299,83.57993,335.05,0.42,0.61,2021-09-18,625,N,VIIRS,n,2,308.58,2.08,D,0
41.81776,88.87764,343.36,0.46,0.47,2021-09-18,625,N,VIIRS,n,2,312.49,5.24,D,0
41.8185,88.90053,344.02,0.46,0.47,2021-09-18,625,N,VIIRS,n,2,315.1,6.22,D,0
41.82267,88.8987,344.08,0.46,0.47,2021-09-18,625,N,VIIRS,n,2,310.52,6.22,D,0
43.67563,95.00355,337.42,0.39,0.36,2021-09-18,625,N,VIIRS,n,2,311.68,0.98,D,0
43.68298,95.02654,340.64,0.39,0.36,2021-09-18,625,N,VIIRS,l,2,314.96,3.81,D,2
44.72261,90.26299,342.48,0.52,0.42,2021-09-18,625,N,VIIRS,l,2,317.13,4.6,D,2
45.22894,86.75412,340.9,0.47,0.48,2021-09-18,626,N,VIIRS,n,2,310.34,3.08,D,0
45.88991,82.11871,367,0.37,0.58,2021-09-18,626,N,VIIRS,h,2,306.57,6.7,D,0
45.8918,82.11323,335.04,0.37,0.58,2021-09-18,626,N,VIIRS,n,2,300.62,16.01,D,0
45.89312,82.1178,351.21,0.37,0.58,2021-09-18,626,N,VIIRS,n,2,310.26,16.01,D,0
45.89444,82.12235,354.22,0.37,0.58,2021-09-18,626,N,VIIRS,n,2,297.92,28.27,D,0
45.89491,82.11577,349.74,0.37,0.58,2021-09-18,626,N,VIIRS,n,2,305.64,29.14,D,0
45.89622,82.12033,355.54,0.37,0.58,2021-09-18,626,N,VIIRS,n,2,307.75,25.01,D,0
45.89752,82.12491,341.57,0.37,0.58,2021-09-18,626,N,VIIRS,n,2,301.85,25.01,D,0
45.89813,82.11488,367,0.37,0.58,2021-09-18,626,N,VIIRS,h,2,300.29,16.01,D,0
45.89946,82.11942,367,0.37,0.58,2021-09-18,626,N,VIIRS,h,2,309.41,28.27,D,0
45.90078,82.12399,339.15,0.37,0.58,2021-09-18,626,N,VIIRS,n,2,302.8,28.27,D,0
45.90122,82.11739,367,0.37,0.58,2021-09-18,626,N,VIIRS,h,2,302.61,25.01,D,0
45.90253,82.12197,367,0.37,0.58,2021-09-18,626,N,VIIRS,h,2,308.44,25.01,D,0
45.90446,82.11649,354.22,0.37,0.58,2021-09-18,626,N,VIIRS,n,2,298.37,16.46,D,0
45.90579,82.12105,367,0.37,0.58,2021-09-18,626,N,VIIRS,h,2,307.66,16.46,D,0
45.90752,82.11902,367,0.37,0.58,2021-09-18,626,N,VIIRS,h,2,302.6,10.83,D,0
46.81792,74.93081,345.68,0.69,0.74,2021-09-18,627,N,VIIRS,n,2,299.74,12.68,D,2
46.81811,74.93102,345.75,0.69,0.74,2021-09-18,627,N,VIIRS,n,2,299.68,9.55,D,2
46.89727,79.6009,336.68,0.44,0.62,2021-09-18,627,N,VIIRS,n,2,299.05,4.65,D,0
46.90091,79.59201,330.73,0.44,0.62,2021-09-18,627,N,VIIRS,n,2,298.2,3.99,D,0
46.9026,79.59741,345.66,0.44,0.62,2021-09-18,627,N,VIIRS,n,2,298.03,6.07,D,0
47.89603,81.52533,350.88,0.34,0.56,2021-09-18,627,N,VIIRS,n,2,302.63,3.61,D,0
47.89711,81.52917,333.34,0.34,0.56,2021-09-18,627,N,VIIRS,n,2,300.15,3.61,D,0
47.90211,76.36583,367,0.55,0.68,2021-09-18,627,N,VIIRS,h,2,304.62,26.19,D,0
47.90441,76.37257,351.16,0.55,0.68,2021-09-18,627,N,VIIRS,n,2,295.79,26.79,D,0
47.90672,76.37935,348.65,0.55,0.68,2021-09-18,627,N,VIIRS,n,2,303.17,26.79,D,0
47.90787,76.36163,343.31,0.55,0.68,2021-09-18,627,N,VIIRS,n,2,295.13,12.43,D,0
47.90908,76.38626,367,0.55,0.68,2021-09-18,627,N,VIIRS,h,2,297.69,34.9,D,0
47.91019,76.36843,352.88,0.55,0.68,2021-09-18,627,N,VIIRS,n,2,301.95,49.58,D,0
47.91151,76.3623,341.46,0.55,0.68,2021-09-18,627,N,VIIRS,n,2,295.73,24.67,D,0
47.91251,76.37524,336.99,0.55,0.68,2021-09-18,627,N,VIIRS,n,2,311.31,49.58,D,0
47.91386,76.36908,344.83,0.55,0.68,2021-09-18,627,N,VIIRS,n,2,311.7,24.67,D,0
47.91486,76.38213,367,0.55,0.68,2021-09-18,627,N,VIIRS,h,2,300.03,26.45,D,0
47.91592,76.36413,351.49,0.55,0.68,2021-09-18,627,N,VIIRS,n,2,296.21,49.58,D,0
47.91624,76.37592,367,0.55,0.68,2021-09-18,627,N,VIIRS,h,2,299.97,24.56,D,0
47.91722,76.38905,352.73,0.55,0.68,2021-09-18,627,N,VIIRS,n,2,298.05,26.45,D,0
47.91826,76.37099,367,0.55,0.68,2021-09-18,627,N,VIIRS,h,2,305.61,49.58,D,0
47.91862,76.38283,336.89,0.55,0.68,2021-09-18,627,N,VIIRS,n,2,296.04,24.56,D,0
47.91958,76.36476,342.54,0.55,0.68,2021-09-18,627,N,VIIRS,n,2,295.64,24.67,D,0
47.92062,76.37794,337.39,0.55,0.68,2021-09-18,627,N,VIIRS,n,2,297.38,26.45,D,0
47.92101,76.3897,341.59,0.55,0.68,2021-09-18,627,N,VIIRS,n,2,296.17,12.67,D,0
47.92196,76.37164,367,0.55,0.68,2021-09-18,627,N,VIIRS,h,2,299.05,24.56,D,0
47.92299,76.38488,329.6,0.55,0.68,2021-09-18,627,N,VIIRS,n,2,295.74,26.45,D,0
47.92395,76.3666,330.59,0.55,0.68,2021-09-18,627,N,VIIRS,n,2,295.16,4.26,D,0
47.92632,76.37356,331.85,0.55,0.68,2021-09-18,627,N,VIIRS,n,2,296.77,8.64,D,0
47.92766,76.36726,330.84,0.55,0.68,2021-09-18,627,N,VIIRS,n,2,295.73,6.72,D,0
47.93296,81.54681,367,0.34,0.56,2021-09-18,627,N,VIIRS,h,2,306.03,9.53,D,0
47.93668,81.54003,331.01,0.34,0.56,2021-09-18,627,N,VIIRS,n,2,304.25,9.31,D,0
47.93787,81.54414,354.13,0.34,0.56,2021-09-18,627,N,VIIRS,n,2,309.42,9.31,D,0
47.93904,81.54824,367,0.34,0.56,2021-09-18,627,N,VIIRS,h,2,300.39,20.54,D,0
47.93912,76.39008,328.53,0.55,0.68,2021-09-18,627,N,VIIRS,n,2,296.2,6.54,D,0
47.94056,76.38372,353.36,0.55,0.68,2021-09-18,627,N,VIIRS,n,2,296.31,20.36,D,0
47.94241,76.37863,367,0.55,0.68,2021-09-18,627,N,VIIRS,h,2,299.02,15.81,D,0
47.94293,76.39058,367,0.55,0.68,2021-09-18,627,N,VIIRS,h,2,300.45,24.54,D,0
47.94294,81.54204,354.81,0.34,0.56,2021-09-18,627,N,VIIRS,n,2,302.72,9.31,D,0
47.94384,76.37236,348.6,0.55,0.68,2021-09-18,627,N,VIIRS,n,2,296.73,11.21,D,0
47.94476,76.38556,367,0.55,0.68,2021-09-18,627,N,VIIRS,h,2,305.38,15.81,D,0
47.94621,76.37923,350.65,0.55,0.68,2021-09-18,627,N,VIIRS,n,2,299.3,11.21,D,0
47.94711,76.39248,336.46,0.55,0.68,2021-09-18,627,N,VIIRS,n,2,297.24,13.5,D,0
47.9481,76.37428,347.95,0.55,0.68,2021-09-18,627,N,VIIRS,n,2,297.54,15.81,D,0
47.9486,76.38615,367,0.55,0.68,2021-09-18,627,N,VIIRS,h,2,300.55,17.26,D,0
47.95279,76.3881,367,0.55,0.68,2021-09-18,627,N,VIIRS,h,2,299.82,13.5,D,0
47.95514,76.39503,328.51,0.55,0.68,2021-09-18,627,N,VIIRS,n,2,294.74,13.5,D,0
47.95669,76.38876,367,0.55,0.68,2021-09-18,627,N,VIIRS,h,2,297.89,17.26,D,0
47.9614,76.40244,344.13,0.55,0.68,2021-09-18,627,N,VIIRS,n,2,294.25,16.04,D,0
47.96377,76.4093,367,0.55,0.68,2021-09-18,627,N,VIIRS,h,2,298.2,17.95,D,0
47.96548,76.40441,367,0.55,0.68,2021-09-18,627,N,VIIRS,h,2,300.64,21.45,D,0
47.96782,76.41132,355.05,0.55,0.68,2021-09-18,627,N,VIIRS,n,2,298.33,24.11,D,0
47.96949,76.40504,350.49,0.55,0.68,2021-09-18,627,N,VIIRS,n,2,299.1,7.13,D,0
47.97762,76.40781,328.15,0.55,0.68,2021-09-18,627,N,VIIRS,n,2,297.23,7.13,D,0
47.99868,76.13237,338.56,0.56,0.69,2021-09-18,627,N,VIIRS,n,2,295.32,3.8,D,0
47.99968,76.13051,339.73,0.56,0.69,2021-09-18,627,N,VIIRS,n,2,295.5,7.25,D,0
48.00106,76.13936,338.85,0.56,0.69,2021-09-18,627,N,VIIRS,n,2,297.6,4.79,D,0
48.00209,76.13746,353.53,0.56,0.69,2021-09-18,627,N,VIIRS,n,2,299.22,7.25,D,0
48.0034,76.14623,327.25,0.56,0.69,2021-09-18,627,N,VIIRS,n,2,298.79,4.79,D,0
48.00447,76.14433,328.78,0.56,0.69,2021-09-18,627,N,VIIRS,n,2,297.62,7.33,D,0
48.11169,81.61108,333.75,0.33,0.55,2021-09-18,627,N,VIIRS,n,2,301.55,4.39,D,0
48.11292,81.61539,339.48,0.33,0.55,2021-09-18,627,N,VIIRS,n,2,301.7,4.39,D,0
48.11413,81.61969,367,0.33,0.55,2021-09-18,627,N,VIIRS,h,2,310.26,11.14,D,0
48.11533,81.60409,330.45,0.33,0.55,2021-09-18,627,N,VIIRS,l,2,304.27,2.86,D,0
48.11537,81.62404,351.26,0.33,0.55,2021-09-18,627,N,VIIRS,n,2,301.92,11.14,D,0
48.12023,81.60153,338.76,0.33,0.55,2021-09-18,627,N,VIIRS,n,2,303.26,2.86,D,0
48.12036,81.58218,367,0.33,0.55,2021-09-18,627,N,VIIRS,h,2,307.23,5.84,D,0
48.12145,81.60587,341.17,0.33,0.55,2021-09-18,627,N,VIIRS,n,2,303.98,5.24,D,0
48.12157,81.58644,350.68,0.33,0.55,2021-09-18,627,N,VIIRS,n,2,302.28,12.39,D,0
48.12271,81.61031,335.34,0.33,0.55,2021-09-18,627,N,VIIRS,l,2,305.54,5.24,D,0
48.12531,81.57977,333.26,0.33,0.55,2021-09-18,627,N,VIIRS,n,2,301.57,5.84,D,0
48.12627,81.62289,332.45,0.33,0.55,2021-09-18,627,N,VIIRS,n,2,305.43,13.35,D,0
48.12746,81.6469,335.56,0.33,0.55,2021-09-18,627,N,VIIRS,n,2,298.44,88.88,D,0
48.12861,81.65099,354.43,0.33,0.55,2021-09-18,627,N,VIIRS,n,2,299.58,157.08,D,0
48.12879,81.61195,340.45,0.33,0.55,2021-09-18,627,N,VIIRS,n,2,300.24,10.42,D,0
48.12975,81.65502,367,0.33,0.55,2021-09-18,627,N,VIIRS,h,2,305.65,157.08,D,0
48.12989,81.63568,354.27,0.33,0.55,2021-09-18,627,N,VIIRS,n,2,314.76,119.41,D,0
48.12998,81.61614,345.56,0.33,0.55,2021-09-18,627,N,VIIRS,n,2,314.06,10.42,D,0
48.13089,81.65903,367,0.33,0.55,2021-09-18,627,N,VIIRS,h,2,302.82,140.42,D,0
48.13109,81.63992,367,0.33,0.55,2021-09-18,627,N,VIIRS,l,2,341.18,88.88,D,0
48.13113,81.62022,367,0.33,0.55,2021-09-18,627,N,VIIRS,h,2,315.88,16.35,D,0
48.13114,81.6004,343.62,0.33,0.55,2021-09-18,627,N,VIIRS,n,2,299.93,8.37,D,0
48.13203,81.66305,352.62,0.33,0.55,2021-09-18,627,N,VIIRS,n,2,298.59,140.42,D,0
48.13226,81.64407,367,0.33,0.55,2021-09-18,627,N,VIIRS,l,2,337.99,88.88,D,0
48.13231,81.62439,351.34,0.33,0.55,2021-09-18,627,N,VIIRS,n,2,307.83,16.35,D,0
48.13237,81.60475,367,0.33,0.55,2021-09-18,627,N,VIIRS,h,2,308.32,8.37,D,0
48.13317,81.66708,367,0.33,0.55,2021-09-18,627,N,VIIRS,h,2,301.71,91.14,D,0
48.13341,81.64813,367,0.33,0.55,2021-09-18,627,N,VIIRS,l,2,360.6,157.08,D,0
48.13351,81.62864,367,0.33,0.55,2021-09-18,627,N,VIIRS,h,2,309.53,10.22,D,0
48.1336,81.60912,351.92,0.33,0.55,2021-09-18,627,N,VIIRS,n,2,306.57,10.42,D,0
48.13432,81.67117,367,0.33,0.55,2021-09-18,627,N,VIIRS,h,2,308.31,91.14,D,0
48.13455,81.65218,367,0.33,0.55,2021-09-18,627,N,VIIRS,l,2,376.57,157.08,D,0
48.13472,81.63291,367,0.33,0.55,2021-09-18,627,N,VIIRS,h,2,309.68,10.22,D,0
48.13482,81.61343,339.8,0.33,0.55,2021-09-18,627,N,VIIRS,n,2,306.32,10.42,D,0
48.13483,81.59357,349.71,0.33,0.55,2021-09-18,627,N,VIIRS,n,2,303.98,3.73,D,0
48.1355,81.67532,349.62,0.33,0.55,2021-09-18,627,N,VIIRS,n,2,299.04,52.88,D,0
48.1357,81.65621,367,0.33,0.55,2021-09-18,627,N,VIIRS,l,2,365.01,140.42,D,0
48.13592,81.63718,355.67,0.33,0.55,2021-09-18,627,N,VIIRS,n,2,305.4,8.82,D,0
48.13598,81.61754,341,0.33,0.55,2021-09-18,627,N,VIIRS,n,2,306.48,16.35,D,0
48.13667,81.67947,348.59,0.33,0.55,2021-09-18,627,N,VIIRS,n,2,298.1,52.88,D,0
48.13684,81.66027,367,0.33,0.55,2021-09-18,627,N,VIIRS,h,2,330.21,140.42,D,0
48.13707,81.64124,351.2,0.33,0.55,2021-09-18,627,N,VIIRS,n,2,306.04,8.82,D,0
48.13714,81.62164,334.47,0.33,0.55,2021-09-18,627,N,VIIRS,n,2,304.71,16.35,D,0
48.13783,81.68357,367,0.33,0.55,2021-09-18,627,N,VIIRS,h,2,300.41,36.47,D,0
48.138,81.66435,208,0.33,0.55,2021-09-18,627,N,VIIRS,l,2,321.92,91.14,D,0
48.1382,81.64523,346.55,0.33,0.55,2021-09-18,627,N,VIIRS,n,2,304.75,5.66,D,0
48.13831,81.62576,334.3,0.33,0.55,2021-09-18,627,N,VIIRS,n,2,302.9,10.22,D,0
48.13898,81.68763,351.33,0.33,0.55,2021-09-18,627,N,VIIRS,n,2,300.71,36.47,D,0
48.13932,81.64922,344.19,0.33,0.55,2021-09-18,627,N,VIIRS,n,2,303.81,5.66,D,0
48.14012,81.69169,367,0.33,0.55,2021-09-18,627,N,VIIRS,h,2,309.13,18.68,D,0
48.14032,81.67258,349.4,0.33,0.55,2021-09-18,627,N,VIIRS,n,2,320.55,52.88,D,0
48.14046,81.65324,346.6,0.33,0.55,2021-09-18,627,N,VIIRS,n,2,303.17,8.44,D,0
48.14128,81.6958,335.68,0.33,0.55,2021-09-18,627,N,VIIRS,n,2,299.14,18.68,D,0
48.14149,81.6767,345.32,0.33,0.55,2021-09-18,627,N,VIIRS,n,2,311.04,52.88,D,0
48.14264,81.68079,347.36,0.33,0.55,2021-09-18,627,N,VIIRS,n,2,318.96,36.47,D,0
48.14379,81.68486,367,0.33,0.55,2021-09-18,627,N,VIIRS,h,2,300.76,36.47,D,0
48.14494,81.68893,367,0.33,0.55,2021-09-18,627,N,VIIRS,h,2,305.22,18.68,D,0
48.14608,81.693,367,0.33,0.55,2021-09-18,627,N,VIIRS,h,2,305.59,18.68,D,0
48.14705,81.71622,331.95,0.33,0.55,2021-09-18,627,N,VIIRS,n,2,299.92,32.77,D,0
48.14725,81.69711,367,0.33,0.55,2021-09-18,627,N,VIIRS,h,2,300.39,88.54,D,0
48.14819,81.72026,367,0.33,0.55,2021-09-18,627,N,VIIRS,h,2,304.09,32.77,D,0
48.14958,81.70538,355.16,0.33,0.55,2021-09-18,627,N,VIIRS,n,2,323.01,56.72,D,0
48.15048,81.72839,367,0.33,0.55,2021-09-18,627,N,VIIRS,h,2,308.45,65.9,D,0
48.15073,81.70947,367,0.33,0.55,2021-09-18,627,N,VIIRS,h,2,306.54,56.72,D,0
48.15084,81.69005,347.99,0.33,0.55,2021-09-18,627,N,VIIRS,n,2,300.83,5.12,D,0
48.15187,81.71352,367,0.33,0.55,2021-09-18,627,N,VIIRS,h,2,309.62,32.77,D,0
48.15199,81.69414,356.57,0.33,0.55,2021-09-18,627,N,VIIRS,n,2,299.85,4.29,D,0
48.15317,81.69828,336.16,0.33,0.55,2021-09-18,627,N,VIIRS,n,2,298.21,4.29,D,0
48.15415,81.7216,349.66,0.33,0.55,2021-09-18,627,N,VIIRS,n,2,319.32,65.9,D,0
48.15529,81.72565,367,0.33,0.55,2021-09-18,627,N,VIIRS,h,2,298.81,65.9,D,0
48.15551,81.70662,333.49,0.33,0.55,2021-09-18,627,N,VIIRS,n,2,300.78,5.77,D,0
48.15666,81.71068,367,0.33,0.55,2021-09-18,627,N,VIIRS,h,2,304.71,12.1,D,0
48.15704,81.63255,353.31,0.33,0.55,2021-09-18,627,N,VIIRS,n,2,304.84,4.65,D,0
48.15779,81.71471,367,0.33,0.55,2021-09-18,627,N,VIIRS,h,2,310.17,12.1,D,0
48.15788,81.69521,337.66,0.33,0.55,2021-09-18,627,N,VIIRS,n,2,296.11,4.29,D,0
48.15894,81.7188,338.71,0.33,0.55,2021-09-18,627,N,VIIRS,n,2,297.04,14.91,D,0
48.16024,81.70357,347.71,0.33,0.55,2021-09-18,627,N,VIIRS,n,2,297.46,5.77,D,0
48.16139,81.70766,332.78,0.33,0.55,2021-09-18,627,N,VIIRS,n,2,296.52,12.1,D,0
48.16259,81.69205,355.63,0.33,0.55,2021-09-18,627,N,VIIRS,n,2,298.59,7.01,D,0
48.16377,81.69625,332.93,0.33,0.55,2021-09-18,627,N,VIIRS,n,2,295.68,5.18,D,0
48.1671,81.72794,345.19,0.33,0.55,2021-09-18,627,N,VIIRS,n,2,297.1,6.66,D,0
48.16724,81.70859,357.14,0.33,0.55,2021-09-18,627,N,VIIRS,n,2,300.06,10.36,D,0
48.16822,81.73194,367,0.33,0.55,2021-09-18,627,N,VIIRS,h,2,303.89,19.7,D,0
48.16836,81.71259,354.17,0.33,0.55,2021-09-18,627,N,VIIRS,n,2,299.28,10.74,D,0
48.16935,81.73596,352.95,0.33,0.55,2021-09-18,627,N,VIIRS,n,2,308.19,19.7,D,0
48.17049,81.74001,367,0.33,0.55,2021-09-18,627,N,VIIRS,h,2,298.28,22.16,D,0
48.17067,81.72082,332.85,0.33,0.55,2021-09-18,627,N,VIIRS,n,2,297.09,6.12,D,0
48.17183,81.72492,367,0.33,0.55,2021-09-18,627,N,VIIRS,h,2,301.85,6.12,D,0
48.17298,81.72903,367,0.33,0.55,2021-09-18,627,N,VIIRS,h,2,299.9,12.2,D,0
48.17433,81.69409,331.1,0.33,0.55,2021-09-18,627,N,VIIRS,n,2,298.64,1.99,D,0
48.18766,81.64199,340.24,0.33,0.55,2021-09-18,627,N,VIIRS,n,2,303.59,2.35,D,0
48.19004,81.63678,349.1,0.33,0.55,2021-09-18,627,N,VIIRS,n,2,304.69,4.75,D,0
48.20152,81.71153,332.1,0.33,0.55,2021-09-18,627,N,VIIRS,n,2,300.02,8.88,D,0
48.20271,81.7158,367,0.33,0.55,2021-09-18,627,N,VIIRS,h,2,308.37,8.88,D,0
48.20302,81.7215,333.55,0.33,0.55,2021-09-18,627,N,VIIRS,n,2,300.84,6.04,D,0
48.20378,81.69968,331.75,0.33,0.55,2021-09-18,627,N,VIIRS,n,2,299.8,3.82,D,0
48.20388,81.72002,367,0.33,0.55,2021-09-18,627,N,VIIRS,h,2,302.62,14.34,D,0
48.20408,81.70565,340.89,0.33,0.55,2021-09-18,627,N,VIIRS,n,2,300.05,8.26,D,0
48.20421,81.72568,367,0.33,0.55,2021-09-18,627,N,VIIRS,h,2,304.45,6.04,D,0
48.20501,81.70408,343.05,0.33,0.55,2021-09-18,627,N,VIIRS,n,2,300.63,3.82,D,0
48.20506,81.72421,367,0.33,0.55,2021-09-18,627,N,VIIRS,h,2,302.9,14.34,D,0
48.2051,81.6896,367,0.33,0.55,2021-09-18,627,N,VIIRS,h,2,303.56,10.82,D,0
48.2053,81.70993,355.03,0.33,0.55,2021-09-18,627,N,VIIRS,n,2,309.14,17.21,D,0
48.20537,81.72977,347.2,0.33,0.55,2021-09-18,627,N,VIIRS,n,2,308.78,36.47,D,0
48.2062,81.70837,367,0.33,0.55,2021-09-18,627,N,VIIRS,h,2,304.83,8.88,D,0
48.2062,81.72832,353.72,0.33,0.55,2021-09-18,627,N,VIIRS,n,2,307.33,34.67,D,0
48.2063,81.69382,367,0.33,0.55,2021-09-18,627,N,VIIRS,h,2,311.1,10.82,D,0
48.20649,81.73368,354.87,0.32,0.55,2021-09-18,627,N,VIIRS,n,2,315.36,36.47,D,0
48.2065,81.71415,367,0.33,0.55,2021-09-18,627,N,VIIRS,h,2,306.48,17.21,D,0
48.2073,81.73227,349.86,0.33,0.55,2021-09-18,627,N,VIIRS,n,2,320.67,34.67,D,0
48.20739,81.71262,367,0.33,0.55,2021-09-18,627,N,VIIRS,h,2,302.56,8.88,D,0
48.20753,81.69813,336.31,0.33,0.55,2021-09-18,627,N,VIIRS,n,2,301.9,8.26,D,0
48.20757,81.73748,350.86,0.32,0.55,2021-09-18,627,N,VIIRS,n,2,298.92,18.01,D,0
48.2077,81.71835,348.88,0.33,0.55,2021-09-18,627,N,VIIRS,n,2,300.9,14.63,D,0
48.20838,81.73613,367,0.33,0.55,2021-09-18,627,N,VIIRS,h,2,314.95,44.64,D,0
48.20944,81.73993,332.71,0.32,0.55,2021-09-18,627,N,VIIRS,n,2,296.87,44.64,D,0
48.21001,81.72648,337.93,0.33,0.55,2021-09-18,627,N,VIIRS,n,2,304.24,21.88,D,0
48.21112,81.73035,341.9,0.32,0.55,2021-09-18,627,N,VIIRS,l,2,313.95,21.88,D,0
48.21194,81.72895,353.25,0.33,0.55,2021-09-18,627,N,VIIRS,n,2,309.27,34.67,D,0
48.21222,81.73421,367,0.32,0.55,2021-09-18,627,N,VIIRS,l,2,330.65,44.92,D,0
48.21303,81.73283,367,0.33,0.55,2021-09-18,627,N,VIIRS,h,2,332,44.64,D,0
48.21331,81.73806,367,0.32,0.55,2021-09-18,627,N,VIIRS,h,2,300.93,44.92,D,0
48.21364,81.50253,333.4,0.33,0.55,2021-09-18,627,N,VIIRS,n,2,302.31,4.54,D,0
48.21411,81.73672,367,0.32,0.55,2021-09-18,627,N,VIIRS,h,2,311.35,44.64,D,0
48.21471,81.72338,335.44,0.33,0.55,2021-09-18,627,N,VIIRS,n,2,303.21,21.88,D,0
48.21582,81.72726,354.66,0.32,0.55,2021-09-18,627,N,VIIRS,n,2,310.17,21.88,D,0
48.21691,81.7311,344.64,0.32,0.55,2021-09-18,627,N,VIIRS,n,2,314.7,44.92,D,0
48.21721,81.49523,350.51,0.33,0.55,2021-09-18,627,N,VIIRS,n,2,304.17,4.54,D,0
48.218,81.73494,367,0.32,0.55,2021-09-18,627,N,VIIRS,h,2,305.47,44.92,D,0
48.21842,81.49951,367,0.33,0.55,2021-09-18,627,N,VIIRS,h,2,305.12,4.54,D,0
48.21911,81.73884,367,0.32,0.55,2021-09-18,627,N,VIIRS,h,2,305.95,22.85,D,0
48.21964,81.50382,356.34,0.33,0.55,2021-09-18,627,N,VIIRS,n,2,303.1,8.2,D,0
48.22024,81.74281,352.58,0.32,0.55,2021-09-18,627,N,VIIRS,n,2,308.85,22.85,D,0
48.22137,81.7468,367,0.32,0.55,2021-09-18,627,N,VIIRS,h,2,306.13,30,D,0
48.22382,81.73581,367,0.32,0.55,2021-09-18,627,N,VIIRS,h,2,305.28,16.47,D,0
48.22495,81.73977,355.3,0.32,0.55,2021-09-18,627,N,VIIRS,n,2,310.04,16.47,D,0
48.22609,81.74377,367,0.32,0.55,2021-09-18,627,N,VIIRS,h,2,307.47,48.02,D,0
48.22744,81.7289,355.1,0.32,0.55,2021-09-18,627,N,VIIRS,n,2,303.19,15.43,D,0
48.22808,81.47396,331.99,0.33,0.56,2021-09-18,627,N,VIIRS,n,2,301.19,2.32,D,0
48.22832,81.75166,342.72,0.32,0.55,2021-09-18,627,N,VIIRS,n,2,296.59,26.44,D,0
48.22855,81.73281,367,0.32,0.55,2021-09-18,627,N,VIIRS,h,2,303.87,16.47,D,0
48.22926,81.49804,331.58,0.33,0.55,2021-09-18,627,N,VIIRS,n,2,301.13,3.56,D,0
48.22967,81.73677,331.38,0.32,0.55,2021-09-18,627,N,VIIRS,n,2,300.43,16.47,D,0
48.23045,81.50224,344.68,0.33,0.55,2021-09-18,627,N,VIIRS,n,2,302.43,3.56,D,0
48.2308,81.74075,367,0.32,0.55,2021-09-18,627,N,VIIRS,h,2,302.39,48.02,D,0
48.23305,81.74869,355.53,0.32,0.55,2021-09-18,627,N,VIIRS,n,2,305.57,26.44,D,0
48.23415,81.75259,367,0.32,0.55,2021-09-18,627,N,VIIRS,h,2,301.25,26.44,D,0
48.2355,81.7377,342.77,0.32,0.55,2021-09-18,627,N,VIIRS,n,2,299.44,6.52,D,0
48.23664,81.74173,367,0.32,0.55,2021-09-18,627,N,VIIRS,h,2,301.96,6.52,D,0
48.23681,81.72263,330.61,0.32,0.55,2021-09-18,627,N,VIIRS,n,2,299.22,3.88,D,0
48.23777,81.74571,353.56,0.32,0.55,2021-09-18,627,N,VIIRS,n,2,299.39,6.81,D,0
48.23888,81.74963,353.71,0.32,0.55,2021-09-18,627,N,VIIRS,n,2,298.67,6.81,D,0
48.24017,81.49684,330.36,0.33,0.55,2021-09-18,627,N,VIIRS,l,2,301.54,3.51,D,0
48.24133,81.52086,367,0.33,0.55,2021-09-18,627,N,VIIRS,h,2,303.43,9.47,D,0
48.24378,81.52956,343.79,0.33,0.55,2021-09-18,627,N,VIIRS,n,2,300.42,4.02,D,0
48.25915,81.70311,367,0.32,0.55,2021-09-18,627,N,VIIRS,h,2,305.21,9.98,D,0
48.26029,81.70715,335.9,0.32,0.55,2021-09-18,627,N,VIIRS,n,2,298.62,9.98,D,0
49.32792,74.14639,340.34,0.6,0.71,2021-09-18,628,N,VIIRS,n,2,292.04,4.23,D,0
49.32895,74.15018,338.74,0.6,0.71,2021-09-18,628,N,VIIRS,n,2,292.65,6.46,D,0
49.33062,74.15393,327.06,0.6,0.71,2021-09-18,628,N,VIIRS,n,2,291.74,4.23,D,0
20.79169,85.25488,339.05,0.52,0.5,2021-09-18,800,N,VIIRS,n,2,292.76,7.78,D,2
20.79529,85.25163,334.58,0.52,0.5,2021-09-18,800,N,VIIRS,n,2,290.82,12.47,D,2
21.92283,83.35114,335.29,0.41,0.45,2021-09-18,800,N,VIIRS,n,2,284.9,8.31,D,2
22.78966,86.19828,327.15,0.63,0.54,2021-09-18,800,N,VIIRS,n,2,289.7,4.44,D,2
22.79065,86.19991,328.22,0.63,0.54,2021-09-18,800,N,VIIRS,n,2,289.06,5.89,D,2
30.2918,76.2849,331.16,0.39,0.36,2021-09-18,802,N,VIIRS,n,2,295.56,1.81,D,0
30.33257,73.59634,332.99,0.4,0.37,2021-09-18,803,N,VIIRS,n,2,301.49,1.73,D,0
30.38386,73.61088,336.77,0.4,0.37,2021-09-18,803,N,VIIRS,n,2,302.42,4.65,D,0
30.40398,73.58481,335.69,0.4,0.37,2021-09-18,803,N,VIIRS,n,2,300.64,2.13,D,0
30.40467,73.58898,331.24,0.4,0.37,2021-09-18,803,N,VIIRS,n,2,300.47,2.13,D,0
30.40497,73.58611,348.5,0.4,0.37,2021-09-18,803,N,VIIRS,n,2,302.3,6.31,D,0
30.40833,73.58537,330.34,0.4,0.37,2021-09-18,803,N,VIIRS,n,2,299.2,6.31,D,0
30.45965,73.76749,335.97,0.4,0.37,2021-09-18,803,N,VIIRS,n,2,299.47,2.41,D,0
30.47457,73.62676,332.66,0.4,0.37,2021-09-18,803,N,VIIRS,n,2,299.55,0.84,D,0
30.47586,73.61354,331.5,0.4,0.37,2021-09-18,803,N,VIIRS,n,2,299.03,1.22,D,0
30.47922,73.61279,337.7,0.4,0.37,2021-09-18,803,N,VIIRS,n,2,300.04,3.86,D,0
30.49473,73.85371,333.19,0.4,0.37,2021-09-18,803,N,VIIRS,n,2,300.36,3.84,D,0
30.51306,73.6699,339.07,0.4,0.37,2021-09-18,803,N,VIIRS,n,2,300.1,4.52,D,0
30.52794,74.77895,335.15,0.39,0.36,2021-09-18,803,N,VIIRS,n,2,296.98,5.49,D,0
30.57107,73.722,332.39,0.4,0.37,2021-09-18,803,N,VIIRS,n,2,300.58,2.4,D,0
30.5745,73.74267,336.78,0.4,0.37,2021-09-18,803,N,VIIRS,n,2,300.58,5.96,D,0
30.6002,73.60374,337.03,0.4,0.37,2021-09-18,803,N,VIIRS,n,2,301.4,4.11,D,0
30.60356,73.60299,332.37,0.4,0.37,2021-09-18,803,N,VIIRS,n,2,298.79,4.11,D,0
30.61851,73.65136,333.91,0.4,0.37,2021-09-18,803,N,VIIRS,n,2,300.88,3.1,D,0
30.77727,73.7376,346.47,0.4,0.37,2021-09-18,803,N,VIIRS,n,2,304.65,28.9,D,0
30.78061,73.73685,355.2,0.4,0.37,2021-09-18,803,N,VIIRS,n,2,299.56,28.9,D,0
30.81237,73.86643,344.12,0.4,0.37,2021-09-18,803,N,VIIRS,n,2,298.19,10.7,D,0
31.07434,73.6229,339.51,0.4,0.37,2021-09-18,803,N,VIIRS,n,2,299.21,3.26,D,0
31.63319,75.02099,334.47,0.38,0.36,2021-09-18,803,N,VIIRS,n,2,296.92,2.72,D,0
31.65237,75.01283,333.97,0.38,0.36,2021-09-18,803,N,VIIRS,n,2,297.62,4.29,D,0
31.6589,75.07798,332.16,0.38,0.36,2021-09-18,803,N,VIIRS,n,2,296.16,1.96,D,0
31.67256,75.03355,332,0.38,0.36,2021-09-18,803,N,VIIRS,n,2,297.33,2.18,D,0
31.69859,74.9366,332.64,0.38,0.36,2021-09-18,803,N,VIIRS,n,2,297.11,2.25,D,0
31.71136,74.97554,332.7,0.38,0.36,2021-09-18,803,N,VIIRS,n,2,297.12,3.09,D,0
31.72597,75.00623,330.96,0.38,0.36,2021-09-18,803,N,VIIRS,n,2,296.65,2.01,D,0
31.73713,74.94563,338.84,0.38,0.36,2021-09-18,803,N,VIIRS,n,2,296.36,4.99,D,0
31.77271,75.06723,340.47,0.38,0.36,2021-09-18,803,N,VIIRS,n,2,295.29,4.05,D,0
31.89432,73.83493,341.58,0.39,0.36,2021-09-18,803,N,VIIRS,n,2,298.97,3.28,D,0
32.27158,73.65106,331.22,0.39,0.36,2021-09-18,803,N,VIIRS,n,2,297.59,1.32,D,0
40.2285,83.22021,341.13,0.32,0.55,2021-09-18,805,N,VIIRS,l,2,316.1,1.63,D,0
41.42477,83.57867,352.06,0.35,0.56,2021-09-18,805,N,VIIRS,n,2,310.24,3.67,D,0
41.82103,88.87312,336.45,0.65,0.73,2021-09-18,805,N,VIIRS,n,2,305.61,3.08,D,0
42.65015,74.28764,341.71,0.42,0.37,2021-09-18,806,N,VIIRS,n,2,309.42,6.34,D,0
42.65075,74.29229,356.33,0.42,0.37,2021-09-18,806,N,VIIRS,n,2,315.01,6.34,D,0
42.65136,74.29699,339.08,0.42,0.37,2021-09-18,806,N,VIIRS,n,2,308.28,6.29,D,0
42.65153,74.28971,367,0.42,0.37,2021-09-18,806,N,VIIRS,h,2,314.99,12.7,D,0
42.65213,74.29438,354.08,0.42,0.37,2021-09-18,806,N,VIIRS,n,2,313.9,9.03,D,0
42.65356,74.28676,337.15,0.42,0.37,2021-09-18,806,N,VIIRS,n,2,305.9,6.34,D,0
42.66044,74.28549,337.22,0.42,0.37,2021-09-18,806,N,VIIRS,l,2,307.3,25.06,D,0
42.66105,74.29026,346.9,0.42,0.37,2021-09-18,806,N,VIIRS,n,2,316.6,25.06,D,0
42.66168,74.29515,332.65,0.42,0.37,2021-09-18,806,N,VIIRS,n,2,299.02,2.89,D,0
42.71292,74.20119,338.26,0.41,0.37,2021-09-18,806,N,VIIRS,l,2,312.68,3.35,D,0
42.90615,74.87343,355.92,0.43,0.38,2021-09-18,806,N,VIIRS,n,2,309.87,12.77,D,0
43.38266,77.10523,338.21,0.53,0.42,2021-09-18,806,N,VIIRS,l,2,311.04,15.15,D,0
43.40468,77.00074,342.9,0.52,0.42,2021-09-18,806,N,VIIRS,n,2,312.78,7.47,D,0
43.40851,77.00003,344.72,0.52,0.42,2021-09-18,806,N,VIIRS,n,2,310.58,7.47,D,0
45.25567,78.10686,331.27,0.41,0.45,2021-09-18,807,N,VIIRS,n,2,303.71,1.83,D,0
45.78694,74.33834,340.15,0.44,0.39,2021-09-18,807,N,VIIRS,n,2,303.13,16.71,D,0
45.896,82.11633,355.77,0.32,0.54,2021-09-18,807,N,VIIRS,n,2,308.1,6.38,D,0
45.89623,82.12048,367,0.32,0.54,2021-09-18,807,N,VIIRS,h,2,307.4,12.07,D,0
45.90108,82.11581,367,0.32,0.54,2021-09-18,807,N,VIIRS,l,2,331.69,93.43,D,0
45.9013,82.11996,344.44,0.32,0.54,2021-09-18,807,N,VIIRS,n,2,306.61,34.39,D,0
45.90403,82.11171,349.21,0.32,0.54,2021-09-18,807,N,VIIRS,n,2,299.59,40.34,D,0
45.90422,82.11586,367,0.32,0.54,2021-09-18,807,N,VIIRS,h,2,310.34,40.34,D,0
45.90442,82.12,345.96,0.32,0.54,2021-09-18,807,N,VIIRS,n,2,307.27,16.25,D,0
45.90638,82.11943,367,0.32,0.54,2021-09-18,807,N,VIIRS,h,2,306.51,34.39,D,0
45.9095,82.11947,338.62,0.32,0.54,2021-09-18,807,N,VIIRS,n,2,302.38,16.25,D,0
45.9904,78.39782,338.91,0.43,0.46,2021-09-18,807,N,VIIRS,l,2,309.84,80.63,D,0
45.9913,78.40897,367,0.43,0.46,2021-09-18,807,N,VIIRS,h,2,339.05,84.45,D,0
45.99176,78.41455,367,0.43,0.46,2021-09-18,807,N,VIIRS,l,2,350.3,84.45,D,0
45.99221,78.42014,343.8,0.43,0.46,2021-09-18,807,N,VIIRS,n,2,301.37,67.24,D,0
45.99463,78.39711,350.2,0.43,0.46,2021-09-18,807,N,VIIRS,n,2,307.44,80.63,D,0
45.99553,78.40827,367,0.43,0.46,2021-09-18,807,N,VIIRS,h,2,306.42,84.45,D,0
45.99598,78.41385,340.25,0.43,0.46,2021-09-18,807,N,VIIRS,n,2,300.88,84.45,D,0
46.83374,74.95049,336.22,0.47,0.4,2021-09-18,807,N,VIIRS,l,2,311.08,5.6,D,2
47.875,76.36243,337.6,0.55,0.43,2021-09-18,807,N,VIIRS,n,2,307.05,7.44,D,0
47.87893,76.36162,341.63,0.55,0.43,2021-09-18,807,N,VIIRS,n,2,303.22,7.44,D,0
47.88286,76.36079,331.5,0.55,0.43,2021-09-18,807,N,VIIRS,l,2,303.97,6.95,D,0
47.88356,76.36823,334.27,0.55,0.43,2021-09-18,807,N,VIIRS,n,2,301.94,3.57,D,0
47.88608,76.35253,343.01,0.55,0.43,2021-09-18,807,N,VIIRS,n,2,305.24,6.95,D,0
47.88749,76.36739,335.28,0.55,0.43,2021-09-18,807,N,VIIRS,n,2,304.37,3.57,D,0
47.88819,76.37482,332.67,0.55,0.43,2021-09-18,807,N,VIIRS,n,2,301.43,3.57,D,0
47.89,76.35169,330.74,0.55,0.43,2021-09-18,807,N,VIIRS,l,2,304.06,5.11,D,0
47.89605,76.37315,339.24,0.55,0.43,2021-09-18,807,N,VIIRS,n,2,304.53,9.98,D,0
47.89785,76.35001,335.67,0.55,0.43,2021-09-18,807,N,VIIRS,n,2,305.29,4.35,D,0
47.9014,76.38723,338.95,0.55,0.43,2021-09-18,807,N,VIIRS,n,2,301.04,69.08,D,0
47.90248,76.35659,334.99,0.55,0.43,2021-09-18,807,N,VIIRS,l,2,305.38,4.35,D,0
47.90604,76.39381,333.75,0.55,0.43,2021-09-18,807,N,VIIRS,n,2,299.65,36.12,D,0
47.90926,76.38554,339.64,0.55,0.43,2021-09-18,807,N,VIIRS,n,2,305.79,10.26,D,0
47.90997,76.39298,345.02,0.55,0.43,2021-09-18,807,N,VIIRS,n,2,305.05,21.55,D,0
47.9139,76.39214,349.13,0.55,0.43,2021-09-18,807,N,VIIRS,n,2,307.63,21.55,D,0
47.91499,76.3616,333.58,0.55,0.43,2021-09-18,807,N,VIIRS,l,2,303.92,6.47,D,0
47.91737,76.36161,343.72,0.55,0.43,2021-09-18,807,N,VIIRS,n,2,303.84,6.78,D,0
47.91854,76.39874,334.34,0.55,0.43,2021-09-18,807,N,VIIRS,l,2,306.69,22.32,D,0
47.91892,76.36082,342.42,0.55,0.43,2021-09-18,807,N,VIIRS,n,2,305.17,6.47,D,0
47.92076,76.39877,332.87,0.55,0.43,2021-09-18,807,N,VIIRS,n,2,300.37,29.79,D,0
47.9213,76.36082,337.7,0.55,0.43,2021-09-18,807,N,VIIRS,n,2,305.57,6.78,D,0
47.92176,76.39044,333.33,0.55,0.43,2021-09-18,807,N,VIIRS,l,2,303.66,22.32,D,0
47.92247,76.39788,333.21,0.55,0.43,2021-09-18,807,N,VIIRS,n,2,302.96,22.32,D,0
47.92285,76.36005,333.38,0.55,0.43,2021-09-18,807,N,VIIRS,n,2,303.07,4.3,D,0
47.92356,76.36743,334.4,0.55,0.43,2021-09-18,807,N,VIIRS,n,2,304.21,4.3,D,0
47.92401,76.39046,334.15,0.55,0.43,2021-09-18,807,N,VIIRS,n,2,303.7,17.9,D,0
47.92591,76.36743,336.76,0.55,0.43,2021-09-18,807,N,VIIRS,n,2,304.38,3.26,D,0
47.92641,76.39702,346.59,0.55,0.43,2021-09-18,807,N,VIIRS,n,2,303.63,13.33,D,0
47.92749,76.36664,338.6,0.55,0.43,2021-09-18,807,N,VIIRS,n,2,303.5,4.3,D,0
47.92863,76.39704,344.73,0.55,0.43,2021-09-18,807,N,VIIRS,n,2,306.78,14.09,D,0
47.92985,76.36663,334.91,0.55,0.43,2021-09-18,807,N,VIIRS,n,2,304.05,3.26,D,0
47.93034,76.39619,344.95,0.55,0.43,2021-09-18,807,N,VIIRS,n,2,305.99,13.33,D,0
47.93143,76.36584,334.06,0.55,0.43,2021-09-18,807,N,VIIRS,l,2,304.64,3.6,D,0
47.93256,76.39622,339.72,0.55,0.43,2021-09-18,807,N,VIIRS,n,2,307.37,14.09,D,0
47.93324,76.40368,337.3,0.55,0.43,2021-09-18,807,N,VIIRS,n,2,300.75,14.09,D,0
47.93378,76.36584,333.65,0.55,0.43,2021-09-18,807,N,VIIRS,l,2,303.9,5.43,D,0
47.93428,76.39539,346.64,0.55,0.43,2021-09-18,807,N,VIIRS,n,2,309.81,15.74,D,0
47.93473,81.54328,341.54,0.62,0.54,2021-09-18,807,N,VIIRS,n,2,310.2,49.93,D,0
47.93499,76.40283,349.71,0.55,0.43,2021-09-18,807,N,VIIRS,n,2,309.39,24.15,D,0
47.93518,81.55228,349.47,0.62,0.54,2021-09-18,807,N,VIIRS,n,2,311.28,49.93,D,0
47.93607,76.37242,342.25,0.55,0.43,2021-09-18,807,N,VIIRS,n,2,305.64,5.69,D,0
47.9365,76.39542,347.34,0.55,0.43,2021-09-18,807,N,VIIRS,n,2,307.05,19.64,D,0
47.93718,76.40287,342.15,0.55,0.43,2021-09-18,807,N,VIIRS,n,2,310.3,19.64,D,0
47.93822,76.39459,347.63,0.55,0.43,2021-09-18,807,N,VIIRS,n,2,306.19,15.74,D,0
47.93839,76.37241,347.42,0.55,0.43,2021-09-18,807,N,VIIRS,n,2,305.38,5.43,D,0
47.93893,76.40204,355.32,0.55,0.43,2021-09-18,807,N,VIIRS,n,2,306.29,24.15,D,0
47.94019,81.55143,340.53,0.62,0.54,2021-09-18,807,N,VIIRS,n,2,305.74,35,D,0
47.94044,76.39464,344.31,0.55,0.43,2021-09-18,807,N,VIIRS,n,2,308.11,19.64,D,0
47.94064,81.56053,340.99,0.62,0.54,2021-09-18,807,N,VIIRS,n,2,298.22,27.87,D,0
47.94112,76.40208,352.84,0.55,0.43,2021-09-18,807,N,VIIRS,n,2,307.11,19.64,D,0
47.94233,76.37162,352.46,0.55,0.43,2021-09-18,807,N,VIIRS,n,2,307.57,10.01,D,0
47.94438,76.39386,339.92,0.55,0.43,2021-09-18,807,N,VIIRS,n,2,306.13,10.86,D,0
47.94558,76.36337,335.92,0.55,0.43,2021-09-18,807,N,VIIRS,n,2,307.27,10.01,D,0
47.94575,76.40873,345.5,0.55,0.43,2021-09-18,807,N,VIIRS,n,2,307.73,10.37,D,0
47.94626,76.37082,332.85,0.55,0.43,2021-09-18,807,N,VIIRS,l,2,304.75,10.01,D,0
47.94969,76.40794,347.42,0.55,0.43,2021-09-18,807,N,VIIRS,n,2,305.13,10.37,D,0
47.95019,76.36997,335,0.55,0.43,2021-09-18,807,N,VIIRS,l,2,305.67,3.1,D,0
47.95088,76.37741,341.76,0.55,0.43,2021-09-18,807,N,VIIRS,n,2,306.53,8.23,D,0
47.95295,76.39969,334.78,0.55,0.43,2021-09-18,807,N,VIIRS,l,2,307.49,15.89,D,0
47.95363,76.40714,331.71,0.55,0.43,2021-09-18,807,N,VIIRS,l,2,305.18,8.3,D,0
47.95412,76.36911,335.93,0.55,0.43,2021-09-18,807,N,VIIRS,n,2,305.2,3.1,D,0
47.9562,76.39146,344.17,0.55,0.43,2021-09-18,807,N,VIIRS,n,2,306.44,15.89,D,0
47.95688,76.3989,342,0.55,0.43,2021-09-18,807,N,VIIRS,n,2,307.52,15.89,D,0
47.95874,76.37572,335.21,0.55,0.43,2021-09-18,807,N,VIIRS,n,2,305.09,3.76,D,0
47.9622,76.41299,335.48,0.55,0.43,2021-09-18,807,N,VIIRS,n,2,302.73,14.11,D,0
47.96614,76.41219,347.03,0.55,0.43,2021-09-18,807,N,VIIRS,n,2,308.34,14.11,D,0
47.97008,76.41137,349.14,0.55,0.43,2021-09-18,807,N,VIIRS,n,2,307.56,17.41,D,0
47.97796,76.40968,336.33,0.55,0.43,2021-09-18,807,N,VIIRS,l,2,307.48,4.71,D,0
47.98721,76.12925,349.66,0.54,0.42,2021-09-18,807,N,VIIRS,n,2,306.07,11.19,D,0
47.9911,76.12843,332.36,0.54,0.42,2021-09-18,807,N,VIIRS,l,2,304.58,3.94,D,0
47.9957,76.13487,341.87,0.54,0.42,2021-09-18,807,N,VIIRS,n,2,305.3,3.94,D,0
47.99961,76.13411,339.49,0.54,0.42,2021-09-18,807,N,VIIRS,n,2,305.22,6.96,D,0
48.0074,76.13258,337.87,0.54,0.42,2021-09-18,807,N,VIIRS,n,2,305.36,2.17,D,0
48.01102,76.13148,333.81,0.54,0.42,2021-09-18,807,N,VIIRS,l,2,305.03,6.75,D,0
48.0113,76.13178,334.6,0.54,0.42,2021-09-18,807,N,VIIRS,l,2,304.85,2.17,D,0
48.11279,81.61343,339.99,0.63,0.54,2021-09-18,807,N,VIIRS,n,2,302.05,24.57,D,0
48.11319,81.622,355.15,0.63,0.54,2021-09-18,807,N,VIIRS,n,2,311.79,24.57,D,0
48.11359,81.63049,367,0.63,0.54,2021-09-18,807,N,VIIRS,h,2,310.66,36.34,D,0
48.11564,81.67441,343.77,0.63,0.54,2021-09-18,807,N,VIIRS,n,2,301.96,97,D,0
48.11605,81.68333,367,0.64,0.54,2021-09-18,807,N,VIIRS,h,2,329.78,266.06,D,0
48.11647,81.69228,367,0.64,0.54,2021-09-18,807,N,VIIRS,h,2,348.19,266.06,D,0
48.11678,81.69903,354.71,0.32,0.54,2021-09-18,807,N,VIIRS,n,2,310.05,42.84,D,0
48.11699,81.70351,345.8,0.32,0.54,2021-09-18,807,N,VIIRS,n,2,318.65,42.84,D,0
48.1174,81.71237,367,0.32,0.54,2021-09-18,807,N,VIIRS,h,2,299.81,51.95,D,0
48.11863,81.62968,332.23,0.63,0.54,2021-09-18,807,N,VIIRS,n,2,299.67,36.34,D,0
48.12026,81.66453,350.51,0.63,0.54,2021-09-18,807,N,VIIRS,n,2,305.03,97,D,0
48.12154,81.6918,352.5,0.64,0.54,2021-09-18,807,N,VIIRS,n,2,308.78,266.06,D,0
48.1216,81.5853,331.46,0.63,0.54,2021-09-18,807,N,VIIRS,l,2,304.91,7.91,D,0
48.12185,81.69848,367,0.32,0.54,2021-09-18,807,N,VIIRS,h,2,312.37,42.84,D,0
48.12206,81.70294,342.63,0.32,0.54,2021-09-18,807,N,VIIRS,n,2,316.36,42.84,D,0
48.12226,81.70734,367,0.32,0.54,2021-09-18,807,N,VIIRS,h,2,312.79,51.95,D,0
48.12244,81.603,333.93,0.63,0.54,2021-09-18,807,N,VIIRS,n,2,302.6,5.98,D,0
48.12246,81.71164,347.56,0.32,0.54,2021-09-18,807,N,VIIRS,n,2,295.4,51.95,D,0
48.12408,81.63755,340.08,0.63,0.54,2021-09-18,807,N,VIIRS,n,2,302.16,13.82,D,0
48.12449,81.64619,344.35,0.63,0.54,2021-09-18,807,N,VIIRS,n,2,309.42,46.15,D,0
48.12491,81.65509,354.48,0.63,0.54,2021-09-18,807,N,VIIRS,n,2,309.24,46.15,D,0
48.12533,81.66409,367,0.63,0.54,2021-09-18,807,N,VIIRS,h,2,306.39,32.02,D,0
48.12576,81.6732,342.77,0.63,0.54,2021-09-18,807,N,VIIRS,n,2,308.59,32.02,D,0
48.12618,81.68215,367,0.64,0.54,2021-09-18,807,N,VIIRS,h,2,310.35,23.84,D,0
48.12659,81.691,350.3,0.64,0.54,2021-09-18,807,N,VIIRS,n,2,305.96,23.84,D,0
48.12691,81.69775,353.29,0.32,0.54,2021-09-18,807,N,VIIRS,n,2,304.99,20.42,D,0
48.12712,81.70222,350.06,0.32,0.54,2021-09-18,807,N,VIIRS,n,2,311.62,20.42,D,0
48.12732,81.70658,348.43,0.32,0.54,2021-09-18,807,N,VIIRS,n,2,296.07,14.55,D,0
48.12747,81.6022,342.31,0.63,0.54,2021-09-18,807,N,VIIRS,n,2,301.25,5.98,D,0
48.12787,81.61053,353.67,0.63,0.54,2021-09-18,807,N,VIIRS,n,2,302.87,18.29,D,0
48.12792,81.71938,367,0.32,0.54,2021-09-18,807,N,VIIRS,h,2,301.3,30.85,D,0
48.12812,81.72376,367,0.32,0.54,2021-09-18,807,N,VIIRS,h,2,298.44,26.01,D,0
48.12833,81.72824,341.81,0.32,0.54,2021-09-18,807,N,VIIRS,n,2,314.83,26.01,D,0
48.12854,81.7328,208,0.32,0.55,2021-09-18,807,N,VIIRS,l,2,315.9,56.02,D,0
48.12871,81.62818,343.25,0.63,0.54,2021-09-18,807,N,VIIRS,n,2,303.24,13.82,D,0
48.12876,81.73743,367,0.32,0.55,2021-09-18,807,N,VIIRS,h,2,319.66,56.02,D,0
48.12897,81.7421,333.46,0.32,0.55,2021-09-18,807,N,VIIRS,n,2,291.44,38.12,D,0
48.12912,81.63674,352.69,0.63,0.54,2021-09-18,807,N,VIIRS,n,2,305.46,13.82,D,0
48.12954,81.64547,355.06,0.63,0.54,2021-09-18,807,N,VIIRS,n,2,305.28,46.15,D,0
48.12996,81.65447,330.28,0.63,0.54,2021-09-18,807,N,VIIRS,n,2,303.01,46.15,D,0
48.1304,81.66363,353.32,0.63,0.54,2021-09-18,807,N,VIIRS,n,2,307.12,32.02,D,0
48.13083,81.67274,349.6,0.63,0.54,2021-09-18,807,N,VIIRS,n,2,305.29,32.02,D,0
48.13124,81.68152,334.59,0.64,0.54,2021-09-18,807,N,VIIRS,n,2,303.61,23.84,D,0
48.13165,81.69032,333.09,0.64,0.54,2021-09-18,807,N,VIIRS,n,2,301.02,23.84,D,0
48.13208,81.59259,341.85,0.63,0.54,2021-09-18,807,N,VIIRS,n,2,302.04,16.03,D,0
48.13239,81.7059,338.43,0.32,0.54,2021-09-18,807,N,VIIRS,n,2,297.6,14.55,D,0
48.1325,81.60133,355.35,0.63,0.54,2021-09-18,807,N,VIIRS,n,2,305.78,16.03,D,0
48.13259,81.71018,367,0.32,0.54,2021-09-18,807,N,VIIRS,h,2,305.34,14.55,D,0
48.13279,81.71452,350.69,0.32,0.54,2021-09-18,807,N,VIIRS,n,2,312.43,30.85,D,0
48.13291,81.60979,346.42,0.63,0.54,2021-09-18,807,N,VIIRS,n,2,311.33,48.27,D,0
48.133,81.71896,367,0.32,0.54,2021-09-18,807,N,VIIRS,h,2,309.24,30.85,D,0
48.13321,81.72341,367,0.32,0.54,2021-09-18,807,N,VIIRS,h,2,301.38,26.01,D,0
48.13333,81.61855,342.6,0.63,0.54,2021-09-18,807,N,VIIRS,n,2,304,48.27,D,0
48.13342,81.72788,347.78,0.32,0.54,2021-09-18,807,N,VIIRS,n,2,298.07,26.01,D,0
48.13363,81.73238,353.62,0.32,0.55,2021-09-18,807,N,VIIRS,n,2,302.03,56.02,D,0
48.13384,81.73693,345,0.32,0.55,2021-09-18,807,N,VIIRS,n,2,317.09,56.02,D,0
48.13405,81.74153,356.33,0.32,0.55,2021-09-18,807,N,VIIRS,n,2,298.32,38.12,D,0
48.13427,81.74619,353.77,0.32,0.55,2021-09-18,807,N,VIIRS,n,2,303.3,38.12,D,0
48.13449,81.75087,340.99,0.32,0.55,2021-09-18,807,N,VIIRS,n,2,291.82,17.32,D,0
48.13711,81.59177,346.89,0.63,0.54,2021-09-18,807,N,VIIRS,n,2,303.46,16.03,D,0
48.13725,81.7009,351.59,0.32,0.54,2021-09-18,807,N,VIIRS,n,2,299.67,5.14,D,0
48.13745,81.70525,348.62,0.32,0.54,2021-09-18,807,N,VIIRS,n,2,308.95,18.92,D,0
48.13766,81.70966,367,0.32,0.54,2021-09-18,807,N,VIIRS,h,2,311.68,18.92,D,0
48.13787,81.7141,348.58,0.32,0.54,2021-09-18,807,N,VIIRS,n,2,301.26,6.34,D,0
48.13808,81.71864,344.05,0.32,0.54,2021-09-18,807,N,VIIRS,n,2,299.48,6.34,D,0
48.1385,81.72762,355.92,0.32,0.54,2021-09-18,807,N,VIIRS,n,2,301.19,8,D,0
48.13871,81.73206,367,0.32,0.55,2021-09-18,807,N,VIIRS,h,2,305.77,8.89,D,0
48.13892,81.73653,347.05,0.32,0.55,2021-09-18,807,N,VIIRS,n,2,298.24,8.89,D,0
48.13914,81.74108,342.61,0.32,0.55,2021-09-18,807,N,VIIRS,n,2,295.44,5.22,D,0
48.13935,81.74569,355.72,0.32,0.55,2021-09-18,807,N,VIIRS,n,2,296.8,5.22,D,0
48.13957,81.75034,367,0.32,0.55,2021-09-18,807,N,VIIRS,h,2,301.02,13.54,D,0
48.13979,81.75491,367,0.32,0.55,2021-09-18,807,N,VIIRS,h,2,299.58,13.54,D,0
48.1402,81.76388,367,0.32,0.55,2021-09-18,807,N,VIIRS,h,2,295.18,7.75,D,0
48.14211,81.69586,341.77,0.32,0.54,2021-09-18,807,N,VIIRS,n,2,301.3,5.14,D,0
48.14231,81.70028,337.48,0.32,0.54,2021-09-18,807,N,VIIRS,n,2,300.06,5.14,D,0
48.14252,81.70468,367,0.32,0.54,2021-09-18,807,N,VIIRS,h,2,301.58,18.92,D,0
48.14273,81.70917,353.7,0.32,0.54,2021-09-18,807,N,VIIRS,n,2,298.81,18.92,D,0
48.14295,81.71369,333.99,0.32,0.54,2021-09-18,807,N,VIIRS,n,2,299.22,6.34,D,0
48.14316,81.71822,337.75,0.32,0.54,2021-09-18,807,N,VIIRS,n,2,298.3,6.34,D,0
48.14338,81.72275,341.31,0.32,0.54,2021-09-18,807,N,VIIRS,n,2,298.14,8,D,0
48.14359,81.72725,367,0.32,0.54,2021-09-18,807,N,VIIRS,h,2,298.86,8,D,0
48.1438,81.73179,367,0.32,0.55,2021-09-18,807,N,VIIRS,h,2,298.14,8.89,D,0
48.14402,81.73634,335.74,0.32,0.55,2021-09-18,807,N,VIIRS,n,2,295.65,8.89,D,0
48.14423,81.74087,342.53,0.32,0.55,2021-09-18,807,N,VIIRS,n,2,296.15,5.22,D,0
48.14444,81.74534,336.79,0.32,0.55,2021-09-18,807,N,VIIRS,n,2,295.46,5.22,D,0
48.14486,81.75429,331.53,0.32,0.55,2021-09-18,807,N,VIIRS,n,2,293.83,13.54,D,0
48.14507,81.75877,340.07,0.32,0.55,2021-09-18,807,N,VIIRS,n,2,294.86,7.75,D,0
48.14511,81.44676,336.35,0.62,0.54,2021-09-18,807,N,VIIRS,n,2,301.19,8.19,D,0
48.14528,81.76319,367,0.32,0.55,2021-09-18,807,N,VIIRS,h,2,298.49,7.75,D,0
48.14931,81.74027,331.49,0.32,0.55,2021-09-18,807,N,VIIRS,n,2,295.22,4.17,D,0
48.14994,81.75356,342.17,0.32,0.55,2021-09-18,807,N,VIIRS,n,2,294.46,3.22,D,0
48.15015,81.75801,345.66,0.32,0.55,2021-09-18,807,N,VIIRS,n,2,294.81,3.6,D,0
48.15036,81.76245,342.61,0.32,0.55,2021-09-18,807,N,VIIRS,n,2,294.52,3.6,D,0
48.15056,81.7668,341.16,0.32,0.55,2021-09-18,807,N,VIIRS,n,2,293.6,7.25,D,0
48.15501,81.75279,340.93,0.32,0.55,2021-09-18,807,N,VIIRS,n,2,295.94,3.22,D,0
48.15522,81.75729,338.37,0.32,0.55,2021-09-18,807,N,VIIRS,n,2,294.95,3.6,D,0
48.15544,81.76173,335.65,0.32,0.55,2021-09-18,807,N,VIIRS,n,2,293.22,3.6,D,0
48.15606,81.77496,352.83,0.32,0.55,2021-09-18,807,N,VIIRS,n,2,295.64,4.62,D,0
48.15966,81.7432,331.69,0.32,0.55,2021-09-18,807,N,VIIRS,n,2,295.26,5.05,D,0
48.15987,81.74763,367,0.32,0.55,2021-09-18,807,N,VIIRS,h,2,297.18,4.01,D,0
48.16009,81.75213,339.66,0.32,0.55,2021-09-18,807,N,VIIRS,n,2,295.31,4.01,D,0
48.1603,81.75665,337.42,0.32,0.55,2021-09-18,807,N,VIIRS,n,2,294.7,2.8,D,0
48.16052,81.76116,330.19,0.32,0.55,2021-09-18,807,N,VIIRS,n,2,293.24,2.8,D,0
48.16115,81.77457,367,0.32,0.55,2021-09-18,807,N,VIIRS,h,2,294.55,8,D,0
48.16346,81.71595,330.91,0.32,0.54,2021-09-18,807,N,VIIRS,n,2,295.26,0.56,D,0
48.16388,81.7248,334.34,0.32,0.54,2021-09-18,807,N,VIIRS,n,2,295.31,3.47,D,0
48.16561,81.76083,344.51,0.32,0.55,2021-09-18,807,N,VIIRS,n,2,294.65,2.8,D,0
48.16854,81.7157,330.37,0.32,0.54,2021-09-18,807,N,VIIRS,n,2,294.15,7.71,D,0
48.16876,81.72007,367,0.32,0.54,2021-09-18,807,N,VIIRS,h,2,307.8,16.78,D,0
48.16897,81.72452,367,0.32,0.54,2021-09-18,807,N,VIIRS,h,2,299.52,16.78,D,0
48.16985,81.74255,339.47,0.32,0.55,2021-09-18,807,N,VIIRS,n,2,295.16,5.43,D,0
48.17006,81.74699,346.47,0.32,0.55,2021-09-18,807,N,VIIRS,n,2,294.88,3.71,D,0
48.17027,81.75145,349.4,0.32,0.55,2021-09-18,807,N,VIIRS,n,2,294.56,3.71,D,0
48.17849,81.71049,335.81,0.32,0.54,2021-09-18,807,N,VIIRS,n,2,296.61,20.57,D,0
48.1787,81.71481,348.32,0.32,0.54,2021-09-18,807,N,VIIRS,n,2,304.62,20.57,D,0
48.17891,81.71908,367,0.32,0.54,2021-09-18,807,N,VIIRS,h,2,333.87,34.92,D,0
48.17912,81.72338,367,0.32,0.54,2021-09-18,807,N,VIIRS,h,2,308.92,34.92,D,0
48.17934,81.72773,351.42,0.32,0.55,2021-09-18,807,N,VIIRS,n,2,302.71,42.75,D,0
48.17976,81.73647,367,0.32,0.55,2021-09-18,807,N,VIIRS,h,2,340.76,55.81,D,0
48.17998,81.74088,367,0.32,0.55,2021-09-18,807,N,VIIRS,h,2,325.55,55.81,D,0
48.18314,81.70132,337.11,0.32,0.54,2021-09-18,807,N,VIIRS,n,2,298.83,4.39,D,0
48.18335,81.70557,350.78,0.32,0.54,2021-09-18,807,N,VIIRS,n,2,299.79,4.39,D,0
48.18377,81.714,354.16,0.32,0.54,2021-09-18,807,N,VIIRS,n,2,305.07,20.57,D,0
48.18397,81.71822,367,0.32,0.54,2021-09-18,807,N,VIIRS,h,2,311.67,34.92,D,0
48.18418,81.72245,340.7,0.32,0.54,2021-09-18,807,N,VIIRS,n,2,302.09,34.92,D,0
48.1846,81.73103,336.62,0.32,0.55,2021-09-18,807,N,VIIRS,n,2,301.65,42.75,D,0
48.18481,81.73541,367,0.32,0.55,2021-09-18,807,N,VIIRS,h,2,305.34,55.81,D,0
48.18503,81.73985,355.74,0.32,0.55,2021-09-18,807,N,VIIRS,n,2,317.72,55.81,D,0
48.18525,81.74432,333.15,0.32,0.55,2021-09-18,807,N,VIIRS,n,2,295.27,66.38,D,0
48.18801,81.69659,367,0.32,0.54,2021-09-18,807,N,VIIRS,h,2,302.29,6.15,D,0
48.18821,81.70084,367,0.32,0.54,2021-09-18,807,N,VIIRS,h,2,303.21,11.24,D,0
48.18842,81.70502,367,0.32,0.54,2021-09-18,807,N,VIIRS,h,2,304.15,11.24,D,0
48.18882,81.71327,337.51,0.32,0.54,2021-09-18,807,N,VIIRS,n,2,301.69,7.64,D,0
48.18903,81.71745,367,0.32,0.54,2021-09-18,807,N,VIIRS,h,2,305.63,14.48,D,0
48.18988,81.73463,367,0.32,0.55,2021-09-18,807,N,VIIRS,h,2,304.65,27.47,D,0
48.1901,81.73909,353.17,0.32,0.55,2021-09-18,807,N,VIIRS,n,2,297.87,27.47,D,0
48.19136,81.69732,367,0.32,0.54,2021-09-18,807,N,VIIRS,h,2,303.74,4.99,D,0
48.19287,81.73108,330.53,0.32,0.55,2021-09-18,807,N,VIIRS,n,2,299.61,7.29,D,0
48.19308,81.69614,367,0.32,0.54,2021-09-18,807,N,VIIRS,h,2,303.47,6.15,D,0
48.19326,81.73994,367,0.32,0.55,2021-09-18,807,N,VIIRS,h,2,295.5,38.77,D,0
48.19519,81.7387,367,0.32,0.55,2021-09-18,807,N,VIIRS,h,2,302.19,27.47,D,0
48.19645,81.69682,338.97,0.32,0.54,2021-09-18,807,N,VIIRS,n,2,299.9,4.99,D,0
48.19795,81.7307,331.22,0.32,0.55,2021-09-18,807,N,VIIRS,n,2,297.93,7.29,D,0
48.19815,81.73508,367,0.32,0.55,2021-09-18,807,N,VIIRS,h,2,300.92,38.77,D,0
48.20006,81.73393,367,0.32,0.55,2021-09-18,807,N,VIIRS,h,2,299.39,9.33,D,0
48.20028,81.73844,345.39,0.32,0.55,2021-09-18,807,N,VIIRS,n,2,295.03,9.33,D,0
48.20113,81.68766,337.68,0.32,0.54,2021-09-18,807,N,VIIRS,n,2,299.97,2.73,D,0
48.20133,81.69208,338.29,0.32,0.54,2021-09-18,807,N,VIIRS,n,2,301.61,6.2,D,0
48.20301,81.69096,337.59,0.32,0.54,2021-09-18,807,N,VIIRS,n,2,301.41,3.35,D,0
48.20323,81.69524,336.77,0.32,0.54,2021-09-18,807,N,VIIRS,n,2,302.15,3.35,D,0
48.20325,81.73486,351.24,0.32,0.55,2021-09-18,807,N,VIIRS,n,2,304.24,19.3,D,0
48.20346,81.73957,367,0.32,0.55,2021-09-18,807,N,VIIRS,h,2,302.11,19.3,D,0
48.20515,81.73373,356.18,0.32,0.55,2021-09-18,807,N,VIIRS,n,2,297.62,9.33,D,0
48.20539,81.73841,354.51,0.32,0.55,2021-09-18,807,N,VIIRS,n,2,305.47,9.33,D,0
48.20564,81.74331,353.56,0.32,0.55,2021-09-18,807,N,VIIRS,n,2,295.18,17.15,D,0
48.20856,81.73959,367,0.32,0.55,2021-09-18,807,N,VIIRS,h,2,298.42,19.3,D,0
48.21409,81.74883,341.77,0.32,0.55,2021-09-18,807,N,VIIRS,n,2,297.52,4.72,D,0
48.21856,81.73473,333.63,0.32,0.55,2021-09-18,807,N,VIIRS,n,2,296.39,2.5,D,0
48.23156,81.47221,331.13,0.62,0.54,2021-09-18,807,N,VIIRS,n,2,298.84,5.96,D,0
48.23365,81.5152,339.98,0.63,0.54,2021-09-18,807,N,VIIRS,n,2,300.01,5.8,D,0
48.25274,81.70141,351.77,0.32,0.54,2021-09-18,807,N,VIIRS,n,2,299.19,7.41,D,0
48.25782,81.7009,367,0.32,0.54,2021-09-18,807,N,VIIRS,h,2,299.78,7.41,D,0
48.25803,81.70543,356.79,0.32,0.54,2021-09-18,807,N,VIIRS,n,2,297.95,14.44,D,0
49.32208,74.15253,329.46,0.47,0.4,2021-09-18,808,N,VIIRS,l,2,300.06,2.07,D,0
49.32504,74.14511,331.68,0.47,0.4,2021-09-18,808,N,VIIRS,n,2,298.49,2.28,D,0
50.01719,78.71181,345.07,0.49,0.48,2021-09-18,808,N,VIIRS,n,2,297.16,4.85,D,2
50.01833,78.71175,343.02,0.49,0.48,2021-09-18,808,N,VIIRS,n,2,295.95,5.75,D,2
45.0847,130.56984,300.15,0.47,0.4,2021-09-18,1659,N,VIIRS,n,2,281.93,1.1,N,2
45.332,131.45885,319.2,0.44,0.38,2021-09-18,1659,N,VIIRS,n,2,280.62,1.49,N,2
45.33268,131.45323,297.9,0.44,0.38,2021-09-18,1659,N,VIIRS,n,2,280.47,1.62,N,2
45.39718,127.14674,304.08,0.43,0.46,2021-09-18,1659,N,VIIRS,n,2,283.79,0.74,N,2
45.7788,130.61807,314.81,0.47,0.4,2021-09-18,1659,N,VIIRS,n,2,279.32,1.77,N,0
45.79294,131.20532,309.84,0.45,0.39,2021-09-18,1659,N,VIIRS,n,2,282.6,1.75,N,2
45.79557,130.92567,301.64,0.46,0.39,2021-09-18,1659,N,VIIRS,n,2,282.13,1.28,N,2
45.81844,130.8887,323.02,0.46,0.39,2021-09-18,1659,N,VIIRS,n,2,280.39,3.01,N,2
45.81858,130.88812,306.63,0.46,0.39,2021-09-18,1659,N,VIIRS,n,2,280.32,1.23,N,2
45.82724,130.87785,297.93,0.46,0.39,2021-09-18,1659,N,VIIRS,n,2,282.3,1.27,N,0
45.90485,131.32327,296.47,0.45,0.39,2021-09-18,1659,N,VIIRS,n,2,277.74,0.74,N,0
42.8539,120.68639,296.19,0.43,0.62,2021-09-18,1700,N,VIIRS,n,2,279.81,0.75,N,2
43.16464,126.04051,295.71,0.46,0.47,2021-09-18,1700,N,VIIRS,n,2,278.77,1.43,N,2
43.19646,124.33456,298.51,0.56,0.52,2021-09-18,1700,N,VIIRS,n,2,283.2,0.8,N,2
43.20126,124.33524,297.63,0.56,0.52,2021-09-18,1700,N,VIIRS,n,2,283.68,0.8,N,2
43.27761,124.62032,296.99,0.55,0.51,2021-09-18,1700,N,VIIRS,n,2,284.49,1.03,N,2
43.31997,125.91075,304.77,0.47,0.48,2021-09-18,1700,N,VIIRS,n,2,283.11,1.28,N,2
43.32137,125.91045,301.76,0.47,0.48,2021-09-18,1700,N,VIIRS,n,2,282.74,1.71,N,2
43.33189,125.93012,305.52,0.47,0.48,2021-09-18,1700,N,VIIRS,n,2,283.98,1.53,N,2
44.33076,125.34314,302.05,0.52,0.5,2021-09-18,1700,N,VIIRS,n,2,280.65,0.79,N,0
44.53481,132.7545,306.84,0.4,0.37,2021-09-18,1700,N,VIIRS,n,2,283.35,1.15,N,2
44.53817,132.75542,307.58,0.4,0.37,2021-09-18,1700,N,VIIRS,n,2,285.18,1.15,N,2
44.77694,127.28896,301.98,0.42,0.45,2021-09-18,1700,N,VIIRS,n,2,283.11,0.69,N,0
45.25161,119.26405,300.14,0.52,0.67,2021-09-18,1700,N,VIIRS,n,2,281.61,0.97,N,0
33.88013,130.75793,307.4,0.39,0.36,2021-09-18,1702,N,VIIRS,n,2,292.03,1.02,N,2
33.90327,130.85316,303.53,0.39,0.36,2021-09-18,1702,N,VIIRS,n,2,291.25,0.57,N,0
33.9132,130.85533,303.39,0.39,0.36,2021-09-18,1702,N,VIIRS,n,2,291.25,0.79,N,2
33.91509,130.84288,308.33,0.39,0.36,2021-09-18,1702,N,VIIRS,n,2,291.58,0.92,N,2
33.9184,130.8436,306.52,0.39,0.36,2021-09-18,1702,N,VIIRS,n,2,291.88,0.95,N,2
33.92029,130.83113,313.22,0.39,0.36,2021-09-18,1702,N,VIIRS,n,2,292.86,1.82,N,2
33.92297,130.836,316.14,0.39,0.36,2021-09-18,1702,N,VIIRS,n,2,292.48,1.77,N,2
33.92438,130.8492,304.72,0.39,0.36,2021-09-18,1702,N,VIIRS,n,2,292.54,0.76,N,2
33.92501,130.84505,304.28,0.39,0.36,2021-09-18,1702,N,VIIRS,n,2,291.95,0.76,N,3
33.92564,130.84088,325.94,0.39,0.36,2021-09-18,1702,N,VIIRS,n,2,292.24,2.17,N,3
33.92628,130.83673,323.04,0.39,0.36,2021-09-18,1702,N,VIIRS,n,2,292.3,2.17,N,3
33.94471,130.82788,317.66,0.39,0.36,2021-09-18,1702,N,VIIRS,n,2,292.8,1.81,N,2
33.94735,131.22972,310.42,0.38,0.36,2021-09-18,1702,N,VIIRS,n,2,291.69,1.07,N,2
33.97014,131.17062,303.65,0.38,0.36,2021-09-18,1702,N,VIIRS,n,2,292.02,0.66,N,2
34.17005,131.21637,332.75,0.38,0.36,2021-09-18,1702,N,VIIRS,n,2,296.02,4.19,N,2
34.45661,133.43483,302.26,0.4,0.37,2021-09-18,1702,N,VIIRS,n,2,286.18,0.63,N,3
34.45736,133.43051,296.41,0.4,0.37,2021-09-18,1702,N,VIIRS,n,2,283.1,0.63,N,3
34.4607,133.43135,302.72,0.4,0.37,2021-09-18,1702,N,VIIRS,n,2,284.58,0.63,N,3
34.46331,133.43652,329.89,0.4,0.37,2021-09-18,1702,N,VIIRS,n,2,291.04,1.7,N,3
34.46405,133.43221,305.86,0.4,0.37,2021-09-18,1702,N,VIIRS,n,2,286.22,1.7,N,3
34.4648,133.42787,306.61,0.4,0.37,2021-09-18,1702,N,VIIRS,n,2,285.69,0.93,N,3
34.46741,133.43304,310.34,0.4,0.37,2021-09-18,1702,N,VIIRS,n,2,285.37,1.7,N,3
34.46815,133.42871,302.14,0.4,0.37,2021-09-18,1702,N,VIIRS,n,2,284.49,0.93,N,3
34.48166,133.7343,316.29,0.41,0.37,2021-09-18,1702,N,VIIRS,n,2,292.77,2.61,N,3
34.48888,133.71321,307.05,0.41,0.37,2021-09-18,1702,N,VIIRS,n,2,284.34,0.97,N,3
34.49302,133.7097,307.56,0.41,0.37,2021-09-18,1702,N,VIIRS,n,2,288.64,0.97,N,3
34.51125,133.74641,304.35,0.41,0.37,2021-09-18,1702,N,VIIRS,n,2,291.13,0.82,N,3
34.51538,133.74289,306.21,0.41,0.37,2021-09-18,1702,N,VIIRS,n,2,290.27,0.82,N,3
34.74697,134.36595,305.25,0.42,0.38,2021-09-18,1702,N,VIIRS,n,2,290.3,0.85,N,3
34.75039,134.36685,309.29,0.42,0.38,2021-09-18,1702,N,VIIRS,n,2,292.13,1.26,N,2
34.77501,134.63492,313.48,0.43,0.38,2021-09-18,1702,N,VIIRS,n,2,291.23,1.59,N,3
34.91164,127.75552,316.45,0.47,0.4,2021-09-18,1702,N,VIIRS,n,2,291.1,1.02,N,3
34.91269,127.75443,326.94,0.47,0.4,2021-09-18,1702,N,VIIRS,n,2,293.19,3.81,N,3
34.91528,127.75619,310.99,0.47,0.4,2021-09-18,1702,N,VIIRS,n,2,290.55,1.02,N,3
34.91653,127.74586,311.59,0.47,0.4,2021-09-18,1702,N,VIIRS,n,2,292.47,3.68,N,2
34.91764,127.7448,313.73,0.47,0.4,2021-09-18,1702,N,VIIRS,n,2,291.85,1.72,N,3
34.92128,127.74548,303.71,0.47,0.4,2021-09-18,1702,N,VIIRS,n,2,291.03,1.72,N,2
34.92133,127.76784,305.04,0.47,0.4,2021-09-18,1702,N,VIIRS,n,2,291.36,2.19,N,3
34.92456,127.71027,323.22,0.47,0.4,2021-09-18,1702,N,VIIRS,n,2,291.38,2.31,N,2
34.92508,127.73687,305.31,0.47,0.4,2021-09-18,1702,N,VIIRS,n,2,291.01,2.25,N,2
34.92585,127.70922,320.65,0.47,0.4,2021-09-18,1702,N,VIIRS,n,2,290.58,2.39,N,2
34.92686,127.75304,321.85,0.47,0.4,2021-09-18,1702,N,VIIRS,n,2,292.91,2.06,N,3
34.92748,127.74787,306.2,0.47,0.4,2021-09-18,1702,N,VIIRS,n,2,290.84,2.06,N,3
35.08121,128.9904,317.48,0.43,0.38,2021-09-18,1702,N,VIIRS,n,2,290.43,1.73,N,2
35.0821,128.98846,315.96,0.43,0.38,2021-09-18,1702,N,VIIRS,n,2,290.91,1.69,N,2
35.0983,128.86354,308.76,0.43,0.38,2021-09-18,1702,N,VIIRS,n,2,289.99,0.55,N,2
35.09871,128.86143,312.1,0.43,0.38,2021-09-18,1702,N,VIIRS,n,2,290.48,1.05,N,2
35.2898,126.77769,299.7,0.52,0.42,2021-09-18,1702,N,VIIRS,n,2,288.98,0.67,N,2
35.44652,129.33836,305.4,0.42,0.38,2021-09-18,1702,N,VIIRS,n,2,293.88,1.68,N,2
35.99192,129.37437,300.39,0.42,0.38,2021-09-18,1702,N,VIIRS,n,2,289.9,0.89,N,0
35.997,129.39729,298.84,0.42,0.38,2021-09-18,1702,N,VIIRS,n,2,287.48,0.76,N,2
36.01678,129.38206,325.94,0.42,0.38,2021-09-18,1702,N,VIIRS,n,2,293.11,3.33,N,3
36.01962,129.38747,307.48,0.42,0.38,2021-09-18,1702,N,VIIRS,n,2,292.64,2.42,N,3
36.02024,129.38277,332.5,0.42,0.38,2021-09-18,1702,N,VIIRS,n,2,292.3,3.33,N,3
36.02246,129.39284,306.66,0.42,0.38,2021-09-18,1702,N,VIIRS,n,2,292.27,1.38,N,3
36.02591,129.39355,308.23,0.42,0.38,2021-09-18,1702,N,VIIRS,n,2,292.86,1.38,N,3
36.02937,129.39424,307.73,0.42,0.38,2021-09-18,1702,N,VIIRS,n,2,292.03,1.59,N,3
37.01086,128.33495,316.45,0.47,0.4,2021-09-18,1702,N,VIIRS,n,2,289.75,2.83,N,2
37.01385,128.34106,309.77,0.47,0.4,2021-09-18,1702,N,VIIRS,n,2,288.85,1.77,N,2
37.02732,128.32198,301.8,0.47,0.4,2021-09-18,1702,N,VIIRS,n,2,288.68,0.6,N,2
37.08408,128.28462,303.87,0.47,0.4,2021-09-18,1702,N,VIIRS,n,2,288.4,1.14,N,2
37.1873,128.32195,309.46,0.47,0.4,2021-09-18,1702,N,VIIRS,n,2,287.84,1.19,N,2
37.20452,128.30336,305.31,0.47,0.4,2021-09-18,1702,N,VIIRS,n,2,288.54,1.2,N,2
37.42347,129.17464,325.29,0.44,0.38,2021-09-18,1702,N,VIIRS,n,2,291.83,2.78,N,2
37.42456,129.17206,322.55,0.44,0.38,2021-09-18,1702,N,VIIRS,n,2,291.28,1.77,N,2
37.4264,129.18022,308.24,0.44,0.38,2021-09-18,1702,N,VIIRS,n,2,290.07,1.02,N,2
37.42746,129.17761,305.58,0.44,0.38,2021-09-18,1702,N,VIIRS,n,2,289.47,1.77,N,2
37.48301,129.048,324.44,0.45,0.39,2021-09-18,1702,N,VIIRS,n,2,291.46,2.75,N,2
37.4853,129.05864,320.76,0.45,0.39,2021-09-18,1702,N,VIIRS,n,2,290.37,1.96,N,2
37.48592,129.05374,312.37,0.45,0.39,2021-09-18,1702,N,VIIRS,n,2,289.66,2.75,N,2
31.42037,121.45091,305.83,0.61,0.54,2021-09-18,1703,N,VIIRS,n,2,291.66,1.18,N,2
31.42089,121.45115,308.7,0.62,0.54,2021-09-18,1703,N,VIIRS,n,2,291.61,2.45,N,2
31.42695,121.43854,304.3,0.62,0.54,2021-09-18,1703,N,VIIRS,n,2,291.96,1.58,N,2
31.65314,117.87109,305.23,0.5,0.66,2021-09-18,1703,N,VIIRS,n,2,291.72,0.56,N,2
31.69864,118.46534,306.11,0.46,0.64,2021-09-18,1703,N,VIIRS,n,2,292.45,1.65,N,2
31.71221,120.83498,320.49,0.34,0.56,2021-09-18,1703,N,VIIRS,n,2,291.77,1.12,N,0
31.74231,118.48495,304.96,0.46,0.64,2021-09-18,1703,N,VIIRS,n,2,292.27,1.45,N,2
31.74799,118.49031,305.28,0.46,0.64,2021-09-18,1703,N,VIIRS,n,2,292.26,1.46,N,2
31.84677,120.72638,304.11,0.34,0.56,2021-09-18,1703,N,VIIRS,n,2,292.37,1.85,N,2
31.96572,118.33929,311.99,0.47,0.64,2021-09-18,1703,N,VIIRS,n,2,292.16,1.82,N,2
31.98225,120.61193,307.14,0.35,0.57,2021-09-18,1703,N,VIIRS,n,2,292.4,1.4,N,2
31.98608,120.63132,307.52,0.35,0.57,2021-09-18,1703,N,VIIRS,n,2,291.96,1.44,N,2
31.98695,120.62002,303.35,0.35,0.57,2021-09-18,1703,N,VIIRS,n,2,292.14,1.4,N,2
32.17628,119.77679,309.91,0.39,0.6,2021-09-18,1703,N,VIIRS,n,2,289.96,0.56,N,0
32.18012,118.75465,303.83,0.45,0.63,2021-09-18,1703,N,VIIRS,n,2,291.44,1.24,N,2
32.18078,119.77721,302.9,0.39,0.6,2021-09-18,1703,N,VIIRS,n,2,290.68,0.57,N,0
32.69846,117.33237,303.62,0.55,0.68,2021-09-18,1703,N,VIIRS,n,2,288.28,1.11,N,2
32.70005,117.3327,305.87,0.55,0.68,2021-09-18,1703,N,VIIRS,n,2,288.32,1.24,N,2
32.75263,117.30462,303.36,0.55,0.68,2021-09-18,1703,N,VIIRS,n,2,288.38,1.39,N,2
32.7818,120.37663,304.76,0.37,0.58,2021-09-18,1703,N,VIIRS,n,2,290.68,0.78,N,2
32.96431,117.63423,307.98,0.53,0.67,2021-09-18,1703,N,VIIRS,n,2,287.83,3.01,N,0
32.96459,117.62837,327.12,0.53,0.67,2021-09-18,1703,N,VIIRS,n,2,288.86,5.56,N,0
33.08352,131.85724,312.03,0.39,0.36,2021-09-18,1703,N,VIIRS,n,2,292.68,1.3,N,3
33.25805,131.64114,346.33,0.38,0.36,2021-09-18,1703,N,VIIRS,n,2,296.16,4.88,N,2
33.2587,131.63704,304.9,0.38,0.36,2021-09-18,1703,N,VIIRS,n,2,293.89,1.28,N,2
33.25871,131.65831,306.75,0.38,0.36,2021-09-18,1703,N,VIIRS,n,2,291.24,0.57,N,0
33.25937,131.65419,306.42,0.38,0.36,2021-09-18,1703,N,VIIRS,n,2,291.66,2.95,N,2
33.26003,131.6501,334.15,0.38,0.36,2021-09-18,1703,N,VIIRS,n,2,296.33,2.95,N,2
33.26134,131.64189,315.33,0.38,0.36,2021-09-18,1703,N,VIIRS,n,2,293.12,4.88,N,2
33.26332,131.65085,320.91,0.38,0.36,2021-09-18,1703,N,VIIRS,n,2,294.32,2.2,N,2
33.26398,131.64674,303.8,0.38,0.36,2021-09-18,1703,N,VIIRS,n,2,291.92,1.12,N,2
33.26464,131.64264,305.47,0.38,0.36,2021-09-18,1703,N,VIIRS,n,2,292.24,1.12,N,2
33.26529,131.63853,317.37,0.38,0.36,2021-09-18,1703,N,VIIRS,n,2,291.87,2.31,N,2
33.26793,131.64339,311.57,0.38,0.36,2021-09-18,1703,N,VIIRS,n,2,293.63,1.12,N,2
33.26859,131.63928,329.44,0.38,0.36,2021-09-18,1703,N,VIIRS,n,2,294.22,2.31,N,3
33.40264,133.30341,311.08,0.41,0.37,2021-09-18,1703,N,VIIRS,n,2,292.34,0.77,N,2
33.78227,131.00317,306.54,0.39,0.36,2021-09-18,1703,N,VIIRS,n,2,292.63,1.52,N,3
33.78291,130.99905,313.74,0.39,0.36,2021-09-18,1703,N,VIIRS,n,2,291.81,1.32,N,2
33.78621,130.99979,327.32,0.39,0.36,2021-09-18,1703,N,VIIRS,n,2,293.2,2.57,N,2
33.79739,130.9937,314.79,0.39,0.36,2021-09-18,1703,N,VIIRS,n,2,293.63,1.94,N,3
33.79802,130.98956,318.65,0.39,0.36,2021-09-18,1703,N,VIIRS,n,2,292.71,1.94,N,2
33.80068,130.99442,306.44,0.39,0.36,2021-09-18,1703,N,VIIRS,n,2,292.41,0.92,N,2
33.80132,130.9903,309.82,0.39,0.36,2021-09-18,1703,N,VIIRS,n,2,292.78,0.92,N,2
28.1527,115.50397,304.18,0.65,0.73,2021-09-18,1704,N,VIIRS,n,2,291.65,1.07,N,2
28.61443,115.99416,307.63,0.61,0.71,2021-09-18,1704,N,VIIRS,n,2,290.6,1.65,N,0
28.64808,115.99041,307.65,0.61,0.71,2021-09-18,1704,N,VIIRS,n,2,291.27,2.03,N,2
28.6902,118.54893,309.48,0.43,0.62,2021-09-18,1704,N,VIIRS,n,2,291.48,1.28,N,2
28.88894,118.87577,305.14,0.41,0.61,2021-09-18,1704,N,VIIRS,n,2,291.56,0.98,N,2
28.88925,118.87141,307.01,0.41,0.61,2021-09-18,1704,N,VIIRS,n,2,292.07,1.57,N,2
28.88957,118.867,306.79,0.41,0.61,2021-09-18,1704,N,VIIRS,n,2,291.81,1.57,N,2
28.94579,118.4807,304.02,0.44,0.62,2021-09-18,1704,N,VIIRS,n,2,291.79,0.74,N,0
29.08274,119.38602,312.86,0.39,0.59,2021-09-18,1704,N,VIIRS,n,2,290.64,1.7,N,0
29.11822,117.33475,305.17,0.51,0.66,2021-09-18,1704,N,VIIRS,n,2,291.14,1.53,N,0
29.16405,119.12846,304.75,0.4,0.6,2021-09-18,1704,N,VIIRS,n,2,291.51,0.61,N,0
29.1871,119.1612,304.82,0.4,0.6,2021-09-18,1704,N,VIIRS,n,2,291.53,0.86,N,0
29.25053,117.17385,305.44,0.53,0.67,2021-09-18,1704,N,VIIRS,n,2,291.22,1.31,N,2
29.33433,119.05181,305.86,0.41,0.6,2021-09-18,1704,N,VIIRS,n,2,291.21,0.49,N,2
29.42069,119.15142,308.31,0.4,0.6,2021-09-18,1704,N,VIIRS,n,2,291.14,0.96,N,2
29.42626,119.15254,306.54,0.4,0.6,2021-09-18,1704,N,VIIRS,n,2,291.75,0.63,N,2
29.4307,119.24465,303.38,0.4,0.6,2021-09-18,1704,N,VIIRS,n,2,291.46,0.45,N,2
29.78121,120.35773,302.68,0.34,0.56,2021-09-18,1704,N,VIIRS,n,2,291.75,0.4,N,0
29.84476,119.70275,311.84,0.38,0.58,2021-09-18,1704,N,VIIRS,n,2,292.11,0.86,N,2
29.84562,119.70339,302.22,0.38,0.58,2021-09-18,1704,N,VIIRS,n,2,291.27,0.62,N,2
29.91209,121.9184,307.58,0.56,0.51,2021-09-18,1704,N,VIIRS,n,2,292.68,1.17,N,2
30.02931,119.74728,315.92,0.38,0.58,2021-09-18,1704,N,VIIRS,n,2,291.97,1.71,N,2
30.11468,115.26951,303.88,0.69,0.75,2021-09-18,1704,N,VIIRS,n,2,286.2,1.08,N,2
30.33108,121.96793,309.51,0.56,0.51,2021-09-18,1704,N,VIIRS,n,2,292.57,2.03,N,2
30.33586,121.96845,313.34,0.56,0.51,2021-09-18,1704,N,VIIRS,n,2,293.17,2.32,N,3
30.44537,117.23589,303.88,0.53,0.67,2021-09-18,1704,N,VIIRS,n,2,290.42,0.75,N,2
30.44902,117.23593,324.97,0.53,0.67,2021-09-18,1704,N,VIIRS,n,2,291.93,4.13,N,2
30.45169,117.23631,319.01,0.53,0.67,2021-09-18,1704,N,VIIRS,n,2,291.6,2.43,N,2
30.58897,116.95964,308.58,0.56,0.69,2021-09-18,1704,N,VIIRS,n,2,291.24,0.92,N,2
30.6264,116.86048,304.15,0.56,0.69,2021-09-18,1704,N,VIIRS,n,2,290.73,1.14,N,2
30.68615,118.88457,304.53,0.43,0.62,2021-09-18,1704,N,VIIRS,n,2,292.48,0.87,N,2
30.71585,120.59591,303.27,0.34,0.56,2021-09-18,1704,N,VIIRS,n,2,292.3,0.26,N,0
30.74334,117.39455,306.58,0.53,0.67,2021-09-18,1704,N,VIIRS,n,2,290.92,1.84,N,2
30.7522,117.40137,303.42,0.53,0.67,2021-09-18,1704,N,VIIRS,n,2,291.24,0.69,N,2
30.82051,117.79657,309.15,0.5,0.66,2021-09-18,1704,N,VIIRS,n,2,292.36,0.94,N,2
30.8206,117.79524,304.87,0.5,0.66,2021-09-18,1704,N,VIIRS,n,2,291.56,1.01,N,2
30.84628,117.77716,331.98,0.5,0.66,2021-09-18,1704,N,VIIRS,n,2,293.46,3.85,N,2
30.85395,117.75038,314.67,0.5,0.66,2021-09-18,1704,N,VIIRS,n,2,291.55,1.82,N,2
30.92626,117.76985,304.28,0.5,0.66,2021-09-18,1704,N,VIIRS,n,2,292.14,0.78,N,2
30.98689,117.79157,308.8,0.5,0.66,2021-09-18,1704,N,VIIRS,n,2,292.75,1.87,N,2
31.04715,119.52185,307.56,0.4,0.6,2021-09-18,1704,N,VIIRS,n,2,291.27,0.78,N,2
31.09136,119.68804,302.04,0.39,0.59,2021-09-18,1704,N,VIIRS,n,2,291.39,0.68,N,2
31.09657,119.69286,302.81,0.39,0.59,2021-09-18,1704,N,VIIRS,n,2,291,0.68,N,2
31.10284,118.02287,306.09,0.49,0.65,2021-09-18,1704,N,VIIRS,n,2,291.9,1.04,N,2
31.10334,118.02309,304.67,0.49,0.65,2021-09-18,1704,N,VIIRS,n,2,292.11,0.62,N,2
31.11102,119.72304,305.92,0.39,0.59,2021-09-18,1704,N,VIIRS,n,2,291.86,0.67,N,2
31.13388,118.01492,313.65,0.49,0.65,2021-09-18,1704,N,VIIRS,n,2,292.66,1.32,N,2
31.13433,118.01522,312.88,0.49,0.65,2021-09-18,1704,N,VIIRS,n,2,292.64,1.09,N,2
31.13757,118.17312,315.96,0.48,0.64,2021-09-18,1704,N,VIIRS,n,2,292.29,1.92,N,2
31.13789,118.16759,310.63,0.48,0.65,2021-09-18,1704,N,VIIRS,n,2,292.82,2.49,N,2
31.23001,118.14905,303.9,0.48,0.65,2021-09-18,1704,N,VIIRS,n,2,292.19,0.98,N,2
31.23036,118.38204,305.23,0.47,0.64,2021-09-18,1704,N,VIIRS,n,2,292.08,0.81,N,2
31.38864,119.30447,313.2,0.41,0.61,2021-09-18,1704,N,VIIRS,n,2,292.58,1.92,N,2
31.51814,117.75494,310.15,0.51,0.66,2021-09-18,1704,N,VIIRS,n,2,291.83,1.53,N,2
31.52254,117.89688,313.4,0.5,0.66,2021-09-18,1704,N,VIIRS,n,2,292.31,1.75,N,2
24.82883,117.01151,301.14,0.49,0.65,2021-09-18,1705,N,VIIRS,n,2,287.62,0.7,N,2
25.02284,121.04105,307.18,0.55,0.51,2021-09-18,1705,N,VIIRS,n,2,292.77,2.29,N,0
25.18238,116.72284,303.27,0.52,0.66,2021-09-18,1705,N,VIIRS,n,2,287.27,1.48,N,2
25.35593,117.37188,314.22,0.47,0.64,2021-09-18,1705,N,VIIRS,n,2,288.3,2.22,N,2
25.45549,114.88466,304.2,0.67,0.74,2021-09-18,1705,N,VIIRS,n,2,285.69,3.14,N,0
25.45592,114.88702,310.21,0.67,0.74,2021-09-18,1705,N,VIIRS,n,2,285.61,2.32,N,2
25.84179,115.87888,304.51,0.59,0.7,2021-09-18,1705,N,VIIRS,n,2,286.97,0.65,N,2
26.02593,117.15561,307.26,0.49,0.65,2021-09-18,1705,N,VIIRS,n,2,286.46,1.25,N,2
26.32934,127.84909,306.88,0.4,0.37,2021-09-18,1705,N,VIIRS,n,2,293.46,1.34,N,2
26.48795,119.66931,303.29,0.35,0.57,2021-09-18,1705,N,VIIRS,n,2,289.25,0.98,N,0
26.61164,127.92596,307.02,0.4,0.37,2021-09-18,1705,N,VIIRS,n,2,292.93,1.07,N,2
27.97384,114.39434,301.52,0.75,0.77,2021-09-18,1705,N,VIIRS,n,2,285.46,1.47,N,2
28.05953,114.75506,306.32,0.72,0.75,2021-09-18,1705,N,VIIRS,n,2,286.75,1.28,N,0
28.06362,114.75341,302.42,0.72,0.75,2021-09-18,1705,N,VIIRS,n,2,286.81,1.3,N,0
22.54396,120.34904,308.95,0.57,0.52,2021-09-18,1706,N,VIIRS,n,2,292.34,3.79,N,2
24.45458,116.12126,304.67,0.55,0.68,2021-09-18,1706,N,VIIRS,n,2,287.91,0.81,N,2
24.55466,116.15916,304.98,0.55,0.68,2021-09-18,1706,N,VIIRS,n,2,288.2,1.45,N,0
52.61121,103.90119,307.17,0.42,0.45,2021-09-18,1839,N,VIIRS,n,2,279.45,1.6,N,2
43.16607,126.04016,306.29,0.56,0.69,2021-09-18,1840,N,VIIRS,n,2,285.83,1.55,N,2
43.16826,126.0398,305.86,0.56,0.69,2021-09-18,1840,N,VIIRS,n,2,286.49,1.52,N,2
43.31912,125.91094,296.94,0.55,0.68,2021-09-18,1840,N,VIIRS,n,2,285.38,1.06,N,2
43.32213,125.91042,297.48,0.55,0.68,2021-09-18,1840,N,VIIRS,n,2,285,1.31,N,2
44.19388,124.09113,298.25,0.43,0.62,2021-09-18,1840,N,VIIRS,n,2,284.34,0.5,N,2
45.39077,119.48525,296.61,0.49,0.48,2021-09-18,1840,N,VIIRS,n,2,283.15,0.49,N,0
49.09409,105.57931,299.09,0.5,0.41,2021-09-18,1840,N,VIIRS,n,2,281.5,0.8,N,2
42.91376,120.81232,304.33,0.33,0.55,2021-09-18,1841,N,VIIRS,n,2,268.3,0.62,N,0
44.46805,90.66013,295.76,0.74,0.76,2021-09-18,1841,N,VIIRS,n,2,282.83,1.11,N,0
44.46926,90.66341,298.79,0.74,0.76,2021-09-18,1841,N,VIIRS,n,2,283.11,1.28,N,2
44.71901,90.26383,299.68,0.77,0.78,2021-09-18,1841,N,VIIRS,n,2,285.38,1.68,N,2
44.72631,90.26373,302.47,0.77,0.78,2021-09-18,1841,N,VIIRS,n,2,285.49,1.68,N,2
39.30762,106.79057,298.29,0.39,0.36,2021-09-18,1842,N,VIIRS,n,2,273.83,0.77,N,2
39.3271,106.98082,313.84,0.39,0.36,2021-09-18,1842,N,VIIRS,n,2,272.16,1.43,N,2
39.329,106.98355,311.45,0.39,0.36,2021-09-18,1842,N,VIIRS,n,2,273.41,0.82,N,2
39.32966,106.9791,295.13,0.39,0.36,2021-09-18,1842,N,VIIRS,n,2,273.22,0.82,N,2
39.33297,106.9799,302.68,0.39,0.36,2021-09-18,1842,N,VIIRS,n,2,277.54,0.82,N,2
39.34416,106.99657,301.77,0.39,0.36,2021-09-18,1842,N,VIIRS,n,2,279.57,1.09,N,2
39.35276,106.98483,296.38,0.39,0.36,2021-09-18,1842,N,VIIRS,n,2,277.17,1.14,N,2
39.3693,106.96581,298.4,0.39,0.36,2021-09-18,1842,N,VIIRS,n,2,276.5,1.36,N,2
39.38986,106.91995,295.27,0.39,0.36,2021-09-18,1842,N,VIIRS,n,2,268.34,0.67,N,2
39.39317,106.92078,320.27,0.39,0.36,2021-09-18,1842,N,VIIRS,n,2,270.16,1.96,N,2
39.3978,106.91267,306.86,0.39,0.36,2021-09-18,1842,N,VIIRS,n,2,269.05,1.31,N,2
39.4011,106.91351,305.24,0.39,0.36,2021-09-18,1842,N,VIIRS,n,2,268.77,0.87,N,2
39.40789,106.70596,301.06,0.39,0.36,2021-09-18,1842,N,VIIRS,n,2,279.24,0.67,N,2
39.4139,107.07882,296,0.39,0.36,2021-09-18,1842,N,VIIRS,n,2,277.66,0.57,N,2
39.41717,106.71286,332.74,0.39,0.36,2021-09-18,1842,N,VIIRS,n,2,279.95,2.45,N,2
39.41982,106.71815,303.55,0.39,0.36,2021-09-18,1842,N,VIIRS,n,2,278.77,2.45,N,2
39.43894,106.82063,299.85,0.39,0.36,2021-09-18,1842,N,VIIRS,n,2,276.83,0.74,N,2
39.46359,107.13077,303.29,0.39,0.36,2021-09-18,1842,N,VIIRS,n,2,275.77,0.79,N,0
39.46404,106.92224,308.79,0.39,0.36,2021-09-18,1842,N,VIIRS,n,2,265.61,1,N,2
39.46471,106.91776,300.15,0.39,0.36,2021-09-18,1842,N,VIIRS,n,2,268.04,1,N,2
39.51244,106.64061,295.92,0.39,0.36,2021-09-18,1842,N,VIIRS,n,2,272.55,0.94,N,0
39.51575,106.64142,298.68,0.39,0.36,2021-09-18,1842,N,VIIRS,n,2,273.61,0.95,N,0
39.51838,106.62345,296.09,0.39,0.36,2021-09-18,1842,N,VIIRS,n,2,274.92,1.06,N,0
39.52105,106.62875,299.73,0.39,0.36,2021-09-18,1842,N,VIIRS,n,2,274.64,1.06,N,0
39.52305,106.63853,312,0.39,0.36,2021-09-18,1842,N,VIIRS,n,2,276.97,1.34,N,0
39.5237,106.63404,305.71,0.39,0.36,2021-09-18,1842,N,VIIRS,n,2,277.03,1.34,N,0
39.84379,106.7855,297.14,0.39,0.36,2021-09-18,1842,N,VIIRS,n,2,275.27,0.41,N,2
39.85755,106.90167,296.99,0.39,0.36,2021-09-18,1842,N,VIIRS,n,2,269.21,1.01,N,2
39.86086,106.9025,310.34,0.39,0.36,2021-09-18,1842,N,VIIRS,n,2,269.57,1.01,N,2
39.86618,106.88975,321.62,0.39,0.36,2021-09-18,1842,N,VIIRS,n,2,265.21,1.64,N,2
39.86833,106.7822,296.73,0.39,0.36,2021-09-18,1842,N,VIIRS,n,2,282.53,1.96,N,2
39.87232,106.77847,327.96,0.39,0.36,2021-09-18,1842,N,VIIRS,n,2,283.09,1.96,N,2
39.87563,106.7793,304.01,0.39,0.36,2021-09-18,1842,N,VIIRS,n,2,284.87,1.17,N,2
39.90915,106.77572,296.34,0.39,0.36,2021-09-18,1842,N,VIIRS,n,2,278.24,0.56,N,2
39.9098,106.79473,298.29,0.39,0.36,2021-09-18,1842,N,VIIRS,n,2,282.41,1.31,N,2
40.56455,95.74505,300.57,0.39,0.59,2021-09-18,1842,N,VIIRS,n,2,284.28,1.12,N,2
40.56478,95.74027,296.72,0.39,0.59,2021-09-18,1842,N,VIIRS,n,2,284.94,1.32,N,0
40.92532,106.77674,314.04,0.39,0.37,2021-09-18,1842,N,VIIRS,n,2,287.18,0.9,N,0
40.93398,106.7886,311.85,0.39,0.37,2021-09-18,1842,N,VIIRS,n,2,290.89,1.65,N,0
40.9659,106.85445,302.78,0.39,0.36,2021-09-18,1842,N,VIIRS,n,2,287.4,0.78,N,2
42.59015,91.33678,300.2,0.68,0.74,2021-09-18,1842,N,VIIRS,n,2,288.64,1.13,N,2
42.70302,93.36868,297.73,0.54,0.68,2021-09-18,1842,N,VIIRS,n,2,284.33,0.43,N,0
42.70348,93.34149,299.54,0.54,0.68,2021-09-18,1842,N,VIIRS,n,2,285.54,0.89,N,2
42.70682,93.3697,304.07,0.54,0.68,2021-09-18,1842,N,VIIRS,n,2,285.75,1.14,N,2
42.70743,93.34251,301.02,0.54,0.68,2021-09-18,1842,N,VIIRS,n,2,286.01,1.05,N,2
42.987,101.16872,296.88,0.44,0.46,2021-09-18,1842,N,VIIRS,n,2,283.65,1.24,N,0
42.99057,90.12788,302.99,0.78,0.78,2021-09-18,1842,N,VIIRS,n,2,289.88,2.27,N,0
43.12709,92.5926,300.28,0.59,0.7,2021-09-18,1842,N,VIIRS,n,2,286.23,1.2,N,2
43.1289,92.5948,300.91,0.59,0.7,2021-09-18,1842,N,VIIRS,n,2,287.25,1.7,N,2
32.78375,120.37628,301.63,0.58,0.69,2021-09-18,1843,N,VIIRS,n,2,288.86,0.77,N,2
32.78508,120.37666,301.92,0.58,0.69,2021-09-18,1843,N,VIIRS,n,2,288.89,0.69,N,2
34.38298,119.78186,304.58,0.49,0.65,2021-09-18,1843,N,VIIRS,n,2,286.11,0.78,N,2
34.38457,119.78355,304.91,0.49,0.65,2021-09-18,1843,N,VIIRS,n,2,286.51,0.91,N,2
36.12159,102.21871,306.62,0.49,0.4,2021-09-18,1843,N,VIIRS,n,2,276.24,1.65,N,2
36.23247,103.58453,315.75,0.44,0.38,2021-09-18,1843,N,VIIRS,n,2,282.22,1.65,N,2
36.23289,103.58271,328.25,0.44,0.38,2021-09-18,1843,N,VIIRS,n,2,284,3.49,N,2
36.23308,103.57976,308.72,0.44,0.38,2021-09-18,1843,N,VIIRS,n,2,281.56,1.81,N,2
36.51498,103.92476,296.35,0.43,0.38,2021-09-18,1843,N,VIIRS,n,2,285.25,0.97,N,2
36.59405,104.11851,303.31,0.42,0.38,2021-09-18,1843,N,VIIRS,n,2,284.11,1.94,N,2
37.00618,103.11346,306.46,0.46,0.39,2021-09-18,1843,N,VIIRS,n,2,274.55,1.64,N,2
37.00979,103.11416,309.69,0.46,0.39,2021-09-18,1843,N,VIIRS,n,2,275.76,1.71,N,2
37.01043,103.10903,297.76,0.46,0.39,2021-09-18,1843,N,VIIRS,n,2,275.84,0.97,N,2
37.03275,103.01823,311.4,0.47,0.39,2021-09-18,1843,N,VIIRS,n,2,271.83,3.14,N,2
37.0351,103.02917,296.67,0.47,0.39,2021-09-18,1843,N,VIIRS,n,2,272,1.03,N,2
37.03809,103.03496,309.48,0.47,0.39,2021-09-18,1843,N,VIIRS,n,2,271.46,2.4,N,2
37.03873,103.02982,301.6,0.47,0.39,2021-09-18,1843,N,VIIRS,n,2,269.36,1.03,N,2
37.07738,102.98521,295.46,0.47,0.4,2021-09-18,1843,N,VIIRS,n,2,272.14,0.93,N,2
37.07801,102.98001,299.26,0.47,0.4,2021-09-18,1843,N,VIIRS,n,2,274,1.24,N,0
37.57677,105.67493,296.9,0.4,0.37,2021-09-18,1843,N,VIIRS,n,2,282.65,0.6,N,0
37.62957,105.20029,309.72,0.4,0.37,2021-09-18,1843,N,VIIRS,n,2,282.56,0.72,N,2
37.67569,104.99072,305.31,0.41,0.37,2021-09-18,1843,N,VIIRS,n,2,286.28,1.08,N,2
37.84723,106.14742,296.08,0.39,0.36,2021-09-18,1843,N,VIIRS,n,2,280.32,0.5,N,2
37.87688,105.94386,297.52,0.39,0.36,2021-09-18,1843,N,VIIRS,n,2,282.53,0.49,N,2
38.24144,106.52937,299.27,0.39,0.36,2021-09-18,1843,N,VIIRS,n,2,280.49,0.56,N,2
38.24542,106.54855,311.55,0.39,0.36,2021-09-18,1843,N,VIIRS,n,2,282.05,1.64,N,2
38.24807,106.55375,296.6,0.39,0.36,2021-09-18,1843,N,VIIRS,n,2,278.53,0.8,N,2
38.24873,106.54935,300.22,0.39,0.36,2021-09-18,1843,N,VIIRS,n,2,281.47,1.43,N,2
38.32239,106.52821,309.34,0.39,0.36,2021-09-18,1843,N,VIIRS,n,2,280.74,0.53,N,2
38.32305,106.5238,295.06,0.39,0.36,2021-09-18,1843,N,VIIRS,n,2,279.61,0.53,N,2
38.35736,105.70765,298.4,0.4,0.37,2021-09-18,1843,N,VIIRS,n,2,283.17,0.9,N,2
39.06797,106.05922,295.89,0.4,0.37,2021-09-18,1843,N,VIIRS,n,2,275.28,0.85,N,2
39.79118,97.88315,305.76,0.59,0.53,2021-09-18,1843,N,VIIRS,n,2,267.41,1.25,N,2
39.80823,98.29891,295.03,0.57,0.52,2021-09-18,1843,N,VIIRS,n,2,276.55,1.23,N,0
40.00964,98.93443,296.34,0.53,0.5,2021-09-18,1843,N,VIIRS,n,2,280.54,0.48,N,0
29.15129,119.53752,304.84,0.64,0.72,2021-09-18,1844,N,VIIRS,n,2,290.6,1.2,N,2
29.42479,119.15197,302.28,0.6,0.71,2021-09-18,1844,N,VIIRS,n,2,289.51,0.69,N,2
29.91483,117.39825,303.23,0.46,0.64,2021-09-18,1844,N,VIIRS,n,2,289.78,0.52,N,0
29.92777,116.56797,303.45,0.42,0.61,2021-09-18,1844,N,VIIRS,n,2,291.82,0.41,N,2
30.03119,119.74864,302.13,0.63,0.72,2021-09-18,1844,N,VIIRS,n,2,289.49,1.15,N,2
30.11411,115.27236,309.46,0.35,0.57,2021-09-18,1844,N,VIIRS,n,2,289.18,0.96,N,2
30.15985,114.78452,300.41,0.32,0.55,2021-09-18,1844,N,VIIRS,n,2,286.96,0.91,N,2
30.16306,115.0653,311,0.34,0.56,2021-09-18,1844,N,VIIRS,n,2,288.37,0.76,N,2
30.17751,114.9127,305.6,0.33,0.55,2021-09-18,1844,N,VIIRS,n,2,288.55,0.64,N,2
30.39616,114.94174,306.95,0.33,0.55,2021-09-18,1844,N,VIIRS,n,2,288.79,0.69,N,0
30.45,117.23985,314.34,0.44,0.62,2021-09-18,1844,N,VIIRS,n,2,292.2,2.63,N,2
30.45108,117.23566,318.67,0.44,0.62,2021-09-18,1844,N,VIIRS,n,2,292.38,2.28,N,2
30.4567,117.23755,311.25,0.44,0.62,2021-09-18,1844,N,VIIRS,n,2,292.26,2.28,N,2
30.62786,116.8622,312.24,0.42,0.61,2021-09-18,1844,N,VIIRS,n,2,292.05,1.87,N,2
30.63034,116.8609,307.39,0.42,0.61,2021-09-18,1844,N,VIIRS,n,2,291.56,1.1,N,2
30.67269,118.88023,303.95,0.54,0.68,2021-09-18,1844,N,VIIRS,n,2,291.21,0.95,N,2
30.72229,119.70162,301.14,0.6,0.7,2021-09-18,1844,N,VIIRS,n,2,290.76,0.66,N,2
30.74342,117.39078,312.69,0.44,0.63,2021-09-18,1844,N,VIIRS,n,2,292.07,1.58,N,2
30.75209,117.40452,303.75,0.44,0.63,2021-09-18,1844,N,VIIRS,n,2,291.42,0.84,N,2
30.75342,117.39935,303.37,0.44,0.63,2021-09-18,1844,N,VIIRS,n,2,291.34,1.04,N,2
30.78518,118.97262,306.08,0.54,0.68,2021-09-18,1844,N,VIIRS,n,2,291.61,1.29,N,2
30.82186,117.79581,307.07,0.47,0.64,2021-09-18,1844,N,VIIRS,n,2,292.09,1.16,N,2
30.8453,117.77795,330.08,0.46,0.64,2021-09-18,1844,N,VIIRS,n,2,293.06,3.82,N,2
30.84659,117.77307,318.14,0.46,0.64,2021-09-18,1844,N,VIIRS,n,2,292.15,4.75,N,2
30.84679,117.77685,339.64,0.46,0.64,2021-09-18,1844,N,VIIRS,n,2,294.17,6.88,N,2
30.85277,117.7496,314.71,0.46,0.64,2021-09-18,1844,N,VIIRS,n,2,291.67,1.13,N,2
30.85404,117.7486,316.56,0.46,0.64,2021-09-18,1844,N,VIIRS,n,2,292.14,1.97,N,2
30.9188,114.52051,303.16,0.6,0.53,2021-09-18,1844,N,VIIRS,n,2,287.86,0.88,N,0
30.92795,117.77141,305.22,0.46,0.64,2021-09-18,1844,N,VIIRS,n,2,292.11,1.14,N,2
30.9829,117.79176,310.79,0.46,0.64,2021-09-18,1844,N,VIIRS,n,2,292.05,1.79,N,2
30.99548,117.79121,303.55,0.46,0.64,2021-09-18,1844,N,VIIRS,n,2,291.9,0.72,N,0
31.0922,118.02573,304.74,0.47,0.64,2021-09-18,1844,N,VIIRS,n,2,291.64,1.31,N,2
31.09468,118.02787,303.62,0.47,0.64,2021-09-18,1844,N,VIIRS,n,2,291.95,0.9,N,2
31.09921,118.02303,312.44,0.47,0.64,2021-09-18,1844,N,VIIRS,n,2,292.32,1.97,N,2
31.1017,118.02504,314.45,0.47,0.64,2021-09-18,1844,N,VIIRS,n,2,292.6,1.98,N,2
31.13311,118.0137,308.4,0.47,0.64,2021-09-18,1844,N,VIIRS,n,2,292.09,0.93,N,2
31.13596,118.17018,325.49,0.48,0.65,2021-09-18,1844,N,VIIRS,n,2,293.08,3.91,N,2
31.13721,118.16541,316.45,0.48,0.65,2021-09-18,1844,N,VIIRS,n,2,292.31,4.13,N,2
31.27794,117.33765,310.06,0.43,0.62,2021-09-18,1844,N,VIIRS,n,2,292.13,1.4,N,2
31.27966,117.33752,305.86,0.43,0.62,2021-09-18,1844,N,VIIRS,n,2,291.88,1.5,N,2
31.38134,119.29803,303.21,0.55,0.68,2021-09-18,1844,N,VIIRS,n,2,290.8,1.14,N,2
31.38585,119.30602,305.67,0.55,0.68,2021-09-18,1844,N,VIIRS,n,2,291.39,1.14,N,2
31.38738,119.30038,303.04,0.55,0.68,2021-09-18,1844,N,VIIRS,n,2,291.45,1.14,N,2
31.38892,119.29476,303.34,0.55,0.68,2021-09-18,1844,N,VIIRS,n,2,291.7,2.83,N,0
31.42265,121.44067,301.48,0.71,0.75,2021-09-18,1844,N,VIIRS,n,2,289.16,2.03,N,2
31.51635,117.75207,302.91,0.45,0.63,2021-09-18,1844,N,VIIRS,n,2,290.67,0.57,N,2
31.52132,117.89758,319.01,0.45,0.63,2021-09-18,1844,N,VIIRS,n,2,292.17,2.36,N,2
31.52178,117.75478,306.23,0.45,0.63,2021-09-18,1844,N,VIIRS,n,2,291.33,1,N,2
31.65193,117.86754,304.55,0.45,0.63,2021-09-18,1844,N,VIIRS,n,2,290.78,0.93,N,2
31.6601,117.8362,304.92,0.45,0.63,2021-09-18,1844,N,VIIRS,n,2,290.94,0.88,N,2
31.7025,118.46997,304.36,0.48,0.65,2021-09-18,1844,N,VIIRS,n,2,292.09,1.76,N,2
31.70941,120.8362,305.54,0.65,0.73,2021-09-18,1844,N,VIIRS,n,2,289.19,2.29,N,0
31.76904,117.98727,304.67,0.45,0.63,2021-09-18,1844,N,VIIRS,n,2,290.97,0.84,N,2
31.96422,118.3418,312.29,0.47,0.64,2021-09-18,1844,N,VIIRS,n,2,291.11,1.13,N,2
31.96551,118.33696,306.63,0.47,0.64,2021-09-18,1844,N,VIIRS,n,2,290.76,1.13,N,2
32.18446,118.73598,308.38,0.49,0.65,2021-09-18,1844,N,VIIRS,n,2,291.26,1.17,N,2
32.30976,115.96095,308.75,0.34,0.56,2021-09-18,1844,N,VIIRS,n,2,287.22,0.95,N,2
32.3106,115.95753,303.03,0.34,0.56,2021-09-18,1844,N,VIIRS,n,2,287.26,1.2,N,2
32.70252,117.33664,307.82,0.4,0.6,2021-09-18,1844,N,VIIRS,n,2,287.92,1.42,N,2
32.70346,117.33439,307.6,0.4,0.6,2021-09-18,1844,N,VIIRS,n,2,287.84,1.01,N,2
32.70357,117.33249,303.33,0.4,0.6,2021-09-18,1844,N,VIIRS,n,2,287.96,1.38,N,2
32.78538,117.17418,301.29,0.39,0.59,2021-09-18,1844,N,VIIRS,n,2,287.08,1.04,N,2
32.9644,117.63097,301.97,0.4,0.6,2021-09-18,1844,N,VIIRS,n,2,281.07,0.61,N,0
32.96625,117.6301,307.52,0.4,0.6,2021-09-18,1844,N,VIIRS,n,2,282.15,0.45,N,0
33.72176,105.66522,295.11,0.38,0.36,2021-09-18,1844,N,VIIRS,n,2,276.24,0.42,N,2
35.30257,103.26753,306.31,0.44,0.38,2021-09-18,1844,N,VIIRS,n,2,280,1.46,N,0
26.02574,117.15441,302.27,0.55,0.68,2021-09-18,1845,N,VIIRS,n,2,286.06,0.61,N,2
26.67999,117.47779,295.09,0.56,0.69,2021-09-18,1845,N,VIIRS,n,2,283.62,2.17,N,0
27.1253,113.11024,304.69,0.6,0.53,2021-09-18,1845,N,VIIRS,n,2,289.28,1.21,N,2
27.17126,111.40633,310.22,0.48,0.48,2021-09-18,1845,N,VIIRS,n,2,290.73,1.55,N,2
27.17312,118.37007,303.09,0.61,0.71,2021-09-18,1845,N,VIIRS,n,2,286.81,0.74,N,0
27.55192,113.12725,304.46,0.59,0.53,2021-09-18,1845,N,VIIRS,n,2,289.54,1.86,N,2
27.63888,113.90289,309.14,0.33,0.55,2021-09-18,1845,N,VIIRS,n,2,289.06,1.19,N,2
27.64955,113.90272,310.36,0.33,0.55,2021-09-18,1845,N,VIIRS,n,2,289.48,1.71,N,2
27.65328,114.07298,305.4,0.34,0.56,2021-09-18,1845,N,VIIRS,n,2,288.46,0.42,N,0
27.71764,109.13609,304.35,0.53,0.42,2021-09-18,1845,N,VIIRS,n,2,280.87,1.06,N,2
27.73537,111.97012,306.69,0.5,0.49,2021-09-18,1845,N,VIIRS,n,2,291.09,1.88,N,2
27.78052,114.91547,304.85,0.37,0.58,2021-09-18,1845,N,VIIRS,n,2,290.22,1.66,N,2
27.7849,114.92078,306.45,0.37,0.58,2021-09-18,1845,N,VIIRS,n,2,290.27,1.66,N,2
27.81071,112.89996,315.05,0.57,0.52,2021-09-18,1845,N,VIIRS,n,2,289.97,3.19,N,2
27.81091,112.90095,312.78,0.57,0.52,2021-09-18,1845,N,VIIRS,n,2,290.07,4.35,N,2
27.81194,112.89432,309.97,0.57,0.52,2021-09-18,1845,N,VIIRS,n,2,289.62,3.19,N,2
27.81218,112.89532,311.96,0.57,0.52,2021-09-18,1845,N,VIIRS,n,2,290.07,5.21,N,2
27.85674,114.75088,306.84,0.36,0.58,2021-09-18,1845,N,VIIRS,n,2,288.58,1.03,N,2
27.99442,115.61803,304.16,0.41,0.6,2021-09-18,1845,N,VIIRS,n,2,292.31,1.05,N,2
28.63088,117.38098,308.66,0.5,0.66,2021-09-18,1845,N,VIIRS,n,2,290.84,1.55,N,2
28.63182,117.38192,303.6,0.5,0.66,2021-09-18,1845,N,VIIRS,n,2,290.44,1.06,N,2
28.64869,115.99444,310.25,0.41,0.61,2021-09-18,1845,N,VIIRS,n,2,293.83,1.28,N,2
28.88865,118.87002,302.87,0.6,0.7,2021-09-18,1845,N,VIIRS,n,2,290,1.51,N,2
28.89022,118.86414,302.04,0.6,0.7,2021-09-18,1845,N,VIIRS,n,2,289.5,1.51,N,2
29.58747,111.27857,304.24,0.42,0.45,2021-09-18,1845,N,VIIRS,n,2,285.3,0.69,N,2
29.89157,115.44324,305.67,0.36,0.57,2021-09-18,1845,N,VIIRS,n,2,289.09,0.83,N,2
30.06911,114.93005,309.4,0.33,0.55,2021-09-18,1845,N,VIIRS,n,2,288.61,1.26,N,2
24.1029,112.77947,303.48,0.33,0.55,2021-09-18,1846,N,VIIRS,n,2,288.54,1.87,N,2
24.10431,112.77302,301.03,0.33,0.55,2021-09-18,1846,N,VIIRS,n,2,287.38,0.99,N,2
24.17374,112.76231,314.55,0.33,0.55,2021-09-18,1846,N,VIIRS,n,2,287.89,1.34,N,2
24.37597,109.38049,319.79,0.41,0.45,2021-09-18,1846,N,VIIRS,n,2,291.63,1.75,N,2
24.37675,109.3765,310.52,0.41,0.45,2021-09-18,1846,N,VIIRS,n,2,291.63,1.75,N,2
24.38005,109.38145,313.06,0.41,0.45,2021-09-18,1846,N,VIIRS,n,2,292.03,1.75,N,2
24.38041,109.62789,319.93,0.42,0.45,2021-09-18,1846,N,VIIRS,n,2,290.48,3.13,N,0
24.38336,109.3864,308.46,0.41,0.45,2021-09-18,1846,N,VIIRS,n,2,291.41,2.25,N,2
24.38414,109.3824,315.23,0.41,0.45,2021-09-18,1846,N,VIIRS,n,2,291.8,1.93,N,2
24.38453,109.62897,338.6,0.42,0.45,2021-09-18,1846,N,VIIRS,n,2,291,3.85,N,0
24.38532,109.62503,322.7,0.42,0.45,2021-09-18,1846,N,VIIRS,n,2,290.67,3.85,N,0
24.38822,109.38333,312.42,0.41,0.45,2021-09-18,1846,N,VIIRS,n,2,292.4,1.93,N,2
24.389,109.37936,311.93,0.41,0.45,2021-09-18,1846,N,VIIRS,n,2,292.29,1.93,N,2
24.45856,116.1209,302.35,0.52,0.67,2021-09-18,1846,N,VIIRS,n,2,288.05,0.73,N,2
24.55273,116.15536,304.55,0.52,0.67,2021-09-18,1846,N,VIIRS,n,2,288.36,1.06,N,2
24.73897,116.18511,305.51,0.52,0.67,2021-09-18,1846,N,VIIRS,n,2,288.1,2.1,N,2
24.73994,116.18422,308.25,0.52,0.67,2021-09-18,1846,N,VIIRS,n,2,287.97,1.49,N,2
24.86514,116.19733,304.26,0.52,0.67,2021-09-18,1846,N,VIIRS,n,2,287.83,0.92,N,2
24.86551,116.19595,304.89,0.52,0.67,2021-09-18,1846,N,VIIRS,n,2,287.41,0.82,N,2
25.03011,106.15134,313.07,0.42,0.38,2021-09-18,1846,N,VIIRS,n,2,287.31,0.64,N,0
25.14776,117.15526,301.28,0.58,0.7,2021-09-18,1846,N,VIIRS,n,2,286.91,0.94,N,2
25.14835,117.15549,302.04,0.58,0.7,2021-09-18,1846,N,VIIRS,n,2,287.01,1.09,N,2
25.18431,116.72025,302.91,0.55,0.68,2021-09-18,1846,N,VIIRS,n,2,287.06,1.13,N,2
25.18601,116.7231,301.88,0.55,0.68,2021-09-18,1846,N,VIIRS,n,2,286.98,1.73,N,2
25.59406,113.49636,302.54,0.34,0.56,2021-09-18,1846,N,VIIRS,n,2,287.19,0.65,N,0
25.69574,103.86572,302.68,0.38,0.36,2021-09-18,1846,N,VIIRS,n,2,280.46,1.22,N,2
25.81317,115.46558,295.4,0.45,0.63,2021-09-18,1846,N,VIIRS,n,2,283.77,2.44,N,2
25.93808,110.99972,304.01,0.48,0.48,2021-09-18,1846,N,VIIRS,n,2,290.25,0.7,N,0
26.00287,104.2794,303.17,0.38,0.36,2021-09-18,1846,N,VIIRS,n,2,286.49,0.77,N,2
26.28797,113.25877,307.35,0.32,0.55,2021-09-18,1846,N,VIIRS,n,2,288.23,0.46,N,0
26.28869,113.25555,302.79,0.32,0.55,2021-09-18,1846,N,VIIRS,n,2,288.07,0.46,N,0
26.55416,113.30422,305.23,0.32,0.54,2021-09-18,1846,N,VIIRS,n,2,288.78,0.88,N,0
26.61584,107.23755,302.01,0.45,0.39,2021-09-18,1846,N,VIIRS,n,2,288.08,0.82,N,2
26.99467,110.64236,305.98,0.43,0.46,2021-09-18,1846,N,VIIRS,n,2,291,0.68,N,2
26.99486,110.64142,303.92,0.43,0.46,2021-09-18,1846,N,VIIRS,n,2,290.74,0.72,N,2
20.81604,108.89812,342.6,0.44,0.46,2021-09-18,1847,N,VIIRS,n,2,293.09,8.06,N,3
21.01707,106.53303,308.22,0.49,0.4,2021-09-18,1847,N,VIIRS,n,2,293.5,3.45,N,2
21.01937,106.53173,316.03,0.49,0.4,2021-09-18,1847,N,VIIRS,n,2,293.53,2.87,N,2
21.02726,107.04169,306.29,0.52,0.41,2021-09-18,1847,N,VIIRS,n,2,293,1.59,N,2
21.05663,110.47776,306.05,0.55,0.51,2021-09-18,1847,N,VIIRS,n,2,284.32,1.8,N,0
21.6447,110.15137,304.68,0.51,0.49,2021-09-18,1847,N,VIIRS,n,2,291.53,2.88,N,2
22.37293,111.96083,320.83,0.32,0.55,2021-09-18,1847,N,VIIRS,n,2,290.78,2.02,N,2
22.65984,107.8983,310.77,0.54,0.42,2021-09-18,1847,N,VIIRS,n,2,293.37,2.83,N,2
22.75163,114.58485,300.39,0.46,0.63,2021-09-18,1847,N,VIIRS,n,2,288.01,2.86,N,0
22.91859,111.57406,311.8,0.59,0.53,2021-09-18,1847,N,VIIRS,n,2,288.28,2.17,N,0
22.93513,109.56289,308.99,0.45,0.47,2021-09-18,1847,N,VIIRS,n,2,291.63,3.55,N,2
22.93994,111.6647,303.14,0.6,0.53,2021-09-18,1847,N,VIIRS,n,2,288.18,1.34,N,0
22.94153,111.66724,303.91,0.6,0.53,2021-09-18,1847,N,VIIRS,n,2,288.23,2.51,N,0
23.45381,103.23206,316.8,0.38,0.36,2021-09-18,1847,N,VIIRS,n,2,287.18,2.52,N,2
23.54097,107.1208,309.74,0.48,0.4,2021-09-18,1847,N,VIIRS,n,2,292.01,0.99,N,2
23.69625,103.24155,303.52,0.38,0.36,2021-09-18,1847,N,VIIRS,n,2,289.02,0.78,N,2
23.74501,105.40281,301.64,0.41,0.37,2021-09-18,1847,N,VIIRS,n,2,287.19,0.44,N,0
23.76493,103.66599,305.61,0.38,0.36,2021-09-18,1847,N,VIIRS,n,2,286.59,0.86,N,2
23.79696,108.85921,339.02,0.39,0.44,2021-09-18,1847,N,VIIRS,n,2,290.77,3.96,N,0
24.86232,103.69244,298.52,0.38,0.36,2021-09-18,1847,N,VIIRS,n,2,285.42,0.84,N,0
18.93838,105.35114,314.69,0.46,0.39,2021-09-18,1848,N,VIIRS,n,2,294.03,2.1,N,2
18.93892,105.35378,316.45,0.46,0.39,2021-09-18,1848,N,VIIRS,n,2,293.69,2.02,N,2
19.23651,108.94435,308.98,0.48,0.48,2021-09-18,1848,N,VIIRS,n,2,290.75,1.56,N,2
19.27352,105.7073,308.23,0.47,0.4,2021-09-18,1848,N,VIIRS,n,2,292.5,1.92,N,2
19.33412,105.78674,315.84,0.47,0.4,2021-09-18,1848,N,VIIRS,n,2,292.59,3.15,N,2
20.07267,105.9138,312.97,0.47,0.4,2021-09-18,1848,N,VIIRS,n,2,293.75,1.26,N,2
20.07551,105.91893,308.46,0.47,0.4,2021-09-18,1848,N,VIIRS,n,2,293.71,1.26,N,0
20.0763,105.91449,305.79,0.47,0.4,2021-09-18,1848,N,VIIRS,n,2,293.31,1.26,N,2
20.34268,105.91331,306.56,0.47,0.39,2021-09-18,1848,N,VIIRS,n,2,293.36,2.49,N,2
20.53183,105.86417,308.53,0.46,0.39,2021-09-18,1848,N,VIIRS,n,2,292.91,2.09,N,2
52.52755,103.95183,298.06,0.38,0.59,2021-09-18,2019,N,VIIRS,n,2,280.71,0.72,N,2
52.258,77.04581,312.72,0.48,0.48,2021-09-18,2020,N,VIIRS,n,2,283.83,2.98,N,2
47.68613,86.13467,299.63,0.39,0.36,2021-09-18,2021,N,VIIRS,n,2,283.54,0.6,N,0
50.02028,78.70921,312.52,0.39,0.44,2021-09-18,2021,N,VIIRS,n,2,278.45,2.35,N,2
50.39942,80.18427,323.18,0.52,0.41,2021-09-18,2021,N,VIIRS,n,2,282.88,3.44,N,2
51.25532,75.65986,317.73,0.54,0.51,2021-09-18,2021,N,VIIRS,n,2,272.56,2.68,N,2
51.25644,75.65826,316.27,0.54,0.51,2021-09-18,2021,N,VIIRS,n,2,271.94,2.98,N,2
52.0816,76.85549,304.4,0.49,0.48,2021-09-18,2021,N,VIIRS,n,2,276.51,1.41,N,2
52.0861,76.85627,295.6,0.49,0.48,2021-09-18,2021,N,VIIRS,n,2,276.03,1.12,N,2
42.69852,93.54249,314.59,0.54,0.51,2021-09-18,2022,N,VIIRS,n,2,287.56,1.81,N,2
42.70539,93.34076,300.71,0.53,0.5,2021-09-18,2022,N,VIIRS,n,2,286.01,1.03,N,2
42.70688,93.37101,307.25,0.53,0.5,2021-09-18,2022,N,VIIRS,n,2,286.7,1.75,N,2
42.70813,93.36983,308.42,0.53,0.5,2021-09-18,2022,N,VIIRS,n,2,287.11,1.45,N,2
42.70918,93.42097,295.22,0.53,0.5,2021-09-18,2022,N,VIIRS,n,2,285.07,0.89,N,2
43.67523,95.00602,316.62,0.6,0.53,2021-09-18,2022,N,VIIRS,n,2,280.31,2.77,N,0
43.68533,95.0276,308.88,0.6,0.53,2021-09-18,2022,N,VIIRS,n,2,276.1,2.06,N,2
43.68719,95.02046,300.09,0.6,0.53,2021-09-18,2022,N,VIIRS,n,2,277.08,2.06,N,2
43.6928,94.99908,314.03,0.59,0.53,2021-09-18,2022,N,VIIRS,n,2,279.63,1.62,N,2
43.69741,95.00153,302.26,0.59,0.53,2021-09-18,2022,N,VIIRS,n,2,277.59,1.62,N,2
43.78431,87.38881,304,0.43,0.38,2021-09-18,2022,N,VIIRS,n,2,287.74,0.99,N,2
43.78773,87.39004,300.16,0.43,0.38,2021-09-18,2022,N,VIIRS,n,2,287.54,0.5,N,2
43.83479,87.29575,299.43,0.43,0.38,2021-09-18,2022,N,VIIRS,n,2,286.96,2.26,N,0
43.8382,87.29699,334.21,0.43,0.38,2021-09-18,2022,N,VIIRS,n,2,292.36,2.26,N,2
43.85374,87.33067,308.45,0.43,0.38,2021-09-18,2022,N,VIIRS,n,2,293.19,1.67,N,2
44.139,86.11333,308.4,0.4,0.37,2021-09-18,2022,N,VIIRS,n,2,291.18,1.08,N,0
44.20388,85.76228,321.49,0.39,0.37,2021-09-18,2022,N,VIIRS,n,2,290.04,1.73,N,2
44.27843,85.61257,300.91,0.39,0.36,2021-09-18,2022,N,VIIRS,n,2,288.89,0.41,N,2
44.282,85.16891,307.43,0.39,0.36,2021-09-18,2022,N,VIIRS,n,2,287.9,1.2,N,2
44.33539,93.2683,300.94,0.48,0.48,2021-09-18,2022,N,VIIRS,n,2,287.04,0.73,N,2
44.33941,87.69717,324.09,0.43,0.38,2021-09-18,2022,N,VIIRS,n,2,291.75,2.8,N,0
44.36354,86.08509,311.15,0.4,0.37,2021-09-18,2022,N,VIIRS,n,2,295.65,1.43,N,2
44.36369,86.0643,308.45,0.4,0.37,2021-09-18,2022,N,VIIRS,n,2,293.35,1.95,N,2
44.45155,86.08381,306.36,0.4,0.37,2021-09-18,2022,N,VIIRS,n,2,290.5,1.11,N,2
44.4524,86.07889,304.4,0.4,0.37,2021-09-18,2022,N,VIIRS,n,2,293.03,1.16,N,2
44.45486,86.08494,305.14,0.4,0.37,2021-09-18,2022,N,VIIRS,n,2,292.47,1.59,N,2
44.45571,86.08002,317.39,0.4,0.37,2021-09-18,2022,N,VIIRS,n,2,293.06,2.31,N,2
44.45639,86.10291,313.84,0.4,0.37,2021-09-18,2022,N,VIIRS,n,2,294.86,2.31,N,2
44.46341,90.49471,295.13,0.54,0.42,2021-09-18,2022,N,VIIRS,n,2,284.44,0.56,N,2
44.46864,90.66321,295.27,0.55,0.42,2021-09-18,2022,N,VIIRS,n,2,283.75,0.6,N,2
44.59487,86.05792,303.12,0.4,0.37,2021-09-18,2022,N,VIIRS,n,2,287.38,0.84,N,2
44.59818,86.05904,298.49,0.4,0.37,2021-09-18,2022,N,VIIRS,n,2,288.46,0.84,N,2
44.69895,82.06082,300.36,0.4,0.37,2021-09-18,2022,N,VIIRS,n,2,290.2,0.5,N,0
44.7238,90.25887,300.45,0.52,0.42,2021-09-18,2022,N,VIIRS,n,2,285.91,2.37,N,2
44.72587,82.21981,297.3,0.4,0.37,2021-09-18,2022,N,VIIRS,n,2,287.09,0.81,N,2
44.7275,90.26043,307.13,0.52,0.42,2021-09-18,2022,N,VIIRS,n,2,285.92,1.54,N,2
44.74131,90.25233,311.35,0.52,0.42,2021-09-18,2022,N,VIIRS,n,2,285.75,1.63,N,2
44.74752,82.06364,308.24,0.4,0.37,2021-09-18,2022,N,VIIRS,n,2,290.04,0.8,N,0
44.75357,82.0705,299.99,0.4,0.37,2021-09-18,2022,N,VIIRS,n,2,288.73,1.09,N,2
44.75643,82.07265,303.6,0.4,0.37,2021-09-18,2022,N,VIIRS,n,2,291.34,0.59,N,2
44.91114,89.18167,315.07,0.47,0.4,2021-09-18,2022,N,VIIRS,n,2,290.35,1.97,N,2
45.22795,86.62688,297.85,0.4,0.37,2021-09-18,2022,N,VIIRS,n,2,287.49,0.27,N,0
45.5041,80.52579,302.77,0.45,0.39,2021-09-18,2022,N,VIIRS,n,2,275.62,1.24,N,0
45.56454,80.29419,316.3,0.46,0.39,2021-09-18,2022,N,VIIRS,n,2,281.44,1.11,N,0
45.56813,80.29502,304.07,0.46,0.39,2021-09-18,2022,N,VIIRS,n,2,280.28,1.11,N,0
45.57821,80.30338,315.37,0.46,0.39,2021-09-18,2022,N,VIIRS,n,2,280.8,1.39,N,0
45.5789,80.29755,308.15,0.46,0.39,2021-09-18,2022,N,VIIRS,n,2,281.41,1.39,N,0
45.57959,80.2917,326.8,0.46,0.39,2021-09-18,2022,N,VIIRS,n,2,282.13,2.7,N,0
45.58179,80.30424,297.26,0.46,0.39,2021-09-18,2022,N,VIIRS,n,2,280.94,1.39,N,0
45.75317,81.27798,320.17,0.43,0.38,2021-09-18,2022,N,VIIRS,n,2,267.63,1.72,N,0
45.75387,81.27242,299.48,0.43,0.38,2021-09-18,2022,N,VIIRS,n,2,264.46,1.9,N,0
45.75599,81.28404,308.34,0.43,0.38,2021-09-18,2022,N,VIIRS,n,2,264.72,1.72,N,0
45.75666,81.27871,304.38,0.43,0.38,2021-09-18,2022,N,VIIRS,n,2,268.23,1.72,N,0
45.75737,81.27302,326.25,0.43,0.38,2021-09-18,2022,N,VIIRS,n,2,265.55,1.9,N,0
45.76088,81.27362,296.22,0.43,0.38,2021-09-18,2022,N,VIIRS,n,2,262.36,0.43,N,0
45.97565,78.40807,311.31,0.54,0.42,2021-09-18,2022,N,VIIRS,n,2,280.74,2.18,N,0
45.99726,78.39098,305.21,0.54,0.42,2021-09-18,2022,N,VIIRS,n,2,281.09,2.03,N,0
45.99796,78.38393,315.61,0.54,0.42,2021-09-18,2022,N,VIIRS,n,2,280.96,2.03,N,0
45.99834,78.41998,320.6,0.54,0.42,2021-09-18,2022,N,VIIRS,n,2,280.79,7.45,N,0
45.99904,78.41294,323.35,0.54,0.42,2021-09-18,2022,N,VIIRS,n,2,280.15,7.45,N,0
46.00116,78.39179,298.38,0.54,0.42,2021-09-18,2022,N,VIIRS,n,2,280.1,3.79,N,0
46.00294,78.41375,342.2,0.54,0.42,2021-09-18,2022,N,VIIRS,n,2,283.21,7.45,N,0
46.00365,78.4067,296.14,0.54,0.42,2021-09-18,2022,N,VIIRS,n,2,280.86,3.26,N,0
46.00506,78.39261,336.92,0.54,0.42,2021-09-18,2022,N,VIIRS,n,2,281.2,3.79,N,0
46.00684,78.41456,348.21,0.54,0.42,2021-09-18,2022,N,VIIRS,n,2,288.2,35.14,N,0
46.00755,78.40751,334.09,0.54,0.42,2021-09-18,2022,N,VIIRS,n,2,283.41,14.01,N,0
46.00826,78.40047,323.12,0.54,0.42,2021-09-18,2022,N,VIIRS,n,2,281.52,14.01,N,0
46.00896,78.39342,329.75,0.54,0.42,2021-09-18,2022,N,VIIRS,n,2,291.94,51.75,N,0
46.26254,85.98552,298.66,0.39,0.36,2021-09-18,2022,N,VIIRS,n,2,287.79,0.28,N,0
46.81882,74.93567,335.55,0.53,0.5,2021-09-18,2022,N,VIIRS,n,2,281.85,6.8,N,2
46.83183,74.95177,304.89,0.52,0.5,2021-09-18,2022,N,VIIRS,n,2,282,2.39,N,2
46.83647,74.95255,303.43,0.52,0.5,2021-09-18,2022,N,VIIRS,n,2,282.75,1.46,N,2
46.85506,86.49673,297.46,0.39,0.36,2021-09-18,2022,N,VIIRS,n,2,283.67,0.71,N,0
47.28874,80.79939,301.52,0.46,0.39,2021-09-18,2022,N,VIIRS,n,2,275.98,2.62,N,0
47.29209,80.80026,339.83,0.46,0.39,2021-09-18,2022,N,VIIRS,n,2,281.7,2.61,N,0
47.29232,80.80046,340.98,0.46,0.39,2021-09-18,2022,N,VIIRS,n,2,283.23,2.62,N,0
47.29565,80.80138,297.79,0.46,0.39,2021-09-18,2022,N,VIIRS,n,2,279.04,2.61,N,0
47.98232,76.42419,303.9,0.46,0.47,2021-09-18,2022,N,VIIRS,n,2,277.56,1.39,N,0
47.98279,76.4179,312.22,0.46,0.47,2021-09-18,2022,N,VIIRS,n,2,275.26,1.39,N,0
40.20708,94.56483,297.05,0.35,0.57,2021-09-18,2023,N,VIIRS,n,2,286.78,0.68,N,0
40.71106,83.64969,296.37,0.39,0.36,2021-09-18,2023,N,VIIRS,n,2,282.93,0.39,N,0
40.81154,83.88324,314.79,0.39,0.36,2021-09-18,2023,N,VIIRS,n,2,282.68,1.56,N,0
40.81483,83.88418,327.42,0.39,0.36,2021-09-18,2023,N,VIIRS,n,2,285.73,2.73,N,0
40.83222,83.53479,306.89,0.39,0.36,2021-09-18,2023,N,VIIRS,n,2,284.56,0.79,N,0
40.85243,83.0027,303.27,0.38,0.36,2021-09-18,2023,N,VIIRS,n,2,284.71,0.65,N,0
40.87258,83.02698,315.09,0.38,0.36,2021-09-18,2023,N,VIIRS,n,2,284.44,0.88,N,2
40.90371,83.5532,299.94,0.39,0.36,2021-09-18,2023,N,VIIRS,n,2,282.89,0.57,N,2
41.31538,83.85178,305.16,0.39,0.36,2021-09-18,2023,N,VIIRS,n,2,284.06,0.99,N,0
41.31688,83.84265,319.71,0.39,0.36,2021-09-18,2023,N,VIIRS,n,2,283.84,1.34,N,0
41.32016,83.8436,301.67,0.39,0.36,2021-09-18,2023,N,VIIRS,n,2,285.63,0.71,N,0
41.36628,82.74132,298.39,0.38,0.36,2021-09-18,2023,N,VIIRS,n,2,283.63,0.42,N,0
41.66466,81.08562,299.94,0.4,0.37,2021-09-18,2023,N,VIIRS,n,2,282.11,0.56,N,0
41.71453,83.10322,300.16,0.38,0.36,2021-09-18,2023,N,VIIRS,n,2,288.35,0.69,N,0
41.76253,83.27144,308.93,0.38,0.36,2021-09-18,2023,N,VIIRS,n,2,291.72,1.27,N,2
41.76408,82.91647,302.32,0.38,0.36,2021-09-18,2023,N,VIIRS,n,2,289.2,1.16,N,0
41.76736,82.91737,300.3,0.38,0.36,2021-09-18,2023,N,VIIRS,n,2,289.45,0.86,N,0
41.81718,88.87668,298.52,0.52,0.42,2021-09-18,2023,N,VIIRS,n,2,286.57,2.04,N,0
41.81845,88.87054,325.75,0.52,0.42,2021-09-18,2023,N,VIIRS,n,2,288.02,2.04,N,0
41.81874,88.89767,310,0.52,0.42,2021-09-18,2023,N,VIIRS,n,2,289.42,2.23,N,0
41.82078,88.89809,324.53,0.52,0.42,2021-09-18,2023,N,VIIRS,n,2,291.73,2.42,N,0
41.82088,88.87819,315.65,0.52,0.42,2021-09-18,2023,N,VIIRS,n,2,290.56,2.04,N,0
41.82114,88.90533,303.6,0.52,0.42,2021-09-18,2023,N,VIIRS,n,2,289.22,1.95,N,0
41.82215,88.87203,303.89,0.52,0.42,2021-09-18,2023,N,VIIRS,n,2,289.38,2.04,N,0
41.82245,88.89916,314.97,0.52,0.42,2021-09-18,2023,N,VIIRS,n,2,291.46,2.23,N,0
41.8232,88.9058,299.68,0.52,0.42,2021-09-18,2023,N,VIIRS,n,2,288.87,2.42,N,0
41.83232,81.77666,298.17,0.39,0.36,2021-09-18,2023,N,VIIRS,n,2,286.76,0.6,N,2
41.83898,81.77838,299.56,0.39,0.36,2021-09-18,2023,N,VIIRS,n,2,287.97,1.24,N,2
42.0943,81.85822,306.19,0.39,0.36,2021-09-18,2023,N,VIIRS,n,2,285.15,1.01,N,0
42.09761,81.85918,304.18,0.39,0.36,2021-09-18,2023,N,VIIRS,n,2,283.37,1.01,N,0
42.13684,83.12028,314.23,0.38,0.36,2021-09-18,2023,N,VIIRS,n,2,290.02,1.41,N,2
42.58815,91.33768,308.22,0.43,0.46,2021-09-18,2023,N,VIIRS,n,2,292.2,1.13,N,2
42.59219,91.33949,305.63,0.43,0.46,2021-09-18,2023,N,VIIRS,n,2,290.83,1.13,N,2
42.61982,88.61839,311.35,0.49,0.4,2021-09-18,2023,N,VIIRS,n,2,293.68,1.22,N,2
42.64523,74.28573,304.46,0.51,0.5,2021-09-18,2023,N,VIIRS,n,2,284.83,2.94,N,0
42.64584,74.27761,324.54,0.51,0.5,2021-09-18,2023,N,VIIRS,n,2,286.57,2.94,N,0
42.65041,74.27862,341.5,0.51,0.5,2021-09-18,2023,N,VIIRS,n,2,288.54,6.94,N,0
42.66773,74.29529,311.2,0.51,0.5,2021-09-18,2023,N,VIIRS,n,2,282.2,1.9,N,0
42.67241,74.29482,311.02,0.51,0.5,2021-09-18,2023,N,VIIRS,n,2,283.2,1.9,N,0
42.7206,74.19595,313.62,0.52,0.5,2021-09-18,2023,N,VIIRS,n,2,282.48,2.39,N,0
42.72528,74.19582,309.43,0.52,0.5,2021-09-18,2023,N,VIIRS,n,2,285.6,1.64,N,0
42.82377,87.9234,304.22,0.46,0.39,2021-09-18,2023,N,VIIRS,n,2,293.75,1.36,N,2
42.8251,87.93581,303.21,0.46,0.39,2021-09-18,2023,N,VIIRS,n,2,292.86,1.33,N,2
42.85204,88.01047,312.92,0.46,0.39,2021-09-18,2023,N,VIIRS,n,2,290.63,1.63,N,2
42.91301,74.87518,309.93,0.48,0.48,2021-09-18,2023,N,VIIRS,n,2,286.41,1.91,N,2
42.91348,74.86919,304.01,0.48,0.48,2021-09-18,2023,N,VIIRS,n,2,285.28,2.44,N,2
42.96722,74.59219,305.58,0.5,0.49,2021-09-18,2023,N,VIIRS,n,2,285.02,1.97,N,2
42.98798,90.13179,306.96,0.56,0.43,2021-09-18,2023,N,VIIRS,n,2,294.32,5.13,N,0
43.15974,88.83596,304.83,0.49,0.4,2021-09-18,2023,N,VIIRS,n,2,288.23,1.43,N,0
43.16066,88.83671,325.76,0.49,0.4,2021-09-18,2023,N,VIIRS,n,2,290.07,4.35,N,0
43.16339,88.83721,325.15,0.49,0.4,2021-09-18,2023,N,VIIRS,n,2,288.53,1.43,N,0
43.16464,88.85034,298.46,0.49,0.4,2021-09-18,2023,N,VIIRS,n,2,286.06,0.64,N,0
43.1655,88.85107,300.29,0.49,0.4,2021-09-18,2023,N,VIIRS,n,2,284.58,1.18,N,0
43.24523,87.66886,302.77,0.45,0.39,2021-09-18,2023,N,VIIRS,n,2,280.83,0.91,N,2
43.28189,81.85406,298.16,0.4,0.37,2021-09-18,2023,N,VIIRS,n,2,283.49,0.68,N,2
43.36238,77.59513,328.94,0.55,0.43,2021-09-18,2023,N,VIIRS,n,2,289.06,6.38,N,0
43.36303,77.58859,328.71,0.55,0.43,2021-09-18,2023,N,VIIRS,n,2,289.69,7.14,N,0
43.36367,77.59602,326.71,0.55,0.42,2021-09-18,2023,N,VIIRS,n,2,291.79,11.22,N,0
43.36435,77.58954,329.69,0.55,0.43,2021-09-18,2023,N,VIIRS,n,2,293.08,11.22,N,0
43.36635,77.59536,329.68,0.55,0.43,2021-09-18,2023,N,VIIRS,n,2,294.49,6.38,N,0
43.367,77.58881,319.03,0.55,0.43,2021-09-18,2023,N,VIIRS,n,2,290.44,7.14,N,0
43.51627,81.99951,302.08,0.4,0.37,2021-09-18,2023,N,VIIRS,n,2,287.45,1.15,N,0
43.52579,81.95634,295.72,0.4,0.37,2021-09-18,2023,N,VIIRS,n,2,285.3,0.58,N,2
43.52676,83.29407,334.75,0.39,0.36,2021-09-18,2023,N,VIIRS,n,2,290.96,3.66,N,2
43.52846,81.96211,305.77,0.4,0.37,2021-09-18,2023,N,VIIRS,n,2,291.55,1.05,N,2
43.52915,81.9572,301.72,0.4,0.37,2021-09-18,2023,N,VIIRS,n,2,288.29,1.05,N,2
43.53251,81.95806,309.3,0.4,0.37,2021-09-18,2023,N,VIIRS,n,2,291.46,1.05,N,2
43.70723,83.27451,302.34,0.39,0.36,2021-09-18,2023,N,VIIRS,n,2,281.26,0.88,N,2
43.82495,82.79786,311.99,0.39,0.36,2021-09-18,2023,N,VIIRS,n,2,286.41,1.29,N,2
43.94875,81.47082,300.43,0.41,0.37,2021-09-18,2023,N,VIIRS,n,2,289.24,0.69,N,2
44.16213,80.75001,301.25,0.43,0.38,2021-09-18,2023,N,VIIRS,n,2,287.65,0.86,N,0
44.22171,80.47599,308.35,0.44,0.38,2021-09-18,2023,N,VIIRS,n,2,283.52,1.29,N,0
38.2071,90.97277,305.82,0.52,0.5,2021-09-18,2024,N,VIIRS,n,2,270.77,1.29,N,2
39.64685,75.9213,298.92,0.4,0.44,2021-09-18,2024,N,VIIRS,n,2,288.58,1.09,N,0
39.64915,75.89835,301.98,0.4,0.44,2021-09-18,2024,N,VIIRS,n,2,289.08,0.99,N,0
40.22926,83.22078,317.65,0.39,0.36,2021-09-18,2024,N,VIIRS,n,2,286.18,1.66,N,0
40.34725,83.41345,304.9,0.39,0.36,2021-09-18,2024,N,VIIRS,n,2,283.36,0.57,N,0
40.34799,83.40896,307.09,0.39,0.36,2021-09-18,2024,N,VIIRS,n,2,283.95,1,N,0
40.63059,82.94219,295.12,0.38,0.36,2021-09-18,2024,N,VIIRS,n,2,283.72,0.58,N,0
40.63461,82.70176,307.46,0.38,0.36,2021-09-18,2024,N,VIIRS,n,2,284.78,0.42,N,0
40.71376,82.73949,308.51,0.38,0.36,2021-09-18,2024,N,VIIRS,n,2,284.32,0.79,N,0
41.06729,80.11251,304.03,0.42,0.38,2021-09-18,2024,N,VIIRS,n,2,290.31,1.14,N,2
41.07303,80.14979,301.27,0.42,0.38,2021-09-18,2024,N,VIIRS,n,2,290.08,0.75,N,2
35.34758,73.77317,300.4,0.46,0.47,2021-09-18,2025,N,VIIRS,n,2,288.99,0.47,N,0
36.99663,80.19298,299.53,0.39,0.37,2021-09-18,2025,N,VIIRS,n,2,287.84,0.67,N,2
37.14419,79.4968,301.73,0.41,0.37,2021-09-18,2025,N,VIIRS,n,2,289.36,0.76,N,0
29.22523,88.35455,297.93,0.6,0.53,2021-09-18,2026,N,VIIRS,n,2,278.51,1.5,N,2
29.22679,88.34763,295.91,0.59,0.53,2021-09-18,2026,N,VIIRS,n,2,277.71,1.5,N,0
30.88127,75.9965,306.29,0.47,0.4,2021-09-18,2026,N,VIIRS,n,2,293.15,0.44,N,0
27.37395,77.69292,306.71,0.39,0.36,2021-09-18,2027,N,VIIRS,n,2,292.69,0.93,N,0
28.11955,76.79818,303.07,0.42,0.37,2021-09-18,2027,N,VIIRS,n,2,290.31,1.28,N,0
28.93046,78.98499,308.02,0.38,0.36,2021-09-18,2027,N,VIIRS,n,2,292.31,1.59,N,0
29.1246,75.77868,310.04,0.46,0.39,2021-09-18,2027,N,VIIRS,n,2,293.49,3.08,N,2
29.8948,77.11969,305.17,0.42,0.38,2021-09-18,2027,N,VIIRS,n,2,292.23,1.15,N,0
23.69115,87.10024,297.87,0.32,0.55,2021-09-18,2028,N,VIIRS,n,2,275.48,1.1,N,2
23.69198,87.12066,295.74,0.33,0.55,2021-09-18,2028,N,VIIRS,n,2,271.97,0.69,N,2
23.76728,86.39612,298.06,0.59,0.52,2021-09-18,2028,N,VIIRS,n,2,268.59,1.34,N,2
23.76878,86.3941,296.18,0.59,0.53,2021-09-18,2028,N,VIIRS,n,2,267.73,1.58,N,2
23.77354,86.20571,314.86,0.57,0.52,2021-09-18,2028,N,VIIRS,n,2,279.28,2.57,N,2
23.77837,86.34519,297.2,0.58,0.52,2021-09-18,2028,N,VIIRS,n,2,270.65,0.95,N,2
23.7795,86.34309,298.14,0.58,0.52,2021-09-18,2028,N,VIIRS,n,2,269.47,2.61,N,2
23.78287,86.39387,299.08,0.58,0.52,2021-09-18,2028,N,VIIRS,n,2,271.11,1.81,N,2
23.78309,86.34988,302.17,0.58,0.52,2021-09-18,2028,N,VIIRS,n,2,272.45,1.82,N,2
23.78313,86.34637,308.99,0.58,0.52,2021-09-18,2028,N,VIIRS,n,2,273.03,0.95,N,2
23.78435,86.34074,296.23,0.58,0.52,2021-09-18,2028,N,VIIRS,n,2,272.86,1.17,N,2
23.79261,86.35224,303.27,0.58,0.52,2021-09-18,2028,N,VIIRS,n,2,275.97,2.11,N,2
23.79265,86.34872,298.35,0.58,0.52,2021-09-18,2028,N,VIIRS,n,2,275.11,1.96,N,2
23.80231,86.32724,308.1,0.58,0.52,2021-09-18,2028,N,VIIRS,n,2,284.21,3.02,N,2
23.82631,85.50046,302.28,0.51,0.5,2021-09-18,2028,N,VIIRS,n,2,282.55,1.18,N,2
23.98872,79.39287,305.35,0.4,0.37,2021-09-18,2028,N,VIIRS,n,2,291.17,0.54,N,2
24.14247,82.56921,307.05,0.52,0.41,2021-09-18,2028,N,VIIRS,n,2,288.92,0.99,N,0
24.15744,82.70016,311.53,0.53,0.42,2021-09-18,2028,N,VIIRS,n,2,288.73,1.19,N,0
24.16711,80.69494,309.73,0.43,0.38,2021-09-18,2028,N,VIIRS,n,2,292.42,1.08,N,2
20.12628,79.02367,301.44,0.41,0.37,2021-09-18,2029,N,VIIRS,n,2,282.62,0.37,N,2
20.2443,86.61086,303.68,0.35,0.57,2021-09-18,2029,N,VIIRS,n,2,262.63,0.61,N,2
20.24445,86.61112,299.78,0.35,0.57,2021-09-18,2029,N,VIIRS,n,2,261.44,1.08,N,2
20.24503,86.60748,306.29,0.35,0.57,2021-09-18,2029,N,VIIRS,n,2,265.91,0.61,N,2
20.24516,86.60774,301.69,0.35,0.57,2021-09-18,2029,N,VIIRS,n,2,265.53,1.08,N,2
20.70211,78.61961,311.47,0.4,0.37,2021-09-18,2029,N,VIIRS,n,2,287.19,1.25,N,0
21.18607,81.38892,299.19,0.5,0.41,2021-09-18,2029,N,VIIRS,n,2,272.94,0.86,N,3
21.18891,81.39446,297.89,0.5,0.41,2021-09-18,2029,N,VIIRS,n,2,271.5,0.76,N,2
21.18979,81.38969,299.35,0.5,0.41,2021-09-18,2029,N,VIIRS,n,2,272.4,0.86,N,2
21.19285,81.41515,298.43,0.5,0.41,2021-09-18,2029,N,VIIRS,n,2,263.63,0.52,N,2
21.2334,79.62959,304.71,0.42,0.38,2021-09-18,2029,N,VIIRS,n,2,269.84,0.95,N,2
21.37762,81.67982,310.43,0.51,0.41,2021-09-18,2029,N,VIIRS,n,2,285.8,2.91,N,2
52.06701,76.87301,299.89,0.34,0.56,2021-09-18,2201,N,VIIRS,n,2,277.58,0.89,N,2
52.08325,76.85783,305.68,0.34,0.56,2021-09-18,2201,N,VIIRS,n,2,276.4,0.76,N,2
52.08463,76.85329,307.34,0.34,0.56,2021-09-18,2201,N,VIIRS,n,2,275.54,1.35,N,2
52.25742,77.04406,320.7,0.34,0.56,2021-09-18,2201,N,VIIRS,n,2,284.15,2.17,N,2
52.36982,76.92115,296.68,0.33,0.55,2021-09-18,2201,N,VIIRS,n,2,277.56,0.65,N,2
52.37217,76.92131,295.07,0.33,0.55,2021-09-18,2201,N,VIIRS,n,2,278.67,0.7,N,2
46.00042,78.4167,320.43,0.62,0.71,2021-09-18,2202,N,VIIRS,n,2,278.57,6.25,N,0
46.00157,78.42152,332.04,0.62,0.71,2021-09-18,2202,N,VIIRS,n,2,279.48,9,N,0
46.00333,78.39475,297.09,0.62,0.71,2021-09-18,2202,N,VIIRS,n,2,278.46,12.5,N,0
46.00415,78.41404,367,0.62,0.71,2021-09-18,2202,N,VIIRS,h,2,280.65,12.1,N,0
46.00589,78.38733,336.32,0.62,0.71,2021-09-18,2202,N,VIIRS,n,2,279.46,12.5,N,0
46.0064,78.42107,344.86,0.62,0.71,2021-09-18,2202,N,VIIRS,n,2,279.53,11.74,N,0
46.00672,78.4066,311.42,0.62,0.71,2021-09-18,2202,N,VIIRS,n,2,278.78,12.1,N,0
46.00825,78.39442,353.99,0.62,0.71,2021-09-18,2202,N,VIIRS,n,2,287.19,36,N,0
46.00901,78.41364,367,0.62,0.71,2021-09-18,2202,N,VIIRS,h,2,281.71,11.74,N,0
46.0093,78.39913,354.09,0.62,0.71,2021-09-18,2202,N,VIIRS,n,2,280.77,12.5,N,0
46.01012,78.41844,327.52,0.62,0.71,2021-09-18,2202,N,VIIRS,n,2,278.38,5.65,N,0
46.01084,78.38703,341.18,0.62,0.71,2021-09-18,2202,N,VIIRS,n,2,280.98,32,N,0
46.01187,78.39169,367,0.62,0.71,2021-09-18,2202,N,VIIRS,h,2,286.68,12.5,N,0
46.01423,78.39877,303.94,0.62,0.71,2021-09-18,2202,N,VIIRS,n,2,277.93,7.95,N,0
46.83595,74.95469,298.89,0.42,0.61,2021-09-18,2202,N,VIIRS,n,2,280.24,0.68,N,2
47.29137,80.80121,309.95,0.7,0.75,2021-09-18,2202,N,VIIRS,n,2,276.46,3,N,0
47.29149,80.79686,301.42,0.7,0.75,2021-09-18,2202,N,VIIRS,n,2,275.82,2.17,N,0
47.98269,76.42419,311.03,0.44,0.62,2021-09-18,2202,N,VIIRS,n,2,274.59,2.45,N,0
47.98444,76.41869,331.86,0.44,0.62,2021-09-18,2202,N,VIIRS,n,2,275.32,4.51,N,0
42.64436,74.28955,306.34,0.53,0.67,2021-09-18,2203,N,VIIRS,n,2,283.16,2.06,N,0
42.64571,74.28527,301.33,0.53,0.67,2021-09-18,2203,N,VIIRS,n,2,284.06,2.06,N,0
42.64708,74.28091,325.71,0.52,0.67,2021-09-18,2203,N,VIIRS,n,2,286.82,3.37,N,0
42.64852,74.27635,295.92,0.52,0.67,2021-09-18,2203,N,VIIRS,n,2,283.8,3.37,N,0
42.72008,74.19968,296.29,0.52,0.67,2021-09-18,2203,N,VIIRS,n,2,280.4,0.66,N,0
42.72413,74.20439,304.48,0.52,0.67,2021-09-18,2203,N,VIIRS,n,2,283.9,0.67,N,0
42.72488,74.20601,296.47,0.52,0.67,2021-09-18,2203,N,VIIRS,n,2,283.46,0.94,N,0
42.91224,74.87056,304.4,0.55,0.68,2021-09-18,2203,N,VIIRS,n,2,283.76,1.94,N,2