province_key,analysis_date,hotspot_count_thailand_000_050km_lag0,hotspot_count_thailand_050_100km_lag0,hotspot_count_thailand_100_300km_lag0,hotspot_count_thailand_300_500km_lag0,hotspot_count_laos_000_050km_lag0,hotspot_count_laos_050_100km_lag0,hotspot_count_laos_100_300km_lag0,hotspot_count_laos_300_500km_lag0,hotspot_count_myanmar_000_050km_lag0,hotspot_count_myanmar_050_100km_lag0,hotspot_count_myanmar_100_300km_lag0,hotspot_count_myanmar_300_500km_lag0,hotspot_count_china_000_050km_lag0,hotspot_count_china_050_100km_lag0,hotspot_count_china_100_300km_lag0,hotspot_count_china_300_500km_lag0
50,2021-04-27,0,1,1,1,0,0,2,5,0,0,43,126,0,0,0,22
50,2021-04-28,0,0,0,1,0,0,4,32,0,1,21,141,0,0,0,4
50,2021-04-29,0,0,0,0,0,0,13,0,0,0,13,151,0,0,0,5
50,2021-04-30,1,0,1,0,0,0,0,6,0,1,50,71,0,0,0,6
50,2021-05-01,10,11,8,16,0,0,30,63,0,0,16,28,0,0,1,4
50,2021-05-02,4,8,17,8,0,0,4,10,0,0,37,111,0,0,0,6
50,2021-05-03,22,59,35,10,0,0,38,35,0,0,70,142,0,0,3,10
50,2021-05-04,58,123,66,4,0,0,133,142,0,0,74,291,0,0,0,22
50,2021-05-05,34,60,126,6,0,0,78,242,0,0,86,405,0,0,0,13
50,2021-05-06,1,12,11,0,0,0,6,12,0,0,38,122,0,0,0,20
50,2021-05-07,15,9,12,14,0,0,24,97,0,0,24,287,0,0,0,12
50,2021-05-08,0,10,24,3,0,0,36,31,0,0,13,165,0,0,0,9
50,2021-05-09,1,2,13,7,0,0,37,112,0,0,7,121,0,0,0,43
50,2021-05-10,0,6,29,17,0,0,52,114,0,0,16,163,0,0,0,8
50,2021-05-11,5,17,92,28,0,0,46,122,0,0,39,185,0,0,0,1
50,2021-05-12,12,3,104,59,0,0,76,79,0,0,17,48,0,0,1,7
50,2021-05-13,9,5,36,21,0,0,8,12,0,0,11,83,0,0,1,10
50,2021-05-14,12,2,31,16,0,0,12,17,0,0,13,38,0,0,0,9
50,2021-05-15,3,5,36,3,0,0,16,39,0,0,14,87,0,0,0,19
50,2021-05-16,23,16,42,14,0,0,60,77,0,0,47,156,0,0,1,37
50,2021-05-17,36,29,64,23,0,0,39,137,0,1,56,75,0,0,2,70
50,2021-05-18,1,0,3,5,0,0,13,57,0,0,28,61,0,0,0,29
50,2021-05-19,4,0,7,0,0,0,8,12,0,0,3,3,0,0,0,10
50,2021-05-20,4,2,5,5,0,0,4,20,0,0,16,83,0,0,0,13
50,2021-05-21,0,1,6,5,0,0,9,23,0,0,22,30,0,0,1,22
50,2021-05-22,4,26,59,33,0,0,19,30,0,0,38,22,0,0,2,42
50,2021-05-23,1,2,15,21,0,0,10,65,0,0,12,17,0,0,0,86
50,2021-05-24,5,3,18,5,0,0,3,1,0,0,0,3,0,0,0,3
50,2021-05-25,3,2,2,2,0,0,0,0,0,0,0,1,0,0,0,5
50,2021-05-26,0,0,3,0,0,0,0,0,0,0,0,2,0,0,0,2
50,2021-05-27,0,4,22,3,0,0,6,5,1,0,16,16,0,0,1,0
50,2021-05-28,0,0,1,5,0,0,2,0,0,0,1,5,0,0,0,9
50,2021-05-29,0,0,4,7,0,0,1,0,0,0,1,13,0,0,0,16
50,2021-05-30,0,1,1,7,0,0,0,7,0,1,0,0,0,0,0,7
50,2021-05-31,1,0,2,4,0,0,0,4,0,0,0,4,0,0,0,6
50,2021-06-01,2,4,3,10,0,0,4,10,0,0,4,14,0,0,0,0
50,2021-06-02,3,6,50,21,0,0,19,13,2,0,0,0,0,0,0,1
50,2021-06-03,0,3,1,11,0,0,5,16,0,0,1,7,0,0,0,3
50,2021-06-04,0,1,4,3,0,0,0,0,0,0,1,5,0,0,0,16
50,2021-06-05,0,0,0,1,0,0,1,1,0,0,0,0,0,0,0,42
50,2021-06-06,0,0,7,0,0,0,2,1,0,0,2,3,0,0,0,54
50,2021-06-07,0,0,1,1,0,0,1,3,0,0,2,2,0,0,0,24
50,2021-06-08,0,0,0,1,0,0,0,0,0,0,0,1,0,0,0,0
50,2021-06-09,0,0,0,0,0,0,0,0,0,0,0,0,0,0,0,0
50,2021-06-10,0,0,0,0,0,0,0,0,0,0,0,0,0,0,0,0
50,2021-06-11,1,0,0,0,0,0,0,0,0,0,0,0,0,0,0,0
50,2021-06-12,0,0,0,0,0,0,0,0,0,0,0,2,0,0,0,0
50,2021-06-13,0,0,0,0,0,0,0,0,0,0,1,3,0,0,0,3
50,2021-06-14,0,0,0,0,0,0,0,0,0,0,0,0,0,0,0,0
50,2021-06-15,0,0,0,0,0,0,0,0,0,0,0,0,0,0,0,0
50,2021-06-16,0,0,0,2,0,0,0,0,0,0,0,0,0,0,0,0
50,2021-06-17,0,0,0,4,0,0,1,0,0,0,1,1,0,0,0,10
50,2021-06-18,0,0,17,31,0,0,3,5,0,0,1,1,0,0,0,9
50,2021-06-19,0,0,0,5,0,0,0,3,0,0,1,0,0,0,0,9
50,2021-06-20,0,0,10,12,0,0,5,8,0,0,0,0,0,0,0,2
50,2021-06-21,0,0,2,6,0,0,7,1,0,0,0,0,0,0,0,1
50,2021-06-22,0,0,1,4,0,0,1,0,0,0,1,2,0,0,0,34
50,2021-06-23,0,0,0,3,0,0,0,1,0,0,0,5,0,0,0,3
50,2021-06-24,0,0,0,2,0,0,0,2,0,0,0,0,0,0,0,0
50,2021-06-25,2,0,2,2,0,0,0,0,0,0,1,1,0,0,0,0
50,2021-06-26,0,0,0,2,0,0,0,0,0,0,0,1,0,0,0,0
50,2021-06-27,0,0,0,4,0,0,0,0,0,0,0,0,0,0,0,0
50,2021-06-28,0,0,0,0,0,0,0,0,0,0,0,0,0,0,0,0
50,2021-06-29,0,0,0,4,0,0,0,0,0,0,0,0,0,0,0,0
50,2021-06-30,0,0,0,2,0,0,0,0,0,0,0,0,0,0,0,0
50,2021-07-01,0,0,2,6,0,0,0,0,0,0,0,1,0,0,0,0
50,2021-07-02,0,0,0,8,0,0,0,0,0,0,0,0,0,0,0,0
50,2021-07-03,0,0,2,20,0,0,0,0,0,0,1,1,0,0,0,1
50,2021-07-04,5,0,24,52,0,0,2,3,0,0,0,0,0,0,0,0
50,2021-07-05,0,0,1,7,0,0,0,0,0,0,0,2,0,0,0,0
50,2021-07-06,0,0,0,0,0,0,0,0,0,0,0,0,0,0,0,0
50,2021-07-07,0,0,0,1,0,0,0,0,0,0,0,0,0,0,0,1
50,2021-07-08,0,0,0,0,0,0,0,0,0,0,0,6,0,0,0,0
50,2021-07-09,0,1,0,1,0,0,0,0,0,0,0,0,0,0,0,1
50,2021-07-10,0,0,0,0,0,0,0,0,0,0,0,2,0,0,0,2
50,2021-07-11,0,0,0,4,0,0,0,0,0,0,0,1,0,0,0,5
50,2021-07-12,0,0,2,4,0,0,0,1,0,0,0,0,0,0,0,2
50,2021-07-13,0,0,2,13,0,0,0,3,0,0,0,0,0,0,0,11
50,2021-07-14,0,0,19,1,0,0,0,1,1,0,1,8,0,0,0,11
50,2021-07-15,0,0,0,0,0,0,0,0,0,0,0,1,0,0,0,1
50,2021-07-16,0,0,4,1,0,0,0,0,0,0,1,0,0,0,0,0
50,2021-07-17,0,0,6,14,0,0,0,0,0,0,0,0,0,0,0,2
50,2021-07-18,0,0,0,0,0,0,0,0,0,0,0,0,0,0,0,0
50,2021-07-19,0,0,0,0,0,0,0,1,0,0,0,1,0,0,0,1
50,2021-07-20,0,0,0,3,0,0,0,0,0,0,0,0,0,0,0,0
50,2021-07-21,0,0,0,0,0,0,0,0,0,0,1,0,0,0,0,0
50,2021-07-22,0,0,0,1,0,0,0,0,0,0,0,0,0,0,0,0
50,2021-07-23,0,0,0,0,0,0,0,0,0,0,0,0,0,0,0,1
50,2021-07-24,0,0,0,0,0,0,0,0,0,0,0,0,0,0,0,0
50,2021-07-25,0,0,0,0,0,0,0,0,0,0,0,0,0,0,0,0
50,2021-07-26,0,0,0,1,0,0,0,0,0,0,0,0,0,0,0,0
50,2021-07-27,0,0,0,7,0,0,0,0,0,0,0,2,0,0,0,1
50,2021-07-28,0,0,0,0,0,0,0,0,0,0,0,0,0,0,0,0
50,2021-07-29,0,0,1,1,0,0,1,0,0,0,0,0,0,0,0,0
50,2021-07-30,0,0,37,7,0,0,0,0,0,0,0,0,0,0,0,0
50,2021-07-31,0,0,5,17,0,0,0,0,0,0,0,0,0,0,0,0
50,2021-08-01,0,0,0,1,0,0,0,0,0,0,0,0,0,0,0,1
50,2021-08-02,0,0,0,0,0,0,2,0,0,0,0,0,0,0,0,0
50,2021-08-03,0,0,0,0,0,0,0,0,0,0,0,0,0,0,0,1
50,2021-08-04,0,0,0,0,0,0,0,0,0,0,0,0,0,0,0,0
50,2021-08-05,0,0,10,37,0,0,1,1,0,0,0,0,0,0,0,2
50,2021-08-06,0,0,0,2,0,0,0,0,0,0,0,5,0,0,0,2
50,2021-08-07,0,0,3,11,0,0,0,0,0,0,0,0,0,0,0,0
50,2021-08-08,0,0,0,10,0,0,3,0,0,0,0,0,0,0,0,0
50,2021-08-09,0,0,19,33,0,0,0,0,0,0,1,0,0,0,0,0
50,2021-08-10,0,0,12,8,0,0,0,0,0,0,0,2,0,0,0,0
50,2021-08-11,0,0,0,0,0,0,0,0,0,0,0,0,0,0,0,0
50,2021-08-12,0,0,1,11,0,0,0,0,0,0,0,0,0,0,0,0
50,2021-08-13,0,0,3,9,0,0,0,0,0,0,0,0,0,0,0,0
50,2021-08-14,0,0,0,3,0,0,0,0,0,0,0,0,0,0,0,0
50,2021-08-15,0,0,0,0,0,0,0,0,0,0,0,0,0,0,0,0
50,2021-08-16,0,0,0,0,0,0,0,0,0,0,0,0,0,0,0,0
50,2021-08-17,0,0,1,7,0,0,0,0,0,0,2,0,0,0,0,0
50,2021-08-18,0,0,27,76,0,0,0,0,0,0,0,1,0,0,0,0
50,2021-08-19,0,0,0,25,0,0,0,0,0,0,1,0,0,0,0,0
50,2021-08-20,0,0,15,50,0,0,0,0,0,0,0,2,0,0,0,0
50,2021-08-21,0,0,73,79,0,0,2,4,0,0,0,0,0,0,0,0
50,2021-08-22,0,0,2,25,0,0,0,0,0,0,3,2,0,0,0,0
50,2021-08-23,0,0,8,22,0,0,0,0,0,0,0,0,0,0,0,0
50,2021-08-24,0,0,3,2,0,0,0,0,0,0,0,0,0,0,0,0
50,2021-08-25,0,0,7,21,0,0,0,0,0,0,1,0,0,0,0,0
50,2021-08-26,0,0,3,3,0,0,0,0,0,0,0,1,0,0,0,0
50,2021-08-27,0,0,0,1,0,0,0,0,0,0,0,2,0,0,1,2
50,2021-08-28,0,0,0,0,0,0,0,0,0,0,0,0,0,0,0,0
50,2021-08-29,0,0,1,0,0,0,0,0,0,0,1,3,0,0,0,0
50,2021-08-30,0,0,0,5,0,0,0,0,0,0,1,2,0,0,0,3
50,2021-08-31,1,0,1,7,0,0,0,0,0,0,3,1,0,0,0,1
50,2021-09-01,0,0,3,1,0,0,0,0,0,0,2,1,0,0,0,1
50,2021-09-02,2,0,0,1,0,0,0,0,0,0,0,2,0,0,0,0
50,2021-09-03,0,0,2,0,0,0,0,0,0,0,2,0,0,0,0,6
50,2021-09-04,0,0,0,0,0,0,0,0,0,0,0,0,0,0,0,0
50,2021-09-05,0,0,1,0,0,0,0,0,0,0,0,0,0,0,0,2
50,2021-09-06,0,1,6,6,0,0,0,0,0,0,0,1,0,0,0,1
50,2021-09-07,0,0,2,2,0,0,0,0,0,0,1,1,0,0,0,2
50,2021-09-08,0,0,0,0,0,0,0,0,0,0,0,0,0,0,0,1
50,2021-09-09,0,0,0,0,0,0,0,0,0,0,0,1,0,0,0,6
50,2021-09-10,0,0,0,0,0,0,0,4,0,0,0,5,0,0,0,4
50,2021-09-11,0,0,0,1,0,0,1,5,0,0,12,7,0,0,1,6
50,2021-09-12,1,0,3,3,0,0,1,9,0,0,1,3,0,0,0,14
50,2021-09-13,0,0,5,4,0,0,0,2,0,0,2,2,0,0,0,10
50,2021-09-14,0,0,0,0,0,0,0,0,0,0,0,0,0,0,0,0
50,2021-09-15,0,0,3,0,0,0,0,0,0,0,0,0,0,0,0,0
50,2021-09-16,0,0,0,1,0,0,0,0,0,0,3,0,0,0,0,0
50,2021-09-17,0,0,0,2,0,0,0,0,0,0,1,0,0,0,0,0
50,2021-09-18,0,0,1,7,0,0,0,0,0,0,0,2,0,0,0,0
50,2021-09-19,0,0,2,1,0,0,0,0,0,0,0,0,0,0,0,0
50,2021-09-20,0,0,0,0,0,0,0,0,0,0,3,0,0,0,0,0
50,2021-09-21,0,0,0,1,0,0,0,1,0,0,0,6,0,0,0,1
50,2021-09-22,0,0,0,0,0,0,0,11,0,0,0,1,0,0,0,1
50,2021-09-23,0,0,0,0,0,0,0,8,0,0,2,10,0,0,0,7
50,2021-09-24,0,0,0,0,0,0,0,3,0,0,0,7,0,0,0,1
50,2021-09-25,0,0,0,0,0,0,0,0,0,0,0,5,0,0,0,3
50,2021-09-26,0,0,0,0,0,0,0,0,0,0,1,0,0,0,0,0
50,2021-09-27,0,0,0,0,0,0,0,1,0,0,1,0,0,0,0,3
50,2021-09-28,0,0,1,6,0,0,0,6,0,0,0,8,0,0,4,3
50,2021-09-29,0,1,2,2,0,0,1,10,0,0,6,8,0,0,0,6
50,2021-09-30,0,0,0,5,0,0,1,20,0,0,4,1,0,0,0,2
50,2021-10-01,0,0,1,5,0,0,0,1,0,0,3,5,0,0,0,0
50,2021-10-02,0,0,5,2,0,0,0,1,0,0,0,2,0,0,0,0
50,2021-10-03,0,1,2,7,0,0,2,0,0,0,2,2,0,0,0,2
50,2021-10-04,0,0,1,4,0,0,0,4,0,0,2,2,0,0,0,1
50,2021-10-05,0,0,1,2,0,0,0,0,0,0,3,0,0,0,0,3
50,2021-10-06,2,0,0,0,0,0,1,0,0,0,6,1,0,0,0,1
50,2021-10-07,0,0,0,0,0,0,0,0,0,0,2,4,0,0,0,2
50,2021-10-08,1,2,5,4,0,0,0,10,0,0,5,7,0,0,0,4
50,2021-10-09,0,1,5,4,0,0,2,30,0,0,4,2,0,0,0,6
50,2021-10-10,0,1,1,1,0,0,2,0,0,0,0,3,0,0,0,0
50,2021-10-11,0,0,0,0,0,0,0,0,0,0,0,0,0,0,0,0
50,2021-10-12,0,0,0,1,0,0,0,1,0,0,0,0,0,0,0,6
50,2021-10-13,0,0,0,0,0,0,1,0,0,0,1,4,0,0,0,5
50,2021-10-14,0,0,0,0,0,0,0,0,0,0,0,2,0,0,0,0
50,2021-10-15,0,0,0,0,0,0,0,0,0,0,0,0,0,0,0,0
50,2021-10-16,0,0,0,0,0,0,0,0,0,0,0,0,0,0,0,0
50,2021-10-17,0,0,0,0,0,0,0,0,0,0,0,0,0,0,0,0
50,2021-10-18,0,0,0,0,0,0,0,1,0,0,1,5,0,0,0,1
50,2021-10-19,0,0,1,0,0,0,0,0,0,0,1,1,0,0,0,0
50,2021-10-20,0,0,0,3,0,0,1,4,0,0,0,3,0,0,0,1
50,2021-10-21,0,0,0,1,0,0,0,0,0,0,0,0,0,0,0,0
50,2021-10-22,0,0,0,1,0,0,0,0,0,0,2,1,0,0,0,0
50,2021-10-23,0,0,0,5,0,0,0,0,0,0,2,2,0,0,0,0
50,2021-10-24,0,0,2,5,0,0,0,1,0,0,7,7,0,0,0,0
50,2021-10-25,0,0,3,9,0,0,2,2,0,0,7,5,0,0,0,0
50,2021-10-26,0,0,1,8,0,0,1,2,0,0,1,2,0,0,0,0
50,2021-10-27,0,0,0,0,0,0,0,1,0,0,3,2,0,0,0,0
50,2021-10-28,0,0,0,0,0,0,0,0,0,0,0,3,0,0,0,0
50,2021-10-29,0,0,0,0,0,0,0,1,0,0,28,13,0,0,0,0
50,2021-10-30,0,0,2,8,0,0,0,6,0,0,3,2,0,0,0,0
50,2021-10-31,0,0,0,6,0,0,0,0,0,0,2,1,0,0,0,0
50,2021-11-01,0,0,0,4,0,0,0,0,0,0,1,5,0,0,0,0
50,2021-11-02,0,0,0,0,0,0,0,0,0,0,4,0,0,0,0,0
50,2021-11-03,0,0,0,4,0,0,0,1,0,0,9,4,0,0,0,4
50,2021-11-04,0,0,5,11,0,0,0,1,0,0,4,6,0,0,0,2
50,2021-11-05,0,1,3,18,0,0,0,3,0,0,4,1,0,0,0,2
50,2021-11-06,0,0,6,10,0,0,1,2,0,0,1,3,0,0,0,4
50,2021-11-07,0,0,4,0,0,0,1,5,0,0,14,5,0,0,0,3
50,2021-11-08,0,1,7,3,0,0,2,5,0,0,18,19,0,0,0,0
50,2021-11-09,1,0,8,11,0,0,0,1,0,0,24,25,0,0,0,2
50,2021-11-10,0,0,3,18,0,0,0,4,0,0,9,13,0,0,0,2
50,2021-11-11,0,0,8,7,0,0,0,3,0,0,11,5,0,0,0,0
50,2021-11-12,0,0,3,0,0,0,0,0,0,0,6,8,0,0,0,5
50,2021-11-13,0,1,8,2,0,0,0,3,0,0,11,16,0,0,0,0
50,2021-11-14,0,1,6,0,0,0,2,4,0,0,27,43,0,0,0,0
50,2021-11-15,1,2,35,22,0,0,0,4,0,0,11,15,0,0,0,0
50,2021-11-16,2,0,6,9,0,0,0,12,0,0,22,9,0,0,0,0
50,2021-11-17,2,0,5,11,0,0,1,0,0,0,1,12,0,0,0,1
50,2021-11-18,0,0,12,5,0,0,5,2,0,0,18,18,0,0,0,1
50,2021-11-19,0,0,33,28,0,0,1,6,0,0,86,49,0,0,0,3
50,2021-11-20,6,3,53,48,0,0,5,17,0,0,94,54,0,0,1,7
50,2021-11-21,4,2,29,42,0,0,10,29,0,0,28,25,0,0,4,19
50,2021-11-22,4,3,8,28,0,0,1,15,0,0,23,15,0,0,0,4
50,2021-11-23,1,0,10,8,0,0,2,6,0,0,37,10,0,0,0,0
50,2021-11-24,2,0,18,14,0,0,1,2,0,0,17,42,0,0,0,0
50,2021-11-25,0,1,39,39,0,0,0,3,0,0,13,24,0,0,0,3
50,2021-11-26,0,1,41,84,0,0,0,14,0,0,6,15,0,0,0,7
50,2021-11-27,0,2,30,27,0,0,0,15,0,0,15,10,0,0,0,5
50,2021-11-28,1,0,18,27,0,0,0,7,0,0,19,15,0,0,0,3
50,2021-11-29,1,2,40,32,0,0,2,7,0,0,52,17,0,0,1,3
50,2021-11-30,7,3,65,11,0,0,3,9,0,0,44,30,0,0,0,3
50,2021-12-01,8,32,142,45,0,0,4,16,0,0,66,42,0,0,0,12
50,2021-12-02,1,5,82,74,0,0,1,19,0,0,37,22,0,0,0,1
50,2021-12-03,0,3,58,66,0,0,7,22,0,0,23,34,0,0,0,2
50,2021-12-04,3,9,108,62,0,0,7,16,0,0,45,50,0,0,2,3
50,2021-12-05,9,13,146,67,0,0,6,20,0,0,69,89,0,0,0,2
50,2021-12-06,15,39,189,120,0,0,8,18,0,0,66,58,0,0,1,2
50,2021-12-07,7,9,107,108,0,0,13,33,0,0,42,25,0,0,6,4
50,2021-12-08,2,7,77,54,0,0,8,25,0,0,40,26,0,0,1,7
50,2021-12-09,0,6,35,24,0,0,0,11,0,0,21,40,0,0,1,11
50,2021-12-10,4,2,57,54,0,0,10,16,0,2,44,79,0,0,0,2
50,2021-12-11,18,21,82,75,0,0,6,10,0,0,57,59,0,0,0,6
50,2021-12-12,2,12,79,119,0,0,8,17,0,0,34,31,0,0,0,3
50,2021-12-13,2,6,42,54,0,0,13,14,0,0,20,20,0,0,0,2
50,2021-12-14,2,1,36,35,0,0,1,12,0,0,25,47,0,0,0,2
50,2021-12-15,0,5,39,47,0,0,4,14,0,0,40,67,0,0,0,4
50,2021-12-16,6,14,49,53,0,0,9,14,0,0,42,106,0,0,0,10
50,2021-12-17,10,20,88,82,0,0,11,33,0,2,55,76,0,0,0,15
50,2021-12-18,3,6,13,88,0,0,2,18,0,0,28,46,0,0,1,5
50,2021-12-19,0,3,25,38,0,0,1,9,0,0,20,23,0,0,0,4
50,2021-12-20,4,4,30,56,0,0,7,11,0,0,22,56,0,0,2,11
50,2021-12-21,2,11,55,85,0,0,10,22,0,1,26,62,0,0,0,10
50,2021-12-22,7,21,57,109,0,0,10,32,0,0,36,44,0,0,0,6
50,2021-12-23,6,9,47,97,0,0,15,35,0,0,19,30,0,0,2,0
50,2021-12-24,0,5,28,47,0,0,11,21,0,0,16,26,0,0,0,4
50,2021-12-25,7,4,23,19,0,0,1,18,0,0,24,51,0,0,0,0
50,2021-12-26,2,2,29,39,0,0,8,12,0,0,39,90,0,0,0,0
50,2021-12-27,2,11,37,98,0,0,7,17,0,0,89,81,0,0,0,4
50,2021-12-28,5,19,60,123,0,0,21,35,0,1,78,70,0,0,2,13
50,2021-12-29,8,8,22,64,0,0,4,4,0,0,54,40,0,0,0,8
50,2021-12-30,0,5,19,51,0,0,1,20,0,0,19,46,0,0,0,8
50,2021-12-31,1,3,21,72,0,0,9,10,0,0,61,71,0,0,0,4
50,2022-01-01,4,9,24,57,0,0,6,8,0,0,111,115,0,0,0,4
50,2022-01-02,4,14,40,108,0,0,16,45,0,0,75,87,0,0,0,6
50,2022-01-03,6,12,23,52,0,0,13,57,0,0,44,55,0,0,0,7
50,2022-01-04,9,8,17,22,0,0,12,30,0,0,73,108,0,0,0,14
50,2022-01-05,3,8,27,81,0,0,7,36,0,3,79,103,0,0,0,20
50,2022-01-06,12,11,62,138,0,0,13,50,0,4,136,162,0,0,2,23
50,2022-01-07,13,34,93,113,0,0,23,52,2,1,186,128,0,0,1,26
50,2022-01-08,9,20,66,136,0,0,24,70,3,0,137,94,0,0,5,21
50,2022-01-09,2,13,52,102,0,0,16,41,0,0,97,73,0,0,0,11
50,2022-01-10,12,17,40,103,0,0,17,48,0,3,121,89,0,0,1,15
50,2022-01-11,9,24,39,139,0,0,15,37,1,4,70,52,0,0,1,17
50,2022-01-12,4,21,61,114,0,0,15,46,0,0,41,65,0,0,0,3
50,2022-01-13,0,24,80,181,0,0,7,29,0,1,80,74,0,0,2,20
50,2022-01-14,1,9,34,137,0,0,15,51,0,0,4,16,0,0,4,1
50,2022-01-15,1,1,22,98,0,0,10,30,0,0,8,10,0,0,0,0
50,2022-01-16,0,4,27,91,0,0,27,28,0,0,6,14,0,0,0,2
50,2022-01-17,1,2,39,90,0,0,12,5,0,0,48,99,0,0,0,2
50,2022-01-18,1,3,61,224,0,0,4,9,0,0,77,84,0,0,1,2
50,2022-01-19,1,1,27,177,0,0,9,42,0,0,43,90,0,0,0,3
50,2022-01-20,0,0,3,38,0,0,2,1,0,0,40,47,0,0,0,0
50,2022-01-21,2,1,4,12,0,0,0,0,0,0,128,137,0,0,0,0
50,2022-01-22,5,3,1,6,0,0,0,0,3,0,150,203,0,0,0,2
50,2022-01-23,11,19,55,35,0,0,5,1,0,0,231,245,0,0,1,8
50,2022-01-24,12,8,47,80,0,0,2,31,0,1,152,138,0,0,4,7
50,2022-01-25,7,11,36,136,0,0,5,32,0,5,142,57,0,0,0,4
50,2022-01-26,19,32,73,114,0,0,25,41,0,5,127,55,0,0,0,0
50,2022-01-27,34,51,124,79,0,0,33,100,3,3,201,173,0,0,0,0
50,2022-01-28,76,124,249,182,0,0,55,89,4,2,488,417,0,0,2,8
50,2022-01-29,107,173,342,304,0,0,115,182,5,3,449,328,0,0,0,14
50,2022-01-30,47,96,202,338,0,0,58,178,0,5,279,301,0,0,0,15
50,2022-01-31,50,84,164,186,0,0,35,70,7,9,293,309,0,0,0,9
50,2022-02-01,60,81,124,134,0,0,40,26,3,5,458,408,0,0,2,2
50,2022-02-02,122,165,162,125,0,0,50,34,9,22,502,607,0,0,1,4
50,2022-02-03,93,171,168,134,0,0,47,66,15,21,363,426,0,0,1,11
50,2022-02-04,14,39,26,34,0,0,13,24,0,5,213,216,0,0,2,13
50,2022-02-05,0,1,0,32,0,0,0,0,0,0,56,62,0,0,0,1
50,2022-02-06,0,1,3,87,0,0,0,3,0,0,70,271,0,0,0,0
50,2022-02-07,6,15,25,152,0,0,3,23,4,0,221,617,0,0,0,0
50,2022-02-08,42,94,108,269,0,0,25,58,7,9,366,525,0,0,1,13
50,2022-02-09,47,75,132,317,0,0,44,120,4,2,450,325,0,0,0,35
50,2022-02-10,34,69,87,107,0,0,52,136,2,5,330,336,0,0,2,12
50,2022-02-11,67,43,60,14,0,0,83,103,12,15,419,415,0,0,1,30
50,2022-02-12,84,83,97,9,0,0,71,74,12,18,551,721,0,0,0,9
50,2022-02-13,163,245,162,77,0,0,61,68,11,34,528,1068,0,0,1,21
50,2022-02-14,103,152,176,58,0,0,50,47,14,36,472,550,0,0,0,32
50,2022-02-15,9,20,7,20,0,0,7,88,12,14,398,505,0,0,0,12
50,2022-02-16,2,14,2,0,0,0,12,11,9,5,395,597,0,0,0,15
50,2022-02-17,0,2,3,4,0,0,9,30,0,0,93,508,0,0,0,23
50,2022-02-18,1,8,4,21,0,0,6,15,0,0,280,795,0,0,1,24
50,2022-02-19,0,0,8,56,0,0,0,0,1,0,139,567,0,0,1,25
50,2022-02-20,1,0,2,7,0,0,0,0,2,15,425,506,0,0,0,2
50,2022-02-21,0,1,7,16,0,0,0,0,0,2,81,183,0,0,0,0
50,2022-02-22,4,13,25,48,0,0,0,0,2,33,504,627,0,0,0,0
50,2022-02-23,5,12,37,117,0,0,1,8,8,50,740,1247,0,0,0,1
50,2022-02-24,33,33,77,228,0,0,7,24,7,88,1100,1132,0,0,0,12
50,2022-02-25,22,37,62,219,0,0,15,57,5,59,743,747,0,0,0,14
50,2022-02-26,6,20,51,209,0,0,14,85,4,46,579,491,0,0,1,31
50,2022-02-27,12,46,158,151,0,0,16,27,4,44,900,939,0,0,2,45
50,2022-02-28,8,32,243,202,0,0,12,167,13,49,999,1221,0,0,2,31
50,2022-03-01,74,162,165,270,0,0,179,382,40,223,1433,1570,0,0,0,21
50,2022-03-02,49,114,152,293,0,0,158,417,32,183,837,885,0,0,0,21
50,2022-03-03,23,35,68,186,0,0,146,419,24,74,581,700,0,0,1,16
50,2022-03-04,20,27,58,108,0,0,140,284,16,43,665,904,0,0,0,20
50,2022-03-05,33,84,85,159,0,0,265,453,52,51,985,729,0,0,1,13
50,2022-03-06,88,156,181,143,0,0,290,503,102,144,997,1136,0,0,0,1
50,2022-03-07,50,144,154,104,0,0,115,72,44,123,848,739,0,0,1,6
50,2022-03-08,0,18,30,73,0,0,3,65,1,10,430,520,0,0,0,8
50,2022-03-09,1,7,13,74,0,0,6,76,0,1,265,482,0,0,0,6
50,2022-03-10,0,15,27,86,0,0,32,133,10,15,576,1177,0,0,1,10
50,2022-03-11,5,36,105,96,0,0,97,285,15,42,933,2014,0,0,0,9
50,2022-03-12,22,98,210,203,0,0,196,509,36,63,1535,1967,0,0,1,20
50,2022-03-13,13,81,106,197,0,0,205,520,20,54,923,1237,0,0,0,13
50,2022-03-14,6,35,74,87,0,0,118,429,4,16,565,1046,0,0,0,8
50,2022-03-15,4,40,65,76,0,0,98,62,0,12,861,2061,0,0,2,16
50,2022-03-16,2,47,70,107,0,0,1,0,5,20,1737,2328,0,0,0,15
50,2022-03-17,51,254,283,190,0,0,12,1,2,26,1823,2631,0,0,0,8
50,2022-03-18,22,155,204,28,0,0,9,6,0,67,1355,1473,0,0,0,20
50,2022-03-19,7,43,94,21,0,0,29,28,3,25,1129,1428,0,0,0,8
50,2022-03-20,2,17,32,23,0,0,103,140,3,60,974,1504,0,0,0,2
50,2022-03-21,3,0,27,10,0,0,84,54,1,0,189,1234,0,0,0,6
50,2022-03-22,0,3,38,60,0,0,90,53,1,0,41,8,0,0,0,0
50,2022-03-23,0,1,18,26,0,0,1,68,0,0,3,3,0,0,0,0
50,2022-03-24,1,15,15,25,0,0,0,9,4,1,26,17,0,0,0,4
50,2022-03-25,4,17,37,35,0,0,15,143,9,34,206,137,0,0,0,4
50,2022-03-26,32,51,75,84,0,0,210,464,38,96,544,307,0,0,0,1
50,2022-03-27,39,70,185,153,0,0,690,868,15,189,264,349,0,0,0,0
50,2022-03-28,80,115,132,152,0,0,539,327,26,245,878,561,0,0,0,7
50,2022-03-29,16,67,87,80,0,0,0,0,3,26,604,324,0,0,0,1
50,2022-03-30,0,72,151,35,0,0,1,5,1,17,658,635,0,0,0,0
50,2022-03-31,35,30,135,35,0,0,86,92,0,8,615,775,0,0,0,1
50,2022-04-01,8,101,178,39,0,0,232,76,2,14,959,989,0,0,0,0
50,2022-04-02,0,20,87,10,0,0,0,8,0,0,458,741,0,0,0,0
50,2022-04-03,0,36,135,3,0,0,356,677,1,39,533,329,0,0,0,6
50,2022-04-04,2,32,192,64,0,0,1079,1489,3,31,773,639,0,0,0,2
50,2022-04-05,1,48,132,93,0,0,2414,4358,0,66,1795,1144,0,0,2,3
50,2022-04-06,0,69,154,67,0,0,446,1453,0,17,1722,1128,0,0,0,1
50,2022-04-07,0,0,124,152,0,0,1263,1134,0,4,1112,691,0,0,0,4
50,2022-04-08,1,1,30,102,0,0,1482,4495,0,1,157,311,0,0,0,12
50,2022-04-09,0,10,105,123,0,0,387,230,0,26,559,490,0,0,0,3
50,2022-04-10,1,5,54,71,0,0,1121,1932,0,5,649,595,0,0,0,8
50,2022-04-11,7,10,89,47,0,0,696,1103,2,30,1569,518,0,0,0,7
50,2022-04-12,21,102,182,115,0,0,329,127,1,87,1504,427,0,0,0,5
50,2022-04-13,43,82,211,115,0,0,507,407,3,122,1189,421,0,0,1,21
50,2022-04-14,12,87,108,53,0,0,129,146,0,57,700,176,0,0,0,9
50,2022-04-15,19,47,98,76,0,0,968,1166,0,10,580,303,0,0,0,9
50,2022-04-16,39,96,126,67,0,0,599,478,0,0,809,478,0,0,0,0
50,2022-04-17,29,82,163,78,0,0,139,34,0,4,509,407,0,0,0,2
50,2022-04-18,53,77,133,50,0,0,0,0,0,0,493,234,0,0,0,1
50,2022-04-19,0,9,19,7,0,0,0,8,0,0,166,215,0,0,0,1
50,2022-04-20,0,1,9,34,0,0,9,9,0,0,78,259,0,0,0,0
50,2022-04-21,0,0,9,16,0,0,2,3,0,0,26,140,0,0,0,0
50,2022-04-22,0,3,25,38,0,0,16,31,0,0,120,306,0,0,0,11
50,2022-04-23,15,51,92,59,0,0,100,118,2,7,473,283,0,0,1,16
50,2022-04-24,1,8,52,59,0,0,141,160,0,0,151,267,0,0,1,48
50,2022-04-25,13,35,74,59,0,0,114,133,2,1,359,588,0,0,2,43
50,2022-04-26,8,21,53,19,0,0,309,1457,0,1,296,666,0,0,1,50
50,2022-04-27,35,45,107,28,0,0,822,2656,0,0,251,432,0,0,2,60
50,2022-04-28,47,54,179,71,0,0,735,2218,0,6,364,418,0,0,0,33
50,2022-04-29,6,1,117,8,0,0,80,680,0,0,115,224,0,0,2,67
50,2022-04-30,4,11,27,7,0,0,23,52,0,0,93,154,0,0,0,6
50,2022-05-01,3,6,27,2,0,0,35,38,1,0,41,142,0,0,0,3
50,2022-05-02,0,0,1,1,0,0,0,4,0,0,21,204,0,0,0,0
50,2022-05-03,3,3,18,0,0,0,10,44,0,0,35,159,0,0,0,0
50,2022-05-04,44,50,160,21,0,0,206,432,0,4,72,42,0,0,0,1
50,2022-05-05,4,2,28,12,0,0,22,453,0,0,33,106,0,0,0,1
50,2022-05-06,8,4,11,8,0,0,12,17,0,0,27,44,0,0,1,5
50,2022-05-07,2,0,3,0,0,0,1,12,0,0,10,43,0,0,2,11
50,2022-05-08,0,0,1,0,0,0,0,0,0,0,6,14,0,0,0,2
50,2022-05-09,0,0,25,2,0,0,0,0,0,0,18,5,0,0,0,2
50,2022-05-10,0,0,0,1,0,0,2,1,0,0,0,0,0,0,0,0
50,2022-05-11,0,0,1,2,0,0,0,0,0,0,2,0,0,0,0,0
50,2022-05-12,0,0,0,0,0,0,0,0,0,0,0,0,0,0,0,0
50,2022-05-13,0,1,3,3,0,0,1,0,0,1,3,13,0,0,0,1
50,2022-05-14,9,9,9,9,0,0,11,12,1,0,8,21,0,0,0,13
50,2022-05-15,13,14,70,31,0,0,31,27,0,0,28,29,0,0,5,34
50,2022-05-16,5,6,5,6,0,0,4,0,1,0,15,1,0,0,0,1
50,2022-05-17,0,1,0,0,0,0,0,0,0,0,0,5,0,0,0,0
50,2022-05-18,0,0,0,1,0,0,0,0,0,0,0,32,0,0,0,0
50,2022-05-19,0,0,9,1,0,0,15,35,0,0,4,24,0,0,0,17
50,2022-05-20,0,0,0,0,0,0,3,3,0,0,0,5,0,0,0,26
50,2022-05-21,0,0,0,0,0,0,0,0,0,0,1,5,0,0,0,0
50,2022-05-22,0,0,0,1,0,0,0,0,0,0,0,18,0,0,0,2
50,2022-05-23,0,2,0,0,0,0,0,0,0,0,5,1,0,0,1,9
50,2022-05-24,0,0,4,0,0,0,0,0,0,0,2,14,0,0,2,32
50,2022-05-25,0,8,11,1,0,0,21,4,0,0,1,0,0,0,0,8
50,2022-05-26,0,1,1,4,0,0,31,30,0,0,4,4,0,0,0,7
50,2022-05-27,6,2,8,2,0,0,8,2,3,0,1,3,0,0,0,22
50,2022-05-28,1,0,6,3,0,0,13,43,0,0,3,4,0,0,0,61
50,2022-05-29,1,1,7,5,0,0,38,68,0,0,4,3,0,0,0,84
50,2022-05-30,3,3,13,7,0,0,13,31,1,0,7,11,0,0,0,73
50,2022-05-31,0,0,10,4,0,0,0,0,0,0,0,3,0,0,0,3
50,2022-06-01,0,2,4,7,0,0,0,2,0,0,0,0,0,0,0,1
50,2022-06-02,0,0,3,4,0,0,1,9,0,0,0,2,0,0,0,0
50,2022-06-03,0,1,1,0,0,0,0,0,0,0,2,3,0,0,0,0
50,2022-06-04,1,1,4,0,0,0,8,1,0,0,3,5,0,0,0,1
50,2022-06-05,6,0,7,0,0,0,7,54,0,0,1,4,0,0,0,11
50,2022-06-06,1,0,0,2,0,0,0,0,0,0,0,2,0,0,0,1
50,2022-06-07,0,0,9,1,0,0,15,5,0,0,0,0,0,0,0,2
50,2022-06-08,0,0,0,1,0,0,0,0,0,0,0,0,0,0,0,0
50,2022-06-09,0,0,2,1,0,0,3,0,0,0,0,0,0,0,0,0
50,2022-06-10,0,1,1,2,0,0,2,6,0,0,1,7,0,0,0,0
50,2022-06-11,1,0,2,2,0,0,0,4,0,0,1,0,0,0,0,1
50,2022-06-12,0,1,1,2,0,0,2,0,0,0,1,6,0,0,0,0
50,2022-06-13,0,0,4,2,0,0,2,11,0,0,0,2,0,0,0,0
50,2022-06-14,0,2,7,2,0,0,0,3,0,0,0,4,0,0,0,0
50,2022-06-15,0,0,3,3,0,0,0,0,0,0,0,4,0,0,0,0
50,2022-06-16,0,0,0,11,0,0,0,0,0,0,0,0,0,0,0,0
50,2022-06-17,0,0,4,3,0,0,0,0,0,0,0,1,0,0,0,0
50,2022-06-18,0,0,0,3,0,0,0,0,0,0,0,0,0,0,0,0
50,2022-06-19,0,0,3,3,0,0,2,12,0,0,0,0,0,0,0,3
50,2022-06-20,1,3,14,4,0,0,5,6,0,0,0,1,0,0,0,12
50,2022-06-21,6,3,12,11,0,0,10,27,0,0,0,7,0,0,0,11
50,2022-06-22,0,0,3,6,0,0,1,5,0,0,0,1,0,0,0,0
50,2022-06-23,0,0,2,2,0,0,4,3,0,0,0,0,0,0,0,0
50,2022-06-24,0,0,0,0,0,0,0,0,0,0,0,0,0,0,0,0
50,2022-06-25,0,0,4,1,0,0,0,3,0,0,1,5,0,0,0,1
50,2022-06-26,0,2,4,2,0,0,0,2,0,0,0,1,0,0,0,2
50,2022-06-27,0,0,0,9,0,0,0,5,0,0,0,0,0,0,0,0
50,2022-06-28,0,0,0,5,0,0,0,0,0,0,0,0,0,0,0,0
50,2022-06-29,0,0,1,2,0,0,0,0,0,0,0,1,0,0,0,0
50,2022-06-30,0,0,0,0,0,0,0,0,0,0,0,0,0,0,0,0
50,2022-07-01,0,0,0,3,0,0,0,0,0,0,0,0,0,0,0,1
50,2022-07-02,0,0,1,6,0,0,0,0,0,0,0,1,0,0,0,3
50,2022-07-03,0,0,0,5,0,0,0,0,0,0,0,0,0,0,0,0
50,2022-07-04,0,0,2,2,0,0,0,2,0,0,0,0,0,0,0,2
50,2022-07-05,0,0,2,0,0,0,0,0,0,0,0,0,0,0,0,0
50,2022-07-06,0,0,2,3,0,0,0,0,0,0,0,1,0,0,0,0
50,2022-07-07,0,1,1,10,0,0,0,0,0,0,0,5,0,0,0,18
50,2022-07-08,0,0,0,2,0,0,0,0,0,0,0,2,0,0,0,1
50,2022-07-09,0,0,1,0,0,0,1,0,0,0,0,2,0,0,0,7
50,2022-07-10,0,0,0,0,0,0,0,0,0,0,0,0,0,0,0,2
50,2022-07-11,0,0,0,0,0,0,0,0,0,0,0,1,0,0,0,7
50,2022-07-12,0,0,1,0,0,0,0,1,0,0,0,0,0,0,0,32
50,2022-07-13,0,0,0,0,0,0,0,8,0,0,0,0,0,0,0,20
50,2022-07-14,0,0,1,0,0,0,0,0,0,0,2,5,0,0,1,20
50,2022-07-15,1,0,0,1,0,0,0,0,0,0,0,1,0,0,0,2
50,2022-07-16,0,0,6,15,0,0,0,1,0,0,0,0,0,0,0,4
50,2022-07-17,0,0,8,30,0,0,0,4,0,0,0,2,0,0,0,2
50,2022-07-18,0,0,15,31,0,0,4,1,0,0,0,2,0,0,0,0
50,2022-07-19,0,0,0,15,0,0,0,0,0,0,0,0,0,0,0,0
50,2022-07-20,0,0,0,0,0,0,0,0,0,0,0,0,0,0,0,0
50,2022-07-21,0,0,0,0,0,0,0,0,0,0,0,2,0,0,0,0
50,2022-07-22,0,0,0,0,0,0,0,0,0,0,0,0,0,0,0,0
50,2022-07-23,0,0,0,1,0,0,0,0,0,0,0,0,0,0,0,0
50,2022-07-24,0,0,1,1,0,0,0,1,0,0,2,0,0,0,0,2
50,2022-07-25,0,0,1,6,0,0,1,0,0,0,1,3,0,0,0,8
50,2022-07-26,0,0,2,0,0,0,0,3,0,0,3,1,0,0,0,6
50,2022-07-27,0,0,0,0,0,0,0,0,0,0,0,0,0,0,0,0
50,2022-07-28,0,0,0,0,0,0,0,0,0,0,0,0,0,0,0,0
50,2022-07-29,0,0,0,0,0,0,0,0,0,0,0,0,0,0,0,0
50,2022-07-30,0,0,0,0,0,0,0,0,0,0,0,0,0,0,0,0
50,2022-07-31,0,0,0,0,0,0,0,0,0,0,0,0,0,0,0,0
50,2022-08-01,0,0,0,0,0,0,0,0,0,0,0,0,0,0,0,0
50,2022-08-02,0,0,0,0,0,0,0,0,0,0,0,0,0,0,0,0
50,2022-08-03,0,0,0,0,0,0,0,0,0,0,0,0,0,0,0,0
50,2022-08-04,0,0,0,0,0,0,0,0,0,0,0,0,0,0,0,0
50,2022-08-05,0,0,0,0,0,0,0,0,0,0,0,0,0,0,0,0
50,2022-08-06,0,0,0,0,0,0,0,0,0,0,0,0,0,0,0,0
50,2022-08-07,0,0,0,0,0,0,0,0,0,0,0,0,0,0,0,0
50,2022-08-08,0,0,0,0,0,0,0,0,0,0,0,0,0,0,0,0
50,2022-08-09,0,0,0,0,0,0,0,0,0,0,0,0,0,0,0,0
50,2022-08-10,0,0,0,0,0,0,0,0,0,0,0,0,0,0,0,0
50,2022-08-11,0,0,0,0,0,0,0,0,0,0,0,0,0,0,0,3
50,2022-08-12,0,0,0,0,0,0,0,0,0,0,0,0,0,0,0,0
50,2022-08-13,0,0,23,60,0,0,0,0,0,0,1,0,0,0,0,0
50,2022-08-14,0,0,0,3,0,0,1,0,0,0,0,0,0,0,0,4
50,2022-08-15,0,0,1,3,0,0,0,0,0,0,0,2,0,0,0,2
50,2022-08-16,0,0,1,0,0,0,0,0,0,0,0,0,0,0,0,0
50,2022-08-17,0,0,2,2,0,0,0,0,0,0,0,5,0,0,0,0
50,2022-08-18,0,0,1,17,0,0,2,1,0,0,1,4,0,0,0,3
50,2022-08-19,0,0,6,30,0,0,1,0,0,0,1,1,0,0,0,9
50,2022-08-20,0,0,0,0,0,0,0,0,0,0,0,0,0,0,0,0
50,2022-08-21,0,0,0,1,0,0,0,0,0,0,0,0,0,0,0,0
50,2022-08-22,0,0,0,4,0,0,0,0,0,0,0,0,0,0,0,0
50,2022-08-23,0,0,1,27,0,0,0,0,0,0,1,2,0,0,0,2
50,2022-08-24,0,0,9,60,0,0,0,0,0,0,0,3,0,0,0,0
50,2022-08-25,0,0,0,0,0,0,0,0,0,0,0,0,0,0,0,0
50,2022-08-26,0,0,0,0,0,0,0,0,0,0,0,0,0,0,0,0
50,2022-08-27,0,0,0,2,0,0,0,0,0,0,0,1,0,0,0,0
50,2022-08-28,0,0,0,7,0,0,0,0,0,0,0,1,0,0,0,0
50,2022-08-29,0,0,0,0,0,0,2,3,0,0,1,4,0,0,0,2
50,2022-08-30,0,1,0,5,0,0,11,4,0,0,1,12,0,0,0,1
50,2022-08-31,1,1,10,13,0,0,0,0,0,0,2,3,0,0,0,0
50,2022-09-01,0,0,8,10,0,0,0,0,0,0,0,1,0,0,0,1
50,2022-09-02,0,0,0,13,0,0,2,0,0,0,7,3,0,0,0,0
50,2022-09-03,0,0,11,0,0,0,2,0,0,0,2,13,0,0,0,1
50,2022-09-04,0,1,10,32,0,0,0,1,0,0,0,1,0,0,0,0
50,2022-09-05,0,0,0,3,0,0,0,0,0,0,0,2,0,0,0,1
50,2022-09-06,0,0,0,0,0,0,0,2,0,0,3,0,0,0,0,1
50,2022-09-07,0,0,0,0,0,0,0,4,0,0,2,3,0,0,0,4
50,2022-09-08,0,0,0,0,0,0,0,0,0,0,1,1,0,0,0,0
50,2022-09-09,0,0,0,0,0,0,0,0,0,0,0,0,0,0,0,0
50,2022-09-10,0,0,0,0,0,0,0,1,0,0,0,0,0,0,0,0
50,2022-09-11,0,0,0,0,0,0,0,0,0,0,0,0,0,0,0,0
50,2022-09-12,0,0,0,0,0,0,0,0,0,0,0,0,0,0,0,0
50,2022-09-13,0,0,3,4,0,0,0,0,0,0,1,7,0,0,0,0
50,2022-09-14,0,0,8,15,0,0,0,1,0,0,3,2,0,0,0,1
50,2022-09-15,0,0,5,3,0,0,3,0,0,0,1,7,0,0,0,1
50,2022-09-16,0,0,5,11,0,0,0,0,0,0,0,1,0,0,0,0
50,2022-09-17,0,0,1,6,0,0,0,0,0,0,1,2,0,0,0,2
50,2022-09-18,1,0,0,1,0,0,0,0,0,0,0,2,0,0,0,2
50,2022-09-19,0,0,0,0,0,0,0,0,0,0,1,1,0,0,0,3
50,2022-09-20,0,0,0,2,0,0,0,1,0,0,0,1,0,0,0,3
50,2022-09-21,0,0,1,2,0,0,0,0,0,0,1,2,0,0,0,1
50,2022-09-22,0,0,0,0,0,0,0,1,0,0,0,0,0,0,0,1
50,2022-09-23,0,0,0,0,0,0,0,0,0,0,1,0,0,0,0,3
50,2022-09-24,0,0,0,1,0,0,0,0,0,0,0,2,0,0,0,2
50,2022-09-25,0,0,0,0,0,0,0,0,0,0,1,4,0,0,0,5
50,2022-09-26,0,0,0,0,0,0,0,3,0,0,3,2,0,0,0,5
50,2022-09-27,0,0,0,0,0,0,0,3,0,0,2,3,0,0,0,5
50,2022-09-28,0,0,0,0,0,0,1,0,0,0,2,3,0,0,0,0
50,2022-09-29,0,0,0,0,0,0,0,0,0,0,4,0,0,0,0,0
50,2022-09-30,0,0,0,0,0,0,0,0,0,0,0,3,0,0,0,1
50,2022-10-01,0,0,0,0,0,0,0,0,0,0,0,4,0,0,0,0
50,2022-10-02,0,0,0,0,0,0,0,0,0,0,0,0,0,0,0,0
50,2022-10-03,0,0,0,1,0,0,0,1,0,0,0,0,0,0,0,0
50,2022-10-04,0,0,0,0,0,0,0,0,0,0,1,3,0,0,0,3
50,2022-10-05,0,0,0,1,0,0,0,0,0,0,3,10,0,0,0,5
50,2022-10-06,1,0,0,2,0,0,1,2,0,0,6,8,0,0,0,0
50,2022-10-07,0,0,2,4,0,0,0,1,0,0,0,1,0,0,0,1
50,2022-10-08,0,0,0,2,0,0,0,5,0,0,0,0,0,0,0,0
50,2022-10-09,0,0,1,0,0,0,0,1,0,0,0,1,0,0,0,0
50,2022-10-10,0,0,0,2,0,0,0,0,0,0,1,1,0,0,0,0
50,2022-10-11,0,0,0,1,0,0,0,2,0,0,2,7,0,0,0,0
50,2022-10-12,0,0,2,16,0,0,0,3,0,0,4,3,0,0,0,1
50,2022-10-13,0,0,2,5,0,0,0,1,0,0,0,5,0,0,0,0
50,2022-10-14,0,0,0,0,0,0,0,4,0,0,2,9,0,0,0,0
50,2022-10-15,0,0,0,0,0,0,0,3,0,0,0,9,0,0,0,0
50,2022-10-16,0,0,0,0,0,0,0,0,0,0,2,2,0,0,0,0
50,2022-10-17,1,1,11,9,0,0,6,9,0,0,8,3,0,0,0,7
50,2022-10-18,1,3,6,19,0,0,7,20,0,0,14,9,0,0,0,10
50,2022-10-19,0,0,11,5,0,0,3,6,0,0,6,10,0,0,0,6
50,2022-10-20,0,0,8,3,0,0,0,0,0,0,6,22,0,0,1,5
50,2022-10-21,0,0,3,2,0,0,2,1,0,0,16,34,0,0,0,2
50,2022-10-22,1,3,2,6,0,0,1,3,0,0,8,13,0,0,0,3
50,2022-10-23,0,0,6,9,0,0,10,12,0,0,10,7,0,0,0,2
50,2022-10-24,0,1,1,10,0,0,2,9,0,0,2,1,0,0,0,2
50,2022-10-25,0,0,1,0,0,0,6,1,0,0,1,1,0,0,0,0
50,2022-10-26,0,0,3,5,0,0,0,0,0,0,11,3,0,0,0,0
50,2022-10-27,1,0,1,3,0,0,4,5,0,0,16,4,0,0,0,1
50,2022-10-28,0,0,10,15,0,0,3,10,0,0,6,3,0,0,0,0
50,2022-10-29,0,1,3,15,0,0,1,8,0,0,4,7,0,0,0,2
50,2022-10-30,0,0,3,9,0,0,0,1,0,0,6,4,0,0,0,3
50,2022-10-31,1,1,9,11,0,0,6,7,0,1,26,7,0,0,0,5
50,2022-11-01,4,2,16,18,0,0,3,3,0,0,51,26,0,0,0,8
50,2022-11-02,1,4,36,38,0,0,10,22,0,0,20,23,0,0,1,11
50,2022-11-03,0,5,19,25,0,0,7,24,0,0,10,11,0,0,0,6
50,2022-11-04,0,1,7,20,0,0,3,10,0,0,4,10,0,0,0,1
50,2022-11-05,2,1,20,14,0,0,2,5,0,0,17,14,0,0,0,1
50,2022-11-06,2,4,31,18,0,0,1,12,0,0,51,39,0,0,0,8
50,2022-11-07,2,6,45,34,0,0,11,12,0,0,72,43,0,0,0,7
50,2022-11-08,2,3,18,42,0,0,3,11,0,0,12,16,0,0,1,10
50,2022-11-09,0,2,13,34,0,0,4,18,0,0,40,37,0,0,0,4
50,2022-11-10,1,2,24,10,0,0,4,13,0,0,38,33,0,0,1,3
50,2022-11-11,2,1,25,19,0,0,7,13,0,0,75,69,0,0,0,5
50,2022-11-12,10,5,40,32,0,0,9,8,0,0,104,110,0,0,4,15
50,2022-11-13,5,3,46,22,0,0,11,17,0,0,64,43,0,0,1,7
50,2022-11-14,0,2,10,5,0,0,2,0,0,1,26,27,0,0,0,6
50,2022-11-15,1,0,3,3,0,0,1,2,0,0,25,22,0,0,0,4
50,2022-11-16,0,2,5,7,0,0,8,6,0,0,12,16,0,0,0,3
50,2022-11-17,2,2,14,36,0,0,8,5,0,0,28,45,0,0,0,9
50,2022-11-18,0,3,11,10,0,0,1,2,0,1,20,7,0,0,0,7
50,2022-11-19,0,1,4,11,0,0,0,2,0,0,13,23,0,0,0,6
50,2022-11-20,0,0,9,2,0,0,0,1,0,0,9,23,0,0,0,3
50,2022-11-21,0,2,22,6,0,0,0,11,0,0,29,37,0,0,0,15
50,2022-11-22,5,3,50,32,0,0,9,5,0,0,71,72,0,0,3,7
50,2022-11-23,5,11,26,3,0,0,4,2,0,0,67,43,0,0,1,21
50,2022-11-24,0,0,0,5,0,0,0,1,0,0,7,13,0,0,0,8
50,2022-11-25,0,3,0,0,0,0,0,2,0,0,11,23,0,0,0,2
50,2022-11-26,0,0,1,5,0,0,0,1,0,0,2,18,0,0,0,5
50,2022-11-27,0,0,7,1,0,0,0,1,0,0,17,14,0,0,0,3
50,2022-11-28,2,3,36,15,0,0,0,7,0,0,46,31,0,0,0,10
50,2022-11-29,1,7,55,37,0,0,3,7,0,0,32,19,0,0,0,23
50,2022-11-30,0,6,27,7,0,0,1,7,0,0,20,26,0,0,1,12
50,2022-12-01,0,1,8,7,0,0,1,0,0,0,18,28,0,0,4,0
50,2022-12-02,0,2,11,8,0,0,1,1,0,0,19,48,0,0,0,3
50,2022-12-03,4,3,40,8,0,0,6,8,0,1,90,56,0,0,0,7
50,2022-12-04,0,21,77,18,0,0,7,11,0,0,49,49,0,0,0,10
50,2022-12-05,1,15,32,37,0,0,0,4,0,0,48,25,0,0,0,4
50,2022-12-06,1,8,21,11,0,0,3,3,0,0,23,44,0,0,0,3
50,2022-12-07,0,6,26,16,0,0,3,10,0,0,42,47,0,0,0,7
50,2022-12-08,2,8,76,39,0,0,10,12,0,0,38,79,0,0,2,13
50,2022-12-09,3,23,87,58,0,0,7,10,0,0,71,93,0,0,0,19
50,2022-12-10,2,18,60,57,0,0,12,15,0,0,44,82,0,0,4,18
50,2022-12-11,1,6,37,16,0,0,4,6,0,0,33,55,0,0,0,9
50,2022-12-12,5,5,30,13,0,0,8,0,0,0,19,70,0,0,0,9
50,2022-12-13,3,1,12,32,0,0,8,9,0,0,43,99,0,0,2,9
50,2022-12-14,5,12,68,87,0,0,14,26,0,1,62,101,0,0,1,13
50,2022-12-15,1,8,62,113,0,0,22,39,0,0,27,48,0,0,0,18
50,2022-12-16,0,6,25,58,0,0,12,23,0,0,14,32,0,0,1,10
50,2022-12-17,0,2,3,17,0,0,1,1,0,1,22,60,0,0,0,0
50,2022-12-18,0,0,29,101,0,0,15,26,0,0,33,43,0,0,0,0
50,2022-12-19,4,25,64,103,0,0,22,32,0,0,64,97,0,0,0,0
50,2022-12-20,6,28,64,124,0,0,21,38,0,0,34,65,0,0,0,11
50,2022-12-21,4,16,44,77,0,0,22,22,0,0,36,53,0,0,1,4
50,2022-12-22,1,8,20,56,0,0,3,16,0,0,34,50,0,0,0,13
50,2022-12-23,4,12,25,70,0,0,13,12,0,0,31,115,0,0,0,25
50,2022-12-24,5,13,26,52,0,0,16,27,0,1,21,98,0,0,0,8
50,2022-12-25,3,12,59,92,0,0,26,18,0,0,86,113,0,0,3,9
50,2022-12-26,2,8,40,87,0,0,21,35,0,0,57,83,0,0,0,10
50,2022-12-27,4,14,16,61,0,0,15,14,0,0,50,98,0,0,0,7
50,2022-12-28,7,4,19,57,0,0,5,18,0,0,37,105,0,0,0,0
50,2022-12-29,5,8,25,45,0,0,20,12,0,0,29,125,0,0,0,1
50,2022-12-30,4,8,21,92,0,0,15,12,0,1,79,127,0,0,0,0
50,2022-12-31,4,13,29,110,0,0,14,19,0,0,88,80,0,0,0,0
50,2023-01-01,1,11,18,76,0,0,4,22,0,0,52,134,0,0,0,0
50,2023-01-02,1,9,18,17,0,0,12,7,0,1,69,147,0,0,0,1
50,2023-01-03,3,4,9,17,0,0,6,2,0,2,104,185,0,0,0,2
50,2023-01-04,5,10,28,68,0,0,25,49,0,0,92,296,0,0,0,7
50,2023-01-05,4,19,54,81,0,0,28,70,0,1,108,214,0,0,0,18
50,2023-01-06,3,7,35,96,0,0,29,60,0,1,76,118,0,0,0,8
50,2023-01-07,4,16,25,48,0,0,33,42,0,0,114,229,0,0,0,9
50,2023-01-08,16,12,15,8,0,0,14,6,1,2,79,219,0,0,1,24
50,2023-01-09,2,9,18,28,0,0,41,34,0,2,123,372,0,0,0,19
50,2023-01-10,21,40,48,16,0,0,24,18,1,3,198,445,0,0,1,38
50,2023-01-11,5,20,26,26,0,0,25,17,0,2,119,235,0,0,4,51
50,2023-01-12,4,14,28,47,0,0,14,32,0,1,149,290,0,0,2,14
50,2023-01-13,18,25,52,36,0,0,60,49,2,1,153,389,0,0,1,26
50,2023-01-14,10,31,73,82,0,0,85,136,0,6,220,501,0,0,1,48
50,2023-01-15,15,51,79,146,0,0,80,180,0,6,305,754,0,0,5,26
50,2023-01-16,17,64,64,208,0,0,54,127,0,5,218,367,0,0,2,39
50,2023-01-17,11,22,42,105,0,0,31,55,1,3,157,218,0,0,0,19
50,2023-01-18,3,7,28,136,0,0,7,42,0,0,359,293,0,0,0,13
50,2023-01-19,7,10,45,156,0,0,74,76,0,1,253,339,0,0,0,9
50,2023-01-20,17,32,81,232,0,0,53,81,0,3,319,690,0,0,1,25
50,2023-01-21,15,85,115,356,0,0,42,101,0,3,411,544,0,0,2,7
50,2023-01-22,10,53,73,304,0,0,56,190,0,1,256,359,0,0,0,4
50,2023-01-23,28,35,81,213,0,0,46,133,2,0,296,480,0,0,0,4
50,2023-01-24,19,35,99,316,0,0,83,89,4,5,284,554,0,0,0,2
50,2023-01-25,14,49,102,275,0,0,77,149,1,7,351,694,0,0,1,21
50,2023-01-26,34,115,191,502,0,0,72,170,2,4,384,717,0,0,0,32
50,2023-01-27,27,61,225,464,0,0,43,78,1,7,272,391,0,0,6,17
50,2023-01-28,4,44,107,317,0,0,26,113,0,0,170,273,0,0,0,7
50,2023-01-29,3,13,135,332,0,0,153,191,0,0,180,310,0,0,0,6
50,2023-01-30,33,56,168,196,0,0,85,288,3,12,286,496,0,0,0,22
50,2023-01-31,47,157,301,481,0,0,96,254,3,25,426,712,0,0,0,33
50,2023-02-01,34,94,218,634,0,0,71,300,2,12,251,367,0,0,0,37
50,2023-02-02,33,33,116,396,0,0,46,242,0,3,198,129,0,0,0,17
50,2023-02-03,18,23,35,13,0,0,27,36,0,1,44,216,0,0,0,5
50,2023-02-04,34,41,55,13,0,0,40,41,8,13,427,727,0,0,0,3
50,2023-02-05,32,54,71,5,0,0,35,43,5,54,1123,3395,0,0,0,9
50,2023-02-06,138,229,200,110,0,0,139,139,25,166,1822,2932,0,0,0,29
50,2023-02-07,167,360,292,92,0,0,195,240,42,139,1615,1353,0,0,0,52
50,2023-02-08,105,257,298,80,0,0,190,211,8,52,1098,1088,0,0,0,13
50,2023-02-09,98,184,213,115,0,0,180,176,19,58,987,1007,0,0,0,66
50,2023-02-10,254,474,458,154,0,0,155,182,23,112,1182,1186,0,0,0,62
50,2023-02-11,375,849,1214,276,0,0,410,632,29,187,1658,1243,0,0,0,76
50,2023-02-12,251,601,1540,436,0,0,490,807,10,122,907,692,0,0,0,52
50,2023-02-13,106,289,661,346,0,0,253,534,18,51,818,598,0,0,0,50
50,2023-02-14,169,250,554,382,0,0,347,312,33,74,899,608,0,0,0,118
50,2023-02-15,46,137,200,77,0,0,90,182,25,136,1323,1103,0,0,0,42
50,2023-02-16,6,23,266,125,0,0,129,139,6,30,685,1419,0,0,0,6
50,2023-02-17,0,0,101,47,0,0,108,137,0,0,16,214,0,0,0,0
50,2023-02-18,0,2,198,244,0,0,61,114,0,1,181,377,0,0,0,26
50,2023-02-19,4,5,291,241,0,0,109,114,0,11,417,791,0,0,0,25
50,2023-02-20,2,8,211,221,0,0,150,161,0,6,419,866,0,0,0,9
50,2023-02-21,2,23,514,570,0,0,206,161,3,33,946,1697,0,0,1,10
50,2023-02-22,15,76,1042,1104,0,0,163,186,3,31,980,1761,0,0,0,19
50,2023-02-23,1,43,559,854,0,0,173,263,2,33,631,1046,0,0,0,7
50,2023-02-24,5,37,401,715,0,0,140,189,5,63,934,947,0,0,0,6
50,2023-02-25,7,14,446,841,0,0,75,246,4,40,594,910,0,0,0,2
50,2023-02-26,23,61,881,1202,0,0,360,703,12,15,567,1111,0,0,0,5
50,2023-02-27,73,234,1903,1688,0,0,356,716,32,94,819,907,0,0,0,1
50,2023-02-28,73,170,1586,1331,0,0,378,905,16,34,670,666,0,0,0,8
50,2023-03-01,21,77,885,916,0,0,303,764,17,40,705,766,0,0,2,9
50,2023-03-02,33,64,560,882,0,0,304,544,11,80,917,1386,0,0,1,16
50,2023-03-03,43,113,554,805,0,0,320,549,13,72,1111,1638,0,0,3,22
50,2023-03-04,82,277,840,1026,0,0,252,168,95,144,1941,2329,0,0,4,25
50,2023-03-05,63,203,671,990,0,0,357,510,22,112,1005,1443,0,0,1,21
50,2023-03-06,15,60,259,584,0,0,246,468,6,59,1050,1135,0,0,2,18
50,2023-03-07,18,46,186,445,0,0,341,500,14,114,1810,1375,0,0,0,19
50,2023-03-08,35,65,296,453,0,0,495,867,7,111,1590,1324,0,0,0,15
50,2023-03-09,65,139,347,675,0,0,334,537,22,85,1869,1793,0,0,3,32
50,2023-03-10,76,206,499,533,0,0,567,1046,30,294,2387,2041,0,0,2,40
50,2023-03-11,19,23,122,223,0,0,327,946,1,77,1420,596,0,0,2,16
50,2023-03-12,1,4,39,152,0,0,206,353,0,2,103,334,0,0,0,1
50,2023-03-13,0,4,0,36,0,0,0,16,0,32,596,790,0,0,1,10
50,2023-03-14,0,9,47,275,0,0,107,281,0,54,622,831,0,0,0,15
50,2023-03-15,6,43,155,423,0,0,296,889,0,6,792,440,0,0,0,18
50,2023-03-16,2,17,162,300,0,0,252,628,0,6,252,315,0,0,0,11
50,2023-03-17,0,29,98,210,0,0,350,564,2,3,595,464,0,0,0,12
50,2023-03-18,0,24,152,224,0,0,366,539,0,7,456,375,0,0,2,13
50,2023-03-19,3,55,134,161,0,0,402,138,1,6,275,384,0,0,1,14
50,2023-03-20,23,113,613,321,0,0,366,584,1,19,599,505,0,0,0,3
50,2023-03-21,35,131,680,380,0,0,540,1007,1,55,1201,1115,0,0,0,11
50,2023-03-22,75,204,887,418,0,0,1308,2043,6,148,1354,671,0,0,0,2
50,2023-03-23,167,354,1060,442,0,0,1606,2967,21,418,3128,1463,0,0,2,20
50,2023-03-24,133,305,1542,610,0,0,2862,4706,16,214,2715,1256,0,0,3,31
50,2023-03-25,278,689,2211,830,0,0,2962,3498,29,725,5274,2582,0,0,0,37
50,2023-03-26,534,720,3149,1253,0,0,3826,4617,42,626,4805,2192,0,0,3,46
50,2023-03-27,360,526,2424,782,0,0,1751,875,29,299,2259,950,0,0,2,25
50,2023-03-28,660,820,1135,259,0,0,1322,972,50,368,2464,956,0,0,0,8
50,2023-03-29,509,588,856,195,0,0,1055,736,32,161,1687,842,0,0,0,1
50,2023-03-30,542,558,1022,446,0,0,929,428,44,391,3617,1425,0,0,0,31
50,2023-03-31,700,597,1374,674,0,0,1577,981,48,435,3418,948,0,0,1,22
50,2023-04-01,446,394,942,503,0,0,1010,995,40,235,2104,753,0,0,0,29
50,2023-04-02,200,212,672,227,0,0,1664,1526,5,50,796,377,0,0,2,8
50,2023-04-03,253,336,896,418,0,0,2206,2567,15,67,1600,640,0,0,0,25
50,2023-04-04,393,369,1127,706,0,0,2478,4713,19,96,2238,1411,0,0,4,28
50,2023-04-05,629,578,1812,947,0,0,2810,5241,43,401,4486,1416,0,0,0,38
50,2023-04-06,492,425,1388,986,0,0,1798,5862,23,329,2753,1129,0,0,1,51
50,2023-04-07,188,194,635,186,0,0,915,809,10,58,1661,1147,0,0,0,70
50,2023-04-08,97,76,144,83,0,0,624,619,3,39,1602,1437,0,0,0,49
50,2023-04-09,180,186,290,143,0,0,734,1130,2,81,1527,1699,0,0,1,84
50,2023-04-10,412,319,595,302,0,0,1068,1748,15,171,2137,2371,0,0,0,123
50,2023-04-11,521,273,835,288,0,0,1508,3721,29,180,2000,1838,0,0,19,162
50,2023-04-12,294,155,528,240,0,0,946,1490,7,173,1308,942,0,0,16,80
50,2023-04-13,194,185,239,104,0,0,513,1307,18,88,853,870,0,0,3,77
50,2023-04-14,288,192,314,102,0,0,718,1458,10,59,897,931,0,0,13,84
50,2023-04-15,207,232,333,217,0,0,661,627,16,99,1111,859,0,0,4,57
50,2023-04-16,349,322,373,89,0,0,587,543,12,92,803,768,0,0,1,78
50,2023-04-17,208,175,421,232,0,0,501,1021,7,37,426,555,0,0,1,75
50,2023-04-18,125,107,254,272,0,0,642,1855,4,27,560,777,0,0,0,104
50,2023-04-19,54,149,208,198,0,0,898,2991,2,29,647,1058,0,0,7,104
50,2023-04-20,57,59,181,232,0,0,534,2157,3,13,482,1102,0,0,2,61
50,2023-04-21,89,99,276,346,0,0,706,1948,2,29,585,264,0,0,6,52
50,2023-04-22,21,32,211,273,0,0,517,3548,2,5,401,332,0,0,1,22
50,2023-04-23,32,36,131,162,0,0,542,1075,0,1,263,273,0,0,5,39
50,2023-04-24,18,19,95,104,0,0,270,469,0,3,201,346,0,0,0,23
50,2023-04-25,61,43,142,128,0,0,330,649,0,5,402,535,0,0,8,41
50,2023-04-26,73,41,55,37,0,0,141,93,1,18,488,481,0,0,2,19
50,2023-04-27,48,26,109,69,0,0,263,277,0,15,287,401,0,0,1,15
50,2023-04-28,73,54,206,136,0,0,256,383,1,18,280,326,0,0,2,22
50,2023-04-29,84,64,130,58,0,0,95,185,1,17,177,333,0,0,0,13
50,2023-04-30,23,15,32,36,0,0,8,1,1,7,163,400,0,0,0,4
50,2023-05-01,75,129,199,156,0,0,18,51,1,2,216,325,0,0,0,4
50,2023-05-02,68,123,242,135,0,0,40,94,0,3,45,180,0,0,0,18
50,2023-05-03,12,36,101,85,0,0,15,191,0,0,37,129,0,0,1,29
50,2023-05-04,15,36,204,107,0,0,79,608,0,0,38,180,0,0,4,24
50,2023-05-05,36,60,203,125,0,0,218,864,2,0,71,446,0,0,0,29
50,2023-05-06,98,158,355,184,0,0,531,1098,0,4,251,497,0,0,3,24
50,2023-05-07,155,202,493,292,0,0,566,619,1,3,189,220,0,0,4,62
50,2023-05-08,0,0,11,4,0,0,2,9,0,0,57,203,0,0,0,32
50,2023-05-09,0,0,31,29,0,0,14,21,0,0,19,40,0,0,0,15
50,2023-05-10,0,1,3,5,0,0,6,21,0,1,7,83,0,0,0,5
50,2023-05-11,4,3,33,13,0,0,24,12,0,0,13,87,0,0,0,4
50,2023-05-12,0,1,15,14,0,0,3,0,0,0,4,13,0,0,1,4
50,2023-05-13,0,0,4,5,0,0,0,0,0,0,2,2,0,0,0,0
50,2023-05-14,0,0,3,20,0,0,0,0,0,0,0,0,0,0,0,0
50,2023-05-15,0,0,1,7,0,0,0,1,0,0,0,2,0,0,0,1
50,2023-05-16,0,1,11,32,0,0,0,3,0,0,0,2,0,0,0,0
50,2023-05-17,1,13,37,85,0,0,24,50,0,1,9,21,0,0,1,7
50,2023-05-18,5,7,72,93,0,0,107,208,0,0,14,21,0,0,1,49
50,2023-05-19,8,6,55,70,0,0,70,171,0,1,15,40,0,0,1,17
50,2023-05-20,14,28,45,70,0,0,90,172,0,2,15,25,0,0,1,21
50,2023-05-21,3,10,24,43,0,0,50,128,0,0,9,33,0,0,0,95
50,2023-05-22,5,29,64,46,0,0,53,108,0,1,27,45,0,0,7,50
50,2023-05-23,18,26,85,47,0,0,49,84,1,1,20,21,0,0,0,50
50,2023-05-24,3,2,9,7,0,0,17,38,0,2,11,9,0,0,1,25
50,2023-05-25,5,3,18,7,0,0,4,3,0,0,1,8,0,0,0,12
50,2023-05-26,0,2,18,4,0,0,5,3,0,0,2,24,0,0,2,9
50,2023-05-27,0,2,17,8,0,0,2,3,0,0,9,24,0,0,0,16
50,2023-05-28,3,16,31,17,0,0,1,9,0,0,14,22,0,0,0,45
50,2023-05-29,0,0,0,0,0,0,0,39,0,0,6,10,0,0,0,26
50,2023-05-30,6,5,23,7,0,0,11,28,0,0,6,13,0,0,0,36
50,2023-05-31,2,3,9,7,0,0,11,26,0,0,2,10,0,0,0,28
50,2023-06-01,1,4,33,16,0,0,16,28,1,0,1,7,0,0,0,51
50,2023-06-02,6,5,47,40,0,0,10,22,0,0,1,11,0,0,0,32
50,2023-06-03,3,1,43,42,0,0,8,6,0,0,3,1,0,0,0,173
50,2023-06-04,2,7,17,16,0,0,1,1,0,0,1,4,0,0,0,34
50,2023-06-05,2,2,6,7,0,0,2,0,0,0,1,5,0,0,1,76
50,2023-06-06,0,0,0,0,0,0,0,0,0,0,2,1,0,0,0,1
50,2023-06-07,0,0,0,5,0,0,0,0,0,0,2,0,0,0,0,4
50,2023-06-08,0,0,1,2,0,0,0,2,0,0,0,1,0,0,0,22
50,2023-06-09,0,0,1,0,0,0,0,0,0,0,0,0,0,0,0,0
50,2023-06-10,0,1,0,1,0,0,1,0,0,0,0,1,0,0,0,1
50,2023-06-11,0,0,1,2,0,0,0,0,0,0,0,1,0,0,0,1
50,2023-06-12,0,0,1,0,0,0,0,0,0,0,0,0,0,0,0,0
50,2023-06-13,1,0,2,3,0,0,0,0,0,0,0,0,0,0,0,0
50,2023-06-14,0,1,1,1,0,0,0,0,0,0,0,0,0,0,0,0
50,2023-06-15,0,0,2,2,0,0,0,0,0,0,0,2,0,0,0,0
50,2023-06-16,0,1,0,0,0,0,0,0,0,0,0,0,0,0,0,0
50,2023-06-17,1,2,3,2,0,0,5,0,0,0,0,0,0,0,0,13
50,2023-06-18,1,4,3,2,0,0,2,0,0,1,0,5,0,0,0,20
50,2023-06-19,0,1,5,4,0,0,0,0,0,0,2,0,0,0,0,36
50,2023-06-20,0,1,2,2,0,0,0,0,0,0,0,0,0,0,0,4
50,2023-06-21,0,0,0,6,0,0,5,0,0,0,0,0,0,0,0,0
50,2023-06-22,0,0,2,7,0,0,0,0,0,0,1,0,0,0,0,0
50,2023-06-23,0,0,4,11,0,0,2,8,0,0,0,0,0,0,0,1
50,2023-06-24,1,1,1,12,0,0,6,0,0,0,0,0,0,0,0,0
50,2023-06-25,0,0,0,0,0,0,0,0,0,0,0,0,0,0,0,6
50,2023-06-26,0,0,0,0,0,0,0,1,0,0,1,5,0,0,0,9
50,2023-06-27,0,0,2,0,0,0,0,3,0,0,4,2,0,0,0,10
50,2023-06-28,1,0,0,0,0,0,0,0,0,0,5,6,0,0,0,14
50,2023-06-29,0,0,17,20,0,0,0,0,0,0,1,4,0,0,0,26
50,2023-06-30,0,1,0,4,0,0,1,0,0,0,0,1,0,0,0,8
50,2023-07-01,0,0,9,8,0,0,0,0,0,0,0,3,0,0,2,5
50,2023-07-02,0,0,0,0,0,0,0,0,0,0,0,0,0,0,0,0
50,2023-07-03,0,0,0,0,0,0,0,0,0,0,0,0,0,0,0,0
50,2023-07-04,0,0,0,0,0,0,0,0,0,0,0,2,0,0,0,0
50,2023-07-05,0,0,1,2,0,0,0,0,0,0,0,0,0,0,0,0
50,2023-07-06,0,0,6,16,0,0,0,0,0,0,0,1,0,0,0,0
50,2023-07-07,0,0,10,14,0,0,0,1,0,0,1,4,0,0,0,0
50,2023-07-08,0,0,1,12,0,0,1,0,0,0,0,3,0,0,0,0
50,2023-07-09,0,0,0,1,0,0,1,0,0,0,0,3,0,0,0,0
50,2023-07-10,0,1,17,12,0,0,0,0,0,0,0,0,0,0,0,0
50,2023-07-11,0,0,0,4,0,0,1,0,0,0,0,0,0,0,0,0
50,2023-07-12,0,0,2,2,0,0,0,0,0,0,0,1,0,0,0,0
50,2023-07-13,0,0,0,9,0,0,0,1,0,0,0,0,0,0,0,0
50,2023-07-14,0,1,5,1,0,0,0,0,0,0,0,1,0,0,0,0
50,2023-07-15,0,0,2,8,0,0,1,0,0,0,0,0,0,0,0,2
50,2023-07-16,0,0,0,0,0,0,0,0,0,0,0,1,0,0,0,2
50,2023-07-17,1,1,5,4,0,0,1,0,0,0,0,2,0,0,2,26
50,2023-07-18,0,0,0,0,0,0,0,0,0,0,0,0,0,0,2,25
50,2023-07-19,0,0,1,0,0,0,0,0,0,0,1,2,0,0,0,2
50,2023-07-20,0,0,1,0,0,0,0,0,0,0,2,0,0,0,0,0
50,2023-07-21,0,0,3,5,0,0,0,0,0,0,0,1,0,0,0,2
50,2023-07-22,0,0,4,10,0,0,0,0,0,0,1,1,0,0,0,1
50,2023-07-23,0,0,1,2,0,0,0,1,0,0,0,1,0,0,0,0
50,2023-07-24,0,0,2,0,0,0,0,1,0,0,0,0,0,0,0,0
50,2023-07-25,0,0,14,16,0,0,3,0,0,0,2,3,0,0,0,7
50,2023-07-26,0,0,0,0,0,0,0,0,0,0,0,0,0,0,0,0
50,2023-07-27,0,0,0,0,0,0,0,0,0,0,0,0,0,0,0,0
50,2023-07-28,0,0,4,0,0,0,0,0,0,0,0,0,0,0,0,0
50,2023-07-29,0,0,0,0,0,0,0,0,0,0,0,1,0,0,0,1
50,2023-07-30,0,0,1,0,0,0,0,0,0,0,1,0,0,0,0,2
50,2023-07-31,0,0,0,2,0,0,0,0,0,0,0,0,0,0,0,0
50,2023-08-01,0,0,1,1,0,0,0,0,0,0,0,0,0,0,0,0
50,2023-08-02,0,0,0,0,0,0,0,0,0,0,0,0,0,0,0,0
50,2023-08-03,0,0,0,0,0,0,0,0,0,0,0,0,0,0,0,0
50,2023-08-04,0,0,0,0,0,0,0,0,0,0,0,0,0,0,0,0
50,2023-08-05,0,0,0,0,0,0,0,0,0,0,0,4,0,0,0,0
50,2023-08-06,0,0,0,2,0,0,0,0,0,0,0,0,0,0,0,0
50,2023-08-07,0,0,0,0,0,0,0,0,0,0,0,0,0,0,0,0
50,2023-08-08,0,0,0,2,0,0,0,0,0,0,0,0,0,0,0,0
50,2023-08-09,0,0,0,0,0,0,0,0,0,0,0,0,0,0,0,0
50,2023-08-10,0,0,8,17,0,0,0,0,0,0,0,0,0,0,0,0
50,2023-08-11,1,0,54,40,0,0,0,0,0,0,0,0,0,0,0,0
50,2023-08-12,0,0,0,1,0,0,0,0,0,0,0,0,0,0,0,0
50,2023-08-13,0,0,5,12,0,0,0,0,0,0,0,1,0,0,0,2
50,2023-08-14,0,0,2,5,0,0,0,0,0,0,0,0,0,0,0,0
50,2023-08-15,0,0,3,5,0,0,0,0,0,0,0,3,0,0,0,0
50,2023-08-16,0,0,26,9,0,0,0,0,0,0,0,0,0,0,0,0
50,2023-08-17,0,0,0,11,0,0,0,1,0,0,0,1,0,0,0,4
50,2023-08-18,0,0,22,62,0,0,0,1,0,0,0,0,0,0,0,1
50,2023-08-19,0,0,15,17,0,0,0,0,0,0,0,0,0,0,0,0
50,2023-08-20,0,0,0,6,0,0,0,0,0,0,0,2,0,0,1,0
50,2023-08-21,0,0,3,48,0,0,0,0,0,0,0,1,0,0,0,0
50,2023-08-22,0,0,0,15,0,0,0,0,0,0,0,0,0,0,0,0
50,2023-08-23,0,0,4,25,0,0,0,0,0,0,0,0,0,0,0,0
50,2023-08-24,0,0,0,5,0,0,0,0,0,0,0,1,0,0,0,1
50,2023-08-25,0,0,1,4,0,0,0,0,0,0,0,1,0,0,0,0
50,2023-08-26,0,0,0,2,0,0,0,0,0,0,0,0,0,0,0,0
50,2023-08-27,0,0,6,5,0,0,0,0,0,0,0,3,0,0,0,0
50,2023-08-28,0,0,1,8,0,0,0,0,0,0,0,0,0,0,0,0
50,2023-08-29,0,0,8,4,0,0,0,0,0,0,0,1,0,0,0,0
50,2023-08-30,0,1,4,9,0,0,0,0,0,0,3,1,0,0,0,0
50,2023-08-31,0,0,1,19,0,0,0,0,0,0,1,0,0,0,0,0
50,2023-09-01,0,1,25,9,0,0,0,1,0,0,1,1,0,0,1,0
50,2023-09-02,0,0,3,15,0,0,1,0,0,0,0,1,0,0,0,0
50,2023-09-03,1,0,12,45,0,0,0,0,0,0,1,1,0,0,0,6
50,2023-09-04,0,1,5,1,0,0,0,0,0,0,0,3,0,0,0,5
50,2023-09-05,0,0,0,2,0,0,0,0,0,0,0,1,0,0,0,6
50,2023-09-06,0,0,0,0,0,0,0,1,0,0,1,3,0,0,0,1
50,2023-09-07,0,0,1,0,0,0,0,0,0,0,3,1,0,0,0,1
50,2023-09-08,0,0,1,0,0,0,0,0,0,0,0,1,0,0,0,3
50,2023-09-09,0,0,0,13,0,0,0,0,0,0,1,3,0,0,0,3
50,2023-09-10,0,0,0,3,0,0,0,0,0,0,0,1,0,0,0,7
50,2023-09-11,0,0,0,0,0,0,0,0,0,0,0,1,0,0,0,2
50,2023-09-12,0,0,3,0,0,0,1,0,0,0,2,0,0,0,0,1
50,2023-09-13,0,0,0,0,0,0,0,0,0,0,0,2,0,0,0,0
50,2023-09-14,0,0,0,0,0,0,0,0,0,0,0,0,0,0,0,6
50,2023-09-15,0,0,0,0,0,0,0,0,0,0,0,0,0,0,0,6
50,2023-09-16,0,0,0,0,0,0,0,0,0,0,0,3,0,0,0,7
50,2023-09-17,0,0,0,2,0,0,0,0,0,0,0,5,0,0,0,0
50,2023-09-18,0,0,0,0,0,0,0,0,0,0,0,0,0,0,0,0
50,2023-09-19,0,0,0,0,0,0,0,0,0,0,2,0,0,0,0,0
50,2023-09-20,0,0,1,0,0,0,0,0,0,0,0,0,0,0,0,1
50,2023-09-21,0,0,8,7,0,0,0,0,0,0,1,1,0,0,0,3
50,2023-09-22,0,0,1,0,0,0,0,0,0,0,1,8,0,0,0,3
50,2023-09-23,0,0,12,8,0,0,3,1,0,0,2,9,0,0,1,6
50,2023-09-24,0,2,4,15,0,0,0,2,0,0,3,2,0,0,0,4
50,2023-09-25,0,0,1,3,0,0,0,5,0,0,0,3,0,0,0,3
50,2023-09-26,0,0,0,0,0,0,1,1,0,0,0,1,0,0,0,5
50,2023-09-27,0,0,0,0,0,0,0,0,0,0,0,9,0,0,0,0
50,2023-09-28,0,0,0,0,0,0,0,0,0,0,0,3,0,0,0,1
50,2023-09-29,0,0,0,0,0,0,0,0,0,0,0,0,0,0,0,0
50,2023-09-30,0,0,0,0,0,0,0,0,0,0,0,2,0,0,0,0
50,2023-10-01,0,0,0,1,0,0,0,0,0,0,0,0,0,0,0,0
50,2023-10-02,0,0,0,1,0,0,0,0,0,0,0,1,0,0,0,0
50,2023-10-03,0,0,4,3,0,0,0,0,0,0,3,3,0,0,0,1
50,2023-10-04,0,0,11,5,0,0,1,1,0,0,2,1,0,0,0,6
50,2023-10-05,0,1,1,3,0,0,1,0,0,0,3,3,0,0,0,2
50,2023-10-06,0,0,1,1,0,0,0,0,0,0,0,1,0,0,0,1
50,2023-10-07,0,0,2,0,0,0,0,0,0,0,0,0,0,0,0,0
50,2023-10-08,0,0,3,0,0,0,0,0,0,0,0,1,0,0,0,0
50,2023-10-09,0,0,0,0,0,0,0,0,0,0,0,0,0,0,0,0
50,2023-10-10,0,0,0,0,0,0,0,0,0,0,0,0,0,0,0,0
50,2023-10-11,0,0,0,3,0,0,0,0,0,0,0,1,0,0,0,0
50,2023-10-12,0,0,0,2,0,0,0,0,0,0,0,0,0,0,0,0
50,2023-10-13,0,0,0,4,0,0,0,2,0,0,0,0,0,0,0,0
50,2023-10-14,0,0,0,11,0,0,0,0,0,0,2,4,0,0,0,0
50,2023-10-15,0,0,0,2,0,0,0,0,0,0,0,7,0,0,0,5
50,2023-10-16,0,0,0,3,0,0,0,0,0,0,0,5,0,0,0,0
50,2023-10-17,0,0,1,3,0,0,0,2,0,0,0,2,0,0,0,0
50,2023-10-18,0,0,4,7,0,0,1,6,0,0,0,5,0,0,0,1
50,2023-10-19,0,2,1,13,0,0,0,6,0,0,11,18,0,0,0,9
50,2023-10-20,1,2,11,27,0,0,2,5,0,0,5,19,0,0,0,4
50,2023-10-21,0,0,1,10,0,0,0,1,0,0,3,5,0,0,0,1
50,2023-10-22,0,0,0,2,0,0,0,5,0,0,0,4,0,0,0,1
50,2023-10-23,0,0,4,5,0,0,0,0,0,0,1,0,0,0,0,1
50,2023-10-24,0,0,10,18,0,0,0,3,0,1,3,2,0,0,0,1
50,2023-10-25,1,0,9,6,0,0,3,2,0,0,4,3,0,0,0,0
50,2023-10-26,0,1,3,4,0,0,3,3,0,0,0,4,0,0,0,4
50,2023-10-27,1,0,0,2,0,0,0,0,0,0,1,0,0,0,0,1
50,2023-10-28,0,0,0,4,0,0,0,0,0,0,0,3,0,0,0,0
50,2023-10-29,0,0,0,0,0,0,0,1,0,0,2,5,0,0,0,0
50,2023-10-30,0,0,2,1,0,0,0,2,0,0,1,6,0,0,0,3
50,2023-10-31,0,0,0,4,0,0,0,0,0,0,0,2,0,0,0,3
50,2023-11-01,0,0,0,1,0,0,0,6,0,0,7,2,0,0,0,4
50,2023-11-02,0,0,0,3,0,0,0,0,0,0,0,2,0,0,0,0
50,2023-11-03,1,0,10,16,0,0,0,0,0,0,7,14,0,0,0,9
50,2023-11-04,0,0,17,21,0,0,2,2,0,0,15,23,0,0,0,9
50,2023-11-05,0,2,27,37,0,0,2,4,0,0,10,13,0,0,1,23
50,2023-11-06,0,0,4,12,0,0,3,5,1,0,10,6,0,0,0,3
50,2023-11-07,0,0,2,8,0,0,0,1,0,0,2,3,0,0,0,2
50,2023-11-08,0,0,3,6,0,0,0,0,0,0,10,14,0,0,3,6
50,2023-11-09,0,1,10,2,0,0,0,1,0,0,7,40,0,0,0,12
50,2023-11-10,4,0,24,11,0,0,1,3,0,0,30,26,0,0,2,12
50,2023-11-11,1,1,11,7,0,0,4,4,0,0,13,14,0,0,0,6
50,2023-11-12,0,0,2,1,0,0,1,0,0,0,1,15,0,0,0,2
50,2023-11-13,1,0,2,1,0,0,1,0,0,0,1,8,0,0,0,9
50,2023-11-14,1,0,4,5,0,0,0,0,0,0,14,6,0,0,0,0
50,2023-11-15,0,3,29,26,0,0,0,3,0,0,37,29,0,0,0,1
50,2023-11-16,2,4,22,20,0,0,2,1,0,0,21,8,0,0,0,2
50,2023-11-17,0,0,11,13,0,0,1,2,0,0,1,1,0,0,0,0
50,2023-11-18,0,2,20,12,0,0,0,1,0,0,13,3,0,0,0,0
50,2023-11-19,1,0,47,28,0,0,6,3,0,0,66,21,0,0,0,0
50,2023-11-20,2,4,59,53,0,0,4,5,0,0,102,59,0,0,0,1
50,2023-11-21,3,13,109,100,0,0,11,7,0,0,48,54,0,0,0,6
50,2023-11-22,3,5,49,76,0,0,5,11,0,0,47,18,0,0,1,4
50,2023-11-23,1,1,23,8,0,0,6,5,0,0,14,30,0,0,0,4
50,2023-11-24,5,8,20,36,0,0,2,3,0,0,44,55,0,0,0,7
50,2023-11-25,4,8,53,58,0,0,3,2,0,1,113,96,0,0,2,3
50,2023-11-26,11,17,88,70,0,0,9,8,0,0,70,43,0,0,1,9
50,2023-11-27,2,10,52,53,0,0,8,14,0,2,48,33,0,0,5,6
50,2023-11-28,5,4,35,27,0,0,2,4,0,0,29,19,0,0,0,3
50,2023-11-29,2,0,32,6,0,0,6,1,0,0,27,32,0,0,1,5
50,2023-11-30,0,1,33,42,0,0,1,0,0,0,20,32,0,0,0,2
50,2023-12-01,3,21,83,60,0,0,4,3,0,0,117,115,0,0,0,2
50,2023-12-02,1,20,22,44,0,0,2,3,0,0,42,32,0,0,1,3
50,2023-12-03,2,4,5,10,0,0,0,2,0,0,25,28,0,0,0,0
50,2023-12-04,0,6,17,11,0,0,0,2,0,0,19,39,0,0,0,1
50,2023-12-05,2,3,47,40,0,0,3,8,0,0,25,57,0,0,0,0
50,2023-12-06,1,3,57,67,0,0,1,2,0,0,56,66,0,0,0,3
50,2023-12-07,1,2,55,94,0,0,3,8,0,0,30,30,0,0,0,0
50,2023-12-08,0,2,31,68,0,0,2,8,0,0,10,19,0,0,0,0
50,2023-12-09,1,3,13,32,0,0,1,14,0,0,20,21,0,0,0,1
50,2023-12-10,4,3,20,48,0,0,1,4,0,0,4,21,0,0,0,7
50,2023-12-11,2,6,59,76,0,0,6,9,0,0,37,84,0,0,1,5
50,2023-12-12,4,9,58,101,0,0,7,12,0,0,24,82,0,0,0,3
50,2023-12-13,1,7,23,63,0,0,5,8,0,0,13,43,0,0,2,1
50,2023-12-14,6,0,18,40,0,0,1,7,0,0,15,32,0,0,0,0
50,2023-12-15,1,1,22,33,0,0,5,15,2,0,14,108,0,0,0,2
50,2023-12-16,4,7,23,68,0,0,4,9,0,0,46,149,0,0,0,4
50,2023-12-17,4,7,44,84,0,0,9,8,0,0,41,127,0,0,3,10
50,2023-12-18,1,12,49,123,0,0,14,17,0,0,31,64,0,0,0,16
50,2023-12-19,3,7,17,60,0,0,7,7,0,0,18,36,0,0,0,6
50,2023-12-20,3,5,4,43,0,0,8,8,0,0,18,79,0,0,0,5
50,2023-12-21,1,3,25,96,0,0,4,0,0,0,35,107,0,0,0,5
50,2023-12-22,0,5,23,110,0,0,3,18,0,0,54,138,0,0,0,0
50,2023-12-23,2,20,62,161,0,0,25,19,0,0,50,116,0,0,0,2
50,2023-12-24,0,17,35,49,0,0,6,17,0,0,25,83,0,0,0,1
50,2023-12-25,1,3,7,14,0,0,0,9,0,0,21,113,0,0,0,1
50,2023-12-26,5,9,27,58,0,0,19,28,0,0,31,132,0,0,0,9
50,2023-12-27,4,15,32,74,0,0,8,6,0,0,43,193,0,0,2,8
50,2023-12-28,6,24,47,123,0,0,17,24,0,0,45,133,0,0,0,13
50,2023-12-29,5,6,25,76,0,0,10,26,1,0,24,66,0,0,5,15
50,2023-12-30,3,5,9,49,0,0,2,17,1,1,30,107,0,0,0,12
50,2023-12-31,2,3,11,29,0,0,7,16,0,0,32,136,0,0,0,7
50,2024-01-01,1,6,10,39,0,0,5,9,0,0,45,137,0,0,0,7
50,2024-01-02,4,18,27,79,0,0,17,20,0,1,98,123,0,0,1,16
50,2024-01-03,1,12,30,179,0,0,20,41,0,1,59,103,0,0,2,38
50,2024-01-04,1,7,18,80,0,0,9,22,0,0,25,82,0,0,1,9
50,2024-01-05,1,3,19,64,0,0,7,14,0,0,40,116,0,0,3,24
50,2024-01-06,2,2,28,93,0,0,14,22,0,0,35,161,0,0,4,11
50,2024-01-07,0,10,21,107,0,0,15,25,0,0,101,226,0,0,2,31
50,2024-01-08,2,17,45,172,0,0,21,18,2,0,68,143,0,0,8,37
50,2024-01-09,2,6,26,113,0,0,12,26,0,0,61,160,0,0,1,24
50,2024-01-10,3,3,9,58,0,0,2,6,1,0,38,143,0,0,0,16
50,2024-01-11,6,5,23,72,0,0,6,16,0,1,62,138,0,0,5,3
50,2024-01-12,6,13,13,61,0,0,15,11,0,1,83,203,0,0,4,19
50,2024-01-13,11,19,21,91,0,0,4,8,0,1,94,190,0,0,3,39
50,2024-01-14,0,5,12,155,0,0,17,18,0,0,52,107,0,0,3,31
50,2024-01-15,4,3,5,114,0,0,2,6,0,2,51,114,0,0,0,5
50,2024-01-16,1,1,23,82,0,0,9,9,0,0,37,104,0,0,0,5
50,2024-01-17,3,9,33,88,0,0,23,19,0,0,62,181,0,0,0,1
50,2024-01-18,1,15,46,156,0,0,23,13,0,3,106,243,0,0,2,3
50,2024-01-19,10,35,48,200,0,0,20,46,2,3,108,131,0,0,1,7
50,2024-01-20,4,24,45,110,0,0,21,31,1,0,81,148,0,0,0,5
50,2024-01-21,8,32,46,127,0,0,19,21,2,1,148,187,0,0,0,3
50,2024-01-22,7,16,51,137,0,0,29,27,0,0,124,192,0,0,0,14
50,2024-01-23,8,45,64,86,0,0,25,6,0,4,216,308,0,0,0,14
50,2024-01-24,6,40,54,102,0,0,9,8,1,6,201,165,0,0,3,16
50,2024-01-25,4,14,22,5,0,0,4,6,0,1,49,48,0,0,0,1
50,2024-01-26,0,0,0,97,0,0,0,0,0,0,65,62,0,0,1,0
50,2024-01-27,2,0,2,96,0,0,5,9,1,0,71,74,0,0,0,0
50,2024-01-28,2,1,6,25,0,0,0,0,1,1,115,195,0,0,0,0
50,2024-01-29,2,5,11,41,0,0,5,1,1,3,219,231,0,0,3,10
50,2024-01-30,3,4,4,32,0,0,1,7,0,2,139,217,0,0,2,13
50,2024-01-31,1,2,0,45,0,0,1,2,0,2,20,34,0,0,0,3
50,2024-02-01,14,17,25,106,0,0,10,28,7,4,253,227,0,0,1,17
50,2024-02-02,20,34,35,124,0,0,31,73,4,10,252,365,0,0,0,6
50,2024-02-03,34,92,80,178,0,0,37,82,6,9,399,582,0,0,0,21
50,2024-02-04,26,122,114,571,0,0,65,109,0,17,277,359,0,0,0,39
50,2024-02-05,20,61,84,642,0,0,38,102,3,16,281,292,0,0,3,13
50,2024-02-06,21,35,40,585,0,0,34,108,6,7,441,301,0,0,1,13
50,2024-02-07,11,25,67,524,0,0,97,151,1,6,373,451,0,0,0,20
50,2024-02-08,30,38,83,470,0,0,92,108,10,32,416,760,0,0,2,14
50,2024-02-09,30,63,166,477,0,0,55,49,0,34,311,516,0,0,0,9
50,2024-02-10,4,7,33,386,0,0,3,12,2,28,240,386,0,0,0,0
50,2024-02-11,0,5,28,322,0,0,3,18,1,6,323,388,0,0,0,1
50,2024-02-12,10,24,40,237,0,0,71,68,1,10,170,456,0,0,0,0
50,2024-02-13,32,74,89,449,0,0,68,87,3,14,379,918,0,0,0,7
50,2024-02-14,90,174,246,741,0,0,65,104,23,62,648,753,0,0,0,27
50,2024-02-15,30,102,278,999,0,0,62,157,2,29,404,461,0,0,4,26
50,2024-02-16,20,31,108,385,0,0,40,74,10,31,375,462,0,0,0,14
50,2024-02-17,15,19,44,138,0,0,76,125,18,70,1049,1156,0,0,3,30
50,2024-02-18,59,90,120,112,0,0,189,205,37,132,1009,1212,0,0,0,63
50,2024-02-19,101,141,186,300,0,0,89,181,47,197,1426,1156,0,0,0,75
50,2024-02-20,160,237,264,746,0,0,112,180,41,218,798,637,0,0,2,60
50,2024-02-21,83,123,160,462,0,0,80,138,20,71,384,432,0,0,2,49
50,2024-02-22,44,66,134,246,0,0,70,142,13,70,507,402,0,0,0,30
50,2024-02-23,88,104,140,192,0,0,111,115,24,135,503,615,0,0,1,56
50,2024-02-24,97,224,241,222,0,0,114,94,20,125,722,735,0,0,0,32
50,2024-02-25,217,318,314,317,0,0,134,55,90,190,1014,799,0,0,1,32
50,2024-02-26,82,89,130,356,0,0,91,108,26,109,677,563,0,0,0,67
50,2024-02-27,22,31,81,267,0,0,51,58,16,128,975,821,0,0,0,67
50,2024-02-28,30,76,91,134,0,0,84,92,33,138,1053,1199,0,0,1,54
50,2024-02-29,86,174,303,126,0,0,97,132,35,179,1237,1423,0,0,3,30
50,2024-03-01,239,488,641,164,0,0,93,88,63,274,2202,1427,0,0,7,29
50,2024-03-02,125,268,259,187,0,0,77,84,74,182,1287,1123,0,0,0,19
50,2024-03-03,76,142,119,94,0,0,79,123,40,102,1435,1525,0,0,0,12
50,2024-03-04,110,238,472,139,0,0,195,349,34,130,1662,1089,0,0,2,18
50,2024-03-05,164,415,602,398,0,0,282,683,86,192,1701,1503,0,0,1,18
50,2024-03-06,420,501,921,530,0,0,287,676,113,324,2151,2276,0,0,1,25
50,2024-03-07,223,268,923,820,0,0,208,426,54,269,1588,1690,0,0,0,21
50,2024-03-08,116,168,275,185,0,0,159,151,18,54,952,1243,0,0,0,14
50,2024-03-09,113,190,266,65,0,0,67,24,20,80,1693,1798,0,0,1,30
50,2024-03-10,183,271,503,170,0,0,131,84,27,116,1817,1523,0,0,2,17
50,2024-03-11,263,606,694,237,0,0,111,63,31,190,2476,2154,0,0,1,24
50,2024-03-12,459,772,932,371,0,0,89,99,59,376,3980,2516,0,0,4,25
50,2024-03-13,322,593,1168,304,0,0,200,236,33,191,1758,890,0,0,7,25
50,2024-03-14,148,179,547,386,0,0,165,206,13,134,1622,1385,0,0,7,9
50,2024-03-15,37,82,414,630,0,0,315,610,34,170,1177,1062,0,0,0,22
50,2024-03-16,116,314,612,289,0,0,307,616,10,175,1256,1494,0,0,4,15
50,2024-03-17,214,464,505,411,0,0,242,364,27,163,1419,1433,0,0,2,18
50,2024-03-18,123,226,400,372,0,0,267,388,6,201,1286,1236,0,0,4,20
50,2024-03-19,9,37,41,39,0,0,58,71,5,127,1414,1457,0,0,1,5
50,2024-03-20,0,23,42,16,0,0,1,0,0,26,1062,1418,0,0,0,6
50,2024-03-21,2,3,39,60,0,0,26,7,0,48,208,870,0,0,0,3
50,2024-03-22,23,10,118,144,0,0,33,17,0,0,301,543,0,0,0,9
50,2024-03-23,162,109,279,143,0,0,66,70,6,24,527,519,0,0,0,17
50,2024-03-24,97,110,419,140,0,0,255,155,11,26,560,808,0,0,0,12
50,2024-03-25,78,100,505,144,0,0,463,388,2,81,1123,1055,0,0,0,20
50,2024-03-26,61,75,175,65,0,0,335,321,5,88,812,875,0,0,2,5
50,2024-03-27,215,234,454,134,0,0,503,373,10,433,3075,1523,0,0,0,13
50,2024-03-28,353,381,763,76,0,0,564,1083,12,182,2025,1105,0,0,0,1
50,2024-03-29,259,305,594,160,0,0,432,357,3,107,1586,1170,0,0,0,1
50,2024-03-30,128,227,537,203,0,0,425,456,4,91,2055,1465,0,0,2,5
50,2024-03-31,174,241,599,359,0,0,992,1567,13,114,2173,1970,0,0,0,8
50,2024-04-01,316,327,645,511,0,0,796,1818,20,119,2539,1818,0,0,3,7
50,2024-04-02,724,727,1113,629,0,0,1387,2744,43,236,3073,1388,0,0,1,11
50,2024-04-03,353,382,825,538,0,0,635,2002,23,113,1901,1323,0,0,0,16
50,2024-04-04,158,147,334,285,0,0,849,2444,11,135,1676,1435,0,0,4,16
50,2024-04-05,89,176,279,177,0,0,1249,2041,11,144,2389,2185,0,0,0,15
50,2024-04-06,138,131,286,236,0,0,869,2154,8,105,2115,2093,0,0,9,37
50,2024-04-07,211,235,597,341,0,0,1099,2323,14,169,1644,1995,0,0,2,36
50,2024-04-08,160,159,501,342,0,0,565,1775,9,96,1060,1161,0,0,0,33
50,2024-04-09,112,50,191,196,0,0,734,289,4,49,1225,1454,0,0,1,29
50,2024-04-10,12,9,46,7,0,0,70,30,2,15,1013,998,0,0,2,16
50,2024-04-11,32,38,91,77,0,0,196,227,2,9,669,1088,0,0,0,15
50,2024-04-12,24,27,154,124,0,0,132,279,2,12,643,1319,0,0,1,31
50,2024-04-13,55,73,316,93,0,0,756,1057,3,22,440,814,0,0,3,40
50,2024-04-14,34,32,212,58,0,0,361,710,0,19,241,550,0,0,0,17
50,2024-04-15,24,12,81,41,0,0,478,1513,0,0,328,633,0,0,0,24
50,2024-04-16,25,38,80,45,0,0,642,929,0,6,857,390,0,0,1,18
50,2024-04-17,117,96,274,121,0,0,481,326,3,15,927,493,0,0,1,2
50,2024-04-18,133,80,401,245,0,0,832,970,4,12,279,382,0,0,1,24
50,2024-04-19,80,46,165,122,0,0,212,330,0,2,419,332,0,0,0,5
50,2024-04-20,51,27,179,184,0,0,554,675,3,4,648,537,0,0,0,2
50,2024-04-21,91,36,140,132,0,0,749,804,0,5,420,625,0,0,0,7
50,2024-04-22,206,102,237,193,0,0,1064,1390,3,44,607,619,0,0,2,17
50,2024-04-23,179,76,291,212,0,0,852,2166,5,14,424,486,0,0,0,38
50,2024-04-24,20,32,65,49,0,0,214,1099,0,2,188,356,0,0,1,6
50,2024-04-25,89,45,268,251,0,0,303,376,0,0,179,352,0,0,2,26
50,2024-04-26,79,67,218,298,0,0,356,512,1,8,165,416,0,0,1,31
50,2024-04-27,92,105,251,323,0,0,1227,2118,0,12,505,532,0,0,5,65
50,2024-04-28,186,150,451,416,0,0,1210,2310,4,31,632,560,0,0,6,60
50,2024-04-29,283,179,903,773,0,0,1910,2762,1,21,638,375,0,0,5,88
50,2024-04-30,199,164,618,557,0,0,996,1284,1,21,389,341,0,0,3,49
50,2024-05-01,505,335,644,282,0,0,742,1239,2,19,348,351,0,0,3,9
50,2024-05-02,192,165,382,213,0,0,355,325,0,1,101,354,0,0,0,6
50,2024-05-03,289,186,317,156,0,0,97,107,7,1,150,404,0,0,0,36
50,2024-05-04,305,289,320,166,0,0,232,449,2,12,244,258,0,0,2,141
50,2024-05-05,192,207,303,141,0,0,83,27,2,16,134,178,0,0,0,27
50,2024-05-06,62,90,188,92,0,0,45,49,0,5,81,336,0,0,3,19
50,2024-05-07,6,10,60,14,0,0,41,13,0,0,38,171,0,0,2,5
50,2024-05-08,14,42,71,42,0,0,17,45,0,2,97,342,0,0,0,10
50,2024-05-09,38,24,106,85,0,0,49,113,0,4,82,189,0,0,2,13
50,2024-05-10,5,7,58,6,0,0,14,12,0,2,41,291,0,0,0,4
50,2024-05-11,3,8,21,12,0,0,14,0,0,0,37,190,0,0,0,7
50,2024-05-12,1,6,26,27,0,0,21,30,0,2,26,254,0,0,0,15
50,2024-05-13,0,14,69,8,0,0,99,106,0,1,73,475,0,0,2,56
50,2024-05-14,16,42,120,9,0,0,131,160,0,1,145,347,0,0,3,88
50,2024-05-15,1,2,52,29,0,0,145,221,0,1,69,387,0,0,2,71
50,2024-05-16,6,8,29,6,0,0,14,2,0,0,31,167,0,0,1,57
50,2024-05-17,1,0,8,1,0,0,1,2,0,0,6,49,0,0,0,13
50,2024-05-18,1,6,1,6,0,0,15,4,0,0,14,161,0,0,0,4
50,2024-05-19,9,19,63,18,0,0,54,21,0,0,32,186,0,0,2,32
50,2024-05-20,7,12,65,33,0,0,85,30,0,2,21,68,0,0,2,26
50,2024-05-21,0,1,0,0,0,0,0,3,0,0,10,12,0,0,0,0
50,2024-05-22,0,0,6,2,0,0,0,4,0,0,3,12,0,0,0,3
50,2024-05-23,2,0,0,0,0,0,0,0,0,0,6,11,0,0,1,10
50,2024-05-24,0,0,0,0,0,0,0,0,0,0,1,11,0,0,0,7
50,2024-05-25,0,0,0,3,0,0,0,0,0,0,0,0,0,0,0,0
50,2024-05-26,0,0,0,4,0,0,0,0,0,0,0,0,0,0,0,0
50,2024-05-27,0,0,0,3,0,0,0,0,0,0,0,1,0,0,0,0
50,2024-05-28,0,0,0,1,0,0,0,2,0,0,0,0,0,0,0,0
50,2024-05-29,0,1,0,2,0,0,1,5,0,0,1,0,0,0,0,1
50,2024-05-30,0,0,0,0,0,0,0,0,0,0,0,0,0,0,0,0
50,2024-05-31,0,0,0,0,0,0,0,0,0,0,0,0,0,0,0,0
50,2024-06-01,0,0,0,0,0,0,0,0,0,0,0,0,0,0,0,0
50,2024-06-02,0,0,0,0,0,0,0,0,0,0,0,0,0,0,0,0
50,2024-06-03,0,0,0,0,0,0,0,0,0,0,0,0,0,0,0,0
50,2024-06-04,0,0,1,3,0,0,2,0,0,0,3,19,0,0,0,30
50,2024-06-05,0,1,6,6,0,0,3,7,0,0,2,8,0,0,1,83
50,2024-06-06,0,0,0,0,0,0,0,0,0,0,0,0,0,0,0,0
50,2024-06-07,0,0,1,3,0,0,2,0,0,0,0,0,0,0,0,0
50,2024-06-08,0,0,0,1,0,0,0,0,0,0,0,3,0,0,0,2
50,2024-06-09,0,0,0,1,0,0,0,0,0,0,0,4,0,0,0,3
50,2024-06-10,1,0,1,0,0,0,0,0,0,0,0,4,0,0,0,8
50,2024-06-11,0,0,0,0,0,0,0,0,0,0,0,4,0,0,0,2
50,2024-06-12,0,0,0,1,0,0,0,0,0,0,0,0,0,0,0,0
50,2024-06-13,0,0,0,3,0,0,0,4,0,0,0,0,0,0,0,0
50,2024-06-14,0,0,0,3,0,0,1,0,0,0,4,0,0,0,0,0
50,2024-06-15,0,0,0,10,0,0,1,3,0,0,0,1,0,0,0,0
50,2024-06-16,0,0,1,3,0,0,1,45,0,0,0,1,0,0,0,0
50,2024-06-17,0,1,3,7,0,0,10,5,0,0,1,0,0,0,0,0
50,2024-06-18,0,0,0,0,0,0,1,0,0,0,0,0,0,0,0,0
50,2024-06-19,3,0,5,1,0,0,0,5,0,0,0,0,0,0,0,3
50,2024-06-20,0,0,1,4,0,0,14,4,0,0,0,11,0,0,0,0
50,2024-06-21,1,1,12,13,0,0,18,8,0,0,0,1,0,0,0,10
50,2024-06-22,0,0,5,2,0,0,0,0,0,0,0,1,0,0,0,4
50,2024-06-23,0,0,0,0,0,0,0,7,0,0,0,0,0,0,0,1
50,2024-06-24,0,0,0,0,0,0,0,0,0,0,2,1,0,0,0,4
50,2024-06-25,0,0,0,0,0,0,0,0,0,0,0,0,0,0,0,0
50,2024-06-26,0,0,0,1,0,0,0,0,0,0,0,0,0,0,0,0
50,2024-06-27,0,0,2,4,0,0,0,0,0,0,2,4,0,0,0,0
50,2024-06-28,0,0,2,3,0,0,0,0,0,0,0,0,0,0,0,1
50,2024-06-29,0,0,0,1,0,0,0,0,0,0,0,1,0,0,0,0
50,2024-06-30,0,0,0,0,0,0,0,0,0,0,0,0,0,0,0,0
50,2024-07-01,1,2,0,0,0,0,0,0,0,0,0,0,0,0,0,0
50,2024-07-02,0,0,0,0,0,0,0,0,0,0,0,0,0,0,0,1
50,2024-07-03,0,0,1,1,0,0,0,0,0,0,0,1,0,0,0,0
50,2024-07-04,0,0,0,0,0,0,0,0,0,0,0,0,0,0,0,0
50,2024-07-05,0,0,0,5,0,0,0,0,0,0,0,0,0,0,0,0
50,2024-07-06,0,0,1,6,0,0,0,0,0,0,3,26,0,0,0,0
50,2024-07-07,0,0,2,5,0,0,0,0,0,0,0,0,0,0,0,3
50,2024-07-08,0,0,2,8,0,0,0,0,0,0,0,1,0,0,0,0
50,2024-07-09,0,0,2,0,0,0,0,2,0,0,0,1,0,0,0,0
50,2024-07-10,0,0,0,0,0,0,0,0,0,0,0,0,0,0,0,0
50,2024-07-11,0,0,0,0,0,0,0,0,0,0,0,0,0,0,0,0
50,2024-07-12,0,0,0,0,0,0,0,0,0,0,0,0,0,0,0,0
50,2024-07-13,0,0,0,0,0,0,0,0,0,0,0,0,0,0,0,0
50,2024-07-14,0,0,0,0,0,0,0,0,0,0,0,0,0,0,0,0
50,2024-07-15,0,0,0,0,0,0,0,0,0,0,0,0,0,0,0,0
50,2024-07-16,0,0,0,0,0,0,0,0,0,0,0,1,0,0,0,0
50,2024-07-17,0,0,1,1,0,0,0,1,0,0,0,2,0,0,0,13
50,2024-07-18,0,0,0,0,0,0,0,0,0,0,0,2,0,0,0,2
50,2024-07-19,0,0,0,0,0,0,1,0,0,0,0,0,0,0,0,0
50,2024-07-20,0,0,0,0,0,0,0,0,0,0,0,0,0,0,0,0
50,2024-07-21,0,0,0,0,0,0,0,0,0,0,0,0,0,0,0,0
50,2024-07-22,0,0,0,0,0,0,0,0,0,0,0,1,0,0,0,0
50,2024-07-23,0,0,0,0,0,0,0,0,0,0,0,3,0,0,0,0
50,2024-07-24,0,0,0,0,0,0,0,0,0,0,0,0,0,0,0,0
50,2024-07-25,0,0,0,0,0,0,0,0,0,0,0,0,0,0,0,0
50,2024-07-26,0,0,0,0,0,0,0,0,0,0,0,0,0,0,0,0
50,2024-07-27,0,0,0,0,0,0,0,0,0,0,0,0,0,0,0,0
50,2024-07-28,0,0,0,0,0,0,0,0,0,0,0,0,0,0,0,0
50,2024-07-29,0,0,0,0,0,0,0,0,0,0,0,0,0,0,0,0
50,2024-07-30,0,0,0,1,0,0,0,0,0,0,0,0,0,0,0,0
50,2024-07-31,0,0,0,0,0,0,0,0,0,0,0,0,0,0,0,0
50,2024-08-01,0,0,0,0,0,0,0,0,0,0,0,0,0,0,0,0
50,2024-08-02,0,0,0,0,0,0,0,0,0,0,0,0,0,0,0,0
50,2024-08-03,0,0,0,0,0,0,0,0,0,0,0,0,0,0,0,0
50,2024-08-04,0,0,0,0,0,0,0,0,0,0,0,0,0,0,0,0
50,2024-08-05,0,0,0,3,0,0,0,0,0,0,0,0,0,0,0,0
50,2024-08-06,0,0,0,18,0,0,0,0,0,0,0,5,0,0,0,2
50,2024-08-07,0,0,15,17,0,0,0,0,0,0,0,1,0,0,0,0
50,2024-08-08,0,0,2,5,0,0,1,2,0,0,0,4,0,0,0,0
50,2024-08-09,0,0,10,19,0,0,0,0,0,0,3,4,0,0,0,2
50,2024-08-10,0,1,8,15,0,0,0,0,0,0,0,3,0,0,0,1
50,2024-08-11,0,0,0,0,0,0,0,0,0,0,0,0,0,0,0,0
50,2024-08-12,0,0,0,0,0,0,0,0,0,0,0,0,0,0,0,0
50,2024-08-13,0,0,0,48,0,0,0,0,0,0,0,1,0,0,0,5
50,2024-08-14,0,0,2,8,0,0,0,0,0,0,0,0,0,0,0,0
50,2024-08-15,0,0,1,3,0,0,1,0,0,0,0,0,0,0,0,4
50,2024-08-16,0,0,0,5,0,0,0,0,0,0,0,0,0,0,0,0
50,2024-08-17,0,0,0,2,0,0,0,0,0,0,0,0,0,0,0,0
50,2024-08-18,0,0,9,15,0,0,0,0,0,0,0,0,0,0,0,0
50,2024-08-19,0,0,1,1,0,0,0,0,0,0,0,0,0,0,0,1
50,2024-08-20,0,0,0,0,0,0,0,0,0,0,0,0,0,0,0,1
50,2024-08-21,0,0,0,2,0,0,0,0,0,0,0,0,0,0,0,0
50,2024-08-22,0,0,2,3,0,0,0,0,0,0,0,0,0,0,0,0
50,2024-08-23,0,0,2,5,0,0,0,0,0,0,0,1,0,0,0,0
50,2024-08-24,0,0,0,10,0,0,0,0,0,0,0,0,0,0,0,1
50,2024-08-25,0,0,2,1,0,0,0,0,0,0,0,1,0,0,0,0
50,2024-08-26,0,0,0,0,0,0,0,0,0,0,0,0,0,0,0,0
50,2024-08-27,0,0,3,6,0,0,0,0,0,0,0,0,0,0,0,0
50,2024-08-28,0,0,1,0,0,0,0,0,0,0,1,1,0,0,0,2
50,2024-08-29,0,0,3,6,0,0,0,0,0,0,0,1,0,0,0,5
50,2024-08-30,0,0,0,5,0,0,0,0,0,0,2,0,0,0,0,3
50,2024-08-31,0,0,0,8,0,0,1,0,0,0,0,0,0,0,0,1
50,2024-09-01,0,0,1,12,0,0,0,0,0,0,0,0,0,0,0,0
50,2024-09-02,0,0,0,0,0,0,0,0,0,0,0,0,0,0,0,0
50,2024-09-03,0,0,3,0,0,0,0,0,0,0,1,3,0,0,0,0
50,2024-09-04,0,0,1,0,0,0,0,0,0,0,0,0,0,0,0,0
50,2024-09-05,0,0,6,1,0,0,0,0,0,0,0,0,0,0,0,1
50,2024-09-06,0,0,1,0,0,0,0,0,0,0,0,1,0,0,0,2
50,2024-09-07,1,0,0,1,0,0,0,0,0,0,0,3,0,0,0,2
50,2024-09-08,0,0,0,1,0,0,0,0,0,0,0,2,0,0,0,0
50,2024-09-09,0,0,0,0,0,0,0,0,0,0,0,0,0,0,0,0
50,2024-09-10,0,0,0,0,0,0,0,0,0,0,0,0,0,0,0,0
50,2024-09-11,0,0,3,16,0,0,0,0,0,0,0,0,0,0,0,0
50,2024-09-12,0,0,0,0,0,0,0,0,0,0,0,0,0,0,0,0
50,2024-09-13,0,0,2,2,0,0,0,0,0,0,0,0,0,0,0,0
50,2024-09-14,0,1,9,13,0,0,0,0,0,0,0,0,0,0,0,0
50,2024-09-15,0,0,0,0,0,0,0,0,0,0,0,0,0,0,0,5
50,2024-09-16,1,0,6,4,0,0,0,0,0,0,0,2,0,0,0,0
50,2024-09-17,0,0,0,0,0,0,0,0,0,0,0,1,0,0,0,0
50,2024-09-18,0,0,0,0,0,0,0,0,0,0,0,3,0,0,0,2
50,2024-09-19,1,0,3,1,0,0,0,1,0,0,0,15,0,0,1,8
50,2024-09-20,0,0,0,0,0,0,0,0,0,0,0,0,0,0,0,6
50,2024-09-21,0,0,0,0,0,0,0,0,0,0,0,2,0,0,0,0
50,2024-09-22,0,0,0,0,0,0,0,0,0,0,0,0,0,0,0,2
50,2024-09-23,0,0,0,0,0,0,0,0,0,0,0,1,0,0,0,0
50,2024-09-24,0,0,0,0,0,0,0,0,0,0,0,3,0,0,0,2
50,2024-09-25,0,0,0,0,0,0,0,1,0,0,0,1,0,0,0,4
50,2024-09-26,0,0,0,0,0,0,0,0,0,0,0,0,0,0,0,0
50,2024-09-27,0,0,0,4,0,0,0,1,0,0,0,0,0,0,0,1
50,2024-09-28,1,0,1,3,0,0,0,0,0,0,0,2,0,0,0,0
50,2024-09-29,0,0,2,15,0,0,0,0,0,0,0,3,0,0,0,0
50,2024-09-30,0,0,6,26,0,0,0,0,0,0,0,1,0,0,0,0
50,2024-10-01,0,0,0,0,0,0,0,0,0,0,0,0,0,0,0,0
50,2024-10-02,0,0,0,1,0,0,0,0,0,0,0,0,0,0,0,0
50,2024-10-03,0,0,0,1,0,0,0,0,0,0,0,0,0,0,0,0
50,2024-10-04,0,0,0,4,0,0,0,0,0,0,0,0,0,0,0,0
50,2024-10-05,0,0,2,5,0,0,0,0,0,0,1,0,0,0,0,0
50,2024-10-06,0,1,9,18,0,0,2,10,0,0,0,2,0,0,0,2
50,2024-10-07,0,0,6,13,0,0,4,3,0,0,1,1,0,0,0,0
50,2024-10-08,0,0,3,1,0,0,1,3,0,0,1,1,0,0,0,0
50,2024-10-09,0,1,1,6,0,0,2,3,0,0,1,0,0,0,0,0
50,2024-10-10,0,0,6,11,0,0,0,1,0,0,5,6,0,0,0,0
50,2024-10-11,0,0,19,21,0,0,2,0,0,0,3,4,0,0,0,0
50,2024-10-12,0,0,7,16,0,0,2,3,0,0,1,4,0,0,0,0
50,2024-10-13,0,0,3,9,0,0,0,1,0,0,0,4,0,0,0,0
50,2024-10-14,0,0,0,9,0,0,0,0,0,0,2,0,0,0,0,0
50,2024-10-15,0,1,7,19,0,0,0,3,0,0,1,7,0,0,0,0
50,2024-10-16,0,0,14,19,0,0,1,0,0,0,2,5,0,0,0,1
50,2024-10-17,0,1,0,7,0,0,1,0,0,0,0,1,0,0,0,3
50,2024-10-18,0,0,1,1,0,0,0,3,0,0,0,3,0,0,0,5
50,2024-10-19,0,0,0,0,0,0,0,3,0,0,0,4,0,0,0,5
50,2024-10-20,0,0,0,0,0,0,0,1,0,0,1,0,0,0,0,0
50,2024-10-21,0,0,0,1,0,0,0,0,0,0,3,0,0,0,0,1
50,2024-10-22,2,0,5,6,0,0,0,2,0,0,0,4,0,0,0,1
50,2024-10-23,0,0,1,4,0,0,1,0,0,0,0,0,0,0,0,1
50,2024-10-24,0,0,0,3,0,0,0,6,0,0,1,1,0,0,0,3
50,2024-10-25,0,0,2,12,0,0,0,0,0,0,2,1,0,0,0,2
50,2024-10-26,0,2,7,5,0,0,2,2,0,0,10,13,0,0,0,6
50,2024-10-27,1,4,19,24,0,0,0,3,0,0,13,11,0,0,1,11
50,2024-10-28,0,3,15,8,0,0,0,1,0,0,6,7,0,0,1,10
50,2024-10-29,3,0,11,7,0,0,1,3,0,0,0,0,0,0,0,5
50,2024-10-30,0,0,9,7,0,0,0,1,0,0,2,9,0,0,1,4
50,2024-10-31,2,2,7,12,0,0,2,5,0,2,6,12,0,0,2,5
50,2024-11-01,4,3,25,14,0,0,2,4,0,0,23,14,0,0,0,8
50,2024-11-02,0,0,35,36,0,0,2,7,0,0,16,7,0,0,0,3
50,2024-11-03,0,0,0,0,0,0,0,0,0,0,0,0,0,0,0,0
50,2024-11-04,0,0,0,0,0,0,0,0,0,0,0,0,0,0,0,0
50,2024-11-05,0,0,0,0,0,0,0,0,0,0,0,0,0,0,0,0
50,2024-11-06,0,0,0,0,0,0,0,0,0,0,0,0,0,0,0,0
50,2024-11-07,0,0,1,6,0,0,1,1,0,0,0,1,0,0,0,0
50,2024-11-08,0,0,5,6,0,0,0,7,0,0,0,0,0,0,0,0
50,2024-11-09,0,0,5,7,0,0,0,5,0,0,0,2,0,0,0,3
50,2024-11-10,0,1,18,32,0,0,4,11,0,0,1,2,0,0,0,1
50,2024-11-11,0,1,38,45,0,0,3,5,0,0,1,4,0,0,0,0
50,2024-11-12,1,4,54,70,0,0,7,2,1,0,4,9,0,0,0,2
50,2024-11-13,3,4,30,62,0,0,3,11,0,0,3,4,0,0,2,3
50,2024-11-14,2,1,23,23,0,0,1,9,0,0,2,5,0,0,0,6
50,2024-11-15,3,0,15,6,0,0,3,10,0,0,13,6,0,0,0,4
50,2024-11-16,1,6,28,30,0,0,7,4,0,0,36,14,0,0,0,11
50,2024-11-17,3,6,15,5,0,0,1,5,1,0,46,41,0,0,2,11
50,2024-11-18,1,1,17,58,0,0,4,14,0,0,21,12,0,0,0,19
50,2024-11-19,0,4,28,20,0,0,4,4,0,0,10,11,0,0,0,3
50,2024-11-20,0,1,7,10,0,0,1,7,0,0,14,17,0,0,0,3
50,2024-11-21,1,2,32,35,0,0,1,8,0,0,39,18,0,0,0,2
50,2024-11-22,4,4,46,34,0,0,1,6,0,0,66,40,0,0,0,0
50,2024-11-23,4,19,61,54,0,0,3,16,0,0,53,20,0,0,0,0
50,2024-11-24,5,10,52,33,0,0,2,10,0,0,36,13,0,0,0,1
50,2024-11-25,0,2,2,10,0,0,0,3,0,0,15,14,0,0,0,0
50,2024-11-26,0,0,13,7,0,0,3,0,0,0,8,12,0,0,0,2
50,2024-11-27,0,12,21,29,0,0,1,0,0,0,65,44,0,0,0,1
50,2024-11-28,4,18,69,83,0,0,5,5,0,0,56,15,0,0,0,2
50,2024-11-29,0,0,43,57,0,0,1,19,0,0,7,15,0,0,0,1
50,2024-11-30,1,4,53,53,0,0,1,11,0,0,25,13,0,0,0,0
50,2024-12-01,1,1,26,37,0,0,1,12,0,0,4,3,0,0,0,1
50,2024-12-02,3,9,41,50,0,0,6,5,0,0,42,50,0,0,0,5
50,2024-12-03,5,16,76,99,0,0,8,4,0,0,107,75,0,0,1,10
50,2024-12-04,2,12,60,104,0,0,10,6,0,0,40,17,0,0,2,19
50,2024-12-05,3,4,49,60,0,0,0,6,0,0,22,17,0,0,0,3
50,2024-12-06,0,1,27,61,0,0,1,9,0,0,7,66,0,0,0,9
50,2024-12-07,1,4,34,65,0,0,5,8,0,0,43,60,0,0,1,14
50,2024-12-08,2,6,63,75,0,0,5,0,0,0,95,99,0,0,1,12
50,2024-12-09,5,17,95,123,0,0,12,12,0,0,41,34,0,0,1,7
50,2024-12-10,2,6,56,68,0,0,10,15,0,0,15,10,0,0,0,13
50,2024-12-11,2,0,20,26,0,0,4,5,0,0,11,39,0,0,1,7
50,2024-12-12,3,4,26,11,0,0,7,11,0,1,22,83,0,0,1,22
50,2024-12-13,0,6,9,0,0,0,0,3,0,0,23,70,0,0,1,4
50,2024-12-14,0,0,1,24,0,0,2,0,0,0,12,28,0,0,1,9
50,2024-12-15,0,0,10,143,0,0,0,0,0,0,3,17,0,0,0,3
50,2024-12-16,0,0,8,143,0,0,2,5,0,0,7,35,0,0,0,3
50,2024-12-17,0,1,12,73,0,0,0,8,0,0,14,39,0,0,0,13
50,2024-12-18,0,1,23,82,0,0,1,7,0,0,23,93,0,0,0,17
50,2024-12-19,0,7,45,155,0,0,3,20,0,0,37,75,0,0,1,7
50,2024-12-20,2,14,58,151,0,0,9,17,0,0,24,44,0,0,2,18
50,2024-12-21,3,9,19,108,0,0,5,7,0,0,3,9,0,0,0,4
50,2024-12-22,0,3,10,49,0,0,0,3,0,0,6,38,0,0,0,9
50,2024-12-23,3,9,24,86,0,0,3,18,0,0,15,58,0,0,0,16
50,2024-12-24,3,19,58,87,0,0,7,11,0,0,20,75,0,0,0,6
50,2024-12-25,6,18,50,162,0,0,18,25,0,0,33,59,0,0,1,29
50,2024-12-26,3,11,43,85,0,0,9,22,0,0,24,44,0,0,0,11
50,2024-12-27,2,4,18,79,0,0,1,7,0,0,20,64,0,0,0,8
50,2024-12-28,5,17,13,56,0,0,9,3,0,0,13,82,0,0,1,12
50,2024-12-29,4,18,31,127,0,0,7,7,0,0,38,105,0,0,4,7
50,2024-12-30,18,21,36,156,0,0,16,16,4,0,45,73,0,0,4,27
50,2024-12-31,2,14,19,123,0,0,6,8,0,0,14,49,0,0,3,22
50,2025-01-01,0,5,17,98,0,0,6,15,0,0,15,52,0,0,0,12
50,2025-01-02,0,3,14,107,0,0,6,15,0,0,34,39,0,0,0,22
50,2025-01-03,0,5,23,113,0,0,19,26,0,0,27,105,0,0,1,9
50,2025-01-04,1,13,34,213,0,0,16,33,0,0,34,99,0,0,0,2
50,2025-01-05,2,12,64,285,0,0,21,43,0,0,50,39,0,0,0,4
50,2025-01-06,0,14,37,173,0,0,6,34,0,0,20,50,0,0,0,2
50,2025-01-07,1,3,25,116,0,0,5,11,0,0,33,62,0,0,0,8
50,2025-01-08,0,9,54,80,0,0,18,16,0,0,45,69,0,0,0,8
50,2025-01-09,1,9,40,155,0,0,6,25,0,0,64,114,0,0,1,22
50,2025-01-10,1,13,78,267,0,0,12,51,0,1,101,108,0,0,1,13
50,2025-01-11,0,7,68,304,0,0,4,37,0,0,42,58,0,0,0,5
50,2025-01-12,0,23,28,179,0,0,10,27,0,0,25,56,0,0,0,6
50,2025-01-13,6,9,39,161,0,0,13,41,0,0,50,108,0,0,1,17
50,2025-01-14,7,8,65,132,0,0,10,55,0,0,70,120,0,0,2,23
50,2025-01-15,3,13,143,255,0,0,6,46,0,1,111,145,0,0,3,22
50,2025-01-16,7,15,75,277,0,0,17,35,1,0,70,81,0,0,3,16
50,2025-01-17,1,2,38,165,0,0,11,47,0,0,46,79,0,0,1,13
50,2025-01-18,0,8,55,152,0,0,9,38,0,0,74,88,0,0,4,24
50,2025-01-19,2,7,47,84,0,0,15,89,0,0,62,126,0,0,3,31
50,2025-01-20,4,19,51,70,0,0,15,37,0,1,55,166,0,0,1,23
50,2025-01-21,6,17,87,256,0,0,21,55,0,0,88,117,0,0,5,35
50,2025-01-22,3,6,37,189,0,0,16,58,0,0,77,72,0,0,1,18
50,2025-01-23,7,5,48,98,0,0,15,44,0,0,68,119,0,0,1,16
50,2025-01-24,3,14,70,202,0,0,27,67,0,1,107,121,0,0,4,52
50,2025-01-25,12,16,224,227,0,0,37,74,1,0,99,241,0,0,4,22
50,2025-01-26,9,54,292,420,0,0,39,63,1,3,92,181,0,0,1,12
50,2025-01-27,0,6,162,413,0,0,8,57,0,0,85,109,0,0,0,0
50,2025-01-28,0,10,154,225,0,0,8,34,1,0,59,111,0,0,0,0
50,2025-01-29,0,8,80,165,0,0,24,34,0,1,77,169,0,0,0,0
50,2025-01-30,11,19,110,250,0,0,11,66,0,0,145,468,0,0,0,2
50,2025-01-31,16,67,268,307,0,0,27,105,2,0,208,465,0,0,0,10
50,2025-02-01,6,56,323,448,0,0,30,214,1,3,174,242,0,0,2,13
50,2025-02-02,2,10,194,374,0,0,32,152,5,0,152,202,0,0,1,16
50,2025-02-03,4,11,163,262,0,0,38,70,0,1,204,186,0,0,1,12
50,2025-02-04,2,22,95,193,0,0,27,34,0,1,201,285,0,0,1,20
50,2025-02-05,4,33,114,178,0,0,23,70,1,1,169,261,0,0,1,13
50,2025-02-06,16,51,233,340,0,0,48,81,0,1,156,183,0,0,1,41
50,2025-02-07,7,19,70,333,0,0,35,77,1,3,217,176,0,0,2,40
50,2025-02-08,1,4,108,344,0,0,23,30,0,0,112,250,0,0,0,23
50,2025-02-09,0,13,134,359,0,0,42,45,0,0,152,555,0,0,0,2
50,2025-02-10,8,33,213,338,0,0,46,93,6,2,257,1575,0,0,3,30
50,2025-02-11,28,134,422,597,0,0,53,131,3,3,241,1106,0,0,4,25
50,2025-02-12,13,99,238,615,0,0,55,244,1,2,190,551,0,0,0,20
50,2025-02-13,15,55,181,439,0,0,45,120,4,15,356,424,0,0,2,20
50,2025-02-14,24,94,229,299,0,0,50,194,8,2,295,617,0,0,0,35
50,2025-02-15,41,203,431,493,0,0,107,263,3,3,334,589,0,0,0,34
50,2025-02-16,77,367,914,785,0,0,122,213,6,4,492,669,0,0,0,47
50,2025-02-17,49,239,609,574,0,0,95,174,4,3,413,639,0,0,0,59
50,2025-02-18,12,18,91,148,0,0,24,47,1,10,496,683,0,0,1,29
50,2025-02-19,1,7,28,119,0,0,14,39,1,0,599,840,0,0,1,57
50,2025-02-20,6,16,23,181,0,0,25,81,6,4,434,948,0,0,3,36
50,2025-02-21,19,15,57,70,0,0,17,33,17,23,533,851,0,0,1,43
50,2025-02-22,27,52,75,307,0,0,27,75,4,16,391,626,0,0,0,76
50,2025-02-23,0,1,10,216,0,0,22,48,7,5,245,418,0,0,0,20
50,2025-02-24,0,0,0,1,0,0,0,1,0,0,103,364,0,0,0,3
50,2025-02-25,0,0,4,3,0,0,0,0,0,2,104,523,0,0,0,9
50,2025-02-26,1,13,55,95,0,0,7,4,0,0,304,1095,0,0,0,16
50,2025-02-27,9,22,117,237,0,0,31,44,1,6,417,1235,0,0,2,57
50,2025-02-28,5,23,118,299,0,0,60,68,0,7,298,1061,0,0,6,83
50,2025-03-01,21,35,113,190,0,0,42,95,3,10,560,1268,0,0,1,14
50,2025-03-02,13,37,211,163,0,0,117,204,1,25,625,1399,0,0,1,16
50,2025-03-03,68,168,349,139,0,0,121,226,4,28,770,1857,0,0,0,7
50,2025-03-04,232,450,835,309,0,0,225,467,7,60,1188,1983,0,0,2,15
50,2025-03-05,178,410,1148,506,0,0,408,651,16,56,910,1279,0,0,0,20
50,2025-03-06,89,243,681,218,0,0,188,268,55,69,885,1063,0,0,0,26
50,2025-03-07,39,44,170,18,0,0,9,9,45,91,1730,1389,0,0,4,13
50,2025-03-08,6,36,74,13,0,0,57,10,8,75,1848,2266,0,0,0,6
50,2025-03-09,33,95,147,194,0,0,41,57,16,84,1468,2675,0,0,1,9
50,2025-03-10,59,118,438,371,0,0,124,195,15,85,1088,1588,0,0,0,11
50,2025-03-11,32,81,203,259,0,0,153,385,19,64,1184,1401,0,0,0,18
50,2025-03-12,19,46,139,68,0,0,107,186,12,108,2094,1802,0,0,1,9
50,2025-03-13,34,71,205,40,0,0,163,125,30,113,1666,1645,0,0,2,14
50,2025-03-14,107,182,459,112,0,0,274,266,27,260,2869,2847,0,0,8,13
50,2025-03-15,186,310,779,152,0,0,364,564,50,487,3008,2592,0,0,4,28
50,2025-03-16,86,166,469,208,0,0,263,276,19,248,1573,1817,0,0,12,26
50,2025-03-17,40,70,180,87,0,0,73,12,28,251,1642,1333,0,0,0,12
50,2025-03-18,35,104,157,121,0,0,17,0,11,218,1664,1445,0,0,1,1
50,2025-03-19,22,114,120,201,0,0,1,1,10,129,1762,1758,0,0,0,0
50,2025-03-20,34,215,686,283,0,0,58,84,14,325,1971,1392,0,0,0,2
50,2025-03-21,37,164,701,252,0,0,127,408,11,42,780,579,0,0,0,1
50,2025-03-22,20,160,412,314,0,0,202,547,3,25,494,741,0,0,0,3
50,2025-03-23,17,114,315,273,0,0,422,813,14,51,670,767,0,0,1,0
50,2025-03-24,37,195,564,298,0,0,460,1365,18,130,1162,882,0,0,3,5
50,2025-03-25,183,543,1313,378,0,0,550,1553,72,272,1783,1814,0,0,0,14
50,2025-03-26,196,857,1906,394,0,0,990,1763,61,197,1550,1214,0,0,0,30
50,2025-03-27,121,535,1311,523,0,0,1610,2191,23,173,1392,1004,0,0,4,22
50,2025-03-28,86,295,892,482,0,0,1065,1695,11,150,1401,1269,0,0,1,17
50,2025-03-29,176,391,861,280,0,0,1387,1272,37,349,2174,1580,0,0,7,15
50,2025-03-30,249,500,803,94,0,0,707,372,24,433,3117,2141,0,0,1,13
50,2025-03-31,167,380,645,92,0,0,696,232,28,333,2976,2050,0,0,3,26
50,2025-04-01,72,280,332,175,0,0,161,59,13,195,2147,1281,0,0,0,12
50,2025-04-02,31,102,144,146,0,0,315,110,7,89,1854,1589,0,0,0,22
50,2025-04-03,36,98,201,97,0,0,663,529,4,69,1762,1329,0,0,6,22
50,2025-04-04,68,178,326,134,0,0,731,1613,4,98,2288,1924,0,0,1,10
50,2025-04-05,42,59,229,164,0,0,435,637,10,88,1215,448,0,0,0,10
50,2025-04-06,0,19,41,112,0,0,1,2,0,0,132,133,0,0,0,5
50,2025-04-07,0,4,33,67,0,0,12,7,1,0,141,21,0,0,0,0
50,2025-04-08,11,16,81,48,0,0,191,71,0,8,278,88,0,0,0,2
50,2025-04-09,21,30,111,82,0,0,150,143,0,1,350,151,0,0,0,2
50,2025-04-10,62,239,171,33,0,0,965,1241,0,20,465,315,0,0,0,8
50,2025-04-11,27,40,64,28,0,0,858,2948,3,39,407,118,0,0,0,8
50,2025-04-12,9,17,11,6,0,0,157,49,0,4,71,19,0,0,0,2
50,2025-04-13,1,4,3,17,0,0,0,0,0,3,37,61,0,0,0,0
50,2025-04-14,0,0,0,4,0,0,4,0,0,0,10,88,0,0,0,4
50,2025-04-15,0,4,17,64,0,0,5,11,0,0,37,58,0,0,0,4
50,2025-04-16,0,15,5,44,0,0,51,23,0,0,28,90,0,0,0,13
50,2025-04-17,0,13,23,69,0,0,85,165,0,1,49,138,0,0,0,8
50,2025-04-18,0,6,24,30,0,0,233,266,5,1,107,236,0,0,1,10
50,2025-04-19,4,34,71,72,0,0,485,431,0,2,315,346,0,0,1,14
50,2025-04-20,11,36,74,128,0,0,558,381,1,7,307,509,0,0,1,8
50,2025-04-21,36,55,113,167,0,0,730,633,0,16,286,243,0,0,4,12
50,2025-04-22,18,50,131,75,0,0,57,65,0,6,299,317,0,0,1,7
50,2025-04-23,29,85,120,145,0,0,222,269,1,1,536,434,0,0,5,9
50,2025-04-24,23,60,120,54,0,0,770,922,0,12,527,568,0,0,2,21
50,2025-04-25,57,114,131,139,0,0,1381,1635,0,22,505,588,0,0,7,31
50,2025-04-26,75,121,195,148,0,0,1118,2327,1,18,452,378,0,0,2,66
50,2025-04-27,6,34,28,33,0,0,158,572,1,0,182,247,0,0,1,58
50,2025-04-28,0,1,36,31,0,0,179,262,0,0,130,164,0,0,2,53
50,2025-04-29,0,0,0,4,0,0,0,9,0,0,2,31,0,0,0,1
50,2025-04-30,0,0,16,32,0,0,9,21,0,0,1,24,0,0,0,0
50,2025-05-01,0,1,73,60,0,0,1,34,0,0,8,20,0,0,0,0
50,2025-05-02,1,5,20,40,0,0,51,103,0,0,6,5,0,0,0,0
50,2025-05-03,0,13,16,18,0,0,10,30,0,0,9,3,0,0,0,0
50,2025-05-04,0,14,21,12,0,0,23,67,0,0,9,38,0,0,0,5
50,2025-05-05,21,54,93,31,0,0,102,200,0,0,55,184,0,0,1,27
50,2025-05-06,29,49,148,41,0,0,228,769,0,1,132,260,0,0,2,70
50,2025-05-07,33,44,123,51,0,0,312,1028,1,0,106,166,0,0,6,139
50,2025-05-08,4,15,12,13,0,0,7,24,0,0,11,35,0,0,0,29
50,2025-05-09,4,14,34,27,0,0,84,310,2,2,42,51,0,0,5,59
50,2025-05-10,0,5,20,0,0,0,42,76,0,0,17,79,0,0,5,96
50,2025-05-11,3,7,17,5,0,0,3,0,0,0,14,88,0,0,0,47
50,2025-05-12,9,12,26,9,0,0,3,12,0,1,5,22,0,0,2,19
50,2025-05-13,0,1,1,1,0,0,0,38,0,0,11,18,0,0,0,0
50,2025-05-14,0,0,2,2,0,0,13,16,0,0,0,9,0,0,3,3
50,2025-05-15,0,0,0,0,0,0,0,0,0,0,0,0,0,0,0,28
50,2025-05-16,0,0,2,0,0,0,1,0,0,0,2,7,0,0,0,26
50,2025-05-17,0,2,15,13,0,0,2,1,0,0,1,8,0,0,0,6
50,2025-05-18,0,1,2,7,0,0,1,4,0,0,0,4,0,0,0,4
50,2025-05-19,0,0,1,11,0,0,0,1,0,0,0,2,0,0,2,7
50,2025-05-20,4,7,3,2,0,0,0,8,0,0,2,8,0,0,1,23
50,2025-05-21,1,1,0,0,0,0,0,4,0,0,1,5,0,0,0,7
50,2025-05-22,5,8,20,7,0,0,2,9,0,0,3,19,0,0,0,46
50,2025-05-23,0,2,13,12,0,0,3,2,0,0,3,3,0,0,1,31
50,2025-05-24,0,0,0,0,0,0,0,0,0,0,0,1,0,0,0,0
50,2025-05-25,0,0,0,4,0,0,0,0,0,0,0,2,0,0,0,0
50,2025-05-26,0,0,0,1,0,0,0,0,0,0,0,0,0,0,0,0
50,2025-05-27,0,0,0,0,0,0,0,0,0,0,0,0,0,0,0,0
50,2025-05-28,0,0,0,2,0,0,1,0,0,0,0,0,0,0,0,0
50,2025-05-29,0,0,0,0,0,0,0,4,0,0,0,0,0,0,0,0
50,2025-05-30,0,0,1,2,0,0,0,2,0,0,0,0,0,0,0,0
50,2025-05-31,0,0,0,0,0,0,0,0,0,0,0,0,0,0,0,0
50,2025-06-01,0,0,0,1,0,0,0,2,0,0,0,0,0,0,0,0
50,2025-06-02,0,1,2,4,0,0,5,13,0,0,2,0,0,0,0,0
50,2025-06-03,0,0,0,0,0,0,0,9,0,0,0,0,0,0,0,0
50,2025-06-04,1,2,1,7,0,0,0,5,0,0,1,5,0,0,0,4
50,2025-06-05,2,3,3,0,0,0,2,0,0,0,0,6,0,0,0,8
50,2025-06-06,0,3,1,3,0,0,5,2,0,0,1,7,0,0,0,40
50,2025-06-07,2,9,9,10,0,0,12,13,0,0,1,26,0,0,0,72
50,2025-06-08,0,2,12,10,0,0,12,2,0,0,0,4,0,0,0,70
50,2025-06-09,0,4,1,7,0,0,0,0,0,0,0,1,0,0,0,3
50,2025-06-10,0,0,0,0,0,0,0,0,0,0,0,0,0,0,0,0
50,2025-06-11,0,0,0,0,0,0,0,0,0,0,0,0,0,0,0,0
50,2025-06-12,0,0,0,0,0,0,0,0,0,0,0,4,0,0,0,14
50,2025-06-13,1,0,0,0,0,0,1,1,0,0,0,1,0,0,0,46
50,2025-06-14,0,0,0,0,0,0,0,1,0,0,2,0,0,0,0,12
50,2025-06-15,0,0,1,0,0,0,1,1,0,0,0,2,0,0,0,7
50,2025-06-16,0,0,0,3,0,0,0,0,0,0,0,0,0,0,0,0
50,2025-06-17,0,0,0,0,0,0,4,1,0,0,0,1,0,0,0,0
50,2025-06-18,0,0,4,17,0,0,1,0,0,0,0,0,0,0,0,0
50,2025-06-19,0,0,0,1,0,0,0,0,0,0,0,1,0,0,0,0
50,2025-06-20,1,1,0,0,0,0,0,0,0,0,2,0,0,0,0,1
50,2025-06-21,0,0,0,0,0,0,0,0,0,0,0,1,0,0,0,0
50,2025-06-22,0,0,0,0,0,0,0,0,0,0,0,0,0,0,0,0
50,2025-06-23,0,0,0,3,0,0,0,0,0,0,0,0,0,0,0,0
50,2025-06-24,0,0,1,11,0,0,0,0,0,0,0,0,0,0,0,0
50,2025-06-25,0,1,0,6,0,0,0,0,0,0,0,0,0,0,0,0
50,2025-06-26,1,0,3,0,0,0,0,0,0,0,0,0,0,0,0,0
50,2025-06-27,0,0,0,0,0,0,0,0,0,0,0,1,0,0,0,1
50,2025-06-28,0,0,0,0,0,0,0,0,0,0,0,0,0,0,0,0
50,2025-06-29,0,0,0,1,0,0,0,0,0,0,0,1,0,0,0,0
50,2025-06-30,0,0,0,0,0,0,0,0,0,0,0,0,0,0,0,0
50,2025-07-01,0,0,2,0,0,0,0,0,0,0,0,0,0,0,0,0
50,2025-07-02,0,0,0,0,0,0,0,0,0,0,0,0,0,0,0,0
50,2025-07-03,0,0,0,0,0,0,1,0,0,0,0,0,0,0,0,0
50,2025-07-04,0,0,0,2,0,0,0,0,0,0,0,0,0,0,0,0
50,2025-07-05,0,0,0,2,0,0,0,0,0,0,0,0,0,0,0,0
50,2025-07-06,0,0,0,0,0,0,0,0,0,0,0,0,0,0,0,0
50,2025-07-07,0,0,0,0,0,0,0,0,0,0,0,0,0,0,0,0
50,2025-07-08,0,0,0,1,0,0,0,0,0,0,0,0,0,0,0,0
50,2025-07-09,0,0,0,0,0,0,0,0,0,0,0,0,0,0,0,0
50,2025-07-10,0,0,0,0,0,0,0,0,0,0,0,0,0,0,0,2
50,2025-07-11,0,0,0,0,0,0,0,0,0,0,0,0,0,0,0,0
50,2025-07-12,0,0,1,3,0,0,0,0,0,0,0,0,0,0,0,1
50,2025-07-13,0,0,0,0,0,0,0,0,0,0,0,1,0,0,0,3
50,2025-07-14,0,0,3,5,0,0,0,0,0,0,0,3,0,0,0,0
50,2025-07-15,1,1,26,1,0,0,0,0,0,0,0,0,0,0,0,4
50,2025-07-16,0,0,0,1,0,0,0,0,0,0,0,0,0,0,0,0
50,2025-07-17,0,0,0,0,0,0,0,0,0,0,0,0,0,0,0,0
50,2025-07-18,0,0,0,1,0,0,1,0,0,0,0,0,0,0,0,0
50,2025-07-19,0,0,0,0,0,0,0,0,0,0,0,1,0,0,0,0
50,2025-07-20,0,0,4,4,0,0,0,0,0,0,0,2,0,0,0,5
50,2025-07-21,0,0,0,0,0,0,0,0,0,0,0,0,0,0,0,0
50,2025-07-22,0,0,0,0,0,0,0,0,0,0,0,0,0,0,0,0
50,2025-07-23,0,0,0,0,0,0,0,0,0,0,0,0,0,0,0,0
50,2025-07-24,0,0,0,0,0,0,0,0,0,0,0,0,0,0,0,0
50,2025-07-25,0,0,0,1,0,0,0,0,0,0,0,0,0,0,0,0
50,2025-07-26,0,0,0,0,0,0,0,0,0,0,0,0,0,0,0,0
50,2025-07-27,0,0,0,0,0,0,0,0,0,0,0,0,0,0,0,0
50,2025-07-28,0,0,0,1,0,0,0,0,0,0,0,0,0,0,0,0
50,2025-07-29,0,0,0,0,0,0,0,0,0,0,0,0,0,0,0,1
50,2025-07-30,0,0,3,4,0,0,0,0,0,0,0,1,0,0,0,10
50,2025-07-31,1,1,14,13,0,0,0,0,0,0,1,2,0,0,0,0
50,2025-08-01,0,0,0,4,0,0,0,0,0,0,0,1,0,0,0,1
50,2025-08-02,0,0,1,18,0,0,0,0,0,0,0,0,0,0,0,2
50,2025-08-03,0,0,0,5,0,0,0,0,0,0,0,1,0,0,0,0
50,2025-08-04,4,0,11,21,0,0,0,0,0,0,0,2,0,0,0,0
50,2025-08-05,0,0,26,84,0,0,2,0,0,0,0,0,0,0,0,0
50,2025-08-06,0,0,1,0,0,0,0,0,0,0,0,0,0,0,0,0
50,2025-08-07,0,0,8,4,0,0,0,0,0,0,0,0,0,0,0,0
50,2025-08-08,0,0,2,17,0,0,0,0,0,0,0,1,0,0,0,0
50,2025-08-09,0,0,18,71,0,0,0,0,0,0,0,1,0,0,0,0
50,2025-08-10,0,0,66,109,0,0,1,0,0,0,1,2,0,0,0,0
50,2025-08-11,0,0,14,19,0,0,0,0,0,0,0,1,0,0,0,0
50,2025-08-12,0,0,12,9,0,0,0,0,0,0,0,2,0,0,0,0
50,2025-08-13,0,0,0,0,0,0,0,0,0,0,0,0,0,0,0,1
50,2025-08-14,0,0,7,14,0,0,0,0,0,0,0,2,0,0,0,0
50,2025-08-15,0,0,0,4,0,0,0,0,0,0,0,3,0,0,0,1
50,2025-08-16,0,0,1,0,0,0,0,0,0,0,0,0,0,0,0,0
50,2025-08-17,0,0,0,0,0,0,0,0,0,0,1,0,0,0,0,0
50,2025-08-18,0,0,0,3,0,0,0,1,0,0,0,1,0,0,0,5
50,2025-08-19,0,0,1,3,0,0,1,0,0,0,1,0,0,0,0,1
50,2025-08-20,0,0,10,22,0,0,0,0,0,0,0,0,0,0,0,0
50,2025-08-21,0,1,19,13,0,0,0,0,0,0,0,7,0,0,0,0
50,2025-08-22,0,0,0,0,0,0,0,0,0,0,0,1,0,0,0,0
50,2025-08-23,0,0,0,0,0,0,0,0,0,0,0,0,0,0,0,0
50,2025-08-24,0,0,0,0,0,0,0,0,0,0,0,0,0,0,0,1
50,2025-08-25,0,0,1,2,0,0,0,0,0,0,0,3,0,0,0,2
50,2025-08-26,0,1,0,0,0,0,0,0,0,0,0,3,0,0,0,0
50,2025-08-27,0,0,0,1,0,0,0,0,0,0,0,1,0,0,0,1
50,2025-08-28,0,0,0,1,0,0,0,0,0,0,0,0,0,0,0,1
50,2025-08-29,0,0,2,22,0,0,0,0,0,0,0,0,0,0,0,1
50,2025-08-30,0,0,0,0,0,0,0,0,0,0,0,0,0,0,0,0
50,2025-08-31,0,0,0,5,0,0,0,0,0,0,0,6,0,0,0,1
50,2025-09-01,0,0,0,52,0,0,0,0,0,0,0,4,0,0,0,4
50,2025-09-02,0,0,0,0,0,0,0,0,0,0,0,0,0,0,0,4
50,2025-09-03,0,0,1,1,0,0,0,1,0,0,0,0,0,0,0,7
50,2025-09-04,0,0,2,0,0,0,0,0,0,0,0,0,0,0,0,8
50,2025-09-05,0,0,0,0,0,0,1,0,0,0,0,3,0,0,0,1
50,2025-09-06,0,0,1,3,0,0,0,0,0,0,2,3,0,0,0,1
50,2025-09-07,0,0,2,0,0,0,0,0,0,0,1,6,0,0,0,2
50,2025-09-08,1,0,1,3,0,0,0,0,0,0,2,3,0,0,0,2
50,2025-09-09,0,0,0,0,0,0,0,0,0,0,0,0,0,0,0,0
50,2025-09-10,0,2,0,0,0,0,0,0,0,0,0,1,0,0,0,0
50,2025-09-11,0,0,3,7,0,0,0,0,0,0,0,1,0,0,0,1
50,2025-09-12,0,0,1,41,0,0,0,0,0,0,0,0,0,0,0,0
50,2025-09-13,0,0,4,9,0,0,0,0,0,0,0,0,0,0,0,0
50,2025-09-14,0,0,1,0,0,0,0,0,0,0,0,0,0,0,0,0
50,2025-09-15,0,0,0,0,0,0,0,0,0,0,0,0,0,0,0,0
50,2025-09-16,0,0,1,5,0,0,0,0,0,0,0,0,0,0,0,1
50,2025-09-17,0,1,3,9,0,0,2,0,0,0,3,4,0,0,0,1
50,2025-09-18,0,0,0,0,0,0,0,0,0,0,0,3,0,0,0,0
50,2025-09-19,0,0,0,1,0,0,0,0,0,0,0,2,0,0,0,1
50,2025-09-20,0,0,0,0,0,0,1,3,0,0,0,1,0,0,0,0
50,2025-09-21,0,0,1,0,0,0,0,1,0,0,0,5,0,0,0,2
50,2025-09-22,0,0,0,1,0,0,1,0,0,0,2,3,0,0,0,11
50,2025-09-23,0,0,0,1,0,0,0,2,0,0,1,1,0,0,0,1
50,2025-09-24,0,0,0,2,0,0,0,0,0,0,0,2,0,0,0,0
50,2025-09-25,0,0,0,1,0,0,0,7,0,0,1,6,0,0,0,0
50,2025-09-26,0,0,0,0,0,0,0,0,0,0,0,1,0,0,0,0
50,2025-09-27,0,0,0,0,0,0,0,0,0,0,0,0,0,0,0,2
50,2025-09-28,0,0,2,1,0,0,0,2,0,0,2,9,0,0,0,3
50,2025-09-29,0,0,0,1,0,0,0,0,0,0,1,3,0,0,0,1
50,2025-09-30,0,0,0,0,0,0,0,0,0,0,0,0,0,0,0,0
50,2025-10-01,0,0,0,0,0,0,0,0,0,0,0,0,0,0,0,0
50,2025-10-02,0,0,1,8,0,0,0,0,0,0,1,1,0,0,0,0
50,2025-10-03,0,0,2,2,0,0,0,1,0,0,3,3,0,0,0,1
50,2025-10-04,0,0,0,6,0,0,0,0,0,0,1,0,0,0,0,4
50,2025-10-05,0,0,2,7,0,0,0,0,0,0,0,6,0,0,0,3
50,2025-10-06,0,0,0,0,0,0,2,0,0,0,2,2,0,0,0,7
50,2025-10-07,0,0,0,2,0,0,0,0,0,0,1,1,0,0,0,0
50,2025-10-08,0,0,0,12,0,0,1,0,0,0,2,0,0,0,0,1
50,2025-10-09,0,2,3,3,0,0,0,1,0,0,2,0,0,0,0,0
50,2025-10-10,1,0,2,3,0,0,1,6,0,0,0,3,0,0,0,1
50,2025-10-11,0,1,0,4,0,0,0,1,0,0,2,4,0,0,2,4
50,2025-10-12,0,0,0,0,0,0,0,2,0,0,2,3,0,0,0,5
50,2025-10-13,0,0,8,0,0,0,2,2,0,0,3,2,0,0,0,4
50,2025-10-14,0,1,2,0,0,0,0,1,0,0,10,5,0,0,0,3
50,2025-10-15,0,0,0,0,0,0,0,0,0,0,0,2,0,0,0,0
50,2025-10-16,0,0,0,2,0,0,0,0,0,0,0,0,0,0,0,0
50,2025-10-17,0,0,0,0,0,0,0,0,0,0,0,0,0,0,0,0
50,2025-10-18,0,0,2,5,0,0,2,0,0,0,0,3,0,0,0,2
50,2025-10-19,0,1,4,11,0,0,0,1,0,0,6,6,0,0,0,2
50,2025-10-20,1,2,8,6,0,0,3,2,0,0,5,3,0,0,2,2
50,2025-10-21,1,0,1,5,0,0,0,3,0,0,0,4,0,0,0,4
50,2025-10-22,0,0,2,2,0,0,0,1,0,0,4,5,0,0,0,2
50,2025-10-23,0,1,5,0,0,0,0,0,0,0,10,15,0,0,0,5
50,2025-10-24,1,0,3,1,0,0,0,0,0,0,12,32,0,0,0,2
50,2025-10-25,1,2,7,5,0,0,1,0,0,0,5,12,0,0,0,8
50,2025-10-26,1,7,2,4,0,0,1,2,0,0,8,7,0,0,0,3
50,2025-10-27,1,0,3,0,0,0,1,6,0,0,4,10,0,0,2,1
50,2025-10-28,0,3,2,5,0,0,2,0,0,0,12,12,0,0,0,4
50,2025-10-29,4,6,20,9,0,0,3,0,0,0,24,27,0,0,0,6
50,2025-10-30,8,3,8,0,0,0,5,0,0,0,44,20,0,0,2,8
50,2025-10-31,0,1,4,1,0,0,0,1,0,0,8,5,0,0,0,5
50,2025-11-01,0,0,0,0,0,0,0,0,0,0,0,0,0,0,0,0
50,2025-11-02,0,0,0,2,0,0,0,0,0,0,0,1,0,0,0,0
50,2025-11-03,0,0,0,0,0,0,0,0,0,0,0,0,0,0,0,0
50,2025-11-04,0,0,0,0,0,0,0,0,0,0,0,0,0,0,0,0
50,2025-11-05,0,0,0,0,0,0,0,0,0,0,0,2,0,0,0,0
50,2025-11-06,0,0,0,0,0,0,0,1,0,0,0,1,0,0,0,0
50,2025-11-07,0,0,0,0,0,0,0,0,0,0,0,2,0,0,0,3
50,2025-11-08,0,0,0,0,0,0,0,0,0,0,0,2,0,0,0,0
50,2025-11-09,0,0,0,1,0,0,0,0,0,0,1,7,0,0,0,0
50,2025-11-10,0,0,0,3,0,0,0,1,0,0,1,7,0,0,0,1
50,2025-11-11,0,0,0,1,0,0,0,0,0,0,0,3,0,0,0,1
50,2025-11-12,0,0,0,0,0,0,0,0,0,0,0,1,0,0,0,0
50,2025-11-13,0,2,2,3,0,0,0,1,0,0,6,28,0,0,0,6
50,2025-11-14,1,2,7,7,0,0,0,2,0,0,12,34,0,0,0,4
50,2025-11-15,0,7,17,19,0,0,2,6,0,0,17,31,0,0,0,9
50,2025-11-16,8,10,14,13,0,0,2,2,0,0,6,16,0,0,5,16
50,2025-11-17,0,0,0,0,0,0,0,0,0,0,0,9,0,0,0,0
50,2025-11-18,0,0,0,0,0,0,0,0,0,0,0,7,0,0,0,0
50,2025-11-19,0,0,0,1,0,0,0,0,0,0,5,13,0,0,0,0
50,2025-11-20,0,0,6,4,0,0,0,0,0,0,35,41,0,0,0,3
50,2025-11-21,0,2,2,13,0,0,0,12,0,0,28,19,0,0,0,1
50,2025-11-22,0,0,13,18,0,0,2,7,0,0,15,21,0,0,0,4
50,2025-11-23,0,0,9,20,0,0,0,8,0,0,36,29,0,0,0,6
50,2025-11-24,0,5,30,8,0,0,1,4,0,0,43,42,0,0,0,1
50,2025-11-25,4,4,23,3,0,0,5,9,0,0,78,90,0,0,1,10
50,2025-11-26,8,9,50,36,0,0,8,10,0,0,48,54,0,0,1,20
50,2025-11-27,8,7,53,39,0,0,9,34,0,0,38,44,0,0,1,8
50,2025-11-28,1,2,32,24,0,0,1,13,0,0,28,47,0,0,1,6
50,2025-11-29,3,16,82,43,0,0,2,12,0,0,78,65,0,0,1,20
50,2025-11-30,5,21,84,66,0,0,14,15,0,0,80,107,0,0,0,14
50,2025-12-01,1,0,5,5,0,0,0,1,0,0,10,38,0,0,1,11
50,2025-12-02,1,16,62,60,0,0,7,15,0,0,31,57,0,0,5,13
50,2025-12-03,2,5,32,42,0,0,7,7,0,0,25,46,0,0,0,1
50,2025-12-04,1,8,39,9,0,0,3,9,0,1,27,63,0,0,2,4
50,2025-12-05,3,5,34,6,0,0,2,7,0,0,52,107,0,0,2,9
50,2025-12-06,9,18,72,45,0,0,3,14,0,0,74,114,0,0,1,17
50,2025-12-07,4,8,89,93,0,0,5,14,0,1,40,50,0,0,1,21
50,2025-12-08,0,8,37,33,0,0,4,9,0,0,27,49,0,0,0,11
50,2025-12-09,3,5,21,22,0,0,0,14,0,0,16,58,0,0,0,16
50,2025-12-10,0,16,67,41,0,0,6,18,0,0,56,73,0,0,0,20
50,2025-12-11,0,5,4,3,0,0,0,0,0,0,62,99,0,0,2,22
50,2025-12-12,0,0,2,5,0,0,0,1,0,0,42,90,0,0,2,18
50,2025-12-13,3,1,0,13,0,0,1,2,0,0,35,41,0,0,0,10
50,2025-12-14,1,0,0,9,0,0,0,1,0,0,13,37,0,0,2,9
50,2025-12-15,1,4,17,36,0,0,2,2,0,0,21,91,0,0,2,12
50,2025-12-16,5,7,34,66,0,0,4,5,0,0,60,141,0,0,0,13
50,2025-12-17,5,10,59,93,0,0,6,6,0,1,62,109,0,0,1,11
50,2025-12-18,5,6,19,90,0,0,0,8,1,0,31,41,0,0,5,8
50,2025-12-19,2,2,17,80,0,0,0,5,0,0,32,48,0,0,0,7
50,2025-12-20,8,6,16,57,0,0,0,13,1,0,14,94,0,0,2,3
50,2025-12-21,5,7,26,49,0,0,7,7,0,0,23,84,0,0,1,10
50,2025-12-22,9,16,44,81,0,0,5,18,0,0,70,132,0,0,0,14
50,2025-12-23,4,6,39,85,0,0,13,12,0,0,37,64,0,0,4,9
50,2025-12-24,4,2,22,77,0,0,3,10,0,0,32,72,0,0,2,13
50,2025-12-25,3,7,13,45,0,0,0,9,0,0,10,65,0,0,0,1
50,2025-12-26,13,18,29,100,0,0,4,19,0,1,34,120,0,0,1,21
50,2025-12-27,22,35,40,82,0,0,5,18,0,1,69,188,0,0,1,30
50,2025-12-28,26,47,71,147,0,0,13,20,0,0,56,116,0,0,3,27
50,2025-12-29,47,21,27,107,0,0,3,17,0,0,26,77,0,0,0,35
50,2025-12-30,9,10,8,33,0,0,0,2,0,0,13,78,0,0,0,6
50,2025-12-31,38,36,43,34,0,0,1,14,0,0,43,127,0,0,0,17
51,2021-04-27,1,1,0,4,0,0,0,6,0,0,13,149,0,0,0,2
51,2021-04-28,0,0,0,1,0,0,1,25,0,0,13,171,0,0,0,1
51,2021-04-29,0,0,0,0,0,0,11,2,0,0,14,152,0,0,0,0
51,2021-04-30,0,0,2,0,0,0,0,6,0,0,41,88,0,0,0,2
51,2021-05-01,11,4,16,20,0,0,15,78,0,0,18,28,0,0,0,1
51,2021-05-02,12,5,12,12,0,0,1,12,0,0,45,101,0,0,0,1
51,2021-05-03,43,12,61,16,0,0,24,42,0,0,40,183,0,0,0,9
51,2021-05-04,100,38,110,7,0,0,67,178,0,0,69,317,0,0,0,15
51,2021-05-05,26,28,167,6,0,0,45,241,0,1,84,438,0,0,0,2
51,2021-05-06,6,8,10,0,0,0,6,10,0,1,46,139,0,0,0,3
51,2021-05-07,8,6,22,15,0,0,14,68,0,0,27,329,0,0,0,6
51,2021-05-08,0,1,31,5,0,0,13,49,0,0,20,183,0,0,0,3
51,2021-05-09,0,3,13,9,0,0,24,48,0,0,10,132,0,0,0,14
51,2021-05-10,5,3,30,27,0,0,31,96,0,0,34,153,0,0,0,3
51,2021-05-11,9,10,106,23,0,0,38,100,0,0,74,165,0,0,0,1
51,2021-05-12,4,2,117,65,0,0,45,99,0,0,10,59,0,0,0,7
51,2021-05-13,5,5,45,24,0,0,7,6,0,0,15,88,0,0,0,4
51,2021-05-14,8,0,37,18,0,0,7,18,0,0,7,44,0,0,0,3
51,2021-05-15,9,3,34,3,0,0,14,31,0,0,14,94,0,0,0,15
51,2021-05-16,10,8,65,16,0,0,14,116,0,2,35,181,0,0,0,11
51,2021-05-17,6,15,116,26,0,0,14,147,0,0,27,87,0,0,0,13
51,2021-05-18,0,1,3,7,0,0,1,50,0,0,36,43,0,0,0,2
51,2021-05-19,1,2,8,2,0,0,5,6,0,0,2,3,0,0,0,1
51,2021-05-20,0,3,8,7,0,0,0,17,0,0,20,86,0,0,0,1
51,2021-05-21,1,1,6,4,0,0,5,26,0,0,19,35,0,0,0,7
51,2021-05-22,28,3,64,39,0,0,11,33,0,0,24,32,0,0,0,17
51,2021-05-23,3,1,12,25,0,0,3,55,0,0,11,16,0,0,0,4
51,2021-05-24,1,7,18,3,0,0,3,1,0,0,0,6,0,0,0,0
51,2021-05-25,2,3,4,1,0,0,0,0,0,0,0,1,0,0,0,0
51,2021-05-26,0,0,3,0,0,0,0,0,0,0,0,4,0,0,0,0
51,2021-05-27,3,1,23,8,0,0,4,7,0,0,13,16,0,0,0,1
51,2021-05-28,0,0,1,6,0,0,2,0,0,0,1,3,0,0,0,0
51,2021-05-29,0,0,3,12,0,0,1,0,0,0,0,6,0,0,0,0
51,2021-05-30,0,0,3,7,0,0,0,6,0,0,1,0,0,0,0,0
51,2021-05-31,1,0,2,8,0,0,0,3,0,0,0,5,0,0,0,2
51,2021-06-01,0,2,10,12,0,0,2,10,0,0,6,12,0,0,0,0
51,2021-06-02,2,8,52,32,0,0,14,15,0,0,2,0,0,0,0,0
51,2021-06-03,2,1,2,15,0,0,5,6,0,0,5,3,0,0,0,1
51,2021-06-04,0,0,5,8,0,0,0,0,0,0,0,6,0,0,0,6
51,2021-06-05,0,0,0,2,0,0,0,2,0,0,0,0,0,0,0,5
51,2021-06-06,0,0,7,2,0,0,1,2,0,0,1,4,0,0,0,5
51,2021-06-07,0,0,1,1,0,0,0,4,0,0,0,4,0,0,0,0
51,2021-06-08,0,0,0,1,0,0,0,0,0,0,0,1,0,0,0,0
51,2021-06-09,0,0,0,0,0,0,0,0,0,0,0,0,0,0,0,0
51,2021-06-10,0,0,0,0,0,0,0,0,0,0,0,0,0,0,0,0
51,2021-06-11,0,0,1,0,0,0,0,0,0,0,0,0,0,0,0,0
51,2021-06-12,0,0,0,0,0,0,0,0,0,0,0,2,0,0,0,0
51,2021-06-13,0,0,0,0,0,0,0,0,0,0,0,3,0,0,0,0
51,2021-06-14,0,0,0,3,0,0,0,0,0,0,0,0,0,0,0,0
51,2021-06-15,0,0,0,0,0,0,0,0,0,0,0,0,0,0,0,0
51,2021-06-16,0,0,0,2,0,0,0,0,0,0,0,0,0,0,0,0
51,2021-06-17,0,0,0,6,0,0,1,0,0,0,0,2,0,0,0,0
51,2021-06-18,0,0,19,40,0,0,3,5,0,0,1,1,0,0,0,0
51,2021-06-19,0,0,0,15,0,0,0,2,0,0,0,1,0,0,0,3
51,2021-06-20,0,0,9,23,0,0,3,6,0,0,0,0,0,0,0,0
51,2021-06-21,0,0,2,11,0,0,5,3,0,0,0,0,0,0,0,0
51,2021-06-22,0,0,1,6,0,0,1,0,0,0,0,3,0,0,0,6
51,2021-06-23,0,0,3,7,0,0,0,1,0,0,0,2,0,0,0,2
51,2021-06-24,0,0,0,2,0,0,0,2,0,0,0,0,0,0,0,0
51,2021-06-25,0,1,4,3,0,0,0,0,0,0,1,0,0,0,0,0
51,2021-06-26,0,0,0,2,0,0,0,0,0,0,0,1,0,0,0,0
51,2021-06-27,0,0,2,5,0,0,0,0,0,0,0,0,0,0,0,0
51,2021-06-28,0,0,0,0,0,0,0,0,0,0,0,0,0,0,0,0
51,2021-06-29,0,0,0,4,0,0,0,0,0,0,0,0,0,0,0,0
51,2021-06-30,0,0,0,4,0,0,0,0,0,0,0,0,0,0,0,0
51,2021-07-01,0,0,3,10,0,0,0,0,0,0,0,1,0,0,0,0
51,2021-07-02,0,0,3,9,0,0,0,0,0,0,0,0,0,0,0,0
51,2021-07-03,0,0,6,28,0,0,0,0,0,0,2,0,0,0,0,1
51,2021-07-04,2,2,32,68,0,0,2,3,0,0,0,0,0,0,0,0
51,2021-07-05,0,0,1,8,0,0,0,0,0,0,0,1,0,0,0,0
51,2021-07-06,0,0,0,0,0,0,0,0,0,0,0,0,0,0,0,0
51,2021-07-07,0,0,0,1,0,0,0,0,0,0,0,0,0,0,0,1
51,2021-07-08,0,0,0,0,0,0,0,0,0,0,0,2,0,0,0,0
51,2021-07-09,1,0,0,3,0,0,0,0,0,0,0,0,0,0,0,1
51,2021-07-10,0,0,0,0,0,0,0,0,0,0,2,0,0,0,0,0
51,2021-07-11,0,0,0,6,0,0,0,0,0,0,0,1,0,0,0,2
51,2021-07-12,0,0,2,4,0,0,0,0,0,0,0,0,0,0,0,1
51,2021-07-13,0,0,7,8,0,0,0,3,0,0,0,0,0,0,0,5
51,2021-07-14,0,1,18,1,0,0,0,1,0,0,1,7,0,0,0,9
51,2021-07-15,0,0,0,0,0,0,0,0,0,0,0,1,0,0,0,1
51,2021-07-16,0,0,4,0,0,0,0,0,0,0,1,0,0,0,0,0
51,2021-07-17,0,0,9,16,0,0,0,0,0,0,0,0,0,0,0,0
51,2021-07-18,0,0,0,0,0,0,0,0,0,0,0,0,0,0,0,0
51,2021-07-19,0,0,0,0,0,0,0,1,0,0,1,0,0,0,0,0
51,2021-07-20,0,0,0,3,0,0,0,0,0,0,0,0,0,0,0,0
51,2021-07-21,0,0,0,0,0,0,0,0,0,0,1,0,0,0,0,0
51,2021-07-22,0,0,0,1,0,0,0,0,0,0,0,0,0,0,0,0
51,2021-07-23,0,0,0,0,0,0,0,0,0,0,0,0,0,0,0,1
51,2021-07-24,0,0,0,0,0,0,0,0,0,0,0,0,0,0,0,0
51,2021-07-25,0,0,0,0,0,0,0,0,0,0,0,0,0,0,0,0
51,2021-07-26,0,0,0,4,0,0,0,0,0,0,0,0,0,0,0,0
51,2021-07-27,0,0,0,8,0,0,0,0,0,0,0,2,0,0,0,0
51,2021-07-28,0,0,0,4,0,0,0,0,0,0,0,0,0,0,0,0
51,2021-07-29,0,0,1,1,0,0,1,0,0,0,0,0,0,0,0,0
51,2021-07-30,0,0,40,4,0,0,0,0,0,0,0,0,0,0,0,0
51,2021-07-31,0,0,12,10,0,0,0,0,0,0,0,0,0,0,0,0
51,2021-08-01,0,0,0,1,0,0,0,0,0,0,0,0,0,0,0,0
51,2021-08-02,0,0,0,1,0,0,2,0,0,0,0,0,0,0,0,0
51,2021-08-03,0,0,0,0,0,0,0,0,0,0,0,0,0,0,0,0
51,2021-08-04,0,0,0,0,0,0,0,0,0,0,0,0,0,0,0,0
51,2021-08-05,0,0,27,21,0,0,1,1,0,0,0,0,0,0,0,0
51,2021-08-06,0,0,0,3,0,0,0,0,0,0,0,5,0,0,0,0
51,2021-08-07,0,0,3,15,0,0,0,0,0,0,0,0,0,0,0,0
51,2021-08-08,0,0,0,16,0,0,3,0,0,0,0,0,0,0,0,0
51,2021-08-09,0,0,38,19,0,0,0,0,0,0,1,0,0,0,0,0
51,2021-08-10,0,0,12,19,0,0,0,0,0,0,0,2,0,0,0,0
51,2021-08-11,0,0,0,0,0,0,0,0,0,0,0,0,0,0,0,0
51,2021-08-12,0,0,7,7,0,0,0,0,0,0,0,0,0,0,0,0
51,2021-08-13,0,0,5,7,0,0,0,0,0,0,0,0,0,0,0,0
51,2021-08-14,0,0,2,1,0,0,0,0,0,0,0,0,0,0,0,0
51,2021-08-15,0,0,0,0,0,0,0,0,0,0,0,0,0,0,0,0
51,2021-08-16,0,0,0,1,0,0,0,0,0,0,0,0,0,0,0,0
51,2021-08-17,0,0,1,10,0,0,0,0,0,0,2,0,0,0,0,0
51,2021-08-18,0,0,53,59,0,0,0,0,0,0,1,0,0,0,0,0
51,2021-08-19,0,0,6,36,0,0,0,0,0,0,1,0,0,0,0,0
51,2021-08-20,0,0,26,42,0,0,0,0,0,0,2,0,0,0,0,0
51,2021-08-21,0,0,89,68,0,0,2,4,0,0,0,0,0,0,0,0
51,2021-08-22,0,0,5,28,0,0,0,0,0,0,4,1,0,0,0,0
51,2021-08-23,0,0,11,29,0,0,0,0,0,0,0,0,0,0,0,0
51,2021-08-24,0,0,4,10,0,0,0,0,0,0,0,0,0,0,0,0
51,2021-08-25,0,0,11,17,0,0,0,0,0,0,1,0,0,0,0,0
51,2021-08-26,0,0,3,5,0,0,0,0,0,0,0,1,0,0,0,0
51,2021-08-27,0,0,0,1,0,0,0,0,0,0,1,1,0,0,0,2
51,2021-08-28,0,0,0,0,0,0,0,0,0,0,0,0,0,0,0,0
51,2021-08-29,0,0,1,0,0,0,0,0,0,0,1,3,0,0,0,0
51,2021-08-30,0,0,1,4,0,0,0,0,0,0,2,1,0,0,0,1
51,2021-08-31,1,0,1,6,0,0,0,0,0,0,1,3,0,0,0,1
51,2021-09-01,0,0,4,0,0,0,0,0,0,0,0,3,0,0,0,0
51,2021-09-02,0,2,0,2,0,0,0,0,0,0,0,2,0,0,0,0
51,2021-09-03,0,0,2,0,0,0,0,0,0,0,2,0,0,0,0,0
51,2021-09-04,0,0,0,0,0,0,0,0,0,0,0,0,0,0,0,0
51,2021-09-05,0,0,1,0,0,0,0,0,0,0,0,0,0,0,0,1
51,2021-09-06,1,0,6,9,0,0,0,0,0,0,0,1,0,0,0,1
51,2021-09-07,0,0,3,1,0,0,0,0,0,0,0,2,0,0,0,1
51,2021-09-08,0,0,0,0,0,0,0,0,0,0,0,0,0,0,0,0
51,2021-09-09,0,0,0,0,0,0,0,0,0,0,0,1,0,0,0,2
51,2021-09-10,0,0,0,0,0,0,0,3,0,0,0,5,0,0,0,2
51,2021-09-11,0,0,0,1,0,0,1,5,0,0,2,16,0,0,0,3
51,2021-09-12,0,1,3,9,0,0,0,8,0,0,0,4,0,0,0,4
51,2021-09-13,0,0,7,2,0,0,0,1,0,0,1,3,0,0,0,2
51,2021-09-14,0,0,0,0,0,0,0,0,0,0,0,0,0,0,0,0
51,2021-09-15,0,0,3,0,0,0,0,0,0,0,0,0,0,0,0,0
51,2021-09-16,0,0,0,1,0,0,0,0,0,0,0,3,0,0,0,0
51,2021-09-17,0,0,0,6,0,0,0,0,0,0,1,0,0,0,0,0
51,2021-09-18,0,0,1,18,0,0,0,0,0,0,2,0,0,0,0,0
51,2021-09-19,0,0,3,0,0,0,0,0,0,0,0,0,0,0,0,0
51,2021-09-20,0,0,0,0,0,0,0,0,0,0,3,0,0,0,0,0
51,2021-09-21,0,0,0,1,0,0,0,0,0,0,1,5,0,0,0,0
51,2021-09-22,0,0,0,0,0,0,0,8,0,0,0,0,0,0,0,0
51,2021-09-23,0,0,0,0,0,0,0,7,0,0,1,10,0,0,0,0
51,2021-09-24,0,0,0,0,0,0,0,3,0,0,0,5,0,0,0,1
51,2021-09-25,0,0,0,0,0,0,0,0,0,0,0,5,0,0,0,0
51,2021-09-26,0,0,0,0,0,0,0,0,0,0,1,0,0,0,0,0
51,2021-09-27,0,0,0,0,0,0,0,1,0,0,0,1,0,0,0,0
51,2021-09-28,0,0,1,10,0,0,0,5,0,0,0,6,0,0,0,5
51,2021-09-29,0,0,3,6,0,0,0,8,0,0,6,5,0,0,0,0
51,2021-09-30,0,0,0,7,0,0,1,0,0,0,4,1,0,0,0,0
51,2021-10-01,0,0,2,6,0,0,0,0,0,0,1,5,0,0,0,0
51,2021-10-02,0,0,5,2,0,0,0,1,0,0,0,1,0,0,0,0
51,2021-10-03,0,0,4,8,0,0,2,0,0,0,2,2,0,0,0,2
51,2021-10-04,0,0,1,3,0,0,0,3,0,0,3,1,0,0,0,0
51,2021-10-05,0,0,1,2,0,0,0,0,0,0,0,3,0,0,0,1
51,2021-10-06,1,1,0,0,0,0,1,0,0,0,3,4,0,0,0,1
51,2021-10-07,0,0,0,0,0,0,0,0,0,0,3,3,0,0,0,1
51,2021-10-08,1,0,7,5,0,0,0,8,0,0,4,7,0,0,0,0
51,2021-10-09,0,0,6,5,0,0,2,12,0,0,3,3,0,0,0,6
51,2021-10-10,0,0,2,1,0,0,2,0,0,0,0,3,0,0,0,0
51,2021-10-11,0,0,0,0,0,0,0,0,0,0,0,0,0,0,0,0
51,2021-10-12,0,0,0,13,0,0,0,1,0,0,0,0,0,0,0,3
51,2021-10-13,0,0,0,0,0,0,0,1,0,0,0,5,0,0,0,4
51,2021-10-14,0,0,0,0,0,0,0,0,0,0,0,1,0,0,0,0
51,2021-10-15,0,0,0,0,0,0,0,0,0,0,0,0,0,0,0,0
51,2021-10-16,0,0,0,0,0,0,0,0,0,0,0,0,0,0,0,0
51,2021-10-17,0,0,0,0,0,0,0,0,0,0,0,0,0,0,0,0
51,2021-10-18,0,0,0,0,0,0,0,1,0,0,1,3,0,0,0,0
51,2021-10-19,0,0,1,2,0,0,0,0,0,0,2,0,0,0,0,0
51,2021-10-20,0,0,0,5,0,0,0,5,0,0,0,3,0,0,0,1
51,2021-10-21,0,0,0,1,0,0,0,0,0,0,0,0,0,0,0,0
51,2021-10-22,0,0,0,1,0,0,0,0,0,0,2,1,0,0,0,0
51,2021-10-23,0,0,0,5,0,0,0,0,0,0,2,2,0,0,0,0
51,2021-10-24,0,0,3,4,0,0,0,1,0,0,9,5,0,0,0,0
51,2021-10-25,0,0,3,12,0,0,2,2,0,0,11,1,0,0,0,0
51,2021-10-26,0,0,1,13,0,0,0,2,0,0,3,0,0,0,0,0
51,2021-10-27,0,0,0,2,0,0,0,1,0,0,3,2,0,0,0,0
51,2021-10-28,0,0,0,0,0,0,0,0,0,0,2,1,0,0,0,0
51,2021-10-29,0,0,0,1,0,0,0,1,0,0,27,13,0,0,0,0
51,2021-10-30,0,0,2,9,0,0,0,5,0,0,1,4,0,0,0,0
51,2021-10-31,0,0,0,11,0,0,0,0,0,0,2,1,0,0,0,0
51,2021-11-01,0,0,0,7,0,0,0,0,0,0,3,4,0,0,0,0
51,2021-11-02,0,0,0,0,0,0,0,0,0,0,4,0,0,0,0,0
51,2021-11-03,0,0,2,2,0,0,0,1,0,0,5,7,0,0,0,2
51,2021-11-04,0,0,7,9,0,0,0,1,0,0,8,2,0,0,0,2
51,2021-11-05,0,1,5,21,0,0,0,2,0,0,4,1,0,0,0,1
51,2021-11-06,1,0,6,9,0,0,1,2,0,0,2,2,0,0,0,2
51,2021-11-07,0,0,4,1,0,0,1,3,0,0,15,4,0,0,0,0
51,2021-11-08,0,1,7,3,0,0,1,6,0,0,21,13,0,0,0,0
51,2021-11-09,1,0,10,9,0,0,0,1,0,0,25,19,0,0,0,0
51,2021-11-10,0,0,7,17,0,0,0,3,0,0,15,6,0,0,0,0
51,2021-11-11,0,0,11,5,0,0,0,3,0,0,10,5,0,0,0,0
51,2021-11-12,0,0,3,0,0,0,0,0,0,0,9,4,0,0,0,3
51,2021-11-13,1,0,8,2,0,0,0,3,0,0,26,1,0,0,0,0
51,2021-11-14,0,0,7,0,0,0,2,4,0,0,57,13,0,0,0,0
51,2021-11-15,0,4,39,19,0,0,0,4,0,0,24,2,0,0,0,0
51,2021-11-16,1,1,7,12,0,0,0,10,0,0,29,2,0,0,0,0
51,2021-11-17,0,2,5,12,0,0,0,1,0,0,10,3,0,0,0,0
51,2021-11-18,0,0,13,4,0,0,5,1,0,0,32,4,0,0,0,0
51,2021-11-19,0,0,41,25,0,0,1,4,0,0,109,26,0,0,0,1
51,2021-11-20,0,5,69,45,0,0,3,19,0,0,119,28,0,0,0,2
51,2021-11-21,2,4,43,33,0,0,9,26,0,0,42,12,0,0,0,7
51,2021-11-22,0,2,14,28,0,0,1,11,0,0,30,8,0,0,0,0
51,2021-11-23,0,3,10,6,0,0,1,7,0,0,41,7,0,0,0,0
51,2021-11-24,2,0,17,16,0,0,1,1,0,0,30,28,0,0,0,0
51,2021-11-25,0,2,46,35,0,0,0,2,0,0,16,19,0,0,0,0
51,2021-11-26,1,0,54,72,0,0,0,14,0,0,13,8,0,0,0,2
51,2021-11-27,1,5,31,28,0,0,0,9,0,0,22,3,0,0,0,0
51,2021-11-28,1,0,18,31,0,0,0,7,0,0,22,12,0,0,0,2
51,2021-11-29,1,1,50,20,0,0,2,7,0,0,61,8,0,0,0,2
51,2021-11-30,5,2,73,6,0,0,3,8,0,0,50,22,0,0,0,2
51,2021-12-01,4,12,179,42,0,0,3,16,0,0,73,26,0,0,0,4
51,2021-12-02,0,3,94,69,0,0,1,18,0,0,40,19,0,0,0,1
51,2021-12-03,0,0,70,64,0,0,7,17,0,0,30,27,0,0,0,2
51,2021-12-04,1,6,127,55,0,0,4,17,0,0,59,34,0,0,0,2
51,2021-12-05,3,5,182,47,0,0,6,17,0,0,86,76,0,0,0,1
51,2021-12-06,6,12,258,100,0,0,6,15,0,0,84,40,0,0,0,3
51,2021-12-07,6,8,121,111,0,0,6,33,0,0,47,18,0,0,0,10
51,2021-12-08,3,6,84,50,0,0,4,26,0,0,33,33,0,0,0,4
51,2021-12-09,3,1,39,22,0,0,0,9,0,0,23,39,0,0,0,7
51,2021-12-10,1,1,68,50,0,0,9,16,0,0,57,67,0,0,0,1
51,2021-12-11,12,8,112,71,0,0,4,11,0,0,62,54,0,0,0,5
51,2021-12-12,2,3,107,130,0,0,5,17,0,0,38,27,0,0,0,1
51,2021-12-13,3,3,46,55,0,0,12,15,0,0,26,13,0,0,0,0
51,2021-12-14,0,1,43,33,0,0,0,13,0,0,39,32,0,0,0,1
51,2021-12-15,3,3,43,46,0,0,2,16,0,0,48,60,0,0,0,2
51,2021-12-16,7,6,68,47,0,0,8,11,0,0,62,84,0,0,0,3
51,2021-12-17,5,13,113,72,0,0,5,36,0,0,65,66,0,0,0,6
51,2021-12-18,3,3,20,95,0,0,1,18,0,0,44,30,0,0,0,1
51,2021-12-19,0,0,32,42,0,0,1,8,0,0,22,20,0,0,0,0
51,2021-12-20,0,5,37,59,0,0,7,11,0,0,39,41,0,0,0,8
51,2021-12-21,3,5,71,79,0,0,7,21,0,0,39,49,0,0,0,2
51,2021-12-22,7,7,94,100,0,0,9,28,0,0,41,39,0,0,0,2
51,2021-12-23,1,8,57,118,0,0,11,31,0,0,26,23,0,0,0,2
51,2021-12-24,5,1,30,49,0,0,9,20,0,0,17,25,0,0,0,4
51,2021-12-25,8,1,25,19,0,0,1,18,0,0,37,38,0,0,0,0
51,2021-12-26,1,2,34,42,0,0,8,12,0,0,49,82,0,0,0,0
51,2021-12-27,1,4,47,106,0,0,7,11,0,0,72,94,0,0,0,3
51,2021-12-28,4,7,82,142,0,0,17,33,0,0,67,81,0,0,0,10
51,2021-12-29,2,2,36,61,0,0,4,4,0,0,56,36,0,0,0,3
51,2021-12-30,5,0,19,57,0,0,1,19,0,0,25,41,0,0,0,3
51,2021-12-31,1,0,28,78,0,0,3,16,0,0,45,83,0,0,0,3
51,2022-01-01,6,7,29,58,0,0,3,11,0,0,98,128,0,0,0,1
51,2022-01-02,6,9,52,114,0,0,9,45,0,0,71,89,0,0,0,2
51,2022-01-03,6,5,34,49,0,0,11,51,0,0,44,53,0,0,0,1
51,2022-01-04,3,6,25,23,0,0,9,31,0,0,95,80,0,0,0,2
51,2022-01-05,5,7,31,90,0,0,7,29,0,0,94,83,0,0,0,7
51,2022-01-06,12,4,75,140,0,0,13,37,0,0,146,157,0,0,0,11
51,2022-01-07,11,23,110,133,0,0,23,48,0,0,158,150,0,0,0,7
51,2022-01-08,7,5,93,142,0,0,18,67,0,0,115,118,0,0,0,12
51,2022-01-09,2,7,63,105,0,0,9,41,0,0,86,76,0,0,0,2
51,2022-01-10,5,17,49,117,0,0,16,46,0,0,95,112,0,0,0,5
51,2022-01-11,13,15,46,150,0,0,15,31,0,0,80,47,0,0,0,7
51,2022-01-12,4,22,68,116,0,0,12,41,0,0,44,54,0,0,0,1
51,2022-01-13,0,13,104,185,0,0,6,26,0,0,67,86,0,0,0,15
51,2022-01-14,2,3,44,137,0,0,13,50,0,0,4,18,0,0,0,5
51,2022-01-15,1,0,29,101,0,0,8,31,0,0,12,8,0,0,0,0
51,2022-01-16,4,0,29,97,0,0,27,19,0,0,8,8,0,0,0,2
51,2022-01-17,3,3,44,86,0,0,12,2,0,0,50,53,0,0,0,1
51,2022-01-18,4,2,70,225,0,0,3,10,0,0,45,98,0,0,0,1
51,2022-01-19,1,3,33,177,0,0,9,32,0,0,33,78,0,0,0,0
51,2022-01-20,0,1,6,35,0,0,2,1,0,0,18,63,0,0,0,0
51,2022-01-21,2,0,5,12,0,0,0,0,0,0,77,149,0,0,0,0
51,2022-01-22,4,2,4,7,0,0,0,0,0,0,144,168,0,0,0,0
51,2022-01-23,13,16,60,47,0,0,4,2,0,0,169,256,0,0,0,3
51,2022-01-24,6,16,50,85,0,0,1,27,0,0,120,170,0,0,0,8
51,2022-01-25,12,9,39,138,0,0,4,31,0,0,140,54,0,0,0,0
51,2022-01-26,13,41,74,106,0,0,20,40,0,0,146,46,0,0,0,0
51,2022-01-27,11,45,156,77,0,0,23,65,0,0,213,151,0,0,0,0
51,2022-01-28,52,88,320,181,0,0,46,80,0,1,388,488,0,0,0,6
51,2022-01-29,68,94,495,309,0,0,95,181,0,1,387,344,0,0,0,5
51,2022-01-30,34,58,269,358,0,0,46,169,0,0,214,328,0,0,0,5
51,2022-01-31,33,44,235,185,0,0,25,72,0,0,250,329,0,0,0,9
51,2022-02-01,36,61,182,127,0,0,37,28,0,0,361,490,0,0,0,4
51,2022-02-02,83,154,230,110,0,0,46,37,0,0,443,647,0,0,0,3
51,2022-02-03,66,126,247,152,0,0,36,73,0,0,322,452,0,0,0,5
51,2022-02-04,15,12,58,31,0,0,9,22,0,0,154,237,0,0,0,5
51,2022-02-05,0,0,1,42,0,0,0,0,0,0,41,74,0,0,0,0
51,2022-02-06,1,0,4,94,0,0,0,3,0,0,50,228,0,0,0,0
51,2022-02-07,7,10,37,153,0,0,1,16,0,0,192,574,0,0,0,0
51,2022-02-08,28,61,170,283,0,0,18,51,0,0,326,517,0,0,0,5
51,2022-02-09,23,71,173,310,0,0,28,117,0,0,362,373,0,0,0,18
51,2022-02-10,28,37,135,96,0,0,41,109,0,0,286,323,0,0,0,4
51,2022-02-11,45,22,103,14,0,0,63,94,0,0,375,455,0,0,0,14
51,2022-02-12,73,74,117,11,0,0,59,81,0,1,466,708,0,0,0,3
51,2022-02-13,199,168,210,82,0,0,45,65,0,2,572,956,0,0,0,10
51,2022-02-14,89,136,216,51,0,0,34,57,0,3,482,516,0,0,0,6
51,2022-02-15,10,16,10,13,0,0,3,83,0,0,343,543,0,0,0,6
51,2022-02-16,4,10,4,0,0,0,11,12,0,2,277,650,0,0,0,4
51,2022-02-17,0,2,3,3,0,0,5,31,0,0,67,462,0,0,0,14
51,2022-02-18,3,6,4,21,0,0,6,1,0,0,148,862,0,0,0,5
51,2022-02-19,0,0,11,58,0,0,0,0,0,0,51,605,0,0,0,3
51,2022-02-20,0,1,2,8,0,0,0,0,0,0,287,631,0,0,0,1
51,2022-02-21,1,0,7,19,0,0,0,0,0,0,113,156,0,0,0,0
51,2022-02-22,15,3,26,51,0,0,0,0,0,3,474,661,0,0,0,0
51,2022-02-23,7,13,43,124,0,0,1,6,0,2,794,1210,0,0,0,0
51,2022-02-24,32,18,125,208,0,0,7,23,0,5,1143,1133,0,0,0,4
51,2022-02-25,30,21,74,239,0,0,8,58,0,8,670,854,0,0,0,6
51,2022-02-26,17,12,59,203,0,0,13,67,0,11,586,502,0,0,0,16
51,2022-02-27,27,43,162,147,0,0,13,29,0,10,821,1020,0,0,0,13
51,2022-02-28,11,54,232,207,0,0,9,103,0,7,899,1340,0,0,0,14
51,2022-03-01,84,143,191,268,0,0,147,339,0,58,1457,1681,0,0,0,1
51,2022-03-02,55,91,185,286,0,0,132,348,0,23,926,936,0,0,0,4
51,2022-03-03,19,37,78,184,0,0,114,368,0,16,514,830,0,0,0,6
51,2022-03-04,16,22,72,117,0,0,112,253,0,8,615,945,0,0,0,8
51,2022-03-05,45,69,103,159,0,0,216,417,0,27,925,866,0,0,0,3
51,2022-03-06,87,198,172,136,0,0,233,482,0,50,1250,887,0,0,0,0
51,2022-03-07,86,112,176,100,0,0,85,95,0,58,985,699,0,0,0,3
51,2022-03-08,2,16,37,68,0,0,0,42,0,14,307,626,0,0,0,2
51,2022-03-09,2,10,14,71,0,0,3,44,0,7,192,558,0,0,0,2
51,2022-03-10,6,14,37,70,0,0,25,112,0,19,405,1317,0,0,0,6
51,2022-03-11,3,73,87,82,0,0,63,245,0,35,718,2133,0,0,0,3
51,2022-03-12,32,151,178,182,0,0,131,483,0,73,1265,2032,0,0,0,11
51,2022-03-13,13,90,126,181,0,0,118,519,0,59,792,1188,0,0,0,5
51,2022-03-14,3,54,60,85,0,0,82,389,0,46,486,1002,0,0,0,1
51,2022-03-15,7,68,42,77,0,0,61,97,0,64,775,1882,0,0,0,4
51,2022-03-16,16,51,73,107,0,0,1,0,0,12,1124,2636,0,0,0,4
51,2022-03-17,85,309,209,199,0,0,12,1,0,57,1457,2605,0,0,0,3
51,2022-03-18,60,224,98,30,0,0,3,10,0,91,1082,1410,0,0,0,8
51,2022-03-19,6,100,38,26,0,0,14,30,0,37,836,1542,0,0,0,3
51,2022-03-20,2,37,12,23,0,0,37,148,0,11,693,1467,0,0,0,1
51,2022-03-21,0,19,14,7,0,0,32,106,0,4,169,739,0,0,0,1
51,2022-03-22,1,1,66,34,0,0,49,80,0,0,43,7,0,0,0,0
51,2022-03-23,0,1,26,12,0,0,1,66,0,0,5,2,0,0,0,0
51,2022-03-24,0,15,18,25,0,0,0,9,0,0,37,11,0,0,0,1
51,2022-03-25,2,14,46,37,0,0,7,150,0,7,196,166,0,0,0,3
51,2022-03-26,26,58,98,78,0,0,107,533,0,6,617,341,0,0,0,0
51,2022-03-27,25,83,227,157,0,0,466,1007,0,4,542,262,0,0,0,0
51,2022-03-28,66,160,169,111,0,0,230,630,0,17,1052,531,0,0,0,3
51,2022-03-29,28,100,68,79,0,0,0,0,0,26,662,218,0,0,0,0
51,2022-03-30,51,151,25,36,0,0,1,4,0,33,734,425,0,0,0,0
51,2022-03-31,59,116,33,43,0,0,67,91,0,8,668,616,0,0,0,0
51,2022-04-01,54,195,41,51,0,0,169,139,0,53,943,738,0,0,0,0
51,2022-04-02,12,84,12,25,0,0,0,8,0,10,473,568,0,0,0,0
51,2022-04-03,5,124,42,3,0,0,144,854,0,19,504,288,0,0,0,1
51,2022-04-04,12,90,126,70,0,0,601,1891,0,20,820,608,0,0,0,0
51,2022-04-05,12,79,105,80,0,0,1260,5261,0,30,1710,907,0,0,0,3
51,2022-04-06,43,105,99,60,0,0,182,1452,0,46,1543,1094,0,0,0,1
51,2022-04-07,0,9,144,153,0,0,775,1586,0,0,849,792,0,0,0,1
51,2022-04-08,1,7,32,94,0,0,730,4515,0,0,162,287,0,0,0,6
51,2022-04-09,1,13,124,138,0,0,307,257,0,1,399,643,0,0,0,0
51,2022-04-10,3,14,54,90,0,0,650,1983,0,5,530,624,0,0,0,3
51,2022-04-11,13,51,48,71,0,0,265,1422,0,13,1363,708,0,0,0,4
51,2022-04-12,66,116,135,145,0,0,261,168,0,33,1507,486,0,0,0,1
51,2022-04-13,38,80,233,138,0,0,348,470,0,20,838,852,0,0,0,3
51,2022-04-14,28,64,124,63,0,0,55,188,0,8,606,283,0,0,0,8
51,2022-04-15,28,24,118,101,0,0,384,1662,0,3,313,470,0,0,0,7
51,2022-04-16,62,49,159,78,0,0,240,773,0,10,455,663,0,0,0,0
51,2022-04-17,45,83,161,94,0,0,67,105,0,9,416,503,0,0,0,1
51,2022-04-18,46,105,115,62,0,0,0,0,0,22,509,214,0,0,0,1
51,2022-04-19,6,17,5,8,0,0,0,4,0,3,207,183,0,0,0,0
51,2022-04-20,0,2,9,45,0,0,5,12,0,3,109,241,0,0,0,0
51,2022-04-21,0,2,7,23,0,0,0,4,0,0,51,127,0,0,0,0
51,2022-04-22,3,12,20,43,0,0,1,19,0,0,131,334,0,0,0,3
51,2022-04-23,15,43,105,67,0,0,52,116,0,2,411,310,0,0,0,6
51,2022-04-24,9,31,22,56,0,0,51,227,0,6,149,233,0,0,0,23
51,2022-04-25,6,24,103,71,0,0,85,125,0,1,201,642,0,0,0,16
51,2022-04-26,8,15,59,25,0,0,90,1257,0,0,170,591,0,0,0,27
51,2022-04-27,9,25,154,49,0,0,270,2796,0,2,196,431,0,0,0,26
51,2022-04-28,12,49,229,86,0,0,348,2351,0,3,286,423,0,0,0,10
51,2022-04-29,1,14,109,7,0,0,49,653,0,0,52,231,0,0,0,18
51,2022-04-30,7,9,26,11,0,0,15,53,0,0,60,187,0,0,0,3
51,2022-05-01,0,0,36,2,0,0,27,36,0,0,21,182,0,0,0,0
51,2022-05-02,0,0,1,1,0,0,0,4,0,0,26,224,0,0,0,0
51,2022-05-03,2,4,18,0,0,0,3,42,0,0,38,175,0,0,0,0
51,2022-05-04,3,25,228,19,0,0,114,436,0,2,76,42,0,0,0,1
51,2022-05-05,4,7,23,11,0,0,14,210,0,0,46,92,0,0,0,0
51,2022-05-06,10,1,13,7,0,0,9,20,0,0,29,45,0,0,0,3
51,2022-05-07,0,2,3,0,0,0,0,2,0,0,6,44,0,0,0,5
51,2022-05-08,0,0,1,0,0,0,0,0,0,0,8,7,0,0,0,0
51,2022-05-09,0,3,22,2,0,0,0,0,0,0,22,1,0,0,0,0
51,2022-05-10,0,0,0,2,0,0,2,1,0,0,0,0,0,0,0,0
51,2022-05-11,0,0,2,3,0,0,0,0,0,0,2,0,0,0,0,0
51,2022-05-12,0,0,0,0,0,0,0,0,0,0,0,0,0,0,0,0
51,2022-05-13,0,0,4,5,0,0,1,0,0,0,3,13,0,0,0,1
51,2022-05-14,3,5,20,8,0,0,9,13,0,0,6,15,0,0,0,8
51,2022-05-15,4,5,88,34,0,0,18,38,0,0,10,46,0,0,0,21
51,2022-05-16,2,0,14,8,0,0,3,1,0,0,10,11,0,0,0,0
51,2022-05-17,0,0,1,0,0,0,0,0,0,0,1,12,0,0,0,0
51,2022-05-18,0,0,0,1,0,0,0,0,0,0,0,77,0,0,0,0
51,2022-05-19,0,0,9,1,0,0,9,27,0,0,2,53,0,0,0,1
51,2022-05-20,0,0,0,0,0,0,0,6,0,0,0,0,0,0,0,0
51,2022-05-21,0,0,0,0,0,0,0,0,0,0,0,6,0,0,0,0
51,2022-05-22,0,0,0,1,0,0,0,0,0,0,0,16,0,0,0,0
51,2022-05-23,0,0,2,1,0,0,0,0,0,0,0,6,0,0,0,6
51,2022-05-24,0,0,4,0,0,0,0,0,0,0,1,3,0,0,0,9
51,2022-05-25,7,0,12,2,0,0,15,9,0,0,1,0,0,0,0,5
51,2022-05-26,0,0,2,6,0,0,17,38,0,0,2,6,0,0,0,0
51,2022-05-27,0,2,14,5,0,0,5,5,0,0,3,3,0,0,0,7
51,2022-05-28,0,1,5,5,0,0,11,16,0,0,1,5,0,0,0,18
51,2022-05-29,1,0,10,4,0,0,24,82,0,0,2,5,0,0,0,3
51,2022-05-30,2,2,15,7,0,0,1,41,0,0,7,7,0,0,0,9
51,2022-05-31,0,0,10,6,0,0,0,0,0,0,1,1,0,0,0,0
51,2022-06-01,0,1,5,12,0,0,0,0,0,0,0,0,0,0,0,0
51,2022-06-02,0,0,6,3,0,0,0,3,0,0,2,0,0,0,0,0
51,2022-06-03,1,0,1,0,0,0,0,0,0,0,3,2,0,0,0,0
51,2022-06-04,0,2,4,0,0,0,6,3,0,0,3,3,0,0,0,1
51,2022-06-05,1,4,8,2,0,0,5,46,0,0,0,4,0,0,0,3
51,2022-06-06,0,0,1,5,0,0,0,0,0,0,0,2,0,0,0,1
51,2022-06-07,0,0,9,3,0,0,12,8,0,0,0,0,0,0,0,0
51,2022-06-08,0,0,0,2,0,0,0,0,0,0,0,0,0,0,0,0
51,2022-06-09,0,0,2,1,0,0,3,0,0,0,0,0,0,0,0,0
51,2022-06-10,0,1,2,3,0,0,2,6,0,0,4,3,0,0,0,0
51,2022-06-11,0,0,3,5,0,0,0,4,0,0,0,1,0,0,0,0
51,2022-06-12,0,1,1,4,0,0,0,2,0,0,0,2,0,0,0,0
51,2022-06-13,0,0,4,4,0,0,2,3,0,0,2,0,0,0,0,0
51,2022-06-14,1,1,8,1,0,0,0,0,0,0,0,0,0,0,0,0
51,2022-06-15,0,0,3,3,0,0,0,0,0,0,0,3,0,0,0,0
51,2022-06-16,0,0,1,11,0,0,0,0,0,0,0,0,0,0,0,0
51,2022-06-17,0,0,5,2,0,0,0,0,0,0,0,1,0,0,0,0
51,2022-06-18,0,0,0,6,0,0,0,0,0,0,0,0,0,0,0,0
51,2022-06-19,0,0,3,7,0,0,2,8,0,0,0,2,0,0,0,1
51,2022-06-20,1,0,18,7,0,0,4,3,0,0,0,1,0,0,0,1
51,2022-06-21,2,5,16,15,0,0,10,23,0,0,0,6,0,0,0,0
51,2022-06-22,0,0,3,11,0,0,1,5,0,0,0,1,0,0,0,0
51,2022-06-23,0,0,2,6,0,0,4,2,0,0,0,0,0,0,0,0
51,2022-06-24,0,0,0,0,0,0,0,0,0,0,0,0,0,0,0,0
51,2022-06-25,0,0,4,1,0,0,0,3,0,0,1,5,0,0,0,1
51,2022-06-26,1,1,4,2,0,0,0,2,0,0,0,1,0,0,0,2
51,2022-06-27,0,0,2,8,0,0,0,4,0,0,0,0,0,0,0,0
51,2022-06-28,0,0,0,7,0,0,0,0,0,0,0,0,0,0,0,0
51,2022-06-29,0,0,1,2,0,0,0,0,0,0,0,1,0,0,0,0
51,2022-06-30,0,0,0,1,0,0,0,0,0,0,0,0,0,0,0,0
51,2022-07-01,0,0,1,2,0,0,0,0,0,0,0,0,0,0,0,0
51,2022-07-02,0,0,1,8,0,0,0,0,0,0,0,1,0,0,0,2
51,2022-07-03,0,0,0,8,0,0,0,0,0,0,0,0,0,0,0,0
51,2022-07-04,0,0,2,2,0,0,0,1,0,0,0,0,0,0,0,0
51,2022-07-05,0,0,2,0,0,0,0,0,0,0,0,0,0,0,0,0
51,2022-07-06,0,0,3,2,0,0,0,0,0,0,0,1,0,0,0,0
51,2022-07-07,0,0,6,6,0,0,0,0,0,0,0,1,0,0,0,3
51,2022-07-08,0,0,1,1,0,0,0,0,0,0,0,1,0,0,0,0
51,2022-07-09,0,0,1,0,0,0,1,0,0,0,0,2,0,0,0,5
51,2022-07-10,0,0,0,0,0,0,0,0,0,0,0,0,0,0,0,1
51,2022-07-11,0,0,0,0,0,0,0,0,0,0,0,0,0,0,0,0
51,2022-07-12,0,0,1,0,0,0,0,1,0,0,0,0,0,0,0,3
51,2022-07-13,0,0,0,0,0,0,0,6,0,0,0,0,0,0,0,7
51,2022-07-14,0,0,1,0,0,0,0,0,0,0,0,3,0,0,0,8
51,2022-07-15,1,0,0,1,0,0,0,0,0,0,0,0,0,0,0,2
51,2022-07-16,0,0,12,12,0,0,0,1,0,0,0,0,0,0,0,3
51,2022-07-17,0,0,28,14,0,0,0,4,0,0,0,2,0,0,0,0
51,2022-07-18,0,0,25,25,0,0,2,3,0,0,0,0,0,0,0,0
51,2022-07-19,0,0,1,15,0,0,0,0,0,0,0,0,0,0,0,0
51,2022-07-20,0,0,0,0,0,0,0,0,0,0,0,0,0,0,0,0
51,2022-07-21,0,0,0,0,0,0,0,0,0,0,0,0,0,0,0,0
51,2022-07-22,0,0,0,1,0,0,0,0,0,0,0,0,0,0,0,0
51,2022-07-23,0,0,0,1,0,0,0,0,0,0,0,0,0,0,0,0
51,2022-07-24,0,0,1,4,0,0,0,1,0,0,2,0,0,0,0,2
51,2022-07-25,0,0,1,12,0,0,1,0,0,0,0,3,0,0,0,2
51,2022-07-26,0,0,2,0,0,0,0,3,0,0,1,3,0,0,0,3
51,2022-07-27,0,0,0,0,0,0,0,0,0,0,0,0,0,0,0,0
51,2022-07-28,0,0,0,0,0,0,0,0,0,0,0,0,0,0,0,0
51,2022-07-29,0,0,0,0,0,0,0,0,0,0,0,0,0,0,0,0
51,2022-07-30,0,0,0,0,0,0,0,0,0,0,0,0,0,0,0,0
51,2022-07-31,0,0,0,0,0,0,0,0,0,0,0,0,0,0,0,0
51,2022-08-01,0,0,0,0,0,0,0,0,0,0,0,0,0,0,0,0
51,2022-08-02,0,0,0,0,0,0,0,0,0,0,0,0,0,0,0,0
51,2022-08-03,0,0,0,0,0,0,0,0,0,0,0,0,0,0,0,0
51,2022-08-04,0,0,0,0,0,0,0,0,0,0,0,0,0,0,0,0
51,2022-08-05,0,0,0,0,0,0,0,0,0,0,0,0,0,0,0,0
51,2022-08-06,0,0,0,0,0,0,0,0,0,0,0,0,0,0,0,0
51,2022-08-07,0,0,0,0,0,0,0,0,0,0,0,0,0,0,0,0
51,2022-08-08,0,0,0,0,0,0,0,0,0,0,0,0,0,0,0,0
51,2022-08-09,0,0,0,0,0,0,0,0,0,0,0,0,0,0,0,0
51,2022-08-10,0,0,0,0,0,0,0,0,0,0,0,0,0,0,0,0
51,2022-08-11,0,0,0,0,0,0,0,0,0,0,0,0,0,0,0,0
51,2022-08-12,0,0,0,0,0,0,0,0,0,0,0,0,0,0,0,0
51,2022-08-13,0,0,49,35,0,0,0,0,0,0,1,0,0,0,0,0
51,2022-08-14,0,0,1,4,0,0,1,0,0,0,0,0,0,0,0,2
51,2022-08-15,0,0,1,3,0,0,0,0,0,0,0,2,0,0,0,1
51,2022-08-16,0,0,1,0,0,0,0,0,0,0,0,0,0,0,0,0
51,2022-08-17,0,0,2,2,0,0,0,0,0,0,0,5,0,0,0,0
51,2022-08-18,0,0,2,21,0,0,2,1,0,0,1,4,0,0,0,1
51,2022-08-19,0,0,23,15,0,0,1,0,0,0,0,2,0,0,0,3
51,2022-08-20,0,0,0,1,0,0,0,0,0,0,0,0,0,0,0,0
51,2022-08-21,0,0,0,1,0,0,0,0,0,0,0,0,0,0,0,0
51,2022-08-22,0,0,1,4,0,0,0,0,0,0,0,0,0,0,0,0
51,2022-08-23,0,0,1,37,0,0,0,0,0,0,1,2,0,0,0,0
51,2022-08-24,0,0,22,65,0,0,0,0,0,0,0,1,0,0,0,0
51,2022-08-25,0,0,0,0,0,0,0,0,0,0,0,0,0,0,0,0
51,2022-08-26,0,0,0,0,0,0,0,0,0,0,0,0,0,0,0,0
51,2022-08-27,0,0,0,3,0,0,0,0,0,0,0,1,0,0,0,0
51,2022-08-28,0,0,1,9,0,0,0,0,0,0,0,1,0,0,0,0
51,2022-08-29,0,0,0,0,0,0,2,3,0,0,2,3,0,0,0,0
51,2022-08-30,0,0,3,3,0,0,4,11,0,0,2,9,0,0,0,1
51,2022-08-31,1,3,16,5,0,0,0,0,0,0,2,2,0,0,0,0
51,2022-09-01,0,0,10,13,0,0,0,0,0,0,0,1,0,0,0,1
51,2022-09-02,0,0,1,13,0,0,2,0,0,0,6,4,0,0,0,0
51,2022-09-03,0,0,11,2,0,0,0,2,0,0,5,7,0,0,0,1
51,2022-09-04,0,1,20,48,0,0,0,1,0,0,0,0,0,0,0,0
51,2022-09-05,0,0,0,4,0,0,0,0,0,0,0,1,0,0,0,1
51,2022-09-06,0,0,0,6,0,0,0,0,0,0,3,0,0,0,0,1
51,2022-09-07,0,0,0,0,0,0,0,1,0,0,0,5,0,0,0,0
51,2022-09-08,0,0,0,0,0,0,0,0,0,0,1,1,0,0,0,0
51,2022-09-09,0,0,0,0,0,0,0,0,0,0,0,0,0,0,0,0
51,2022-09-10,0,0,0,1,0,0,0,1,0,0,0,0,0,0,0,0
51,2022-09-11,0,0,0,0,0,0,0,0,0,0,0,0,0,0,0,0
51,2022-09-12,0,0,0,0,0,0,0,0,0,0,0,0,0,0,0,0
51,2022-09-13,0,0,6,4,0,0,0,0,0,0,2,0,0,0,0,0
51,2022-09-14,0,0,12,24,0,0,0,1,0,0,4,1,0,0,0,0
51,2022-09-15,0,0,6,3,0,0,0,3,0,0,2,5,0,0,0,0
51,2022-09-16,0,0,6,12,0,0,0,0,0,0,0,1,0,0,0,0
51,2022-09-17,0,0,1,7,0,0,0,0,0,0,1,2,0,0,0,0
51,2022-09-18,1,0,0,1,0,0,0,0,0,0,0,2,0,0,0,1
51,2022-09-19,0,0,0,0,0,0,0,0,0,0,0,2,0,0,0,0
51,2022-09-20,0,0,0,3,0,0,0,0,0,0,0,1,0,0,0,3
51,2022-09-21,0,0,1,6,0,0,0,0,0,0,1,2,0,0,0,1
51,2022-09-22,0,0,0,0,0,0,0,1,0,0,0,0,0,0,0,0
51,2022-09-23,0,0,0,0,0,0,0,0,0,0,1,0,0,0,0,2
51,2022-09-24,0,0,1,0,0,0,0,0,0,0,1,1,0,0,0,1
51,2022-09-25,0,0,0,0,0,0,0,0,0,0,0,5,0,0,0,3
51,2022-09-26,0,0,0,0,0,0,0,3,0,0,1,4,0,0,0,1
51,2022-09-27,0,0,0,0,0,0,0,2,0,0,0,3,0,0,0,2
51,2022-09-28,0,0,0,0,0,0,0,1,0,0,0,5,0,0,0,0
51,2022-09-29,0,0,0,0,0,0,0,0,0,0,3,1,0,0,0,0
51,2022-09-30,0,0,0,0,0,0,0,0,0,0,0,3,0,0,0,0
51,2022-10-01,0,0,0,0,0,0,0,0,0,0,0,0,0,0,0,0
51,2022-10-02,0,0,0,0,0,0,0,0,0,0,0,0,0,0,0,0
51,2022-10-03,0,0,0,1,0,0,0,1,0,0,0,0,0,0,0,0
51,2022-10-04,0,0,0,1,0,0,0,0,0,0,2,1,0,0,0,2
51,2022-10-05,0,0,0,2,0,0,0,0,0,0,5,4,0,0,0,2
51,2022-10-06,1,0,1,1,0,0,1,1,0,0,5,7,0,0,0,0
51,2022-10-07,0,0,1,5,0,0,0,1,0,0,0,0,0,0,0,0
51,2022-10-08,0,0,0,1,0,0,0,4,0,0,0,0,0,0,0,0
51,2022-10-09,0,0,1,0,0,0,0,1,0,0,0,1,0,0,0,0
51,2022-10-10,0,0,0,2,0,0,0,0,0,0,2,0,0,0,0,0
51,2022-10-11,0,0,0,2,0,0,0,1,0,0,2,4,0,0,0,0
51,2022-10-12,0,0,2,25,0,0,0,1,0,0,4,3,0,0,0,0
51,2022-10-13,0,0,2,9,0,0,0,1,0,0,2,2,0,0,0,0
51,2022-10-14,0,0,0,0,0,0,0,2,0,0,2,8,0,0,0,0
51,2022-10-15,0,0,0,0,0,0,0,3,0,0,0,9,0,0,0,0
51,2022-10-16,0,0,0,0,0,0,0,0,0,0,2,2,0,0,0,0
51,2022-10-17,1,0,13,13,0,0,5,7,0,0,7,4,0,0,0,1
51,2022-10-18,0,3,7,22,0,0,5,21,0,0,12,11,0,0,0,4
51,2022-10-19,0,0,11,12,0,0,3,6,0,0,7,8,0,0,0,3
51,2022-10-20,0,0,8,3,0,0,0,0,0,0,7,18,0,0,0,3
51,2022-10-21,0,0,4,1,0,0,2,1,0,0,29,19,0,0,0,0
51,2022-10-22,1,1,4,8,0,0,1,2,0,0,9,10,0,0,0,1
51,2022-10-23,0,0,6,13,0,0,10,10,0,0,12,2,0,0,0,1
51,2022-10-24,0,1,1,15,0,0,2,9,0,0,1,2,0,0,0,2
51,2022-10-25,0,0,1,0,0,0,6,1,0,0,0,2,0,0,0,0
51,2022-10-26,0,0,5,3,0,0,0,0,0,0,11,3,0,0,0,0
51,2022-10-27,0,0,3,1,0,0,3,5,0,0,17,3,0,0,0,1
51,2022-10-28,0,0,11,17,0,0,3,7,0,0,8,0,0,0,0,0
51,2022-10-29,0,1,4,17,0,0,0,8,0,0,2,8,0,0,0,2
51,2022-10-30,0,0,3,10,0,0,0,1,0,0,6,2,0,0,0,3
51,2022-10-31,1,0,10,13,0,0,6,7,0,1,28,4,0,0,0,5
51,2022-11-01,0,1,24,19,0,0,3,2,0,0,56,15,0,0,0,4
51,2022-11-02,3,0,45,38,0,0,9,22,0,0,19,21,0,0,0,3
51,2022-11-03,2,3,22,28,0,0,2,19,0,0,8,9,0,0,0,4
51,2022-11-04,1,1,8,24,0,0,2,11,0,0,6,8,0,0,0,0
51,2022-11-05,1,2,27,7,0,0,2,5,0,0,17,11,0,0,0,0
51,2022-11-06,3,1,42,11,0,0,1,12,0,0,73,13,0,0,0,2
51,2022-11-07,2,3,62,23,0,0,11,11,0,0,81,32,0,0,0,5
51,2022-11-08,1,2,28,40,0,0,3,11,0,0,12,14,0,0,0,4
51,2022-11-09,0,2,22,34,0,0,3,18,0,0,48,27,0,0,0,1
51,2022-11-10,2,1,24,13,0,0,4,11,0,0,48,21,0,0,0,2
51,2022-11-11,1,2,27,18,0,0,7,11,0,0,110,33,0,0,0,3
51,2022-11-12,1,6,54,26,0,0,9,7,0,0,153,59,0,0,0,8
51,2022-11-13,0,6,59,14,0,0,11,17,0,0,81,23,0,0,0,1
51,2022-11-14,0,0,13,4,0,0,1,1,0,0,32,21,0,0,0,1
51,2022-11-15,1,0,4,3,0,0,1,2,0,0,35,12,0,0,0,0
51,2022-11-16,2,0,5,6,0,0,8,4,0,0,12,18,0,0,0,0
51,2022-11-17,1,1,29,27,0,0,8,3,0,0,36,31,0,0,0,1
51,2022-11-18,0,1,13,15,0,0,1,2,0,0,21,5,0,0,0,0
51,2022-11-19,0,0,6,12,0,0,0,2,0,0,19,13,0,0,0,1
51,2022-11-20,0,0,9,2,0,0,0,1,0,0,9,22,0,0,0,1
51,2022-11-21,0,0,25,6,0,0,0,11,0,0,30,35,0,0,0,2
51,2022-11-22,2,1,63,25,0,0,9,3,0,0,87,57,0,0,0,5
51,2022-11-23,3,4,36,3,0,0,1,4,0,0,69,36,0,0,0,5
51,2022-11-24,0,0,0,1,0,0,0,1,0,0,3,13,0,0,0,1
51,2022-11-25,0,0,3,1,0,0,0,2,0,0,14,15,0,0,0,0
51,2022-11-26,0,0,1,8,0,0,0,1,0,0,3,15,0,0,0,0
51,2022-11-27,0,0,7,1,0,0,0,1,0,0,13,18,0,0,0,0
51,2022-11-28,2,1,40,17,0,0,0,6,0,0,44,27,0,0,0,2
51,2022-11-29,0,4,70,30,0,0,1,9,0,0,34,14,0,0,0,7
51,2022-11-30,0,0,35,5,0,0,1,7,0,0,21,20,0,0,0,3
51,2022-12-01,0,0,9,7,0,0,1,0,0,0,26,16,0,0,0,4
51,2022-12-02,0,0,14,8,0,0,1,1,0,0,28,27,0,0,0,1
51,2022-12-03,0,4,45,7,0,0,6,7,0,0,101,42,0,0,0,3
51,2022-12-04,1,1,98,24,0,0,7,8,0,1,53,41,0,0,0,6
51,2022-12-05,1,0,49,35,0,0,0,4,0,0,49,20,0,0,0,2
51,2022-12-06,0,1,29,9,0,0,3,3,0,0,30,24,0,0,0,1
51,2022-12-07,0,0,32,18,0,0,3,7,0,0,49,37,0,0,0,4
51,2022-12-08,1,4,92,26,0,0,9,10,0,0,46,63,0,0,0,9
51,2022-12-09,3,9,111,49,0,0,6,11,0,0,76,82,0,0,0,7
51,2022-12-10,2,3,79,74,0,0,10,13,0,0,57,67,0,0,0,11
51,2022-12-11,0,2,43,19,0,0,4,6,0,0,42,44,0,0,0,3
51,2022-12-12,3,3,35,14,0,0,7,1,0,0,21,66,0,0,0,2
51,2022-12-13,3,0,13,31,0,0,5,11,0,0,53,83,0,0,0,4
51,2022-12-14,2,6,96,73,0,0,10,28,0,0,66,92,0,0,0,2
51,2022-12-15,2,2,83,116,0,0,21,33,0,0,34,38,0,0,0,7
51,2022-12-16,0,2,32,58,0,0,8,26,0,0,14,24,0,0,0,6
51,2022-12-17,1,1,6,20,0,0,1,1,0,0,44,37,0,0,0,0
51,2022-12-18,0,1,41,98,0,0,15,16,0,0,46,30,0,0,0,0
51,2022-12-19,3,12,87,101,0,0,7,47,0,0,76,84,0,0,0,0
51,2022-12-20,2,18,94,123,0,0,16,40,0,1,43,50,0,0,0,5
51,2022-12-21,2,4,61,80,0,0,18,26,0,0,33,55,0,0,0,1
51,2022-12-22,1,5,29,52,0,0,3,14,0,1,26,56,0,0,0,2
51,2022-12-23,5,3,37,69,0,0,13,9,0,0,20,123,0,0,0,8
51,2022-12-24,5,1,46,50,0,0,12,26,0,0,30,86,0,0,0,5
51,2022-12-25,0,6,79,85,0,0,26,13,0,0,75,115,0,0,0,6
51,2022-12-26,2,3,54,80,0,0,17,35,0,0,41,90,0,0,0,2
51,2022-12-27,8,3,28,62,0,0,13,15,0,0,42,102,0,0,0,1
51,2022-12-28,4,1,29,61,0,0,5,14,0,0,27,114,0,0,0,0
51,2022-12-29,9,3,27,51,0,0,17,14,0,0,44,107,0,0,0,1
51,2022-12-30,3,4,37,89,0,0,11,13,0,0,78,124,0,0,0,0
51,2022-12-31,6,3,36,121,0,0,14,17,0,0,75,92,0,0,0,0
51,2023-01-01,1,2,28,87,0,0,4,20,0,0,58,115,0,0,0,0
51,2023-01-02,4,1,26,14,0,0,11,8,0,0,69,148,0,0,0,0
51,2023-01-03,4,0,14,14,0,0,6,2,0,0,99,171,0,0,0,2
51,2023-01-04,5,4,41,78,0,0,16,57,0,0,98,270,0,0,0,4
51,2023-01-05,3,7,72,86,0,0,27,60,0,0,102,210,0,0,0,10
51,2023-01-06,0,1,62,92,0,0,26,46,0,0,73,115,0,0,0,5
51,2023-01-07,9,4,36,45,0,0,30,38,0,0,75,259,0,0,0,9
51,2023-01-08,6,13,24,7,0,0,10,10,0,1,63,217,0,0,0,13
51,2023-01-09,5,1,28,31,0,0,34,37,0,0,103,346,0,0,0,3
51,2023-01-10,15,23,76,15,0,0,18,20,0,0,192,415,0,0,0,9
51,2023-01-11,6,8,45,22,0,0,17,25,0,0,108,208,0,0,0,11
51,2023-01-12,4,7,37,52,0,0,9,33,0,0,115,289,0,0,0,2
51,2023-01-13,15,15,69,40,0,0,55,49,0,0,112,382,0,0,0,2
51,2023-01-14,21,21,77,84,0,0,64,124,0,0,181,453,0,0,0,4
51,2023-01-15,21,19,117,163,0,0,57,148,0,0,227,737,0,0,0,10
51,2023-01-16,27,22,110,240,0,0,36,127,0,0,149,372,0,0,0,22
51,2023-01-17,9,6,64,117,0,0,26,52,0,0,99,254,0,0,0,2
51,2023-01-18,1,1,43,138,0,0,5,42,0,0,238,380,0,0,0,3
51,2023-01-19,8,5,53,177,0,0,68,69,0,0,191,364,0,0,0,1
51,2023-01-20,12,23,119,259,0,0,38,87,0,0,251,675,0,0,0,4
51,2023-01-21,33,30,174,413,0,0,35,91,0,4,290,602,0,0,0,5
51,2023-01-22,11,33,107,340,0,0,26,186,0,0,209,365,0,0,0,1
51,2023-01-23,18,36,98,245,0,0,15,134,0,1,215,485,0,0,0,1
51,2023-01-24,24,28,132,302,0,0,74,73,0,0,226,556,0,0,0,1
51,2023-01-25,22,25,132,268,0,0,59,138,0,0,299,658,0,0,0,5
51,2023-01-26,51,57,264,565,0,0,51,146,0,0,284,713,0,0,0,10
51,2023-01-27,31,32,258,517,0,0,36,65,0,0,209,411,0,0,0,8
51,2023-01-28,11,27,126,356,0,0,18,93,0,0,99,305,0,0,0,0
51,2023-01-29,11,9,163,350,0,0,137,144,0,0,142,317,0,0,0,3
51,2023-01-30,34,35,206,185,0,0,68,229,0,2,264,467,0,0,0,6
51,2023-01-31,82,81,377,557,0,0,62,200,0,2,381,662,0,0,0,11
51,2023-02-01,47,43,290,697,0,0,53,239,0,0,180,399,0,0,0,4
51,2023-02-02,17,17,182,388,0,0,29,182,0,0,167,165,0,0,0,6
51,2023-02-03,13,16,47,25,0,0,15,41,0,0,47,172,0,0,0,0
51,2023-02-04,23,28,80,16,0,0,34,44,0,3,353,786,0,0,0,1
51,2023-02-05,34,46,74,14,0,0,29,46,0,0,1038,3461,0,0,0,0
51,2023-02-06,111,151,311,126,0,0,104,136,0,10,1687,3205,0,0,0,10
51,2023-02-07,208,184,438,87,0,0,140,251,0,3,1540,1523,0,0,0,12
51,2023-02-08,144,146,380,81,0,0,155,195,0,11,1022,1017,0,0,0,5
51,2023-02-09,122,116,266,106,0,0,125,203,0,5,938,1046,0,0,0,14
51,2023-02-10,311,326,571,139,0,0,102,190,0,22,1186,1200,0,0,0,13
51,2023-02-11,499,612,1350,288,0,0,325,576,0,49,1637,1306,0,0,0,19
51,2023-02-12,415,490,1512,448,0,0,361,701,0,29,856,739,0,0,0,7
51,2023-02-13,210,242,628,334,0,0,158,462,0,21,725,630,0,0,0,12
51,2023-02-14,249,245,537,346,0,0,239,374,0,10,782,727,0,0,0,30
51,2023-02-15,95,128,166,70,0,0,58,167,0,35,1186,1268,0,0,0,5
51,2023-02-16,7,25,263,127,0,0,117,136,0,18,568,1281,0,0,0,3
51,2023-02-17,0,0,87,63,0,0,68,163,0,0,14,112,0,0,0,0
51,2023-02-18,4,2,198,265,0,0,44,110,0,0,95,346,0,0,0,12
51,2023-02-19,12,21,290,226,0,0,77,132,0,1,272,818,0,0,0,8
51,2023-02-20,18,21,185,237,0,0,119,181,0,0,426,753,0,0,0,0
51,2023-02-21,33,70,511,543,0,0,156,188,0,2,780,1660,0,0,0,6
51,2023-02-22,67,131,1089,1057,0,0,122,206,0,3,719,1748,0,0,0,7
51,2023-02-23,25,61,636,824,0,0,146,260,0,0,500,1108,0,0,0,5
51,2023-02-24,23,59,442,732,0,0,104,202,0,0,716,1143,0,0,0,2
51,2023-02-25,15,84,510,778,0,0,54,225,0,7,575,857,0,0,0,1
51,2023-02-26,43,239,876,1085,0,0,254,669,0,4,701,941,0,0,0,0
51,2023-02-27,163,552,1722,1554,0,0,255,677,0,28,1128,768,0,0,0,1
51,2023-02-28,146,418,1449,1227,0,0,232,888,0,15,721,661,0,0,0,2
51,2023-03-01,67,250,779,849,0,0,219,685,0,9,789,704,0,0,0,6
51,2023-03-02,55,218,511,802,0,0,226,557,0,11,952,1359,0,0,0,6
51,2023-03-03,73,223,574,689,0,0,221,555,0,36,1057,1665,0,0,0,5
51,2023-03-04,173,394,805,939,0,0,198,209,0,93,1983,2233,0,0,0,9
51,2023-03-05,103,215,733,959,0,0,241,544,0,46,988,1520,0,0,0,6
51,2023-03-06,39,53,366,494,0,0,164,449,0,17,833,1268,0,0,0,3
51,2023-03-07,26,44,233,413,0,0,234,561,0,49,1374,1741,0,0,0,5
51,2023-03-08,58,73,356,395,0,0,244,974,0,59,1225,1656,0,0,0,0
51,2023-03-09,78,131,493,552,0,0,192,614,0,56,1459,2121,0,0,0,9
51,2023-03-10,99,196,541,506,0,0,328,1161,0,64,1833,2568,0,0,0,15
51,2023-03-11,17,29,123,243,0,0,214,898,0,12,895,1144,0,0,0,9
51,2023-03-12,0,2,50,146,0,0,115,427,0,0,86,172,0,0,0,0
51,2023-03-13,0,0,4,40,0,0,0,10,0,0,305,904,0,0,0,1
51,2023-03-14,0,12,79,258,0,0,34,307,0,3,643,671,0,0,0,5
51,2023-03-15,24,51,197,378,0,0,132,895,0,45,643,571,0,0,0,9
51,2023-03-16,11,50,139,308,0,0,153,635,0,17,311,254,0,0,0,2
51,2023-03-17,8,43,110,184,0,0,173,707,0,20,555,436,0,0,0,4
51,2023-03-18,4,124,87,196,0,0,193,671,0,34,536,293,0,0,0,6
51,2023-03-19,37,97,86,150,0,0,219,277,0,36,289,343,0,0,0,4
51,2023-03-20,38,360,390,309,0,0,262,626,0,156,559,477,0,0,0,1
51,2023-03-21,19,234,617,364,0,0,394,997,0,70,1153,1218,0,0,0,4
51,2023-03-22,49,253,911,404,0,0,903,2139,0,92,1548,580,0,0,0,0
51,2023-03-23,70,510,1046,409,0,0,1080,3051,0,139,3203,1599,0,0,0,10
51,2023-03-24,103,558,1368,579,0,0,1647,5261,0,121,2620,1324,0,0,0,11
51,2023-03-25,182,823,2316,702,0,0,2086,3997,0,118,4848,2937,0,0,0,9
51,2023-03-26,209,769,3568,1133,0,0,2781,5359,0,83,4287,2622,0,0,0,22
51,2023-03-27,205,660,2567,709,0,0,1418,1122,0,56,2073,1419,0,0,0,9
51,2023-03-28,349,742,1567,257,0,0,931,1339,0,105,2597,1087,0,0,0,5
51,2023-03-29,319,567,1110,184,0,0,789,981,0,169,1746,782,0,0,0,1
51,2023-03-30,319,738,1153,379,0,0,572,747,0,256,3400,1659,0,0,0,14
51,2023-03-31,332,783,1684,579,0,0,1089,1405,0,197,3221,1315,0,0,0,9
51,2023-04-01,128,384,1352,436,0,0,716,1189,0,71,1748,1319,0,0,0,14
51,2023-04-02,109,235,783,196,0,0,1092,2028,0,62,882,295,0,0,0,3
51,2023-04-03,125,286,1139,366,0,0,1602,2934,0,65,1362,896,0,0,0,6
51,2023-04-04,211,447,1320,635,0,0,1707,4455,0,81,1844,1421,0,0,0,14
51,2023-04-05,269,702,2168,875,0,0,2005,4715,0,106,3366,2572,0,0,0,18
51,2023-04-06,179,477,1761,891,0,0,1155,5163,0,45,2129,1682,0,0,0,31
51,2023-04-07,40,137,843,187,0,0,721,916,0,27,1004,1564,0,0,0,29
51,2023-04-08,38,54,234,85,0,0,432,800,0,20,1158,1589,0,0,0,7
51,2023-04-09,84,136,470,130,0,0,437,1326,0,31,1087,1682,0,0,0,22
51,2023-04-10,143,320,924,270,0,0,584,1724,0,49,1658,1907,0,0,0,47
51,2023-04-11,186,411,1095,235,0,0,916,3504,0,30,1326,1809,0,0,0,96
51,2023-04-12,72,136,801,283,0,0,575,1576,0,5,846,1275,0,0,0,56
51,2023-04-13,52,105,477,104,0,0,275,1426,0,4,533,989,0,0,0,30
51,2023-04-14,125,193,497,99,0,0,378,1520,0,16,504,946,0,0,0,53
51,2023-04-15,69,165,590,195,0,0,369,868,0,10,723,1056,0,0,0,39
51,2023-04-16,168,207,672,93,0,0,361,714,0,17,512,729,0,0,0,24
51,2023-04-17,75,151,635,209,0,0,282,950,0,1,328,493,0,0,0,21
51,2023-04-18,37,49,451,225,0,0,289,1682,0,1,399,739,0,0,0,21
51,2023-04-19,16,36,401,176,0,0,406,2683,0,5,305,1126,0,0,0,46
51,2023-04-20,17,62,255,239,0,0,286,1683,0,4,308,1008,0,0,0,30
51,2023-04-21,69,140,307,351,0,0,405,1780,0,8,383,481,0,0,0,34
51,2023-04-22,17,57,215,286,0,0,208,3010,0,3,339,439,0,0,0,18
51,2023-04-23,21,37,161,185,0,0,299,1130,0,8,158,394,0,0,0,28
51,2023-04-24,18,22,116,108,0,0,163,530,0,4,138,476,0,0,0,12
51,2023-04-25,32,33,207,115,0,0,206,688,0,5,276,778,0,0,0,16
51,2023-04-26,30,47,96,66,0,0,89,137,0,4,360,693,0,0,0,7
51,2023-04-27,22,33,130,72,0,0,179,319,0,2,216,544,0,0,0,4
51,2023-04-28,31,44,287,125,0,0,151,454,0,2,216,466,0,0,0,7
51,2023-04-29,42,64,180,55,0,0,66,190,0,0,172,440,0,0,0,5
51,2023-04-30,12,26,39,36,0,0,8,1,0,1,182,476,0,0,0,0
51,2023-05-01,43,103,283,161,0,0,9,47,0,4,269,293,0,0,0,3
51,2023-05-02,33,80,332,131,0,0,30,91,0,0,61,195,0,0,0,10
51,2023-05-03,11,40,114,84,0,0,3,139,0,0,39,147,0,0,0,2
51,2023-05-04,13,51,204,118,0,0,26,568,0,2,45,258,0,0,0,7
51,2023-05-05,45,49,230,118,0,0,113,810,0,1,91,606,0,0,0,18
51,2023-05-06,102,116,453,151,0,0,240,1194,0,10,255,611,0,0,0,12
51,2023-05-07,102,191,621,294,0,0,358,717,0,5,175,204,0,0,0,23
51,2023-05-08,0,4,8,4,0,0,1,8,0,2,77,136,0,0,0,4
51,2023-05-09,0,7,34,19,0,0,6,26,0,1,20,38,0,0,0,4
51,2023-05-10,1,0,3,5,0,0,2,25,0,0,16,74,0,0,0,2
51,2023-05-11,1,7,34,12,0,0,13,22,0,0,19,98,0,0,0,3
51,2023-05-12,0,1,15,35,0,0,3,0,0,0,7,8,0,0,0,4
51,2023-05-13,0,0,5,7,0,0,0,0,0,0,3,4,0,0,0,0
51,2023-05-14,0,0,7,25,0,0,0,0,0,0,0,0,0,0,0,0
51,2023-05-15,0,0,2,7,0,0,0,1,0,0,1,1,0,0,0,0
51,2023-05-16,0,1,14,43,0,0,0,0,0,0,1,1,0,0,0,0
51,2023-05-17,2,3,71,87,0,0,13,29,0,1,8,19,0,0,0,3
51,2023-05-18,3,3,105,97,0,0,69,182,0,0,10,25,0,0,0,21
51,2023-05-19,3,5,81,84,0,0,42,145,0,0,12,42,0,0,0,8
51,2023-05-20,3,16,79,76,0,0,60,175,0,0,13,28,0,0,0,18
51,2023-05-21,4,5,41,38,0,0,37,124,0,0,1,43,0,0,0,25
51,2023-05-22,4,11,87,54,0,0,35,111,0,0,25,41,0,0,0,25
51,2023-05-23,11,4,122,53,0,0,22,77,0,0,7,28,0,0,0,22
51,2023-05-24,1,0,12,10,0,0,5,34,0,0,10,10,0,0,0,4
51,2023-05-25,2,6,17,13,0,0,2,5,0,0,1,7,0,0,0,9
51,2023-05-26,2,2,18,4,0,0,2,5,0,0,2,21,0,0,0,3
51,2023-05-27,2,1,21,5,0,0,1,3,0,0,7,27,0,0,0,5
51,2023-05-28,12,7,35,21,0,0,0,7,0,0,10,23,0,0,0,11
51,2023-05-29,0,0,0,0,0,0,0,16,0,0,5,7,0,0,0,5
51,2023-05-30,0,7,29,6,0,0,10,17,0,0,4,12,0,0,0,11
51,2023-05-31,2,3,10,10,0,0,6,19,0,0,2,3,0,0,0,11
51,2023-06-01,1,4,41,9,0,0,10,21,0,0,4,2,0,0,0,6
51,2023-06-02,5,3,59,43,0,0,10,14,0,0,1,10,0,0,0,10
51,2023-06-03,1,1,53,45,0,0,8,6,0,0,3,1,0,0,0,14
51,2023-06-04,2,5,26,14,0,0,1,1,0,0,1,3,0,0,0,4
51,2023-06-05,2,2,9,4,0,0,2,0,0,0,1,1,0,0,0,4
51,2023-06-06,0,0,0,1,0,0,0,0,0,1,0,1,0,0,0,0
51,2023-06-07,0,0,3,2,0,0,0,0,0,0,1,1,0,0,0,3
51,2023-06-08,0,0,3,0,0,0,0,0,0,0,0,1,0,0,0,0
51,2023-06-09,0,0,1,0,0,0,0,0,0,0,0,0,0,0,0,0
51,2023-06-10,1,0,0,1,0,0,1,0,0,0,0,1,0,0,0,0
51,2023-06-11,0,0,1,2,0,0,0,0,0,0,0,1,0,0,0,0
51,2023-06-12,0,0,1,1,0,0,0,0,0,0,0,0,0,0,0,0
51,2023-06-13,0,1,3,2,0,0,0,0,0,0,0,0,0,0,0,0
51,2023-06-14,1,0,1,1,0,0,0,0,0,0,0,0,0,0,0,0
51,2023-06-15,0,0,2,3,0,0,0,0,0,0,0,1,0,0,0,0
51,2023-06-16,0,0,1,0,0,0,0,0,0,0,0,0,0,0,0,0
51,2023-06-17,2,1,3,2,0,0,5,0,0,0,0,0,0,0,0,3
51,2023-06-18,2,1,5,2,0,0,2,0,0,0,1,4,0,0,0,0
51,2023-06-19,0,1,7,2,0,0,0,0,0,0,0,2,0,0,0,13
51,2023-06-20,0,0,4,2,0,0,0,0,0,0,0,0,0,0,0,1
51,2023-06-21,0,0,0,9,0,0,5,0,0,0,0,0,0,0,0,0
51,2023-06-22,0,0,2,21,0,0,0,0,0,0,1,0,0,0,0,0
51,2023-06-23,0,0,5,15,0,0,2,8,0,0,0,0,0,0,0,0
51,2023-06-24,0,0,5,10,0,0,6,0,0,0,0,0,0,0,0,0
51,2023-06-25,0,0,0,1,0,0,0,0,0,0,0,0,0,0,0,3
51,2023-06-26,0,0,0,0,0,0,0,0,0,0,1,4,0,0,0,4
51,2023-06-27,0,0,2,0,0,0,0,3,0,0,3,1,0,0,0,6
51,2023-06-28,1,0,0,1,0,0,0,0,0,3,0,5,0,0,0,2
51,2023-06-29,0,1,22,18,0,0,0,0,0,0,3,1,0,0,0,12
51,2023-06-30,0,1,0,6,0,0,1,0,0,0,0,0,0,0,0,2
51,2023-07-01,0,0,15,2,0,0,0,0,0,0,0,0,0,0,0,3
51,2023-07-02,0,0,0,1,0,0,0,0,0,0,0,0,0,0,0,0
51,2023-07-03,0,0,0,0,0,0,0,0,0,0,0,0,0,0,0,0
51,2023-07-04,0,0,0,0,0,0,0,0,0,0,0,2,0,0,0,0
51,2023-07-05,0,0,1,7,0,0,0,0,0,0,0,0,0,0,0,0
51,2023-07-06,0,0,9,25,0,0,0,0,0,0,0,1,0,0,0,0
51,2023-07-07,0,1,14,11,0,0,0,1,0,0,1,3,0,0,0,0
51,2023-07-08,0,0,5,10,0,0,1,0,0,0,0,3,0,0,0,0
51,2023-07-09,0,0,0,1,0,0,1,0,0,0,0,0,0,0,0,0
51,2023-07-10,0,0,24,6,0,0,0,0,0,0,0,0,0,0,0,0
51,2023-07-11,0,0,0,6,0,0,1,0,0,0,0,0,0,0,0,0
51,2023-07-12,0,0,2,9,0,0,0,0,0,0,1,0,0,0,0,0
51,2023-07-13,0,0,0,11,0,0,0,1,0,0,0,0,0,0,0,0
51,2023-07-14,1,0,5,3,0,0,0,0,0,0,0,1,0,0,0,0
51,2023-07-15,0,0,4,10,0,0,1,0,0,0,0,0,0,0,0,0
51,2023-07-16,0,0,0,1,0,0,0,0,0,0,0,1,0,0,0,0
51,2023-07-17,1,0,9,3,0,0,1,0,0,0,0,2,0,0,0,16
51,2023-07-18,0,0,0,0,0,0,0,0,0,0,0,0,0,0,0,10
51,2023-07-19,0,0,1,0,0,0,0,0,0,0,1,2,0,0,0,0
51,2023-07-20,0,0,1,1,0,0,0,0,0,0,2,0,0,0,0,0
51,2023-07-21,0,0,7,1,0,0,0,0,0,0,0,1,0,0,0,2
51,2023-07-22,0,0,12,2,0,0,0,0,0,0,1,0,0,0,0,1
51,2023-07-23,0,0,1,2,0,0,0,0,0,0,0,1,0,0,0,0
51,2023-07-24,0,0,2,0,0,0,0,0,0,0,0,0,0,0,0,0
51,2023-07-25,0,1,18,12,0,0,3,0,0,0,2,3,0,0,0,3
51,2023-07-26,0,0,0,0,0,0,0,0,0,0,0,0,0,0,0,0
51,2023-07-27,0,0,0,0,0,0,0,0,0,0,0,0,0,0,0,0
51,2023-07-28,0,0,4,0,0,0,0,0,0,0,0,0,0,0,0,0
51,2023-07-29,0,0,0,0,0,0,0,0,0,0,0,1,0,0,0,1
51,2023-07-30,0,0,1,0,0,0,0,0,0,0,1,0,0,0,0,0
51,2023-07-31,0,0,1,1,0,0,0,0,0,0,0,0,0,0,0,0
51,2023-08-01,0,0,1,1,0,0,0,0,0,0,0,0,0,0,0,0
51,2023-08-02,0,0,0,0,0,0,0,0,0,0,0,0,0,0,0,0
51,2023-08-03,0,0,0,0,0,0,0,0,0,0,0,0,0,0,0,0
51,2023-08-04,0,0,0,0,0,0,0,0,0,0,0,0,0,0,0,0
51,2023-08-05,0,0,0,1,0,0,0,0,0,0,0,4,0,0,0,0
51,2023-08-06,0,0,0,2,0,0,0,0,0,0,0,0,0,0,0,0
51,2023-08-07,0,0,0,0,0,0,0,0,0,0,0,0,0,0,0,0
51,2023-08-08,0,0,0,2,0,0,0,0,0,0,0,0,0,0,0,0
51,2023-08-09,0,0,0,3,0,0,0,0,0,0,0,0,0,0,0,0
51,2023-08-10,0,0,9,18,0,0,0,0,0,0,0,0,0,0,0,0
51,2023-08-11,0,0,83,19,0,0,0,0,0,0,0,0,0,0,0,0
51,2023-08-12,0,0,0,2,0,0,0,0,0,0,0,0,0,0,0,0
51,2023-08-13,0,0,8,13,0,0,0,0,0,0,0,1,0,0,0,1
51,2023-08-14,0,0,4,4,0,0,0,0,0,0,0,0,0,0,0,0
51,2023-08-15,0,0,7,6,0,0,0,0,0,0,0,2,0,0,0,0
51,2023-08-16,0,0,31,5,0,0,0,0,0,0,0,0,0,0,0,0
51,2023-08-17,0,0,2,15,0,0,0,1,0,0,0,1,0,0,0,1
51,2023-08-18,0,0,45,50,0,0,0,1,0,0,0,0,0,0,0,1
51,2023-08-19,0,0,16,28,0,0,0,0,0,0,0,0,0,0,0,0
51,2023-08-20,0,0,0,6,0,0,0,0,0,0,0,1,0,0,0,1
51,2023-08-21,0,0,17,36,0,0,0,0,0,0,0,1,0,0,0,0
51,2023-08-22,0,0,0,16,0,0,0,0,0,0,0,0,0,0,0,0
51,2023-08-23,0,0,9,22,0,0,0,0,0,0,0,0,0,0,0,0
51,2023-08-24,0,0,0,5,0,0,0,0,0,0,0,1,0,0,0,0
51,2023-08-25,0,0,5,0,0,0,0,0,0,0,0,1,0,0,0,0
51,2023-08-26,0,0,0,2,0,0,0,0,0,0,0,0,0,0,0,0
51,2023-08-27,0,0,9,5,0,0,0,0,0,0,0,3,0,0,0,0
51,2023-08-28,0,0,4,7,0,0,0,0,0,0,0,0,0,0,0,0
51,2023-08-29,0,0,12,0,0,0,0,0,0,0,0,1,0,0,0,0
51,2023-08-30,1,0,5,8,0,0,0,0,0,0,3,1,0,0,0,0
51,2023-08-31,0,0,2,34,0,0,0,0,0,0,1,0,0,0,0,0
51,2023-09-01,0,1,26,10,0,0,0,0,0,0,2,0,0,0,0,1
51,2023-09-02,0,0,6,14,0,0,1,0,0,0,0,1,0,0,0,0
51,2023-09-03,1,0,20,56,0,0,0,0,0,0,1,0,0,0,0,5
51,2023-09-04,1,0,5,8,0,0,0,0,0,0,0,1,0,0,0,1
51,2023-09-05,0,0,0,3,0,0,0,0,0,0,0,0,0,0,0,1
51,2023-09-06,0,0,0,0,0,0,0,1,0,0,0,4,0,0,0,0
51,2023-09-07,0,0,1,0,0,0,0,0,0,0,1,3,0,0,0,0
51,2023-09-08,0,0,1,1,0,0,0,0,0,0,0,1,0,0,0,2
51,2023-09-09,0,0,0,18,0,0,0,0,0,0,0,4,0,0,0,3
51,2023-09-10,0,0,0,3,0,0,0,0,0,0,1,0,0,0,0,2
51,2023-09-11,0,0,0,1,0,0,0,0,0,0,0,1,0,0,0,1
51,2023-09-12,0,0,3,0,0,0,1,0,0,0,0,2,0,0,0,1
51,2023-09-13,0,0,0,0,0,0,0,0,0,0,0,2,0,0,0,0
51,2023-09-14,0,0,0,0,0,0,0,0,0,0,0,0,0,0,0,1
51,2023-09-15,0,0,0,0,0,0,0,0,0,0,0,0,0,0,0,0
51,2023-09-16,0,0,0,2,0,0,0,0,0,0,0,3,0,0,0,2
51,2023-09-17,0,0,0,8,0,0,0,0,0,0,0,5,0,0,0,0
51,2023-09-18,0,0,0,0,0,0,0,0,0,0,0,0,0,0,0,0
51,2023-09-19,0,0,0,0,0,0,0,0,0,0,2,0,0,0,0,0
51,2023-09-20,0,0,1,1,0,0,0,0,0,0,0,0,0,0,0,0
51,2023-09-21,0,2,11,7,0,0,0,0,0,0,0,2,0,0,0,1
51,2023-09-22,0,0,1,1,0,0,0,0,0,0,2,7,0,0,0,1
51,2023-09-23,0,0,17,4,0,0,3,1,0,0,0,8,0,0,0,3
51,2023-09-24,2,0,10,13,0,0,0,2,0,0,3,2,0,0,0,1
51,2023-09-25,0,0,1,4,0,0,0,5,0,0,2,0,0,0,0,1
51,2023-09-26,0,0,0,0,0,0,0,2,0,0,0,1,0,0,0,4
51,2023-09-27,0,0,0,0,0,0,0,0,0,0,0,6,0,0,0,0
51,2023-09-28,0,0,0,0,0,0,0,0,0,0,0,3,0,0,0,0
51,2023-09-29,0,0,0,0,0,0,0,0,0,0,0,0,0,0,0,0
51,2023-09-30,0,0,0,0,0,0,0,0,0,0,0,2,0,0,0,0
51,2023-10-01,0,0,0,1,0,0,0,0,0,0,0,0,0,0,0,0
51,2023-10-02,0,0,0,1,0,0,0,0,0,0,0,1,0,0,0,0
51,2023-10-03,0,0,6,3,0,0,0,0,0,0,2,4,0,0,0,0
51,2023-10-04,0,0,15,1,0,0,1,0,0,0,0,3,0,0,0,1
51,2023-10-05,0,0,2,4,0,0,1,0,0,0,1,5,0,0,0,2
51,2023-10-06,0,0,1,2,0,0,0,0,0,0,0,0,0,0,0,0
51,2023-10-07,0,0,2,1,0,0,0,0,0,0,0,0,0,0,0,0
51,2023-10-08,0,0,3,0,0,0,0,0,0,0,0,0,0,0,0,0
51,2023-10-09,0,0,0,0,0,0,0,0,0,0,0,0,0,0,0,0
51,2023-10-10,0,0,0,0,0,0,0,0,0,0,0,0,0,0,0,0
51,2023-10-11,0,0,0,3,0,0,0,0,0,0,1,0,0,0,0,0
51,2023-10-12,0,0,0,3,0,0,0,0,0,0,0,0,0,0,0,0
51,2023-10-13,0,0,0,8,0,0,0,2,0,0,0,0,0,0,0,0
51,2023-10-14,0,0,2,15,0,0,0,0,0,0,2,4,0,0,0,0
51,2023-10-15,0,0,0,7,0,0,0,0,0,0,1,5,0,0,0,1
51,2023-10-16,0,0,0,5,0,0,0,0,0,0,0,2,0,0,0,0
51,2023-10-17,0,0,1,3,0,0,0,2,0,0,0,1,0,0,0,0
51,2023-10-18,0,0,4,11,0,0,0,5,0,0,2,1,0,0,0,0
51,2023-10-19,0,1,3,13,0,0,0,5,0,0,12,14,0,0,0,5
51,2023-10-20,0,1,21,27,0,0,2,4,0,0,4,15,0,0,0,1
51,2023-10-21,0,0,1,11,0,0,0,0,0,0,5,1,0,0,0,0
51,2023-10-22,0,0,0,3,0,0,0,5,0,0,1,1,0,0,0,0
51,2023-10-23,0,0,5,6,0,0,0,0,0,0,1,0,0,0,0,0
51,2023-10-24,0,0,14,17,0,0,0,3,0,0,5,1,0,0,0,0
51,2023-10-25,1,0,11,5,0,0,3,2,0,0,2,5,0,0,0,0
51,2023-10-26,0,0,4,6,0,0,1,5,0,0,0,3,0,0,0,1
51,2023-10-27,0,1,0,2,0,0,0,0,0,0,0,1,0,0,0,0
51,2023-10-28,0,0,1,3,0,0,0,0,0,0,1,2,0,0,0,0
51,2023-10-29,0,0,0,0,0,0,0,1,0,0,2,3,0,0,0,0
51,2023-10-30,0,0,2,1,0,0,0,2,0,0,1,2,0,0,0,0
51,2023-10-31,0,0,0,4,0,0,0,0,0,0,1,1,0,0,0,1
51,2023-11-01,0,0,0,1,0,0,0,6,0,0,7,2,0,0,0,0
51,2023-11-02,0,0,0,5,0,0,0,0,0,0,0,0,0,0,0,0
51,2023-11-03,1,0,13,16,0,0,0,0,0,0,9,10,0,0,0,0
51,2023-11-04,0,1,19,18,0,0,1,3,0,0,19,17,0,0,0,1
51,2023-11-05,0,1,37,35,0,0,2,4,0,0,12,11,0,0,0,9
51,2023-11-06,0,0,5,13,0,0,3,4,0,0,11,4,0,0,0,1
51,2023-11-07,0,0,2,10,0,0,0,1,0,0,1,4,0,0,0,1
51,2023-11-08,0,0,4,5,0,0,0,0,0,0,14,9,0,0,0,5
51,2023-11-09,0,1,11,2,0,0,0,1,0,0,14,33,0,0,0,3
51,2023-11-10,1,2,31,7,0,0,1,3,0,0,26,25,0,0,0,5
51,2023-11-11,0,2,11,10,0,0,3,5,0,0,13,13,0,0,0,2
51,2023-11-12,0,0,2,3,0,0,0,1,0,0,1,13,0,0,0,1
51,2023-11-13,0,1,3,0,0,0,1,0,0,0,3,5,0,0,0,0
51,2023-11-14,0,1,4,12,0,0,0,0,0,0,12,7,0,0,0,0
51,2023-11-15,1,1,34,29,0,0,0,3,0,0,52,14,0,0,0,0
51,2023-11-16,2,0,26,25,0,0,2,1,0,0,24,5,0,0,0,0
51,2023-11-17,0,0,14,13,0,0,1,0,0,0,2,0,0,0,0,0
51,2023-11-18,0,0,25,11,0,0,0,1,0,0,16,0,0,0,0,0
51,2023-11-19,0,2,56,21,0,0,4,5,0,0,78,10,0,0,0,0
51,2023-11-20,3,5,78,42,0,0,4,5,0,0,126,32,0,0,0,1
51,2023-11-21,5,3,144,88,0,0,10,7,0,0,71,31,0,0,0,2
51,2023-11-22,1,3,73,64,0,0,4,12,0,0,50,15,0,0,0,2
51,2023-11-23,1,1,26,8,0,0,6,5,0,1,22,18,0,0,0,1
51,2023-11-24,3,2,39,31,0,0,2,2,0,0,69,30,0,0,0,3
51,2023-11-25,3,4,77,43,0,0,0,5,0,0,161,49,0,0,0,4
51,2023-11-26,8,7,125,46,0,0,7,10,0,0,82,30,0,0,0,5
51,2023-11-27,0,4,64,54,0,0,7,14,0,0,58,23,0,0,0,10
51,2023-11-28,5,0,43,30,0,0,1,5,0,0,41,8,0,0,0,1
51,2023-11-29,1,1,35,2,0,0,2,5,0,0,33,28,0,0,0,5
51,2023-11-30,0,0,52,28,0,0,0,1,0,0,26,26,0,0,0,2
51,2023-12-01,3,9,120,38,0,0,3,4,0,0,166,65,0,0,0,1
51,2023-12-02,1,6,43,37,0,0,1,4,0,0,52,19,0,0,0,4
51,2023-12-03,2,0,9,11,0,0,0,2,0,0,30,26,0,0,0,0
51,2023-12-04,0,1,24,9,0,0,0,2,0,0,30,28,0,0,0,0
51,2023-12-05,0,2,56,36,0,0,3,5,0,0,37,45,0,0,0,0
51,2023-12-06,0,3,70,57,0,0,1,2,0,0,71,54,0,0,0,0
51,2023-12-07,1,3,68,93,0,0,3,8,0,0,45,15,0,0,0,0
51,2023-12-08,0,1,40,63,0,0,2,7,0,0,19,10,0,0,0,0
51,2023-12-09,0,2,19,30,0,0,1,9,0,0,24,15,0,0,0,1
51,2023-12-10,1,3,29,47,0,0,1,4,0,0,11,12,0,0,0,5
51,2023-12-11,2,4,82,65,0,0,5,10,0,0,49,71,0,0,0,3
51,2023-12-12,3,3,88,87,0,0,4,13,0,0,33,73,0,0,0,2
51,2023-12-13,0,4,35,64,0,0,4,8,0,0,17,37,0,0,0,3
51,2023-12-14,3,3,22,38,0,0,1,7,0,0,18,27,0,0,0,0
51,2023-12-15,0,2,23,37,0,0,3,16,0,0,36,88,0,0,0,2
51,2023-12-16,6,3,40,55,0,0,4,9,0,0,78,115,0,0,0,3
51,2023-12-17,2,3,65,84,0,0,1,15,0,0,63,104,0,0,0,9
51,2023-12-18,0,3,71,132,0,0,8,19,0,0,41,51,0,0,0,5
51,2023-12-19,0,0,30,64,0,0,7,6,0,0,23,30,0,0,0,1
51,2023-12-20,5,2,10,40,0,0,8,8,0,0,42,56,0,0,0,2
51,2023-12-21,3,2,29,106,0,0,3,1,0,0,62,81,0,0,0,4
51,2023-12-22,5,0,27,119,0,0,2,13,0,0,78,118,0,0,0,0
51,2023-12-23,4,2,90,171,0,0,21,21,0,0,70,96,0,0,0,2
51,2023-12-24,3,2,51,44,0,0,3,17,0,0,37,68,0,0,0,0
51,2023-12-25,0,2,10,12,0,0,0,8,0,0,27,107,0,0,0,0
51,2023-12-26,2,6,36,58,0,0,15,29,0,0,42,122,0,0,0,5
51,2023-12-27,6,3,52,70,0,0,6,5,0,0,61,175,0,0,0,7
51,2023-12-28,3,8,84,123,0,0,12,26,0,0,66,117,0,0,0,6
51,2023-12-29,3,3,36,89,0,0,7,22,0,0,25,65,0,0,0,13
51,2023-12-30,3,0,14,61,0,0,0,17,0,0,38,101,0,0,0,3
51,2023-12-31,2,0,15,48,0,0,4,12,0,0,27,138,0,0,0,2
51,2024-01-01,3,0,15,43,0,0,5,7,0,0,53,128,0,0,0,5
51,2024-01-02,6,8,40,91,0,0,12,17,0,2,91,122,0,0,0,9
51,2024-01-03,3,1,48,200,0,0,18,36,0,0,59,100,0,0,0,19
51,2024-01-04,0,1,28,81,0,0,8,18,0,0,25,82,0,0,0,6
51,2024-01-05,1,5,20,64,0,0,4,12,0,0,36,120,0,0,0,10
51,2024-01-06,3,8,28,88,0,0,14,17,0,0,48,147,0,0,0,12
51,2024-01-07,1,2,34,115,0,0,3,32,0,0,98,232,0,0,0,16
51,2024-01-08,5,4,72,175,0,0,16,23,0,0,68,137,0,0,0,26
51,2024-01-09,1,1,36,121,0,0,9,25,0,0,69,139,0,0,0,8
51,2024-01-10,0,4,13,73,0,0,2,4,0,0,48,122,0,0,0,8
51,2024-01-11,2,7,31,76,0,0,4,15,0,0,77,125,0,0,0,6
51,2024-01-12,5,7,29,60,0,0,11,15,0,0,79,192,0,0,0,7
51,2024-01-13,11,11,37,99,0,0,2,10,0,0,81,177,0,0,0,15
51,2024-01-14,2,1,14,164,0,0,10,25,0,0,35,111,0,0,0,15
51,2024-01-15,2,3,15,117,0,0,1,7,0,0,38,113,0,0,0,1
51,2024-01-16,0,1,26,94,0,0,8,10,0,0,42,81,0,0,0,3
51,2024-01-17,4,9,33,96,0,0,18,17,0,0,61,164,0,0,0,0
51,2024-01-18,7,4,57,170,0,0,15,20,0,0,116,205,0,0,0,3
51,2024-01-19,13,15,74,215,0,0,9,50,0,0,98,135,0,0,0,6
51,2024-01-20,5,8,62,123,0,0,20,29,0,0,91,112,0,0,0,1
51,2024-01-21,4,29,63,135,0,0,18,20,0,6,165,147,0,0,0,2
51,2024-01-22,7,12,59,143,0,0,24,25,0,0,128,185,0,0,0,9
51,2024-01-23,17,23,85,97,0,0,21,10,0,0,197,293,0,0,0,6
51,2024-01-24,8,16,86,96,0,0,6,11,0,0,177,199,0,0,0,14
51,2024-01-25,1,4,35,5,0,0,1,8,0,0,48,56,0,0,0,1
51,2024-01-26,0,0,1,98,0,0,0,0,0,0,60,67,0,0,0,1
51,2024-01-27,0,1,4,102,0,0,3,11,0,0,60,83,0,0,0,0
51,2024-01-28,0,1,11,23,0,0,0,0,0,0,82,181,0,0,0,0
51,2024-01-29,0,3,19,52,0,0,5,1,0,0,185,212,0,0,0,11
51,2024-01-30,0,3,8,43,0,0,0,8,0,0,103,217,0,0,0,9
51,2024-01-31,1,1,1,52,0,0,1,2,0,0,27,29,0,0,0,3
51,2024-02-01,2,14,47,103,0,0,5,27,0,0,216,272,0,0,0,4
51,2024-02-02,10,11,70,116,0,0,25,49,0,3,256,371,0,0,0,1
51,2024-02-03,22,43,153,201,0,0,31,65,0,0,374,581,0,0,0,10
51,2024-02-04,9,70,206,620,0,0,44,102,0,0,290,326,0,0,0,6
51,2024-02-05,0,26,152,712,0,0,27,85,0,0,267,305,0,0,0,7
51,2024-02-06,10,13,100,634,0,0,23,87,0,0,403,318,0,0,0,3
51,2024-02-07,4,17,101,599,0,0,60,141,0,0,324,448,0,0,0,5
51,2024-02-08,11,24,147,498,0,0,72,109,0,0,397,689,0,0,0,4
51,2024-02-09,16,36,233,513,0,0,46,58,0,0,284,484,0,0,0,2
51,2024-02-10,2,0,56,396,0,0,3,11,0,0,250,386,0,0,0,0
51,2024-02-11,1,3,30,343,0,0,3,12,0,4,291,439,0,0,0,0
51,2024-02-12,3,10,71,249,0,0,66,51,0,0,163,492,0,0,0,0
51,2024-02-13,32,23,158,500,0,0,66,64,0,0,395,883,0,0,0,0
51,2024-02-14,97,70,401,828,0,0,49,84,0,2,685,790,0,0,0,9
51,2024-02-15,40,54,373,1078,0,0,50,127,0,2,425,457,0,0,0,9
51,2024-02-16,22,23,135,381,0,0,30,65,0,3,403,482,0,0,0,2
51,2024-02-17,11,18,61,137,0,0,66,92,0,8,942,1344,0,0,0,7
51,2024-02-18,60,95,129,106,0,0,161,173,0,5,1187,1194,0,0,0,3
51,2024-02-19,95,151,215,284,0,0,74,108,0,11,1547,1225,0,0,0,12
51,2024-02-20,132,211,399,714,0,0,89,139,0,6,976,691,0,0,0,23
51,2024-02-21,77,100,215,477,0,0,62,102,0,1,425,468,0,0,0,13
51,2024-02-22,56,59,149,230,0,0,49,114,0,7,525,452,0,0,0,13
51,2024-02-23,102,90,158,191,0,0,94,96,0,15,583,666,0,0,0,16
51,2024-02-24,153,162,256,253,0,0,95,107,0,36,789,787,0,0,0,13
51,2024-02-25,241,261,365,348,0,0,86,96,0,27,1160,863,0,0,0,11
51,2024-02-26,81,63,162,358,0,0,65,112,0,12,710,648,0,0,0,21
51,2024-02-27,25,33,79,274,0,0,46,56,0,38,1020,861,0,0,0,29
51,2024-02-28,55,92,58,136,0,0,74,79,0,32,1051,1331,0,0,0,29
51,2024-02-29,140,149,278,136,0,0,80,107,0,51,1299,1459,0,0,0,14
51,2024-03-01,357,399,623,174,0,0,68,99,0,112,2292,1500,0,0,0,9
51,2024-03-02,232,140,274,208,0,0,60,96,0,55,1314,1241,0,0,0,5
51,2024-03-03,119,72,145,113,0,0,44,130,0,48,1266,1731,0,0,0,1
51,2024-03-04,172,181,479,144,0,0,122,300,0,31,1378,1424,0,0,0,4
51,2024-03-05,241,342,647,427,0,0,199,452,0,42,1606,1786,0,0,0,8
51,2024-03-06,313,566,978,605,0,0,205,501,0,95,2124,2419,0,0,0,10
51,2024-03-07,177,326,957,857,0,0,147,370,0,50,1524,1826,0,0,0,6
51,2024-03-08,85,199,275,187,0,0,102,196,0,67,627,1400,0,0,0,4
51,2024-03-09,170,209,190,67,0,0,26,64,0,28,1343,2040,0,0,0,7
51,2024-03-10,212,347,439,143,0,0,105,96,0,58,1500,1775,0,0,0,6
51,2024-03-11,323,688,608,209,0,0,91,76,0,113,2518,2158,0,0,0,2
51,2024-03-12,468,940,824,312,0,0,63,115,0,191,3775,2709,0,0,0,14
51,2024-03-13,381,716,1057,249,0,0,137,250,0,141,1626,978,0,0,0,17
51,2024-03-14,163,207,570,355,0,0,135,200,0,36,1259,1614,0,0,0,11
51,2024-03-15,42,145,532,462,0,0,195,602,0,36,1181,1039,0,0,0,12
51,2024-03-16,170,390,561,213,0,0,199,605,0,39,1164,1479,0,0,0,7
51,2024-03-17,160,533,560,405,0,0,137,406,0,78,1141,1513,0,0,0,9
51,2024-03-18,57,282,478,335,0,0,171,355,0,91,1170,1134,0,0,0,10
51,2024-03-19,21,25,56,39,0,0,31,85,0,27,1185,1698,0,0,0,5
51,2024-03-20,19,30,16,18,0,0,0,1,0,7,621,1688,0,0,0,0
51,2024-03-21,8,33,3,76,0,0,15,16,0,2,279,756,0,0,0,1
51,2024-03-22,22,108,28,168,0,0,26,14,0,4,401,477,0,0,0,1
51,2024-03-23,123,297,134,151,0,0,49,71,0,18,581,471,0,0,0,7
51,2024-03-24,118,250,264,169,0,0,156,211,0,10,644,725,0,0,0,5
51,2024-03-25,108,289,300,142,0,0,282,487,0,24,1110,1074,0,0,0,4
51,2024-03-26,66,158,103,61,0,0,119,496,0,45,716,953,0,0,0,2
51,2024-03-27,172,533,225,130,0,0,236,565,0,161,2859,1937,0,0,0,3
51,2024-03-28,248,800,467,58,0,0,313,1154,0,82,1617,1606,0,0,0,1
51,2024-03-29,182,667,336,165,0,0,249,500,0,81,1225,1510,0,0,0,0
51,2024-03-30,160,360,406,177,0,0,262,607,0,38,2094,1616,0,0,0,4
51,2024-03-31,202,331,567,317,0,0,645,1831,0,39,1812,2404,0,0,0,5
51,2024-04-01,176,444,783,437,0,0,476,1894,0,47,2437,1802,0,0,0,5
51,2024-04-02,344,983,1354,554,0,0,799,2816,0,121,2567,1839,0,0,0,4
51,2024-04-03,195,558,906,466,0,0,449,1650,0,21,1648,1453,0,0,0,11
51,2024-04-04,101,235,357,248,0,0,488,2314,0,65,1388,1430,0,0,0,14
51,2024-04-05,123,186,265,156,0,0,736,2290,0,19,1787,2216,0,0,0,8
51,2024-04-06,118,224,260,215,0,0,442,2231,0,14,1640,1845,0,0,0,36
51,2024-04-07,164,450,481,322,0,0,677,2440,0,57,1169,1636,0,0,0,11
51,2024-04-08,123,305,433,311,0,0,281,1782,0,30,886,1016,0,0,0,16
51,2024-04-09,35,130,207,196,0,0,524,484,0,27,884,1378,0,0,0,16
51,2024-04-10,6,27,37,5,0,0,49,42,0,45,782,985,0,0,0,5
51,2024-04-11,0,57,108,84,0,0,120,264,0,5,560,954,0,0,0,7
51,2024-04-12,7,106,106,137,0,0,58,296,0,33,479,955,0,0,0,24
51,2024-04-13,20,157,277,92,0,0,446,1226,0,45,297,685,0,0,0,28
51,2024-04-14,3,81,200,62,0,0,170,725,0,4,177,583,0,0,0,7
51,2024-04-15,6,43,72,42,0,0,229,1493,0,4,286,511,0,0,0,13
51,2024-04-16,32,51,63,56,0,0,372,1120,0,29,736,459,0,0,0,12
51,2024-04-17,40,217,244,136,0,0,292,491,0,75,820,596,0,0,0,2
51,2024-04-18,57,188,389,242,0,0,512,1239,0,11,300,392,0,0,0,9
51,2024-04-19,59,85,153,125,0,0,155,330,0,9,408,365,0,0,0,2
51,2024-04-20,21,57,188,199,0,0,314,843,0,25,623,515,0,0,0,1
51,2024-04-21,50,79,150,162,0,0,409,1090,0,12,386,609,0,0,0,4
51,2024-04-22,99,175,291,183,0,0,584,1662,0,6,515,781,0,0,0,14
51,2024-04-23,72,170,320,219,0,0,476,2074,0,7,284,465,0,0,0,23
51,2024-04-24,14,56,49,49,0,0,61,1126,0,3,151,293,0,0,0,3
51,2024-04-25,45,116,272,262,0,0,177,456,0,0,172,367,0,0,0,8
51,2024-04-26,58,88,313,211,0,0,230,561,0,5,180,330,0,0,0,6
51,2024-04-27,62,129,302,311,0,0,628,2289,0,2,356,622,0,0,0,43
51,2024-04-28,84,198,543,400,0,0,601,2276,0,10,483,597,0,0,0,40
51,2024-04-29,110,272,1093,684,0,0,1197,2792,0,3,416,650,0,0,0,67
51,2024-04-30,104,225,678,556,0,0,643,1434,0,0,259,453,0,0,0,37
51,2024-05-01,181,169,1138,290,0,0,437,1341,0,0,248,527,0,0,0,10
51,2024-05-02,143,126,489,232,0,0,243,415,0,1,110,402,0,0,0,6
51,2024-05-03,143,152,518,149,0,0,28,171,0,2,194,406,0,0,0,26
51,2024-05-04,217,221,500,158,0,0,67,538,0,7,207,305,0,0,0,104
51,2024-05-05,192,149,374,152,0,0,58,50,0,1,160,192,0,0,0,24
51,2024-05-06,43,87,221,103,0,0,35,57,0,8,82,336,0,0,0,7
51,2024-05-07,6,13,59,14,0,0,28,24,0,0,42,188,0,0,0,4
51,2024-05-08,32,34,74,33,0,0,7,51,0,7,115,366,0,0,0,4
51,2024-05-09,17,47,121,81,0,0,13,147,0,17,71,205,0,0,0,13
51,2024-05-10,1,51,19,8,0,0,3,22,0,3,74,269,0,0,0,3
51,2024-05-11,9,8,15,14,0,0,0,14,0,0,48,193,0,0,0,3
51,2024-05-12,5,14,17,35,0,0,12,33,0,3,30,246,0,0,0,7
51,2024-05-13,3,15,67,5,0,0,39,165,0,0,93,474,0,0,0,25
51,2024-05-14,21,12,146,13,0,0,102,148,0,3,134,350,0,0,0,45
51,2024-05-15,0,0,54,34,0,0,68,284,0,0,78,383,0,0,0,22
51,2024-05-16,1,11,34,4,0,0,12,3,0,0,39,164,0,0,0,31
51,2024-05-17,0,0,9,1,0,0,1,1,0,0,15,43,0,0,0,1
51,2024-05-18,5,2,1,6,0,0,9,9,0,0,41,144,0,0,0,0
51,2024-05-19,10,16,70,16,0,0,13,62,0,0,49,179,0,0,0,12
51,2024-05-20,3,6,81,35,0,0,58,56,0,0,13,84,0,0,0,24
51,2024-05-21,0,1,0,0,0,0,0,3,0,0,10,16,0,0,0,0
51,2024-05-22,0,0,7,1,0,0,0,4,0,0,2,9,0,0,0,0
51,2024-05-23,0,0,2,0,0,0,0,0,0,0,4,12,0,0,0,2
51,2024-05-24,0,0,0,0,0,0,0,0,0,0,3,10,0,0,0,3
51,2024-05-25,0,0,0,7,0,0,0,0,0,0,0,0,0,0,0,0
51,2024-05-26,0,0,0,6,0,0,0,0,0,0,0,0,0,0,0,0
51,2024-05-27,0,0,0,7,0,0,0,0,0,0,0,1,0,0,0,0
51,2024-05-28,0,0,1,0,0,0,0,0,0,0,0,0,0,0,0,0
51,2024-05-29,0,0,1,2,0,0,1,2,0,0,0,1,0,0,0,1
51,2024-05-30,0,0,0,0,0,0,0,0,0,0,0,0,0,0,0,0
51,2024-05-31,0,0,0,0,0,0,0,0,0,0,0,0,0,0,0,0
51,2024-06-01,0,0,0,0,0,0,0,0,0,0,0,0,0,0,0,0
51,2024-06-02,0,0,0,0,0,0,0,0,0,0,0,0,0,0,0,0
51,2024-06-03,0,0,0,0,0,0,0,0,0,0,0,0,0,0,0,0
51,2024-06-04,0,0,2,6,0,0,1,1,0,0,3,18,0,0,0,12
51,2024-06-05,1,0,7,5,0,0,1,9,0,0,0,10,0,0,0,48
51,2024-06-06,0,0,0,0,0,0,0,0,0,0,0,0,0,0,0,0
51,2024-06-07,0,0,1,4,0,0,2,0,0,0,0,0,0,0,0,0
51,2024-06-08,0,0,0,1,0,0,0,0,0,0,0,3,0,0,0,0
51,2024-06-09,0,0,0,1,0,0,0,0,0,0,0,4,0,0,0,0
51,2024-06-10,0,1,1,0,0,0,0,0,0,0,0,4,0,0,0,0
51,2024-06-11,0,0,0,0,0,0,0,0,0,0,0,3,0,0,0,0
51,2024-06-12,0,0,0,1,0,0,0,0,0,0,0,0,0,0,0,0
51,2024-06-13,0,0,0,9,0,0,0,2,0,0,0,0,0,0,0,0
51,2024-06-14,0,0,0,3,0,0,1,0,0,0,4,0,0,0,0,0
51,2024-06-15,0,0,0,27,0,0,1,1,0,0,0,1,0,0,0,0
51,2024-06-16,0,0,1,3,0,0,1,26,0,0,0,1,0,0,0,0
51,2024-06-17,0,0,4,10,0,0,9,6,0,0,1,0,0,0,0,0
51,2024-06-18,0,0,0,2,0,0,1,0,0,0,0,0,0,0,0,0
51,2024-06-19,3,0,5,5,0,0,0,5,0,0,0,0,0,0,0,1
51,2024-06-20,0,0,2,5,0,0,8,10,0,0,0,11,0,0,0,0
51,2024-06-21,0,0,18,9,0,0,13,13,0,0,0,1,0,0,0,4
51,2024-06-22,0,0,7,1,0,0,0,0,0,0,0,0,0,0,0,0
51,2024-06-23,0,0,0,0,0,0,0,7,0,0,0,0,0,0,0,0
51,2024-06-24,0,0,0,0,0,0,0,0,0,0,0,3,0,0,0,2
51,2024-06-25,0,0,0,0,0,0,0,0,0,0,0,0,0,0,0,0
51,2024-06-26,0,0,0,1,0,0,0,0,0,0,0,0,0,0,0,0
51,2024-06-27,0,0,2,4,0,0,0,0,0,0,3,3,0,0,0,0
51,2024-06-28,0,0,3,3,0,0,0,0,0,0,0,0,0,0,0,0
51,2024-06-29,0,0,0,1,0,0,0,0,0,0,0,1,0,0,0,0
51,2024-06-30,0,0,0,0,0,0,0,0,0,0,0,0,0,0,0,0
51,2024-07-01,0,1,2,0,0,0,0,0,0,0,0,0,0,0,0,0
51,2024-07-02,0,0,0,0,0,0,0,0,0,0,0,0,0,0,0,0
51,2024-07-03,0,0,2,0,0,0,0,0,0,0,0,1,0,0,0,0
51,2024-07-04,0,0,0,0,0,0,0,0,0,0,0,0,0,0,0,0
51,2024-07-05,0,0,3,2,0,0,0,0,0,0,0,0,0,0,0,0
51,2024-07-06,0,0,1,9,0,0,0,0,0,0,3,22,0,0,0,0
51,2024-07-07,0,0,2,6,0,0,0,0,0,0,0,0,0,0,0,0
51,2024-07-08,0,0,4,6,0,0,0,0,0,0,0,1,0,0,0,0
51,2024-07-09,0,0,2,0,0,0,0,1,0,0,1,0,0,0,0,0
51,2024-07-10,0,0,0,0,0,0,0,0,0,0,0,0,0,0,0,0
51,2024-07-11,0,0,0,0,0,0,0,0,0,0,0,0,0,0,0,0
51,2024-07-12,0,0,0,0,0,0,0,0,0,0,0,0,0,0,0,0
51,2024-07-13,0,0,0,0,0,0,0,0,0,0,0,0,0,0,0,0
51,2024-07-14,0,0,0,0,0,0,0,0,0,0,0,0,0,0,0,0
51,2024-07-15,0,0,0,0,0,0,0,0,0,0,0,0,0,0,0,0
51,2024-07-16,0,0,0,0,0,0,0,0,0,0,0,1,0,0,0,0
51,2024-07-17,0,0,1,5,0,0,0,1,0,0,0,2,0,0,0,9
51,2024-07-18,0,0,0,0,0,0,0,0,0,0,0,2,0,0,0,0
51,2024-07-19,0,0,0,2,0,0,1,0,0,0,0,0,0,0,0,0
51,2024-07-20,0,0,0,0,0,0,0,0,0,0,0,0,0,0,0,0
51,2024-07-21,0,0,0,0,0,0,0,0,0,0,0,0,0,0,0,0
51,2024-07-22,0,0,0,0,0,0,0,0,0,0,0,1,0,0,0,0
51,2024-07-23,0,0,0,0,0,0,0,0,0,0,0,3,0,0,0,0
51,2024-07-24,0,0,0,0,0,0,0,0,0,0,0,0,0,0,0,0
51,2024-07-25,0,0,0,0,0,0,0,0,0,0,0,0,0,0,0,0
51,2024-07-26,0,0,0,0,0,0,0,0,0,0,0,0,0,0,0,0
51,2024-07-27,0,0,0,0,0,0,0,0,0,0,0,0,0,0,0,0
51,2024-07-28,0,0,0,0,0,0,0,0,0,0,0,0,0,0,0,0
51,2024-07-29,0,0,0,0,0,0,0,0,0,0,0,0,0,0,0,0
51,2024-07-30,0,0,0,1,0,0,0,0,0,0,0,0,0,0,0,0
51,2024-07-31,0,0,0,0,0,0,0,0,0,0,0,0,0,0,0,0
51,2024-08-01,0,0,0,0,0,0,0,0,0,0,0,0,0,0,0,0
51,2024-08-02,0,0,0,0,0,0,0,0,0,0,0,0,0,0,0,0
51,2024-08-03,0,0,0,0,0,0,0,0,0,0,0,0,0,0,0,0
51,2024-08-04,0,0,0,0,0,0,0,0,0,0,0,0,0,0,0,0
51,2024-08-05,0,0,0,6,0,0,0,0,0,0,0,0,0,0,0,0
51,2024-08-06,0,0,5,18,0,0,0,0,0,0,0,5,0,0,0,0
51,2024-08-07,0,0,28,6,0,0,0,0,0,0,0,1,0,0,0,0
51,2024-08-08,0,0,2,9,0,0,1,2,0,0,0,4,0,0,0,0
51,2024-08-09,0,0,16,15,0,0,0,0,0,0,4,3,0,0,0,2
51,2024-08-10,0,0,13,15,0,0,0,0,0,0,0,3,0,0,0,1
51,2024-08-11,0,0,0,0,0,0,0,0,0,0,0,0,0,0,0,0
51,2024-08-12,0,0,0,0,0,0,0,0,0,0,0,0,0,0,0,0
51,2024-08-13,0,0,6,57,0,0,0,0,0,0,0,1,0,0,0,0
51,2024-08-14,0,0,6,4,0,0,0,0,0,0,0,0,0,0,0,0
51,2024-08-15,0,0,1,12,0,0,1,0,0,0,0,0,0,0,0,1
51,2024-08-16,0,0,3,2,0,0,0,0,0,0,0,0,0,0,0,0
51,2024-08-17,0,0,0,2,0,0,0,0,0,0,0,0,0,0,0,0
51,2024-08-18,0,0,16,9,0,0,0,0,0,0,0,0,0,0,0,0
51,2024-08-19,0,0,1,1,0,0,0,0,0,0,0,0,0,0,0,0
51,2024-08-20,0,0,0,0,0,0,0,0,0,0,0,0,0,0,0,0
51,2024-08-21,0,0,0,2,0,0,0,0,0,0,0,0,0,0,0,0
51,2024-08-22,0,0,2,11,0,0,0,0,0,0,0,0,0,0,0,0
51,2024-08-23,0,0,6,4,0,0,0,0,0,0,1,0,0,0,0,0
51,2024-08-24,0,0,0,13,0,0,0,0,0,0,0,0,0,0,0,1
51,2024-08-25,0,0,2,3,0,0,0,0,0,0,0,1,0,0,0,0
51,2024-08-26,0,0,0,0,0,0,0,0,0,0,0,0,0,0,0,0
51,2024-08-27,0,0,4,5,0,0,0,0,0,0,0,0,0,0,0,0
51,2024-08-28,0,1,0,0,0,0,0,0,0,0,1,1,0,0,0,1
51,2024-08-29,0,0,3,8,0,0,0,0,0,0,0,0,0,0,0,0
51,2024-08-30,0,0,0,7,0,0,0,0,0,0,2,0,0,0,0,1
51,2024-08-31,0,0,0,10,0,0,0,1,0,0,0,0,0,0,0,0
51,2024-09-01,0,0,1,16,0,0,0,0,0,0,0,0,0,0,0,0
51,2024-09-02,0,0,0,0,0,0,0,0,0,0,0,0,0,0,0,0
51,2024-09-03,0,0,3,0,0,0,0,0,0,0,0,3,0,0,0,0
51,2024-09-04,0,0,1,0,0,0,0,0,0,0,0,0,0,0,0,0
51,2024-09-05,0,0,6,8,0,0,0,0,0,0,0,0,0,0,0,1
51,2024-09-06,0,0,1,0,0,0,0,0,0,0,0,1,0,0,0,1
51,2024-09-07,0,0,2,0,0,0,0,0,0,0,0,1,0,0,0,2
51,2024-09-08,0,0,0,1,0,0,0,0,0,0,0,2,0,0,0,0
51,2024-09-09,0,0,0,0,0,0,0,0,0,0,0,0,0,0,0,0
51,2024-09-10,0,0,0,0,0,0,0,0,0,0,0,0,0,0,0,0
51,2024-09-11,0,0,6,13,0,0,0,0,0,0,0,0,0,0,0,0
51,2024-09-12,0,0,0,0,0,0,0,0,0,0,0,0,0,0,0,0
51,2024-09-13,0,0,3,1,0,0,0,0,0,0,0,0,0,0,0,0
51,2024-09-14,0,1,16,6,0,0,0,0,0,0,0,0,0,0,0,0
51,2024-09-15,0,0,0,0,0,0,0,0,0,0,0,0,0,0,0,2
51,2024-09-16,1,0,6,8,0,0,0,0,0,0,0,2,0,0,0,0
51,2024-09-17,0,0,0,1,0,0,0,0,0,0,0,1,0,0,0,0
51,2024-09-18,0,0,0,0,0,0,0,0,0,0,0,3,0,0,0,2
51,2024-09-19,0,0,4,1,0,0,0,1,0,0,2,11,0,0,0,2
51,2024-09-20,0,0,0,0,0,0,0,0,0,0,0,0,0,0,0,2
51,2024-09-21,0,0,0,0,0,0,0,0,0,0,0,2,0,0,0,0
51,2024-09-22,0,0,0,0,0,0,0,0,0,0,0,0,0,0,0,0
51,2024-09-23,0,0,0,0,0,0,0,0,0,0,0,1,0,0,0,0
51,2024-09-24,0,0,0,0,0,0,0,0,0,0,0,1,0,0,0,0
51,2024-09-25,0,0,0,0,0,0,0,1,0,0,0,1,0,0,0,2
51,2024-09-26,0,0,0,0,0,0,0,0,0,0,0,0,0,0,0,0
51,2024-09-27,0,0,0,7,0,0,0,1,0,0,0,0,0,0,0,1
51,2024-09-28,1,0,1,3,0,0,0,0,0,0,1,1,0,0,0,0
51,2024-09-29,0,0,5,17,0,0,0,0,0,0,2,1,0,0,0,0
51,2024-09-30,0,0,6,38,0,0,0,0,0,0,0,1,0,0,0,0
51,2024-10-01,0,0,0,0,0,0,0,0,0,0,0,0,0,0,0,0
51,2024-10-02,0,0,0,1,0,0,0,0,0,0,0,0,0,0,0,0
51,2024-10-03,0,0,0,1,0,0,0,0,0,0,0,0,0,0,0,0
51,2024-10-04,0,0,0,6,0,0,0,0,0,0,0,0,0,0,0,0
51,2024-10-05,0,0,2,6,0,0,0,0,0,0,1,0,0,0,0,0
51,2024-10-06,0,0,14,20,0,0,2,9,0,0,0,2,0,0,0,1
51,2024-10-07,0,0,8,18,0,0,4,3,0,0,1,1,0,0,0,0
51,2024-10-08,0,0,3,1,0,0,0,3,0,0,0,2,0,0,0,0
51,2024-10-09,0,0,5,4,0,0,2,0,0,0,1,0,0,0,0,0
51,2024-10-10,0,1,8,8,0,0,0,1,0,0,6,5,0,0,0,0
51,2024-10-11,0,0,23,18,0,0,2,0,0,0,3,3,0,0,0,0
51,2024-10-12,0,0,10,16,0,0,1,2,0,0,1,3,0,0,0,0
51,2024-10-13,0,0,3,9,0,0,0,1,0,0,0,4,0,0,0,0
51,2024-10-14,0,0,0,13,0,0,0,0,0,0,1,3,0,0,0,0
51,2024-10-15,1,0,9,17,0,0,0,2,0,0,1,7,0,0,0,0
51,2024-10-16,0,0,18,16,0,0,1,0,0,0,2,5,0,0,0,0
51,2024-10-17,0,0,1,14,0,0,1,0,0,0,0,1,0,0,0,1
51,2024-10-18,0,0,1,1,0,0,0,3,0,0,0,2,0,0,0,2
51,2024-10-19,0,0,0,0,0,0,0,3,0,0,0,2,0,0,0,1
51,2024-10-20,0,0,0,0,0,0,0,1,0,0,1,0,0,0,0,0
51,2024-10-21,0,0,0,2,0,0,0,0,0,0,1,2,0,0,0,1
51,2024-10-22,0,2,5,9,0,0,0,2,0,0,2,2,0,0,0,1
51,2024-10-23,0,0,1,8,0,0,0,1,0,0,0,0,0,0,0,0
51,2024-10-24,0,0,0,5,0,0,0,6,0,0,0,2,0,0,0,1
51,2024-10-25,0,0,4,12,0,0,0,0,0,0,3,0,0,0,0,1
51,2024-10-26,0,2,7,6,0,0,0,4,0,0,4,17,0,0,0,4
51,2024-10-27,0,1,31,17,0,0,0,3,0,0,7,16,0,0,0,4
51,2024-10-28,0,0,20,8,0,0,0,0,0,0,1,8,0,0,0,8
51,2024-10-29,0,3,11,11,0,0,0,4,0,0,0,0,0,0,0,1
51,2024-10-30,0,0,12,9,0,0,0,1,0,0,4,6,0,0,0,4
51,2024-10-31,0,2,14,9,0,0,2,4,0,0,4,11,0,0,0,4
51,2024-11-01,2,2,30,19,0,0,2,4,0,0,21,13,0,0,0,5
51,2024-11-02,0,0,36,50,0,0,0,6,0,0,16,7,0,0,0,2
51,2024-11-03,0,0,0,0,0,0,0,0,0,0,0,0,0,0,0,0
51,2024-11-04,0,0,0,0,0,0,0,0,0,0,0,0,0,0,0,0
51,2024-11-05,0,0,0,0,0,0,0,0,0,0,0,0,0,0,0,0
51,2024-11-06,0,0,0,0,0,0,0,0,0,0,0,0,0,0,0,0
51,2024-11-07,0,0,2,8,0,0,0,2,0,0,0,1,0,0,0,0
51,2024-11-08,0,0,5,7,0,0,0,6,0,0,0,0,0,0,0,0
51,2024-11-09,0,0,5,7,0,0,0,5,0,0,2,0,0,0,0,1
51,2024-11-10,0,0,22,32,0,0,4,4,0,0,2,1,0,0,0,1
51,2024-11-11,0,0,47,43,0,0,3,5,0,0,5,0,0,0,0,0
51,2024-11-12,1,1,74,59,0,0,6,3,0,0,6,7,0,0,0,0
51,2024-11-13,0,5,50,52,0,0,3,11,0,0,1,5,0,0,0,2
51,2024-11-14,0,1,29,17,0,0,1,7,0,0,2,5,0,0,0,0
51,2024-11-15,0,1,17,8,0,0,3,10,0,0,11,6,0,0,0,3
51,2024-11-16,0,0,43,25,0,0,7,4,0,0,42,9,0,0,0,3
51,2024-11-17,0,2,22,7,0,0,0,6,0,0,56,28,0,0,0,6
51,2024-11-18,0,1,31,66,0,0,4,14,0,0,22,4,0,0,0,3
51,2024-11-19,1,0,31,24,0,0,4,4,0,0,17,4,0,0,0,1
51,2024-11-20,0,2,10,6,0,0,0,8,0,0,23,4,0,0,0,1
51,2024-11-21,0,2,36,33,0,0,1,8,0,0,45,10,0,0,0,2
51,2024-11-22,0,6,58,24,0,0,1,6,0,0,85,20,0,0,0,0
51,2024-11-23,4,4,85,51,0,0,1,15,0,0,59,13,0,0,0,0
51,2024-11-24,0,7,63,35,0,0,2,10,0,0,44,5,0,0,0,0
51,2024-11-25,0,0,4,11,0,0,0,3,0,0,18,10,0,0,0,0
51,2024-11-26,0,0,15,9,0,0,0,3,0,0,12,4,0,0,0,1
51,2024-11-27,0,0,41,23,0,0,0,1,0,0,79,29,0,0,0,1
51,2024-11-28,2,7,91,82,0,0,5,4,0,0,69,1,0,0,0,0
51,2024-11-29,0,0,49,58,0,0,1,18,0,0,12,10,0,0,0,1
51,2024-11-30,1,2,72,41,0,0,1,10,0,0,35,1,0,0,0,0
51,2024-12-01,1,3,28,37,0,0,0,9,0,0,5,6,0,0,0,1
51,2024-12-02,3,1,60,48,0,0,6,5,0,0,52,42,0,0,0,1
51,2024-12-03,2,5,113,82,0,0,5,7,0,0,134,46,0,0,0,3
51,2024-12-04,6,2,76,112,0,0,5,11,0,0,47,9,0,0,0,6
51,2024-12-05,3,4,65,46,0,0,0,5,0,0,28,9,0,0,0,1
51,2024-12-06,0,1,41,49,0,0,1,6,0,0,23,44,0,0,0,6
51,2024-12-07,2,2,40,57,0,0,2,11,0,0,52,42,0,0,0,7
51,2024-12-08,5,1,80,60,0,0,2,3,0,0,117,69,0,0,0,4
51,2024-12-09,4,6,130,103,0,0,8,14,0,0,52,17,0,0,0,3
51,2024-12-10,2,2,68,60,0,0,6,17,0,0,12,12,0,0,0,2
51,2024-12-11,0,2,23,24,0,0,3,6,0,0,19,32,0,0,0,3
51,2024-12-12,4,3,27,8,0,0,7,6,0,0,30,72,0,0,0,5
51,2024-12-13,0,0,15,0,0,0,0,3,0,0,36,53,0,0,0,4
51,2024-12-14,0,0,2,23,0,0,0,2,0,0,9,26,0,0,0,7
51,2024-12-15,0,0,20,137,0,0,0,0,0,0,3,14,0,0,0,1
51,2024-12-16,0,0,22,131,0,0,0,5,0,0,16,25,0,0,0,2
51,2024-12-17,0,2,19,66,0,0,0,7,0,0,23,32,0,0,0,8
51,2024-12-18,0,1,28,78,0,0,1,6,0,0,40,76,0,0,0,7
51,2024-12-19,0,4,63,152,0,0,2,21,0,0,49,64,0,0,0,7
51,2024-12-20,2,5,82,148,0,0,5,21,0,0,27,41,0,0,0,9
51,2024-12-21,2,1,37,103,0,0,3,8,0,0,8,5,0,0,0,0
51,2024-12-22,2,0,13,52,0,0,0,2,0,0,16,25,0,0,0,0
51,2024-12-23,8,3,30,89,0,0,3,11,0,0,27,39,0,0,0,8
51,2024-12-24,4,13,69,86,0,0,5,13,0,0,38,57,0,0,0,3
51,2024-12-25,6,11,62,167,0,0,6,33,0,0,44,53,0,0,0,13
51,2024-12-26,5,4,54,91,0,0,8,21,0,0,27,41,0,0,0,2
51,2024-12-27,3,3,18,82,0,0,1,7,0,0,17,66,0,0,0,3
51,2024-12-28,11,5,21,70,0,0,7,5,0,0,22,68,0,0,0,6
51,2024-12-29,5,8,48,133,0,0,5,9,0,0,51,94,0,0,0,8
51,2024-12-30,16,14,53,168,0,0,8,21,0,0,45,72,0,0,0,16
51,2024-12-31,4,2,32,134,0,0,4,7,0,0,16,45,0,0,0,14
51,2025-01-01,1,2,23,104,0,0,0,17,0,0,13,51,0,0,0,4
51,2025-01-02,0,5,21,106,0,0,6,13,0,0,28,37,0,0,0,8
51,2025-01-03,2,0,36,112,0,0,17,21,0,0,35,98,0,0,0,2
51,2025-01-04,8,3,46,234,0,0,12,32,0,0,49,80,0,0,0,2
51,2025-01-05,3,5,84,317,0,0,13,43,0,0,57,32,0,0,0,2
51,2025-01-06,5,3,57,180,0,0,3,35,0,0,28,42,0,0,0,1
51,2025-01-07,1,4,26,125,0,0,1,14,0,0,46,44,0,0,0,2
51,2025-01-08,2,3,65,96,0,0,18,15,0,0,53,54,0,0,0,3
51,2025-01-09,2,4,51,175,0,0,3,20,0,0,73,102,0,0,0,12
51,2025-01-10,2,4,99,300,0,0,8,48,0,0,99,109,0,0,0,7
51,2025-01-11,3,5,87,311,0,0,2,34,0,0,49,51,0,0,0,1
51,2025-01-12,2,2,50,185,0,0,3,26,0,0,30,56,0,0,0,3
51,2025-01-13,6,5,52,175,0,0,8,39,0,0,46,108,0,0,0,3
51,2025-01-14,7,3,83,141,0,0,7,52,0,0,68,111,0,0,0,10
51,2025-01-15,4,6,163,284,0,0,5,44,0,0,107,116,0,0,0,15
51,2025-01-16,4,4,97,284,0,0,12,31,0,0,47,90,0,0,0,9
51,2025-01-17,2,1,45,184,0,0,5,45,0,0,49,85,0,0,0,4
51,2025-01-18,1,6,66,149,0,0,7,31,0,0,72,83,0,0,0,7
51,2025-01-19,2,1,58,97,0,0,12,72,0,0,61,111,0,0,0,10
51,2025-01-20,6,2,71,84,0,0,8,38,0,0,57,112,0,0,0,9
51,2025-01-21,10,7,99,308,0,0,14,51,0,0,77,88,0,0,0,20
51,2025-01-22,7,2,46,201,0,0,9,45,0,0,60,73,0,0,0,5
51,2025-01-23,0,4,66,93,0,0,11,36,0,0,56,95,0,0,0,6
51,2025-01-24,7,10,91,197,0,0,17,55,0,0,91,114,0,0,0,14
51,2025-01-25,5,18,243,236,0,0,28,61,0,0,89,181,0,0,0,8
51,2025-01-26,11,49,311,474,0,0,27,49,0,0,84,131,0,0,0,7
51,2025-01-27,1,11,162,454,0,0,4,38,0,0,50,140,0,0,0,0
51,2025-01-28,3,10,163,229,0,0,8,18,0,0,46,101,0,0,0,0
51,2025-01-29,0,7,91,170,0,0,19,30,0,0,38,166,0,0,0,0
51,2025-01-30,2,25,128,255,0,0,9,44,0,0,115,401,0,0,0,2
51,2025-01-31,20,54,288,371,0,0,16,90,0,0,124,411,0,0,0,6
51,2025-02-01,23,54,328,526,0,0,24,167,0,0,140,181,0,0,0,7
51,2025-02-02,10,22,189,408,0,0,23,118,0,0,106,193,0,0,0,6
51,2025-02-03,12,13,160,298,0,0,29,69,0,0,132,238,0,0,0,3
51,2025-02-04,6,19,94,208,0,0,24,35,0,0,174,262,0,0,0,7
51,2025-02-05,13,29,117,191,0,0,16,62,0,0,124,244,0,0,0,5
51,2025-02-06,37,53,231,345,0,0,32,68,0,0,99,210,0,0,0,13
51,2025-02-07,10,20,78,332,0,0,22,75,0,0,131,276,0,0,0,9
51,2025-02-08,10,7,114,317,0,0,19,20,0,0,101,239,0,0,0,6
51,2025-02-09,12,11,123,389,0,0,37,43,0,0,131,500,0,0,0,0
51,2025-02-10,22,30,223,353,0,0,35,83,0,0,245,1511,0,0,0,8
51,2025-02-11,26,121,503,703,0,0,37,129,0,1,194,1100,0,0,0,21
51,2025-02-12,27,73,278,704,0,0,41,185,0,0,150,570,0,0,0,7
51,2025-02-13,40,50,180,465,0,0,39,102,0,0,266,517,0,0,0,7
51,2025-02-14,70,92,203,315,0,0,45,151,0,1,239,664,0,0,0,12
51,2025-02-15,140,169,408,500,0,0,85,218,0,0,281,617,0,0,0,11
51,2025-02-16,229,369,850,778,0,0,85,201,0,2,409,710,0,0,0,19
51,2025-02-17,170,260,556,545,0,0,74,174,0,0,354,640,0,0,0,8
51,2025-02-18,36,33,56,143,0,0,20,37,0,0,414,722,0,0,0,10
51,2025-02-19,12,5,19,124,0,0,6,35,0,0,524,889,0,0,0,14
51,2025-02-20,19,6,20,182,0,0,15,88,0,2,396,958,0,0,0,20
51,2025-02-21,37,32,23,64,0,0,9,35,0,0,561,854,0,0,0,8
51,2025-02-22,37,65,48,315,0,0,19,73,0,1,378,591,0,0,0,23
51,2025-02-23,0,1,15,209,0,0,18,34,0,2,246,388,0,0,0,5
51,2025-02-24,0,0,0,2,0,0,0,1,0,0,79,317,0,0,0,2
51,2025-02-25,0,0,4,3,0,0,0,0,0,0,98,457,0,0,0,2
51,2025-02-26,11,11,47,109,0,0,7,4,0,0,203,1056,0,0,0,4
51,2025-02-27,27,35,88,253,0,0,24,43,0,1,282,1277,0,0,0,22
51,2025-02-28,16,44,93,302,0,0,49,68,0,0,220,1118,0,0,0,32
51,2025-03-01,21,73,75,194,0,0,28,77,0,1,527,1230,0,0,0,4
51,2025-03-02,24,96,143,169,0,0,88,144,0,4,525,1400,0,0,0,6
51,2025-03-03,108,182,302,135,0,0,97,172,0,4,690,1839,0,0,0,4
51,2025-03-04,375,473,692,316,0,0,179,321,0,39,1116,1909,0,0,0,8
51,2025-03-05,316,520,920,502,0,0,283,586,0,23,809,1271,0,0,0,5
51,2025-03-06,172,298,541,224,0,0,154,274,0,28,845,1128,0,0,0,8
51,2025-03-07,64,113,81,13,0,0,7,11,0,67,1416,1675,0,0,0,9
51,2025-03-08,29,68,19,13,0,0,55,12,0,58,1033,2844,0,0,0,1
51,2025-03-09,58,84,137,197,0,0,31,61,0,62,1035,2825,0,0,0,6
51,2025-03-10,84,167,375,371,0,0,81,215,0,18,952,1613,0,0,0,5
51,2025-03-11,32,79,217,252,0,0,106,319,0,13,945,1556,0,0,0,4
51,2025-03-12,15,61,132,66,0,0,79,141,0,14,1273,2629,0,0,0,4
51,2025-03-13,27,96,198,33,0,0,111,142,0,91,1278,1924,0,0,0,6
51,2025-03-14,131,284,344,106,0,0,169,275,0,98,2278,3464,0,0,0,15
51,2025-03-15,256,375,655,167,0,0,212,517,0,99,2716,3077,0,0,0,12
51,2025-03-16,109,184,446,205,0,0,189,304,0,20,1410,2047,0,0,0,21
51,2025-03-17,70,110,128,71,0,0,51,33,0,55,1549,1548,0,0,0,7
51,2025-03-18,85,159,74,114,0,0,13,4,0,64,1417,1663,0,0,0,2
51,2025-03-19,38,196,29,209,0,0,1,1,0,133,1524,1698,0,0,0,0
51,2025-03-20,43,424,531,239,0,0,55,50,0,139,1874,1456,0,0,0,2
51,2025-03-21,64,297,567,229,0,0,85,291,0,32,707,599,0,0,0,1
51,2025-03-22,75,203,329,317,0,0,131,459,0,42,559,605,0,0,0,3
51,2025-03-23,49,153,265,261,0,0,240,818,0,69,690,784,0,0,0,1
51,2025-03-24,104,279,445,292,0,0,274,1339,0,128,1248,812,0,0,0,6
51,2025-03-25,350,948,784,346,0,0,329,1552,0,155,2010,1459,0,0,0,4
51,2025-03-26,371,1196,1443,356,0,0,721,1757,0,161,1697,907,0,0,0,12
51,2025-03-27,222,778,1035,480,0,0,1138,2343,0,61,1422,905,0,0,0,12
51,2025-03-28,93,504,750,423,0,0,775,1778,0,22,1338,1232,0,0,0,8
51,2025-03-29,152,620,696,273,0,0,823,1705,0,65,2125,1404,0,0,0,11
51,2025-03-30,203,754,655,38,0,0,407,662,0,108,2930,1838,0,0,0,5
51,2025-03-31,95,680,424,85,0,0,335,584,0,96,2692,1959,0,0,0,12
51,2025-04-01,48,390,273,163,0,0,105,94,0,65,1890,1250,0,0,0,6
51,2025-04-02,42,138,117,120,0,0,156,213,0,54,1499,1440,0,0,0,6
51,2025-04-03,8,184,151,104,0,0,467,630,0,27,1508,1244,0,0,0,15
51,2025-04-04,45,307,231,139,0,0,421,1561,0,65,2145,1497,0,0,0,9
51,2025-04-05,25,116,210,169,0,0,309,677,0,43,1041,617,0,0,0,5
51,2025-04-06,4,27,67,90,0,0,0,3,0,2,142,67,0,0,0,0
51,2025-04-07,0,20,30,54,0,0,9,10,0,15,139,10,0,0,0,0
51,2025-04-08,3,63,46,58,0,0,150,110,0,32,267,62,0,0,0,1
51,2025-04-09,20,84,65,97,0,0,35,256,0,52,329,92,0,0,0,0
51,2025-04-10,20,171,288,44,0,0,543,1535,0,69,405,161,0,0,0,3
51,2025-04-11,6,57,75,32,0,0,273,2948,0,9,445,124,0,0,0,3
51,2025-04-12,0,16,21,12,0,0,118,80,0,0,35,50,0,0,0,0
51,2025-04-13,0,3,5,24,0,0,0,0,0,1,34,70,0,0,0,0
51,2025-04-14,0,0,0,7,0,0,0,4,0,0,16,85,0,0,0,0
51,2025-04-15,0,3,30,52,0,0,3,13,0,0,54,32,0,0,0,4
51,2025-04-16,0,17,7,43,0,0,10,62,0,0,41,69,0,0,0,6
51,2025-04-17,1,12,33,76,0,0,50,184,0,0,54,143,0,0,0,5
51,2025-04-18,4,20,10,25,0,0,151,314,0,0,148,263,0,0,0,8
51,2025-04-19,19,43,79,47,0,0,152,704,0,0,360,318,0,0,0,8
51,2025-04-20,10,63,60,130,0,0,249,677,0,9,404,428,0,0,0,6
51,2025-04-21,23,108,103,152,0,0,358,1002,0,14,271,306,0,0,0,15
51,2025-04-22,23,79,110,72,0,0,52,43,0,3,302,341,0,0,0,5
51,2025-04-23,44,99,122,112,0,0,179,259,0,12,568,440,0,0,0,11
51,2025-04-24,26,93,90,57,0,0,476,1055,0,13,476,611,0,0,0,16
51,2025-04-25,20,114,192,132,0,0,850,2076,0,6,470,621,0,0,0,18
51,2025-04-26,35,142,238,155,0,0,569,2701,0,13,338,389,0,0,0,28
51,2025-04-27,7,37,26,24,0,0,35,446,0,6,154,257,0,0,0,17
51,2025-04-28,0,5,35,29,0,0,41,382,0,0,94,185,0,0,0,14
51,2025-04-29,0,0,0,8,0,0,0,5,0,0,1,27,0,0,0,0
51,2025-04-30,0,0,23,26,0,0,5,20,0,0,6,24,0,0,0,0
51,2025-05-01,1,2,99,33,0,0,0,19,0,0,17,15,0,0,0,0
51,2025-05-02,2,6,24,35,0,0,34,107,0,0,8,4,0,0,0,0
51,2025-05-03,2,17,16,13,0,0,6,27,0,0,8,4,0,0,0,0
51,2025-05-04,1,4,31,15,0,0,20,44,0,0,17,32,0,0,0,5
51,2025-05-05,40,30,100,36,0,0,64,167,0,0,60,178,0,0,0,13
51,2025-05-06,28,54,162,25,0,0,104,789,0,3,129,280,0,0,0,41
51,2025-05-07,17,23,168,43,0,0,190,886,0,4,66,199,0,0,0,92
51,2025-05-08,7,10,15,25,0,0,3,12,0,0,8,29,0,0,0,6
51,2025-05-09,5,11,35,29,0,0,45,272,0,0,28,66,0,0,0,16
51,2025-05-10,0,2,23,0,0,0,20,61,0,0,24,68,0,0,0,43
51,2025-05-11,4,5,19,4,0,0,0,3,0,0,34,68,0,0,0,20
51,2025-05-12,7,3,39,7,0,0,1,14,0,0,4,20,0,0,0,4
51,2025-05-13,0,2,0,1,0,0,0,24,0,0,13,16,0,0,0,0
51,2025-05-14,0,0,2,4,0,0,13,11,0,0,0,9,0,0,0,5
51,2025-05-15,0,0,0,0,0,0,0,0,0,0,0,0,0,0,0,0
51,2025-05-16,0,0,2,0,0,0,0,1,0,0,2,4,0,0,0,0
51,2025-05-17,2,0,18,10,0,0,2,1,0,0,3,6,0,0,0,2
51,2025-05-18,1,1,1,8,0,0,0,5,0,0,3,1,0,0,0,0
51,2025-05-19,0,0,1,15,0,0,0,0,0,0,0,2,0,0,0,5
51,2025-05-20,8,3,4,2,0,0,0,8,0,0,0,7,0,0,0,10
51,2025-05-21,0,0,2,0,0,0,0,3,0,0,3,3,0,0,0,2
51,2025-05-22,2,5,27,8,0,0,1,8,0,0,5,16,0,0,0,21
51,2025-05-23,0,1,15,12,0,0,3,1,0,0,1,5,0,0,0,14
51,2025-05-24,0,0,0,2,0,0,0,0,0,0,0,1,0,0,0,0
51,2025-05-25,0,0,0,6,0,0,0,0,0,0,0,2,0,0,0,0
51,2025-05-26,0,0,0,1,0,0,0,0,0,0,0,0,0,0,0,0
51,2025-05-27,0,0,0,0,0,0,0,0,0,0,0,0,0,0,0,0
51,2025-05-28,0,0,0,3,0,0,1,0,0,0,0,0,0,0,0,0
51,2025-05-29,0,0,0,0,0,0,0,2,0,0,0,0,0,0,0,0
51,2025-05-30,0,0,1,2,0,0,0,2,0,0,0,0,0,0,0,0
51,2025-05-31,0,0,0,0,0,0,0,0,0,0,0,0,0,0,0,0
51,2025-06-01,0,0,0,1,0,0,0,2,0,0,0,0,0,0,0,0
51,2025-06-02,0,1,3,3,0,0,3,3,0,0,2,0,0,0,0,0
51,2025-06-03,0,0,0,0,0,0,0,3,0,0,0,0,0,0,0,0
51,2025-06-04,0,2,4,7,0,0,0,1,0,0,1,6,0,0,0,0
51,2025-06-05,4,1,3,1,0,0,2,0,0,0,0,6,0,0,0,1
51,2025-06-06,0,3,2,2,0,0,1,5,0,0,1,6,0,0,0,8
51,2025-06-07,4,7,13,10,0,0,6,12,0,0,1,24,0,0,0,18
51,2025-06-08,1,1,12,11,0,0,7,7,0,0,0,2,0,0,0,20
51,2025-06-09,1,3,1,10,0,0,0,0,0,0,0,0,0,0,0,3
51,2025-06-10,0,0,0,0,0,0,0,0,0,0,0,0,0,0,0,0
51,2025-06-11,0,0,0,0,0,0,0,0,0,0,0,0,0,0,0,0
51,2025-06-12,0,0,0,0,0,0,0,0,0,0,0,0,0,0,0,1
51,2025-06-13,1,0,0,0,0,0,0,2,0,0,0,1,0,0,0,1
51,2025-06-14,0,0,0,0,0,0,0,1,0,0,1,1,0,0,0,4
51,2025-06-15,0,0,1,0,0,0,0,2,0,0,0,0,0,0,0,0
51,2025-06-16,0,0,0,5,0,0,0,0,0,0,0,0,0,0,0,0
51,2025-06-17,0,0,0,0,0,0,4,1,0,0,0,1,0,0,0,0
51,2025-06-18,0,0,9,15,0,0,0,1,0,0,0,0,0,0,0,0
51,2025-06-19,0,0,0,1,0,0,0,0,0,0,0,0,0,0,0,0
51,2025-06-20,0,0,2,0,0,0,0,0,0,0,2,0,0,0,0,1
51,2025-06-21,0,0,0,0,0,0,0,0,0,0,0,1,0,0,0,0
51,2025-06-22,0,0,0,0,0,0,0,0,0,0,0,0,0,0,0,0
51,2025-06-23,0,0,0,5,0,0,0,0,0,0,0,0,0,0,0,0
51,2025-06-24,0,0,2,15,0,0,0,0,0,0,0,0,0,0,0,0
51,2025-06-25,0,0,1,6,0,0,0,0,0,0,0,0,0,0,0,0
51,2025-06-26,0,0,4,0,0,0,0,0,0,0,0,0,0,0,0,0
51,2025-06-27,0,0,0,0,0,0,0,0,0,0,0,1,0,0,0,0
51,2025-06-28,0,0,0,0,0,0,0,0,0,0,0,0,0,0,0,0
51,2025-06-29,0,0,0,1,0,0,0,0,0,0,0,0,0,0,0,0
51,2025-06-30,0,0,0,0,0,0,0,0,0,0,0,0,0,0,0,0
51,2025-07-01,0,0,2,0,0,0,0,0,0,0,0,0,0,0,0,0
51,2025-07-02,0,0,0,0,0,0,0,0,0,0,0,0,0,0,0,0
51,2025-07-03,0,0,0,0,0,0,1,0,0,0,0,0,0,0,0,0
51,2025-07-04,0,0,1,1,0,0,0,0,0,0,0,0,0,0,0,0
51,2025-07-05,0,0,0,2,0,0,0,0,0,0,0,0,0,0,0,0
51,2025-07-06,0,0,0,0,0,0,0,0,0,0,0,0,0,0,0,0
51,2025-07-07,0,0,0,3,0,0,0,0,0,0,0,0,0,0,0,0
51,2025-07-08,0,0,0,1,0,0,0,0,0,0,0,0,0,0,0,0
51,2025-07-09,0,0,0,0,0,0,0,0,0,0,0,0,0,0,0,0
51,2025-07-10,0,0,0,0,0,0,0,0,0,0,0,0,0,0,0,0
51,2025-07-11,0,0,0,0,0,0,0,0,0,0,0,0,0,0,0,0
51,2025-07-12,0,0,4,0,0,0,0,0,0,0,0,0,0,0,0,0
51,2025-07-13,0,0,0,0,0,0,0,0,0,0,0,1,0,0,0,0
51,2025-07-14,0,0,4,7,0,0,0,0,0,0,0,0,0,0,0,0
51,2025-07-15,1,2,26,2,0,0,0,0,0,0,0,0,0,0,0,2
51,2025-07-16,0,0,0,1,0,0,0,0,0,0,0,0,0,0,0,0
51,2025-07-17,0,0,0,0,0,0,0,0,0,0,0,0,0,0,0,0
51,2025-07-18,0,0,0,0,0,0,0,1,0,0,0,0,0,0,0,0
51,2025-07-19,0,0,0,0,0,0,0,0,0,0,0,1,0,0,0,0
51,2025-07-20,0,0,4,4,0,0,0,0,0,0,0,0,0,0,0,2
51,2025-07-21,0,0,0,0,0,0,0,0,0,0,0,0,0,0,0,0
51,2025-07-22,0,0,0,0,0,0,0,0,0,0,0,0,0,0,0,0
51,2025-07-23,0,0,0,0,0,0,0,0,0,0,0,0,0,0,0,0
51,2025-07-24,0,0,0,0,0,0,0,0,0,0,0,0,0,0,0,0
51,2025-07-25,0,0,0,1,0,0,0,0,0,0,0,0,0,0,0,0
51,2025-07-26,0,0,0,0,0,0,0,0,0,0,0,0,0,0,0,0
51,2025-07-27,0,0,0,0,0,0,0,0,0,0,0,0,0,0,0,0
51,2025-07-28,0,0,0,1,0,0,0,0,0,0,0,0,0,0,0,0
51,2025-07-29,0,0,0,0,0,0,0,0,0,0,0,0,0,0,0,1
51,2025-07-30,0,0,6,1,0,0,0,0,0,0,0,1,0,0,0,0
51,2025-07-31,1,1,19,25,0,0,0,0,0,0,1,1,0,0,0,0
51,2025-08-01,0,0,0,8,0,0,0,0,0,0,0,1,0,0,0,1
51,2025-08-02,0,0,4,16,0,0,0,0,0,0,0,0,0,0,0,1
51,2025-08-03,0,0,2,3,0,0,0,0,0,0,1,0,0,0,0,0
51,2025-08-04,2,2,18,25,0,0,0,0,0,0,0,2,0,0,0,0
51,2025-08-05,0,1,75,34,0,0,2,0,0,0,0,0,0,0,0,0
51,2025-08-06,0,0,1,0,0,0,0,0,0,0,0,0,0,0,0,0
51,2025-08-07,0,0,8,4,0,0,0,0,0,0,0,0,0,0,0,0
51,2025-08-08,0,0,5,16,0,0,0,0,0,0,0,1,0,0,0,0
51,2025-08-09,0,0,48,41,0,0,0,0,0,0,0,1,0,0,0,0
51,2025-08-10,0,3,94,89,0,0,0,1,0,0,1,2,0,0,0,0
51,2025-08-11,0,0,19,17,0,0,0,0,0,0,0,1,0,0,0,0
51,2025-08-12,0,0,16,9,0,0,0,0,0,0,1,1,0,0,0,0
51,2025-08-13,0,0,0,0,0,0,0,0,0,0,0,0,0,0,0,0
51,2025-08-14,0,0,7,14,0,0,0,0,0,0,0,2,0,0,0,0
51,2025-08-15,0,0,0,5,0,0,0,0,0,0,1,2,0,0,0,0
51,2025-08-16,0,0,1,0,0,0,0,0,0,0,0,0,0,0,0,0
51,2025-08-17,0,0,0,0,0,0,0,0,0,0,1,0,0,0,0,0
51,2025-08-18,0,0,0,3,0,0,0,1,0,0,0,1,0,0,0,1
51,2025-08-19,0,0,1,4,0,0,1,0,0,0,0,1,0,0,0,0
51,2025-08-20,0,0,13,29,0,0,0,0,0,0,0,0,0,0,0,0
51,2025-08-21,0,1,19,17,0,0,0,0,0,0,2,5,0,0,0,0
51,2025-08-22,0,0,0,0,0,0,0,0,0,0,0,0,0,0,0,0
51,2025-08-23,0,0,0,1,0,0,0,0,0,0,0,0,0,0,0,0
51,2025-08-24,0,0,0,0,0,0,0,0,0,0,0,0,0,0,0,0
51,2025-08-25,0,0,1,5,0,0,0,0,0,0,0,3,0,0,0,1
51,2025-08-26,0,0,1,0,0,0,0,0,0,0,0,3,0,0,0,0
51,2025-08-27,0,0,0,1,0,0,0,0,0,0,0,0,0,0,0,1
51,2025-08-28,0,0,0,2,0,0,0,0,0,0,0,0,0,0,0,1
51,2025-08-29,0,0,4,22,0,0,0,0,0,0,0,0,0,0,0,1
51,2025-08-30,0,0,0,0,0,0,0,0,0,0,0,0,0,0,0,0
51,2025-08-31,0,0,0,6,0,0,0,0,0,0,0,4,0,0,0,0
51,2025-09-01,0,0,0,76,0,0,0,0,0,0,1,2,0,0,0,1
51,2025-09-02,0,0,0,0,0,0,0,0,0,0,0,0,0,0,0,1
51,2025-09-03,0,0,1,1,0,0,0,1,0,0,0,0,0,0,0,2
51,2025-09-04,0,0,2,0,0,0,0,0,0,0,0,0,0,0,0,5
51,2025-09-05,0,0,0,0,0,0,1,0,0,0,0,3,0,0,0,0
51,2025-09-06,1,0,1,4,0,0,0,0,0,0,1,4,0,0,0,0
51,2025-09-07,2,0,0,0,0,0,0,0,0,0,4,3,0,0,0,1
51,2025-09-08,1,0,1,4,0,0,0,0,0,0,1,4,0,0,0,1
51,2025-09-09,0,0,0,0,0,0,0,0,0,0,0,0,0,0,0,0
51,2025-09-10,0,0,2,0,0,0,0,0,0,0,0,1,0,0,0,0
51,2025-09-11,0,0,3,7,0,0,0,0,0,0,0,1,0,0,0,0
51,2025-09-12,0,0,9,36,0,0,0,0,0,0,0,0,0,0,0,0
51,2025-09-13,0,0,4,11,0,0,0,0,0,0,0,0,0,0,0,0
51,2025-09-14,0,0,1,0,0,0,0,0,0,0,0,0,0,0,0,0
51,2025-09-15,0,0,0,0,0,0,0,0,0,0,0,0,0,0,0,0
51,2025-09-16,0,0,1,5,0,0,0,0,0,0,0,0,0,0,0,0
51,2025-09-17,1,0,6,13,0,0,2,0,0,0,4,3,0,0,0,1
51,2025-09-18,0,0,0,0,0,0,0,0,0,0,0,3,0,0,0,0
51,2025-09-19,0,0,0,1,0,0,0,0,0,0,0,2,0,0,0,0
51,2025-09-20,0,0,0,0,0,0,1,3,0,0,0,1,0,0,0,0
51,2025-09-21,0,0,1,0,0,0,0,1,0,0,0,5,0,0,0,1
51,2025-09-22,0,0,0,1,0,0,1,0,0,0,0,4,0,0,0,4
51,2025-09-23,0,0,1,0,0,0,0,2,0,0,0,2,0,0,0,0
51,2025-09-24,0,0,0,4,0,0,0,0,0,0,0,2,0,0,0,0
51,2025-09-25,0,0,1,0,0,0,0,7,0,0,0,4,0,0,0,0
51,2025-09-26,0,0,0,2,0,0,0,0,0,0,0,1,0,0,0,0
51,2025-09-27,0,0,0,0,0,0,0,0,0,0,0,0,0,0,0,0
51,2025-09-28,0,0,2,1,0,0,0,2,0,0,1,6,0,0,0,2
51,2025-09-29,0,0,0,1,0,0,0,0,0,0,0,2,0,0,0,0
51,2025-09-30,0,0,0,1,0,0,0,0,0,0,0,0,0,0,0,0
51,2025-10-01,0,0,0,0,0,0,0,0,0,0,0,0,0,0,0,0
51,2025-10-02,0,0,4,10,0,0,0,0,0,0,2,0,0,0,0,0
51,2025-10-03,0,0,2,5,0,0,0,1,0,0,3,3,0,0,0,1
51,2025-10-04,0,0,2,5,0,0,0,0,0,0,1,0,0,0,0,2
51,2025-10-05,0,0,3,8,0,0,0,0,0,0,0,6,0,0,0,1
51,2025-10-06,0,0,0,1,0,0,0,2,0,0,0,2,0,0,0,0
51,2025-10-07,0,0,0,2,0,0,0,0,0,0,1,1,0,0,0,0
51,2025-10-08,0,0,2,10,0,0,1,0,0,0,1,1,0,0,0,1
51,2025-10-09,0,2,3,5,0,0,0,1,0,0,0,2,0,0,0,0
51,2025-10-10,0,0,4,6,0,0,1,5,0,0,3,0,0,0,0,0
51,2025-10-11,0,0,3,2,0,0,0,1,0,0,0,3,0,0,0,6
51,2025-10-12,0,0,0,0,0,0,0,0,0,0,2,1,0,0,0,2
51,2025-10-13,0,0,8,0,0,0,0,4,0,0,2,2,0,0,0,3
51,2025-10-14,0,0,3,0,0,0,0,0,0,0,6,7,0,0,0,2
51,2025-10-15,0,0,0,0,0,0,0,0,0,0,0,1,0,0,0,0
51,2025-10-16,0,0,0,3,0,0,0,0,0,0,0,0,0,0,0,0
51,2025-10-17,0,0,0,0,0,0,0,0,0,0,0,0,0,0,0,0
51,2025-10-18,0,0,3,5,0,0,2,0,0,0,0,3,0,0,0,2
51,2025-10-19,0,0,5,13,0,0,0,1,0,0,5,7,0,0,0,2
51,2025-10-20,1,0,10,8,0,0,2,3,0,0,1,7,0,0,0,3
51,2025-10-21,0,0,2,6,0,0,0,3,0,0,0,4,0,0,0,3
51,2025-10-22,0,0,2,2,0,0,0,1,0,0,4,5,0,0,0,2
51,2025-10-23,0,1,5,1,0,0,0,0,0,0,10,16,0,0,0,2
51,2025-10-24,0,0,4,1,0,0,0,0,0,0,21,20,0,0,0,1
51,2025-10-25,1,2,8,4,0,0,1,0,0,0,6,10,0,0,0,4
51,2025-10-26,0,1,9,4,0,0,0,3,0,0,9,6,0,0,0,2
51,2025-10-27,0,1,3,1,0,0,0,7,0,0,6,8,0,0,0,3
51,2025-10-28,1,0,4,5,0,0,0,2,0,0,13,10,0,0,0,4
51,2025-10-29,2,1,28,9,0,0,2,1,0,0,27,21,0,0,0,6
51,2025-10-30,3,5,11,0,0,0,3,2,0,0,38,21,0,0,0,4
51,2025-10-31,0,0,5,1,0,0,0,1,0,0,7,5,0,0,0,2
51,2025-11-01,0,0,0,0,0,0,0,0,0,0,0,0,0,0,0,0
51,2025-11-02,0,0,0,0,0,0,0,0,0,0,0,1,0,0,0,0
51,2025-11-03,0,0,0,0,0,0,0,0,0,0,0,0,0,0,0,0
51,2025-11-04,0,0,0,1,0,0,0,0,0,0,0,0,0,0,0,0
51,2025-11-05,0,0,0,0,0,0,0,0,0,0,1,1,0,0,0,0
51,2025-11-06,0,0,0,0,0,0,0,1,0,0,0,1,0,0,0,0
51,2025-11-07,0,0,0,0,0,0,0,0,0,0,0,2,0,0,0,3
51,2025-11-08,0,0,0,0,0,0,0,0,0,0,0,2,0,0,0,0
51,2025-11-09,0,0,0,2,0,0,0,0,0,0,1,9,0,0,0,0
51,2025-11-10,0,0,0,5,0,0,0,1,0,0,1,7,0,0,0,1
51,2025-11-11,0,0,0,1,0,0,0,0,0,0,0,1,0,0,0,1
51,2025-11-12,0,0,0,0,0,0,0,0,0,0,0,1,0,0,0,0
51,2025-11-13,0,0,4,5,0,0,0,1,0,0,6,21,0,0,0,3
51,2025-11-14,0,1,9,10,0,0,0,2,0,0,12,28,0,0,0,4
51,2025-11-15,0,1,24,25,0,0,0,8,0,0,13,31,0,0,0,4
51,2025-11-16,0,6,28,15,0,0,1,3,0,0,7,13,0,0,0,14
51,2025-11-17,0,0,0,0,0,0,0,0,0,0,0,9,0,0,0,0
51,2025-11-18,0,0,0,0,0,0,0,0,0,0,2,3,0,0,0,0
51,2025-11-19,0,0,0,1,0,0,0,0,0,0,7,10,0,0,0,0
51,2025-11-20,0,0,6,4,0,0,0,0,0,0,50,23,0,0,0,1
51,2025-11-21,0,2,2,11,0,0,0,12,0,0,35,10,0,0,0,1
51,2025-11-22,0,0,14,20,0,0,0,7,0,0,27,7,0,0,0,2
51,2025-11-23,0,1,9,21,0,0,0,8,0,0,45,16,0,0,0,4
51,2025-11-24,1,0,37,6,0,0,0,5,0,0,59,24,0,0,0,1
51,2025-11-25,3,4,24,3,0,0,3,11,0,0,120,45,0,0,0,9
51,2025-11-26,3,5,69,34,0,0,5,13,0,0,59,40,0,0,0,9
51,2025-11-27,1,4,75,33,0,0,8,22,0,0,43,33,0,0,0,4
51,2025-11-28,0,1,34,28,0,0,0,13,0,0,30,40,0,0,0,5
51,2025-11-29,8,8,95,38,0,0,0,13,0,0,80,62,0,0,0,12
51,2025-11-30,4,5,110,60,0,0,9,20,0,0,94,87,0,0,0,7
51,2025-12-01,0,1,5,6,0,0,0,1,0,0,6,38,0,0,0,6
51,2025-12-02,2,3,86,56,0,0,6,16,0,0,39,46,0,0,0,13
51,2025-12-03,0,2,47,34,0,0,4,8,0,0,40,32,0,0,0,0
51,2025-12-04,5,2,41,9,0,0,3,5,0,0,30,56,0,0,0,5
51,2025-12-05,2,7,33,11,0,0,1,8,0,0,67,90,0,0,0,6
51,2025-12-06,2,10,106,29,0,0,1,16,0,0,94,93,0,0,0,10
51,2025-12-07,2,3,115,82,0,0,3,16,0,0,49,39,0,0,0,8
51,2025-12-08,2,3,45,31,0,0,3,10,0,0,27,43,0,0,0,9
51,2025-12-09,4,0,29,26,0,0,0,14,0,0,32,39,0,0,0,15
51,2025-12-10,8,1,96,19,0,0,6,18,0,0,66,61,0,0,0,12
51,2025-12-11,4,1,4,3,0,0,0,0,0,0,79,80,0,0,0,8
51,2025-12-12,0,1,1,6,0,0,0,0,0,0,40,82,0,0,0,5
51,2025-12-13,4,0,0,15,0,0,0,3,0,0,39,35,0,0,0,0
51,2025-12-14,0,1,0,12,0,0,0,1,0,0,18,31,0,0,0,10
51,2025-12-15,0,3,23,39,0,0,0,4,0,0,32,77,0,0,0,10
51,2025-12-16,1,5,56,57,0,0,0,9,0,0,75,119,0,0,0,10
51,2025-12-17,5,3,85,76,0,0,4,8,0,0,70,102,0,0,0,5
51,2025-12-18,6,4,38,88,0,0,0,8,0,0,28,43,0,0,0,9
51,2025-12-19,3,1,27,75,0,0,0,2,0,0,33,44,0,0,0,2
51,2025-12-20,10,5,19,58,0,0,0,12,0,0,19,85,0,0,0,5
51,2025-12-21,9,4,33,44,0,0,2,11,0,0,38,70,0,0,0,6
51,2025-12-22,10,7,71,66,0,0,3,20,0,0,74,126,0,0,0,8
51,2025-12-23,0,5,59,83,0,0,5,19,0,0,37,58,0,0,0,11
51,2025-12-24,4,1,28,75,0,0,1,12,0,0,31,63,0,0,0,10
51,2025-12-25,4,3,17,53,0,0,0,7,0,0,17,55,0,0,0,0
51,2025-12-26,14,7,45,105,0,0,0,22,0,0,42,110,0,0,0,13
51,2025-12-27,27,9,73,79,0,0,2,21,0,0,66,180,0,0,0,18
51,2025-12-28,27,14,122,144,0,0,6,26,0,0,53,110,0,0,0,19
51,2025-12-29,16,17,77,94,0,0,2,16,0,0,18,81,0,0,0,25
51,2025-12-30,10,0,19,34,0,0,0,2,0,0,12,75,0,0,0,1
51,2025-12-31,32,14,71,39,0,0,1,10,0,0,39,117,0,0,0,7
52,2021-04-27,0,1,1,5,0,0,0,7,0,0,6,126,0,0,0,2
52,2021-04-28,0,0,0,8,0,0,5,36,0,0,1,143,0,0,0,1
52,2021-04-29,0,0,0,0,0,0,11,2,0,0,5,95,0,0,0,0
52,2021-04-30,0,0,2,1,0,0,0,6,0,0,22,67,0,0,0,2
52,2021-05-01,4,5,22,21,0,0,23,72,0,0,18,8,0,0,0,1
52,2021-05-02,0,7,24,14,0,0,4,16,0,0,29,103,0,0,0,2
52,2021-05-03,4,18,95,17,0,0,33,50,0,0,31,119,0,0,0,10
52,2021-05-04,17,29,202,8,0,0,96,204,0,0,51,271,0,0,0,14
52,2021-05-05,10,28,183,9,0,0,61,277,0,0,47,335,0,0,0,3
52,2021-05-06,4,1,19,0,0,0,6,13,0,0,36,64,0,0,0,3
52,2021-05-07,1,6,31,20,0,0,24,102,0,0,10,201,0,0,0,6
52,2021-05-08,4,6,26,5,0,0,31,38,0,0,7,72,0,0,0,3
52,2021-05-09,0,2,14,15,0,0,25,187,0,0,5,70,0,0,0,13
52,2021-05-10,9,7,26,25,0,0,59,159,0,0,22,115,0,0,0,3
52,2021-05-11,15,28,83,25,0,0,45,140,0,0,46,129,0,0,0,1
52,2021-05-12,6,19,127,46,0,0,82,119,0,0,6,55,0,0,0,7
52,2021-05-13,8,14,37,26,0,0,9,23,0,0,6,87,0,0,0,4
52,2021-05-14,7,17,25,16,0,0,13,21,0,0,7,38,0,0,0,3
52,2021-05-15,6,17,23,3,0,0,18,42,0,0,8,73,0,0,0,15
52,2021-05-16,9,15,65,11,0,0,19,125,0,0,23,146,0,0,0,11
52,2021-05-17,10,11,120,34,0,0,29,160,0,0,15,75,0,0,0,13
52,2021-05-18,0,1,4,7,0,0,3,77,0,0,26,48,0,0,0,3
52,2021-05-19,1,6,4,4,0,0,6,21,0,0,2,3,0,0,0,1
52,2021-05-20,0,3,8,8,0,0,2,34,0,0,10,57,0,0,0,1
52,2021-05-21,2,3,3,4,0,0,9,23,0,0,11,21,0,0,0,7
52,2021-05-22,26,16,64,35,0,0,16,44,0,0,17,31,0,0,0,17
52,2021-05-23,1,4,16,33,0,0,8,79,0,0,3,24,0,0,0,4
52,2021-05-24,2,9,15,8,0,0,4,0,0,0,0,1,0,0,0,0
52,2021-05-25,3,0,6,1,0,0,0,0,0,0,0,0,0,0,0,0
52,2021-05-26,1,2,0,0,0,0,0,0,0,0,0,0,0,0,0,0
52,2021-05-27,5,4,18,8,0,0,8,4,0,0,13,9,0,0,0,1
52,2021-05-28,0,0,1,7,0,0,2,1,0,0,0,2,0,0,0,0
52,2021-05-29,0,0,5,10,0,0,1,0,0,0,0,1,0,0,0,0
52,2021-05-30,0,0,4,8,0,0,0,8,0,0,1,0,0,0,0,0
52,2021-05-31,0,0,5,6,0,0,0,5,0,0,0,4,0,0,0,2
52,2021-06-01,0,4,12,11,0,0,9,5,0,0,4,9,0,0,0,0
52,2021-06-02,5,17,41,38,0,0,21,12,0,0,2,0,0,0,0,0
52,2021-06-03,0,2,4,21,0,0,6,21,0,0,4,4,0,0,0,2
52,2021-06-04,1,4,1,8,0,0,0,0,0,0,0,5,0,0,0,7
52,2021-06-05,0,0,0,2,0,0,1,1,0,0,0,0,0,0,0,5
52,2021-06-06,0,0,7,2,0,0,1,2,0,0,1,3,0,0,0,5
52,2021-06-07,0,0,1,3,0,0,3,1,0,0,0,3,0,0,0,0
52,2021-06-08,0,0,0,1,0,0,0,0,0,0,0,1,0,0,0,0
52,2021-06-09,0,0,0,0,0,0,0,0,0,0,0,0,0,0,0,0
52,2021-06-10,0,0,0,0,0,0,0,0,0,0,0,0,0,0,0,0
52,2021-06-11,0,0,1,0,0,0,0,0,0,0,0,0,0,0,0,0
52,2021-06-12,0,0,0,0,0,0,0,0,0,0,0,1,0,0,0,0
52,2021-06-13,0,0,0,0,0,0,0,0,0,0,0,2,0,0,0,0
52,2021-06-14,0,0,0,4,0,0,0,0,0,0,0,0,0,0,0,0
52,2021-06-15,0,0,0,0,0,0,0,0,0,0,0,0,0,0,0,0
52,2021-06-16,0,0,0,3,0,0,0,0,0,0,0,0,0,0,0,0
52,2021-06-17,0,0,2,4,0,0,1,0,0,0,0,1,0,0,0,0
52,2021-06-18,0,4,22,35,0,0,3,6,0,0,1,1,0,0,0,0
52,2021-06-19,0,0,0,21,0,0,1,5,0,0,0,1,0,0,0,3
52,2021-06-20,0,4,9,26,0,0,7,6,0,0,0,0,0,0,0,0
52,2021-06-21,1,0,2,11,0,0,8,1,0,0,0,0,0,0,0,0
52,2021-06-22,0,0,3,5,0,0,1,0,0,0,0,2,0,0,0,10
52,2021-06-23,0,0,3,8,0,0,1,0,0,0,0,1,0,0,0,2
52,2021-06-24,0,0,0,4,0,0,2,0,0,0,0,0,0,0,0,0
52,2021-06-25,2,1,3,2,0,0,0,0,0,0,1,0,0,0,0,0
52,2021-06-26,0,0,0,4,0,0,0,0,0,0,0,0,0,0,0,0
52,2021-06-27,0,0,2,6,0,0,0,0,0,0,0,0,0,0,0,0
52,2021-06-28,0,0,0,0,0,0,0,0,0,0,0,0,0,0,0,0
52,2021-06-29,0,0,0,5,0,0,0,0,0,0,0,0,0,0,0,0
52,2021-06-30,0,0,0,4,0,0,0,0,0,0,0,0,0,0,0,0
52,2021-07-01,0,0,5,8,0,0,0,0,0,0,0,0,0,0,0,0
52,2021-07-02,0,0,4,8,0,0,0,0,0,0,0,0,0,0,0,0
52,2021-07-03,0,0,9,29,0,0,0,0,0,0,2,0,0,0,0,1
52,2021-07-04,3,4,35,67,0,0,5,0,0,0,0,0,0,0,0,0
52,2021-07-05,0,0,1,9,0,0,0,1,0,0,0,0,0,0,0,0
52,2021-07-06,0,0,0,0,0,0,0,0,0,0,0,0,0,0,0,0
52,2021-07-07,0,0,0,1,0,0,0,0,0,0,0,0,0,0,0,1
52,2021-07-08,0,0,0,0,0,0,0,0,0,0,0,2,0,0,0,0
52,2021-07-09,1,0,0,3,0,0,0,0,0,0,0,0,0,0,0,1
52,2021-07-10,0,0,0,0,0,0,0,0,0,0,1,1,0,0,0,0
52,2021-07-11,0,0,0,6,0,0,0,0,0,0,0,0,0,0,0,2
52,2021-07-12,0,0,2,4,0,0,0,1,0,0,0,0,0,0,0,1
52,2021-07-13,0,0,7,8,0,0,0,3,0,0,0,0,0,0,0,6
52,2021-07-14,1,1,17,1,0,0,0,1,0,0,1,3,0,0,0,9
52,2021-07-15,0,0,0,1,0,0,0,0,0,0,0,0,0,0,0,1
52,2021-07-16,0,0,4,1,0,0,0,0,0,0,1,0,0,0,0,0
52,2021-07-17,0,0,11,14,0,0,0,1,0,0,0,0,0,0,0,0
52,2021-07-18,0,0,0,0,0,0,0,0,0,0,0,0,0,0,0,0
52,2021-07-19,0,0,0,0,0,0,1,0,0,0,0,1,0,0,0,0
52,2021-07-20,0,0,0,3,0,0,0,0,0,0,0,0,0,0,0,0
52,2021-07-21,0,0,0,0,0,0,0,0,0,0,0,1,0,0,0,0
52,2021-07-22,0,0,0,1,0,0,0,0,0,0,0,0,0,0,0,0
52,2021-07-23,0,0,0,0,0,0,0,0,0,0,0,0,0,0,0,1
52,2021-07-24,0,0,0,0,0,0,0,0,0,0,0,0,0,0,0,0
52,2021-07-25,0,0,0,0,0,0,0,0,0,0,0,0,0,0,0,0
52,2021-07-26,0,0,0,4,0,0,0,0,0,0,0,0,0,0,0,0
52,2021-07-27,0,0,1,7,0,0,0,0,0,0,0,0,0,0,0,0
52,2021-07-28,0,0,0,4,0,0,0,0,0,0,0,0,0,0,0,0
52,2021-07-29,0,0,2,0,0,0,1,0,0,0,0,0,0,0,0,0
52,2021-07-30,0,1,39,4,0,0,0,0,0,0,0,0,0,0,0,0
52,2021-07-31,0,0,13,9,0,0,0,0,0,0,0,0,0,0,0,0
52,2021-08-01,0,0,0,2,0,0,0,0,0,0,0,0,0,0,0,0
52,2021-08-02,0,0,0,1,0,0,2,0,0,0,0,0,0,0,0,0
52,2021-08-03,0,0,0,0,0,0,0,0,0,0,0,0,0,0,0,0
52,2021-08-04,0,0,0,0,0,0,0,0,0,0,0,0,0,0,0,0
52,2021-08-05,0,0,31,18,0,0,2,0,0,0,0,0,0,0,0,1
52,2021-08-06,0,0,0,4,0,0,0,0,0,0,0,0,0,0,0,0
52,2021-08-07,0,0,6,12,0,0,0,0,0,0,0,0,0,0,0,0
52,2021-08-08,0,0,1,16,0,0,3,0,0,0,0,0,0,0,0,0
52,2021-08-09,0,1,44,13,0,0,0,0,0,0,1,0,0,0,0,0
52,2021-08-10,0,8,4,25,0,0,0,0,0,0,0,0,0,0,0,0
52,2021-08-11,0,0,0,0,0,0,0,0,0,0,0,0,0,0,0,0
52,2021-08-12,0,0,8,6,0,0,0,0,0,0,0,0,0,0,0,0
52,2021-08-13,0,0,8,4,0,0,0,0,0,0,0,0,0,0,0,0
52,2021-08-14,0,0,2,1,0,0,0,0,0,0,0,0,0,0,0,0
52,2021-08-15,0,0,0,0,0,0,0,0,0,0,0,0,0,0,0,0
52,2021-08-16,0,0,0,1,0,0,0,0,0,0,0,0,0,0,0,0
52,2021-08-17,0,0,1,11,0,0,0,0,0,0,2,0,0,0,0,0
52,2021-08-18,0,0,58,61,0,0,0,0,0,0,1,0,0,0,0,0
52,2021-08-19,0,0,8,39,0,0,0,0,0,0,1,0,0,0,0,0
52,2021-08-20,0,0,30,38,0,0,0,0,0,0,2,0,0,0,0,0
52,2021-08-21,0,5,91,61,0,0,5,1,0,0,0,0,0,0,0,0
52,2021-08-22,0,0,7,27,0,0,0,1,0,0,3,2,0,0,0,0
52,2021-08-23,1,3,10,30,0,0,0,0,0,0,0,0,0,0,0,0
52,2021-08-24,0,0,4,13,0,0,0,0,0,0,0,0,0,0,0,0
52,2021-08-25,0,2,11,16,0,0,0,0,0,0,0,1,0,0,0,0
52,2021-08-26,0,0,3,5,0,0,0,0,0,0,0,0,0,0,0,0
52,2021-08-27,0,0,0,1,0,0,0,0,0,0,0,1,0,0,0,2
52,2021-08-28,0,0,0,0,0,0,0,0,0,0,0,0,0,0,0,0
52,2021-08-29,0,1,0,0,0,0,0,0,0,0,1,2,0,0,0,0
52,2021-08-30,0,0,1,4,0,0,0,0,0,0,1,2,0,0,0,1
52,2021-08-31,1,0,1,9,0,0,0,0,0,0,0,3,0,0,0,1
52,2021-09-01,0,0,4,0,0,0,0,1,0,0,0,2,0,0,0,0
52,2021-09-02,0,0,2,2,0,0,0,0,0,0,0,0,0,0,0,0
52,2021-09-03,1,0,1,0,0,0,0,0,0,0,2,0,0,0,0,0
52,2021-09-04,0,0,0,0,0,0,0,0,0,0,0,0,0,0,0,0
52,2021-09-05,0,0,1,0,0,0,0,0,0,0,0,0,0,0,0,1
52,2021-09-06,0,3,4,9,0,0,0,0,0,0,0,1,0,0,0,1
52,2021-09-07,0,1,2,1,0,0,0,0,0,0,0,2,0,0,0,1
52,2021-09-08,0,0,0,0,0,0,0,0,0,0,0,0,0,0,0,0
52,2021-09-09,0,0,0,0,0,0,0,0,0,0,0,1,0,0,0,2
52,2021-09-10,0,0,0,0,0,0,0,4,0,0,0,4,0,0,0,2
52,2021-09-11,0,0,0,1,0,0,1,5,0,0,0,15,0,0,0,3
52,2021-09-12,1,1,2,9,0,0,0,13,0,0,0,4,0,0,0,5
52,2021-09-13,1,0,6,2,0,0,0,5,0,0,1,3,0,0,0,2
52,2021-09-14,0,0,0,0,0,0,0,0,0,0,0,0,0,0,0,0
52,2021-09-15,0,0,3,0,0,0,0,0,0,0,0,0,0,0,0,0
52,2021-09-16,0,0,0,1,0,0,0,0,0,0,0,3,0,0,0,0
52,2021-09-17,0,0,0,6,0,0,0,0,0,0,1,0,0,0,0,0
52,2021-09-18,0,0,1,18,0,0,0,0,0,0,1,1,0,0,0,0
52,2021-09-19,0,0,3,0,0,0,0,0,0,0,0,0,0,0,0,0
52,2021-09-20,0,0,0,0,0,0,0,0,0,0,3,0,0,0,0,0
52,2021-09-21,0,0,0,1,0,0,0,1,0,0,0,6,0,0,0,0
52,2021-09-22,0,0,0,0,0,0,0,11,0,0,0,0,0,0,0,0
52,2021-09-23,0,0,0,0,0,0,0,8,0,0,1,10,0,0,0,1
52,2021-09-24,0,0,0,0,0,0,0,3,0,0,0,3,0,0,0,1
52,2021-09-25,0,0,0,0,0,0,0,0,0,0,0,5,0,0,0,0
52,2021-09-26,0,0,0,0,0,0,0,0,0,0,1,0,0,0,0,0
52,2021-09-27,0,0,0,0,0,0,0,1,0,0,0,1,0,0,0,0
52,2021-09-28,0,0,1,10,0,0,0,6,0,0,0,6,0,0,0,5
52,2021-09-29,0,0,3,8,0,0,0,15,0,0,3,7,0,0,0,0
52,2021-09-30,0,0,2,5,0,0,1,30,0,0,3,2,0,0,0,0
52,2021-10-01,0,0,3,7,0,0,0,1,0,0,0,5,0,0,0,0
52,2021-10-02,0,0,5,2,0,0,0,1,0,0,0,0,0,0,0,0
52,2021-10-03,0,0,5,8,0,0,2,0,0,0,2,1,0,0,0,2
52,2021-10-04,0,0,2,5,0,0,2,2,0,0,3,1,0,0,0,0
52,2021-10-05,0,0,1,2,0,0,0,0,0,0,0,3,0,0,0,1
52,2021-10-06,0,0,2,0,0,0,1,0,0,0,3,4,0,0,0,1
52,2021-10-07,0,0,0,0,0,0,0,2,0,0,3,2,0,0,0,1
52,2021-10-08,0,5,3,5,0,0,0,14,0,0,3,6,0,0,0,0
52,2021-10-09,1,1,4,7,0,0,2,32,0,0,2,3,0,0,0,6
52,2021-10-10,0,0,2,1,0,0,2,0,0,0,0,2,0,0,0,0
52,2021-10-11,0,0,0,0,0,0,0,0,0,0,0,0,0,0,0,0
52,2021-10-12,0,0,0,13,0,0,0,1,0,0,0,0,0,0,0,3
52,2021-10-13,0,0,0,0,0,0,0,1,0,0,0,2,0,0,0,4
52,2021-10-14,0,0,0,0,0,0,0,0,0,0,0,0,0,0,0,0
52,2021-10-15,0,0,0,0,0,0,0,0,0,0,0,0,0,0,0,0
52,2021-10-16,0,0,0,0,0,0,0,0,0,0,0,0,0,0,0,0
52,2021-10-17,0,0,0,0,0,0,0,0,0,0,0,0,0,0,0,0
52,2021-10-18,0,0,0,0,0,0,0,1,0,0,0,4,0,0,0,0
52,2021-10-19,1,0,0,2,0,0,0,0,0,0,1,1,0,0,0,0
52,2021-10-20,0,0,0,5,0,0,1,4,0,0,0,2,0,0,0,1
52,2021-10-21,0,0,0,1,0,0,0,0,0,0,0,0,0,0,0,0
52,2021-10-22,0,0,0,1,0,0,0,0,0,0,2,1,0,0,0,0
52,2021-10-23,0,0,0,5,0,0,0,0,0,0,2,1,0,0,0,0
52,2021-10-24,0,0,3,4,0,0,0,2,0,0,9,3,0,0,0,0
52,2021-10-25,0,0,3,12,0,0,2,4,0,0,11,0,0,0,0,0
52,2021-10-26,0,0,1,15,0,0,1,5,0,0,3,0,0,0,0,0
52,2021-10-27,0,0,0,2,0,0,0,1,0,0,3,2,0,0,0,0
52,2021-10-28,0,0,0,1,0,0,0,0,0,0,2,1,0,0,0,0
52,2021-10-29,0,0,0,1,0,0,0,1,0,0,24,15,0,0,0,0
52,2021-10-30,0,0,4,12,0,0,0,6,0,0,1,3,0,0,0,0
52,2021-10-31,0,0,0,11,0,0,0,2,0,0,2,1,0,0,0,0
52,2021-11-01,0,0,0,7,0,0,0,0,0,0,3,3,0,0,0,0
52,2021-11-02,0,0,0,0,0,0,0,0,0,0,4,0,0,0,0,0
52,2021-11-03,0,0,2,2,0,0,1,0,0,0,5,7,0,0,0,2
52,2021-11-04,0,0,9,7,0,0,1,0,0,0,5,5,0,0,0,2
52,2021-11-05,0,1,9,20,0,0,0,4,0,0,4,1,0,0,0,1
52,2021-11-06,0,1,6,10,0,0,2,6,0,0,2,2,0,0,0,2
52,2021-11-07,4,0,0,5,0,0,4,4,0,0,15,4,0,0,0,0
52,2021-11-08,5,2,2,2,0,0,3,4,0,0,19,11,0,0,0,0
52,2021-11-09,5,1,6,9,0,0,1,1,0,0,19,20,0,0,0,0
52,2021-11-10,1,0,8,18,0,0,0,6,0,0,15,2,0,0,0,0
52,2021-11-11,3,2,6,6,0,0,0,7,0,0,9,5,0,0,0,0
52,2021-11-12,3,0,0,0,0,0,0,1,0,0,9,3,0,0,0,3
52,2021-11-13,2,1,6,4,0,0,0,3,0,0,23,4,0,0,0,0
52,2021-11-14,2,2,3,0,0,0,3,4,0,0,50,20,0,0,0,0
52,2021-11-15,6,5,34,21,0,0,4,0,0,0,23,3,0,0,0,0
52,2021-11-16,0,5,8,13,0,0,2,12,0,0,29,2,0,0,0,0
52,2021-11-17,0,3,5,12,0,0,1,0,0,0,7,4,0,0,0,0
52,2021-11-18,2,0,11,4,0,0,5,2,0,0,28,6,0,0,0,0
52,2021-11-19,1,4,42,23,0,0,2,5,0,0,102,28,0,0,0,1
52,2021-11-20,6,8,69,38,0,0,11,12,0,0,116,23,0,0,0,5
52,2021-11-21,6,7,42,31,0,0,11,30,0,0,39,11,0,0,0,9
52,2021-11-22,2,1,20,22,0,0,1,16,0,0,29,7,0,0,0,2
52,2021-11-23,0,2,11,6,0,0,2,8,0,0,37,6,0,0,0,0
52,2021-11-24,0,5,17,15,0,0,1,2,0,0,25,26,0,0,0,0
52,2021-11-25,0,5,49,30,0,0,0,7,0,0,12,21,0,0,0,0
52,2021-11-26,2,10,61,60,0,0,8,7,0,0,10,9,0,0,0,3
52,2021-11-27,2,8,33,26,0,0,1,15,0,0,19,4,0,0,0,2
52,2021-11-28,1,6,18,26,0,0,1,10,0,0,17,16,0,0,0,2
52,2021-11-29,1,1,55,27,0,0,4,5,0,0,56,10,0,0,0,3
52,2021-11-30,2,15,67,3,0,0,3,11,0,0,39,25,0,0,0,2
52,2021-12-01,11,44,151,37,0,0,8,14,0,0,61,33,0,0,0,5
52,2021-12-02,7,21,85,62,0,0,2,21,0,0,35,22,0,0,0,1
52,2021-12-03,1,12,75,56,0,0,8,25,0,0,28,26,0,0,0,2
52,2021-12-04,7,16,126,49,0,0,7,24,0,0,49,43,0,0,0,2
52,2021-12-05,6,25,167,52,0,0,9,23,0,0,67,90,0,0,0,1
52,2021-12-06,11,48,245,92,0,0,8,20,0,0,64,58,0,0,0,3
52,2021-12-07,4,27,121,127,0,0,13,41,0,0,38,25,0,0,0,10
52,2021-12-08,4,16,86,51,0,0,11,25,0,0,28,34,0,0,0,4
52,2021-12-09,2,10,35,24,0,0,2,20,0,0,15,43,0,0,0,7
52,2021-12-10,1,6,78,50,0,0,14,13,0,0,41,69,0,0,0,1
52,2021-12-11,6,24,121,72,0,0,7,16,0,0,42,64,0,0,0,5
52,2021-12-12,3,18,117,126,0,0,7,21,0,0,35,25,0,0,0,1
52,2021-12-13,1,18,48,63,0,0,17,14,0,0,17,18,0,0,0,0
52,2021-12-14,0,15,37,38,0,0,2,16,0,0,29,39,0,0,0,1
52,2021-12-15,3,17,39,41,0,0,8,15,0,0,28,75,0,0,0,2
52,2021-12-16,3,18,70,61,0,0,9,21,0,0,32,106,0,0,0,4
52,2021-12-17,6,16,129,74,0,0,17,37,0,0,44,76,0,0,0,7
52,2021-12-18,1,7,28,120,0,0,3,22,0,0,31,35,0,0,0,1
52,2021-12-19,0,6,31,49,0,0,2,11,0,0,13,29,0,0,0,0
52,2021-12-20,1,10,40,65,0,0,12,6,0,0,16,52,0,0,0,8
52,2021-12-21,7,15,79,83,0,0,11,21,0,0,24,57,0,0,0,2
52,2021-12-22,13,16,102,103,0,0,12,38,0,0,27,47,0,0,0,2
52,2021-12-23,12,12,60,145,0,0,18,41,0,0,14,31,0,0,0,2
52,2021-12-24,5,4,33,65,0,0,15,24,0,0,12,29,0,0,0,4
52,2021-12-25,0,5,35,16,0,0,2,21,0,0,24,40,0,0,0,0
52,2021-12-26,1,6,35,56,0,0,13,8,0,0,22,101,0,0,0,0
52,2021-12-27,3,6,55,128,0,0,11,21,0,0,25,126,0,0,0,3
52,2021-12-28,9,18,80,178,0,0,31,34,0,0,42,98,0,0,0,10
52,2021-12-29,4,5,43,93,0,0,4,13,0,0,29,55,0,0,0,3
52,2021-12-30,0,3,28,66,0,0,4,23,0,0,20,46,0,0,0,3
52,2021-12-31,1,7,26,99,0,0,8,24,0,0,29,82,0,0,0,3
52,2022-01-01,5,6,38,66,0,0,5,14,0,0,53,162,0,0,0,1
52,2022-01-02,13,9,61,137,0,0,23,44,0,0,40,105,0,0,0,2
52,2022-01-03,8,10,34,69,0,0,27,49,0,0,25,64,0,0,0,1
52,2022-01-04,2,11,24,23,0,0,20,24,0,0,38,131,0,0,0,2
52,2022-01-05,8,5,43,99,0,0,10,36,0,0,37,124,0,0,0,7
52,2022-01-06,11,9,94,157,0,0,20,52,0,0,57,220,0,0,0,11
52,2022-01-07,21,13,122,162,0,0,30,50,0,0,58,226,0,0,0,7
52,2022-01-08,14,24,90,180,0,0,32,76,0,0,53,168,0,0,0,14
52,2022-01-09,15,15,52,141,0,0,28,38,0,0,33,125,0,0,0,2
52,2022-01-10,13,11,68,137,0,0,22,52,0,0,48,143,0,0,0,5
52,2022-01-11,17,20,60,164,0,0,27,34,0,0,50,77,0,0,0,7
52,2022-01-12,31,18,60,135,0,0,18,48,0,0,40,54,0,0,0,1
52,2022-01-13,19,15,124,193,0,0,9,28,0,0,37,99,0,0,0,15
52,2022-01-14,8,10,63,159,0,0,28,50,0,0,2,19,0,0,0,5
52,2022-01-15,2,6,40,119,0,0,13,31,0,0,15,5,0,0,0,0
52,2022-01-16,1,10,40,107,0,0,32,34,0,0,5,10,0,0,0,2
52,2022-01-17,2,9,48,100,0,0,13,7,0,0,33,59,0,0,0,1
52,2022-01-18,1,18,84,284,0,0,7,10,0,0,32,97,0,0,0,1
52,2022-01-19,1,7,64,208,0,0,18,59,0,0,27,73,0,0,0,0
52,2022-01-20,0,1,11,64,0,0,2,6,0,0,10,54,0,0,0,0
52,2022-01-21,0,0,7,13,0,0,0,0,0,0,35,158,0,0,0,0
52,2022-01-22,3,0,8,11,0,0,0,0,0,0,72,219,0,0,0,0
52,2022-01-23,14,31,46,58,0,0,5,2,0,0,106,283,0,0,0,3
52,2022-01-24,12,18,50,114,0,0,9,33,0,0,78,195,0,0,0,8
52,2022-01-25,7,18,53,181,0,0,8,34,0,0,95,96,0,0,0,0
52,2022-01-26,23,41,72,162,0,0,29,48,0,0,133,59,0,0,0,0
52,2022-01-27,25,73,132,93,0,0,53,92,0,0,152,192,0,0,0,0
52,2022-01-28,94,141,269,218,0,0,67,92,0,0,254,560,0,0,0,6
52,2022-01-29,151,193,386,306,0,0,150,181,0,0,249,432,0,0,0,4
52,2022-01-30,75,93,267,384,0,0,90,165,0,0,124,383,0,0,0,5
52,2022-01-31,54,56,238,199,0,0,39,75,0,0,166,381,0,0,0,9
52,2022-02-01,50,70,187,112,0,0,46,20,0,0,212,584,0,0,0,4
52,2022-02-02,123,143,227,103,0,0,50,34,0,0,319,680,0,0,0,3
52,2022-02-03,127,127,212,160,0,0,61,52,0,0,228,469,0,0,0,6
52,2022-02-04,9,13,71,42,0,0,11,29,0,0,82,269,0,0,0,5
52,2022-02-05,0,0,4,78,0,0,0,6,0,0,14,92,0,0,0,0
52,2022-02-06,0,3,11,132,0,0,0,7,0,0,28,188,0,0,0,0
52,2022-02-07,10,14,73,170,0,0,5,25,0,0,95,577,0,0,0,0
52,2022-02-08,88,59,170,316,0,0,26,69,0,0,184,561,0,0,0,5
52,2022-02-09,71,68,185,385,0,0,51,136,0,0,187,467,0,0,0,19
52,2022-02-10,35,46,135,133,0,0,59,171,0,0,179,347,0,0,0,4
52,2022-02-11,24,43,103,24,0,0,101,118,0,0,179,566,0,0,0,21
52,2022-02-12,69,79,117,14,0,0,77,68,0,0,278,757,0,0,0,3
52,2022-02-13,198,170,221,113,0,0,68,68,0,0,386,970,0,0,0,11
52,2022-02-14,108,99,244,51,0,0,50,49,0,0,335,599,0,0,0,6
52,2022-02-15,3,10,23,28,0,0,16,102,0,0,202,593,0,0,0,5
52,2022-02-16,0,7,11,1,0,0,12,11,0,0,146,627,0,0,0,4
52,2022-02-17,0,0,5,5,0,0,8,37,0,0,44,343,0,0,0,14
52,2022-02-18,4,5,7,28,0,0,6,15,0,0,52,727,0,0,0,6
52,2022-02-19,0,1,15,88,0,0,0,0,0,0,7,493,0,0,0,7
52,2022-02-20,0,0,3,24,0,0,0,0,0,0,196,623,0,0,0,1
52,2022-02-21,0,1,9,21,0,0,0,0,0,0,56,200,0,0,0,0
52,2022-02-22,10,10,26,72,0,0,0,0,0,0,283,699,0,0,0,0
52,2022-02-23,9,15,60,169,0,0,1,17,0,0,470,1306,0,0,0,0
52,2022-02-24,15,44,160,268,0,0,10,37,0,0,735,1350,0,0,0,4
52,2022-02-25,7,40,121,319,0,0,17,75,0,0,430,956,0,0,0,6
52,2022-02-26,12,16,87,257,0,0,28,88,0,0,410,555,0,0,0,28
52,2022-02-27,17,67,160,191,0,0,19,28,0,0,540,1029,0,0,0,22
52,2022-02-28,5,85,241,236,0,0,10,274,0,0,546,1364,0,0,0,18
52,2022-03-01,101,122,262,313,0,0,257,429,0,0,1146,1621,0,0,0,3
52,2022-03-02,75,79,266,325,0,0,224,471,0,0,692,975,0,0,0,6
52,2022-03-03,21,22,134,223,0,0,250,418,0,0,385,714,0,0,0,6
52,2022-03-04,13,31,81,178,0,0,226,284,0,0,328,974,0,0,0,8
52,2022-03-05,39,47,151,182,0,0,418,412,0,0,639,1012,0,0,0,5
52,2022-03-06,88,93,287,192,0,0,415,456,0,0,989,1007,0,0,0,0
52,2022-03-07,80,65,246,139,0,0,159,43,0,0,796,880,0,0,0,3
52,2022-03-08,4,10,55,63,0,0,2,91,0,0,234,550,0,0,0,2
52,2022-03-09,3,1,30,100,0,0,7,112,0,0,138,366,0,0,0,2
52,2022-03-10,9,4,55,105,0,0,41,168,0,0,266,995,0,0,0,6
52,2022-03-11,38,12,123,133,0,0,122,357,0,0,462,1596,0,0,0,4
52,2022-03-12,81,47,259,231,0,0,279,498,0,0,905,1766,0,0,0,11
52,2022-03-13,24,15,218,251,0,0,291,504,0,0,583,1059,0,0,0,5
52,2022-03-14,23,10,95,138,0,0,183,428,0,0,358,709,0,0,0,1
52,2022-03-15,16,5,100,93,0,0,129,64,0,0,449,1613,0,0,0,4
52,2022-03-16,32,16,108,120,0,0,1,0,0,0,513,2667,0,0,0,4
52,2022-03-17,152,91,390,210,0,0,12,1,0,0,571,2813,0,0,0,2
52,2022-03-18,76,50,262,44,0,0,8,9,0,0,762,1444,0,0,0,8
52,2022-03-19,11,8,132,48,0,0,31,34,0,0,522,1517,0,0,0,3
52,2022-03-20,0,0,53,30,0,0,107,177,0,0,329,1308,0,0,0,1
52,2022-03-21,0,8,29,5,0,0,82,58,0,0,130,433,0,0,0,1
52,2022-03-22,1,6,76,24,0,0,83,67,0,0,24,26,0,0,0,0
52,2022-03-23,0,0,30,25,0,0,1,83,0,0,5,2,0,0,0,0
52,2022-03-24,1,5,31,26,0,0,0,9,0,0,34,14,0,0,0,1
52,2022-03-25,7,13,50,43,0,0,20,138,0,0,124,219,0,0,0,3
52,2022-03-26,15,21,161,76,0,0,246,440,0,0,411,475,0,0,0,0
52,2022-03-27,21,56,282,177,0,0,773,819,0,0,467,303,0,0,0,0
52,2022-03-28,30,75,311,127,0,0,506,360,0,0,788,614,0,0,0,3
52,2022-03-29,9,34,168,76,0,0,0,0,0,0,428,463,0,0,0,0
52,2022-03-30,6,98,129,53,0,0,1,14,0,0,539,590,0,0,0,0
52,2022-03-31,20,90,107,40,0,0,93,107,0,0,397,764,0,0,0,0
52,2022-04-01,8,47,240,46,0,0,262,46,0,0,620,908,0,0,0,0
52,2022-04-02,1,21,86,28,0,0,0,8,0,0,293,641,0,0,0,0
52,2022-04-03,13,24,134,3,0,0,371,670,0,0,384,342,0,0,0,1
52,2022-04-04,38,71,136,87,0,0,1141,1491,0,0,545,779,0,0,0,0
52,2022-04-05,13,49,147,95,0,0,2735,4234,0,0,1093,1388,0,0,0,3
52,2022-04-06,3,37,218,74,0,0,784,1465,0,0,1040,1390,0,0,0,1
52,2022-04-07,1,22,150,155,0,0,1643,996,0,0,468,954,0,0,0,1
52,2022-04-08,4,20,33,127,0,0,1771,4677,0,0,132,230,0,0,0,6
52,2022-04-09,12,29,114,140,0,0,391,251,0,0,363,504,0,0,0,0
52,2022-04-10,11,22,50,108,0,0,1182,2205,0,0,340,674,0,0,0,3
52,2022-04-11,13,37,70,74,0,0,592,1298,0,0,1055,893,0,0,0,4
52,2022-04-12,50,51,237,134,0,0,371,128,0,0,1130,827,0,0,0,1
52,2022-04-13,48,71,251,142,0,0,510,491,0,0,608,994,0,0,0,3
52,2022-04-14,40,37,145,70,0,0,98,191,0,0,385,476,0,0,0,8
52,2022-04-15,19,57,106,101,0,0,780,1378,0,0,177,558,0,0,0,7
52,2022-04-16,21,55,200,77,0,0,482,614,0,0,266,765,0,0,0,0
52,2022-04-17,25,79,196,86,0,0,109,64,0,0,231,625,0,0,0,2
52,2022-04-18,10,36,228,56,0,0,0,0,0,0,306,395,0,0,0,1
52,2022-04-19,0,10,18,17,0,0,0,11,0,0,131,222,0,0,0,0
52,2022-04-20,0,0,16,58,0,0,9,15,0,0,47,252,0,0,0,0
52,2022-04-21,0,0,9,32,0,0,0,15,0,0,30,135,0,0,0,0
52,2022-04-22,2,14,21,48,0,0,4,52,0,0,74,313,0,0,0,2
52,2022-04-23,5,37,133,66,0,0,83,175,0,0,234,408,0,0,0,6
52,2022-04-24,4,27,41,76,0,0,124,212,0,0,94,226,0,0,0,25
52,2022-04-25,7,23,113,70,0,0,95,183,0,0,151,400,0,0,0,14
52,2022-04-26,7,22,54,31,0,0,116,1977,0,0,146,440,0,0,0,27
52,2022-04-27,11,35,148,48,0,0,538,3154,0,0,149,325,0,0,0,27
52,2022-04-28,15,54,231,83,0,0,554,2566,0,0,210,414,0,0,0,10
52,2022-04-29,12,45,68,8,0,0,56,742,0,0,41,167,0,0,0,19
52,2022-04-30,12,15,17,9,0,0,24,51,0,0,38,161,0,0,0,3
52,2022-05-01,0,2,35,1,0,0,44,29,0,0,16,108,0,0,0,0
52,2022-05-02,0,0,2,0,0,0,1,3,0,0,10,151,0,0,0,0
52,2022-05-03,1,4,19,0,0,0,15,53,0,0,39,62,0,0,0,0
52,2022-05-04,30,60,170,15,0,0,194,495,0,0,71,48,0,0,0,1
52,2022-05-05,6,11,17,32,0,0,40,613,0,0,49,83,0,0,0,0
52,2022-05-06,2,7,15,7,0,0,17,14,0,0,28,27,0,0,0,3
52,2022-05-07,2,0,3,0,0,0,1,29,0,0,1,47,0,0,0,5
52,2022-05-08,0,0,1,0,0,0,0,0,0,0,7,4,0,0,0,0
52,2022-05-09,0,5,20,2,0,0,0,0,0,0,22,1,0,0,0,0
52,2022-05-10,0,0,0,2,0,0,2,1,0,0,0,0,0,0,0,0
52,2022-05-11,0,0,2,3,0,0,0,0,0,0,2,0,0,0,0,0
52,2022-05-12,0,0,0,0,0,0,0,0,0,0,0,0,0,0,0,0
52,2022-05-13,0,0,6,3,0,0,1,0,0,0,2,13,0,0,0,1
52,2022-05-14,2,5,22,9,0,0,9,14,0,0,5,13,0,0,0,8
52,2022-05-15,4,18,84,26,0,0,30,28,0,0,6,50,0,0,0,22
52,2022-05-16,0,3,13,9,0,0,3,1,0,0,8,9,0,0,0,0
52,2022-05-17,0,0,1,0,0,0,0,1,0,0,1,0,0,0,0,0
52,2022-05-18,0,0,0,1,0,0,0,3,0,0,0,1,0,0,0,0
52,2022-05-19,0,0,9,1,0,0,10,64,0,0,1,5,0,0,0,1
52,2022-05-20,0,0,0,0,0,0,1,6,0,0,0,0,0,0,0,0
52,2022-05-21,0,0,0,0,0,0,0,0,0,0,0,2,0,0,0,0
52,2022-05-22,0,0,0,1,0,0,0,0,0,0,0,0,0,0,0,0
52,2022-05-23,0,0,2,1,0,0,0,0,0,0,0,6,0,0,0,6
52,2022-05-24,0,2,2,0,0,0,0,0,0,0,1,2,0,0,0,9
52,2022-05-25,7,0,13,1,0,0,22,3,0,0,0,1,0,0,0,5
52,2022-05-26,0,0,2,8,0,0,35,34,0,0,0,7,0,0,0,0
52,2022-05-27,2,5,9,5,0,0,8,2,0,0,3,2,0,0,0,7
52,2022-05-28,0,1,7,4,0,0,14,83,0,0,0,5,0,0,0,18
52,2022-05-29,1,4,7,3,0,0,24,83,0,0,0,4,0,0,0,3
52,2022-05-30,0,2,20,4,0,0,3,41,0,0,6,8,0,0,0,11
52,2022-05-31,0,2,8,7,0,0,0,0,0,0,1,0,0,0,0,0
52,2022-06-01,2,3,1,13,0,0,0,2,0,0,0,0,0,0,0,0
52,2022-06-02,0,1,5,3,0,0,1,13,0,0,2,0,0,0,0,0
52,2022-06-03,1,1,0,0,0,0,0,0,0,0,3,2,0,0,0,0
52,2022-06-04,2,2,2,0,0,0,8,5,0,0,2,3,0,0,0,1
52,2022-06-05,3,2,8,2,0,0,6,78,0,0,0,2,0,0,0,2
52,2022-06-06,0,0,1,5,0,0,0,0,0,0,0,0,0,0,0,1
52,2022-06-07,0,0,9,3,0,0,20,0,0,0,0,0,0,0,0,0
52,2022-06-08,0,0,0,2,0,0,0,0,0,0,0,0,0,0,0,0
52,2022-06-09,0,0,2,2,0,0,3,0,0,0,0,0,0,0,0,0
52,2022-06-10,1,0,2,6,0,0,2,6,0,0,4,3,0,0,0,0
52,2022-06-11,0,0,3,5,0,0,2,2,0,0,0,1,0,0,0,0
52,2022-06-12,1,0,1,4,0,0,2,0,0,0,0,1,0,0,0,0
52,2022-06-13,0,1,3,4,0,0,2,32,0,0,2,0,0,0,0,0
52,2022-06-14,2,2,6,1,0,0,0,3,0,0,0,0,0,0,0,0
52,2022-06-15,0,2,1,3,0,0,0,0,0,0,0,3,0,0,0,0
52,2022-06-16,0,0,1,13,0,0,0,0,0,0,0,0,0,0,0,0
52,2022-06-17,0,0,5,2,0,0,0,0,0,0,0,1,0,0,0,0
52,2022-06-18,0,0,0,7,0,0,0,0,0,0,0,0,0,0,0,0
52,2022-06-19,0,0,3,7,0,0,5,10,0,0,0,2,0,0,0,1
52,2022-06-20,1,4,15,11,0,0,5,6,0,0,0,0,0,0,0,1
52,2022-06-21,4,5,17,18,0,0,11,33,0,0,0,4,0,0,0,0
52,2022-06-22,0,0,3,11,0,0,1,21,0,0,0,1,0,0,0,0
52,2022-06-23,0,0,2,6,0,0,4,4,0,0,0,0,0,0,0,0
52,2022-06-24,0,0,0,0,0,0,0,4,0,0,0,0,0,0,0,0
52,2022-06-25,0,0,4,1,0,0,0,3,0,0,1,0,0,0,0,1
52,2022-06-26,2,1,4,3,0,0,0,2,0,0,0,0,0,0,0,2
52,2022-06-27,0,0,5,6,0,0,0,6,0,0,0,0,0,0,0,0
52,2022-06-28,0,0,1,6,0,0,0,1,0,0,0,0,0,0,0,0
52,2022-06-29,0,1,0,2,0,0,0,2,0,0,0,1,0,0,0,0
52,2022-06-30,0,0,0,1,0,0,0,0,0,0,0,0,0,0,0,0
52,2022-07-01,0,0,2,1,0,0,0,0,0,0,0,0,0,0,0,1
52,2022-07-02,0,0,1,8,0,0,0,0,0,0,0,0,0,0,0,2
52,2022-07-03,0,0,1,7,0,0,0,0,0,0,0,0,0,0,0,0
52,2022-07-04,0,0,3,1,0,0,1,1,0,0,0,0,0,0,0,0
52,2022-07-05,0,0,2,0,0,0,0,0,0,0,0,0,0,0,0,0
52,2022-07-06,0,1,2,2,0,0,0,0,0,0,0,0,0,0,0,0
52,2022-07-07,0,0,9,3,0,0,0,0,0,0,0,1,0,0,0,3
52,2022-07-08,0,0,1,1,0,0,0,0,0,0,0,0,0,0,0,0
52,2022-07-09,0,0,1,0,0,0,1,0,0,0,0,2,0,0,0,5
52,2022-07-10,0,0,0,0,0,0,0,0,0,0,0,0,0,0,0,1
52,2022-07-11,0,0,0,0,0,0,0,0,0,0,0,0,0,0,0,0
52,2022-07-12,0,1,0,0,0,0,0,1,0,0,0,0,0,0,0,3
52,2022-07-13,0,0,0,0,0,0,0,8,0,0,0,0,0,0,0,8
52,2022-07-14,0,0,1,0,0,0,0,0,0,0,0,2,0,0,0,8
52,2022-07-15,0,1,0,2,0,0,0,0,0,0,0,0,0,0,0,2
52,2022-07-16,0,0,13,11,0,0,0,1,0,0,0,0,0,0,0,3
52,2022-07-17,0,0,30,12,0,0,0,4,0,0,0,0,0,0,0,0
52,2022-07-18,0,1,28,23,0,0,4,1,0,0,0,0,0,0,0,0
52,2022-07-19,0,0,1,15,0,0,0,0,0,0,0,0,0,0,0,0
52,2022-07-20,0,0,0,0,0,0,0,0,0,0,0,0,0,0,0,0
52,2022-07-21,0,0,0,0,0,0,0,0,0,0,0,0,0,0,0,0
52,2022-07-22,0,0,0,1,0,0,0,0,0,0,0,0,0,0,0,0
52,2022-07-23,0,0,0,1,0,0,0,0,0,0,0,0,0,0,0,0
52,2022-07-24,0,0,1,7,0,0,0,2,0,0,1,1,0,0,0,2
52,2022-07-25,0,0,2,12,0,0,1,0,0,0,0,1,0,0,0,3
52,2022-07-26,0,0,2,0,0,0,0,3,0,0,0,4,0,0,0,4
52,2022-07-27,0,0,0,0,0,0,0,0,0,0,0,0,0,0,0,0
52,2022-07-28,0,0,0,0,0,0,0,0,0,0,0,0,0,0,0,0
52,2022-07-29,0,0,0,0,0,0,0,0,0,0,0,0,0,0,0,0
52,2022-07-30,0,0,0,0,0,0,0,0,0,0,0,0,0,0,0,0
52,2022-07-31,0,0,0,0,0,0,0,0,0,0,0,0,0,0,0,0
52,2022-08-01,0,0,0,0,0,0,0,0,0,0,0,0,0,0,0,0
52,2022-08-02,0,0,0,0,0,0,0,0,0,0,0,0,0,0,0,0
52,2022-08-03,0,0,0,0,0,0,0,0,0,0,0,0,0,0,0,0
52,2022-08-04,0,0,0,0,0,0,0,0,0,0,0,0,0,0,0,0
52,2022-08-05,0,0,0,0,0,0,0,0,0,0,0,0,0,0,0,0
52,2022-08-06,0,0,0,0,0,0,0,0,0,0,0,0,0,0,0,0
52,2022-08-07,0,0,0,0,0,0,0,0,0,0,0,0,0,0,0,0
52,2022-08-08,0,0,0,0,0,0,0,0,0,0,0,0,0,0,0,0
52,2022-08-09,0,0,0,0,0,0,0,0,0,0,0,0,0,0,0,0
52,2022-08-10,0,0,0,0,0,0,0,0,0,0,0,0,0,0,0,0
52,2022-08-11,0,0,0,0,0,0,0,0,0,0,0,0,0,0,0,0
52,2022-08-12,0,0,0,0,0,0,0,0,0,0,0,0,0,0,0,0
52,2022-08-13,0,0,49,35,0,0,0,0,0,0,1,0,0,0,0,0
52,2022-08-14,0,0,3,2,0,0,1,0,0,0,0,0,0,0,0,2
52,2022-08-15,0,0,1,6,0,0,0,0,0,0,0,0,0,0,0,1
52,2022-08-16,0,0,1,0,0,0,0,0,0,0,0,0,0,0,0,0
52,2022-08-17,0,0,2,2,0,0,0,0,0,0,0,0,0,0,0,0
52,2022-08-18,0,1,3,19,0,0,2,1,0,0,0,2,0,0,0,1
52,2022-08-19,0,0,25,15,0,0,1,0,0,0,0,1,0,0,0,3
52,2022-08-20,0,0,0,1,0,0,0,0,0,0,0,0,0,0,0,0
52,2022-08-21,0,0,0,1,0,0,0,0,0,0,0,0,0,0,0,0
52,2022-08-22,0,0,1,4,0,0,0,0,0,0,0,0,0,0,0,0
52,2022-08-23,0,1,1,38,0,0,0,0,0,0,0,2,0,0,0,0
52,2022-08-24,0,0,25,67,0,0,0,0,0,0,0,0,0,0,0,0
52,2022-08-25,0,0,0,0,0,0,0,0,0,0,0,0,0,0,0,0
52,2022-08-26,0,0,0,0,0,0,0,0,0,0,0,0,0,0,0,0
52,2022-08-27,0,0,0,3,0,0,0,0,0,0,0,1,0,0,0,0
52,2022-08-28,0,0,2,8,0,0,0,0,0,0,0,1,0,0,0,0
52,2022-08-29,0,0,0,0,0,0,4,1,0,0,0,3,0,0,0,0
52,2022-08-30,0,0,3,3,0,0,9,6,0,0,2,7,0,0,0,1
52,2022-08-31,1,3,17,4,0,0,0,0,0,0,2,1,0,0,0,0
52,2022-09-01,0,0,10,13,0,0,0,0,0,0,0,1,0,0,0,1
52,2022-09-02,0,0,3,11,0,0,2,0,0,0,5,5,0,0,0,0
52,2022-09-03,0,1,10,2,0,0,2,0,0,0,1,11,0,0,0,1
52,2022-09-04,1,1,22,47,0,0,0,1,0,0,0,0,0,0,0,0
52,2022-09-05,0,0,0,4,0,0,0,0,0,0,0,0,0,0,0,1
52,2022-09-06,0,0,0,6,0,0,0,2,0,0,1,2,0,0,0,1
52,2022-09-07,0,0,0,0,0,0,0,4,0,0,0,4,0,0,0,0
52,2022-09-08,0,0,0,0,0,0,0,0,0,0,0,2,0,0,0,0
52,2022-09-09,0,0,0,0,0,0,0,0,0,0,0,0,0,0,0,0
52,2022-09-10,0,0,0,1,0,0,0,1,0,0,0,0,0,0,0,0
52,2022-09-11,0,0,0,0,0,0,0,0,0,0,0,0,0,0,0,0
52,2022-09-12,0,0,0,0,0,0,0,0,0,0,0,0,0,0,0,0
52,2022-09-13,0,0,7,3,0,0,0,0,0,0,1,1,0,0,0,0
52,2022-09-14,0,0,14,22,0,0,0,1,0,0,2,3,0,0,0,0
52,2022-09-15,0,0,6,3,0,0,2,1,0,0,1,6,0,0,0,0
52,2022-09-16,0,0,7,12,0,0,0,0,0,0,0,1,0,0,0,0
52,2022-09-17,0,1,0,7,0,0,0,0,0,0,0,2,0,0,0,0
52,2022-09-18,1,0,0,1,0,0,0,0,0,0,0,0,0,0,0,1
52,2022-09-19,0,0,0,0,0,0,0,0,0,0,0,1,0,0,0,2
52,2022-09-20,0,0,1,2,0,0,0,1,0,0,0,0,0,0,0,3
52,2022-09-21,0,0,1,7,0,0,0,0,0,0,1,2,0,0,0,1
52,2022-09-22,0,0,0,0,0,0,0,1,0,0,0,0,0,0,0,0
52,2022-09-23,0,0,0,0,0,0,0,0,0,0,1,0,0,0,0,1
52,2022-09-24,0,0,1,0,0,0,0,0,0,0,0,2,0,0,0,1
52,2022-09-25,0,0,0,0,0,0,0,0,0,0,0,3,0,0,0,4
52,2022-09-26,0,0,0,0,0,0,0,3,0,0,1,2,0,0,0,2
52,2022-09-27,0,0,0,0,0,0,0,3,0,0,0,2,0,0,0,1
52,2022-09-28,0,0,0,0,0,0,0,1,0,0,0,3,0,0,0,0
52,2022-09-29,0,0,0,0,0,0,0,0,0,0,3,1,0,0,0,0
52,2022-09-30,0,0,0,0,0,0,0,0,0,0,0,1,0,0,0,0
52,2022-10-01,0,0,0,0,0,0,0,0,0,0,0,0,0,0,0,0
52,2022-10-02,0,0,0,0,0,0,0,0,0,0,0,0,0,0,0,0
52,2022-10-03,0,0,0,1,0,0,0,1,0,0,0,0,0,0,0,0
52,2022-10-04,0,0,0,3,0,0,0,0,0,0,1,2,0,0,0,2
52,2022-10-05,0,0,0,2,0,0,0,0,0,0,3,5,0,0,0,2
52,2022-10-06,0,1,1,1,0,0,1,2,0,0,4,6,0,0,0,0
52,2022-10-07,0,1,1,4,0,0,0,1,0,0,0,0,0,0,0,0
52,2022-10-08,0,0,1,1,0,0,0,5,0,0,0,0,0,0,0,0
52,2022-10-09,0,1,0,0,0,0,0,1,0,0,0,1,0,0,0,0
52,2022-10-10,0,0,0,2,0,0,0,0,0,0,1,1,0,0,0,0
52,2022-10-11,0,0,0,4,0,0,1,2,0,0,2,3,0,0,0,0
52,2022-10-12,1,0,1,35,0,0,0,4,0,0,4,3,0,0,0,0
52,2022-10-13,0,2,0,10,0,0,0,3,0,0,2,1,0,0,0,0
52,2022-10-14,0,0,0,0,0,0,0,5,0,0,2,5,0,0,0,0
52,2022-10-15,0,0,0,0,0,0,0,3,0,0,0,1,0,0,0,0
52,2022-10-16,0,0,0,0,0,0,0,0,0,0,2,0,0,0,0,0
52,2022-10-17,1,4,11,13,0,0,6,10,0,0,7,4,0,0,0,1
52,2022-10-18,2,3,7,24,0,0,6,22,0,0,9,12,0,0,0,4
52,2022-10-19,1,1,10,12,0,0,3,8,0,0,6,4,0,0,0,5
52,2022-10-20,0,0,8,3,0,0,0,0,0,0,5,17,0,0,0,3
52,2022-10-21,0,2,2,1,0,0,2,1,0,0,20,23,0,0,0,0
52,2022-10-22,0,1,5,8,0,0,1,3,0,0,8,5,0,0,0,1
52,2022-10-23,0,2,5,14,0,0,12,12,0,0,12,1,0,0,0,1
52,2022-10-24,1,0,2,15,0,0,5,7,0,0,0,3,0,0,0,2
52,2022-10-25,0,1,0,0,0,0,7,0,0,0,0,2,0,0,0,0
52,2022-10-26,3,0,3,2,0,0,0,0,0,0,11,2,0,0,0,0
52,2022-10-27,0,0,3,2,0,0,3,6,0,0,13,7,0,0,0,1
52,2022-10-28,1,4,9,16,0,0,3,12,0,0,8,0,0,0,0,0
52,2022-10-29,1,2,4,15,0,0,2,7,0,0,2,2,0,0,0,2
52,2022-10-30,0,0,3,13,0,0,0,1,0,0,5,2,0,0,0,3
52,2022-10-31,0,6,7,12,0,0,7,6,0,0,26,6,0,0,0,5
52,2022-11-01,4,5,18,20,0,0,3,9,0,0,50,17,0,0,0,4
52,2022-11-02,6,14,39,35,0,0,14,22,0,0,14,20,0,0,0,4
52,2022-11-03,9,5,20,25,0,0,9,25,0,0,6,9,0,0,0,4
52,2022-11-04,1,2,9,22,0,0,2,11,0,0,5,6,0,0,0,0
52,2022-11-05,3,4,25,7,0,0,2,7,0,0,16,11,0,0,0,0
52,2022-11-06,7,2,38,12,0,0,2,12,0,0,59,24,0,0,0,2
52,2022-11-07,8,11,52,21,0,0,12,11,0,0,72,26,0,0,0,5
52,2022-11-08,0,7,29,40,0,0,4,13,0,0,10,10,0,0,0,6
52,2022-11-09,3,2,23,34,0,0,5,18,0,0,44,16,0,0,0,1
52,2022-11-10,3,7,18,12,0,0,4,14,0,0,44,17,0,0,0,2
52,2022-11-11,2,11,19,19,0,0,7,13,0,0,102,38,0,0,0,3
52,2022-11-12,7,11,49,29,0,0,11,10,0,0,134,61,0,0,0,8
52,2022-11-13,8,9,50,15,0,0,11,19,0,0,71,19,0,0,0,3
52,2022-11-14,0,0,13,5,0,0,1,1,0,0,30,16,0,0,0,1
52,2022-11-15,0,1,4,5,0,0,2,1,0,0,34,11,0,0,0,0
52,2022-11-16,0,4,3,9,0,0,10,5,0,0,9,17,0,0,0,0
52,2022-11-17,3,1,33,23,0,0,8,8,0,0,28,34,0,0,0,1
52,2022-11-18,2,6,8,14,0,0,2,6,0,0,19,4,0,0,0,0
52,2022-11-19,0,1,6,15,0,0,2,0,0,0,15,12,0,0,0,1
52,2022-11-20,0,2,9,2,0,0,1,1,0,0,8,18,0,0,0,1
52,2022-11-21,0,7,20,6,0,0,1,11,0,0,24,39,0,0,0,2
52,2022-11-22,6,5,68,14,0,0,9,7,0,0,77,58,0,0,0,5
52,2022-11-23,3,3,39,1,0,0,4,2,0,0,60,38,0,0,0,5
52,2022-11-24,0,0,0,5,0,0,0,1,0,0,1,10,0,0,0,1
52,2022-11-25,0,0,3,2,0,0,0,2,0,0,8,15,0,0,0,0
52,2022-11-26,0,0,1,8,0,0,1,0,0,0,2,7,0,0,0,0
52,2022-11-27,0,2,5,1,0,0,1,0,0,0,10,12,0,0,0,0
52,2022-11-28,1,14,29,20,0,0,0,7,0,0,42,21,0,0,0,2
52,2022-11-29,8,3,68,32,0,0,4,6,0,0,30,12,0,0,0,9
52,2022-11-30,0,1,36,4,0,0,3,5,0,0,11,25,0,0,0,4
52,2022-12-01,0,0,9,7,0,0,1,2,0,0,18,22,0,0,0,4
52,2022-12-02,1,1,13,7,0,0,2,1,0,0,17,27,0,0,0,1
52,2022-12-03,1,15,36,9,0,0,8,7,0,0,74,57,0,0,0,4
52,2022-12-04,2,12,89,30,0,0,9,11,0,0,34,48,0,0,0,6
52,2022-12-05,0,8,53,39,0,0,0,5,0,0,37,28,0,0,0,2
52,2022-12-06,1,9,22,12,0,0,3,5,0,0,13,35,0,0,0,1
52,2022-12-07,0,4,30,22,0,0,3,12,0,0,40,37,0,0,0,4
52,2022-12-08,7,12,86,21,0,0,9,13,0,0,21,69,0,0,0,11
52,2022-12-09,6,12,125,39,0,0,8,12,0,0,38,99,0,0,0,9
52,2022-12-10,3,17,78,76,0,0,12,18,0,0,25,85,0,0,0,12
52,2022-12-11,1,8,37,31,0,0,6,6,0,0,16,62,0,0,0,3
52,2022-12-12,0,15,29,11,0,0,7,2,0,0,12,61,0,0,0,1
52,2022-12-13,1,5,24,34,0,0,8,13,0,0,33,88,0,0,0,4
52,2022-12-14,3,10,127,54,0,0,15,36,0,0,47,80,0,0,0,2
52,2022-12-15,6,13,96,124,0,0,32,38,0,0,19,42,0,0,0,7
52,2022-12-16,2,7,41,58,0,0,14,31,0,0,8,23,0,0,0,6
52,2022-12-17,1,0,14,18,0,0,1,20,0,0,30,45,0,0,0,0
52,2022-12-18,0,4,87,60,0,0,16,34,0,0,34,38,0,0,0,0
52,2022-12-19,13,13,105,85,0,0,25,36,0,0,58,80,0,0,0,0
52,2022-12-20,15,18,128,108,0,0,26,40,0,0,31,54,0,0,0,5
52,2022-12-21,4,11,73,85,0,0,26,25,0,0,21,53,0,0,0,3
52,2022-12-22,6,4,39,57,0,0,3,18,0,0,21,56,0,0,0,2
52,2022-12-23,7,2,51,76,0,0,18,7,0,0,14,94,0,0,0,8
52,2022-12-24,2,3,62,45,0,0,22,26,0,0,22,75,0,0,0,4
52,2022-12-25,5,11,96,79,0,0,33,26,0,0,52,101,0,0,0,6
52,2022-12-26,7,2,78,84,0,0,33,34,0,0,35,84,0,0,0,3
52,2022-12-27,8,4,52,54,0,0,19,22,0,0,24,109,0,0,0,1
52,2022-12-28,1,4,48,56,0,0,7,22,0,0,19,112,0,0,0,0
52,2022-12-29,3,11,35,67,0,0,25,11,0,0,22,103,0,0,0,1
52,2022-12-30,4,6,47,105,0,0,16,20,0,0,52,124,0,0,0,0
52,2022-12-31,5,9,60,142,0,0,20,29,0,0,43,108,0,0,0,0
52,2023-01-01,3,8,45,85,0,0,7,32,0,0,40,117,0,0,0,0
52,2023-01-02,3,2,34,9,0,0,12,7,0,0,57,135,0,0,0,0
52,2023-01-03,0,1,17,17,0,0,6,2,0,0,66,173,0,0,0,2
52,2023-01-04,2,6,50,86,0,0,31,49,0,0,47,268,0,0,0,5
52,2023-01-05,7,13,75,105,0,0,39,84,0,0,58,205,0,0,0,11
52,2023-01-06,1,8,76,78,0,0,36,75,0,0,56,116,0,0,0,4
52,2023-01-07,6,4,59,39,0,0,38,40,0,0,55,239,0,0,0,9
52,2023-01-08,7,3,33,16,0,0,13,7,0,0,49,182,0,0,0,13
52,2023-01-09,0,5,41,23,0,0,42,33,0,0,49,334,0,0,0,4
52,2023-01-10,21,14,79,15,0,0,21,21,0,0,120,416,0,0,0,7
52,2023-01-11,10,12,37,22,0,0,22,20,0,0,66,207,0,0,0,13
52,2023-01-12,1,14,50,35,0,0,17,29,0,0,87,248,0,0,0,2
52,2023-01-13,18,23,68,36,0,0,63,54,0,0,61,356,0,0,0,2
52,2023-01-14,23,18,93,93,0,0,103,122,0,0,106,450,0,0,0,4
52,2023-01-15,25,37,131,195,0,0,102,183,0,0,132,678,0,0,0,10
52,2023-01-16,28,31,143,233,0,0,70,125,0,0,92,360,0,0,0,22
52,2023-01-17,7,22,71,124,0,0,46,48,0,0,54,259,0,0,0,2
52,2023-01-18,0,1,85,132,0,0,20,36,0,0,59,502,0,0,0,3
52,2023-01-19,8,8,102,161,0,0,94,71,0,0,63,447,0,0,0,1
52,2023-01-20,29,18,158,247,0,0,67,85,0,0,115,707,0,0,0,4
52,2023-01-21,41,57,212,395,0,0,54,109,0,0,176,627,0,0,0,5
52,2023-01-22,37,30,142,347,0,0,88,190,0,0,111,390,0,0,0,1
52,2023-01-23,25,34,134,269,0,0,68,139,0,0,115,511,0,0,0,1
52,2023-01-24,33,34,201,248,0,0,98,134,0,0,129,556,0,0,0,1
52,2023-01-25,38,41,167,253,0,0,99,155,0,0,155,662,0,0,0,5
52,2023-01-26,66,114,262,571,0,0,100,170,0,0,127,724,0,0,0,11
52,2023-01-27,48,89,284,511,0,0,63,98,0,0,102,437,0,0,0,8
52,2023-01-28,36,46,157,379,0,0,44,123,0,0,54,284,0,0,0,0
52,2023-01-29,15,38,200,368,0,0,188,205,0,0,101,272,0,0,0,3
52,2023-01-30,52,67,204,213,0,0,159,277,0,0,164,449,0,0,0,6
52,2023-01-31,116,155,338,608,0,0,120,270,0,0,217,682,0,0,0,12
52,2023-02-01,53,89,375,681,0,0,102,336,0,0,123,364,0,0,0,4
52,2023-02-02,22,43,245,374,0,0,71,281,0,0,92,237,0,0,0,7
52,2023-02-03,7,21,53,32,0,0,25,43,0,0,29,116,0,0,0,0
52,2023-02-04,14,22,97,21,0,0,42,39,0,0,186,782,0,0,0,1
52,2023-02-05,28,31,99,17,0,0,43,38,0,0,423,3154,0,0,0,0
52,2023-02-06,131,145,317,154,0,0,155,150,0,0,1063,2950,0,0,0,10
52,2023-02-07,235,202,417,102,0,0,232,230,0,0,1092,1615,0,0,0,12
52,2023-02-08,151,183,350,101,0,0,217,188,0,0,724,1010,0,0,0,6
52,2023-02-09,94,126,307,100,0,0,192,165,0,0,696,959,0,0,0,19
52,2023-02-10,290,378,565,147,0,0,147,199,0,0,898,1151,0,0,0,24
52,2023-02-11,630,778,1102,307,0,0,484,602,0,0,1339,1337,0,0,0,25
52,2023-02-12,627,655,1242,436,0,0,560,822,0,0,721,684,0,0,0,7
52,2023-02-13,249,287,609,313,0,0,277,555,0,0,563,638,0,0,0,16
52,2023-02-14,192,272,631,321,0,0,437,237,0,0,583,703,0,0,0,38
52,2023-02-15,73,110,233,56,0,0,123,165,0,0,802,1341,0,0,0,7
52,2023-02-16,13,36,276,123,0,0,169,125,0,0,332,990,0,0,0,3
52,2023-02-17,0,1,126,59,0,0,140,107,0,0,13,34,0,0,0,0
52,2023-02-18,13,40,230,258,0,0,81,114,0,0,33,262,0,0,0,12
52,2023-02-19,36,61,273,242,0,0,135,99,0,0,137,654,0,0,0,8
52,2023-02-20,34,40,233,195,0,0,202,124,0,0,220,680,0,0,0,0
52,2023-02-21,90,155,498,485,0,0,248,150,0,0,325,1578,0,0,0,6
52,2023-02-22,237,258,1015,1005,0,0,179,191,0,0,400,1564,0,0,0,8
52,2023-02-23,111,114,686,773,0,0,215,252,0,0,294,1026,0,0,0,5
52,2023-02-24,69,85,514,749,0,0,170,180,0,0,367,1268,0,0,0,2
52,2023-02-25,64,109,615,697,0,0,145,227,0,0,433,801,0,0,0,1
52,2023-02-26,226,217,951,1014,0,0,432,736,0,0,601,803,0,0,0,0
52,2023-02-27,560,587,1632,1368,0,0,444,741,0,0,1064,696,0,0,0,1
52,2023-02-28,459,441,1478,993,0,0,465,962,0,0,672,573,0,0,0,3
52,2023-03-01,242,179,959,651,0,0,366,782,0,0,658,663,0,0,0,6
52,2023-03-02,159,147,691,675,0,0,449,448,0,0,729,1275,0,0,0,6
52,2023-03-03,193,165,684,573,0,0,411,524,0,0,711,1648,0,0,0,5
52,2023-03-04,293,308,980,816,0,0,304,132,0,0,1329,2544,0,0,0,9
52,2023-03-05,181,240,927,783,0,0,482,475,0,0,739,1571,0,0,0,6
52,2023-03-06,53,76,495,403,0,0,345,468,0,0,503,1359,0,0,0,4
52,2023-03-07,33,58,352,330,0,0,465,450,0,0,830,1990,0,0,0,5
52,2023-03-08,77,74,467,339,0,0,590,900,0,0,811,1816,0,0,0,4
52,2023-03-09,77,128,633,481,0,0,440,495,0,0,987,2255,0,0,0,7
52,2023-03-10,159,167,665,428,0,0,758,933,0,0,1403,2580,0,0,0,17
52,2023-03-11,11,26,213,236,0,0,443,919,0,0,477,1520,0,0,0,9
52,2023-03-12,2,5,89,129,0,0,338,259,0,0,66,121,0,0,0,0
52,2023-03-13,0,0,5,57,0,0,0,20,0,0,106,880,0,0,0,1
52,2023-03-14,1,1,159,236,0,0,120,328,0,0,399,735,0,0,0,5
52,2023-03-15,19,22,347,349,0,0,331,941,0,0,511,673,0,0,0,9
52,2023-03-16,3,11,325,246,0,0,370,599,0,0,213,343,0,0,0,2
52,2023-03-17,0,19,208,182,0,0,480,493,0,0,373,561,0,0,0,4
52,2023-03-18,9,58,202,195,0,0,507,428,0,0,376,432,0,0,0,6
52,2023-03-19,2,47,215,137,0,0,397,159,0,0,224,390,0,0,0,4
52,2023-03-20,31,117,710,321,0,0,429,621,0,0,576,493,0,0,0,1
52,2023-03-21,55,227,710,340,0,0,751,871,0,0,855,1384,0,0,0,4
52,2023-03-22,69,291,1009,370,0,0,1631,2021,0,0,1270,874,0,0,0,0
52,2023-03-23,72,340,1381,342,0,0,1954,2965,0,0,2519,2303,0,0,0,10
52,2023-03-24,117,512,1695,361,0,0,3188,4917,0,0,2058,1810,0,0,0,11
52,2023-03-25,338,843,2483,478,0,0,3323,3413,0,0,3662,3691,0,0,0,9
52,2023-03-26,420,1059,3670,677,0,0,4305,4316,0,0,3394,3086,0,0,0,23
52,2023-03-27,335,901,2548,403,0,0,1897,775,0,0,1772,1482,0,0,0,11
52,2023-03-28,178,532,2023,216,0,0,1350,958,0,0,2103,1485,0,0,0,5
52,2023-03-29,130,550,1359,164,0,0,1060,745,0,0,1524,1004,0,0,0,1
52,2023-03-30,222,613,1522,266,0,0,962,433,0,0,2565,2311,0,0,0,13
52,2023-03-31,316,717,2033,364,0,0,1573,1035,0,0,2727,1750,0,0,0,10
52,2023-04-01,116,390,1611,232,0,0,1019,1026,0,0,1425,1499,0,0,0,14
52,2023-04-02,112,268,841,150,0,0,1658,1568,0,0,691,529,0,0,0,3
52,2023-04-03,153,333,1269,194,0,0,2273,2580,0,0,1184,1057,0,0,0,6
52,2023-04-04,202,453,1706,297,0,0,2571,4858,0,0,1437,1595,0,0,0,14
52,2023-04-05,363,524,2800,433,0,0,2912,5505,0,0,2691,2921,0,0,0,19
52,2023-04-06,242,465,2283,398,0,0,1908,6252,0,0,1772,1835,0,0,0,31
52,2023-04-07,80,156,903,82,0,0,936,816,0,0,782,1290,0,0,0,28
52,2023-04-08,6,51,290,80,0,0,565,705,0,0,847,1311,0,0,0,7
52,2023-04-09,37,123,563,113,0,0,671,1225,0,0,783,1370,0,0,0,23
52,2023-04-10,126,232,1124,216,0,0,923,2122,0,0,1266,1654,0,0,0,47
52,2023-04-11,123,374,1284,209,0,0,1401,4145,0,0,1185,1505,0,0,0,96
52,2023-04-12,39,159,912,218,0,0,966,1538,0,0,719,1073,0,0,0,56
52,2023-04-13,36,85,546,93,0,0,447,1456,0,0,433,825,0,0,0,31
52,2023-04-14,72,218,555,95,0,0,624,1593,0,0,412,798,0,0,0,53
52,2023-04-15,88,157,646,164,0,0,582,728,0,0,608,960,0,0,0,38
52,2023-04-16,129,226,750,55,0,0,524,609,0,0,417,729,0,0,0,24
52,2023-04-17,103,129,697,185,0,0,468,1114,0,0,269,462,0,0,0,21
52,2023-04-18,28,83,509,210,0,0,585,2113,0,0,279,628,0,0,0,21
52,2023-04-19,22,52,418,202,0,0,810,3268,0,0,213,989,0,0,0,50
52,2023-04-20,11,59,328,212,0,0,469,2400,0,0,210,870,0,0,0,32
52,2023-04-21,83,92,462,295,0,0,569,2241,0,0,311,512,0,0,0,34
52,2023-04-22,47,88,284,233,0,0,703,3659,0,0,301,392,0,0,0,18
52,2023-04-23,26,47,194,182,0,0,517,1165,0,0,136,290,0,0,0,28
52,2023-04-24,14,15,142,98,0,0,289,460,0,0,107,414,0,0,0,12
52,2023-04-25,22,35,248,105,0,0,345,650,0,0,231,575,0,0,0,16
52,2023-04-26,17,25,132,70,0,0,118,122,0,0,237,469,0,0,0,8
52,2023-04-27,14,42,140,126,0,0,345,234,0,0,132,413,0,0,0,4
52,2023-04-28,30,78,284,112,0,0,383,294,0,0,150,347,0,0,0,7
52,2023-04-29,13,63,223,66,0,0,130,188,0,0,118,302,0,0,0,5
52,2023-04-30,13,14,66,22,0,0,9,0,0,0,114,359,0,0,0,0
52,2023-05-01,101,90,278,141,0,0,34,43,0,0,154,385,0,0,0,1
52,2023-05-02,128,102,242,161,0,0,56,108,0,0,44,186,0,0,0,10
52,2023-05-03,24,29,124,85,0,0,72,166,0,0,26,127,0,0,0,2
52,2023-05-04,38,79,173,149,0,0,160,632,0,0,20,142,0,0,0,7
52,2023-05-05,24,74,258,107,0,0,269,944,0,0,56,327,0,0,0,18
52,2023-05-06,72,158,483,154,0,0,750,1007,0,0,166,403,0,0,0,14
52,2023-05-07,163,181,664,275,0,0,707,555,0,0,84,214,0,0,0,21
52,2023-05-08,1,2,11,3,0,0,5,6,0,0,51,103,0,0,0,4
52,2023-05-09,3,10,34,17,0,0,18,17,0,0,12,25,0,0,0,4
52,2023-05-10,0,0,4,5,0,0,9,19,0,0,4,64,0,0,0,2
52,2023-05-11,8,3,35,10,0,0,21,16,0,0,14,24,0,0,0,3
52,2023-05-12,1,7,8,39,0,0,3,0,0,0,7,6,0,0,0,4
52,2023-05-13,0,0,6,9,0,0,0,0,0,0,3,4,0,0,0,0
52,2023-05-14,0,0,7,34,0,0,0,0,0,0,0,0,0,0,0,0
52,2023-05-15,0,0,2,10,0,0,0,1,0,0,1,1,0,0,0,0
52,2023-05-16,1,0,18,41,0,0,0,8,0,0,1,1,0,0,0,0
52,2023-05-17,2,10,83,74,0,0,27,67,0,0,7,21,0,0,0,3
52,2023-05-18,1,15,120,100,0,0,146,252,0,0,5,25,0,0,0,22
52,2023-05-19,5,11,93,75,0,0,93,210,0,0,11,29,0,0,0,8
52,2023-05-20,8,11,89,87,0,0,109,198,0,0,8,18,0,0,0,18
52,2023-05-21,4,1,61,34,0,0,75,128,0,0,0,29,0,0,0,24
52,2023-05-22,6,12,95,56,0,0,69,114,0,0,15,36,0,0,0,24
52,2023-05-23,7,19,117,58,0,0,32,128,0,0,3,21,0,0,0,24
52,2023-05-24,0,4,10,13,0,0,18,39,0,0,7,10,0,0,0,6
52,2023-05-25,3,9,14,16,0,0,4,3,0,0,1,1,0,0,0,9
52,2023-05-26,2,4,16,6,0,0,2,7,0,0,0,12,0,0,0,3
52,2023-05-27,0,4,22,3,0,0,2,3,0,0,6,15,0,0,0,5
52,2023-05-28,15,6,40,16,0,0,0,18,0,0,7,18,0,0,0,11
52,2023-05-29,0,0,0,0,0,0,2,54,0,0,4,4,0,0,0,7
52,2023-05-30,8,8,23,7,0,0,12,33,0,0,4,6,0,0,0,11
52,2023-05-31,3,4,10,10,0,0,11,49,0,0,2,2,0,0,0,11
52,2023-06-01,4,12,34,6,0,0,17,27,0,0,4,1,0,0,0,18
52,2023-06-02,6,19,51,38,0,0,13,26,0,0,1,10,0,0,0,19
52,2023-06-03,1,18,46,46,0,0,9,10,0,0,3,1,0,0,0,22
52,2023-06-04,7,6,24,12,0,0,1,2,0,0,0,3,0,0,0,5
52,2023-06-05,4,3,8,3,0,0,2,0,0,0,1,0,0,0,0,8
52,2023-06-06,0,0,0,1,0,0,0,0,0,0,1,1,0,0,0,0
52,2023-06-07,0,0,5,0,0,0,0,3,0,0,0,2,0,0,0,3
52,2023-06-08,0,0,3,1,0,0,0,2,0,0,0,1,0,0,0,0
52,2023-06-09,0,0,1,0,0,0,0,0,0,0,0,0,0,0,0,0
52,2023-06-10,0,1,0,2,0,0,1,0,0,0,0,1,0,0,0,0
52,2023-06-11,0,0,1,2,0,0,0,0,0,0,0,1,0,0,0,0
52,2023-06-12,0,1,0,2,0,0,0,0,0,0,0,0,0,0,0,0
52,2023-06-13,1,0,4,1,0,0,0,0,0,0,0,0,0,0,0,0
52,2023-06-14,1,0,2,0,0,0,0,0,0,0,0,0,0,0,0,0
52,2023-06-15,0,0,2,3,0,0,0,0,0,0,0,0,0,0,0,0
52,2023-06-16,0,0,1,4,0,0,0,0,0,0,0,0,0,0,0,0
52,2023-06-17,3,2,2,1,0,0,5,0,0,0,0,0,0,0,0,3
52,2023-06-18,3,2,5,0,0,0,2,0,0,0,1,4,0,0,0,0
52,2023-06-19,1,0,8,1,0,0,0,0,0,0,0,2,0,0,0,13
52,2023-06-20,0,1,3,2,0,0,0,0,0,0,0,0,0,0,0,1
52,2023-06-21,0,0,0,11,0,0,5,0,0,0,0,0,0,0,0,0
52,2023-06-22,0,0,3,22,0,0,0,0,0,0,1,0,0,0,0,0
52,2023-06-23,0,0,7,17,0,0,5,5,0,0,0,0,0,0,0,0
52,2023-06-24,0,0,9,7,0,0,6,0,0,0,0,0,0,0,0,0
52,2023-06-25,0,0,0,1,0,0,0,0,0,0,0,0,0,0,0,3
52,2023-06-26,0,0,0,1,0,0,0,1,0,0,0,1,0,0,0,8
52,2023-06-27,0,2,0,7,0,0,0,3,0,0,3,1,0,0,0,6
52,2023-06-28,0,1,0,3,0,0,0,0,0,0,3,2,0,0,0,2
52,2023-06-29,0,4,21,17,0,0,0,0,0,0,2,1,0,0,0,13
52,2023-06-30,1,0,0,10,0,0,1,2,0,0,0,0,0,0,0,7
52,2023-07-01,0,1,14,2,0,0,0,0,0,0,0,0,0,0,0,3
52,2023-07-02,0,0,0,2,0,0,0,4,0,0,0,0,0,0,0,0
52,2023-07-03,0,0,0,0,0,0,0,0,0,0,0,0,0,0,0,0
52,2023-07-04,0,0,0,0,0,0,0,0,0,0,0,0,0,0,0,0
52,2023-07-05,0,0,1,7,0,0,0,0,0,0,0,0,0,0,0,0
52,2023-07-06,0,1,12,27,0,0,0,0,0,0,0,1,0,0,0,0
52,2023-07-07,1,2,13,11,0,0,0,1,0,0,1,0,0,0,0,0
52,2023-07-08,0,0,7,10,0,0,1,0,0,0,0,3,0,0,0,0
52,2023-07-09,0,0,0,1,0,0,1,0,0,0,0,0,0,0,0,0
52,2023-07-10,0,0,27,6,0,0,0,0,0,0,0,0,0,0,0,0
52,2023-07-11,0,0,0,9,0,0,1,0,0,0,0,0,0,0,0,0
52,2023-07-12,0,0,2,10,0,0,0,0,0,0,1,0,0,0,0,0
52,2023-07-13,0,0,2,9,0,0,0,1,0,0,0,0,0,0,0,0
52,2023-07-14,1,0,5,3,0,0,0,0,0,0,0,0,0,0,0,0
52,2023-07-15,0,0,4,15,0,0,1,0,0,0,0,0,0,0,0,0
52,2023-07-16,0,0,0,1,0,0,0,0,0,0,0,0,0,0,0,0
52,2023-07-17,1,1,8,3,0,0,1,0,0,0,0,0,0,0,0,16
52,2023-07-18,0,0,0,0,0,0,0,0,0,0,0,0,0,0,0,10
52,2023-07-19,0,0,1,0,0,0,0,0,0,0,0,3,0,0,0,0
52,2023-07-20,0,1,0,2,0,0,0,0,0,0,1,1,0,0,0,0
52,2023-07-21,0,0,8,0,0,0,0,0,0,0,0,0,0,0,0,2
52,2023-07-22,0,2,10,2,0,0,0,1,0,0,1,0,0,0,0,1
52,2023-07-23,0,0,1,2,0,0,0,1,0,0,0,1,0,0,0,0
52,2023-07-24,0,0,2,0,0,0,0,1,0,0,0,0,0,0,0,0
52,2023-07-25,2,5,12,14,0,0,3,2,0,0,0,5,0,0,0,3
52,2023-07-26,0,0,0,0,0,0,0,0,0,0,0,0,0,0,0,0
52,2023-07-27,0,0,0,0,0,0,0,0,0,0,0,0,0,0,0,0
52,2023-07-28,0,4,0,1,0,0,0,0,0,0,0,0,0,0,0,0
52,2023-07-29,0,0,0,0,0,0,0,0,0,0,0,1,0,0,0,1
52,2023-07-30,0,0,1,0,0,0,0,0,0,0,0,1,0,0,0,0
52,2023-07-31,0,0,1,1,0,0,0,0,0,0,0,0,0,0,0,0
52,2023-08-01,0,0,2,0,0,0,0,0,0,0,0,0,0,0,0,0
52,2023-08-02,0,0,0,0,0,0,0,0,0,0,0,0,0,0,0,0
52,2023-08-03,0,0,0,0,0,0,0,0,0,0,0,0,0,0,0,0
52,2023-08-04,0,0,0,0,0,0,0,0,0,0,0,0,0,0,0,0
52,2023-08-05,0,0,0,1,0,0,0,0,0,0,0,1,0,0,0,0
52,2023-08-06,0,0,0,2,0,0,0,0,0,0,0,0,0,0,0,0
52,2023-08-07,0,0,0,0,0,0,0,0,0,0,0,0,0,0,0,0
52,2023-08-08,0,0,0,2,0,0,0,0,0,0,0,0,0,0,0,0
52,2023-08-09,0,0,0,3,0,0,0,0,0,0,0,0,0,0,0,0
52,2023-08-10,0,0,9,20,0,0,0,0,0,0,0,0,0,0,0,0
52,2023-08-11,0,2,83,23,0,0,0,0,0,0,0,0,0,0,0,0
52,2023-08-12,0,0,0,2,0,0,0,0,0,0,0,0,0,0,0,0
52,2023-08-13,0,0,9,12,0,0,0,0,0,0,0,1,0,0,0,1
52,2023-08-14,0,0,5,6,0,0,0,0,0,0,0,0,0,0,0,0
52,2023-08-15,0,0,7,6,0,0,0,0,0,0,0,0,0,0,0,0
52,2023-08-16,0,0,31,5,0,0,0,0,0,0,0,0,0,0,0,0
52,2023-08-17,0,0,2,15,0,0,0,1,0,0,0,0,0,0,0,2
52,2023-08-18,0,5,43,52,0,0,0,1,0,0,0,0,0,0,0,1
52,2023-08-19,0,1,15,29,0,0,0,0,0,0,0,0,0,0,0,0
52,2023-08-20,0,0,0,8,0,0,0,0,0,0,0,1,0,0,0,1
52,2023-08-21,0,2,20,31,0,0,0,0,0,0,0,1,0,0,0,0
52,2023-08-22,0,0,0,16,0,0,0,0,0,0,0,0,0,0,0,0
52,2023-08-23,0,0,10,21,0,0,0,0,0,0,0,0,0,0,0,0
52,2023-08-24,0,0,0,5,0,0,0,0,0,0,0,1,0,0,0,0
52,2023-08-25,0,0,5,0,0,0,0,0,0,0,0,0,0,0,0,0
52,2023-08-26,0,0,0,2,0,0,0,0,0,0,0,0,0,0,0,0
52,2023-08-27,0,0,11,4,0,0,0,0,0,0,0,3,0,0,0,0
52,2023-08-28,0,1,3,8,0,0,0,0,0,0,0,0,0,0,0,0
52,2023-08-29,0,0,12,0,0,0,0,0,0,0,0,0,0,0,0,0
52,2023-08-30,1,1,4,8,0,0,0,0,0,0,0,3,0,0,0,0
52,2023-08-31,0,0,2,36,0,0,0,0,0,0,1,0,0,0,0,0
52,2023-09-01,2,2,24,9,0,0,0,1,0,0,2,0,0,0,0,1
52,2023-09-02,0,0,7,13,0,0,1,0,0,0,0,1,0,0,0,0
52,2023-09-03,3,3,18,60,0,0,0,0,0,0,1,0,0,0,0,5
52,2023-09-04,1,0,5,10,0,0,0,0,0,0,0,0,0,0,0,1
52,2023-09-05,0,0,0,3,0,0,0,0,0,0,0,0,0,0,0,1
52,2023-09-06,0,0,0,0,0,0,0,1,0,0,0,4,0,0,0,0
52,2023-09-07,0,1,0,0,0,0,0,0,0,0,1,3,0,0,0,0
52,2023-09-08,0,0,1,2,0,0,0,0,0,0,0,0,0,0,0,2
52,2023-09-09,0,0,3,15,0,0,0,0,0,0,0,1,0,0,0,3
52,2023-09-10,0,0,0,3,0,0,0,0,0,0,0,1,0,0,0,2
52,2023-09-11,0,0,0,1,0,0,0,0,0,0,0,0,0,0,0,1
52,2023-09-12,0,0,3,0,0,0,1,0,0,0,0,2,0,0,0,1
52,2023-09-13,0,0,0,0,0,0,0,0,0,0,0,0,0,0,0,0
52,2023-09-14,0,0,0,0,0,0,0,0,0,0,0,0,0,0,0,1
52,2023-09-15,0,0,0,0,0,0,0,0,0,0,0,0,0,0,0,0
52,2023-09-16,0,0,0,2,0,0,0,0,0,0,0,3,0,0,0,2
52,2023-09-17,0,0,0,8,0,0,0,0,0,0,0,5,0,0,0,0
52,2023-09-18,0,0,0,1,0,0,0,0,0,0,0,0,0,0,0,0
52,2023-09-19,0,0,0,0,0,0,0,0,0,0,2,0,0,0,0,0
52,2023-09-20,0,0,1,1,0,0,0,0,0,0,0,0,0,0,0,0
52,2023-09-21,0,2,12,7,0,0,0,0,0,0,0,2,0,0,0,1
52,2023-09-22,0,0,1,1,0,0,0,0,0,0,0,8,0,0,0,1
52,2023-09-23,2,2,14,3,0,0,3,1,0,0,0,5,0,0,0,4
52,2023-09-24,0,2,12,11,0,0,0,2,0,0,1,4,0,0,0,1
52,2023-09-25,0,0,1,4,0,0,2,3,0,0,1,1,0,0,0,1
52,2023-09-26,0,0,0,0,0,0,0,2,0,0,0,0,0,0,0,4
52,2023-09-27,0,0,0,0,0,0,0,0,0,0,0,0,0,0,0,0
52,2023-09-28,0,0,0,0,0,0,0,0,0,0,0,0,0,0,0,0
52,2023-09-29,0,0,0,0,0,0,0,0,0,0,0,0,0,0,0,0
52,2023-09-30,0,0,0,0,0,0,0,0,0,0,0,2,0,0,0,0
52,2023-10-01,0,0,0,1,0,0,0,0,0,0,0,0,0,0,0,0
52,2023-10-02,0,0,0,2,0,0,0,0,0,0,0,0,0,0,0,0
52,2023-10-03,0,0,6,4,0,0,0,0,0,0,2,3,0,0,0,0
52,2023-10-04,1,0,15,1,0,0,1,1,0,0,0,3,0,0,0,1
52,2023-10-05,0,1,1,4,0,0,1,2,0,0,1,4,0,0,0,2
52,2023-10-06,0,0,1,2,0,0,0,1,0,0,0,0,0,0,0,0
52,2023-10-07,0,0,2,1,0,0,0,0,0,0,0,0,0,0,0,0
52,2023-10-08,0,0,3,0,0,0,0,0,0,0,0,0,0,0,0,0
52,2023-10-09,0,0,0,0,0,0,0,0,0,0,0,0,0,0,0,0
52,2023-10-10,0,0,0,0,0,0,0,0,0,0,0,0,0,0,0,0
52,2023-10-11,0,0,0,4,0,0,0,0,0,0,1,0,0,0,0,0
52,2023-10-12,0,0,0,3,0,0,0,0,0,0,0,0,0,0,0,0
52,2023-10-13,0,0,0,8,0,0,1,1,0,0,0,0,0,0,0,0
52,2023-10-14,0,0,4,13,0,0,0,0,0,0,2,3,0,0,0,0
52,2023-10-15,0,0,0,10,0,0,0,0,0,0,0,3,0,0,0,3
52,2023-10-16,0,0,1,5,0,0,0,0,0,0,0,2,0,0,0,0
52,2023-10-17,0,0,2,3,0,0,0,2,0,0,0,0,0,0,0,0
52,2023-10-18,0,0,5,10,0,0,0,7,0,0,2,1,0,0,0,0
52,2023-10-19,1,0,5,11,0,0,0,6,0,0,11,8,0,0,0,5
52,2023-10-20,4,0,21,26,0,0,2,6,0,0,4,9,0,0,0,2
52,2023-10-21,0,0,5,7,0,0,0,2,0,0,4,2,0,0,0,0
52,2023-10-22,0,0,0,4,0,0,0,6,0,0,0,1,0,0,0,0
52,2023-10-23,0,1,4,6,0,0,0,0,0,0,0,1,0,0,0,0
52,2023-10-24,0,1,15,15,0,0,0,3,0,0,5,1,0,0,0,0
52,2023-10-25,1,2,10,4,0,0,3,2,0,0,2,4,0,0,0,0
52,2023-10-26,1,0,3,6,0,0,3,3,0,0,0,1,0,0,0,1
52,2023-10-27,0,0,2,2,0,0,0,0,0,0,0,1,0,0,0,0
52,2023-10-28,0,0,2,2,0,0,0,0,0,0,1,1,0,0,0,0
52,2023-10-29,0,0,0,0,0,0,0,1,0,0,2,3,0,0,0,0
52,2023-10-30,0,0,2,1,0,0,0,2,0,0,0,2,0,0,0,0
52,2023-10-31,0,0,0,4,0,0,0,0,0,0,1,0,0,0,0,1
52,2023-11-01,0,0,0,2,0,0,1,5,0,0,7,1,0,0,0,0
52,2023-11-02,0,0,0,5,0,0,0,0,0,0,0,0,0,0,0,0
52,2023-11-03,1,2,12,16,0,0,0,0,0,0,9,8,0,0,0,0
52,2023-11-04,4,1,17,21,0,0,1,3,0,0,10,26,0,0,0,1
52,2023-11-05,2,4,39,29,0,0,2,5,0,0,9,11,0,0,0,9
52,2023-11-06,0,0,6,18,0,0,4,4,0,0,11,3,0,0,0,1
52,2023-11-07,1,0,4,9,0,0,0,1,0,0,1,4,0,0,0,1
52,2023-11-08,0,2,2,5,0,0,0,0,0,0,9,14,0,0,0,5
52,2023-11-09,3,1,8,2,0,0,0,1,0,0,5,37,0,0,0,3
52,2023-11-10,0,7,28,6,0,0,3,2,0,0,21,25,0,0,0,5
52,2023-11-11,2,3,9,12,0,0,4,5,0,0,11,10,0,0,0,2
52,2023-11-12,0,0,3,3,0,0,0,1,0,0,1,4,0,0,0,1
52,2023-11-13,1,2,1,0,0,0,1,0,0,0,3,5,0,0,0,0
52,2023-11-14,1,1,3,12,0,0,0,0,0,0,7,11,0,0,0,0
52,2023-11-15,3,9,25,28,0,0,0,3,0,0,44,21,0,0,0,0
52,2023-11-16,5,8,18,30,0,0,2,1,0,0,20,9,0,0,0,0
52,2023-11-17,1,2,11,13,0,0,1,4,0,0,2,0,0,0,0,0
52,2023-11-18,3,8,14,13,0,0,0,2,0,0,15,1,0,0,0,0
52,2023-11-19,3,4,57,15,0,0,5,4,0,0,78,10,0,0,0,0
52,2023-11-20,9,14,74,39,0,0,6,3,0,0,117,39,0,0,0,1
52,2023-11-21,11,21,144,76,0,0,11,11,0,0,63,39,0,0,0,2
52,2023-11-22,3,10,81,52,0,0,6,10,0,0,46,19,0,0,0,3
52,2023-11-23,2,6,21,9,0,0,9,2,0,0,18,22,0,0,0,1
52,2023-11-24,1,8,39,30,0,0,2,3,0,0,55,43,0,0,0,3
52,2023-11-25,5,6,84,32,0,0,1,7,0,0,137,71,0,0,0,4
52,2023-11-26,8,24,122,33,0,0,12,5,0,0,74,36,0,0,0,5
52,2023-11-27,7,13,61,49,0,0,11,14,0,0,57,23,0,0,0,10
52,2023-11-28,2,14,35,35,0,0,3,4,0,0,33,14,0,0,0,1
52,2023-11-29,2,11,25,2,0,0,3,4,0,0,28,30,0,0,0,5
52,2023-11-30,0,0,62,18,0,0,0,1,0,0,14,38,0,0,0,2
52,2023-12-01,11,22,112,25,0,0,4,3,0,0,155,74,0,0,0,1
52,2023-12-02,5,2,48,38,0,0,2,4,0,0,40,31,0,0,0,4
52,2023-12-03,0,1,12,16,0,0,0,3,0,0,25,31,0,0,0,0
52,2023-12-04,2,6,17,33,0,0,0,3,0,0,25,33,0,0,0,0
52,2023-12-05,4,12,49,36,0,0,4,8,0,0,31,50,0,0,0,0
52,2023-12-06,6,11,72,55,0,0,1,3,0,0,48,75,0,0,0,0
52,2023-12-07,3,30,61,101,0,0,4,11,0,0,31,27,0,0,0,0
52,2023-12-08,1,8,44,72,0,0,2,8,0,0,14,15,0,0,0,0
52,2023-12-09,2,3,18,51,0,0,6,11,0,0,23,16,0,0,0,1
52,2023-12-10,2,1,37,54,0,0,1,4,0,0,11,10,0,0,0,5
52,2023-12-11,5,10,89,61,0,0,5,10,0,0,33,87,0,0,0,3
52,2023-12-12,5,9,97,87,0,0,8,12,0,0,25,76,0,0,0,2
52,2023-12-13,3,3,43,76,0,0,6,11,0,0,12,38,0,0,0,3
52,2023-12-14,3,8,23,49,0,0,3,9,0,0,15,27,0,0,0,0
52,2023-12-15,0,4,22,42,0,0,16,5,0,0,24,93,0,0,0,2
52,2023-12-16,1,7,50,55,0,0,6,8,0,0,54,127,0,0,0,3
52,2023-12-17,3,12,62,94,0,0,2,15,0,0,33,121,0,0,0,9
52,2023-12-18,5,15,70,152,0,0,17,18,0,0,29,60,0,0,0,5
52,2023-12-19,0,4,33,74,0,0,8,9,0,0,14,38,0,0,0,1
52,2023-12-20,2,4,15,62,0,0,10,8,0,0,20,73,0,0,0,2
52,2023-12-21,2,8,33,115,0,0,3,5,0,0,40,96,0,0,0,4
52,2023-12-22,0,10,46,111,0,0,5,18,0,0,47,134,0,0,0,0
52,2023-12-23,7,9,111,176,0,0,29,17,0,0,44,113,0,0,0,2
52,2023-12-24,3,7,67,36,0,0,8,25,0,0,21,77,0,0,0,0
52,2023-12-25,3,1,13,13,0,0,2,16,0,0,16,113,0,0,0,0
52,2023-12-26,2,4,46,71,0,0,19,37,0,0,32,126,0,0,0,5
52,2023-12-27,5,10,61,63,0,0,7,8,0,0,39,182,0,0,0,7
52,2023-12-28,5,11,105,141,0,0,18,33,0,0,36,138,0,0,0,6
52,2023-12-29,6,11,40,105,0,0,11,30,0,0,13,73,0,0,0,12
52,2023-12-30,0,4,29,53,0,0,1,20,0,0,30,104,0,0,0,3
52,2023-12-31,0,1,20,52,0,0,11,13,0,0,17,141,0,0,0,2
52,2024-01-01,3,3,13,57,0,0,7,14,0,0,38,135,0,0,0,5
52,2024-01-02,5,12,48,103,0,0,16,27,0,0,72,130,0,0,0,11
52,2024-01-03,5,2,70,220,0,0,28,41,0,0,34,109,0,0,0,19
52,2024-01-04,0,3,41,93,0,0,12,21,0,0,17,89,0,0,0,6
52,2024-01-05,0,3,32,75,0,0,7,21,0,0,23,130,0,0,0,10
52,2024-01-06,10,6,41,90,0,0,25,15,0,0,28,155,0,0,0,12
52,2024-01-07,2,7,48,118,0,0,15,25,0,0,51,257,0,0,0,16
52,2024-01-08,5,13,91,181,0,0,27,17,0,0,44,147,0,0,0,25
52,2024-01-09,2,4,46,150,0,0,15,34,0,0,40,147,0,0,0,8
52,2024-01-10,2,5,23,80,0,0,4,4,0,0,25,133,0,0,0,8
52,2024-01-11,6,6,39,76,0,0,4,19,0,0,52,143,0,0,0,6
52,2024-01-12,6,7,32,70,0,0,13,13,0,0,46,201,0,0,0,8
52,2024-01-13,11,7,51,121,0,0,3,11,0,0,40,195,0,0,0,15
52,2024-01-14,1,5,24,202,0,0,23,12,0,0,15,119,0,0,0,15
52,2024-01-15,0,2,46,111,0,0,5,3,0,0,26,108,0,0,0,1
52,2024-01-16,4,1,36,109,0,0,16,7,0,0,23,88,0,0,0,2
52,2024-01-17,9,8,45,91,0,0,26,22,0,0,37,162,0,0,0,0
52,2024-01-18,11,16,69,180,0,0,24,14,0,0,73,219,0,0,0,3
52,2024-01-19,35,25,78,237,0,0,28,45,0,0,61,163,0,0,0,6
52,2024-01-20,19,20,56,169,0,0,29,26,0,0,51,143,0,0,0,1
52,2024-01-21,21,32,58,185,0,0,22,22,0,0,88,218,0,0,0,2
52,2024-01-22,18,16,74,140,0,0,37,23,0,0,69,210,0,0,0,9
52,2024-01-23,45,27,66,123,0,0,25,8,0,0,93,352,0,0,0,5
52,2024-01-24,27,25,88,102,0,0,8,9,0,0,85,271,0,0,0,14
52,2024-01-25,10,13,17,7,0,0,2,9,0,0,34,62,0,0,0,1
52,2024-01-26,0,0,25,128,0,0,0,0,0,0,8,105,0,0,0,1
52,2024-01-27,0,0,18,126,0,0,3,11,0,0,9,118,0,0,0,0
52,2024-01-28,0,0,21,22,0,0,0,0,0,0,32,201,0,0,0,0
52,2024-01-29,0,3,30,66,0,0,5,2,0,0,105,271,0,0,0,10
52,2024-01-30,0,1,10,87,0,0,1,7,0,0,53,234,0,0,0,9
52,2024-01-31,0,2,14,44,0,0,1,2,0,0,15,41,0,0,0,3
52,2024-02-01,6,9,73,86,0,0,13,28,0,0,93,368,0,0,0,6
52,2024-02-02,11,26,86,147,0,0,43,75,0,0,142,447,0,0,0,2
52,2024-02-03,76,63,103,216,0,0,40,90,0,0,227,657,0,0,0,10
52,2024-02-04,96,77,202,573,0,0,69,125,0,0,175,407,0,0,0,6
52,2024-02-05,33,21,258,672,0,0,49,115,0,0,127,407,0,0,0,7
52,2024-02-06,16,22,179,640,0,0,39,124,0,0,158,539,0,0,0,3
52,2024-02-07,11,24,153,646,0,0,103,171,0,0,162,571,0,0,0,5
52,2024-02-08,21,30,216,518,0,0,106,113,0,0,217,762,0,0,0,4
52,2024-02-09,56,54,239,532,0,0,62,46,0,0,177,513,0,0,0,2
52,2024-02-10,0,5,112,474,0,0,5,15,0,0,115,452,0,0,0,0
52,2024-02-11,1,6,90,432,0,0,3,46,0,0,163,491,0,0,0,0
52,2024-02-12,12,12,111,271,0,0,88,76,0,0,100,479,0,0,0,0
52,2024-02-13,24,61,213,511,0,0,92,91,0,0,218,955,0,0,0,0
52,2024-02-14,122,152,480,785,0,0,75,140,0,0,432,934,0,0,0,8
52,2024-02-15,66,148,602,926,0,0,99,154,0,0,301,521,0,0,0,9
52,2024-02-16,22,44,244,372,0,0,56,81,0,0,247,560,0,0,0,2
52,2024-02-17,12,14,92,142,0,0,89,146,0,0,546,1555,0,0,0,7
52,2024-02-18,40,97,167,103,0,0,210,228,0,0,829,1344,0,0,0,5
52,2024-02-19,94,145,296,264,0,0,105,194,0,0,1183,1412,0,0,0,19
52,2024-02-20,202,216,504,668,0,0,138,210,0,0,816,729,0,0,0,23
52,2024-02-21,122,119,268,481,0,0,91,170,0,0,288,494,0,0,0,13
52,2024-02-22,46,101,177,237,0,0,82,174,0,0,368,501,0,0,0,13
52,2024-02-23,79,117,198,184,0,0,120,133,0,0,454,615,0,0,0,23
52,2024-02-24,156,207,257,274,0,0,136,81,0,0,626,851,0,0,0,14
52,2024-02-25,199,350,375,440,0,0,120,74,0,0,974,911,0,0,0,11
52,2024-02-26,27,122,273,386,0,0,106,120,0,0,524,695,0,0,0,21
52,2024-02-27,11,39,158,300,0,0,59,74,0,0,771,916,0,0,0,29
52,2024-02-28,36,81,120,152,0,0,105,106,0,0,757,1307,0,0,0,29
52,2024-02-29,123,252,214,178,0,0,113,178,0,0,1004,1370,0,0,0,14
52,2024-03-01,444,468,496,205,0,0,96,99,0,0,1924,1571,0,0,0,11
52,2024-03-02,149,226,354,193,0,0,97,71,0,0,1029,1306,0,0,0,6
52,2024-03-03,63,124,167,177,0,0,105,120,0,0,852,1724,0,0,0,1
52,2024-03-04,200,222,450,138,0,0,234,395,0,0,1104,1363,0,0,0,4
52,2024-03-05,305,381,623,472,0,0,318,828,0,0,1242,1609,0,0,0,8
52,2024-03-06,465,522,994,624,0,0,301,866,0,0,1626,2297,0,0,0,10
52,2024-03-07,266,442,1015,731,0,0,227,502,0,0,1221,1724,0,0,0,6
52,2024-03-08,95,166,354,169,0,0,188,135,0,0,463,1184,0,0,0,4
52,2024-03-09,168,179,223,66,0,0,64,27,0,0,927,1772,0,0,0,6
52,2024-03-10,208,317,488,153,0,0,134,87,0,0,1127,1744,0,0,0,6
52,2024-03-11,327,381,932,214,0,0,114,62,0,0,1635,2524,0,0,0,2
52,2024-03-12,400,516,1342,352,0,0,102,108,0,0,2490,3489,0,0,0,14
52,2024-03-13,523,569,1116,208,0,0,198,257,0,0,1414,1039,0,0,0,17
52,2024-03-14,151,255,625,310,0,0,188,213,0,0,873,1675,0,0,0,11
52,2024-03-15,69,163,616,380,0,0,431,539,0,0,873,1120,0,0,0,12
52,2024-03-16,181,271,731,171,0,0,402,591,0,0,843,1432,0,0,0,6
52,2024-03-17,224,279,851,408,0,0,281,360,0,0,872,1436,0,0,0,9
52,2024-03-18,40,99,760,303,0,0,311,411,0,0,955,1101,0,0,0,10
52,2024-03-19,4,21,79,58,0,0,47,82,0,0,756,1853,0,0,0,5
52,2024-03-20,2,31,35,17,0,0,1,0,0,0,250,1760,0,0,0,0
52,2024-03-21,2,28,26,79,0,0,24,9,0,0,184,677,0,0,0,1
52,2024-03-22,10,69,106,210,0,0,33,25,0,0,143,623,0,0,0,1
52,2024-03-23,68,190,332,156,0,0,70,78,0,0,350,638,0,0,0,8
52,2024-03-24,118,246,293,197,0,0,252,165,0,0,367,915,0,0,0,7
52,2024-03-25,96,295,327,153,0,0,474,446,0,0,698,1340,0,0,0,4
52,2024-03-26,7,86,247,61,0,0,346,346,0,0,529,973,0,0,0,2
52,2024-03-27,43,229,686,121,0,0,527,429,0,0,1967,2620,0,0,0,3
52,2024-03-28,230,403,896,71,0,0,690,1031,0,0,1174,1817,0,0,0,1
52,2024-03-29,129,299,808,122,0,0,428,381,0,0,982,1484,0,0,0,1
52,2024-03-30,110,315,533,178,0,0,440,454,0,0,1397,2052,0,0,0,4
52,2024-03-31,148,312,688,312,0,0,1137,1449,0,0,1157,2763,0,0,0,5
52,2024-04-01,160,324,1003,412,0,0,880,1816,0,0,1788,2059,0,0,0,7
52,2024-04-02,349,506,1964,494,0,0,1560,2811,0,0,1976,2170,0,0,0,6
52,2024-04-03,230,337,1221,371,0,0,671,2234,0,0,1107,1696,0,0,0,11
52,2024-04-04,50,137,534,267,0,0,1048,2404,0,0,949,1452,0,0,0,14
52,2024-04-05,38,79,480,196,0,0,1483,1968,0,0,1262,1946,0,0,0,8
52,2024-04-06,34,99,504,218,0,0,1062,2156,0,0,975,1979,0,0,0,36
52,2024-04-07,86,180,918,319,0,0,1206,2330,0,0,894,1486,0,0,0,11
52,2024-04-08,133,186,646,264,0,0,635,1805,0,0,641,1026,0,0,0,15
52,2024-04-09,42,66,319,166,0,0,851,171,0,0,546,1398,0,0,0,16
52,2024-04-10,10,20,40,15,0,0,53,50,0,0,611,889,0,0,0,5
52,2024-04-11,14,40,135,77,0,0,224,208,0,0,275,938,0,0,0,7
52,2024-04-12,24,38,198,120,0,0,150,302,0,0,302,811,0,0,0,24
52,2024-04-13,57,119,301,113,0,0,784,1103,0,0,235,535,0,0,0,29
52,2024-04-14,39,68,189,76,0,0,351,730,0,0,124,357,0,0,0,7
52,2024-04-15,11,51,64,73,0,0,543,1557,0,0,208,349,0,0,0,13
52,2024-04-16,8,45,98,64,0,0,572,1036,0,0,590,439,0,0,0,12
52,2024-04-17,53,114,361,148,0,0,471,418,0,0,721,504,0,0,0,2
52,2024-04-18,90,202,430,217,0,0,889,977,0,0,240,361,0,0,0,9
52,2024-04-19,23,113,238,63,0,0,235,347,0,0,344,338,0,0,0,2
52,2024-04-20,39,54,237,187,0,0,583,702,0,0,572,405,0,0,0,1
52,2024-04-21,26,82,201,178,0,0,774,856,0,0,275,520,0,0,0,3
52,2024-04-22,70,104,431,204,0,0,1048,1563,0,0,382,743,0,0,0,11
52,2024-04-23,64,101,466,238,0,0,876,2415,0,0,226,399,0,0,0,23
52,2024-04-24,13,39,79,97,0,0,170,1366,0,0,98,281,0,0,0,3
52,2024-04-25,41,94,395,235,0,0,385,404,0,0,106,356,0,0,0,9
52,2024-04-26,36,89,412,232,0,0,418,569,0,0,145,285,0,0,0,6
52,2024-04-27,57,95,473,253,0,0,1277,2304,0,0,248,582,0,0,0,43
52,2024-04-28,79,133,770,316,0,0,1142,2684,0,0,314,641,0,0,0,40
52,2024-04-29,97,256,1469,439,0,0,1875,3268,0,0,364,658,0,0,0,65
52,2024-04-30,133,174,1019,306,0,0,1096,1658,0,0,185,453,0,0,0,36
52,2024-05-01,96,296,1193,256,0,0,804,1346,0,0,210,485,0,0,0,9
52,2024-05-02,78,210,511,218,0,0,379,317,0,0,74,368,0,0,0,6
52,2024-05-03,39,174,654,142,0,0,59,147,0,0,159,415,0,0,0,22
52,2024-05-04,125,267,617,132,0,0,103,577,0,0,191,299,0,0,0,102
52,2024-05-05,97,222,467,104,0,0,78,32,0,0,138,190,0,0,0,25
52,2024-05-06,77,72,237,93,0,0,53,45,0,0,70,253,0,0,0,8
52,2024-05-07,5,24,52,12,0,0,42,17,0,0,39,163,0,0,0,4
52,2024-05-08,2,45,103,33,0,0,15,49,0,0,83,306,0,0,0,4
52,2024-05-09,7,27,172,74,0,0,44,118,0,0,74,152,0,0,0,13
52,2024-05-10,1,12,58,32,0,0,4,24,0,0,62,236,0,0,0,3
52,2024-05-11,2,11,21,14,0,0,3,13,0,0,31,138,0,0,0,3
52,2024-05-12,3,13,26,41,0,0,16,37,0,0,17,166,0,0,0,7
52,2024-05-13,9,18,60,4,0,0,72,134,0,0,54,332,0,0,0,25
52,2024-05-14,18,20,142,17,0,0,135,189,0,0,99,276,0,0,0,43
52,2024-05-15,0,3,59,52,0,0,152,216,0,0,37,334,0,0,0,23
52,2024-05-16,7,14,25,5,0,0,12,5,0,0,21,118,0,0,0,31
52,2024-05-17,0,0,9,3,0,0,1,5,0,0,4,25,0,0,0,1
52,2024-05-18,0,5,7,3,0,0,15,6,0,0,15,142,0,0,0,0
52,2024-05-19,16,20,62,19,0,0,14,61,0,0,19,183,0,0,0,12
52,2024-05-20,3,9,90,41,0,0,80,36,0,0,9,64,0,0,0,23
52,2024-05-21,0,0,1,0,0,0,0,3,0,0,9,9,0,0,0,0
52,2024-05-22,0,3,4,2,0,0,0,4,0,0,2,7,0,0,0,0
52,2024-05-23,0,0,2,0,0,0,0,0,0,0,4,10,0,0,0,2
52,2024-05-24,0,0,0,0,0,0,0,0,0,0,0,6,0,0,0,3
52,2024-05-25,0,0,0,8,0,0,0,0,0,0,0,0,0,0,0,0
52,2024-05-26,0,0,0,7,0,0,0,0,0,0,0,0,0,0,0,0
52,2024-05-27,0,0,0,9,0,0,0,0,0,0,0,1,0,0,0,0
52,2024-05-28,0,0,1,0,0,0,0,2,0,0,0,0,0,0,0,0
52,2024-05-29,0,0,1,2,0,0,1,13,0,0,0,1,0,0,0,1
52,2024-05-30,0,0,0,0,0,0,0,0,0,0,0,0,0,0,0,0
52,2024-05-31,0,0,0,0,0,0,0,0,0,0,0,0,0,0,0,0
52,2024-06-01,0,0,0,0,0,0,0,0,0,0,0,0,0,0,0,0
52,2024-06-02,0,0,0,0,0,0,0,0,0,0,0,0,0,0,0,0
52,2024-06-03,0,0,0,0,0,0,0,0,0,0,0,0,0,0,0,0
52,2024-06-04,0,0,2,7,0,0,2,22,0,0,0,18,0,0,0,10
52,2024-06-05,1,0,8,10,0,0,2,8,0,0,0,5,0,0,0,51
52,2024-06-06,0,0,0,0,0,0,0,0,0,0,0,0,0,0,0,0
52,2024-06-07,0,0,1,4,0,0,2,0,0,0,0,0,0,0,0,0
52,2024-06-08,0,0,0,1,0,0,0,0,0,0,0,1,0,0,0,0
52,2024-06-09,0,0,0,1,0,0,0,0,0,0,0,4,0,0,0,0
52,2024-06-10,0,1,1,0,0,0,0,0,0,0,0,3,0,0,0,0
52,2024-06-11,0,0,0,1,0,0,0,0,0,0,0,0,0,0,0,0
52,2024-06-12,0,0,0,1,0,0,0,0,0,0,0,0,0,0,0,0
52,2024-06-13,0,0,0,9,0,0,0,4,0,0,0,0,0,0,0,0
52,2024-06-14,0,0,0,7,0,0,1,0,0,0,2,2,0,0,0,0
52,2024-06-15,0,0,2,27,0,0,1,3,0,0,0,1,0,0,0,0
52,2024-06-16,0,0,1,4,0,0,1,64,0,0,0,0,0,0,0,0
52,2024-06-17,0,1,4,12,0,0,13,4,0,0,0,1,0,0,0,0
52,2024-06-18,0,0,0,2,0,0,1,0,0,0,0,0,0,0,0,0
52,2024-06-19,1,2,5,7,0,0,0,6,0,0,0,0,0,0,0,1
52,2024-06-20,0,1,1,8,0,0,17,1,0,0,0,10,0,0,0,0
52,2024-06-21,0,2,17,8,0,0,18,11,0,0,0,0,0,0,0,4
52,2024-06-22,0,1,6,1,0,0,0,1,0,0,0,0,0,0,0,1
52,2024-06-23,0,0,0,0,0,0,0,7,0,0,0,0,0,0,0,0
52,2024-06-24,0,0,0,0,0,0,0,0,0,0,0,3,0,0,0,2
52,2024-06-25,0,0,0,0,0,0,0,0,0,0,0,0,0,0,0,0
52,2024-06-26,0,0,1,0,0,0,0,0,0,0,0,0,0,0,0,0
52,2024-06-27,0,1,3,2,0,0,0,0,0,0,3,1,0,0,0,0
52,2024-06-28,2,0,1,3,0,0,0,0,0,0,0,0,0,0,0,0
52,2024-06-29,0,0,0,1,0,0,0,0,0,0,0,0,0,0,0,0
52,2024-06-30,0,0,0,0,0,0,0,0,0,0,0,0,0,0,0,0
52,2024-07-01,0,1,2,0,0,0,0,0,0,0,0,0,0,0,0,0
52,2024-07-02,0,0,0,2,0,0,0,0,0,0,0,0,0,0,0,0
52,2024-07-03,0,0,2,0,0,0,0,0,0,0,0,0,0,0,0,0
52,2024-07-04,0,0,0,0,0,0,0,0,0,0,0,0,0,0,0,0
52,2024-07-05,0,0,3,2,0,0,0,0,0,0,0,0,0,0,0,0
52,2024-07-06,0,0,1,9,0,0,0,0,0,0,0,21,0,0,0,0
52,2024-07-07,0,0,3,5,0,0,0,0,0,0,0,0,0,0,0,0
52,2024-07-08,0,0,4,6,0,0,0,0,0,0,0,0,0,0,0,0
52,2024-07-09,0,1,1,0,0,0,0,2,0,0,1,0,0,0,0,0
52,2024-07-10,0,0,0,0,0,0,0,0,0,0,0,0,0,0,0,0
52,2024-07-11,0,0,0,0,0,0,0,0,0,0,0,0,0,0,0,0
52,2024-07-12,0,0,0,0,0,0,0,0,0,0,0,0,0,0,0,0
52,2024-07-13,0,0,0,0,0,0,0,0,0,0,0,0,0,0,0,0
52,2024-07-14,0,0,0,0,0,0,0,0,0,0,0,0,0,0,0,0
52,2024-07-15,0,0,0,0,0,0,0,0,0,0,0,0,0,0,0,0
52,2024-07-16,0,0,0,0,0,0,0,0,0,0,0,1,0,0,0,0
52,2024-07-17,0,0,1,5,0,0,0,1,0,0,0,2,0,0,0,9
52,2024-07-18,0,0,0,0,0,0,0,0,0,0,0,1,0,0,0,0
52,2024-07-19,0,0,0,2,0,0,1,0,0,0,0,0,0,0,0,0
52,2024-07-20,0,0,0,0,0,0,0,0,0,0,0,0,0,0,0,0
52,2024-07-21,0,0,0,0,0,0,0,0,0,0,0,0,0,0,0,0
52,2024-07-22,0,0,0,0,0,0,0,0,0,0,0,1,0,0,0,0
52,2024-07-23,0,0,0,0,0,0,0,0,0,0,0,2,0,0,0,0
52,2024-07-24,0,0,0,0,0,0,0,0,0,0,0,0,0,0,0,0
52,2024-07-25,0,0,0,0,0,0,0,0,0,0,0,0,0,0,0,0
52,2024-07-26,0,0,0,0,0,0,0,0,0,0,0,0,0,0,0,0
52,2024-07-27,0,0,0,0,0,0,0,0,0,0,0,0,0,0,0,0
52,2024-07-28,0,0,0,0,0,0,0,0,0,0,0,0,0,0,0,0
52,2024-07-29,0,0,0,0,0,0,0,0,0,0,0,0,0,0,0,0
52,2024-07-30,0,0,0,1,0,0,0,0,0,0,0,0,0,0,0,0
52,2024-07-31,0,0,0,0,0,0,0,0,0,0,0,0,0,0,0,0
52,2024-08-01,0,0,0,0,0,0,0,0,0,0,0,0,0,0,0,0
52,2024-08-02,0,0,0,0,0,0,0,0,0,0,0,0,0,0,0,0
52,2024-08-03,0,0,0,0,0,0,0,0,0,0,0,0,0,0,0,0
52,2024-08-04,0,0,0,1,0,0,0,0,0,0,0,0,0,0,0,0
52,2024-08-05,0,0,0,6,0,0,0,0,0,0,0,0,0,0,0,0
52,2024-08-06,0,0,5,18,0,0,0,0,0,0,0,0,0,0,0,0
52,2024-08-07,0,1,27,6,0,0,0,0,0,0,0,0,0,0,0,0
52,2024-08-08,0,1,1,9,0,0,2,1,0,0,0,2,0,0,0,0
52,2024-08-09,0,0,17,14,0,0,0,0,0,0,4,2,0,0,0,2
52,2024-08-10,0,1,13,15,0,0,0,0,0,0,0,0,0,0,0,1
52,2024-08-11,0,0,0,0,0,0,0,0,0,0,0,0,0,0,0,0
52,2024-08-12,0,0,0,0,0,0,0,0,0,0,0,0,0,0,0,0
52,2024-08-13,0,0,9,55,0,0,0,0,0,0,0,0,0,0,0,0
52,2024-08-14,0,0,6,4,0,0,0,0,0,0,0,0,0,0,0,0
52,2024-08-15,0,0,2,13,0,0,1,0,0,0,0,0,0,0,0,1
52,2024-08-16,0,0,3,2,0,0,0,0,0,0,0,0,0,0,0,0
52,2024-08-17,0,0,0,2,0,0,0,0,0,0,0,0,0,0,0,0
52,2024-08-18,0,2,15,12,0,0,0,0,0,0,0,0,0,0,0,0
52,2024-08-19,0,0,2,0,0,0,0,0,0,0,0,0,0,0,0,0
52,2024-08-20,0,0,0,0,0,0,0,0,0,0,0,0,0,0,0,0
52,2024-08-21,0,0,0,2,0,0,0,0,0,0,0,0,0,0,0,0
52,2024-08-22,0,0,2,11,0,0,0,0,0,0,0,0,0,0,0,0
52,2024-08-23,0,0,6,5,0,0,0,0,0,0,1,0,0,0,0,0
52,2024-08-24,0,0,0,14,0,0,0,0,0,0,0,0,0,0,0,1
52,2024-08-25,0,2,0,3,0,0,0,0,0,0,0,0,0,0,0,0
52,2024-08-26,0,0,0,1,0,0,0,0,0,0,0,0,0,0,0,0
52,2024-08-27,0,0,7,2,0,0,0,0,0,0,0,0,0,0,0,0
52,2024-08-28,0,1,0,0,0,0,0,0,0,0,1,1,0,0,0,1
52,2024-08-29,0,0,3,8,0,0,0,0,0,0,0,0,0,0,0,0
52,2024-08-30,0,0,0,7,0,0,0,0,0,0,1,1,0,0,0,1
52,2024-08-31,0,0,0,10,0,0,1,0,0,0,0,0,0,0,0,0
52,2024-09-01,0,0,2,17,0,0,0,0,0,0,0,0,0,0,0,0
52,2024-09-02,0,0,0,0,0,0,0,0,0,0,0,0,0,0,0,0
52,2024-09-03,0,0,3,0,0,0,0,0,0,0,0,3,0,0,0,0
52,2024-09-04,0,0,1,0,0,0,0,0,0,0,0,0,0,0,0,0
52,2024-09-05,0,1,5,10,0,0,0,0,0,0,0,0,0,0,0,1
52,2024-09-06,0,0,1,0,0,0,0,0,0,0,0,1,0,0,0,1
52,2024-09-07,0,0,2,0,0,0,0,0,0,0,0,1,0,0,0,1
52,2024-09-08,0,0,0,2,0,0,0,0,0,0,0,0,0,0,0,0
52,2024-09-09,0,0,0,0,0,0,0,0,0,0,0,0,0,0,0,0
52,2024-09-10,0,0,0,0,0,0,0,0,0,0,0,0,0,0,0,0
52,2024-09-11,0,0,7,12,0,0,0,0,0,0,0,0,0,0,0,0
52,2024-09-12,0,0,0,0,0,0,0,0,0,0,0,0,0,0,0,0
52,2024-09-13,0,1,2,1,0,0,0,0,0,0,0,0,0,0,0,0
52,2024-09-14,1,1,16,5,0,0,0,0,0,0,0,0,0,0,0,0
52,2024-09-15,0,0,0,0,0,0,0,0,0,0,0,0,0,0,0,2
52,2024-09-16,0,1,6,9,0,0,0,0,0,0,0,2,0,0,0,0
52,2024-09-17,0,0,0,1,0,0,0,0,0,0,0,1,0,0,0,0
52,2024-09-18,0,0,0,0,0,0,0,0,0,0,0,3,0,0,0,0
52,2024-09-19,0,0,4,1,0,0,0,1,0,0,2,8,0,0,0,2
52,2024-09-20,0,0,0,0,0,0,0,0,0,0,0,0,0,0,0,2
52,2024-09-21,0,0,0,0,0,0,0,0,0,0,0,2,0,0,0,0
52,2024-09-22,0,0,0,0,0,0,0,0,0,0,0,0,0,0,0,0
52,2024-09-23,0,0,0,0,0,0,0,0,0,0,0,1,0,0,0,0
52,2024-09-24,0,0,0,0,0,0,0,0,0,0,0,1,0,0,0,0
52,2024-09-25,0,0,0,0,0,0,0,1,0,0,0,1,0,0,0,2
52,2024-09-26,0,0,0,0,0,0,0,0,0,0,0,0,0,0,0,0
52,2024-09-27,0,0,0,7,0,0,0,1,0,0,0,0,0,0,0,1
52,2024-09-28,0,1,1,4,0,0,0,0,0,0,1,1,0,0,0,0
52,2024-09-29,0,0,5,19,0,0,0,0,0,0,1,2,0,0,0,0
52,2024-09-30,0,1,6,37,0,0,0,0,0,0,0,0,0,0,0,0
52,2024-10-01,0,0,0,0,0,0,0,0,0,0,0,0,0,0,0,0
52,2024-10-02,0,0,1,0,0,0,0,0,0,0,0,0,0,0,0,0
52,2024-10-03,0,0,0,1,0,0,0,0,0,0,0,0,0,0,0,0
52,2024-10-04,0,0,0,6,0,0,0,0,0,0,0,0,0,0,0,0
52,2024-10-05,0,1,1,7,0,0,0,1,0,0,1,0,0,0,0,0
52,2024-10-06,1,2,16,18,0,0,3,10,0,0,0,2,0,0,0,1
52,2024-10-07,0,1,7,19,0,0,4,3,0,0,1,1,0,0,0,0
52,2024-10-08,0,0,3,1,0,0,1,3,0,0,0,2,0,0,0,0
52,2024-10-09,0,1,5,3,0,0,2,3,0,0,1,0,0,0,0,0
52,2024-10-10,0,2,12,3,0,0,0,1,0,0,6,5,0,0,0,0
52,2024-10-11,3,3,20,15,0,0,2,1,0,0,2,3,0,0,0,0
52,2024-10-12,0,0,11,16,0,0,2,3,0,0,1,3,0,0,0,0
52,2024-10-13,1,1,2,8,0,0,0,1,0,0,0,1,0,0,0,0
52,2024-10-14,0,0,0,15,0,0,0,1,0,0,0,4,0,0,0,0
52,2024-10-15,1,0,12,15,0,0,0,3,0,0,1,4,0,0,0,0
52,2024-10-16,0,0,20,14,0,0,1,0,0,0,1,6,0,0,0,0
52,2024-10-17,0,0,2,13,0,0,1,0,0,0,0,1,0,0,0,1
52,2024-10-18,0,0,1,1,0,0,0,3,0,0,0,2,0,0,0,2
52,2024-10-19,0,0,0,0,0,0,0,3,0,0,0,2,0,0,0,1
52,2024-10-20,0,0,0,0,0,0,0,1,0,0,1,0,0,0,0,0
52,2024-10-21,0,0,0,2,0,0,0,0,0,0,1,2,0,0,0,1
52,2024-10-22,2,2,4,11,0,0,0,2,0,0,2,2,0,0,0,1
52,2024-10-23,1,0,0,8,0,0,0,1,0,0,0,0,0,0,0,0
52,2024-10-24,0,0,0,5,0,0,2,4,0,0,0,1,0,0,0,1
52,2024-10-25,1,0,4,13,0,0,0,1,0,0,3,0,0,0,0,1
52,2024-10-26,3,2,4,6,0,0,0,4,0,0,4,12,0,0,0,4
52,2024-10-27,2,4,32,11,0,0,0,3,0,0,4,17,0,0,0,6
52,2024-10-28,1,6,13,8,0,0,0,1,0,0,0,9,0,0,0,8
52,2024-10-29,2,2,10,12,0,0,1,3,0,0,0,0,0,0,0,1
52,2024-10-30,6,1,6,8,0,0,1,1,0,0,2,6,0,0,0,4
52,2024-10-31,1,4,11,9,0,0,2,5,0,0,4,8,0,0,0,5
52,2024-11-01,3,4,30,16,0,0,2,4,0,0,12,20,0,0,0,5
52,2024-11-02,5,12,24,49,0,0,3,12,0,0,14,9,0,0,0,2
52,2024-11-03,0,0,0,0,0,0,0,0,0,0,0,0,0,0,0,0
52,2024-11-04,0,0,0,0,0,0,0,0,0,0,0,0,0,0,0,0
52,2024-11-05,0,0,0,0,0,0,0,0,0,0,0,0,0,0,0,0
52,2024-11-06,0,0,0,0,0,0,0,0,0,0,0,0,0,0,0,0
52,2024-11-07,0,0,2,10,0,0,1,5,0,0,0,1,0,0,0,0
52,2024-11-08,0,4,1,8,0,0,0,8,0,0,0,0,0,0,0,0
52,2024-11-09,0,2,7,6,0,0,0,5,0,0,2,0,0,0,0,1
52,2024-11-10,4,7,14,31,0,0,6,9,0,0,2,0,0,0,0,1
52,2024-11-11,4,10,47,35,0,0,4,5,0,0,5,0,0,0,0,0
52,2024-11-12,7,8,84,40,0,0,7,2,0,0,6,3,0,0,0,0
52,2024-11-13,10,8,49,51,0,0,3,13,0,0,1,3,0,0,0,2
52,2024-11-14,4,5,27,18,0,0,2,10,0,0,2,3,0,0,0,0
52,2024-11-15,1,6,14,5,0,0,3,10,0,0,7,10,0,0,0,3
52,2024-11-16,2,10,38,24,0,0,7,4,0,0,39,12,0,0,0,3
52,2024-11-17,2,0,22,8,0,0,2,6,0,0,49,30,0,0,0,6
52,2024-11-18,3,4,29,74,0,0,6,13,0,0,17,8,0,0,0,4
52,2024-11-19,2,8,24,28,0,0,5,4,0,0,14,7,0,0,0,1
52,2024-11-20,0,4,11,5,0,0,4,4,0,0,19,8,0,0,0,1
52,2024-11-21,5,12,31,30,0,0,5,11,0,0,42,12,0,0,0,2
52,2024-11-22,0,10,65,16,0,0,1,6,0,0,73,32,0,0,0,0
52,2024-11-23,11,14,80,46,0,0,6,15,0,0,55,10,0,0,0,0
52,2024-11-24,10,24,42,37,0,0,2,16,0,0,42,7,0,0,0,0
52,2024-11-25,0,1,3,12,0,0,0,3,0,0,18,8,0,0,0,0
52,2024-11-26,0,2,14,8,0,0,2,1,0,0,12,1,0,0,0,1
52,2024-11-27,0,4,38,32,0,0,0,1,0,0,72,35,0,0,0,1
52,2024-11-28,16,34,95,46,0,0,6,5,0,0,63,7,0,0,0,0
52,2024-11-29,0,11,55,68,0,0,3,23,0,0,12,10,0,0,0,1
52,2024-11-30,6,18,66,49,0,0,1,11,0,0,32,4,0,0,0,0
52,2024-12-01,0,3,35,44,0,0,2,16,0,0,1,10,0,0,0,1
52,2024-12-02,1,12,60,50,0,0,6,6,0,0,41,52,0,0,0,3
52,2024-12-03,11,14,128,74,0,0,7,8,0,0,105,71,0,0,0,3
52,2024-12-04,7,15,87,111,0,0,10,6,0,0,39,16,0,0,0,6
52,2024-12-05,6,8,77,43,0,0,0,7,0,0,19,18,0,0,0,1
52,2024-12-06,0,10,59,45,0,0,3,7,0,0,14,48,0,0,0,6
52,2024-12-07,4,10,63,42,0,0,5,9,0,0,38,50,0,0,0,8
52,2024-12-08,2,17,102,51,0,0,5,1,0,0,87,85,0,0,0,4
52,2024-12-09,9,19,165,58,0,0,9,18,0,0,43,24,0,0,0,3
52,2024-12-10,4,12,79,74,0,0,9,18,0,0,7,14,0,0,0,2
52,2024-12-11,0,9,28,28,0,0,5,5,0,0,9,36,0,0,0,3
52,2024-12-12,2,16,16,11,0,0,7,13,0,0,22,73,0,0,0,5
52,2024-12-13,0,2,13,2,0,0,0,3,0,0,25,56,0,0,0,4
52,2024-12-14,0,0,5,27,0,0,1,1,0,0,6,20,0,0,0,7
52,2024-12-15,0,1,74,122,0,0,0,2,0,0,4,10,0,0,0,1
52,2024-12-16,0,1,68,115,0,0,2,10,0,0,7,30,0,0,0,2
52,2024-12-17,1,1,37,77,0,0,5,3,0,0,22,24,0,0,0,7
52,2024-12-18,1,3,36,105,0,0,3,5,0,0,20,89,0,0,0,8
52,2024-12-19,8,4,99,168,0,0,7,17,0,0,33,65,0,0,0,7
52,2024-12-20,9,14,118,146,0,0,14,15,0,0,23,39,0,0,0,8
52,2024-12-21,1,9,58,125,0,0,6,9,0,0,7,6,0,0,0,0
52,2024-12-22,0,2,25,60,0,0,0,3,0,0,12,27,0,0,0,0
52,2024-12-23,2,7,61,95,0,0,8,21,0,0,16,46,0,0,0,8
52,2024-12-24,15,15,77,102,0,0,10,12,0,0,21,61,0,0,0,3
52,2024-12-25,13,13,110,173,0,0,20,28,0,0,23,68,0,0,0,13
52,2024-12-26,6,10,80,95,0,0,11,23,0,0,16,45,0,0,0,2
52,2024-12-27,0,7,45,90,0,0,4,4,0,0,13,63,0,0,0,2
52,2024-12-28,3,9,38,95,0,0,9,9,0,0,10,66,0,0,0,6
52,2024-12-29,13,3,69,165,0,0,9,5,0,0,29,99,0,0,0,8
52,2024-12-30,9,16,103,166,0,0,13,23,0,0,28,80,0,0,0,14
52,2024-12-31,3,7,61,150,0,0,5,10,0,0,8,50,0,0,0,14
52,2025-01-01,2,5,44,117,0,0,8,14,0,0,10,49,0,0,0,4
52,2025-01-02,2,3,39,121,0,0,8,17,0,0,20,39,0,0,0,9
52,2025-01-03,1,6,49,119,0,0,26,22,0,0,22,102,0,0,0,2
52,2025-01-04,7,9,66,259,0,0,15,45,0,0,34,79,0,0,0,1
52,2025-01-05,14,11,120,322,0,0,26,44,0,0,46,39,0,0,0,2
52,2025-01-06,3,5,78,222,0,0,11,38,0,0,18,45,0,0,0,1
52,2025-01-07,2,2,50,142,0,0,7,15,0,0,34,49,0,0,0,2
52,2025-01-08,3,17,66,150,0,0,21,17,0,0,23,71,0,0,0,3
52,2025-01-09,8,7,61,202,0,0,10,28,0,0,27,135,0,0,0,12
52,2025-01-10,12,19,132,290,0,0,28,42,0,0,47,151,0,0,0,7
52,2025-01-11,12,12,146,340,0,0,15,35,0,0,36,58,0,0,0,1
52,2025-01-12,3,4,80,206,0,0,5,44,0,0,19,62,0,0,0,3
52,2025-01-13,6,7,85,179,0,0,17,39,0,0,27,109,0,0,0,3
52,2025-01-14,9,15,101,149,0,0,17,64,0,0,40,123,0,0,0,10
52,2025-01-15,15,55,142,285,0,0,12,55,0,0,68,137,0,0,0,11
52,2025-01-16,6,16,141,331,0,0,22,46,0,0,38,84,0,0,0,9
52,2025-01-17,3,6,77,211,0,0,14,62,0,0,26,101,0,0,0,4
52,2025-01-18,0,6,94,178,0,0,16,39,0,0,48,103,0,0,0,7
52,2025-01-19,4,12,69,110,0,0,22,96,0,0,34,125,0,0,0,10
52,2025-01-20,10,24,55,97,0,0,21,36,0,0,27,114,0,0,0,11
52,2025-01-21,13,38,124,333,0,0,26,62,0,0,54,102,0,0,0,21
52,2025-01-22,0,8,85,234,0,0,19,75,0,0,34,83,0,0,0,5
52,2025-01-23,5,14,77,105,0,0,20,47,0,0,23,109,0,0,0,6
52,2025-01-24,12,18,119,204,0,0,48,69,0,0,53,138,0,0,0,17
52,2025-01-25,17,118,178,271,0,0,51,85,0,0,58,157,0,0,0,8
52,2025-01-26,47,158,239,502,0,0,39,76,0,0,59,126,0,0,0,8
52,2025-01-27,9,50,229,440,0,0,16,65,0,0,18,152,0,0,0,0
52,2025-01-28,12,36,194,210,0,0,15,42,0,0,41,93,0,0,0,0
52,2025-01-29,3,19,113,152,0,0,28,41,0,0,23,151,0,0,0,0
52,2025-01-30,30,39,153,230,0,0,11,95,0,0,54,384,0,0,0,2
52,2025-01-31,70,85,301,335,0,0,29,131,0,0,44,412,0,0,0,7
52,2025-02-01,64,130,320,542,0,0,52,238,0,0,56,241,0,0,0,9
52,2025-02-02,20,110,174,409,0,0,42,175,0,0,33,241,0,0,0,7
52,2025-02-03,23,71,125,319,0,0,41,82,0,0,52,273,0,0,0,3
52,2025-02-04,28,49,90,211,0,0,49,14,0,0,74,304,0,0,0,7
52,2025-02-05,43,44,114,198,0,0,37,65,0,0,62,275,0,0,0,5
52,2025-02-06,80,82,232,321,0,0,52,97,0,0,50,230,0,0,0,12
52,2025-02-07,32,20,124,337,0,0,41,87,0,0,41,324,0,0,0,9
52,2025-02-08,19,20,181,313,0,0,29,31,0,0,34,269,0,0,0,6
52,2025-02-09,29,31,168,353,0,0,75,26,0,0,78,418,0,0,0,0
52,2025-02-10,57,62,230,311,0,0,62,99,0,0,95,1399,0,0,0,8
52,2025-02-11,177,164,453,629,0,0,61,156,0,0,84,1043,0,0,0,21
52,2025-02-12,109,94,341,652,0,0,61,291,0,0,78,514,0,0,0,7
52,2025-02-13,79,57,245,427,0,0,52,153,0,0,128,552,0,0,0,9
52,2025-02-14,137,113,169,318,0,0,79,229,0,0,150,625,0,0,0,14
52,2025-02-15,289,198,358,444,0,0,115,341,0,0,155,623,0,0,0,11
52,2025-02-16,584,389,677,627,0,0,126,250,0,0,292,710,0,0,0,20
52,2025-02-17,394,260,495,457,0,0,119,178,0,0,244,581,0,0,0,10
52,2025-02-18,59,30,80,156,0,0,31,60,0,0,163,887,0,0,0,10
52,2025-02-19,12,6,28,141,0,0,14,48,0,0,229,1076,0,0,0,14
52,2025-02-20,11,16,41,196,0,0,50,84,0,0,261,917,0,0,0,20
52,2025-02-21,45,30,26,92,0,0,12,51,0,0,352,958,0,0,0,12
52,2025-02-22,68,50,91,378,0,0,49,79,0,0,214,643,0,0,0,27
52,2025-02-23,1,2,67,222,0,0,34,81,0,0,145,393,0,0,0,5
52,2025-02-24,0,0,0,4,0,0,1,0,0,0,42,273,0,0,0,2
52,2025-02-25,0,1,3,3,0,0,0,0,0,0,41,347,0,0,0,2
52,2025-02-26,18,18,35,149,0,0,7,4,0,0,50,812,0,0,0,4
52,2025-02-27,48,46,83,306,0,0,37,45,0,0,93,1029,0,0,0,30
52,2025-02-28,35,67,111,341,0,0,69,79,0,0,81,920,0,0,0,44
52,2025-03-01,66,59,65,252,0,0,49,116,0,0,223,1129,0,0,0,4
52,2025-03-02,67,133,81,222,0,0,129,227,0,0,279,1129,0,0,0,6
52,2025-03-03,255,215,154,148,0,0,140,255,0,0,399,1536,0,0,0,4
52,2025-03-04,738,491,386,328,0,0,253,518,0,0,684,1895,0,0,0,8
52,2025-03-05,732,612,607,428,0,0,464,678,0,0,598,1156,0,0,0,5
52,2025-03-06,402,360,301,216,0,0,211,293,0,0,618,1027,0,0,0,8
52,2025-03-07,61,129,76,5,0,0,9,9,0,0,922,1874,0,0,0,9
52,2025-03-08,40,33,43,13,0,0,62,5,0,0,579,2625,0,0,0,1
52,2025-03-09,56,97,170,192,0,0,56,47,0,0,703,2369,0,0,0,6
52,2025-03-10,179,169,411,316,0,0,162,204,0,0,607,1553,0,0,0,4
52,2025-03-11,72,92,262,187,0,0,210,393,0,0,499,1678,0,0,0,4
52,2025-03-12,33,75,120,70,0,0,137,166,0,0,618,2818,0,0,0,4
52,2025-03-13,51,119,160,30,0,0,157,139,0,0,914,1850,0,0,0,6
52,2025-03-14,167,308,309,106,0,0,291,306,0,0,1512,3423,0,0,0,15
52,2025-03-15,369,354,607,177,0,0,410,622,0,0,2049,3002,0,0,0,12
52,2025-03-16,222,175,401,199,0,0,306,255,0,0,1043,1790,0,0,0,21
52,2025-03-17,79,95,147,105,0,0,72,16,0,0,1130,1701,0,0,0,7
52,2025-03-18,122,63,157,158,0,0,17,2,0,0,1077,1622,0,0,0,2
52,2025-03-19,44,22,239,253,0,0,1,19,0,0,1260,1576,0,0,0,0
52,2025-03-20,134,226,693,262,0,0,68,151,0,0,1561,1554,0,0,0,2
52,2025-03-21,176,193,647,242,0,0,171,579,0,0,499,691,0,0,0,1
52,2025-03-22,144,118,434,344,0,0,259,694,0,0,412,592,0,0,0,3
52,2025-03-23,105,107,345,238,0,0,595,785,0,0,513,860,0,0,0,1
52,2025-03-24,210,170,581,236,0,0,658,1320,0,0,1019,919,0,0,0,6
52,2025-03-25,643,529,1036,317,0,0,763,1520,0,0,1699,1205,0,0,0,4
52,2025-03-26,900,840,1486,243,0,0,1264,1727,0,0,1536,899,0,0,0,12
52,2025-03-27,525,552,1215,334,0,0,1889,2128,0,0,1082,1002,0,0,0,11
52,2025-03-28,290,310,954,305,0,0,1188,1720,0,0,948,1281,0,0,0,7
52,2025-03-29,245,371,949,218,0,0,1558,1120,0,0,1665,1548,0,0,0,11
52,2025-03-30,316,304,1009,27,0,0,630,467,0,0,2095,2293,0,0,0,6
52,2025-03-31,97,218,919,77,0,0,700,256,0,0,1919,2378,0,0,0,12
52,2025-04-01,45,89,649,201,0,0,156,100,0,0,1287,1615,0,0,0,6
52,2025-04-02,43,50,251,136,0,0,322,176,0,0,883,1748,0,0,0,6
52,2025-04-03,29,28,327,101,0,0,745,516,0,0,847,1687,0,0,0,15
52,2025-04-04,46,64,518,167,0,0,832,1641,0,0,1289,1982,0,0,0,9
52,2025-04-05,30,82,282,189,0,0,498,682,0,0,493,1070,0,0,0,5
52,2025-04-06,11,10,91,91,0,0,1,6,0,0,80,110,0,0,0,0
52,2025-04-07,7,4,60,51,0,0,15,6,0,0,144,20,0,0,0,0
52,2025-04-08,9,16,101,79,0,0,210,69,0,0,279,80,0,0,0,1
52,2025-04-09,8,25,150,101,0,0,221,85,0,0,352,102,0,0,0,0
52,2025-04-10,39,41,402,43,0,0,1028,1238,0,0,446,126,0,0,0,3
52,2025-04-11,10,7,125,46,0,0,733,3289,0,0,338,212,0,0,0,4
52,2025-04-12,3,6,28,28,0,0,167,41,0,0,27,52,0,0,0,0
52,2025-04-13,0,1,9,33,0,0,0,7,0,0,15,62,0,0,0,0
52,2025-04-14,0,0,0,7,0,0,4,0,0,0,8,47,0,0,0,0
52,2025-04-15,0,0,52,78,0,0,12,7,0,0,35,37,0,0,0,4
52,2025-04-16,1,2,22,104,0,0,24,55,0,0,11,65,0,0,0,5
52,2025-04-17,2,1,55,69,0,0,79,175,0,0,34,83,0,0,0,5
52,2025-04-18,0,15,24,52,0,0,208,304,0,0,67,194,0,0,0,8
52,2025-04-19,6,24,120,54,0,0,227,693,0,0,177,432,0,0,0,8
52,2025-04-20,3,25,130,141,0,0,379,571,0,0,270,470,0,0,0,6
52,2025-04-21,1,48,229,164,0,0,571,821,0,0,224,253,0,0,0,15
52,2025-04-22,17,33,179,73,0,0,74,98,0,0,193,339,0,0,0,5
52,2025-04-23,7,42,240,149,0,0,270,288,0,0,456,406,0,0,0,11
52,2025-04-24,14,60,150,104,0,0,863,1040,0,0,349,556,0,0,0,16
52,2025-04-25,13,57,282,148,0,0,1495,1631,0,0,333,608,0,0,0,18
52,2025-04-26,30,78,338,180,0,0,1047,2499,0,0,227,391,0,0,0,30
52,2025-04-27,7,13,53,63,0,0,123,784,0,0,93,250,0,0,0,17
52,2025-04-28,0,13,44,15,0,0,148,297,0,0,62,139,0,0,0,14
52,2025-04-29,0,0,0,9,0,0,1,8,0,0,0,20,0,0,0,0
52,2025-04-30,0,1,35,16,0,0,15,17,0,0,6,22,0,0,0,0
52,2025-05-01,0,8,111,32,0,0,2,40,0,0,19,13,0,0,0,0
52,2025-05-02,1,10,25,66,0,0,81,101,0,0,8,4,0,0,0,0
52,2025-05-03,2,6,28,20,0,0,9,33,0,0,6,5,0,0,0,0
52,2025-05-04,1,6,29,31,0,0,21,91,0,0,5,33,0,0,0,5
52,2025-05-05,11,46,123,34,0,0,97,265,0,0,29,198,0,0,0,12
52,2025-05-06,12,77,161,28,0,0,191,855,0,0,88,271,0,0,0,40
52,2025-05-07,6,50,174,30,0,0,282,1268,0,0,50,170,0,0,0,93
52,2025-05-08,1,7,25,28,0,0,5,38,0,0,4,22,0,0,0,6
52,2025-05-09,1,10,51,33,0,0,71,420,0,0,18,50,0,0,0,17
52,2025-05-10,0,1,24,0,0,0,39,82,0,0,7,63,0,0,0,42
52,2025-05-11,1,2,26,4,0,0,0,3,0,0,18,68,0,0,0,18
52,2025-05-12,6,4,41,12,0,0,2,14,0,0,2,10,0,0,0,4
52,2025-05-13,0,0,2,2,0,0,4,43,0,0,12,17,0,0,0,0
52,2025-05-14,0,0,2,4,0,0,17,17,0,0,0,4,0,0,0,5
52,2025-05-15,0,0,0,0,0,0,0,0,0,0,0,0,0,0,0,0
52,2025-05-16,0,0,2,1,0,0,0,1,0,0,1,2,0,0,0,0
52,2025-05-17,0,0,24,8,0,0,3,0,0,0,3,3,0,0,0,2
52,2025-05-18,1,0,2,16,0,0,5,3,0,0,2,2,0,0,0,0
52,2025-05-19,0,1,0,15,0,0,0,1,0,0,0,1,0,0,0,5
52,2025-05-20,1,4,10,2,0,0,0,8,0,0,0,5,0,0,0,10
52,2025-05-21,0,0,2,0,0,0,0,7,0,0,1,5,0,0,0,3
52,2025-05-22,1,4,31,8,0,0,2,11,0,0,3,13,0,0,0,22
52,2025-05-23,2,2,12,12,0,0,3,2,0,0,1,4,0,0,0,14
52,2025-05-24,0,0,0,3,0,0,0,0,0,0,0,1,0,0,0,0
52,2025-05-25,0,0,0,7,0,0,0,0,0,0,0,2,0,0,0,0
52,2025-05-26,0,0,0,1,0,0,0,0,0,0,0,0,0,0,0,0
52,2025-05-27,0,0,0,0,0,0,0,0,0,0,0,0,0,0,0,0
52,2025-05-28,0,0,0,3,0,0,1,0,0,0,0,0,0,0,0,0
52,2025-05-29,0,0,0,0,0,0,0,7,0,0,0,0,0,0,0,0
52,2025-05-30,0,0,1,2,0,0,0,2,0,0,0,0,0,0,0,0
52,2025-05-31,0,0,0,0,0,0,0,0,0,0,0,0,0,0,0,0
52,2025-06-01,0,0,0,1,0,0,0,3,0,0,0,0,0,0,0,0
52,2025-06-02,1,0,3,3,0,0,5,13,0,0,2,0,0,0,0,0
52,2025-06-03,0,0,0,1,0,0,2,29,0,0,0,0,0,0,0,0
52,2025-06-04,2,1,3,7,0,0,0,11,0,0,1,2,0,0,0,0
52,2025-06-05,1,4,3,2,0,0,2,0,0,0,0,0,0,0,0,1
52,2025-06-06,3,0,3,1,0,0,4,3,0,0,1,0,0,0,0,8
52,2025-06-07,8,3,13,10,0,0,10,16,0,0,0,23,0,0,0,23
52,2025-06-08,1,3,11,10,0,0,12,2,0,0,0,1,0,0,0,22
52,2025-06-09,2,1,2,10,0,0,0,0,0,0,0,0,0,0,0,3
52,2025-06-10,0,0,0,0,0,0,0,0,0,0,0,0,0,0,0,0
52,2025-06-11,0,0,0,0,0,0,0,0,0,0,0,0,0,0,0,0
52,2025-06-12,0,0,0,0,0,0,0,0,0,0,0,0,0,0,0,2
52,2025-06-13,0,1,0,0,0,0,1,1,0,0,0,1,0,0,0,5
52,2025-06-14,0,0,0,0,0,0,0,2,0,0,0,2,0,0,0,5
52,2025-06-15,0,0,1,0,0,0,1,4,0,0,0,0,0,0,0,0
52,2025-06-16,0,0,0,5,0,0,0,0,0,0,0,0,0,0,0,0
52,2025-06-17,0,0,0,0,0,0,4,1,0,0,0,0,0,0,0,0
52,2025-06-18,0,0,12,14,0,0,1,0,0,0,0,0,0,0,0,0
52,2025-06-19,0,0,1,0,0,0,0,0,0,0,0,0,0,0,0,0
52,2025-06-20,0,0,2,0,0,0,0,0,0,0,2,0,0,0,0,1
52,2025-06-21,0,0,0,0,0,0,0,0,0,0,0,1,0,0,0,0
52,2025-06-22,0,0,0,0,0,0,0,0,0,0,0,0,0,0,0,0
52,2025-06-23,0,0,0,5,0,0,0,0,0,0,0,0,0,0,0,0
52,2025-06-24,0,0,4,13,0,0,0,0,0,0,0,0,0,0,0,0
52,2025-06-25,1,0,1,5,0,0,0,0,0,0,0,0,0,0,0,0
52,2025-06-26,1,0,3,0,0,0,0,0,0,0,0,0,0,0,0,0
52,2025-06-27,0,0,0,0,0,0,0,0,0,0,0,1,0,0,0,0
52,2025-06-28,0,0,0,0,0,0,0,0,0,0,0,0,0,0,0,0
52,2025-06-29,0,0,1,0,0,0,0,0,0,0,0,0,0,0,0,0
52,2025-06-30,0,0,0,0,0,0,0,0,0,0,0,0,0,0,0,0
52,2025-07-01,0,2,0,0,0,0,0,0,0,0,0,0,0,0,0,0
52,2025-07-02,0,0,0,0,0,0,0,0,0,0,0,0,0,0,0,0
52,2025-07-03,0,0,0,0,0,0,1,0,0,0,0,0,0,0,0,0
52,2025-07-04,0,0,1,1,0,0,0,0,0,0,0,0,0,0,0,0
52,2025-07-05,0,0,1,1,0,0,0,0,0,0,0,0,0,0,0,0
52,2025-07-06,0,0,0,0,0,0,0,0,0,0,0,0,0,0,0,0
52,2025-07-07,0,0,0,3,0,0,0,0,0,0,0,0,0,0,0,0
52,2025-07-08,0,0,0,1,0,0,0,0,0,0,0,0,0,0,0,0
52,2025-07-09,0,0,0,0,0,0,0,0,0,0,0,0,0,0,0,0
52,2025-07-10,0,0,0,0,0,0,0,0,0,0,0,0,0,0,0,0
52,2025-07-11,0,0,0,0,0,0,0,0,0,0,0,0,0,0,0,0
52,2025-07-12,0,1,3,0,0,0,0,0,0,0,0,0,0,0,0,0
52,2025-07-13,0,0,0,1,0,0,0,0,0,0,0,1,0,0,0,0
52,2025-07-14,0,0,4,7,0,0,0,0,0,0,0,0,0,0,0,0
52,2025-07-15,1,5,23,2,0,0,0,0,0,0,0,0,0,0,0,2
52,2025-07-16,0,0,0,1,0,0,0,0,0,0,0,0,0,0,0,0
52,2025-07-17,0,0,0,0,0,0,0,0,0,0,0,0,0,0,0,0
52,2025-07-18,0,0,0,1,0,0,1,0,0,0,0,0,0,0,0,0
52,2025-07-19,0,0,0,0,0,0,0,0,0,0,0,1,0,0,0,0
52,2025-07-20,0,1,3,4,0,0,0,0,0,0,0,0,0,0,0,2
52,2025-07-21,0,0,0,0,0,0,0,0,0,0,0,0,0,0,0,0
52,2025-07-22,0,0,0,0,0,0,0,0,0,0,0,0,0,0,0,0
52,2025-07-23,0,0,0,0,0,0,0,0,0,0,0,0,0,0,0,0
52,2025-07-24,0,0,0,0,0,0,0,0,0,0,0,0,0,0,0,0
52,2025-07-25,0,0,0,1,0,0,0,0,0,0,0,0,0,0,0,0
52,2025-07-26,0,0,0,0,0,0,0,0,0,0,0,0,0,0,0,0
52,2025-07-27,0,0,0,0,0,0,0,0,0,0,0,0,0,0,0,0
52,2025-07-28,0,0,0,1,0,0,0,0,0,0,0,0,0,0,0,0
52,2025-07-29,0,0,0,0,0,0,0,0,0,0,0,0,0,0,0,1
52,2025-07-30,0,0,6,1,0,0,0,0,0,0,0,1,0,0,0,2
52,2025-07-31,1,2,18,29,0,0,0,0,0,0,0,1,0,0,0,0
52,2025-08-01,0,0,0,8,0,0,0,0,0,0,0,0,0,0,0,1
52,2025-08-02,0,1,4,17,0,0,0,0,0,0,0,0,0,0,0,1
52,2025-08-03,0,0,3,3,0,0,0,0,0,0,1,0,0,0,0,0
52,2025-08-04,0,0,28,20,0,0,0,0,0,0,0,2,0,0,0,0
52,2025-08-05,0,2,84,24,0,0,2,0,0,0,0,0,0,0,0,0
52,2025-08-06,0,0,1,0,0,0,0,0,0,0,0,0,0,0,0,0
52,2025-08-07,0,1,8,3,0,0,0,0,0,0,0,0,0,0,0,0
52,2025-08-08,0,0,5,17,0,0,0,0,0,0,0,0,0,0,0,0
52,2025-08-09,0,4,56,29,0,0,0,0,0,0,0,0,0,0,0,0
52,2025-08-10,0,14,96,81,0,0,1,0,0,0,1,2,0,0,0,0
52,2025-08-11,0,0,19,17,0,0,0,0,0,0,0,1,0,0,0,0
52,2025-08-12,0,0,17,10,0,0,0,0,0,0,0,2,0,0,0,0
52,2025-08-13,0,0,0,0,0,0,0,0,0,0,0,0,0,0,0,0
52,2025-08-14,0,0,8,13,0,0,0,0,0,0,0,2,0,0,0,0
52,2025-08-15,0,0,0,5,0,0,0,0,0,0,0,2,0,0,0,0
52,2025-08-16,0,0,1,0,0,0,0,0,0,0,0,0,0,0,0,0
52,2025-08-17,0,0,0,0,0,0,0,0,0,0,0,1,0,0,0,0
52,2025-08-18,0,0,0,3,0,0,0,1,0,0,0,0,0,0,0,1
52,2025-08-19,0,0,1,4,0,0,1,0,0,0,0,1,0,0,0,0
52,2025-08-20,0,1,12,30,0,0,0,0,0,0,0,0,0,0,0,0
52,2025-08-21,2,2,16,17,0,0,0,0,0,0,2,1,0,0,0,0
52,2025-08-22,0,0,0,0,0,0,0,0,0,0,0,0,0,0,0,0
52,2025-08-23,0,0,0,1,0,0,0,0,0,0,0,0,0,0,0,0
52,2025-08-24,0,0,0,0,0,0,0,0,0,0,0,0,0,0,0,0
52,2025-08-25,0,0,1,5,0,0,0,0,0,0,0,2,0,0,0,1
52,2025-08-26,0,0,1,0,0,0,0,0,0,0,0,0,0,0,0,0
52,2025-08-27,0,0,0,1,0,0,0,0,0,0,0,0,0,0,0,1
52,2025-08-28,0,0,0,2,0,0,0,0,0,0,0,0,0,0,0,1
52,2025-08-29,0,0,5,22,0,0,0,0,0,0,0,0,0,0,0,1
52,2025-08-30,0,0,0,0,0,0,0,0,0,0,0,0,0,0,0,0
52,2025-08-31,0,0,0,6,0,0,0,0,0,0,0,1,0,0,0,0
52,2025-09-01,0,0,1,75,0,0,0,0,0,0,1,1,0,0,0,1
52,2025-09-02,0,0,0,0,0,0,0,0,0,0,0,0,0,0,0,1
52,2025-09-03,0,0,1,1,0,0,0,1,0,0,0,0,0,0,0,2
52,2025-09-04,0,0,2,0,0,0,0,0,0,0,0,0,0,0,0,5
52,2025-09-05,0,0,0,0,0,0,1,0,0,0,0,1,0,0,0,0
52,2025-09-06,0,1,1,4,0,0,0,0,0,0,1,2,0,0,0,0
52,2025-09-07,0,2,0,0,0,0,0,0,0,0,1,5,0,0,0,1
52,2025-09-08,0,1,1,4,0,0,0,0,0,0,1,2,0,0,0,1
52,2025-09-09,0,0,0,0,0,0,0,0,0,0,0,0,0,0,0,0
52,2025-09-10,0,0,2,0,0,0,0,0,0,0,0,0,0,0,0,0
52,2025-09-11,0,0,3,7,0,0,0,0,0,0,0,0,0,0,0,0
52,2025-09-12,0,0,14,31,0,0,0,0,0,0,0,0,0,0,0,0
52,2025-09-13,0,0,6,9,0,0,0,0,0,0,0,0,0,0,0,0
52,2025-09-14,0,1,0,0,0,0,0,0,0,0,0,0,0,0,0,0
52,2025-09-15,0,0,0,0,0,0,0,0,0,0,0,0,0,0,0,0
52,2025-09-16,0,0,1,6,0,0,0,0,0,0,0,0,0,0,0,0
52,2025-09-17,1,0,7,13,0,0,2,0,0,0,4,1,0,0,0,1
52,2025-09-18,0,0,0,0,0,0,0,0,0,0,0,3,0,0,0,0
52,2025-09-19,0,0,0,1,0,0,0,0,0,0,0,2,0,0,0,0
52,2025-09-20,0,0,0,0,0,0,1,3,0,0,0,1,0,0,0,0
52,2025-09-21,0,0,1,0,0,0,0,1,0,0,0,4,0,0,0,1
52,2025-09-22,0,0,0,1,0,0,1,0,0,0,0,3,0,0,0,4
52,2025-09-23,0,0,1,0,0,0,0,2,0,0,0,1,0,0,0,0
52,2025-09-24,0,0,1,3,0,0,0,0,0,0,0,0,0,0,0,0
52,2025-09-25,0,0,1,0,0,0,0,7,0,0,0,4,0,0,0,0
52,2025-09-26,0,0,0,2,0,0,0,0,0,0,0,0,0,0,0,0
52,2025-09-27,0,0,0,0,0,0,0,0,0,0,0,0,0,0,0,0
52,2025-09-28,0,2,0,1,0,0,0,2,0,0,1,3,0,0,0,2
52,2025-09-29,0,0,0,1,0,0,0,0,0,0,0,2,0,0,0,0
52,2025-09-30,0,0,0,1,0,0,0,0,0,0,0,0,0,0,0,0
52,2025-10-01,0,0,0,1,0,0,0,0,0,0,0,0,0,0,0,0
52,2025-10-02,0,0,4,11,0,0,0,0,0,0,1,1,0,0,0,0
52,2025-10-03,0,0,2,5,0,0,0,1,0,0,3,3,0,0,0,1
52,2025-10-04,0,0,2,5,0,0,0,0,0,0,1,0,0,0,0,2
52,2025-10-05,0,0,3,8,0,0,0,0,0,0,0,5,0,0,0,1
52,2025-10-06,0,0,0,1,0,0,0,2,0,0,0,2,0,0,0,0
52,2025-10-07,0,0,1,1,0,0,0,0,0,0,1,1,0,0,0,0
52,2025-10-08,0,0,7,5,0,0,1,0,0,0,0,2,0,0,0,1
52,2025-10-09,0,2,3,5,0,0,0,1,0,0,0,2,0,0,0,0
52,2025-10-10,0,0,4,6,0,0,1,7,0,0,3,0,0,0,0,0
52,2025-10-11,1,0,2,2,0,0,0,1,0,0,0,3,0,0,0,6
52,2025-10-12,0,0,0,0,0,0,0,2,0,0,0,3,0,0,0,2
52,2025-10-13,1,1,6,0,0,0,0,4,0,0,2,2,0,0,0,3
52,2025-10-14,0,0,3,0,0,0,0,1,0,0,4,9,0,0,0,2
52,2025-10-15,0,0,0,0,0,0,0,0,0,0,0,0,0,0,0,0
52,2025-10-16,0,0,0,3,0,0,0,0,0,0,0,0,0,0,0,0
52,2025-10-17,0,0,0,0,0,0,0,0,0,0,0,0,0,0,0,0
52,2025-10-18,0,0,4,5,0,0,2,0,0,0,0,2,0,0,0,2
52,2025-10-19,0,1,4,13,0,0,0,1,0,0,5,6,0,0,0,2
52,2025-10-20,1,4,8,8,0,0,2,5,0,0,1,7,0,0,0,3
52,2025-10-21,0,0,2,6,0,0,1,3,0,0,0,2,0,0,0,3
52,2025-10-22,0,0,2,2,0,0,0,1,0,0,3,6,0,0,0,2
52,2025-10-23,0,1,5,1,0,0,0,0,0,0,8,18,0,0,0,2
52,2025-10-24,0,0,5,0,0,0,0,0,0,0,16,21,0,0,0,1
52,2025-10-25,1,5,5,4,0,0,1,0,0,0,4,7,0,0,0,4
52,2025-10-26,0,1,9,5,0,0,1,3,0,0,7,7,0,0,0,2
52,2025-10-27,0,4,0,1,0,0,1,6,0,0,6,8,0,0,0,3
52,2025-10-28,0,1,6,3,0,0,0,2,0,0,11,9,0,0,0,4
52,2025-10-29,4,4,26,6,0,0,3,0,0,0,24,22,0,0,0,6
52,2025-10-30,8,1,10,0,0,0,4,1,0,0,35,21,0,0,0,5
52,2025-10-31,1,0,4,1,0,0,0,1,0,0,4,6,0,0,0,2
52,2025-11-01,0,0,0,0,0,0,0,0,0,0,0,0,0,0,0,0
52,2025-11-02,0,0,0,2,0,0,0,0,0,0,0,0,0,0,0,0
52,2025-11-03,0,0,0,0,0,0,0,0,0,0,0,0,0,0,0,0
52,2025-11-04,0,0,0,1,0,0,0,0,0,0,0,0,0,0,0,0
52,2025-11-05,0,0,0,0,0,0,0,0,0,0,1,1,0,0,0,0
52,2025-11-06,0,0,0,0,0,0,0,1,0,0,0,0,0,0,0,0
52,2025-11-07,0,0,0,0,0,0,0,0,0,0,0,2,0,0,0,3
52,2025-11-08,0,0,0,0,0,0,0,0,0,0,0,1,0,0,0,0
52,2025-11-09,0,0,0,2,0,0,0,5,0,0,1,4,0,0,0,0
52,2025-11-10,0,0,0,7,0,0,0,1,0,0,0,6,0,0,0,1
52,2025-11-11,0,0,0,1,0,0,0,0,0,0,0,1,0,0,0,1
52,2025-11-12,0,0,0,0,0,0,0,0,0,0,0,1,0,0,0,0
52,2025-11-13,0,0,4,8,0,0,0,1,0,0,1,24,0,0,0,3
52,2025-11-14,0,0,10,10,0,0,0,2,0,0,4,32,0,0,0,4
52,2025-11-15,4,3,21,25,0,0,1,7,0,0,4,38,0,0,0,4
52,2025-11-16,2,1,34,12,0,0,2,2,0,0,5,13,0,0,0,14
52,2025-11-17,0,0,0,0,0,0,0,0,0,0,0,5,0,0,0,0
52,2025-11-18,0,0,0,0,0,0,0,0,0,0,2,3,0,0,0,0
52,2025-11-19,0,0,1,0,0,0,0,0,0,0,7,10,0,0,0,0
52,2025-11-20,0,2,7,2,0,0,0,2,0,0,43,21,0,0,0,1
52,2025-11-21,2,1,3,12,0,0,6,9,0,0,28,14,0,0,0,1
52,2025-11-22,1,4,10,23,0,0,3,7,0,0,23,10,0,0,0,2
52,2025-11-23,1,3,11,17,0,0,2,9,0,0,38,19,0,0,0,4
52,2025-11-24,2,3,35,4,0,0,1,7,0,0,56,21,0,0,0,1
52,2025-11-25,4,6,22,2,0,0,6,8,0,0,108,47,0,0,0,9
52,2025-11-26,3,11,70,34,0,0,9,11,0,0,43,47,0,0,0,9
52,2025-11-27,11,16,57,35,0,0,14,49,0,0,37,31,0,0,0,4
52,2025-11-28,4,6,31,23,0,0,6,12,0,0,20,41,0,0,0,5
52,2025-11-29,7,21,93,34,0,0,4,11,0,0,67,62,0,0,0,13
52,2025-11-30,6,22,106,48,0,0,14,15,0,0,74,77,0,0,0,7
52,2025-12-01,0,2,4,6,0,0,1,0,0,0,5,23,0,0,0,5
52,2025-12-02,6,15,80,68,0,0,10,14,0,0,26,42,0,0,0,12
52,2025-12-03,3,5,49,34,0,0,5,11,0,0,21,46,0,0,0,0
52,2025-12-04,5,11,33,8,0,0,6,7,0,0,21,56,0,0,0,5
52,2025-12-05,1,11,31,16,0,0,2,7,0,0,45,88,0,0,0,6
52,2025-12-06,7,15,107,27,0,0,10,7,0,0,66,99,0,0,0,10
52,2025-12-07,6,28,93,96,0,0,8,18,0,0,25,45,0,0,0,8
52,2025-12-08,3,19,34,31,0,0,8,8,0,0,20,36,0,0,0,6
52,2025-12-09,1,9,26,31,0,0,4,12,0,0,13,48,0,0,0,15
52,2025-12-10,10,24,81,9,0,0,6,18,0,0,50,63,0,0,0,11
52,2025-12-11,0,2,8,2,0,0,0,3,0,0,46,89,0,0,0,8
52,2025-12-12,0,0,2,13,0,0,0,1,0,0,20,72,0,0,0,5
52,2025-12-13,0,1,6,29,0,0,0,3,0,0,19,42,0,0,0,0
52,2025-12-14,0,0,1,21,0,0,0,3,0,0,5,34,0,0,0,10
52,2025-12-15,0,4,26,53,0,0,3,3,0,0,15,79,0,0,0,10
52,2025-12-16,1,13,60,59,0,0,6,5,0,0,38,116,0,0,0,10
52,2025-12-17,5,14,100,65,0,0,5,17,0,0,42,103,0,0,0,5
52,2025-12-18,3,3,66,102,0,0,1,9,0,0,18,37,0,0,0,8
52,2025-12-19,0,6,46,91,0,0,0,7,0,0,14,49,0,0,0,2
52,2025-12-20,3,1,46,56,0,0,1,17,0,0,8,80,0,0,0,5
52,2025-12-21,2,9,50,38,0,0,6,11,0,0,21,71,0,0,0,7
52,2025-12-22,7,15,90,58,0,0,6,19,0,0,35,126,0,0,0,8
52,2025-12-23,5,3,74,107,0,0,11,14,0,0,17,64,0,0,0,10
52,2025-12-24,0,7,32,89,0,0,5,9,0,0,18,65,0,0,0,10
52,2025-12-25,2,8,27,70,0,0,2,10,0,0,7,56,0,0,0,0
52,2025-12-26,4,5,67,115,0,0,2,24,0,0,20,112,0,0,0,16
52,2025-12-27,3,12,112,79,0,0,11,16,0,0,42,152,0,0,0,18
52,2025-12-28,6,18,177,160,0,0,22,13,0,0,29,115,0,0,0,19
52,2025-12-29,6,7,118,119,0,0,4,23,0,0,11,73,0,0,0,25
52,2025-12-30,2,9,27,46,0,0,0,3,0,0,6,68,0,0,0,1
52,2025-12-31,3,28,98,62,0,0,2,15,0,0,18,112,0,0,0,9
54,2021-04-27,0,0,2,5,0,0,1,6,0,0,0,73,0,0,0,2
54,2021-04-28,0,0,0,14,0,0,8,39,0,0,1,49,0,0,0,1
54,2021-04-29,0,0,0,0,0,0,13,0,0,0,2,23,0,0,0,0
54,2021-04-30,0,0,2,3,0,0,0,6,0,0,1,68,0,0,0,2
54,2021-05-01,1,1,35,19,0,0,26,69,0,0,13,11,0,0,0,1
54,2021-05-02,0,0,32,21,0,0,5,19,0,0,4,87,0,0,0,2
54,2021-05-03,5,17,97,15,0,0,43,43,0,0,13,108,0,0,0,10
54,2021-05-04,12,26,211,14,0,0,108,216,0,0,15,205,0,0,0,14
54,2021-05-05,31,22,171,7,0,0,76,266,0,0,13,190,0,0,0,3
54,2021-05-06,0,6,18,0,0,0,6,16,0,0,10,54,0,0,0,0
54,2021-05-07,2,5,35,24,0,0,29,104,0,0,2,120,0,0,0,6
54,2021-05-08,10,5,21,6,0,0,33,40,0,0,2,42,0,0,0,3
54,2021-05-09,0,1,16,15,0,0,29,300,0,0,0,43,0,0,0,13
54,2021-05-10,8,11,26,23,0,0,69,217,0,0,3,102,0,0,0,3
54,2021-05-11,31,32,66,24,0,0,50,202,0,0,10,128,0,0,0,1
54,2021-05-12,21,37,102,43,0,0,95,202,0,0,2,40,0,0,0,7
54,2021-05-13,17,12,35,22,0,0,9,54,0,0,2,60,0,0,0,3
54,2021-05-14,22,2,28,16,0,0,20,16,0,0,3,33,0,0,0,2
54,2021-05-15,17,6,24,2,0,1,27,41,0,0,6,37,0,0,0,12
54,2021-05-16,12,14,63,14,0,0,27,126,0,0,10,95,0,0,0,8
54,2021-05-17,10,25,110,38,0,0,31,169,0,0,12,61,0,0,0,10
54,2021-05-18,1,1,3,12,0,0,5,87,0,0,4,58,0,0,0,2
54,2021-05-19,4,3,4,6,0,0,6,28,0,0,0,3,0,0,0,1
54,2021-05-20,0,2,12,6,0,0,3,44,0,0,0,49,0,0,0,1
54,2021-05-21,3,0,8,5,0,0,10,29,0,0,2,24,0,0,0,7
54,2021-05-22,9,55,48,38,0,0,20,81,0,0,10,35,0,0,0,17
54,2021-05-23,0,7,18,36,0,0,17,117,0,0,0,20,0,0,0,4
54,2021-05-24,8,6,13,9,0,0,4,0,0,0,0,0,0,0,0,0
54,2021-05-25,0,5,4,1,0,0,0,0,0,0,0,0,0,0,0,0
54,2021-05-26,3,0,0,0,0,0,0,0,0,0,0,0,0,0,0,0
54,2021-05-27,5,12,11,7,0,0,8,4,0,0,2,16,0,0,0,1
54,2021-05-28,0,1,3,5,0,0,2,7,0,0,0,1,0,0,0,0
54,2021-05-29,0,2,3,11,0,0,1,5,0,0,0,1,0,0,0,0
54,2021-05-30,0,0,4,8,0,0,0,8,0,0,1,0,0,0,0,0
54,2021-05-31,0,0,5,7,0,0,0,6,0,0,0,1,0,0,0,2
54,2021-06-01,2,0,14,11,0,0,9,5,0,0,2,8,0,0,0,0
54,2021-06-02,12,17,41,37,0,0,22,14,0,0,2,0,0,0,0,0
54,2021-06-03,0,0,6,25,0,0,6,26,0,0,0,7,0,0,0,2
54,2021-06-04,3,0,3,9,0,0,0,0,0,0,0,1,0,0,0,7
54,2021-06-05,0,0,0,2,0,0,1,1,0,0,0,0,0,0,0,5
54,2021-06-06,1,2,4,2,0,0,1,2,0,0,1,1,0,0,0,5
54,2021-06-07,0,1,1,2,0,0,3,1,0,0,0,2,0,0,0,0
54,2021-06-08,0,0,0,1,0,0,0,0,0,0,0,0,0,0,0,0
54,2021-06-09,0,0,0,0,0,0,0,0,0,0,0,0,0,0,0,0
54,2021-06-10,0,0,0,0,0,0,0,0,0,0,0,0,0,0,0,0
54,2021-06-11,0,0,1,0,0,0,0,0,0,0,0,0,0,0,0,0
54,2021-06-12,0,0,0,0,0,0,0,0,0,0,0,0,0,0,0,0
54,2021-06-13,0,0,0,0,0,0,0,0,0,0,0,1,0,0,0,0
54,2021-06-14,0,0,0,4,0,0,0,0,0,0,0,0,0,0,0,0
54,2021-06-15,0,0,0,0,0,0,0,0,0,0,0,0,0,0,0,0
54,2021-06-16,0,0,2,1,0,0,0,0,0,0,0,0,0,0,0,0
54,2021-06-17,0,0,2,4,0,0,1,0,0,0,0,1,0,0,0,0
54,2021-06-18,4,5,21,34,0,0,3,7,0,0,1,0,0,0,0,0
54,2021-06-19,0,0,2,20,0,0,2,6,0,0,0,1,0,0,0,3
54,2021-06-20,0,3,12,27,0,0,9,4,0,0,0,0,0,0,0,0
54,2021-06-21,1,0,3,10,0,0,8,2,0,0,0,0,0,0,0,0
54,2021-06-22,0,0,5,3,0,0,1,1,0,0,0,1,0,0,0,10
54,2021-06-23,0,0,3,9,0,0,1,0,0,0,0,0,0,0,0,2
54,2021-06-24,0,0,0,5,0,0,2,0,0,0,0,0,0,0,0,0
54,2021-06-25,1,2,3,5,0,0,0,0,0,0,0,1,0,0,0,0
54,2021-06-26,0,0,1,3,0,0,0,0,0,0,0,0,0,0,0,0
54,2021-06-27,0,0,4,9,0,0,0,0,0,0,0,0,0,0,0,0
54,2021-06-28,0,0,0,1,0,0,0,0,0,0,0,0,0,0,0,0
54,2021-06-29,0,0,2,4,0,0,0,0,0,0,0,0,0,0,0,0
54,2021-06-30,0,0,0,5,0,0,0,0,0,0,0,0,0,0,0,0
54,2021-07-01,0,0,5,10,0,0,0,0,0,0,0,0,0,0,0,0
54,2021-07-02,0,0,4,8,0,0,0,0,0,0,0,0,0,0,0,0
54,2021-07-03,0,0,13,27,0,0,0,1,0,0,0,2,0,0,0,1
54,2021-07-04,2,7,41,71,0,1,4,0,0,0,0,0,0,0,0,0
54,2021-07-05,0,0,1,9,0,0,0,1,0,0,0,0,0,0,0,0
54,2021-07-06,0,0,0,0,0,0,0,0,0,0,0,0,0,0,0,0
54,2021-07-07,0,0,0,1,0,0,0,0,0,0,0,0,0,0,0,1
54,2021-07-08,0,0,0,0,0,0,0,0,0,0,0,0,0,0,0,0
54,2021-07-09,0,1,0,3,0,0,0,0,0,0,0,0,0,0,0,1
54,2021-07-10,0,0,0,0,0,0,0,0,0,0,0,2,0,0,0,0
54,2021-07-11,0,0,0,6,0,0,0,0,0,0,0,0,0,0,0,2
54,2021-07-12,0,0,2,4,0,0,0,1,0,0,0,0,0,0,0,1
54,2021-07-13,0,0,10,5,0,0,1,2,0,0,0,0,0,0,0,6
54,2021-07-14,1,15,3,1,0,0,1,0,0,0,1,2,0,0,0,9
54,2021-07-15,0,0,0,1,0,0,0,0,0,0,0,0,0,0,0,1
54,2021-07-16,0,3,1,1,0,0,0,0,0,0,0,1,0,0,0,0
54,2021-07-17,0,1,16,9,0,0,0,1,0,0,0,0,0,0,0,0
54,2021-07-18,0,0,0,0,0,0,0,0,0,0,0,0,0,0,0,0
54,2021-07-19,0,0,0,0,0,0,1,0,0,0,0,1,0,0,0,0
54,2021-07-20,0,0,0,3,0,0,0,0,0,0,0,0,0,0,0,0
54,2021-07-21,0,0,0,0,0,0,0,0,0,0,0,1,0,0,0,0
54,2021-07-22,0,0,1,0,0,0,0,0,0,0,0,0,0,0,0,0
54,2021-07-23,0,0,0,0,0,0,0,0,0,0,0,0,0,0,0,1
54,2021-07-24,0,0,0,0,0,0,0,0,0,0,0,0,0,0,0,0
54,2021-07-25,0,0,0,0,0,0,0,0,0,0,0,0,0,0,0,0
54,2021-07-26,0,0,0,4,0,0,0,0,0,0,0,0,0,0,0,0
54,2021-07-27,0,0,1,7,0,0,0,0,0,0,0,0,0,0,0,0
54,2021-07-28,0,0,0,4,0,0,0,0,0,0,0,0,0,0,0,0
54,2021-07-29,0,0,2,0,0,0,1,0,0,0,0,0,0,0,0,0
54,2021-07-30,0,29,13,2,0,0,0,0,0,0,0,0,0,0,0,0
54,2021-07-31,0,1,19,2,0,0,0,0,0,0,0,0,0,0,0,0
54,2021-08-01,0,0,0,2,0,0,0,0,0,0,0,0,0,0,0,0
54,2021-08-02,0,0,0,1,0,0,2,0,0,0,0,0,0,0,0,0
54,2021-08-03,0,0,0,0,0,0,0,0,0,0,0,0,0,0,0,1
54,2021-08-04,0,0,0,0,0,0,0,0,0,0,0,0,0,0,0,0
54,2021-08-05,0,1,32,17,0,0,2,0,0,0,0,0,0,0,0,1
54,2021-08-06,0,0,1,3,0,0,0,4,0,0,0,0,0,0,0,0
54,2021-08-07,0,1,6,13,0,0,0,0,0,0,0,0,0,0,0,0
54,2021-08-08,0,0,1,18,0,0,3,1,0,0,0,0,0,0,0,0
54,2021-08-09,0,4,45,9,0,0,0,0,0,0,1,0,0,0,0,0
54,2021-08-10,9,2,1,28,0,0,0,0,0,0,0,0,0,0,0,0
54,2021-08-11,0,0,0,1,0,0,0,0,0,0,0,0,0,0,0,0
54,2021-08-12,0,0,11,3,0,0,0,0,0,0,0,0,0,0,0,0
54,2021-08-13,0,0,12,1,0,0,0,0,0,0,0,0,0,0,0,0
54,2021-08-14,0,0,3,0,0,0,0,0,0,0,0,0,0,0,0,0
54,2021-08-15,0,0,0,0,0,0,0,0,0,0,0,0,0,0,0,0
54,2021-08-16,0,0,0,3,0,0,0,0,0,0,0,0,0,0,0,0
54,2021-08-17,0,0,1,13,0,0,0,1,0,0,2,0,0,0,0,0
54,2021-08-18,0,5,78,37,0,0,0,1,0,0,0,1,0,0,0,0
54,2021-08-19,0,0,14,33,0,0,0,1,0,0,0,1,0,0,0,0
54,2021-08-20,0,6,34,28,0,0,0,0,0,0,0,2,0,0,0,0
54,2021-08-21,8,9,118,22,0,0,6,0,0,0,0,0,0,0,0,0
54,2021-08-22,0,0,15,20,0,0,0,1,0,0,0,4,0,0,0,0
54,2021-08-23,3,3,15,26,0,0,0,0,0,0,0,0,0,0,0,0
54,2021-08-24,0,0,4,14,0,0,0,0,0,0,0,0,0,0,0,0
54,2021-08-25,2,2,20,5,0,0,0,0,0,0,0,1,0,0,0,0
54,2021-08-26,0,1,2,5,0,0,0,0,0,0,0,0,0,0,0,0
54,2021-08-27,0,0,0,1,0,0,0,0,0,0,0,1,0,0,0,2
54,2021-08-28,0,0,0,0,0,0,0,0,0,0,0,0,0,0,0,0
54,2021-08-29,0,1,0,0,0,0,0,0,0,0,0,1,0,0,0,0
54,2021-08-30,0,0,4,1,0,0,0,0,0,0,1,1,0,0,0,1
54,2021-08-31,0,0,7,4,0,0,0,0,0,0,0,3,0,0,0,0
54,2021-09-01,0,1,3,0,0,0,0,1,0,0,0,2,0,0,0,0
54,2021-09-02,0,0,3,1,0,0,0,0,0,0,0,0,0,0,0,0
54,2021-09-03,1,1,0,0,0,0,0,0,0,0,0,2,0,0,0,0
54,2021-09-04,0,0,0,0,0,0,0,1,0,0,0,0,0,0,0,0
54,2021-09-05,0,1,0,0,0,0,0,0,0,0,0,0,0,0,0,1
54,2021-09-06,1,4,2,9,0,0,0,0,0,0,0,0,0,0,0,1
54,2021-09-07,1,1,1,1,0,0,0,0,0,0,0,2,0,0,0,1
54,2021-09-08,0,0,0,0,0,0,0,0,0,0,0,0,0,0,0,0
54,2021-09-09,0,0,0,0,0,0,0,0,0,0,0,0,0,0,0,2
54,2021-09-10,0,0,0,0,0,0,0,4,0,0,0,2,0,0,0,1
54,2021-09-11,0,0,1,0,0,0,1,5,0,0,0,13,0,0,0,3
54,2021-09-12,1,2,1,10,0,0,1,15,0,0,0,2,0,0,0,4
54,2021-09-13,1,1,6,1,0,0,0,5,0,0,1,2,0,0,0,1
54,2021-09-14,0,0,0,0,0,0,0,0,0,0,0,0,0,0,0,0
54,2021-09-15,0,3,0,0,0,0,0,0,0,0,0,0,0,0,0,0
54,2021-09-16,0,0,0,1,0,0,0,0,0,0,0,3,0,0,0,0
54,2021-09-17,0,0,1,5,0,0,0,0,0,0,0,1,0,0,0,0
54,2021-09-18,0,0,1,20,0,0,0,0,0,0,0,2,0,0,0,0
54,2021-09-19,0,1,2,0,0,0,0,0,0,0,0,0,0,0,0,0
54,2021-09-20,0,0,0,0,0,0,0,0,0,0,0,3,0,0,0,0
54,2021-09-21,0,0,0,1,0,0,0,1,0,0,0,2,0,0,0,0
54,2021-09-22,0,0,0,0,0,0,0,13,0,0,0,0,0,0,0,0
54,2021-09-23,0,0,0,0,0,0,0,8,0,0,0,8,0,0,0,2
54,2021-09-24,0,0,0,0,0,0,0,3,0,0,0,3,0,0,0,1
54,2021-09-25,0,0,0,0,0,0,0,0,0,0,0,5,0,0,0,0
54,2021-09-26,0,0,0,0,0,0,0,0,0,0,0,1,0,0,0,0
54,2021-09-27,0,0,0,0,0,0,0,1,0,0,0,1,0,0,0,0
54,2021-09-28,0,0,2,9,0,0,0,6,0,0,0,4,0,0,0,5
54,2021-09-29,0,1,2,9,0,0,0,15,0,0,0,10,0,0,0,0
54,2021-09-30,0,0,2,6,0,0,1,30,0,0,0,4,0,0,0,0
54,2021-10-01,1,0,2,7,0,0,0,1,0,0,0,3,0,0,0,0
54,2021-10-02,0,0,6,1,0,0,0,1,0,0,0,0,0,0,0,0
54,2021-10-03,0,1,5,8,0,0,2,0,0,0,2,0,0,0,0,2
54,2021-10-04,0,1,1,6,0,0,3,2,0,0,0,4,0,0,0,0
54,2021-10-05,1,0,0,2,0,0,0,0,0,0,0,3,0,0,0,1
54,2021-10-06,0,0,2,0,0,0,1,0,0,0,0,7,0,0,0,1
54,2021-10-07,0,0,0,0,0,0,0,2,0,0,0,3,0,0,0,1
54,2021-10-08,4,0,4,5,0,0,0,15,0,0,0,7,0,0,0,0
54,2021-10-09,2,1,3,7,0,0,4,36,0,0,0,5,0,0,0,6
54,2021-10-10,0,0,2,1,0,0,2,0,0,0,0,2,0,0,0,0
54,2021-10-11,0,0,0,0,0,0,0,0,0,0,0,0,0,0,0,0
54,2021-10-12,0,0,1,13,0,0,0,1,0,0,0,0,0,0,0,3
54,2021-10-13,0,0,0,0,0,0,0,1,0,0,0,1,0,0,0,4
54,2021-10-14,0,0,0,0,0,0,0,0,0,0,0,0,0,0,0,0
54,2021-10-15,0,0,0,0,0,0,0,0,0,0,0,0,0,0,0,0
54,2021-10-16,0,0,0,0,0,0,0,0,0,0,0,0,0,0,0,0
54,2021-10-17,0,0,0,0,0,0,0,0,0,0,0,0,0,0,0,0
54,2021-10-18,0,0,0,0,0,0,1,0,0,0,0,4,0,0,0,0
54,2021-10-19,1,0,0,2,0,0,0,0,0,0,0,2,0,0,0,0
54,2021-10-20,0,0,0,5,0,0,1,4,0,0,0,0,0,0,0,1
54,2021-10-21,0,0,0,1,0,0,0,0,0,0,0,0,0,0,0,0
54,2021-10-22,0,0,0,1,0,0,0,0,0,0,0,2,0,0,0,0
54,2021-10-23,0,0,0,5,0,0,0,0,0,0,2,1,0,0,0,0
54,2021-10-24,0,0,4,3,0,0,0,2,0,0,0,10,0,0,0,0
54,2021-10-25,0,1,3,11,0,0,3,3,0,0,2,9,0,0,0,0
54,2021-10-26,0,1,2,16,0,0,1,6,0,0,0,3,0,0,0,0
54,2021-10-27,0,0,0,2,0,0,0,1,0,0,0,4,0,0,0,0
54,2021-10-28,0,0,0,1,0,0,0,0,0,0,1,1,0,0,0,0
54,2021-10-29,0,0,0,1,0,0,1,0,0,0,2,34,0,0,0,0
54,2021-10-30,0,1,5,12,0,0,0,6,0,0,0,4,0,0,0,0
54,2021-10-31,0,0,1,12,0,0,0,2,0,0,0,3,0,0,0,0
54,2021-11-01,0,0,0,7,0,0,0,0,0,0,0,4,0,0,0,0
54,2021-11-02,0,0,0,0,0,0,0,0,0,0,0,4,0,0,0,0
54,2021-11-03,0,0,4,2,0,0,1,0,0,0,0,11,0,0,0,1
54,2021-11-04,0,1,10,8,0,0,1,0,0,0,0,9,0,0,0,2
54,2021-11-05,0,3,14,13,0,0,1,3,0,0,0,4,0,0,0,1
54,2021-11-06,0,1,13,3,0,0,2,6,0,0,0,2,0,0,0,2
54,2021-11-07,4,0,0,5,0,0,4,4,0,0,0,17,0,0,0,0
54,2021-11-08,6,2,2,1,0,0,5,2,0,0,1,22,0,0,0,0
54,2021-11-09,6,0,10,5,0,0,1,1,0,0,2,32,0,0,0,0
54,2021-11-10,1,1,12,15,0,0,1,5,0,0,1,15,0,0,0,0
54,2021-11-11,5,2,6,10,0,0,1,6,0,0,0,12,0,0,0,0
54,2021-11-12,3,0,0,0,0,0,0,2,0,0,0,9,0,0,0,2
54,2021-11-13,5,0,4,4,0,0,0,3,0,0,2,24,0,0,0,0
54,2021-11-14,5,1,1,0,0,0,5,2,0,0,0,60,0,0,0,0
54,2021-11-15,11,9,35,16,0,0,4,0,0,0,3,23,0,0,0,0
54,2021-11-16,3,1,9,13,0,0,6,10,0,0,0,30,0,0,0,0
54,2021-11-17,1,0,7,14,0,0,1,0,0,0,1,10,0,0,0,0
54,2021-11-18,2,4,9,2,0,0,5,2,0,0,0,32,0,0,0,0
54,2021-11-19,8,7,39,18,0,0,2,5,0,0,0,116,0,0,0,1
54,2021-11-20,13,15,71,25,0,0,14,9,0,0,3,124,0,0,0,4
54,2021-11-21,11,8,48,33,0,0,13,30,0,0,2,41,0,0,0,8
54,2021-11-22,4,0,26,16,0,0,3,19,0,0,0,30,0,0,0,2
54,2021-11-23,1,1,13,4,0,0,4,8,0,0,1,40,0,0,0,0
54,2021-11-24,2,1,27,7,0,0,2,1,0,0,0,37,0,0,0,0
54,2021-11-25,9,8,53,16,0,0,1,10,0,0,3,19,0,0,0,0
54,2021-11-26,10,11,83,37,0,0,11,4,0,0,4,13,0,0,0,2
54,2021-11-27,10,5,33,27,0,0,5,13,0,0,1,21,0,0,0,2
54,2021-11-28,6,4,21,23,0,0,4,8,0,0,0,28,0,0,0,2
54,2021-11-29,4,21,38,24,0,0,9,0,0,0,0,64,0,0,0,3
54,2021-11-30,16,12,56,3,0,0,8,7,0,0,1,54,0,0,0,2
54,2021-12-01,45,42,129,36,0,0,15,8,0,0,6,83,0,0,0,5
54,2021-12-02,44,24,66,41,0,0,4,23,0,0,2,53,0,0,0,1
54,2021-12-03,29,8,67,51,0,0,15,25,0,0,0,46,0,0,0,2
54,2021-12-04,48,20,100,33,0,0,9,25,0,0,2,80,0,0,0,2
54,2021-12-05,39,30,147,40,0,0,13,20,0,0,6,119,0,0,0,1
54,2021-12-06,73,39,231,67,0,0,15,21,0,0,13,95,0,0,0,3
54,2021-12-07,39,20,130,115,0,0,20,37,0,0,5,51,0,0,0,10
54,2021-12-08,33,23,65,46,0,0,13,29,0,0,2,53,0,0,0,4
54,2021-12-09,17,1,37,16,0,0,8,14,0,0,2,42,0,0,0,7
54,2021-12-10,11,15,73,37,0,0,16,11,0,0,4,80,0,0,0,1
54,2021-12-11,23,7,144,60,0,0,9,17,0,0,7,73,0,0,0,5
54,2021-12-12,19,21,144,95,0,0,15,16,0,0,6,45,0,0,0,1
54,2021-12-13,22,5,56,57,0,0,21,11,0,0,2,33,0,0,0,0
54,2021-12-14,16,10,34,39,0,0,9,11,0,0,9,47,0,0,0,1
54,2021-12-15,18,9,50,29,0,0,11,12,0,0,10,60,0,0,0,2
54,2021-12-16,24,4,79,63,0,0,12,21,0,0,5,86,0,0,0,4
54,2021-12-17,17,29,132,54,0,0,25,31,0,0,16,72,0,0,0,6
54,2021-12-18,1,9,70,93,0,0,9,17,0,0,3,54,0,0,0,1
54,2021-12-19,10,7,31,42,0,0,5,9,0,0,2,29,0,0,0,0
54,2021-12-20,9,12,53,54,0,0,18,0,0,0,5,47,0,0,0,8
54,2021-12-21,12,21,97,58,0,0,15,18,0,0,8,42,0,0,0,2
54,2021-12-22,12,19,138,74,0,0,23,40,0,0,5,48,0,0,0,2
54,2021-12-23,17,12,87,124,0,1,30,42,0,0,2,30,0,0,0,2
54,2021-12-24,3,7,51,55,0,0,20,34,0,0,1,27,0,0,0,4
54,2021-12-25,4,4,37,11,0,0,6,19,0,0,5,39,0,0,0,0
54,2021-12-26,8,6,35,54,0,1,13,9,0,0,5,66,0,0,0,0
54,2021-12-27,5,16,81,102,0,1,13,19,0,0,7,107,0,0,0,3
54,2021-12-28,17,19,118,153,0,0,42,32,0,0,14,94,0,0,0,10
54,2021-12-29,11,3,58,81,0,0,5,24,0,0,6,65,0,0,0,3
54,2021-12-30,3,6,41,50,0,0,9,20,0,0,5,38,0,0,0,3
54,2021-12-31,6,11,32,95,0,0,14,23,0,0,8,70,0,0,0,3
54,2022-01-01,3,9,61,64,0,0,8,14,0,0,29,120,0,0,0,1
54,2022-01-02,11,23,86,115,0,0,39,32,0,0,22,78,0,0,0,2
54,2022-01-03,11,8,50,62,0,0,45,41,0,0,17,37,0,0,0,1
54,2022-01-04,7,7,29,25,0,0,29,20,0,0,7,113,0,0,0,2
54,2022-01-05,5,4,78,78,0,0,21,31,0,0,15,99,0,0,0,7
54,2022-01-06,13,11,126,142,0,2,29,60,0,0,18,165,0,0,0,11
54,2022-01-07,11,38,153,138,0,0,46,50,0,0,18,194,0,0,0,7
54,2022-01-08,25,22,128,171,0,0,49,72,0,0,21,145,0,0,0,14
54,2022-01-09,14,14,83,137,0,2,32,43,0,0,10,103,0,0,0,2
54,2022-01-10,7,8,119,113,0,0,41,46,0,0,21,116,0,0,0,5
54,2022-01-11,13,19,125,114,0,2,34,40,0,0,21,79,0,0,0,5
54,2022-01-12,25,33,98,108,0,0,28,57,0,0,25,37,0,0,0,1
54,2022-01-13,32,35,165,162,0,0,19,29,0,0,5,92,0,0,0,15
54,2022-01-14,12,14,94,149,0,1,42,51,0,0,0,11,0,0,0,5
54,2022-01-15,4,11,67,99,0,0,26,26,0,0,6,13,0,0,0,0
54,2022-01-16,8,6,63,96,0,0,39,46,0,0,2,13,0,0,0,2
54,2022-01-17,7,9,81,84,0,0,14,11,0,0,8,67,0,0,0,1
54,2022-01-18,16,24,145,241,0,0,13,24,0,0,21,74,0,0,0,1
54,2022-01-19,4,10,122,191,0,0,25,79,0,0,14,47,0,0,0,0
54,2022-01-20,0,1,25,62,0,0,2,7,0,0,1,41,0,0,0,0
54,2022-01-21,0,0,9,12,0,0,0,0,0,0,2,137,0,0,0,0
54,2022-01-22,0,1,11,13,0,0,0,0,0,0,12,164,0,0,0,0
54,2022-01-23,10,17,69,59,0,1,4,11,0,0,17,232,0,0,0,3
54,2022-01-24,14,18,64,131,0,0,16,43,0,0,19,162,0,0,0,6
54,2022-01-25,3,10,112,163,0,0,20,44,0,0,35,130,0,0,0,0
54,2022-01-26,15,37,119,153,0,0,36,62,0,0,57,103,0,0,0,0
54,2022-01-27,35,44,176,83,0,0,62,132,0,0,71,178,0,0,0,0
54,2022-01-28,78,119,370,209,0,0,74,105,0,0,79,458,0,0,0,6
54,2022-01-29,174,199,469,256,0,4,172,185,0,0,53,439,0,0,0,4
54,2022-01-30,74,134,384,269,0,1,144,133,0,0,39,270,0,0,0,5
54,2022-01-31,54,102,236,177,0,1,59,56,0,0,39,305,0,0,0,9
54,2022-02-01,31,62,249,91,0,0,51,15,0,0,71,442,0,0,0,4
54,2022-02-02,51,113,354,87,0,3,57,26,0,0,121,487,0,0,0,3
54,2022-02-03,81,110,303,165,0,0,70,45,0,0,94,356,0,0,0,6
54,2022-02-04,0,11,91,77,0,0,16,31,0,0,35,214,0,0,0,5
54,2022-02-05,0,0,24,79,0,0,0,8,0,0,0,68,0,0,0,0
54,2022-02-06,0,3,37,125,0,0,3,13,0,0,2,91,0,0,0,0
54,2022-02-07,11,10,136,134,0,0,9,34,0,0,18,268,0,0,0,0
54,2022-02-08,60,79,273,264,0,0,37,98,0,0,67,378,0,0,0,4
54,2022-02-09,47,112,309,308,0,2,75,144,0,0,45,446,0,0,0,16
54,2022-02-10,38,63,144,137,0,0,90,178,0,0,49,331,0,0,0,4
54,2022-02-11,6,34,131,32,0,7,104,119,0,0,62,435,0,0,0,21
54,2022-02-12,11,70,187,18,0,0,93,56,0,0,84,591,0,0,0,3
54,2022-02-13,32,167,419,109,0,1,77,64,0,0,112,610,0,0,0,11
54,2022-02-14,47,130,286,73,0,3,52,44,0,0,118,496,0,0,0,7
54,2022-02-15,0,0,38,48,0,0,26,110,0,0,60,428,0,0,0,4
54,2022-02-16,0,3,15,1,0,0,12,14,0,0,39,410,0,0,0,4
54,2022-02-17,0,0,5,5,0,0,9,41,0,0,8,95,0,0,0,12
54,2022-02-18,0,3,21,27,0,0,6,17,0,0,0,312,0,0,0,6
54,2022-02-19,1,0,42,89,0,0,0,1,0,0,1,162,0,0,0,6
54,2022-02-20,0,1,3,49,0,0,0,0,0,0,26,452,0,0,0,0
54,2022-02-21,0,0,12,20,0,0,0,0,0,0,9,132,0,0,0,0
54,2022-02-22,3,10,47,79,0,0,0,0,0,0,66,587,0,0,0,0
54,2022-02-23,5,8,108,179,0,0,3,21,0,0,105,931,0,0,0,0
54,2022-02-24,7,22,264,278,0,0,13,43,0,0,177,1230,0,0,0,3
54,2022-02-25,10,17,236,301,0,0,35,75,0,0,132,775,0,0,0,6
54,2022-02-26,9,16,168,247,0,0,38,97,0,0,102,620,0,0,0,20
54,2022-02-27,2,17,303,162,0,0,32,30,0,0,120,976,0,0,0,25
54,2022-02-28,8,9,402,211,0,0,19,314,0,0,146,1061,0,0,0,12
54,2022-03-01,76,74,420,300,0,6,311,503,0,0,492,1459,0,0,0,1
54,2022-03-02,61,70,402,285,0,1,304,424,0,0,335,862,0,0,0,6
54,2022-03-03,6,17,232,208,0,0,340,401,0,0,148,592,0,0,0,6
54,2022-03-04,18,13,146,187,0,2,271,297,0,0,128,800,0,0,0,6
54,2022-03-05,23,25,244,190,0,3,486,408,0,0,226,1073,0,0,0,5
54,2022-03-06,37,51,416,197,0,5,518,405,0,0,455,964,0,0,0,0
54,2022-03-07,34,40,329,164,0,1,165,37,0,0,340,842,0,0,0,3
54,2022-03-08,15,3,66,73,0,0,12,107,0,0,57,443,0,0,0,2
54,2022-03-09,2,6,50,126,0,0,21,140,0,0,38,274,0,0,0,2
54,2022-03-10,4,5,75,120,0,0,63,173,0,0,104,668,0,0,0,4
54,2022-03-11,27,23,152,139,0,0,149,384,0,0,206,988,0,0,0,3
54,2022-03-12,58,40,342,243,0,1,349,495,0,0,371,1509,0,0,0,10
54,2022-03-13,28,12,279,277,0,0,371,503,0,0,249,874,0,0,0,5
54,2022-03-14,13,9,139,160,0,0,247,433,0,0,150,571,0,0,0,1
54,2022-03-15,7,10,132,108,0,0,140,117,0,0,204,984,0,0,0,4
54,2022-03-16,13,15,152,100,0,0,1,0,0,0,118,1993,0,0,0,2
54,2022-03-17,81,69,550,164,0,0,12,6,0,0,201,2122,0,0,0,2
54,2022-03-18,71,29,294,66,0,0,8,23,0,0,318,1358,0,0,0,7
54,2022-03-19,10,8,136,64,0,1,32,109,0,0,172,1274,0,0,0,3
54,2022-03-20,0,1,62,27,0,0,120,321,0,0,137,1102,0,0,0,1
54,2022-03-21,4,4,29,6,0,0,83,93,0,0,32,214,0,0,0,1
54,2022-03-22,5,11,77,20,0,0,93,89,0,0,9,40,0,0,0,0
54,2022-03-23,0,9,25,31,0,0,15,85,0,0,4,1,0,0,0,0
54,2022-03-24,4,2,39,26,0,0,2,7,0,0,13,30,0,0,0,1
54,2022-03-25,15,6,59,38,0,0,76,82,0,0,57,224,0,0,0,3
54,2022-03-26,12,20,182,68,0,1,424,268,0,0,262,539,0,0,0,0
54,2022-03-27,34,69,286,164,0,4,977,639,0,0,338,305,0,0,0,0
54,2022-03-28,28,22,384,125,0,0,649,219,0,0,586,680,0,0,0,3
54,2022-03-29,8,4,208,75,0,0,0,3,0,0,176,579,0,0,0,0
54,2022-03-30,7,6,221,74,0,0,1,18,0,0,265,657,0,0,0,0
54,2022-03-31,5,15,202,48,0,0,102,105,0,0,189,657,0,0,0,0
54,2022-04-01,14,10,286,31,0,0,287,21,0,0,264,926,0,0,0,0
54,2022-04-02,0,1,107,29,0,0,0,8,0,0,95,530,0,0,0,0
54,2022-04-03,25,2,144,3,0,0,527,532,0,0,267,367,0,0,0,1
54,2022-04-04,86,15,158,97,0,0,1570,1086,0,0,292,726,0,0,0,0
54,2022-04-05,48,16,168,95,0,0,4061,3044,0,0,582,1586,0,0,0,3
54,2022-04-06,17,8,249,95,0,0,1008,1524,0,0,636,1411,0,0,0,1
54,2022-04-07,18,14,172,137,0,0,1941,866,0,0,182,1087,0,0,0,1
54,2022-04-08,14,5,80,127,0,1,2777,4122,0,0,75,156,0,0,0,6
54,2022-04-09,37,16,133,136,0,0,431,421,0,0,218,483,0,0,0,0
54,2022-04-10,18,12,74,114,0,0,1541,2114,0,0,192,667,0,0,0,3
54,2022-04-11,7,17,102,77,0,0,823,1137,0,0,635,1142,0,0,0,2
54,2022-04-12,41,20,289,145,0,0,401,161,0,0,600,1194,0,0,0,1
54,2022-04-13,66,40,290,136,0,6,568,472,0,0,392,1055,0,0,0,3
54,2022-04-14,39,33,162,69,0,0,118,202,0,0,179,615,0,0,0,8
54,2022-04-15,56,20,124,102,0,2,1018,1179,0,0,40,633,0,0,0,7
54,2022-04-16,50,19,224,62,0,1,608,492,0,0,115,816,0,0,0,0
54,2022-04-17,59,32,221,75,0,0,148,25,0,0,112,557,0,0,0,2
54,2022-04-18,7,19,260,47,0,0,0,1,0,0,106,492,0,0,0,1
54,2022-04-19,0,1,27,52,0,0,0,19,0,0,33,240,0,0,0,0
54,2022-04-20,0,1,26,61,0,0,11,28,0,0,9,188,0,0,0,0
54,2022-04-21,0,2,9,35,0,0,1,40,0,0,7,103,0,0,0,0
54,2022-04-22,1,3,38,48,0,0,5,60,0,0,24,210,0,0,0,2
54,2022-04-23,15,10,157,72,0,0,101,190,0,0,119,460,0,0,0,5
54,2022-04-24,1,3,85,92,0,0,189,213,0,0,41,183,0,0,0,23
54,2022-04-25,21,15,116,73,0,0,116,201,0,0,109,351,0,0,0,13
54,2022-04-26,13,11,67,31,0,0,238,2260,0,0,91,355,0,0,0,27
54,2022-04-27,17,12,173,44,0,1,755,3070,0,0,101,239,0,0,0,27
54,2022-04-28,33,47,232,77,0,0,687,2528,0,0,118,390,0,0,0,10
54,2022-04-29,42,29,57,5,0,0,68,734,0,0,12,126,0,0,0,17
54,2022-04-30,12,5,30,7,0,0,27,52,0,0,16,122,0,0,0,3
54,2022-05-01,2,2,33,1,0,0,47,26,0,0,15,69,0,0,0,0
54,2022-05-02,0,0,2,0,0,0,1,3,0,0,4,62,0,0,0,0
54,2022-05-03,2,1,21,0,0,0,29,41,0,0,18,28,0,0,0,0
54,2022-05-04,65,17,187,7,0,0,242,466,0,0,55,38,0,0,0,1
54,2022-05-05,3,6,27,40,0,0,55,729,0,0,26,69,0,0,0,0
54,2022-05-06,0,3,21,8,0,0,21,15,0,0,19,21,0,0,0,3
54,2022-05-07,0,2,3,0,0,0,1,34,0,0,0,37,0,0,0,5
54,2022-05-08,0,0,1,0,0,0,0,0,0,0,3,7,0,0,0,0
54,2022-05-09,1,0,25,2,0,0,0,0,0,0,20,3,0,0,0,0
54,2022-05-10,0,0,1,1,0,0,2,1,0,0,0,0,0,0,0,0
54,2022-05-11,0,0,2,3,0,0,0,0,0,0,0,2,0,0,0,0
54,2022-05-12,0,0,0,0,0,0,0,0,0,0,0,0,0,0,0,0
54,2022-05-13,0,0,6,3,0,0,1,0,0,0,1,10,0,0,0,1
54,2022-05-14,2,4,27,8,0,0,9,16,0,0,3,10,0,0,0,8
54,2022-05-15,22,14,79,20,0,0,32,30,0,0,1,45,0,0,0,21
54,2022-05-16,2,1,16,6,0,0,4,0,0,0,3,14,0,0,0,0
54,2022-05-17,0,0,1,0,0,0,0,1,0,0,0,1,0,0,0,0
54,2022-05-18,0,0,0,2,0,0,0,7,0,0,0,0,0,0,0,0
54,2022-05-19,0,5,4,1,0,0,14,82,0,0,0,5,0,0,0,1
54,2022-05-20,0,0,0,0,0,0,1,15,0,0,0,0,0,0,0,0
54,2022-05-21,0,0,0,0,0,0,0,0,0,0,0,1,0,0,0,0
54,2022-05-22,0,0,0,1,0,0,0,0,0,0,0,0,0,0,0,0
54,2022-05-23,0,0,2,1,0,0,0,0,0,0,0,5,0,0,0,6
54,2022-05-24,2,0,2,0,0,0,0,0,0,0,0,3,0,0,0,9
54,2022-05-25,0,10,10,3,0,0,23,2,0,0,0,1,0,0,0,3
54,2022-05-26,0,1,1,9,0,0,50,20,0,0,0,5,0,0,0,0
54,2022-05-27,6,3,7,6,0,0,8,2,0,0,3,1,0,0,0,7
54,2022-05-28,0,1,8,3,0,0,15,123,0,0,0,3,0,0,0,18
54,2022-05-29,3,2,7,3,0,0,24,85,0,0,0,4,0,0,0,6
54,2022-05-30,3,6,17,1,0,0,3,41,0,0,3,6,0,0,0,13
54,2022-05-31,2,3,6,7,0,0,0,0,0,0,0,1,0,0,0,0
54,2022-06-01,4,1,1,13,0,0,0,5,0,0,0,0,0,0,0,0
54,2022-06-02,2,0,5,3,0,0,1,19,0,0,2,0,0,0,0,0
54,2022-06-03,1,1,0,0,0,0,0,0,0,0,0,3,0,0,0,0
54,2022-06-04,0,6,0,1,0,0,8,49,0,0,1,2,0,0,0,1
54,2022-06-05,3,2,8,2,0,0,6,78,0,0,0,1,0,0,0,2
54,2022-06-06,0,0,1,6,0,0,0,0,0,0,0,0,0,0,0,1
54,2022-06-07,0,3,6,4,0,0,20,0,0,0,0,0,0,0,0,0
54,2022-06-08,0,0,0,2,0,0,0,0,0,0,0,0,0,0,0,0
54,2022-06-09,1,1,0,3,0,0,3,2,0,0,0,0,0,0,0,0
54,2022-06-10,0,2,2,9,0,0,5,3,0,0,0,4,0,0,0,0
54,2022-06-11,0,1,2,9,0,0,4,0,0,0,0,1,0,0,0,0
54,2022-06-12,1,1,0,5,0,0,2,0,0,0,0,1,0,0,0,0
54,2022-06-13,1,1,2,5,0,0,2,54,0,0,0,2,0,0,0,0
54,2022-06-14,2,3,5,1,0,0,0,3,0,0,0,0,0,0,0,0
54,2022-06-15,2,1,0,3,0,0,0,0,0,0,0,3,0,0,0,0
54,2022-06-16,0,0,4,12,0,0,0,0,0,0,0,0,0,0,0,0
54,2022-06-17,0,1,5,2,0,0,0,1,0,0,0,1,0,0,0,0
54,2022-06-18,0,0,0,8,0,0,0,3,0,0,0,0,0,0,0,0
54,2022-06-19,0,1,4,6,0,0,5,12,0,0,0,2,0,0,0,1
54,2022-06-20,4,3,13,16,0,0,6,5,0,0,0,0,0,0,0,1
54,2022-06-21,4,3,21,24,0,0,11,39,0,0,0,0,0,0,0,0
54,2022-06-22,0,1,2,12,0,0,1,30,0,0,0,1,0,0,0,0
54,2022-06-23,0,0,2,10,0,0,4,5,0,0,0,0,0,0,0,0
54,2022-06-24,0,0,0,0,0,0,0,9,0,0,0,0,0,0,0,0
54,2022-06-25,0,3,1,3,0,0,0,3,0,0,1,0,0,0,0,1
54,2022-06-26,0,4,3,4,0,0,0,2,0,0,0,0,0,0,0,2
54,2022-06-27,0,0,9,3,0,0,0,6,0,0,0,0,0,0,0,0
54,2022-06-28,0,0,1,6,0,0,0,1,0,0,0,0,0,0,0,0
54,2022-06-29,0,1,1,3,0,0,0,3,0,0,0,0,0,0,0,0
54,2022-06-30,0,0,0,1,0,0,0,0,0,0,0,0,0,0,0,0
54,2022-07-01,0,0,2,2,0,0,0,0,0,0,0,0,0,0,0,1
54,2022-07-02,0,0,3,6,0,0,0,0,0,0,0,0,0,0,0,2
54,2022-07-03,0,0,1,7,0,0,0,0,0,0,0,0,0,0,0,0
54,2022-07-04,0,1,2,1,0,0,1,1,0,0,0,0,0,0,0,0
54,2022-07-05,0,2,0,0,0,0,0,0,0,0,0,0,0,0,0,0
54,2022-07-06,1,1,3,0,0,0,0,0,0,0,0,0,0,0,0,0
54,2022-07-07,0,0,12,1,0,0,0,0,0,0,0,0,0,0,0,3
54,2022-07-08,0,0,2,0,0,0,0,0,0,0,0,0,0,0,0,0
54,2022-07-09,0,0,1,0,0,0,1,0,0,0,0,0,0,0,0,5
54,2022-07-10,0,0,0,0,0,0,0,0,0,0,0,0,0,0,0,1
54,2022-07-11,0,0,0,0,0,0,0,0,0,0,0,0,0,0,0,0
54,2022-07-12,0,0,1,0,0,0,0,1,0,0,0,0,0,0,0,3
54,2022-07-13,0,0,0,0,0,0,1,7,0,0,0,0,0,0,0,8
54,2022-07-14,0,1,0,1,0,0,0,0,0,0,0,2,0,0,0,8
54,2022-07-15,0,0,2,1,0,0,0,0,0,0,0,0,0,0,0,1
54,2022-07-16,0,0,15,9,0,0,0,1,0,0,0,0,0,0,0,3
54,2022-07-17,0,5,28,9,0,0,0,4,0,0,0,0,0,0,0,0
54,2022-07-18,1,5,32,16,0,0,5,0,0,0,0,0,0,0,0,0
54,2022-07-19,0,0,8,8,0,0,0,0,0,0,0,0,0,0,0,0
54,2022-07-20,0,0,0,1,0,0,0,0,0,0,0,0,0,0,0,0
54,2022-07-21,0,0,0,0,0,0,0,0,0,0,0,0,0,0,0,0
54,2022-07-22,0,0,0,1,0,0,0,0,0,0,0,0,0,0,0,0
54,2022-07-23,0,0,0,1,0,0,0,0,0,0,0,0,0,0,0,0
54,2022-07-24,0,0,2,6,0,0,1,3,0,0,0,2,0,0,0,2
54,2022-07-25,0,0,2,12,0,0,1,2,0,0,0,1,0,0,0,3
54,2022-07-26,0,0,2,0,0,0,1,2,0,0,0,3,0,0,0,3
54,2022-07-27,0,0,0,0,0,0,0,0,0,0,0,0,0,0,0,0
54,2022-07-28,0,0,0,0,0,0,0,0,0,0,0,0,0,0,0,0
54,2022-07-29,0,0,0,0,0,0,0,0,0,0,0,0,0,0,0,0
54,2022-07-30,0,0,0,0,0,0,0,0,0,0,0,0,0,0,0,0
54,2022-07-31,0,0,0,0,0,0,0,0,0,0,0,0,0,0,0,0
54,2022-08-01,0,0,0,0,0,0,0,0,0,0,0,0,0,0,0,0
54,2022-08-02,0,0,0,0,0,0,0,0,0,0,0,0,0,0,0,0
54,2022-08-03,0,0,0,0,0,0,0,0,0,0,0,0,0,0,0,0
54,2022-08-04,0,0,0,0,0,0,0,0,0,0,0,0,0,0,0,0
54,2022-08-05,0,0,0,0,0,0,0,0,0,0,0,0,0,0,0,0
54,2022-08-06,0,0,0,0,0,0,0,0,0,0,0,0,0,0,0,0
54,2022-08-07,0,0,0,0,0,0,0,0,0,0,0,0,0,0,0,0
54,2022-08-08,0,0,0,0,0,0,0,0,0,0,0,0,0,0,0,0
54,2022-08-09,0,0,0,0,0,0,0,0,0,0,0,0,0,0,0,0
54,2022-08-10,0,0,0,0,0,0,0,0,0,0,0,0,0,0,0,0
54,2022-08-11,0,0,0,0,0,0,0,0,0,0,0,0,0,0,0,0
54,2022-08-12,0,0,0,0,0,0,0,0,0,0,0,0,0,0,0,0
54,2022-08-13,0,1,75,9,0,0,0,0,0,0,0,1,0,0,0,0
54,2022-08-14,0,0,3,4,0,0,1,0,0,0,0,0,0,0,0,2
54,2022-08-15,0,0,1,6,0,0,0,0,0,0,0,0,0,0,0,1
54,2022-08-16,0,1,0,1,0,0,0,0,0,0,0,0,0,0,0,0
54,2022-08-17,0,2,0,2,0,0,0,0,0,0,0,0,0,0,0,0
54,2022-08-18,0,1,9,13,0,0,2,1,0,0,0,1,0,0,0,1
54,2022-08-19,0,1,24,17,0,0,1,0,0,0,0,1,0,0,0,3
54,2022-08-20,0,0,0,1,0,0,0,0,0,0,0,0,0,0,0,0
54,2022-08-21,0,0,0,1,0,0,0,0,0,0,0,0,0,0,0,0
54,2022-08-22,0,0,1,4,0,0,0,0,0,0,0,0,0,0,0,0
54,2022-08-23,0,0,10,30,0,0,0,0,0,0,0,1,0,0,0,0
54,2022-08-24,0,0,44,49,0,0,0,0,0,0,0,0,0,0,0,0
54,2022-08-25,0,0,0,0,0,0,0,0,0,0,0,0,0,0,0,0
54,2022-08-26,0,0,0,0,0,0,0,0,0,0,0,0,0,0,0,0
54,2022-08-27,0,0,0,3,0,0,0,0,0,0,0,0,0,0,0,0
54,2022-08-28,0,0,5,5,0,0,0,0,0,0,0,0,0,0,0,0
54,2022-08-29,0,0,0,0,0,0,5,0,0,0,0,2,0,0,0,0
54,2022-08-30,0,0,3,3,0,0,10,7,0,0,0,2,0,0,0,1
54,2022-08-31,0,5,18,2,0,0,0,0,0,0,0,2,0,0,0,0
54,2022-09-01,0,3,7,13,0,0,0,0,0,0,0,0,0,0,0,1
54,2022-09-02,0,0,10,4,0,0,2,0,0,0,0,8,0,0,0,0
54,2022-09-03,3,0,8,2,0,0,2,0,0,0,0,7,0,0,0,1
54,2022-09-04,0,6,27,38,0,0,1,0,0,0,0,0,0,0,0,0
54,2022-09-05,0,0,0,4,0,0,0,1,0,0,0,0,0,0,0,1
54,2022-09-06,0,0,0,6,0,0,0,2,0,0,0,3,0,0,0,1
54,2022-09-07,0,0,0,0,0,0,0,4,0,0,0,3,0,0,0,0
54,2022-09-08,0,0,0,0,0,0,0,0,0,0,0,2,0,0,0,0
54,2022-09-09,0,0,0,0,0,0,0,0,0,0,0,0,0,0,0,0
54,2022-09-10,0,0,0,1,0,0,1,0,0,0,0,0,0,0,0,0
54,2022-09-11,0,0,0,0,0,0,0,0,0,0,0,0,0,0,0,0
54,2022-09-12,0,0,0,0,0,0,0,0,0,0,0,0,0,0,0,0
54,2022-09-13,0,3,4,3,0,0,0,0,0,0,0,2,0,0,0,0
54,2022-09-14,0,1,18,17,0,0,1,0,0,0,0,4,0,0,0,0
54,2022-09-15,0,1,6,2,0,0,2,1,0,0,0,7,0,0,0,0
54,2022-09-16,0,4,6,9,0,0,0,0,0,0,0,1,0,0,0,0
54,2022-09-17,0,1,3,5,0,0,0,0,0,0,0,1,0,0,0,0
54,2022-09-18,0,0,2,0,0,0,0,0,0,0,0,0,0,0,0,1
54,2022-09-19,0,0,0,0,0,0,0,0,0,0,0,1,0,0,0,0
54,2022-09-20,0,0,1,2,0,0,0,1,0,0,0,0,0,0,0,3
54,2022-09-21,0,0,1,8,0,0,0,0,0,0,0,1,0,0,0,1
54,2022-09-22,0,0,0,0,0,0,1,0,0,0,0,0,0,0,0,0
54,2022-09-23,0,0,0,0,0,0,0,0,0,0,0,1,0,0,0,1
54,2022-09-24,0,0,1,0,0,0,0,0,0,0,0,1,0,0,0,1
54,2022-09-25,0,0,0,0,0,0,0,0,0,0,0,1,0,0,0,3
54,2022-09-26,0,0,0,0,0,0,0,3,0,0,0,3,0,0,0,1
54,2022-09-27,0,0,0,0,0,0,0,3,0,0,0,2,0,0,0,1
54,2022-09-28,0,0,0,0,0,0,0,1,0,0,0,2,0,0,0,0
54,2022-09-29,0,0,0,0,0,0,0,0,0,0,3,1,0,0,0,0
54,2022-09-30,0,0,0,0,0,0,0,0,0,0,0,0,0,0,0,0
54,2022-10-01,0,0,0,0,0,0,0,0,0,0,0,0,0,0,0,0
54,2022-10-02,0,0,0,0,0,0,0,0,0,0,0,0,0,0,0,0
54,2022-10-03,0,0,0,1,0,0,0,1,0,0,0,0,0,0,0,0
54,2022-10-04,0,0,0,3,0,0,0,0,0,0,0,2,0,0,0,2
54,2022-10-05,0,0,0,2,0,0,0,0,0,0,0,6,0,0,0,2
54,2022-10-06,0,0,2,1,0,0,1,2,0,0,0,10,0,0,0,0
54,2022-10-07,1,0,2,3,0,0,1,0,0,0,0,0,0,0,0,0
54,2022-10-08,0,0,1,2,0,0,1,4,0,0,0,0,0,0,0,0
54,2022-10-09,1,0,0,0,0,0,0,1,0,0,0,0,0,0,0,0
54,2022-10-10,0,0,0,2,0,0,0,0,0,0,0,2,0,0,0,0
54,2022-10-11,0,0,1,3,0,0,1,4,0,0,0,2,0,0,0,0
54,2022-10-12,1,1,4,31,0,0,0,4,0,0,2,2,0,0,0,0
54,2022-10-13,0,2,1,11,0,0,0,3,0,0,0,2,0,0,0,0
54,2022-10-14,0,0,0,0,0,0,1,5,0,0,0,5,0,0,0,0
54,2022-10-15,0,0,0,0,0,0,0,3,0,0,0,0,0,0,0,0
54,2022-10-16,0,0,0,0,0,0,0,2,0,0,0,2,0,0,0,0
54,2022-10-17,3,2,12,17,0,0,8,10,0,0,1,8,0,0,0,1
54,2022-10-18,1,6,9,31,0,1,6,23,0,0,2,18,0,0,0,4
54,2022-10-19,4,5,4,14,0,0,4,8,0,0,3,5,0,0,0,5
54,2022-10-20,2,3,3,3,0,0,0,0,0,0,2,12,0,0,0,3
54,2022-10-21,2,0,3,0,0,0,3,0,0,0,0,34,0,0,0,0
54,2022-10-22,0,0,6,8,0,0,1,3,0,0,0,12,0,0,0,1
54,2022-10-23,1,2,5,15,0,0,13,14,0,0,3,10,0,0,0,1
54,2022-10-24,0,1,4,15,0,0,8,4,0,0,0,2,0,0,0,2
54,2022-10-25,1,0,0,0,0,0,7,0,0,0,0,1,0,0,0,0
54,2022-10-26,3,0,5,0,0,0,0,0,0,0,0,12,0,0,0,0
54,2022-10-27,0,0,4,1,0,0,4,5,0,0,3,15,0,0,0,1
54,2022-10-28,5,1,9,16,0,1,3,12,0,0,1,7,0,0,0,0
54,2022-10-29,2,2,11,8,0,0,4,5,0,0,0,4,0,0,0,2
54,2022-10-30,0,1,2,13,0,0,0,1,0,0,0,7,0,0,0,3
54,2022-10-31,5,0,8,16,0,0,13,0,0,0,5,25,0,0,0,5
54,2022-11-01,9,3,24,14,0,0,4,10,0,0,4,57,0,0,0,4
54,2022-11-02,8,5,55,41,0,0,20,22,0,0,1,29,0,0,0,4
54,2022-11-03,10,3,26,30,0,0,13,26,0,0,0,10,0,0,0,4
54,2022-11-04,3,1,18,17,0,0,5,10,0,0,3,4,0,0,0,0
54,2022-11-05,6,3,23,7,0,0,3,10,0,0,1,20,0,0,0,0
54,2022-11-06,13,5,33,9,0,0,2,12,0,0,1,74,0,0,0,2
54,2022-11-07,13,14,53,19,0,0,16,12,0,0,3,89,0,0,0,4
54,2022-11-08,5,3,39,38,0,0,7,19,0,0,1,14,0,0,0,6
54,2022-11-09,5,2,34,22,0,0,13,12,0,0,6,47,0,0,0,1
54,2022-11-10,11,5,16,11,0,0,4,14,0,0,8,42,0,0,0,2
54,2022-11-11,9,3,28,12,0,0,10,10,0,0,2,116,0,0,0,3
54,2022-11-12,16,9,55,20,0,0,13,11,0,0,10,160,0,0,0,6
54,2022-11-13,18,7,48,12,0,0,19,14,0,0,2,85,0,0,0,2
54,2022-11-14,0,1,12,6,0,0,1,6,0,0,1,33,0,0,0,1
54,2022-11-15,0,1,4,7,0,0,3,1,0,0,4,35,0,0,0,0
54,2022-11-16,3,2,5,7,0,0,10,5,0,0,1,17,0,0,0,0
54,2022-11-17,5,0,42,15,0,0,11,8,0,0,0,49,0,0,0,1
54,2022-11-18,7,3,10,12,0,0,2,7,0,0,1,21,0,0,0,0
54,2022-11-19,1,0,9,13,0,0,2,0,0,0,2,21,0,0,0,2
54,2022-11-20,4,3,4,2,0,0,1,2,0,0,0,14,0,0,0,1
54,2022-11-21,9,0,19,5,0,0,3,9,0,0,0,44,0,0,0,2
54,2022-11-22,12,14,63,8,0,0,11,5,0,0,9,99,0,0,0,5
54,2022-11-23,1,2,42,1,0,0,4,2,0,0,6,82,0,0,0,5
54,2022-11-24,0,0,0,6,0,0,0,1,0,0,0,10,0,0,0,1
54,2022-11-25,0,0,3,2,0,0,0,2,0,0,0,16,0,0,0,0
54,2022-11-26,0,1,0,8,0,0,1,0,0,0,0,3,0,0,0,0
54,2022-11-27,4,1,2,1,0,0,1,0,0,0,0,18,0,0,0,0
54,2022-11-28,18,6,23,18,0,0,1,6,0,0,0,50,0,0,0,2
54,2022-11-29,16,10,57,29,0,0,6,6,0,0,1,36,0,0,0,8
54,2022-11-30,1,2,37,2,0,0,4,6,0,0,2,23,0,0,0,4
54,2022-12-01,0,0,9,7,0,0,1,2,0,0,0,33,0,0,0,4
54,2022-12-02,2,2,13,8,0,0,2,1,0,0,0,36,0,0,0,1
54,2022-12-03,14,8,30,15,0,0,10,5,0,0,4,109,0,0,0,4
54,2022-12-04,18,19,75,22,0,0,11,11,0,0,3,68,0,0,0,6
54,2022-12-05,7,5,53,39,0,0,0,10,0,0,2,55,0,0,0,1
54,2022-12-06,9,2,25,12,0,0,4,7,0,0,2,32,0,0,0,1
54,2022-12-07,1,5,30,23,0,0,3,14,0,0,2,48,0,0,0,2
54,2022-12-08,19,10,83,16,0,0,10,13,0,0,3,58,0,0,0,11
54,2022-12-09,17,25,111,32,0,0,11,11,0,0,2,100,0,0,0,8
54,2022-12-10,18,12,84,79,0,0,16,18,0,0,3,73,0,0,0,13
54,2022-12-11,6,11,33,34,0,0,7,8,0,0,1,57,0,0,0,3
54,2022-12-12,11,3,31,11,0,0,7,3,0,0,1,32,0,0,0,1
54,2022-12-13,5,1,30,34,0,0,9,19,0,0,4,69,0,0,0,4
54,2022-12-14,13,19,124,43,0,0,23,30,0,0,13,73,0,0,0,2
54,2022-12-15,14,12,117,111,0,0,37,39,0,0,6,37,0,0,0,7
54,2022-12-16,4,8,54,47,0,0,18,31,0,0,0,20,0,0,0,6
54,2022-12-17,0,2,15,18,0,0,1,25,0,0,1,52,0,0,0,0
54,2022-12-18,5,7,99,46,0,0,25,28,0,0,16,39,0,0,0,0
54,2022-12-19,11,17,136,58,0,0,36,26,0,0,18,83,0,0,0,0
54,2022-12-20,20,20,153,102,0,0,34,49,0,0,15,51,0,0,0,5
54,2022-12-21,10,14,92,71,0,0,31,39,0,0,6,45,0,0,0,3
54,2022-12-22,8,8,46,52,0,0,9,18,0,0,10,47,0,0,0,2
54,2022-12-23,2,9,68,59,0,0,22,3,0,0,5,38,0,0,0,8
54,2022-12-24,2,3,77,32,0,0,27,24,0,0,4,51,0,0,0,4
54,2022-12-25,10,13,114,62,0,0,34,39,0,0,25,81,0,0,0,6
54,2022-12-26,8,3,96,85,0,0,40,40,0,0,25,43,0,0,0,2
54,2022-12-27,3,5,66,59,0,0,25,17,0,0,16,58,0,0,0,1
54,2022-12-28,0,6,62,43,0,0,15,18,0,0,6,58,0,0,0,0
54,2022-12-29,3,5,60,56,0,0,26,13,0,0,4,53,0,0,0,1
54,2022-12-30,3,6,71,93,0,0,23,16,0,0,7,101,0,0,0,0
54,2022-12-31,5,9,83,135,0,2,19,43,0,0,17,78,0,0,0,0
54,2023-01-01,2,7,65,76,0,0,9,32,0,0,27,52,0,0,0,0
54,2023-01-02,0,4,41,6,0,0,17,2,0,0,32,68,0,0,0,0
54,2023-01-03,0,0,19,25,0,0,6,12,0,0,35,104,0,0,0,1
54,2023-01-04,4,3,85,61,0,0,42,42,0,0,22,127,0,0,0,4
54,2023-01-05,6,16,99,88,0,2,57,72,0,0,39,102,0,0,0,10
54,2023-01-06,0,13,93,59,0,0,53,60,0,0,43,44,0,0,0,4
54,2023-01-07,2,6,71,31,0,0,51,33,0,0,34,115,0,0,0,9
54,2023-01-08,0,6,38,18,0,0,14,8,0,0,17,101,0,0,0,13
54,2023-01-09,0,0,50,20,0,0,48,29,0,0,13,165,0,0,0,4
54,2023-01-10,4,18,101,6,0,0,23,19,0,0,35,236,0,0,0,9
54,2023-01-11,5,14,54,9,0,0,24,18,0,0,19,123,0,0,0,12
54,2023-01-12,6,1,72,21,0,0,19,28,0,0,36,149,0,0,0,2
54,2023-01-13,9,12,98,27,0,1,68,55,0,0,30,154,0,0,0,2
54,2023-01-14,3,25,134,77,0,1,111,138,0,0,39,228,0,0,0,3
54,2023-01-15,12,34,182,184,0,0,131,173,0,0,47,301,0,0,0,10
54,2023-01-16,14,37,215,212,0,0,99,115,0,0,55,186,0,0,0,21
54,2023-01-17,8,11,126,101,0,1,58,52,0,0,32,160,0,0,0,2
54,2023-01-18,0,13,105,117,0,0,24,35,0,0,18,359,0,0,0,2
54,2023-01-19,5,14,142,138,0,4,97,76,0,0,26,270,0,0,0,1
54,2023-01-20,12,31,218,237,0,1,71,89,0,0,49,365,0,0,0,4
54,2023-01-21,20,57,348,335,0,0,75,103,0,0,63,401,0,0,0,5
54,2023-01-22,22,45,260,285,0,2,121,191,0,0,39,251,0,0,0,1
54,2023-01-23,13,38,209,238,0,0,96,149,0,0,46,326,0,0,0,1
54,2023-01-24,17,40,331,139,0,0,118,121,0,0,80,287,0,0,0,1
54,2023-01-25,26,48,264,191,0,2,113,156,0,0,71,372,0,0,0,5
54,2023-01-26,48,94,463,476,0,3,125,183,0,0,45,429,0,0,0,9
54,2023-01-27,42,132,439,359,0,0,87,97,0,0,47,283,0,0,0,8
54,2023-01-28,19,72,256,305,0,0,78,109,0,0,19,196,0,0,0,0
54,2023-01-29,23,31,309,287,0,3,224,205,0,0,75,189,0,0,0,3
54,2023-01-30,34,55,273,210,0,1,178,320,0,0,96,378,0,0,0,5
54,2023-01-31,70,151,536,527,0,0,150,313,0,0,109,515,0,0,0,11
54,2023-02-01,36,85,619,540,0,2,136,373,0,0,61,278,0,0,0,4
54,2023-02-02,22,27,394,290,0,0,106,296,0,0,40,216,0,0,0,7
54,2023-02-03,4,7,72,34,0,0,34,37,0,0,8,67,0,0,0,0
54,2023-02-04,6,6,127,22,0,0,56,25,0,0,48,493,0,0,0,0
54,2023-02-05,7,21,130,30,0,0,51,31,0,0,82,1536,0,0,0,0
54,2023-02-06,45,139,436,145,0,1,172,144,0,0,327,2046,0,0,0,10
54,2023-02-07,94,212,576,88,0,1,278,202,0,0,349,1592,0,0,0,13
54,2023-02-08,45,184,475,92,0,0,273,147,0,0,309,972,0,0,0,6
54,2023-02-09,18,76,448,97,0,0,221,142,0,0,321,866,0,0,0,19
54,2023-02-10,107,178,981,142,0,0,170,204,0,0,406,1063,0,0,0,20
54,2023-02-11,242,549,1780,295,0,3,583,559,0,0,549,1482,0,0,0,21
54,2023-02-12,290,758,1579,379,0,12,665,808,0,0,351,752,0,0,0,7
54,2023-02-13,82,257,913,250,0,9,353,519,0,0,268,685,0,0,0,17
54,2023-02-14,46,151,974,264,0,3,505,221,0,0,323,753,0,0,0,35
54,2023-02-15,9,57,371,55,0,0,146,159,0,0,392,1261,0,0,0,5
54,2023-02-16,27,187,156,91,0,7,190,108,0,0,161,706,0,0,0,3
54,2023-02-17,19,42,78,73,0,2,165,86,0,0,10,13,0,0,0,0
54,2023-02-18,52,87,208,254,0,1,86,139,0,0,13,203,0,0,0,12
54,2023-02-19,53,122,236,251,0,8,145,87,0,0,88,422,0,0,0,7
54,2023-02-20,25,36,292,189,0,4,229,111,0,0,124,466,0,0,0,0
54,2023-02-21,93,152,644,390,0,3,266,172,0,0,108,1167,0,0,0,6
54,2023-02-22,225,337,1221,835,0,4,237,156,0,0,153,1142,0,0,0,5
54,2023-02-23,115,243,755,651,0,3,289,215,0,0,135,708,0,0,0,5
54,2023-02-24,50,186,640,617,0,4,214,163,0,0,195,1049,0,0,0,0
54,2023-02-25,42,101,882,541,0,0,168,225,0,0,288,706,0,0,0,1
54,2023-02-26,142,285,1162,923,0,0,562,635,0,0,489,675,0,0,0,0
54,2023-02-27,426,670,1978,1172,0,7,592,680,0,0,863,687,0,0,0,1
54,2023-02-28,291,575,1679,928,0,6,679,875,0,0,505,588,0,0,0,3
54,2023-03-01,104,326,1134,545,0,7,516,706,0,0,477,647,0,0,0,6
54,2023-03-02,71,161,915,567,0,7,559,364,0,0,494,1086,0,0,0,4
54,2023-03-03,81,177,905,498,0,1,465,521,0,0,395,1339,0,0,0,5
54,2023-03-04,126,271,1272,775,0,6,333,104,0,0,764,2340,0,0,0,9
54,2023-03-05,108,304,1064,732,0,2,587,422,0,0,397,1419,0,0,0,5
54,2023-03-06,38,94,578,388,0,2,435,436,0,0,212,1246,0,0,0,4
54,2023-03-07,16,69,460,291,0,4,606,386,0,0,344,2035,0,0,0,5
54,2023-03-08,27,79,584,325,0,14,800,773,0,0,429,1714,0,0,0,4
54,2023-03-09,50,146,734,442,0,3,579,403,0,0,395,2138,0,0,0,7
54,2023-03-10,59,199,870,342,0,7,1028,766,0,0,786,2413,0,0,0,13
54,2023-03-11,13,41,283,217,0,1,631,800,0,0,259,1468,0,0,0,9
54,2023-03-12,5,6,139,101,0,0,470,156,0,0,27,94,0,0,0,0
54,2023-03-13,0,0,33,44,0,0,2,20,0,0,52,683,0,0,0,1
54,2023-03-14,1,4,242,186,0,0,198,341,0,0,171,661,0,0,0,4
54,2023-03-15,9,46,447,275,0,4,473,936,0,0,270,716,0,0,0,9
54,2023-03-16,7,25,371,229,0,2,498,547,0,0,123,310,0,0,0,2
54,2023-03-17,6,15,254,177,0,2,626,400,0,0,89,682,0,0,0,4
54,2023-03-18,7,3,312,189,0,0,676,323,0,0,218,468,0,0,0,6
54,2023-03-19,20,13,265,124,0,1,412,212,0,0,130,377,0,0,0,5
54,2023-03-20,108,121,695,322,0,6,507,638,0,0,417,503,0,0,0,1
54,2023-03-21,172,199,672,361,0,8,1040,715,0,0,473,1302,0,0,0,2
54,2023-03-22,204,234,1002,375,0,16,2167,1823,0,0,803,1146,0,0,0,0
54,2023-03-23,175,253,1425,354,0,19,2950,2278,0,0,1437,2876,0,0,0,10
54,2023-03-24,256,453,1702,339,0,40,4547,3885,0,0,1267,2193,0,0,0,11
54,2023-03-25,575,764,2375,533,0,55,4269,2627,0,0,2267,4409,0,0,0,7
54,2023-03-26,768,1256,3193,739,0,90,5945,2696,0,0,2052,4016,0,0,0,21
54,2023-03-27,435,804,2689,320,0,75,2176,451,0,0,1183,1814,0,0,0,10
54,2023-03-28,114,272,2396,181,0,5,1626,684,0,0,1264,1932,0,0,0,3
54,2023-03-29,115,226,1720,150,0,1,1270,535,0,0,917,1331,0,0,0,1
54,2023-03-30,175,220,1982,276,0,1,1108,292,0,0,1483,3021,0,0,0,7
54,2023-03-31,234,501,2393,349,0,21,1835,756,0,0,1634,2607,0,0,0,9
54,2023-04-01,168,286,1716,200,0,19,1258,789,0,0,946,1702,0,0,0,10
54,2023-04-02,111,250,889,146,0,11,2030,1197,0,0,379,720,0,0,0,3
54,2023-04-03,175,324,1309,205,0,6,2909,2012,0,0,695,1329,0,0,0,6
54,2023-04-04,232,387,1835,252,0,14,3195,4529,0,0,789,1939,0,0,0,13
54,2023-04-05,250,762,2793,427,0,54,3655,5123,0,0,1545,3755,0,0,0,19
54,2023-04-06,254,518,2337,356,0,29,2683,5841,0,0,1032,2377,0,0,0,31
54,2023-04-07,117,221,821,73,0,31,1110,614,0,0,488,1381,0,0,0,23
54,2023-04-08,6,34,315,84,0,0,700,582,0,0,470,1422,0,0,0,3
54,2023-04-09,50,77,617,116,0,0,836,1084,0,0,404,1401,0,0,0,20
54,2023-04-10,87,133,1292,217,0,1,1180,2006,0,0,754,1853,0,0,0,43
54,2023-04-11,124,207,1471,223,0,3,1827,4074,0,0,827,1623,0,0,0,92
54,2023-04-12,63,125,962,190,0,5,1164,1374,0,0,500,1110,0,0,0,54
54,2023-04-13,27,63,602,78,0,1,641,1329,0,0,280,809,0,0,0,32
54,2023-04-14,50,125,678,99,0,2,757,1580,0,0,278,806,0,0,0,53
54,2023-04-15,94,110,725,138,0,2,723,590,0,0,375,1044,0,0,0,35
54,2023-04-16,84,119,907,58,0,0,604,543,0,0,263,779,0,0,0,25
54,2023-04-17,69,140,750,189,0,2,586,1102,0,0,189,414,0,0,0,21
54,2023-04-18,55,61,541,210,0,3,867,2090,0,0,164,571,0,0,0,21
54,2023-04-19,45,48,422,196,0,0,1183,3454,0,0,155,745,0,0,0,50
54,2023-04-20,23,53,363,199,0,2,671,2587,0,0,130,605,0,0,0,32
54,2023-04-21,61,124,503,297,0,4,878,2114,0,0,190,547,0,0,0,34
54,2023-04-22,74,80,291,267,0,2,1259,3326,0,0,181,401,0,0,0,18
54,2023-04-23,30,45,223,168,0,0,661,1119,0,0,72,294,0,0,0,28
54,2023-04-24,12,26,159,85,0,0,399,379,0,0,50,335,0,0,0,14
54,2023-04-25,19,42,272,106,0,1,438,585,0,0,127,461,0,0,0,16
54,2023-04-26,11,24,153,57,0,0,137,113,0,0,100,487,0,0,0,7
54,2023-04-27,27,44,150,143,0,0,408,205,0,0,50,367,0,0,0,4
54,2023-04-28,47,66,300,99,0,0,492,201,0,0,42,364,0,0,0,7
54,2023-04-29,21,38,250,73,0,0,154,202,0,0,39,234,0,0,0,5
54,2023-04-30,2,14,84,15,0,0,9,1,0,0,35,270,0,0,0,0
54,2023-05-01,74,128,309,119,0,0,44,34,0,0,46,324,0,0,0,0
54,2023-05-02,108,136,275,166,0,0,84,105,0,0,16,71,0,0,0,10
54,2023-05-03,29,31,130,80,0,0,84,193,0,0,9,66,0,0,0,2
54,2023-05-04,62,64,191,184,0,0,194,668,0,0,7,81,0,0,0,7
54,2023-05-05,41,61,272,117,0,0,353,1010,0,0,30,176,0,0,0,13
54,2023-05-06,79,112,558,149,0,0,871,1247,0,0,59,293,0,0,0,14
54,2023-05-07,123,215,728,268,0,3,842,523,0,0,42,189,0,0,0,21
54,2023-05-08,3,0,11,4,0,0,5,6,0,0,6,115,0,0,0,4
54,2023-05-09,5,1,50,10,0,0,24,11,0,0,10,19,0,0,0,3
54,2023-05-10,0,1,4,5,0,0,12,23,0,0,1,30,0,0,0,2
54,2023-05-11,1,10,40,5,0,0,26,11,0,0,2,22,0,0,0,3
54,2023-05-12,2,5,16,33,0,0,3,0,0,0,5,7,0,0,0,4
54,2023-05-13,0,0,7,11,0,0,0,0,0,0,2,5,0,0,0,0
54,2023-05-14,0,1,7,38,0,0,0,0,0,0,0,0,0,0,0,0
54,2023-05-15,0,1,3,9,0,0,0,1,0,0,0,1,0,0,0,0
54,2023-05-16,0,8,20,34,0,0,0,8,0,0,0,2,0,0,0,0
54,2023-05-17,9,11,95,67,0,0,30,82,0,0,4,19,0,0,0,3
54,2023-05-18,13,17,125,98,0,0,190,317,0,0,2,22,0,0,0,16
54,2023-05-19,7,16,98,72,0,0,124,314,0,0,3,28,0,0,0,7
54,2023-05-20,18,12,101,74,0,0,141,215,0,0,3,19,0,0,0,14
54,2023-05-21,1,12,60,31,0,0,103,119,0,0,0,14,0,0,0,20
54,2023-05-22,13,13,102,48,0,0,101,98,0,0,8,34,0,0,0,18
54,2023-05-23,14,22,117,48,0,0,46,121,0,0,2,20,0,0,0,12
54,2023-05-24,2,0,12,18,0,0,22,41,0,0,2,16,0,0,0,4
54,2023-05-25,6,4,21,12,0,0,6,2,0,0,1,1,0,0,0,8
54,2023-05-26,5,2,15,10,0,0,2,7,0,0,0,6,0,0,0,3
54,2023-05-27,0,2,24,3,0,0,2,3,0,0,3,15,0,0,0,5
54,2023-05-28,2,19,40,16,0,0,1,18,0,0,1,23,0,0,0,9
54,2023-05-29,0,0,0,0,0,0,4,66,0,0,0,6,0,0,0,6
54,2023-05-30,12,5,22,7,0,0,20,29,0,0,4,5,0,0,0,11
54,2023-05-31,4,4,12,9,0,0,16,57,0,0,0,3,0,0,0,4
54,2023-06-01,10,12,28,9,0,0,19,28,0,0,1,4,0,0,0,17
54,2023-06-02,16,17,49,39,0,0,14,27,0,0,0,2,0,0,0,18
54,2023-06-03,18,12,45,49,0,0,11,12,0,0,2,1,0,0,0,18
54,2023-06-04,6,7,26,13,0,0,1,4,0,0,0,3,0,0,0,5
54,2023-06-05,2,3,10,3,0,0,2,0,0,0,1,0,0,0,0,7
54,2023-06-06,0,0,0,1,0,0,0,1,0,0,1,1,0,0,0,0
54,2023-06-07,0,0,5,0,0,0,0,3,0,0,0,2,0,0,0,2
54,2023-06-08,0,0,3,3,0,0,0,2,0,0,0,1,0,0,0,0
54,2023-06-09,0,1,0,0,0,0,0,0,0,0,0,0,0,0,0,0
54,2023-06-10,0,0,2,1,0,0,1,0,0,0,0,0,0,0,0,0
54,2023-06-11,0,0,1,2,0,0,0,0,0,0,0,0,0,0,0,0
54,2023-06-12,1,0,0,2,0,0,0,0,0,0,0,0,0,0,0,0
54,2023-06-13,1,0,4,1,0,0,0,0,0,0,0,0,0,0,0,0
54,2023-06-14,0,0,3,0,0,0,0,0,0,0,0,0,0,0,0,0
54,2023-06-15,0,1,1,3,0,0,0,0,0,0,0,0,0,0,0,0
54,2023-06-16,0,0,1,4,0,0,0,0,0,0,0,0,0,0,0,0
54,2023-06-17,2,1,5,0,0,0,5,0,0,0,0,0,0,0,0,3
54,2023-06-18,1,1,8,0,0,0,2,0,0,0,1,1,0,0,0,0
54,2023-06-19,0,4,5,1,0,0,0,0,0,0,0,2,0,0,0,13
54,2023-06-20,0,0,5,1,0,0,0,0,0,0,0,0,0,0,0,1
54,2023-06-21,0,0,2,11,0,0,5,1,0,0,0,0,0,0,0,0
54,2023-06-22,0,0,4,22,0,0,0,0,0,0,0,1,0,0,0,0
54,2023-06-23,0,2,9,17,0,0,7,3,0,0,0,0,0,0,0,0
54,2023-06-24,0,0,13,3,0,0,6,0,0,0,0,0,0,0,0,0
54,2023-06-25,0,0,0,1,0,0,0,0,0,0,0,0,0,0,0,3
54,2023-06-26,0,0,0,1,0,0,0,1,0,0,0,1,0,0,0,8
54,2023-06-27,0,1,1,8,0,0,0,3,0,0,0,4,0,0,0,4
54,2023-06-28,0,0,1,5,0,0,0,0,0,0,3,2,0,0,0,2
54,2023-06-29,3,3,26,11,0,0,0,2,0,0,0,3,0,0,0,11
54,2023-06-30,0,1,1,9,0,0,1,4,0,0,0,0,0,0,0,7
54,2023-07-01,1,2,13,1,0,0,0,0,0,0,0,0,0,0,0,3
54,2023-07-02,0,0,0,2,0,0,0,6,0,0,0,0,0,0,0,0
54,2023-07-03,0,0,0,0,0,0,0,0,0,0,0,0,0,0,0,0
54,2023-07-04,0,0,0,0,0,0,0,0,0,0,0,0,0,0,0,0
54,2023-07-05,0,0,2,8,0,0,0,0,0,0,0,0,0,0,0,0
54,2023-07-06,1,3,12,27,0,0,0,2,0,0,0,0,0,0,0,0
54,2023-07-07,1,3,13,13,0,0,0,1,0,0,1,0,0,0,0,0
54,2023-07-08,0,1,10,6,0,0,1,1,0,0,0,1,0,0,0,0
54,2023-07-09,0,0,0,2,0,0,1,0,0,0,0,0,0,0,0,0
54,2023-07-10,0,6,22,6,0,0,0,0,0,0,0,0,0,0,0,0
54,2023-07-11,0,0,2,7,0,0,1,0,0,0,0,0,0,0,0,0
54,2023-07-12,0,2,1,10,0,0,0,1,0,0,0,1,0,0,0,0
54,2023-07-13,0,0,5,7,0,0,1,1,0,0,0,0,0,0,0,0
54,2023-07-14,3,1,2,3,0,0,0,0,0,0,0,0,0,0,0,0
54,2023-07-15,0,0,7,12,0,0,1,0,0,0,0,0,0,0,0,0
54,2023-07-16,0,0,0,1,0,0,0,0,0,0,0,0,0,0,0,1
54,2023-07-17,0,1,10,2,0,0,1,0,0,0,0,0,0,0,0,16
54,2023-07-18,0,0,0,0,0,0,0,0,0,0,0,0,0,0,0,10
54,2023-07-19,0,1,0,0,0,0,0,0,0,0,0,1,0,0,0,0
54,2023-07-20,0,0,1,3,0,0,0,0,0,0,0,2,0,0,0,0
54,2023-07-21,0,2,6,1,0,0,0,0,0,0,0,0,0,0,0,2
54,2023-07-22,0,1,13,0,0,0,0,1,0,0,0,1,0,0,0,1
54,2023-07-23,0,0,1,2,0,0,0,1,0,0,0,0,0,0,0,0
54,2023-07-24,0,0,2,0,0,0,0,1,0,0,0,0,0,0,0,0
54,2023-07-25,3,6,14,10,0,0,3,2,0,0,0,2,0,0,0,3
54,2023-07-26,0,0,0,0,0,0,0,0,0,0,0,0,0,0,0,0
54,2023-07-27,0,0,0,0,0,0,0,0,0,0,0,0,0,0,0,0
54,2023-07-28,1,0,3,2,0,0,0,0,0,0,0,0,0,0,0,0
54,2023-07-29,0,0,0,0,0,0,0,0,0,0,0,0,0,0,0,1
54,2023-07-30,0,0,1,0,0,0,0,0,0,0,0,1,0,0,0,0
54,2023-07-31,0,0,1,1,0,0,0,0,0,0,0,0,0,0,0,0
54,2023-08-01,0,0,2,0,0,0,0,0,0,0,0,0,0,0,0,0
54,2023-08-02,0,0,0,0,0,0,0,0,0,0,0,0,0,0,0,0
54,2023-08-03,0,0,0,0,0,0,0,0,0,0,0,0,0,0,0,0
54,2023-08-04,0,0,0,0,0,0,0,0,0,0,0,0,0,0,0,0
54,2023-08-05,0,0,0,1,0,0,0,0,0,0,0,0,0,0,0,0
54,2023-08-06,0,0,0,2,0,0,0,0,0,0,0,0,0,0,0,0
54,2023-08-07,0,0,0,0,0,0,0,0,0,0,0,0,0,0,0,0
54,2023-08-08,0,0,0,3,0,0,0,0,0,0,0,0,0,0,0,0
54,2023-08-09,0,0,0,3,0,0,0,0,0,0,0,0,0,0,0,0
54,2023-08-10,0,2,14,13,0,0,0,0,0,0,0,0,0,0,0,0
54,2023-08-11,1,21,63,32,0,0,0,0,0,0,0,0,0,0,0,0
54,2023-08-12,0,0,0,3,0,0,0,0,0,0,0,0,0,0,0,0
54,2023-08-13,0,5,5,11,0,0,0,0,0,0,0,0,0,0,0,1
54,2023-08-14,0,0,7,4,0,0,0,0,0,0,0,0,0,0,0,0
54,2023-08-15,0,0,7,6,0,0,0,0,0,0,0,0,0,0,0,0
54,2023-08-16,2,6,24,4,0,0,0,0,0,0,0,0,0,0,0,0
54,2023-08-17,0,0,2,15,0,0,0,1,0,0,0,0,0,0,0,3
54,2023-08-18,4,3,52,45,0,0,0,1,0,0,0,0,0,0,0,0
54,2023-08-19,0,5,17,29,0,0,0,0,0,0,0,0,0,0,0,0
54,2023-08-20,0,0,2,6,0,0,0,0,0,0,0,0,0,0,0,1
54,2023-08-21,2,1,31,19,0,0,0,0,0,0,0,0,0,0,0,0
54,2023-08-22,0,0,12,4,0,0,0,0,0,0,0,0,0,0,0,0
54,2023-08-23,0,3,13,15,0,0,0,0,0,0,0,0,0,0,0,0
54,2023-08-24,0,0,1,5,0,0,0,0,0,0,0,0,0,0,0,0
54,2023-08-25,0,1,4,0,0,0,0,0,0,0,0,0,0,0,0,0
54,2023-08-26,0,0,1,1,0,0,0,0,0,0,0,0,0,0,0,0
54,2023-08-27,0,1,10,5,0,0,0,0,0,0,0,0,0,0,0,0
54,2023-08-28,1,0,6,7,0,0,0,0,0,0,0,0,0,0,0,0
54,2023-08-29,1,4,7,0,0,0,0,0,0,0,0,0,0,0,0,0
54,2023-08-30,0,4,3,7,0,0,0,0,0,0,0,3,0,0,0,0
54,2023-08-31,0,0,10,28,0,0,0,0,0,0,0,1,0,0,0,0
54,2023-09-01,2,15,14,6,0,0,0,1,0,0,2,0,0,0,0,1
54,2023-09-02,0,0,13,7,0,0,1,0,0,0,0,1,0,0,0,0
54,2023-09-03,4,3,27,51,0,0,0,0,0,0,0,1,0,0,0,5
54,2023-09-04,0,2,5,10,0,0,0,0,0,0,0,0,0,0,0,1
54,2023-09-05,0,0,0,3,0,0,0,0,0,0,0,0,0,0,0,1
54,2023-09-06,0,0,0,0,0,0,0,1,0,0,0,3,0,0,0,0
54,2023-09-07,1,0,0,0,0,0,0,0,0,0,0,4,0,0,0,0
54,2023-09-08,0,0,1,2,0,0,0,1,0,0,0,0,0,0,0,2
54,2023-09-09,0,0,7,11,0,0,0,0,0,0,0,1,0,0,0,2
54,2023-09-10,0,0,2,1,0,0,0,1,0,0,0,1,0,0,0,2
54,2023-09-11,0,0,0,1,0,0,0,0,0,0,0,0,0,0,0,2
54,2023-09-12,0,0,3,0,0,0,1,0,0,0,0,2,0,0,0,1
54,2023-09-13,0,0,0,0,0,0,0,0,0,0,0,0,0,0,0,0
54,2023-09-14,0,0,0,0,0,0,0,0,0,0,0,0,0,0,0,1
54,2023-09-15,0,0,0,0,0,0,0,0,0,0,0,0,0,0,0,0
54,2023-09-16,0,0,0,2,0,0,0,0,0,0,0,0,0,0,0,2
54,2023-09-17,0,0,1,9,0,0,0,0,0,0,0,4,0,0,0,0
54,2023-09-18,0,0,0,1,0,0,0,0,0,0,0,0,0,0,0,0
54,2023-09-19,0,0,0,0,0,0,0,0,0,0,2,0,0,0,0,0
54,2023-09-20,0,0,1,1,0,0,0,0,0,0,0,0,0,0,0,1
54,2023-09-21,0,1,14,6,0,0,0,0,0,0,0,1,0,0,0,1
54,2023-09-22,0,0,1,1,0,0,0,0,0,0,0,4,0,0,0,1
54,2023-09-23,2,2,15,2,0,0,3,1,0,0,0,2,0,0,0,3
54,2023-09-24,0,1,16,8,0,0,0,3,0,0,0,4,0,0,0,1
54,2023-09-25,0,0,2,3,0,0,2,3,0,0,0,2,0,0,0,1
54,2023-09-26,0,0,0,0,0,0,0,2,0,0,0,0,0,0,0,4
54,2023-09-27,0,0,0,1,0,0,0,0,0,0,0,0,0,0,0,0
54,2023-09-28,0,0,0,0,0,0,0,0,0,0,0,0,0,0,0,0
54,2023-09-29,0,0,0,0,0,0,0,0,0,0,0,0,0,0,0,0
54,2023-09-30,0,0,0,0,0,0,0,0,0,0,0,2,0,0,0,0
54,2023-10-01,0,0,1,0,0,0,0,0,0,0,0,0,0,0,0,0
54,2023-10-02,0,0,1,1,0,0,0,0,0,0,0,0,0,0,0,0
54,2023-10-03,0,1,5,4,0,0,0,0,0,0,0,3,0,0,0,0
54,2023-10-04,3,0,13,1,0,0,1,1,0,0,0,3,0,0,0,1
54,2023-10-05,0,2,0,4,0,0,1,2,0,0,0,4,0,0,0,2
54,2023-10-06,0,0,1,2,0,0,0,2,0,0,0,0,0,0,0,0
54,2023-10-07,0,0,2,1,0,0,0,0,0,0,0,0,0,0,0,0
54,2023-10-08,0,0,3,0,0,0,0,0,0,0,0,0,0,0,0,0
54,2023-10-09,0,0,0,0,0,0,0,0,0,0,0,0,0,0,0,0
54,2023-10-10,0,0,0,0,0,0,0,0,0,0,0,0,0,0,0,0
54,2023-10-11,0,0,0,4,0,0,0,0,0,0,0,1,0,0,0,0
54,2023-10-12,0,0,0,3,0,0,0,0,0,0,0,0,0,0,0,0
54,2023-10-13,0,0,1,7,0,0,1,1,0,0,0,0,0,0,0,0
54,2023-10-14,0,0,6,11,0,0,0,0,0,0,0,2,0,0,0,0
54,2023-10-15,0,0,1,14,0,0,0,0,0,0,0,1,0,0,0,3
54,2023-10-16,0,0,1,7,0,0,0,0,0,0,0,2,0,0,0,0
54,2023-10-17,0,1,2,2,0,0,0,2,0,0,0,0,0,0,0,0
54,2023-10-18,1,0,7,8,0,0,0,7,0,0,0,2,0,0,0,0
54,2023-10-19,0,1,9,8,0,0,0,6,0,0,4,10,0,0,0,5
54,2023-10-20,4,3,28,27,0,0,2,6,0,0,1,6,0,0,0,1
54,2023-10-21,0,0,9,3,0,0,0,3,0,0,0,5,0,0,0,0
54,2023-10-22,0,0,1,4,0,0,0,6,0,0,0,1,0,0,0,0
54,2023-10-23,1,0,5,6,0,0,0,0,0,0,0,1,0,0,0,1
54,2023-10-24,1,3,16,11,0,0,0,4,0,0,1,5,0,0,0,0
54,2023-10-25,4,1,8,5,0,0,3,2,0,0,0,5,0,0,0,0
54,2023-10-26,1,1,5,3,0,0,3,3,0,0,0,1,0,0,0,1
54,2023-10-27,0,0,2,2,0,0,0,0,0,0,0,1,0,0,0,0
54,2023-10-28,0,0,2,2,0,0,0,0,0,0,0,1,0,0,0,0
54,2023-10-29,0,0,0,0,0,0,0,1,0,0,0,2,0,0,0,0
54,2023-10-30,0,0,2,4,0,0,2,0,0,0,0,1,0,0,0,0
54,2023-10-31,0,0,0,4,0,0,0,0,0,0,0,1,0,0,0,1
54,2023-11-01,0,0,0,2,0,0,1,5,0,0,0,7,0,0,0,0
54,2023-11-02,0,0,0,5,0,0,0,0,0,0,0,0,0,0,0,0
54,2023-11-03,3,1,12,18,0,0,0,0,0,0,0,12,0,0,0,0
54,2023-11-04,6,4,22,13,0,0,2,3,0,0,0,29,0,0,0,1
54,2023-11-05,3,11,43,22,0,0,4,5,0,0,0,17,0,0,0,9
54,2023-11-06,1,0,11,18,0,0,5,3,0,0,1,13,0,0,0,1
54,2023-11-07,1,0,4,9,0,0,1,2,0,0,0,3,0,0,0,1
54,2023-11-08,2,0,5,2,0,0,0,0,0,0,0,16,0,0,0,5
54,2023-11-09,4,4,4,2,0,0,0,4,0,0,0,27,0,0,0,3
54,2023-11-10,9,7,21,4,0,0,4,1,0,0,2,34,0,0,0,5
54,2023-11-11,2,6,10,8,0,0,5,5,0,0,0,14,0,0,0,2
54,2023-11-12,2,0,1,3,0,0,0,1,0,0,0,1,0,0,0,1
54,2023-11-13,2,0,2,1,0,0,1,0,0,0,2,1,0,0,0,0
54,2023-11-14,2,0,5,10,0,0,0,0,0,0,0,14,0,0,0,0
54,2023-11-15,12,5,29,21,0,0,0,3,0,0,1,57,0,0,0,0
54,2023-11-16,13,3,24,24,0,0,3,0,0,0,0,28,0,0,0,0
54,2023-11-17,3,0,15,12,0,0,1,5,0,0,1,1,0,0,0,0
54,2023-11-18,10,2,16,13,0,0,1,10,0,0,0,16,0,0,0,0
54,2023-11-19,6,13,45,17,0,0,5,5,0,0,0,80,0,0,0,0
54,2023-11-20,15,11,83,28,0,0,8,1,0,0,3,131,0,0,0,1
54,2023-11-21,35,29,140,59,0,0,13,11,0,0,1,81,0,0,0,2
54,2023-11-22,13,8,83,51,0,0,10,6,0,0,0,58,0,0,0,4
54,2023-11-23,13,4,12,12,0,0,10,2,0,0,1,26,0,0,0,0
54,2023-11-24,4,3,47,25,0,0,3,2,0,0,1,89,0,0,0,3
54,2023-11-25,13,10,93,11,0,0,1,7,0,0,4,183,0,0,0,4
54,2023-11-26,16,19,142,12,0,1,12,4,0,0,1,91,0,0,0,5
54,2023-11-27,12,15,70,43,0,0,15,10,0,0,3,66,0,0,0,10
54,2023-11-28,19,6,36,30,0,0,6,2,0,0,3,40,0,0,0,1
54,2023-11-29,12,5,22,2,0,0,3,6,0,0,3,37,0,0,0,5
54,2023-11-30,7,11,49,16,0,0,0,1,0,0,0,31,0,0,0,2
54,2023-12-01,24,27,109,12,0,0,5,2,0,0,6,184,0,0,0,1
54,2023-12-02,3,7,64,23,0,0,4,2,0,0,4,52,0,0,0,4
54,2023-12-03,0,0,18,19,0,0,1,2,0,0,0,40,0,0,0,0
54,2023-12-04,8,3,16,34,0,0,2,1,0,0,0,36,0,0,0,0
54,2023-12-05,22,3,54,27,0,0,6,7,0,0,1,49,0,0,0,0
54,2023-12-06,26,11,66,47,0,0,2,2,0,0,3,81,0,0,0,0
54,2023-12-07,40,7,81,85,0,0,8,8,0,0,2,47,0,0,0,0
54,2023-12-08,13,6,69,59,0,0,6,9,0,0,5,20,0,0,0,0
54,2023-12-09,5,3,27,54,0,0,9,10,0,0,1,32,0,0,0,1
54,2023-12-10,8,6,44,41,0,0,5,1,0,0,0,17,0,0,0,5
54,2023-12-11,24,10,95,54,0,0,5,11,0,0,2,64,0,0,0,3
54,2023-12-12,13,18,106,82,0,0,9,12,0,0,0,63,0,0,0,2
54,2023-12-13,9,5,57,67,0,0,8,14,0,0,1,30,0,0,0,3
54,2023-12-14,13,4,27,53,0,0,8,7,0,0,1,24,0,0,0,0
54,2023-12-15,7,0,36,32,0,0,17,5,0,0,3,54,0,0,0,2
54,2023-12-16,7,2,74,49,0,0,9,9,0,0,3,109,0,0,0,3
54,2023-12-17,11,8,81,82,0,0,4,14,0,0,2,93,0,0,0,8
54,2023-12-18,19,11,101,127,0,0,24,15,0,0,7,52,0,0,0,5
54,2023-12-19,6,1,45,71,0,0,10,10,0,0,2,32,0,0,0,1
54,2023-12-20,0,1,31,63,0,0,16,5,0,0,1,69,0,0,0,1
54,2023-12-21,6,1,63,94,0,0,3,5,0,0,1,84,0,0,0,2
54,2023-12-22,9,3,81,78,0,0,12,16,0,0,14,102,0,0,0,0
54,2023-12-23,14,14,170,129,0,0,32,15,0,0,13,92,0,0,0,2
54,2023-12-24,3,9,75,29,0,0,12,30,0,0,5,42,0,0,0,0
54,2023-12-25,1,5,14,11,0,0,5,18,0,0,11,48,0,0,0,0
54,2023-12-26,1,3,70,54,0,1,25,41,0,0,5,83,0,0,0,5
54,2023-12-27,8,0,87,53,0,0,7,11,0,0,16,97,0,0,0,7
54,2023-12-28,8,8,137,135,0,0,29,27,0,0,11,100,0,0,0,6
54,2023-12-29,3,11,69,104,0,0,16,27,0,0,3,46,0,0,0,10
54,2023-12-30,3,1,44,58,0,0,4,17,0,0,5,68,0,0,0,4
54,2023-12-31,0,4,29,55,0,0,13,13,0,0,4,78,0,0,0,2
54,2024-01-01,4,0,28,50,0,0,8,18,0,0,9,91,0,0,0,5
54,2024-01-02,3,13,78,99,0,1,17,26,0,0,26,108,0,0,0,8
54,2024-01-03,3,3,146,193,0,0,41,32,0,0,13,80,0,0,0,17
54,2024-01-04,1,2,68,100,0,0,22,21,0,0,4,64,0,0,0,6
54,2024-01-05,2,3,49,67,0,0,9,22,0,0,2,91,0,0,0,10
54,2024-01-06,6,8,67,85,0,0,27,15,0,0,12,81,0,0,0,12
54,2024-01-07,3,6,88,99,0,0,23,27,0,0,9,210,0,0,0,14
54,2024-01-08,5,11,152,172,0,1,30,18,0,0,18,123,0,0,0,22
54,2024-01-09,2,4,92,133,0,0,21,35,0,0,10,123,0,0,0,9
54,2024-01-10,3,4,48,73,0,0,6,5,0,0,11,93,0,0,0,7
54,2024-01-11,2,6,65,66,0,0,10,13,0,0,18,119,0,0,0,6
54,2024-01-12,3,7,55,63,0,0,16,10,0,0,22,126,0,0,0,10
54,2024-01-13,5,8,93,105,0,0,3,12,0,0,9,153,0,0,0,11
54,2024-01-14,0,5,94,165,0,0,31,7,0,0,10,87,0,0,0,14
54,2024-01-15,0,1,103,73,0,0,6,2,0,0,6,86,0,0,0,1
54,2024-01-16,4,11,57,123,0,0,18,14,0,0,11,65,0,0,0,2
54,2024-01-17,7,10,83,68,0,0,33,19,0,0,24,76,0,0,0,0
54,2024-01-18,14,14,130,176,0,1,27,21,0,0,18,159,0,0,0,3
54,2024-01-19,22,38,160,197,0,0,44,44,0,0,31,121,0,0,0,6
54,2024-01-20,17,27,86,176,0,0,33,31,0,0,16,108,0,0,0,1
54,2024-01-21,11,41,107,160,0,0,32,13,0,0,39,186,0,0,0,2
54,2024-01-22,17,16,126,115,0,0,39,29,0,0,37,138,0,0,0,8
54,2024-01-23,29,44,99,105,0,0,27,9,0,0,39,227,0,0,0,4
54,2024-01-24,17,33,123,85,0,0,12,9,0,0,15,230,0,0,0,11
54,2024-01-25,13,15,13,16,0,0,5,6,0,0,9,46,0,0,0,1
54,2024-01-26,0,0,60,106,0,0,0,5,0,0,1,67,0,0,0,1
54,2024-01-27,0,1,66,131,0,0,3,14,0,0,1,78,0,0,0,0
54,2024-01-28,0,0,29,55,0,0,0,0,0,0,7,118,0,0,0,0
54,2024-01-29,0,3,46,71,0,0,5,2,0,0,10,233,0,0,0,10
54,2024-01-30,0,0,13,129,0,0,2,15,0,0,7,149,0,0,0,9
54,2024-01-31,1,0,32,36,0,0,1,8,0,0,3,29,0,0,0,3
54,2024-02-01,6,6,128,50,0,0,21,22,0,0,25,295,0,0,0,4
54,2024-02-02,16,10,135,125,0,0,49,99,0,0,52,292,0,0,0,1
54,2024-02-03,71,54,159,200,0,0,50,92,0,0,67,439,0,0,0,8
54,2024-02-04,94,83,356,463,0,1,87,142,0,0,42,327,0,0,0,7
54,2024-02-05,35,29,475,483,0,0,67,131,0,0,40,314,0,0,0,6
54,2024-02-06,16,21,397,476,0,0,62,118,0,0,68,448,0,0,0,3
54,2024-02-07,10,20,373,495,0,0,112,199,0,0,46,395,0,0,0,5
54,2024-02-08,19,27,385,390,0,0,126,119,0,0,83,461,0,0,0,5
54,2024-02-09,51,72,405,407,0,0,69,39,0,0,52,369,0,0,0,2
54,2024-02-10,3,7,268,421,0,0,9,18,0,0,42,292,0,0,0,0
54,2024-02-11,2,8,229,398,0,0,5,66,0,0,48,337,0,0,0,0
54,2024-02-12,11,17,179,271,0,0,93,83,0,0,22,213,0,0,0,0
54,2024-02-13,20,55,338,479,0,2,99,118,0,0,53,461,0,0,0,0
54,2024-02-14,90,127,698,698,0,1,82,175,0,0,144,735,0,0,0,7
54,2024-02-15,85,123,889,745,0,3,114,182,0,0,78,419,0,0,0,8
54,2024-02-16,26,39,369,317,0,1,61,97,0,0,77,419,0,0,0,2
54,2024-02-17,5,23,147,138,0,4,96,156,0,0,120,1150,0,0,0,5
54,2024-02-18,22,60,261,77,0,3,234,230,0,0,247,1143,0,0,0,6
54,2024-02-19,27,97,495,221,0,0,122,227,0,0,383,1497,0,0,0,16
54,2024-02-20,80,208,855,529,0,0,163,270,0,0,363,806,0,0,0,18
54,2024-02-21,41,116,493,437,0,2,107,191,0,0,136,409,0,0,0,13
54,2024-02-22,33,55,289,225,0,1,97,201,0,0,174,475,0,0,0,13
54,2024-02-23,24,62,346,191,0,0,130,143,0,0,268,463,0,0,0,16
54,2024-02-24,54,126,477,281,0,1,155,74,0,0,294,734,0,0,0,14
54,2024-02-25,77,184,776,423,0,2,134,92,0,0,444,977,0,0,0,13
54,2024-02-26,32,43,457,392,0,0,127,131,0,0,193,712,0,0,0,18
54,2024-02-27,5,26,281,267,0,0,68,94,0,0,241,1013,0,0,0,28
54,2024-02-28,7,26,248,164,0,0,114,133,0,0,307,1104,0,0,0,25
54,2024-02-29,62,116,456,172,0,2,120,192,0,0,431,1227,0,0,0,13
54,2024-03-01,201,309,946,218,0,2,106,115,0,0,701,2072,0,0,0,9
54,2024-03-02,37,104,638,233,0,2,101,97,0,0,464,1235,0,0,0,5
54,2024-03-03,9,56,313,229,0,3,120,122,0,0,339,1492,0,0,0,1
54,2024-03-04,67,212,625,122,0,1,275,398,0,0,583,1390,0,0,0,3
54,2024-03-05,129,286,955,462,0,0,361,947,0,0,629,1532,0,0,0,6
54,2024-03-06,225,517,1347,639,0,2,362,976,0,0,866,2015,0,0,0,7
54,2024-03-07,219,465,1247,642,0,6,297,489,0,0,610,1531,0,0,0,4
54,2024-03-08,48,129,493,140,0,2,228,97,0,0,233,913,0,0,0,4
54,2024-03-09,41,55,477,68,0,1,71,21,0,0,306,1683,0,0,0,6
54,2024-03-10,79,164,789,156,0,4,145,75,0,0,554,1608,0,0,0,5
54,2024-03-11,91,253,1307,221,0,1,143,33,0,0,761,2448,0,0,0,2
54,2024-03-12,61,199,2031,350,0,0,128,128,0,0,1289,3745,0,0,0,14
54,2024-03-13,128,494,1616,200,0,0,250,229,0,0,886,1256,0,0,0,16
54,2024-03-14,67,241,774,283,0,6,226,203,0,0,439,1601,0,0,0,11
54,2024-03-15,45,123,764,305,0,2,536,459,0,0,524,1117,0,0,0,12
54,2024-03-16,39,199,966,162,0,5,526,536,0,0,516,1153,0,0,0,6
54,2024-03-17,64,194,1161,419,0,1,362,304,0,0,492,1268,0,0,0,8
54,2024-03-18,22,105,801,322,0,4,344,415,0,0,572,1090,0,0,0,10
54,2024-03-19,6,4,99,55,0,1,62,66,0,0,269,1500,0,0,0,5
54,2024-03-20,0,0,73,15,0,0,1,0,0,0,71,1302,0,0,0,0
54,2024-03-21,0,2,64,108,0,0,25,12,0,0,141,258,0,0,0,1
54,2024-03-22,1,5,209,230,0,2,36,28,0,0,57,386,0,0,0,1
54,2024-03-23,28,46,517,186,0,0,85,89,0,0,253,502,0,0,0,5
54,2024-03-24,73,74,541,198,0,8,271,181,0,0,252,623,0,0,0,7
54,2024-03-25,96,58,599,141,0,4,537,486,0,0,462,1148,0,0,0,2
54,2024-03-26,21,10,308,65,0,0,429,285,0,0,368,719,0,0,0,2
54,2024-03-27,30,24,914,115,0,0,606,384,0,0,1064,2867,0,0,0,3
54,2024-03-28,123,162,1246,94,0,2,932,847,0,0,678,1782,0,0,0,1
54,2024-03-29,55,118,1068,119,0,0,554,259,0,0,582,1340,0,0,0,1
54,2024-03-30,67,125,772,196,0,1,508,390,0,0,790,1980,0,0,0,4
54,2024-03-31,93,136,956,309,0,1,1543,1061,0,0,709,2224,0,0,0,5
54,2024-04-01,91,228,1188,459,0,11,1255,1584,0,0,906,2211,0,0,0,7
54,2024-04-02,185,454,2191,554,0,9,2213,2413,0,0,1016,2760,0,0,0,6
54,2024-04-03,130,289,1394,403,0,4,933,2322,0,0,511,1848,0,0,0,12
54,2024-04-04,29,70,677,266,0,0,1653,2067,0,0,449,1579,0,0,0,14
54,2024-04-05,18,22,579,240,0,1,1905,1760,0,0,555,2280,0,0,0,6
54,2024-04-06,27,29,608,217,0,0,1466,1960,0,0,465,2085,0,0,0,36
54,2024-04-07,61,97,1048,366,0,3,1817,1912,0,0,516,1591,0,0,0,10
54,2024-04-08,65,117,811,303,0,0,1058,1524,0,0,353,1035,0,0,0,12
54,2024-04-09,40,39,363,156,0,1,947,76,0,0,311,1212,0,0,0,11
54,2024-04-10,14,13,43,22,0,1,52,62,0,0,328,888,0,0,0,5
54,2024-04-11,32,14,155,78,0,0,249,247,0,0,117,798,0,0,0,6
54,2024-04-12,31,12,242,122,0,1,175,428,0,0,151,741,0,0,0,23
54,2024-04-13,118,101,289,124,0,1,912,1061,0,0,125,458,0,0,0,29
54,2024-04-14,91,59,164,83,0,0,439,698,0,0,70,254,0,0,0,7
54,2024-04-15,31,15,93,86,0,0,782,1441,0,0,96,323,0,0,0,11
54,2024-04-16,26,16,121,74,0,0,675,955,0,0,350,575,0,0,0,12
54,2024-04-17,94,52,411,157,0,0,576,368,0,0,527,526,0,0,0,2
54,2024-04-18,143,126,500,213,0,1,1164,800,0,0,177,249,0,0,0,9
54,2024-04-19,47,47,295,51,0,0,306,290,0,0,247,302,0,0,0,2
54,2024-04-20,42,64,270,201,0,1,760,546,0,0,389,366,0,0,0,1
54,2024-04-21,21,42,285,176,0,3,915,851,0,0,180,384,0,0,0,3
54,2024-04-22,47,62,556,200,0,3,1290,1582,0,0,236,606,0,0,0,11
54,2024-04-23,56,91,547,225,0,2,1103,2530,0,0,151,369,0,0,0,21
54,2024-04-24,15,15,105,136,0,0,271,1392,0,0,59,213,0,0,0,3
54,2024-04-25,41,106,444,230,0,2,411,422,0,0,48,273,0,0,0,11
54,2024-04-26,37,112,422,279,0,6,461,605,0,0,88,224,0,0,0,6
54,2024-04-27,48,136,501,286,0,2,1596,2129,0,0,124,518,0,0,0,29
54,2024-04-28,60,203,785,326,0,2,1393,2973,0,0,206,630,0,0,0,38
54,2024-04-29,133,433,1381,406,0,10,2246,3516,0,0,248,624,0,0,0,63
54,2024-04-30,94,291,1062,261,0,9,1330,1809,0,0,122,431,0,0,0,34
54,2024-05-01,220,131,1324,249,0,7,990,1310,0,0,132,374,0,0,0,9
54,2024-05-02,101,100,702,159,0,1,451,244,0,0,40,210,0,0,0,6
54,2024-05-03,46,59,790,140,0,0,66,148,0,0,90,266,0,0,0,22
54,2024-05-04,50,133,847,167,0,2,155,527,0,0,154,196,0,0,0,101
54,2024-05-05,53,159,595,98,0,9,75,31,0,0,91,139,0,0,0,24
54,2024-05-06,49,92,262,97,0,2,59,40,0,0,43,143,0,0,0,8
54,2024-05-07,22,8,53,10,0,0,49,14,0,0,19,88,0,0,0,2
54,2024-05-08,8,11,137,43,0,0,31,38,0,0,44,149,0,0,0,4
54,2024-05-09,19,38,160,85,0,1,51,113,0,0,51,101,0,0,0,13
54,2024-05-10,1,4,68,53,0,0,12,21,0,0,18,142,0,0,0,3
54,2024-05-11,2,11,26,14,0,0,10,7,0,0,9,70,0,0,0,3
54,2024-05-12,5,5,40,45,0,0,27,30,0,0,9,89,0,0,0,7
54,2024-05-13,17,22,51,2,0,0,101,105,0,0,16,171,0,0,0,25
54,2024-05-14,15,42,124,19,0,0,140,188,0,0,40,139,0,0,0,33
54,2024-05-15,2,1,68,83,0,0,187,189,0,0,6,169,0,0,0,23
54,2024-05-16,16,8,24,5,0,0,13,4,0,0,3,71,0,0,0,24
54,2024-05-17,0,4,6,5,0,0,1,6,0,0,2,25,0,0,0,0
54,2024-05-18,1,0,11,3,0,0,17,6,0,0,0,65,0,0,0,0
54,2024-05-19,17,24,58,24,0,0,17,59,0,0,2,104,0,0,0,11
54,2024-05-20,18,15,77,47,0,0,104,18,0,0,4,34,0,0,0,23
54,2024-05-21,0,0,1,0,0,0,0,3,0,0,1,10,0,0,0,0
54,2024-05-22,3,3,1,2,0,0,1,3,0,0,0,3,0,0,0,0
54,2024-05-23,0,0,2,0,0,0,0,0,0,0,2,7,0,0,0,2
54,2024-05-24,0,0,0,1,0,0,0,0,0,0,0,3,0,0,0,0
54,2024-05-25,0,0,0,9,0,0,0,0,0,0,0,0,0,0,0,0
54,2024-05-26,0,0,0,10,0,0,0,0,0,0,0,0,0,0,0,0
54,2024-05-27,0,0,1,11,0,0,0,0,0,0,0,0,0,0,0,0
54,2024-05-28,0,0,1,1,0,0,0,2,0,0,0,0,0,0,0,0
54,2024-05-29,0,0,1,2,0,0,2,19,0,0,0,1,0,0,0,1
54,2024-05-30,0,0,0,0,0,0,0,0,0,0,0,0,0,0,0,0
54,2024-05-31,0,0,0,0,0,0,0,0,0,0,0,0,0,0,0,0
54,2024-06-01,0,0,0,0,0,0,0,0,0,0,0,0,0,0,0,0
54,2024-06-02,0,0,0,0,0,0,0,0,0,0,0,0,0,0,0,0
54,2024-06-03,0,0,0,0,0,0,0,0,0,0,0,0,0,0,0,0
54,2024-06-04,0,0,4,7,0,0,2,40,0,0,0,3,0,0,0,10
54,2024-06-05,0,0,11,12,0,0,4,6,0,0,0,2,0,0,0,45
54,2024-06-06,0,0,0,0,0,0,0,0,0,0,0,0,0,0,0,0
54,2024-06-07,0,0,3,4,0,0,2,0,0,0,0,0,0,0,0,0
54,2024-06-08,0,0,1,0,0,0,0,0,0,0,0,0,0,0,0,0
54,2024-06-09,0,0,1,0,0,0,0,0,0,0,0,1,0,0,0,0
54,2024-06-10,0,1,1,0,0,0,0,0,0,0,0,0,0,0,0,0
54,2024-06-11,0,0,0,1,0,0,0,0,0,0,0,0,0,0,0,0
54,2024-06-12,0,0,0,1,0,0,0,0,0,0,0,0,0,0,0,0
54,2024-06-13,0,0,0,11,0,0,0,7,0,0,0,0,0,0,0,0
54,2024-06-14,0,0,1,8,0,0,1,16,0,0,0,4,0,0,0,0
54,2024-06-15,0,0,4,29,0,0,1,4,0,0,0,0,0,0,0,0
54,2024-06-16,0,0,2,3,0,0,4,89,0,0,0,0,0,0,0,0
54,2024-06-17,1,0,4,14,0,0,15,3,0,0,0,1,0,0,0,0
54,2024-06-18,0,0,0,2,0,0,1,0,0,0,0,0,0,0,0,0
54,2024-06-19,0,2,7,14,0,0,0,11,0,0,0,0,0,0,0,1
54,2024-06-20,0,1,1,12,0,0,17,1,0,0,0,0,0,0,0,0
54,2024-06-21,0,7,16,4,0,0,21,9,0,0,0,0,0,0,0,4
54,2024-06-22,2,1,4,1,0,0,0,2,0,0,0,0,0,0,0,1
54,2024-06-23,0,0,0,0,0,0,0,8,0,0,0,0,0,0,0,0
54,2024-06-24,0,0,0,0,0,0,0,0,0,0,0,2,0,0,0,2
54,2024-06-25,0,0,0,0,0,0,0,0,0,0,0,0,0,0,0,0
54,2024-06-26,0,0,1,0,0,0,0,0,0,0,0,0,0,0,0,0
54,2024-06-27,0,1,4,1,0,0,0,0,0,0,0,3,0,0,0,0
54,2024-06-28,2,0,1,3,0,0,0,0,0,0,0,0,0,0,0,0
54,2024-06-29,0,0,0,1,0,0,0,0,0,0,0,0,0,0,0,0
54,2024-06-30,0,0,0,0,0,0,0,0,0,0,0,0,0,0,0,0
54,2024-07-01,0,0,3,0,0,0,0,0,0,0,0,0,0,0,0,0
54,2024-07-02,0,0,0,2,0,0,0,0,0,0,0,0,0,0,0,0
54,2024-07-03,0,1,1,0,0,0,0,0,0,0,0,0,0,0,0,0
54,2024-07-04,0,0,0,0,0,0,0,0,0,0,0,0,0,0,0,0
54,2024-07-05,0,0,5,0,0,0,0,0,0,0,0,0,0,0,0,0
54,2024-07-06,0,1,2,11,0,0,0,0,0,0,0,3,0,0,0,0
54,2024-07-07,0,1,5,3,0,0,0,0,0,0,0,0,0,0,0,0
54,2024-07-08,0,0,5,6,0,0,0,0,0,0,0,0,0,0,0,0
54,2024-07-09,0,1,1,0,0,0,0,2,0,0,0,1,0,0,0,0
54,2024-07-10,0,0,0,0,0,0,0,0,0,0,0,0,0,0,0,0
54,2024-07-11,0,0,0,0,0,0,0,0,0,0,0,0,0,0,0,0
54,2024-07-12,0,0,0,0,0,0,0,0,0,0,0,0,0,0,0,0
54,2024-07-13,0,0,0,0,0,0,0,0,0,0,0,0,0,0,0,0
54,2024-07-14,0,0,0,0,0,0,0,0,0,0,0,0,0,0,0,0
54,2024-07-15,0,0,0,0,0,0,0,0,0,0,0,0,0,0,0,0
54,2024-07-16,0,0,0,0,0,0,0,0,0,0,0,0,0,0,0,0
54,2024-07-17,0,1,0,5,0,0,0,1,0,0,0,0,0,0,0,9
54,2024-07-18,0,0,0,0,0,0,0,0,0,0,0,1,0,0,0,0
54,2024-07-19,0,0,0,2,0,0,1,0,0,0,0,0,0,0,0,0
54,2024-07-20,0,0,0,0,0,0,0,0,0,0,0,0,0,0,0,0
54,2024-07-21,0,0,0,0,0,0,0,0,0,0,0,0,0,0,0,0
54,2024-07-22,0,0,0,0,0,0,0,0,0,0,0,0,0,0,0,0
54,2024-07-23,0,0,0,0,0,0,0,0,0,0,0,0,0,0,0,0
54,2024-07-24,0,0,0,0,0,0,0,0,0,0,0,0,0,0,0,0
54,2024-07-25,0,0,0,0,0,0,0,0,0,0,0,0,0,0,0,0
54,2024-07-26,0,0,0,0,0,0,0,0,0,0,0,0,0,0,0,0
54,2024-07-27,0,0,0,0,0,0,0,0,0,0,0,0,0,0,0,0
54,2024-07-28,0,0,0,0,0,0,0,0,0,0,0,0,0,0,0,0
54,2024-07-29,0,0,0,0,0,0,0,0,0,0,0,0,0,0,0,0
54,2024-07-30,0,0,1,0,0,0,0,0,0,0,0,0,0,0,0,0
54,2024-07-31,0,0,0,0,0,0,0,0,0,0,0,0,0,0,0,0
54,2024-08-01,0,0,0,0,0,0,0,0,0,0,0,0,0,0,0,0
54,2024-08-02,0,0,0,0,0,0,0,0,0,0,0,0,0,0,0,0
54,2024-08-03,0,0,0,0,0,0,0,0,0,0,0,0,0,0,0,0
54,2024-08-04,0,0,0,1,0,0,0,0,0,0,0,0,0,0,0,0
54,2024-08-05,0,0,1,5,0,0,0,1,0,0,0,0,0,0,0,0
54,2024-08-06,0,0,15,8,0,0,0,0,0,0,0,0,0,0,0,0
54,2024-08-07,2,4,23,6,0,0,0,0,0,0,0,0,0,0,0,0
54,2024-08-08,1,1,1,18,0,0,2,1,0,0,0,0,0,0,0,0
54,2024-08-09,0,4,18,9,0,0,0,0,0,0,0,5,0,0,0,2
54,2024-08-10,1,5,14,9,0,0,0,0,0,0,0,0,0,0,0,1
54,2024-08-11,0,0,0,0,0,0,0,0,0,0,0,0,0,0,0,0
54,2024-08-12,0,0,0,0,0,0,0,0,0,0,0,0,0,0,0,0
54,2024-08-13,0,0,21,43,0,0,0,0,0,0,0,0,0,0,0,0
54,2024-08-14,0,2,5,3,0,0,0,0,0,0,0,0,0,0,0,0
54,2024-08-15,0,1,1,13,0,0,1,0,0,0,0,0,0,0,0,1
54,2024-08-16,0,0,5,0,0,0,0,0,0,0,0,0,0,0,0,0
54,2024-08-17,0,0,0,2,0,0,0,0,0,0,0,0,0,0,0,0
54,2024-08-18,2,0,21,7,0,0,0,0,0,0,0,0,0,0,0,0
54,2024-08-19,0,1,1,0,0,0,0,0,0,0,0,0,0,0,0,0
54,2024-08-20,0,0,0,0,0,0,0,0,0,0,0,0,0,0,0,0
54,2024-08-21,0,0,0,2,0,0,0,0,0,0,0,0,0,0,0,0
54,2024-08-22,0,0,2,13,0,0,0,0,0,0,0,0,0,0,0,0
54,2024-08-23,0,0,6,5,0,0,0,0,0,0,0,1,0,0,0,0
54,2024-08-24,0,0,7,7,0,0,0,0,0,0,0,0,0,0,0,1
54,2024-08-25,2,0,1,2,0,0,0,0,0,0,0,0,0,0,0,0
54,2024-08-26,0,0,0,1,0,0,0,0,0,0,0,0,0,0,0,0
54,2024-08-27,0,0,7,2,0,0,0,0,0,0,0,0,0,0,0,0
54,2024-08-28,0,0,1,0,0,0,0,0,0,0,0,2,0,0,0,1
54,2024-08-29,0,0,5,6,0,0,0,2,0,0,0,0,0,0,0,0
54,2024-08-30,0,0,0,8,0,0,0,0,0,0,0,2,0,0,0,1
54,2024-08-31,0,0,0,11,0,0,1,0,0,0,0,0,0,0,0,0
54,2024-09-01,0,0,3,16,0,0,0,0,0,0,0,0,0,0,0,0
54,2024-09-02,0,0,0,0,0,0,0,0,0,0,0,0,0,0,0,0
54,2024-09-03,0,0,3,0,0,0,0,0,0,0,0,2,0,0,0,0
54,2024-09-04,0,1,0,0,0,0,0,0,0,0,0,0,0,0,0,0
54,2024-09-05,1,3,2,10,0,0,0,0,0,0,0,0,0,0,0,1
54,2024-09-06,0,0,1,0,0,0,0,0,0,0,0,1,0,0,0,1
54,2024-09-07,0,0,2,0,0,0,0,0,0,0,0,0,0,0,0,1
54,2024-09-08,0,0,0,2,0,0,0,0,0,0,0,0,0,0,0,0
54,2024-09-09,0,0,0,0,0,0,0,0,0,0,0,0,0,0,0,0
54,2024-09-10,0,0,0,0,0,0,0,0,0,0,0,0,0,0,0,0
54,2024-09-11,0,0,13,6,0,0,0,0,0,0,0,0,0,0,0,0
54,2024-09-12,0,0,0,0,0,0,0,0,0,0,0,0,0,0,0,0
54,2024-09-13,0,2,2,0,0,0,0,0,0,0,0,0,0,0,0,0
54,2024-09-14,2,5,12,4,0,0,0,0,0,0,0,0,0,0,0,0
54,2024-09-15,0,0,0,0,0,0,0,0,0,0,0,0,0,0,0,2
54,2024-09-16,0,5,2,9,0,0,0,0,0,0,0,0,0,0,0,0
54,2024-09-17,0,0,0,1,0,0,0,0,0,0,0,1,0,0,0,0
54,2024-09-18,0,0,0,0,0,0,0,0,0,0,0,2,0,0,0,0
54,2024-09-19,0,0,5,0,0,0,0,1,0,0,0,7,0,0,0,2
54,2024-09-20,0,0,0,0,0,0,0,0,0,0,0,0,0,0,0,2
54,2024-09-21,0,0,0,1,0,0,0,0,0,0,0,1,0,0,0,0
54,2024-09-22,0,0,0,0,0,0,0,0,0,0,0,0,0,0,0,0
54,2024-09-23,0,0,0,0,0,0,0,0,0,0,0,1,0,0,0,0
54,2024-09-24,0,0,0,0,0,0,0,0,0,0,0,1,0,0,0,0
54,2024-09-25,0,0,0,0,0,0,0,1,0,0,0,1,0,0,0,2
54,2024-09-26,0,0,0,0,0,0,0,0,0,0,0,0,0,0,0,0
54,2024-09-27,0,0,0,7,0,0,0,1,0,0,0,0,0,0,0,1
54,2024-09-28,0,0,3,4,0,0,0,0,0,0,0,1,0,0,0,0
54,2024-09-29,0,0,11,13,0,0,0,0,0,0,0,2,0,0,0,0
54,2024-09-30,2,2,18,22,0,0,0,0,0,0,0,0,0,0,0,0
54,2024-10-01,0,0,0,1,0,0,0,0,0,0,0,0,0,0,0,0
54,2024-10-02,0,0,1,0,0,0,0,0,0,0,0,0,0,0,0,0
54,2024-10-03,0,0,0,1,0,0,0,0,0,0,0,0,0,0,0,0
54,2024-10-04,0,0,0,6,0,0,0,0,0,0,0,0,0,0,0,0
54,2024-10-05,1,0,3,6,0,0,0,1,0,0,0,1,0,0,0,0
54,2024-10-06,5,2,17,14,0,0,3,11,0,0,0,1,0,0,0,1
54,2024-10-07,1,1,9,16,0,0,4,3,0,0,0,2,0,0,0,0
54,2024-10-08,0,1,2,2,0,0,2,2,0,0,0,1,0,0,0,0
54,2024-10-09,0,1,5,3,0,0,2,3,0,0,0,1,0,0,0,0
54,2024-10-10,2,0,13,2,0,0,0,1,0,0,0,9,0,0,0,0
54,2024-10-11,7,3,20,12,0,0,2,1,0,0,1,2,0,0,0,0
54,2024-10-12,1,2,16,11,0,0,3,3,0,0,0,3,0,0,0,0
54,2024-10-13,2,0,9,1,0,0,0,2,0,0,0,0,0,0,0,0
54,2024-10-14,0,0,5,12,0,0,0,1,0,0,0,4,0,0,0,0
54,2024-10-15,0,4,16,12,0,0,0,3,0,0,0,1,0,0,0,0
54,2024-10-16,0,4,24,6,0,0,1,0,0,0,0,4,0,0,0,0
54,2024-10-17,0,0,2,14,0,0,1,0,0,0,0,0,0,0,0,1
54,2024-10-18,0,0,2,0,0,0,3,0,0,0,0,2,0,0,0,2
54,2024-10-19,0,0,0,0,0,0,1,2,0,0,0,1,0,0,0,1
54,2024-10-20,0,0,0,0,0,0,1,0,0,0,0,1,0,0,0,0
54,2024-10-21,0,0,0,3,0,0,0,0,0,0,1,2,0,0,0,1
54,2024-10-22,4,0,5,15,0,0,0,3,0,0,0,2,0,0,0,1
54,2024-10-23,1,0,2,7,0,0,0,1,0,0,0,0,0,0,0,0
54,2024-10-24,0,0,2,3,0,0,2,4,0,0,0,1,0,0,0,1
54,2024-10-25,1,0,9,9,0,0,0,1,0,0,0,3,0,0,0,1
54,2024-10-26,5,2,5,3,0,0,0,5,0,0,0,13,0,0,0,1
54,2024-10-27,7,4,37,1,0,0,0,3,0,0,1,15,0,0,0,6
54,2024-10-28,7,1,15,5,0,0,0,1,0,0,0,9,0,0,0,8
54,2024-10-29,4,3,8,11,0,0,2,2,0,0,0,0,0,0,0,1
54,2024-10-30,7,2,4,8,0,0,1,1,0,0,0,6,0,0,0,4
54,2024-10-31,4,1,13,7,0,0,3,4,0,0,2,7,0,0,0,5
54,2024-11-01,12,2,29,13,0,0,3,3,0,0,0,28,0,0,0,2
54,2024-11-02,15,3,38,37,0,0,3,12,0,0,1,18,0,0,0,2
54,2024-11-03,0,0,0,0,0,0,0,0,0,0,0,0,0,0,0,0
54,2024-11-04,0,0,0,0,0,0,0,0,0,0,0,0,0,0,0,0
54,2024-11-05,0,0,0,0,0,0,0,0,0,0,0,0,0,0,0,0
54,2024-11-06,0,0,0,0,0,0,0,0,0,0,0,0,0,0,0,0
54,2024-11-07,0,0,3,12,0,0,1,5,0,0,0,1,0,0,0,0
54,2024-11-08,5,0,3,8,0,0,4,5,0,0,0,0,0,0,0,0
54,2024-11-09,2,1,8,10,0,0,0,6,0,0,0,2,0,0,0,1
54,2024-11-10,13,4,23,18,0,0,6,10,0,0,0,2,0,0,0,1
54,2024-11-11,14,9,50,26,0,0,6,3,0,0,1,4,0,0,0,0
54,2024-11-12,14,12,91,25,0,0,8,1,0,0,2,5,0,0,0,0
54,2024-11-13,12,10,66,35,0,0,8,9,0,0,1,2,0,0,0,2
54,2024-11-14,14,1,27,13,0,0,4,8,0,0,1,2,0,0,0,0
54,2024-11-15,7,4,10,5,0,0,9,4,0,0,0,13,0,0,0,3
54,2024-11-16,15,2,39,20,0,0,9,2,0,0,1,45,0,0,0,2
54,2024-11-17,0,2,24,10,0,0,2,8,0,0,1,67,0,0,0,6
54,2024-11-18,5,5,35,75,0,0,9,10,0,0,0,25,0,0,0,4
54,2024-11-19,13,8,19,25,0,0,6,3,0,0,0,18,0,0,0,1
54,2024-11-20,2,0,13,7,0,0,7,1,0,0,0,26,0,0,0,1
54,2024-11-21,13,4,46,18,0,0,5,11,0,0,5,43,0,0,0,2
54,2024-11-22,9,8,66,10,0,0,4,3,0,0,1,91,0,0,0,0
54,2024-11-23,20,15,87,35,0,0,13,9,0,0,1,63,0,0,0,0
54,2024-11-24,28,13,48,24,0,0,5,16,0,0,1,47,0,0,0,0
54,2024-11-25,1,0,7,10,0,0,0,3,0,0,0,20,0,0,0,0
54,2024-11-26,2,1,16,5,0,0,3,0,0,0,0,12,0,0,0,1
54,2024-11-27,1,6,41,35,0,0,0,1,0,0,0,85,0,0,0,1
54,2024-11-28,48,22,88,40,0,1,8,2,0,0,1,68,0,0,0,0
54,2024-11-29,28,6,45,70,0,0,14,14,0,0,4,8,0,0,0,1
54,2024-11-30,26,17,56,51,0,0,3,11,0,0,3,32,0,0,0,0
54,2024-12-01,7,4,43,42,0,0,2,18,0,0,0,7,0,0,0,1
54,2024-12-02,11,1,73,47,0,0,7,5,0,0,1,66,0,0,0,3
54,2024-12-03,18,17,139,68,0,0,8,7,0,0,6,144,0,0,0,3
54,2024-12-04,11,18,109,105,0,0,10,10,0,0,1,51,0,0,0,6
54,2024-12-05,16,10,74,39,0,0,1,11,0,0,2,31,0,0,0,1
54,2024-12-06,12,2,65,57,0,0,5,8,0,0,1,41,0,0,0,6
54,2024-12-07,12,7,75,29,0,0,5,9,0,0,1,64,0,0,0,8
54,2024-12-08,15,11,108,43,0,0,5,1,0,0,2,134,0,0,0,2
54,2024-12-09,24,24,167,61,0,0,15,12,0,0,6,52,0,0,0,3
54,2024-12-10,23,12,70,98,0,0,11,23,0,0,0,18,0,0,0,2
54,2024-12-11,13,4,27,30,0,0,5,7,0,0,2,23,0,0,0,3
54,2024-12-12,14,6,20,5,0,0,9,11,0,0,4,47,0,0,0,4
54,2024-12-13,0,4,11,2,0,0,1,2,0,0,0,47,0,0,0,3
54,2024-12-14,0,0,10,32,0,0,1,2,0,0,0,19,0,0,0,7
54,2024-12-15,1,3,100,123,0,0,0,14,0,0,1,9,0,0,0,1
54,2024-12-16,0,2,108,96,0,0,3,10,0,0,0,21,0,0,0,2
54,2024-12-17,2,2,47,81,0,0,6,9,0,0,2,25,0,0,0,5
54,2024-12-18,1,6,64,85,0,0,4,6,0,0,2,77,0,0,0,10
54,2024-12-19,15,15,125,149,0,0,12,12,0,0,7,72,0,0,0,4
54,2024-12-20,17,14,140,140,0,0,19,20,0,0,10,35,0,0,0,8
54,2024-12-21,5,2,87,126,0,0,7,10,0,0,3,9,0,0,0,0
54,2024-12-22,1,2,39,55,0,0,2,1,0,0,0,25,0,0,0,0
54,2024-12-23,5,4,84,80,0,1,9,24,0,0,1,39,0,0,0,8
54,2024-12-24,12,20,105,105,0,0,15,10,0,0,6,50,0,0,0,3
54,2024-12-25,9,21,142,163,0,0,25,26,0,0,4,71,0,0,0,13
54,2024-12-26,8,5,96,93,0,0,16,18,0,0,6,40,0,0,0,2
54,2024-12-27,2,2,62,93,0,0,4,5,0,0,5,44,0,0,0,2
54,2024-12-28,1,2,67,97,0,1,8,10,0,0,2,40,0,0,0,6
54,2024-12-29,5,11,114,147,0,0,11,5,0,0,6,80,0,0,0,8
54,2024-12-30,9,15,153,141,0,0,20,17,0,0,12,67,0,0,0,14
54,2024-12-31,3,5,108,143,0,0,7,8,0,0,2,23,0,0,0,14
54,2025-01-01,4,2,70,114,0,0,11,12,0,0,2,30,0,0,0,4
54,2025-01-02,2,4,71,117,0,0,8,19,0,0,0,44,0,0,0,9
54,2025-01-03,3,3,97,104,0,0,33,21,0,0,7,74,0,0,0,2
54,2025-01-04,5,6,166,199,0,0,20,48,0,0,10,60,0,0,0,1
54,2025-01-05,13,10,240,264,0,1,34,38,0,0,30,45,0,0,0,2
54,2025-01-06,5,5,145,201,0,0,18,36,0,0,7,37,0,0,0,1
54,2025-01-07,2,3,110,115,0,0,8,16,0,0,5,56,0,0,0,2
54,2025-01-08,12,24,77,152,0,0,30,16,0,0,6,63,0,0,0,2
54,2025-01-09,5,6,132,180,0,0,16,25,0,0,6,112,0,0,0,12
54,2025-01-10,13,24,234,220,0,0,42,29,0,0,23,136,0,0,0,7
54,2025-01-11,14,16,256,263,0,0,28,23,0,0,17,57,0,0,0,1
54,2025-01-12,2,4,175,150,0,0,10,46,0,0,6,47,0,0,0,2
54,2025-01-13,6,8,130,159,0,0,19,46,0,0,16,68,0,0,0,3
54,2025-01-14,15,17,124,159,0,2,32,56,0,0,20,100,0,0,0,9
54,2025-01-15,32,39,255,196,0,0,22,52,0,0,30,145,0,0,0,11
54,2025-01-16,17,20,247,285,0,0,28,54,0,0,16,83,0,0,0,10
54,2025-01-17,5,4,147,217,0,0,28,58,0,0,14,79,0,0,0,3
54,2025-01-18,1,6,151,181,0,0,28,38,0,0,20,89,0,0,0,7
54,2025-01-19,3,11,86,142,0,0,32,87,0,0,8,89,0,0,0,10
54,2025-01-20,12,14,91,90,0,0,32,30,0,0,9,83,0,0,0,9
54,2025-01-21,14,29,228,299,0,2,34,64,0,0,27,96,0,0,0,19
54,2025-01-22,0,15,130,227,0,0,30,76,0,0,22,70,0,0,0,5
54,2025-01-23,11,8,112,103,0,0,28,42,0,0,12,85,0,0,0,6
54,2025-01-24,8,10,193,177,0,0,53,76,0,0,33,100,0,0,0,16
54,2025-01-25,23,36,306,274,0,1,60,98,0,0,24,106,0,0,0,8
54,2025-01-26,59,80,429,457,0,4,47,78,0,0,33,95,0,0,0,8
54,2025-01-27,35,47,375,364,0,0,30,63,0,0,6,110,0,0,0,0
54,2025-01-28,23,67,236,161,0,0,18,50,0,0,11,83,0,0,0,0
54,2025-01-29,8,26,172,134,0,0,40,34,0,0,12,92,0,0,0,0
54,2025-01-30,30,58,216,192,0,0,18,97,0,0,25,183,0,0,0,2
54,2025-01-31,64,136,334,346,0,1,55,125,0,0,25,231,0,0,0,7
54,2025-02-01,58,117,522,463,0,1,83,259,0,0,30,178,0,0,0,9
54,2025-02-02,13,44,403,352,0,0,64,199,0,0,17,166,0,0,0,5
54,2025-02-03,10,46,285,254,0,1,68,61,0,0,22,208,0,0,0,3
54,2025-02-04,20,34,181,201,0,0,50,28,0,0,43,200,0,0,0,7
54,2025-02-05,20,61,175,177,0,0,55,53,0,0,24,180,0,0,0,5
54,2025-02-06,33,120,348,277,0,1,63,98,0,0,31,159,0,0,0,12
54,2025-02-07,18,42,209,307,0,3,57,82,0,0,25,227,0,0,0,7
54,2025-02-08,15,56,250,259,0,9,23,44,0,0,13,157,0,0,0,6
54,2025-02-09,19,56,249,307,0,1,79,25,0,0,47,165,0,0,0,0
54,2025-02-10,49,104,287,258,0,0,82,88,0,0,58,295,0,0,0,8
54,2025-02-11,155,252,503,559,0,1,80,144,0,0,46,295,0,0,0,21
54,2025-02-12,85,180,433,576,0,8,88,274,0,0,38,205,0,0,0,8
54,2025-02-13,33,77,373,369,0,3,76,150,0,0,64,353,0,0,0,7
54,2025-02-14,53,109,324,276,0,0,92,257,0,0,101,266,0,0,0,15
54,2025-02-15,126,236,613,400,0,11,143,350,0,0,75,359,0,0,0,11
54,2025-02-16,268,491,1060,515,0,15,163,216,0,0,185,447,0,0,0,19
54,2025-02-17,163,340,736,396,0,11,142,175,0,0,158,360,0,0,0,10
54,2025-02-18,17,35,155,157,0,1,34,80,0,0,77,512,0,0,0,10
54,2025-02-19,0,6,105,98,0,0,18,48,0,0,98,608,0,0,0,16
54,2025-02-20,1,4,134,155,0,0,69,107,0,0,72,497,0,0,0,18
54,2025-02-21,0,14,115,102,0,0,19,50,0,0,101,621,0,0,0,10
54,2025-02-22,8,40,295,322,0,1,71,77,0,0,47,459,0,0,0,28
54,2025-02-23,1,1,171,166,0,0,45,98,0,0,25,315,0,0,0,5
54,2025-02-24,0,0,1,3,0,0,1,0,0,0,1,131,0,0,0,1
54,2025-02-25,0,0,4,8,0,0,0,0,0,0,6,131,0,0,0,2
54,2025-02-26,3,6,102,134,0,0,7,5,0,0,22,365,0,0,0,4
54,2025-02-27,17,21,253,285,0,0,42,54,0,0,38,476,0,0,0,21
54,2025-02-28,14,29,297,257,0,1,82,94,0,0,40,335,0,0,0,43
54,2025-03-01,12,54,211,247,0,0,65,146,0,0,67,682,0,0,0,4
54,2025-03-02,30,62,270,177,0,3,143,262,0,0,121,673,0,0,0,6
54,2025-03-03,112,165,411,98,0,2,163,278,0,0,129,882,0,0,0,3
54,2025-03-04,206,486,1037,253,0,1,309,549,0,0,284,1250,0,0,0,8
54,2025-03-05,277,608,1225,322,0,6,562,670,0,0,316,828,0,0,0,5
54,2025-03-06,158,313,708,122,0,4,277,230,0,0,336,807,0,0,0,8
54,2025-03-07,0,38,233,2,0,0,13,5,0,0,437,1674,0,0,0,9
54,2025-03-08,1,13,115,0,0,0,63,4,0,0,209,1979,0,0,0,1
54,2025-03-09,11,45,359,131,0,0,73,31,0,0,261,1587,0,0,0,5
54,2025-03-10,97,164,630,233,0,2,203,188,0,0,246,1236,0,0,0,4
54,2025-03-11,61,46,406,132,0,1,268,377,0,0,176,1350,0,0,0,4
54,2025-03-12,14,56,185,51,0,0,165,170,0,0,248,2345,0,0,0,4
54,2025-03-13,42,59,237,24,0,1,174,133,0,0,403,1641,0,0,0,6
54,2025-03-14,51,172,608,65,0,2,327,331,0,0,671,2908,0,0,0,14
54,2025-03-15,112,274,990,186,0,2,499,655,0,0,1092,2784,0,0,0,12
54,2025-03-16,97,221,530,174,0,1,336,266,0,0,501,1543,0,0,0,21
54,2025-03-17,14,62,276,124,0,0,78,16,0,0,594,1589,0,0,0,7
54,2025-03-18,9,12,373,149,0,0,17,2,0,0,561,1588,0,0,0,2
54,2025-03-19,7,6,387,222,0,0,2,38,0,0,534,1554,0,0,0,0
54,2025-03-20,188,195,745,285,0,0,81,190,0,0,786,1741,0,0,0,2
54,2025-03-21,163,279,645,242,0,2,240,628,0,0,242,735,0,0,0,1
54,2025-03-22,86,154,579,303,0,9,332,726,0,0,253,533,0,0,0,3
54,2025-03-23,75,73,495,199,0,2,727,733,0,0,310,705,0,0,0,1
54,2025-03-24,116,131,785,227,0,5,899,1154,0,0,491,1097,0,0,0,6
54,2025-03-25,257,387,1684,267,0,8,1192,1246,0,0,904,1553,0,0,0,5
54,2025-03-26,514,826,1932,246,0,10,1631,1514,0,0,826,1271,0,0,0,11
54,2025-03-27,286,564,1539,292,0,5,2360,1804,0,0,583,1171,0,0,0,11
54,2025-03-28,190,373,1115,212,0,11,1598,1386,0,0,526,1405,0,0,0,6
54,2025-03-29,162,284,1225,130,0,3,1847,841,0,0,1123,1761,0,0,0,10
54,2025-03-30,182,249,1201,37,0,3,739,360,0,0,1133,2741,0,0,0,6
54,2025-03-31,43,196,1021,75,0,1,750,210,0,0,917,2749,0,0,0,12
54,2025-04-01,36,92,693,221,0,1,164,104,0,0,465,2083,0,0,0,4
54,2025-04-02,28,50,295,154,0,1,330,184,0,0,392,1807,0,0,0,6
54,2025-04-03,22,56,328,123,0,0,909,397,0,0,340,1746,0,0,0,13
54,2025-04-04,47,66,544,200,0,4,1153,1406,0,0,469,2276,0,0,0,9
54,2025-04-05,46,65,336,174,0,2,633,597,0,0,201,1198,0,0,0,7
54,2025-04-06,6,15,114,97,0,0,3,6,0,0,40,127,0,0,0,0
54,2025-04-07,0,2,73,68,0,0,17,7,0,0,94,70,0,0,0,0
54,2025-04-08,14,8,111,87,0,0,228,61,0,0,166,172,0,0,0,1
54,2025-04-09,19,8,179,93,0,1,275,47,0,0,254,156,0,0,0,0
54,2025-04-10,25,48,414,39,0,0,1245,1146,0,0,294,251,0,0,0,3
54,2025-04-11,10,7,127,70,0,0,1361,2986,0,0,171,334,0,0,0,4
54,2025-04-12,7,2,29,41,0,0,184,25,0,0,19,58,0,0,0,0
54,2025-04-13,0,0,10,46,0,0,0,8,0,0,6,65,0,0,0,0
54,2025-04-14,0,0,3,4,0,0,4,0,0,0,2,25,0,0,0,0
54,2025-04-15,0,2,65,98,0,0,16,15,0,0,6,57,0,0,0,4
54,2025-04-16,2,1,35,134,0,0,52,56,0,0,3,48,0,0,0,3
54,2025-04-17,2,2,58,80,0,0,127,142,0,0,7,52,0,0,0,5
54,2025-04-18,0,0,46,72,0,1,261,283,0,0,24,146,0,0,0,6
54,2025-04-19,1,13,140,59,0,0,346,579,0,0,96,319,0,0,0,8
54,2025-04-20,1,12,173,145,0,0,456,523,0,0,154,338,0,0,0,6
54,2025-04-21,10,18,276,162,0,0,676,768,0,0,142,208,0,0,0,15
54,2025-04-22,22,31,188,78,0,0,81,201,0,0,90,310,0,0,0,4
54,2025-04-23,11,14,289,163,0,0,339,260,0,0,191,516,0,0,0,11
54,2025-04-24,25,17,186,133,0,1,1083,1008,0,0,151,587,0,0,0,16
54,2025-04-25,23,25,339,133,0,4,1934,1213,0,0,184,565,0,0,0,19
54,2025-04-26,63,49,386,166,0,0,1553,2055,0,0,136,389,0,0,0,26
54,2025-04-27,8,3,68,102,0,0,177,914,0,0,35,219,0,0,0,16
54,2025-04-28,13,2,43,16,0,0,190,257,0,0,11,157,0,0,0,13
54,2025-04-29,0,0,0,11,0,0,1,8,0,0,0,14,0,0,0,0
54,2025-04-30,1,0,38,32,0,0,16,20,0,0,1,13,0,0,0,0
54,2025-05-01,2,4,120,41,0,0,7,39,0,0,15,17,0,0,0,0
54,2025-05-02,4,5,41,70,0,0,99,104,0,0,7,4,0,0,0,0
54,2025-05-03,5,2,33,20,0,0,10,38,0,0,1,8,0,0,0,0
54,2025-05-04,3,3,35,47,0,0,24,115,0,0,2,20,0,0,0,5
54,2025-05-05,19,40,129,28,0,0,108,366,0,0,4,128,0,0,0,12
54,2025-05-06,27,24,204,40,0,0,213,871,0,0,34,211,0,0,0,38
54,2025-05-07,26,39,178,27,0,1,345,1478,0,0,30,126,0,0,0,86
54,2025-05-08,0,1,34,30,0,0,7,79,0,0,1,18,0,0,0,6
54,2025-05-09,3,6,56,33,0,0,85,477,0,0,11,41,0,0,0,17
54,2025-05-10,1,1,23,2,0,0,40,88,0,0,4,44,0,0,0,29
54,2025-05-11,0,0,32,3,0,0,0,3,0,0,3,52,0,0,0,14
54,2025-05-12,1,18,34,13,0,0,2,17,0,0,2,8,0,0,0,4
54,2025-05-13,0,0,2,2,0,0,5,46,0,0,0,19,0,0,0,0
54,2025-05-14,0,0,4,2,0,0,20,15,0,0,0,1,0,0,0,5
54,2025-05-15,0,0,0,1,0,0,0,0,0,0,0,0,0,0,0,0
54,2025-05-16,0,0,2,2,0,0,0,4,0,0,0,2,0,0,0,0
54,2025-05-17,1,11,13,7,0,0,3,0,0,0,1,5,0,0,0,2
54,2025-05-18,0,0,5,16,0,0,5,5,0,0,0,4,0,0,0,0
54,2025-05-19,0,1,0,16,0,0,0,4,0,0,0,0,0,0,0,5
54,2025-05-20,0,1,14,3,0,0,2,18,0,0,0,5,0,0,0,9
54,2025-05-21,0,0,2,0,0,0,1,18,0,0,0,3,0,0,0,3
54,2025-05-22,1,7,28,8,0,0,4,11,0,0,1,9,0,0,0,28
54,2025-05-23,2,5,11,12,0,0,3,3,0,0,1,4,0,0,0,10
54,2025-05-24,0,0,0,3,0,0,0,0,0,0,0,0,0,0,0,0
54,2025-05-25,0,0,0,8,0,0,0,2,0,0,0,0,0,0,0,0
54,2025-05-26,0,0,0,1,0,0,0,0,0,0,0,0,0,0,0,0
54,2025-05-27,0,0,0,0,0,0,0,0,0,0,0,0,0,0,0,0
54,2025-05-28,0,0,1,3,0,0,1,0,0,0,0,0,0,0,0,0
54,2025-05-29,0,0,0,0,0,0,0,10,0,0,0,0,0,0,0,0
54,2025-05-30,0,0,3,0,0,0,0,2,0,0,0,0,0,0,0,0
54,2025-05-31,0,0,0,0,0,0,0,1,0,0,0,0,0,0,0,0
54,2025-06-01,0,0,0,1,0,0,0,6,0,0,0,0,0,0,0,0
54,2025-06-02,0,1,3,3,0,0,5,98,0,0,0,2,0,0,0,0
54,2025-06-03,0,0,0,2,0,0,2,103,0,0,0,0,0,0,0,0
54,2025-06-04,0,3,6,4,0,0,0,11,0,0,0,2,0,0,0,0
54,2025-06-05,0,1,7,2,0,0,2,1,0,0,0,0,0,0,0,1
54,2025-06-06,0,3,4,0,0,0,5,6,0,0,1,0,0,0,0,8
54,2025-06-07,1,8,19,7,0,0,11,18,0,0,0,5,0,0,0,17
54,2025-06-08,1,2,15,8,0,0,12,3,0,0,0,0,0,0,0,17
54,2025-06-09,3,0,3,10,0,0,0,0,0,0,0,0,0,0,0,3
54,2025-06-10,0,0,0,0,0,0,0,0,0,0,0,0,0,0,0,0
54,2025-06-11,0,0,0,0,0,0,0,0,0,0,0,0,0,0,0,0
54,2025-06-12,0,0,0,0,0,0,0,0,0,0,0,0,0,0,0,2
54,2025-06-13,0,0,1,0,0,0,1,1,0,0,0,0,0,0,0,5
54,2025-06-14,0,0,0,0,0,0,0,3,0,0,0,2,0,0,0,5
54,2025-06-15,0,0,1,0,0,0,1,4,0,0,0,0,0,0,0,0
54,2025-06-16,0,0,0,5,0,0,0,0,0,0,0,0,0,0,0,0
54,2025-06-17,0,0,0,0,0,0,5,0,0,0,0,0,0,0,0,0
54,2025-06-18,0,0,15,11,0,0,1,0,0,0,0,0,0,0,0,0
54,2025-06-19,0,0,1,0,0,0,0,0,0,0,0,0,0,0,0,0
54,2025-06-20,0,0,2,0,0,0,0,0,0,0,0,2,0,0,0,1
54,2025-06-21,0,0,0,0,0,0,0,0,0,0,0,0,0,0,0,0
54,2025-06-22,0,0,0,0,0,0,0,0,0,0,0,0,0,0,0,0
54,2025-06-23,0,0,1,4,0,0,0,0,0,0,0,0,0,0,0,0
54,2025-06-24,0,0,6,12,0,0,0,0,0,0,0,0,0,0,0,0
54,2025-06-25,1,0,1,5,0,0,0,0,0,0,0,0,0,0,0,0
54,2025-06-26,1,2,1,0,0,0,0,0,0,0,0,0,0,0,0,0
54,2025-06-27,0,0,0,0,0,0,0,0,0,0,0,0,0,0,0,0
54,2025-06-28,0,0,0,0,0,0,0,0,0,0,0,0,0,0,0,0
54,2025-06-29,0,0,1,0,0,0,0,0,0,0,0,0,0,0,0,0
54,2025-06-30,0,0,0,0,0,0,0,0,0,0,0,0,0,0,0,0
54,2025-07-01,2,0,0,0,0,0,0,0,0,0,0,0,0,0,0,0
54,2025-07-02,0,0,0,0,0,0,0,0,0,0,0,0,0,0,0,0
54,2025-07-03,0,0,0,0,0,0,1,0,0,0,0,0,0,0,0,0
54,2025-07-04,0,0,1,1,0,0,0,0,0,0,0,0,0,0,0,0
54,2025-07-05,0,0,1,1,0,0,0,0,0,0,0,0,0,0,0,0
54,2025-07-06,0,0,0,0,0,0,0,0,0,0,0,0,0,0,0,0
54,2025-07-07,0,0,0,3,0,0,0,0,0,0,0,0,0,0,0,0
54,2025-07-08,0,0,0,1,0,0,0,0,0,0,0,0,0,0,0,0
54,2025-07-09,0,0,0,0,0,0,0,0,0,0,0,0,0,0,0,0
54,2025-07-10,0,0,0,0,0,0,0,0,0,0,0,0,0,0,0,0
54,2025-07-11,0,0,0,0,0,0,0,0,0,0,0,0,0,0,0,0
54,2025-07-12,0,1,3,0,0,0,0,0,0,0,0,0,0,0,0,0
54,2025-07-13,0,0,0,1,0,0,0,0,0,0,0,0,0,0,0,0
54,2025-07-14,0,1,4,6,0,0,0,0,0,0,0,0,0,0,0,0
54,2025-07-15,1,15,13,5,0,0,0,0,0,0,0,0,0,0,0,0
54,2025-07-16,0,0,0,1,0,0,0,0,0,0,0,0,0,0,0,0
54,2025-07-17,0,0,0,0,0,0,0,0,0,0,0,0,0,0,0,0
54,2025-07-18,0,0,0,1,0,0,1,0,0,0,0,0,0,0,0,0
54,2025-07-19,0,0,0,0,0,0,0,0,0,0,0,0,0,0,0,0
54,2025-07-20,0,3,2,3,0,0,0,0,0,0,0,0,0,0,0,1
54,2025-07-21,0,0,0,0,0,0,0,0,0,0,0,0,0,0,0,0
54,2025-07-22,0,0,0,0,0,0,0,0,0,0,0,0,0,0,0,0
54,2025-07-23,0,0,0,0,0,0,0,0,0,0,0,0,0,0,0,0
54,2025-07-24,0,0,0,0,0,0,0,0,0,0,0,0,0,0,0,0
54,2025-07-25,0,0,0,1,0,0,0,0,0,0,0,0,0,0,0,0
54,2025-07-26,0,0,0,0,0,0,0,0,0,0,0,0,0,0,0,0
54,2025-07-27,0,0,0,0,0,0,0,0,0,0,0,0,0,0,0,0
54,2025-07-28,0,0,0,1,0,0,0,0,0,0,0,0,0,0,0,0
54,2025-07-29,0,0,0,0,0,0,0,0,0,0,0,0,0,0,0,1
54,2025-07-30,0,0,7,0,0,0,0,0,0,0,0,0,0,0,0,2
54,2025-07-31,0,12,9,34,0,0,0,0,0,0,0,1,0,0,0,0
54,2025-08-01,0,0,0,9,0,0,0,0,0,0,0,0,0,0,0,1
54,2025-08-02,0,1,11,12,0,0,0,0,0,0,0,0,0,0,0,1
54,2025-08-03,0,0,5,1,0,0,0,0,0,0,0,1,0,0,0,0
54,2025-08-04,0,2,34,12,0,0,0,0,0,0,0,0,0,0,0,0
54,2025-08-05,1,9,91,9,0,0,2,0,0,0,0,0,0,0,0,0
54,2025-08-06,0,1,0,0,0,0,0,0,0,0,0,0,0,0,0,0
54,2025-08-07,0,6,3,3,0,0,0,0,0,0,0,0,0,0,0,0
54,2025-08-08,0,2,8,12,0,0,0,0,0,0,0,0,0,0,0,0
54,2025-08-09,2,7,68,12,0,0,0,2,0,0,0,0,0,0,0,0
54,2025-08-10,7,13,121,50,0,0,1,4,0,0,0,1,0,0,0,0
54,2025-08-11,0,7,22,7,0,0,0,1,0,0,0,0,0,0,0,0
54,2025-08-12,0,9,9,13,0,0,0,0,0,0,0,1,0,0,0,0
54,2025-08-13,0,0,0,0,0,0,0,0,0,0,0,0,0,0,0,0
54,2025-08-14,0,0,17,4,0,0,0,0,0,0,0,0,0,0,0,0
54,2025-08-15,0,0,0,5,0,0,0,0,0,0,0,1,0,0,0,0
54,2025-08-16,0,0,1,0,0,0,0,0,0,0,0,0,0,0,0,0
54,2025-08-17,0,0,0,0,0,0,0,0,0,0,0,1,0,0,0,0
54,2025-08-18,0,0,0,3,0,0,0,1,0,0,0,0,0,0,0,1
54,2025-08-19,0,0,1,4,0,0,1,0,0,0,0,1,0,0,0,0
54,2025-08-20,0,7,11,28,0,0,0,0,0,0,0,0,0,0,0,0
54,2025-08-21,0,9,15,13,0,0,0,0,0,0,0,2,0,0,0,0
54,2025-08-22,0,0,0,0,0,0,0,0,0,0,0,0,0,0,0,0
54,2025-08-23,0,0,0,1,0,0,0,0,0,0,0,0,0,0,0,0
54,2025-08-24,0,0,0,0,0,0,0,0,0,0,0,0,0,0,0,0
54,2025-08-25,0,0,2,4,0,0,0,0,0,0,0,0,0,0,0,1
54,2025-08-26,0,0,1,0,0,0,0,0,0,0,0,0,0,0,0,0
54,2025-08-27,0,0,1,0,0,0,0,0,0,0,0,0,0,0,0,1
54,2025-08-28,0,0,0,2,0,0,0,0,0,0,0,0,0,0,0,1
54,2025-08-29,0,0,11,16,0,0,0,0,0,0,0,0,0,0,0,1
54,2025-08-30,0,0,0,0,0,0,0,0,0,0,0,0,0,0,0,0
54,2025-08-31,0,0,2,4,0,0,0,0,0,0,0,1,0,0,0,0
54,2025-09-01,0,0,30,47,0,0,0,0,0,0,0,2,0,0,0,1
54,2025-09-02,0,0,0,0,0,0,0,0,0,0,0,0,0,0,0,1
54,2025-09-03,0,0,1,1,0,0,1,0,0,0,0,0,0,0,0,2
54,2025-09-04,0,0,2,0,0,0,0,0,0,0,0,0,0,0,0,5
54,2025-09-05,0,0,0,0,0,0,1,0,0,0,0,0,0,0,0,0
54,2025-09-06,0,0,2,4,0,0,0,0,0,0,0,2,0,0,0,0
54,2025-09-07,0,0,2,0,0,0,0,1,0,0,0,4,0,0,0,1
54,2025-09-08,0,0,2,5,0,0,0,0,0,0,0,2,0,0,0,1
54,2025-09-09,0,0,0,0,0,0,0,0,0,0,0,0,0,0,0,0
54,2025-09-10,0,0,2,0,0,0,0,0,0,0,0,0,0,0,0,0
54,2025-09-11,0,0,8,2,0,0,0,0,0,0,0,0,0,0,0,0
54,2025-09-12,0,0,24,21,0,0,0,0,0,0,0,0,0,0,0,0
54,2025-09-13,0,3,8,4,0,0,0,0,0,0,0,0,0,0,0,0
54,2025-09-14,1,0,0,0,0,0,0,0,0,0,0,0,0,0,0,0
54,2025-09-15,0,0,0,0,0,0,0,0,0,0,0,0,0,0,0,0
54,2025-09-16,0,0,1,6,0,0,0,0,0,0,0,0,0,0,0,0
54,2025-09-17,0,0,10,12,0,0,2,0,0,0,0,4,0,0,0,1
54,2025-09-18,0,0,0,0,0,0,0,0,0,0,0,0,0,0,0,0
54,2025-09-19,0,0,1,0,0,0,0,0,0,0,0,0,0,0,0,0
54,2025-09-20,0,0,0,0,0,0,1,3,0,0,0,1,0,0,0,0
54,2025-09-21,0,1,0,0,0,0,0,1,0,0,0,4,0,0,0,1
54,2025-09-22,0,0,1,0,0,0,1,0,0,0,0,2,0,0,0,2
54,2025-09-23,0,0,1,0,0,0,0,2,0,0,0,1,0,0,0,0
54,2025-09-24,0,0,1,3,0,0,0,0,0,0,0,0,0,0,0,0
54,2025-09-25,0,0,1,0,0,0,0,7,0,0,0,1,0,0,0,0
54,2025-09-26,0,0,0,2,0,0,0,0,0,0,0,0,0,0,0,0
54,2025-09-27,0,0,0,0,0,0,0,0,0,0,0,0,0,0,0,0
54,2025-09-28,1,1,0,1,0,0,0,2,0,0,0,2,0,0,0,2
54,2025-09-29,0,0,0,1,0,0,0,0,0,0,0,1,0,0,0,0
54,2025-09-30,0,0,0,1,0,0,0,0,0,0,0,0,0,0,0,0
54,2025-10-01,0,0,0,1,0,0,0,0,0,0,0,0,0,0,0,0
54,2025-10-02,0,0,5,10,0,0,0,0,0,0,0,2,0,0,0,0
54,2025-10-03,0,0,3,4,0,0,0,1,0,0,1,2,0,0,0,1
54,2025-10-04,0,0,2,5,0,0,0,0,0,0,0,1,0,0,0,2
54,2025-10-05,0,1,4,6,0,0,0,0,0,0,0,0,0,0,0,1
54,2025-10-06,0,0,0,1,0,0,0,2,0,0,0,2,0,0,0,0
54,2025-10-07,0,0,2,0,0,0,0,0,0,0,0,1,0,0,0,0
54,2025-10-08,0,0,12,0,0,0,1,0,0,0,0,2,0,0,0,1
54,2025-10-09,0,0,5,5,0,0,1,0,0,0,0,2,0,0,0,0
54,2025-10-10,0,0,5,5,0,0,2,6,0,0,0,3,0,0,0,0
54,2025-10-11,1,0,4,1,0,0,0,1,0,0,0,2,0,0,0,6
54,2025-10-12,0,0,0,0,0,0,0,2,0,0,0,2,0,0,0,2
54,2025-10-13,4,1,3,0,0,0,0,4,0,0,1,3,0,0,0,3
54,2025-10-14,0,0,3,0,0,0,0,1,0,0,2,9,0,0,0,2
54,2025-10-15,0,0,0,0,0,0,0,0,0,0,0,0,0,0,0,0
54,2025-10-16,0,0,0,3,0,0,0,0,0,0,0,0,0,0,0,0
54,2025-10-17,0,0,0,0,0,0,0,1,0,0,0,0,0,0,0,0
54,2025-10-18,0,2,3,4,0,1,1,0,0,0,0,0,0,0,0,2
54,2025-10-19,2,1,5,10,0,0,0,1,0,0,1,7,0,0,0,2
54,2025-10-20,2,2,11,7,0,2,1,4,0,0,1,4,0,0,0,3
54,2025-10-21,0,0,4,6,0,0,2,2,0,0,0,0,0,0,0,1
54,2025-10-22,1,0,1,2,0,0,1,0,0,0,0,6,0,0,0,2
54,2025-10-23,0,0,6,1,0,0,0,0,0,0,2,18,0,0,0,2
54,2025-10-24,0,1,4,0,0,0,0,0,0,0,1,29,0,0,0,1
54,2025-10-25,5,0,8,2,0,0,1,0,0,0,0,7,0,0,0,4
54,2025-10-26,1,0,13,1,0,0,2,2,0,0,0,13,0,0,0,2
54,2025-10-27,3,0,1,1,0,0,1,6,0,0,1,8,0,0,0,3
54,2025-10-28,0,1,9,0,0,0,0,2,0,0,0,15,0,0,0,4
54,2025-10-29,6,3,29,2,0,0,3,0,0,0,1,36,0,0,0,3
54,2025-10-30,5,3,11,0,0,0,4,1,0,0,2,51,0,0,0,6
54,2025-10-31,1,0,4,1,0,0,0,1,0,0,1,8,0,0,0,2
54,2025-11-01,0,0,0,0,0,0,0,0,0,0,0,0,0,0,0,0
54,2025-11-02,0,0,0,2,0,0,0,0,0,0,0,0,0,0,0,0
54,2025-11-03,0,0,0,0,0,0,0,0,0,0,0,0,0,0,0,0
54,2025-11-04,0,0,0,1,0,0,0,0,0,0,0,0,0,0,0,0
54,2025-11-05,0,0,0,0,0,0,0,0,0,0,0,1,0,0,0,0
54,2025-11-06,0,0,0,0,0,0,1,0,0,0,0,0,0,0,0,0
54,2025-11-07,0,0,0,0,0,0,0,0,0,0,0,0,0,0,0,3
54,2025-11-08,0,0,0,0,0,0,0,0,0,0,0,0,0,0,0,0
54,2025-11-09,0,0,0,2,0,0,0,5,0,0,0,3,0,0,0,0
54,2025-11-10,0,0,0,9,0,0,1,0,0,0,0,2,0,0,0,1
54,2025-11-11,0,0,0,1,0,0,0,0,0,0,0,0,0,0,0,0
54,2025-11-12,0,0,0,0,0,0,0,0,0,0,0,0,0,0,0,0
54,2025-11-13,0,0,4,8,0,0,0,1,0,0,0,12,0,0,0,3
54,2025-11-14,0,5,6,12,0,0,0,2,0,0,0,19,0,0,0,4
54,2025-11-15,6,3,25,22,0,0,2,6,0,0,2,27,0,0,0,3
54,2025-11-16,0,5,38,9,0,0,2,2,0,0,0,9,0,0,0,13
54,2025-11-17,0,0,0,0,0,0,0,0,0,0,0,0,0,0,0,0
54,2025-11-18,0,0,0,0,0,0,0,0,0,0,0,2,0,0,0,0
54,2025-11-19,0,0,1,0,0,0,0,0,0,0,0,7,0,0,0,0
54,2025-11-20,2,1,6,2,0,0,0,2,0,0,2,52,0,0,0,1
54,2025-11-21,2,2,8,7,0,0,10,5,0,0,0,38,0,0,0,1
54,2025-11-22,4,1,16,19,0,0,5,5,0,0,0,29,0,0,0,1
54,2025-11-23,2,1,17,12,0,0,7,4,0,0,0,49,0,0,0,3
54,2025-11-24,5,7,28,4,0,0,5,3,0,0,2,60,0,0,0,1
54,2025-11-25,6,4,23,2,0,0,9,8,0,0,0,136,0,0,0,8
54,2025-11-26,10,6,77,33,0,0,12,9,0,0,3,75,0,0,0,9
54,2025-11-27,22,6,68,26,0,0,16,49,0,0,0,61,0,0,0,4
54,2025-11-28,10,2,38,16,0,0,11,8,0,0,3,36,0,0,0,5
54,2025-11-29,21,10,95,34,0,0,8,7,0,0,7,101,0,0,0,12
54,2025-11-30,26,25,98,37,0,0,19,11,0,0,3,122,0,0,0,8
54,2025-12-01,2,0,4,8,0,0,1,0,0,0,1,15,0,0,0,5
54,2025-12-02,23,9,84,80,0,0,13,11,0,0,3,46,0,0,0,13
54,2025-12-03,13,9,48,35,0,0,8,8,0,0,4,56,0,0,0,0
54,2025-12-04,15,2,36,4,0,0,6,7,0,0,3,52,0,0,0,5
54,2025-12-05,10,1,33,16,0,0,2,7,0,0,5,88,0,0,0,6
54,2025-12-06,13,24,96,30,0,0,10,13,0,0,2,124,0,0,0,10
54,2025-12-07,37,11,109,90,0,0,12,15,0,0,4,50,0,0,0,8
54,2025-12-08,20,3,42,30,0,0,13,3,0,0,3,35,0,0,0,6
54,2025-12-09,9,3,27,35,0,0,14,3,0,0,3,40,0,0,0,15
54,2025-12-10,26,10,86,2,0,0,8,16,0,0,6,72,0,0,0,11
54,2025-12-11,0,0,11,3,0,0,0,7,0,0,0,95,0,0,0,8
54,2025-12-12,0,0,2,16,0,0,0,1,0,0,3,63,0,0,0,4
54,2025-12-13,0,0,9,32,0,0,0,3,0,0,1,46,0,0,0,0
54,2025-12-14,0,0,5,22,0,0,0,3,0,0,0,24,0,0,0,10
54,2025-12-15,4,0,37,54,0,0,3,3,0,0,3,68,0,0,0,10
54,2025-12-16,13,6,76,46,0,0,6,5,0,0,9,98,0,0,0,10
54,2025-12-17,12,12,121,52,0,2,5,15,0,0,10,84,0,0,0,4
54,2025-12-18,5,2,90,106,0,0,4,6,0,0,10,30,0,0,0,8
54,2025-12-19,6,3,69,82,0,0,0,10,0,0,4,37,0,0,0,2
54,2025-12-20,0,8,64,53,0,0,3,20,0,0,2,39,0,0,0,5
54,2025-12-21,4,5,66,33,0,0,8,9,0,0,2,54,0,0,0,7
54,2025-12-22,10,11,117,44,0,0,15,12,0,0,6,103,0,0,0,8
54,2025-12-23,7,11,84,105,0,0,13,14,0,0,4,50,0,0,0,9
54,2025-12-24,0,1,74,70,0,0,8,9,0,0,6,47,0,0,0,10
54,2025-12-25,3,3,48,59,0,0,6,6,0,0,2,28,0,0,0,0
54,2025-12-26,2,6,109,86,0,0,10,16,0,0,5,57,0,0,0,11
54,2025-12-27,5,10,146,64,0,0,16,12,0,0,8,95,0,0,0,18
54,2025-12-28,9,11,233,144,0,0,26,11,0,0,13,72,0,0,0,19
54,2025-12-29,1,5,162,104,0,0,7,23,0,0,2,38,0,0,0,25
54,2025-12-30,0,3,45,56,0,0,0,6,0,0,0,29,0,0,0,1
54,2025-12-31,2,13,118,73,0,0,6,11,0,0,5,62,0,0,0,9
55,2021-04-27,0,0,1,5,0,0,5,2,0,0,2,59,0,0,0,8
55,2021-04-28,0,0,1,13,0,1,34,14,0,0,1,33,0,0,0,4
55,2021-04-29,0,0,0,0,0,0,13,3,0,0,1,13,0,0,0,2
55,2021-04-30,0,0,2,1,0,0,6,1,0,0,4,58,0,0,0,3
55,2021-05-01,0,0,25,28,0,0,91,7,0,0,4,15,0,0,0,5
55,2021-05-02,1,0,25,27,0,0,10,17,0,0,2,44,0,0,0,5
55,2021-05-03,15,4,100,12,0,3,66,21,0,0,7,66,0,0,0,13
55,2021-05-04,20,11,211,18,0,7,251,85,0,0,9,78,0,0,0,20
55,2021-05-05,54,41,119,15,1,31,284,31,0,0,2,104,0,0,0,14
55,2021-05-06,0,10,14,1,0,6,10,12,0,0,0,42,0,0,0,8
55,2021-05-07,7,0,36,23,0,5,107,28,0,0,2,25,0,0,0,13
55,2021-05-08,3,3,31,5,0,8,46,22,0,0,0,25,0,0,1,7
55,2021-05-09,0,0,19,14,0,0,123,276,0,0,0,18,0,0,0,22
55,2021-05-10,15,7,21,17,1,23,120,217,0,0,3,24,0,0,0,3
55,2021-05-11,39,10,75,24,0,13,129,139,0,0,1,54,0,0,0,1
55,2021-05-12,57,25,75,39,1,49,94,179,0,0,3,17,0,0,0,10
55,2021-05-13,11,5,42,17,0,7,13,63,0,0,0,16,0,0,0,6
55,2021-05-14,8,9,33,16,1,6,20,13,0,0,0,16,0,0,0,9
55,2021-05-15,9,4,32,4,2,10,42,18,0,0,0,23,0,0,0,21
55,2021-05-16,9,6,70,13,2,4,118,40,0,0,2,53,0,0,0,31
55,2021-05-17,11,13,114,38,0,8,122,74,0,0,11,53,0,0,0,44
55,2021-05-18,0,0,4,13,0,1,59,37,0,0,1,32,0,0,1,11
55,2021-05-19,5,0,6,0,0,3,15,22,0,0,1,2,0,0,0,10
55,2021-05-20,0,0,14,4,0,1,20,29,0,0,0,17,0,0,0,5
55,2021-05-21,0,0,6,10,0,2,21,18,0,0,1,22,0,0,1,16
55,2021-05-22,11,1,89,37,0,7,33,82,0,0,1,43,0,0,0,39
55,2021-05-23,4,0,23,32,1,3,61,98,0,0,1,10,0,0,0,75
55,2021-05-24,1,1,26,3,1,0,3,0,0,0,0,0,0,0,0,0
55,2021-05-25,0,2,6,2,0,0,0,0,0,0,0,0,0,0,0,1
55,2021-05-26,0,0,3,0,0,0,0,0,0,0,0,0,0,0,0,0
55,2021-05-27,3,2,20,4,0,2,9,1,0,0,1,17,0,0,0,1
55,2021-05-28,0,0,2,6,0,2,0,7,0,0,0,0,0,0,0,3
55,2021-05-29,0,1,3,11,0,0,1,6,0,0,0,1,0,0,0,3
55,2021-05-30,0,0,3,9,0,0,6,2,0,0,1,0,0,0,0,3
55,2021-05-31,0,0,6,4,0,0,4,3,0,0,0,0,0,0,0,5
55,2021-06-01,1,0,10,13,0,1,13,0,0,0,0,4,0,0,0,1
55,2021-06-02,25,4,32,34,1,7,23,6,0,0,2,0,0,0,0,1
55,2021-06-03,1,0,3,19,0,2,17,19,0,0,0,4,0,0,0,3
55,2021-06-04,2,1,3,8,0,0,0,2,0,0,0,1,0,0,0,15
55,2021-06-05,0,0,0,2,0,1,0,1,0,0,0,0,0,0,0,35
55,2021-06-06,1,0,6,2,0,1,2,0,0,0,1,1,0,0,0,37
55,2021-06-07,1,0,0,1,0,0,4,0,0,0,0,2,0,0,0,13
55,2021-06-08,0,0,0,1,0,0,0,0,0,0,0,0,0,0,0,0
55,2021-06-09,0,0,0,0,0,0,0,0,0,0,0,0,0,0,0,0
55,2021-06-10,0,0,0,0,0,0,0,0,0,0,0,0,0,0,0,0
55,2021-06-11,0,0,1,0,0,0,0,0,0,0,0,0,0,0,0,0
55,2021-06-12,0,0,0,0,0,0,0,0,0,0,0,0,0,0,0,0
55,2021-06-13,0,0,0,0,0,0,0,0,0,0,0,1,0,0,0,2
55,2021-06-14,0,0,0,4,0,0,0,0,0,0,0,0,0,0,0,0
55,2021-06-15,0,0,0,0,0,0,0,0,0,0,0,0,0,0,0,0
55,2021-06-16,0,0,2,1,0,0,0,0,0,0,0,0,0,0,0,0
55,2021-06-17,0,0,2,4,0,0,1,0,0,0,0,1,0,0,0,9
55,2021-06-18,3,2,18,35,0,0,8,4,0,0,0,1,0,0,0,9
55,2021-06-19,0,0,4,7,0,0,3,10,0,0,0,1,0,0,0,11
55,2021-06-20,2,0,9,23,0,3,10,3,0,0,0,0,0,0,0,1
55,2021-06-21,0,0,2,11,0,3,5,4,0,0,0,0,0,0,0,2
55,2021-06-22,0,0,1,6,1,0,0,1,0,0,0,1,0,0,0,34
55,2021-06-23,0,0,3,3,0,0,1,0,0,0,0,0,0,0,0,3
55,2021-06-24,0,0,0,4,0,0,2,0,0,0,0,0,0,0,0,0
55,2021-06-25,0,0,4,4,0,0,0,0,0,0,0,1,0,0,0,0
55,2021-06-26,0,0,0,4,0,0,0,1,0,0,0,0,0,0,0,0
55,2021-06-27,0,0,2,5,0,0,0,1,0,0,0,0,0,0,0,0
55,2021-06-28,0,0,0,0,0,0,0,0,0,0,0,0,0,0,0,0
55,2021-06-29,0,0,1,3,0,0,0,0,0,0,0,0,0,0,0,0
55,2021-06-30,0,0,0,3,0,0,0,0,0,0,0,0,0,0,0,0
55,2021-07-01,0,0,4,9,0,0,0,0,0,0,0,0,0,0,0,0
55,2021-07-02,0,0,1,10,0,0,0,1,0,0,0,0,0,0,0,0
55,2021-07-03,0,2,3,26,0,0,0,1,0,0,0,2,0,0,0,1
55,2021-07-04,1,0,34,66,0,2,3,1,0,0,0,0,0,0,0,0
55,2021-07-05,0,0,1,7,0,0,0,1,0,0,0,0,0,0,0,0
55,2021-07-06,0,0,0,0,0,0,0,0,0,0,0,0,0,0,0,0
55,2021-07-07,0,0,0,1,0,0,0,0,0,0,0,0,0,0,0,1
55,2021-07-08,0,0,0,0,0,0,0,0,0,0,0,0,0,0,0,0
55,2021-07-09,0,0,1,1,0,0,0,0,0,0,0,0,0,0,0,1
55,2021-07-10,0,0,0,0,0,0,0,0,0,0,0,1,0,0,0,0
55,2021-07-11,0,0,1,5,0,0,0,0,0,0,0,0,0,0,0,2
55,2021-07-12,0,0,2,4,0,0,0,1,0,0,0,0,0,0,0,1
55,2021-07-13,0,0,2,13,0,0,3,0,0,0,0,0,0,0,0,11
55,2021-07-14,0,1,18,1,0,0,1,0,0,0,1,1,0,0,0,9
55,2021-07-15,0,0,0,1,0,0,0,0,0,0,0,0,0,0,0,1
55,2021-07-16,0,0,4,1,0,0,0,0,0,0,0,1,0,0,0,0
55,2021-07-17,0,2,8,11,0,0,0,1,0,0,0,0,0,0,0,2
55,2021-07-18,0,0,0,0,0,0,0,0,0,0,0,0,0,0,0,0
55,2021-07-19,0,0,0,0,0,0,1,0,0,0,0,0,0,0,0,0
55,2021-07-20,0,0,0,3,0,0,0,0,0,0,0,0,0,0,0,0
55,2021-07-21,0,0,0,0,0,0,0,0,0,0,0,1,0,0,0,0
55,2021-07-22,0,0,0,1,0,0,0,0,0,0,0,0,0,0,0,0
55,2021-07-23,0,0,0,0,0,0,0,0,0,0,0,0,0,0,0,1
55,2021-07-24,0,0,0,0,0,0,0,0,0,0,0,0,0,0,0,0
55,2021-07-25,0,0,0,0,0,0,0,0,0,0,0,0,0,0,0,0
55,2021-07-26,0,0,0,4,0,0,0,0,0,0,0,0,0,0,0,0
55,2021-07-27,0,0,0,7,0,0,0,0,0,0,0,0,0,0,0,1
55,2021-07-28,0,0,0,2,0,0,0,0,0,0,0,0,0,0,0,0
55,2021-07-29,0,0,1,1,0,0,1,0,0,0,0,0,0,0,0,0
55,2021-07-30,0,0,38,6,0,0,0,0,0,0,0,0,0,0,0,0
55,2021-07-31,0,0,9,13,0,0,0,0,0,0,0,0,0,0,0,0
55,2021-08-01,0,0,0,1,0,0,0,0,0,0,0,0,0,0,0,1
55,2021-08-02,0,0,0,1,0,2,0,0,0,0,0,0,0,0,0,0
55,2021-08-03,0,0,0,0,0,0,0,1,0,0,0,0,0,0,0,1
55,2021-08-04,0,0,0,0,0,0,0,0,0,0,0,0,0,0,0,0
55,2021-08-05,0,0,23,25,0,1,1,0,0,0,0,0,0,0,0,2
55,2021-08-06,0,0,0,4,0,0,0,6,0,0,0,0,0,0,0,1
55,2021-08-07,0,0,4,14,0,0,0,0,0,0,0,0,0,0,0,0
55,2021-08-08,0,0,1,14,0,0,3,1,0,0,0,0,0,0,0,0
55,2021-08-09,0,0,32,24,0,0,0,0,0,0,1,0,0,0,0,0
55,2021-08-10,0,0,12,18,0,0,0,0,0,0,0,0,0,0,0,0
55,2021-08-11,0,0,0,1,0,0,0,1,0,0,0,0,0,0,0,0
55,2021-08-12,0,0,7,6,0,0,0,0,0,0,0,0,0,0,0,0
55,2021-08-13,0,0,7,5,0,0,0,0,0,0,0,0,0,0,0,0
55,2021-08-14,0,0,2,1,0,0,0,0,0,0,0,0,0,0,0,0
55,2021-08-15,0,0,0,0,0,0,0,0,0,0,0,0,0,0,0,0
55,2021-08-16,0,0,0,1,0,0,0,0,0,0,0,0,0,0,0,0
55,2021-08-17,0,0,0,11,0,0,0,1,0,0,2,0,0,0,0,0
55,2021-08-18,0,0,45,67,0,0,0,1,0,0,0,1,0,0,0,0
55,2021-08-19,0,0,0,40,0,0,0,1,0,0,0,1,0,0,0,0
55,2021-08-20,0,0,24,43,0,0,0,0,0,0,0,2,0,0,0,0
55,2021-08-21,0,0,82,75,0,2,4,0,0,0,0,0,0,0,0,0
55,2021-08-22,0,0,3,28,0,0,0,1,0,0,0,3,0,0,0,0
55,2021-08-23,0,4,6,31,0,0,0,0,0,0,0,0,0,0,0,0
55,2021-08-24,0,0,4,10,0,0,0,1,0,0,0,0,0,0,0,0
55,2021-08-25,0,0,11,18,0,0,0,1,0,0,0,1,0,0,0,0
55,2021-08-26,0,0,3,5,0,0,0,0,0,0,0,0,0,0,0,0
55,2021-08-27,0,0,0,1,0,0,0,0,0,0,0,0,0,0,1,2
55,2021-08-28,0,0,0,0,0,0,0,0,0,0,0,0,0,0,0,0
55,2021-08-29,0,1,0,0,0,0,0,0,0,0,0,1,0,0,0,0
55,2021-08-30,0,0,1,4,0,0,0,0,0,0,0,2,0,0,0,2
55,2021-08-31,0,0,2,8,0,0,0,0,0,0,0,3,0,0,0,1
55,2021-09-01,0,0,4,0,0,0,0,1,0,0,0,2,0,0,0,1
55,2021-09-02,0,0,2,2,0,0,0,0,0,0,0,0,0,0,0,0
55,2021-09-03,0,1,1,0,0,0,0,0,0,0,0,2,0,0,0,1
55,2021-09-04,0,0,0,0,0,0,0,1,0,0,0,0,0,0,0,0
55,2021-09-05,0,0,1,0,0,0,0,0,0,0,0,0,0,0,0,2
55,2021-09-06,0,0,7,8,0,0,0,0,0,0,0,0,0,0,0,2
55,2021-09-07,0,0,4,0,0,0,0,0,0,0,1,0,0,0,0,2
55,2021-09-08,0,0,0,0,0,0,0,0,0,0,0,0,0,0,0,1
55,2021-09-09,0,0,0,0,0,0,0,0,0,0,0,0,0,0,0,4
55,2021-09-10,0,0,0,0,0,0,3,1,0,0,0,4,0,0,0,2
55,2021-09-11,0,0,0,1,0,0,6,0,0,0,0,15,0,0,0,7
55,2021-09-12,0,2,2,9,0,0,9,7,0,0,0,3,0,0,0,9
55,2021-09-13,0,1,5,3,0,0,0,5,0,0,1,3,0,0,0,10
55,2021-09-14,0,0,0,0,0,0,0,0,0,0,0,0,0,0,0,0
55,2021-09-15,0,0,3,0,0,0,0,0,0,0,0,0,0,0,0,0
55,2021-09-16,0,0,0,1,0,0,0,0,0,0,0,3,0,0,0,0
55,2021-09-17,0,0,0,5,0,0,0,0,0,0,0,1,0,0,0,0
55,2021-09-18,0,0,1,18,0,0,0,0,0,0,0,1,0,0,0,0
55,2021-09-19,0,0,3,0,0,0,0,0,0,0,0,0,0,0,0,0
55,2021-09-20,0,0,0,0,0,0,0,0,0,0,0,3,0,0,0,0
55,2021-09-21,0,0,0,1,0,0,0,1,0,0,0,0,0,0,0,0
55,2021-09-22,0,0,0,0,0,0,6,7,0,0,0,0,0,0,0,0
55,2021-09-23,0,0,0,0,0,0,4,4,0,0,0,12,0,0,0,6
55,2021-09-24,0,0,0,0,0,0,0,3,0,0,0,5,0,0,0,3
55,2021-09-25,0,0,0,0,0,0,0,0,0,0,0,5,0,0,0,0
55,2021-09-26,0,0,0,0,0,0,0,0,0,0,0,1,0,0,0,0
55,2021-09-27,0,0,0,0,0,0,0,1,0,0,1,0,0,0,0,0
55,2021-09-28,0,0,3,8,0,0,1,5,0,0,0,6,0,0,0,6
55,2021-09-29,1,0,2,6,0,0,5,10,0,0,0,10,0,0,0,3
55,2021-09-30,0,0,2,5,0,0,3,29,0,0,0,4,0,0,0,2
55,2021-10-01,0,0,2,6,0,0,0,2,0,0,0,3,0,0,0,0
55,2021-10-02,0,0,5,2,0,0,1,0,0,0,0,0,0,0,0,0
55,2021-10-03,0,0,5,6,0,1,1,1,0,0,1,1,0,0,0,2
55,2021-10-04,0,0,2,6,0,0,4,1,0,0,0,4,0,0,0,2
55,2021-10-05,0,0,1,2,0,0,0,0,0,0,0,3,0,0,0,2
55,2021-10-06,0,0,2,0,1,0,0,0,0,0,0,7,0,0,0,1
55,2021-10-07,0,0,0,0,0,0,0,2,0,0,0,4,0,0,0,1
55,2021-10-08,1,0,7,5,0,0,7,8,0,0,0,6,0,0,0,3
55,2021-10-09,0,1,5,6,0,0,25,15,0,0,0,4,0,0,0,6
55,2021-10-10,0,0,2,1,0,2,0,0,0,0,0,2,0,0,0,0
55,2021-10-11,0,0,0,0,0,0,0,0,0,0,0,0,0,0,0,0
55,2021-10-12,0,0,0,13,0,0,1,0,0,0,0,0,0,0,0,4
55,2021-10-13,0,0,0,0,0,0,1,0,0,0,0,2,0,0,0,4
55,2021-10-14,0,0,0,0,0,0,0,0,0,0,0,0,0,0,0,0
55,2021-10-15,0,0,0,0,0,0,0,0,0,0,0,0,0,0,0,0
55,2021-10-16,0,0,0,0,0,0,0,0,0,0,0,0,0,0,0,0
55,2021-10-17,0,0,0,0,0,0,0,0,0,0,0,0,0,0,0,0
55,2021-10-18,0,0,0,0,0,0,1,0,0,0,0,4,0,0,0,0
55,2021-10-19,0,1,0,2,0,0,0,0,0,0,0,2,0,0,0,0
55,2021-10-20,0,0,0,5,0,0,5,0,0,0,0,0,0,0,0,1
55,2021-10-21,0,0,1,0,0,0,0,0,0,0,0,0,0,0,0,0
55,2021-10-22,0,0,0,1,0,0,0,0,0,0,0,2,0,0,0,0
55,2021-10-23,0,0,0,5,0,0,0,0,0,0,0,2,0,0,0,0
55,2021-10-24,0,0,3,4,0,0,1,2,0,0,0,9,0,0,0,0
55,2021-10-25,0,0,3,12,0,1,3,3,0,0,0,11,0,0,0,0
55,2021-10-26,0,0,1,14,0,0,3,12,0,0,0,3,0,0,0,0
55,2021-10-27,0,0,0,0,0,0,1,3,0,0,0,3,0,0,0,0
55,2021-10-28,0,0,0,1,0,0,0,0,0,0,0,2,0,0,0,0
55,2021-10-29,0,0,0,1,0,0,1,0,0,0,2,28,0,0,0,0
55,2021-10-30,0,0,4,8,0,0,6,2,0,0,0,4,0,0,0,0
55,2021-10-31,0,0,1,8,0,0,0,5,0,0,0,3,0,0,0,0
55,2021-11-01,0,0,0,7,0,0,0,1,0,0,0,3,0,0,0,0
55,2021-11-02,0,0,0,0,0,0,0,0,0,0,0,4,0,0,0,0
55,2021-11-03,0,0,1,3,0,0,1,0,0,0,0,11,0,0,1,3
55,2021-11-04,1,0,8,7,0,0,1,0,0,0,0,5,0,0,0,2
55,2021-11-05,0,3,9,18,0,0,3,3,0,0,0,4,0,0,0,1
55,2021-11-06,0,0,10,7,0,0,3,6,0,0,0,2,0,0,0,3
55,2021-11-07,0,4,0,3,0,1,5,2,0,0,0,16,0,0,0,3
55,2021-11-08,0,4,5,2,0,2,5,0,0,0,0,22,0,0,0,0
55,2021-11-09,0,5,6,9,0,0,1,3,0,0,1,24,0,0,0,0
55,2021-11-10,0,1,5,20,0,0,4,7,0,0,0,15,0,0,0,1
55,2021-11-11,0,3,10,7,0,0,3,9,0,0,0,12,0,0,0,0
55,2021-11-12,0,3,0,0,0,0,0,2,0,0,0,9,0,0,0,5
55,2021-11-13,0,3,8,2,0,0,3,0,0,0,0,26,0,0,0,0
55,2021-11-14,0,3,4,0,0,1,5,1,0,0,0,53,0,0,0,0
55,2021-11-15,0,7,35,23,0,0,4,1,0,0,0,23,0,0,0,0
55,2021-11-16,1,1,8,14,0,0,11,6,0,0,0,29,0,0,0,0
55,2021-11-17,0,0,7,14,0,0,1,2,0,0,0,7,0,0,0,0
55,2021-11-18,2,2,10,3,0,5,2,0,0,0,0,28,0,0,0,0
55,2021-11-19,3,4,38,24,1,0,6,4,0,0,0,105,0,0,0,1
55,2021-11-20,1,4,71,42,0,5,17,8,0,0,0,126,0,0,0,6
55,2021-11-21,0,8,40,39,2,6,28,9,0,0,0,38,0,0,0,17
55,2021-11-22,1,2,18,25,1,0,13,13,0,0,0,29,0,0,0,4
55,2021-11-23,0,0,15,4,0,0,8,6,0,0,0,38,0,0,0,0
55,2021-11-24,1,3,23,10,0,1,2,1,0,0,0,26,0,0,0,0
55,2021-11-25,0,0,48,36,0,0,2,12,0,0,0,18,0,0,0,0
55,2021-11-26,0,3,71,57,0,0,14,2,0,0,0,14,0,0,0,3
55,2021-11-27,2,2,36,33,0,0,15,12,0,0,0,21,0,0,0,4
55,2021-11-28,2,1,19,30,0,0,7,5,0,0,0,20,0,0,0,2
55,2021-11-29,3,0,52,32,2,0,7,0,0,0,0,58,0,0,0,5
55,2021-11-30,4,9,63,11,3,0,9,4,0,0,0,51,0,0,0,3
55,2021-12-01,8,20,179,41,2,1,16,6,0,0,1,75,0,0,0,10
55,2021-12-02,3,9,110,52,1,0,19,14,0,0,0,41,0,0,0,3
55,2021-12-03,1,3,92,49,5,2,19,18,0,0,0,33,0,0,0,2
55,2021-12-04,6,5,127,61,1,2,16,15,0,0,0,52,0,0,0,5
55,2021-12-05,9,11,175,56,2,4,19,8,0,0,0,78,0,0,1,0
55,2021-12-06,6,21,263,103,1,5,19,13,0,0,4,72,0,0,0,3
55,2021-12-07,7,9,142,118,1,4,38,23,0,0,0,48,0,0,0,12
55,2021-12-08,2,4,108,47,1,4,26,14,0,0,2,42,0,0,0,10
55,2021-12-09,1,3,45,22,0,0,9,14,0,0,0,25,0,0,0,13
55,2021-12-10,12,5,73,44,2,7,16,4,0,0,2,51,0,0,0,2
55,2021-12-11,2,9,128,90,0,2,13,12,0,0,2,60,0,0,0,7
55,2021-12-12,6,11,125,120,0,2,22,9,0,0,1,37,0,0,0,2
55,2021-12-13,0,3,72,58,1,10,16,10,0,0,1,22,0,0,0,0
55,2021-12-14,4,4,50,39,0,0,13,11,0,0,0,35,0,0,0,1
55,2021-12-15,1,7,57,40,0,3,15,7,0,0,0,44,0,0,0,2
55,2021-12-16,3,5,78,71,0,6,15,18,0,0,2,48,0,0,0,10
55,2021-12-17,5,10,128,83,1,6,37,13,0,0,3,63,0,0,0,13
55,2021-12-18,4,3,35,115,0,1,17,19,0,0,0,42,0,0,0,2
55,2021-12-19,4,3,34,41,0,0,10,10,0,0,0,23,0,0,0,2
55,2021-12-20,6,1,48,60,2,5,11,1,0,0,0,25,0,0,0,16
55,2021-12-21,6,11,85,79,0,9,23,3,0,0,1,38,0,0,0,11
55,2021-12-22,5,12,105,108,2,7,32,27,0,0,2,42,0,0,0,6
55,2021-12-23,5,14,71,144,0,12,35,41,0,0,0,24,0,0,0,2
55,2021-12-24,1,0,43,68,2,6,21,39,0,0,0,18,0,0,1,3
55,2021-12-25,3,2,35,16,0,1,18,6,0,0,0,32,0,0,0,0
55,2021-12-26,1,1,38,61,0,4,16,4,0,0,1,47,0,0,0,0
55,2021-12-27,4,4,62,117,1,5,16,15,0,0,3,98,0,0,2,1
55,2021-12-28,4,19,89,171,0,17,39,30,0,0,1,94,0,0,1,11
55,2021-12-29,1,8,52,89,0,2,6,34,0,0,0,60,0,0,0,4
55,2021-12-30,8,3,28,53,0,1,20,13,0,0,0,27,0,0,0,3
55,2021-12-31,3,1,44,83,0,3,16,21,0,0,0,66,0,0,0,3
55,2022-01-01,1,7,34,83,1,0,13,15,0,0,0,128,0,0,0,3
55,2022-01-02,3,22,68,124,3,7,49,21,0,0,0,88,0,0,0,5
55,2022-01-03,2,10,46,68,1,8,55,38,0,0,1,47,0,0,0,3
55,2022-01-04,8,2,35,19,2,6,33,14,0,0,1,93,0,0,0,8
55,2022-01-05,2,8,52,85,1,4,38,21,0,0,2,103,0,0,0,20
55,2022-01-06,7,13,76,175,1,8,54,51,0,0,7,160,0,0,1,22
55,2022-01-07,14,31,115,148,2,12,61,42,0,0,3,203,0,0,0,24
55,2022-01-08,10,34,96,168,4,14,74,41,0,0,13,145,0,0,0,22
55,2022-01-09,5,27,53,154,0,11,44,34,0,0,2,106,0,0,0,11
55,2022-01-10,14,10,61,146,0,15,50,39,0,0,4,133,0,0,0,15
55,2022-01-11,4,16,98,124,5,6,41,58,0,0,9,89,0,0,1,17
55,2022-01-12,1,31,80,138,1,10,50,35,0,0,1,59,0,0,0,1
55,2022-01-13,11,54,100,200,2,5,28,36,0,0,4,95,0,0,0,20
55,2022-01-14,0,20,82,146,0,11,55,55,0,0,0,7,0,0,0,6
55,2022-01-15,2,11,38,114,2,8,30,21,0,0,0,15,0,0,0,0
55,2022-01-16,3,6,46,101,0,24,30,63,0,0,0,9,0,0,0,2
55,2022-01-17,2,1,67,93,0,9,8,23,0,0,0,59,0,0,0,1
55,2022-01-18,5,24,102,252,1,3,9,68,0,0,0,84,0,0,0,2
55,2022-01-19,2,7,71,224,0,7,41,100,0,0,1,52,0,0,0,1
55,2022-01-20,0,0,20,66,0,0,3,20,0,0,0,42,0,0,0,0
55,2022-01-21,0,0,9,11,0,0,0,0,0,0,0,130,0,0,0,0
55,2022-01-22,0,0,10,14,0,0,0,16,0,0,3,152,0,0,0,0
55,2022-01-23,3,18,70,40,1,2,3,13,0,0,2,231,0,0,0,6
55,2022-01-24,2,17,71,111,0,0,32,50,0,0,0,172,0,0,1,11
55,2022-01-25,1,7,89,169,0,2,35,81,0,0,3,145,0,0,0,1
55,2022-01-26,4,27,117,156,0,10,52,63,0,0,4,140,0,0,0,0
55,2022-01-27,8,47,175,101,4,21,100,127,0,0,9,208,0,0,0,0
55,2022-01-28,20,115,373,220,9,31,101,91,0,0,11,499,0,0,2,6
55,2022-01-29,58,265,430,254,18,65,204,125,0,0,19,465,0,0,2,9
55,2022-01-30,47,134,324,306,12,26,196,106,0,0,4,282,0,0,0,15
55,2022-01-31,35,86,219,175,2,15,86,19,0,0,10,335,0,0,0,9
55,2022-02-01,14,64,211,132,3,17,46,1,0,0,20,471,0,0,3,1
55,2022-02-02,28,72,384,97,1,36,46,3,0,0,42,525,0,0,0,3
55,2022-02-03,36,100,320,145,7,30,72,8,0,0,46,380,0,0,0,14
55,2022-02-04,9,8,74,81,1,1,33,39,0,0,12,235,0,0,0,15
55,2022-02-05,0,0,8,70,0,0,0,31,0,0,0,66,0,0,0,1
55,2022-02-06,3,0,33,94,0,0,3,36,0,0,0,71,0,0,0,0
55,2022-02-07,3,11,100,154,1,0,25,75,0,0,4,226,0,0,0,0
55,2022-02-08,34,78,240,253,6,9,67,254,0,0,26,365,0,0,2,9
55,2022-02-09,73,54,266,344,9,21,129,161,0,0,12,473,0,0,0,37
55,2022-02-10,62,39,131,143,22,15,139,184,0,0,12,332,0,0,2,13
55,2022-02-11,25,6,138,34,14,41,120,87,0,0,32,435,0,0,1,32
55,2022-02-12,29,18,216,20,6,38,99,26,0,0,46,559,0,0,0,16
55,2022-02-13,54,69,455,122,14,20,80,45,0,0,55,549,0,0,1,21
55,2022-02-14,76,69,279,110,13,19,63,5,0,0,60,489,0,0,3,31
55,2022-02-15,0,0,34,47,0,3,91,212,0,0,34,415,0,0,0,31
55,2022-02-16,0,1,13,5,0,0,23,3,0,0,19,420,0,0,0,14
55,2022-02-17,0,0,6,4,0,0,37,16,0,0,5,109,0,0,0,24
55,2022-02-18,0,1,13,37,0,3,4,45,0,0,5,284,0,0,0,19
55,2022-02-19,0,0,24,101,0,0,0,32,0,0,2,143,0,0,0,20
55,2022-02-20,0,0,2,43,0,0,0,0,0,0,15,437,0,0,0,1
55,2022-02-21,0,0,12,16,0,0,0,0,0,0,2,91,0,0,0,0
55,2022-02-22,3,0,52,75,0,0,0,3,0,0,26,508,0,0,0,0
55,2022-02-23,0,8,78,193,0,0,9,39,0,0,50,725,0,0,0,0
55,2022-02-24,0,7,205,300,0,4,27,82,0,0,83,1088,0,0,0,8
55,2022-02-25,6,14,168,347,1,5,66,137,0,0,67,742,0,0,0,12
55,2022-02-26,5,6,127,285,0,6,90,136,0,0,50,603,0,0,0,33
55,2022-02-27,1,9,170,278,1,6,35,119,0,0,42,916,0,0,4,39
55,2022-02-28,4,1,280,301,1,4,165,328,0,0,71,990,0,0,0,31
55,2022-03-01,39,52,390,342,12,96,423,860,0,0,281,1407,0,0,0,18
55,2022-03-02,53,51,335,361,12,66,488,330,0,0,228,853,0,0,1,20
55,2022-03-03,15,6,183,242,7,79,465,462,0,0,111,594,0,0,0,20
55,2022-03-04,4,18,118,206,2,48,362,352,0,0,87,661,0,0,0,14
55,2022-03-05,15,21,214,205,31,104,547,392,0,0,163,939,0,0,1,18
55,2022-03-06,23,28,381,210,47,139,588,372,0,0,265,957,0,0,0,2
55,2022-03-07,8,20,313,161,7,52,124,26,0,0,176,837,0,0,0,5
55,2022-03-08,0,8,85,63,0,0,48,94,0,0,19,441,0,0,0,19
55,2022-03-09,0,1,44,133,0,3,76,193,0,0,22,255,0,0,0,7
55,2022-03-10,0,1,73,124,1,5,152,178,0,0,47,617,0,0,1,7
55,2022-03-11,3,11,147,153,13,39,314,292,0,0,87,906,0,0,0,8
55,2022-03-12,8,40,309,288,28,77,560,371,0,0,147,1470,0,0,2,18
55,2022-03-13,5,12,218,332,26,82,584,365,0,0,99,905,0,0,0,18
55,2022-03-14,0,7,126,179,3,47,482,343,0,0,56,524,0,0,0,6
55,2022-03-15,0,2,118,119,2,31,121,352,0,0,35,850,0,0,0,10
55,2022-03-16,1,4,123,112,0,0,1,2,0,0,47,1751,0,0,0,11
55,2022-03-17,7,38,439,330,1,6,6,16,0,0,80,1724,0,0,0,4
55,2022-03-18,0,32,243,179,0,0,13,60,0,0,128,1337,0,0,0,16
55,2022-03-19,1,4,80,116,2,3,50,104,0,0,80,1193,0,0,0,11
55,2022-03-20,0,0,31,58,0,4,231,251,0,0,114,1008,0,0,0,5
55,2022-03-21,0,4,12,27,2,4,132,50,0,0,14,237,0,0,0,5
55,2022-03-22,0,2,57,50,0,26,108,63,0,0,4,43,0,0,0,0
55,2022-03-23,0,0,26,33,0,1,68,31,0,0,0,5,0,0,0,0
55,2022-03-24,0,1,22,39,0,0,9,0,0,0,5,35,0,0,0,3
55,2022-03-25,0,5,58,47,1,5,152,2,0,0,42,221,0,0,0,4
55,2022-03-26,2,5,161,96,18,55,600,20,0,0,158,554,0,0,0,0
55,2022-03-27,14,16,283,186,61,277,1211,105,0,0,255,268,0,0,0,0
55,2022-03-28,2,12,281,222,0,25,835,28,0,0,539,678,0,0,0,7
55,2022-03-29,0,4,114,160,0,0,0,47,0,0,35,629,0,0,0,0
55,2022-03-30,0,0,177,123,0,0,5,57,0,0,30,730,0,0,0,0
55,2022-03-31,0,4,170,89,0,10,168,168,0,0,3,721,0,0,0,2
55,2022-04-01,6,2,153,178,7,90,211,0,0,0,41,945,0,0,0,0
55,2022-04-02,0,0,41,93,0,0,8,0,0,0,0,491,0,0,0,0
55,2022-04-03,7,7,59,101,16,137,867,44,0,0,41,561,0,0,0,4
55,2022-04-04,6,35,129,182,55,436,2066,123,0,0,43,879,0,0,0,4
55,2022-04-05,10,16,132,162,122,830,5717,585,0,0,176,1815,0,0,0,6
55,2022-04-06,29,7,126,178,18,145,1675,845,0,0,27,1889,0,0,0,1
55,2022-04-07,17,8,120,179,105,538,1740,627,0,0,6,1234,0,0,0,2
55,2022-04-08,1,3,79,131,63,451,5170,1524,0,0,70,96,0,0,2,17
55,2022-04-09,10,14,124,144,28,116,444,445,0,0,147,552,0,0,0,7
55,2022-04-10,4,11,75,117,49,415,2452,908,0,0,80,694,0,0,0,6
55,2022-04-11,1,2,97,96,14,94,1612,288,0,0,441,1247,0,0,0,6
55,2022-04-12,9,12,269,184,40,199,188,205,0,0,342,1290,0,0,0,2
55,2022-04-13,15,22,321,159,26,224,502,329,0,0,410,1046,0,0,0,16
55,2022-04-14,4,14,170,100,3,26,214,106,0,0,196,563,0,0,0,9
55,2022-04-15,8,25,148,104,24,216,1826,139,0,0,36,627,0,0,1,8
55,2022-04-16,16,24,219,90,6,122,943,30,0,0,51,824,0,0,0,2
55,2022-04-17,17,16,228,112,12,38,121,15,0,0,11,520,0,0,0,2
55,2022-04-18,0,0,213,119,0,0,0,11,0,0,0,492,0,0,0,1
55,2022-04-19,0,0,16,63,0,0,8,109,0,0,0,170,0,0,0,0
55,2022-04-20,0,0,21,59,0,3,15,48,0,0,0,85,0,0,0,0
55,2022-04-21,0,0,7,38,0,0,5,89,0,0,0,34,0,0,0,0
55,2022-04-22,0,0,37,45,0,0,47,18,0,0,5,147,0,0,0,9
55,2022-04-23,4,0,149,84,0,12,201,104,0,0,54,485,0,0,0,14
55,2022-04-24,3,0,79,90,0,22,262,163,0,0,6,187,0,0,0,39
55,2022-04-25,8,7,121,78,0,12,214,134,0,0,97,386,0,0,0,35
55,2022-04-26,11,4,67,37,1,16,1448,1213,0,0,107,364,0,0,0,46
55,2022-04-27,31,1,152,56,0,67,3033,857,0,0,75,216,0,0,2,32
55,2022-04-28,52,9,222,96,3,215,2509,611,0,0,81,348,0,0,0,27
55,2022-04-29,61,29,34,9,0,41,695,72,0,0,6,155,0,0,0,37
55,2022-04-30,2,6,35,10,0,9,60,15,0,0,4,97,0,0,0,6
55,2022-05-01,1,2,25,10,0,20,44,9,0,0,1,70,0,0,0,2
55,2022-05-02,0,0,2,0,0,0,4,0,0,0,0,18,0,0,0,0
55,2022-05-03,0,0,20,4,0,5,47,21,0,0,1,40,0,0,0,0
55,2022-05-04,38,35,165,37,6,88,530,118,0,0,22,64,0,0,0,3
55,2022-05-05,1,3,32,39,1,13,441,442,0,0,0,52,0,0,0,0
55,2022-05-06,4,0,19,8,0,10,19,11,0,0,4,30,0,0,0,3
55,2022-05-07,0,0,5,0,0,0,12,23,0,0,0,17,0,0,0,6
55,2022-05-08,0,1,0,0,0,0,0,0,0,0,0,10,0,0,0,0
55,2022-05-09,0,1,14,13,0,0,0,11,0,0,0,23,0,0,0,0
55,2022-05-10,0,0,1,1,0,2,1,0,0,0,0,0,0,0,0,0
55,2022-05-11,0,0,2,3,0,0,0,0,0,0,0,2,0,0,0,0
55,2022-05-12,0,0,0,0,0,0,0,0,0,0,0,0,0,0,0,0
55,2022-05-13,0,0,6,3,0,1,0,0,0,0,1,3,0,0,0,4
55,2022-05-14,0,1,27,11,0,6,16,5,0,0,4,5,0,0,0,12
55,2022-05-15,19,16,70,26,0,10,45,7,0,0,7,32,0,0,0,31
55,2022-05-16,0,0,16,8,0,0,4,0,0,0,2,15,0,0,0,0
55,2022-05-17,0,0,1,0,0,0,0,1,0,0,0,1,0,0,0,0
55,2022-05-18,0,0,1,1,0,0,0,9,0,0,0,0,0,0,0,0
55,2022-05-19,8,1,1,0,0,8,39,78,0,0,0,5,0,0,0,6
55,2022-05-20,0,0,0,0,0,0,6,17,0,0,0,0,0,0,0,7
55,2022-05-21,0,0,0,0,0,0,0,0,0,0,0,1,0,0,0,0
55,2022-05-22,0,0,0,1,0,0,0,0,0,0,0,0,0,0,0,0
55,2022-05-23,0,0,2,1,0,0,0,0,0,0,0,5,0,0,0,6
55,2022-05-24,0,1,3,0,0,0,0,0,0,0,0,3,0,0,0,13
55,2022-05-25,3,1,16,1,0,18,7,0,0,0,0,1,0,0,0,8
55,2022-05-26,1,0,2,8,0,15,47,9,0,0,0,4,0,0,0,7
55,2022-05-27,5,1,10,5,0,4,6,0,0,0,3,2,0,0,0,20
55,2022-05-28,2,1,5,4,0,7,34,116,0,0,0,3,0,0,0,45
55,2022-05-29,1,0,10,4,0,18,76,15,0,0,0,4,0,0,0,63
55,2022-05-30,6,1,14,5,0,1,43,0,0,0,1,8,0,0,0,56
55,2022-05-31,3,1,6,6,0,0,0,0,0,0,0,1,0,0,0,0
55,2022-06-01,1,2,3,11,0,0,2,5,0,0,0,0,0,0,0,1
55,2022-06-02,0,0,5,4,0,1,9,10,0,0,0,2,0,0,0,0
55,2022-06-03,1,0,1,0,0,0,0,0,0,0,0,3,0,0,0,0
55,2022-06-04,3,1,2,0,0,5,4,54,0,0,0,3,0,0,0,1
55,2022-06-05,2,1,10,2,2,3,56,23,0,0,0,1,0,0,0,10
55,2022-06-06,0,0,1,4,0,0,0,0,0,0,0,0,0,0,0,1
55,2022-06-07,6,0,3,3,0,6,14,0,0,0,0,0,0,0,0,0
55,2022-06-08,0,0,0,2,0,0,0,0,0,0,0,0,0,0,0,0
55,2022-06-09,0,0,2,2,0,0,3,2,0,0,0,0,0,0,0,0
55,2022-06-10,1,1,0,3,0,1,7,0,0,0,0,4,0,0,0,0
55,2022-06-11,1,0,2,5,0,0,4,0,0,0,0,1,0,0,0,1
55,2022-06-12,0,1,1,4,0,2,0,0,0,0,0,1,0,0,0,0
55,2022-06-13,1,0,3,4,0,0,12,45,0,0,0,2,0,0,0,0
55,2022-06-14,5,1,4,1,0,0,3,0,0,0,0,0,0,0,0,0
55,2022-06-15,3,0,0,2,0,0,0,0,0,0,0,0,0,0,0,0
55,2022-06-16,0,0,2,13,0,0,0,0,0,0,0,0,0,0,0,0
55,2022-06-17,0,0,3,4,0,0,0,2,0,0,0,0,0,0,0,0
55,2022-06-18,0,0,0,4,0,0,0,4,0,0,0,0,0,0,0,0
55,2022-06-19,0,0,3,5,0,2,12,5,0,0,0,0,0,0,0,1
55,2022-06-20,3,2,15,6,1,2,8,0,0,0,0,0,0,0,0,12
55,2022-06-21,4,3,16,19,0,4,32,26,0,0,0,0,0,0,0,10
55,2022-06-22,0,0,3,9,0,0,6,32,0,0,0,0,0,0,0,0
55,2022-06-23,0,0,2,4,2,1,4,4,0,0,0,0,0,0,0,0
55,2022-06-24,0,0,0,0,0,0,0,9,0,0,0,0,0,0,0,0
55,2022-06-25,0,1,3,0,0,0,3,0,0,0,0,1,0,0,0,1
55,2022-06-26,0,0,7,1,0,0,2,3,0,0,0,0,0,0,0,2
55,2022-06-27,0,0,5,7,0,0,5,4,0,0,0,0,0,0,0,0
55,2022-06-28,0,0,1,6,0,0,0,1,0,0,0,0,0,0,0,0
55,2022-06-29,1,0,0,4,0,0,0,4,0,0,0,0,0,0,0,0
55,2022-06-30,0,0,0,0,0,0,0,0,0,0,0,0,0,0,0,0
55,2022-07-01,0,0,0,3,0,0,0,0,0,0,0,0,0,0,0,1
55,2022-07-02,0,0,1,7,0,0,0,0,0,0,0,0,0,0,0,3
55,2022-07-03,0,0,0,7,0,0,0,0,0,0,0,0,0,0,0,0
55,2022-07-04,0,0,2,2,0,0,1,1,0,0,0,0,0,0,0,2
55,2022-07-05,0,2,0,0,0,0,0,0,0,0,0,0,0,0,0,0
55,2022-07-06,0,0,3,2,0,0,0,0,0,0,0,0,0,0,0,0
55,2022-07-07,0,0,6,7,0,0,0,0,0,0,0,0,0,0,0,14
55,2022-07-08,0,0,1,1,0,0,0,0,0,0,0,0,0,0,0,0
55,2022-07-09,0,0,1,0,0,0,1,0,0,0,0,0,0,0,0,8
55,2022-07-10,0,0,0,0,0,0,0,0,0,0,0,0,0,0,0,2
55,2022-07-11,0,0,0,0,0,0,0,0,0,0,0,0,0,0,0,3
55,2022-07-12,0,0,1,0,0,0,1,0,0,0,0,0,0,0,0,23
55,2022-07-13,0,0,0,0,0,0,6,2,0,0,0,0,0,0,0,20
55,2022-07-14,0,0,1,0,0,0,0,0,0,0,1,1,0,0,0,19
55,2022-07-15,0,0,2,1,0,0,0,0,0,0,0,0,0,0,0,2
55,2022-07-16,0,0,11,13,0,0,1,0,0,0,0,0,0,0,0,4
55,2022-07-17,0,0,25,13,0,0,3,1,0,0,0,0,0,0,0,3
55,2022-07-18,0,1,21,27,0,2,3,0,0,0,0,0,0,0,0,0
55,2022-07-19,0,0,1,14,0,0,0,0,0,0,0,0,0,0,0,1
55,2022-07-20,0,0,0,0,0,0,0,0,0,0,0,0,0,0,0,0
55,2022-07-21,0,0,0,0,0,0,0,0,0,0,0,0,0,0,0,0
55,2022-07-22,0,0,0,0,0,0,0,0,0,0,0,0,0,0,0,0
55,2022-07-23,0,0,0,1,0,0,0,0,0,0,0,0,0,0,0,0
55,2022-07-24,0,0,1,3,0,0,1,4,0,0,0,2,0,0,0,2
55,2022-07-25,0,0,1,9,1,0,0,2,0,0,0,1,0,0,0,6
55,2022-07-26,0,0,2,0,0,0,3,1,0,0,0,3,0,0,0,5
55,2022-07-27,0,0,0,0,0,0,0,0,0,0,0,0,0,0,0,0
55,2022-07-28,0,0,0,0,0,0,0,0,0,0,0,0,0,0,0,0
55,2022-07-29,0,0,0,0,0,0,0,0,0,0,0,0,0,0,0,0
55,2022-07-30,0,0,0,0,0,0,0,0,0,0,0,0,0,0,0,0
55,2022-07-31,0,0,0,0,0,0,0,0,0,0,0,0,0,0,0,0
55,2022-08-01,0,0,0,0,0,0,0,0,0,0,0,0,0,0,0,0
55,2022-08-02,0,0,0,0,0,0,0,0,0,0,0,0,0,0,0,0
55,2022-08-03,0,0,0,0,0,0,0,0,0,0,0,0,0,0,0,0
55,2022-08-04,0,0,0,0,0,0,0,0,0,0,0,0,0,0,0,0
55,2022-08-05,0,0,0,0,0,0,0,0,0,0,0,0,0,0,0,0
55,2022-08-06,0,0,0,0,0,0,0,0,0,0,0,0,0,0,0,0
55,2022-08-07,0,0,0,0,0,0,0,0,0,0,0,0,0,0,0,0
55,2022-08-08,0,0,0,0,0,0,0,0,0,0,0,0,0,0,0,0
55,2022-08-09,0,0,0,0,0,0,0,0,0,0,0,0,0,0,0,0
55,2022-08-10,0,0,0,0,0,0,0,0,0,0,0,0,0,0,0,0
55,2022-08-11,0,0,0,0,0,0,0,0,0,0,0,0,0,0,0,3
55,2022-08-12,0,0,0,0,0,0,0,0,0,0,0,0,0,0,0,0
55,2022-08-13,0,0,38,46,0,0,0,0,0,0,0,1,0,0,0,0
55,2022-08-14,0,0,0,6,1,0,0,0,0,0,0,0,0,0,0,4
55,2022-08-15,0,0,1,3,0,0,0,0,0,0,0,0,0,0,0,2
55,2022-08-16,0,0,1,1,0,0,0,0,0,0,0,0,0,0,0,0
55,2022-08-17,0,0,2,2,0,0,0,0,0,0,0,0,0,0,0,0
55,2022-08-18,0,1,1,20,0,0,3,0,0,0,0,1,0,0,0,2
55,2022-08-19,0,0,12,28,0,1,0,0,0,0,1,0,0,0,0,4
55,2022-08-20,0,0,0,0,0,0,0,0,0,0,0,0,0,0,0,0
55,2022-08-21,0,0,0,1,0,0,0,0,0,0,0,0,0,0,0,0
55,2022-08-22,0,0,0,5,0,0,0,0,0,0,0,0,0,0,0,0
55,2022-08-23,0,0,1,34,0,0,0,0,0,0,0,1,0,0,0,1
55,2022-08-24,0,0,14,66,0,0,0,0,0,0,0,0,0,0,0,0
55,2022-08-25,0,0,0,0,0,0,0,0,0,0,0,0,0,0,0,0
55,2022-08-26,0,0,0,0,0,0,0,0,0,0,0,0,0,0,0,0
55,2022-08-27,0,0,0,3,0,0,0,0,0,0,0,0,0,0,0,0
55,2022-08-28,0,0,1,9,0,0,0,0,0,0,0,0,0,0,0,0
55,2022-08-29,0,0,0,0,0,0,5,0,0,0,0,1,0,0,0,0
55,2022-08-30,0,0,3,3,0,3,12,2,0,0,0,2,0,0,0,1
55,2022-08-31,0,0,16,9,0,0,0,0,0,0,0,2,0,0,0,0
55,2022-09-01,0,0,8,15,0,0,0,0,0,0,0,0,0,0,0,1
55,2022-09-02,0,0,0,13,0,0,2,0,0,0,0,7,0,0,0,0
55,2022-09-03,0,0,11,2,0,0,2,0,0,0,0,2,0,0,0,1
55,2022-09-04,0,1,13,53,0,0,1,0,0,0,0,0,0,0,0,0
55,2022-09-05,0,0,0,4,0,0,0,1,0,0,0,0,0,0,0,1
55,2022-09-06,0,0,0,5,0,0,2,2,0,0,0,1,0,0,0,1
55,2022-09-07,0,0,0,0,0,0,1,3,0,0,1,2,0,0,0,3
55,2022-09-08,0,0,0,0,0,0,0,0,0,0,0,2,0,0,0,0
55,2022-09-09,0,0,0,0,0,0,0,0,0,0,0,0,0,0,0,0
55,2022-09-10,0,0,0,1,0,0,1,0,0,0,0,0,0,0,0,0
55,2022-09-11,0,0,0,0,0,0,0,0,0,0,0,0,0,0,0,0
55,2022-09-12,0,0,0,0,0,0,0,0,0,0,0,0,0,0,0,0
55,2022-09-13,0,0,6,4,0,0,0,1,0,0,0,1,0,0,0,0
55,2022-09-14,0,0,10,25,0,0,1,2,0,0,0,2,0,0,0,0
55,2022-09-15,0,0,6,3,0,0,3,1,0,0,0,1,0,0,0,0
55,2022-09-16,0,0,6,12,0,0,0,0,0,0,0,1,0,0,0,0
55,2022-09-17,0,0,1,7,0,0,0,0,0,0,0,1,0,0,0,2
55,2022-09-18,0,0,1,1,0,0,0,0,0,0,0,0,0,0,0,2
55,2022-09-19,0,0,0,0,0,0,0,0,0,0,0,1,0,0,0,2
55,2022-09-20,0,0,0,3,0,0,1,0,0,0,0,0,0,0,0,4
55,2022-09-21,0,0,1,7,0,0,0,3,0,0,0,1,0,0,0,1
55,2022-09-22,0,0,0,0,0,0,1,0,0,0,0,0,0,0,0,0
55,2022-09-23,0,0,0,0,0,0,0,0,0,0,0,1,0,0,0,3
55,2022-09-24,0,0,1,0,0,0,0,0,0,0,0,0,0,0,0,1
55,2022-09-25,0,0,0,0,0,0,0,0,0,0,0,1,0,0,0,4
55,2022-09-26,0,0,0,0,0,0,1,2,0,0,0,3,0,0,0,6
55,2022-09-27,0,0,0,0,0,0,1,2,0,0,0,2,0,0,0,4
55,2022-09-28,0,0,0,0,0,0,1,0,0,0,0,3,0,0,0,0
55,2022-09-29,0,0,0,0,0,0,0,0,0,0,3,1,0,0,0,0
55,2022-09-30,0,0,0,0,0,0,0,0,0,0,0,0,0,0,0,0
55,2022-10-01,0,0,0,0,0,0,0,0,0,0,0,0,0,0,0,0
55,2022-10-02,0,0,0,0,0,0,0,0,0,0,0,0,0,0,0,0
55,2022-10-03,0,0,0,1,0,0,1,1,0,0,0,0,0,0,0,0
55,2022-10-04,0,0,0,3,0,0,0,0,0,0,0,1,0,0,0,2
55,2022-10-05,0,0,0,2,0,0,0,0,0,0,0,4,0,0,0,6
55,2022-10-06,0,0,1,2,0,1,1,1,0,0,0,8,0,0,0,0
55,2022-10-07,0,0,3,3,0,0,1,0,0,0,0,0,0,0,0,1
55,2022-10-08,0,0,1,2,0,0,4,2,0,0,0,0,0,0,0,0
55,2022-10-09,0,0,1,0,0,0,1,1,0,0,0,0,0,0,0,0
55,2022-10-10,0,0,2,0,0,0,0,0,0,0,0,1,0,0,0,0
55,2022-10-11,0,0,1,3,0,0,1,10,0,0,0,2,0,0,0,0
55,2022-10-12,0,1,3,26,0,0,1,13,0,0,1,3,0,0,0,0
55,2022-10-13,0,0,2,11,0,0,1,6,0,0,0,2,0,0,0,0
55,2022-10-14,0,0,0,0,0,0,3,3,0,0,0,2,0,0,0,0
55,2022-10-15,0,0,0,0,0,0,0,5,0,0,0,0,0,0,0,0
55,2022-10-16,0,0,0,0,0,0,0,2,0,0,0,2,0,0,0,0
55,2022-10-17,2,2,11,13,0,2,10,6,0,0,1,10,0,0,0,6
55,2022-10-18,1,1,12,25,1,3,17,15,0,0,3,15,0,0,0,12
55,2022-10-19,1,1,10,12,0,3,6,4,0,0,1,8,0,0,1,6
55,2022-10-20,0,2,6,3,0,0,0,3,0,0,0,11,0,0,0,4
55,2022-10-21,0,0,5,0,0,2,1,2,0,0,0,24,0,0,0,0
55,2022-10-22,0,0,6,8,0,1,3,0,0,0,0,12,0,0,0,1
55,2022-10-23,0,0,7,15,1,7,14,8,0,0,0,14,0,0,0,1
55,2022-10-24,0,0,5,14,0,2,8,3,0,0,0,2,0,0,0,2
55,2022-10-25,0,0,1,0,0,6,1,0,0,0,0,1,0,0,0,0
55,2022-10-26,0,3,1,4,0,0,0,0,0,0,0,11,0,0,0,0
55,2022-10-27,0,0,2,3,0,0,9,1,0,0,2,15,0,0,1,0
55,2022-10-28,0,2,14,14,0,2,9,9,0,0,0,8,0,0,0,0
55,2022-10-29,1,0,10,11,0,0,7,6,0,0,2,2,0,0,0,2
55,2022-10-30,0,2,2,9,0,0,1,2,0,0,0,7,0,0,0,3
55,2022-10-31,0,1,11,11,2,3,8,3,0,0,3,27,0,0,0,5
55,2022-11-01,1,6,19,16,0,2,3,12,0,0,5,55,0,0,0,7
55,2022-11-02,1,4,42,37,0,7,25,19,0,0,0,26,0,0,0,14
55,2022-11-03,0,9,24,25,0,2,24,21,0,0,0,11,0,0,0,7
55,2022-11-04,0,0,9,25,0,1,10,8,0,0,1,5,0,0,0,2
55,2022-11-05,0,4,21,14,0,1,6,6,0,0,1,19,0,0,0,0
55,2022-11-06,1,7,33,17,0,0,11,19,0,0,1,60,0,0,2,9
55,2022-11-07,3,7,56,30,0,6,16,10,0,0,3,86,0,0,0,8
55,2022-11-08,0,1,38,40,0,1,12,20,0,0,1,13,0,0,1,8
55,2022-11-09,2,2,19,36,0,4,16,7,0,0,3,48,0,0,0,5
55,2022-11-10,0,4,23,15,0,4,12,3,0,0,0,49,0,0,1,3
55,2022-11-11,1,4,27,18,0,7,11,6,0,0,0,104,0,0,0,4
55,2022-11-12,4,6,55,32,0,6,10,11,0,0,5,145,0,0,2,19
55,2022-11-13,0,10,54,14,0,10,17,9,0,0,1,77,0,0,0,9
55,2022-11-14,0,0,13,6,0,1,1,12,0,0,1,33,0,0,0,8
55,2022-11-15,0,0,5,7,0,1,2,2,0,0,0,34,0,0,0,4
55,2022-11-16,0,0,7,9,0,8,6,10,0,0,0,18,0,0,0,2
55,2022-11-17,0,2,30,29,0,8,3,12,0,0,0,36,0,0,0,6
55,2022-11-18,0,2,13,16,0,1,2,11,0,0,1,20,0,0,0,3
55,2022-11-19,0,0,7,15,0,0,2,3,0,0,0,19,0,0,0,6
55,2022-11-20,0,0,11,2,0,0,1,2,0,0,0,11,0,0,0,3
55,2022-11-21,0,0,25,7,0,0,11,1,0,0,0,31,0,0,0,10
55,2022-11-22,0,6,65,21,0,8,5,3,0,0,0,85,0,0,0,14
55,2022-11-23,0,3,41,2,0,0,5,3,0,0,2,76,0,0,0,18
55,2022-11-24,0,0,4,2,0,0,1,0,0,0,0,10,0,0,0,8
55,2022-11-25,0,0,3,2,0,0,2,0,0,0,0,11,0,0,0,1
55,2022-11-26,0,0,1,8,0,0,1,0,0,0,0,2,0,0,0,3
55,2022-11-27,0,0,6,2,0,0,1,0,0,0,0,17,0,0,0,0
55,2022-11-28,0,3,40,19,0,0,7,0,0,0,0,50,0,0,0,8
55,2022-11-29,2,5,72,29,0,0,10,6,0,0,0,34,0,0,0,20
55,2022-11-30,2,2,34,4,0,1,7,6,0,0,0,21,0,0,1,14
55,2022-12-01,0,1,11,4,0,1,0,2,0,0,0,20,0,0,2,2
55,2022-12-02,1,5,10,7,0,0,2,2,0,0,0,20,0,0,0,1
55,2022-12-03,1,2,46,11,0,6,8,8,0,0,1,94,0,0,0,6
55,2022-12-04,1,7,98,23,1,4,12,7,0,0,0,51,0,0,0,8
55,2022-12-05,1,8,52,40,0,0,4,14,0,0,0,51,0,0,0,4
55,2022-12-06,0,5,27,14,0,1,5,15,0,0,0,29,0,0,0,1
55,2022-12-07,2,6,22,26,0,2,11,5,0,0,0,48,0,0,0,7
55,2022-12-08,6,11,84,26,0,9,13,1,0,0,0,45,0,0,0,13
55,2022-12-09,9,12,115,46,0,5,12,14,0,0,3,79,0,0,0,18
55,2022-12-10,1,15,78,93,2,7,17,21,0,0,10,51,0,0,0,50
55,2022-12-11,4,2,45,31,1,3,6,6,0,0,0,40,0,0,0,7
55,2022-12-12,1,3,40,11,0,1,7,8,0,0,0,22,0,0,0,6
55,2022-12-13,0,4,24,35,1,2,14,17,0,0,0,47,0,0,0,11
55,2022-12-14,7,4,104,77,0,7,32,17,0,0,1,72,0,0,0,9
55,2022-12-15,8,7,114,108,4,13,43,36,0,0,3,34,0,0,0,10
55,2022-12-16,0,5,50,54,0,9,25,36,0,0,0,19,0,0,1,9
55,2022-12-17,1,0,6,26,0,1,1,54,0,0,1,32,0,0,0,0
55,2022-12-18,2,1,58,85,1,13,25,22,0,0,0,42,0,0,0,0
55,2022-12-19,2,13,110,91,2,7,43,21,0,0,2,70,0,0,0,2
55,2022-12-20,5,15,121,127,2,11,44,60,0,0,1,42,0,0,2,9
55,2022-12-21,1,11,82,83,2,13,29,41,0,0,2,40,0,0,1,2
55,2022-12-22,0,4,44,63,0,2,17,12,0,0,0,44,0,0,0,8
55,2022-12-23,4,3,54,71,4,7,14,14,0,0,4,35,0,0,0,25
55,2022-12-24,1,8,51,53,1,8,34,12,0,0,1,31,0,0,0,8
55,2022-12-25,5,9,93,85,4,16,24,40,0,0,0,99,0,0,1,8
55,2022-12-26,3,3,73,106,3,13,40,36,0,0,3,63,0,0,0,16
55,2022-12-27,0,6,51,66,2,10,16,29,0,0,0,59,0,0,0,4
55,2022-12-28,5,1,41,61,0,5,18,24,0,0,3,38,0,0,0,0
55,2022-12-29,1,3,50,51,6,11,15,24,0,0,2,32,0,0,0,1
55,2022-12-30,3,5,54,100,5,6,15,30,0,0,1,82,0,0,0,0
55,2022-12-31,10,11,43,152,3,10,20,38,0,0,1,86,0,0,0,0
55,2023-01-01,1,7,49,76,2,1,23,36,0,0,1,62,0,0,0,0
55,2023-01-02,2,3,31,11,0,11,8,0,0,0,2,76,0,0,0,1
55,2023-01-03,0,0,27,14,0,0,8,31,0,0,4,122,0,0,0,2
55,2023-01-04,1,10,50,81,4,15,55,36,0,0,4,102,0,0,0,8
55,2023-01-05,4,11,77,99,5,18,75,46,0,0,7,124,0,0,0,17
55,2023-01-06,6,8,69,66,1,17,70,44,0,0,2,87,0,0,0,6
55,2023-01-07,0,7,62,38,5,22,48,14,0,0,2,156,0,0,0,14
55,2023-01-08,3,3,37,17,2,4,14,17,0,0,4,121,0,0,0,27
55,2023-01-09,0,0,41,18,3,19,51,4,0,0,11,139,0,0,0,25
55,2023-01-10,2,9,97,18,7,1,29,5,0,0,12,218,0,0,0,35
55,2023-01-11,3,11,43,24,2,13,26,1,0,0,8,129,0,0,0,49
55,2023-01-12,5,5,39,50,2,4,37,5,0,0,8,158,0,0,1,17
55,2023-01-13,2,11,94,33,9,42,53,24,0,0,10,177,0,0,0,27
55,2023-01-14,10,13,124,66,10,51,147,55,0,0,17,231,0,0,0,50
55,2023-01-15,9,29,143,171,6,55,178,91,0,0,24,327,0,0,0,28
55,2023-01-16,6,25,178,200,9,28,139,58,0,0,37,207,0,0,1,33
55,2023-01-17,1,16,90,115,0,18,67,75,0,0,9,164,0,0,0,19
55,2023-01-18,9,3,67,139,0,3,45,27,0,0,7,364,0,0,0,8
55,2023-01-19,6,10,90,145,16,40,93,63,0,0,16,266,0,0,0,9
55,2023-01-20,4,27,144,220,4,29,101,59,0,0,18,333,0,0,1,17
55,2023-01-21,15,58,236,314,1,29,107,65,0,0,27,396,0,0,0,8
55,2023-01-22,5,40,193,273,10,35,189,145,0,0,17,258,0,0,0,5
55,2023-01-23,6,33,168,203,2,18,152,142,0,0,18,302,0,0,0,3
55,2023-01-24,14,17,234,227,8,53,108,101,0,0,20,308,0,0,0,1
55,2023-01-25,22,36,182,234,9,54,157,67,0,0,15,349,0,0,0,21
55,2023-01-26,24,66,358,421,7,53,166,187,0,0,44,376,0,0,0,32
55,2023-01-27,55,84,319,376,3,28,86,117,0,0,21,285,0,0,0,17
55,2023-01-28,5,28,231,283,0,18,118,89,0,0,0,197,0,0,0,2
55,2023-01-29,18,14,232,286,15,119,200,150,0,0,4,203,0,0,0,3
55,2023-01-30,26,49,243,218,12,38,300,216,0,0,24,327,0,0,0,24
55,2023-01-31,57,108,422,478,4,60,252,292,0,0,54,442,0,0,0,38
55,2023-02-01,23,49,428,575,9,38,291,272,0,0,41,260,0,0,0,46
55,2023-02-02,18,17,268,358,1,16,241,217,0,0,11,217,0,0,0,26
55,2023-02-03,11,7,59,28,0,12,48,14,0,0,1,47,0,0,0,0
55,2023-02-04,17,8,101,20,4,22,55,0,0,0,25,428,0,0,0,2
55,2023-02-05,21,11,109,29,6,23,48,10,0,0,63,1031,0,0,0,4
55,2023-02-06,43,65,463,151,17,76,178,76,0,0,274,1681,0,0,0,27
55,2023-02-07,107,103,639,99,17,120,268,167,0,0,270,1514,0,0,1,50
55,2023-02-08,65,75,524,107,35,118,226,54,0,0,104,1067,0,0,1,15
55,2023-02-09,42,26,416,142,37,99,205,33,0,0,135,967,0,0,0,74
55,2023-02-10,98,118,968,190,9,82,216,89,0,0,223,1123,0,0,1,74
55,2023-02-11,266,357,1824,336,47,246,678,214,0,0,341,1569,0,0,0,101
55,2023-02-12,409,405,1663,477,59,319,815,397,0,0,215,850,0,0,0,67
55,2023-02-13,149,129,838,364,38,132,537,252,0,0,111,793,0,0,0,64
55,2023-02-14,93,71,884,341,25,201,419,239,0,0,193,849,0,0,0,123
55,2023-02-15,15,26,341,109,12,42,218,87,0,0,183,1311,0,0,0,34
55,2023-02-16,95,85,160,117,14,87,167,71,0,0,56,652,0,0,0,6
55,2023-02-17,3,36,89,65,3,79,158,68,0,0,0,18,0,0,0,0
55,2023-02-18,49,54,190,265,12,28,131,159,0,0,2,192,0,0,0,22
55,2023-02-19,62,55,237,260,7,73,141,47,0,0,18,441,0,0,0,18
55,2023-02-20,25,21,264,184,21,78,211,85,0,0,34,386,0,0,0,13
55,2023-02-21,62,77,552,478,31,120,212,251,0,0,62,874,0,0,0,6
55,2023-02-22,130,255,1040,976,20,77,249,165,0,0,72,986,0,0,0,12
55,2023-02-23,66,132,632,753,25,99,309,210,0,0,49,666,0,0,0,9
55,2023-02-24,63,73,531,598,17,77,234,157,0,0,129,928,0,0,0,7
55,2023-02-25,35,40,603,720,7,32,275,165,0,0,61,727,0,0,0,1
55,2023-02-26,97,151,920,1092,25,217,798,267,0,0,30,835,0,0,0,0
55,2023-02-27,302,385,1812,1412,37,203,790,393,0,0,179,1079,0,0,0,1
55,2023-02-28,271,312,1542,1052,31,203,987,856,0,0,115,841,0,0,0,27
55,2023-03-01,142,125,1002,691,34,175,792,372,0,0,104,901,0,0,1,10
55,2023-03-02,48,87,731,700,42,162,625,206,0,0,161,1236,0,0,0,17
55,2023-03-03,62,133,694,649,20,167,678,250,0,0,173,1224,0,0,2,11
55,2023-03-04,65,186,1080,851,17,150,253,61,0,0,276,2067,0,0,0,14
55,2023-03-05,101,170,909,819,18,209,633,301,0,0,151,1204,0,0,0,8
55,2023-03-06,34,61,396,492,19,127,552,386,0,0,104,1094,0,0,0,8
55,2023-03-07,32,27,315,388,14,199,618,718,0,0,212,1858,0,0,0,10
55,2023-03-08,58,29,430,403,32,148,1144,540,0,0,236,1625,0,0,0,13
55,2023-03-09,57,67,534,584,10,146,702,340,0,0,213,1897,0,0,2,26
55,2023-03-10,92,120,674,471,36,230,1288,419,0,0,483,2548,0,0,0,36
55,2023-03-11,40,31,207,203,38,151,1003,454,0,0,290,1301,0,0,4,14
55,2023-03-12,5,3,93,144,23,74,454,166,0,0,23,93,0,0,0,1
55,2023-03-13,0,0,24,43,0,0,16,13,0,0,36,680,0,0,0,3
55,2023-03-14,8,0,137,249,1,12,369,461,0,0,125,591,0,0,0,10
55,2023-03-15,37,7,296,384,10,77,1053,450,0,0,104,760,0,0,2,10
55,2023-03-16,22,10,259,296,12,110,744,282,0,0,9,272,0,0,0,7
55,2023-03-17,22,3,149,256,6,137,765,213,0,0,10,604,0,0,0,16
55,2023-03-18,3,2,206,258,33,131,721,257,0,0,9,446,0,0,0,12
55,2023-03-19,10,19,124,232,44,147,331,246,0,0,45,321,0,0,2,16
55,2023-03-20,97,102,375,624,32,156,723,417,0,0,96,624,0,0,0,4
55,2023-03-21,168,177,509,507,97,264,1117,640,0,0,167,1270,0,0,0,13
55,2023-03-22,239,210,775,535,155,662,2400,1007,0,0,477,1068,0,0,0,10
55,2023-03-23,217,180,1142,636,143,793,3510,1053,0,0,1051,2911,0,0,0,20
55,2023-03-24,347,287,1408,664,159,1168,6013,1420,0,0,872,2225,0,0,5,33
55,2023-03-25,505,555,2076,1021,371,1460,4444,855,0,0,1891,4451,0,0,1,47
55,2023-03-26,654,841,3163,1160,330,1897,6048,590,0,0,2039,3738,0,0,10,34
55,2023-03-27,585,503,2378,684,338,927,1297,194,0,0,963,1883,0,0,3,24
55,2023-03-28,192,222,2047,462,72,518,1689,56,0,0,696,2337,0,0,0,9
55,2023-03-29,189,182,1430,367,107,449,1227,23,0,0,299,1706,0,0,0,1
55,2023-03-30,125,158,1726,594,39,371,940,52,0,0,767,3373,0,0,0,18
55,2023-03-31,219,341,2101,730,59,698,1751,115,0,0,1292,2720,0,0,0,18
55,2023-04-01,196,283,1448,403,95,473,1304,234,0,0,751,1767,0,0,0,39
55,2023-04-02,180,225,688,278,174,788,2182,122,0,0,164,700,0,0,2,8
55,2023-04-03,247,219,1151,368,221,1159,3263,364,0,0,290,1521,0,0,0,39
55,2023-04-04,272,263,1615,500,163,1372,5179,1161,0,0,493,1965,0,0,6,31
55,2023-04-05,312,491,2560,745,152,1207,5840,1835,0,0,1569,3576,0,0,12,36
55,2023-04-06,229,370,2159,643,109,796,5915,2030,0,0,1051,2215,0,0,12,30
55,2023-04-07,188,169,749,115,48,427,1116,168,0,0,547,1295,0,0,2,47
55,2023-04-08,52,6,254,108,8,208,1020,72,0,0,145,1638,0,0,1,12
55,2023-04-09,53,45,553,191,15,230,1530,194,0,0,248,1482,0,0,3,37
55,2023-04-10,100,158,1029,413,24,332,2122,790,0,0,461,2077,0,0,10,61
55,2023-04-11,185,215,1207,405,54,587,3834,1724,0,0,805,1630,0,0,18,108
55,2023-04-12,89,162,761,299,30,353,1532,678,0,0,662,937,0,0,17,58
55,2023-04-13,71,50,501,134,17,171,1458,359,0,0,345,695,0,0,11,36
55,2023-04-14,81,65,636,147,52,287,1496,553,0,0,320,740,0,0,27,59
55,2023-04-15,85,82,643,221,27,261,945,85,0,0,448,923,0,0,11,30
55,2023-04-16,91,90,911,62,16,256,823,65,0,0,264,763,0,0,3,42
55,2023-04-17,92,77,681,245,14,197,1148,473,0,0,155,407,0,0,1,37
55,2023-04-18,67,40,484,257,13,217,1855,1000,0,0,190,479,0,0,2,54
55,2023-04-19,52,34,376,235,14,215,2941,1654,0,0,264,547,0,0,13,49
55,2023-04-20,50,22,296,233,14,107,1994,1247,0,0,124,487,0,0,15,24
55,2023-04-21,42,53,491,363,3,84,2004,1048,0,0,255,435,0,0,10,45
55,2023-04-22,35,39,309,315,0,142,3174,1422,0,0,223,247,0,0,4,21
55,2023-04-23,25,26,193,194,8,128,1176,503,0,0,98,206,0,0,9,32
55,2023-04-24,12,15,126,113,3,75,593,118,0,0,50,175,0,0,0,22
55,2023-04-25,29,33,208,151,0,43,844,164,0,0,114,356,0,0,5,23
55,2023-04-26,19,5,144,71,2,16,214,30,0,0,132,394,0,0,2,20
55,2023-04-27,51,33,119,154,4,145,389,113,0,0,36,299,0,0,0,15
55,2023-04-28,72,38,253,136,6,125,507,80,0,0,21,302,0,0,0,17
55,2023-04-29,29,14,243,84,4,61,207,94,0,0,26,193,0,0,0,12
55,2023-04-30,3,3,69,40,0,0,9,2,0,0,11,184,0,0,0,2
55,2023-05-01,30,63,334,192,0,2,66,34,0,0,1,234,0,0,0,4
55,2023-05-02,50,123,293,192,0,12,119,112,0,0,3,49,0,0,0,14
55,2023-05-03,15,18,117,109,0,5,190,155,0,0,0,38,0,0,0,9
55,2023-05-04,42,43,202,201,2,33,625,278,0,0,1,42,0,0,0,22
55,2023-05-05,62,17,233,175,5,102,873,480,0,0,5,78,0,0,2,26
55,2023-05-06,65,80,494,227,10,244,1294,719,0,0,8,256,0,0,0,31
55,2023-05-07,108,106,707,352,13,245,868,282,0,0,21,188,0,0,1,46
55,2023-05-08,0,3,4,9,0,0,9,3,0,0,2,67,0,0,0,8
55,2023-05-09,5,3,34,23,0,8,19,8,0,0,0,20,0,0,0,12
55,2023-05-10,0,0,6,4,0,2,24,11,0,0,2,7,0,0,0,3
55,2023-05-11,9,2,31,14,1,10,25,1,0,0,0,18,0,0,0,7
55,2023-05-12,3,3,6,35,0,2,1,0,0,0,1,7,0,0,0,4
55,2023-05-13,0,0,3,11,0,0,0,0,0,0,0,4,0,0,0,0
55,2023-05-14,2,0,5,27,0,0,0,4,0,0,0,0,0,0,0,0
55,2023-05-15,0,0,1,11,0,0,1,5,0,0,0,1,0,0,0,0
55,2023-05-16,2,0,15,40,0,0,3,10,0,0,0,1,0,0,0,0
55,2023-05-17,8,6,68,78,0,10,61,61,0,0,1,12,0,0,0,9
55,2023-05-18,22,4,102,106,0,58,242,252,0,0,4,15,0,0,0,39
55,2023-05-19,14,5,73,77,1,40,179,262,0,0,1,21,0,0,0,17
55,2023-05-20,11,10,90,81,0,35,215,125,0,0,3,13,0,0,0,30
55,2023-05-21,5,6,41,43,0,16,150,70,0,0,5,4,0,0,0,83
55,2023-05-22,3,1,106,51,0,16,128,67,0,0,8,28,0,0,0,60
55,2023-05-23,19,7,115,58,0,3,115,58,0,0,4,19,0,0,1,39
55,2023-05-24,1,0,16,16,0,2,40,24,0,0,3,10,0,0,0,25
55,2023-05-25,1,0,28,10,0,2,5,1,0,0,0,2,0,0,0,12
55,2023-05-26,4,2,16,4,0,1,7,5,0,0,0,2,0,0,0,9
55,2023-05-27,0,0,19,8,0,0,4,1,0,0,0,13,0,0,0,14
55,2023-05-28,2,0,48,26,0,0,10,14,0,0,1,16,0,0,0,34
55,2023-05-29,0,0,0,0,0,0,38,41,0,0,0,6,0,0,0,20
55,2023-05-30,0,5,32,7,0,4,31,16,0,0,4,5,0,0,0,26
55,2023-05-31,1,0,17,11,0,4,32,41,0,0,1,2,0,0,1,27
55,2023-06-01,0,1,38,15,0,4,40,8,0,0,1,4,0,0,0,43
55,2023-06-02,13,6,50,40,0,8,21,15,0,0,0,2,0,0,0,24
55,2023-06-03,5,18,38,48,0,3,10,16,0,0,0,3,0,0,0,146
55,2023-06-04,1,2,28,17,0,0,1,6,0,0,2,0,0,0,0,21
55,2023-06-05,0,1,14,2,0,0,2,1,0,0,1,0,0,0,0,67
55,2023-06-06,0,0,0,1,0,0,0,1,0,0,0,2,0,0,0,1
55,2023-06-07,0,0,2,3,0,0,1,3,0,0,0,2,0,0,0,4
55,2023-06-08,1,0,1,2,0,0,0,4,0,0,0,0,0,0,0,19
55,2023-06-09,0,0,1,0,0,0,0,0,0,0,0,0,0,0,0,0
55,2023-06-10,0,0,2,0,0,0,1,0,0,0,0,0,0,0,0,1
55,2023-06-11,0,0,1,2,0,0,0,0,0,0,0,0,0,0,0,1
55,2023-06-12,0,0,1,1,0,0,0,0,0,0,0,0,0,0,0,0
55,2023-06-13,0,0,3,3,0,0,0,0,0,0,0,0,0,0,0,0
55,2023-06-14,0,0,3,0,0,0,0,0,0,0,0,0,0,0,0,0
55,2023-06-15,0,0,2,3,0,0,0,0,0,0,0,0,0,0,0,0
55,2023-06-16,0,1,0,4,0,0,0,0,0,0,0,0,0,0,0,0
55,2023-06-17,0,0,6,2,0,0,5,0,0,0,0,0,0,0,0,11
55,2023-06-18,0,2,6,2,0,0,2,0,0,0,0,1,0,0,0,20
55,2023-06-19,3,1,4,2,0,0,0,0,0,0,0,2,0,0,0,33
55,2023-06-20,0,0,3,3,0,0,0,0,0,0,0,0,0,0,0,4
55,2023-06-21,0,0,1,11,0,1,4,3,0,0,0,0,0,0,0,0
55,2023-06-22,0,0,3,20,0,0,0,0,0,0,0,1,0,0,0,0
55,2023-06-23,0,0,6,16,0,1,9,2,0,0,0,0,0,0,0,1
55,2023-06-24,0,0,7,8,0,2,4,0,0,0,0,0,0,0,0,0
55,2023-06-25,0,0,0,1,0,0,0,0,0,0,0,0,0,0,0,6
55,2023-06-26,0,0,0,1,0,0,0,1,0,0,0,1,0,0,0,9
55,2023-06-27,0,0,2,0,0,0,2,1,0,0,0,4,0,0,0,13
55,2023-06-28,0,0,1,2,0,0,0,0,0,0,0,5,0,0,0,11
55,2023-06-29,2,0,19,17,0,0,0,2,0,0,0,3,0,0,0,24
55,2023-06-30,0,0,1,9,0,1,0,4,0,0,0,0,0,0,0,8
55,2023-07-01,0,0,14,3,0,0,0,1,0,0,0,0,0,0,0,6
55,2023-07-02,0,0,0,0,0,0,0,8,0,0,0,0,0,0,0,0
55,2023-07-03,0,0,0,0,0,0,0,0,0,0,0,0,0,0,0,0
55,2023-07-04,0,0,0,0,0,0,0,0,0,0,0,0,0,0,0,0
55,2023-07-05,1,0,1,3,0,0,0,0,0,0,0,0,0,0,0,0
55,2023-07-06,0,1,6,18,0,0,0,3,0,0,0,0,0,0,0,0
55,2023-07-07,0,0,16,11,0,0,1,1,0,0,0,1,0,0,0,0
55,2023-07-08,1,0,2,11,0,1,0,1,0,0,0,0,0,0,0,0
55,2023-07-09,0,0,0,2,0,1,0,0,0,0,0,0,0,0,0,0
55,2023-07-10,0,0,25,6,0,0,0,0,0,0,0,0,0,0,0,0
55,2023-07-11,0,0,0,7,0,0,1,1,0,0,0,0,0,0,0,0
55,2023-07-12,0,1,1,10,0,0,0,1,0,0,0,1,0,0,0,0
55,2023-07-13,0,0,0,11,0,0,1,3,0,0,0,0,0,0,0,0
55,2023-07-14,0,0,6,4,0,0,0,2,0,0,0,0,0,0,0,0
55,2023-07-15,0,0,4,6,0,0,1,0,0,0,0,0,0,0,0,2
55,2023-07-16,0,0,0,1,0,0,0,0,0,0,0,0,0,0,0,2
55,2023-07-17,0,0,10,3,0,1,0,0,0,0,0,0,0,0,0,21
55,2023-07-18,0,0,0,0,0,0,0,0,0,0,0,0,0,0,0,24
55,2023-07-19,0,0,1,0,0,0,0,0,0,0,0,1,0,0,0,0
55,2023-07-20,0,0,1,1,0,0,0,0,0,0,0,2,0,0,0,0
55,2023-07-21,1,0,6,1,0,0,0,0,0,0,0,0,0,0,0,2
55,2023-07-22,0,0,9,5,0,0,0,1,0,0,0,1,0,0,0,1
55,2023-07-23,0,0,1,2,0,0,1,0,0,0,0,0,0,0,0,0
55,2023-07-24,0,0,2,0,0,0,1,0,0,0,0,0,0,0,0,0
55,2023-07-25,0,1,17,12,3,0,0,2,0,0,0,2,0,0,0,7
55,2023-07-26,0,0,0,0,0,0,0,0,0,0,0,0,0,0,0,0
55,2023-07-27,0,0,0,0,0,0,0,0,0,0,0,0,0,0,0,0
55,2023-07-28,1,0,3,1,0,0,0,0,0,0,0,0,0,0,0,0
55,2023-07-29,0,0,0,0,0,0,0,0,0,0,0,0,0,0,0,1
55,2023-07-30,0,0,1,0,0,0,0,0,0,0,0,1,0,0,0,1
55,2023-07-31,0,0,1,1,0,0,0,0,0,0,0,0,0,0,0,0
55,2023-08-01,0,0,1,1,0,0,0,0,0,0,0,0,0,0,0,0
55,2023-08-02,0,0,0,0,0,0,0,0,0,0,0,0,0,0,0,0
55,2023-08-03,0,0,0,0,0,0,0,0,0,0,0,0,0,0,0,0
55,2023-08-04,0,0,0,0,0,0,0,0,0,0,0,0,0,0,0,0
55,2023-08-05,0,0,0,1,0,0,0,0,0,0,0,0,0,0,0,0
55,2023-08-06,0,0,0,2,0,0,0,0,0,0,0,0,0,0,0,0
55,2023-08-07,0,0,0,0,0,0,0,0,0,0,0,0,0,0,0,0
55,2023-08-08,0,0,0,2,0,0,0,0,0,0,0,0,0,0,0,0
55,2023-08-09,0,0,0,3,0,0,0,0,0,0,0,0,0,0,0,0
55,2023-08-10,0,0,9,18,0,0,0,0,0,0,0,0,0,0,0,0
55,2023-08-11,0,0,73,27,0,0,0,0,0,0,0,0,0,0,0,0
55,2023-08-12,0,0,0,2,0,0,0,0,0,0,0,0,0,0,0,0
55,2023-08-13,0,0,9,11,0,0,0,0,0,0,0,0,0,0,0,2
55,2023-08-14,0,0,3,4,0,0,0,0,0,0,0,0,0,0,0,0
55,2023-08-15,0,0,7,6,0,0,0,0,0,0,0,0,0,0,0,0
55,2023-08-16,0,0,29,7,0,0,0,0,0,0,0,0,0,0,0,0
55,2023-08-17,0,0,2,14,0,0,1,0,0,0,0,0,0,0,0,4
55,2023-08-18,0,0,30,64,0,0,1,0,0,0,0,0,0,0,0,1
55,2023-08-19,0,0,16,29,0,0,0,0,0,0,0,0,0,0,0,0
55,2023-08-20,0,0,0,6,0,0,0,0,0,0,0,0,0,0,0,1
55,2023-08-21,1,0,11,41,0,0,0,0,0,0,0,0,0,0,0,0
55,2023-08-22,0,0,0,16,0,0,0,0,0,0,0,0,0,0,0,0
55,2023-08-23,0,0,4,27,0,0,0,0,0,0,0,0,0,0,0,0
55,2023-08-24,0,0,0,6,0,0,0,0,0,0,0,0,0,0,0,0
55,2023-08-25,0,0,5,0,0,0,0,0,0,0,0,0,0,0,0,0
55,2023-08-26,0,0,0,2,0,0,0,0,0,0,0,0,0,0,0,0
55,2023-08-27,0,0,7,7,0,0,0,0,0,0,0,0,0,0,0,0
55,2023-08-28,0,0,1,11,0,0,0,0,0,0,0,0,0,0,0,0
55,2023-08-29,0,0,8,4,0,0,0,0,0,0,0,0,0,0,0,0
55,2023-08-30,0,0,6,8,0,0,0,0,0,0,0,3,0,0,0,0
55,2023-08-31,0,0,2,34,0,0,0,0,0,0,0,1,0,0,0,0
55,2023-09-01,0,1,27,9,0,0,1,0,0,0,0,2,0,0,0,3
55,2023-09-02,0,0,5,15,0,1,0,0,0,0,0,0,0,0,0,2
55,2023-09-03,0,3,19,53,0,0,0,0,0,0,0,1,0,0,0,5
55,2023-09-04,0,0,6,6,0,0,0,0,0,0,0,0,0,0,0,4
55,2023-09-05,0,0,0,2,0,0,0,0,0,0,0,0,0,0,0,6
55,2023-09-06,0,0,0,0,0,0,1,0,0,0,0,4,0,0,0,1
55,2023-09-07,0,0,1,0,0,0,0,0,0,0,0,4,0,0,0,1
55,2023-09-08,0,0,1,1,0,0,0,1,0,0,0,0,0,0,0,4
55,2023-09-09,0,0,2,16,0,0,0,0,0,0,0,1,0,0,0,3
55,2023-09-10,0,0,0,3,0,0,0,1,0,0,0,0,0,0,0,7
55,2023-09-11,0,0,0,1,0,0,0,0,0,0,0,0,0,0,0,2
55,2023-09-12,0,0,3,0,0,0,1,0,0,0,0,2,0,0,0,1
55,2023-09-13,0,0,0,0,0,0,0,0,0,0,0,0,0,0,0,0
55,2023-09-14,0,0,0,0,0,0,0,0,0,0,0,0,0,0,0,2
55,2023-09-15,0,0,0,0,0,0,0,0,0,0,0,0,0,0,0,4
55,2023-09-16,0,0,0,0,0,0,0,0,0,0,0,3,0,0,0,5
55,2023-09-17,0,0,0,8,0,0,0,0,0,0,0,5,0,0,0,0
55,2023-09-18,0,0,0,1,0,0,0,0,0,0,0,0,0,0,0,0
55,2023-09-19,0,0,0,0,0,0,0,0,0,0,2,0,0,0,0,1
55,2023-09-20,0,0,1,1,0,0,0,1,0,0,0,0,0,0,0,1
55,2023-09-21,0,0,9,10,0,0,0,0,0,0,1,0,0,0,0,1
55,2023-09-22,0,0,1,1,0,0,0,0,0,0,0,4,0,0,0,1
55,2023-09-23,0,2,14,5,1,1,1,1,0,0,0,3,0,0,0,4
55,2023-09-24,0,0,12,13,0,0,0,4,0,0,0,2,0,0,0,2
55,2023-09-25,0,0,1,4,0,0,4,1,0,0,0,1,0,0,0,1
55,2023-09-26,0,0,0,0,0,0,2,0,0,0,0,0,0,0,0,5
55,2023-09-27,0,0,0,0,0,0,0,0,0,0,0,0,0,0,0,0
55,2023-09-28,0,0,0,0,0,0,0,0,0,0,0,0,0,0,0,0
55,2023-09-29,0,0,0,0,0,0,0,0,0,0,0,0,0,0,0,0
55,2023-09-30,0,0,0,0,0,0,0,0,0,0,0,2,0,0,0,0
55,2023-10-01,0,0,0,1,0,0,0,0,0,0,0,0,0,0,0,0
55,2023-10-02,0,0,0,2,0,0,0,0,0,0,0,0,0,0,0,0
55,2023-10-03,1,0,4,2,0,0,0,0,0,0,0,3,0,0,0,1
55,2023-10-04,0,1,11,5,0,1,0,1,0,0,0,3,0,0,0,5
55,2023-10-05,0,2,0,4,0,0,1,3,0,0,2,3,0,0,0,5
55,2023-10-06,0,0,1,2,0,0,0,2,0,0,0,0,0,0,0,1
55,2023-10-07,0,1,1,1,0,0,0,0,0,0,0,0,0,0,0,0
55,2023-10-08,0,0,3,0,0,0,0,0,0,0,0,0,0,0,0,0
55,2023-10-09,0,0,0,0,0,0,0,0,0,0,0,0,0,0,0,0
55,2023-10-10,0,0,0,0,0,0,0,0,0,0,0,0,0,0,0,0
55,2023-10-11,0,0,0,4,0,0,0,0,0,0,0,1,0,0,0,0
55,2023-10-12,0,0,0,3,0,0,0,0,0,0,0,0,0,0,0,0
55,2023-10-13,0,0,0,6,0,0,2,0,0,0,0,0,0,0,0,0
55,2023-10-14,0,0,0,12,0,0,0,0,0,0,0,2,0,0,0,0
55,2023-10-15,0,0,1,8,0,0,0,1,0,0,0,2,0,0,0,4
55,2023-10-16,0,0,2,4,0,0,0,1,0,0,0,2,0,0,0,0
55,2023-10-17,0,0,2,3,0,0,2,0,0,0,0,0,0,0,0,2
55,2023-10-18,0,0,4,10,0,0,1,6,0,0,0,2,0,0,0,2
55,2023-10-19,0,1,4,12,0,0,3,4,0,0,3,12,0,0,2,9
55,2023-10-20,0,4,18,30,0,2,1,6,0,0,1,9,0,0,0,4
55,2023-10-21,0,0,7,5,0,0,0,11,0,0,0,4,0,0,0,4
55,2023-10-22,0,0,1,3,0,0,5,3,0,0,0,0,0,0,0,1
55,2023-10-23,0,0,4,6,0,0,0,0,0,0,0,1,0,0,0,2
55,2023-10-24,0,0,13,18,0,0,0,4,0,0,1,5,0,0,0,3
55,2023-10-25,0,2,9,6,0,1,4,2,0,0,0,5,0,0,0,0
55,2023-10-26,1,1,3,5,0,1,3,8,0,0,0,0,0,0,0,3
55,2023-10-27,0,0,3,0,0,0,0,1,0,0,0,1,0,0,0,1
55,2023-10-28,0,0,0,4,0,0,0,2,0,0,0,1,0,0,0,0
55,2023-10-29,0,0,0,0,0,0,1,0,0,0,0,2,0,0,0,0
55,2023-10-30,0,0,2,1,0,0,2,0,0,0,0,1,0,0,0,1
55,2023-10-31,0,0,1,3,0,0,0,0,0,0,0,1,0,0,0,2
55,2023-11-01,0,0,0,2,0,0,4,3,0,0,0,7,0,0,0,4
55,2023-11-02,0,0,0,5,0,0,0,0,0,0,0,0,0,0,0,0
55,2023-11-03,0,1,13,16,0,0,0,5,0,0,0,11,0,0,0,8
55,2023-11-04,0,4,15,20,0,0,3,2,0,0,0,15,0,0,0,9
55,2023-11-05,1,1,38,35,0,1,4,4,0,0,0,13,0,0,0,19
55,2023-11-06,0,0,6,18,0,2,6,6,0,0,1,10,0,0,0,3
55,2023-11-07,0,1,4,9,0,0,1,3,0,0,0,2,0,0,0,1
55,2023-11-08,0,0,3,6,0,0,0,2,0,0,0,12,0,0,0,6
55,2023-11-09,0,3,8,3,0,0,1,5,0,0,0,9,0,0,0,7
55,2023-11-10,0,1,31,9,0,1,3,2,0,0,2,32,0,0,0,10
55,2023-11-11,0,2,15,8,1,0,7,8,0,0,0,13,0,0,0,9
55,2023-11-12,0,0,3,3,0,0,1,0,0,0,0,1,0,0,0,2
55,2023-11-13,0,1,3,0,0,1,0,2,0,0,0,3,0,0,0,6
55,2023-11-14,0,1,4,11,0,0,0,1,0,0,0,13,0,0,0,0
55,2023-11-15,0,5,31,27,0,0,3,0,0,0,0,48,0,0,0,1
55,2023-11-16,0,5,27,26,0,1,2,2,0,0,1,22,0,0,0,2
55,2023-11-17,0,2,11,16,0,0,2,12,0,0,1,1,0,0,0,0
55,2023-11-18,1,3,22,14,0,0,1,11,0,0,0,15,0,0,0,0
55,2023-11-19,1,6,48,25,0,1,8,6,0,0,0,78,0,0,0,0
55,2023-11-20,3,8,72,44,1,3,5,2,0,0,1,120,0,0,0,1
55,2023-11-21,4,14,150,72,2,4,12,12,0,0,0,64,0,0,1,7
55,2023-11-22,2,4,78,66,2,1,13,7,0,0,0,51,0,0,0,6
55,2023-11-23,2,1,25,10,3,3,5,2,0,0,0,22,0,0,0,2
55,2023-11-24,1,2,46,28,1,1,3,2,0,0,0,58,0,0,0,5
55,2023-11-25,1,9,69,45,0,0,4,5,0,0,3,148,0,0,0,7
55,2023-11-26,3,15,121,49,3,2,11,2,0,0,0,84,0,0,0,13
55,2023-11-27,1,9,76,50,3,4,13,11,0,0,4,55,0,0,0,12
55,2023-11-28,0,1,53,33,0,1,5,5,0,0,0,37,0,0,0,2
55,2023-11-29,1,4,31,5,1,1,5,3,0,0,0,34,0,0,0,6
55,2023-11-30,1,1,50,32,0,0,1,3,0,0,0,20,0,0,2,0
55,2023-12-01,1,8,116,45,0,2,5,3,0,0,0,150,0,0,1,0
55,2023-12-02,1,1,57,35,0,1,4,3,0,0,2,47,0,0,0,4
55,2023-12-03,0,0,16,19,0,0,2,4,0,0,0,28,0,0,0,0
55,2023-12-04,2,1,22,33,0,0,2,2,0,0,0,25,0,0,0,1
55,2023-12-05,3,14,51,35,0,0,11,7,0,0,0,31,0,0,0,0
55,2023-12-06,3,10,74,59,0,0,3,4,0,0,0,58,0,0,0,3
55,2023-12-07,1,5,85,108,0,0,11,10,0,0,0,41,0,0,0,0
55,2023-12-08,2,3,52,81,1,1,8,13,0,0,0,14,0,0,0,0
55,2023-12-09,0,1,31,52,0,1,9,19,0,0,0,22,0,0,0,1
55,2023-12-10,5,2,34,53,0,1,4,7,0,0,0,10,0,0,4,2
55,2023-12-11,5,7,91,69,0,3,8,9,0,0,0,44,0,0,1,5
55,2023-12-12,8,9,89,96,3,0,14,8,0,0,0,30,0,0,0,3
55,2023-12-13,4,0,55,69,0,4,9,19,0,0,0,18,0,0,0,3
55,2023-12-14,1,2,41,50,0,1,7,13,0,0,1,17,0,0,0,0
55,2023-12-15,1,0,36,35,0,3,17,6,0,0,2,22,0,0,0,2
55,2023-12-16,1,2,54,61,0,3,10,13,0,0,2,61,0,0,3,1
55,2023-12-17,6,2,67,96,0,2,14,2,0,0,2,49,0,0,2,11
55,2023-12-18,4,10,86,142,2,5,24,9,0,0,3,36,0,0,0,17
55,2023-12-19,0,1,45,69,0,6,7,23,0,0,0,27,0,0,0,8
55,2023-12-20,1,2,16,71,0,2,14,10,0,0,0,28,0,0,0,2
55,2023-12-21,0,2,39,112,1,2,1,6,0,0,0,51,0,0,0,4
55,2023-12-22,0,0,47,112,0,0,18,17,0,0,0,63,0,0,0,0
55,2023-12-23,5,17,99,173,2,11,30,12,0,0,2,56,0,0,2,0
55,2023-12-24,2,15,61,37,0,4,18,21,0,0,0,32,0,0,0,0
55,2023-12-25,1,2,16,12,0,0,9,14,0,0,0,25,0,0,0,0
55,2023-12-26,0,1,55,67,0,13,34,33,0,0,3,39,0,0,4,5
55,2023-12-27,1,8,59,74,0,7,6,19,0,0,1,52,0,0,1,7
55,2023-12-28,6,10,91,148,0,12,29,26,0,0,2,60,0,0,1,14
55,2023-12-29,4,10,47,103,0,7,27,21,0,0,1,36,0,0,0,24
55,2023-12-30,0,2,39,59,0,0,18,9,0,0,2,37,0,0,1,10
55,2023-12-31,7,1,17,55,0,4,16,15,0,0,1,37,0,0,0,8
55,2024-01-01,1,1,21,48,1,3,10,27,0,0,3,53,0,0,1,6
55,2024-01-02,4,5,62,107,2,9,23,30,0,0,5,112,0,0,0,16
55,2024-01-03,1,7,74,219,2,15,44,20,0,0,7,64,0,0,3,32
55,2024-01-04,0,6,33,105,1,5,23,27,0,0,0,31,0,0,0,7
55,2024-01-05,0,3,27,86,0,5,16,22,0,0,2,50,0,0,0,21
55,2024-01-06,1,0,56,101,0,12,24,22,0,0,4,38,0,0,0,16
55,2024-01-07,2,5,37,132,0,3,35,22,0,0,2,113,0,0,0,30
55,2024-01-08,3,12,99,178,2,16,20,28,0,0,8,81,0,0,2,41
55,2024-01-09,0,9,49,153,0,8,29,63,0,0,3,80,0,0,0,29
55,2024-01-10,0,5,25,81,1,1,4,26,0,0,2,62,0,0,0,15
55,2024-01-11,1,1,54,73,0,3,16,11,0,0,3,70,0,0,0,8
55,2024-01-12,0,4,34,71,3,7,15,5,0,0,9,94,0,0,0,15
55,2024-01-13,1,3,69,107,0,1,11,13,0,0,4,117,0,0,0,36
55,2024-01-14,4,1,37,198,1,11,23,26,0,0,3,59,0,0,0,34
55,2024-01-15,0,1,50,104,0,1,7,9,0,0,2,64,0,0,0,4
55,2024-01-16,5,5,41,98,1,8,9,34,0,0,0,42,0,0,0,4
55,2024-01-17,4,12,50,88,2,20,20,14,0,0,0,72,0,0,0,0
55,2024-01-18,4,17,87,168,0,16,20,43,0,0,3,114,0,0,0,4
55,2024-01-19,5,39,113,212,5,10,50,34,0,0,6,120,0,0,0,7
55,2024-01-20,2,32,70,160,1,18,33,36,0,0,1,93,0,0,0,4
55,2024-01-21,3,24,98,140,0,10,30,16,0,0,6,160,0,0,0,2
55,2024-01-22,2,26,79,144,0,20,36,26,0,0,5,141,0,0,0,12
55,2024-01-23,5,52,76,111,3,14,14,26,0,0,11,221,0,0,0,11
55,2024-01-24,3,48,108,85,0,6,11,14,0,0,9,209,0,0,1,18
55,2024-01-25,4,21,12,11,1,0,9,2,0,0,1,54,0,0,0,1
55,2024-01-26,0,0,29,117,0,0,0,18,0,0,1,65,0,0,0,1
55,2024-01-27,0,0,30,113,0,0,14,18,0,0,1,73,0,0,0,0
55,2024-01-28,0,0,18,35,0,0,0,2,0,0,4,120,0,0,0,0
55,2024-01-29,0,3,32,47,0,2,3,8,0,0,5,230,0,0,1,11
55,2024-01-30,1,0,10,112,0,0,8,59,0,0,5,155,0,0,1,13
55,2024-01-31,0,1,23,36,0,0,3,10,0,0,2,23,0,0,0,3
55,2024-02-01,3,12,83,72,0,7,30,23,0,0,19,258,0,0,1,11
55,2024-02-02,7,23,112,117,8,16,72,85,0,0,16,260,0,0,0,4
55,2024-02-03,12,91,135,183,2,28,84,50,0,0,24,413,0,0,0,22
55,2024-02-04,15,131,274,431,8,41,109,79,0,0,21,302,0,0,3,41
55,2024-02-05,11,52,313,529,3,27,105,85,0,0,29,292,0,0,0,24
55,2024-02-06,8,19,236,526,1,25,109,61,0,0,28,443,0,0,0,13
55,2024-02-07,8,22,221,512,3,65,171,91,0,0,22,375,0,0,0,20
55,2024-02-08,17,33,261,405,7,69,117,70,0,0,55,436,0,0,0,9
55,2024-02-09,29,83,294,427,7,28,69,5,0,0,41,333,0,0,0,9
55,2024-02-10,1,10,166,446,1,0,13,44,0,0,28,255,0,0,0,0
55,2024-02-11,3,1,142,412,0,0,20,92,0,0,8,334,0,0,0,0
55,2024-02-12,20,5,151,247,3,47,85,69,0,0,11,182,0,0,0,0
55,2024-02-13,29,34,231,431,11,45,91,244,0,0,22,389,0,0,0,5
55,2024-02-14,59,121,526,633,10,43,99,186,0,0,99,656,0,0,0,29
55,2024-02-15,66,111,696,764,6,47,157,146,0,0,46,407,0,0,4,17
55,2024-02-16,19,37,279,362,7,20,82,102,0,0,41,404,0,0,0,18
55,2024-02-17,12,6,134,142,9,45,130,112,0,0,109,1011,0,0,2,35
55,2024-02-18,37,30,235,110,19,121,233,145,0,0,197,1003,0,0,1,67
55,2024-02-19,25,39,441,272,9,58,170,179,0,0,292,1370,0,0,5,99
55,2024-02-20,56,112,670,737,11,68,197,414,0,0,304,775,0,0,1,131
55,2024-02-21,26,59,424,521,5,53,143,183,0,0,124,353,0,0,1,65
55,2024-02-22,22,33,244,274,4,38,165,167,0,0,118,499,0,0,0,33
55,2024-02-23,20,27,311,226,1,80,133,111,0,0,201,468,0,0,0,56
55,2024-02-24,28,84,463,307,14,69,120,60,0,0,170,718,0,0,0,34
55,2024-02-25,26,99,779,494,8,68,107,109,0,0,342,984,0,0,4,37
55,2024-02-26,28,33,391,422,6,39,147,126,0,0,180,658,0,0,0,62
55,2024-02-27,9,12,239,287,1,19,86,216,0,0,183,950,0,0,0,62
55,2024-02-28,10,8,219,173,4,54,114,123,0,0,241,963,0,0,1,50
55,2024-02-29,42,104,449,161,16,54,131,196,0,0,269,1142,0,0,3,26
55,2024-03-01,124,248,1016,234,8,54,118,117,0,0,403,2123,0,0,6,25
55,2024-03-02,51,82,563,277,14,38,106,149,0,0,317,1230,0,0,0,19
55,2024-03-03,22,28,286,241,4,35,155,129,0,0,195,1372,0,0,0,22
55,2024-03-04,85,81,646,196,9,126,368,224,0,0,273,1551,0,0,0,11
55,2024-03-05,85,158,942,527,19,150,688,1146,0,0,359,1617,0,0,2,16
55,2024-03-06,173,314,1407,654,20,169,692,705,0,0,611,1935,0,0,0,26
55,2024-03-07,188,310,1250,673,16,107,462,367,0,0,453,1438,0,0,1,18
55,2024-03-08,56,100,454,174,15,72,217,42,0,0,112,950,0,0,1,4
55,2024-03-09,29,41,471,96,1,14,75,24,0,0,164,1668,0,0,1,12
55,2024-03-10,79,74,740,263,14,71,114,34,0,0,263,1714,0,0,0,10
55,2024-03-11,91,158,1223,326,10,60,100,27,0,0,337,2265,0,0,0,21
55,2024-03-12,58,92,1863,552,3,23,159,247,0,0,709,3592,0,0,4,23
55,2024-03-13,238,176,1587,380,13,107,307,81,0,0,402,1652,0,0,0,33
55,2024-03-14,150,119,629,401,13,108,239,98,0,0,298,1576,0,0,2,17
55,2024-03-15,64,50,457,589,5,167,665,178,0,0,350,1160,0,0,0,19
55,2024-03-16,134,95,753,373,32,150,690,249,0,0,306,1244,0,0,0,13
55,2024-03-17,88,97,943,600,11,111,460,190,0,0,321,1374,0,0,0,19
55,2024-03-18,47,57,610,461,17,125,473,279,0,0,396,1218,0,0,0,23
55,2024-03-19,0,1,90,60,2,26,91,14,0,0,219,1414,0,0,2,5
55,2024-03-20,0,0,53,35,0,0,1,14,0,0,17,1356,0,0,0,1
55,2024-03-21,1,0,56,113,1,18,12,133,0,0,103,207,0,0,1,8
55,2024-03-22,1,1,157,262,4,24,20,131,0,0,1,268,0,0,0,8
55,2024-03-23,17,23,420,298,0,42,87,250,0,0,42,515,0,0,0,19
55,2024-03-24,38,71,451,286,8,105,266,116,0,0,45,592,0,0,0,16
55,2024-03-25,45,56,531,246,25,148,651,269,0,0,185,1234,0,0,1,10
55,2024-03-26,11,23,226,126,11,49,578,204,0,0,185,804,0,0,0,10
55,2024-03-27,7,32,662,357,8,82,742,234,0,0,749,2945,0,0,0,9
55,2024-03-28,38,134,1080,355,20,152,1414,234,0,0,422,1897,0,0,0,1
55,2024-03-29,40,84,779,440,31,163,584,54,0,0,307,1561,0,0,0,2
55,2024-03-30,43,82,651,362,43,141,687,30,0,0,250,2016,0,0,0,7
55,2024-03-31,59,97,793,495,37,316,2131,136,0,0,365,2413,0,0,2,4
55,2024-04-01,73,156,966,706,47,320,2080,580,0,0,605,2309,0,0,0,13
55,2024-04-02,182,290,1800,1000,105,582,3080,1223,0,0,779,2804,0,0,0,12
55,2024-04-03,132,162,1137,737,80,296,1929,1267,0,0,384,1820,0,0,3,15
55,2024-04-04,57,49,481,429,65,305,2662,849,0,0,337,1639,0,0,1,24
55,2024-04-05,23,27,444,343,32,414,2656,760,0,0,505,2324,0,0,1,13
55,2024-04-06,14,34,405,397,30,381,2330,817,0,0,312,2124,0,0,5,42
55,2024-04-07,78,66,670,688,59,407,2685,737,0,0,371,1712,0,0,3,29
55,2024-04-08,96,53,612,506,28,224,1858,571,0,0,249,1032,0,0,2,30
55,2024-04-09,20,38,250,263,35,357,603,52,0,0,262,1253,0,0,0,22
55,2024-04-10,11,14,35,24,3,20,60,50,0,0,56,1066,0,0,2,5
55,2024-04-11,15,24,117,111,2,72,298,183,0,0,54,773,0,0,1,9
55,2024-04-12,4,10,141,239,3,38,316,338,0,0,56,753,0,0,3,25
55,2024-04-13,77,76,266,188,11,329,1279,429,0,0,68,459,0,0,2,37
55,2024-04-14,50,66,154,92,10,114,760,313,0,0,44,252,0,0,0,25
55,2024-04-15,8,25,82,99,41,203,1571,473,0,0,8,382,0,0,0,20
55,2024-04-16,14,11,103,87,4,100,1365,214,0,0,108,764,0,0,0,21
55,2024-04-17,26,57,351,247,7,63,725,189,0,0,112,843,0,0,0,3
55,2024-04-18,58,96,498,293,6,193,1590,255,0,0,103,200,0,0,0,23
55,2024-04-19,11,33,270,118,7,122,388,87,0,0,28,405,0,0,0,5
55,2024-04-20,17,27,261,233,15,227,983,104,0,0,51,624,0,0,0,2
55,2024-04-21,15,20,248,205,22,238,1280,279,0,0,25,424,0,0,0,6
55,2024-04-22,20,35,513,261,30,413,1937,594,0,0,147,551,0,0,0,21
55,2024-04-23,55,40,485,290,25,347,2461,949,0,0,124,360,0,0,1,29
55,2024-04-24,17,10,99,136,4,26,1197,513,0,0,23,189,0,0,0,7
55,2024-04-25,85,45,354,280,9,170,477,227,0,0,32,182,0,0,3,16
55,2024-04-26,54,52,329,360,19,219,573,318,0,0,17,197,0,0,0,33
55,2024-04-27,70,71,476,310,56,655,2340,838,0,0,142,423,0,0,0,63
55,2024-04-28,106,110,699,404,41,502,2548,1517,0,0,182,535,0,0,8,42
55,2024-04-29,203,214,1285,578,105,962,3133,1841,0,0,350,355,0,0,17,99
55,2024-04-30,149,156,1023,334,61,550,1469,1416,0,0,172,288,0,0,5,51
55,2024-05-01,162,103,1336,287,21,354,1520,542,0,0,203,192,0,0,0,11
55,2024-05-02,99,44,689,211,3,121,544,45,0,0,13,105,0,0,0,6
55,2024-05-03,16,27,755,207,0,9,183,36,0,0,32,157,0,0,0,36
55,2024-05-04,22,65,879,185,1,18,517,149,0,0,162,139,0,0,8,115
55,2024-05-05,49,46,642,130,7,21,75,23,0,0,42,129,0,0,1,27
55,2024-05-06,26,24,318,103,0,33,60,8,0,0,21,89,0,0,0,16
55,2024-05-07,7,4,59,23,0,21,33,13,0,0,1,54,0,0,0,5
55,2024-05-08,1,1,110,82,0,8,53,13,0,0,2,115,0,0,0,9
55,2024-05-09,12,9,139,124,0,15,143,20,0,0,4,108,0,0,1,13
55,2024-05-10,1,3,27,88,0,0,25,23,0,0,3,59,0,0,0,4
55,2024-05-11,0,0,30,20,0,0,14,11,0,0,0,44,0,0,1,2
55,2024-05-12,5,5,25,56,2,7,40,22,0,0,2,31,0,0,0,11
55,2024-05-13,15,5,54,18,2,6,194,6,0,0,6,82,0,0,1,33
55,2024-05-14,52,14,109,21,2,59,208,75,0,0,14,144,0,0,0,83
55,2024-05-15,16,12,47,75,2,51,310,28,0,0,11,70,0,0,1,65
55,2024-05-16,3,7,34,9,0,7,9,7,0,0,2,36,0,0,0,46
55,2024-05-17,3,2,4,6,0,0,3,9,0,0,2,4,0,0,0,2
55,2024-05-18,0,0,8,6,0,5,14,4,0,0,0,20,0,0,0,5
55,2024-05-19,6,13,77,24,0,12,59,6,0,0,0,37,0,0,0,31
55,2024-05-20,6,15,81,47,1,30,84,16,0,0,4,22,0,0,0,28
55,2024-05-21,0,0,1,0,0,0,3,0,0,0,1,9,0,0,0,0
55,2024-05-22,2,0,6,0,0,0,4,1,0,0,0,3,0,0,0,2
55,2024-05-23,0,0,2,0,0,0,0,0,0,0,0,7,0,0,0,16
55,2024-05-24,0,0,0,0,0,0,0,0,0,0,0,0,0,0,0,9
55,2024-05-25,0,0,0,9,0,0,0,0,0,0,0,0,0,0,0,0
55,2024-05-26,0,0,0,10,0,0,0,2,0,0,0,0,0,0,0,0
55,2024-05-27,0,0,0,9,0,0,0,0,0,0,0,1,0,0,0,0
55,2024-05-28,0,0,1,0,0,0,2,0,0,0,0,0,0,0,0,0
55,2024-05-29,0,0,1,2,0,0,3,19,0,0,0,1,0,0,0,1
55,2024-05-30,0,0,0,0,0,0,0,0,0,0,0,0,0,0,0,0
55,2024-05-31,0,0,0,0,0,0,0,0,0,0,0,0,0,0,0,0
55,2024-06-01,0,0,0,0,0,0,0,0,0,0,0,0,0,0,0,0
55,2024-06-02,0,0,0,0,0,0,0,0,0,0,0,0,0,0,0,0
55,2024-06-03,0,0,0,0,0,0,0,0,0,0,0,0,0,0,0,0
55,2024-06-04,0,0,2,8,0,0,2,41,0,0,0,4,0,0,0,17
55,2024-06-05,0,0,10,11,0,0,10,0,0,0,0,3,0,0,0,78
55,2024-06-06,0,0,0,0,0,0,0,0,0,0,0,0,0,0,0,0
55,2024-06-07,1,0,2,2,0,2,0,0,0,0,0,0,0,0,0,0
55,2024-06-08,0,0,0,1,0,0,0,0,0,0,0,0,0,0,0,0
55,2024-06-09,0,0,0,1,0,0,0,0,0,0,0,2,0,0,0,2
55,2024-06-10,0,0,2,0,0,0,0,0,0,0,0,0,0,0,0,0
55,2024-06-11,0,0,0,1,0,0,0,0,0,0,0,0,0,0,0,2
55,2024-06-12,0,0,0,1,0,0,0,1,0,0,0,0,0,0,0,0
55,2024-06-13,0,0,0,9,0,0,4,3,0,0,0,0,0,0,0,0
55,2024-06-14,0,0,0,5,0,0,1,16,0,0,0,4,0,0,0,0
55,2024-06-15,0,0,1,18,0,1,1,3,0,0,0,0,0,0,0,0
55,2024-06-16,0,1,3,0,0,1,42,56,0,0,0,0,0,0,0,0
55,2024-06-17,0,0,5,11,0,3,12,3,0,0,0,1,0,0,0,0
55,2024-06-18,0,0,0,2,0,1,0,2,0,0,0,0,0,0,0,0
55,2024-06-19,0,0,8,1,0,0,5,8,0,0,0,0,0,0,0,3
55,2024-06-20,0,0,1,8,0,12,6,0,0,0,0,0,0,0,0,0
55,2024-06-21,3,1,17,6,2,9,15,7,0,0,0,0,0,0,0,10
55,2024-06-22,0,0,6,1,0,0,0,2,0,0,0,0,0,0,0,4
55,2024-06-23,0,0,0,0,0,0,7,2,0,0,0,0,0,0,0,1
55,2024-06-24,0,0,0,0,0,0,0,0,0,0,2,0,0,0,0,4
55,2024-06-25,0,0,0,0,0,0,0,0,0,0,0,0,0,0,0,0
55,2024-06-26,0,0,0,1,0,0,0,0,0,0,0,0,0,0,0,0
55,2024-06-27,0,0,2,4,0,0,0,0,0,0,0,3,0,0,0,0
55,2024-06-28,0,0,2,3,0,0,0,0,0,0,0,0,0,0,0,1
55,2024-06-29,0,0,0,1,0,0,0,0,0,0,0,0,0,0,0,0
55,2024-06-30,0,0,0,0,0,0,0,0,0,0,0,0,0,0,0,0
55,2024-07-01,0,1,2,0,0,0,0,0,0,0,0,0,0,0,0,0
55,2024-07-02,0,0,0,2,0,0,0,0,0,0,0,0,0,0,0,1
55,2024-07-03,0,0,2,0,0,0,0,0,0,0,0,0,0,0,0,0
55,2024-07-04,0,0,0,0,0,0,0,0,0,0,0,0,0,0,0,0
55,2024-07-05,0,0,3,2,0,0,0,0,0,0,0,0,0,0,0,0
55,2024-07-06,0,0,1,10,0,0,0,0,0,0,0,2,0,0,0,0
55,2024-07-07,0,0,2,6,0,0,0,0,0,0,0,0,0,0,0,4
55,2024-07-08,0,0,2,8,0,0,0,0,0,0,0,0,0,0,0,0
55,2024-07-09,0,0,2,0,0,0,2,0,0,0,0,1,0,0,0,0
55,2024-07-10,0,0,0,0,0,0,0,0,0,0,0,0,0,0,0,0
55,2024-07-11,0,0,0,0,0,0,0,0,0,0,0,0,0,0,0,0
55,2024-07-12,0,0,0,0,0,0,0,0,0,0,0,0,0,0,0,0
55,2024-07-13,0,0,0,0,0,0,0,0,0,0,0,0,0,0,0,0
55,2024-07-14,0,0,0,0,0,0,0,0,0,0,0,0,0,0,0,0
55,2024-07-15,0,0,0,0,0,0,0,0,0,0,0,0,0,0,0,0
55,2024-07-16,0,0,0,0,0,0,0,0,0,0,0,0,0,0,0,0
55,2024-07-17,0,0,1,3,0,0,1,0,0,0,0,0,0,0,0,13
55,2024-07-18,0,0,0,0,0,0,0,0,0,0,0,1,0,0,0,1
55,2024-07-19,0,0,0,2,0,0,1,0,0,0,0,0,0,0,0,0
55,2024-07-20,0,0,0,0,0,0,0,0,0,0,0,0,0,0,0,0
55,2024-07-21,0,0,0,0,0,0,0,0,0,0,0,0,0,0,0,0
55,2024-07-22,0,0,0,0,0,0,0,0,0,0,0,0,0,0,0,0
55,2024-07-23,0,0,0,0,0,0,0,0,0,0,0,0,0,0,0,0
55,2024-07-24,0,0,0,0,0,0,0,0,0,0,0,0,0,0,0,0
55,2024-07-25,0,0,0,0,0,0,0,0,0,0,0,0,0,0,0,0
55,2024-07-26,0,0,0,0,0,0,0,0,0,0,0,0,0,0,0,0
55,2024-07-27,0,0,0,0,0,0,0,0,0,0,0,0,0,0,0,0
55,2024-07-28,0,0,0,0,0,0,0,0,0,0,0,0,0,0,0,0
55,2024-07-29,0,0,0,0,0,0,0,0,0,0,0,0,0,0,0,0
55,2024-07-30,0,0,0,1,0,0,0,0,0,0,0,0,0,0,0,0
55,2024-07-31,0,0,0,0,0,0,0,0,0,0,0,0,0,0,0,0
55,2024-08-01,0,0,0,0,0,0,0,0,0,0,0,0,0,0,0,0
55,2024-08-02,0,0,0,0,0,0,0,0,0,0,0,0,0,0,0,0
55,2024-08-03,0,0,0,0,0,0,0,0,0,0,0,0,0,0,0,0
55,2024-08-04,0,0,0,1,0,0,0,0,0,0,0,0,0,0,0,0
55,2024-08-05,0,0,1,5,0,0,0,1,0,0,0,0,0,0,0,0
55,2024-08-06,0,0,5,17,0,0,0,2,0,0,0,0,0,0,0,2
55,2024-08-07,0,0,26,9,0,0,0,0,0,0,0,0,0,0,0,0
55,2024-08-08,0,1,1,9,0,1,1,4,0,0,0,0,0,0,0,0
55,2024-08-09,0,0,16,14,0,0,0,0,0,0,0,5,0,0,0,2
55,2024-08-10,0,0,13,12,0,0,0,0,0,0,0,0,0,0,1,0
55,2024-08-11,0,0,0,0,0,0,0,0,0,0,0,0,0,0,0,0
55,2024-08-12,0,0,0,0,0,0,0,0,0,0,0,0,0,0,0,0
55,2024-08-13,0,0,5,57,0,0,0,0,0,0,0,0,0,0,0,4
55,2024-08-14,0,0,5,5,0,0,0,0,0,0,0,0,0,0,0,0
55,2024-08-15,0,0,1,14,0,0,1,0,0,0,0,0,0,0,0,3
55,2024-08-16,0,0,0,5,0,0,0,0,0,0,0,0,0,0,0,0
55,2024-08-17,0,0,0,2,0,0,0,0,0,0,0,0,0,0,0,0
55,2024-08-18,0,0,16,9,0,0,0,0,0,0,0,0,0,0,0,0
55,2024-08-19,0,0,2,0,0,0,0,0,0,0,0,0,0,0,0,1
55,2024-08-20,0,0,0,0,0,0,0,0,0,0,0,0,0,0,0,0
55,2024-08-21,0,0,0,2,0,0,0,0,0,0,0,0,0,0,0,0
55,2024-08-22,0,0,2,9,0,0,0,0,0,0,0,0,0,0,0,0
55,2024-08-23,0,0,6,3,0,0,0,0,0,0,0,1,0,0,0,0
55,2024-08-24,0,0,0,13,0,0,0,0,0,0,0,0,0,0,0,1
55,2024-08-25,0,0,2,2,0,0,0,0,0,0,0,0,0,0,0,0
55,2024-08-26,0,0,0,0,0,0,0,0,0,0,0,0,0,0,0,0
55,2024-08-27,0,0,4,5,0,0,0,0,0,0,0,0,0,0,0,0
55,2024-08-28,0,0,1,0,0,0,0,0,0,0,0,2,0,0,0,1
55,2024-08-29,0,0,3,8,0,0,0,2,0,0,0,0,0,0,0,2
55,2024-08-30,0,0,0,8,0,0,0,1,0,0,0,1,0,0,0,2
55,2024-08-31,0,0,0,10,0,0,1,0,0,0,0,0,0,0,0,0
55,2024-09-01,0,0,3,15,0,0,0,0,0,0,0,0,0,0,0,0
55,2024-09-02,0,0,0,0,0,0,0,0,0,0,0,0,0,0,0,0
55,2024-09-03,0,0,3,0,0,0,0,1,0,0,0,3,0,0,0,0
55,2024-09-04,0,0,1,0,0,0,0,0,0,0,0,0,0,0,0,0
55,2024-09-05,0,0,6,8,0,0,0,0,0,0,0,0,0,0,0,2
55,2024-09-06,0,0,1,0,0,0,0,0,0,0,0,1,0,0,0,2
55,2024-09-07,0,0,2,0,0,0,0,0,0,0,0,0,0,0,1,1
55,2024-09-08,0,0,0,1,0,0,0,0,0,0,0,0,0,0,0,0
55,2024-09-09,0,0,0,0,0,0,0,0,0,0,0,0,0,0,0,0
55,2024-09-10,0,0,0,0,0,0,0,0,0,0,0,0,0,0,0,0
55,2024-09-11,0,0,5,14,0,0,0,0,0,0,0,0,0,0,0,0
55,2024-09-12,0,0,0,0,0,0,0,0,0,0,0,0,0,0,0,0
55,2024-09-13,0,0,3,1,0,0,0,0,0,0,0,0,0,0,0,0
55,2024-09-14,0,0,16,7,0,0,0,0,0,0,0,0,0,0,0,0
55,2024-09-15,0,0,0,0,0,0,0,0,0,0,0,0,0,0,0,5
55,2024-09-16,0,0,7,8,0,0,0,0,0,0,0,0,0,0,0,0
55,2024-09-17,0,0,0,0,0,0,0,0,0,0,0,1,0,0,0,0
55,2024-09-18,0,0,0,0,0,0,0,0,0,0,0,2,0,0,0,2
55,2024-09-19,0,0,5,0,0,0,0,1,0,0,0,9,0,0,0,7
55,2024-09-20,0,0,0,0,0,0,0,0,0,0,0,0,0,0,0,3
55,2024-09-21,0,0,0,0,0,0,0,0,0,0,0,2,0,0,0,0
55,2024-09-22,0,0,0,0,0,0,0,0,0,0,0,0,0,0,0,2
55,2024-09-23,0,0,0,0,0,0,0,0,0,0,0,1,0,0,0,0
55,2024-09-24,0,0,0,0,0,0,0,0,0,0,0,1,0,0,0,0
55,2024-09-25,0,0,0,0,0,0,1,0,0,0,0,1,0,0,0,3
55,2024-09-26,0,0,0,0,0,0,0,0,0,0,0,0,0,0,0,0
55,2024-09-27,0,0,0,7,0,0,1,0,0,0,0,0,0,0,0,1
55,2024-09-28,0,0,2,4,0,0,0,0,0,0,0,1,0,0,0,0
55,2024-09-29,0,0,4,16,0,0,0,0,0,0,0,1,0,0,0,0
55,2024-09-30,0,0,5,35,0,0,0,0,0,0,0,0,0,0,0,0
55,2024-10-01,0,0,0,1,0,0,0,0,0,0,0,0,0,0,0,0
55,2024-10-02,0,0,0,1,0,0,0,0,0,0,0,0,0,0,0,0
55,2024-10-03,0,0,0,1,0,0,0,0,0,0,0,0,0,0,0,0
55,2024-10-04,0,0,0,6,0,0,0,3,0,0,0,0,0,0,0,2
55,2024-10-05,0,0,2,7,0,0,0,1,0,0,0,1,0,0,0,0
55,2024-10-06,0,2,12,19,0,1,7,7,0,0,0,0,0,0,0,2
55,2024-10-07,0,0,9,18,0,0,6,1,0,0,0,2,0,0,0,2
55,2024-10-08,0,0,3,2,0,1,2,1,0,0,0,1,0,0,0,0
55,2024-10-09,0,0,5,4,0,0,5,0,0,0,0,1,0,0,0,0
55,2024-10-10,0,0,9,8,0,0,1,3,0,0,0,6,0,0,0,0
55,2024-10-11,1,3,20,17,2,0,0,2,0,0,0,3,0,0,0,0
55,2024-10-12,0,0,9,21,0,0,3,9,0,0,0,3,0,0,0,0
55,2024-10-13,0,1,2,9,0,0,1,4,0,0,0,0,0,0,0,0
55,2024-10-14,0,0,0,15,0,0,0,1,0,0,0,2,0,0,0,0
55,2024-10-15,0,0,9,21,0,0,3,0,0,0,0,1,0,0,0,0
55,2024-10-16,0,0,18,16,0,0,1,0,0,0,0,2,0,0,0,0
55,2024-10-17,0,0,2,13,0,1,0,2,0,0,0,0,0,0,0,3
55,2024-10-18,0,0,1,1,0,0,3,2,0,0,0,0,0,0,0,5
55,2024-10-19,0,0,0,0,0,0,3,1,0,0,0,1,0,0,0,3
55,2024-10-20,0,0,0,0,0,0,1,0,0,0,0,1,0,0,0,0
55,2024-10-21,0,0,0,2,0,0,0,0,0,0,0,3,0,0,0,3
55,2024-10-22,0,3,5,10,0,0,2,5,0,0,0,2,0,0,0,1
55,2024-10-23,0,1,0,8,0,0,1,2,0,0,0,0,0,0,0,1
55,2024-10-24,0,0,0,6,0,0,6,0,0,0,0,1,0,0,0,1
55,2024-10-25,0,1,0,18,0,0,0,2,0,0,0,3,0,0,0,4
55,2024-10-26,0,3,5,7,0,0,4,3,0,0,0,12,0,0,0,6
55,2024-10-27,1,2,24,22,0,0,2,1,0,0,1,17,0,0,0,14
55,2024-10-28,0,4,14,10,0,0,0,1,0,0,0,9,0,0,1,10
55,2024-10-29,0,2,13,10,0,1,3,0,0,0,0,0,0,0,0,8
55,2024-10-30,0,6,6,8,0,0,1,1,0,0,0,8,0,0,0,7
55,2024-10-31,0,1,12,12,0,1,5,1,0,0,2,8,0,0,0,9
55,2024-11-01,0,3,30,17,1,1,4,0,0,0,2,23,0,0,0,9
55,2024-11-02,1,5,38,48,0,0,9,14,0,0,4,16,0,0,0,4
55,2024-11-03,0,0,0,0,0,0,0,0,0,0,0,0,0,0,0,0
55,2024-11-04,0,0,0,0,0,0,0,0,0,0,0,0,0,0,0,0
55,2024-11-05,0,0,0,0,0,0,0,0,0,0,0,0,0,0,0,0
55,2024-11-06,0,0,0,0,0,0,0,3,0,0,0,0,0,0,0,0
55,2024-11-07,0,0,2,11,0,1,1,6,0,0,0,0,0,0,0,0
55,2024-11-08,0,0,5,10,0,0,7,6,0,0,0,0,0,0,0,0
55,2024-11-09,0,0,6,13,0,0,5,5,0,0,0,2,0,0,0,1
55,2024-11-10,1,5,16,35,1,2,9,9,0,0,0,2,0,0,0,1
55,2024-11-11,3,6,39,46,1,2,4,8,0,0,0,5,0,0,0,0
55,2024-11-12,3,7,62,65,2,4,3,1,0,0,2,5,0,0,0,1
55,2024-11-13,3,7,56,53,0,2,9,13,0,0,0,3,0,0,0,4
55,2024-11-14,0,4,27,23,0,1,7,7,0,0,0,3,0,0,0,5
55,2024-11-15,3,1,14,8,3,0,9,4,0,0,0,17,0,0,0,3
55,2024-11-16,0,6,34,35,3,4,2,2,0,0,0,41,0,0,0,12
55,2024-11-17,0,3,22,9,0,1,4,7,0,0,2,62,0,0,0,13
55,2024-11-18,1,4,30,72,0,1,16,4,0,0,1,25,0,0,0,15
55,2024-11-19,1,2,28,30,0,3,4,4,0,0,1,15,0,0,0,6
55,2024-11-20,0,0,14,8,0,0,8,0,0,0,0,19,0,0,0,3
55,2024-11-21,0,4,40,30,0,1,8,15,0,0,4,43,0,0,0,3
55,2024-11-22,3,7,56,27,1,0,6,2,0,0,0,79,0,0,0,0
55,2024-11-23,2,9,94,50,0,1,17,6,0,0,1,58,0,0,0,0
55,2024-11-24,2,9,69,33,0,2,8,15,0,0,0,45,0,0,0,0
55,2024-11-25,0,0,7,11,0,0,3,0,0,0,0,19,0,0,0,1
55,2024-11-26,0,0,15,8,0,0,3,2,0,0,0,12,0,0,0,1
55,2024-11-27,0,12,25,41,0,0,1,4,0,0,0,82,0,0,1,0
55,2024-11-28,4,24,95,71,1,4,4,6,0,0,0,65,0,0,0,0
55,2024-11-29,0,0,63,76,0,0,20,16,0,0,0,12,0,0,0,1
55,2024-11-30,0,7,82,55,1,0,11,9,0,0,1,30,0,0,0,3
55,2024-12-01,0,0,41,50,0,0,9,18,0,0,0,5,0,0,0,3
55,2024-12-02,1,7,64,51,0,5,4,4,0,0,0,47,0,0,0,7
55,2024-12-03,5,19,115,91,1,4,6,9,0,0,2,130,0,0,0,12
55,2024-12-04,9,17,76,125,1,3,12,10,0,0,1,49,0,0,2,18
55,2024-12-05,3,5,83,43,0,0,6,17,0,0,0,26,0,0,0,2
55,2024-12-06,0,0,55,73,0,1,9,9,0,0,0,17,0,0,0,7
55,2024-12-07,2,8,50,63,2,1,8,16,0,0,0,54,0,0,0,10
55,2024-12-08,8,8,78,79,0,0,5,1,0,0,0,111,0,0,0,8
55,2024-12-09,8,23,127,100,1,4,18,9,0,0,3,47,0,0,0,4
55,2024-12-10,6,6,80,106,1,4,18,21,0,0,0,18,0,0,0,14
55,2024-12-11,2,4,29,37,1,2,4,5,0,0,1,16,0,0,0,6
55,2024-12-12,3,5,29,8,7,0,7,6,0,0,1,28,0,0,1,13
55,2024-12-13,4,3,8,2,0,0,3,0,0,0,0,31,0,0,0,4
55,2024-12-14,0,0,6,38,0,0,2,1,0,0,0,15,0,0,0,7
55,2024-12-15,0,0,49,173,0,0,0,28,0,0,0,12,0,0,0,2
55,2024-12-16,0,0,56,145,0,0,5,19,0,0,0,11,0,0,0,2
55,2024-12-17,0,0,36,89,0,0,7,19,0,0,0,25,0,0,0,10
55,2024-12-18,0,0,47,104,0,1,6,3,0,0,3,23,0,0,0,16
55,2024-12-19,3,7,89,191,1,2,20,13,0,0,0,48,0,0,0,7
55,2024-12-20,5,11,116,167,1,4,21,20,0,0,5,31,0,0,1,18
55,2024-12-21,0,8,60,135,0,3,9,14,0,0,0,8,0,0,0,4
55,2024-12-22,1,2,24,57,0,0,3,2,0,0,0,13,0,0,0,7
55,2024-12-23,3,2,57,102,0,2,19,13,0,0,1,25,0,0,0,15
55,2024-12-24,1,12,94,103,0,6,11,13,0,0,0,33,0,0,0,8
55,2024-12-25,7,12,91,188,1,7,34,22,0,0,2,45,0,0,0,32
55,2024-12-26,2,14,76,101,1,5,25,9,0,0,2,28,0,0,0,11
55,2024-12-27,2,2,47,100,1,0,6,11,0,0,4,27,0,0,0,8
55,2024-12-28,1,5,45,93,1,5,6,17,0,0,0,27,0,0,0,9
55,2024-12-29,1,3,89,168,1,6,7,12,0,0,3,50,0,0,0,11
55,2024-12-30,0,9,106,175,2,8,19,14,0,0,9,50,0,0,2,30
55,2024-12-31,2,5,68,149,0,1,10,10,0,0,0,21,0,0,1,21
55,2025-01-01,2,1,47,111,0,2,15,11,0,0,0,17,0,0,0,12
55,2025-01-02,2,3,28,120,0,3,17,13,0,0,6,33,0,0,1,18
55,2025-01-03,0,5,56,134,13,4,27,15,0,0,0,44,0,0,0,5
55,2025-01-04,2,7,82,228,0,13,34,33,0,0,0,51,0,0,0,2
55,2025-01-05,3,14,142,285,4,6,53,35,0,0,2,58,0,0,0,5
55,2025-01-06,0,17,80,223,2,2,34,36,0,0,2,23,0,0,0,1
55,2025-01-07,5,8,38,165,1,4,10,30,0,0,0,47,0,0,0,9
55,2025-01-08,17,13,48,138,0,7,27,19,0,0,3,53,0,0,0,6
55,2025-01-09,6,5,68,210,0,3,24,24,0,0,0,81,0,0,3,20
55,2025-01-10,8,22,130,281,0,9,52,20,0,0,6,109,0,0,0,11
55,2025-01-11,4,14,149,338,0,3,38,22,0,0,0,51,0,0,0,5
55,2025-01-12,0,7,89,199,0,3,33,32,0,0,1,33,0,0,0,5
55,2025-01-13,0,8,89,163,2,5,44,21,0,0,4,60,0,0,0,14
55,2025-01-14,10,15,101,131,1,6,56,41,0,0,11,72,0,0,0,33
55,2025-01-15,13,31,162,247,1,4,45,39,0,0,14,124,0,0,0,26
55,2025-01-16,8,12,165,297,3,9,37,41,0,0,6,80,0,0,0,21
55,2025-01-17,2,5,86,214,1,4,50,42,0,0,2,60,0,0,0,15
55,2025-01-18,3,3,109,179,3,2,39,32,0,0,4,87,0,0,2,29
55,2025-01-19,5,10,63,129,2,2,96,27,0,0,2,83,0,0,0,36
55,2025-01-20,4,17,68,92,3,7,36,24,0,0,9,63,0,0,0,29
55,2025-01-21,6,29,150,288,2,12,58,47,0,0,7,97,0,0,2,36
55,2025-01-22,4,8,92,211,3,5,60,57,0,0,6,78,0,0,0,17
55,2025-01-23,3,16,90,95,3,7,48,27,0,0,8,73,0,0,1,10
55,2025-01-24,0,13,134,211,7,5,77,71,0,0,22,113,0,0,0,52
55,2025-01-25,13,32,279,267,3,19,82,84,0,0,14,113,0,0,2,21
55,2025-01-26,15,91,348,448,3,18,78,49,0,0,8,111,0,0,0,9
55,2025-01-27,9,57,265,395,0,4,56,63,0,0,0,88,0,0,0,0
55,2025-01-28,9,52,188,191,2,4,36,33,0,0,2,70,0,0,0,0
55,2025-01-29,10,17,107,152,0,13,45,26,0,0,4,78,0,0,0,0
55,2025-01-30,25,41,164,211,0,9,64,54,0,0,4,151,0,0,0,2
55,2025-01-31,72,98,297,268,1,17,111,77,0,0,9,207,0,0,0,8
55,2025-02-01,33,104,427,448,2,15,212,186,0,0,25,159,0,0,0,19
55,2025-02-02,15,21,329,367,6,15,151,133,0,0,11,165,0,0,0,15
55,2025-02-03,17,24,187,297,5,15,86,49,0,0,17,208,0,0,0,14
55,2025-02-04,6,26,153,210,2,12,47,34,0,0,6,217,0,0,1,9
55,2025-02-05,7,39,158,192,3,9,79,36,0,0,6,184,0,0,0,12
55,2025-02-06,28,63,300,328,11,26,82,70,0,0,13,158,0,0,0,47
55,2025-02-07,8,33,156,331,3,15,84,61,0,0,23,213,0,0,0,32
55,2025-02-08,15,42,152,339,0,18,32,45,0,0,1,130,0,0,0,17
55,2025-02-09,9,46,174,341,1,19,67,41,0,0,6,165,0,0,0,1
55,2025-02-10,23,85,226,265,3,24,112,55,0,0,16,238,0,0,2,12
55,2025-02-11,49,213,454,534,8,24,146,65,0,0,16,254,0,0,3,24
55,2025-02-12,23,131,372,568,8,27,249,115,0,0,20,194,0,0,0,20
55,2025-02-13,9,57,298,410,6,21,136,98,0,0,33,361,0,0,0,20
55,2025-02-14,30,40,315,316,5,22,199,145,0,0,38,290,0,0,0,40
55,2025-02-15,44,132,631,417,8,54,291,216,0,0,19,360,0,0,0,29
55,2025-02-16,68,325,1092,661,10,65,242,133,0,0,39,497,0,0,6,41
55,2025-02-17,55,225,703,538,3,61,193,139,0,0,28,465,0,0,0,77
55,2025-02-18,6,10,145,194,7,10,46,122,0,0,30,500,0,0,1,31
55,2025-02-19,0,0,44,152,0,1,46,59,0,0,27,558,0,0,0,54
55,2025-02-20,0,5,76,217,0,11,93,115,0,0,24,424,0,0,0,34
55,2025-02-21,0,0,102,121,0,0,45,63,0,0,61,518,0,0,0,43
55,2025-02-22,7,14,242,360,1,10,87,93,0,0,40,397,0,0,1,73
55,2025-02-23,1,3,111,220,2,8,54,114,0,0,21,258,0,0,0,16
55,2025-02-24,0,0,0,4,0,0,1,12,0,0,0,114,0,0,0,3
55,2025-02-25,0,0,4,3,0,0,0,0,0,0,2,102,0,0,0,5
55,2025-02-26,0,4,59,165,0,6,5,36,0,0,1,294,0,0,0,6
55,2025-02-27,8,10,163,354,10,17,43,91,0,0,18,412,0,0,0,54
55,2025-02-28,9,20,210,330,18,25,84,152,0,0,24,289,0,0,5,88
55,2025-03-01,3,14,182,295,6,24,101,212,0,0,22,586,0,0,0,17
55,2025-03-02,20,32,243,209,16,63,207,182,0,0,50,639,0,0,0,32
55,2025-03-03,27,147,449,132,14,78,225,140,0,0,61,734,0,0,0,14
55,2025-03-04,107,331,1182,308,23,119,485,301,0,0,110,1122,0,0,0,26
55,2025-03-05,231,389,1318,441,24,259,722,303,0,0,123,887,0,0,0,27
55,2025-03-06,164,210,717,184,22,110,311,113,0,0,179,861,0,0,0,16
55,2025-03-07,12,12,221,27,0,0,18,0,0,0,218,1750,0,0,2,15
55,2025-03-08,5,4,104,16,30,8,29,9,0,0,99,1841,0,0,1,0
55,2025-03-09,23,40,267,192,6,13,79,37,0,0,133,1462,0,0,0,7
55,2025-03-10,83,114,577,317,11,55,241,157,0,0,120,1117,0,0,1,7
55,2025-03-11,41,72,327,196,15,60,443,255,0,0,178,1109,0,0,0,9
55,2025-03-12,19,56,136,94,4,44,229,125,0,0,207,2088,0,0,0,8
55,2025-03-13,60,39,214,45,18,52,202,41,0,0,222,1629,0,0,1,16
55,2025-03-14,80,100,579,128,10,116,381,226,0,0,414,2896,0,0,7,16
55,2025-03-15,147,152,977,257,17,144,717,438,0,0,789,3015,0,0,1,28
55,2025-03-16,110,143,531,214,14,127,378,233,0,0,352,1743,0,0,10,15
55,2025-03-17,43,26,230,158,3,30,52,17,0,0,354,1758,0,0,0,7
55,2025-03-18,3,12,280,220,0,5,12,48,0,0,307,1786,0,0,0,2
55,2025-03-19,0,4,263,334,0,0,2,102,0,0,142,1793,0,0,0,0
55,2025-03-20,118,117,681,469,0,44,94,186,0,0,336,2028,0,0,0,2
55,2025-03-21,143,163,621,371,5,58,453,477,0,0,59,832,0,0,0,5
55,2025-03-22,83,100,483,425,9,75,644,508,0,0,30,601,0,0,0,8
55,2025-03-23,53,58,399,302,5,158,1053,347,0,0,73,782,0,0,0,2
55,2025-03-24,71,134,634,379,43,144,1583,433,0,0,174,1173,0,0,0,8
55,2025-03-25,160,316,1437,650,17,272,1770,763,0,0,388,1918,0,0,0,12
55,2025-03-26,427,661,1800,606,78,539,2069,626,0,0,344,1636,0,0,0,30
55,2025-03-27,300,377,1341,616,215,890,2630,527,0,0,387,1301,0,0,0,28
55,2025-03-28,218,228,885,534,115,532,2049,357,0,0,306,1515,0,0,0,17
55,2025-03-29,161,174,933,489,68,645,1848,159,0,0,730,1882,0,0,0,18
55,2025-03-30,91,159,959,459,27,260,743,75,0,0,693,2990,0,0,0,10
55,2025-03-31,76,104,672,482,34,226,666,63,0,0,752,2727,0,0,1,19
55,2025-04-01,47,61,401,478,3,56,155,102,0,0,349,2133,0,0,0,6
55,2025-04-02,23,23,241,234,11,91,318,216,0,0,174,1903,0,0,0,10
55,2025-04-03,32,17,225,248,17,283,880,193,0,0,186,1814,0,0,1,18
55,2025-04-04,28,34,372,384,33,265,2006,390,0,0,244,2236,0,0,0,12
55,2025-04-05,43,48,230,284,6,111,902,299,0,0,164,1121,0,0,0,9
55,2025-04-06,5,12,64,136,0,0,3,51,0,0,5,136,0,0,0,3
55,2025-04-07,0,1,44,89,0,3,16,34,0,0,1,153,0,0,0,0
55,2025-04-08,7,7,54,149,0,38,224,108,0,0,13,288,0,0,0,1
55,2025-04-09,0,15,92,171,0,54,238,67,0,0,4,366,0,0,0,1
55,2025-04-10,8,19,334,164,5,217,1907,365,0,0,148,405,0,0,1,5
55,2025-04-11,7,13,97,89,5,276,3254,899,0,0,67,382,0,0,0,9
55,2025-04-12,1,5,32,37,1,76,125,13,0,0,41,35,0,0,0,2
55,2025-04-13,0,0,5,51,0,0,0,15,0,0,3,58,0,0,0,0
55,2025-04-14,0,0,1,6,0,0,4,2,0,0,0,10,0,0,0,0
55,2025-04-15,0,0,42,119,0,2,14,48,0,0,0,42,0,0,0,4
55,2025-04-16,0,1,32,135,1,2,66,145,0,0,1,36,0,0,0,13
55,2025-04-17,1,1,52,84,0,24,215,88,0,0,2,48,0,0,0,11
55,2025-04-18,0,0,36,74,6,56,390,161,0,0,18,105,0,0,1,11
55,2025-04-19,0,0,133,80,5,21,795,120,0,0,21,294,0,0,0,14
55,2025-04-20,0,0,132,179,0,29,783,223,0,0,50,284,0,0,0,6
55,2025-04-21,4,7,199,242,3,38,1318,121,0,0,105,214,0,0,0,16
55,2025-04-22,26,7,149,122,13,29,74,341,0,0,11,316,0,0,0,6
55,2025-04-23,8,3,243,219,42,131,300,144,0,0,18,601,0,0,1,14
55,2025-04-24,26,9,164,159,44,312,1276,585,0,0,31,621,0,0,0,17
55,2025-04-25,26,9,270,203,18,535,2302,299,0,0,88,523,0,0,6,18
55,2025-04-26,43,34,319,241,13,434,2705,475,0,0,100,436,0,0,0,40
55,2025-04-27,4,3,60,111,0,28,481,617,0,0,25,172,0,0,0,46
55,2025-04-28,11,3,29,29,3,54,346,44,0,0,18,127,0,0,1,27
55,2025-04-29,0,0,0,7,0,0,9,5,0,0,0,0,0,0,0,0
55,2025-04-30,1,1,28,39,0,4,26,17,0,0,0,6,0,0,0,0
55,2025-05-01,1,0,99,63,0,0,19,54,0,0,0,20,0,0,0,0
55,2025-05-02,8,3,38,63,2,28,124,82,0,0,0,9,0,0,0,0
55,2025-05-03,0,1,34,24,0,1,33,17,0,0,0,7,0,0,0,0
55,2025-05-04,7,10,19,50,0,13,65,76,0,0,0,9,0,0,0,6
55,2025-05-05,44,6,116,51,0,44,231,308,0,0,1,63,0,0,0,24
55,2025-05-06,28,30,160,68,2,39,902,223,0,0,12,157,0,0,0,63
55,2025-05-07,60,29,131,45,4,72,1096,726,0,0,33,102,0,0,1,132
55,2025-05-08,3,0,25,31,0,2,28,72,0,0,1,13,0,0,0,19
55,2025-05-09,7,13,48,30,0,10,347,226,0,0,16,39,0,0,3,42
55,2025-05-10,2,6,17,2,0,2,87,39,0,0,4,17,0,0,0,76
55,2025-05-11,0,0,18,16,0,0,3,9,0,0,0,30,0,0,0,39
55,2025-05-12,4,3,45,13,0,0,8,11,0,0,2,9,0,0,0,16
55,2025-05-13,0,0,1,3,0,0,33,20,0,0,0,11,0,0,0,1
55,2025-05-14,1,1,0,3,0,10,19,6,0,0,0,2,0,0,0,5
55,2025-05-15,0,0,0,1,0,0,0,0,0,0,0,0,0,0,0,17
55,2025-05-16,0,0,2,2,0,0,1,3,0,0,0,3,0,0,0,16
55,2025-05-17,0,0,18,14,0,0,3,0,0,0,0,3,0,0,0,3
55,2025-05-18,0,0,5,14,0,0,5,7,0,0,0,2,0,0,0,2
55,2025-05-19,0,1,0,13,0,0,1,3,0,0,0,0,0,0,0,7
55,2025-05-20,0,0,14,3,0,0,7,17,0,0,0,3,0,0,0,17
55,2025-05-21,0,0,2,0,0,0,3,20,0,0,0,3,0,0,0,9
55,2025-05-22,5,0,31,4,0,0,11,9,0,0,1,4,0,0,0,46
55,2025-05-23,2,6,8,13,0,0,5,1,0,0,1,3,0,0,0,26
55,2025-05-24,0,0,0,3,0,0,0,0,0,0,0,0,0,0,0,0
55,2025-05-25,0,0,0,8,0,0,0,3,0,0,0,0,0,0,0,0
55,2025-05-26,0,0,0,1,0,0,0,2,0,0,0,0,0,0,0,0
55,2025-05-27,0,0,0,0,0,0,0,1,0,0,0,0,0,0,0,0
55,2025-05-28,0,0,0,3,0,1,0,0,0,0,0,0,0,0,0,0
55,2025-05-29,0,0,0,0,0,0,4,8,0,0,0,0,0,0,0,0
55,2025-05-30,0,0,1,2,0,0,2,2,0,0,0,0,0,0,0,0
55,2025-05-31,0,0,0,0,0,0,0,1,0,0,0,0,0,0,0,0
55,2025-06-01,0,0,0,1,0,0,2,11,0,0,0,0,0,0,0,0
55,2025-06-02,0,0,5,2,0,1,17,104,0,0,0,2,0,0,0,0
55,2025-06-03,0,0,0,2,0,0,8,102,0,0,0,0,0,0,0,0
55,2025-06-04,0,0,5,6,0,0,5,6,0,0,0,2,0,0,0,3
55,2025-06-05,1,0,7,2,0,2,0,3,0,0,0,0,0,0,0,8
55,2025-06-06,0,0,6,1,0,0,7,4,0,0,0,1,0,0,0,32
55,2025-06-07,0,2,18,12,0,3,22,17,0,0,0,3,0,0,0,66
55,2025-06-08,4,4,8,9,1,2,11,3,0,0,0,1,0,0,0,52
55,2025-06-09,0,2,3,10,0,0,0,0,0,0,0,0,0,0,0,3
55,2025-06-10,0,0,0,0,0,0,0,0,0,0,0,0,0,0,0,0
55,2025-06-11,0,0,0,0,0,0,0,0,0,0,0,0,0,0,0,0
55,2025-06-12,0,0,0,0,0,0,0,0,0,0,0,0,0,0,0,14
55,2025-06-13,0,0,1,0,0,0,2,0,0,0,0,1,0,0,0,35
55,2025-06-14,0,0,0,0,0,0,1,2,0,0,0,2,0,0,0,14
55,2025-06-15,0,0,1,0,0,0,2,3,0,0,0,0,0,0,0,2
55,2025-06-16,0,0,0,5,0,0,0,2,0,0,0,0,0,0,0,0
55,2025-06-17,0,0,0,0,0,0,5,0,0,0,0,0,0,0,0,0
55,2025-06-18,0,0,10,15,0,0,1,0,0,0,0,0,0,0,0,0
55,2025-06-19,0,0,0,1,0,0,0,1,0,0,0,0,0,0,0,0
55,2025-06-20,0,0,2,0,0,0,0,0,0,0,0,2,0,0,0,1
55,2025-06-21,0,0,0,0,0,0,0,0,0,0,0,1,0,0,0,0
55,2025-06-22,0,0,0,0,0,0,0,0,0,0,0,0,0,0,0,0
55,2025-06-23,0,0,0,4,0,0,0,0,0,0,0,0,0,0,0,0
55,2025-06-24,0,0,4,13,0,0,0,0,0,0,0,0,0,0,0,0
55,2025-06-25,0,1,1,5,0,0,0,0,0,0,0,0,0,0,0,0
55,2025-06-26,1,1,2,0,0,0,0,0,0,0,0,0,0,0,0,0
55,2025-06-27,0,0,0,0,0,0,0,0,0,0,0,0,0,0,0,1
55,2025-06-28,0,0,0,0,0,0,0,0,0,0,0,0,0,0,0,0
55,2025-06-29,0,0,0,1,0,0,0,0,0,0,0,0,0,0,0,0
55,2025-06-30,0,0,0,0,0,0,0,0,0,0,0,0,0,0,0,0
55,2025-07-01,0,0,2,0,0,0,0,0,0,0,0,0,0,0,0,0
55,2025-07-02,0,0,0,0,0,0,0,0,0,0,0,0,0,0,0,0
55,2025-07-03,0,0,0,0,0,1,0,0,0,0,0,0,0,0,0,0
55,2025-07-04,0,0,0,2,0,0,0,0,0,0,0,0,0,0,0,0
55,2025-07-05,0,0,1,1,0,0,0,0,0,0,0,0,0,0,0,1
55,2025-07-06,0,0,0,0,0,0,0,0,0,0,0,0,0,0,0,0
55,2025-07-07,0,0,0,0,0,0,0,0,0,0,0,0,0,0,0,0
55,2025-07-08,0,0,0,1,0,0,0,0,0,0,0,0,0,0,0,0
55,2025-07-09,0,0,0,0,0,0,0,0,0,0,0,0,0,0,0,0
55,2025-07-10,0,0,0,0,0,0,0,0,0,0,0,0,0,0,0,2
55,2025-07-11,0,0,0,0,0,0,0,0,0,0,0,0,0,0,0,0
55,2025-07-12,0,0,1,3,0,0,0,0,0,0,0,0,0,0,0,1
55,2025-07-13,0,0,0,1,0,0,0,0,0,0,0,0,0,0,0,1
55,2025-07-14,0,0,3,6,0,0,0,0,0,0,0,0,0,0,0,0
55,2025-07-15,0,0,28,2,0,0,0,0,0,0,0,0,0,0,0,3
55,2025-07-16,0,0,0,1,0,0,0,0,0,0,0,0,0,0,0,0
55,2025-07-17,0,0,0,0,0,0,0,0,0,0,0,0,0,0,0,0
55,2025-07-18,0,0,0,1,0,0,1,0,0,0,0,0,0,0,0,0
55,2025-07-19,0,0,0,0,0,0,0,0,0,0,0,0,0,0,0,0
55,2025-07-20,0,0,4,4,0,0,0,0,0,0,0,0,0,0,0,4
55,2025-07-21,0,0,0,0,0,0,0,0,0,0,0,0,0,0,0,0
55,2025-07-22,0,0,0,0,0,0,0,0,0,0,0,0,0,0,0,0
55,2025-07-23,0,0,0,0,0,0,0,0,0,0,0,0,0,0,0,0
55,2025-07-24,0,0,0,0,0,0,0,0,0,0,0,0,0,0,0,0
55,2025-07-25,0,0,0,1,0,0,0,0,0,0,0,0,0,0,0,0
55,2025-07-26,0,0,0,0,0,0,0,0,0,0,0,0,0,0,0,0
55,2025-07-27,0,0,0,0,0,0,0,0,0,0,0,0,0,0,0,0
55,2025-07-28,0,0,0,1,0,0,0,0,0,0,0,0,0,0,0,0
55,2025-07-29,0,0,0,0,0,0,0,0,0,0,0,0,0,0,0,2
55,2025-07-30,0,0,5,2,0,0,0,0,0,0,0,0,0,0,0,10
55,2025-07-31,0,0,21,23,0,0,0,0,0,0,0,1,0,0,0,0
55,2025-08-01,0,0,0,7,0,0,0,0,0,0,0,0,0,0,0,1
55,2025-08-02,0,0,5,15,0,0,0,0,0,0,0,0,0,0,0,1
55,2025-08-03,0,0,2,4,0,0,0,0,0,0,0,1,0,0,0,0
55,2025-08-04,0,0,22,25,0,0,0,0,0,0,0,0,0,0,0,0
55,2025-08-05,0,0,59,51,0,0,2,0,0,0,0,0,0,0,0,0
55,2025-08-06,0,0,1,0,0,0,0,0,0,0,0,0,0,0,0,0
55,2025-08-07,0,0,9,3,0,0,0,0,0,0,0,0,0,0,0,0
55,2025-08-08,0,0,2,19,0,0,0,4,0,0,0,0,0,0,0,0
55,2025-08-09,0,0,45,44,0,0,0,2,0,0,0,0,0,0,0,0
55,2025-08-10,0,0,92,90,0,0,1,7,0,0,0,1,0,0,0,0
55,2025-08-11,0,2,15,19,0,0,0,4,0,0,0,0,0,0,0,0
55,2025-08-12,0,0,14,11,0,0,0,1,0,0,0,0,0,0,0,0
55,2025-08-13,0,0,0,0,0,0,0,0,0,0,0,0,0,0,0,1
55,2025-08-14,0,0,7,14,0,0,0,0,0,0,0,0,0,0,0,0
55,2025-08-15,0,0,0,5,0,0,0,0,0,0,0,0,0,0,0,1
55,2025-08-16,0,0,1,0,0,0,0,0,0,0,0,0,0,0,0,0
55,2025-08-17,0,0,0,0,0,0,0,0,0,0,0,0,0,0,0,0
55,2025-08-18,0,0,0,3,0,0,1,0,0,0,0,0,0,0,0,4
55,2025-08-19,0,0,1,4,0,0,1,0,0,0,0,1,0,0,0,0
55,2025-08-20,0,0,12,29,0,0,0,0,0,0,0,0,0,0,0,0
55,2025-08-21,0,1,19,17,0,0,0,0,0,0,0,2,0,0,0,0
55,2025-08-22,0,0,0,0,0,0,0,0,0,0,0,0,0,0,0,0
55,2025-08-23,0,0,0,1,0,0,0,0,0,0,0,0,0,0,0,0
55,2025-08-24,0,0,0,0,0,0,0,0,0,0,0,0,0,0,0,1
55,2025-08-25,0,0,1,4,0,0,0,0,0,0,0,0,0,0,0,2
55,2025-08-26,0,0,1,0,0,0,0,0,0,0,0,0,0,0,0,0
55,2025-08-27,0,0,0,1,0,0,0,0,0,0,0,0,0,0,0,1
55,2025-08-28,0,0,0,2,0,0,0,0,0,0,0,0,0,0,0,1
55,2025-08-29,0,0,6,19,0,0,0,0,0,0,0,0,0,0,0,3
55,2025-08-30,0,0,0,0,0,0,0,0,0,0,0,0,0,0,0,0
55,2025-08-31,0,0,0,6,0,0,0,0,0,0,0,1,0,0,0,1
55,2025-09-01,0,0,0,73,0,0,0,0,0,0,0,2,0,0,0,4
55,2025-09-02,0,0,0,0,0,0,0,0,0,0,0,0,0,0,0,2
55,2025-09-03,0,0,1,1,0,0,1,0,0,0,0,0,0,0,0,5
55,2025-09-04,0,0,2,0,0,0,0,0,0,0,0,0,0,0,1,7
55,2025-09-05,0,0,0,0,0,0,1,0,0,0,0,0,0,0,0,1
55,2025-09-06,0,0,1,5,0,0,0,0,0,0,0,2,0,0,0,1
55,2025-09-07,0,0,2,0,0,0,0,1,0,0,0,1,0,0,0,2
55,2025-09-08,0,0,2,4,0,0,0,0,0,0,1,1,0,0,0,1
55,2025-09-09,0,0,0,0,0,0,0,0,0,0,0,0,0,0,0,0
55,2025-09-10,0,0,2,0,0,0,0,0,0,0,0,0,0,0,0,0
55,2025-09-11,0,0,3,7,0,0,0,0,0,0,0,0,0,0,0,0
55,2025-09-12,0,0,6,39,0,0,0,0,0,0,0,0,0,0,0,0
55,2025-09-13,0,0,4,11,0,0,0,4,0,0,0,0,0,0,0,0
55,2025-09-14,0,0,1,0,0,0,0,1,0,0,0,0,0,0,0,0
55,2025-09-15,0,0,0,0,0,0,0,0,0,0,0,0,0,0,0,0
55,2025-09-16,0,0,1,6,0,0,0,0,0,0,0,0,0,0,0,0
55,2025-09-17,0,0,7,7,0,2,0,0,0,0,0,4,0,0,0,2
55,2025-09-18,0,0,0,0,0,0,0,0,0,0,0,0,0,0,0,0
55,2025-09-19,0,0,0,1,0,0,0,0,0,0,0,0,0,0,0,0
55,2025-09-20,0,0,0,0,0,0,2,2,0,0,0,1,0,0,0,0
55,2025-09-21,0,0,1,0,0,0,0,1,0,0,0,4,0,0,0,3
55,2025-09-22,0,0,0,1,0,0,1,0,0,0,1,4,0,0,1,10
55,2025-09-23,0,0,0,1,0,0,2,0,0,0,0,1,0,0,0,0
55,2025-09-24,0,0,0,4,0,0,0,0,0,0,0,0,0,0,0,0
55,2025-09-25,0,0,1,0,0,0,3,4,0,0,0,1,0,0,0,0
55,2025-09-26,0,0,0,2,0,0,0,0,0,0,0,0,0,0,0,0
55,2025-09-27,0,0,0,0,0,0,0,0,0,0,0,0,0,0,0,2
55,2025-09-28,1,1,0,1,0,0,2,0,0,0,0,2,0,0,0,3
55,2025-09-29,0,0,0,1,0,0,0,0,0,0,0,2,0,0,0,0
55,2025-09-30,0,0,0,1,0,0,0,0,0,0,0,0,0,0,0,0
55,2025-10-01,0,0,0,0,0,0,0,0,0,0,0,0,0,0,0,0
55,2025-10-02,0,0,1,14,0,0,0,0,0,0,0,2,0,0,0,0
55,2025-10-03,0,0,1,6,0,0,0,2,0,0,0,3,0,0,0,1
55,2025-10-04,0,0,0,6,0,0,0,0,0,0,0,1,0,0,0,2
55,2025-10-05,0,0,2,9,0,0,0,0,0,0,0,0,0,0,0,3
55,2025-10-06,0,0,0,1,0,0,2,0,0,0,0,2,0,0,0,5
55,2025-10-07,0,0,0,2,0,0,0,0,0,0,0,1,0,0,0,0
55,2025-10-08,0,0,0,12,0,0,1,0,0,0,0,2,0,0,0,1
55,2025-10-09,0,0,5,5,0,0,1,0,0,0,0,2,0,0,0,0
55,2025-10-10,1,0,2,5,0,0,6,3,0,0,0,3,0,0,0,0
55,2025-10-11,0,1,4,1,0,0,1,3,0,0,0,2,0,0,0,6
55,2025-10-12,0,0,0,0,0,0,0,2,0,0,0,2,0,0,0,3
55,2025-10-13,0,1,6,1,0,0,2,2,0,0,1,3,0,0,0,3
55,2025-10-14,0,0,3,0,0,0,0,1,0,0,4,8,0,0,0,2
55,2025-10-15,0,0,0,0,0,0,0,0,0,0,0,0,0,0,0,0
55,2025-10-16,0,0,1,2,0,0,0,0,0,0,0,0,0,0,0,0
55,2025-10-17,0,0,0,0,0,0,0,1,0,0,0,0,0,0,0,0
55,2025-10-18,2,0,1,6,0,2,0,0,0,0,0,0,0,0,0,2
55,2025-10-19,1,0,4,13,0,0,1,0,0,0,0,7,0,0,0,2
55,2025-10-20,0,1,11,8,0,2,2,3,0,0,0,6,0,0,1,3
55,2025-10-21,0,0,3,7,0,0,3,1,0,0,0,0,0,0,0,4
55,2025-10-22,0,0,2,2,0,0,1,0,0,0,0,4,0,0,0,2
55,2025-10-23,0,0,6,1,0,0,0,0,0,0,0,17,0,0,0,3
55,2025-10-24,0,0,4,1,0,0,0,0,0,0,0,19,0,0,0,1
55,2025-10-25,2,2,7,4,0,0,1,1,0,0,0,6,0,0,0,5
55,2025-10-26,0,0,10,5,0,0,2,2,0,0,0,9,0,0,0,4
55,2025-10-27,0,0,4,0,0,0,7,0,0,0,1,8,0,0,0,3
55,2025-10-28,1,0,5,4,0,0,2,0,0,0,0,13,0,0,1,5
55,2025-10-29,2,5,25,8,0,1,2,0,0,0,0,33,0,0,0,7
55,2025-10-30,2,3,14,0,0,4,1,0,0,0,3,43,0,0,0,9
55,2025-10-31,0,1,4,1,0,0,0,1,0,0,1,7,0,0,0,5
55,2025-11-01,0,0,0,0,0,0,0,0,0,0,0,0,0,0,0,0
55,2025-11-02,0,0,0,2,0,0,0,0,0,0,0,0,0,0,0,0
55,2025-11-03,0,0,0,0,0,0,0,0,0,0,0,0,0,0,0,0
55,2025-11-04,0,0,0,0,0,0,0,2,0,0,0,0,0,0,0,0
55,2025-11-05,0,0,0,0,0,0,0,2,0,0,0,1,0,0,0,0
55,2025-11-06,0,0,0,0,0,0,1,0,0,0,0,0,0,0,0,1
55,2025-11-07,0,0,0,0,0,0,0,0,0,0,0,0,0,0,0,3
55,2025-11-08,0,0,0,0,0,0,0,0,0,0,0,0,0,0,0,0
55,2025-11-09,0,0,0,2,0,0,0,5,0,0,0,1,0,0,0,0
55,2025-11-10,0,0,1,7,0,0,1,0,0,0,0,1,0,0,0,1
55,2025-11-11,0,0,0,1,0,0,0,0,0,0,0,0,0,0,0,4
55,2025-11-12,0,0,0,0,0,0,0,0,0,0,0,0,0,0,0,0
55,2025-11-13,0,0,4,8,0,0,0,3,0,0,0,9,0,0,0,5
55,2025-11-14,5,0,5,11,0,0,1,2,0,0,1,13,0,0,0,4
55,2025-11-15,1,3,23,22,0,0,8,2,0,0,1,21,0,0,0,9
55,2025-11-16,1,3,31,10,0,0,4,0,0,0,0,14,0,0,0,23
55,2025-11-17,0,0,0,0,0,0,0,0,0,0,0,0,0,0,0,0
55,2025-11-18,0,0,0,0,0,0,0,0,0,0,0,2,0,0,0,0
55,2025-11-19,0,0,1,0,0,0,0,0,0,0,0,7,0,0,0,0
55,2025-11-20,0,0,10,1,0,0,0,3,0,0,0,45,0,0,0,2
55,2025-11-21,0,0,10,9,0,0,12,5,0,0,0,32,0,0,0,1
55,2025-11-22,0,1,16,20,0,0,9,4,0,0,0,25,0,0,0,3
55,2025-11-23,0,1,15,16,0,0,8,4,0,0,0,40,0,0,0,4
55,2025-11-24,0,3,37,4,0,0,5,4,0,0,0,60,0,0,0,1
55,2025-11-25,3,5,22,4,0,3,11,5,0,0,0,115,0,0,0,15
55,2025-11-26,3,5,71,41,1,1,15,5,0,0,2,55,0,0,0,20
55,2025-11-27,3,18,62,36,4,4,27,31,0,0,0,56,0,0,0,10
55,2025-11-28,0,6,38,21,0,1,12,12,0,0,0,31,0,0,0,8
55,2025-11-29,5,14,99,37,0,0,14,4,0,0,12,77,0,0,0,22
55,2025-11-30,8,13,116,46,6,1,22,1,0,0,4,88,0,0,0,8
55,2025-12-01,2,0,4,8,0,0,1,0,0,0,0,17,0,0,0,9
55,2025-12-02,3,9,84,76,2,4,16,10,0,0,1,36,0,0,1,19
55,2025-12-03,1,5,52,34,1,1,12,6,0,0,0,30,0,0,0,1
55,2025-12-04,1,14,37,5,3,0,8,2,0,0,2,32,0,0,0,6
55,2025-12-05,3,5,35,16,1,0,8,0,0,0,1,65,0,0,0,12
55,2025-12-06,6,13,101,37,0,1,16,6,0,0,2,88,0,0,0,15
55,2025-12-07,6,20,101,112,3,0,16,13,0,0,2,44,0,0,0,18
55,2025-12-08,1,6,49,37,1,2,10,17,0,0,2,27,0,0,0,9
55,2025-12-09,3,1,33,35,0,0,14,5,0,0,0,17,0,0,0,15
55,2025-12-10,5,20,85,14,4,1,19,0,0,0,2,63,0,0,0,14
55,2025-12-11,0,0,9,5,0,0,0,7,0,0,0,68,0,0,0,19
55,2025-12-12,0,0,3,15,0,0,0,1,0,0,4,51,0,0,0,12
55,2025-12-13,0,0,5,36,0,0,3,3,0,0,2,38,0,0,0,12
55,2025-12-14,0,0,3,24,0,0,1,3,0,0,0,17,0,0,0,12
55,2025-12-15,0,1,32,52,0,0,4,9,0,0,1,35,0,0,0,16
55,2025-12-16,1,3,67,67,0,0,9,2,0,0,2,72,0,0,5,10
55,2025-12-17,1,9,101,70,0,1,11,10,0,0,2,67,0,0,0,9
55,2025-12-18,3,4,60,111,0,0,8,9,0,0,4,32,0,0,0,9
55,2025-12-19,1,0,44,116,0,0,5,9,0,0,0,35,0,0,0,5
55,2025-12-20,3,4,45,67,0,0,13,14,0,0,1,26,0,0,0,5
55,2025-12-21,1,9,46,43,1,1,12,13,0,0,0,35,0,0,0,10
55,2025-12-22,1,7,92,77,0,1,22,7,0,0,6,78,0,0,0,13
55,2025-12-23,5,4,72,107,0,6,18,8,0,0,4,38,0,0,0,12
55,2025-12-24,1,6,37,97,0,1,12,20,0,0,1,41,0,0,0,17
55,2025-12-25,0,1,34,69,0,0,8,11,0,0,0,17,0,0,0,1
55,2025-12-26,3,6,72,112,0,0,22,8,0,0,3,47,0,0,0,20
55,2025-12-27,8,5,113,86,0,0,23,11,0,0,6,79,0,0,0,32
55,2025-12-28,10,14,158,165,3,2,27,9,0,0,3,63,0,0,0,31
55,2025-12-29,0,3,120,120,0,2,17,18,0,0,1,36,0,0,1,35
55,2025-12-30,1,0,31,59,0,0,2,9,0,0,0,21,0,0,0,5
55,2025-12-31,10,1,110,57,0,1,13,9,0,0,1,44,0,0,0,16
56,2021-04-27,0,0,2,0,0,0,2,5,0,0,13,74,0,0,0,11
56,2021-04-28,0,0,0,4,0,0,7,40,0,0,8,41,0,0,0,4
56,2021-04-29,0,0,0,0,0,0,13,0,0,0,3,48,0,0,0,4
56,2021-04-30,0,0,2,0,0,0,0,6,0,0,17,78,0,0,0,6
56,2021-05-01,0,9,20,10,0,0,45,50,0,0,9,14,0,0,0,5
56,2021-05-02,0,1,26,10,0,0,7,13,0,0,11,66,0,0,0,5
56,2021-05-03,1,39,76,7,0,1,50,34,0,0,29,69,0,0,1,11
56,2021-05-04,4,85,154,8,0,0,169,145,0,0,17,142,0,0,0,21
56,2021-05-05,0,71,141,15,0,2,179,159,0,0,14,147,0,0,0,12
56,2021-05-06,0,7,17,0,0,2,4,15,0,0,6,64,0,0,0,9
56,2021-05-07,2,15,19,15,0,0,32,97,0,0,10,83,0,0,0,11
56,2021-05-08,0,6,26,6,0,0,39,31,0,0,6,37,0,0,0,8
56,2021-05-09,2,4,10,9,0,0,37,299,0,0,1,40,0,0,0,30
56,2021-05-10,0,8,27,16,0,1,67,244,0,0,3,77,0,0,0,5
56,2021-05-11,1,33,76,27,0,2,78,152,0,0,4,118,0,0,0,1
56,2021-05-12,2,36,89,47,0,0,96,179,0,0,7,29,0,0,0,8
56,2021-05-13,0,12,37,19,0,0,9,34,0,0,3,30,0,0,0,10
56,2021-05-14,0,10,37,9,0,0,20,17,0,0,1,24,0,0,0,9
56,2021-05-15,0,7,37,3,0,0,22,44,0,0,2,22,0,0,0,19
56,2021-05-16,3,28,47,13,0,0,82,70,0,0,15,72,0,0,0,37
56,2021-05-17,1,65,61,22,0,0,82,118,0,0,33,48,0,0,0,55
56,2021-05-18,0,0,3,5,0,0,17,72,0,0,7,57,0,0,0,26
56,2021-05-19,2,4,5,0,0,0,9,25,0,0,3,1,0,0,0,10
56,2021-05-20,1,6,4,3,0,0,13,34,0,0,0,34,0,0,0,13
56,2021-05-21,0,1,5,5,0,0,15,20,0,0,1,25,0,0,0,22
56,2021-05-22,1,6,78,32,0,0,24,64,0,0,8,44,0,0,1,41
56,2021-05-23,1,1,15,21,0,0,21,95,0,0,3,15,0,0,0,79
56,2021-05-24,1,2,21,6,0,0,4,0,0,0,0,3,0,0,0,0
56,2021-05-25,0,3,4,2,0,0,0,0,0,0,0,0,0,0,0,5
56,2021-05-26,0,0,3,0,0,0,0,0,0,0,0,0,0,0,0,1
56,2021-05-27,0,2,24,3,0,1,7,4,0,0,4,20,0,0,0,1
56,2021-05-28,0,0,1,4,0,0,2,4,0,0,0,2,0,0,0,4
56,2021-05-29,0,1,3,1,0,0,1,1,0,0,1,4,0,0,0,11
56,2021-05-30,0,1,1,2,0,0,4,4,0,0,1,0,0,0,0,6
56,2021-05-31,0,1,3,2,0,0,0,6,0,0,0,2,0,0,0,5
56,2021-06-01,0,7,1,9,0,1,8,5,0,0,0,10,0,0,0,0
56,2021-06-02,0,13,44,16,0,0,25,11,0,0,2,0,0,0,0,0
56,2021-06-03,0,0,4,5,0,0,6,24,0,0,0,7,0,0,0,3
56,2021-06-04,0,1,5,0,0,0,0,0,0,0,0,3,0,0,0,16
56,2021-06-05,0,0,0,0,0,0,1,1,0,0,0,0,0,0,0,40
56,2021-06-06,0,0,7,0,0,0,3,0,0,0,1,3,0,0,0,53
56,2021-06-07,0,0,1,1,0,0,4,0,0,0,0,4,0,0,0,21
56,2021-06-08,0,0,0,0,0,0,0,0,0,0,0,1,0,0,0,0
56,2021-06-09,0,0,0,0,0,0,0,0,0,0,0,0,0,0,0,0
56,2021-06-10,0,0,0,0,0,0,0,0,0,0,0,0,0,0,0,0
56,2021-06-11,0,0,1,0,0,0,0,0,0,0,0,0,0,0,0,0
56,2021-06-12,0,0,0,0,0,0,0,0,0,0,0,2,0,0,0,0
56,2021-06-13,0,0,0,0,0,0,0,0,0,0,1,2,0,0,0,3
56,2021-06-14,0,0,0,0,0,0,0,0,0,0,0,0,0,0,0,0
56,2021-06-15,0,0,0,0,0,0,0,0,0,0,0,0,0,0,0,0
56,2021-06-16,0,0,0,3,0,0,0,0,0,0,0,0,0,0,0,0
56,2021-06-17,0,0,2,0,0,0,1,0,0,0,0,1,0,0,0,9
56,2021-06-18,1,1,10,23,0,1,2,6,0,0,0,2,0,0,0,9
56,2021-06-19,0,0,0,5,0,0,1,7,0,0,1,0,0,0,0,9
56,2021-06-20,0,0,10,8,0,0,8,5,0,0,0,0,0,0,0,2
56,2021-06-21,0,0,2,3,0,0,8,2,0,0,0,0,0,0,0,2
56,2021-06-22,0,1,0,4,0,0,1,1,0,0,0,3,0,0,0,34
56,2021-06-23,0,0,0,3,0,0,1,0,0,0,0,2,0,0,0,3
56,2021-06-24,0,0,0,2,0,0,2,0,0,0,0,0,0,0,0,0
56,2021-06-25,0,1,3,2,0,0,0,0,0,0,0,1,0,0,0,0
56,2021-06-26,0,0,0,1,0,0,0,0,0,0,0,0,0,0,0,0
56,2021-06-27,0,0,0,4,0,0,0,0,0,0,0,0,0,0,0,0
56,2021-06-28,0,0,0,0,0,0,0,0,0,0,0,0,0,0,0,0
56,2021-06-29,0,0,0,2,0,0,0,0,0,0,0,0,0,0,0,0
56,2021-06-30,0,0,0,0,0,0,0,0,0,0,0,0,0,0,0,0
56,2021-07-01,0,0,1,4,0,0,0,0,0,0,0,0,0,0,0,0
56,2021-07-02,0,0,0,4,0,0,0,0,0,0,0,0,0,0,0,0
56,2021-07-03,1,1,0,16,0,0,0,1,0,0,1,1,0,0,0,1
56,2021-07-04,0,4,12,51,0,0,3,2,0,0,0,0,0,0,0,0
56,2021-07-05,0,0,1,5,0,0,0,1,0,0,0,0,0,0,0,0
56,2021-07-06,0,0,0,0,0,0,0,0,0,0,0,0,0,0,0,0
56,2021-07-07,0,0,0,1,0,0,0,0,0,0,0,0,0,0,0,1
56,2021-07-08,0,0,0,0,0,0,0,0,0,0,0,2,0,0,0,0
56,2021-07-09,0,0,1,0,0,0,0,0,0,0,0,0,0,0,0,1
56,2021-07-10,0,0,0,0,0,0,0,0,0,0,0,2,0,0,0,1
56,2021-07-11,0,0,0,1,0,0,0,0,0,0,0,0,0,0,0,4
56,2021-07-12,0,0,0,4,0,0,0,1,0,0,0,0,0,0,0,1
56,2021-07-13,0,0,0,12,0,0,2,1,0,0,0,0,0,0,0,11
56,2021-07-14,0,1,18,0,0,0,1,0,0,0,2,2,0,0,0,11
56,2021-07-15,0,0,0,0,0,0,0,0,0,0,0,0,0,0,0,1
56,2021-07-16,0,0,3,2,0,0,0,0,0,0,1,0,0,0,0,0
56,2021-07-17,0,0,3,16,0,0,0,1,0,0,0,0,0,0,0,2
56,2021-07-18,0,0,0,0,0,0,0,0,0,0,0,0,0,0,0,0
56,2021-07-19,0,0,0,0,0,0,0,1,0,0,0,1,0,0,0,1
56,2021-07-20,0,0,0,0,0,0,0,0,0,0,0,0,0,0,0,0
56,2021-07-21,0,0,0,0,0,0,0,0,0,0,0,1,0,0,0,0
56,2021-07-22,0,0,0,1,0,0,0,0,0,0,0,0,0,0,0,0
56,2021-07-23,0,0,0,0,0,0,0,0,0,0,0,0,0,0,0,1
56,2021-07-24,0,0,0,0,0,0,0,0,0,0,0,0,0,0,0,0
56,2021-07-25,0,0,0,0,0,0,0,0,0,0,0,0,0,0,0,0
56,2021-07-26,0,0,0,0,0,0,0,0,0,0,0,0,0,0,0,0
56,2021-07-27,0,0,0,2,0,0,0,0,0,0,0,2,0,0,0,1
56,2021-07-28,0,0,0,0,0,0,0,0,0,0,0,0,0,0,0,0
56,2021-07-29,0,0,0,2,0,0,1,0,0,0,0,0,0,0,0,0
56,2021-07-30,0,0,34,10,0,0,0,0,0,0,0,0,0,0,0,0
56,2021-07-31,0,0,2,19,0,0,0,0,0,0,0,0,0,0,0,0
56,2021-08-01,0,0,0,0,0,0,0,0,0,0,0,0,0,0,0,1
56,2021-08-02,0,0,0,0,0,0,2,0,0,0,0,0,0,0,0,0
56,2021-08-03,0,0,0,0,0,0,0,0,0,0,0,0,0,0,0,1
56,2021-08-04,0,0,0,0,0,0,0,0,0,0,0,0,0,0,0,0
56,2021-08-05,0,0,6,30,0,0,2,0,0,0,0,0,0,0,0,2
56,2021-08-06,0,0,0,1,0,0,0,0,0,0,0,5,0,0,0,2
56,2021-08-07,0,0,2,6,0,0,0,0,0,0,0,0,0,0,0,0
56,2021-08-08,0,0,0,3,0,0,3,0,0,0,0,0,0,0,0,0
56,2021-08-09,0,0,10,41,0,0,0,0,0,0,1,0,0,0,0,0
56,2021-08-10,0,0,12,0,0,0,0,0,0,0,0,1,0,0,0,0
56,2021-08-11,0,0,0,0,0,0,0,0,0,0,0,0,0,0,0,0
56,2021-08-12,0,0,0,11,0,0,0,0,0,0,0,0,0,0,0,0
56,2021-08-13,0,0,2,10,0,0,0,0,0,0,0,0,0,0,0,0
56,2021-08-14,0,0,0,3,0,0,0,0,0,0,0,0,0,0,0,0
56,2021-08-15,0,0,0,0,0,0,0,0,0,0,0,0,0,0,0,0
56,2021-08-16,0,0,0,0,0,0,0,0,0,0,0,0,0,0,0,0
56,2021-08-17,0,0,0,2,0,0,0,1,0,0,2,0,0,0,0,0
56,2021-08-18,0,0,17,75,0,0,0,0,0,0,0,1,0,0,0,0
56,2021-08-19,0,0,0,20,0,0,0,0,0,0,0,1,0,0,0,0
56,2021-08-20,0,0,7,43,0,0,0,0,0,0,0,2,0,0,0,0
56,2021-08-21,0,0,40,104,0,0,5,1,0,0,0,0,0,0,0,0
56,2021-08-22,0,0,1,16,0,0,0,1,0,0,0,5,0,0,0,0
56,2021-08-23,1,1,4,20,0,0,0,0,0,0,0,0,0,0,0,0
56,2021-08-24,0,0,3,2,0,0,0,0,0,0,0,0,0,0,0,0
56,2021-08-25,0,0,4,23,0,0,0,0,0,0,0,1,0,0,0,0
56,2021-08-26,0,0,1,4,0,0,0,0,0,0,0,1,0,0,0,0
56,2021-08-27,0,0,0,1,0,0,0,0,0,0,0,2,0,0,1,2
56,2021-08-28,0,0,0,0,0,0,0,0,0,0,0,0,0,0,0,0
56,2021-08-29,1,0,0,0,0,0,0,0,0,0,0,4,0,0,0,0
56,2021-08-30,0,0,0,4,0,0,0,0,0,0,0,3,0,0,0,1
56,2021-08-31,0,0,1,7,0,0,0,0,0,0,0,4,0,0,0,1
56,2021-09-01,0,0,2,2,0,0,0,1,0,0,0,3,0,0,0,1
56,2021-09-02,0,0,2,1,0,0,0,0,0,0,0,2,0,0,0,0
56,2021-09-03,0,0,2,0,0,0,0,0,0,0,0,2,0,0,0,5
56,2021-09-04,0,0,0,0,0,0,0,0,0,0,0,0,0,0,0,0
56,2021-09-05,0,0,1,0,0,0,0,0,0,0,0,0,0,0,0,2
56,2021-09-06,0,0,6,3,0,0,0,0,0,0,0,1,0,0,0,1
56,2021-09-07,0,0,2,2,0,0,0,0,0,0,1,1,0,0,0,2
56,2021-09-08,0,0,0,0,0,0,0,0,0,0,0,0,0,0,0,1
56,2021-09-09,0,0,0,0,0,0,0,0,0,0,0,1,0,0,0,4
56,2021-09-10,0,0,0,0,0,0,1,3,0,0,0,5,0,0,0,3
56,2021-09-11,0,0,0,1,0,0,1,5,0,0,9,9,0,0,1,7
56,2021-09-12,0,2,2,0,0,0,2,14,0,0,1,3,0,0,0,11
56,2021-09-13,0,1,2,5,0,0,0,5,0,0,1,3,0,0,0,9
56,2021-09-14,0,0,0,0,0,0,0,0,0,0,0,0,0,0,0,0
56,2021-09-15,0,0,3,0,0,0,0,0,0,0,0,0,0,0,0,0
56,2021-09-16,0,0,0,0,0,0,0,0,0,0,2,1,0,0,0,0
56,2021-09-17,0,0,0,1,0,0,0,0,0,0,1,0,0,0,0,0
56,2021-09-18,0,0,1,0,0,0,0,0,0,0,0,2,0,0,0,0
56,2021-09-19,0,0,2,1,0,0,0,0,0,0,0,0,0,0,0,0
56,2021-09-20,0,0,0,0,0,0,0,0,0,0,1,2,0,0,0,0
56,2021-09-21,0,0,0,1,0,0,0,1,0,0,0,3,0,0,0,0
56,2021-09-22,0,0,0,0,0,0,0,13,0,0,0,0,0,0,0,1
56,2021-09-23,0,0,0,0,0,0,3,5,0,0,0,12,0,0,0,7
56,2021-09-24,0,0,0,0,0,0,0,3,0,0,0,7,0,0,0,2
56,2021-09-25,0,0,0,0,0,0,0,0,0,0,0,5,0,0,0,3
56,2021-09-26,0,0,0,0,0,0,0,0,0,0,0,1,0,0,0,0
56,2021-09-27,0,0,0,0,0,0,0,1,0,0,1,0,0,0,0,1
56,2021-09-28,0,0,1,2,0,0,0,6,0,0,0,7,0,0,0,6
56,2021-09-29,0,1,1,2,0,0,1,14,0,0,3,9,0,0,0,4
56,2021-09-30,0,0,0,2,0,0,1,30,0,0,1,3,0,0,0,0
56,2021-10-01,0,0,1,2,0,0,0,1,0,0,1,3,0,0,0,0
56,2021-10-02,0,0,3,3,0,0,0,1,0,0,0,2,0,0,0,0
56,2021-10-03,0,1,1,4,0,0,2,0,0,0,1,3,0,0,0,2
56,2021-10-04,0,0,1,4,0,0,3,1,0,0,0,4,0,0,0,2
56,2021-10-05,0,0,1,2,0,0,0,0,0,0,0,3,0,0,0,3
56,2021-10-06,0,0,2,0,0,0,1,0,0,0,0,7,0,0,0,1
56,2021-10-07,0,0,0,0,0,0,0,2,0,0,0,5,0,0,0,1
56,2021-10-08,0,3,5,0,0,0,0,15,0,0,2,9,0,0,0,4
56,2021-10-09,0,2,4,2,0,0,3,36,0,0,2,4,0,0,0,6
56,2021-10-10,0,1,1,1,0,0,2,0,0,0,0,3,0,0,0,0
56,2021-10-11,0,0,0,0,0,0,0,0,0,0,0,0,0,0,0,0
56,2021-10-12,0,0,0,1,0,0,0,1,0,0,0,0,0,0,0,5
56,2021-10-13,0,0,0,0,0,0,1,0,0,0,0,5,0,0,0,5
56,2021-10-14,0,0,0,0,0,0,0,0,0,0,0,1,0,0,0,0
56,2021-10-15,0,0,0,0,0,0,0,0,0,0,0,0,0,0,0,0
56,2021-10-16,0,0,0,0,0,0,0,0,0,0,0,0,0,0,0,0
56,2021-10-17,0,0,0,0,0,0,0,0,0,0,0,0,0,0,0,0
56,2021-10-18,0,0,0,0,0,0,1,0,0,0,0,4,0,0,0,0
56,2021-10-19,0,0,1,0,0,0,0,0,0,0,1,1,0,0,0,0
56,2021-10-20,0,0,0,0,0,0,2,3,0,0,0,3,0,0,0,1
56,2021-10-21,0,0,0,1,0,0,0,0,0,0,0,0,0,0,0,0
56,2021-10-22,0,0,0,1,0,0,0,0,0,0,0,3,0,0,0,0
56,2021-10-23,0,0,0,0,0,0,0,0,0,0,0,4,0,0,0,0
56,2021-10-24,0,0,0,5,0,0,0,2,0,0,0,13,0,0,0,0
56,2021-10-25,0,0,1,4,0,1,1,4,0,0,0,12,0,0,0,0
56,2021-10-26,0,0,1,5,0,0,1,5,0,0,0,3,0,0,0,0
56,2021-10-27,0,0,0,0,0,0,0,1,0,0,0,4,0,0,0,0
56,2021-10-28,0,0,0,0,0,0,0,0,0,0,0,2,0,0,0,0
56,2021-10-29,0,0,0,0,0,0,0,1,0,0,2,36,0,0,0,0
56,2021-10-30,0,0,1,6,0,0,1,5,0,0,0,5,0,0,0,0
56,2021-10-31,0,0,0,5,0,0,0,2,0,0,1,2,0,0,0,0
56,2021-11-01,0,0,0,0,0,0,0,0,0,0,0,6,0,0,0,0
56,2021-11-02,0,0,0,0,0,0,0,0,0,0,0,4,0,0,0,0
56,2021-11-03,0,0,0,4,0,0,1,0,0,0,1,10,0,0,1,3
56,2021-11-04,0,0,2,10,0,0,1,0,0,0,0,9,0,0,0,2
56,2021-11-05,1,0,4,18,0,0,1,3,0,0,0,4,0,0,0,2
56,2021-11-06,0,0,4,12,0,0,2,6,0,0,0,4,0,0,0,3
56,2021-11-07,0,0,4,0,0,0,4,4,0,0,0,18,0,0,0,3
56,2021-11-08,0,0,8,2,0,0,3,4,0,0,0,29,0,0,0,0
56,2021-11-09,0,0,9,8,0,0,1,1,0,0,1,38,0,0,0,1
56,2021-11-10,0,0,3,15,0,0,0,6,0,0,0,20,0,0,0,1
56,2021-11-11,0,0,7,9,0,0,0,7,0,0,0,15,0,0,0,0
56,2021-11-12,0,0,3,0,0,0,0,1,0,0,0,10,0,0,0,5
56,2021-11-13,0,0,8,5,0,0,0,3,0,0,0,26,0,0,0,0
56,2021-11-14,0,1,6,0,0,0,3,4,0,0,0,61,0,0,0,0
56,2021-11-15,0,4,31,26,0,0,3,1,0,0,0,24,0,0,0,0
56,2021-11-16,1,0,6,8,0,0,3,11,0,0,0,30,0,0,0,0
56,2021-11-17,2,1,3,11,0,0,1,0,0,0,1,11,0,0,0,0
56,2021-11-18,0,1,11,4,0,0,5,2,0,0,0,33,0,0,0,0
56,2021-11-19,0,1,25,32,0,0,3,4,0,0,0,117,0,0,0,2
56,2021-11-20,1,9,43,54,0,0,11,12,0,0,1,140,0,0,0,5
56,2021-11-21,0,8,24,40,0,0,14,28,0,0,0,49,0,0,4,18
56,2021-11-22,1,6,8,24,0,0,2,16,0,0,0,36,0,0,0,4
56,2021-11-23,0,1,8,8,0,0,3,7,0,0,0,44,0,0,0,0
56,2021-11-24,0,4,12,19,0,0,1,2,0,0,1,41,0,0,0,0
56,2021-11-25,0,1,36,39,0,0,0,7,0,0,0,28,0,0,0,1
56,2021-11-26,1,0,35,80,0,0,7,8,0,0,0,18,0,0,0,4
56,2021-11-27,0,3,27,24,0,0,1,15,0,0,0,25,0,0,0,4
56,2021-11-28,0,0,17,19,0,0,1,10,0,0,0,28,0,0,0,2
56,2021-11-29,1,3,33,41,0,0,4,5,0,0,0,67,0,0,0,4
56,2021-11-30,2,11,47,26,0,0,4,10,0,0,2,61,0,0,0,3
56,2021-12-01,18,21,125,61,0,0,9,12,0,0,4,92,0,0,0,11
56,2021-12-02,3,5,78,71,0,0,6,19,0,0,0,56,0,0,0,1
56,2021-12-03,1,4,58,56,0,0,8,26,0,0,0,46,0,0,0,2
56,2021-12-04,0,10,100,75,0,2,8,22,0,0,0,69,0,0,2,3
56,2021-12-05,5,15,125,93,0,0,11,21,0,0,1,107,0,0,0,1
56,2021-12-06,23,25,180,135,0,0,11,17,0,0,6,94,0,0,0,3
56,2021-12-07,9,10,99,121,0,0,19,37,0,0,0,65,0,0,3,8
56,2021-12-08,3,5,70,69,0,0,14,25,0,0,2,57,0,0,0,8
56,2021-12-09,2,5,35,22,0,0,2,20,0,0,0,39,0,0,1,11
56,2021-12-10,1,11,47,58,0,0,17,10,0,0,2,85,0,0,0,2
56,2021-12-11,10,13,81,84,0,0,10,13,0,0,5,83,0,0,0,7
56,2021-12-12,7,8,69,134,0,1,9,19,0,0,1,49,0,0,0,2
56,2021-12-13,1,5,44,51,0,0,14,17,0,0,5,25,0,0,0,0
56,2021-12-14,1,7,28,40,0,0,4,14,0,0,0,50,0,0,0,1
56,2021-12-15,1,3,39,43,0,0,10,13,0,0,1,71,0,0,0,3
56,2021-12-16,4,7,51,62,0,0,10,21,0,0,5,98,0,0,0,10
56,2021-12-17,9,16,79,101,0,0,21,33,0,0,12,76,0,0,0,14
56,2021-12-18,3,4,16,88,0,0,6,19,0,0,1,60,0,0,0,6
56,2021-12-19,3,2,19,42,0,0,2,11,0,0,0,33,0,0,0,2
56,2021-12-20,0,5,31,63,0,0,9,9,0,0,3,59,0,0,2,11
56,2021-12-21,5,15,44,92,0,0,14,19,0,0,2,59,0,0,0,11
56,2021-12-22,14,16,51,105,0,0,18,28,0,0,8,58,0,0,0,6
56,2021-12-23,4,18,36,116,0,1,20,42,0,0,3,34,0,0,1,1
56,2021-12-24,0,0,23,60,0,0,17,25,0,0,0,32,0,0,1,3
56,2021-12-25,0,3,23,26,0,0,8,15,0,0,7,46,0,0,0,0
56,2021-12-26,1,1,22,53,0,0,13,8,0,0,1,89,0,0,0,0
56,2021-12-27,2,10,29,111,0,0,9,23,0,0,8,133,0,0,2,1
56,2021-12-28,8,13,54,129,0,1,32,32,0,0,5,120,0,0,1,14
56,2021-12-29,5,9,23,72,0,0,4,13,0,0,8,78,0,0,0,7
56,2021-12-30,0,0,23,50,0,0,9,18,0,0,0,45,0,0,0,8
56,2021-12-31,1,2,22,70,0,0,11,21,0,0,4,94,0,0,0,4
56,2022-01-01,3,5,21,63,0,0,8,11,0,0,9,179,0,0,0,3
56,2022-01-02,7,10,43,111,0,2,25,40,0,0,11,128,0,0,0,6
56,2022-01-03,5,8,28,63,0,1,32,45,0,0,6,79,0,0,0,3
56,2022-01-04,4,9,21,24,0,0,22,25,0,0,8,142,0,0,0,10
56,2022-01-05,0,7,23,81,0,0,16,32,0,0,16,137,0,0,0,20
56,2022-01-06,3,17,51,143,0,0,22,51,0,0,40,211,0,0,2,22
56,2022-01-07,7,32,88,128,0,0,35,50,0,0,36,258,0,0,0,26
56,2022-01-08,10,21,59,145,0,1,44,65,0,0,43,175,0,0,5,20
56,2022-01-09,9,17,37,117,0,0,33,37,0,0,32,111,0,0,0,10
56,2022-01-10,4,23,40,104,0,0,30,44,0,0,16,169,0,0,1,16
56,2022-01-11,9,12,45,139,0,0,35,26,0,0,18,95,0,0,1,17
56,2022-01-12,4,13,60,125,0,0,25,41,0,0,3,89,0,0,0,2
56,2022-01-13,8,19,82,182,0,1,7,29,0,0,33,101,0,0,0,21
56,2022-01-14,1,7,34,142,0,1,32,45,0,0,0,16,0,0,0,5
56,2022-01-15,0,2,21,102,0,0,13,31,0,0,0,16,0,0,0,0
56,2022-01-16,0,0,24,97,0,0,32,35,0,0,0,11,0,0,0,2
56,2022-01-17,0,1,31,90,0,0,13,7,0,0,6,78,0,0,0,2
56,2022-01-18,0,0,56,238,0,0,6,11,0,0,5,114,0,0,0,2
56,2022-01-19,0,1,24,184,0,0,15,67,0,0,6,93,0,0,0,1
56,2022-01-20,0,0,3,45,0,0,2,6,0,0,3,71,0,0,0,0
56,2022-01-21,0,0,4,11,0,0,0,0,0,0,36,147,0,0,0,0
56,2022-01-22,0,2,7,10,0,0,0,0,0,0,49,198,0,0,0,0
56,2022-01-23,4,7,64,34,0,0,6,1,0,0,98,298,0,0,0,7
56,2022-01-24,6,4,50,81,0,0,11,35,0,0,54,202,0,0,4,7
56,2022-01-25,0,8,43,143,0,0,12,35,0,0,48,136,0,0,0,1
56,2022-01-26,7,7,109,132,0,0,39,41,0,0,68,95,0,0,0,0
56,2022-01-27,19,47,118,107,0,1,54,100,0,0,87,199,0,0,0,0
56,2022-01-28,52,71,311,208,0,0,75,88,0,0,219,551,0,0,2,7
56,2022-01-29,65,167,393,294,0,3,166,175,0,0,234,431,0,0,2,13
56,2022-01-30,35,92,222,332,0,0,112,145,0,0,112,363,0,0,0,15
56,2022-01-31,28,79,185,148,0,0,47,67,0,0,140,388,0,0,0,9
56,2022-02-01,27,66,160,115,0,0,50,16,0,0,174,520,0,0,2,2
56,2022-02-02,32,127,270,112,0,0,67,17,0,0,265,675,0,0,1,4
56,2022-02-03,38,145,244,100,0,3,69,41,0,0,224,428,0,0,0,13
56,2022-02-04,7,24,48,35,0,0,17,23,0,0,83,259,0,0,0,15
56,2022-02-05,0,0,1,28,0,0,0,5,0,0,12,84,0,0,0,1
56,2022-02-06,0,3,1,85,0,0,0,4,0,0,39,116,0,0,0,0
56,2022-02-07,3,15,31,161,0,0,5,25,0,0,82,405,0,0,0,0
56,2022-02-08,29,81,125,265,0,0,35,63,0,0,161,504,0,0,3,11
56,2022-02-09,30,73,155,353,0,1,75,111,0,0,241,397,0,0,0,36
56,2022-02-10,13,54,125,123,0,0,82,159,0,0,169,338,0,0,2,12
56,2022-02-11,9,69,86,26,0,0,127,102,0,0,207,469,0,0,0,30
56,2022-02-12,31,87,138,14,0,0,93,54,0,0,297,612,0,0,0,10
56,2022-02-13,47,168,340,96,0,0,80,58,0,0,378,734,0,0,1,22
56,2022-02-14,33,125,263,57,0,2,60,37,0,0,320,489,0,0,0,31
56,2022-02-15,1,5,30,22,0,0,29,91,0,0,189,543,0,0,0,12
56,2022-02-16,1,2,15,0,0,0,14,12,0,0,205,596,0,0,0,14
56,2022-02-17,0,0,5,3,0,0,16,34,0,0,43,305,0,0,0,23
56,2022-02-18,0,1,13,22,0,0,6,15,0,0,109,616,0,0,1,18
56,2022-02-19,0,0,3,61,0,0,0,0,0,0,21,411,0,0,0,19
56,2022-02-20,0,0,3,4,0,0,0,0,0,0,230,443,0,0,0,2
56,2022-02-21,0,0,5,17,0,0,0,0,0,0,59,113,0,0,0,0
56,2022-02-22,0,1,37,49,0,0,0,0,0,0,292,635,0,0,0,0
56,2022-02-23,3,2,39,122,0,0,3,15,0,0,489,1018,0,0,0,0
56,2022-02-24,3,26,83,254,0,0,10,37,0,0,759,1197,0,0,0,12
56,2022-02-25,5,9,94,251,0,0,24,67,0,0,476,810,0,0,0,14
56,2022-02-26,1,4,64,223,0,0,33,84,0,0,396,546,0,0,1,32
56,2022-02-27,6,9,142,210,0,0,30,16,0,0,577,933,0,0,4,41
56,2022-02-28,0,1,149,329,0,0,17,274,0,0,592,1111,0,0,0,32
56,2022-03-01,20,68,309,287,0,1,314,390,0,0,1172,1403,0,0,0,15
56,2022-03-02,9,52,248,306,0,0,301,395,0,0,740,838,0,0,0,17
56,2022-03-03,4,6,114,193,0,0,320,356,0,0,433,595,0,0,0,17
56,2022-03-04,1,3,95,134,0,0,281,239,0,0,376,915,0,0,0,17
56,2022-03-05,8,31,156,146,0,1,494,351,0,0,654,828,0,0,2,12
56,2022-03-06,15,51,355,132,0,1,514,374,0,0,955,678,0,0,0,1
56,2022-03-07,6,29,279,115,0,0,172,30,0,0,786,529,0,0,0,7
56,2022-03-08,1,1,45,73,0,0,14,92,0,0,260,434,0,0,0,8
56,2022-03-09,0,1,19,81,0,0,18,105,0,0,153,360,0,0,0,8
56,2022-03-10,0,0,42,94,0,0,70,140,0,0,294,900,0,0,1,10
56,2022-03-11,1,3,131,121,0,3,149,329,0,0,494,1424,0,0,0,7
56,2022-03-12,3,21,296,214,0,2,371,419,0,0,918,1821,0,0,1,20
56,2022-03-13,1,12,172,224,0,2,368,438,0,0,657,1054,0,0,0,12
56,2022-03-14,1,4,106,100,0,0,266,354,0,0,377,678,0,0,0,6
56,2022-03-15,0,7,95,75,0,0,142,50,0,0,395,1501,0,0,0,18
56,2022-03-16,0,9,95,90,0,0,1,0,0,0,543,2673,0,0,0,13
56,2022-03-17,3,52,524,159,0,1,11,1,0,0,566,2949,0,0,0,6
56,2022-03-18,0,17,365,38,0,0,10,6,0,0,692,1619,0,0,0,16
56,2022-03-19,0,7,139,24,0,0,33,62,0,0,525,1482,0,0,0,9
56,2022-03-20,0,0,49,26,0,0,127,299,0,0,523,1501,0,0,0,2
56,2022-03-21,0,3,27,9,0,0,101,72,0,0,96,566,0,0,0,5
56,2022-03-22,0,1,23,76,0,1,119,61,0,0,36,12,0,0,0,0
56,2022-03-23,0,0,16,30,0,0,56,43,0,0,0,5,0,0,0,0
56,2022-03-24,0,0,26,24,0,0,9,0,0,0,20,23,0,0,0,3
56,2022-03-25,0,5,48,34,0,0,151,7,0,0,153,189,0,0,0,4
56,2022-03-26,1,15,130,77,0,0,544,147,0,0,383,485,0,0,0,1
56,2022-03-27,3,32,232,160,0,20,1098,500,0,0,344,324,0,0,0,0
56,2022-03-28,2,32,277,156,0,0,823,43,0,0,957,581,0,0,0,7
56,2022-03-29,0,3,155,79,0,0,0,0,0,0,292,460,0,0,0,0
56,2022-03-30,0,0,222,26,0,0,1,14,0,0,302,723,0,0,0,0
56,2022-03-31,0,1,201,30,0,0,105,96,0,0,168,839,0,0,0,1
56,2022-04-01,0,0,288,24,0,3,287,18,0,0,486,825,0,0,0,0
56,2022-04-02,0,0,103,7,0,0,0,8,0,0,123,645,0,0,0,0
56,2022-04-03,0,0,171,3,0,0,677,380,0,0,202,594,0,0,0,4
56,2022-04-04,0,3,218,68,0,13,1861,774,0,0,314,830,0,0,0,2
56,2022-04-05,5,7,167,88,0,28,4880,2132,0,0,656,1737,0,0,0,5
56,2022-04-06,0,5,206,75,0,0,889,1497,0,0,529,1783,0,0,0,1
56,2022-04-07,0,5,85,151,0,7,1902,748,0,0,309,1268,0,0,0,4
56,2022-04-08,0,2,27,123,0,9,3000,3657,0,0,85,161,0,0,2,11
56,2022-04-09,3,8,98,102,0,15,450,292,0,0,277,584,0,0,0,2
56,2022-04-10,0,2,53,68,0,7,1846,1708,0,0,246,685,0,0,0,6
56,2022-04-11,0,3,95,44,0,2,1135,789,0,0,930,916,0,0,0,7
56,2022-04-12,1,21,264,85,0,24,352,125,0,0,821,951,0,0,0,4
56,2022-04-13,2,30,279,110,0,6,587,433,0,0,948,615,0,0,0,21
56,2022-04-14,3,16,174,55,0,5,159,162,0,0,561,284,0,0,0,9
56,2022-04-15,1,24,131,70,0,13,1617,561,0,0,321,451,0,0,0,8
56,2022-04-16,4,46,202,63,0,3,802,292,0,0,363,703,0,0,0,2
56,2022-04-17,2,37,223,57,0,8,155,10,0,0,139,524,0,0,0,2
56,2022-04-18,0,40,192,62,0,0,0,0,0,0,163,441,0,0,0,1
56,2022-04-19,0,0,27,9,0,0,0,10,0,0,26,230,0,0,0,1
56,2022-04-20,0,1,7,36,0,0,14,10,0,0,19,204,0,0,0,0
56,2022-04-21,0,0,7,14,0,0,2,14,0,0,1,82,0,0,0,0
56,2022-04-22,0,0,27,29,0,0,17,42,0,0,46,184,0,0,0,11
56,2022-04-23,1,15,123,50,0,4,121,145,0,0,253,419,0,0,0,16
56,2022-04-24,0,0,62,63,0,1,217,144,0,0,52,219,0,0,0,43
56,2022-04-25,0,17,99,48,0,5,158,144,0,0,228,359,0,0,2,37
56,2022-04-26,0,10,68,20,0,0,655,1835,0,0,157,483,0,0,0,51
56,2022-04-27,0,55,122,33,0,0,1549,2318,0,0,129,227,0,0,1,59
56,2022-04-28,1,83,183,58,0,25,1037,2224,0,0,209,340,0,0,0,33
56,2022-04-29,1,35,87,9,0,25,80,699,0,0,44,158,0,0,0,58
56,2022-04-30,2,6,31,8,0,0,27,55,0,0,42,93,0,0,0,6
56,2022-05-01,0,2,25,11,0,1,48,24,0,0,8,101,0,0,0,3
56,2022-05-02,0,0,1,1,0,0,1,3,0,0,8,44,0,0,0,0
56,2022-05-03,0,0,20,4,0,0,32,38,0,0,2,47,0,0,0,0
56,2022-05-04,14,76,136,48,0,10,287,418,0,0,44,44,0,0,0,1
56,2022-05-05,1,2,28,28,0,3,44,745,0,0,0,73,0,0,0,1
56,2022-05-06,0,3,20,2,0,0,17,14,0,0,7,41,0,0,0,3
56,2022-05-07,0,2,3,0,0,0,1,32,0,0,0,28,0,0,0,10
56,2022-05-08,0,1,0,0,0,0,0,0,0,0,1,13,0,0,0,0
56,2022-05-09,0,1,13,12,0,0,0,0,0,0,0,23,0,0,0,0
56,2022-05-10,0,0,0,1,0,1,1,1,0,0,0,0,0,0,0,0
56,2022-05-11,0,0,0,2,0,0,0,0,0,0,0,2,0,0,0,0
56,2022-05-12,0,0,0,0,0,0,0,0,0,0,0,0,0,0,0,0
56,2022-05-13,0,1,4,2,0,1,0,0,0,0,1,8,0,0,0,1
56,2022-05-14,1,7,19,8,0,4,14,7,0,0,4,13,0,0,0,13
56,2022-05-15,2,25,64,29,0,2,48,12,0,0,12,37,0,0,2,36
56,2022-05-16,0,7,9,3,0,0,4,0,0,0,6,11,0,0,0,0
56,2022-05-17,0,0,1,0,0,0,0,0,0,0,0,1,0,0,0,0
56,2022-05-18,0,0,0,1,0,0,0,0,0,0,0,2,0,0,0,0
56,2022-05-19,0,5,4,1,0,1,17,88,0,0,1,5,0,0,0,13
56,2022-05-20,0,0,0,0,0,0,5,18,0,0,0,0,0,0,0,22
56,2022-05-21,0,0,0,0,0,0,0,0,0,0,0,2,0,0,0,0
56,2022-05-22,0,0,0,0,0,0,0,0,0,0,0,1,0,0,0,1
56,2022-05-23,0,2,0,0,0,0,0,0,0,0,3,3,0,0,0,7
56,2022-05-24,0,1,3,0,0,0,0,0,0,0,0,7,0,0,0,30
56,2022-05-25,0,5,15,0,0,1,21,3,0,0,1,0,0,0,0,8
56,2022-05-26,0,1,1,1,0,0,40,30,0,0,2,6,0,0,0,7
56,2022-05-27,2,8,6,0,0,0,9,1,0,0,3,3,0,0,0,20
56,2022-05-28,0,3,5,1,0,0,17,133,0,0,1,3,0,0,0,58
56,2022-05-29,0,2,5,5,0,0,39,69,0,0,1,5,0,0,0,79
56,2022-05-30,0,4,15,7,0,0,13,31,0,0,4,12,0,0,0,58
56,2022-05-31,0,0,10,2,0,0,0,0,0,0,0,2,0,0,0,2
56,2022-06-01,0,0,6,0,0,0,0,5,0,0,0,0,0,0,0,1
56,2022-06-02,0,0,2,5,0,0,1,19,0,0,0,2,0,0,0,0
56,2022-06-03,0,1,1,0,0,0,0,0,0,0,2,3,0,0,0,0
56,2022-06-04,1,5,0,0,0,1,8,45,0,0,2,4,0,0,0,1
56,2022-06-05,0,5,8,0,0,0,11,73,0,0,1,2,0,0,0,11
56,2022-06-06,0,0,1,0,0,0,0,0,0,0,0,2,0,0,0,1
56,2022-06-07,0,0,9,0,0,0,20,0,0,0,0,0,0,0,0,2
56,2022-06-08,0,0,0,0,0,0,0,0,0,0,0,0,0,0,0,0
56,2022-06-09,0,0,2,0,0,0,3,1,0,0,0,0,0,0,0,0
56,2022-06-10,1,1,0,2,0,0,2,6,0,0,1,6,0,0,0,0
56,2022-06-11,0,1,2,0,0,0,2,2,0,0,0,1,0,0,0,1
56,2022-06-12,0,1,1,0,0,0,2,0,0,0,0,1,0,0,0,0
56,2022-06-13,0,0,4,0,0,0,2,42,0,0,0,2,0,0,0,0
56,2022-06-14,0,1,6,4,0,0,0,3,0,0,0,0,0,0,0,0
56,2022-06-15,0,1,2,2,0,0,0,0,0,0,0,0,0,0,0,0
56,2022-06-16,0,0,0,8,0,0,0,0,0,0,0,0,0,0,0,0
56,2022-06-17,0,0,1,5,0,0,0,0,0,0,0,0,0,0,0,0
56,2022-06-18,0,0,0,1,0,0,0,0,0,0,0,0,0,0,0,0
56,2022-06-19,0,0,2,4,0,0,5,12,0,0,0,0,0,0,0,3
56,2022-06-20,0,3,15,2,0,1,5,5,0,0,0,1,0,0,0,12
56,2022-06-21,2,8,11,11,0,5,6,37,0,0,0,4,0,0,0,11
56,2022-06-22,0,0,3,2,0,1,0,27,0,0,0,1,0,0,0,0
56,2022-06-23,0,0,1,2,0,0,4,4,0,0,0,0,0,0,0,0
56,2022-06-24,0,0,0,0,0,0,0,6,0,0,0,0,0,0,0,0
56,2022-06-25,1,0,3,0,0,0,0,3,0,0,0,4,0,0,0,1
56,2022-06-26,0,2,4,1,0,0,0,2,0,0,0,1,0,0,0,2
56,2022-06-27,0,0,1,8,0,0,1,5,0,0,0,0,0,0,0,0
56,2022-06-28,0,0,1,0,0,0,0,1,0,0,0,0,0,0,0,0
56,2022-06-29,0,1,0,2,0,0,0,2,0,0,0,0,0,0,0,0
56,2022-06-30,0,0,0,0,0,0,0,0,0,0,0,0,0,0,0,0
56,2022-07-01,0,0,0,2,0,0,0,0,0,0,0,0,0,0,0,1
56,2022-07-02,0,0,1,5,0,0,0,0,0,0,0,0,0,0,0,3
56,2022-07-03,0,0,0,1,0,0,0,0,0,0,0,0,0,0,0,0
56,2022-07-04,0,0,2,1,0,0,1,1,0,0,0,0,0,0,0,2
56,2022-07-05,0,0,2,0,0,0,0,0,0,0,0,0,0,0,0,0
56,2022-07-06,0,0,2,3,0,0,0,0,0,0,0,0,0,0,0,0
56,2022-07-07,0,1,0,11,0,0,0,0,0,0,0,1,0,0,0,14
56,2022-07-08,0,0,0,2,0,0,0,0,0,0,0,0,0,0,0,0
56,2022-07-09,0,1,0,0,0,0,1,0,0,0,0,2,0,0,0,7
56,2022-07-10,0,0,0,0,0,0,0,0,0,0,0,0,0,0,0,2
56,2022-07-11,0,0,0,0,0,0,0,0,0,0,0,0,0,0,0,6
56,2022-07-12,0,0,1,0,0,0,0,1,0,0,0,0,0,0,0,26
56,2022-07-13,0,0,0,0,0,0,0,8,0,0,0,0,0,0,0,20
56,2022-07-14,0,0,1,0,0,0,0,0,0,0,1,2,0,0,0,20
56,2022-07-15,0,0,1,2,0,0,0,0,0,0,0,0,0,0,0,2
56,2022-07-16,0,0,2,16,0,0,0,1,0,0,0,0,0,0,0,4
56,2022-07-17,0,1,6,26,0,0,0,4,0,0,0,1,0,0,0,3
56,2022-07-18,1,0,9,34,0,0,4,1,0,0,0,0,0,0,0,0
56,2022-07-19,0,0,0,13,0,0,0,0,0,0,0,0,0,0,0,0
56,2022-07-20,0,0,0,0,0,0,0,0,0,0,0,0,0,0,0,0
56,2022-07-21,0,0,0,0,0,0,0,0,0,0,0,0,0,0,0,0
56,2022-07-22,0,0,0,0,0,0,0,0,0,0,0,0,0,0,0,0
56,2022-07-23,0,0,0,0,0,0,0,0,0,0,0,0,0,0,0,0
56,2022-07-24,0,0,0,3,0,0,1,2,0,0,0,2,0,0,0,2
56,2022-07-25,0,0,0,2,0,0,1,1,0,0,1,1,0,0,0,8
56,2022-07-26,0,0,2,0,0,0,0,3,0,0,2,1,0,0,0,5
56,2022-07-27,0,0,0,0,0,0,0,0,0,0,0,0,0,0,0,0
56,2022-07-28,0,0,0,0,0,0,0,0,0,0,0,0,0,0,0,0
56,2022-07-29,0,0,0,0,0,0,0,0,0,0,0,0,0,0,0,0
56,2022-07-30,0,0,0,0,0,0,0,0,0,0,0,0,0,0,0,0
56,2022-07-31,0,0,0,0,0,0,0,0,0,0,0,0,0,0,0,0
56,2022-08-01,0,0,0,0,0,0,0,0,0,0,0,0,0,0,0,0
56,2022-08-02,0,0,0,0,0,0,0,0,0,0,0,0,0,0,0,0
56,2022-08-03,0,0,0,0,0,0,0,0,0,0,0,0,0,0,0,0
56,2022-08-04,0,0,0,0,0,0,0,0,0,0,0,0,0,0,0,0
56,2022-08-05,0,0,0,0,0,0,0,0,0,0,0,0,0,0,0,0
56,2022-08-06,0,0,0,0,0,0,0,0,0,0,0,0,0,0,0,0
56,2022-08-07,0,0,0,0,0,0,0,0,0,0,0,0,0,0,0,0
56,2022-08-08,0,0,0,0,0,0,0,0,0,0,0,0,0,0,0,0
56,2022-08-09,0,0,0,0,0,0,0,0,0,0,0,0,0,0,0,0
56,2022-08-10,0,0,0,0,0,0,0,0,0,0,0,0,0,0,0,0
56,2022-08-11,0,0,0,0,0,0,0,0,0,0,0,0,0,0,0,3
56,2022-08-12,0,0,0,0,0,0,0,0,0,0,0,0,0,0,0,0
56,2022-08-13,0,0,3,75,0,0,0,0,0,0,0,1,0,0,0,0
56,2022-08-14,0,0,0,3,0,0,1,0,0,0,0,0,0,0,0,4
56,2022-08-15,0,0,0,1,0,0,0,0,0,0,0,0,0,0,0,2
56,2022-08-16,0,0,1,0,0,0,0,0,0,0,0,0,0,0,0,0
56,2022-08-17,0,0,2,2,0,0,0,0,0,0,0,0,0,0,0,0
56,2022-08-18,1,0,0,11,0,0,3,0,0,0,1,1,0,0,0,3
56,2022-08-19,0,0,3,25,0,0,1,0,0,0,1,1,0,0,0,9
56,2022-08-20,0,0,0,0,0,0,0,0,0,0,0,0,0,0,0,0
56,2022-08-21,0,0,0,1,0,0,0,0,0,0,0,0,0,0,0,0
56,2022-08-22,0,0,0,3,0,0,0,0,0,0,0,0,0,0,0,0
56,2022-08-23,0,0,1,18,0,0,0,0,0,0,0,3,0,0,0,2
56,2022-08-24,0,0,3,53,0,0,0,0,0,0,0,1,0,0,0,0
56,2022-08-25,0,0,0,0,0,0,0,0,0,0,0,0,0,0,0,0
56,2022-08-26,0,0,0,0,0,0,0,0,0,0,0,0,0,0,0,0
56,2022-08-27,0,0,0,2,0,0,0,0,0,0,0,1,0,0,0,0
56,2022-08-28,0,0,0,6,0,0,0,0,0,0,0,1,0,0,0,0
56,2022-08-29,0,0,0,0,0,0,4,1,0,0,0,4,0,0,0,2
56,2022-08-30,0,0,1,2,0,0,12,4,0,0,0,6,0,0,0,1
56,2022-08-31,0,0,9,14,0,0,0,0,0,0,0,5,0,0,0,0
56,2022-09-01,0,0,4,7,0,0,0,0,0,0,0,1,0,0,0,1
56,2022-09-02,0,0,0,13,0,0,2,0,0,0,1,8,0,0,0,0
56,2022-09-03,0,1,5,5,0,0,2,0,0,0,0,11,0,0,0,1
56,2022-09-04,0,1,7,28,0,0,0,1,0,0,0,0,0,0,0,0
56,2022-09-05,0,0,0,0,0,0,0,0,0,0,0,1,0,0,0,1
56,2022-09-06,0,0,0,0,0,0,0,2,0,0,0,3,0,0,0,1
56,2022-09-07,0,0,0,0,0,0,0,4,0,0,1,4,0,0,0,4
56,2022-09-08,0,0,0,0,0,0,0,0,0,0,1,1,0,0,0,0
56,2022-09-09,0,0,0,0,0,0,0,0,0,0,0,0,0,0,0,0
56,2022-09-10,0,0,0,0,0,0,0,1,0,0,0,0,0,0,0,0
56,2022-09-11,0,0,0,0,0,0,0,0,0,0,0,0,0,0,0,0
56,2022-09-12,0,0,0,0,0,0,0,0,0,0,0,0,0,0,0,0
56,2022-09-13,0,0,3,4,0,0,0,0,0,0,0,2,0,0,0,0
56,2022-09-14,0,0,1,21,0,0,0,1,0,0,0,5,0,0,0,0
56,2022-09-15,0,0,2,5,0,0,3,0,0,0,0,7,0,0,0,1
56,2022-09-16,0,0,4,9,0,0,0,0,0,0,0,1,0,0,0,0
56,2022-09-17,0,0,1,4,0,0,0,0,0,0,0,3,0,0,0,2
56,2022-09-18,0,0,1,1,0,0,0,0,0,0,0,2,0,0,0,2
56,2022-09-19,0,0,0,0,0,0,0,0,0,0,0,1,0,0,0,3
56,2022-09-20,0,0,0,2,0,0,0,1,0,0,0,1,0,0,0,3
56,2022-09-21,0,0,0,1,0,0,0,0,0,0,0,3,0,0,0,1
56,2022-09-22,0,0,0,0,0,0,0,1,0,0,0,0,0,0,0,0
56,2022-09-23,0,0,0,0,0,0,0,0,0,0,0,1,0,0,0,3
56,2022-09-24,0,0,0,1,0,0,0,0,0,0,0,1,0,0,0,1
56,2022-09-25,0,0,0,0,0,0,0,0,0,0,1,4,0,0,0,4
56,2022-09-26,0,0,0,0,0,0,1,2,0,0,1,4,0,0,0,5
56,2022-09-27,0,0,0,0,0,0,0,3,0,0,0,4,0,0,0,5
56,2022-09-28,0,0,0,0,0,0,1,0,0,0,0,5,0,0,0,0
56,2022-09-29,0,0,0,0,0,0,0,0,0,0,3,1,0,0,0,0
56,2022-09-30,0,0,0,0,0,0,0,0,0,0,0,2,0,0,0,0
56,2022-10-01,0,0,0,0,0,0,0,0,0,0,0,2,0,0,0,0
56,2022-10-02,0,0,0,0,0,0,0,0,0,0,0,0,0,0,0,0
56,2022-10-03,0,0,0,0,0,0,1,0,0,0,0,0,0,0,0,0
56,2022-10-04,0,0,0,2,0,0,0,0,0,0,0,3,0,0,0,2
56,2022-10-05,0,0,0,0,0,0,0,0,0,0,0,7,0,0,0,5
56,2022-10-06,0,1,0,1,0,0,1,2,0,0,0,12,0,0,0,0
56,2022-10-07,0,0,2,3,0,0,1,0,0,0,0,1,0,0,0,1
56,2022-10-08,0,0,0,2,0,0,1,4,0,0,0,0,0,0,0,0
56,2022-10-09,0,0,1,0,0,0,0,1,0,0,0,0,0,0,0,0
56,2022-10-10,0,0,0,2,0,0,0,0,0,0,0,2,0,0,0,0
56,2022-10-11,0,0,0,3,0,0,1,2,0,0,0,5,0,0,0,0
56,2022-10-12,0,1,1,10,0,0,0,4,0,0,1,4,0,0,0,1
56,2022-10-13,0,0,2,2,0,0,0,3,0,0,0,4,0,0,0,0
56,2022-10-14,0,0,0,0,0,0,1,4,0,0,0,9,0,0,0,0
56,2022-10-15,0,0,0,0,0,0,0,5,0,0,0,3,0,0,0,0
56,2022-10-16,0,0,0,0,0,0,0,1,0,0,0,4,0,0,0,0
56,2022-10-17,0,2,12,6,0,0,8,9,0,0,2,9,0,0,0,7
56,2022-10-18,2,0,9,12,0,0,8,20,0,0,3,20,0,0,0,10
56,2022-10-19,0,1,10,3,0,0,3,8,0,0,1,15,0,0,0,6
56,2022-10-20,0,0,8,0,0,0,0,0,0,0,1,17,0,0,0,5
56,2022-10-21,0,0,3,2,0,0,2,1,0,0,0,39,0,0,0,2
56,2022-10-22,0,1,5,3,0,0,1,3,0,0,0,19,0,0,0,2
56,2022-10-23,0,0,6,5,0,0,14,10,0,0,0,15,0,0,0,1
56,2022-10-24,0,0,3,6,0,0,8,4,0,0,1,2,0,0,0,2
56,2022-10-25,0,0,1,0,0,0,7,0,0,0,0,2,0,0,0,0
56,2022-10-26,0,0,3,5,0,0,0,0,0,0,0,14,0,0,0,0
56,2022-10-27,0,0,2,3,0,0,5,4,0,0,2,18,0,0,0,1
56,2022-10-28,0,1,8,11,0,0,3,13,0,0,1,7,0,0,0,0
56,2022-10-29,0,0,5,10,0,0,3,6,0,0,2,3,0,0,0,2
56,2022-10-30,0,0,3,5,0,0,0,1,0,0,0,7,0,0,0,3
56,2022-10-31,0,2,7,8,0,0,9,4,0,0,5,27,0,0,0,5
56,2022-11-01,1,3,15,20,0,0,3,9,0,0,5,63,0,0,0,6
56,2022-11-02,1,3,32,38,0,1,19,22,0,0,5,34,0,0,0,13
56,2022-11-03,0,5,20,20,0,0,11,24,0,0,0,15,0,0,0,5
56,2022-11-04,0,1,6,17,0,0,3,10,0,0,1,8,0,0,0,1
56,2022-11-05,0,0,18,17,0,0,6,3,0,0,4,24,0,0,0,1
56,2022-11-06,0,6,26,25,0,0,3,14,0,0,5,74,0,0,0,8
56,2022-11-07,2,8,37,39,0,0,13,10,0,0,8,89,0,0,0,9
56,2022-11-08,0,4,16,40,0,0,6,13,0,0,1,17,0,0,1,9
56,2022-11-09,1,1,12,34,0,0,12,12,0,0,6,64,0,0,0,4
56,2022-11-10,0,3,21,9,0,0,4,14,0,0,2,58,0,0,1,3
56,2022-11-11,1,2,24,21,0,0,7,13,0,0,2,127,0,0,0,5
56,2022-11-12,1,16,31,40,0,0,11,12,0,0,6,176,0,0,4,17
56,2022-11-13,4,11,30,30,0,0,13,17,0,0,2,92,0,0,0,9
56,2022-11-14,0,4,6,6,0,0,2,0,0,0,5,44,0,0,0,4
56,2022-11-15,0,0,2,3,0,0,2,1,0,0,0,41,0,0,0,4
56,2022-11-16,0,0,7,6,0,0,10,5,0,0,1,25,0,0,0,3
56,2022-11-17,0,3,10,38,0,0,8,8,0,0,0,66,0,0,0,9
56,2022-11-18,2,1,10,10,0,0,2,6,0,0,1,26,0,0,0,4
56,2022-11-19,0,1,2,10,0,0,2,0,0,0,0,31,0,0,0,5
56,2022-11-20,0,0,10,3,0,0,1,1,0,0,0,20,0,0,0,3
56,2022-11-21,1,2,13,14,0,0,1,11,0,0,0,44,0,0,0,13
56,2022-11-22,2,8,37,43,0,0,10,6,0,0,2,108,0,0,1,10
56,2022-11-23,5,17,20,3,0,0,5,1,0,0,4,99,0,0,1,17
56,2022-11-24,0,0,0,4,0,0,0,1,0,0,0,13,0,0,0,6
56,2022-11-25,3,0,0,1,0,0,0,2,0,0,0,24,0,0,0,1
56,2022-11-26,0,0,1,0,0,0,1,0,0,0,0,11,0,0,0,3
56,2022-11-27,0,0,6,2,0,0,1,0,0,0,0,23,0,0,0,2
56,2022-11-28,2,0,35,15,0,0,0,7,0,0,0,66,0,0,0,9
56,2022-11-29,6,10,41,41,0,0,5,5,0,0,1,40,0,0,0,22
56,2022-11-30,5,6,11,18,0,0,3,6,0,0,0,35,0,0,2,11
56,2022-12-01,2,1,4,7,0,0,1,2,0,0,1,36,0,0,2,2
56,2022-12-02,4,1,7,7,0,0,2,1,0,0,1,43,0,0,0,3
56,2022-12-03,4,3,35,14,0,0,9,6,0,0,4,124,0,0,0,6
56,2022-12-04,16,14,64,22,0,0,9,11,0,0,4,74,0,0,0,9
56,2022-12-05,13,2,28,46,0,0,0,6,0,0,0,63,0,0,0,3
56,2022-12-06,7,4,16,12,0,0,4,4,0,0,0,45,0,0,0,2
56,2022-12-07,7,4,12,22,0,0,3,10,0,0,0,62,0,0,0,7
56,2022-12-08,6,12,52,53,0,0,10,13,0,0,0,83,0,0,0,14
56,2022-12-09,12,12,78,64,0,0,10,10,0,0,11,118,0,0,0,17
56,2022-12-10,17,7,47,69,0,0,16,14,0,0,17,77,0,0,4,17
56,2022-12-11,3,7,30,24,0,0,7,7,0,0,2,75,0,0,0,8
56,2022-12-12,2,4,31,12,0,0,8,1,0,0,3,54,0,0,0,7
56,2022-12-13,2,6,8,37,0,0,11,10,0,0,4,85,0,0,0,11
56,2022-12-14,6,9,60,100,0,0,18,34,0,0,10,107,0,0,1,10
56,2022-12-15,7,5,50,117,0,0,33,38,0,0,8,56,0,0,0,14
56,2022-12-16,4,4,23,54,0,1,13,31,0,0,1,32,0,0,1,9
56,2022-12-17,0,1,2,15,0,0,1,20,0,0,1,64,0,0,0,0
56,2022-12-18,2,4,17,108,0,0,19,31,0,0,0,54,0,0,0,0
56,2022-12-19,17,14,45,113,0,0,35,26,0,0,9,109,0,0,0,0
56,2022-12-20,16,12,63,128,0,1,26,40,0,0,6,70,0,0,2,8
56,2022-12-21,10,8,43,86,0,0,27,24,0,0,6,62,0,0,1,2
56,2022-12-22,3,7,15,63,0,2,1,18,0,0,7,63,0,0,0,12
56,2022-12-23,2,8,25,73,0,1,17,7,0,0,15,86,0,0,0,24
56,2022-12-24,10,3,24,59,0,0,23,25,0,0,4,67,0,0,0,8
56,2022-12-25,8,11,44,102,0,0,35,25,0,0,11,149,0,0,1,9
56,2022-12-26,2,9,31,100,0,0,34,36,0,0,12,105,0,0,0,13
56,2022-12-27,7,4,18,62,0,0,18,23,0,0,8,106,0,0,0,7
56,2022-12-28,2,7,16,61,0,0,7,19,0,0,12,80,0,0,0,0
56,2022-12-29,1,2,27,56,0,0,24,12,0,0,9,94,0,0,0,1
56,2022-12-30,1,6,26,83,0,1,15,20,0,0,17,149,0,0,0,0
56,2022-12-31,12,8,26,107,0,1,20,28,0,0,11,118,0,0,0,0
56,2023-01-01,7,6,11,82,0,0,9,30,0,0,7,116,0,0,0,0
56,2023-01-02,2,4,18,21,0,1,17,1,0,0,8,164,0,0,0,1
56,2023-01-03,0,3,9,22,0,0,6,2,0,0,24,177,0,0,1,1
56,2023-01-04,6,2,30,79,0,0,37,43,0,0,19,263,0,0,0,7
56,2023-01-05,10,15,41,95,0,0,50,75,0,0,31,222,0,0,0,17
56,2023-01-06,5,7,21,101,0,0,42,69,0,0,9,152,0,0,0,7
56,2023-01-07,3,7,29,59,0,2,46,31,0,0,11,267,0,0,0,13
56,2023-01-08,8,15,19,12,0,0,16,4,0,0,33,199,0,0,0,24
56,2023-01-09,0,8,12,32,0,0,47,28,0,0,37,320,0,0,0,19
56,2023-01-10,14,31,54,25,0,1,28,13,0,0,76,414,0,0,0,36
56,2023-01-11,12,10,25,27,0,0,32,10,0,0,50,222,0,0,3,51
56,2023-01-12,6,5,33,43,0,0,30,17,0,0,53,273,0,0,1,15
56,2023-01-13,8,25,57,35,0,0,76,47,0,0,47,369,0,0,0,28
56,2023-01-14,8,14,80,88,0,2,117,122,0,0,91,371,0,0,0,49
56,2023-01-15,21,28,83,149,0,0,124,175,0,0,122,605,0,0,2,26
56,2023-01-16,21,27,95,179,0,1,102,92,0,0,92,327,0,0,2,38
56,2023-01-17,13,17,38,110,0,0,56,38,0,0,35,271,0,0,0,16
56,2023-01-18,3,4,25,136,0,0,25,31,0,0,60,515,0,0,0,13
56,2023-01-19,4,6,51,144,0,0,100,65,0,0,60,405,0,0,0,9
56,2023-01-20,12,22,92,182,0,0,79,73,0,0,92,651,0,0,1,21
56,2023-01-21,42,37,122,320,0,1,68,95,0,0,153,600,0,0,1,7
56,2023-01-22,16,33,89,254,0,0,119,162,0,0,101,355,0,0,0,4
56,2023-01-23,14,34,94,181,0,0,84,132,0,0,81,511,0,0,0,5
56,2023-01-24,6,18,128,283,0,0,103,129,0,0,97,458,0,0,0,2
56,2023-01-25,25,26,109,256,0,1,112,144,0,0,121,570,0,0,0,21
56,2023-01-26,50,44,237,358,0,1,121,164,0,0,136,670,0,0,0,30
56,2023-01-27,38,54,224,431,0,2,66,91,0,0,90,430,0,0,5,12
56,2023-01-28,14,16,127,305,0,0,64,107,0,0,38,301,0,0,0,6
56,2023-01-29,7,18,108,323,0,0,217,187,0,0,13,324,0,0,0,5
56,2023-01-30,20,57,157,214,0,0,174,277,0,0,102,393,0,0,0,22
56,2023-01-31,61,89,323,419,0,0,156,260,0,0,185,611,0,0,0,35
56,2023-02-01,31,51,248,567,0,1,127,344,0,0,134,348,0,0,0,37
56,2023-02-02,8,54,125,358,0,2,76,289,0,0,69,204,0,0,0,18
56,2023-02-03,4,27,41,11,0,3,38,27,0,0,16,160,0,0,0,5
56,2023-02-04,1,47,79,13,0,2,52,27,0,0,178,587,0,0,0,3
56,2023-02-05,8,29,115,6,0,2,52,28,0,0,535,2428,0,0,0,6
56,2023-02-06,62,149,341,108,0,8,168,129,0,0,1213,2335,0,0,0,27
56,2023-02-07,60,200,567,78,0,7,277,189,0,0,1223,1200,0,0,0,49
56,2023-02-08,27,143,473,89,0,9,252,155,0,0,619,1010,0,0,0,15
56,2023-02-09,19,89,375,98,0,1,248,114,0,0,659,901,0,0,0,63
56,2023-02-10,105,236,830,131,0,7,185,182,0,0,808,1114,0,0,0,65
56,2023-02-11,272,413,1719,238,0,21,579,539,0,0,1344,1222,0,0,0,78
56,2023-02-12,188,366,1821,379,0,15,671,770,0,0,711,700,0,0,0,48
56,2023-02-13,57,155,827,302,0,10,376,474,0,0,490,716,0,0,0,52
56,2023-02-14,22,108,818,316,0,8,517,151,0,0,612,751,0,0,0,117
56,2023-02-15,18,22,334,87,0,4,141,140,0,0,863,1259,0,0,0,37
56,2023-02-16,3,10,285,116,0,2,183,105,0,0,369,1122,0,0,0,6
56,2023-02-17,0,0,109,38,0,0,162,85,0,0,1,55,0,0,0,0
56,2023-02-18,0,15,209,210,0,0,95,107,0,0,69,304,0,0,0,23
56,2023-02-19,0,13,283,216,0,1,165,68,0,0,144,786,0,0,0,21
56,2023-02-20,1,5,211,205,0,3,225,95,0,0,164,744,0,0,0,7
56,2023-02-21,2,32,453,539,0,0,270,129,0,0,440,1566,0,0,1,6
56,2023-02-22,9,106,887,1071,0,4,216,150,0,0,484,1499,0,0,0,18
56,2023-02-23,7,69,513,710,0,6,266,196,0,0,283,998,0,0,0,8
56,2023-02-24,12,32,385,594,0,4,207,142,0,0,493,1140,0,0,0,5
56,2023-02-25,1,19,414,756,0,1,162,212,0,0,235,853,0,0,0,2
56,2023-02-26,5,56,867,916,0,14,510,662,0,0,163,934,0,0,0,1
56,2023-02-27,38,237,1889,1223,0,12,533,693,0,0,374,1040,0,0,0,1
56,2023-02-28,40,191,1504,1054,0,8,608,860,0,0,295,768,0,0,0,10
56,2023-03-01,9,80,864,802,0,4,493,682,0,0,371,808,0,0,0,11
56,2023-03-02,12,94,547,685,0,6,581,311,0,0,505,1301,0,0,0,18
56,2023-03-03,41,117,557,613,0,9,470,460,0,0,686,1242,0,0,3,13
56,2023-03-04,53,181,937,696,0,10,323,101,0,0,1086,2244,0,0,0,21
56,2023-03-05,53,149,755,731,0,6,549,403,0,0,595,1260,0,0,0,16
56,2023-03-06,20,39,282,487,0,2,414,421,0,0,570,1138,0,0,0,16
56,2023-03-07,16,16,227,375,0,2,608,305,0,0,1134,1791,0,0,0,17
56,2023-03-08,6,53,341,364,0,6,801,697,0,0,935,1626,0,0,0,14
56,2023-03-09,22,86,431,503,0,13,568,363,0,0,1087,1854,0,0,0,32
56,2023-03-10,33,155,580,471,0,12,1030,695,0,0,1681,2353,0,0,0,40
56,2023-03-11,14,40,136,200,0,6,638,728,0,0,829,1118,0,0,1,18
56,2023-03-12,1,4,45,152,0,2,464,131,0,0,65,121,0,0,0,1
56,2023-03-13,0,0,4,32,0,0,0,20,0,0,323,665,0,0,0,8
56,2023-03-14,0,2,56,252,0,0,209,263,0,0,375,655,0,0,0,13
56,2023-03-15,6,12,197,404,0,2,507,821,0,0,468,610,0,0,0,16
56,2023-03-16,3,11,203,259,0,2,449,537,0,0,109,272,0,0,0,9
56,2023-03-17,1,3,134,200,0,2,629,361,0,0,274,586,0,0,0,11
56,2023-03-18,0,7,181,193,0,2,646,304,0,0,173,485,0,0,0,15
56,2023-03-19,0,1,188,151,0,2,414,162,0,0,176,344,0,0,0,14
56,2023-03-20,20,56,659,324,0,43,446,582,0,0,363,504,0,0,0,3
56,2023-03-21,52,118,702,338,0,10,911,715,0,0,608,1335,0,0,0,11
56,2023-03-22,102,225,847,415,0,84,1946,1853,0,0,1004,934,0,0,0,2
56,2023-03-23,57,377,1166,401,0,93,2602,2420,0,0,2365,2246,0,0,0,16
56,2023-03-24,76,362,1587,526,0,103,4319,3891,0,0,1973,1617,0,0,3,28
56,2023-03-25,130,614,2413,768,0,80,4027,2718,0,0,4271,3093,0,0,0,35
56,2023-03-26,223,884,3353,1031,0,102,5775,2781,0,0,4412,2212,0,0,5,38
56,2023-03-27,132,650,2490,727,0,41,2078,559,0,0,1919,1182,0,0,2,21
56,2023-03-28,185,721,1667,256,0,91,1775,439,0,0,1790,1454,0,0,0,10
56,2023-03-29,135,508,1284,167,0,101,1317,387,0,0,1017,1209,0,0,0,1
56,2023-03-30,120,473,1504,379,0,20,1133,242,0,0,2339,2284,0,0,0,26
56,2023-03-31,186,695,1719,636,0,45,2037,529,0,0,3054,1291,0,0,0,21
56,2023-04-01,122,540,1123,445,0,31,1290,727,0,0,1571,1199,0,0,0,29
56,2023-04-02,91,335,636,237,0,35,2341,860,0,0,488,570,0,0,2,8
56,2023-04-03,87,414,1019,330,0,23,3298,1596,0,0,896,1147,0,0,0,23
56,2023-04-04,109,419,1334,663,0,31,3520,4179,0,0,1438,1490,0,0,3,26
56,2023-04-05,224,794,1962,922,0,62,3993,4767,0,0,3522,2216,0,0,0,30
56,2023-04-06,149,572,1559,907,0,18,2768,5717,0,0,2254,1342,0,0,1,44
56,2023-04-07,67,316,610,194,0,6,1122,627,0,0,1248,910,0,0,0,54
56,2023-04-08,15,115,179,59,0,6,850,417,0,0,794,1401,0,0,0,30
56,2023-04-09,18,223,386,142,0,8,1055,843,0,0,919,1163,0,0,0,73
56,2023-04-10,72,369,802,337,0,12,1494,1630,0,0,1375,1730,0,0,1,94
56,2023-04-11,72,508,961,347,0,18,2316,3480,0,0,1634,1273,0,0,5,144
56,2023-04-12,62,296,548,269,0,25,1330,1172,0,0,1196,618,0,0,11,66
56,2023-04-13,38,225,327,122,0,10,748,1205,0,0,637,664,0,0,2,55
56,2023-04-14,32,260,458,121,0,6,1021,1302,0,0,699,626,0,0,10,76
56,2023-04-15,45,244,450,222,0,7,888,416,0,0,940,620,0,0,4,49
56,2023-04-16,56,364,613,90,0,11,756,382,0,0,688,502,0,0,1,50
56,2023-04-17,48,253,479,233,0,2,700,1052,0,0,326,358,0,0,1,57
56,2023-04-18,18,132,318,272,0,1,1015,1935,0,0,347,546,0,0,0,92
56,2023-04-19,31,167,201,174,0,4,1539,3125,0,0,438,585,0,0,7,84
56,2023-04-20,14,69,185,218,0,1,906,2345,0,0,300,551,0,0,0,49
56,2023-04-21,18,98,321,327,0,10,1062,1943,0,0,481,244,0,0,2,47
56,2023-04-22,11,30,206,265,0,16,1297,3259,0,0,308,224,0,0,0,23
56,2023-04-23,22,47,121,146,0,19,780,976,0,0,205,123,0,0,5,36
56,2023-04-24,2,31,94,77,0,0,430,335,0,0,131,171,0,0,0,24
56,2023-04-25,18,79,136,126,0,4,505,497,0,0,236,287,0,0,5,42
56,2023-04-26,9,77,80,25,0,0,185,55,0,0,283,329,0,0,2,17
56,2023-04-27,8,58,114,86,0,4,375,208,0,0,162,262,0,0,1,12
56,2023-04-28,17,110,188,121,0,3,406,273,0,0,122,272,0,0,1,17
56,2023-04-29,9,56,207,60,0,5,134,214,0,0,104,158,0,0,0,12
56,2023-04-30,3,17,49,34,0,0,9,0,0,0,53,211,0,0,0,4
56,2023-05-01,40,121,220,150,0,0,35,42,0,0,36,279,0,0,0,4
56,2023-05-02,48,122,249,142,0,0,79,101,0,0,16,52,0,0,0,14
56,2023-05-03,10,26,97,69,0,0,87,179,0,0,9,68,0,0,0,22
56,2023-05-04,29,34,175,137,0,1,245,607,0,0,8,65,0,0,0,25
56,2023-05-05,20,56,203,127,0,3,441,922,0,0,19,125,0,0,2,25
56,2023-05-06,38,121,420,204,0,1,963,1187,0,0,53,297,0,0,0,26
56,2023-05-07,51,184,583,287,0,9,827,505,0,0,67,190,0,0,2,50
56,2023-05-08,0,1,9,5,0,0,6,5,0,0,9,116,0,0,0,17
56,2023-05-09,0,1,23,33,0,0,20,15,0,0,10,16,0,0,0,14
56,2023-05-10,0,0,3,5,0,0,20,13,0,0,2,26,0,0,0,3
56,2023-05-11,2,5,23,23,0,0,27,10,0,0,1,29,0,0,0,5
56,2023-05-12,1,5,6,13,0,0,3,0,0,0,2,8,0,0,0,4
56,2023-05-13,0,0,0,7,0,0,0,0,0,0,1,3,0,0,0,0
56,2023-05-14,0,2,1,6,0,0,0,0,0,0,0,0,0,0,0,0
56,2023-05-15,0,0,1,8,0,0,0,1,0,0,0,2,0,0,0,0
56,2023-05-16,0,0,9,26,0,0,0,8,0,0,0,2,0,0,0,0
56,2023-05-17,3,10,35,75,0,0,28,80,0,0,4,18,0,0,0,8
56,2023-05-18,4,11,64,96,0,0,170,288,0,0,6,22,0,0,0,46
56,2023-05-19,1,12,49,66,0,1,116,263,0,0,6,27,0,0,0,17
56,2023-05-20,4,24,51,71,0,1,151,206,0,0,4,20,0,0,0,22
56,2023-05-21,0,7,31,41,0,1,101,115,0,0,7,10,0,0,0,86
56,2023-05-22,0,29,64,43,0,0,98,98,0,0,19,29,0,0,1,52
56,2023-05-23,12,37,76,37,0,2,66,94,0,0,13,23,0,0,0,40
56,2023-05-24,0,4,10,4,0,0,31,31,0,0,8,7,0,0,0,24
56,2023-05-25,0,10,15,8,0,0,6,1,0,0,0,2,0,0,0,12
56,2023-05-26,0,2,14,6,0,0,5,4,0,0,1,5,0,0,2,8
56,2023-05-27,0,0,16,10,0,0,2,3,0,0,0,19,0,0,0,14
56,2023-05-28,1,4,32,27,0,0,5,16,0,0,4,19,0,0,0,39
56,2023-05-29,0,0,0,0,0,0,2,60,0,0,4,6,0,0,0,24
56,2023-05-30,3,4,27,6,0,0,13,33,0,0,4,9,0,0,0,32
56,2023-05-31,0,0,15,6,0,0,13,53,0,0,2,3,0,0,0,24
56,2023-06-01,4,1,31,14,0,0,21,24,0,0,1,5,0,0,0,50
56,2023-06-02,1,11,42,35,0,0,13,26,0,0,0,11,0,0,0,32
56,2023-06-03,1,12,34,37,0,0,8,11,0,0,1,3,0,0,0,153
56,2023-06-04,1,5,19,14,0,0,1,3,0,0,2,2,0,0,0,23
56,2023-06-05,0,4,6,5,0,0,2,0,0,0,1,2,0,0,0,67
56,2023-06-06,0,0,0,0,0,0,0,1,0,0,1,1,0,0,0,1
56,2023-06-07,0,0,0,5,0,0,0,3,0,0,0,2,0,0,0,4
56,2023-06-08,0,1,0,3,0,0,0,2,0,0,0,1,0,0,0,22
56,2023-06-09,0,0,1,0,0,0,0,0,0,0,0,0,0,0,0,0
56,2023-06-10,0,0,1,1,0,0,1,0,0,0,0,1,0,0,0,1
56,2023-06-11,0,0,1,0,0,0,0,0,0,0,0,1,0,0,0,1
56,2023-06-12,0,0,1,0,0,0,0,0,0,0,0,0,0,0,0,0
56,2023-06-13,0,1,2,3,0,0,0,0,0,0,0,0,0,0,0,0
56,2023-06-14,0,0,2,1,0,0,0,0,0,0,0,0,0,0,0,0
56,2023-06-15,0,0,1,1,0,0,0,0,0,0,0,0,0,0,0,0
56,2023-06-16,1,0,0,0,0,0,0,0,0,0,0,0,0,0,0,0
56,2023-06-17,0,0,6,2,0,0,5,0,0,0,0,0,0,0,0,11
56,2023-06-18,1,4,3,2,0,0,2,0,0,0,1,4,0,0,0,20
56,2023-06-19,0,4,2,4,0,0,0,0,0,0,0,2,0,0,0,35
56,2023-06-20,0,0,2,3,0,0,0,0,0,0,0,0,0,0,0,4
56,2023-06-21,0,0,0,6,0,0,5,1,0,0,0,0,0,0,0,0
56,2023-06-22,0,0,0,4,0,0,0,0,0,0,0,1,0,0,0,0
56,2023-06-23,0,0,3,9,0,0,5,5,0,0,0,0,0,0,0,1
56,2023-06-24,1,2,0,12,0,0,6,0,0,0,0,0,0,0,0,0
56,2023-06-25,0,0,0,0,0,0,0,0,0,0,0,0,0,0,0,6
56,2023-06-26,0,0,0,0,0,0,0,1,0,0,0,1,0,0,0,9
56,2023-06-27,0,0,2,0,0,0,0,3,0,0,3,1,0,0,0,11
56,2023-06-28,0,0,1,0,0,0,0,0,0,0,3,2,0,0,0,12
56,2023-06-29,0,0,14,21,0,0,0,0,0,0,0,4,0,0,0,23
56,2023-06-30,0,0,1,3,0,0,1,3,0,0,0,0,0,0,0,8
56,2023-07-01,0,0,7,10,0,0,0,0,0,0,0,0,0,0,0,7
56,2023-07-02,0,0,0,0,0,0,0,5,0,0,0,0,0,0,0,0
56,2023-07-03,0,0,0,0,0,0,0,0,0,0,0,0,0,0,0,0
56,2023-07-04,0,0,0,0,0,0,0,0,0,0,0,0,0,0,0,0
56,2023-07-05,0,1,0,1,0,0,0,0,0,0,0,0,0,0,0,0
56,2023-07-06,0,0,6,13,0,0,0,0,0,0,0,1,0,0,0,0
56,2023-07-07,0,0,8,11,0,0,0,1,0,0,0,2,0,0,0,0
56,2023-07-08,0,1,0,12,0,0,1,0,0,0,0,1,0,0,0,0
56,2023-07-09,0,0,0,0,0,0,1,0,0,0,0,0,0,0,0,0
56,2023-07-10,0,0,12,16,0,0,0,0,0,0,0,0,0,0,0,0
56,2023-07-11,0,0,0,3,0,0,1,0,0,0,0,0,0,0,0,0
56,2023-07-12,1,0,1,1,0,0,0,0,0,0,0,1,0,0,0,0
56,2023-07-13,0,0,0,9,0,0,0,1,0,0,0,0,0,0,0,0
56,2023-07-14,0,0,5,1,0,0,0,0,0,0,0,0,0,0,0,0
56,2023-07-15,0,0,0,9,0,0,1,0,0,0,0,0,0,0,0,2
56,2023-07-16,0,0,0,0,0,0,0,0,0,0,0,1,0,0,0,2
56,2023-07-17,0,1,2,8,0,0,1,0,0,0,0,0,0,0,0,27
56,2023-07-18,0,0,0,0,0,0,0,0,0,0,0,0,0,0,0,24
56,2023-07-19,0,0,1,0,0,0,0,0,0,0,0,1,0,0,0,0
56,2023-07-20,0,0,1,1,0,0,0,0,0,0,1,1,0,0,0,0
56,2023-07-21,0,1,2,5,0,0,0,0,0,0,0,1,0,0,0,2
56,2023-07-22,0,0,4,10,0,0,0,1,0,0,1,0,0,0,0,1
56,2023-07-23,0,1,0,1,0,0,0,1,0,0,0,1,0,0,0,0
56,2023-07-24,0,0,2,0,0,0,0,1,0,0,0,0,0,0,0,0
56,2023-07-25,0,1,12,14,0,0,3,2,0,0,0,5,0,0,0,7
56,2023-07-26,0,0,0,0,0,0,0,0,0,0,0,0,0,0,0,0
56,2023-07-27,0,0,0,0,0,0,0,0,0,0,0,0,0,0,0,0
56,2023-07-28,0,0,4,0,0,0,0,0,0,0,0,0,0,0,0,0
56,2023-07-29,0,0,0,0,0,0,0,0,0,0,0,0,0,0,0,1
56,2023-07-30,0,0,0,1,0,0,0,0,0,0,0,1,0,0,0,1
56,2023-07-31,0,0,0,1,0,0,0,0,0,0,0,0,0,0,0,0
56,2023-08-01,0,0,0,2,0,0,0,0,0,0,0,0,0,0,0,0
56,2023-08-02,0,0,0,0,0,0,0,0,0,0,0,0,0,0,0,0
56,2023-08-03,0,0,0,0,0,0,0,0,0,0,0,0,0,0,0,0
56,2023-08-04,0,0,0,0,0,0,0,0,0,0,0,0,0,0,0,0
56,2023-08-05,0,0,0,0,0,0,0,0,0,0,0,1,0,0,0,0
56,2023-08-06,0,0,0,1,0,0,0,0,0,0,0,0,0,0,0,0
56,2023-08-07,0,0,0,0,0,0,0,0,0,0,0,0,0,0,0,0
56,2023-08-08,0,0,0,2,0,0,0,0,0,0,0,0,0,0,0,0
56,2023-08-09,0,0,0,0,0,0,0,0,0,0,0,0,0,0,0,0
56,2023-08-10,0,0,4,14,0,0,0,0,0,0,0,0,0,0,0,0
56,2023-08-11,0,1,30,56,0,0,0,0,0,0,0,0,0,0,0,0
56,2023-08-12,0,0,0,1,0,0,0,0,0,0,0,0,0,0,0,0
56,2023-08-13,0,0,5,7,0,0,0,0,0,0,0,1,0,0,0,2
56,2023-08-14,0,0,0,7,0,0,0,0,0,0,0,0,0,0,0,0
56,2023-08-15,0,0,3,4,0,0,0,0,0,0,0,0,0,0,0,0
56,2023-08-16,0,0,13,19,0,0,0,0,0,0,0,0,0,0,0,0
56,2023-08-17,0,0,0,4,0,0,1,0,0,0,0,1,0,0,0,4
56,2023-08-18,0,0,13,52,0,0,1,0,0,0,0,0,0,0,0,1
56,2023-08-19,0,0,9,19,0,0,0,0,0,0,0,0,0,0,0,0
56,2023-08-20,0,0,0,4,0,0,0,0,0,0,0,0,0,0,0,1
56,2023-08-21,0,0,3,39,0,0,0,0,0,0,0,1,0,0,0,0
56,2023-08-22,0,0,0,14,0,0,0,0,0,0,0,0,0,0,0,0
56,2023-08-23,0,0,3,18,0,0,0,0,0,0,0,0,0,0,0,0
56,2023-08-24,0,0,0,1,0,0,0,0,0,0,0,1,0,0,0,1
56,2023-08-25,0,0,1,4,0,0,0,0,0,0,0,1,0,0,0,0
56,2023-08-26,0,0,0,1,0,0,0,0,0,0,0,0,0,0,0,0
56,2023-08-27,0,0,6,5,0,0,0,0,0,0,0,3,0,0,0,0
56,2023-08-28,0,0,1,6,0,0,0,0,0,0,0,0,0,0,0,0
56,2023-08-29,0,0,6,6,0,0,0,0,0,0,0,1,0,0,0,0
56,2023-08-30,0,0,5,6,0,0,0,0,0,0,0,4,0,0,0,0
56,2023-08-31,0,0,0,16,0,0,0,0,0,0,0,1,0,0,0,0
56,2023-09-01,0,0,21,14,0,0,0,1,0,0,0,2,0,0,0,1
56,2023-09-02,0,0,0,14,0,0,1,0,0,0,0,0,0,0,0,1
56,2023-09-03,0,1,10,28,0,0,0,0,0,0,0,1,0,0,0,5
56,2023-09-04,0,0,2,5,0,0,0,0,0,0,0,1,0,0,0,4
56,2023-09-05,0,0,0,1,0,0,0,0,0,0,0,0,0,0,0,5
56,2023-09-06,0,0,0,0,0,0,0,1,0,0,0,4,0,0,0,1
56,2023-09-07,0,0,1,0,0,0,0,0,0,0,1,3,0,0,0,0
56,2023-09-08,0,0,1,0,0,0,0,0,0,0,0,0,0,0,0,3
56,2023-09-09,0,0,0,9,0,0,0,0,0,0,0,1,0,0,0,3
56,2023-09-10,0,0,0,2,0,0,0,1,0,0,0,1,0,0,0,7
56,2023-09-11,0,0,0,0,0,0,0,0,0,0,0,1,0,0,0,2
56,2023-09-12,0,1,2,0,0,0,1,0,0,0,0,2,0,0,0,1
56,2023-09-13,0,0,0,0,0,0,0,0,0,0,0,0,0,0,0,0
56,2023-09-14,0,0,0,0,0,0,0,0,0,0,0,0,0,0,0,2
56,2023-09-15,0,0,0,0,0,0,0,0,0,0,0,0,0,0,0,5
56,2023-09-16,0,0,0,0,0,0,0,0,0,0,0,3,0,0,0,7
56,2023-09-17,0,0,0,1,0,0,0,0,0,0,0,5,0,0,0,0
56,2023-09-18,0,0,0,0,0,0,0,0,0,0,0,0,0,0,0,0
56,2023-09-19,0,0,0,0,0,0,0,0,0,0,2,0,0,0,0,0
56,2023-09-20,0,0,1,0,0,0,0,0,0,0,0,0,0,0,0,1
56,2023-09-21,0,0,6,9,0,0,0,0,0,0,1,1,0,0,0,1
56,2023-09-22,0,0,1,0,0,0,0,0,0,0,0,9,0,0,0,1
56,2023-09-23,0,2,4,13,0,0,3,1,0,0,2,5,0,0,0,5
56,2023-09-24,0,0,5,12,0,0,0,3,0,0,0,5,0,0,0,2
56,2023-09-25,0,0,0,2,0,0,2,3,0,0,0,2,0,0,0,1
56,2023-09-26,0,0,0,0,0,0,1,1,0,0,0,1,0,0,0,4
56,2023-09-27,0,0,0,0,0,0,0,0,0,0,0,4,0,0,0,0
56,2023-09-28,0,0,0,0,0,0,0,0,0,0,0,2,0,0,0,1
56,2023-09-29,0,0,0,0,0,0,0,0,0,0,0,0,0,0,0,0
56,2023-09-30,0,0,0,0,0,0,0,0,0,0,0,2,0,0,0,0
56,2023-10-01,0,0,0,1,0,0,0,0,0,0,0,0,0,0,0,0
56,2023-10-02,0,0,0,2,0,0,0,0,0,0,0,0,0,0,0,0
56,2023-10-03,0,0,3,4,0,0,0,0,0,0,0,6,0,0,0,1
56,2023-10-04,0,1,4,11,0,0,1,1,0,0,0,3,0,0,0,5
56,2023-10-05,1,1,0,0,0,0,1,2,0,0,2,4,0,0,0,3
56,2023-10-06,0,0,1,1,0,0,0,2,0,0,0,0,0,0,0,1
56,2023-10-07,0,0,2,0,0,0,0,0,0,0,0,0,0,0,0,0
56,2023-10-08,0,2,1,0,0,0,0,0,0,0,0,0,0,0,0,0
56,2023-10-09,0,0,0,0,0,0,0,0,0,0,0,0,0,0,0,0
56,2023-10-10,0,0,0,0,0,0,0,0,0,0,0,0,0,0,0,0
56,2023-10-11,0,0,0,3,0,0,0,0,0,0,0,1,0,0,0,0
56,2023-10-12,0,0,0,0,0,0,0,0,0,0,0,0,0,0,0,0
56,2023-10-13,0,0,0,1,0,0,1,1,0,0,0,0,0,0,0,0
56,2023-10-14,0,0,0,7,0,0,0,0,0,0,0,4,0,0,0,0
56,2023-10-15,0,0,0,2,0,0,0,0,0,0,0,5,0,0,0,4
56,2023-10-16,0,0,1,3,0,0,0,0,0,0,0,2,0,0,0,0
56,2023-10-17,0,0,1,2,0,0,2,0,0,0,0,0,0,0,0,0
56,2023-10-18,0,0,2,9,0,0,1,6,0,0,0,3,0,0,0,1
56,2023-10-19,0,1,2,9,0,0,2,4,0,0,4,17,0,0,0,8
56,2023-10-20,0,2,11,24,0,0,3,5,0,0,1,21,0,0,0,4
56,2023-10-21,0,0,3,7,0,0,0,3,0,0,0,6,0,0,0,0
56,2023-10-22,0,0,0,2,0,0,2,4,0,0,0,2,0,0,0,0
56,2023-10-23,0,0,2,6,0,0,0,0,0,0,0,1,0,0,0,1
56,2023-10-24,0,0,8,16,0,0,0,4,0,0,1,5,0,0,0,1
56,2023-10-25,1,1,7,4,0,0,4,1,0,0,1,6,0,0,0,0
56,2023-10-26,1,1,2,3,0,1,3,2,0,0,0,1,0,0,0,3
56,2023-10-27,0,1,0,2,0,0,0,0,0,0,1,0,0,0,0,1
56,2023-10-28,0,0,0,4,0,0,0,0,0,0,0,3,0,0,0,0
56,2023-10-29,0,0,0,0,0,0,0,1,0,0,0,3,0,0,0,0
56,2023-10-30,0,0,1,2,0,0,0,2,0,0,0,5,0,0,0,2
56,2023-10-31,0,0,0,1,0,0,0,0,0,0,0,1,0,0,0,3
56,2023-11-01,0,0,0,1,0,0,1,5,0,0,0,8,0,0,0,4
56,2023-11-02,0,0,0,0,0,0,0,0,0,0,0,0,0,0,0,0
56,2023-11-03,0,0,5,14,0,0,0,0,0,0,0,19,0,0,0,8
56,2023-11-04,0,0,14,20,0,0,2,2,0,0,2,25,0,0,0,9
56,2023-11-05,0,2,19,42,0,0,2,5,0,0,2,17,0,0,1,21
56,2023-11-06,0,1,4,11,0,0,3,5,0,0,1,12,0,0,0,3
56,2023-11-07,0,0,4,4,0,0,1,0,0,0,1,1,0,0,0,1
56,2023-11-08,0,0,2,5,0,0,0,0,0,0,0,19,0,0,0,8
56,2023-11-09,0,1,8,3,0,0,0,1,0,0,0,27,0,0,0,10
56,2023-11-10,0,3,23,13,0,0,4,1,0,0,5,40,0,0,1,11
56,2023-11-11,0,3,10,5,0,0,5,5,0,0,0,23,0,0,0,6
56,2023-11-12,0,0,3,0,0,0,1,0,0,0,0,7,0,0,0,2
56,2023-11-13,1,0,2,1,0,0,1,0,0,0,0,5,0,0,0,9
56,2023-11-14,1,0,4,2,0,0,0,0,0,0,0,18,0,0,0,0
56,2023-11-15,2,0,24,30,0,0,0,3,0,0,1,59,0,0,0,1
56,2023-11-16,2,3,23,19,0,0,2,1,0,0,1,28,0,0,0,2
56,2023-11-17,0,0,6,16,0,0,1,4,0,0,1,1,0,0,0,0
56,2023-11-18,0,2,18,11,0,0,0,2,0,0,0,16,0,0,0,0
56,2023-11-19,3,0,43,20,0,0,7,3,0,0,0,80,0,0,0,0
56,2023-11-20,3,3,44,65,0,0,7,2,0,0,2,137,0,0,0,1
56,2023-11-21,4,11,100,106,0,0,11,11,0,0,0,85,0,0,0,6
56,2023-11-22,2,5,41,77,0,0,8,8,0,0,0,57,0,0,1,4
56,2023-11-23,0,2,22,7,0,0,9,3,0,0,1,27,0,0,0,3
56,2023-11-24,5,7,18,34,0,0,3,2,0,0,1,81,0,0,0,5
56,2023-11-25,0,12,43,63,0,0,3,5,0,0,5,174,0,0,0,5
56,2023-11-26,10,19,75,81,0,0,12,5,0,0,5,96,0,0,1,8
56,2023-11-27,4,15,41,56,0,0,13,12,0,0,6,62,0,0,5,5
56,2023-11-28,1,3,39,24,0,0,3,4,0,0,0,41,0,0,0,2
56,2023-11-29,0,1,28,11,0,0,7,0,0,0,1,38,0,0,1,5
56,2023-11-30,0,2,23,44,0,0,1,0,0,0,0,31,0,0,0,2
56,2023-12-01,7,19,69,68,0,0,5,2,0,0,0,183,0,0,0,1
56,2023-12-02,7,14,17,49,0,0,3,3,0,0,2,53,0,0,1,3
56,2023-12-03,3,2,6,13,0,0,0,3,0,0,0,34,0,0,0,0
56,2023-12-04,0,7,15,14,0,0,0,3,0,0,0,32,0,0,0,1
56,2023-12-05,6,11,27,39,0,0,4,8,0,0,0,47,0,0,0,0
56,2023-12-06,3,4,42,76,0,0,1,3,0,0,1,81,0,0,0,3
56,2023-12-07,0,4,52,103,0,0,5,9,0,0,4,46,0,0,0,0
56,2023-12-08,1,1,28,74,0,0,2,8,0,0,0,24,0,0,0,0
56,2023-12-09,3,5,8,33,0,0,5,10,0,0,14,13,0,0,0,1
56,2023-12-10,2,7,12,50,0,0,1,4,0,0,1,13,0,0,0,7
56,2023-12-11,3,8,48,84,0,0,6,9,0,0,3,52,0,0,0,6
56,2023-12-12,12,13,35,107,0,0,9,11,0,0,4,50,0,0,0,3
56,2023-12-13,3,6,17,68,0,0,6,12,0,0,1,25,0,0,2,1
56,2023-12-14,0,3,21,38,0,0,3,9,0,0,4,23,0,0,0,0
56,2023-12-15,0,1,20,31,0,0,19,2,0,0,6,46,0,0,0,2
56,2023-12-16,2,3,25,72,0,0,8,7,0,0,3,104,0,0,1,3
56,2023-12-17,4,15,30,71,0,0,9,8,0,0,4,93,0,0,1,13
56,2023-12-18,9,15,33,118,0,0,24,12,0,0,7,58,0,0,0,16
56,2023-12-19,7,3,16,57,0,0,10,7,0,0,3,31,0,0,0,8
56,2023-12-20,1,1,9,48,0,0,10,8,0,0,0,67,0,0,0,2
56,2023-12-21,2,2,16,98,0,0,4,4,0,0,3,81,0,0,0,5
56,2023-12-22,0,0,24,106,0,0,7,16,0,0,0,120,0,0,0,0
56,2023-12-23,16,15,43,162,0,0,36,10,0,0,7,98,0,0,0,2
56,2023-12-24,15,10,25,56,0,0,11,23,0,0,3,55,0,0,0,1
56,2023-12-25,1,2,8,15,0,0,3,15,0,0,0,57,0,0,0,1
56,2023-12-26,2,4,27,63,0,0,26,31,0,0,8,79,0,0,4,5
56,2023-12-27,5,6,31,78,0,0,8,9,0,0,8,118,0,0,2,8
56,2023-12-28,15,14,36,121,0,0,27,24,0,0,10,108,0,0,0,13
56,2023-12-29,7,10,18,68,0,0,17,26,0,0,6,57,0,0,3,19
56,2023-12-30,2,1,14,41,0,0,6,15,0,0,9,90,0,0,0,12
56,2023-12-31,1,3,8,26,0,0,13,11,0,0,18,73,0,0,0,6
56,2024-01-01,1,1,15,29,0,0,10,14,0,0,12,104,0,0,0,8
56,2024-01-02,7,7,35,59,0,0,22,21,0,0,30,147,0,0,1,16
56,2024-01-03,12,11,18,159,0,0,37,33,0,0,14,111,0,0,2,37
56,2024-01-04,4,8,12,79,0,0,12,21,0,0,5,86,0,0,1,7
56,2024-01-05,3,2,17,59,0,0,10,18,0,0,15,90,0,0,2,21
56,2024-01-06,0,7,24,87,0,0,22,18,0,0,14,101,0,0,3,12
56,2024-01-07,3,10,11,107,0,0,23,17,0,0,27,213,0,0,1,31
56,2024-01-08,10,8,37,159,0,0,28,19,0,0,31,120,0,0,2,44
56,2024-01-09,3,6,20,118,0,0,18,33,0,0,21,130,0,0,1,24
56,2024-01-10,3,5,7,53,0,0,4,5,0,0,13,116,0,0,0,15
56,2024-01-11,3,4,22,76,0,0,6,17,0,0,20,113,0,0,3,5
56,2024-01-12,4,4,23,60,0,1,17,8,0,0,20,167,0,0,3,16
56,2024-01-13,4,9,33,83,0,0,5,7,0,0,31,167,0,0,0,37
56,2024-01-14,1,6,9,159,0,0,22,13,0,0,19,91,0,0,0,33
56,2024-01-15,1,0,8,115,0,0,5,3,0,0,16,102,0,0,0,6
56,2024-01-16,1,3,18,88,0,0,16,2,0,0,9,72,0,0,0,5
56,2024-01-17,4,14,27,89,0,0,26,20,0,0,9,136,0,0,0,1
56,2024-01-18,3,16,39,162,0,0,25,15,0,0,36,194,0,0,2,3
56,2024-01-19,14,26,58,183,0,0,30,49,0,0,36,152,0,0,1,7
56,2024-01-20,17,17,41,105,0,2,29,28,0,0,26,137,0,0,0,5
56,2024-01-21,9,26,48,113,0,0,23,21,0,0,61,201,0,0,0,3
56,2024-01-22,8,11,55,113,0,1,41,18,0,0,23,198,0,0,0,14
56,2024-01-23,22,20,73,79,0,0,31,2,0,0,72,269,0,0,0,14
56,2024-01-24,17,39,49,90,0,0,9,9,0,0,89,208,0,0,2,17
56,2024-01-25,2,22,16,3,0,0,5,6,0,0,14,51,0,0,0,1
56,2024-01-26,0,0,1,96,0,0,0,0,0,0,14,84,0,0,0,1
56,2024-01-27,0,1,2,98,0,0,5,9,0,0,7,104,0,0,0,0
56,2024-01-28,1,5,2,23,0,0,0,0,0,0,37,168,0,0,0,0
56,2024-01-29,5,4,5,41,0,0,5,1,0,0,114,185,0,0,1,12
56,2024-01-30,0,2,9,27,0,0,7,2,0,0,66,182,0,0,3,12
56,2024-01-31,0,2,4,36,0,1,0,2,0,0,13,35,0,0,0,3
56,2024-02-01,3,23,31,96,0,0,19,22,0,0,96,285,0,0,1,16
56,2024-02-02,7,39,47,112,0,0,49,81,0,0,101,353,0,0,0,4
56,2024-02-03,25,105,71,133,0,0,58,82,0,0,185,542,0,0,0,21
56,2024-02-04,46,118,99,395,0,1,94,119,0,0,158,300,0,0,3,38
56,2024-02-05,16,73,86,510,0,0,61,117,0,0,138,318,0,0,0,16
56,2024-02-06,9,35,60,465,0,0,65,104,0,0,125,486,0,0,0,14
56,2024-02-07,12,33,52,423,0,0,122,172,0,0,140,417,0,0,0,20
56,2024-02-08,22,45,83,396,0,1,129,99,0,0,218,472,0,0,2,13
56,2024-02-09,37,77,141,373,0,4,71,33,0,0,190,362,0,0,0,9
56,2024-02-10,4,12,34,357,0,0,4,17,0,0,113,334,0,0,0,0
56,2024-02-11,0,2,23,344,0,0,4,47,0,0,113,426,0,0,0,1
56,2024-02-12,6,27,42,206,0,0,93,73,0,0,81,254,0,0,0,0
56,2024-02-13,23,65,119,335,0,0,94,99,0,0,176,590,0,0,0,5
56,2024-02-14,58,116,330,578,0,0,83,137,0,0,441,689,0,0,0,25
56,2024-02-15,36,73,309,910,0,0,115,153,0,0,281,370,0,0,6,16
56,2024-02-16,9,16,128,394,0,0,64,75,0,0,247,440,0,0,0,16
56,2024-02-17,3,6,66,143,0,0,105,140,0,0,672,967,0,0,3,30
56,2024-02-18,23,28,213,100,0,1,237,219,0,0,843,902,0,0,1,61
56,2024-02-19,24,56,322,297,0,3,127,200,0,0,1166,1195,0,0,4,73
56,2024-02-20,76,135,420,731,0,0,153,227,0,0,828,618,0,0,3,57
56,2024-02-21,40,86,219,489,0,2,106,173,0,0,337,428,0,0,3,47
56,2024-02-22,15,27,187,251,0,0,96,179,0,0,374,456,0,0,0,30
56,2024-02-23,16,37,263,187,0,0,137,127,0,0,469,466,0,0,1,56
56,2024-02-24,45,85,406,236,0,2,158,59,0,0,594,733,0,0,0,32
56,2024-02-25,106,151,561,360,0,2,149,46,0,0,1010,772,0,0,0,31
56,2024-02-26,34,34,226,377,0,1,121,108,0,0,580,553,0,0,0,66
56,2024-02-27,3,6,125,285,0,0,68,62,0,0,850,789,0,0,0,57
56,2024-02-28,9,16,172,128,0,2,112,98,0,0,864,925,0,0,1,54
56,2024-02-29,57,69,426,127,0,1,125,168,0,0,1043,1116,0,0,0,32
56,2024-03-01,109,231,994,187,0,2,118,73,0,0,1952,1444,0,0,7,25
56,2024-03-02,63,79,520,181,0,4,108,56,0,0,1072,1079,0,0,0,20
56,2024-03-03,20,44,269,110,0,4,126,97,0,0,852,1659,0,0,0,12
56,2024-03-04,25,94,653,172,0,10,272,382,0,0,1000,1547,0,0,2,18
56,2024-03-05,110,168,860,393,0,15,357,852,0,0,1266,1653,0,0,2,15
56,2024-03-06,134,388,1326,441,0,27,354,884,0,0,1789,2060,0,0,0,19
56,2024-03-07,74,225,1114,780,0,21,284,447,0,0,1281,1554,0,0,0,16
56,2024-03-08,44,97,420,164,0,7,220,96,0,0,555,1158,0,0,1,7
56,2024-03-09,18,84,452,68,0,5,72,15,0,0,1070,1678,0,0,2,20
56,2024-03-10,21,171,740,165,0,4,154,65,0,0,1112,1649,0,0,0,17
56,2024-03-11,66,235,1238,192,0,6,141,28,0,0,1483,2433,0,0,1,23
56,2024-03-12,86,284,1719,318,0,4,133,88,0,0,2598,3416,0,0,4,25
56,2024-03-13,92,340,1537,308,0,17,264,194,0,0,1367,1161,0,0,0,29
56,2024-03-14,37,141,608,358,0,7,240,184,0,0,1047,1618,0,0,2,13
56,2024-03-15,13,57,391,588,0,28,543,425,0,0,958,1035,0,0,6,13
56,2024-03-16,48,132,808,295,0,11,518,532,0,0,851,1343,0,0,0,17
56,2024-03-17,82,194,887,350,0,34,362,272,0,0,1045,1315,0,0,1,13
56,2024-03-18,10,86,615,323,0,27,365,356,0,0,1054,1025,0,0,3,17
56,2024-03-19,0,2,81,35,0,0,94,35,0,0,956,1174,0,0,0,6
56,2024-03-20,0,0,65,17,0,0,1,0,0,0,409,1577,0,0,0,4
56,2024-03-21,0,1,42,54,0,0,28,8,0,0,143,546,0,0,0,3
56,2024-03-22,0,6,142,121,0,0,35,24,0,0,34,430,0,0,1,7
56,2024-03-23,32,67,446,128,0,2,87,74,0,0,211,540,0,0,0,14
56,2024-03-24,38,56,527,104,0,2,312,153,0,0,239,711,0,0,0,11
56,2024-03-25,27,44,605,150,0,17,615,371,0,0,608,1254,0,0,0,8
56,2024-03-26,6,17,286,50,0,1,535,167,0,0,460,804,0,0,2,3
56,2024-03-27,19,77,798,118,0,4,700,272,0,0,2177,2325,0,0,0,12
56,2024-03-28,60,186,1251,67,0,7,1027,727,0,0,1412,1407,0,0,0,1
56,2024-03-29,56,156,928,156,0,10,595,208,0,0,1053,1204,0,0,0,1
56,2024-03-30,55,91,703,232,0,13,603,283,0,0,987,1893,0,0,0,7
56,2024-03-31,42,109,777,381,0,16,1857,733,0,0,1251,2102,0,0,0,6
56,2024-04-01,100,209,922,479,0,33,1358,1441,0,0,1641,1997,0,0,0,10
56,2024-04-02,179,472,1833,590,0,60,2359,2165,0,0,2296,1748,0,0,0,10
56,2024-04-03,118,279,1036,590,0,42,986,2147,0,0,1212,1482,0,0,3,11
56,2024-04-04,35,102,467,297,0,22,1893,1710,0,0,997,1494,0,0,1,20
56,2024-04-05,11,54,467,190,0,34,2142,1385,0,0,1390,2337,0,0,0,13
56,2024-04-06,8,91,438,223,0,16,1600,1692,0,0,978,2142,0,0,5,39
56,2024-04-07,14,163,837,330,0,34,1980,1598,0,0,1114,1648,0,0,2,25
56,2024-04-08,25,185,615,300,0,3,1179,1354,0,0,654,996,0,0,0,26
56,2024-04-09,1,57,273,168,0,7,963,53,0,0,590,1328,0,0,0,24
56,2024-04-10,1,11,55,4,0,1,73,29,0,0,324,1217,0,0,2,14
56,2024-04-11,7,23,122,72,0,7,277,180,0,0,148,981,0,0,0,10
56,2024-04-12,0,12,189,105,0,0,209,343,0,0,196,1070,0,0,1,32
56,2024-04-13,8,51,391,84,0,10,1108,819,0,0,222,496,0,0,4,34
56,2024-04-14,10,40,212,60,0,5,541,589,0,0,98,321,0,0,0,14
56,2024-04-15,9,10,92,55,0,22,896,1295,0,0,79,489,0,0,0,22
56,2024-04-16,3,11,133,32,0,0,1003,608,0,0,307,673,0,0,1,14
56,2024-04-17,10,51,411,127,0,1,586,325,0,0,524,526,0,0,0,3
56,2024-04-18,21,95,472,242,0,14,1275,616,0,0,153,233,0,0,0,22
56,2024-04-19,23,33,255,91,0,1,322,269,0,0,238,270,0,0,0,4
56,2024-04-20,9,37,208,174,0,0,806,490,0,0,304,463,0,0,0,2
56,2024-04-21,5,41,223,119,0,10,1049,669,0,0,143,488,0,0,0,7
56,2024-04-22,21,74,443,192,0,17,1477,1323,0,0,334,504,0,0,2,17
56,2024-04-23,32,113,391,218,0,9,1201,2355,0,0,269,365,0,0,0,36
56,2024-04-24,10,27,80,63,0,0,314,1251,0,0,89,159,0,0,0,7
56,2024-04-25,9,62,325,251,0,6,427,367,0,0,66,205,0,0,3,19
56,2024-04-26,11,58,291,308,0,10,482,507,0,0,84,219,0,0,0,26
56,2024-04-27,28,89,342,306,0,14,1684,1992,0,0,264,430,0,0,0,64
56,2024-04-28,42,142,597,381,0,10,1804,2407,0,0,314,584,0,0,8,51
56,2024-04-29,68,232,1077,704,0,23,2588,2962,0,0,478,321,0,0,18,70
56,2024-04-30,70,202,698,543,0,7,1385,1527,0,0,248,303,0,0,5,46
56,2024-05-01,79,515,867,281,0,12,1088,1129,0,0,268,209,0,0,0,11
56,2024-05-02,45,146,519,232,0,3,474,219,0,0,28,137,0,0,0,6
56,2024-05-03,51,211,492,169,0,0,139,70,0,0,51,227,0,0,0,35
56,2024-05-04,72,244,587,156,0,0,345,339,0,0,208,129,0,0,6,121
56,2024-05-05,21,140,525,127,0,0,95,26,0,0,83,108,0,0,1,26
56,2024-05-06,24,63,235,100,0,0,63,38,0,0,52,131,0,0,1,15
56,2024-05-07,0,11,62,12,0,0,44,15,0,0,5,80,0,0,0,5
56,2024-05-08,7,9,101,50,0,0,23,41,0,0,31,143,0,0,0,8
56,2024-05-09,18,10,127,90,0,0,77,85,0,0,44,84,0,0,1,14
56,2024-05-10,0,3,65,27,0,0,25,3,0,0,19,110,0,0,0,4
56,2024-05-11,0,3,28,10,0,0,14,2,0,0,7,69,0,0,0,4
56,2024-05-12,0,3,31,20,0,0,33,21,0,0,10,74,0,0,0,13
56,2024-05-13,0,14,62,15,0,1,144,61,0,0,20,144,0,0,0,41
56,2024-05-14,3,42,128,11,0,7,147,175,0,0,46,159,0,0,1,77
56,2024-05-15,2,11,43,30,0,4,247,120,0,0,27,134,0,0,2,60
56,2024-05-16,1,11,27,11,0,2,13,2,0,0,7,75,0,0,0,51
56,2024-05-17,1,4,4,1,0,0,1,5,0,0,3,28,0,0,0,3
56,2024-05-18,0,0,8,5,0,0,15,8,0,0,0,62,0,0,0,4
56,2024-05-19,4,18,62,21,0,1,64,11,0,0,6,88,0,0,0,30
56,2024-05-20,3,21,61,32,0,2,106,13,0,0,12,23,0,0,0,28
56,2024-05-21,0,0,1,0,0,0,0,3,0,0,1,10,0,0,0,0
56,2024-05-22,0,2,4,2,0,0,1,3,0,0,0,9,0,0,0,2
56,2024-05-23,0,2,0,0,0,0,0,0,0,0,1,14,0,0,0,11
56,2024-05-24,0,0,0,0,0,0,0,0,0,0,0,6,0,0,0,7
56,2024-05-25,0,0,0,1,0,0,0,0,0,0,0,0,0,0,0,0
56,2024-05-26,0,0,0,0,0,0,0,0,0,0,0,0,0,0,0,0
56,2024-05-27,0,0,0,1,0,0,0,0,0,0,0,1,0,0,0,0
56,2024-05-28,0,0,0,1,0,0,0,2,0,0,0,0,0,0,0,0
56,2024-05-29,0,0,1,0,0,0,2,18,0,0,0,1,0,0,0,1
56,2024-05-30,0,0,0,0,0,0,0,0,0,0,0,0,0,0,0,0
56,2024-05-31,0,0,0,0,0,0,0,0,0,0,0,0,0,0,0,0
56,2024-06-01,0,0,0,0,0,0,0,0,0,0,0,0,0,0,0,0
56,2024-06-02,0,0,0,0,0,0,0,0,0,0,0,0,0,0,0,0
56,2024-06-03,0,0,0,0,0,0,0,0,0,0,0,0,0,0,0,0
56,2024-06-04,0,0,0,4,0,0,2,40,0,0,0,21,0,0,0,28
56,2024-06-05,0,0,5,8,0,0,6,4,0,0,0,8,0,0,0,81
56,2024-06-06,0,0,0,0,0,0,0,0,0,0,0,0,0,0,0,0
56,2024-06-07,0,0,1,3,0,0,2,0,0,0,0,0,0,0,0,0
56,2024-06-08,0,0,0,1,0,0,0,0,0,0,0,1,0,0,0,2
56,2024-06-09,0,0,0,1,0,0,0,0,0,0,0,4,0,0,0,2
56,2024-06-10,1,0,1,0,0,0,0,0,0,0,0,4,0,0,0,5
56,2024-06-11,0,0,0,1,0,0,0,0,0,0,0,0,0,0,0,2
56,2024-06-12,0,0,0,0,0,0,0,0,0,0,0,0,0,0,0,0
56,2024-06-13,0,0,0,0,0,0,0,7,0,0,0,0,0,0,0,0
56,2024-06-14,0,0,0,3,0,0,1,6,0,0,4,0,0,0,0,0
56,2024-06-15,0,0,0,7,0,0,2,3,0,0,0,1,0,0,0,0
56,2024-06-16,0,1,0,3,0,0,5,83,0,0,0,1,0,0,0,0
56,2024-06-17,1,0,4,0,0,0,13,5,0,0,0,1,0,0,0,0
56,2024-06-18,0,0,0,0,0,0,1,0,0,0,0,0,0,0,0,0
56,2024-06-19,0,2,6,1,0,0,0,9,0,0,0,0,0,0,0,3
56,2024-06-20,0,0,1,2,0,1,15,2,0,0,0,11,0,0,0,0
56,2024-06-21,0,0,16,9,0,0,21,8,0,0,0,1,0,0,0,10
56,2024-06-22,0,0,4,3,0,0,0,1,0,0,0,0,0,0,0,4
56,2024-06-23,0,0,0,0,0,0,1,8,0,0,0,0,0,0,0,1
56,2024-06-24,0,0,0,0,0,0,0,0,0,0,2,1,0,0,0,4
56,2024-06-25,0,0,0,0,0,0,0,0,0,0,0,0,0,0,0,0
56,2024-06-26,0,0,0,1,0,0,0,0,0,0,0,0,0,0,0,0
56,2024-06-27,0,0,1,4,0,0,0,0,0,0,2,2,0,0,0,0
56,2024-06-28,0,0,2,1,0,0,0,0,0,0,0,0,0,0,0,1
56,2024-06-29,0,0,0,1,0,0,0,0,0,0,0,0,0,0,0,0
56,2024-06-30,0,0,0,0,0,0,0,0,0,0,0,0,0,0,0,0
56,2024-07-01,1,0,2,0,0,0,0,0,0,0,0,0,0,0,0,0
56,2024-07-02,0,0,0,0,0,0,0,0,0,0,0,0,0,0,0,1
56,2024-07-03,0,0,1,1,0,0,0,0,0,0,0,0,0,0,0,0
56,2024-07-04,0,0,0,0,0,0,0,0,0,0,0,0,0,0,0,0
56,2024-07-05,0,0,0,5,0,0,0,0,0,0,0,0,0,0,0,0
56,2024-07-06,0,0,1,4,0,0,0,0,0,0,0,22,0,0,0,0
56,2024-07-07,0,0,2,5,0,0,0,0,0,0,0,0,0,0,0,3
56,2024-07-08,0,0,0,6,0,0,0,0,0,0,0,0,0,0,0,0
56,2024-07-09,0,0,2,0,0,0,0,2,0,0,0,1,0,0,0,0
56,2024-07-10,0,0,0,0,0,0,0,0,0,0,0,0,0,0,0,0
56,2024-07-11,0,0,0,0,0,0,0,0,0,0,0,0,0,0,0,0
56,2024-07-12,0,0,0,0,0,0,0,0,0,0,0,0,0,0,0,0
56,2024-07-13,0,0,0,0,0,0,0,0,0,0,0,0,0,0,0,0
56,2024-07-14,0,0,0,0,0,0,0,0,0,0,0,0,0,0,0,0
56,2024-07-15,0,0,0,0,0,0,0,0,0,0,0,0,0,0,0,0
56,2024-07-16,0,0,0,0,0,0,0,0,0,0,0,1,0,0,0,0
56,2024-07-17,0,0,1,1,0,0,0,1,0,0,0,2,0,0,0,13
56,2024-07-18,0,0,0,0,0,0,0,0,0,0,0,1,0,0,0,1
56,2024-07-19,0,0,0,0,0,0,1,0,0,0,0,0,0,0,0,0
56,2024-07-20,0,0,0,0,0,0,0,0,0,0,0,0,0,0,0,0
56,2024-07-21,0,0,0,0,0,0,0,0,0,0,0,0,0,0,0,0
56,2024-07-22,0,0,0,0,0,0,0,0,0,0,0,1,0,0,0,0
56,2024-07-23,0,0,0,0,0,0,0,0,0,0,0,3,0,0,0,0
56,2024-07-24,0,0,0,0,0,0,0,0,0,0,0,0,0,0,0,0
56,2024-07-25,0,0,0,0,0,0,0,0,0,0,0,0,0,0,0,0
56,2024-07-26,0,0,0,0,0,0,0,0,0,0,0,0,0,0,0,0
56,2024-07-27,0,0,0,0,0,0,0,0,0,0,0,0,0,0,0,0
56,2024-07-28,0,0,0,0,0,0,0,0,0,0,0,0,0,0,0,0
56,2024-07-29,0,0,0,0,0,0,0,0,0,0,0,0,0,0,0,0
56,2024-07-30,0,0,0,1,0,0,0,0,0,0,0,0,0,0,0,0
56,2024-07-31,0,0,0,0,0,0,0,0,0,0,0,0,0,0,0,0
56,2024-08-01,0,0,0,0,0,0,0,0,0,0,0,0,0,0,0,0
56,2024-08-02,0,0,0,0,0,0,0,0,0,0,0,0,0,0,0,0
56,2024-08-03,0,0,0,0,0,0,0,0,0,0,0,0,0,0,0,0
56,2024-08-04,0,0,0,0,0,0,0,0,0,0,0,0,0,0,0,0
56,2024-08-05,0,0,0,1,0,0,0,0,0,0,0,0,0,0,0,0
56,2024-08-06,0,0,0,16,0,0,0,0,0,0,0,0,0,0,0,2
56,2024-08-07,0,0,7,23,0,0,0,0,0,0,0,0,0,0,0,0
56,2024-08-08,0,0,2,2,0,0,2,1,0,0,0,2,0,0,0,0
56,2024-08-09,0,0,8,16,0,0,0,0,0,0,2,5,0,0,0,2
56,2024-08-10,0,1,7,16,0,0,0,0,0,0,0,0,0,0,1,0
56,2024-08-11,0,0,0,0,0,0,0,0,0,0,0,0,0,0,0,0
56,2024-08-12,0,0,0,0,0,0,0,0,0,0,0,0,0,0,0,0
56,2024-08-13,0,0,0,30,0,0,0,0,0,0,0,1,0,0,0,4
56,2024-08-14,0,0,2,5,0,0,0,0,0,0,0,0,0,0,0,0
56,2024-08-15,0,0,1,1,0,0,1,0,0,0,0,0,0,0,0,3
56,2024-08-16,0,0,0,5,0,0,0,0,0,0,0,0,0,0,0,0
56,2024-08-17,0,0,0,2,0,0,0,0,0,0,0,0,0,0,0,0
56,2024-08-18,0,0,7,17,0,0,0,0,0,0,0,0,0,0,0,0
56,2024-08-19,0,0,1,1,0,0,0,0,0,0,0,0,0,0,0,1
56,2024-08-20,0,0,0,0,0,0,0,0,0,0,0,0,0,0,0,0
56,2024-08-21,0,0,0,0,0,0,0,0,0,0,0,0,0,0,0,0
56,2024-08-22,0,0,2,0,0,0,0,0,0,0,0,0,0,0,0,0
56,2024-08-23,0,0,2,4,0,0,0,0,0,0,0,1,0,0,0,0
56,2024-08-24,0,0,0,7,0,0,0,0,0,0,0,0,0,0,0,1
56,2024-08-25,0,0,2,1,0,0,0,0,0,0,0,1,0,0,0,0
56,2024-08-26,0,0,0,0,0,0,0,0,0,0,0,0,0,0,0,0
56,2024-08-27,0,0,3,5,0,0,0,0,0,0,0,0,0,0,0,0
56,2024-08-28,0,0,1,0,0,0,0,0,0,0,0,2,0,0,0,2
56,2024-08-29,0,0,0,5,0,0,0,0,0,0,0,0,0,0,0,2
56,2024-08-30,0,0,0,0,0,0,0,0,0,0,1,1,0,0,0,2
56,2024-08-31,0,0,0,0,0,0,1,0,0,0,0,0,0,0,0,0
56,2024-09-01,0,0,0,6,0,0,0,0,0,0,0,0,0,0,0,0
56,2024-09-02,0,0,0,0,0,0,0,0,0,0,0,0,0,0,0,0
56,2024-09-03,0,0,1,2,0,0,0,0,0,0,0,3,0,0,0,0
56,2024-09-04,0,0,1,0,0,0,0,0,0,0,0,0,0,0,0,0
56,2024-09-05,0,0,5,1,0,0,0,0,0,0,0,0,0,0,0,1
56,2024-09-06,0,0,1,0,0,0,0,0,0,0,0,1,0,0,0,1
56,2024-09-07,0,0,1,1,0,0,0,0,0,0,0,2,0,0,0,2
56,2024-09-08,0,0,0,1,0,0,0,0,0,0,0,0,0,0,0,0
56,2024-09-09,0,0,0,0,0,0,0,0,0,0,0,0,0,0,0,0
56,2024-09-10,0,0,0,0,0,0,0,0,0,0,0,0,0,0,0,0
56,2024-09-11,0,0,0,16,0,0,0,0,0,0,0,0,0,0,0,0
56,2024-09-12,0,0,0,0,0,0,0,0,0,0,0,0,0,0,0,0
56,2024-09-13,0,0,2,2,0,0,0,0,0,0,0,0,0,0,0,0
56,2024-09-14,0,0,7,15,0,0,0,0,0,0,0,0,0,0,0,0
56,2024-09-15,0,0,0,0,0,0,0,0,0,0,0,0,0,0,0,5
56,2024-09-16,0,0,6,6,0,0,0,0,0,0,0,2,0,0,0,0
56,2024-09-17,0,0,0,0,0,0,0,0,0,0,0,1,0,0,0,0
56,2024-09-18,0,0,0,0,0,0,0,0,0,0,0,3,0,0,0,2
56,2024-09-19,0,1,1,3,0,0,0,1,0,0,0,14,0,0,0,7
56,2024-09-20,0,0,0,0,0,0,0,0,0,0,0,0,0,0,0,3
56,2024-09-21,0,0,0,0,0,0,0,0,0,0,0,2,0,0,0,0
56,2024-09-22,0,0,0,0,0,0,0,0,0,0,0,0,0,0,0,2
56,2024-09-23,0,0,0,0,0,0,0,0,0,0,0,1,0,0,0,0
56,2024-09-24,0,0,0,0,0,0,0,0,0,0,0,2,0,0,0,0
56,2024-09-25,0,0,0,0,0,0,1,0,0,0,0,1,0,0,0,4
56,2024-09-26,0,0,0,0,0,0,0,0,0,0,0,0,0,0,0,0
56,2024-09-27,0,0,0,0,0,0,1,0,0,0,0,0,0,0,0,1
56,2024-09-28,0,0,1,2,0,0,0,0,0,0,0,2,0,0,0,0
56,2024-09-29,0,0,0,12,0,0,0,0,0,0,0,3,0,0,0,0
56,2024-09-30,0,0,5,20,0,0,0,0,0,0,0,1,0,0,0,0
56,2024-10-01,0,0,0,0,0,0,0,0,0,0,0,0,0,0,0,0
56,2024-10-02,0,0,0,1,0,0,0,0,0,0,0,0,0,0,0,0
56,2024-10-03,0,0,0,0,0,0,0,0,0,0,0,0,0,0,0,0
56,2024-10-04,0,0,0,0,0,0,0,0,0,0,0,0,0,0,0,0
56,2024-10-05,0,0,1,3,0,0,0,1,0,0,0,1,0,0,0,0
56,2024-10-06,0,0,8,18,0,0,4,9,0,0,0,1,0,0,0,2
56,2024-10-07,0,0,3,9,0,0,4,3,0,0,0,2,0,0,0,0
56,2024-10-08,0,0,1,2,0,0,1,3,0,0,1,0,0,0,0,0
56,2024-10-09,0,1,1,6,0,0,2,3,0,0,1,0,0,0,0,0
56,2024-10-10,0,0,3,14,0,0,0,1,0,0,2,6,0,0,0,0
56,2024-10-11,0,3,9,22,0,0,2,1,0,0,1,4,0,0,0,0
56,2024-10-12,0,0,6,15,0,0,2,3,0,0,1,4,0,0,0,0
56,2024-10-13,0,2,1,8,0,0,0,2,0,0,0,1,0,0,0,0
56,2024-10-14,0,0,0,7,0,0,0,1,0,0,1,1,0,0,0,0
56,2024-10-15,0,0,5,15,0,0,0,3,0,0,0,5,0,0,0,0
56,2024-10-16,0,0,5,24,0,0,1,0,0,0,1,4,0,0,0,0
56,2024-10-17,0,1,0,2,0,0,1,0,0,0,0,1,0,0,0,3
56,2024-10-18,0,0,1,1,0,0,2,1,0,0,0,2,0,0,0,4
56,2024-10-19,0,0,0,0,0,0,0,3,0,0,0,4,0,0,0,5
56,2024-10-20,0,0,0,0,0,0,0,1,0,0,0,1,0,0,0,0
56,2024-10-21,0,0,0,0,0,0,0,0,0,0,0,3,0,0,0,1
56,2024-10-22,1,2,4,5,0,0,0,2,0,0,0,2,0,0,0,1
56,2024-10-23,0,0,1,2,0,0,1,0,0,0,0,0,0,0,0,1
56,2024-10-24,0,0,0,2,0,0,2,4,0,0,0,2,0,0,0,1
56,2024-10-25,0,0,1,12,0,0,0,1,0,0,0,3,0,0,0,3
56,2024-10-26,0,1,8,4,0,0,2,2,0,0,4,14,0,0,0,6
56,2024-10-27,2,6,14,26,0,0,0,3,0,0,3,18,0,0,0,12
56,2024-10-28,1,2,9,11,0,0,0,1,0,0,1,8,0,0,1,10
56,2024-10-29,0,3,10,5,0,0,2,2,0,0,0,0,0,0,0,4
56,2024-10-30,0,2,8,3,0,0,1,1,0,0,0,11,0,0,0,7
56,2024-10-31,1,2,8,9,0,0,2,5,0,0,2,13,0,0,0,7
56,2024-11-01,0,6,18,21,0,0,3,3,0,0,3,31,0,0,0,8
56,2024-11-02,0,1,33,29,0,0,3,12,0,0,5,16,0,0,0,3
56,2024-11-03,0,0,0,0,0,0,0,0,0,0,0,0,0,0,0,0
56,2024-11-04,0,0,0,0,0,0,0,0,0,0,0,0,0,0,0,0
56,2024-11-05,0,0,0,0,0,0,0,0,0,0,0,0,0,0,0,0
56,2024-11-06,0,0,0,0,0,0,0,0,0,0,0,0,0,0,0,0
56,2024-11-07,0,0,0,5,0,0,1,5,0,0,0,0,0,0,0,0
56,2024-11-08,0,0,5,5,0,0,0,7,0,0,0,0,0,0,0,0
56,2024-11-09,0,0,4,7,0,0,0,5,0,0,0,2,0,0,0,1
56,2024-11-10,0,1,18,26,0,0,6,9,0,0,0,2,0,0,0,1
56,2024-11-11,1,5,25,48,0,0,4,5,0,0,0,5,0,0,0,0
56,2024-11-12,2,8,35,79,0,0,9,0,0,0,2,9,0,0,0,0
56,2024-11-13,2,6,29,63,0,0,5,12,0,0,0,6,0,0,2,2
56,2024-11-14,1,2,21,27,0,0,3,9,0,0,1,3,0,0,0,5
56,2024-11-15,0,3,14,4,0,0,5,8,0,0,0,17,0,0,0,3
56,2024-11-16,3,3,24,38,0,0,7,4,0,0,0,47,0,0,0,11
56,2024-11-17,6,8,9,3,0,0,2,6,0,0,4,73,0,0,0,15
56,2024-11-18,1,3,14,43,0,0,10,9,0,0,1,27,0,0,0,16
56,2024-11-19,3,2,25,17,0,0,7,2,0,0,1,20,0,0,0,3
56,2024-11-20,1,0,5,11,0,0,5,3,0,0,0,26,0,0,0,3
56,2024-11-21,1,4,26,38,0,0,5,11,0,0,4,50,0,0,0,2
56,2024-11-22,7,8,32,40,0,0,3,4,0,0,0,98,0,0,0,0
56,2024-11-23,9,12,55,59,0,1,6,14,0,0,1,64,0,0,0,0
56,2024-11-24,11,9,48,31,0,0,2,16,0,0,0,49,0,0,0,0
56,2024-11-25,2,0,2,8,0,0,2,1,0,0,0,23,0,0,0,0
56,2024-11-26,0,0,11,8,0,0,3,0,0,0,0,12,0,0,0,2
56,2024-11-27,10,9,10,28,0,0,1,0,0,0,3,86,0,0,1,0
56,2024-11-28,13,13,68,80,0,0,6,5,0,0,0,70,0,0,0,1
56,2024-11-29,0,1,46,61,0,0,5,21,0,0,0,14,0,0,0,1
56,2024-11-30,3,1,47,62,0,0,1,11,0,0,2,34,0,0,0,1
56,2024-12-01,0,2,23,40,0,0,2,16,0,0,0,5,0,0,0,1
56,2024-12-02,7,7,36,49,0,0,7,5,0,0,1,61,0,0,0,5
56,2024-12-03,15,12,54,114,0,1,9,5,0,0,3,150,0,0,1,9
56,2024-12-04,8,16,39,107,0,0,14,2,0,0,2,52,0,0,2,21
56,2024-12-05,3,4,44,71,0,0,1,6,0,0,1,30,0,0,0,3
56,2024-12-06,0,0,22,77,0,0,5,5,0,0,0,33,0,0,0,9
56,2024-12-07,5,7,27,69,0,0,9,5,0,0,0,64,0,0,0,13
56,2024-12-08,8,4,42,100,0,0,5,1,0,0,2,137,0,0,1,7
56,2024-12-09,17,15,71,132,0,0,14,13,0,0,6,55,0,0,0,8
56,2024-12-10,5,2,49,79,0,0,11,17,0,0,4,18,0,0,0,12
56,2024-12-11,0,2,22,30,0,0,5,5,0,0,2,26,0,0,0,7
56,2024-12-12,3,4,26,12,0,0,9,11,0,0,5,41,0,0,1,20
56,2024-12-13,5,6,4,1,0,0,1,2,0,0,3,52,0,0,0,4
56,2024-12-14,0,0,1,24,0,0,2,0,0,0,2,25,0,0,0,9
56,2024-12-15,0,0,13,148,0,0,0,2,0,0,0,16,0,0,0,2
56,2024-12-16,0,0,7,147,0,0,2,10,0,0,0,28,0,0,0,3
56,2024-12-17,0,0,9,72,0,0,6,3,0,0,0,32,0,0,0,12
56,2024-12-18,0,1,13,84,0,0,4,4,0,0,5,55,0,0,0,17
56,2024-12-19,2,4,37,164,0,0,8,16,0,0,6,67,0,0,0,8
56,2024-12-20,10,8,45,166,0,0,17,12,0,0,6,41,0,0,2,16
56,2024-12-21,9,4,14,113,0,0,6,9,0,0,0,11,0,0,0,4
56,2024-12-22,2,4,6,49,0,0,1,2,0,0,0,29,0,0,0,9
56,2024-12-23,0,2,30,89,0,0,10,15,0,0,3,41,0,0,0,15
56,2024-12-24,5,13,41,103,0,0,9,13,0,0,6,54,0,0,0,6
56,2024-12-25,8,18,45,163,0,1,28,19,0,0,13,58,0,0,1,31
56,2024-12-26,5,9,29,107,0,0,15,19,0,0,8,41,0,0,0,11
56,2024-12-27,1,2,16,85,0,0,5,3,0,0,10,39,0,0,0,8
56,2024-12-28,5,5,27,58,0,0,12,6,0,0,2,51,0,0,0,13
56,2024-12-29,3,7,45,126,0,0,9,10,0,0,6,93,0,0,1,11
56,2024-12-30,7,7,64,144,0,0,23,13,0,0,17,76,0,0,4,28
56,2024-12-31,5,6,25,127,0,0,9,6,0,0,3,36,0,0,4,19
56,2025-01-01,1,3,15,104,0,0,12,11,0,0,1,36,0,0,0,11
56,2025-01-02,2,2,12,103,0,0,9,16,0,0,9,45,0,0,1,21
56,2025-01-03,3,0,27,104,0,0,30,19,0,0,3,87,0,0,0,8
56,2025-01-04,4,7,34,201,0,0,26,33,0,0,3,89,0,0,0,2
56,2025-01-05,6,10,60,268,0,0,35,35,0,0,9,68,0,0,0,4
56,2025-01-06,7,13,32,174,0,0,18,31,0,0,3,47,0,0,0,2
56,2025-01-07,3,8,14,126,0,0,8,12,0,0,0,76,0,0,0,8
56,2025-01-08,8,20,30,95,0,0,23,15,0,0,8,79,0,0,0,8
56,2025-01-09,4,6,37,148,0,0,14,24,0,0,6,125,0,0,3,20
56,2025-01-10,10,12,67,249,0,0,32,38,0,0,20,160,0,0,0,13
56,2025-01-11,0,7,67,295,0,0,15,35,0,0,5,76,0,0,0,5
56,2025-01-12,5,17,22,183,0,0,14,37,0,0,7,46,0,0,0,6
56,2025-01-13,5,5,40,136,0,1,22,37,0,0,19,86,0,0,0,18
56,2025-01-14,4,11,62,108,0,1,19,65,0,0,14,121,0,0,2,23
56,2025-01-15,13,16,124,226,0,0,20,46,0,0,41,147,0,0,0,24
56,2025-01-16,6,22,70,269,0,0,25,44,0,0,17,96,0,0,3,20
56,2025-01-17,0,3,30,170,0,0,21,58,0,0,8,83,0,0,0,16
56,2025-01-18,2,8,42,163,0,0,29,30,0,0,17,111,0,0,4,23
56,2025-01-19,5,9,42,77,0,0,27,86,0,0,14,115,0,0,2,32
56,2025-01-20,10,15,50,60,0,0,31,26,0,0,20,113,0,0,1,24
56,2025-01-21,12,14,91,237,0,1,34,50,0,0,22,122,0,0,3,35
56,2025-01-22,2,6,34,189,0,2,22,68,0,0,15,108,0,0,0,19
56,2025-01-23,6,17,35,97,0,0,22,46,0,0,19,108,0,0,2,14
56,2025-01-24,4,9,68,202,0,0,55,66,0,0,37,133,0,0,4,48
56,2025-01-25,10,23,218,223,0,0,64,76,0,0,36,162,0,0,3,22
56,2025-01-26,22,50,288,328,0,4,48,64,0,0,23,155,0,0,0,12
56,2025-01-27,0,5,171,412,0,0,20,61,0,0,11,136,0,0,0,0
56,2025-01-28,4,6,157,222,0,0,18,35,0,0,13,85,0,0,0,0
56,2025-01-29,1,13,73,156,0,0,34,31,0,0,11,135,0,0,0,0
56,2025-01-30,6,43,89,222,0,0,12,97,0,0,18,328,0,0,0,2
56,2025-01-31,11,71,268,293,0,2,38,124,0,0,39,396,0,0,0,9
56,2025-02-01,14,43,316,462,0,2,79,230,0,0,58,205,0,0,2,13
56,2025-02-02,3,7,197,382,0,0,58,166,0,0,31,225,0,0,0,16
56,2025-02-03,0,8,162,248,0,0,58,65,0,0,45,273,0,0,1,10
56,2025-02-04,2,13,94,225,0,1,48,15,0,0,62,293,0,0,1,9
56,2025-02-05,6,14,120,181,0,0,49,56,0,0,48,246,0,0,1,12
56,2025-02-06,13,28,219,356,0,2,64,83,0,0,34,222,0,0,0,42
56,2025-02-07,9,11,71,341,0,0,55,74,0,0,53,287,0,0,2,33
56,2025-02-08,1,11,92,354,0,0,29,31,0,0,8,238,0,0,0,23
56,2025-02-09,6,7,129,330,0,0,73,28,0,0,20,276,0,0,0,2
56,2025-02-10,17,22,193,289,0,1,74,86,0,0,58,601,0,0,3,24
56,2025-02-11,37,109,394,517,0,1,78,138,0,0,58,546,0,0,1,26
56,2025-02-12,25,56,272,571,0,3,91,267,0,0,60,364,0,0,0,18
56,2025-02-13,10,21,220,370,0,1,68,137,0,0,137,485,0,0,0,19
56,2025-02-14,21,39,268,263,0,1,93,216,0,0,82,525,0,0,0,34
56,2025-02-15,41,101,531,404,0,2,142,330,0,0,116,542,0,0,0,27
56,2025-02-16,106,159,1026,667,0,0,170,211,0,0,153,726,0,0,1,47
56,2025-02-17,73,105,687,516,0,6,133,160,0,0,134,586,0,0,0,56
56,2025-02-18,9,4,91,184,0,0,33,56,0,0,145,650,0,0,1,25
56,2025-02-19,1,0,23,132,0,0,27,35,0,0,172,865,0,0,1,57
56,2025-02-20,5,1,34,178,0,2,56,82,0,0,206,678,0,0,0,38
56,2025-02-21,4,6,76,77,0,0,27,36,0,0,334,639,0,0,0,43
56,2025-02-22,18,18,125,346,0,0,60,67,0,0,228,507,0,0,1,73
56,2025-02-23,1,2,13,243,0,0,36,71,0,0,142,347,0,0,0,16
56,2025-02-24,0,0,0,2,0,0,1,0,0,0,61,228,0,0,0,3
56,2025-02-25,0,0,4,3,0,0,0,0,0,0,25,300,0,0,0,8
56,2025-02-26,0,5,64,99,0,2,5,4,0,0,29,796,0,0,0,9
56,2025-02-27,1,11,127,262,0,4,42,38,0,0,105,932,0,0,1,54
56,2025-02-28,5,21,123,317,0,5,89,62,0,0,83,730,0,0,5,84
56,2025-03-01,6,23,133,218,0,6,63,112,0,0,189,1169,0,0,0,14
56,2025-03-02,8,35,195,192,0,3,156,228,0,0,251,1122,0,0,0,20
56,2025-03-03,30,128,402,172,0,25,136,268,0,0,401,1243,0,0,0,9
56,2025-03-04,172,270,1012,374,0,33,285,525,0,0,701,1539,0,0,1,14
56,2025-03-05,161,294,1216,564,0,44,525,655,0,0,544,1111,0,0,0,21
56,2025-03-06,89,190,708,247,0,21,260,222,0,0,576,1034,0,0,0,23
56,2025-03-07,4,23,216,28,0,0,16,2,0,0,1035,1684,0,0,4,13
56,2025-03-08,5,2,106,16,0,4,59,4,0,0,670,2726,0,0,1,1
56,2025-03-09,25,33,225,185,0,1,68,34,0,0,804,2685,0,0,1,6
56,2025-03-10,55,67,487,380,0,6,204,157,0,0,625,1637,0,0,1,8
56,2025-03-11,36,61,215,263,0,12,249,360,0,0,636,1539,0,0,0,10
56,2025-03-12,45,27,119,80,0,2,165,154,0,0,794,2730,0,0,1,7
56,2025-03-13,27,73,200,51,0,11,183,109,0,0,978,1843,0,0,2,10
56,2025-03-14,98,105,540,117,0,22,303,320,0,0,1688,3456,0,0,9,12
56,2025-03-15,103,190,917,230,0,26,485,588,0,0,2294,3114,0,0,2,27
56,2025-03-16,65,91,551,226,0,24,312,228,0,0,1181,1778,0,0,12,18
56,2025-03-17,3,40,242,101,0,10,66,11,0,0,1208,1602,0,0,0,10
56,2025-03-18,3,7,275,137,0,5,12,2,0,0,1179,1505,0,0,0,2
56,2025-03-19,0,0,258,209,0,0,1,21,0,0,1272,1510,0,0,0,0
56,2025-03-20,12,57,849,321,0,0,73,150,0,0,1530,1620,0,0,0,2
56,2025-03-21,8,44,850,258,0,0,200,575,0,0,521,614,0,0,0,1
56,2025-03-22,6,35,529,353,0,0,310,674,0,0,232,654,0,0,0,3
56,2025-03-23,7,33,391,278,0,2,698,707,0,0,420,761,0,0,1,0
56,2025-03-24,10,80,721,273,0,5,823,1203,0,0,770,1011,0,0,0,8
56,2025-03-25,53,303,1671,371,0,17,1082,1240,0,0,1409,1692,0,0,0,12
56,2025-03-26,147,545,2298,369,0,44,1555,1496,0,0,1290,1256,0,0,0,23
56,2025-03-27,118,351,1526,481,0,62,2234,1806,0,0,1041,1170,0,0,1,22
56,2025-03-28,42,251,956,504,0,61,1573,1340,0,0,861,1536,0,0,1,14
56,2025-03-29,102,260,1048,294,0,96,1896,695,0,0,1683,1679,0,0,3,18
56,2025-03-30,80,320,1101,135,0,36,872,189,0,0,2387,2460,0,0,0,13
56,2025-03-31,46,181,965,98,0,43,833,77,0,0,2355,2244,0,0,2,20
56,2025-04-01,22,68,608,171,0,15,167,74,0,0,1577,1519,0,0,0,9
56,2025-04-02,4,35,248,154,0,14,324,168,0,0,991,1767,0,0,0,12
56,2025-04-03,5,41,295,85,0,43,836,390,0,0,846,1793,0,0,2,22
56,2025-04-04,16,68,476,149,0,16,1248,1242,0,0,1090,2292,0,0,0,10
56,2025-04-05,24,84,223,165,0,23,667,496,0,0,660,796,0,0,0,8
56,2025-04-06,4,13,35,108,0,0,1,6,0,0,56,110,0,0,0,3
56,2025-04-07,1,0,36,68,0,0,14,7,0,0,32,122,0,0,0,0
56,2025-04-08,2,21,81,54,0,2,229,46,0,0,138,190,0,0,0,1
56,2025-04-09,0,19,134,84,0,3,244,79,0,0,177,213,0,0,0,2
56,2025-04-10,15,78,362,34,0,7,1689,706,0,0,354,350,0,0,1,4
56,2025-04-11,5,40,83,26,0,1,1807,2510,0,0,288,254,0,0,0,8
56,2025-04-12,1,11,25,2,0,2,183,23,0,0,65,15,0,0,0,2
56,2025-04-13,0,1,6,11,0,0,0,7,0,0,16,64,0,0,0,0
56,2025-04-14,0,0,0,5,0,0,4,0,0,0,1,26,0,0,0,0
56,2025-04-15,0,0,13,78,0,0,11,9,0,0,0,68,0,0,0,4
56,2025-04-16,0,0,20,56,0,0,53,47,0,0,7,66,0,0,0,13
56,2025-04-17,0,1,21,52,0,0,178,90,0,0,16,47,0,0,0,8
56,2025-04-18,0,0,24,36,0,0,351,192,0,0,47,150,0,0,1,10
56,2025-04-19,0,1,89,77,0,1,694,237,0,0,105,342,0,0,0,15
56,2025-04-20,3,6,92,102,0,0,684,277,0,0,133,380,0,0,1,5
56,2025-04-21,4,29,167,146,0,5,1068,337,0,0,218,134,0,0,0,16
56,2025-04-22,1,17,170,67,0,9,65,136,0,0,112,289,0,0,0,7
56,2025-04-23,5,27,180,164,0,0,286,293,0,0,166,546,0,0,1,13
56,2025-04-24,1,27,172,66,0,15,1126,918,0,0,198,601,0,0,0,18
56,2025-04-25,3,70,215,140,0,6,2032,1094,0,0,249,494,0,0,2,29
56,2025-04-26,3,93,271,163,0,5,1882,1722,0,0,290,337,0,0,1,60
56,2025-04-27,0,9,58,48,0,0,211,836,0,0,95,182,0,0,0,54
56,2025-04-28,0,6,26,31,0,4,275,168,0,0,70,114,0,0,0,36
56,2025-04-29,0,0,0,0,0,0,1,10,0,0,0,15,0,0,0,1
56,2025-04-30,0,1,9,33,0,0,15,17,0,0,0,7,0,0,0,0
56,2025-05-01,0,0,37,96,0,0,2,40,0,0,0,19,0,0,0,0
56,2025-05-02,2,2,23,56,0,1,90,93,0,0,3,5,0,0,0,0
56,2025-05-03,0,0,30,17,0,0,15,28,0,0,2,8,0,0,0,0
56,2025-05-04,1,16,18,14,0,1,35,80,0,0,1,24,0,0,0,5
56,2025-05-05,7,39,111,36,0,0,122,404,0,0,20,97,0,0,0,20
56,2025-05-06,8,39,157,58,0,0,290,836,0,0,53,183,0,0,0,69
56,2025-05-07,8,73,113,64,0,2,440,1391,0,0,67,107,0,0,1,141
56,2025-05-08,0,7,19,11,0,0,9,64,0,0,6,20,0,0,0,27
56,2025-05-09,3,9,43,31,0,2,113,439,0,0,28,49,0,0,3,58
56,2025-05-10,0,4,20,1,0,1,46,81,0,0,12,39,0,0,0,92
56,2025-05-11,0,3,9,21,0,0,3,0,0,0,4,55,0,0,0,46
56,2025-05-12,2,12,27,17,0,0,4,12,0,0,3,16,0,0,0,19
56,2025-05-13,0,0,2,1,0,0,5,47,0,0,0,20,0,0,0,0
56,2025-05-14,0,2,0,2,0,0,20,15,0,0,0,4,0,0,0,5
56,2025-05-15,0,0,0,0,0,0,0,0,0,0,0,0,0,0,0,20
56,2025-05-16,0,0,0,2,0,0,1,0,0,0,0,4,0,0,0,22
56,2025-05-17,0,0,16,14,0,0,3,0,0,0,0,4,0,0,0,4
56,2025-05-18,0,0,3,8,0,0,5,3,0,0,0,4,0,0,0,4
56,2025-05-19,0,0,1,3,0,0,0,3,0,0,0,0,0,0,0,7
56,2025-05-20,0,0,14,1,0,0,2,6,0,0,1,4,0,0,0,22
56,2025-05-21,0,1,1,0,0,0,0,20,0,0,0,6,0,0,0,7
56,2025-05-22,0,10,22,4,0,0,5,14,0,0,1,15,0,0,0,46
56,2025-05-23,3,5,6,10,0,0,3,2,0,0,2,2,0,0,0,29
56,2025-05-24,0,0,0,0,0,0,0,0,0,0,0,0,0,0,0,0
56,2025-05-25,0,0,0,1,0,0,0,0,0,0,0,2,0,0,0,0
56,2025-05-26,0,0,0,0,0,0,0,0,0,0,0,0,0,0,0,0
56,2025-05-27,0,0,0,0,0,0,0,0,0,0,0,0,0,0,0,0
56,2025-05-28,0,0,0,2,0,1,0,0,0,0,0,0,0,0,0,0
56,2025-05-29,0,0,0,0,0,0,0,10,0,0,0,0,0,0,0,0
56,2025-05-30,0,0,0,3,0,0,2,0,0,0,0,0,0,0,0,0
56,2025-05-31,0,0,0,0,0,0,0,1,0,0,0,0,0,0,0,0
56,2025-06-01,0,0,0,1,0,0,0,6,0,0,0,0,0,0,0,0
56,2025-06-02,0,0,3,4,0,0,5,57,0,0,2,0,0,0,0,0
56,2025-06-03,0,0,0,0,0,0,2,57,0,0,0,0,0,0,0,0
56,2025-06-04,0,1,3,6,0,0,0,11,0,0,1,5,0,0,0,4
56,2025-06-05,0,0,8,0,0,0,2,1,0,0,0,5,0,0,0,8
56,2025-06-06,0,0,4,3,0,0,6,5,0,0,1,7,0,0,0,40
56,2025-06-07,0,2,16,11,0,0,14,15,0,0,0,25,0,0,0,70
56,2025-06-08,0,4,11,5,0,0,13,1,0,0,0,3,0,0,0,62
56,2025-06-09,0,2,3,2,0,0,0,0,0,0,0,1,0,0,0,3
56,2025-06-10,0,0,0,0,0,0,0,0,0,0,0,0,0,0,0,0
56,2025-06-11,0,0,0,0,0,0,0,0,0,0,0,0,0,0,0,0
56,2025-06-12,0,0,0,0,0,0,0,0,0,0,0,2,0,0,0,14
56,2025-06-13,0,0,1,0,0,0,2,0,0,0,0,1,0,0,0,40
56,2025-06-14,0,0,0,0,0,0,0,3,0,0,2,0,0,0,0,12
56,2025-06-15,0,1,0,0,0,0,2,3,0,0,0,0,0,0,0,7
56,2025-06-16,0,0,0,0,0,0,0,0,0,0,0,0,0,0,0,0
56,2025-06-17,0,0,0,0,0,0,4,1,0,0,0,1,0,0,0,0
56,2025-06-18,0,0,5,12,0,0,1,0,0,0,0,0,0,0,0,0
56,2025-06-19,0,0,0,1,0,0,0,0,0,0,0,0,0,0,0,0
56,2025-06-20,0,2,0,0,0,0,0,0,0,0,2,0,0,0,0,1
56,2025-06-21,0,0,0,0,0,0,0,0,0,0,0,1,0,0,0,0
56,2025-06-22,0,0,0,0,0,0,0,0,0,0,0,0,0,0,0,0
56,2025-06-23,0,0,0,1,0,0,0,0,0,0,0,0,0,0,0,0
56,2025-06-24,0,0,0,7,0,0,0,0,0,0,0,0,0,0,0,0
56,2025-06-25,0,1,0,5,0,0,0,0,0,0,0,0,0,0,0,0
56,2025-06-26,0,2,2,0,0,0,0,0,0,0,0,0,0,0,0,0
56,2025-06-27,0,0,0,0,0,0,0,0,0,0,0,1,0,0,0,1
56,2025-06-28,0,0,0,0,0,0,0,0,0,0,0,0,0,0,0,0
56,2025-06-29,0,0,0,1,0,0,0,0,0,0,0,0,0,0,0,0
56,2025-06-30,0,0,0,0,0,0,0,0,0,0,0,0,0,0,0,0
56,2025-07-01,0,0,2,0,0,0,0,0,0,0,0,0,0,0,0,0
56,2025-07-02,0,0,0,0,0,0,0,0,0,0,0,0,0,0,0,0
56,2025-07-03,0,0,0,0,0,0,1,0,0,0,0,0,0,0,0,0
56,2025-07-04,0,0,0,2,0,0,0,0,0,0,0,0,0,0,0,0
56,2025-07-05,0,0,1,1,0,0,0,0,0,0,0,0,0,0,0,0
56,2025-07-06,0,0,0,0,0,0,0,0,0,0,0,0,0,0,0,0
56,2025-07-07,0,0,0,0,0,0,0,0,0,0,0,0,0,0,0,0
56,2025-07-08,0,0,0,1,0,0,0,0,0,0,0,0,0,0,0,0
56,2025-07-09,0,0,0,0,0,0,0,0,0,0,0,0,0,0,0,0
56,2025-07-10,0,0,0,0,0,0,0,0,0,0,0,0,0,0,0,2
56,2025-07-11,0,0,0,0,0,0,0,0,0,0,0,0,0,0,0,0
56,2025-07-12,0,0,1,3,0,0,0,0,0,0,0,0,0,0,0,1
56,2025-07-13,0,0,0,0,0,0,0,0,0,0,0,1,0,0,0,3
56,2025-07-14,0,0,3,4,0,0,0,0,0,0,0,0,0,0,0,0
56,2025-07-15,0,0,23,6,0,0,0,0,0,0,0,0,0,0,0,3
56,2025-07-16,0,0,0,1,0,0,0,0,0,0,0,0,0,0,0,0
56,2025-07-17,0,0,0,0,0,0,0,0,0,0,0,0,0,0,0,0
56,2025-07-18,0,0,0,1,0,0,1,0,0,0,0,0,0,0,0,0
56,2025-07-19,0,0,0,0,0,0,0,0,0,0,0,1,0,0,0,0
56,2025-07-20,0,0,4,4,0,0,0,0,0,0,0,0,0,0,0,4
56,2025-07-21,0,0,0,0,0,0,0,0,0,0,0,0,0,0,0,0
56,2025-07-22,0,0,0,0,0,0,0,0,0,0,0,0,0,0,0,0
56,2025-07-23,0,0,0,0,0,0,0,0,0,0,0,0,0,0,0,0
56,2025-07-24,0,0,0,0,0,0,0,0,0,0,0,0,0,0,0,0
56,2025-07-25,0,0,0,1,0,0,0,0,0,0,0,0,0,0,0,0
56,2025-07-26,0,0,0,0,0,0,0,0,0,0,0,0,0,0,0,0
56,2025-07-27,0,0,0,0,0,0,0,0,0,0,0,0,0,0,0,0
56,2025-07-28,0,0,0,0,0,0,0,0,0,0,0,0,0,0,0,0
56,2025-07-29,0,0,0,0,0,0,0,0,0,0,0,0,0,0,0,1
56,2025-07-30,0,0,0,7,0,0,0,0,0,0,0,1,0,0,0,10
56,2025-07-31,1,0,15,6,0,0,0,0,0,0,1,2,0,0,0,0
56,2025-08-01,0,0,0,0,0,0,0,0,0,0,0,1,0,0,0,1
56,2025-08-02,0,0,1,13,0,0,0,0,0,0,0,0,0,0,0,2
56,2025-08-03,0,0,0,5,0,0,0,0,0,0,0,1,0,0,0,0
56,2025-08-04,0,0,10,26,0,0,0,0,0,0,0,0,0,0,0,0
56,2025-08-05,0,0,17,91,0,0,2,0,0,0,0,0,0,0,0,0
56,2025-08-06,0,0,1,0,0,0,0,0,0,0,0,0,0,0,0,0
56,2025-08-07,0,0,7,2,0,0,0,0,0,0,0,0,0,0,0,0
56,2025-08-08,0,0,2,12,0,0,0,0,0,0,0,1,0,0,0,0
56,2025-08-09,0,0,15,65,0,0,0,0,0,0,0,0,0,0,0,0
56,2025-08-10,0,0,41,115,0,0,1,0,0,0,1,1,0,0,0,0
56,2025-08-11,0,1,9,22,0,0,0,1,0,0,0,1,0,0,0,0
56,2025-08-12,0,0,9,11,0,0,0,0,0,0,0,1,0,0,0,0
56,2025-08-13,0,0,0,0,0,0,0,0,0,0,0,0,0,0,0,1
56,2025-08-14,0,0,1,18,0,0,0,0,0,0,0,0,0,0,0,0
56,2025-08-15,0,0,0,0,0,0,0,0,0,0,0,2,0,0,0,1
56,2025-08-16,0,0,1,0,0,0,0,0,0,0,0,0,0,0,0,0
56,2025-08-17,0,0,0,0,0,0,0,0,0,0,0,1,0,0,0,0
56,2025-08-18,0,0,0,1,0,0,1,0,0,0,0,0,0,0,0,5
56,2025-08-19,0,0,1,0,0,0,1,0,0,0,0,1,0,0,0,1
56,2025-08-20,0,2,8,12,0,0,0,0,0,0,0,0,0,0,0,0
56,2025-08-21,1,0,19,5,0,0,0,0,0,0,0,4,0,0,0,0
56,2025-08-22,0,0,0,0,0,0,0,0,0,0,0,0,0,0,0,0
56,2025-08-23,0,0,0,0,0,0,0,0,0,0,0,0,0,0,0,0
56,2025-08-24,0,0,0,0,0,0,0,0,0,0,0,0,0,0,0,1
56,2025-08-25,0,0,1,2,0,0,0,0,0,0,0,1,0,0,0,1
56,2025-08-26,0,1,0,0,0,0,0,0,0,0,0,1,0,0,0,0
56,2025-08-27,0,0,0,1,0,0,0,0,0,0,0,1,0,0,0,1
56,2025-08-28,0,0,0,0,0,0,0,0,0,0,0,0,0,0,0,1
56,2025-08-29,0,0,1,15,0,0,0,0,0,0,0,0,0,0,0,1
56,2025-08-30,0,0,0,0,0,0,0,0,0,0,0,0,0,0,0,0
56,2025-08-31,0,0,0,4,0,0,0,0,0,0,0,1,0,0,0,1
56,2025-09-01,0,0,0,36,0,0,0,0,0,0,0,3,0,0,0,4
56,2025-09-02,0,0,0,0,0,0,0,0,0,0,0,0,0,0,0,2
56,2025-09-03,0,0,1,1,0,0,0,1,0,0,0,0,0,0,0,5
56,2025-09-04,0,0,2,0,0,0,0,0,0,0,0,0,0,0,1,7
56,2025-09-05,0,0,0,0,0,0,1,0,0,0,0,0,0,0,0,1
56,2025-09-06,0,0,1,1,0,0,0,0,0,0,0,3,0,0,0,1
56,2025-09-07,0,0,2,0,0,0,0,0,0,0,1,5,0,0,0,2
56,2025-09-08,0,0,1,3,0,0,0,0,0,0,1,3,0,0,0,1
56,2025-09-09,0,0,0,0,0,0,0,0,0,0,0,0,0,0,0,0
56,2025-09-10,0,2,0,0,0,0,0,0,0,0,0,0,0,0,0,0
56,2025-09-11,0,0,0,8,0,0,0,0,0,0,0,0,0,0,0,1
56,2025-09-12,0,0,0,28,0,0,0,0,0,0,0,0,0,0,0,0
56,2025-09-13,0,0,3,9,0,0,0,0,0,0,0,0,0,0,0,0
56,2025-09-14,0,0,1,0,0,0,0,0,0,0,0,0,0,0,0,0
56,2025-09-15,0,0,0,0,0,0,0,0,0,0,0,0,0,0,0,0
56,2025-09-16,0,0,0,1,0,0,0,0,0,0,0,0,0,0,0,1
56,2025-09-17,0,0,3,7,0,0,2,0,0,0,1,6,0,0,0,1
56,2025-09-18,0,0,0,0,0,0,0,0,0,0,0,3,0,0,0,0
56,2025-09-19,0,0,0,1,0,0,0,0,0,0,0,2,0,0,0,0
56,2025-09-20,0,0,0,0,0,0,1,3,0,0,0,1,0,0,0,0
56,2025-09-21,0,0,1,0,0,0,0,1,0,0,0,4,0,0,0,2
56,2025-09-22,0,0,0,1,0,0,1,0,0,0,1,4,0,0,1,10
56,2025-09-23,0,0,0,1,0,0,0,2,0,0,1,1,0,0,0,0
56,2025-09-24,0,0,0,1,0,0,0,0,0,0,0,0,0,0,0,0
56,2025-09-25,0,0,0,1,0,0,0,7,0,0,1,6,0,0,0,0
56,2025-09-26,0,0,0,0,0,0,0,0,0,0,0,1,0,0,0,0
56,2025-09-27,0,0,0,0,0,0,0,0,0,0,0,0,0,0,0,2
56,2025-09-28,0,0,2,0,0,0,0,2,0,0,1,7,0,0,0,3
56,2025-09-29,0,0,0,0,0,0,0,0,0,0,0,4,0,0,0,1
56,2025-09-30,0,0,0,0,0,0,0,0,0,0,0,0,0,0,0,0
56,2025-10-01,0,0,0,0,0,0,0,0,0,0,0,0,0,0,0,0
56,2025-10-02,0,0,0,6,0,0,0,0,0,0,1,1,0,0,0,0
56,2025-10-03,0,0,1,2,0,0,0,1,0,0,0,6,0,0,0,1
56,2025-10-04,0,0,0,2,0,0,0,0,0,0,1,0,0,0,0,2
56,2025-10-05,0,0,1,5,0,0,0,0,0,0,0,6,0,0,0,3
56,2025-10-06,0,0,0,0,0,0,2,0,0,0,0,2,0,0,0,7
56,2025-10-07,0,0,0,2,0,0,0,0,0,0,1,1,0,0,0,0
56,2025-10-08,0,0,0,12,0,0,1,0,0,0,0,2,0,0,0,1
56,2025-10-09,2,1,2,0,0,0,0,1,0,0,1,1,0,0,0,0
56,2025-10-10,0,2,0,3,0,0,2,6,0,0,0,3,0,0,0,0
56,2025-10-11,0,1,0,4,0,0,0,1,0,0,1,2,0,0,2,4
56,2025-10-12,0,0,0,0,0,0,0,2,0,0,1,2,0,0,0,5
56,2025-10-13,0,1,5,2,0,0,2,2,0,0,3,1,0,0,0,4
56,2025-10-14,0,1,2,0,0,0,0,1,0,0,5,8,0,0,0,2
56,2025-10-15,0,0,0,0,0,0,0,0,0,0,0,1,0,0,0,0
56,2025-10-16,0,0,0,1,0,0,0,0,0,0,0,0,0,0,0,0
56,2025-10-17,0,0,0,0,0,0,0,0,0,0,0,0,0,0,0,0
56,2025-10-18,0,2,1,3,0,0,2,0,0,0,0,2,0,0,0,2
56,2025-10-19,0,1,4,5,0,0,0,1,0,0,2,7,0,0,0,2
56,2025-10-20,1,0,8,7,0,0,3,4,0,0,2,6,0,0,2,2
56,2025-10-21,1,0,1,2,0,0,2,2,0,0,0,2,0,0,0,4
56,2025-10-22,0,0,2,1,0,0,0,1,0,0,0,7,0,0,0,2
56,2025-10-23,1,0,5,0,0,0,0,0,0,0,0,22,0,0,0,5
56,2025-10-24,0,0,4,1,0,0,0,0,0,0,0,35,0,0,0,2
56,2025-10-25,0,2,8,3,0,0,1,0,0,0,1,13,0,0,0,8
56,2025-10-26,1,3,5,6,0,0,2,2,0,0,1,11,0,0,0,3
56,2025-10-27,1,0,3,0,0,0,1,6,0,0,4,10,0,0,1,2
56,2025-10-28,0,0,5,5,0,0,2,0,0,0,0,21,0,0,0,4
56,2025-10-29,0,7,23,9,0,0,3,0,0,0,5,37,0,0,0,6
56,2025-10-30,1,4,14,0,0,0,5,0,0,0,7,51,0,0,1,9
56,2025-10-31,0,0,5,0,0,0,0,1,0,0,4,9,0,0,0,4
56,2025-11-01,0,0,0,0,0,0,0,0,0,0,0,0,0,0,0,0
56,2025-11-02,0,0,0,2,0,0,0,0,0,0,0,1,0,0,0,0
56,2025-11-03,0,0,0,0,0,0,0,0,0,0,0,0,0,0,0,0
56,2025-11-04,0,0,0,0,0,0,0,0,0,0,0,0,0,0,0,0
56,2025-11-05,0,0,0,0,0,0,0,0,0,0,0,2,0,0,0,0
56,2025-11-06,0,0,0,0,0,0,0,1,0,0,0,0,0,0,0,0
56,2025-11-07,0,0,0,0,0,0,0,0,0,0,0,2,0,0,0,3
56,2025-11-08,0,0,0,0,0,0,0,0,0,0,0,0,0,0,0,0
56,2025-11-09,0,0,0,0,0,0,0,5,0,0,0,6,0,0,0,0
56,2025-11-10,0,0,0,3,0,0,0,1,0,0,0,8,0,0,0,1
56,2025-11-11,0,0,0,1,0,0,0,0,0,0,0,1,0,0,0,1
56,2025-11-12,0,0,0,0,0,0,0,0,0,0,0,1,0,0,0,0
56,2025-11-13,0,2,2,0,0,0,0,1,0,0,3,15,0,0,0,5
56,2025-11-14,0,5,5,2,0,0,0,2,0,0,2,30,0,0,0,4
56,2025-11-15,1,5,18,13,0,0,2,7,0,0,10,29,0,0,0,8
56,2025-11-16,5,8,19,13,0,0,2,2,0,0,0,18,0,0,5,17
56,2025-11-17,0,0,0,0,0,0,0,0,0,0,0,6,0,0,0,0
56,2025-11-18,0,0,0,0,0,0,0,0,0,0,0,3,0,0,0,0
56,2025-11-19,0,0,0,1,0,0,0,0,0,0,0,13,0,0,0,0
56,2025-11-20,0,0,5,5,0,0,0,2,0,0,0,70,0,0,0,3
56,2025-11-21,0,0,6,9,0,0,7,8,0,0,0,41,0,0,0,1
56,2025-11-22,1,0,10,14,0,0,4,6,0,0,1,34,0,0,0,4
56,2025-11-23,0,0,8,16,0,0,2,9,0,0,2,52,0,0,0,4
56,2025-11-24,2,7,23,9,0,0,2,6,0,0,1,75,0,0,0,1
56,2025-11-25,3,4,22,4,0,2,5,8,0,0,2,148,0,0,0,11
56,2025-11-26,4,14,47,35,0,0,11,9,0,0,7,79,0,0,0,19
56,2025-11-27,11,6,51,36,0,3,12,49,0,0,2,69,0,0,1,10
56,2025-11-28,2,8,26,20,0,0,7,11,0,0,0,46,0,0,1,6
56,2025-11-29,7,16,72,41,0,0,8,7,0,0,17,97,0,0,0,21
56,2025-11-30,11,25,66,63,0,0,19,10,0,0,10,130,0,0,0,13
56,2025-12-01,1,0,3,3,0,0,1,0,0,0,5,37,0,0,0,10
56,2025-12-02,6,13,51,71,0,0,11,13,0,0,1,60,0,0,5,14
56,2025-12-03,4,4,29,42,0,0,8,8,0,0,3,53,0,0,0,1
56,2025-12-04,2,10,34,8,0,0,7,6,0,0,5,53,0,0,0,6
56,2025-12-05,2,6,33,7,0,0,4,5,0,0,2,102,0,0,0,11
56,2025-12-06,16,18,60,49,0,0,12,5,0,0,5,132,0,0,0,17
56,2025-12-07,7,17,73,95,0,0,11,9,0,0,7,66,0,0,0,20
56,2025-12-08,1,8,32,35,0,0,8,7,0,0,4,50,0,0,0,10
56,2025-12-09,0,3,23,20,0,0,4,11,0,0,2,45,0,0,0,15
56,2025-12-10,8,16,55,43,0,0,6,18,0,0,6,85,0,0,0,17
56,2025-12-11,0,0,6,6,0,0,0,1,0,0,1,116,0,0,0,20
56,2025-12-12,0,1,1,6,0,0,0,1,0,0,10,82,0,0,1,17
56,2025-12-13,0,0,4,17,0,0,3,0,0,0,5,60,0,0,0,10
56,2025-12-14,0,1,0,11,0,0,1,2,0,0,2,35,0,0,0,11
56,2025-12-15,2,0,13,42,0,0,3,3,0,0,5,65,0,0,0,14
56,2025-12-16,6,7,27,64,0,0,8,3,0,0,9,133,0,0,5,8
56,2025-12-17,8,8,44,102,0,0,7,15,0,0,11,129,0,0,0,11
56,2025-12-18,1,6,20,105,0,0,1,9,0,0,10,50,0,0,3,8
56,2025-12-19,0,0,14,89,0,0,0,7,0,0,4,64,0,0,0,5
56,2025-12-20,2,5,21,60,0,0,2,12,0,0,1,76,0,0,0,5
56,2025-12-21,5,4,25,46,0,0,8,9,0,0,7,58,0,0,0,10
56,2025-12-22,4,13,44,94,0,0,7,19,0,0,17,119,0,0,0,13
56,2025-12-23,1,9,31,94,0,0,17,8,0,0,12,64,0,0,1,11
56,2025-12-24,1,9,14,79,0,1,8,5,0,0,5,79,0,0,0,14
56,2025-12-25,0,4,17,51,0,0,2,10,0,0,4,42,0,0,0,1
56,2025-12-26,2,7,47,99,0,0,6,20,0,0,12,90,0,0,0,21
56,2025-12-27,7,18,68,89,0,1,15,11,0,0,27,151,0,0,0,34
56,2025-12-28,6,33,94,151,0,0,26,9,0,0,13,113,0,0,1,29
56,2025-12-29,2,42,47,109,0,0,5,19,0,0,13,57,0,0,0,35
56,2025-12-30,0,9,18,35,0,0,0,3,0,0,4,54,0,0,0,5
56,2025-12-31,6,36,67,38,0,0,3,14,0,0,4,109,0,0,0,17
57,2021-04-27,0,0,2,0,0,0,6,1,0,1,60,82,0,0,3,42
57,2021-04-28,0,0,0,4,0,0,17,30,0,1,30,36,0,0,2,16
57,2021-04-29,0,0,0,0,11,0,2,0,1,0,3,68,0,0,0,9
57,2021-04-30,0,1,0,1,0,0,6,0,1,3,37,64,0,0,2,8
57,2021-05-01,11,0,17,5,15,6,71,3,2,2,7,20,0,0,1,30
57,2021-05-02,0,1,19,15,1,1,11,7,0,4,18,71,0,0,3,23
57,2021-05-03,33,4,77,9,19,5,40,22,4,1,55,67,0,0,10,24
57,2021-05-04,79,15,148,8,57,42,136,88,4,5,42,158,0,0,15,17
57,2021-05-05,53,23,131,16,0,4,272,64,0,2,55,174,0,0,5,11
57,2021-05-06,0,11,13,0,0,5,11,5,0,0,15,74,0,0,4,17
57,2021-05-07,14,4,17,14,2,2,74,51,1,1,20,112,0,0,7,19
57,2021-05-08,12,0,18,8,6,11,42,11,0,0,15,38,0,0,3,22
57,2021-05-09,13,0,3,5,22,4,39,309,0,0,15,61,0,0,17,40
57,2021-05-10,3,3,29,12,10,3,108,228,0,3,2,96,0,0,3,11
57,2021-05-11,16,6,82,28,24,4,92,158,1,0,9,118,0,0,1,17
57,2021-05-12,8,18,85,56,0,2,124,172,0,0,12,25,0,0,7,8
57,2021-05-13,3,4,36,21,0,0,11,72,0,0,7,54,0,0,4,15
57,2021-05-14,5,1,37,11,0,0,24,13,0,0,10,26,0,0,5,8
57,2021-05-15,4,2,36,4,0,1,37,33,0,0,6,30,0,0,16,18
57,2021-05-16,27,7,40,17,4,2,120,37,0,0,35,81,0,0,12,59
57,2021-05-17,58,20,44,26,5,9,153,35,6,5,46,61,0,0,19,83
57,2021-05-18,0,1,2,3,0,9,33,50,0,1,10,71,0,0,5,37
57,2021-05-19,2,3,6,0,1,0,10,24,0,0,3,2,0,0,1,23
57,2021-05-20,6,1,4,3,0,0,17,30,0,0,7,47,0,0,3,31
57,2021-05-21,0,1,5,5,3,4,20,9,0,0,6,25,0,0,7,25
57,2021-05-22,0,2,78,32,2,0,33,78,0,0,26,29,0,0,27,41
57,2021-05-23,1,1,14,20,0,1,43,112,0,0,4,21,0,0,10,94
57,2021-05-24,1,6,17,5,0,0,3,1,0,0,0,3,0,0,0,4
57,2021-05-25,0,0,7,2,0,0,0,0,0,0,0,1,0,0,0,6
57,2021-05-26,0,0,3,0,0,0,0,0,0,0,0,3,0,0,0,2
57,2021-05-27,4,0,21,2,1,1,6,4,1,0,7,21,0,0,1,3
57,2021-05-28,0,0,0,4,0,0,2,7,0,0,0,4,0,0,0,21
57,2021-05-29,0,0,3,2,1,0,0,6,0,0,1,16,0,0,2,22
57,2021-05-30,1,0,0,3,0,0,6,2,1,0,0,1,0,0,0,21
57,2021-05-31,2,0,1,3,0,0,1,6,0,0,0,2,0,0,2,4
57,2021-06-01,4,2,2,8,0,1,10,3,0,0,2,10,0,0,0,4
57,2021-06-02,8,3,41,17,0,0,26,11,2,0,0,0,0,0,0,4
57,2021-06-03,0,0,4,4,0,0,7,24,0,0,0,6,0,0,2,3
57,2021-06-04,0,0,5,1,0,0,0,0,0,0,1,2,0,0,7,15
57,2021-06-05,0,0,0,0,0,0,2,0,0,0,0,0,0,0,8,37
57,2021-06-06,3,0,3,1,0,0,3,0,1,0,1,3,0,0,5,52
57,2021-06-07,0,0,1,1,0,1,3,0,0,0,2,2,0,0,8,20
57,2021-06-08,0,0,0,0,0,0,0,0,0,0,0,1,0,0,0,0
57,2021-06-09,0,0,0,0,0,0,0,0,0,0,0,0,0,0,0,0
57,2021-06-10,0,0,0,0,0,0,0,0,0,0,0,0,0,0,0,0
57,2021-06-11,0,1,0,0,0,0,0,0,0,0,0,0,0,0,0,1
57,2021-06-12,0,0,0,0,0,0,0,0,0,0,0,2,0,0,0,1
57,2021-06-13,0,0,0,0,0,0,0,0,0,0,1,3,0,0,0,3
57,2021-06-14,0,0,0,0,0,0,0,0,0,0,0,0,0,0,0,1
57,2021-06-15,0,0,0,0,0,0,0,0,0,0,0,0,0,0,0,0
57,2021-06-16,0,0,0,2,0,0,0,0,0,0,0,0,0,0,0,2
57,2021-06-17,0,0,0,2,0,0,1,0,0,0,1,1,0,0,1,12
57,2021-06-18,0,2,9,24,0,1,7,3,0,0,0,2,0,0,0,14
57,2021-06-19,0,0,0,4,0,0,0,9,0,0,1,0,0,0,4,15
57,2021-06-20,0,0,7,10,0,0,8,6,0,0,0,0,0,0,0,7
57,2021-06-21,0,0,1,4,0,0,8,2,0,0,0,0,0,0,1,1
57,2021-06-22,1,0,0,3,0,0,1,1,0,0,1,2,0,0,22,18
57,2021-06-23,0,0,0,3,0,0,0,1,0,0,0,5,0,0,3,0
57,2021-06-24,0,0,0,1,0,0,2,0,0,0,0,0,0,0,0,0
57,2021-06-25,1,1,2,2,0,0,0,0,0,0,0,2,0,0,0,0
57,2021-06-26,0,0,0,1,0,0,0,0,0,0,0,1,0,0,0,0
57,2021-06-27,0,0,0,4,0,0,0,0,0,0,0,0,0,0,0,0
57,2021-06-28,0,0,0,0,0,0,0,0,0,0,0,0,0,0,0,0
57,2021-06-29,0,0,0,1,0,0,0,0,0,0,0,0,0,0,0,0
57,2021-06-30,0,0,0,0,0,0,0,0,0,0,0,0,0,0,0,0
57,2021-07-01,0,0,0,5,0,0,0,0,0,0,0,1,0,0,0,0
57,2021-07-02,0,0,0,4,0,0,0,0,0,0,0,0,0,0,0,0
57,2021-07-03,0,2,0,11,0,0,0,1,0,0,1,1,0,0,1,0
57,2021-07-04,1,2,9,43,0,0,3,2,0,0,0,0,0,0,0,2
57,2021-07-05,0,0,0,1,0,0,0,1,0,0,0,2,0,0,0,1
57,2021-07-06,0,0,0,0,0,0,0,0,0,0,0,0,0,0,0,1
57,2021-07-07,0,0,0,0,0,0,0,0,0,0,0,0,0,0,1,6
57,2021-07-08,0,0,0,0,0,0,0,0,0,0,0,7,0,0,0,0
57,2021-07-09,0,0,1,0,0,0,0,0,0,0,0,0,0,0,1,5
57,2021-07-10,0,0,0,0,0,0,0,0,0,0,0,2,0,0,0,6
57,2021-07-11,0,0,0,1,0,0,0,0,0,0,0,1,0,0,2,11
57,2021-07-12,0,0,0,2,0,0,1,0,0,0,0,0,0,0,1,13
57,2021-07-13,0,0,0,10,0,0,3,0,0,0,0,0,0,0,8,6
57,2021-07-14,0,0,15,4,0,0,1,0,1,0,1,8,0,0,9,8
57,2021-07-15,0,0,0,0,0,0,0,0,0,0,0,1,0,0,1,0
57,2021-07-16,0,0,3,2,0,0,0,0,0,0,1,0,0,0,0,1
57,2021-07-17,0,0,2,14,0,0,0,1,0,0,0,0,0,0,0,2
57,2021-07-18,0,0,0,0,0,0,0,0,0,0,0,0,0,0,0,0
57,2021-07-19,0,0,0,0,0,0,0,1,0,0,0,1,0,0,0,1
57,2021-07-20,0,0,0,0,0,0,0,0,0,0,0,0,0,0,0,1
57,2021-07-21,0,0,0,0,0,0,0,0,0,0,1,0,0,0,0,3
57,2021-07-22,0,0,0,1,0,0,0,0,0,0,0,0,0,0,0,0
57,2021-07-23,0,0,0,0,0,0,0,0,0,0,0,0,0,0,1,0
57,2021-07-24,0,0,0,0,0,0,0,0,0,0,0,0,0,0,0,0
57,2021-07-25,0,0,0,0,0,0,0,0,0,0,0,0,0,0,0,0
57,2021-07-26,0,0,0,0,0,0,0,0,0,0,0,0,0,0,0,4
57,2021-07-27,0,0,0,1,0,0,0,0,0,0,0,2,0,0,0,2
57,2021-07-28,0,0,0,0,0,0,0,0,0,0,0,0,0,0,0,1
57,2021-07-29,0,0,0,2,0,0,1,0,0,0,0,0,0,0,0,0
57,2021-07-30,0,0,20,22,0,0,0,0,0,0,0,0,0,0,0,1
57,2021-07-31,1,0,0,18,0,0,0,0,0,0,0,0,0,0,0,0
57,2021-08-01,0,0,0,0,0,0,0,0,0,0,0,0,0,0,0,7
57,2021-08-02,0,0,0,0,0,0,2,0,0,0,0,0,0,0,0,3
57,2021-08-03,0,0,0,0,0,0,0,0,0,0,0,0,0,0,1,1
57,2021-08-04,0,0,0,0,0,0,0,0,0,0,0,0,0,0,0,2
57,2021-08-05,0,0,0,33,0,0,2,0,0,0,0,0,0,0,1,7
57,2021-08-06,0,0,0,0,0,0,0,0,0,0,0,5,0,0,0,10
57,2021-08-07,0,0,1,5,0,0,0,0,0,0,0,0,0,0,0,0
57,2021-08-08,0,0,0,1,0,0,3,1,0,0,0,0,0,0,0,1
57,2021-08-09,0,0,4,44,0,0,0,0,1,0,0,0,0,0,0,0
57,2021-08-10,0,0,12,0,0,0,0,0,0,0,0,2,0,0,0,0
57,2021-08-11,0,0,0,0,0,0,0,0,0,0,0,0,0,0,0,0
57,2021-08-12,0,0,0,8,0,0,0,0,0,0,0,0,0,0,0,0
57,2021-08-13,0,0,0,12,0,0,0,0,0,0,0,0,0,0,0,0
57,2021-08-14,0,0,0,3,0,0,0,0,0,0,0,0,0,0,0,0
57,2021-08-15,0,0,0,0,0,0,0,0,0,0,0,0,0,0,0,0
57,2021-08-16,0,0,0,0,0,0,0,0,0,0,0,0,0,0,0,0
57,2021-08-17,0,0,0,2,0,0,0,1,0,0,0,2,0,0,0,0
57,2021-08-18,0,0,3,70,0,0,0,1,0,0,0,1,0,0,0,0
57,2021-08-19,0,0,0,9,0,0,0,0,0,0,1,0,0,0,0,2
57,2021-08-20,0,0,4,36,0,0,0,0,0,0,0,2,0,0,0,0
57,2021-08-21,0,0,17,113,0,0,5,1,0,0,0,0,0,0,0,2
57,2021-08-22,0,0,0,12,0,0,0,1,0,0,2,3,0,0,0,1
57,2021-08-23,0,1,5,15,0,0,0,0,0,0,0,0,0,0,0,0
57,2021-08-24,0,0,0,4,0,0,0,0,0,0,0,0,0,0,0,0
57,2021-08-25,0,0,4,16,0,0,0,0,0,0,0,1,0,0,0,0
57,2021-08-26,0,0,0,3,0,0,0,0,0,0,0,1,0,0,0,2
57,2021-08-27,0,0,0,1,0,0,0,0,0,0,0,2,0,0,2,2
57,2021-08-28,0,0,0,0,0,0,0,0,0,0,0,0,0,0,0,0
57,2021-08-29,0,1,0,0,0,0,0,0,0,0,1,3,0,0,0,3
57,2021-08-30,0,0,0,2,0,0,0,0,0,0,1,2,0,0,1,8
57,2021-08-31,0,0,1,3,0,0,0,0,0,0,3,1,0,0,1,3
57,2021-09-01,0,0,1,3,0,0,0,1,0,0,2,1,0,0,1,2
57,2021-09-02,0,2,0,1,0,0,0,0,0,0,0,2,0,0,0,7
57,2021-09-03,0,0,1,1,0,0,0,0,0,0,0,2,0,0,0,14
57,2021-09-04,0,0,0,0,0,0,0,1,0,0,0,0,0,0,0,0
57,2021-09-05,0,0,1,0,0,0,0,0,0,0,0,0,0,0,1,6
57,2021-09-06,0,0,6,1,0,0,0,0,0,0,0,1,0,0,1,3
57,2021-09-07,0,0,2,2,0,0,0,0,0,0,1,1,0,0,1,2
57,2021-09-08,0,0,0,0,0,0,0,0,0,0,0,0,0,0,0,2
57,2021-09-09,0,0,0,0,0,0,0,0,0,0,0,1,0,0,2,8
57,2021-09-10,0,0,0,0,0,0,4,0,0,0,4,1,0,0,2,13
57,2021-09-11,0,0,0,1,0,1,5,0,0,0,14,5,0,0,4,11
57,2021-09-12,0,2,2,0,0,0,7,9,0,0,3,1,0,0,5,29
57,2021-09-13,1,0,2,5,0,0,1,4,0,1,3,0,0,0,3,21
57,2021-09-14,0,0,0,0,0,0,0,0,0,0,0,0,0,0,0,0
57,2021-09-15,0,0,3,0,0,0,0,0,0,0,0,0,0,0,0,2
57,2021-09-16,0,0,0,0,0,0,0,0,0,0,3,0,0,0,0,2
57,2021-09-17,0,0,0,0,0,0,0,0,0,0,1,0,0,0,0,1
57,2021-09-18,0,0,0,1,0,0,0,0,0,0,0,2,0,0,0,3
57,2021-09-19,0,0,1,2,0,0,0,0,0,0,0,0,0,0,0,0
57,2021-09-20,0,0,0,0,0,0,0,0,0,0,1,2,0,0,0,0
57,2021-09-21,0,0,0,1,0,0,0,1,0,0,0,6,0,0,0,6
57,2021-09-22,0,0,0,0,0,0,9,4,0,0,0,1,0,0,0,1
57,2021-09-23,0,0,0,0,0,0,7,1,0,0,10,2,0,0,3,6
57,2021-09-24,0,0,0,0,0,0,3,0,0,0,3,4,0,0,1,4
57,2021-09-25,0,0,0,0,0,0,0,0,0,0,5,0,0,0,0,4
57,2021-09-26,0,0,0,0,0,0,0,0,0,0,0,1,0,0,0,7
57,2021-09-27,0,0,0,0,0,0,1,0,0,0,1,1,0,0,0,10
57,2021-09-28,0,0,0,3,0,0,5,1,0,0,6,2,0,0,5,6
57,2021-09-29,1,0,1,1,0,0,7,8,0,0,7,7,0,0,2,8
57,2021-09-30,0,0,0,2,1,0,0,30,0,0,1,4,0,0,0,9
57,2021-10-01,0,0,1,2,0,0,0,1,0,0,3,5,0,0,0,7
57,2021-10-02,0,0,0,5,0,0,0,1,0,0,0,2,0,0,0,5
57,2021-10-03,1,0,1,4,1,0,1,0,1,0,0,3,0,0,2,1
57,2021-10-04,0,0,1,3,0,0,3,1,0,0,1,3,0,0,0,6
57,2021-10-05,0,0,1,0,0,0,0,0,0,0,3,0,0,0,1,5
57,2021-10-06,0,1,1,0,0,0,1,0,0,0,4,3,0,0,1,5
57,2021-10-07,0,0,0,0,0,0,0,2,0,0,1,5,0,0,1,7
57,2021-10-08,2,0,6,0,0,0,7,8,0,0,3,10,0,0,0,10
57,2021-10-09,3,0,3,2,1,1,6,32,0,0,2,4,0,0,6,6
57,2021-10-10,2,0,0,0,0,0,2,0,0,0,2,1,0,0,0,2
57,2021-10-11,0,0,0,0,0,0,0,0,0,0,0,0,0,0,0,1
57,2021-10-12,0,0,0,0,0,0,1,0,0,0,0,0,0,0,3,5
57,2021-10-13,0,0,0,0,0,0,1,0,0,0,2,3,0,0,4,6
57,2021-10-14,0,0,0,0,0,0,0,0,0,0,0,2,0,0,0,0
57,2021-10-15,0,0,0,0,0,0,0,0,0,0,0,0,0,0,0,0
57,2021-10-16,0,0,0,0,0,0,0,0,0,0,0,0,0,0,0,0
57,2021-10-17,0,0,0,0,0,0,0,0,0,0,0,0,0,0,0,2
57,2021-10-18,0,0,0,0,0,0,1,0,0,0,4,2,0,0,0,6
57,2021-10-19,0,0,1,0,0,0,0,0,0,0,1,2,0,0,0,4
57,2021-10-20,0,0,0,0,0,0,2,3,0,0,0,3,0,0,1,0
57,2021-10-21,0,0,0,1,0,0,0,0,0,0,0,0,0,0,0,0
57,2021-10-22,0,0,0,1,0,0,0,0,0,0,0,3,0,0,0,0
57,2021-10-23,0,0,0,0,0,0,0,0,0,0,0,4,0,0,0,2
57,2021-10-24,0,0,0,4,0,0,0,2,0,0,1,13,0,0,0,2
57,2021-10-25,0,0,0,4,1,1,0,4,0,0,0,12,0,0,0,0
57,2021-10-26,0,0,1,3,0,0,1,5,0,0,0,3,0,0,0,1
57,2021-10-27,0,0,0,0,0,0,1,0,0,0,0,4,0,0,0,1
57,2021-10-28,0,0,0,0,0,0,0,0,0,0,0,3,0,0,0,0
57,2021-10-29,0,0,0,0,0,0,0,1,2,0,6,32,0,0,0,4
57,2021-10-30,0,0,0,7,0,0,1,5,0,0,3,2,0,0,0,1
57,2021-10-31,0,0,0,1,0,0,0,2,0,0,2,1,0,0,0,5
57,2021-11-01,0,0,0,0,0,0,0,0,0,0,0,6,0,0,0,7
57,2021-11-02,0,0,0,0,0,0,0,0,0,0,0,4,0,0,0,7
57,2021-11-03,0,0,0,4,0,0,1,0,0,0,6,6,0,0,2,7
57,2021-11-04,0,0,1,11,0,0,1,0,0,0,0,9,0,0,2,6
57,2021-11-05,0,1,2,15,0,0,1,4,0,0,0,4,0,0,1,8
57,2021-11-06,0,0,2,12,1,0,1,6,0,0,0,4,0,0,2,14
57,2021-11-07,0,0,4,0,0,0,4,4,0,0,1,17,0,0,0,10
57,2021-11-08,0,0,8,2,0,0,3,4,0,0,1,34,0,0,0,1
57,2021-11-09,2,0,7,7,0,0,1,1,0,1,7,38,0,0,0,6
57,2021-11-10,0,0,2,11,0,0,0,6,0,0,0,21,0,0,0,8
57,2021-11-11,0,0,7,8,0,0,2,5,0,0,2,14,0,0,0,2
57,2021-11-12,0,0,3,0,0,0,0,1,0,0,0,14,0,0,3,2
57,2021-11-13,0,0,6,5,0,0,0,3,0,0,0,27,0,0,0,0
57,2021-11-14,0,0,7,0,0,0,2,5,0,0,1,62,0,0,0,1
57,2021-11-15,3,1,21,27,0,0,3,1,0,0,0,24,0,0,0,0
57,2021-11-16,0,1,5,9,0,0,6,9,0,0,0,30,0,0,0,1
57,2021-11-17,2,2,1,5,0,0,1,0,0,0,0,12,0,0,0,1
57,2021-11-18,1,0,6,7,0,0,6,1,0,0,0,36,0,0,0,6
57,2021-11-19,1,0,15,38,0,0,5,2,0,0,4,122,0,0,1,7
57,2021-11-20,8,2,28,59,0,0,16,13,0,0,10,135,0,0,5,14
57,2021-11-21,1,4,21,39,1,0,30,11,0,0,0,50,0,0,9,24
57,2021-11-22,6,1,5,16,0,0,6,13,0,0,0,37,0,0,2,2
57,2021-11-23,0,1,4,12,1,1,0,8,0,0,0,45,0,0,0,3
57,2021-11-24,0,0,9,20,0,0,1,2,0,0,2,49,0,0,0,4
57,2021-11-25,1,0,18,48,0,0,0,8,0,0,4,30,0,0,0,5
57,2021-11-26,0,1,21,71,0,0,2,13,0,0,3,19,0,0,3,10
57,2021-11-27,0,0,22,30,0,0,2,15,0,0,0,25,0,0,2,7
57,2021-11-28,0,0,15,20,0,0,4,7,0,0,3,27,0,0,2,2
57,2021-11-29,3,0,20,43,0,0,4,5,0,0,1,68,0,0,3,5
57,2021-11-30,6,5,32,42,0,0,7,7,0,0,8,63,0,0,2,4
57,2021-12-01,27,17,92,86,0,1,9,12,0,0,12,90,0,0,6,15
57,2021-12-02,4,1,71,66,0,0,9,18,0,0,5,52,0,0,1,5
57,2021-12-03,8,1,38,64,0,2,10,22,0,0,2,43,0,0,2,0
57,2021-12-04,10,2,77,86,0,2,15,15,0,0,1,70,0,0,3,2
57,2021-12-05,29,9,74,113,0,0,12,20,0,0,5,110,0,0,1,4
57,2021-12-06,49,14,122,166,0,1,10,23,3,1,6,94,0,0,3,0
57,2021-12-07,18,5,72,110,1,2,23,30,0,0,9,57,0,0,10,6
57,2021-12-08,4,3,60,63,1,0,19,20,0,0,11,50,0,0,4,11
57,2021-12-09,6,2,24,31,0,0,5,17,0,0,8,32,0,0,7,12
57,2021-12-10,11,1,33,60,0,1,19,7,0,2,3,91,0,0,1,7
57,2021-12-11,31,5,46,92,1,0,12,11,0,2,10,81,0,0,5,2
57,2021-12-12,12,6,43,135,0,1,12,17,1,0,2,49,0,0,1,4
57,2021-12-13,7,2,36,45,0,1,16,14,1,0,5,28,0,0,0,3
57,2021-12-14,4,4,24,35,0,0,6,13,0,0,5,50,0,0,1,6
57,2021-12-15,1,2,31,47,1,0,12,10,0,0,7,71,0,0,2,7
57,2021-12-16,12,1,43,52,2,0,15,16,0,0,12,107,0,0,4,16
57,2021-12-17,30,4,54,88,1,0,26,27,2,0,17,91,0,0,7,18
57,2021-12-18,2,7,9,74,0,0,9,16,0,0,4,63,0,0,1,8
57,2021-12-19,3,0,19,34,0,0,2,11,0,0,8,26,0,0,0,8
57,2021-12-20,4,1,27,38,0,0,9,9,0,0,9,57,0,0,8,14
57,2021-12-21,14,4,37,81,0,0,18,15,0,1,9,58,0,0,2,19
57,2021-12-22,22,5,36,110,0,1,22,29,1,1,12,56,0,0,2,6
57,2021-12-23,15,5,32,83,1,1,28,34,0,0,12,28,0,0,2,4
57,2021-12-24,0,0,17,55,0,1,19,31,0,0,5,32,0,0,4,4
57,2021-12-25,7,1,18,23,0,1,11,12,0,0,12,50,0,0,0,3
57,2021-12-26,4,0,18,40,0,0,13,8,1,0,23,75,0,0,0,1
57,2021-12-27,8,3,25,90,0,0,9,23,1,0,62,95,0,0,3,3
57,2021-12-28,17,4,43,109,0,3,31,31,1,0,54,83,0,0,10,10
57,2021-12-29,14,4,16,61,1,0,3,14,0,0,32,59,0,0,3,8
57,2021-12-30,1,1,18,43,0,0,12,15,0,0,10,38,0,0,3,6
57,2021-12-31,4,0,19,52,0,2,9,24,0,0,38,71,0,0,3,6
57,2022-01-01,1,3,20,60,0,0,11,8,0,0,73,128,0,0,1,5
57,2022-01-02,9,6,41,89,1,2,29,36,0,0,49,105,0,0,2,10
57,2022-01-03,5,6,26,50,0,1,36,41,0,1,23,70,0,0,1,15
57,2022-01-04,8,6,19,21,0,1,23,24,0,0,70,91,0,0,3,18
57,2022-01-05,1,4,19,70,2,1,18,29,1,1,73,97,0,0,7,19
57,2022-01-06,13,8,43,116,3,0,28,46,2,3,133,137,0,0,11,21
57,2022-01-07,32,21,64,104,6,0,39,44,0,3,171,135,0,0,7,33
57,2022-01-08,19,7,59,118,2,2,49,58,2,5,118,102,0,0,14,28
57,2022-01-09,12,13,33,89,0,1,32,37,0,2,89,69,0,0,2,25
57,2022-01-10,17,7,37,77,0,1,39,35,0,4,100,97,0,0,5,19
57,2022-01-11,10,8,44,118,0,0,36,26,2,6,56,55,0,0,7,21
57,2022-01-12,2,5,59,111,1,0,33,35,0,0,16,88,0,0,1,6
57,2022-01-13,24,1,74,154,0,1,6,31,1,1,80,69,0,0,15,64
57,2022-01-14,3,5,26,126,0,1,32,51,0,0,4,15,0,0,5,4
57,2022-01-15,1,1,16,83,0,0,14,35,0,0,0,14,0,0,0,0
57,2022-01-16,0,0,17,88,0,0,30,40,0,0,3,13,0,0,2,1
57,2022-01-17,0,0,23,83,0,0,13,8,0,0,29,113,0,0,1,5
57,2022-01-18,0,0,49,192,0,0,6,11,0,0,53,98,0,0,1,6
57,2022-01-19,0,0,19,147,0,0,13,71,0,1,27,101,0,0,0,6
57,2022-01-20,0,0,2,41,0,0,2,7,0,0,37,52,0,0,0,0
57,2022-01-21,0,0,3,12,0,0,0,0,0,0,119,146,0,0,0,0
57,2022-01-22,1,0,7,4,0,0,0,0,3,0,126,214,0,0,0,5
57,2022-01-23,1,6,66,26,1,0,5,3,0,2,205,267,0,0,3,11
57,2022-01-24,3,5,43,70,0,0,15,34,0,0,143,136,0,0,8,7
57,2022-01-25,2,1,41,119,0,0,13,39,1,2,98,100,0,0,0,10
57,2022-01-26,13,10,85,118,0,3,40,41,3,0,73,93,0,0,0,1
57,2022-01-27,42,23,118,99,1,2,53,101,6,2,119,218,0,0,0,3
57,2022-01-28,77,57,274,205,3,1,82,82,3,7,408,485,0,0,6,9
57,2022-01-29,85,101,411,282,4,7,191,145,7,11,407,346,0,0,7,15
57,2022-01-30,21,69,227,320,3,2,132,123,0,4,242,331,0,0,8,9
57,2022-01-31,38,46,182,151,6,1,52,55,5,5,303,294,0,0,9,1
57,2022-02-01,41,37,161,114,3,1,57,5,6,8,389,442,0,0,4,1
57,2022-02-02,34,77,302,123,2,2,75,5,8,24,438,646,0,0,3,5
57,2022-02-03,53,72,286,85,2,4,94,13,9,34,324,421,0,0,6,22
57,2022-02-04,22,13,41,29,5,3,15,17,2,6,204,206,0,0,6,18
57,2022-02-05,0,0,1,21,0,0,0,5,0,0,64,53,0,0,0,1
57,2022-02-06,0,0,4,65,0,0,0,4,0,0,68,260,0,0,0,1
57,2022-02-07,2,6,25,152,0,0,5,26,0,4,186,620,0,0,0,4
57,2022-02-08,16,41,160,246,0,0,41,58,10,15,305,571,0,0,6,10
57,2022-02-09,19,51,166,330,0,1,89,104,8,4,410,333,0,0,21,42
57,2022-02-10,25,25,132,118,2,1,100,150,4,8,291,349,0,0,4,309
57,2022-02-11,49,22,91,22,0,0,141,88,11,15,400,391,0,0,21,202
57,2022-02-12,59,48,148,14,5,0,116,26,5,37,516,710,0,0,3,303
57,2022-02-13,42,116,383,83,3,2,100,34,7,40,482,1080,0,0,12,182
57,2022-02-14,67,63,284,57,2,6,77,14,11,48,422,575,0,0,8,281
57,2022-02-15,3,3,30,22,0,3,50,74,5,23,373,504,0,0,8,192
57,2022-02-16,0,3,15,0,9,2,12,3,10,5,424,569,0,0,4,97
57,2022-02-17,0,0,3,4,5,0,30,15,1,2,108,494,0,0,15,45
57,2022-02-18,0,1,11,18,3,0,18,1,0,4,288,757,0,0,7,97
57,2022-02-19,0,0,1,49,0,0,0,0,1,0,143,567,0,0,10,85
57,2022-02-20,0,0,3,1,0,0,0,0,1,14,435,471,0,0,1,1
57,2022-02-21,0,0,3,18,0,0,0,0,0,2,73,146,0,0,0,0
57,2022-02-22,0,1,29,48,0,0,0,0,3,20,482,639,0,0,0,2
57,2022-02-23,0,5,25,111,0,0,7,13,10,40,666,1267,0,0,0,2
57,2022-02-24,2,22,76,229,1,0,14,34,7,77,1001,1225,0,0,4,22
57,2022-02-25,1,11,83,215,0,0,27,65,6,60,709,748,0,0,8,22
57,2022-02-26,0,1,48,197,0,0,36,88,4,39,565,492,0,0,29,21
57,2022-02-27,1,9,89,255,4,0,35,7,14,27,861,913,0,0,25,72
57,2022-02-28,0,4,106,330,3,2,16,279,22,45,910,1212,0,0,18,72
57,2022-03-01,12,58,299,258,5,4,383,333,43,227,1340,1553,0,0,4,62
57,2022-03-02,2,40,251,272,3,4,350,346,24,192,819,857,0,0,9,54
57,2022-03-03,5,13,87,182,2,1,334,355,33,71,569,692,0,0,6,66
57,2022-03-04,0,8,74,132,5,3,281,239,36,46,598,909,0,0,8,38
57,2022-03-05,8,12,169,136,9,39,460,345,45,107,848,738,0,0,10,30
57,2022-03-06,11,38,353,119,6,27,549,315,109,135,850,1242,0,0,0,25
57,2022-03-07,9,21,275,99,14,1,160,27,66,102,748,781,0,0,5,21
57,2022-03-08,0,1,37,81,0,1,40,67,3,9,409,527,0,0,2,44
57,2022-03-09,0,0,19,63,1,0,33,91,7,5,244,436,0,0,2,32
57,2022-03-10,0,0,38,84,5,11,99,95,18,22,578,1029,0,0,6,20
57,2022-03-11,2,2,119,117,7,19,200,256,29,55,804,1864,0,0,4,31
57,2022-03-12,3,12,288,191,9,25,428,336,71,65,1311,2055,0,0,12,32
57,2022-03-13,2,12,162,207,6,24,426,360,37,44,848,1254,0,0,5,40
57,2022-03-14,1,3,100,99,1,18,312,297,19,25,485,983,0,0,1,27
57,2022-03-15,4,0,91,70,9,21,119,44,24,11,764,1970,0,0,4,28
57,2022-03-16,0,2,89,88,0,0,1,0,17,22,1636,2307,0,0,4,26
57,2022-03-17,7,33,517,140,1,1,10,1,27,30,1407,2957,0,0,3,21
57,2022-03-18,0,14,361,34,3,2,8,3,32,78,1131,1620,0,0,8,51
57,2022-03-19,1,4,131,28,5,1,33,68,27,42,1136,1255,0,0,3,28
57,2022-03-20,2,0,46,18,15,15,122,313,58,48,953,1479,0,0,1,32
57,2022-03-21,0,3,25,11,3,10,100,68,13,0,226,1193,0,0,1,13
57,2022-03-22,0,0,16,79,1,50,76,60,4,0,32,15,0,0,0,1
57,2022-03-23,0,0,1,39,0,1,63,36,0,0,0,5,0,0,0,0
57,2022-03-24,0,0,22,22,0,0,9,0,5,0,17,25,0,0,1,8
57,2022-03-25,2,2,41,37,0,2,155,3,25,17,202,130,0,0,3,6
57,2022-03-26,5,17,110,82,7,24,571,89,75,82,399,374,0,0,0,3
57,2022-03-27,3,38,185,177,33,137,1067,388,106,145,131,346,0,0,0,3
57,2022-03-28,10,29,249,147,98,188,580,0,210,327,576,578,0,0,3,9
57,2022-03-29,2,1,152,65,0,0,0,0,7,26,469,438,0,0,0,8
57,2022-03-30,0,0,213,27,0,1,0,14,5,25,425,814,0,0,0,3
57,2022-03-31,0,2,198,28,16,49,69,67,0,0,424,931,0,0,0,2
57,2022-04-01,0,0,275,26,29,47,229,3,5,36,614,1258,0,0,0,0
57,2022-04-02,0,0,97,11,0,0,0,8,0,0,342,906,0,0,0,2
57,2022-04-03,0,0,165,9,5,86,858,113,4,30,291,543,0,0,1,21
57,2022-04-04,0,0,201,69,29,422,1872,327,14,28,531,753,0,0,0,23
57,2022-04-05,7,1,158,88,188,829,5015,1037,45,129,1217,1502,0,0,3,5
57,2022-04-06,0,0,195,80,0,2,1063,1372,4,25,1269,1450,0,0,1,1
57,2022-04-07,0,1,57,153,153,253,1693,588,6,0,843,925,0,0,2,9
57,2022-04-08,0,1,24,107,76,369,4115,2176,60,10,32,295,0,0,6,32
57,2022-04-09,0,3,66,114,69,164,298,289,78,67,430,393,0,0,0,15
57,2022-04-10,0,0,50,65,127,306,1925,1255,19,60,496,551,0,0,3,13
57,2022-04-11,0,4,81,53,113,72,1447,296,135,291,996,563,0,0,5,9
57,2022-04-12,7,11,243,96,25,37,338,106,76,241,960,609,0,0,1,24
57,2022-04-13,18,24,231,135,69,107,574,298,139,241,999,279,0,0,3,41
57,2022-04-14,4,9,168,58,17,45,145,131,51,124,521,188,0,0,8,20
57,2022-04-15,7,11,125,72,107,211,1673,203,9,18,576,296,0,0,7,7
57,2022-04-16,39,12,181,68,76,181,681,160,3,39,719,471,0,0,0,4
57,2022-04-17,17,8,206,76,12,29,131,1,3,5,334,380,0,0,2,0
57,2022-04-18,29,17,159,78,0,0,0,0,0,0,317,317,0,0,1,1
57,2022-04-19,0,0,25,7,0,0,1,10,0,0,76,228,0,0,0,4
57,2022-04-20,2,0,4,31,2,3,9,11,0,0,37,220,0,0,0,1
57,2022-04-21,0,0,4,11,0,0,2,22,0,0,7,92,0,0,0,3
57,2022-04-22,0,0,18,27,1,2,15,45,1,1,90,178,0,0,3,9
57,2022-04-23,14,17,90,66,18,39,99,119,16,24,357,368,0,0,7,18
57,2022-04-24,1,1,50,65,4,21,225,164,0,6,98,251,0,0,27,43
57,2022-04-25,30,2,71,50,45,39,118,141,29,55,341,294,0,0,17,64
57,2022-04-26,10,10,51,24,53,26,1237,1297,29,56,307,485,0,0,30,57
57,2022-04-27,57,18,88,43,166,170,2734,866,24,45,149,354,0,0,28,65
57,2022-04-28,74,13,164,62,161,133,2417,614,19,46,240,385,0,0,11,55
57,2022-04-29,3,19,96,14,1,47,636,123,0,6,134,141,0,0,23,80
57,2022-04-30,2,5,31,8,0,5,55,24,1,1,71,92,0,0,3,6
57,2022-05-01,9,0,5,23,5,6,54,8,1,0,53,72,0,0,1,4
57,2022-05-02,0,0,0,2,0,0,3,1,0,0,9,73,0,0,0,0
57,2022-05-03,2,1,7,14,0,3,42,28,0,1,0,52,0,0,0,3
57,2022-05-04,87,14,100,68,24,26,462,228,10,11,24,43,0,0,1,2
57,2022-05-05,0,3,16,40,0,4,82,778,0,0,3,82,0,0,0,1
57,2022-05-06,2,0,19,3,0,0,16,15,0,0,6,51,0,0,3,5
57,2022-05-07,2,0,2,1,0,1,2,32,0,0,17,32,0,0,5,11
57,2022-05-08,0,1,0,0,0,0,0,0,0,0,3,21,0,0,0,6
57,2022-05-09,0,1,4,21,0,0,0,0,0,0,0,22,0,0,0,4
57,2022-05-10,0,0,0,1,0,1,2,0,0,0,0,0,0,0,0,2
57,2022-05-11,0,0,0,2,0,0,0,0,0,0,0,2,0,0,0,0
57,2022-05-12,0,0,0,0,0,0,0,0,0,0,0,0,0,0,0,2
57,2022-05-13,1,0,0,5,0,1,0,0,0,1,2,11,0,0,1,3
57,2022-05-14,8,8,11,6,3,4,16,3,3,0,3,24,0,0,8,6
57,2022-05-15,28,11,49,26,11,4,41,6,0,2,35,13,0,0,23,22
57,2022-05-16,9,0,6,4,1,2,1,0,2,0,12,3,0,0,0,1
57,2022-05-17,0,1,0,0,0,0,0,0,0,0,0,1,0,0,0,0
57,2022-05-18,0,0,0,1,0,0,0,0,0,0,0,2,0,0,0,1
57,2022-05-19,0,1,8,1,1,3,25,83,0,0,4,8,0,0,1,29
57,2022-05-20,0,0,0,0,0,0,6,17,0,0,0,6,0,0,1,34
57,2022-05-21,0,0,0,0,0,0,0,0,0,0,1,2,0,0,0,0
57,2022-05-22,0,0,0,0,0,0,0,0,0,0,0,5,0,0,0,2
57,2022-05-23,2,0,0,0,0,0,0,0,0,0,5,1,0,0,6,7
57,2022-05-24,1,1,2,0,0,0,0,0,0,0,2,14,0,0,9,28
57,2022-05-25,4,2,11,3,2,1,20,2,0,0,1,0,0,0,5,4
57,2022-05-26,1,0,1,1,0,0,38,32,0,0,4,4,0,0,0,11
57,2022-05-27,7,3,6,0,1,3,6,0,3,0,2,2,0,0,8,16
57,2022-05-28,2,1,3,3,1,0,24,132,0,0,3,4,0,0,26,38
57,2022-05-29,1,1,5,5,0,0,106,3,0,0,4,3,0,0,12,78
57,2022-05-30,2,2,13,7,0,5,35,4,1,0,6,15,0,0,18,64
57,2022-05-31,0,0,10,1,0,0,0,0,0,0,0,3,0,0,0,4
57,2022-06-01,0,0,6,0,0,0,0,7,0,0,0,0,0,0,1,0
57,2022-06-02,0,0,2,5,0,0,3,17,0,0,0,2,0,0,0,2
57,2022-06-03,0,0,2,0,0,0,0,0,0,0,2,3,0,0,0,2
57,2022-06-04,0,3,3,0,0,1,8,54,0,0,2,6,0,0,1,0
57,2022-06-05,5,2,5,1,0,1,48,35,0,0,1,4,0,0,6,5
57,2022-06-06,0,1,0,0,0,0,0,0,0,0,0,2,0,0,1,0
57,2022-06-07,1,0,8,0,0,0,20,0,0,0,0,0,0,0,0,2
57,2022-06-08,0,0,0,0,0,0,0,0,0,0,0,0,0,0,0,0
57,2022-06-09,0,0,1,1,0,0,3,1,0,0,0,0,0,0,0,0
57,2022-06-10,0,1,1,2,0,0,2,6,0,0,2,6,0,0,0,0
57,2022-06-11,0,1,2,0,0,0,2,2,0,0,1,0,0,0,0,2
57,2022-06-12,0,0,2,0,0,0,2,0,0,0,1,6,0,0,0,0
57,2022-06-13,0,0,4,0,0,1,1,54,0,0,0,2,0,0,0,0
57,2022-06-14,0,0,7,3,0,0,0,3,0,0,0,4,0,0,0,0
57,2022-06-15,0,0,3,0,0,0,0,0,0,0,0,1,0,0,0,0
57,2022-06-16,0,0,0,5,0,0,0,0,0,0,0,0,0,0,0,0
57,2022-06-17,0,0,1,4,0,0,0,0,0,0,0,0,0,0,0,2
57,2022-06-18,0,0,0,1,0,0,0,2,0,0,0,0,0,0,0,2
57,2022-06-19,0,0,2,3,0,0,5,12,0,0,0,0,0,0,1,5
57,2022-06-20,3,0,12,5,0,1,5,5,0,0,0,1,0,0,1,11
57,2022-06-21,5,6,9,9,0,7,25,23,0,0,0,5,0,0,0,12
57,2022-06-22,1,0,1,2,0,1,1,26,0,0,0,1,0,0,0,0
57,2022-06-23,0,0,1,1,0,0,4,4,0,0,0,0,0,0,0,0
57,2022-06-24,0,0,0,0,0,0,0,6,0,0,0,0,0,0,0,0
57,2022-06-25,0,1,3,0,0,0,3,0,0,0,0,6,0,0,1,3
57,2022-06-26,0,1,5,1,0,0,0,2,0,0,0,1,0,0,2,0
57,2022-06-27,0,0,0,9,0,0,3,3,0,0,0,0,0,0,0,0
57,2022-06-28,0,0,0,1,0,0,0,1,0,0,0,0,0,0,0,0
57,2022-06-29,0,0,1,2,0,0,0,2,0,0,0,1,0,0,0,0
57,2022-06-30,0,0,0,0,0,0,0,0,0,0,0,0,0,0,0,0
57,2022-07-01,0,0,0,2,0,0,0,0,0,0,0,0,0,0,1,0
57,2022-07-02,0,0,1,2,0,0,0,0,0,0,0,1,0,0,2,6
57,2022-07-03,0,0,0,1,0,0,0,0,0,0,0,0,0,0,0,8
57,2022-07-04,0,0,2,1,0,0,2,0,0,0,0,0,0,0,0,4
57,2022-07-05,0,0,2,0,0,0,0,0,0,0,0,0,0,0,0,0
57,2022-07-06,0,0,1,4,0,0,0,0,0,0,0,1,0,0,0,3
57,2022-07-07,1,0,0,11,0,0,0,0,0,0,0,6,0,0,5,20
57,2022-07-08,0,0,0,2,0,0,0,0,0,0,0,2,0,0,0,2
57,2022-07-09,0,1,0,0,1,0,0,0,0,0,0,2,0,0,5,6
57,2022-07-10,0,0,0,0,0,0,0,0,0,0,0,0,0,0,1,5
57,2022-07-11,0,0,0,0,0,0,0,0,0,0,0,1,0,0,0,11
57,2022-07-12,0,0,1,0,0,0,1,0,0,0,0,0,0,0,5,30
57,2022-07-13,0,0,0,0,0,0,7,1,0,0,0,0,0,0,12,15
57,2022-07-14,0,0,1,0,0,0,0,0,0,0,2,8,0,0,13,16
57,2022-07-15,0,0,1,1,0,0,0,0,0,0,0,1,0,0,2,4
57,2022-07-16,0,0,0,15,0,0,1,0,0,0,0,0,0,0,3,6
57,2022-07-17,0,1,3,29,0,0,4,0,0,0,0,2,0,0,0,4
57,2022-07-18,2,1,7,25,0,0,4,1,0,0,0,2,0,0,0,0
57,2022-07-19,0,0,0,6,0,0,0,0,0,0,0,0,0,0,0,3
57,2022-07-20,0,0,0,0,0,0,0,0,0,0,0,0,0,0,0,0
57,2022-07-21,0,0,0,0,0,0,0,0,0,0,0,2,0,0,0,1
57,2022-07-22,0,0,0,0,0,0,0,0,0,0,0,0,0,0,0,1
57,2022-07-23,0,0,0,0,0,0,0,0,0,0,0,0,0,0,0,1
57,2022-07-24,0,0,0,3,0,0,1,4,0,0,0,2,0,0,2,4
57,2022-07-25,0,0,0,2,0,0,1,1,0,0,1,3,0,0,3,10
57,2022-07-26,2,0,0,0,0,0,0,3,0,0,2,2,0,0,4,2
57,2022-07-27,0,0,0,0,0,0,0,0,0,0,0,0,0,0,0,0
57,2022-07-28,0,0,0,0,0,0,0,0,0,0,0,0,0,0,0,0
57,2022-07-29,0,0,0,0,0,0,0,0,0,0,0,0,0,0,0,0
57,2022-07-30,0,0,0,0,0,0,0,0,0,0,0,0,0,0,0,0
57,2022-07-31,0,0,0,0,0,0,0,0,0,0,0,0,0,0,0,0
57,2022-08-01,0,0,0,0,0,0,0,0,0,0,0,0,0,0,0,0
57,2022-08-02,0,0,0,0,0,0,0,0,0,0,0,0,0,0,0,0
57,2022-08-03,0,0,0,0,0,0,0,0,0,0,0,0,0,0,0,0
57,2022-08-04,0,0,0,0,0,0,0,0,0,0,0,0,0,0,0,0
57,2022-08-05,0,0,0,0,0,0,0,0,0,0,0,0,0,0,0,0
57,2022-08-06,0,0,0,0,0,0,0,0,0,0,0,0,0,0,0,0
57,2022-08-07,0,0,0,0,0,0,0,0,0,0,0,0,0,0,0,0
57,2022-08-08,0,0,0,0,0,0,0,0,0,0,0,0,0,0,0,0
57,2022-08-09,0,0,0,0,0,0,0,0,0,0,0,0,0,0,0,0
57,2022-08-10,0,0,0,0,0,0,0,0,0,0,0,0,0,0,0,0
57,2022-08-11,0,0,0,0,0,0,0,0,0,0,0,0,0,0,0,3
57,2022-08-12,0,0,0,0,0,0,0,0,0,0,0,0,0,0,0,1
57,2022-08-13,0,0,0,68,0,0,0,0,0,0,0,1,0,0,0,1
57,2022-08-14,0,0,0,3,0,0,1,0,0,0,0,0,0,0,2,11
57,2022-08-15,0,0,0,1,0,0,0,0,0,0,0,2,0,0,2,2
57,2022-08-16,0,0,1,0,0,0,0,0,0,0,0,0,0,0,0,2
57,2022-08-17,0,0,2,0,0,0,0,0,0,0,0,5,0,0,0,2
57,2022-08-18,0,1,0,7,0,2,1,0,0,0,1,4,0,0,1,4
57,2022-08-19,1,0,0,26,0,0,1,0,0,0,1,1,0,0,4,11
57,2022-08-20,0,0,0,0,0,0,0,0,0,0,0,0,0,0,0,4
57,2022-08-21,0,0,0,0,0,0,0,0,0,0,0,0,0,0,0,0
57,2022-08-22,0,0,0,1,0,0,0,0,0,0,0,0,0,0,0,0
57,2022-08-23,0,0,1,9,0,0,0,0,0,0,0,3,0,0,0,5
57,2022-08-24,2,0,0,35,0,0,0,0,0,0,0,3,0,0,0,5
57,2022-08-25,0,0,0,0,0,0,0,0,0,0,0,0,0,0,0,0
57,2022-08-26,0,0,0,0,0,0,0,0,0,0,0,0,0,0,0,0
57,2022-08-27,0,0,0,0,0,0,0,0,0,0,0,1,0,0,0,0
57,2022-08-28,0,0,0,4,0,0,0,0,0,0,0,1,0,0,0,1
57,2022-08-29,0,0,0,0,0,1,3,1,0,0,0,5,0,0,0,6
57,2022-08-30,1,0,0,2,0,2,11,3,0,0,0,13,0,0,1,0
57,2022-08-31,0,0,8,15,0,0,0,0,0,0,0,5,0,0,0,0
57,2022-09-01,0,0,1,9,0,0,0,0,0,0,0,1,0,0,1,1
57,2022-09-02,0,0,0,8,0,0,2,0,0,0,2,8,0,0,0,2
57,2022-09-03,0,1,3,7,0,0,2,0,0,0,1,14,0,0,1,3
57,2022-09-04,0,1,6,26,0,0,0,1,0,0,0,1,0,0,0,0
57,2022-09-05,0,0,0,0,0,0,0,0,0,0,0,2,0,0,1,4
57,2022-09-06,0,0,0,0,0,0,0,2,0,0,0,3,0,0,1,3
57,2022-09-07,0,0,0,0,0,0,4,0,0,1,2,2,0,0,0,10
57,2022-09-08,0,0,0,0,0,0,0,0,0,0,2,0,0,0,0,0
57,2022-09-09,0,0,0,0,0,0,0,0,0,0,0,0,0,0,0,0
57,2022-09-10,0,0,0,0,0,0,0,1,0,0,0,0,0,0,0,0
57,2022-09-11,0,0,0,0,0,0,0,0,0,0,0,0,0,0,0,0
57,2022-09-12,0,0,0,0,0,0,0,0,0,0,0,0,0,0,0,0
57,2022-09-13,0,0,0,7,0,0,0,0,0,0,0,4,0,0,0,0
57,2022-09-14,0,0,1,18,0,0,0,1,0,0,0,5,0,0,0,2
57,2022-09-15,0,0,2,5,0,0,3,0,0,0,0,8,0,0,0,1
57,2022-09-16,0,0,4,4,0,0,0,0,0,0,1,0,0,0,0,0
57,2022-09-17,0,0,1,2,0,0,0,0,0,0,0,3,0,0,0,4
57,2022-09-18,0,0,1,1,0,0,0,0,0,0,0,2,0,0,1,3
57,2022-09-19,0,0,0,0,0,0,0,0,0,0,1,1,0,0,2,5
57,2022-09-20,0,0,0,1,0,0,0,1,0,0,0,1,0,0,3,2
57,2022-09-21,0,0,0,1,0,0,0,0,0,0,0,3,0,0,1,1
57,2022-09-22,0,0,0,0,0,0,0,1,0,0,0,0,0,0,0,2
57,2022-09-23,0,0,0,0,0,0,0,0,0,0,0,1,0,0,2,5
57,2022-09-24,0,0,0,1,0,0,0,0,0,0,0,2,0,0,1,7
57,2022-09-25,0,0,0,0,0,0,0,0,0,0,1,4,0,0,4,2
57,2022-09-26,0,0,0,0,0,0,3,0,0,0,3,3,0,0,3,12
57,2022-09-27,0,0,0,0,0,0,3,0,0,0,2,3,0,0,2,10
57,2022-09-28,0,0,0,0,0,0,1,0,0,0,3,2,0,0,0,0
57,2022-09-29,0,0,0,0,0,0,0,0,3,0,1,1,0,0,0,3
57,2022-09-30,0,0,0,0,0,0,0,0,0,0,0,3,0,0,0,1
57,2022-10-01,0,0,0,0,0,0,0,0,0,0,0,4,0,0,0,0
57,2022-10-02,0,0,0,0,0,0,0,0,0,0,0,0,0,0,0,0
57,2022-10-03,0,0,0,0,0,0,1,0,0,0,0,0,0,0,0,1
57,2022-10-04,0,0,0,1,0,0,0,0,0,0,0,4,0,0,2,3
57,2022-10-05,0,0,0,0,0,0,0,0,0,0,1,12,0,0,2,7
57,2022-10-06,0,0,1,1,0,0,2,1,0,0,3,12,0,0,0,2
57,2022-10-07,0,0,2,2,0,0,1,0,0,0,0,1,0,0,0,2
57,2022-10-08,0,0,0,2,0,0,3,2,0,0,0,0,0,0,0,0
57,2022-10-09,0,0,1,0,0,0,1,0,0,0,0,1,0,0,0,0
57,2022-10-10,0,0,0,2,0,0,0,0,0,0,0,2,0,0,0,0
57,2022-10-11,0,0,0,3,0,0,1,2,0,0,0,9,0,0,0,0
57,2022-10-12,0,0,2,6,0,0,0,4,0,1,0,6,0,0,0,1
57,2022-10-13,0,0,2,1,0,0,0,3,0,0,0,5,0,0,0,0
57,2022-10-14,0,0,0,0,0,0,2,4,0,0,0,11,0,0,0,2
57,2022-10-15,0,0,0,0,0,0,3,2,0,0,0,9,0,0,0,3
57,2022-10-16,0,0,0,0,0,0,0,2,0,0,0,4,0,0,0,1
57,2022-10-17,5,1,6,5,3,0,9,5,1,0,5,5,0,0,3,8
57,2022-10-18,2,2,6,8,1,1,21,6,2,0,9,12,0,0,4,28
57,2022-10-19,1,0,9,4,0,0,3,9,1,0,2,13,0,0,5,4
57,2022-10-20,0,2,5,1,0,0,0,0,0,0,6,21,0,0,3,12
57,2022-10-21,1,0,2,2,0,0,2,1,0,0,2,46,0,0,0,3
57,2022-10-22,4,0,2,0,0,0,1,3,0,0,4,19,0,0,1,8
57,2022-10-23,1,0,3,6,1,0,16,7,0,0,1,18,0,0,1,4
57,2022-10-24,0,0,1,5,0,0,7,5,0,0,2,1,0,0,2,3
57,2022-10-25,0,0,1,0,0,0,7,0,0,0,1,1,0,0,0,7
57,2022-10-26,0,0,3,5,0,0,0,0,0,0,0,14,0,0,0,0
57,2022-10-27,2,0,0,3,1,2,4,2,2,0,0,21,0,0,1,3
57,2022-10-28,1,1,6,11,1,0,2,13,0,0,0,11,0,0,0,3
57,2022-10-29,0,0,4,11,0,0,6,3,0,0,2,9,0,0,2,4
57,2022-10-30,0,2,0,5,0,0,1,0,0,0,1,9,0,0,3,4
57,2022-10-31,2,0,6,6,0,0,9,4,3,0,2,29,0,0,5,8
57,2022-11-01,5,1,11,18,1,0,2,9,3,0,7,68,0,0,4,12
57,2022-11-02,9,0,21,38,2,1,23,17,0,0,15,30,0,0,5,31
57,2022-11-03,2,2,16,22,0,1,14,21,0,0,3,18,0,0,4,16
57,2022-11-04,1,1,5,13,0,1,8,4,0,1,0,13,0,0,0,8
57,2022-11-05,1,0,13,18,1,0,5,3,0,0,7,24,0,0,0,9
57,2022-11-06,5,3,21,24,1,0,5,11,1,0,4,90,0,0,2,24
57,2022-11-07,12,2,26,44,4,1,10,10,1,0,17,97,0,0,6,16
57,2022-11-08,5,1,9,36,2,0,6,11,0,1,4,22,0,0,6,19
57,2022-11-09,4,0,9,23,0,0,17,7,0,3,5,69,0,0,3,15
57,2022-11-10,2,1,18,11,0,0,8,10,0,0,6,61,0,0,2,12
57,2022-11-11,6,1,14,18,0,1,13,6,0,0,6,134,0,0,3,12
57,2022-11-12,13,8,25,33,2,3,10,8,1,2,10,191,0,0,10,30
57,2022-11-13,8,9,22,31,1,0,19,10,0,0,7,101,0,0,3,27
57,2022-11-14,5,0,1,7,0,0,2,0,1,0,6,45,0,0,1,15
57,2022-11-15,0,0,1,4,0,0,2,1,0,0,0,45,0,0,0,11
57,2022-11-16,0,0,5,5,0,0,9,6,0,0,8,20,0,0,0,12
57,2022-11-17,3,0,6,38,0,0,8,8,0,0,3,69,0,0,2,12
57,2022-11-18,2,1,9,8,0,0,2,6,1,0,1,27,0,0,0,19
57,2022-11-19,1,0,1,9,0,0,2,0,0,0,2,34,0,0,2,15
57,2022-11-20,0,0,7,6,0,0,1,2,0,0,2,27,0,0,1,11
57,2022-11-21,4,0,9,17,0,0,5,7,0,0,5,57,0,0,2,28
57,2022-11-22,12,1,21,54,1,0,9,6,0,0,6,114,0,0,5,28
57,2022-11-23,31,4,6,4,1,3,2,0,0,2,16,92,0,0,7,41
57,2022-11-24,0,0,0,4,0,0,0,1,0,0,9,11,0,0,1,21
57,2022-11-25,3,0,0,1,0,0,0,2,0,0,2,29,0,0,0,12
57,2022-11-26,0,0,1,0,0,0,1,0,0,0,0,20,0,0,0,18
57,2022-11-27,0,0,5,2,0,0,1,0,0,0,5,26,0,0,0,10
57,2022-11-28,2,0,27,21,0,0,0,7,0,0,8,65,0,0,2,25
57,2022-11-29,20,1,28,41,1,0,5,4,0,0,3,48,0,0,11,74
57,2022-11-30,10,3,4,23,0,0,4,5,0,0,2,43,0,0,4,25
57,2022-12-01,7,0,0,7,0,0,1,2,0,0,3,41,0,0,4,1
57,2022-12-02,6,2,4,7,1,0,1,1,0,0,2,61,0,0,1,6
57,2022-12-03,10,3,22,19,0,0,7,8,0,1,14,129,0,0,4,7
57,2022-12-04,41,2,37,36,1,0,8,13,0,0,10,85,0,0,6,16
57,2022-12-05,22,2,15,42,0,0,2,4,0,0,9,63,0,0,2,7
57,2022-12-06,13,2,10,13,2,0,2,4,0,0,9,54,0,0,1,11
57,2022-12-07,12,0,5,23,1,0,6,6,0,0,2,80,0,0,5,9
57,2022-12-08,19,4,31,67,0,0,11,12,0,0,16,93,0,0,11,20
57,2022-12-09,30,4,47,78,1,1,7,12,1,2,28,122,0,0,10,29
57,2022-12-10,24,5,31,60,0,0,18,12,0,9,26,83,0,0,13,57
57,2022-12-11,13,2,18,21,0,1,7,6,0,0,13,72,0,0,3,16
57,2022-12-12,9,3,19,17,6,1,1,1,0,0,11,64,0,0,2,8
57,2022-12-13,4,4,7,34,2,1,8,12,0,0,10,98,0,0,4,9
57,2022-12-14,18,4,36,108,1,2,19,31,0,1,22,116,0,0,2,19
57,2022-12-15,11,0,31,123,0,1,36,36,2,1,15,55,0,0,7,26
57,2022-12-16,6,4,12,52,0,1,18,28,0,0,10,36,0,0,6,9
57,2022-12-17,0,0,3,14,0,0,1,22,0,1,4,71,0,0,0,2
57,2022-12-18,4,2,11,103,0,0,21,30,0,0,2,61,0,0,0,0
57,2022-12-19,21,9,33,105,2,3,33,23,0,2,15,119,0,0,0,16
57,2022-12-20,22,9,48,125,0,3,34,37,0,1,12,79,0,0,5,35
57,2022-12-21,17,3,28,81,0,5,24,27,1,1,16,67,0,0,3,3
57,2022-12-22,5,1,17,54,0,3,6,12,0,0,23,49,0,0,2,15
57,2022-12-23,12,2,17,64,1,1,16,7,2,2,30,92,0,0,8,25
57,2022-12-24,14,4,12,61,1,1,21,25,1,0,11,78,0,0,5,4
57,2022-12-25,14,6,24,110,2,2,29,28,0,0,42,150,0,0,6,14
57,2022-12-26,12,1,18,88,2,0,32,37,1,2,36,98,0,0,3,37
57,2022-12-27,9,1,16,61,0,1,19,21,0,0,31,105,0,0,1,21
57,2022-12-28,10,2,12,56,0,0,7,21,0,2,23,93,0,0,0,0
57,2022-12-29,2,2,18,49,0,0,25,12,0,1,14,120,0,0,1,0
57,2022-12-30,6,3,17,74,0,1,15,20,0,1,38,144,0,0,0,3
57,2022-12-31,13,4,24,92,0,2,20,30,1,0,33,127,0,0,0,2
57,2023-01-01,6,5,8,69,0,0,8,31,0,0,25,139,0,0,0,1
57,2023-01-02,12,1,11,21,0,3,16,0,0,2,27,172,0,0,0,4
57,2023-01-03,8,0,4,21,6,0,0,2,0,3,68,192,0,0,2,2
57,2023-01-04,10,0,19,75,0,2,45,33,2,2,58,302,0,0,5,9
57,2023-01-05,24,9,28,68,2,1,55,67,3,4,66,230,0,0,11,25
57,2023-01-06,7,8,13,90,2,0,43,66,0,2,25,168,0,0,6,8
57,2023-01-07,12,4,16,52,0,3,51,27,0,2,89,225,0,0,9,23
57,2023-01-08,24,5,13,9,4,0,16,0,1,3,94,193,0,0,15,35
57,2023-01-09,11,1,6,33,6,4,43,24,6,3,111,365,0,0,8,51
57,2023-01-10,48,6,43,25,10,4,28,0,6,5,146,484,0,0,17,56
57,2023-01-11,16,5,26,23,2,1,39,0,1,6,91,253,0,0,19,92
57,2023-01-12,19,0,18,37,3,0,37,7,1,3,106,325,0,0,2,55
57,2023-01-13,35,13,38,35,2,2,86,34,6,4,145,388,0,0,2,63
57,2023-01-14,21,12,57,89,2,5,136,107,10,4,184,522,0,0,9,88
57,2023-01-15,24,26,70,131,5,3,159,139,7,9,266,788,0,0,11,51
57,2023-01-16,36,16,77,155,1,4,115,78,13,9,166,401,0,0,23,45
57,2023-01-17,20,10,27,103,1,0,61,36,6,3,119,249,0,0,2,37
57,2023-01-18,8,2,18,113,2,1,19,34,2,1,340,311,0,0,3,15
57,2023-01-19,11,3,39,120,1,0,100,65,6,9,236,333,0,0,5,13
57,2023-01-20,31,20,59,162,3,5,89,56,1,3,259,745,0,0,8,26
57,2023-01-21,38,35,114,262,7,3,86,68,6,13,332,606,0,0,5,28
57,2023-01-22,27,18,85,228,0,3,123,160,4,11,206,396,0,0,1,41
57,2023-01-23,23,20,83,168,0,4,88,126,9,8,240,514,0,0,1,19
57,2023-01-24,21,5,108,270,6,1,89,140,9,8,238,590,0,0,1,7
57,2023-01-25,21,28,98,225,4,3,142,116,3,10,270,765,0,0,5,41
57,2023-01-26,65,43,201,302,5,1,136,150,9,24,320,739,0,0,14,69
57,2023-01-27,46,34,210,384,4,3,55,103,6,9,232,414,0,0,9,19
57,2023-01-28,7,15,114,273,0,0,69,103,0,0,165,261,0,0,0,16
57,2023-01-29,17,1,90,303,0,1,231,180,0,0,99,352,0,0,3,29
57,2023-01-30,34,40,141,202,8,3,202,253,8,12,186,470,0,0,12,201
57,2023-01-31,49,79,317,347,6,2,191,229,18,27,330,689,0,0,15,270
57,2023-02-01,56,31,197,487,5,3,187,295,11,26,215,348,0,0,7,304
57,2023-02-02,46,14,85,336,2,6,107,260,3,7,168,129,0,0,8,92
57,2023-02-03,24,5,42,10,2,5,47,14,1,0,34,231,0,0,0,12
57,2023-02-04,48,9,70,11,1,6,58,16,15,10,394,722,0,0,1,178
57,2023-02-05,22,14,112,10,1,4,61,19,12,50,988,3327,0,0,0,310
57,2023-02-06,119,82,321,120,4,12,183,111,102,171,1599,2862,0,0,10,774
57,2023-02-07,174,76,548,98,7,12,309,151,105,162,1452,1380,0,0,17,390
57,2023-02-08,118,42,450,109,4,7,310,95,33,62,873,1274,0,0,7,125
57,2023-02-09,75,50,333,104,3,4,298,58,44,77,805,1110,0,0,21,188
57,2023-02-10,192,143,779,155,4,15,245,111,94,124,931,1285,0,0,32,194
57,2023-02-11,339,340,1596,333,4,33,704,411,117,191,1414,1349,0,0,32,868
57,2023-02-12,202,246,1748,482,6,22,806,639,59,134,725,794,0,0,17,537
57,2023-02-13,113,78,762,308,8,11,464,390,35,62,636,747,0,0,32,200
57,2023-02-14,64,68,736,348,13,12,537,114,53,109,719,720,0,0,72,122
57,2023-02-15,10,36,298,112,2,13,156,113,43,137,1188,1160,0,0,18,54
57,2023-02-16,2,8,255,140,3,7,161,120,14,39,590,1471,0,0,3,21
57,2023-02-17,0,0,94,48,0,0,203,44,0,0,5,264,0,0,0,17
57,2023-02-18,0,0,188,175,1,0,112,90,0,2,172,369,0,0,15,115
57,2023-02-19,0,4,236,221,1,1,188,44,11,5,382,792,0,0,10,36
57,2023-02-20,2,3,165,233,6,4,218,96,5,14,234,977,0,0,0,36
57,2023-02-21,3,7,390,561,5,6,270,123,10,49,772,1788,0,0,6,24
57,2023-02-22,11,37,792,1034,4,15,213,139,24,47,813,1835,0,0,9,24
57,2023-02-23,7,28,461,654,1,14,299,155,11,38,536,1059,0,0,5,54
57,2023-02-24,14,10,329,568,3,13,215,123,31,83,774,1029,0,0,3,23
57,2023-02-25,0,12,258,828,2,1,178,194,19,40,401,927,0,0,1,11
57,2023-02-26,6,16,718,928,6,28,582,580,15,12,182,1224,0,0,0,7
57,2023-02-27,20,96,1717,1287,13,17,601,615,66,103,236,1188,0,0,1,3
57,2023-02-28,25,81,1397,1107,7,17,716,768,42,51,297,843,0,0,3,63
57,2023-03-01,16,36,742,836,5,9,617,572,25,67,352,917,0,0,7,48
57,2023-03-02,17,48,479,664,12,29,574,286,46,83,655,1287,0,0,6,46
57,2023-03-03,23,93,500,602,15,16,467,445,56,92,851,1404,0,0,5,54
57,2023-03-04,32,110,892,685,10,18,309,98,141,127,1420,2415,0,0,10,39
57,2023-03-05,34,118,656,730,2,18,538,409,38,106,836,1357,0,0,7,44
57,2023-03-06,15,47,218,480,4,22,420,404,44,54,926,1130,0,0,4,47
57,2023-03-07,15,23,167,381,17,17,616,273,74,109,1712,1321,0,0,5,51
57,2023-03-08,23,40,239,417,18,48,864,583,90,110,1410,1227,0,0,8,42
57,2023-03-09,32,66,378,484,3,47,591,303,76,117,1649,1582,0,0,15,65
57,2023-03-10,26,115,544,480,9,112,1168,468,167,280,2300,1814,0,0,19,102
57,2023-03-11,11,39,115,214,3,27,831,515,138,115,1271,557,0,0,10,29
57,2023-03-12,3,2,16,170,2,14,486,99,4,17,71,337,0,0,0,19
57,2023-03-13,0,0,4,28,0,0,1,19,9,25,662,662,0,0,1,24
57,2023-03-14,0,0,37,234,9,20,218,227,43,63,489,827,0,0,6,21
57,2023-03-15,2,14,140,400,25,59,673,607,34,47,597,515,0,0,10,21
57,2023-03-16,5,5,141,290,0,24,509,468,1,8,137,370,0,0,3,28
57,2023-03-17,1,3,107,195,6,21,700,268,3,7,501,517,0,0,4,45
57,2023-03-18,4,0,158,185,11,68,686,189,6,3,167,561,0,0,6,37
57,2023-03-19,1,2,183,126,39,53,387,106,11,21,214,336,0,0,9,31
57,2023-03-20,28,30,639,289,29,103,639,316,41,40,346,510,0,0,1,23
57,2023-03-21,36,80,666,353,8,35,1155,492,36,115,839,1125,0,0,5,123
57,2023-03-22,118,159,823,413,64,209,2074,1606,161,286,706,885,0,0,0,25
57,2023-03-23,261,162,1090,426,82,369,2687,2075,278,687,2326,1576,0,0,10,56
57,2023-03-24,166,192,1460,647,151,642,4393,3228,238,590,1689,1486,0,0,11,96
57,2023-03-25,357,348,2344,740,114,475,4243,2035,517,1301,3759,2867,0,0,16,92
57,2023-03-26,563,538,3071,1152,249,580,5906,1951,427,1529,3343,2186,0,0,23,75
57,2023-03-27,343,370,2307,919,45,200,1939,503,276,614,1501,971,0,0,11,41
57,2023-03-28,685,387,1397,334,174,459,1480,192,205,482,1627,1272,0,0,5,5
57,2023-03-29,376,362,1119,200,118,415,1068,205,86,177,1108,1085,0,0,1,14
57,2023-03-30,384,311,1314,389,132,253,850,161,157,601,2451,2001,0,0,14,62
57,2023-03-31,486,446,1529,675,232,435,1697,247,413,845,2361,1068,0,0,10,46
57,2023-04-01,438,353,834,572,94,202,1437,318,239,454,1462,819,0,0,16,47
57,2023-04-02,181,195,628,263,170,232,2474,366,40,103,390,557,0,0,4,15
57,2023-04-03,235,208,877,504,115,294,3617,918,121,147,1105,758,0,0,6,87
57,2023-04-04,187,344,1119,848,121,334,4739,2601,153,247,1589,1506,0,0,18,61
57,2023-04-05,518,523,1668,1139,344,596,5067,2896,410,991,3304,1546,0,0,19,117
57,2023-04-06,415,364,1240,1127,153,238,5230,2930,167,695,2027,1244,0,0,31,74
57,2023-04-07,310,134,499,228,144,225,1104,282,118,308,1285,965,0,0,34,82
57,2023-04-08,113,20,157,68,173,225,774,102,23,93,1300,1328,0,0,7,99
57,2023-04-09,205,70,331,145,170,186,1327,228,28,172,1283,1385,0,0,29,120
57,2023-04-10,312,258,632,331,160,241,1851,911,94,332,1722,2335,0,0,51,163
57,2023-04-11,355,364,789,336,206,308,3770,1646,237,488,1466,1707,0,0,103,209
57,2023-04-12,310,204,363,270,138,217,1832,350,152,402,949,701,0,0,59,140
57,2023-04-13,238,109,231,112,77,128,1372,396,101,202,669,683,0,0,32,120
57,2023-04-14,227,158,357,114,61,129,1644,514,76,181,722,797,0,0,61,118
57,2023-04-15,241,124,354,224,87,131,953,141,106,285,870,685,0,0,39,54
57,2023-04-16,397,145,466,108,73,131,853,98,66,161,701,759,0,0,26,127
57,2023-04-17,263,100,357,263,69,105,1009,599,41,74,333,549,0,0,22,125
57,2023-04-18,173,55,202,279,80,73,1643,1243,48,97,411,618,0,0,26,175
57,2023-04-19,202,44,128,171,174,103,2780,1733,55,105,528,788,0,0,53,165
57,2023-04-20,65,45,138,212,113,98,1749,1350,28,58,408,800,0,0,32,140
57,2023-04-21,25,81,287,331,250,102,1658,1073,56,152,384,191,0,0,35,87
57,2023-04-22,14,6,202,260,102,93,2667,1781,54,141,162,235,0,0,19,21
57,2023-04-23,39,22,109,136,132,142,1190,339,5,59,163,163,0,0,29,24
57,2023-04-24,30,9,75,79,59,65,534,115,3,18,140,206,0,0,14,39
57,2023-04-25,50,61,110,115,126,67,679,148,22,37,249,317,0,0,19,61
57,2023-04-26,58,34,73,18,53,45,97,46,23,43,332,404,0,0,8,34
57,2023-04-27,24,32,121,69,43,25,332,200,2,17,248,279,0,0,8,39
57,2023-04-28,67,49,181,121,44,33,366,245,1,19,226,241,0,0,7,57
57,2023-04-29,74,39,147,66,15,13,163,163,9,15,135,177,0,0,8,14
57,2023-04-30,4,12,42,39,8,0,1,0,3,7,110,197,0,0,0,18
57,2023-05-01,72,56,220,146,0,0,36,41,1,0,103,274,0,0,4,2
57,2023-05-02,81,67,255,125,11,2,89,107,0,3,24,67,0,0,12,46
57,2023-05-03,13,12,87,75,0,0,124,153,0,0,21,81,0,0,2,57
57,2023-05-04,18,31,153,150,1,2,536,351,0,1,27,63,0,0,11,63
57,2023-05-05,42,21,187,136,7,16,799,620,1,3,35,167,0,0,20,42
57,2023-05-06,115,75,342,227,28,19,1213,972,4,4,123,303,0,0,15,87
57,2023-05-07,156,118,486,318,35,77,824,431,3,10,143,267,0,0,25,129
57,2023-05-08,2,0,8,4,0,0,10,1,0,0,24,209,0,0,4,96
57,2023-05-09,0,0,16,41,0,1,22,12,0,0,13,27,0,0,8,39
57,2023-05-10,1,0,2,5,0,0,23,11,1,1,5,44,0,0,2,18
57,2023-05-11,6,2,22,20,2,1,27,7,0,0,3,38,0,0,3,26
57,2023-05-12,2,1,7,9,1,0,2,0,1,0,2,23,0,0,4,7
57,2023-05-13,0,0,0,7,0,0,0,0,0,0,1,3,0,0,0,0
57,2023-05-14,0,0,2,6,0,0,0,0,0,0,0,0,0,0,0,0
57,2023-05-15,0,0,0,8,0,0,0,1,0,0,0,2,0,0,0,1
57,2023-05-16,0,0,6,24,0,0,0,8,0,0,0,2,0,0,0,1
57,2023-05-17,13,3,26,76,1,1,32,83,1,0,7,20,0,0,3,17
57,2023-05-18,18,7,42,93,6,5,186,323,1,1,13,18,0,0,24,50
57,2023-05-19,11,4,36,74,2,6,134,310,0,1,10,34,0,0,10,43
57,2023-05-20,24,7,39,70,14,8,188,156,1,1,9,25,0,0,19,39
57,2023-05-21,8,8,18,40,15,5,126,77,0,0,9,22,0,0,64,69
57,2023-05-22,44,5,39,45,7,7,121,65,3,3,24,29,0,0,40,78
57,2023-05-23,64,10,48,38,17,6,73,70,1,3,18,26,0,0,29,43
57,2023-05-24,6,0,7,5,3,2,41,17,1,1,9,10,0,0,9,34
57,2023-05-25,9,1,14,9,0,0,6,1,0,0,1,8,0,0,9,11
57,2023-05-26,2,0,11,9,1,2,4,5,0,0,2,18,0,0,3,22
57,2023-05-27,4,0,7,15,0,2,1,2,0,0,7,22,0,0,5,28
57,2023-05-28,3,0,28,32,0,0,6,15,0,1,7,20,0,0,20,49
57,2023-05-29,0,0,0,0,0,0,2,65,0,0,5,10,0,0,7,55
57,2023-05-30,12,5,15,7,2,2,15,29,2,0,5,16,0,0,16,30
57,2023-05-31,1,0,12,8,0,1,15,50,0,1,2,12,0,0,17,72
57,2023-06-01,9,0,21,20,3,0,25,17,1,0,1,7,0,0,23,39
57,2023-06-02,8,4,35,37,2,0,18,19,0,0,1,11,0,0,21,18
57,2023-06-03,4,7,30,38,2,1,7,9,0,0,1,3,0,0,38,154
57,2023-06-04,7,2,15,15,0,1,1,3,0,0,2,5,0,0,6,41
57,2023-06-05,1,2,5,7,2,0,0,0,1,0,0,5,0,0,26,60
57,2023-06-06,0,0,0,0,0,0,0,1,0,0,2,1,0,0,0,4
57,2023-06-07,0,0,0,5,0,0,0,4,0,0,1,1,0,0,3,3
57,2023-06-08,0,0,1,2,0,0,0,4,0,0,0,1,0,0,0,25
57,2023-06-09,0,0,0,1,0,0,0,0,0,0,0,0,0,0,0,0
57,2023-06-10,0,0,1,1,0,0,1,0,0,0,1,0,0,0,0,1
57,2023-06-11,0,0,0,1,0,0,0,0,0,0,0,1,0,0,0,1
57,2023-06-12,0,0,1,0,0,0,0,0,0,0,0,0,0,0,0,0
57,2023-06-13,0,1,2,2,0,0,0,0,0,0,0,0,0,0,0,0
57,2023-06-14,1,0,1,1,0,0,0,0,0,0,0,0,0,0,0,0
57,2023-06-15,0,0,1,1,0,0,0,0,0,0,0,2,0,0,0,4
57,2023-06-16,1,0,0,0,0,0,0,0,0,0,0,0,0,0,0,0
57,2023-06-17,1,0,5,2,1,0,4,0,0,0,0,0,0,0,3,12
57,2023-06-18,4,0,4,2,2,0,0,0,0,1,0,5,0,0,1,21
57,2023-06-19,1,1,4,3,0,0,0,0,0,0,2,0,0,0,15,23
57,2023-06-20,1,0,1,3,0,0,0,0,0,0,0,0,0,0,1,6
57,2023-06-21,0,0,0,4,0,0,5,2,0,0,0,0,0,0,0,2
57,2023-06-22,0,0,0,3,0,0,0,0,0,0,0,1,0,0,0,0
57,2023-06-23,0,0,2,6,0,0,3,7,0,0,0,0,0,0,0,1
57,2023-06-24,3,0,0,9,0,0,6,0,0,0,0,0,0,0,0,1
57,2023-06-25,0,0,0,0,0,0,0,0,0,0,0,0,0,0,3,11
57,2023-06-26,0,0,0,0,0,0,1,0,0,0,0,6,0,0,8,3
57,2023-06-27,0,0,2,0,0,0,3,0,0,0,4,2,0,0,6,9
57,2023-06-28,0,0,1,0,0,0,0,0,0,0,5,6,0,0,4,13
57,2023-06-29,0,0,10,20,0,0,0,0,0,0,1,4,0,0,14,16
57,2023-06-30,0,0,1,1,0,0,1,3,0,0,0,1,0,0,7,2
57,2023-07-01,1,0,4,11,0,0,0,0,0,0,0,3,0,0,4,5
57,2023-07-02,0,0,0,0,0,0,0,6,0,0,0,0,0,0,0,0
57,2023-07-03,0,0,0,0,0,0,0,0,0,0,0,0,0,0,0,1
57,2023-07-04,0,0,0,0,0,0,0,0,0,0,0,2,0,0,0,0
57,2023-07-05,0,0,1,1,0,0,0,0,0,0,0,0,0,0,0,0
57,2023-07-06,0,0,3,10,0,0,0,0,0,0,0,1,0,0,0,5
57,2023-07-07,0,0,5,12,0,0,0,1,0,0,0,5,0,0,0,1
57,2023-07-08,0,0,1,10,0,0,1,0,0,0,0,3,0,0,0,0
57,2023-07-09,0,0,0,0,0,0,1,0,0,0,0,3,0,0,0,2
57,2023-07-10,1,0,8,18,0,0,0,0,0,0,0,0,0,0,0,0
57,2023-07-11,0,0,0,2,1,0,0,0,0,0,0,0,0,0,0,1
57,2023-07-12,0,1,1,0,0,0,0,1,0,0,0,1,0,0,0,0
57,2023-07-13,0,0,0,4,0,0,0,1,0,0,0,0,0,0,0,0
57,2023-07-14,1,0,4,1,0,0,0,0,0,0,0,1,0,0,0,0
57,2023-07-15,0,0,0,7,0,0,1,0,0,0,0,0,0,0,0,2
57,2023-07-16,0,0,0,0,0,0,0,0,0,0,0,1,0,0,1,7
57,2023-07-17,1,0,2,8,0,0,1,0,0,0,0,2,0,0,18,15
57,2023-07-18,0,0,0,0,0,0,0,0,0,0,0,0,0,0,14,19
57,2023-07-19,0,0,1,0,0,0,0,0,0,0,0,3,0,0,0,2
57,2023-07-20,0,0,1,1,0,0,0,0,0,0,2,0,0,0,0,0
57,2023-07-21,0,0,2,6,0,0,0,0,0,0,0,1,0,0,2,6
57,2023-07-22,0,0,3,11,0,0,0,1,0,0,1,1,0,0,1,2
57,2023-07-23,1,0,0,0,0,0,0,1,0,0,0,1,0,0,0,1
57,2023-07-24,2,0,0,0,0,0,0,1,0,0,0,0,0,0,0,3
57,2023-07-25,0,0,13,7,0,0,3,2,0,0,2,3,0,0,3,6
57,2023-07-26,0,0,0,0,0,0,0,0,0,0,0,0,0,0,0,0
57,2023-07-27,0,0,0,0,0,0,0,0,0,0,0,0,0,0,0,0
57,2023-07-28,0,0,4,0,0,0,0,0,0,0,0,0,0,0,0,0
57,2023-07-29,0,0,0,0,0,0,0,0,0,0,0,1,0,0,1,2
57,2023-07-30,0,0,0,1,0,0,0,0,0,0,0,1,0,0,0,2
57,2023-07-31,0,0,0,1,0,0,0,0,0,0,0,0,0,0,0,0
57,2023-08-01,0,0,0,2,0,0,0,0,0,0,0,0,0,0,0,0
57,2023-08-02,0,0,0,0,0,0,0,0,0,0,0,0,0,0,0,0
57,2023-08-03,0,0,0,0,0,0,0,0,0,0,0,0,0,0,0,0
57,2023-08-04,0,0,0,0,0,0,0,0,0,0,0,0,0,0,0,0
57,2023-08-05,0,0,0,0,0,0,0,0,0,0,0,4,0,0,0,0
57,2023-08-06,0,0,0,0,0,0,0,0,0,0,0,0,0,0,0,0
57,2023-08-07,0,0,0,0,0,0,0,0,0,0,0,0,0,0,0,0
57,2023-08-08,0,0,0,0,0,0,0,0,0,0,0,0,0,0,0,0
57,2023-08-09,0,0,0,0,0,0,0,0,0,0,0,0,0,0,0,0
57,2023-08-10,0,0,0,15,0,0,0,0,0,0,0,0,0,0,0,4
57,2023-08-11,1,0,19,65,0,0,0,0,0,0,0,0,0,0,0,0
57,2023-08-12,0,0,0,0,0,0,0,0,0,0,0,0,0,0,0,1
57,2023-08-13,0,0,4,6,0,0,0,0,0,0,0,1,0,0,1,2
57,2023-08-14,0,0,0,7,0,0,0,0,0,0,0,0,0,0,0,1
57,2023-08-15,0,0,0,7,0,0,0,0,0,0,0,3,0,0,0,0
57,2023-08-16,0,0,7,25,0,0,0,0,0,0,0,0,0,0,0,1
57,2023-08-17,0,0,0,2,0,0,1,0,0,0,0,1,0,0,4,2
57,2023-08-18,0,0,9,48,0,0,1,0,0,0,0,0,0,0,1,0
57,2023-08-19,0,0,2,19,0,0,0,0,0,0,0,0,0,0,0,3
57,2023-08-20,0,0,0,2,0,0,0,0,0,0,0,2,0,0,1,0
57,2023-08-21,0,0,3,27,0,0,0,0,0,0,0,1,0,0,0,0
57,2023-08-22,0,0,0,9,0,0,0,0,0,0,0,0,0,0,0,0
57,2023-08-23,0,0,3,11,0,0,0,0,0,0,0,0,0,0,0,0
57,2023-08-24,0,0,0,0,0,0,0,0,0,0,0,1,0,0,0,1
57,2023-08-25,0,0,1,4,0,0,0,0,0,0,0,1,0,0,0,0
57,2023-08-26,0,0,0,1,0,0,0,0,0,0,0,0,0,0,0,1
57,2023-08-27,0,0,2,9,0,0,0,0,0,0,0,3,0,0,0,0
57,2023-08-28,0,0,1,6,0,0,0,0,0,0,0,0,0,0,0,1
57,2023-08-29,0,0,5,7,0,0,0,0,0,0,0,1,0,0,0,0
57,2023-08-30,0,0,3,4,0,0,0,0,0,0,3,1,0,0,0,0
57,2023-08-31,0,0,0,9,0,0,0,0,0,0,0,1,0,0,0,2
57,2023-09-01,0,0,16,15,0,0,0,1,0,0,0,2,0,0,1,5
57,2023-09-02,0,0,0,14,0,0,1,0,0,0,0,0,0,0,0,4
57,2023-09-03,0,0,9,20,0,0,0,0,0,0,0,2,0,0,5,8
57,2023-09-04,0,0,2,5,0,0,0,0,0,0,0,3,0,0,1,4
57,2023-09-05,0,0,0,0,0,0,0,0,0,0,0,2,0,0,3,13
57,2023-09-06,0,0,0,0,0,0,1,0,0,0,4,0,0,0,0,1
57,2023-09-07,0,0,1,0,0,0,0,0,0,0,4,0,0,0,0,5
57,2023-09-08,0,0,0,1,0,0,0,1,0,0,0,1,0,0,2,6
57,2023-09-09,0,0,0,6,0,0,0,0,0,0,1,3,0,0,3,5
57,2023-09-10,0,0,0,1,0,0,0,1,0,0,0,1,0,0,5,7
57,2023-09-11,0,0,0,0,0,0,0,0,0,0,0,1,0,0,2,4
57,2023-09-12,1,0,0,2,1,0,0,0,0,0,2,0,0,0,1,2
57,2023-09-13,0,0,0,0,0,0,0,0,0,0,0,2,0,0,0,1
57,2023-09-14,0,0,0,0,0,0,0,0,0,0,0,0,0,0,1,8
57,2023-09-15,0,0,0,0,0,0,0,0,0,0,0,0,0,0,0,17
57,2023-09-16,0,0,0,0,0,0,0,0,0,0,3,0,0,0,2,8
57,2023-09-17,0,0,0,1,0,0,0,0,0,0,5,0,0,0,0,4
57,2023-09-18,0,0,0,0,0,0,0,0,0,0,0,0,0,0,0,1
57,2023-09-19,0,0,0,0,0,0,0,0,2,0,0,0,0,0,0,4
57,2023-09-20,0,0,0,1,0,0,0,0,0,0,0,0,0,0,1,4
57,2023-09-21,3,0,3,9,0,0,0,0,0,1,0,1,0,0,1,4
57,2023-09-22,1,0,0,0,0,0,0,0,0,0,3,6,0,0,1,8
57,2023-09-23,0,0,4,15,0,1,3,0,0,0,3,8,0,0,4,10
57,2023-09-24,1,0,3,11,0,0,2,1,0,0,1,4,0,0,1,7
57,2023-09-25,0,0,0,2,0,0,5,0,0,0,0,3,0,0,1,8
57,2023-09-26,0,0,0,0,0,0,2,0,0,0,0,1,0,0,4,6
57,2023-09-27,0,0,0,0,0,0,0,0,0,0,0,9,0,0,0,3
57,2023-09-28,0,0,0,0,0,0,0,0,0,0,0,4,0,0,0,3
57,2023-09-29,0,0,0,0,0,0,0,0,0,0,0,0,0,0,0,1
57,2023-09-30,0,0,0,0,0,0,0,0,0,0,2,0,0,0,0,1
57,2023-10-01,0,0,0,1,0,0,0,0,0,0,0,0,0,0,0,2
57,2023-10-02,0,0,0,2,0,0,0,0,0,0,0,1,0,0,0,2
57,2023-10-03,2,0,1,3,0,0,0,0,0,0,1,5,0,0,0,2
57,2023-10-04,1,0,3,12,0,0,1,1,0,0,3,0,0,0,1,9
57,2023-10-05,0,2,0,0,1,0,0,2,0,0,4,2,0,0,2,14
57,2023-10-06,1,0,0,1,0,0,0,2,0,0,0,1,0,0,0,2
57,2023-10-07,1,1,0,0,0,0,0,0,0,0,0,0,0,0,0,0
57,2023-10-08,3,0,0,0,0,0,0,0,0,0,0,1,0,0,0,1
57,2023-10-09,0,0,0,0,0,0,0,0,0,0,0,0,0,0,0,0
57,2023-10-10,0,0,0,0,0,0,0,0,0,0,0,0,0,0,0,0
57,2023-10-11,0,0,0,0,0,0,0,0,0,0,0,1,0,0,0,1
57,2023-10-12,0,0,0,0,0,0,0,0,0,0,0,0,0,0,0,0
57,2023-10-13,0,0,0,1,0,0,1,1,0,0,0,0,0,0,0,0
57,2023-10-14,0,0,0,5,0,0,0,0,0,0,0,6,0,0,0,4
57,2023-10-15,0,0,0,1,0,0,0,0,0,0,2,5,0,0,3,7
57,2023-10-16,0,0,0,3,0,0,0,0,0,0,2,3,0,0,0,16
57,2023-10-17,0,0,0,3,0,0,2,0,0,0,0,2,0,0,0,11
57,2023-10-18,1,0,1,4,0,0,7,0,0,0,0,5,0,0,0,6
57,2023-10-19,2,0,1,7,0,0,6,0,3,0,4,25,0,0,5,23
57,2023-10-20,4,1,6,21,0,0,7,1,1,0,6,19,0,0,3,9
57,2023-10-21,0,0,0,9,0,0,0,3,0,0,0,8,0,0,0,19
57,2023-10-22,0,0,0,2,0,0,2,4,0,0,0,4,0,0,0,3
57,2023-10-23,0,0,1,5,0,0,0,0,0,0,0,1,0,0,1,5
57,2023-10-24,1,0,4,14,0,0,3,1,1,0,1,4,0,0,0,6
57,2023-10-25,1,1,5,6,0,0,5,0,0,0,3,4,0,0,0,2
57,2023-10-26,1,0,2,4,0,1,5,0,0,0,0,4,0,0,1,8
57,2023-10-27,0,1,0,2,0,0,0,0,0,0,1,0,0,0,0,9
57,2023-10-28,0,0,0,4,0,0,0,0,0,0,0,3,0,0,0,7
57,2023-10-29,0,0,0,0,0,0,0,1,0,0,0,7,0,0,0,8
57,2023-10-30,0,0,0,3,0,0,0,2,0,0,0,8,0,0,0,5
57,2023-10-31,0,0,0,1,0,0,0,0,0,0,0,2,0,0,1,12
57,2023-11-01,0,0,0,1,0,0,3,3,0,0,0,8,0,0,0,4
57,2023-11-02,0,0,0,0,0,0,0,0,0,0,0,2,0,0,0,3
57,2023-11-03,0,0,5,11,0,0,0,0,0,0,2,19,0,0,1,18
57,2023-11-04,1,0,10,18,0,1,2,2,0,0,5,32,0,0,2,23
57,2023-11-05,2,1,13,37,0,1,3,5,0,0,3,19,0,0,10,29
57,2023-11-06,2,1,1,10,0,1,4,3,1,0,0,17,0,0,2,8
57,2023-11-07,0,0,1,4,0,0,1,0,0,0,1,3,0,0,1,3
57,2023-11-08,0,0,2,5,0,0,0,0,0,0,1,21,0,0,5,12
57,2023-11-09,0,0,8,4,0,0,0,1,0,0,4,37,0,0,3,18
57,2023-11-10,6,3,14,16,0,1,3,1,2,0,12,44,0,0,6,28
57,2023-11-11,3,2,5,8,1,0,5,5,0,0,1,28,0,0,2,27
57,2023-11-12,0,0,2,1,0,1,0,0,0,0,0,15,0,0,1,7
57,2023-11-13,0,1,2,1,0,0,1,0,0,0,0,6,0,0,0,14
57,2023-11-14,0,1,2,4,0,0,0,0,0,0,6,14,0,0,0,3
57,2023-11-15,3,1,18,26,0,0,0,3,0,0,1,64,0,0,0,3
57,2023-11-16,8,0,18,17,1,0,1,1,0,1,1,27,0,0,0,2
57,2023-11-17,2,0,3,13,0,1,0,4,0,1,0,1,0,0,0,0
57,2023-11-18,2,0,13,14,0,0,0,2,0,0,0,16,0,0,0,0
57,2023-11-19,3,2,21,40,0,2,6,2,0,0,0,83,0,0,0,3
57,2023-11-20,3,3,29,71,0,0,8,1,1,0,1,144,0,0,1,4
57,2023-11-21,23,2,64,114,1,1,11,9,0,0,0,93,0,0,2,19
57,2023-11-22,8,3,22,76,1,0,8,7,0,0,2,57,0,0,4,17
57,2023-11-23,4,1,17,7,0,0,9,3,0,0,2,40,0,0,1,15
57,2023-11-24,17,2,8,30,0,0,3,2,0,0,2,85,0,0,5,3
57,2023-11-25,17,1,32,61,0,1,3,4,2,1,9,180,0,0,4,11
57,2023-11-26,29,7,41,96,2,0,12,3,0,0,9,98,0,0,5,23
57,2023-11-27,23,5,26,50,0,0,15,10,2,0,6,68,0,0,10,28
57,2023-11-28,8,0,26,30,0,0,3,4,0,0,1,43,0,0,1,14
57,2023-11-29,2,1,18,19,0,0,7,1,0,0,5,37,0,0,5,1
57,2023-11-30,3,1,17,45,0,1,0,0,0,0,0,36,0,0,2,1
57,2023-12-01,19,8,50,78,1,0,4,2,0,0,0,197,0,0,1,4
57,2023-12-02,23,1,10,38,0,1,2,3,2,0,3,58,0,0,4,1
57,2023-12-03,8,1,1,14,0,0,0,3,0,0,2,36,0,0,0,3
57,2023-12-04,8,0,13,9,0,0,0,3,0,0,0,42,0,0,1,3
57,2023-12-05,6,12,25,36,0,0,4,8,0,0,0,55,0,0,0,0
57,2023-12-06,2,3,39,66,0,0,1,3,0,0,0,94,0,0,0,4
57,2023-12-07,0,0,48,83,0,0,6,8,0,0,5,53,0,0,0,1
57,2023-12-08,1,0,20,68,0,0,2,11,0,0,0,24,0,0,0,2
57,2023-12-09,6,0,8,28,0,0,3,12,0,0,14,16,0,0,1,5
57,2023-12-10,3,5,13,38,0,0,1,5,0,0,1,14,0,0,5,9
57,2023-12-11,11,1,40,77,2,0,10,3,0,0,5,55,0,0,3,20
57,2023-12-12,16,6,32,91,0,3,11,6,0,0,6,62,0,0,2,4
57,2023-12-13,8,0,15,57,0,0,8,10,0,0,3,35,0,0,3,1
57,2023-12-14,0,1,21,34,0,0,3,9,0,1,5,27,0,0,0,11
57,2023-12-15,1,1,9,36,0,2,10,9,2,0,4,64,0,0,2,7
57,2023-12-16,2,3,18,65,0,0,9,6,1,0,3,126,0,0,3,5
57,2023-12-17,13,2,23,59,0,2,11,4,0,1,13,108,0,0,10,16
57,2023-12-18,16,6,30,92,3,3,18,12,3,0,9,68,0,0,6,22
57,2023-12-19,15,1,8,41,1,3,7,8,0,0,11,26,0,0,1,17
57,2023-12-20,1,3,6,42,2,0,7,11,0,0,4,69,0,0,2,8
57,2023-12-21,4,1,11,71,0,0,4,4,0,0,7,90,0,0,4,3
57,2023-12-22,0,0,17,84,0,0,6,18,0,0,11,134,0,0,0,1
57,2023-12-23,24,9,32,129,4,3,31,8,2,0,16,102,0,0,2,3
57,2023-12-24,21,4,15,61,0,1,14,23,0,0,10,60,0,0,0,3
57,2023-12-25,2,0,7,16,0,0,1,20,0,0,7,59,0,0,0,1
57,2023-12-26,11,1,14,57,2,4,21,33,0,0,17,74,0,0,7,7
57,2023-12-27,12,4,21,65,0,1,8,9,0,1,13,132,0,0,7,7
57,2023-12-28,27,8,20,106,1,2,25,23,1,0,25,103,0,0,7,15
57,2023-12-29,9,7,16,57,0,3,19,22,1,0,17,55,0,0,13,24
57,2023-12-30,6,2,6,39,0,1,11,9,2,0,12,90,0,0,4,17
57,2023-12-31,2,1,9,24,0,1,11,13,1,0,27,76,0,0,3,12
57,2024-01-01,5,1,8,20,0,1,10,13,3,0,24,104,0,0,5,17
57,2024-01-02,12,7,22,55,0,4,19,20,1,1,58,135,0,0,13,23
57,2024-01-03,21,3,12,130,0,3,40,28,1,4,24,119,0,0,23,33
57,2024-01-04,9,4,6,67,2,1,13,19,0,0,17,78,0,0,6,10
57,2024-01-05,7,4,8,49,0,1,12,15,0,0,36,86,0,0,12,19
57,2024-01-06,7,0,18,73,0,0,23,17,1,0,19,129,0,0,12,11
57,2024-01-07,8,4,9,84,0,5,22,14,0,0,74,211,0,0,18,25
57,2024-01-08,19,4,22,139,0,2,29,17,6,0,56,126,0,0,27,39
57,2024-01-09,8,4,13,85,2,2,18,33,0,0,51,136,0,0,11,56
57,2024-01-10,3,4,7,46,0,0,3,6,1,1,39,118,0,0,9,19
57,2024-01-11,7,3,13,59,0,2,9,12,1,2,28,125,0,0,6,11
57,2024-01-12,7,4,18,42,1,6,17,2,3,3,48,194,0,0,10,37
57,2024-01-13,12,4,26,65,0,3,6,4,2,2,87,162,0,0,17,65
57,2024-01-14,2,1,8,108,0,2,22,11,1,2,45,96,0,0,19,53
57,2024-01-15,0,2,5,98,0,0,4,4,2,0,47,103,0,0,1,21
57,2024-01-16,0,2,15,61,0,0,11,8,0,0,29,89,0,0,3,7
57,2024-01-17,3,8,23,69,0,1,23,22,0,0,36,188,0,0,0,5
57,2024-01-18,3,9,31,134,2,0,23,16,0,3,61,256,0,0,3,6
57,2024-01-19,14,22,54,152,0,0,32,54,2,4,79,144,0,0,6,13
57,2024-01-20,10,18,38,89,0,2,29,33,1,0,59,156,0,0,1,6
57,2024-01-21,11,23,42,97,1,10,11,22,3,0,107,209,0,0,2,4
57,2024-01-22,10,9,44,98,5,3,32,20,4,1,72,213,0,0,9,10
57,2024-01-23,14,19,75,66,0,2,29,2,1,4,173,318,0,0,6,15
57,2024-01-24,23,23,48,90,0,0,10,8,2,7,179,161,0,0,16,9
57,2024-01-25,5,11,24,1,0,0,5,6,1,0,35,50,0,0,1,0
57,2024-01-26,0,0,0,87,0,0,0,1,0,0,60,63,0,0,1,1
57,2024-01-27,1,0,1,81,3,1,1,9,1,0,68,75,0,0,0,3
57,2024-01-28,7,0,1,21,0,0,0,0,0,4,119,191,0,0,0,3
57,2024-01-29,6,5,2,38,2,3,1,0,4,1,219,231,0,0,11,5
57,2024-01-30,6,0,5,11,0,1,7,1,0,3,147,206,0,0,10,10
57,2024-01-31,0,1,2,35,0,1,0,2,0,2,18,36,0,0,3,2
57,2024-02-01,18,14,15,99,0,0,23,19,11,6,213,231,0,0,6,17
57,2024-02-02,30,12,44,100,0,1,56,87,5,10,207,362,0,0,2,9
57,2024-02-03,28,42,124,110,0,4,79,66,6,18,325,615,0,0,11,29
57,2024-02-04,37,55,146,310,1,4,121,93,3,17,231,367,0,0,14,106
57,2024-02-05,54,26,62,420,1,2,70,119,5,20,261,275,0,0,7,127
57,2024-02-06,33,11,43,379,0,0,81,90,11,10,382,316,0,0,5,51
57,2024-02-07,25,19,38,357,3,9,142,154,8,9,310,476,0,0,11,25
57,2024-02-08,43,22,64,326,0,2,153,83,21,26,377,730,0,0,7,28
57,2024-02-09,62,37,118,326,5,7,80,16,9,29,303,475,0,0,3,10
57,2024-02-10,15,6,14,290,0,0,3,18,3,25,230,362,0,0,0,2
57,2024-02-11,0,0,19,259,0,0,7,54,1,7,281,389,0,0,0,9
57,2024-02-12,20,2,45,168,2,0,90,76,1,10,155,426,0,0,0,7
57,2024-02-13,47,26,106,260,3,2,91,113,3,17,324,889,0,0,0,19
57,2024-02-14,73,68,319,475,4,1,96,135,20,79,566,790,0,0,11,41
57,2024-02-15,22,48,280,795,2,4,125,148,8,34,331,503,0,0,11,38
57,2024-02-16,1,13,102,362,2,2,68,68,11,30,343,477,0,0,3,31
57,2024-02-17,3,6,55,136,0,1,119,129,31,71,990,1124,0,0,7,50
57,2024-02-18,10,49,195,94,1,3,283,185,67,123,904,1222,0,0,8,123
57,2024-02-19,15,65,301,258,7,4,150,189,100,179,1229,1255,0,0,20,541
57,2024-02-20,34,101,448,606,3,6,163,233,87,199,706,681,0,0,31,400
57,2024-02-21,21,67,226,389,3,7,125,174,24,90,333,446,0,0,17,230
57,2024-02-22,5,23,160,226,4,2,109,179,27,65,440,440,0,0,19,55
57,2024-02-23,12,33,229,190,1,3,155,115,47,127,417,647,0,0,26,66
57,2024-02-24,26,67,392,212,4,10,167,38,34,127,623,771,0,0,16,66
57,2024-02-25,64,147,543,337,7,14,148,30,86,204,927,842,0,0,15,78
57,2024-02-26,23,39,201,351,4,10,126,93,47,93,627,588,0,0,38,72
57,2024-02-27,1,6,102,262,0,1,87,43,30,137,889,827,0,0,37,67
57,2024-02-28,6,9,166,135,4,2,108,102,82,131,903,1188,0,0,40,48
57,2024-02-29,19,79,405,161,4,4,139,155,74,189,1020,1455,0,0,16,41
57,2024-03-01,55,194,1033,193,2,6,125,63,143,265,1928,1559,0,0,13,38
57,2024-03-02,50,96,484,181,2,7,106,55,136,175,1148,1168,0,0,6,33
57,2024-03-03,13,44,262,94,4,9,135,79,58,129,1232,1627,0,0,1,56
57,2024-03-04,38,51,609,225,4,34,299,341,72,167,1277,1390,0,0,5,61
57,2024-03-05,54,169,859,330,6,28,454,807,123,234,1402,1632,0,0,12,48
57,2024-03-06,110,375,1283,380,18,45,455,853,211,387,1779,2365,0,0,12,63
57,2024-03-07,60,209,1044,675,13,42,332,376,153,287,1299,1809,0,0,7,64
57,2024-03-08,34,113,385,156,2,33,211,77,46,61,926,1237,0,0,4,24
57,2024-03-09,32,63,440,38,9,27,52,4,65,82,1559,1759,0,0,8,51
57,2024-03-10,34,130,721,143,3,30,159,31,120,135,1478,1649,0,0,8,31
57,2024-03-11,62,198,1240,158,1,17,138,19,142,190,1796,2564,0,0,9,37
57,2024-03-12,101,319,1540,376,7,20,124,77,278,423,3001,3209,0,0,19,35
57,2024-03-13,113,263,1498,370,17,29,303,135,166,209,1323,1154,0,0,18,67
57,2024-03-14,34,83,627,350,3,14,274,149,93,171,1457,1419,0,0,12,46
57,2024-03-15,25,36,372,537,12,60,601,329,115,213,957,1074,0,0,12,48
57,2024-03-16,34,122,800,260,8,47,564,471,69,217,1007,1529,0,0,7,52
57,2024-03-17,72,186,859,323,11,75,383,215,124,167,1337,1350,0,0,9,50
57,2024-03-18,74,58,528,287,24,63,384,282,127,241,1090,1271,0,0,12,53
57,2024-03-19,2,5,66,36,0,3,114,12,49,152,1310,1373,0,0,5,9
57,2024-03-20,0,0,63,12,0,0,1,0,2,16,1271,1108,0,0,0,12
57,2024-03-21,0,1,39,30,1,2,30,4,25,75,141,828,0,0,1,20
57,2024-03-22,0,7,132,80,0,2,34,26,0,0,34,648,0,0,2,22
57,2024-03-23,33,67,433,103,1,4,103,57,25,13,223,702,0,0,8,51
57,2024-03-24,45,65,495,85,5,23,327,123,23,12,335,903,0,0,7,30
57,2024-03-25,28,45,541,174,20,42,640,360,84,86,858,1069,0,0,4,72
57,2024-03-26,23,20,257,47,5,119,471,115,37,142,587,856,0,0,4,27
57,2024-03-27,63,73,732,103,65,218,490,212,199,513,2418,1734,0,0,4,34
57,2024-03-28,103,180,1173,82,84,192,963,550,127,275,1666,1001,0,0,1,7
57,2024-03-29,80,152,878,139,54,79,523,158,63,227,1254,998,0,0,1,10
57,2024-03-30,60,113,630,176,38,112,611,138,44,198,1285,1694,0,0,5,3
57,2024-03-31,101,90,673,353,67,326,1846,371,61,296,1825,1540,0,0,5,11
57,2024-04-01,205,179,804,372,72,168,1666,997,157,424,1708,1945,0,0,7,23
57,2024-04-02,379,461,1583,464,101,277,2743,1544,188,561,2408,1367,0,0,6,53
57,2024-04-03,245,250,909,445,44,126,1576,1547,94,259,1568,1317,0,0,14,37
57,2024-04-04,108,103,381,224,90,194,2324,1075,91,217,1457,1374,0,0,14,34
57,2024-04-05,101,49,357,142,115,389,2307,769,78,353,2020,2104,0,0,9,39
57,2024-04-06,73,67,381,169,50,203,2220,882,65,220,1693,2156,0,0,38,46
57,2024-04-07,104,108,764,280,114,313,2468,750,60,289,1498,1930,0,0,13,58
57,2024-04-08,118,82,588,262,21,117,1692,723,77,160,828,1187,0,0,16,54
57,2024-04-09,36,65,211,144,115,207,684,17,88,146,1015,1381,0,0,16,42
57,2024-04-10,0,5,55,11,15,40,44,4,22,30,768,1116,0,0,5,25
57,2024-04-11,17,28,97,62,22,58,331,68,7,40,533,993,0,0,7,36
57,2024-04-12,4,19,164,109,5,26,312,268,22,27,578,1258,0,0,24,30
57,2024-04-13,11,43,374,101,45,268,1311,334,5,44,387,706,0,0,30,66
57,2024-04-14,8,43,203,60,21,115,815,202,5,32,187,408,0,0,7,82
57,2024-04-15,9,19,80,44,20,83,1461,666,1,4,273,585,0,0,13,100
57,2024-04-16,6,21,112,33,102,257,1134,123,17,85,415,614,0,0,12,79
57,2024-04-17,24,90,344,118,66,271,371,220,34,73,563,523,0,0,2,9
57,2024-04-18,42,83,433,234,198,280,1106,348,31,73,100,239,0,0,14,74
57,2024-04-19,23,49,217,103,15,68,314,204,12,15,272,284,0,0,2,25
57,2024-04-20,33,20,161,192,74,84,827,323,14,21,431,441,0,0,1,2
57,2024-04-21,47,43,165,116,163,148,1092,371,7,18,247,510,0,0,4,12
57,2024-04-22,101,83,326,192,104,242,1645,927,50,87,406,415,0,0,15,54
57,2024-04-23,108,79,331,213,129,127,1943,1449,54,62,316,417,0,0,24,61
57,2024-04-24,8,22,79,60,5,40,1024,531,2,16,113,294,0,0,3,19
57,2024-04-25,12,61,281,266,9,40,496,261,3,26,77,274,0,0,13,46
57,2024-04-26,26,32,266,294,13,73,622,306,5,12,116,358,0,0,9,71
57,2024-04-27,39,88,298,316,81,134,2541,986,15,108,334,438,0,0,49,56
57,2024-04-28,107,137,483,379,88,215,2464,1592,33,138,437,575,0,0,42,58
57,2024-04-29,163,200,917,735,157,225,3451,1893,78,243,315,264,0,0,76,128
57,2024-04-30,104,139,624,618,100,99,1718,1106,22,126,251,266,0,0,41,47
57,2024-05-01,535,191,641,346,82,86,1415,675,43,139,168,159,0,0,10,13
57,2024-05-02,149,72,430,267,105,37,493,61,10,1,48,158,0,0,6,2
57,2024-05-03,334,45,317,204,5,14,180,10,15,11,28,274,0,0,29,22
57,2024-05-04,300,140,402,189,28,33,600,23,68,80,99,127,0,0,110,85
57,2024-05-05,124,88,435,159,17,12,80,12,16,27,57,114,0,0,25,6
57,2024-05-06,65,34,202,113,5,4,82,10,7,9,45,170,0,0,8,33
57,2024-05-07,6,5,53,20,0,1,43,15,0,1,13,79,0,0,4,7
57,2024-05-08,13,2,91,52,0,2,42,20,0,2,49,164,0,0,4,7
57,2024-05-09,33,7,109,77,7,6,146,3,0,3,61,91,0,0,13,5
57,2024-05-10,5,3,58,25,2,2,21,5,1,1,23,159,0,0,4,10
57,2024-05-11,2,0,28,9,0,3,11,2,0,0,15,95,0,0,3,8
57,2024-05-12,1,2,29,22,1,4,31,18,0,2,21,112,0,0,7,14
57,2024-05-13,17,4,51,17,26,9,159,12,6,0,36,179,0,0,27,41
57,2024-05-14,52,11,107,13,29,21,166,113,10,3,81,182,0,0,52,77
57,2024-05-15,21,6,25,31,15,14,283,59,1,5,44,192,0,0,26,89
57,2024-05-16,6,5,25,14,5,2,8,2,0,1,21,109,0,0,32,39
57,2024-05-17,3,1,5,0,0,0,1,5,2,0,4,41,0,0,2,15
57,2024-05-18,0,0,8,5,0,0,15,8,0,0,5,78,0,0,0,8
57,2024-05-19,16,13,52,22,1,2,72,2,0,0,18,103,0,0,13,34
57,2024-05-20,20,11,44,38,13,9,90,9,0,4,15,26,0,0,26,2
57,2024-05-21,0,0,1,0,0,0,3,0,1,0,1,11,0,0,0,0
57,2024-05-22,0,0,6,2,0,0,4,0,0,0,1,14,0,0,0,4
57,2024-05-23,2,0,0,0,0,0,0,0,0,0,5,13,0,0,2,26
57,2024-05-24,0,0,0,0,0,0,0,0,0,0,0,11,0,0,3,9
57,2024-05-25,0,0,0,0,0,0,0,0,0,0,0,0,0,0,0,2
57,2024-05-26,0,0,0,0,0,0,0,0,0,0,0,0,0,0,0,0
57,2024-05-27,0,0,0,0,0,0,0,0,0,0,1,0,0,0,0,0
57,2024-05-28,0,0,0,1,0,0,0,2,0,0,0,0,0,0,0,0
57,2024-05-29,1,0,0,0,0,0,2,19,0,0,1,0,0,0,1,1
57,2024-05-30,0,0,0,0,0,0,0,0,0,0,0,0,0,0,0,0
57,2024-05-31,0,0,0,0,0,0,0,0,0,0,0,0,0,0,0,0
57,2024-06-01,0,0,0,0,0,0,0,0,0,0,0,0,0,0,0,0
57,2024-06-02,0,0,0,0,0,0,0,0,0,0,0,0,0,0,0,0
57,2024-06-03,0,0,0,0,0,0,0,0,0,0,0,0,0,0,0,0
57,2024-06-04,0,0,0,4,0,0,2,41,0,0,0,22,0,0,16,17
57,2024-06-05,0,0,2,11,0,0,10,0,0,0,2,8,0,0,54,47
57,2024-06-06,0,0,0,0,0,0,0,0,0,0,0,0,0,0,0,6
57,2024-06-07,0,0,1,3,0,0,2,0,0,0,0,0,0,0,0,0
57,2024-06-08,0,0,0,1,0,0,0,0,0,0,0,3,0,0,0,5
57,2024-06-09,0,0,0,1,0,0,0,0,0,0,2,2,0,0,0,4
57,2024-06-10,1,0,1,0,0,0,0,0,0,0,0,4,0,0,0,10
57,2024-06-11,0,0,0,1,0,0,0,0,0,0,0,3,0,0,0,3
57,2024-06-12,0,0,0,0,0,0,0,0,0,0,0,0,0,0,0,0
57,2024-06-13,0,0,0,0,0,0,2,5,0,0,0,0,0,0,0,0
57,2024-06-14,0,0,0,1,0,0,1,16,0,0,4,0,0,0,0,0
57,2024-06-15,0,0,0,4,0,0,2,3,0,0,0,1,0,0,0,0
57,2024-06-16,0,1,0,3,0,0,20,74,0,0,0,1,0,0,0,0
57,2024-06-17,1,0,2,2,0,0,12,6,0,0,0,1,0,0,0,0
57,2024-06-18,0,0,0,0,0,0,1,0,0,0,0,0,0,0,0,0
57,2024-06-19,2,0,3,4,0,0,5,7,0,0,0,0,0,0,1,2
57,2024-06-20,0,0,1,1,0,1,16,1,0,0,0,11,0,0,0,0
57,2024-06-21,4,0,8,11,1,1,19,8,0,0,0,1,0,0,4,14
57,2024-06-22,0,0,3,4,0,0,0,1,0,0,0,1,0,0,1,4
57,2024-06-23,0,0,0,0,0,0,7,2,0,0,0,0,0,0,0,1
57,2024-06-24,0,0,0,0,0,0,0,0,0,0,2,1,0,0,4,0
57,2024-06-25,0,0,0,0,0,0,0,0,0,0,0,0,0,0,0,0
57,2024-06-26,0,0,0,1,0,0,0,0,0,0,0,0,0,0,0,1
57,2024-06-27,0,0,1,4,0,0,0,0,0,0,2,4,0,0,0,0
57,2024-06-28,0,0,2,1,0,0,0,0,0,0,0,0,0,0,0,2
57,2024-06-29,0,0,0,1,0,0,0,0,0,0,0,1,0,0,0,0
57,2024-06-30,0,0,0,0,0,0,0,0,0,0,0,0,0,0,0,0
57,2024-07-01,2,0,1,0,0,0,0,0,0,0,0,0,0,0,0,0
57,2024-07-02,0,0,0,0,0,0,0,0,0,0,0,0,0,0,1,0
57,2024-07-03,0,0,1,1,0,0,0,0,0,0,0,1,0,0,0,0
57,2024-07-04,0,0,0,0,0,0,0,0,0,0,0,0,0,0,0,0
57,2024-07-05,0,0,0,5,0,0,0,0,0,0,0,0,0,0,0,0
57,2024-07-06,0,0,0,1,0,0,0,0,0,0,0,30,0,0,0,1
57,2024-07-07,0,0,1,4,0,0,0,0,0,0,0,0,0,0,0,5
57,2024-07-08,0,0,0,5,0,0,0,0,0,0,0,0,0,0,0,0
57,2024-07-09,0,0,2,0,0,0,1,1,0,0,0,1,0,0,0,1
57,2024-07-10,0,0,0,0,0,0,0,0,0,0,0,0,0,0,0,0
57,2024-07-11,0,0,0,0,0,0,0,0,0,0,0,0,0,0,0,0
57,2024-07-12,0,0,0,0,0,0,0,0,0,0,0,0,0,0,0,0
57,2024-07-13,0,0,0,0,0,0,0,0,0,0,0,0,0,0,0,0
57,2024-07-14,0,0,0,0,0,0,0,0,0,0,0,0,0,0,0,0
57,2024-07-15,0,0,0,0,0,0,0,0,0,0,0,0,0,0,0,0
57,2024-07-16,0,0,0,0,0,0,0,0,0,0,0,1,0,0,0,0
57,2024-07-17,0,0,1,0,0,0,1,0,0,0,0,2,0,0,12,1
57,2024-07-18,0,0,0,0,0,0,0,0,0,0,1,1,0,0,0,5
57,2024-07-19,0,0,0,0,1,0,0,0,0,0,0,0,0,0,0,1
57,2024-07-20,0,0,0,0,0,0,0,0,0,0,0,0,0,0,0,0
57,2024-07-21,0,0,0,0,0,0,0,0,0,0,0,0,0,0,0,2
57,2024-07-22,0,0,0,0,0,0,0,0,0,0,0,1,0,0,0,6
57,2024-07-23,0,0,0,0,0,0,0,0,0,0,0,3,0,0,0,2
57,2024-07-24,0,0,0,0,0,0,0,0,0,0,0,0,0,0,0,0
57,2024-07-25,0,0,0,0,0,0,0,0,0,0,0,0,0,0,0,0
57,2024-07-26,0,0,0,0,0,0,0,0,0,0,0,0,0,0,0,0
57,2024-07-27,0,0,0,0,0,0,0,0,0,0,0,0,0,0,0,0
57,2024-07-28,0,0,0,0,0,0,0,0,0,0,0,0,0,0,0,0
57,2024-07-29,0,0,0,0,0,0,0,0,0,0,0,0,0,0,0,0
57,2024-07-30,0,0,0,0,0,0,0,0,0,0,0,0,0,0,0,0
57,2024-07-31,0,0,0,0,0,0,0,0,0,0,0,0,0,0,0,0
57,2024-08-01,0,0,0,0,0,0,0,0,0,0,0,0,0,0,0,0
57,2024-08-02,0,0,0,0,0,0,0,0,0,0,0,0,0,0,0,0
57,2024-08-03,0,0,0,0,0,0,0,0,0,0,0,0,0,0,0,0
57,2024-08-04,0,0,0,0,0,0,0,0,0,0,0,0,0,0,0,3
57,2024-08-05,0,0,0,1,0,0,0,0,0,0,0,0,0,0,0,3
57,2024-08-06,0,0,0,12,0,0,0,0,0,0,0,6,0,0,2,3
57,2024-08-07,0,0,6,23,0,0,0,0,0,0,0,1,0,0,0,0
57,2024-08-08,0,0,2,1,0,0,2,1,0,0,0,4,0,0,0,2
57,2024-08-09,0,0,2,20,0,0,0,0,0,0,3,4,0,0,2,5
57,2024-08-10,1,0,6,11,0,0,0,0,0,0,0,3,0,0,1,0
57,2024-08-11,0,0,0,0,0,0,0,0,0,0,0,0,0,0,0,0
57,2024-08-12,0,0,0,0,0,0,0,0,0,0,0,0,0,0,0,4
57,2024-08-13,0,0,0,16,0,0,0,0,0,0,0,1,0,0,0,9
57,2024-08-14,0,0,2,4,0,0,0,0,0,0,0,0,0,0,0,5
57,2024-08-15,0,0,0,2,0,0,1,0,0,0,0,0,0,0,1,8
57,2024-08-16,0,0,0,3,0,0,0,0,0,0,0,0,0,0,0,2
57,2024-08-17,0,0,0,0,0,0,0,0,0,0,0,0,0,0,0,2
57,2024-08-18,0,0,2,20,0,0,0,0,0,0,0,0,0,0,0,0
57,2024-08-19,0,0,1,1,0,0,0,0,0,0,0,0,0,0,0,1
57,2024-08-20,0,0,0,0,0,0,0,0,0,0,0,0,0,0,0,1
57,2024-08-21,0,0,0,0,0,0,0,0,0,0,0,0,0,0,0,3
57,2024-08-22,0,0,0,2,0,0,0,0,0,0,0,0,0,0,0,8
57,2024-08-23,0,0,0,6,0,0,0,0,0,0,0,1,0,0,0,3
57,2024-08-24,0,0,0,3,0,0,0,0,0,0,0,0,0,0,1,2
57,2024-08-25,0,0,2,1,0,0,0,0,0,0,0,1,0,0,0,8
57,2024-08-26,0,0,0,0,0,0,0,0,0,0,0,0,0,0,0,1
57,2024-08-27,0,0,0,7,0,0,0,0,0,0,0,0,0,0,0,2
57,2024-08-28,0,0,1,0,0,0,0,0,0,0,1,1,0,0,1,5
57,2024-08-29,0,0,0,4,0,0,0,0,0,0,0,1,0,0,0,14
57,2024-08-30,0,0,0,0,0,0,0,0,0,0,1,1,0,0,1,3
57,2024-08-31,0,0,0,0,0,0,1,0,0,0,0,1,0,0,0,8
57,2024-09-01,0,0,0,4,0,0,0,0,0,0,0,0,0,0,0,1
57,2024-09-02,0,0,0,0,0,0,0,0,0,0,0,0,0,0,0,4
57,2024-09-03,0,0,0,3,0,0,0,0,0,0,3,1,0,0,0,0
57,2024-09-04,0,0,1,0,0,0,0,0,0,0,0,0,0,0,0,2
57,2024-09-05,1,0,3,2,0,0,0,0,0,0,0,0,0,0,1,3
57,2024-09-06,1,0,0,0,0,0,0,0,0,0,1,0,0,0,1,9
57,2024-09-07,1,0,0,1,0,0,0,0,0,0,0,3,0,0,2,0
57,2024-09-08,0,0,0,0,0,0,0,0,0,0,0,2,0,0,0,0
57,2024-09-09,0,0,0,0,0,0,0,0,0,0,0,0,0,0,0,1
57,2024-09-10,0,0,0,0,0,0,0,0,0,0,0,0,0,0,0,0
57,2024-09-11,0,0,0,10,0,0,0,0,0,0,0,0,0,0,0,1
57,2024-09-12,0,0,0,0,0,0,0,0,0,0,0,0,0,0,0,0
57,2024-09-13,0,0,2,1,0,0,0,0,0,0,0,0,0,0,0,0
57,2024-09-14,0,0,7,11,0,0,0,0,0,0,0,0,0,0,0,2
57,2024-09-15,0,0,0,0,0,0,0,0,0,0,0,0,0,0,3,8
57,2024-09-16,0,0,6,2,0,0,0,0,0,0,0,2,0,0,0,1
57,2024-09-17,0,0,0,0,0,0,0,0,0,0,1,0,0,0,0,6
57,2024-09-18,0,0,0,0,0,0,0,0,0,0,2,1,0,0,2,6
57,2024-09-19,1,0,0,4,0,0,1,0,0,0,7,9,0,0,2,15
57,2024-09-20,0,0,0,0,0,0,0,0,0,0,0,0,0,0,2,9
57,2024-09-21,0,0,0,0,0,0,0,0,0,0,2,0,0,0,0,0
57,2024-09-22,0,0,0,0,0,0,0,0,0,0,0,1,0,0,0,2
57,2024-09-23,0,0,0,0,0,0,0,0,0,0,1,1,0,0,0,1
57,2024-09-24,0,0,0,0,0,0,0,0,0,0,1,2,0,0,0,3
57,2024-09-25,0,0,0,0,0,0,1,0,0,0,1,0,0,0,2,4
57,2024-09-26,0,0,0,0,0,0,0,0,0,0,0,0,0,0,0,0
57,2024-09-27,0,0,0,0,0,0,1,0,0,0,0,0,0,0,1,0
57,2024-09-28,0,0,1,1,0,0,0,0,0,0,0,2,0,0,0,0
57,2024-09-29,0,0,0,5,0,0,0,0,0,0,0,3,0,0,0,0
57,2024-09-30,1,0,4,11,0,0,0,0,0,0,0,1,0,0,0,0
57,2024-10-01,0,0,0,0,0,0,0,0,0,0,0,0,0,0,0,0
57,2024-10-02,0,0,0,1,0,0,0,0,0,0,0,0,0,0,0,0
57,2024-10-03,0,0,0,0,0,0,0,0,0,0,0,0,0,0,0,0
57,2024-10-04,0,0,0,0,0,0,0,0,0,0,0,0,0,0,0,3
57,2024-10-05,0,0,1,3,0,0,0,1,0,0,0,1,0,0,0,6
57,2024-10-06,1,0,6,19,0,0,10,4,0,0,0,1,0,0,1,1
57,2024-10-07,1,0,1,8,0,0,5,2,0,0,1,1,0,0,0,4
57,2024-10-08,0,0,1,2,0,0,2,2,0,0,1,0,0,0,0,0
57,2024-10-09,1,0,1,4,2,0,0,3,0,0,1,0,0,0,0,0
57,2024-10-10,0,0,3,14,0,0,0,1,0,0,2,7,0,0,0,1
57,2024-10-11,0,0,9,23,0,0,2,1,0,0,1,6,0,0,0,3
57,2024-10-12,0,0,4,11,0,1,1,3,0,0,3,2,0,0,0,1
57,2024-10-13,0,1,2,7,0,0,0,2,0,0,0,4,0,0,0,0
57,2024-10-14,0,0,0,6,0,0,0,1,0,0,2,0,0,0,0,2
57,2024-10-15,0,0,5,13,0,0,0,3,0,0,0,8,0,0,0,1
57,2024-10-16,0,0,3,26,0,0,1,0,0,0,1,6,0,0,0,1
57,2024-10-17,1,0,0,2,0,0,1,0,0,0,0,1,0,0,2,12
57,2024-10-18,1,0,0,0,0,0,2,1,0,0,0,4,0,0,4,9
57,2024-10-19,0,0,0,0,0,0,2,1,0,0,1,3,0,0,1,9
57,2024-10-20,0,0,0,0,0,0,0,1,0,0,0,1,0,0,0,0
57,2024-10-21,0,0,0,0,0,0,0,0,0,0,2,1,0,0,1,3
57,2024-10-22,0,3,4,4,0,0,2,0,0,0,0,2,0,0,1,2
57,2024-10-23,0,0,1,1,0,0,1,0,0,0,0,0,0,0,0,3
57,2024-10-24,0,0,0,1,0,0,4,2,0,0,1,1,0,0,1,6
57,2024-10-25,0,0,1,10,0,0,0,1,0,0,0,3,0,0,1,7
57,2024-10-26,1,1,7,2,0,2,2,0,0,0,8,14,0,0,4,12
57,2024-10-27,8,1,12,27,0,0,3,0,1,0,11,12,0,0,6,17
57,2024-10-28,4,1,7,11,0,0,1,0,0,0,9,5,0,0,8,10
57,2024-10-29,1,2,7,8,0,0,4,0,0,0,0,0,0,0,1,21
57,2024-10-30,0,0,9,4,0,0,1,1,0,0,5,6,0,0,4,17
57,2024-10-31,4,1,6,7,1,0,2,4,1,1,6,12,0,0,6,16
57,2024-11-01,4,2,17,17,0,0,6,0,0,2,13,23,0,0,5,10
57,2024-11-02,9,0,21,26,0,0,5,10,1,1,5,16,0,0,2,6
57,2024-11-03,0,0,0,0,0,0,0,0,0,0,0,0,0,0,0,0
57,2024-11-04,0,0,0,0,0,0,0,0,0,0,0,0,0,0,0,0
57,2024-11-05,0,0,0,0,0,0,0,0,0,0,0,0,0,0,0,0
57,2024-11-06,0,0,0,0,0,0,0,0,0,0,0,0,0,0,0,0
57,2024-11-07,0,0,0,2,0,0,1,5,0,0,0,0,0,0,0,0
57,2024-11-08,0,0,5,4,0,0,1,6,0,0,0,0,0,0,0,0
57,2024-11-09,0,0,3,8,0,0,2,4,0,0,0,2,0,0,1,4
57,2024-11-10,0,1,17,20,1,0,6,9,0,0,0,2,0,0,1,0
57,2024-11-11,2,1,26,44,0,1,4,4,0,0,0,5,0,0,0,1
57,2024-11-12,6,3,26,81,0,2,7,0,1,0,2,10,0,0,0,11
57,2024-11-13,3,6,18,58,1,1,7,8,0,0,2,4,0,0,2,16
57,2024-11-14,3,0,16,24,0,0,5,7,0,0,2,5,0,0,0,15
57,2024-11-15,2,1,12,6,0,0,6,7,0,0,8,11,0,0,3,5
57,2024-11-16,10,0,16,28,0,1,8,2,0,0,2,48,0,0,3,20
57,2024-11-17,19,3,0,4,0,0,4,4,1,1,13,72,0,0,6,13
57,2024-11-18,6,1,10,28,3,1,6,9,0,0,6,27,0,0,4,32
57,2024-11-19,7,0,22,12,0,4,4,1,0,0,3,18,0,0,1,10
57,2024-11-20,1,0,4,10,0,0,5,3,0,0,0,31,0,0,1,4
57,2024-11-21,5,1,16,44,0,0,5,11,4,0,3,49,0,0,2,1
57,2024-11-22,14,3,21,44,0,0,3,4,0,0,4,99,0,0,0,2
57,2024-11-23,21,2,41,63,0,1,5,15,0,0,2,69,0,0,0,6
57,2024-11-24,17,6,38,29,0,0,8,10,0,0,3,46,0,0,0,9
57,2024-11-25,2,0,1,5,0,0,2,1,0,0,1,24,0,0,0,7
57,2024-11-26,3,0,2,13,0,0,3,0,0,0,0,19,0,0,1,3
57,2024-11-27,17,4,5,19,0,0,1,0,0,0,9,87,0,0,1,0
57,2024-11-28,13,6,69,75,0,2,3,6,0,0,0,70,0,0,0,2
57,2024-11-29,1,0,31,56,0,0,4,22,0,0,0,18,0,0,1,1
57,2024-11-30,3,2,39,59,0,0,3,9,0,0,2,36,0,0,0,9
57,2024-12-01,2,1,12,43,0,1,5,12,0,0,2,5,0,0,1,4
57,2024-12-02,14,0,19,55,0,0,9,3,0,0,1,66,0,0,3,8
57,2024-12-03,21,6,36,116,0,2,9,4,1,0,12,151,0,0,3,23
57,2024-12-04,11,10,31,83,1,2,11,2,0,0,5,51,0,0,6,32
57,2024-12-05,4,1,31,75,0,0,3,4,0,0,3,33,0,0,1,3
57,2024-12-06,0,0,14,70,0,1,5,4,0,0,2,42,0,0,6,6
57,2024-12-07,7,2,22,66,0,0,11,3,0,0,6,75,0,0,8,8
57,2024-12-08,8,3,35,97,1,1,3,1,0,0,7,162,0,0,4,11
57,2024-12-09,22,9,50,143,2,2,12,11,0,1,8,60,0,0,4,13
57,2024-12-10,6,3,42,72,0,0,15,14,0,0,8,16,0,0,6,26
57,2024-12-11,0,2,18,28,0,0,7,3,1,0,3,29,0,0,3,13
57,2024-12-12,5,3,24,12,0,0,10,10,1,0,7,56,0,0,11,15
57,2024-12-13,9,1,5,0,0,0,3,0,0,0,8,68,0,0,4,3
57,2024-12-14,1,0,0,18,0,2,0,0,0,0,10,27,0,0,7,6
57,2024-12-15,0,0,5,115,0,0,0,2,0,0,8,12,0,0,1,4
57,2024-12-16,0,0,2,129,0,0,3,9,0,0,3,31,0,0,2,8
57,2024-12-17,0,0,5,66,0,0,3,6,0,0,4,41,0,0,8,8
57,2024-12-18,1,0,8,74,0,0,5,3,1,0,8,71,0,0,10,9
57,2024-12-19,2,3,29,142,0,0,13,11,0,0,14,87,0,0,7,5
57,2024-12-20,10,4,35,147,0,4,13,12,1,0,12,45,0,0,11,16
57,2024-12-21,11,3,8,97,0,0,8,7,0,0,1,11,0,0,0,5
57,2024-12-22,5,0,7,40,0,0,1,2,0,0,1,32,0,0,0,10
57,2024-12-23,1,0,23,85,0,0,7,18,0,0,8,49,0,0,10,8
57,2024-12-24,8,8,35,93,0,2,9,11,0,0,12,66,0,0,3,9
57,2024-12-25,11,9,38,134,0,3,29,17,0,1,24,49,0,0,14,38
57,2024-12-26,6,8,21,89,2,0,16,16,0,0,15,45,0,0,3,32
57,2024-12-27,4,2,10,79,0,0,5,3,2,0,20,37,0,0,5,7
57,2024-12-28,12,3,17,47,1,1,10,6,0,0,15,56,0,0,6,10
57,2024-12-29,14,6,19,114,0,1,9,9,0,0,18,94,0,0,9,7
57,2024-12-30,11,9,41,133,0,7,19,10,5,0,31,68,0,0,19,19
57,2024-12-31,14,4,11,113,3,1,5,6,0,0,13,34,0,0,17,15
57,2025-01-01,3,0,8,90,0,0,14,9,0,0,6,42,0,0,5,17
57,2025-01-02,2,2,10,78,0,1,10,14,0,0,24,41,0,0,9,16
57,2025-01-03,6,3,11,101,0,1,26,22,0,0,22,79,0,0,2,11
57,2025-01-04,8,4,24,165,1,3,27,31,0,0,17,92,0,0,2,7
57,2025-01-05,15,3,37,239,0,2,37,32,0,0,10,69,0,0,2,9
57,2025-01-06,16,9,15,147,0,1,23,27,2,0,5,51,0,0,1,2
57,2025-01-07,2,4,13,105,0,0,9,12,0,0,21,69,0,0,4,14
57,2025-01-08,9,6,41,69,4,1,19,14,1,0,33,64,0,0,4,4
57,2025-01-09,12,1,23,123,0,0,14,24,0,0,44,111,0,0,12,12
57,2025-01-10,19,7,39,228,0,1,20,49,0,5,61,132,0,0,8,11
57,2025-01-11,5,1,47,249,0,2,12,36,0,0,15,83,0,0,2,7
57,2025-01-12,20,1,17,156,0,1,22,30,0,1,12,49,0,0,3,10
57,2025-01-13,9,3,24,130,1,4,23,33,2,0,28,98,0,0,4,26
57,2025-01-14,9,1,53,107,1,1,24,57,3,4,41,118,0,0,12,80
57,2025-01-15,9,12,105,226,0,1,27,38,6,4,74,163,0,0,17,22
57,2025-01-16,20,10,49,247,3,1,22,43,1,3,50,84,0,0,10,31
57,2025-01-17,2,1,20,147,0,1,31,49,1,0,35,74,0,0,5,37
57,2025-01-18,13,3,18,150,0,1,30,28,0,4,33,122,0,0,7,45
57,2025-01-19,10,6,24,66,4,2,36,71,0,1,51,123,0,0,13,33
57,2025-01-20,20,10,37,53,0,2,28,29,5,3,44,157,0,0,14,26
57,2025-01-21,11,18,55,212,1,2,45,38,1,6,40,143,0,0,29,19
57,2025-01-22,6,3,21,160,1,5,28,61,0,6,49,89,0,0,6,39
57,2025-01-23,18,10,20,97,1,1,20,46,2,6,49,121,0,0,8,26
57,2025-01-24,9,4,41,193,1,2,44,80,13,5,79,109,0,0,20,77
57,2025-01-25,21,10,148,240,7,5,56,81,4,4,76,248,0,0,12,36
57,2025-01-26,26,31,218,322,1,9,49,57,2,4,68,198,0,0,8,10
57,2025-01-27,0,0,122,371,0,0,16,67,0,0,63,124,0,0,0,1
57,2025-01-28,0,6,116,234,0,0,16,44,2,0,41,122,0,0,0,1
57,2025-01-29,8,7,48,148,0,2,34,29,1,2,67,171,0,0,0,2
57,2025-01-30,14,19,98,186,0,2,13,96,2,2,102,491,0,0,2,4
57,2025-01-31,21,38,255,258,0,4,53,118,5,4,176,471,0,0,7,13
57,2025-02-01,9,26,277,440,3,3,107,211,6,9,128,269,0,0,11,36
57,2025-02-02,0,6,159,344,1,2,87,136,5,1,156,195,0,0,8,31
57,2025-02-03,3,0,139,213,6,1,58,58,2,5,181,188,0,0,3,17
57,2025-02-04,1,5,91,182,6,2,39,17,2,2,168,303,0,0,7,22
57,2025-02-05,8,3,120,139,3,1,49,53,1,5,143,272,0,0,5,31
57,2025-02-06,5,22,203,300,2,6,82,62,5,7,125,200,0,0,18,132
57,2025-02-07,5,10,68,236,3,3,57,67,7,13,194,184,0,0,9,47
57,2025-02-08,1,6,80,308,1,4,20,35,0,1,101,244,0,0,7,29
57,2025-02-09,5,2,117,263,12,0,38,54,2,0,90,590,0,0,0,7
57,2025-02-10,6,14,181,264,7,1,60,94,10,4,174,1617,0,0,9,72
57,2025-02-11,20,47,428,442,2,4,108,107,4,11,207,1116,0,0,23,285
57,2025-02-12,8,29,274,467,5,3,122,238,6,14,156,551,0,0,9,229
57,2025-02-13,2,18,161,370,9,4,70,130,16,17,314,457,0,0,11,76
57,2025-02-14,10,30,238,251,8,5,150,158,12,17,191,686,0,0,18,111
57,2025-02-15,21,68,503,421,5,6,177,296,7,10,248,647,0,0,13,70
57,2025-02-16,43,130,1020,658,4,7,195,175,9,24,295,846,0,0,23,59
57,2025-02-17,24,87,696,488,6,13,141,142,11,13,272,734,0,0,15,143
57,2025-02-18,3,9,91,150,3,0,44,44,13,14,425,702,0,0,14,109
57,2025-02-19,4,0,17,114,6,1,24,33,12,10,451,937,0,0,31,83
57,2025-02-20,2,4,26,147,8,2,59,80,8,15,339,980,0,0,22,70
57,2025-02-21,0,8,67,63,8,1,26,29,31,26,447,883,0,0,13,55
57,2025-02-22,5,33,104,283,5,1,48,77,23,13,333,664,0,0,31,164
57,2025-02-23,0,3,8,205,6,0,28,80,13,7,218,452,0,0,5,35
57,2025-02-24,0,0,0,1,0,0,1,0,0,0,114,363,0,0,3,5
57,2025-02-25,0,0,0,4,0,0,0,0,0,2,78,538,0,0,2,18
57,2025-02-26,0,1,26,115,1,3,3,4,0,1,257,1082,0,0,6,43
57,2025-02-27,4,3,92,219,1,4,50,29,3,10,362,1213,0,0,34,102
57,2025-02-28,3,19,84,289,7,6,90,55,7,8,238,1048,0,0,62,119
57,2025-03-01,9,14,106,194,2,9,72,102,8,12,497,1295,0,0,4,98
57,2025-03-02,1,27,182,170,13,5,185,202,13,27,548,1399,0,0,8,63
57,2025-03-03,11,71,422,205,9,26,165,245,30,25,632,1850,0,0,6,53
57,2025-03-04,27,297,1062,385,21,39,349,480,42,58,975,2069,0,0,8,58
57,2025-03-05,9,296,1290,550,16,59,606,569,68,43,703,1413,0,0,7,104
57,2025-03-06,30,122,805,254,8,44,271,185,124,48,717,1125,0,0,10,25
57,2025-03-07,7,13,209,42,5,0,12,1,119,81,1579,1397,0,0,9,14
57,2025-03-08,1,6,102,20,18,4,45,0,25,72,1789,2227,0,0,1,21
57,2025-03-09,10,39,203,167,11,6,59,27,27,98,1404,2633,0,0,6,18
57,2025-03-10,29,67,440,397,11,16,206,136,43,75,1006,1619,0,0,5,31
57,2025-03-11,31,41,206,269,11,16,291,313,43,97,1095,1394,0,0,4,61
57,2025-03-12,14,56,99,98,17,9,167,136,46,129,2032,1693,0,0,4,50
57,2025-03-13,24,45,197,77,14,36,179,76,81,108,1506,1685,0,0,8,43
57,2025-03-14,67,122,502,154,5,56,314,279,124,254,2712,2720,0,0,16,40
57,2025-03-15,94,173,842,295,29,60,493,541,276,494,2771,2465,0,0,13,65
57,2025-03-16,26,116,481,280,17,41,328,179,88,244,1580,1617,0,0,21,31
57,2025-03-17,14,29,226,99,8,18,52,9,106,235,1587,1252,0,0,7,17
57,2025-03-18,4,4,263,122,5,7,5,2,32,261,1626,1294,0,0,2,2
57,2025-03-19,0,0,251,186,0,0,1,22,19,108,1693,1699,0,0,0,2
57,2025-03-20,22,31,826,304,1,0,67,163,70,249,1893,1447,0,0,2,7
57,2025-03-21,3,32,810,275,1,2,228,566,14,35,716,587,0,0,1,18
57,2025-03-22,2,15,519,344,12,12,335,655,9,19,374,713,0,0,3,16
57,2025-03-23,11,13,361,300,23,71,677,665,22,47,621,692,0,0,1,14
57,2025-03-24,4,47,683,325,23,76,901,1092,27,129,909,955,0,0,7,10
57,2025-03-25,39,187,1735,401,50,60,1290,993,114,262,1506,1933,0,0,8,30
57,2025-03-26,81,323,2462,458,55,162,1760,1166,81,258,1327,1316,0,0,13,73
57,2025-03-27,78,227,1577,552,97,160,2542,1345,101,269,1133,1043,0,0,15,59
57,2025-03-28,50,124,1014,527,104,135,1858,899,108,167,1271,1183,0,0,11,32
57,2025-03-29,125,151,1087,303,118,246,1968,359,183,501,1493,1869,0,0,12,28
57,2025-03-30,122,220,1136,156,78,191,805,23,105,549,2549,2543,0,0,6,30
57,2025-03-31,94,158,921,106,58,235,608,52,149,535,2461,2231,0,0,13,37
57,2025-04-01,27,79,571,161,36,40,104,78,55,259,1982,1286,0,0,6,21
57,2025-04-02,11,28,234,148,37,129,169,174,28,140,1622,1671,0,0,8,24
57,2025-04-03,21,26,274,97,51,212,666,356,29,139,1428,1492,0,0,17,31
57,2025-04-04,45,44,445,144,64,214,1309,949,29,203,1732,2234,0,0,9,28
57,2025-04-05,66,37,214,150,99,153,597,341,42,113,1014,536,0,0,7,12
57,2025-04-06,1,9,37,92,0,0,1,6,0,4,79,204,0,0,0,7
57,2025-04-07,0,1,25,65,4,2,8,8,1,0,47,118,0,0,0,1
57,2025-04-08,14,5,84,38,81,66,101,29,11,2,144,191,0,0,1,7
57,2025-04-09,17,3,126,58,0,16,225,99,2,1,194,267,0,0,1,33
57,2025-04-10,53,68,328,37,187,238,1605,447,30,108,345,408,0,0,3,45
57,2025-04-11,37,22,69,21,34,108,2808,1442,17,49,309,171,0,0,5,20
57,2025-04-12,5,10,22,2,10,76,97,25,5,33,38,27,0,0,1,1
57,2025-04-13,0,1,6,5,0,0,0,7,0,3,52,34,0,0,0,5
57,2025-04-14,0,0,0,3,0,0,4,0,0,0,1,89,0,0,0,7
57,2025-04-15,0,0,6,69,0,0,8,15,0,0,29,69,0,0,4,1
57,2025-04-16,0,0,20,41,0,6,56,43,1,0,29,57,0,0,8,17
57,2025-04-17,0,0,15,55,11,23,182,88,1,1,37,33,0,0,5,31
57,2025-04-18,0,0,24,29,35,103,332,77,14,4,62,130,0,0,8,22
57,2025-04-19,0,3,76,79,67,108,738,21,9,10,144,332,0,0,8,33
57,2025-04-20,3,10,77,100,139,179,617,28,28,17,136,462,0,0,6,10
57,2025-04-21,15,22,154,126,216,206,911,81,46,53,155,118,0,0,15,16
57,2025-04-22,5,14,150,79,6,16,55,151,2,9,172,280,0,0,5,14
57,2025-04-23,19,20,157,152,11,6,330,241,6,10,290,450,0,0,11,8
57,2025-04-24,6,23,161,64,92,203,1048,786,3,16,381,535,0,0,16,28
57,2025-04-25,34,46,188,128,146,408,2173,418,31,47,305,534,0,0,19,46
57,2025-04-26,28,67,253,146,140,273,2695,505,49,35,372,422,0,0,32,82
57,2025-04-27,5,2,58,45,7,28,452,586,10,13,114,219,0,0,26,83
57,2025-04-28,0,0,25,38,0,20,396,31,0,13,102,127,0,0,17,52
57,2025-04-29,0,0,0,0,0,0,2,9,0,0,0,27,0,0,0,4
57,2025-04-30,0,0,5,37,0,0,18,14,0,0,0,14,0,0,0,0
57,2025-05-01,0,0,10,122,0,0,1,42,0,0,0,19,0,0,0,0
57,2025-05-02,0,2,20,48,4,6,110,68,0,0,3,5,0,0,0,1
57,2025-05-03,0,0,25,19,3,3,26,13,0,0,4,7,0,0,0,5
57,2025-05-04,4,10,21,11,7,12,41,64,0,0,2,26,0,0,5,7
57,2025-05-05,6,7,131,44,13,17,191,321,0,1,40,99,0,0,16,48
57,2025-05-06,19,25,147,69,47,43,802,273,5,6,91,181,0,0,47,48
57,2025-05-07,27,40,117,63,62,81,912,836,9,23,83,83,0,0,101,65
57,2025-05-08,2,2,22,9,1,0,14,75,1,0,11,31,0,0,10,41
57,2025-05-09,6,9,30,34,13,32,253,280,5,6,38,34,0,0,23,78
57,2025-05-10,5,1,10,9,9,9,84,26,3,1,14,58,0,0,50,65
57,2025-05-11,1,1,8,22,0,0,3,0,0,0,14,68,0,0,23,39
57,2025-05-12,15,3,23,14,0,1,13,2,1,1,7,20,0,0,7,17
57,2025-05-13,0,0,2,1,0,0,15,38,0,0,0,22,0,0,0,6
57,2025-05-14,0,1,1,2,1,0,20,14,0,0,2,6,0,0,5,6
57,2025-05-15,0,0,0,0,0,0,0,0,0,0,0,0,0,0,0,35
57,2025-05-16,0,0,0,2,0,1,0,0,0,0,1,8,0,0,1,35
57,2025-05-17,0,0,15,10,0,0,3,0,0,0,0,6,0,0,2,12
57,2025-05-18,0,0,2,7,0,0,5,3,0,0,0,4,0,0,0,8
57,2025-05-19,0,0,1,0,0,0,0,3,0,0,0,1,0,0,5,13
57,2025-05-20,2,0,11,2,0,0,8,0,0,0,3,8,0,0,10,21
57,2025-05-21,1,1,0,0,0,0,2,21,0,0,2,4,0,0,6,5
57,2025-05-22,14,0,15,7,0,1,7,11,1,0,1,19,0,0,35,21
57,2025-05-23,2,4,6,5,3,0,1,2,1,0,3,1,0,0,17,17
57,2025-05-24,0,0,0,0,0,0,0,0,0,0,0,1,0,0,0,0
57,2025-05-25,0,0,0,1,0,0,0,0,0,0,0,2,0,0,0,0
57,2025-05-26,0,0,0,0,0,0,0,0,0,0,0,0,0,0,0,0
57,2025-05-27,0,0,0,0,0,0,0,0,0,0,0,0,0,0,0,0
57,2025-05-28,0,0,0,0,0,1,0,0,0,0,0,0,0,0,0,0
57,2025-05-29,0,0,0,0,0,0,2,10,0,0,0,0,0,0,0,0
57,2025-05-30,0,0,0,3,0,0,2,0,0,0,0,0,0,0,0,0
57,2025-05-31,0,0,0,0,0,0,0,1,0,0,0,0,0,0,0,0
57,2025-06-01,0,0,0,1,0,0,2,9,0,0,0,0,0,0,0,0
57,2025-06-02,1,0,1,4,0,0,5,114,0,0,2,0,0,0,0,0
57,2025-06-03,0,0,0,0,0,0,2,107,0,0,0,0,0,0,0,0
57,2025-06-04,1,0,3,2,0,0,1,10,0,0,2,4,0,0,0,5
57,2025-06-05,0,0,6,2,0,0,2,1,0,0,0,6,0,0,1,7
57,2025-06-06,0,0,3,3,1,4,1,5,0,0,0,8,0,0,18,23
57,2025-06-07,3,1,14,10,3,2,11,13,0,0,3,25,0,0,31,68
57,2025-06-08,2,4,8,3,4,0,9,2,0,0,1,3,0,0,25,69
57,2025-06-09,0,0,5,0,0,0,0,0,0,0,0,2,0,0,3,4
57,2025-06-10,0,0,0,0,0,0,0,0,0,0,0,0,0,0,0,0
57,2025-06-11,0,0,0,0,0,0,0,0,0,0,0,0,0,0,0,0
57,2025-06-12,0,0,0,0,0,0,0,0,0,0,0,4,0,0,5,18
57,2025-06-13,0,0,1,0,0,0,2,0,0,0,1,1,0,0,9,66
57,2025-06-14,0,0,0,0,0,0,1,2,0,0,2,0,0,0,9,20
57,2025-06-15,0,1,0,0,0,1,1,3,0,0,0,2,0,0,1,7
57,2025-06-16,0,0,0,0,0,0,0,0,0,0,0,0,0,0,0,0
57,2025-06-17,0,0,0,0,0,0,4,1,0,0,0,1,0,0,0,0
57,2025-06-18,0,0,0,15,0,0,1,0,0,0,0,0,0,0,0,0
57,2025-06-19,0,0,0,1,0,0,0,0,0,0,0,1,0,0,0,0
57,2025-06-20,2,0,0,0,0,0,0,0,0,0,2,0,0,0,1,0
57,2025-06-21,0,0,0,0,0,0,0,0,0,0,1,0,0,0,0,0
57,2025-06-22,0,0,0,0,0,0,0,0,0,0,0,0,0,0,0,0
57,2025-06-23,0,0,0,1,0,0,0,0,0,0,0,0,0,0,0,0
57,2025-06-24,0,0,0,6,0,0,0,0,0,0,0,0,0,0,0,0
57,2025-06-25,0,0,1,2,0,0,0,0,0,0,0,0,0,0,0,0
57,2025-06-26,1,0,3,0,0,0,0,0,0,0,0,0,0,0,0,0
57,2025-06-27,0,0,0,0,0,0,0,0,0,0,0,1,0,0,0,1
57,2025-06-28,0,0,0,0,0,0,0,0,0,0,0,0,0,0,0,2
57,2025-06-29,0,0,0,1,0,0,0,0,0,0,0,1,0,0,0,0
57,2025-06-30,0,0,0,0,0,0,0,0,0,0,0,0,0,0,0,0
57,2025-07-01,0,0,2,0,0,0,0,0,0,0,0,0,0,0,0,0
57,2025-07-02,0,0,0,0,0,0,0,0,0,0,0,0,0,0,0,2
57,2025-07-03,0,0,0,0,0,0,1,0,0,0,0,0,0,0,0,0
57,2025-07-04,0,0,0,1,0,0,0,0,0,0,0,0,0,0,0,0
57,2025-07-05,0,0,0,1,0,0,0,0,0,0,0,0,0,0,0,1
57,2025-07-06,0,0,0,0,0,0,0,0,0,0,0,0,0,0,0,0
57,2025-07-07,0,0,0,0,0,0,0,0,0,0,0,0,0,0,0,0
57,2025-07-08,0,0,0,0,0,0,0,0,0,0,0,0,0,0,0,0
57,2025-07-09,0,0,0,0,0,0,0,0,0,0,0,0,0,0,0,0
57,2025-07-10,0,0,0,0,0,0,0,0,0,0,0,0,0,0,0,2
57,2025-07-11,0,0,0,0,0,0,0,0,0,0,0,0,0,0,0,3
57,2025-07-12,0,0,1,3,0,0,0,0,0,0,0,0,0,0,0,3
57,2025-07-13,0,0,0,0,0,0,0,0,0,0,0,1,0,0,0,3
57,2025-07-14,0,0,1,4,0,0,0,0,0,0,0,3,0,0,0,2
57,2025-07-15,0,1,18,10,0,0,0,0,0,0,0,0,0,0,2,3
57,2025-07-16,0,0,0,0,0,0,0,0,0,0,0,0,0,0,0,0
57,2025-07-17,0,0,0,0,0,0,0,0,0,0,0,0,0,0,0,2
57,2025-07-18,0,0,0,1,0,0,1,0,0,0,0,0,0,0,0,3
57,2025-07-19,0,0,0,0,0,0,0,0,0,0,0,1,0,0,0,1
57,2025-07-20,0,0,2,2,0,0,0,0,0,0,0,2,0,0,3,4
57,2025-07-21,0,0,0,0,0,0,0,0,0,0,0,0,0,0,0,0
57,2025-07-22,0,0,0,0,0,0,0,0,0,0,0,0,0,0,0,0
57,2025-07-23,0,0,0,0,0,0,0,0,0,0,0,0,0,0,0,0
57,2025-07-24,0,0,0,0,0,0,0,0,0,0,0,0,0,0,0,0
57,2025-07-25,0,0,0,0,0,0,0,0,0,0,0,0,0,0,0,0
57,2025-07-26,0,0,0,0,0,0,0,0,0,0,0,0,0,0,0,0
57,2025-07-27,0,0,0,0,0,0,0,0,0,0,0,0,0,0,0,0
57,2025-07-28,0,0,0,0,0,0,0,0,0,0,0,0,0,0,0,2
57,2025-07-29,0,0,0,0,0,0,0,0,0,0,0,0,0,0,1,8
57,2025-07-30,0,0,0,7,0,0,0,0,0,0,0,1,0,0,3,10
57,2025-07-31,0,1,14,7,0,0,0,0,0,0,1,2,0,0,0,0
57,2025-08-01,0,0,0,0,0,0,0,0,0,0,0,1,0,0,1,5
57,2025-08-02,0,0,1,7,0,0,0,0,0,0,0,0,0,0,1,5
57,2025-08-03,0,0,0,5,0,0,0,0,0,0,0,1,0,0,0,4
57,2025-08-04,0,2,3,31,0,0,0,0,0,0,0,2,0,0,0,0
57,2025-08-05,0,0,14,86,0,0,2,0,0,0,0,0,0,0,0,0
57,2025-08-06,0,0,0,1,0,0,0,0,0,0,0,0,0,0,0,0
57,2025-08-07,0,0,6,3,0,0,0,0,0,0,0,0,0,0,0,0
57,2025-08-08,0,0,2,7,0,0,0,0,0,0,0,1,0,0,0,0
57,2025-08-09,0,0,5,71,0,0,0,0,0,0,0,1,0,0,0,0
57,2025-08-10,0,0,27,109,0,0,1,0,0,0,1,2,0,0,0,0
57,2025-08-11,2,0,7,18,0,0,0,1,0,0,0,1,0,0,0,0
57,2025-08-12,0,0,9,9,0,0,0,0,0,0,0,2,0,0,0,0
57,2025-08-13,0,0,0,0,0,0,0,0,0,0,0,0,0,0,0,3
57,2025-08-14,0,0,0,14,0,0,0,0,0,0,0,2,0,0,0,0
57,2025-08-15,0,0,0,0,0,0,0,0,0,0,0,3,0,0,0,1
57,2025-08-16,1,0,0,0,0,0,0,0,0,0,0,0,0,0,0,1
57,2025-08-17,0,0,0,0,0,0,0,0,0,0,0,2,0,0,0,5
57,2025-08-18,0,0,0,0,0,0,1,0,0,0,0,1,0,0,2,5
57,2025-08-19,1,0,0,0,1,0,0,0,0,0,1,0,0,0,0,4
57,2025-08-20,2,0,6,8,0,0,0,0,0,0,0,0,0,0,0,0
57,2025-08-21,0,1,9,13,0,0,0,0,0,0,0,7,0,0,0,0
57,2025-08-22,0,0,0,0,0,0,0,0,0,0,0,1,0,0,0,0
57,2025-08-23,0,0,0,0,0,0,0,0,0,0,0,0,0,0,0,0
57,2025-08-24,0,0,0,0,0,0,0,0,0,0,0,0,0,0,0,2
57,2025-08-25,1,0,0,0,0,0,0,0,0,0,0,3,0,0,1,5
57,2025-08-26,1,0,0,0,0,0,0,0,0,0,0,5,0,0,0,0
57,2025-08-27,0,0,0,0,0,0,0,0,0,0,0,1,0,0,1,3
57,2025-08-28,0,0,0,0,0,0,0,0,0,0,0,0,0,0,1,2
57,2025-08-29,0,0,1,8,0,0,0,0,0,0,0,0,0,0,1,3
57,2025-08-30,0,0,0,0,0,0,0,0,0,0,0,0,0,0,0,3
57,2025-08-31,0,0,0,1,0,0,0,0,0,0,1,3,0,0,1,1
57,2025-09-01,0,0,0,19,0,0,0,0,0,0,1,3,0,0,3,4
57,2025-09-02,0,0,0,0,0,0,0,0,0,0,0,0,0,0,1,12
57,2025-09-03,1,0,0,0,0,0,0,1,0,0,0,0,0,0,2,12
57,2025-09-04,2,0,0,0,0,0,0,0,0,0,0,0,0,0,7,8
57,2025-09-05,0,0,0,0,1,0,0,0,0,0,0,1,0,0,0,2
57,2025-09-06,0,0,1,1,0,0,0,0,0,0,1,4,0,0,1,3
57,2025-09-07,0,0,2,0,0,0,0,0,0,0,1,6,0,0,2,7
57,2025-09-08,0,0,1,1,0,0,0,0,0,0,1,4,0,0,1,2
57,2025-09-09,0,0,0,0,0,0,0,0,0,0,0,0,0,0,0,0
57,2025-09-10,2,0,0,0,0,0,0,0,0,0,0,1,0,0,0,0
57,2025-09-11,0,0,0,5,0,0,0,0,0,0,0,1,0,0,0,1
57,2025-09-12,0,0,0,20,0,0,0,0,0,0,0,0,0,0,0,0
57,2025-09-13,0,0,3,9,0,0,0,0,0,0,0,0,0,0,0,0
57,2025-09-14,0,0,1,0,0,0,0,0,0,0,0,0,0,0,0,1
57,2025-09-15,0,0,0,0,0,0,0,0,0,0,0,0,0,0,0,0
57,2025-09-16,0,0,0,1,0,0,0,0,0,0,0,0,0,0,0,3
57,2025-09-17,2,0,1,5,0,0,2,0,0,0,1,6,0,0,1,2
57,2025-09-18,0,0,0,0,0,0,0,0,0,0,0,3,0,0,0,1
57,2025-09-19,0,0,0,1,0,0,0,0,0,0,0,2,0,0,0,6
57,2025-09-20,0,0,0,0,0,1,3,0,0,0,1,0,0,0,0,6
57,2025-09-21,0,0,1,0,0,0,1,0,0,0,4,1,0,0,1,6
57,2025-09-22,0,0,0,1,0,1,0,0,0,0,5,0,0,0,4,9
57,2025-09-23,0,0,0,1,0,0,2,0,0,0,1,1,0,0,0,2
57,2025-09-24,0,0,0,1,0,0,0,0,0,0,0,2,0,0,0,3
57,2025-09-25,0,0,0,1,0,0,7,0,0,0,1,6,0,0,0,1
57,2025-09-26,0,0,0,0,0,0,0,0,0,0,0,1,0,0,0,0
57,2025-09-27,0,0,0,0,0,0,0,0,0,0,0,0,0,0,0,8
57,2025-09-28,0,0,2,0,0,0,2,0,0,0,2,9,0,0,2,4
57,2025-09-29,0,0,0,0,0,0,0,0,0,0,2,2,0,0,0,1
57,2025-09-30,0,0,0,0,0,0,0,0,0,0,0,0,0,0,0,0
57,2025-10-01,0,0,0,0,0,0,0,0,0,0,0,0,0,0,0,0
57,2025-10-02,0,0,0,5,0,0,0,0,0,0,1,1,0,0,0,1
57,2025-10-03,0,0,0,2,0,0,1,0,0,0,0,6,0,0,1,1
57,2025-10-04,0,0,0,2,0,0,0,0,0,0,1,0,0,0,2,2
57,2025-10-05,0,0,0,3,0,0,0,0,0,0,0,6,0,0,2,4
57,2025-10-06,0,0,0,0,0,2,0,0,0,0,2,2,0,0,0,7
57,2025-10-07,0,0,0,2,0,0,0,0,0,0,1,1,0,0,0,0
57,2025-10-08,0,0,0,10,1,0,0,0,0,0,1,1,0,0,1,5
57,2025-10-09,2,1,0,2,0,0,0,1,0,0,2,0,0,0,0,4
57,2025-10-10,1,0,1,2,1,0,2,5,0,0,0,3,0,0,0,2
57,2025-10-11,0,0,1,4,0,0,1,0,0,0,2,4,0,0,6,5
57,2025-10-12,0,0,0,0,0,0,2,0,0,0,2,3,0,0,3,8
57,2025-10-13,0,0,5,3,0,2,2,0,1,0,2,2,0,0,3,9
57,2025-10-14,3,0,0,0,0,0,1,0,2,1,7,6,0,0,2,2
57,2025-10-15,0,0,0,0,0,0,0,0,0,0,0,2,0,0,0,3
57,2025-10-16,0,0,0,1,0,0,0,0,0,0,0,0,0,0,0,0
57,2025-10-17,0,0,0,0,0,0,0,1,0,0,0,0,0,0,0,3
57,2025-10-18,0,0,2,2,0,0,2,0,0,0,0,3,0,0,2,1
57,2025-10-19,1,0,3,4,0,0,1,0,0,0,3,9,0,0,2,6
57,2025-10-20,3,1,5,7,0,1,3,3,0,0,5,3,0,0,3,5
57,2025-10-21,2,0,0,2,0,0,2,2,0,0,0,4,0,0,3,1
57,2025-10-22,1,0,1,0,0,0,0,1,0,0,1,8,0,0,2,0
57,2025-10-23,6,0,0,0,0,0,0,0,0,0,9,15,0,0,2,3
57,2025-10-24,1,0,1,3,0,0,0,0,0,0,3,43,0,0,1,4
57,2025-10-25,1,0,9,2,1,0,0,0,0,0,3,14,0,0,5,3
57,2025-10-26,7,0,2,3,0,0,3,1,0,0,2,13,0,0,2,5
57,2025-10-27,1,0,3,0,0,0,3,4,1,0,3,11,0,0,3,0
57,2025-10-28,2,0,3,5,0,1,1,0,0,0,3,21,0,0,4,5
57,2025-10-29,17,3,10,6,1,1,1,0,0,0,10,43,0,0,6,4
57,2025-10-30,6,2,11,0,0,0,5,0,2,0,12,53,0,0,6,8
57,2025-10-31,4,0,1,0,0,0,1,0,1,0,4,8,0,0,2,10
57,2025-11-01,0,0,0,0,0,0,0,0,0,0,0,0,0,0,0,0
57,2025-11-02,0,0,0,2,0,0,0,0,0,0,0,1,0,0,0,0
57,2025-11-03,0,0,0,0,0,0,0,0,0,0,0,0,0,0,0,0
57,2025-11-04,0,0,0,0,0,0,0,0,0,0,0,0,0,0,0,0
57,2025-11-05,0,0,0,0,0,0,0,0,0,0,0,2,0,0,0,0
57,2025-11-06,0,0,0,0,0,0,0,1,0,0,0,1,0,0,0,3
57,2025-11-07,0,0,0,0,0,0,0,0,0,0,0,2,0,0,3,5
57,2025-11-08,0,0,0,0,0,0,0,0,0,0,0,2,0,0,0,0
57,2025-11-09,0,0,0,0,0,0,0,5,0,0,0,8,0,0,0,0
57,2025-11-10,0,0,0,3,0,0,0,1,0,0,1,9,0,0,1,2
57,2025-11-11,0,0,0,1,0,0,0,0,0,0,0,3,0,0,1,7
57,2025-11-12,0,0,0,0,0,0,0,0,0,0,0,1,0,0,0,0
57,2025-11-13,4,0,0,0,0,0,1,0,0,0,7,25,0,0,4,3
57,2025-11-14,4,1,5,0,0,0,1,2,0,0,8,34,0,0,4,4
57,2025-11-15,13,0,9,11,0,0,4,5,1,0,18,28,0,0,4,16
57,2025-11-16,19,5,6,9,1,0,1,2,0,0,7,13,0,0,17,16
57,2025-11-17,0,0,0,0,0,0,0,0,0,0,0,10,0,0,0,0
57,2025-11-18,0,0,0,0,0,0,0,0,0,0,0,5,0,0,0,0
57,2025-11-19,0,0,0,1,0,0,0,0,0,0,0,15,0,0,0,0
57,2025-11-20,0,0,2,8,0,0,0,2,0,0,1,72,0,0,1,2
57,2025-11-21,0,0,4,11,0,0,7,8,0,0,1,44,0,0,1,2
57,2025-11-22,2,0,6,16,0,0,5,5,0,0,2,33,0,0,2,9
57,2025-11-23,0,0,3,21,0,0,2,9,0,0,3,60,0,0,4,5
57,2025-11-24,12,0,10,18,0,1,1,6,0,0,5,74,0,0,1,8
57,2025-11-25,8,1,17,7,0,3,8,5,0,0,6,153,0,0,10,6
57,2025-11-26,29,6,20,39,0,3,13,4,1,0,18,80,0,0,13,23
57,2025-11-27,17,6,33,43,0,5,17,43,0,0,20,62,0,0,6,23
57,2025-11-28,15,2,13,25,0,0,6,12,0,0,6,54,0,0,6,9
57,2025-11-29,14,11,40,67,0,0,8,7,7,0,20,107,0,0,14,17
57,2025-11-30,34,6,49,68,1,3,17,8,1,0,18,146,0,0,8,13
57,2025-12-01,1,0,2,4,0,0,1,0,0,0,17,31,0,0,6,20
57,2025-12-02,24,5,31,54,0,3,13,8,0,0,8,65,0,0,15,21
57,2025-12-03,9,2,19,42,0,0,8,8,0,0,6,54,0,0,0,6
57,2025-12-04,8,3,28,15,0,0,8,5,1,1,14,52,0,0,5,3
57,2025-12-05,6,3,22,14,0,0,4,5,1,0,16,105,0,0,6,15
57,2025-12-06,34,6,44,50,0,0,15,2,0,1,16,145,0,0,12,21
57,2025-12-07,20,10,52,67,0,1,8,11,0,1,13,77,0,0,12,21
57,2025-12-08,7,4,24,33,0,0,8,7,0,2,14,55,0,0,9,10
57,2025-12-09,4,0,17,23,0,0,4,11,0,0,3,62,0,0,15,7
57,2025-12-10,19,4,45,53,0,1,9,14,1,0,12,92,0,0,12,11
57,2025-12-11,0,0,6,6,0,0,0,1,0,0,8,140,0,0,11,15
57,2025-12-12,1,0,1,3,0,0,1,0,2,1,32,93,0,0,6,32
57,2025-12-13,0,0,4,10,0,0,3,0,1,1,12,62,0,0,0,23
57,2025-12-14,0,1,0,7,0,0,1,2,0,0,8,37,0,0,10,5
57,2025-12-15,3,0,10,31,0,2,1,3,1,0,18,80,0,0,10,29
57,2025-12-16,11,3,23,55,0,1,7,3,1,0,30,147,0,0,10,13
57,2025-12-17,15,4,32,98,0,1,9,12,1,0,26,128,0,0,7,6
57,2025-12-18,0,1,22,88,0,0,2,8,3,2,19,47,0,0,9,12
57,2025-12-19,0,1,13,71,0,0,2,7,0,0,17,60,0,0,2,7
57,2025-12-20,4,2,20,53,0,0,4,10,1,0,18,72,0,0,5,0
57,2025-12-21,5,2,21,49,0,0,8,9,0,0,13,66,0,0,8,8
57,2025-12-22,18,5,32,92,2,1,6,17,1,3,42,127,0,0,10,12
57,2025-12-23,13,3,20,73,0,1,19,5,0,2,20,71,0,0,11,5
57,2025-12-24,5,6,7,66,0,2,8,4,0,0,22,72,0,0,10,13
57,2025-12-25,5,1,11,50,0,0,3,9,0,0,8,53,0,0,0,1
57,2025-12-26,21,8,23,70,0,1,5,20,0,1,31,91,0,0,17,8
57,2025-12-27,24,6,56,87,0,1,16,10,0,4,52,172,0,0,21,19
57,2025-12-28,47,10,69,138,1,1,21,12,3,0,35,117,0,0,21,24
57,2025-12-29,49,11,26,95,0,1,7,18,0,0,26,68,0,0,26,45
57,2025-12-30,12,2,13,29,0,0,0,3,0,0,17,60,0,0,1,16
57,2025-12-31,44,10,52,36,0,0,5,12,0,1,26,124,0,0,9,12
58,2021-04-27,0,2,0,0,0,0,0,7,0,4,38,148,0,0,0,9
58,2021-04-28,0,0,0,0,0,0,0,18,0,0,34,172,0,0,0,4
58,2021-04-29,0,0,0,0,0,0,11,2,0,2,18,202,0,0,0,5
58,2021-04-30,1,0,1,0,0,0,0,6,0,2,54,108,0,0,0,6
58,2021-05-01,3,11,14,10,0,0,16,75,0,4,16,53,0,0,0,1
58,2021-05-02,8,9,11,5,0,0,2,11,0,0,60,96,0,0,0,4
58,2021-05-03,30,30,54,3,0,0,23,41,0,7,61,180,0,0,0,11
58,2021-05-04,80,57,110,2,0,0,100,142,0,1,120,275,0,0,0,21
58,2021-05-05,36,35,139,12,0,0,5,276,0,1,127,434,0,0,0,7
58,2021-05-06,9,0,15,0,0,0,6,10,0,2,50,162,0,0,0,10
58,2021-05-07,8,6,21,5,0,0,3,78,0,2,71,307,0,0,0,9
58,2021-05-08,0,0,24,12,0,0,13,47,0,0,32,222,0,0,0,5
58,2021-05-09,1,0,14,2,0,0,25,44,0,0,21,179,0,0,0,28
58,2021-05-10,1,0,33,9,0,0,12,106,0,0,59,143,0,0,0,6
58,2021-05-11,2,9,90,27,0,0,28,92,0,3,80,180,0,0,0,1
58,2021-05-12,6,8,91,51,0,0,1,135,0,0,32,44,0,0,0,8
58,2021-05-13,5,3,36,18,0,0,0,11,0,1,24,81,0,0,0,10
58,2021-05-14,4,9,28,9,0,0,0,23,0,0,16,35,0,0,0,9
58,2021-05-15,3,5,35,3,0,0,1,41,0,0,17,110,0,0,0,19
58,2021-05-16,8,15,47,19,0,0,6,121,1,2,61,180,0,0,0,29
58,2021-05-17,6,24,95,18,0,0,11,147,0,2,58,78,0,0,0,55
58,2021-05-18,1,0,2,4,0,0,7,31,0,2,52,36,0,0,0,20
58,2021-05-19,0,0,10,1,0,0,1,10,0,2,1,3,0,0,0,2
58,2021-05-20,0,2,9,3,0,0,0,17,0,0,31,88,0,0,0,4
58,2021-05-21,0,1,6,4,0,0,3,24,0,0,20,43,0,0,0,13
58,2021-05-22,2,4,72,32,0,0,2,40,0,4,23,46,0,0,0,36
58,2021-05-23,0,2,7,13,0,0,0,50,0,0,16,16,0,0,0,37
58,2021-05-24,4,2,17,3,0,0,0,4,0,0,1,6,0,0,0,0
58,2021-05-25,2,0,5,2,0,0,0,0,0,0,0,1,0,0,0,5
58,2021-05-26,0,0,3,0,0,0,0,0,0,0,0,5,0,0,0,1
58,2021-05-27,0,0,23,5,0,0,2,6,0,2,17,14,0,0,0,1
58,2021-05-28,0,0,0,2,0,0,0,2,0,0,1,6,0,0,0,4
58,2021-05-29,0,0,1,4,0,0,1,0,0,0,0,14,0,0,0,8
58,2021-05-30,0,0,1,3,0,0,0,6,0,0,1,0,0,0,0,3
58,2021-05-31,1,0,2,2,0,0,0,0,0,0,2,3,0,0,0,5
58,2021-06-01,0,2,6,8,0,0,1,10,0,0,9,11,0,0,0,0
58,2021-06-02,0,3,47,16,0,0,0,29,0,2,0,0,0,0,0,0
58,2021-06-03,1,2,1,5,0,0,0,7,0,0,3,5,0,0,0,2
58,2021-06-04,0,0,5,1,0,0,0,0,0,0,0,6,0,0,0,11
58,2021-06-05,0,0,0,0,0,0,0,2,0,0,0,0,0,0,0,24
58,2021-06-06,0,0,6,1,0,0,0,3,0,0,3,2,0,0,0,29
58,2021-06-07,0,0,1,0,0,0,1,3,0,0,2,2,0,0,0,11
58,2021-06-08,0,0,0,0,0,0,0,0,0,0,0,1,0,0,0,0
58,2021-06-09,0,0,0,0,0,0,0,0,0,0,0,0,0,0,0,0
58,2021-06-10,0,0,0,0,0,0,0,0,0,0,0,0,0,0,0,0
58,2021-06-11,1,0,0,0,0,0,0,0,0,0,0,0,0,0,0,0
58,2021-06-12,0,0,0,0,0,0,0,0,0,0,1,1,0,0,0,0
58,2021-06-13,0,0,0,0,0,0,0,0,0,0,0,4,0,0,0,3
58,2021-06-14,0,0,0,0,0,0,0,0,0,0,0,0,0,0,0,0
58,2021-06-15,0,0,0,0,0,0,0,0,0,0,0,0,0,0,0,0
58,2021-06-16,0,0,0,0,0,0,0,0,0,0,0,0,0,0,0,0
58,2021-06-17,0,0,0,2,0,0,0,1,0,0,1,1,0,0,0,6
58,2021-06-18,0,0,8,19,0,0,1,7,0,0,0,2,0,0,0,2
58,2021-06-19,0,0,0,0,0,0,0,2,0,0,1,0,0,0,0,4
58,2021-06-20,0,0,6,8,0,0,0,9,0,0,0,0,0,0,0,0
58,2021-06-21,0,0,1,3,0,0,0,8,0,0,0,0,0,0,0,1
58,2021-06-22,0,0,1,4,0,0,0,1,0,0,1,2,0,0,0,27
58,2021-06-23,0,0,0,3,0,0,0,1,0,0,0,6,0,0,0,3
58,2021-06-24,0,0,0,0,0,0,0,2,0,0,0,0,0,0,0,0
58,2021-06-25,0,1,3,2,0,0,0,0,0,0,1,1,0,0,0,0
58,2021-06-26,0,0,0,1,0,0,0,0,0,0,0,1,0,0,0,0
58,2021-06-27,0,0,0,4,0,0,0,0,0,0,0,0,0,0,0,0
58,2021-06-28,0,0,0,0,0,0,0,0,0,0,0,0,0,0,0,0
58,2021-06-29,0,0,0,1,0,0,0,0,0,0,0,0,0,0,0,0
58,2021-06-30,0,0,0,0,0,0,0,0,0,0,0,0,0,0,0,0
58,2021-07-01,0,0,0,5,0,0,0,0,0,0,0,1,0,0,0,0
58,2021-07-02,0,0,0,4,0,0,0,0,0,0,0,0,0,0,0,0
58,2021-07-03,0,0,2,11,0,0,0,0,0,0,1,1,0,0,0,1
58,2021-07-04,0,3,9,39,0,0,0,5,0,0,0,0,0,0,0,0
58,2021-07-05,0,0,1,5,0,0,0,0,0,0,0,2,0,0,0,0
58,2021-07-06,0,0,0,0,0,0,0,0,0,0,0,0,0,0,0,0
58,2021-07-07,0,0,0,0,0,0,0,0,0,0,0,0,0,0,0,1
58,2021-07-08,0,0,0,0,0,0,0,0,0,0,2,5,0,0,0,0
58,2021-07-09,0,0,1,0,0,0,0,0,0,0,0,0,0,0,0,1
58,2021-07-10,0,0,0,0,0,0,0,0,0,0,1,1,0,0,0,1
58,2021-07-11,0,0,0,0,0,0,0,0,0,0,0,1,0,0,0,2
58,2021-07-12,0,0,0,2,0,0,0,0,0,0,0,0,0,0,0,1
58,2021-07-13,0,0,0,12,0,0,0,3,0,0,0,0,0,0,0,8
58,2021-07-14,0,1,5,13,0,0,0,1,0,1,3,6,0,0,0,11
58,2021-07-15,0,0,0,0,0,0,0,0,0,0,0,1,0,0,0,1
58,2021-07-16,0,0,1,3,0,0,0,0,0,0,1,0,0,0,0,0
58,2021-07-17,0,0,2,15,0,0,0,0,0,0,0,0,0,0,0,0
58,2021-07-18,0,0,0,0,0,0,0,0,0,0,0,0,0,0,0,0
58,2021-07-19,0,0,0,0,0,0,0,1,0,0,1,0,0,0,0,1
58,2021-07-20,0,0,0,0,0,0,0,0,0,0,0,0,0,0,0,0
58,2021-07-21,0,0,0,0,0,0,0,0,0,0,1,0,0,0,0,0
58,2021-07-22,0,0,0,0,0,0,0,0,0,0,0,0,0,0,0,0
58,2021-07-23,0,0,0,0,0,0,0,0,0,0,0,0,0,0,0,1
58,2021-07-24,0,0,0,0,0,0,0,0,0,0,0,0,0,0,0,0
58,2021-07-25,0,0,0,0,0,0,0,0,0,0,0,0,0,0,0,0
58,2021-07-26,0,0,0,0,0,0,0,0,0,0,0,0,0,0,0,0
58,2021-07-27,0,0,0,1,0,0,0,0,0,0,0,2,0,0,0,0
58,2021-07-28,0,0,0,0,0,0,0,0,0,0,0,0,0,0,0,0
58,2021-07-29,0,0,0,2,0,0,0,1,0,0,0,0,0,0,0,0
58,2021-07-30,0,0,10,32,0,0,0,0,0,0,0,0,0,0,0,0
58,2021-07-31,0,0,1,20,0,0,0,0,0,0,0,0,0,0,0,0
58,2021-08-01,0,0,0,0,0,0,0,0,0,0,0,0,0,0,0,0
58,2021-08-02,0,0,0,0,0,0,0,2,0,0,0,0,0,0,0,0
58,2021-08-03,0,0,0,0,0,0,0,0,0,0,0,0,0,0,0,0
58,2021-08-04,0,0,0,0,0,0,0,0,0,0,0,0,0,0,0,0
58,2021-08-05,0,0,0,33,0,0,0,2,0,0,0,0,0,0,0,1
58,2021-08-06,0,0,0,0,0,0,0,0,0,0,0,5,0,0,0,2
58,2021-08-07,0,0,0,7,0,0,0,0,0,0,0,0,0,0,0,0
58,2021-08-08,0,0,0,1,0,0,0,3,0,0,0,0,0,0,0,0
58,2021-08-09,0,0,1,48,0,0,0,0,0,0,1,0,0,0,0,0
58,2021-08-10,0,0,12,0,0,0,0,0,0,0,0,2,0,0,0,0
58,2021-08-11,0,0,0,0,0,0,0,0,0,0,0,0,0,0,0,0
58,2021-08-12,0,0,0,11,0,0,0,0,0,0,0,0,0,0,0,0
58,2021-08-13,0,0,0,12,0,0,0,0,0,0,0,0,0,0,0,0
58,2021-08-14,0,0,0,3,0,0,0,0,0,0,0,0,0,0,0,0
58,2021-08-15,0,0,0,0,0,0,0,0,0,0,0,0,0,0,0,0
58,2021-08-16,0,0,0,0,0,0,0,0,0,0,0,0,0,0,0,0
58,2021-08-17,0,0,1,0,0,0,0,0,0,0,2,0,0,0,0,0
58,2021-08-18,0,0,2,77,0,0,0,0,0,0,0,1,0,0,0,0
58,2021-08-19,0,0,0,15,0,0,0,0,0,0,1,0,0,0,0,0
58,2021-08-20,0,0,4,40,0,0,0,0,0,0,0,2,0,0,0,0
58,2021-08-21,0,0,12,123,0,0,0,6,0,0,0,0,0,0,0,0
58,2021-08-22,0,0,1,11,0,0,0,0,0,0,4,1,0,0,0,0
58,2021-08-23,0,0,5,18,0,0,0,0,0,0,0,0,0,0,0,0
58,2021-08-24,0,0,0,4,0,0,0,0,0,0,0,0,0,0,0,0
58,2021-08-25,0,0,4,20,0,0,0,0,0,0,1,0,0,0,0,0
58,2021-08-26,0,0,0,3,0,0,0,0,0,0,0,1,0,0,0,0
58,2021-08-27,0,0,0,0,0,0,0,0,0,0,1,1,0,0,0,3
58,2021-08-28,0,0,0,0,0,0,0,0,0,0,0,0,0,0,0,0
58,2021-08-29,0,0,1,0,0,0,0,0,0,0,1,3,0,0,0,0
58,2021-08-30,0,0,0,3,0,0,0,0,0,0,2,1,0,0,0,1
58,2021-08-31,0,0,1,2,0,0,0,0,0,0,3,1,0,0,0,1
58,2021-09-01,0,0,0,4,0,0,0,0,0,0,0,3,0,0,0,1
58,2021-09-02,2,0,0,1,0,0,0,0,0,0,0,2,0,0,0,0
58,2021-09-03,0,0,1,1,0,0,0,0,0,0,2,0,0,0,0,5
58,2021-09-04,0,0,0,0,0,0,0,0,0,0,0,0,0,0,0,0
58,2021-09-05,0,0,0,1,0,0,0,0,0,0,0,0,0,0,0,1
58,2021-09-06,0,0,4,3,0,0,0,0,0,0,0,1,0,0,0,1
58,2021-09-07,0,0,1,2,0,0,0,0,0,0,1,1,0,0,0,1
58,2021-09-08,0,0,0,0,0,0,0,0,0,0,0,0,0,0,0,0
58,2021-09-09,0,0,0,0,0,0,0,0,0,0,1,0,0,0,0,2
58,2021-09-10,0,0,0,0,0,0,0,4,0,0,0,5,0,0,0,3
58,2021-09-11,0,0,0,1,0,0,1,5,0,0,11,8,0,0,0,6
58,2021-09-12,1,0,2,1,0,0,0,8,0,0,1,3,0,0,0,11
58,2021-09-13,0,0,3,5,0,0,0,1,0,0,2,2,0,0,0,4
58,2021-09-14,0,0,0,0,0,0,0,0,0,0,0,0,0,0,0,0
58,2021-09-15,0,0,1,2,0,0,0,0,0,0,0,0,0,0,0,0
58,2021-09-16,0,0,0,0,0,0,0,0,0,0,3,0,0,0,0,0
58,2021-09-17,0,0,0,0,0,0,0,0,0,1,0,0,0,0,0,0
58,2021-09-18,0,0,0,1,0,0,0,0,0,0,1,1,0,0,0,0
58,2021-09-19,0,0,0,3,0,0,0,0,0,0,0,0,0,0,0,0
58,2021-09-20,0,0,0,0,0,0,0,0,0,1,2,0,0,0,0,0
58,2021-09-21,0,0,0,0,0,0,0,0,0,0,3,3,0,0,0,0
58,2021-09-22,0,0,0,0,0,0,0,8,0,0,0,1,0,0,0,1
58,2021-09-23,0,0,0,0,0,0,0,7,0,0,1,12,0,0,0,4
58,2021-09-24,0,0,0,0,0,0,0,3,0,0,0,7,0,0,0,1
58,2021-09-25,0,0,0,0,0,0,0,0,0,0,0,5,0,0,0,3
58,2021-09-26,0,0,0,0,0,0,0,0,0,0,1,0,0,0,0,0
58,2021-09-27,0,0,0,0,0,0,0,1,0,0,0,1,0,0,0,2
58,2021-09-28,0,0,1,1,0,0,0,5,0,0,0,8,0,0,0,6
58,2021-09-29,0,0,2,1,0,0,0,6,0,0,6,8,0,0,0,3
58,2021-09-30,0,0,0,2,0,0,1,0,0,0,5,0,0,0,0,1
58,2021-10-01,0,0,1,3,0,0,0,0,0,0,3,5,0,0,0,0
58,2021-10-02,0,0,0,5,0,0,0,0,0,0,0,2,0,0,0,0
58,2021-10-03,0,0,1,5,0,0,1,1,0,0,2,2,0,0,0,2
58,2021-10-04,0,0,1,1,0,0,0,3,0,0,2,2,0,0,0,1
58,2021-10-05,0,0,1,0,0,0,0,0,0,0,3,0,0,0,0,2
58,2021-10-06,2,0,0,0,0,0,0,1,0,0,6,1,0,0,0,1
58,2021-10-07,0,0,0,0,0,0,0,0,0,0,2,4,0,0,0,1
58,2021-10-08,0,2,6,0,0,0,0,7,0,0,6,6,0,0,0,2
58,2021-10-09,0,0,5,1,0,0,2,2,0,0,5,1,0,0,0,6
58,2021-10-10,0,0,2,0,0,0,0,2,0,0,0,3,0,0,0,0
58,2021-10-11,0,0,0,0,0,0,0,0,0,0,0,0,0,0,0,0
58,2021-10-12,0,0,0,1,0,0,0,1,0,0,0,0,0,0,0,5
58,2021-10-13,0,0,0,0,0,0,0,1,0,0,1,4,0,0,0,5
58,2021-10-14,0,0,0,0,0,0,0,0,0,0,0,2,0,0,0,0
58,2021-10-15,0,0,0,0,0,0,0,0,0,0,0,0,0,0,0,0
58,2021-10-16,0,0,0,0,0,0,0,0,0,0,0,0,0,0,0,0
58,2021-10-17,0,0,0,0,0,0,0,0,0,0,0,0,0,0,0,0
58,2021-10-18,0,0,0,0,0,0,0,1,0,0,1,5,0,0,0,1
58,2021-10-19,0,0,1,0,0,0,0,0,0,0,1,2,0,0,0,0
58,2021-10-20,0,0,0,1,0,0,0,2,0,0,1,2,0,0,0,1
58,2021-10-21,0,0,0,0,0,0,0,0,0,0,0,0,0,0,0,0
58,2021-10-22,0,0,0,0,0,0,0,0,0,0,2,2,0,0,0,0
58,2021-10-23,0,0,0,0,0,0,0,0,0,0,3,2,0,0,0,0
58,2021-10-24,0,0,0,4,0,0,0,0,0,0,8,6,0,0,0,0
58,2021-10-25,0,0,0,4,0,0,2,1,0,0,7,5,0,0,0,0
58,2021-10-26,0,0,1,0,0,0,0,1,0,0,1,2,0,0,0,0
58,2021-10-27,0,0,0,0,0,0,0,0,0,0,3,2,0,0,0,0
58,2021-10-28,0,0,0,0,0,0,0,0,0,0,1,2,0,0,0,0
58,2021-10-29,0,0,0,0,0,0,0,1,0,0,34,6,0,0,0,0
58,2021-10-30,0,0,0,6,0,0,0,1,0,0,3,2,0,0,0,0
58,2021-10-31,0,0,0,1,0,0,0,0,0,0,2,2,0,0,0,0
58,2021-11-01,0,0,0,0,0,0,0,0,0,0,1,5,0,0,0,0
58,2021-11-02,0,0,0,0,0,0,0,0,0,0,4,1,0,0,0,0
58,2021-11-03,0,0,0,3,0,0,0,1,0,0,8,5,0,0,0,4
58,2021-11-04,0,0,2,7,0,0,0,1,0,0,7,3,0,0,0,2
58,2021-11-05,0,0,3,12,0,0,0,2,0,0,4,1,0,0,0,2
58,2021-11-06,0,1,1,11,0,0,1,1,0,0,1,4,0,0,0,3
58,2021-11-07,0,0,4,0,0,0,0,4,0,0,16,3,0,0,0,3
58,2021-11-08,0,0,7,2,0,0,0,5,0,0,20,17,0,0,0,0
58,2021-11-09,1,0,8,6,0,0,0,1,0,0,32,17,0,0,0,0
58,2021-11-10,0,0,2,10,0,0,0,1,0,0,13,9,0,0,0,1
58,2021-11-11,0,0,5,7,0,0,0,3,0,0,11,5,0,0,0,0
58,2021-11-12,0,0,3,0,0,0,0,0,0,0,10,4,0,0,0,5
58,2021-11-13,1,0,5,3,0,0,0,0,0,0,25,2,0,0,0,0
58,2021-11-14,1,0,5,1,0,0,0,5,0,0,61,9,0,0,0,0
58,2021-11-15,0,4,19,31,0,0,0,4,0,0,23,3,0,0,0,0
58,2021-11-16,0,1,5,7,0,0,0,9,0,0,28,3,0,0,0,0
58,2021-11-17,0,0,5,3,0,0,0,1,0,0,6,7,0,0,0,0
58,2021-11-18,0,0,8,8,0,0,0,6,0,0,33,3,0,0,0,1
58,2021-11-19,0,0,16,36,0,0,1,4,0,0,115,20,0,0,0,1
58,2021-11-20,1,6,33,55,0,0,0,21,0,0,124,24,0,0,0,5
58,2021-11-21,1,2,22,41,0,0,1,29,0,0,43,10,0,0,0,13
58,2021-11-22,0,3,9,18,0,0,1,7,0,0,33,5,0,0,0,4
58,2021-11-23,0,3,5,6,0,0,2,3,0,0,40,8,0,0,0,0
58,2021-11-24,2,0,12,12,0,0,0,2,0,0,35,24,0,0,0,0
58,2021-11-25,0,2,14,53,0,0,0,1,0,0,21,16,0,0,0,0
58,2021-11-26,0,1,21,65,0,0,0,11,0,0,12,9,0,0,0,4
58,2021-11-27,1,3,18,25,0,0,0,7,0,0,20,6,0,0,0,4
58,2021-11-28,0,1,12,16,0,0,0,7,0,0,24,10,0,0,0,2
58,2021-11-29,0,0,18,44,0,0,2,7,0,0,62,9,0,0,0,3
58,2021-11-30,0,7,47,31,0,0,2,6,0,0,53,24,0,0,0,2
58,2021-12-01,6,4,125,76,0,0,1,14,0,0,78,30,0,0,0,9
58,2021-12-02,1,1,61,77,0,0,0,15,0,0,40,19,0,0,0,1
58,2021-12-03,0,0,42,57,0,0,5,14,0,0,32,25,0,0,0,2
58,2021-12-04,3,0,87,75,0,0,2,14,0,0,55,40,0,0,0,5
58,2021-12-05,4,6,96,108,0,0,0,18,0,0,92,68,0,0,0,1
58,2021-12-06,2,12,157,162,0,0,2,15,0,0,92,32,0,0,0,3
58,2021-12-07,1,4,86,80,0,0,3,31,0,0,47,21,0,0,0,10
58,2021-12-08,2,1,56,59,0,0,1,21,0,0,44,22,0,0,0,5
58,2021-12-09,1,0,33,16,0,0,0,9,0,0,30,32,0,0,0,12
58,2021-12-10,0,1,41,50,0,0,1,19,0,2,61,63,0,0,0,1
58,2021-12-11,10,11,68,75,0,0,1,14,0,0,67,54,0,0,0,6
58,2021-12-12,0,3,53,103,0,0,1,20,0,0,41,25,0,0,0,2
58,2021-12-13,3,2,34,39,0,0,1,25,0,0,25,18,0,0,0,0
58,2021-12-14,1,0,29,28,0,0,0,11,0,0,42,34,0,0,0,1
58,2021-12-15,0,3,29,42,0,0,1,13,0,0,56,56,0,0,0,2
58,2021-12-16,5,6,50,44,0,0,2,14,1,0,75,79,0,0,0,8
58,2021-12-17,5,7,67,93,0,0,2,31,0,1,77,61,0,0,0,10
58,2021-12-18,4,0,13,42,0,0,0,12,0,0,44,37,0,0,0,3
58,2021-12-19,0,0,18,27,0,0,0,4,0,0,32,11,0,0,0,0
58,2021-12-20,4,0,21,46,0,0,2,16,0,2,42,42,0,0,0,13
58,2021-12-21,1,2,57,61,0,0,0,21,0,0,44,46,0,0,0,8
58,2021-12-22,0,6,57,90,0,0,3,29,0,0,52,30,0,0,0,6
58,2021-12-23,2,3,44,60,0,0,2,39,0,0,31,19,0,0,0,2
58,2021-12-24,1,0,17,39,0,0,4,22,0,0,29,14,0,0,0,4
58,2021-12-25,8,0,21,15,0,0,1,12,0,3,35,38,0,0,0,0
58,2021-12-26,1,4,16,26,0,0,0,15,0,0,77,57,0,0,0,0
58,2021-12-27,4,2,30,51,0,0,1,15,0,1,111,62,0,0,0,3
58,2021-12-28,3,5,56,63,0,0,4,42,0,4,100,49,0,0,0,12
58,2021-12-29,2,4,29,24,0,0,1,4,0,5,69,26,0,0,0,4
58,2021-12-30,3,2,12,29,0,0,0,14,0,0,36,33,0,0,0,3
58,2021-12-31,0,1,18,25,0,0,2,15,0,0,84,53,0,0,0,4
58,2022-01-01,3,4,21,32,0,0,1,11,0,0,153,80,0,0,0,3
58,2022-01-02,3,2,44,51,0,0,6,36,0,5,101,58,0,0,0,6
58,2022-01-03,8,3,28,21,0,0,2,52,0,0,66,35,0,0,0,2
58,2022-01-04,5,4,24,10,0,0,2,29,0,5,120,58,0,0,0,10
58,2022-01-05,3,1,28,40,0,0,4,25,0,5,108,75,0,0,0,20
58,2022-01-06,6,8,53,61,0,0,4,34,3,16,180,111,0,0,0,22
58,2022-01-07,13,11,92,67,0,0,6,48,0,19,204,103,0,0,0,20
58,2022-01-08,5,5,70,74,0,0,6,56,0,20,140,84,0,0,0,20
58,2022-01-09,0,2,56,43,0,0,1,39,0,15,95,65,0,0,0,5
58,2022-01-10,3,6,58,51,0,0,0,57,0,9,137,77,0,0,0,10
58,2022-01-11,4,4,55,82,0,0,4,37,0,9,77,46,0,0,1,12
58,2022-01-12,0,0,72,54,0,0,1,40,0,0,50,62,0,0,0,2
58,2022-01-13,0,0,97,102,0,0,1,18,0,19,84,53,0,0,0,19
58,2022-01-14,0,0,32,74,0,0,1,47,0,0,7,13,0,0,0,5
58,2022-01-15,0,0,16,46,0,0,2,24,0,0,10,8,0,0,0,0
58,2022-01-16,3,1,17,42,0,0,0,39,0,0,7,17,0,0,0,2
58,2022-01-17,2,0,21,66,0,0,0,14,0,1,69,104,0,0,0,2
58,2022-01-18,1,4,42,104,0,0,0,13,0,2,89,99,0,0,0,3
58,2022-01-19,0,1,21,91,0,0,0,25,0,3,46,110,0,0,0,1
58,2022-01-20,0,0,2,12,0,0,0,2,0,2,44,53,0,0,0,0
58,2022-01-21,3,0,0,5,0,0,0,0,0,25,129,126,0,0,0,0
58,2022-01-22,4,0,5,4,0,0,0,0,0,40,176,177,0,0,0,0
58,2022-01-23,12,6,60,19,0,0,1,5,1,71,221,220,0,0,0,7
58,2022-01-24,10,2,41,39,0,0,0,21,0,29,155,115,0,0,0,10
58,2022-01-25,8,6,32,67,0,0,0,22,0,35,134,40,0,0,0,1
58,2022-01-26,17,9,82,56,0,0,1,48,0,43,113,32,0,0,0,0
58,2022-01-27,17,12,156,62,0,0,2,63,0,48,205,146,0,0,0,0
58,2022-01-28,40,22,357,117,0,0,5,87,4,122,494,329,0,0,0,7
58,2022-01-29,46,32,519,213,0,0,13,200,1,128,406,294,0,0,0,9
58,2022-01-30,19,17,296,199,0,0,7,173,0,56,286,277,0,0,0,12
58,2022-01-31,24,22,230,131,0,0,8,74,0,95,283,281,0,0,0,9
58,2022-02-01,36,29,185,96,0,0,5,57,1,85,420,399,0,0,0,4
58,2022-02-02,86,36,309,96,0,0,4,76,12,162,496,526,0,0,0,5
58,2022-02-03,61,39,322,87,0,0,10,88,3,136,328,401,0,0,0,9
58,2022-02-04,16,7,54,25,0,0,6,18,1,32,214,231,0,0,0,9
58,2022-02-05,1,0,0,11,0,0,0,0,0,7,75,36,0,0,0,1
58,2022-02-06,0,1,3,35,0,0,0,3,0,21,96,265,0,0,0,0
58,2022-02-07,1,6,25,102,0,0,0,9,4,37,304,556,0,0,0,0
58,2022-02-08,12,12,189,188,0,0,1,51,2,85,421,461,0,0,0,11
58,2022-02-09,12,7,215,180,0,0,3,102,2,87,413,311,0,0,0,31
58,2022-02-10,28,18,135,54,0,0,10,103,3,91,297,341,0,0,0,6
58,2022-02-11,20,36,110,4,0,0,7,128,13,101,427,369,0,0,0,26
58,2022-02-12,20,44,195,13,0,0,7,117,14,159,555,664,0,0,0,5
58,2022-02-13,60,120,367,63,0,0,11,90,30,242,585,891,0,0,0,17
58,2022-02-14,53,89,277,44,0,0,16,68,25,165,493,448,0,0,0,20
58,2022-02-15,20,9,7,1,0,0,0,60,18,91,457,405,0,0,0,10
58,2022-02-16,9,4,5,0,0,0,9,13,8,104,449,492,0,0,0,7
58,2022-02-17,2,0,3,0,0,0,5,26,3,15,141,515,0,0,0,21
58,2022-02-18,3,2,8,4,0,0,3,18,0,26,383,746,0,0,0,16
58,2022-02-19,0,0,1,23,0,0,0,0,0,1,231,521,0,0,0,18
58,2022-02-20,1,1,1,0,0,0,0,0,6,121,406,467,0,0,0,2
58,2022-02-21,2,1,0,8,0,0,0,0,1,33,105,153,0,0,0,0
58,2022-02-22,5,4,21,23,0,0,0,0,22,147,562,461,0,0,0,0
58,2022-02-23,5,6,24,69,0,0,0,7,44,328,886,869,0,0,0,0
58,2022-02-24,29,26,59,146,0,0,1,18,71,489,1109,753,0,0,0,12
58,2022-02-25,29,22,54,130,0,0,0,37,43,244,787,518,0,0,0,14
58,2022-02-26,9,8,38,100,0,0,0,45,43,183,534,392,0,0,0,29
58,2022-02-27,28,18,145,72,0,0,4,38,46,264,871,821,0,0,2,41
58,2022-02-28,31,8,201,137,0,0,3,21,23,283,1060,1074,0,0,0,23
58,2022-03-01,79,73,219,151,0,0,12,390,124,765,1217,1366,0,0,0,9
58,2022-03-02,66,46,175,189,0,0,9,383,73,477,785,711,0,0,0,12
58,2022-03-03,32,16,50,104,0,0,6,374,43,230,518,719,0,0,0,11
58,2022-03-04,27,12,41,65,0,0,8,304,22,166,791,832,0,0,0,13
58,2022-03-05,51,48,86,106,0,0,67,487,64,342,925,582,0,0,0,12
58,2022-03-06,112,115,164,114,0,0,45,579,134,597,747,1144,0,0,0,1
58,2022-03-07,98,71,133,115,0,0,15,162,105,460,683,565,0,0,0,7
58,2022-03-08,17,4,22,35,0,0,0,32,28,117,416,556,0,0,0,5
58,2022-03-09,8,2,5,36,0,0,1,39,23,55,264,622,0,0,0,4
58,2022-03-10,13,9,15,44,0,0,15,99,48,120,651,1383,0,0,0,10
58,2022-03-11,32,29,65,66,0,0,28,202,129,135,1098,2161,0,0,0,5
58,2022-03-12,77,80,147,132,0,0,36,441,292,291,1466,2063,0,0,0,15
58,2022-03-13,85,35,54,129,0,0,22,445,218,207,824,1160,0,0,0,10
58,2022-03-14,36,22,40,59,0,0,7,366,100,123,605,1124,0,0,0,3
58,2022-03-15,37,32,28,51,0,0,22,132,148,130,1103,2182,0,0,0,17
58,2022-03-16,22,16,51,117,0,0,0,1,60,192,2157,2341,0,0,0,11
58,2022-03-17,175,141,252,160,0,0,3,9,69,128,2422,2463,0,0,0,6
58,2022-03-18,140,105,134,17,0,0,5,8,266,138,1378,1457,0,0,0,14
58,2022-03-19,42,69,20,22,0,0,6,32,101,171,1290,1432,0,0,0,4
58,2022-03-20,22,25,1,14,0,0,25,133,53,129,1167,1567,0,0,0,2
58,2022-03-21,12,10,5,11,0,0,3,108,3,71,209,1733,0,0,0,6
58,2022-03-22,1,0,15,73,0,0,32,92,0,10,32,9,0,0,0,0
58,2022-03-23,1,0,0,31,0,0,1,63,0,0,3,4,0,0,0,0
58,2022-03-24,16,0,8,21,0,0,0,9,0,15,20,52,0,0,0,2
58,2022-03-25,20,3,26,33,0,0,4,153,8,56,237,187,0,0,0,4
58,2022-03-26,54,27,52,81,0,0,33,570,6,155,569,384,0,0,0,1
58,2022-03-27,80,24,108,173,0,0,161,1095,8,133,395,318,0,0,0,0
58,2022-03-28,134,63,92,145,0,0,197,668,11,163,1066,572,0,0,0,7
58,2022-03-29,73,43,42,65,0,0,0,0,15,123,547,379,0,0,0,0
58,2022-03-30,46,76,91,23,0,0,1,0,18,89,727,578,0,0,0,0
58,2022-03-31,35,69,88,34,0,0,58,82,10,45,681,863,0,0,0,0
58,2022-04-01,99,119,54,39,0,0,50,256,45,188,880,1251,0,0,0,0
58,2022-04-02,17,60,30,4,0,0,0,0,7,112,508,732,0,0,0,0
58,2022-04-03,33,83,55,0,0,0,86,856,33,69,506,362,0,0,0,4
58,2022-04-04,19,58,127,56,0,0,328,2009,20,108,765,641,0,0,0,1
58,2022-04-05,36,40,84,78,0,0,825,5252,10,139,1948,1105,0,0,0,3
58,2022-04-06,61,58,78,77,0,0,2,1174,4,155,1744,1283,0,0,0,1
58,2022-04-07,0,1,56,160,0,0,379,1804,0,68,1074,795,0,0,0,4
58,2022-04-08,0,1,25,65,0,0,362,4157,0,9,214,340,0,0,0,8
58,2022-04-09,0,2,64,113,0,0,218,308,1,55,531,712,0,0,0,1
58,2022-04-10,4,2,39,48,0,0,352,2000,1,19,675,689,0,0,0,4
58,2022-04-11,8,14,66,38,0,0,123,1542,2,185,1451,658,0,0,0,7
58,2022-04-12,76,48,156,76,0,0,64,365,7,240,1426,620,0,0,0,4
58,2022-04-13,74,30,171,112,0,0,161,649,11,79,1140,668,0,0,0,18
58,2022-04-14,62,15,105,55,0,0,42,166,3,67,710,258,0,0,0,9
58,2022-04-15,41,14,87,53,0,0,257,1737,0,44,570,339,0,0,0,8
58,2022-04-16,85,41,98,68,0,0,222,724,8,51,778,584,0,0,0,0
58,2022-04-17,67,25,139,81,0,0,42,130,2,27,562,469,0,0,0,2
58,2022-04-18,76,58,72,83,0,0,0,0,21,71,482,208,0,0,0,1
58,2022-04-19,7,5,15,1,0,0,0,1,3,18,218,179,0,0,0,1
58,2022-04-20,0,1,5,18,0,0,5,10,0,4,207,161,0,0,0,0
58,2022-04-21,0,0,6,5,0,0,0,3,0,0,63,116,0,0,0,0
58,2022-04-22,3,0,19,24,0,0,3,15,0,7,155,331,0,0,0,11
58,2022-04-23,43,12,71,57,0,0,45,111,12,27,478,283,0,0,0,15
58,2022-04-24,5,5,41,32,0,0,8,259,9,9,173,277,0,0,0,41
58,2022-04-25,26,5,71,48,0,0,83,120,3,14,308,718,0,0,0,37
58,2022-04-26,17,3,48,20,0,0,79,1191,0,6,292,759,0,0,0,44
58,2022-04-27,28,29,112,33,0,0,311,2667,1,1,236,568,0,0,0,57
58,2022-04-28,26,46,186,58,0,0,274,2320,2,11,401,495,0,0,0,21
58,2022-04-29,0,4,118,6,0,0,45,629,5,2,85,287,0,0,0,54
58,2022-04-30,4,5,31,7,0,0,6,53,0,1,122,157,0,0,0,5
58,2022-05-01,0,2,30,5,0,0,8,57,0,1,53,204,0,0,0,3
58,2022-05-02,0,0,0,2,0,0,0,3,0,4,40,307,0,0,0,0
58,2022-05-03,3,0,21,0,0,0,2,43,0,0,35,220,0,0,0,0
58,2022-05-04,1,36,198,33,0,0,48,452,0,7,71,45,0,0,0,1
58,2022-05-05,1,4,27,4,0,0,4,86,0,0,47,96,0,0,0,1
58,2022-05-06,4,6,13,1,0,0,0,22,0,0,31,48,0,0,0,4
58,2022-05-07,0,2,3,0,0,0,1,2,0,0,17,49,0,0,0,10
58,2022-05-08,0,0,1,0,0,0,0,0,0,0,7,31,0,0,0,0
58,2022-05-09,0,1,23,3,0,0,0,0,0,0,13,10,0,0,0,0
58,2022-05-10,0,0,0,1,0,0,1,2,0,0,0,0,0,0,0,0
58,2022-05-11,0,0,0,2,0,0,0,0,0,0,2,0,0,0,0,0
58,2022-05-12,0,0,0,0,0,0,0,0,0,0,0,1,0,0,0,0
58,2022-05-13,0,0,1,5,0,0,1,0,0,0,7,14,0,0,0,1
58,2022-05-14,8,5,14,5,0,0,7,15,0,1,12,17,0,0,0,13
58,2022-05-15,8,9,61,33,0,0,15,41,0,1,31,25,0,0,0,34
58,2022-05-16,0,4,11,5,0,0,3,1,0,2,12,8,0,0,0,0
58,2022-05-17,1,0,0,0,0,0,0,0,0,0,0,13,0,0,0,0
58,2022-05-18,0,0,0,0,0,0,0,0,0,0,1,89,0,0,0,0
58,2022-05-19,0,0,9,0,0,0,2,27,0,0,3,60,0,0,0,6
58,2022-05-20,0,0,0,0,0,0,0,6,0,0,0,6,0,0,0,17
58,2022-05-21,0,0,0,0,0,0,0,0,0,0,1,6,0,0,0,0
58,2022-05-22,0,0,0,0,0,0,0,0,0,0,0,24,0,0,0,1
58,2022-05-23,0,0,2,0,0,0,0,0,0,0,3,3,0,0,0,9
58,2022-05-24,0,0,4,0,0,0,0,0,0,0,0,17,0,0,0,31
58,2022-05-25,0,0,16,4,0,0,3,20,0,0,1,0,0,0,0,8
58,2022-05-26,0,0,2,0,0,0,0,51,0,0,5,3,0,0,0,7
58,2022-05-27,0,0,16,0,0,0,4,6,0,3,1,3,0,0,0,15
58,2022-05-28,0,1,5,2,0,0,1,25,0,0,4,5,0,0,0,39
58,2022-05-29,0,1,5,6,0,0,0,104,0,0,4,6,0,0,0,52
58,2022-05-30,0,5,10,8,0,0,5,35,0,2,9,12,0,0,0,54
58,2022-05-31,0,0,5,5,0,0,0,0,0,0,0,3,0,0,0,2
58,2022-06-01,1,0,5,0,0,0,0,0,0,0,0,1,0,0,0,1
58,2022-06-02,0,0,2,5,0,0,0,3,0,0,0,2,0,0,0,0
58,2022-06-03,0,0,2,0,0,0,0,0,0,0,2,3,0,0,0,0
58,2022-06-04,0,0,6,0,0,0,1,8,0,0,5,3,0,0,0,1
58,2022-06-05,0,4,8,1,0,0,1,48,0,0,0,6,0,0,0,11
58,2022-06-06,1,0,0,0,0,0,0,0,0,0,0,3,0,0,0,1
58,2022-06-07,0,0,8,1,0,0,0,20,0,0,0,0,0,0,0,2
58,2022-06-08,0,0,0,0,0,0,0,0,0,0,0,0,0,0,0,0
58,2022-06-09,0,0,1,2,0,0,0,3,0,0,0,0,0,0,0,0
58,2022-06-10,0,0,2,1,0,0,0,5,0,0,2,6,0,0,0,0
58,2022-06-11,1,0,1,1,0,0,0,4,0,0,1,0,0,0,0,0
58,2022-06-12,0,0,2,0,0,0,0,2,0,0,1,6,0,0,0,0
58,2022-06-13,0,0,2,2,0,0,1,1,0,0,0,2,0,0,0,0
58,2022-06-14,0,0,7,4,0,0,0,0,0,0,0,4,0,0,0,0
58,2022-06-15,0,0,3,2,0,0,0,0,0,0,0,4,0,0,0,0
58,2022-06-16,0,0,0,2,0,0,0,0,0,0,0,0,0,0,0,0
58,2022-06-17,0,0,2,3,0,0,0,0,0,0,0,1,0,0,0,0
58,2022-06-18,0,0,0,0,0,0,0,0,0,0,0,0,0,0,0,0
58,2022-06-19,0,0,0,5,0,0,0,5,0,0,0,0,0,0,0,1
58,2022-06-20,0,0,14,6,0,0,1,5,0,0,0,1,0,0,0,11
58,2022-06-21,1,4,15,7,0,0,7,17,0,0,1,6,0,0,0,10
58,2022-06-22,0,0,3,1,0,0,1,0,0,0,0,1,0,0,0,0
58,2022-06-23,0,0,1,1,0,0,0,4,0,0,0,0,0,0,0,0
58,2022-06-24,0,0,0,0,0,0,0,0,0,0,0,0,0,0,0,0
58,2022-06-25,0,0,4,0,0,0,0,3,0,0,1,5,0,0,0,1
58,2022-06-26,0,0,6,1,0,0,0,0,0,0,0,1,0,0,0,2
58,2022-06-27,0,0,0,9,0,0,0,3,0,0,0,0,0,0,0,0
58,2022-06-28,0,0,0,1,0,0,0,0,0,0,0,0,0,0,0,0
58,2022-06-29,0,0,1,0,0,0,0,0,0,0,1,0,0,0,0,0
58,2022-06-30,0,0,0,0,0,0,0,0,0,0,0,0,0,0,0,0
58,2022-07-01,0,0,0,2,0,0,0,0,0,0,0,0,0,0,0,1
58,2022-07-02,0,0,0,4,0,0,0,0,0,0,0,1,0,0,0,2
58,2022-07-03,0,0,0,1,0,0,0,0,0,0,0,0,0,0,0,0
58,2022-07-04,0,0,1,2,0,0,0,2,0,0,0,0,0,0,0,0
58,2022-07-05,0,0,0,2,0,0,0,0,0,0,0,0,0,0,0,0
58,2022-07-06,0,0,1,4,0,0,0,0,0,0,0,1,0,0,0,0
58,2022-07-07,0,0,1,11,0,0,0,0,0,0,0,1,0,0,0,13
58,2022-07-08,0,0,0,1,0,0,0,0,0,0,0,2,0,0,0,0
58,2022-07-09,0,0,1,0,0,0,1,0,0,0,2,2,0,0,0,7
58,2022-07-10,0,0,0,0,0,0,0,0,0,0,0,0,0,0,0,1
58,2022-07-11,0,0,0,0,0,0,0,0,0,0,0,1,0,0,0,1
58,2022-07-12,0,0,1,0,0,0,0,1,0,0,0,1,0,0,0,22
58,2022-07-13,0,0,0,0,0,0,0,8,0,0,0,0,0,0,0,17
58,2022-07-14,0,0,0,1,0,0,0,0,0,0,0,7,0,0,0,20
58,2022-07-15,0,1,0,0,0,0,0,0,0,0,0,1,0,0,0,2
58,2022-07-16,0,0,0,18,0,0,0,1,0,0,0,0,0,0,0,4
58,2022-07-17,0,0,2,29,0,0,0,4,0,0,0,2,0,0,0,2
58,2022-07-18,0,0,6,32,0,0,0,5,0,0,0,2,0,0,0,0
58,2022-07-19,0,0,0,12,0,0,0,0,0,0,0,0,0,0,0,0
58,2022-07-20,0,0,0,0,0,0,0,0,0,0,0,2,0,0,0,0
58,2022-07-21,0,0,0,0,0,0,0,0,0,0,0,2,0,0,0,0
58,2022-07-22,0,0,0,0,0,0,0,0,0,0,0,0,0,0,0,0
58,2022-07-23,0,0,0,0,0,0,0,0,0,0,0,0,0,0,0,0
58,2022-07-24,0,0,0,2,0,0,0,1,0,0,2,0,0,0,0,2
58,2022-07-25,0,0,0,2,0,0,0,1,0,0,1,3,0,0,0,7
58,2022-07-26,0,0,2,0,0,0,0,2,0,0,4,0,0,0,0,4
58,2022-07-27,0,0,0,0,0,0,0,0,0,0,0,0,0,0,0,0
58,2022-07-28,0,0,0,0,0,0,0,0,0,0,0,0,0,0,0,0
58,2022-07-29,0,0,0,0,0,0,0,0,0,0,0,0,0,0,0,0
58,2022-07-30,0,0,0,0,0,0,0,0,0,0,0,0,0,0,0,0
58,2022-07-31,0,0,0,0,0,0,0,0,0,0,0,0,0,0,0,0
58,2022-08-01,0,0,0,0,0,0,0,0,0,0,0,0,0,0,0,0
58,2022-08-02,0,0,0,0,0,0,0,0,0,0,0,0,0,0,0,0
58,2022-08-03,0,0,0,0,0,0,0,0,0,0,0,0,0,0,0,0
58,2022-08-04,0,0,0,0,0,0,0,0,0,0,0,0,0,0,0,0
58,2022-08-05,0,0,0,0,0,0,0,0,0,0,0,0,0,0,0,0
58,2022-08-06,0,0,0,0,0,0,0,0,0,0,0,0,0,0,0,0
58,2022-08-07,0,0,0,0,0,0,0,0,0,0,0,0,0,0,0,0
58,2022-08-08,0,0,0,0,0,0,0,0,0,0,0,0,0,0,0,0
58,2022-08-09,0,0,0,0,0,0,0,0,0,0,0,0,0,0,0,0
58,2022-08-10,0,0,0,0,0,0,0,0,0,0,0,0,0,0,0,0
58,2022-08-11,0,0,0,0,0,0,0,0,0,0,0,0,0,0,0,3
58,2022-08-12,0,0,0,0,0,0,0,0,0,0,0,0,0,0,0,0
58,2022-08-13,0,0,0,76,0,0,0,0,0,0,1,0,0,0,0,0
58,2022-08-14,0,0,0,3,0,0,0,1,0,0,0,0,0,0,0,3
58,2022-08-15,0,0,0,1,0,0,0,0,0,0,0,5,0,0,0,2
58,2022-08-16,0,0,0,1,0,0,0,0,0,0,0,0,0,0,0,0
58,2022-08-17,0,0,0,2,0,0,0,0,0,0,0,5,0,0,0,0
58,2022-08-18,0,0,1,10,0,0,0,3,0,0,1,4,0,0,0,3
58,2022-08-19,0,0,1,24,0,0,0,1,0,0,0,3,0,0,0,5
58,2022-08-20,0,0,0,0,0,0,0,0,0,0,0,0,0,0,0,0
58,2022-08-21,0,0,0,0,0,0,0,0,0,0,0,0,0,0,0,0
58,2022-08-22,0,0,0,2,0,0,0,0,0,0,0,0,0,0,0,0
58,2022-08-23,0,0,1,8,0,0,0,0,0,0,1,9,0,0,0,1
58,2022-08-24,0,0,2,43,0,0,0,0,0,0,0,3,0,0,0,0
58,2022-08-25,0,0,0,0,0,0,0,0,0,0,0,0,0,0,0,0
58,2022-08-26,0,0,0,0,0,0,0,0,0,0,0,0,0,0,0,0
58,2022-08-27,0,0,0,0,0,0,0,0,0,0,1,0,0,0,0,0
58,2022-08-28,0,0,0,3,0,0,0,0,0,0,0,1,0,0,0,0
58,2022-08-29,0,0,0,0,0,0,0,5,0,0,2,3,0,0,0,0
58,2022-08-30,0,0,1,2,0,0,2,13,0,0,3,10,0,0,0,1
58,2022-08-31,0,1,4,18,0,0,0,0,0,0,2,3,0,0,0,0
58,2022-09-01,0,0,2,9,0,0,0,0,0,0,0,1,0,0,0,1
58,2022-09-02,0,0,0,13,0,0,0,2,0,0,8,2,0,0,0,0
58,2022-09-03,0,0,4,7,0,0,0,2,0,0,9,6,0,0,0,1
58,2022-09-04,0,0,5,28,0,0,0,1,0,0,0,1,0,0,0,0
58,2022-09-05,0,0,0,0,0,0,0,0,0,0,0,2,0,0,0,1
58,2022-09-06,0,0,0,0,0,0,0,0,0,0,3,0,0,0,0,1
58,2022-09-07,0,0,0,0,0,0,0,0,0,0,2,3,0,0,0,2
58,2022-09-08,0,0,0,0,0,0,0,0,0,0,1,1,0,0,0,0
58,2022-09-09,0,0,0,0,0,0,0,0,0,0,0,0,0,0,0,0
58,2022-09-10,0,0,0,0,0,0,0,1,0,0,0,0,0,0,0,0
58,2022-09-11,0,0,0,0,0,0,0,0,0,0,0,0,0,0,0,0
58,2022-09-12,0,0,0,0,0,0,0,0,0,0,0,0,0,0,0,0
58,2022-09-13,0,0,0,7,0,0,0,0,0,0,2,6,0,0,0,0
58,2022-09-14,0,0,1,20,0,0,0,1,0,0,4,1,0,0,0,0
58,2022-09-15,0,0,1,6,0,0,0,3,0,0,7,1,0,0,0,0
58,2022-09-16,0,0,3,7,0,0,0,0,0,0,0,1,0,0,0,0
58,2022-09-17,0,0,1,3,0,0,0,0,0,0,2,2,0,0,0,2
58,2022-09-18,0,1,0,1,0,0,0,0,0,0,0,2,0,0,0,2
58,2022-09-19,0,0,0,0,0,0,0,0,0,0,0,2,0,0,0,2
58,2022-09-20,0,0,0,1,0,0,0,0,0,0,0,1,0,0,0,3
58,2022-09-21,0,0,0,1,0,0,0,0,0,0,1,2,0,0,0,1
58,2022-09-22,0,0,0,0,0,0,0,1,0,0,0,0,0,0,0,0
58,2022-09-23,0,0,0,0,0,0,0,0,0,0,1,0,0,0,0,3
58,2022-09-24,0,0,0,1,0,0,0,0,0,0,1,1,0,0,0,1
58,2022-09-25,0,0,0,0,0,0,0,0,0,0,1,4,0,0,0,5
58,2022-09-26,0,0,0,0,0,0,0,3,0,0,2,3,0,0,0,4
58,2022-09-27,0,0,0,0,0,0,0,3,0,0,1,5,0,0,0,3
58,2022-09-28,0,0,0,0,0,0,0,1,0,0,0,5,0,0,0,0
58,2022-09-29,0,0,0,0,0,0,0,0,0,0,4,1,0,0,0,0
58,2022-09-30,0,0,0,0,0,0,0,0,0,0,0,3,0,0,0,0
58,2022-10-01,0,0,0,0,0,0,0,0,0,0,0,3,0,0,0,0
58,2022-10-02,0,0,0,0,0,0,0,0,0,0,0,0,0,0,0,0
58,2022-10-03,0,0,0,0,0,0,0,1,0,0,0,0,0,0,0,0
58,2022-10-04,0,0,0,0,0,0,0,0,0,0,2,2,0,0,0,2
58,2022-10-05,0,0,0,0,0,0,0,0,0,0,4,9,0,0,0,5
58,2022-10-06,0,1,0,1,0,0,0,2,0,0,7,7,0,0,0,0
58,2022-10-07,0,0,1,2,0,0,0,1,0,0,0,1,0,0,0,1
58,2022-10-08,0,0,0,1,0,0,0,4,0,0,0,0,0,0,0,0
58,2022-10-09,0,0,1,0,0,0,0,1,0,0,0,1,0,0,0,0
58,2022-10-10,0,0,0,0,0,0,0,0,0,0,2,0,0,0,0,0
58,2022-10-11,0,0,0,1,0,0,0,1,0,0,2,9,0,0,0,0
58,2022-10-12,0,0,2,5,0,0,0,0,0,0,5,3,0,0,0,1
58,2022-10-13,0,0,2,0,0,0,0,0,0,0,0,8,0,0,0,0
58,2022-10-14,0,0,0,0,0,0,0,2,0,0,5,6,0,0,0,0
58,2022-10-15,0,0,0,0,0,0,0,3,0,0,0,9,0,0,0,0
58,2022-10-16,0,0,0,0,0,0,0,0,0,0,2,2,0,0,0,0
58,2022-10-17,0,2,11,3,0,0,3,9,0,0,7,4,0,0,0,4
58,2022-10-18,0,0,9,6,0,0,2,22,0,0,12,11,0,0,0,8
58,2022-10-19,0,0,6,6,0,0,0,4,0,0,5,11,0,0,0,6
58,2022-10-20,0,0,7,1,0,0,0,0,0,0,9,19,0,0,0,5
58,2022-10-21,0,0,3,1,0,0,0,3,0,0,35,16,0,0,0,2
58,2022-10-22,1,1,4,1,0,0,0,2,0,0,8,13,0,0,0,2
58,2022-10-23,0,0,5,2,0,0,1,17,0,0,10,7,0,0,0,1
58,2022-10-24,0,0,1,2,0,0,0,10,0,0,1,2,0,0,0,2
58,2022-10-25,0,0,1,0,0,0,0,7,0,0,1,1,0,0,0,0
58,2022-10-26,0,0,3,5,0,0,0,0,0,0,12,2,0,0,0,0
58,2022-10-27,0,1,1,2,0,0,3,4,0,0,18,4,0,0,0,1
58,2022-10-28,0,0,7,8,0,0,1,6,0,0,7,2,0,0,0,0
58,2022-10-29,0,0,4,11,0,0,0,7,0,0,2,9,0,0,0,2
58,2022-10-30,0,0,2,1,0,0,0,1,0,0,6,4,0,0,0,3
58,2022-10-31,0,1,7,5,0,0,0,11,0,1,29,4,0,0,0,5
58,2022-11-01,0,1,16,16,0,0,1,4,0,0,54,23,0,0,0,5
58,2022-11-02,0,0,34,34,0,0,3,25,0,1,27,15,0,0,0,11
58,2022-11-03,1,1,16,20,0,0,0,19,0,0,9,13,0,0,0,4
58,2022-11-04,0,1,7,11,0,0,0,10,0,0,7,7,0,0,0,1
58,2022-11-05,1,1,14,16,0,0,1,6,0,0,19,12,0,0,0,1
58,2022-11-06,3,2,26,20,0,0,1,11,0,0,74,16,0,0,0,4
58,2022-11-07,0,2,41,36,0,0,5,15,0,0,86,30,0,0,0,7
58,2022-11-08,1,2,15,26,0,0,2,9,0,0,12,16,0,0,0,11
58,2022-11-09,0,0,12,18,0,0,0,17,0,1,50,26,0,0,0,4
58,2022-11-10,1,2,19,8,0,0,0,7,0,2,42,30,0,0,0,3
58,2022-11-11,0,1,24,12,0,0,1,14,0,0,119,26,0,0,0,5
58,2022-11-12,1,3,40,33,0,0,5,11,1,0,166,49,0,0,0,13
58,2022-11-13,1,2,36,31,0,0,1,25,0,0,86,22,0,0,0,6
58,2022-11-14,0,0,6,7,0,0,0,2,0,0,37,17,0,0,0,3
58,2022-11-15,0,1,0,4,0,0,0,2,0,0,32,21,0,0,0,3
58,2022-11-16,0,2,3,4,0,0,0,10,0,0,14,14,0,0,0,3
58,2022-11-17,0,1,9,37,0,0,0,10,0,0,54,21,0,0,0,9
58,2022-11-18,0,0,11,10,0,0,0,2,0,0,21,7,0,0,0,5
58,2022-11-19,0,0,2,7,0,0,0,2,0,0,24,13,0,0,0,5
58,2022-11-20,0,0,5,6,0,0,0,1,0,0,12,27,0,0,0,3
58,2022-11-21,0,0,13,14,0,0,0,7,0,0,37,36,0,0,0,11
58,2022-11-22,0,4,28,55,0,0,1,11,0,0,91,65,0,0,0,7
58,2022-11-23,3,2,37,3,0,0,2,3,0,0,77,39,0,0,0,15
58,2022-11-24,0,0,0,0,0,0,0,0,0,0,7,20,0,0,0,5
58,2022-11-25,0,0,3,0,0,0,0,0,0,0,14,24,0,0,0,1
58,2022-11-26,0,0,0,1,0,0,0,1,0,0,5,15,0,0,0,5
58,2022-11-27,0,0,4,3,0,0,0,1,0,0,17,14,0,0,0,2
58,2022-11-28,1,3,27,14,0,0,0,0,0,0,50,31,0,0,0,6
58,2022-11-29,0,1,46,36,0,0,1,7,0,0,37,14,0,0,0,20
58,2022-11-30,0,0,18,19,0,0,0,7,0,0,26,20,0,0,0,9
58,2022-12-01,0,0,7,2,0,0,0,1,0,1,28,19,0,0,0,4
58,2022-12-02,0,0,12,4,0,0,1,1,0,1,34,34,0,0,0,3
58,2022-12-03,1,3,35,13,0,0,0,10,0,3,110,40,0,0,0,4
58,2022-12-04,0,1,76,33,0,0,1,10,0,0,65,35,0,0,0,7
58,2022-12-05,0,1,36,28,0,0,0,2,0,0,53,25,0,0,0,2
58,2022-12-06,0,0,30,8,0,0,2,2,0,0,31,40,0,0,0,1
58,2022-12-07,0,0,20,14,0,0,1,7,0,0,55,40,0,0,0,6
58,2022-12-08,0,2,58,51,0,0,0,12,0,0,60,62,0,0,0,13
58,2022-12-09,4,3,75,66,0,0,1,12,0,2,102,68,0,0,0,15
58,2022-12-10,4,0,52,50,0,0,2,18,0,0,72,63,0,0,0,14
58,2022-12-11,0,1,28,20,0,0,1,7,0,1,59,28,0,0,0,4
58,2022-12-12,1,3,27,14,0,0,7,1,0,2,36,57,0,0,0,8
58,2022-12-13,0,2,13,19,0,0,2,10,0,0,73,79,0,0,0,4
58,2022-12-14,3,2,55,90,0,0,3,25,0,1,85,99,0,0,0,7
58,2022-12-15,0,1,42,87,0,0,2,40,0,0,40,36,0,0,0,10
58,2022-12-16,0,0,23,43,0,0,1,22,0,0,22,29,0,0,0,9
58,2022-12-17,0,1,3,13,0,0,0,1,0,1,54,29,0,0,0,0
58,2022-12-18,0,0,19,83,0,0,1,24,0,0,48,33,0,0,0,0
58,2022-12-19,4,1,61,99,0,0,6,42,0,1,97,77,0,0,0,0
58,2022-12-20,5,1,71,107,0,0,3,43,1,0,58,46,0,0,0,5
58,2022-12-21,2,2,41,55,0,0,5,28,0,0,57,39,0,0,0,3
58,2022-12-22,0,1,23,33,0,0,3,12,0,0,47,49,0,0,0,8
58,2022-12-23,1,3,29,39,0,0,3,18,0,3,61,88,0,0,0,22
58,2022-12-24,3,5,23,49,0,0,1,26,0,2,40,85,0,0,0,8
58,2022-12-25,1,1,44,82,0,0,4,33,0,1,114,95,0,0,0,11
58,2022-12-26,0,2,31,74,0,0,2,39,0,4,87,54,0,0,0,7
58,2022-12-27,2,0,21,48,0,0,1,27,0,0,90,60,0,0,0,1
58,2022-12-28,3,6,15,34,0,0,0,15,0,2,76,69,0,0,0,0
58,2022-12-29,2,7,16,41,0,0,0,27,0,2,71,94,0,0,0,1
58,2022-12-30,2,5,21,40,0,0,1,22,0,6,118,90,0,0,0,0
58,2022-12-31,3,3,36,52,0,0,4,18,0,1,114,56,0,0,0,0
58,2023-01-01,0,0,24,52,0,0,2,10,0,1,102,90,0,0,0,0
58,2023-01-02,1,1,21,17,0,0,3,16,0,2,130,91,0,0,0,1
58,2023-01-03,0,6,7,5,0,0,6,0,0,6,139,150,0,0,0,2
58,2023-01-04,6,1,22,48,0,0,2,50,0,2,193,202,0,0,0,7
58,2023-01-05,1,4,53,52,0,0,3,62,0,6,173,153,0,0,0,16
58,2023-01-06,4,0,29,74,0,0,2,57,0,2,116,93,0,0,0,6
58,2023-01-07,7,2,25,40,0,0,3,56,0,2,147,208,0,0,0,9
58,2023-01-08,6,3,34,0,0,0,6,14,0,15,94,202,0,0,0,20
58,2023-01-09,2,4,12,29,0,0,10,48,0,15,204,302,0,0,0,16
58,2023-01-10,7,6,90,16,0,0,16,24,0,37,274,370,0,0,0,23
58,2023-01-11,4,1,39,25,0,0,4,38,0,29,134,218,0,0,0,38
58,2023-01-12,5,4,31,32,0,0,3,38,0,34,160,261,0,0,0,4
58,2023-01-13,3,13,72,33,0,0,3,88,0,19,213,326,0,0,0,14
58,2023-01-14,11,7,84,58,0,0,6,149,0,41,256,467,0,0,0,29
58,2023-01-15,8,13,100,101,0,0,6,168,0,43,397,672,0,0,0,19
58,2023-01-16,16,14,102,133,0,0,9,122,0,19,241,361,0,0,0,31
58,2023-01-17,3,6,57,58,0,0,2,69,0,9,190,191,0,0,0,15
58,2023-01-18,1,2,25,82,0,0,3,25,0,31,393,250,0,0,0,11
58,2023-01-19,9,3,42,97,0,0,5,104,0,22,315,283,0,0,0,7
58,2023-01-20,6,7,98,168,0,0,7,93,0,42,425,583,0,0,0,17
58,2023-01-21,13,17,168,239,0,0,10,93,0,61,446,484,0,0,0,7
58,2023-01-22,6,7,114,184,0,0,4,154,0,42,270,349,0,0,0,3
58,2023-01-23,14,6,97,146,0,0,5,113,1,32,363,418,0,0,0,3
58,2023-01-24,9,19,104,237,0,0,7,115,2,36,359,515,0,0,0,2
58,2023-01-25,9,9,130,171,0,0,12,133,1,62,438,624,0,0,0,10
58,2023-01-26,16,29,273,306,0,0,9,157,2,54,488,606,0,0,0,20
58,2023-01-27,7,14,264,274,0,0,8,78,1,32,317,356,0,0,0,15
58,2023-01-28,6,2,111,211,0,0,0,85,0,20,190,258,0,0,0,6
58,2023-01-29,1,3,115,244,0,0,3,242,0,5,211,307,0,0,0,5
58,2023-01-30,10,19,200,150,0,0,12,214,2,39,323,483,0,0,0,19
58,2023-01-31,28,34,376,378,0,0,10,194,0,67,514,652,0,0,0,26
58,2023-02-01,9,26,236,443,0,0,11,194,1,41,277,355,0,0,0,9
58,2023-02-02,3,9,141,284,0,0,7,134,0,23,215,94,0,0,0,11
58,2023-02-03,3,22,50,8,0,0,7,45,0,14,89,196,0,0,0,5
58,2023-02-04,20,30,80,7,0,0,8,63,4,97,554,604,0,0,0,3
58,2023-02-05,26,38,87,7,0,0,9,62,10,218,2015,2625,0,0,0,4
58,2023-02-06,58,89,390,70,0,0,14,194,17,594,2391,2213,0,0,0,22
58,2023-02-07,58,139,602,75,0,0,18,339,17,663,1483,1177,0,0,0,34
58,2023-02-08,61,94,488,62,0,0,14,306,13,380,880,1297,0,0,0,10
58,2023-02-09,86,102,289,82,0,0,15,280,18,401,804,1063,0,0,0,45
58,2023-02-10,152,179,834,127,0,0,17,239,16,503,1040,1182,0,0,0,49
58,2023-02-11,199,299,1882,222,0,0,52,697,55,819,1297,1167,0,0,0,56
58,2023-02-12,92,160,2018,374,0,0,30,828,27,376,731,723,0,0,0,35
58,2023-02-13,53,102,833,281,0,0,28,465,19,283,682,626,0,0,0,35
58,2023-02-14,135,169,580,334,0,0,30,551,18,290,738,661,0,0,0,82
58,2023-02-15,96,60,216,61,0,0,15,154,102,408,1254,1054,0,0,0,32
58,2023-02-16,15,6,210,126,0,0,12,189,38,142,813,1632,0,0,0,6
58,2023-02-17,0,0,41,103,0,0,1,213,0,0,23,371,0,0,0,0
58,2023-02-18,0,1,147,197,0,0,1,113,0,1,222,475,0,0,0,19
58,2023-02-19,3,1,220,220,0,0,2,189,1,15,569,858,0,0,0,17
58,2023-02-20,4,2,144,192,0,0,12,236,1,24,645,901,0,0,0,5
58,2023-02-21,4,8,433,423,0,0,8,295,9,83,1437,1465,0,0,0,7
58,2023-02-22,4,11,922,938,0,0,20,252,10,77,1342,1589,0,0,0,18
58,2023-02-23,1,2,482,685,0,0,16,338,7,52,850,1005,0,0,0,7
58,2023-02-24,1,12,324,554,0,0,13,231,4,84,1153,925,0,0,0,6
58,2023-02-25,7,5,332,635,0,0,8,174,9,59,715,1015,0,0,0,2
58,2023-02-26,5,23,744,1024,0,0,34,633,13,65,686,1436,0,0,0,1
58,2023-02-27,20,86,1726,1607,0,0,28,690,55,145,874,1129,0,0,0,1
58,2023-02-28,11,63,1458,1277,0,0,27,815,23,75,654,876,0,0,0,4
58,2023-03-01,15,39,685,886,0,0,15,679,16,100,713,924,0,0,0,9
58,2023-03-02,22,51,452,754,0,0,39,621,36,140,1003,1506,0,0,0,9
58,2023-03-03,40,44,522,679,0,0,26,505,76,197,1215,2004,0,0,2,12
58,2023-03-04,133,122,777,946,0,0,27,332,147,492,1981,2549,0,0,0,18
58,2023-03-05,91,54,640,899,0,0,14,614,82,282,1041,1468,0,0,0,18
58,2023-03-06,31,13,224,498,0,0,11,469,28,182,1136,1129,0,0,0,15
58,2023-03-07,19,25,135,373,0,0,33,653,55,325,1923,1238,0,0,0,15
58,2023-03-08,34,47,235,418,0,0,42,945,86,263,1602,1307,0,0,0,10
58,2023-03-09,83,104,303,566,0,0,34,661,109,402,1801,2107,0,0,0,28
58,2023-03-10,131,73,466,489,0,0,70,1252,194,495,2341,2007,0,0,0,30
58,2023-03-11,10,32,104,144,0,0,31,858,12,139,1554,411,0,0,0,12
58,2023-03-12,3,1,12,119,0,0,14,505,0,13,123,500,0,0,0,1
58,2023-03-13,4,0,0,2,0,0,0,3,0,31,639,1021,0,0,0,9
58,2023-03-14,10,11,12,208,0,0,25,229,22,96,712,1150,0,0,0,11
58,2023-03-15,20,40,88,332,0,0,45,699,105,126,652,526,0,0,0,15
58,2023-03-16,11,42,61,289,0,0,19,570,29,44,262,282,0,0,0,8
58,2023-03-17,27,22,46,168,0,0,23,746,22,179,563,322,0,0,0,9
58,2023-03-18,27,33,89,179,0,0,45,761,20,60,497,277,0,0,0,11
58,2023-03-19,45,81,58,126,0,0,72,406,36,31,332,285,0,0,0,8
58,2023-03-20,107,269,288,293,0,0,121,705,126,111,502,439,0,0,0,1
58,2023-03-21,91,156,492,368,0,0,48,1234,93,200,1255,880,0,0,0,8
58,2023-03-22,82,214,716,460,0,0,272,2335,128,296,1318,449,0,0,0,2
58,2023-03-23,223,348,819,474,0,0,380,3259,230,584,3139,1133,0,0,0,15
58,2023-03-24,182,315,1171,769,0,0,600,5333,131,359,2664,1282,0,0,0,28
58,2023-03-25,376,382,2052,1041,0,0,565,4776,275,596,5361,2858,0,0,0,23
58,2023-03-26,380,316,2865,1896,0,0,837,6636,209,556,4805,2562,0,0,0,40
58,2023-03-27,313,227,2206,1218,0,0,347,2068,95,320,2207,1182,0,0,0,20
58,2023-03-28,535,484,1440,350,0,0,579,1557,184,559,2224,1017,0,0,0,6
58,2023-03-29,424,392,1054,250,0,0,525,1100,223,389,1367,872,0,0,0,1
58,2023-03-30,420,387,1198,517,0,0,363,895,272,626,3305,1716,0,0,0,24
58,2023-03-31,381,402,1623,855,0,0,718,1666,274,663,3012,1118,0,0,0,14
58,2023-04-01,223,233,1120,629,0,0,327,1449,144,276,1975,861,0,0,0,21
58,2023-04-02,113,82,823,237,0,0,447,2470,42,109,851,242,0,0,0,5
58,2023-04-03,213,113,960,550,0,0,421,3672,125,225,1392,658,0,0,0,15
58,2023-04-04,354,161,1106,830,0,0,445,4842,186,264,1961,1840,0,0,0,26
58,2023-04-05,424,291,1732,1397,0,0,951,5125,341,556,4046,1807,0,0,0,28
58,2023-04-06,283,273,1263,1358,0,0,410,5118,217,382,2419,1461,0,0,0,40
58,2023-04-07,73,108,702,293,0,0,375,1152,70,188,1447,1827,0,0,0,52
58,2023-04-08,45,64,181,96,0,0,371,795,57,114,1505,2177,0,0,0,29
58,2023-04-09,114,93,384,179,0,0,333,1332,114,162,1317,2582,0,0,0,67
58,2023-04-10,288,240,675,363,0,0,396,1778,222,296,1829,3349,0,0,0,86
58,2023-04-11,251,327,894,377,0,0,528,3622,157,174,1878,2673,0,0,0,142
58,2023-04-12,115,167,552,324,0,0,335,1776,88,99,1226,1723,0,0,0,74
58,2023-04-13,96,118,353,120,0,0,194,1362,74,68,758,1459,0,0,0,54
58,2023-04-14,98,153,476,133,0,0,185,1615,67,71,793,1548,0,0,0,81
58,2023-04-15,111,91,503,222,0,0,197,1006,97,86,1038,1306,0,0,0,53
58,2023-04-16,137,160,715,107,0,0,189,877,118,78,695,936,0,0,0,46
58,2023-04-17,70,96,551,246,0,0,166,970,41,37,404,619,0,0,0,52
58,2023-04-18,56,52,316,237,0,0,139,1665,22,39,568,973,0,0,0,87
58,2023-04-19,23,16,333,169,0,0,268,2627,12,9,665,1290,0,0,0,87
58,2023-04-20,44,33,170,203,0,0,203,1563,32,24,473,1363,0,0,0,45
58,2023-04-21,80,50,250,341,0,0,336,1626,40,27,538,363,0,0,0,43
58,2023-04-22,14,10,168,290,0,0,178,2601,5,20,417,441,0,0,0,23
58,2023-04-23,7,25,122,141,0,0,259,1106,6,8,259,361,0,0,0,41
58,2023-04-24,8,24,77,74,0,0,114,566,7,8,233,421,0,0,0,20
58,2023-04-25,28,21,167,115,0,0,183,684,3,5,436,887,0,0,0,46
58,2023-04-26,29,53,83,13,0,0,92,110,15,28,504,883,0,0,1,15
58,2023-04-27,28,19,129,42,0,0,68,382,24,24,299,564,0,0,0,14
58,2023-04-28,40,31,230,106,0,0,80,467,17,27,295,478,0,0,0,16
58,2023-04-29,65,36,161,40,0,0,28,186,13,33,187,591,0,0,0,9
58,2023-04-30,16,8,42,29,0,0,8,1,7,15,206,644,0,0,0,2
58,2023-05-01,30,46,292,133,0,0,0,47,13,13,255,413,0,0,0,4
58,2023-05-02,11,26,365,97,0,0,14,100,4,8,52,203,0,0,0,14
58,2023-05-03,11,16,88,73,0,0,0,129,2,5,60,135,0,0,0,12
58,2023-05-04,3,9,222,75,0,0,3,554,0,2,64,356,0,0,0,23
58,2023-05-05,27,22,226,96,0,0,19,845,7,3,113,856,0,0,0,24
58,2023-05-06,46,90,417,179,0,0,43,1277,7,21,285,933,0,0,0,24
58,2023-05-07,54,95,605,298,0,0,92,927,12,20,174,402,0,0,1,40
58,2023-05-08,1,0,10,4,0,0,0,11,2,3,90,277,0,0,0,14
58,2023-05-09,0,0,24,28,0,0,1,33,0,1,23,70,0,0,0,12
58,2023-05-10,1,0,2,1,0,0,0,23,0,1,27,117,0,0,0,2
58,2023-05-11,0,0,29,20,0,0,3,30,0,0,26,227,0,0,0,3
58,2023-05-12,0,0,16,8,0,0,1,2,0,0,4,15,0,0,0,5
58,2023-05-13,0,0,3,4,0,0,0,0,0,0,2,2,0,0,0,0
58,2023-05-14,0,0,2,6,0,0,0,0,0,0,0,0,0,0,0,0
58,2023-05-15,0,0,0,2,0,0,0,0,0,0,0,2,0,0,0,0
58,2023-05-16,0,0,3,23,0,0,0,0,0,0,0,3,0,0,0,0
58,2023-05-17,2,1,37,68,0,0,2,33,1,0,10,22,0,0,0,6
58,2023-05-18,0,5,58,82,0,0,11,217,0,0,16,21,0,0,0,42
58,2023-05-19,3,3,43,62,0,0,8,155,0,3,15,45,0,0,0,14
58,2023-05-20,8,5,55,49,0,0,18,199,0,2,15,43,0,0,0,20
58,2023-05-21,5,3,25,40,0,0,19,134,0,0,6,55,0,0,0,75
58,2023-05-22,6,6,75,35,0,0,14,130,0,1,33,50,0,0,0,46
58,2023-05-23,1,10,111,30,0,0,24,75,0,2,21,24,0,0,0,38
58,2023-05-24,1,2,9,3,0,0,4,39,0,3,10,12,0,0,0,18
58,2023-05-25,1,3,18,4,0,0,0,7,0,0,2,10,0,0,0,9
58,2023-05-26,0,2,14,6,0,0,1,6,0,0,4,24,0,0,0,8
58,2023-05-27,0,2,11,13,0,0,2,1,0,0,13,24,0,0,0,12
58,2023-05-28,2,2,31,26,0,0,0,6,0,0,14,20,0,0,0,36
58,2023-05-29,0,0,0,0,0,0,0,4,0,0,6,11,0,0,0,19
58,2023-05-30,1,5,26,7,0,0,4,18,0,0,7,13,0,0,0,24
58,2023-05-31,0,2,9,9,0,0,1,20,0,0,2,8,0,0,0,20
58,2023-06-01,1,0,28,21,0,0,3,26,0,1,1,7,0,0,0,39
58,2023-06-02,2,3,41,32,0,0,2,17,0,0,9,3,0,0,0,22
58,2023-06-03,0,2,34,32,0,0,3,10,0,0,3,1,0,0,0,133
58,2023-06-04,1,0,24,14,0,0,1,1,0,0,1,4,0,0,0,18
58,2023-06-05,0,1,9,5,0,0,2,0,0,0,1,5,0,0,0,54
58,2023-06-06,0,0,0,0,0,0,0,0,0,1,1,2,0,0,0,1
58,2023-06-07,0,0,0,5,0,0,0,0,0,0,2,0,0,0,0,4
58,2023-06-08,0,0,1,2,0,0,0,0,0,0,1,0,0,0,0,18
58,2023-06-09,0,0,0,1,0,0,0,0,0,0,0,0,0,0,0,0
58,2023-06-10,0,1,0,0,0,0,0,1,0,0,1,0,0,0,0,1
58,2023-06-11,0,0,0,1,0,0,0,0,0,0,0,1,0,0,0,1
58,2023-06-12,0,0,1,0,0,0,0,0,0,0,0,0,0,0,0,0
58,2023-06-13,0,1,1,3,0,0,0,0,0,0,0,0,0,0,0,0
58,2023-06-14,0,0,2,1,0,0,0,0,0,0,0,0,0,0,0,0
58,2023-06-15,0,0,0,2,0,0,0,0,0,0,0,2,0,0,0,0
58,2023-06-16,0,0,1,0,0,0,0,0,0,0,0,0,0,0,0,0
58,2023-06-17,0,0,6,2,0,0,1,4,0,0,0,0,0,0,0,11
58,2023-06-18,0,0,8,2,0,0,2,0,0,1,4,1,0,0,0,17
58,2023-06-19,0,0,6,3,0,0,0,0,0,0,2,0,0,0,0,31
58,2023-06-20,0,0,2,3,0,0,0,0,0,0,0,0,0,0,0,4
58,2023-06-21,0,0,0,1,0,0,0,5,0,0,0,0,0,0,0,0
58,2023-06-22,0,0,0,3,0,0,0,0,0,0,1,0,0,0,0,0
58,2023-06-23,0,0,1,9,0,0,0,5,0,0,0,0,0,0,0,0
58,2023-06-24,0,1,2,12,0,0,0,6,0,0,0,0,0,0,0,0
58,2023-06-25,0,0,0,0,0,0,0,0,0,0,0,1,0,0,0,4
58,2023-06-26,0,0,0,0,0,0,0,1,0,0,1,5,0,0,0,8
58,2023-06-27,0,0,2,0,0,0,0,3,0,3,1,2,0,0,0,8
58,2023-06-28,0,1,0,0,0,0,0,0,3,0,2,6,0,0,0,8
58,2023-06-29,0,1,11,16,0,0,0,0,0,0,1,5,0,0,0,20
58,2023-06-30,0,0,1,1,0,0,0,1,0,0,0,2,0,0,0,8
58,2023-07-01,0,0,5,11,0,0,0,0,0,0,0,3,0,0,0,6
58,2023-07-02,0,0,0,0,0,0,0,0,0,0,0,0,0,0,0,0
58,2023-07-03,0,0,0,0,0,0,0,0,0,0,0,0,0,0,0,0
58,2023-07-04,0,0,0,0,0,0,0,0,0,0,0,2,0,0,0,0
58,2023-07-05,0,0,1,1,0,0,0,0,0,0,0,0,0,0,0,0
58,2023-07-06,0,0,3,15,0,0,0,0,0,0,0,1,0,0,0,0
58,2023-07-07,0,0,4,14,0,0,0,0,0,0,1,4,0,0,0,0
58,2023-07-08,0,0,1,11,0,0,0,1,0,0,1,3,0,0,0,0
58,2023-07-09,0,0,0,0,0,0,0,1,0,0,0,3,0,0,0,0
58,2023-07-10,0,0,3,25,0,0,0,0,0,0,0,0,0,0,0,0
58,2023-07-11,0,0,0,2,0,0,1,0,0,0,0,0,0,0,0,0
58,2023-07-12,0,0,1,2,0,0,0,0,0,0,0,1,0,0,0,0
58,2023-07-13,0,0,0,8,0,0,0,1,0,0,0,0,0,0,0,0
58,2023-07-14,0,0,5,1,0,0,0,0,0,0,0,1,0,0,0,0
58,2023-07-15,0,0,0,7,0,0,0,1,0,0,0,0,0,0,0,0
58,2023-07-16,0,0,0,0,0,0,0,0,0,0,0,1,0,0,0,1
58,2023-07-17,0,1,2,8,0,0,0,1,0,0,0,2,0,0,0,23
58,2023-07-18,0,0,0,0,0,0,0,0,0,0,0,0,0,0,0,18
58,2023-07-19,0,0,1,0,0,0,0,0,0,0,1,2,0,0,0,0
58,2023-07-20,0,0,1,0,0,0,0,0,0,1,1,0,0,0,0,0
58,2023-07-21,0,0,1,7,0,0,0,0,0,0,0,1,0,0,0,2
58,2023-07-22,0,0,3,11,0,0,0,0,0,1,0,1,0,0,0,1
58,2023-07-23,0,0,1,1,0,0,0,0,0,0,0,1,0,0,0,0
58,2023-07-24,0,0,2,0,0,0,0,0,0,0,0,0,0,0,0,0
58,2023-07-25,0,0,10,14,0,0,0,3,0,0,3,2,0,0,0,3
58,2023-07-26,0,0,0,0,0,0,0,0,0,0,0,0,0,0,0,0
58,2023-07-27,0,0,0,0,0,0,0,0,0,0,0,0,0,0,0,0
58,2023-07-28,0,0,4,0,0,0,0,0,0,0,0,0,0,0,0,0
58,2023-07-29,0,0,0,0,0,0,0,0,0,0,0,1,0,0,0,1
58,2023-07-30,0,0,0,1,0,0,0,0,0,0,1,0,0,0,0,2
58,2023-07-31,0,0,0,1,0,0,0,0,0,0,0,0,0,0,0,0
58,2023-08-01,0,0,0,2,0,0,0,0,0,0,0,0,0,0,0,0
58,2023-08-02,0,0,0,0,0,0,0,0,0,0,0,0,0,0,0,0
58,2023-08-03,0,0,0,0,0,0,0,0,0,0,0,0,0,0,0,0
58,2023-08-04,0,0,0,0,0,0,0,0,0,0,0,0,0,0,0,0
58,2023-08-05,0,0,0,0,0,0,0,0,0,0,1,3,0,0,0,0
58,2023-08-06,0,0,0,0,0,0,0,0,0,0,0,0,0,0,0,0
58,2023-08-07,0,0,0,0,0,0,0,0,0,0,0,0,0,0,0,0
58,2023-08-08,0,0,0,0,0,0,0,0,0,0,0,0,0,0,0,0
58,2023-08-09,0,0,0,0,0,0,0,0,0,0,0,0,0,0,0,0
58,2023-08-10,0,0,0,16,0,0,0,0,0,0,0,0,0,0,0,0
58,2023-08-11,0,1,9,75,0,0,0,0,0,0,0,0,0,0,0,0
58,2023-08-12,0,0,0,1,0,0,0,0,0,0,0,0,0,0,0,0
58,2023-08-13,0,0,4,7,0,0,0,0,0,0,0,1,0,0,0,2
58,2023-08-14,0,0,0,7,0,0,0,0,0,0,0,0,0,0,0,0
58,2023-08-15,0,0,0,7,0,0,0,0,0,0,0,3,0,0,0,0
58,2023-08-16,0,0,5,27,0,0,0,0,0,0,0,0,0,0,0,0
58,2023-08-17,0,0,0,2,0,0,0,1,0,0,0,1,0,0,0,4
58,2023-08-18,0,0,7,51,0,0,0,1,0,0,0,0,0,0,0,1
58,2023-08-19,0,0,1,22,0,0,0,0,0,0,0,0,0,0,0,0
58,2023-08-20,0,0,0,3,0,0,0,0,0,0,0,2,0,0,0,1
58,2023-08-21,0,0,3,30,0,0,0,0,0,0,1,0,0,0,0,0
58,2023-08-22,0,0,0,10,0,0,0,0,0,0,0,0,0,0,0,0
58,2023-08-23,0,0,3,12,0,0,0,0,0,0,0,0,0,0,0,0
58,2023-08-24,0,0,0,1,0,0,0,0,0,0,0,2,0,0,0,1
58,2023-08-25,0,0,1,4,0,0,0,0,0,0,0,3,0,0,0,0
58,2023-08-26,0,0,0,1,0,0,0,0,0,0,0,0,0,0,0,0
58,2023-08-27,0,0,1,10,0,0,0,0,0,0,1,2,0,0,0,0
58,2023-08-28,0,0,1,6,0,0,0,0,0,0,0,0,0,0,0,0
58,2023-08-29,0,0,2,10,0,0,0,0,0,0,0,1,0,0,0,0
58,2023-08-30,0,0,3,4,0,0,0,0,0,0,3,1,0,0,0,0
58,2023-08-31,0,0,0,11,0,0,0,0,0,0,1,0,0,0,0,0
58,2023-09-01,0,0,11,21,0,0,0,0,0,0,0,2,0,0,0,1
58,2023-09-02,0,0,0,13,0,0,0,1,0,0,0,1,0,0,0,0
58,2023-09-03,0,1,8,20,0,0,0,0,0,0,1,1,0,0,0,5
58,2023-09-04,0,0,1,6,0,0,0,0,0,0,0,2,0,0,0,3
58,2023-09-05,0,0,0,0,0,0,0,0,0,0,0,1,0,0,0,4
58,2023-09-06,0,0,0,0,0,0,0,1,0,0,0,4,0,0,0,0
58,2023-09-07,0,0,1,0,0,0,0,0,0,1,0,3,0,0,0,0
58,2023-09-08,0,0,1,0,0,0,0,0,0,0,0,1,0,0,0,3
58,2023-09-09,0,0,0,8,0,0,0,0,0,0,0,4,0,0,0,3
58,2023-09-10,0,0,0,2,0,0,0,0,0,0,1,0,0,0,0,6
58,2023-09-11,0,0,0,0,0,0,0,0,0,0,0,1,0,0,0,2
58,2023-09-12,0,0,1,2,0,0,1,0,0,0,2,2,0,0,0,1
58,2023-09-13,0,0,0,0,0,0,0,0,0,0,0,2,0,0,0,0
58,2023-09-14,0,0,0,0,0,0,0,0,0,0,0,0,0,0,0,4
58,2023-09-15,0,0,0,0,0,0,0,0,0,0,0,2,0,0,0,5
58,2023-09-16,0,0,0,0,0,0,0,0,0,0,1,2,0,0,0,7
58,2023-09-17,0,0,0,1,0,0,0,0,0,0,0,5,0,0,0,0
58,2023-09-18,0,0,0,0,0,0,0,0,0,0,0,0,0,0,0,0
58,2023-09-19,0,0,0,0,0,0,0,0,0,0,2,0,0,0,0,0
58,2023-09-20,0,0,0,1,0,0,0,0,0,0,0,0,0,0,0,1
58,2023-09-21,0,0,6,9,0,0,0,0,0,0,1,3,0,0,0,1
58,2023-09-22,0,0,1,0,0,0,0,0,0,0,2,7,0,0,0,2
58,2023-09-23,0,0,4,15,0,0,2,2,0,0,1,9,0,0,0,4
58,2023-09-24,0,2,2,11,0,0,0,2,0,0,3,2,0,0,0,2
58,2023-09-25,0,0,0,2,0,0,0,5,0,0,1,2,0,0,0,1
58,2023-09-26,0,0,0,0,0,0,0,2,0,0,0,1,0,0,0,4
58,2023-09-27,0,0,0,0,0,0,0,0,0,0,0,9,0,0,0,0
58,2023-09-28,0,0,0,0,0,0,0,0,0,0,0,4,0,0,0,1
58,2023-09-29,0,0,0,0,0,0,0,0,0,0,0,0,0,0,0,0
58,2023-09-30,0,0,0,0,0,0,0,0,0,0,0,2,0,0,0,0
58,2023-10-01,0,0,0,1,0,0,0,0,0,0,0,0,0,0,0,0
58,2023-10-02,0,0,0,0,0,0,0,0,0,0,0,1,0,0,0,0
58,2023-10-03,0,0,3,3,0,0,0,0,0,0,3,3,0,0,0,1
58,2023-10-04,0,0,4,12,0,0,0,1,0,0,2,1,0,0,0,4
58,2023-10-05,0,0,2,0,0,0,1,0,0,0,1,5,0,0,0,2
58,2023-10-06,0,0,1,0,0,0,0,0,0,0,0,1,0,0,0,1
58,2023-10-07,0,0,2,0,0,0,0,0,0,0,0,0,0,0,0,0
58,2023-10-08,0,0,3,0,0,0,0,0,0,0,0,1,0,0,0,0
58,2023-10-09,0,0,0,0,0,0,0,0,0,0,0,0,0,0,0,0
58,2023-10-10,0,0,0,0,0,0,0,0,0,0,0,0,0,0,0,0
58,2023-10-11,0,0,0,0,0,0,0,0,0,0,0,1,0,0,0,0
58,2023-10-12,0,0,0,0,0,0,0,0,0,0,0,0,0,0,0,0
58,2023-10-13,0,0,0,1,0,0,0,2,0,0,0,0,0,0,0,0
58,2023-10-14,0,0,0,6,0,0,0,0,0,0,4,2,0,0,0,0
58,2023-10-15,0,0,0,0,0,0,0,0,0,0,1,6,0,0,0,4
58,2023-10-16,0,0,0,1,0,0,0,0,0,0,0,5,0,0,0,0
58,2023-10-17,0,0,0,3,0,0,0,2,0,0,0,2,0,0,0,0
58,2023-10-18,0,0,2,5,0,0,0,7,0,0,0,5,0,0,0,0
58,2023-10-19,0,0,3,7,0,0,0,6,0,0,12,17,0,0,0,6
58,2023-10-20,0,0,10,22,0,0,0,7,0,0,8,15,0,0,0,4
58,2023-10-21,0,0,1,7,0,0,0,0,0,0,4,5,0,0,0,0
58,2023-10-22,0,0,0,1,0,0,0,2,0,0,1,3,0,0,0,0
58,2023-10-23,0,0,1,5,0,0,0,0,0,0,1,0,0,0,0,1
58,2023-10-24,0,0,5,14,0,0,0,3,0,0,3,3,0,0,0,0
58,2023-10-25,0,1,6,6,0,0,0,5,0,0,4,3,0,0,0,0
58,2023-10-26,0,0,3,5,0,0,1,5,0,0,0,4,0,0,0,2
58,2023-10-27,0,1,0,1,0,0,0,0,0,0,0,1,0,0,0,0
58,2023-10-28,0,0,0,2,0,0,0,0,0,0,0,3,0,0,0,0
58,2023-10-29,0,0,0,0,0,0,0,0,0,0,2,5,0,0,0,0
58,2023-10-30,0,0,0,2,0,0,0,2,0,0,1,6,0,0,0,1
58,2023-10-31,0,0,0,0,0,0,0,0,0,0,0,2,0,0,0,2
58,2023-11-01,0,0,0,0,0,0,0,3,0,0,7,2,0,0,0,4
58,2023-11-02,0,0,0,0,0,0,0,0,0,0,0,2,0,0,0,0
58,2023-11-03,1,0,3,12,0,0,0,0,0,0,9,12,0,0,0,8
58,2023-11-04,0,1,11,15,0,0,1,2,0,2,24,10,0,0,0,7
58,2023-11-05,0,0,18,38,0,0,1,5,0,0,12,11,0,0,0,18
58,2023-11-06,0,0,4,7,0,0,1,3,0,1,13,3,0,0,0,3
58,2023-11-07,0,0,2,5,0,0,0,1,0,0,1,4,0,0,0,1
58,2023-11-08,0,0,2,4,0,0,0,0,0,0,17,7,0,0,0,9
58,2023-11-09,0,0,6,6,0,0,0,0,0,0,24,23,0,0,0,9
58,2023-11-10,1,3,18,14,0,0,1,3,0,0,34,21,0,0,0,8
58,2023-11-11,0,0,9,7,0,0,1,5,0,0,20,7,0,0,0,6
58,2023-11-12,0,0,2,1,0,0,1,0,0,0,1,15,0,0,0,2
58,2023-11-13,0,0,3,1,0,0,0,1,0,0,3,8,0,0,0,9
58,2023-11-14,0,0,3,3,0,0,0,0,0,0,14,8,0,0,0,0
58,2023-11-15,2,0,20,23,0,0,0,0,0,1,54,14,0,0,0,0
58,2023-11-16,0,2,23,15,0,0,1,2,0,0,27,2,0,0,0,0
58,2023-11-17,0,0,5,13,0,0,1,0,0,0,2,0,0,0,0,0
58,2023-11-18,0,0,14,16,0,0,0,1,0,0,16,0,0,0,0,0
58,2023-11-19,0,1,18,45,0,0,0,8,0,0,74,14,0,0,0,0
58,2023-11-20,0,4,29,74,0,0,2,7,0,0,124,38,0,0,0,1
58,2023-11-21,1,6,72,118,0,0,3,10,0,0,80,22,0,0,0,5
58,2023-11-22,0,3,28,74,0,0,3,9,0,0,55,10,0,0,0,5
58,2023-11-23,0,1,19,9,0,0,3,7,1,0,22,21,0,0,0,2
58,2023-11-24,0,4,25,22,0,0,1,2,0,0,71,30,0,0,0,5
58,2023-11-25,3,3,38,71,0,0,1,3,0,1,168,42,0,0,0,4
58,2023-11-26,1,9,71,98,0,0,5,11,0,0,91,22,0,0,0,6
58,2023-11-27,0,2,49,41,0,0,2,19,0,0,58,28,0,0,0,10
58,2023-11-28,3,1,28,29,0,0,0,6,0,0,39,10,0,0,0,2
58,2023-11-29,0,1,21,16,0,0,1,6,0,0,35,26,0,0,0,5
58,2023-11-30,0,0,13,54,0,0,0,1,0,0,31,23,0,0,0,2
58,2023-12-01,0,1,73,83,0,0,1,5,0,0,170,69,0,0,0,1
58,2023-12-02,1,1,33,30,0,0,0,4,0,0,53,21,0,0,0,4
58,2023-12-03,1,1,9,6,0,0,0,1,0,0,32,24,0,0,0,0
58,2023-12-04,0,0,19,7,0,0,0,2,0,0,37,21,0,0,0,1
58,2023-12-05,0,2,40,35,0,0,0,6,0,0,45,37,0,0,0,0
58,2023-12-06,0,2,41,59,0,0,0,2,0,0,79,45,0,0,0,2
58,2023-12-07,0,2,48,69,0,0,0,9,0,0,43,17,0,0,0,0
58,2023-12-08,0,0,21,49,0,0,1,5,0,0,16,13,0,0,0,0
58,2023-12-09,0,0,15,13,0,0,1,8,0,14,9,18,0,0,0,1
58,2023-12-10,3,0,19,28,0,0,0,5,0,1,8,16,0,0,0,7
58,2023-12-11,2,0,48,75,0,0,2,10,0,1,49,73,0,0,0,6
58,2023-12-12,0,4,49,80,0,0,1,16,0,2,42,63,0,0,0,3
58,2023-12-13,0,0,23,38,0,0,0,11,0,1,19,36,0,0,0,3
58,2023-12-14,3,1,17,18,0,0,0,8,0,2,17,28,0,0,0,0
58,2023-12-15,1,0,18,17,0,0,2,17,0,6,36,84,0,0,0,2
58,2023-12-16,2,7,15,54,0,0,0,10,0,0,83,117,0,0,0,4
58,2023-12-17,0,2,39,49,0,0,0,14,0,1,66,104,0,0,0,12
58,2023-12-18,0,0,50,65,0,0,5,22,0,1,54,43,0,0,0,10
58,2023-12-19,1,0,23,25,0,0,4,9,0,1,25,30,0,0,0,3
58,2023-12-20,1,4,7,12,0,0,2,14,0,0,45,53,0,0,0,2
58,2023-12-21,2,2,17,47,0,0,0,4,0,0,68,77,0,0,0,5
58,2023-12-22,5,0,16,56,0,0,0,13,0,0,99,98,0,0,0,0
58,2023-12-23,3,1,64,97,0,0,6,35,0,3,83,84,0,0,0,2
58,2023-12-24,3,0,38,43,0,0,1,17,0,0,48,65,0,0,0,1
58,2023-12-25,0,0,6,11,0,0,0,5,0,0,39,97,0,0,0,1
58,2023-12-26,5,3,24,38,0,0,3,28,0,0,63,105,0,0,0,8
58,2023-12-27,4,3,32,51,0,0,0,9,0,0,91,148,0,0,0,8
58,2023-12-28,3,2,61,86,0,0,1,32,0,4,73,105,0,0,0,11
58,2023-12-29,0,1,33,38,0,0,3,21,0,1,44,50,0,0,0,17
58,2023-12-30,2,1,13,30,0,0,0,16,0,2,67,70,0,0,0,5
58,2023-12-31,2,2,8,12,0,0,2,14,0,2,69,98,0,0,0,5
58,2024-01-01,1,1,14,14,0,0,1,10,0,1,87,96,0,0,0,6
58,2024-01-02,4,2,33,46,0,0,3,23,0,4,129,93,0,0,0,15
58,2024-01-03,2,1,32,79,0,0,3,48,0,1,89,75,0,0,0,34
58,2024-01-04,1,1,16,38,0,0,3,21,0,1,50,56,0,0,0,8
58,2024-01-05,1,1,18,33,0,0,0,15,0,9,69,79,0,0,0,21
58,2024-01-06,0,1,24,45,0,0,0,28,0,5,80,121,0,0,0,15
58,2024-01-07,0,0,23,57,0,0,4,31,0,10,143,184,0,0,0,28
58,2024-01-08,2,6,40,106,0,0,2,35,0,9,98,111,0,0,0,36
58,2024-01-09,2,0,22,57,0,0,4,24,0,1,88,140,0,0,0,21
58,2024-01-10,0,1,13,35,0,0,0,7,0,7,65,119,0,0,0,13
58,2024-01-11,2,2,24,35,0,0,2,15,0,8,101,105,0,0,0,7
58,2024-01-12,5,3,20,36,0,0,9,16,1,2,134,171,0,0,0,19
58,2024-01-13,11,4,31,41,0,0,1,8,0,9,126,157,0,0,0,27
58,2024-01-14,0,2,8,53,0,0,2,32,0,1,68,113,0,0,0,23
58,2024-01-15,4,2,2,65,0,0,0,6,0,9,77,84,0,0,0,5
58,2024-01-16,1,0,17,41,0,0,0,18,0,4,59,81,0,0,0,5
58,2024-01-17,0,4,40,40,0,0,1,32,0,2,123,132,0,0,0,1
58,2024-01-18,3,1,47,85,0,0,2,31,0,19,156,190,0,0,0,5
58,2024-01-19,3,2,83,98,0,0,2,48,0,17,135,112,0,0,0,8
58,2024-01-20,2,0,66,61,0,0,3,37,0,10,122,116,0,0,0,1
58,2024-01-21,2,2,71,73,0,0,11,23,6,24,204,118,0,0,0,3
58,2024-01-22,2,2,67,65,0,0,8,36,0,3,170,169,0,0,0,11
58,2024-01-23,0,2,112,41,0,0,0,31,0,24,266,261,0,0,0,8
58,2024-01-24,2,7,85,70,0,0,0,14,0,39,222,124,0,0,0,18
58,2024-01-25,6,0,34,3,0,0,0,6,0,9,53,42,0,0,0,1
58,2024-01-26,0,0,0,42,0,0,0,0,0,2,94,38,0,0,0,1
58,2024-01-27,1,0,1,40,0,0,3,2,0,3,97,51,0,0,0,0
58,2024-01-28,1,0,7,18,0,0,0,0,2,10,159,159,0,0,0,0
58,2024-01-29,1,1,12,26,0,0,5,1,0,49,227,208,0,0,0,13
58,2024-01-30,3,0,8,11,0,0,1,7,0,33,153,215,0,0,0,14
58,2024-01-31,0,2,1,25,0,0,1,0,0,2,39,15,0,0,0,3
58,2024-02-01,6,6,36,67,0,0,0,27,0,46,282,207,0,0,0,10
58,2024-02-02,6,7,70,64,0,0,2,62,3,55,313,287,0,0,0,5
58,2024-02-03,6,11,181,94,0,0,1,80,1,77,502,471,0,0,0,18
58,2024-02-04,1,3,242,330,0,0,6,120,0,64,313,324,0,0,0,27
58,2024-02-05,2,8,125,416,0,0,3,82,0,60,320,261,0,0,0,9
58,2024-02-06,0,11,77,317,0,0,1,88,0,41,493,290,0,0,0,13
58,2024-02-07,1,7,79,247,0,0,10,143,0,49,428,406,0,0,0,17
58,2024-02-08,3,12,124,286,0,0,6,156,1,106,448,735,0,0,0,15
58,2024-02-09,0,9,219,320,0,0,12,85,0,105,327,491,0,0,0,8
58,2024-02-10,2,2,26,213,0,0,1,8,0,79,290,347,0,0,0,0
58,2024-02-11,3,1,10,157,0,0,0,7,4,42,388,346,0,0,0,1
58,2024-02-12,4,3,59,147,0,0,3,98,0,45,234,378,0,0,0,0
58,2024-02-13,4,37,132,286,0,0,14,94,0,124,460,775,0,0,0,3
58,2024-02-14,26,58,389,566,0,0,8,104,7,261,700,555,0,0,0,16
58,2024-02-15,17,21,325,787,0,0,10,136,4,162,369,384,0,0,2,16
58,2024-02-16,11,12,106,296,0,0,7,74,9,155,377,389,0,0,0,3
58,2024-02-17,14,7,50,74,0,0,10,119,9,365,1064,898,0,0,0,24
58,2024-02-18,59,35,164,81,0,0,16,278,14,531,957,954,0,0,0,50
58,2024-02-19,84,63,270,242,0,0,20,144,32,741,1342,768,0,0,0,60
58,2024-02-20,61,74,489,542,0,0,12,178,32,497,702,520,0,0,0,44
58,2024-02-21,13,40,284,339,0,0,9,131,15,198,394,337,0,0,0,41
58,2024-02-22,16,39,171,185,0,0,8,120,14,178,473,372,0,0,0,23
58,2024-02-23,37,64,205,150,0,0,2,162,20,260,483,574,0,0,0,34
58,2024-02-24,46,87,415,144,0,0,9,173,56,380,644,595,0,0,0,25
58,2024-02-25,79,159,565,209,0,0,11,161,75,585,796,694,0,0,0,22
58,2024-02-26,42,66,157,231,0,0,8,148,17,291,630,491,0,0,0,47
58,2024-02-27,31,15,67,144,0,0,1,89,44,463,823,646,0,0,0,41
58,2024-02-28,40,30,121,75,0,0,8,123,57,406,1081,921,0,0,0,43
58,2024-02-29,46,83,425,81,0,0,15,145,113,554,1140,1254,0,0,0,27
58,2024-03-01,127,202,1025,99,0,0,8,132,214,1126,1585,1205,0,0,6,16
58,2024-03-02,86,164,377,144,0,0,13,117,92,578,1160,927,0,0,0,10
58,2024-03-03,57,121,150,41,0,0,16,139,91,411,1513,1161,0,0,0,5
58,2024-03-04,81,144,573,124,0,0,30,331,101,472,1376,1132,0,0,0,18
58,2024-03-05,147,203,779,332,0,0,39,456,131,617,1490,1586,0,0,0,16
58,2024-03-06,246,376,1171,428,0,0,67,430,253,760,2066,2302,0,0,0,19
58,2024-03-07,143,174,1015,717,0,0,61,357,165,469,1718,1644,0,0,0,15
58,2024-03-08,120,92,318,166,0,0,24,240,109,204,930,1326,0,0,0,12
58,2024-03-09,97,105,358,68,0,0,15,72,87,485,1561,1838,0,0,0,19
58,2024-03-10,180,184,569,171,0,0,30,162,159,400,1667,1758,0,0,0,17
58,2024-03-11,447,302,783,221,0,0,14,146,301,570,2481,2261,0,0,0,21
58,2024-03-12,640,446,1035,320,0,0,25,128,435,810,3990,2222,0,0,2,21
58,2024-03-13,363,269,1361,336,0,0,49,300,239,443,1421,1108,0,0,0,27
58,2024-03-14,72,151,562,391,0,0,17,280,80,289,1719,1373,0,0,2,13
58,2024-03-15,60,40,359,566,0,0,56,642,103,270,1199,1276,0,0,0,18
58,2024-03-16,243,133,592,342,0,0,35,613,96,200,1425,2154,0,0,0,15
58,2024-03-17,384,174,557,349,0,0,78,391,191,277,1407,1751,0,0,0,15
58,2024-03-18,245,127,263,397,0,0,77,384,119,258,1217,1456,0,0,0,15
58,2024-03-19,38,11,29,37,0,0,2,113,40,306,1400,1393,0,0,0,6
58,2024-03-20,26,18,21,5,0,0,0,1,9,70,1196,1508,0,0,0,4
58,2024-03-21,1,20,23,23,0,0,3,30,0,5,411,738,0,0,0,1
58,2024-03-22,12,65,64,76,0,0,2,37,3,2,432,498,0,0,0,7
58,2024-03-23,82,196,247,111,0,0,6,114,30,27,640,482,0,0,0,11
58,2024-03-24,39,151,395,104,0,0,32,326,18,41,782,723,0,0,0,11
58,2024-03-25,79,103,434,153,0,0,63,653,34,120,1355,950,0,0,0,7
58,2024-03-26,85,128,86,64,0,0,39,563,64,87,868,1066,0,0,0,4
58,2024-03-27,307,296,273,123,0,0,168,609,319,512,2926,1765,0,0,0,8
58,2024-03-28,413,330,742,77,0,0,210,1058,144,304,1926,1124,0,0,0,1
58,2024-03-29,331,294,505,161,0,0,118,548,102,225,1487,1223,0,0,0,1
58,2024-03-30,161,197,504,182,0,0,102,666,38,283,2061,1661,0,0,0,7
58,2024-03-31,164,181,582,346,0,0,284,1976,74,137,2268,2039,0,0,0,8
58,2024-04-01,252,275,664,489,0,0,224,1775,132,328,2422,2247,0,0,0,7
58,2024-04-02,680,512,1189,688,0,0,366,2829,237,331,2857,1699,0,0,0,7
58,2024-04-03,253,323,798,622,0,0,192,1590,64,214,1895,1648,0,0,0,14
58,2024-04-04,108,203,274,236,0,0,249,2355,23,199,1696,1997,0,0,1,17
58,2024-04-05,147,130,222,168,0,0,438,2363,20,251,2319,2469,0,0,0,12
58,2024-04-06,154,186,179,191,0,0,234,2199,38,156,2154,3071,0,0,0,41
58,2024-04-07,246,316,400,340,0,0,366,2528,65,180,1626,2520,0,0,0,20
58,2024-04-08,112,188,481,296,0,0,108,1769,50,99,1087,1479,0,0,0,19
58,2024-04-09,96,62,151,193,0,0,328,688,18,102,1263,1846,0,0,0,20
58,2024-04-10,11,7,46,6,0,0,54,43,0,97,1080,1291,0,0,1,13
58,2024-04-11,47,27,72,49,0,0,56,350,2,28,729,1569,0,0,0,14
58,2024-04-12,38,77,76,96,0,0,24,322,21,60,685,1633,0,0,0,28
58,2024-04-13,72,86,260,82,0,0,241,1334,50,66,404,1254,0,0,0,34
58,2024-04-14,33,28,190,56,0,0,101,741,6,37,246,788,0,0,0,9
58,2024-04-15,20,5,80,27,0,0,102,1362,2,36,328,777,0,0,0,19
58,2024-04-16,38,50,50,19,0,0,272,1204,8,75,794,601,0,0,0,18
58,2024-04-17,133,120,188,116,0,0,299,431,13,157,818,643,0,0,0,2
58,2024-04-18,89,68,366,256,0,0,434,1235,6,27,283,411,0,0,0,19
58,2024-04-19,45,54,163,127,0,0,82,347,1,99,368,371,0,0,0,2
58,2024-04-20,15,33,152,163,0,0,154,879,2,57,635,704,0,0,0,1
58,2024-04-21,62,51,141,79,0,0,293,1112,3,21,463,674,0,0,0,6
58,2024-04-22,167,91,248,150,0,0,275,1715,24,43,639,788,0,0,0,15
58,2024-04-23,93,126,281,191,0,0,241,1843,18,27,429,581,0,0,0,32
58,2024-04-24,17,27,66,24,0,0,39,1011,1,9,193,421,0,0,0,7
58,2024-04-25,51,61,213,256,0,0,60,510,0,9,218,542,0,0,0,20
58,2024-04-26,52,56,202,262,0,0,82,640,5,19,195,528,0,0,0,25
58,2024-04-27,78,39,280,280,0,0,203,2581,3,13,523,732,0,0,0,58
58,2024-04-28,133,92,475,392,0,0,261,2408,20,31,658,613,0,0,0,59
58,2024-04-29,157,132,741,967,0,0,344,3416,17,21,637,450,0,0,0,85
58,2024-04-30,106,93,567,669,0,0,196,1762,8,25,404,389,0,0,0,48
58,2024-05-01,197,263,945,283,0,0,170,1451,3,17,379,383,0,0,0,12
58,2024-05-02,114,112,482,188,0,0,140,466,2,7,133,349,0,0,0,6
58,2024-05-03,94,160,501,163,0,0,18,183,1,15,215,361,0,0,0,35
58,2024-05-04,97,211,564,173,0,0,53,596,2,21,235,268,0,0,0,127
58,2024-05-05,86,167,381,177,0,0,34,74,6,19,141,177,0,0,0,27
58,2024-05-06,31,32,235,107,0,0,9,83,2,10,120,326,0,0,0,17
58,2024-05-07,5,10,55,16,0,0,1,48,0,0,59,180,0,0,0,5
58,2024-05-08,26,25,64,43,0,0,1,55,6,9,137,360,0,0,0,7
58,2024-05-09,27,23,97,87,0,0,12,147,15,10,69,225,0,0,0,15
58,2024-05-10,7,37,26,1,0,0,3,22,7,4,101,252,0,0,0,4
58,2024-05-11,6,4,18,10,0,0,0,14,0,7,55,203,0,0,0,4
58,2024-05-12,1,10,22,11,0,0,4,35,0,3,61,249,0,0,0,11
58,2024-05-13,6,1,74,7,0,0,31,165,1,1,139,474,0,0,0,40
58,2024-05-14,10,12,152,9,0,0,47,173,3,6,151,358,0,0,0,71
58,2024-05-15,0,2,48,17,0,0,25,296,0,1,133,353,0,0,0,45
58,2024-05-16,1,6,29,11,0,0,7,8,0,0,64,177,0,0,0,53
58,2024-05-17,0,1,7,2,0,0,0,1,0,0,22,59,0,0,0,3
58,2024-05-18,3,4,1,4,0,0,0,17,0,0,59,139,0,0,0,0
58,2024-05-19,2,14,64,19,0,0,3,72,0,3,83,155,0,0,0,26
58,2024-05-20,5,3,55,42,0,0,22,92,0,0,27,81,0,0,0,27
58,2024-05-21,1,0,0,0,0,0,0,3,0,0,11,18,0,0,0,0
58,2024-05-22,0,0,5,2,0,0,0,4,0,0,3,11,0,0,0,2
58,2024-05-23,0,0,2,0,0,0,0,0,0,1,4,16,0,0,0,8
58,2024-05-24,0,0,0,0,0,0,0,0,0,0,5,10,0,0,0,3
58,2024-05-25,0,0,0,0,0,0,0,0,0,0,0,0,0,0,0,0
58,2024-05-26,0,0,0,0,0,0,0,0,0,0,0,0,0,0,0,0
58,2024-05-27,0,0,0,1,0,0,0,0,0,0,1,0,0,0,0,0
58,2024-05-28,0,0,0,1,0,0,0,0,0,0,0,0,0,0,0,0
58,2024-05-29,0,0,1,0,0,0,0,2,0,0,1,2,0,0,0,1
58,2024-05-30,0,0,0,0,0,0,0,0,0,0,0,0,0,0,0,0
58,2024-05-31,0,0,0,0,0,0,0,0,0,0,0,0,0,0,0,0
58,2024-06-01,0,0,0,0,0,0,0,0,0,0,0,0,0,0,0,0
58,2024-06-02,0,0,0,0,0,0,0,0,0,0,0,0,0,0,0,0
58,2024-06-03,0,0,0,0,0,0,0,0,0,0,0,0,0,0,0,0
58,2024-06-04,0,0,0,3,0,0,0,2,0,0,15,7,0,0,0,28
58,2024-06-05,0,0,1,9,0,0,0,10,0,0,0,10,0,0,0,75
58,2024-06-06,0,0,0,0,0,0,0,0,0,0,0,0,0,0,0,0
58,2024-06-07,0,0,1,1,0,0,0,2,0,0,0,0,0,0,0,0
58,2024-06-08,0,0,0,1,0,0,0,0,0,0,1,4,0,0,0,2
58,2024-06-09,0,0,0,1,0,0,0,0,0,0,1,3,0,0,0,1
58,2024-06-10,0,0,1,1,0,0,0,0,0,0,0,4,0,0,0,6
58,2024-06-11,0,0,0,0,0,0,0,0,0,0,0,4,0,0,0,1
58,2024-06-12,0,0,0,0,0,0,0,0,0,0,0,0,0,0,0,0
58,2024-06-13,0,0,0,0,0,0,0,2,0,0,0,0,0,0,0,0
58,2024-06-14,0,0,0,0,0,0,0,1,0,0,4,0,0,0,0,0
58,2024-06-15,0,0,0,3,0,0,0,2,0,0,0,1,0,0,0,0
58,2024-06-16,0,0,1,0,0,0,0,22,0,0,0,1,0,0,0,0
58,2024-06-17,0,0,2,3,0,0,0,15,0,0,1,0,0,0,0,0
58,2024-06-18,0,0,0,0,0,0,0,1,0,0,0,0,0,0,0,0
58,2024-06-19,0,2,3,4,0,0,0,5,0,0,0,0,0,0,0,2
58,2024-06-20,0,0,1,1,0,0,1,17,0,0,9,2,0,0,0,0
58,2024-06-21,0,0,9,12,0,0,2,22,0,0,0,1,0,0,0,9
58,2024-06-22,0,0,2,5,0,0,0,0,0,0,0,1,0,0,0,4
58,2024-06-23,0,0,0,0,0,0,0,7,0,0,0,0,0,0,0,1
58,2024-06-24,0,0,0,0,0,0,0,0,0,0,2,1,0,0,0,4
58,2024-06-25,0,0,0,0,0,0,0,0,0,0,0,0,0,0,0,0
58,2024-06-26,0,0,0,1,0,0,0,0,0,0,0,0,0,0,0,0
58,2024-06-27,0,0,1,4,0,0,0,0,0,0,2,4,0,0,0,0
58,2024-06-28,0,0,2,1,0,0,0,0,0,0,0,0,0,0,0,1
58,2024-06-29,0,0,0,0,0,0,0,0,0,0,0,1,0,0,0,0
58,2024-06-30,0,0,0,0,0,0,0,0,0,0,0,0,0,0,0,0
58,2024-07-01,2,0,1,0,0,0,0,0,0,0,0,0,0,0,0,0
58,2024-07-02,0,0,0,0,0,0,0,0,0,0,0,0,0,0,0,1
58,2024-07-03,0,0,1,1,0,0,0,0,0,0,0,1,0,0,0,0
58,2024-07-04,0,0,0,0,0,0,0,0,0,0,0,0,0,0,0,0
58,2024-07-05,0,0,0,5,0,0,0,0,0,0,0,0,0,0,0,0
58,2024-07-06,0,0,0,3,0,0,0,0,0,0,21,10,0,0,0,0
58,2024-07-07,0,0,1,5,0,0,0,0,0,0,0,0,0,0,0,2
58,2024-07-08,0,0,0,6,0,0,0,0,0,0,0,1,0,0,0,0
58,2024-07-09,0,0,2,0,0,0,0,1,0,0,0,1,0,0,0,0
58,2024-07-10,0,0,0,0,0,0,0,0,0,0,0,0,0,0,0,0
58,2024-07-11,0,0,0,0,0,0,0,0,0,0,0,0,0,0,0,0
58,2024-07-12,0,0,0,0,0,0,0,0,0,0,0,0,0,0,0,0
58,2024-07-13,0,0,0,0,0,0,0,0,0,0,0,0,0,0,0,0
58,2024-07-14,0,0,0,0,0,0,0,0,0,0,0,0,0,0,0,0
58,2024-07-15,0,0,0,0,0,0,0,0,0,0,0,0,0,0,0,0
58,2024-07-16,0,0,0,0,0,0,0,0,0,0,0,1,0,0,0,0
58,2024-07-17,0,0,1,0,0,0,0,1,0,0,0,2,0,0,0,13
58,2024-07-18,0,0,0,0,0,0,0,0,0,0,1,1,0,0,0,0
58,2024-07-19,0,0,0,0,0,0,1,0,0,0,0,0,0,0,0,0
58,2024-07-20,0,0,0,0,0,0,0,0,0,0,0,0,0,0,0,0
58,2024-07-21,0,0,0,0,0,0,0,0,0,0,0,0,0,0,0,0
58,2024-07-22,0,0,0,0,0,0,0,0,0,0,0,1,0,0,0,0
58,2024-07-23,0,0,0,0,0,0,0,0,0,0,0,3,0,0,0,0
58,2024-07-24,0,0,0,0,0,0,0,0,0,0,0,0,0,0,0,0
58,2024-07-25,0,0,0,0,0,0,0,0,0,0,0,0,0,0,0,0
58,2024-07-26,0,0,0,0,0,0,0,0,0,0,0,0,0,0,0,0
58,2024-07-27,0,0,0,0,0,0,0,0,0,0,0,0,0,0,0,0
58,2024-07-28,0,0,0,0,0,0,0,0,0,0,0,0,0,0,0,0
58,2024-07-29,0,0,0,0,0,0,0,0,0,0,0,0,0,0,0,0
58,2024-07-30,0,0,0,1,0,0,0,0,0,0,0,0,0,0,0,0
58,2024-07-31,0,0,0,0,0,0,0,0,0,0,0,0,0,0,0,0
58,2024-08-01,0,0,0,0,0,0,0,0,0,0,0,0,0,0,0,0
58,2024-08-02,0,0,0,0,0,0,0,0,0,0,0,0,0,0,0,0
58,2024-08-03,0,0,0,0,0,0,0,0,0,0,0,0,0,0,0,0
58,2024-08-04,0,0,0,0,0,0,0,0,0,0,0,0,0,0,0,0
58,2024-08-05,0,0,0,0,0,0,0,0,0,0,0,0,0,0,0,0
58,2024-08-06,0,0,0,13,0,0,0,0,0,0,0,7,0,0,0,2
58,2024-08-07,0,0,6,23,0,0,0,0,0,0,0,1,0,0,0,0
58,2024-08-08,0,0,1,1,0,0,0,3,0,0,0,4,0,0,0,0
58,2024-08-09,0,0,2,20,0,0,0,0,0,0,3,4,0,0,0,2
58,2024-08-10,0,0,7,13,0,0,0,0,0,0,0,3,0,0,0,1
58,2024-08-11,0,0,0,0,0,0,0,0,0,0,0,0,0,0,0,0
58,2024-08-12,0,0,0,0,0,0,0,0,0,0,0,0,0,0,0,0
58,2024-08-13,0,0,0,22,0,0,0,0,0,0,0,1,0,0,0,1
58,2024-08-14,0,0,1,6,0,0,0,0,0,0,0,0,0,0,0,0
58,2024-08-15,0,0,0,2,0,0,0,1,0,0,0,0,0,0,0,4
58,2024-08-16,0,0,0,5,0,0,0,0,0,0,0,0,0,0,0,0
58,2024-08-17,0,0,0,0,0,0,0,0,0,0,0,0,0,0,0,0
58,2024-08-18,0,0,3,21,0,0,0,0,0,0,0,0,0,0,0,0
58,2024-08-19,0,0,1,1,0,0,0,0,0,0,0,0,0,0,0,1
58,2024-08-20,0,0,0,0,0,0,0,0,0,0,0,0,0,0,0,0
58,2024-08-21,0,0,0,0,0,0,0,0,0,0,0,0,0,0,0,0
58,2024-08-22,0,0,0,2,0,0,0,0,0,0,0,0,0,0,0,0
58,2024-08-23,0,0,0,6,0,0,0,0,0,0,0,1,0,0,0,0
58,2024-08-24,0,0,0,6,0,0,0,0,0,0,0,0,0,0,0,1
58,2024-08-25,0,0,2,0,0,0,0,0,0,0,0,1,0,0,0,0
58,2024-08-26,0,0,0,0,0,0,0,0,0,0,0,0,0,0,0,0
58,2024-08-27,0,0,0,7,0,0,0,0,0,0,0,0,0,0,0,0
58,2024-08-28,0,0,1,0,0,0,0,0,0,0,0,2,0,0,0,2
58,2024-08-29,0,0,0,5,0,0,0,0,0,0,0,1,0,0,0,1
58,2024-08-30,0,0,0,0,0,0,0,0,0,0,2,0,0,0,0,2
58,2024-08-31,0,0,0,0,0,0,0,1,0,0,0,1,0,0,0,0
58,2024-09-01,0,0,0,2,0,0,0,0,0,0,0,0,0,0,0,0
58,2024-09-02,0,0,0,0,0,0,0,0,0,0,0,0,0,0,0,0
58,2024-09-03,0,0,0,3,0,0,0,0,0,0,0,4,0,0,0,0
58,2024-09-04,0,0,0,1,0,0,0,0,0,0,0,0,0,0,0,0
58,2024-09-05,0,0,3,3,0,0,0,0,0,0,0,0,0,0,0,1
58,2024-09-06,0,0,1,0,0,0,0,0,0,0,0,1,0,0,0,1
58,2024-09-07,0,0,1,1,0,0,0,0,0,0,0,3,0,0,0,2
58,2024-09-08,0,0,0,1,0,0,0,0,0,0,0,2,0,0,0,0
58,2024-09-09,0,0,0,0,0,0,0,0,0,0,0,0,0,0,0,0
58,2024-09-10,0,0,0,0,0,0,0,0,0,0,0,0,0,0,0,0
58,2024-09-11,0,0,0,8,0,0,0,0,0,0,0,0,0,0,0,0
58,2024-09-12,0,0,0,0,0,0,0,0,0,0,0,0,0,0,0,0
58,2024-09-13,0,0,2,2,0,0,0,0,0,0,0,0,0,0,0,0
58,2024-09-14,0,0,5,17,0,0,0,0,0,0,0,0,0,0,0,0
58,2024-09-15,0,0,0,0,0,0,0,0,0,0,0,0,0,0,0,4
58,2024-09-16,0,1,5,5,0,0,0,0,0,0,1,1,0,0,0,0
58,2024-09-17,0,0,0,0,0,0,0,0,0,0,0,1,0,0,0,0
58,2024-09-18,0,0,0,0,0,0,0,0,0,0,0,3,0,0,0,2
58,2024-09-19,0,0,1,4,0,0,0,1,0,0,1,15,0,0,0,3
58,2024-09-20,0,0,0,0,0,0,0,0,0,0,0,0,0,0,0,3
58,2024-09-21,0,0,0,0,0,0,0,0,0,0,0,2,0,0,0,0
58,2024-09-22,0,0,0,0,0,0,0,0,0,0,0,0,0,0,0,2
58,2024-09-23,0,0,0,0,0,0,0,0,0,0,0,1,0,0,0,0
58,2024-09-24,0,0,0,0,0,0,0,0,0,0,0,3,0,0,0,0
58,2024-09-25,0,0,0,0,0,0,0,1,0,0,0,1,0,0,0,3
58,2024-09-26,0,0,0,0,0,0,0,0,0,0,0,0,0,0,0,0
58,2024-09-27,0,0,0,0,0,0,0,1,0,0,0,0,0,0,0,1
58,2024-09-28,0,1,0,1,0,0,0,0,0,0,0,2,0,0,0,0
58,2024-09-29,0,0,0,10,0,0,0,0,0,0,1,2,0,0,0,0
58,2024-09-30,0,0,6,14,0,0,0,0,0,0,0,1,0,0,0,0
58,2024-10-01,0,0,0,0,0,0,0,0,0,0,0,0,0,0,0,0
58,2024-10-02,0,0,0,1,0,0,0,0,0,0,0,0,0,0,0,0
58,2024-10-03,0,0,0,0,0,0,0,0,0,0,0,0,0,0,0,0
58,2024-10-04,0,0,0,0,0,0,0,0,0,0,0,0,0,0,0,0
58,2024-10-05,0,0,1,3,0,0,0,0,0,0,1,0,0,0,0,0
58,2024-10-06,0,0,7,15,0,0,0,11,0,0,0,2,0,0,0,1
58,2024-10-07,0,0,2,8,0,0,0,5,0,0,1,1,0,0,0,0
58,2024-10-08,0,0,1,2,0,0,0,3,0,0,1,1,0,0,0,0
58,2024-10-09,0,0,2,4,0,0,2,0,0,0,1,0,0,0,0,0
58,2024-10-10,0,1,2,12,0,0,0,0,0,0,6,5,0,0,0,0
58,2024-10-11,0,0,9,20,0,0,0,2,0,0,4,3,0,0,0,0
58,2024-10-12,0,0,5,10,0,0,0,3,0,0,3,2,0,0,0,0
58,2024-10-13,0,0,3,8,0,0,0,1,0,0,0,4,0,0,0,0
58,2024-10-14,0,0,0,4,0,0,0,0,0,0,1,1,0,0,0,0
58,2024-10-15,0,0,4,11,0,0,0,0,0,0,2,6,0,0,0,0
58,2024-10-16,0,0,3,23,0,0,0,1,0,0,4,3,0,0,0,0
58,2024-10-17,0,0,1,1,0,0,0,1,0,0,1,2,0,0,0,3
58,2024-10-18,0,0,1,1,0,0,0,3,0,0,2,1,0,0,0,4
58,2024-10-19,0,0,0,0,0,0,0,3,0,0,0,4,0,0,0,2
58,2024-10-20,0,0,0,0,0,0,0,1,0,0,1,0,0,0,0,0
58,2024-10-21,0,0,0,0,0,0,0,0,0,0,1,2,0,0,0,1
58,2024-10-22,0,2,5,2,0,0,0,2,0,0,0,4,0,0,0,1
58,2024-10-23,0,0,1,2,0,0,0,1,0,0,0,0,0,0,0,0
58,2024-10-24,0,0,0,0,0,0,0,6,0,0,0,2,0,0,0,1
58,2024-10-25,0,0,1,8,0,0,0,0,0,0,2,1,0,0,0,1
58,2024-10-26,0,0,8,3,0,0,0,4,0,0,6,17,0,0,0,5
58,2024-10-27,0,1,19,28,0,0,0,3,0,0,11,14,0,0,0,7
58,2024-10-28,0,0,12,10,0,0,0,0,0,0,1,13,0,0,0,9
58,2024-10-29,0,3,5,6,0,0,0,4,0,0,0,2,0,0,0,1
58,2024-10-30,0,0,8,5,0,0,0,1,0,0,4,10,0,0,0,5
58,2024-10-31,0,1,10,7,0,0,1,3,0,0,9,10,0,0,0,7
58,2024-11-01,2,3,17,18,0,0,0,5,0,0,29,10,0,0,0,8
58,2024-11-02,0,0,29,20,0,0,0,4,0,0,17,7,0,0,0,3
58,2024-11-03,0,0,0,0,0,0,0,0,0,0,0,0,0,0,0,0
58,2024-11-04,0,0,0,0,0,0,0,0,0,0,0,0,0,0,0,0
58,2024-11-05,0,0,0,0,0,0,0,0,0,0,0,0,0,0,0,0
58,2024-11-06,0,0,0,0,0,0,0,0,0,0,0,0,0,0,0,0
58,2024-11-07,0,0,0,2,0,0,0,1,0,0,0,3,0,0,0,0
58,2024-11-08,0,0,5,2,0,0,0,5,0,0,0,0,0,0,0,0
58,2024-11-09,0,0,3,7,0,0,0,2,0,0,0,4,0,0,0,1
58,2024-11-10,0,0,16,19,0,0,2,6,0,0,1,2,0,0,0,1
58,2024-11-11,0,0,28,44,0,0,1,6,0,0,1,5,0,0,0,0
58,2024-11-12,0,0,34,79,0,0,3,6,0,1,4,10,0,0,0,0
58,2024-11-13,0,1,26,53,0,0,2,10,0,0,3,5,0,0,0,4
58,2024-11-14,0,0,18,21,0,0,0,6,0,0,3,4,0,0,0,4
58,2024-11-15,0,2,11,8,0,0,2,6,0,0,11,8,0,0,0,4
58,2024-11-16,0,1,25,26,0,0,2,9,0,0,44,9,0,0,0,7
58,2024-11-17,0,0,23,3,0,0,0,4,0,1,64,29,0,0,0,10
58,2024-11-18,0,1,12,28,0,0,3,13,0,0,23,11,0,0,0,10
58,2024-11-19,0,1,23,13,0,0,4,4,0,0,13,8,0,0,0,1
58,2024-11-20,0,0,5,10,0,0,0,8,0,0,19,12,0,0,0,3
58,2024-11-21,0,1,23,37,0,0,0,5,0,0,46,11,0,0,0,2
58,2024-11-22,0,6,29,45,0,0,0,6,0,0,93,16,0,0,0,0
58,2024-11-23,2,1,54,61,0,0,1,15,0,0,57,17,0,0,0,0
58,2024-11-24,0,0,57,30,0,0,0,11,0,0,41,9,0,0,0,0
58,2024-11-25,0,0,4,4,0,0,0,2,0,0,18,13,0,0,0,0
58,2024-11-26,0,0,12,7,0,0,0,3,0,0,12,8,0,0,0,2
58,2024-11-27,0,0,23,23,0,0,0,1,0,0,81,31,0,0,0,1
58,2024-11-28,1,1,85,74,0,0,2,7,0,0,66,5,0,0,0,1
58,2024-11-29,0,0,36,36,0,0,0,13,0,0,7,15,0,0,0,1
58,2024-11-30,0,1,40,56,0,0,1,4,0,1,28,9,0,0,0,0
58,2024-12-01,1,1,15,30,0,0,0,8,0,0,4,5,0,0,0,1
58,2024-12-02,2,1,32,49,0,0,0,10,0,1,50,45,0,0,0,5
58,2024-12-03,1,3,63,98,0,0,1,11,0,0,137,49,0,0,0,6
58,2024-12-04,1,3,48,69,0,0,2,13,0,0,44,16,0,0,0,15
58,2024-12-05,1,2,37,56,0,0,0,2,0,0,27,13,0,0,0,2
58,2024-12-06,1,0,15,63,0,0,1,6,0,0,22,51,0,0,0,7
58,2024-12-07,0,1,30,53,0,0,0,12,0,0,53,55,0,0,0,12
58,2024-12-08,0,4,47,80,0,0,1,4,0,0,123,77,0,0,0,9
58,2024-12-09,3,1,79,123,0,0,4,15,0,1,48,26,0,0,0,6
58,2024-12-10,1,0,49,51,0,0,0,16,0,0,16,13,0,0,0,6
58,2024-12-11,0,2,17,21,0,0,1,7,0,0,20,37,0,0,0,6
58,2024-12-12,0,6,26,2,0,0,1,11,0,2,34,72,0,0,0,16
58,2024-12-13,1,0,14,0,0,0,0,3,0,0,41,59,0,0,0,4
58,2024-12-14,0,0,1,7,0,0,2,0,0,1,16,25,0,0,0,9
58,2024-12-15,0,0,2,89,0,0,0,0,0,0,1,20,0,0,0,1
58,2024-12-16,0,0,2,84,0,0,0,4,0,0,17,27,0,0,0,3
58,2024-12-17,1,0,5,45,0,0,0,6,0,0,24,33,0,0,0,13
58,2024-12-18,0,0,13,50,0,0,0,7,0,0,47,72,0,0,0,14
58,2024-12-19,0,0,33,104,0,0,0,18,0,0,63,55,0,0,0,8
58,2024-12-20,1,0,46,110,0,0,4,19,0,0,32,38,0,0,0,15
58,2024-12-21,1,4,19,53,0,0,0,9,0,0,3,9,0,0,0,1
58,2024-12-22,0,2,8,26,0,0,0,2,0,0,22,26,0,0,0,7
58,2024-12-23,6,4,11,67,0,0,0,13,0,0,24,52,0,0,0,11
58,2024-12-24,3,1,48,73,0,0,2,14,0,0,44,66,0,0,0,6
58,2024-12-25,4,4,48,98,0,0,2,33,0,2,44,48,0,0,0,17
58,2024-12-26,2,2,34,65,0,0,3,18,0,0,27,40,0,0,0,7
58,2024-12-27,2,3,13,40,0,0,1,7,0,1,28,64,0,0,0,6
58,2024-12-28,5,5,23,28,0,0,3,9,0,0,32,70,0,0,0,12
58,2024-12-29,3,3,34,71,0,0,2,10,0,0,59,90,0,0,0,11
58,2024-12-30,16,7,40,80,0,0,6,23,0,4,60,61,0,0,0,25
58,2024-12-31,3,2,27,64,0,0,4,7,0,0,30,36,0,0,0,21
58,2025-01-01,1,1,11,53,0,0,0,17,0,0,28,39,0,0,0,10
58,2025-01-02,0,0,17,46,0,0,1,10,0,1,32,40,0,0,0,17
58,2025-01-03,1,1,20,64,0,0,14,23,0,1,47,93,0,0,0,3
58,2025-01-04,0,6,32,93,0,0,3,31,0,1,56,88,0,0,0,2
58,2025-01-05,1,2,62,132,0,0,5,45,0,0,59,38,0,0,0,4
58,2025-01-06,5,0,40,57,0,0,3,25,0,0,35,36,0,0,0,2
58,2025-01-07,2,2,23,44,0,0,1,9,0,0,52,46,0,0,0,8
58,2025-01-08,1,3,53,39,0,0,5,25,0,0,56,62,0,0,0,6
58,2025-01-09,1,0,41,50,0,0,0,20,0,0,96,92,0,0,0,19
58,2025-01-10,0,1,81,115,0,0,1,43,0,2,134,88,0,0,0,13
58,2025-01-11,0,0,53,171,0,0,2,28,0,0,60,53,0,0,0,5
58,2025-01-12,3,0,43,67,0,0,2,22,0,0,35,49,0,0,0,6
58,2025-01-13,5,2,38,80,0,0,4,28,0,2,68,93,0,0,0,11
58,2025-01-14,4,2,61,84,0,0,3,38,0,1,89,116,0,0,0,19
58,2025-01-15,3,0,140,123,0,0,2,39,0,2,140,140,0,0,0,18
58,2025-01-16,4,3,70,130,0,0,6,28,0,1,76,86,0,0,0,17
58,2025-01-17,1,1,24,93,0,0,1,38,0,0,67,67,0,0,0,9
58,2025-01-18,4,1,50,86,0,0,4,31,0,0,96,73,0,0,2,14
58,2025-01-19,0,1,43,53,0,0,4,49,0,0,96,110,0,0,0,21
58,2025-01-20,2,3,61,37,0,0,2,37,0,4,94,153,0,0,0,18
58,2025-01-21,4,1,101,134,0,0,4,54,0,0,114,108,0,0,0,35
58,2025-01-22,5,3,24,88,0,0,9,33,0,0,91,71,0,0,0,13
58,2025-01-23,0,3,49,66,0,0,4,30,0,1,93,107,0,0,0,17
58,2025-01-24,1,3,62,113,0,0,10,53,0,7,125,125,0,0,0,40
58,2025-01-25,2,9,223,120,0,0,14,64,0,6,130,234,0,0,0,23
58,2025-01-26,3,4,329,210,0,0,14,53,1,5,119,193,0,0,0,12
58,2025-01-27,1,0,138,280,0,0,0,31,0,0,116,84,0,0,0,0
58,2025-01-28,0,0,140,147,0,0,2,20,0,7,66,113,0,0,0,0
58,2025-01-29,1,0,79,105,0,0,2,40,0,4,109,155,0,0,0,0
58,2025-01-30,0,1,133,153,0,0,2,18,0,1,248,406,0,0,0,2
58,2025-01-31,3,4,320,205,0,0,7,65,0,5,315,391,0,0,0,9
58,2025-02-01,1,2,346,280,0,0,11,118,0,8,209,225,0,0,0,12
58,2025-02-02,0,0,184,191,0,0,4,105,0,9,187,201,0,0,0,12
58,2025-02-03,0,0,156,148,0,0,8,76,0,2,240,182,0,0,0,4
58,2025-02-04,1,0,108,82,0,0,8,42,0,10,264,231,0,0,1,8
58,2025-02-05,1,1,131,113,0,0,5,58,0,17,214,233,0,0,0,8
58,2025-02-06,3,6,262,216,0,0,14,76,0,3,185,181,0,0,0,29
58,2025-02-07,0,1,76,178,0,0,6,67,0,7,267,177,0,0,0,36
58,2025-02-08,0,0,81,209,0,0,5,28,0,1,191,199,0,0,0,15
58,2025-02-09,0,0,111,181,0,0,12,68,0,1,226,518,0,0,0,2
58,2025-02-10,1,0,219,191,0,0,9,75,0,29,474,1425,0,0,0,25
58,2025-02-11,0,9,490,465,0,0,7,125,1,19,447,940,0,0,0,25
58,2025-02-12,0,8,280,432,0,0,14,141,0,8,287,494,0,0,0,16
58,2025-02-13,2,1,223,282,0,0,17,82,0,44,424,398,0,0,0,14
58,2025-02-14,1,13,323,154,0,0,13,145,1,24,402,538,0,0,0,26
58,2025-02-15,1,17,624,289,0,0,19,191,0,24,456,565,0,0,0,17
58,2025-02-16,1,23,1275,496,0,0,22,218,5,41,607,647,0,0,0,35
58,2025-02-17,2,21,820,430,0,0,18,166,0,34,418,683,0,0,0,29
58,2025-02-18,0,0,121,71,0,0,6,42,4,44,622,593,0,0,0,19
58,2025-02-19,0,2,31,30,0,0,6,30,0,56,767,698,0,0,0,39
58,2025-02-20,0,8,36,57,0,0,10,81,1,142,512,858,0,0,0,32
58,2025-02-21,0,8,83,28,0,0,8,31,5,214,638,649,0,0,0,30
58,2025-02-22,7,21,117,114,0,0,5,75,1,115,479,517,0,0,0,55
58,2025-02-23,1,0,5,125,0,0,6,42,3,63,327,359,0,0,0,12
58,2025-02-24,0,0,0,1,0,0,0,1,0,22,129,392,0,0,0,3
58,2025-02-25,0,0,4,0,0,0,0,0,0,4,195,582,0,0,0,6
58,2025-02-26,0,0,68,32,0,0,6,1,0,5,478,1272,0,0,0,11
58,2025-02-27,0,1,143,83,0,0,9,49,1,30,654,1313,0,0,0,49
58,2025-02-28,0,1,134,125,0,0,16,87,0,19,561,982,0,0,0,71
58,2025-03-01,1,2,159,61,0,0,11,72,1,69,857,1091,0,0,0,9
58,2025-03-02,0,2,256,61,0,0,25,171,3,104,812,1495,0,0,0,11
58,2025-03-03,2,8,559,97,0,0,38,160,4,179,1067,2109,0,0,0,6
58,2025-03-04,12,29,1439,214,0,0,63,337,31,387,1368,2054,0,0,0,13
58,2025-03-05,13,19,1623,420,0,0,83,593,13,306,896,1386,0,0,0,10
58,2025-03-06,3,27,938,172,0,0,57,279,20,337,818,1169,0,0,0,19
58,2025-03-07,14,42,197,18,0,0,5,12,65,472,1619,1510,0,0,2,15
58,2025-03-08,10,20,86,12,0,0,22,45,51,322,2137,2774,0,0,0,3
58,2025-03-09,44,43,185,102,0,0,18,69,82,390,1829,2900,0,0,0,8
58,2025-03-10,20,26,525,264,0,0,23,236,49,301,1335,1516,0,0,0,8
58,2025-03-11,10,28,248,184,0,0,27,308,33,233,1467,1438,0,0,0,9
58,2025-03-12,9,10,175,42,0,0,25,179,28,305,2490,1645,0,0,0,7
58,2025-03-13,27,33,246,28,0,0,40,187,114,463,1621,2014,0,0,0,12
58,2025-03-14,40,90,609,75,0,0,62,328,127,770,3082,3135,0,0,4,17
58,2025-03-15,102,146,967,138,0,0,72,526,137,994,3042,2533,0,0,0,21
58,2025-03-16,40,27,593,162,0,0,53,353,66,503,1555,2016,0,0,9,19
58,2025-03-17,27,33,222,54,0,0,28,53,143,542,1491,1512,0,0,0,11
58,2025-03-18,50,28,212,67,0,0,15,2,217,469,1413,1767,0,0,0,2
58,2025-03-19,111,60,83,94,0,0,0,2,324,611,1324,2149,0,0,0,0
58,2025-03-20,174,130,586,218,0,0,1,84,293,779,1586,1518,0,0,0,2
58,2025-03-21,117,86,601,268,0,0,3,283,90,223,654,587,0,0,0,1
58,2025-03-22,87,50,409,208,0,0,19,395,53,86,550,802,0,0,0,3
58,2025-03-23,51,58,285,217,0,0,71,775,93,216,588,753,0,0,0,1
58,2025-03-24,90,138,516,268,0,0,61,1082,226,393,927,973,0,0,0,7
58,2025-03-25,245,366,1358,305,0,0,116,1402,316,739,1316,1981,0,0,0,11
58,2025-03-26,253,343,2250,432,0,0,202,1884,288,673,1029,1230,0,0,0,18
58,2025-03-27,189,211,1466,503,0,0,249,2675,120,371,1286,1004,0,0,0,20
58,2025-03-28,111,200,913,385,0,0,243,1933,68,350,1241,1307,0,0,0,13
58,2025-03-29,198,336,829,265,0,0,299,2088,185,386,2169,1794,0,0,0,16
58,2025-03-30,315,398,792,141,0,0,202,869,371,560,2945,2124,0,0,0,12
58,2025-03-31,310,382,483,79,0,0,180,722,312,469,2870,1998,0,0,0,23
58,2025-04-01,268,177,217,136,0,0,72,115,179,365,1979,1324,0,0,0,10
58,2025-04-02,76,69,121,98,0,0,85,261,62,272,1812,1574,0,0,0,13
58,2025-04-03,91,113,119,72,0,0,225,771,35,172,1820,1408,0,0,0,22
58,2025-04-04,148,201,197,101,0,0,202,1413,80,353,2310,1864,0,0,0,9
58,2025-04-05,21,83,213,110,0,0,239,622,32,174,1194,553,0,0,0,8
58,2025-04-06,5,13,32,83,0,0,0,1,1,9,129,219,0,0,0,1
58,2025-04-07,3,1,22,50,0,0,4,13,0,28,108,43,0,0,0,0
58,2025-04-08,9,46,49,28,0,0,146,112,10,45,246,79,0,0,0,1
58,2025-04-09,21,74,48,62,0,0,13,270,1,64,296,173,0,0,0,2
58,2025-04-10,214,115,120,37,0,0,367,1651,15,137,339,338,0,0,0,5
58,2025-04-11,37,34,57,16,0,0,91,2784,7,153,355,67,0,0,0,8
58,2025-04-12,15,8,14,0,0,0,84,118,0,8,67,37,0,0,0,2
58,2025-04-13,4,3,0,3,0,0,0,0,2,7,34,103,0,0,0,0
58,2025-04-14,0,0,0,2,0,0,0,4,0,0,23,133,0,0,0,0
58,2025-04-15,4,0,1,59,0,0,0,16,0,0,51,51,0,0,0,4
58,2025-04-16,14,2,3,14,0,0,4,66,2,1,47,89,0,0,0,12
58,2025-04-17,11,0,3,46,0,0,27,197,4,5,52,141,0,0,0,7
58,2025-04-18,6,8,10,19,0,0,132,342,0,21,146,290,0,0,1,10
58,2025-04-19,32,16,30,73,0,0,154,751,0,35,376,284,0,0,0,14
58,2025-04-20,33,25,30,89,0,0,286,629,6,26,413,413,0,0,0,6
58,2025-04-21,51,82,53,108,0,0,354,974,11,43,275,308,0,0,0,16
58,2025-04-22,44,37,91,70,0,0,23,63,8,33,284,417,0,0,0,6
58,2025-04-23,75,66,59,102,0,0,16,376,4,65,509,610,0,0,0,13
58,2025-04-24,56,37,98,36,0,0,271,1120,3,78,466,732,0,0,0,17
58,2025-04-25,106,62,102,104,0,0,459,2296,17,36,492,965,0,0,0,30
58,2025-04-26,108,72,168,126,0,0,376,2693,21,41,412,634,0,0,0,60
58,2025-04-27,26,16,26,7,0,0,28,466,10,7,194,303,0,0,0,52
58,2025-04-28,2,4,18,33,0,0,18,409,3,4,127,261,0,0,0,43
58,2025-04-29,0,0,0,0,0,0,0,1,0,0,7,23,0,0,0,1
58,2025-04-30,0,0,3,36,0,0,0,19,0,0,4,39,0,0,0,0
58,2025-05-01,1,0,13,110,0,0,0,7,0,0,8,22,0,0,0,0
58,2025-05-02,5,1,19,22,0,0,9,125,0,3,3,6,0,0,0,0
58,2025-05-03,12,3,11,14,0,0,5,27,0,0,10,3,0,0,0,0
58,2025-05-04,12,0,21,7,0,0,19,42,0,1,19,38,0,0,0,5
58,2025-05-05,57,11,83,39,0,0,25,196,0,3,89,181,0,0,0,19
58,2025-05-06,35,41,130,48,0,0,86,791,2,6,147,294,0,0,0,68
58,2025-05-07,39,25,115,53,0,0,137,877,3,4,103,195,0,0,1,133
58,2025-05-08,11,6,11,5,0,0,1,14,0,1,10,43,0,0,0,24
58,2025-05-09,11,6,32,15,0,0,42,243,0,2,44,71,0,0,0,51
58,2025-05-10,3,0,21,1,0,0,14,64,0,0,32,79,0,0,0,84
58,2025-05-11,6,2,14,10,0,0,0,3,0,0,35,86,0,0,0,39
58,2025-05-12,4,5,30,14,0,0,1,14,0,0,6,22,0,0,0,16
58,2025-05-13,1,1,0,0,0,0,0,15,0,0,19,11,0,0,0,0
58,2025-05-14,0,0,2,0,0,0,1,22,0,0,0,10,0,0,0,5
58,2025-05-15,0,0,0,0,0,0,0,0,0,0,0,0,0,0,0,5
58,2025-05-16,0,0,0,2,0,0,1,0,0,0,2,7,0,0,0,14
58,2025-05-17,2,0,13,12,0,0,0,3,0,0,1,8,0,0,0,4
58,2025-05-18,1,0,1,1,0,0,0,5,0,0,4,0,0,0,0,3
58,2025-05-19,0,0,1,1,0,0,0,0,0,0,0,5,0,0,0,8
58,2025-05-20,6,4,3,2,0,0,0,7,0,0,2,10,0,0,0,21
58,2025-05-21,1,0,1,0,0,0,0,3,0,0,4,2,0,0,0,7
58,2025-05-22,4,3,23,6,0,0,0,9,0,0,12,10,0,0,0,39
58,2025-05-23,0,0,11,6,0,0,3,1,0,0,1,5,0,0,0,29
58,2025-05-24,0,0,0,0,0,0,0,0,0,0,0,1,0,0,0,0
58,2025-05-25,0,0,0,0,0,0,0,0,0,0,2,0,0,0,0,0
58,2025-05-26,0,0,0,0,0,0,0,0,0,0,0,0,0,0,0,0
58,2025-05-27,0,0,0,0,0,0,0,0,0,0,0,0,0,0,0,0
58,2025-05-28,0,0,0,0,0,0,1,0,0,0,0,0,0,0,0,0
58,2025-05-29,0,0,0,0,0,0,0,2,0,0,0,0,0,0,0,0
58,2025-05-30,0,0,0,3,0,0,0,2,0,0,0,0,0,0,0,0
58,2025-05-31,0,0,0,0,0,0,0,0,0,0,0,0,0,0,0,0
58,2025-06-01,0,0,0,0,0,0,0,2,0,0,0,0,0,0,0,0
58,2025-06-02,0,0,2,2,0,0,0,5,0,0,2,0,0,0,0,0
58,2025-06-03,0,0,0,0,0,0,0,2,0,0,0,0,0,0,0,0
58,2025-06-04,0,0,4,5,0,0,0,1,0,0,1,5,0,0,0,1
58,2025-06-05,0,4,4,0,0,0,0,2,0,0,0,6,0,0,0,5
58,2025-06-06,0,0,4,3,0,0,2,4,0,0,1,8,0,0,0,32
58,2025-06-07,1,4,13,8,0,0,5,12,0,0,20,7,0,0,0,57
58,2025-06-08,0,1,13,2,0,0,4,9,0,0,0,4,0,0,0,47
58,2025-06-09,1,1,3,0,0,0,0,0,0,0,0,1,0,0,0,3
58,2025-06-10,0,0,0,0,0,0,0,0,0,0,0,0,0,0,0,0
58,2025-06-11,0,0,0,0,0,0,0,0,0,0,0,0,0,0,0,0
58,2025-06-12,0,0,0,0,0,0,0,0,0,0,0,3,0,0,0,11
58,2025-06-13,0,0,1,0,0,0,0,2,0,0,0,1,0,0,0,33
58,2025-06-14,0,0,0,0,0,0,0,1,0,0,2,0,0,0,0,12
58,2025-06-15,0,0,1,0,0,0,0,2,0,0,0,2,0,0,0,6
58,2025-06-16,0,0,0,0,0,0,0,0,0,0,0,0,0,0,0,0
58,2025-06-17,0,0,0,0,0,0,0,5,0,0,0,1,0,0,0,0
58,2025-06-18,0,0,0,17,0,0,0,1,0,0,0,0,0,0,0,0
58,2025-06-19,0,0,0,1,0,0,0,0,0,0,0,1,0,0,0,0
58,2025-06-20,0,0,2,0,0,0,0,0,0,0,2,0,0,0,0,1
58,2025-06-21,0,0,0,0,0,0,0,0,0,0,0,1,0,0,0,0
58,2025-06-22,0,0,0,0,0,0,0,0,0,0,0,0,0,0,0,0
58,2025-06-23,0,0,0,1,0,0,0,0,0,0,0,0,0,0,0,0
58,2025-06-24,0,0,0,4,0,0,0,0,0,0,0,0,0,0,0,0
58,2025-06-25,0,0,1,4,0,0,0,0,0,0,0,0,0,0,0,0
58,2025-06-26,0,1,3,0,0,0,0,0,0,0,0,0,0,0,0,0
58,2025-06-27,0,0,0,0,0,0,0,0,0,0,0,1,0,0,0,1
58,2025-06-28,0,0,0,0,0,0,0,0,0,0,0,0,0,0,0,0
58,2025-06-29,0,0,0,1,0,0,0,0,0,0,0,1,0,0,0,0
58,2025-06-30,0,0,0,0,0,0,0,0,0,0,0,0,0,0,0,0
58,2025-07-01,0,0,2,0,0,0,0,0,0,0,0,0,0,0,0,0
58,2025-07-02,0,0,0,0,0,0,0,0,0,0,0,0,0,0,0,0
58,2025-07-03,0,0,0,0,0,0,0,1,0,0,0,0,0,0,0,0
58,2025-07-04,0,0,0,2,0,0,0,0,0,0,0,0,0,0,0,0
58,2025-07-05,0,0,0,1,0,0,0,0,0,0,0,0,0,0,0,0
58,2025-07-06,0,0,0,0,0,0,0,0,0,0,0,0,0,0,0,0
58,2025-07-07,0,0,0,0,0,0,0,0,0,0,0,0,0,0,0,0
58,2025-07-08,0,0,0,1,0,0,0,0,0,0,0,0,0,0,0,0
58,2025-07-09,0,0,0,0,0,0,0,0,0,0,0,0,0,0,0,0
58,2025-07-10,0,0,0,0,0,0,0,0,0,0,0,0,0,0,0,2
58,2025-07-11,0,0,0,0,0,0,0,0,0,0,0,2,0,0,0,0
58,2025-07-12,0,0,1,3,0,0,0,0,0,0,0,0,0,0,0,1
58,2025-07-13,0,0,0,0,0,0,0,0,0,0,0,1,0,0,0,1
58,2025-07-14,0,0,0,7,0,0,0,0,0,0,0,3,0,0,0,0
58,2025-07-15,1,0,7,21,0,0,0,0,0,0,0,0,0,0,0,2
58,2025-07-16,0,0,0,1,0,0,0,0,0,0,0,0,0,0,0,0
58,2025-07-17,0,0,0,0,0,0,0,0,0,0,0,0,0,0,0,0
58,2025-07-18,0,0,0,0,0,0,0,1,0,0,0,0,0,0,0,0
58,2025-07-19,0,0,0,0,0,0,0,0,0,0,0,1,0,0,0,0
58,2025-07-20,0,0,2,3,0,0,0,0,0,0,0,2,0,0,0,4
58,2025-07-21,0,0,0,0,0,0,0,0,0,0,0,0,0,0,0,0
58,2025-07-22,0,0,0,0,0,0,0,0,0,0,0,0,0,0,0,0
58,2025-07-23,0,0,0,0,0,0,0,0,0,0,0,0,0,0,0,0
58,2025-07-24,0,0,0,0,0,0,0,0,0,0,0,0,0,0,0,0
58,2025-07-25,0,0,0,0,0,0,0,0,0,0,0,0,0,0,0,0
58,2025-07-26,0,0,0,0,0,0,0,0,0,0,0,0,0,0,0,0
58,2025-07-27,0,0,0,0,0,0,0,0,0,0,0,0,0,0,0,0
58,2025-07-28,0,0,0,0,0,0,0,0,0,0,0,0,0,0,0,0
58,2025-07-29,0,0,0,0,0,0,0,0,0,0,0,0,0,0,0,1
58,2025-07-30,0,0,0,7,0,0,0,0,0,0,0,1,0,0,0,5
58,2025-07-31,0,0,11,10,0,0,0,0,0,0,1,2,0,0,0,0
58,2025-08-01,0,0,0,0,0,0,0,0,0,0,0,1,0,0,0,1
58,2025-08-02,0,0,1,11,0,0,0,0,0,0,0,0,0,0,0,2
58,2025-08-03,0,0,0,4,0,0,0,0,0,0,0,1,0,0,0,0
58,2025-08-04,4,0,1,29,0,0,0,0,0,0,0,2,0,0,0,0
58,2025-08-05,0,0,9,88,0,0,0,2,0,0,0,0,0,0,0,0
58,2025-08-06,0,0,0,1,0,0,0,0,0,0,0,1,0,0,0,0
58,2025-08-07,0,0,6,3,0,0,0,0,0,0,0,0,0,0,0,0
58,2025-08-08,0,0,2,9,0,0,0,0,0,0,0,1,0,0,0,0
58,2025-08-09,0,0,5,73,0,0,0,0,0,0,0,1,0,0,0,0
58,2025-08-10,0,0,25,115,0,0,0,1,0,1,1,1,0,0,0,0
58,2025-08-11,0,0,5,24,0,0,0,0,0,0,1,0,0,0,0,0
58,2025-08-12,0,0,8,10,0,0,0,0,0,0,1,1,0,0,0,0
58,2025-08-13,0,0,0,0,0,0,0,0,0,0,0,0,0,0,0,0
58,2025-08-14,0,0,0,17,0,0,0,0,0,0,0,2,0,0,0,0
58,2025-08-15,0,0,0,0,0,0,0,0,0,0,1,2,0,0,0,0
58,2025-08-16,0,0,1,0,0,0,0,0,0,0,0,0,0,0,0,0
58,2025-08-17,0,0,0,0,0,0,0,0,0,0,1,0,0,0,0,0
58,2025-08-18,0,0,0,0,0,0,0,1,0,0,0,1,0,0,0,4
58,2025-08-19,0,0,1,0,0,0,1,0,0,0,1,0,0,0,0,1
58,2025-08-20,0,0,6,13,0,0,0,0,0,0,0,3,0,0,0,0
58,2025-08-21,0,0,9,15,0,0,0,0,0,0,0,7,0,0,0,0
58,2025-08-22,0,0,0,0,0,0,0,0,0,0,0,1,0,0,0,0
58,2025-08-23,0,0,0,0,0,0,0,0,0,0,0,0,0,0,0,0
58,2025-08-24,0,0,0,0,0,0,0,0,0,0,0,0,0,0,0,1
58,2025-08-25,0,0,1,0,0,0,0,0,0,0,1,2,0,0,0,1
58,2025-08-26,0,0,1,0,0,0,0,0,0,0,0,3,0,0,0,0
58,2025-08-27,0,0,0,1,0,0,0,0,0,0,0,1,0,0,0,1
58,2025-08-28,0,0,0,0,0,0,0,0,0,0,0,0,0,0,0,1
58,2025-08-29,0,0,0,11,0,0,0,0,0,0,0,0,0,0,0,1
58,2025-08-30,0,0,0,0,0,0,0,0,0,0,0,0,0,0,0,0
58,2025-08-31,0,0,0,1,0,0,0,0,0,0,0,6,0,0,0,1
58,2025-09-01,0,0,0,24,0,0,0,0,0,0,0,3,0,0,0,4
58,2025-09-02,0,0,0,0,0,0,0,0,0,0,0,0,0,0,0,2
58,2025-09-03,0,0,1,1,0,0,0,1,0,0,0,0,0,0,0,6
58,2025-09-04,0,0,2,0,0,0,0,0,0,0,0,0,0,0,0,8
58,2025-09-05,0,0,0,0,0,0,1,0,0,0,0,3,0,0,0,0
58,2025-09-06,0,0,1,1,0,0,0,0,0,0,2,3,0,0,0,1
58,2025-09-07,0,0,2,0,0,0,0,0,0,0,4,3,0,0,0,2
58,2025-09-08,0,1,0,1,0,0,0,0,0,0,1,4,0,0,0,1
58,2025-09-09,0,0,0,0,0,0,0,0,0,0,0,0,0,0,0,0
58,2025-09-10,0,0,2,0,0,0,0,0,0,0,0,1,0,0,0,0
58,2025-09-11,0,0,0,6,0,0,0,0,0,0,0,1,0,0,0,1
58,2025-09-12,0,0,0,22,0,0,0,0,0,0,0,0,0,0,0,0
58,2025-09-13,0,0,3,8,0,0,0,0,0,0,0,0,0,0,0,0
58,2025-09-14,0,0,1,0,0,0,0,0,0,0,0,0,0,0,0,0
58,2025-09-15,0,0,0,0,0,0,0,0,0,0,0,0,0,0,0,0
58,2025-09-16,0,0,0,1,0,0,0,0,0,0,0,0,0,0,0,1
58,2025-09-17,0,0,3,7,0,0,0,2,0,0,3,5,0,0,0,1
58,2025-09-18,0,0,0,0,0,0,0,0,0,0,0,3,0,0,0,0
58,2025-09-19,0,0,0,1,0,0,0,0,0,0,0,2,0,0,0,0
58,2025-09-20,0,0,0,0,0,0,0,4,0,0,0,1,0,0,0,0
58,2025-09-21,0,0,1,0,0,0,0,1,0,0,0,5,0,0,0,2
58,2025-09-22,0,0,0,1,0,0,0,1,0,0,0,5,0,0,0,5
58,2025-09-23,0,0,0,1,0,0,0,2,0,0,1,1,0,0,0,0
58,2025-09-24,0,0,0,1,0,0,0,0,0,0,0,2,0,0,0,0
58,2025-09-25,0,0,0,1,0,0,0,7,0,0,0,7,0,0,0,0
58,2025-09-26,0,0,0,0,0,0,0,0,0,0,0,1,0,0,0,0
58,2025-09-27,0,0,0,0,0,0,0,0,0,0,0,0,0,0,0,0
58,2025-09-28,0,0,2,0,0,0,0,2,0,0,2,9,0,0,0,3
58,2025-09-29,0,0,0,0,0,0,0,0,0,0,1,3,0,0,0,1
58,2025-09-30,0,0,0,0,0,0,0,0,0,0,0,0,0,0,0,0
58,2025-10-01,0,0,0,0,0,0,0,0,0,0,0,0,0,0,0,0
58,2025-10-02,0,0,0,5,0,0,0,0,0,0,1,1,0,0,0,0
58,2025-10-03,0,0,1,2,0,0,0,1,0,0,3,3,0,0,0,1
58,2025-10-04,0,0,0,2,0,0,0,0,0,0,1,0,0,0,0,2
58,2025-10-05,0,0,0,4,0,0,0,0,0,0,0,6,0,0,0,3
58,2025-10-06,0,0,0,0,0,0,0,2,0,0,0,4,0,0,0,5
58,2025-10-07,0,0,0,2,0,0,0,0,0,0,1,1,0,0,0,0
58,2025-10-08,0,0,0,10,0,0,1,0,0,0,2,0,0,0,0,1
58,2025-10-09,0,0,5,0,0,0,0,0,0,0,1,1,0,0,0,0
58,2025-10-10,0,0,2,2,0,0,1,2,0,0,0,3,0,0,0,0
58,2025-10-11,0,0,1,4,0,0,0,1,0,0,1,5,0,0,0,6
58,2025-10-12,0,0,0,0,0,0,0,2,0,0,2,2,0,0,0,5
58,2025-10-13,0,0,6,2,0,0,0,4,0,0,3,2,0,0,0,4
58,2025-10-14,0,0,3,0,0,0,0,1,0,0,6,9,0,0,0,2
58,2025-10-15,0,0,0,0,0,0,0,0,0,0,0,2,0,0,0,0
58,2025-10-16,0,0,0,0,0,0,0,0,0,0,0,0,0,0,0,0
58,2025-10-17,0,0,0,0,0,0,0,0,0,0,0,0,0,0,0,0
58,2025-10-18,0,0,2,3,0,0,0,2,0,0,1,2,0,0,0,2
58,2025-10-19,0,0,4,3,0,0,0,1,0,0,9,3,0,0,0,2
58,2025-10-20,0,1,8,6,0,0,0,5,0,0,3,5,0,0,0,3
58,2025-10-21,0,0,2,1,0,0,0,3,0,0,0,4,0,0,0,4
58,2025-10-22,0,0,2,0,0,0,0,1,0,0,6,3,0,0,0,2
58,2025-10-23,0,0,6,0,0,0,0,0,0,0,13,12,0,0,0,4
58,2025-10-24,0,1,0,4,0,0,0,0,0,0,29,15,0,0,0,2
58,2025-10-25,2,1,7,2,0,0,1,0,0,0,8,9,0,0,0,6
58,2025-10-26,1,1,7,2,0,0,0,3,0,0,9,6,0,0,0,2
58,2025-10-27,0,0,4,0,0,0,0,3,0,0,8,7,0,0,0,3
58,2025-10-28,1,0,4,5,0,0,0,2,0,0,17,8,0,0,0,4
58,2025-10-29,0,3,26,7,0,0,1,2,0,0,35,16,0,0,0,6
58,2025-10-30,0,4,15,0,0,0,0,5,0,0,47,15,0,0,0,6
58,2025-10-31,0,0,5,0,0,0,0,1,0,0,8,9,0,0,0,4
58,2025-11-01,0,0,0,0,0,0,0,0,0,0,0,0,0,0,0,0
58,2025-11-02,0,0,0,0,0,0,0,0,0,0,0,1,0,0,0,0
58,2025-11-03,0,0,0,0,0,0,0,0,0,0,0,0,0,0,0,0
58,2025-11-04,0,0,0,0,0,0,0,0,0,0,0,0,0,0,0,0
58,2025-11-05,0,0,0,0,0,0,0,0,0,0,0,2,0,0,0,0
58,2025-11-06,0,0,0,0,0,0,0,1,0,0,0,1,0,0,0,0
58,2025-11-07,0,0,0,0,0,0,0,0,0,0,0,2,0,0,0,3
58,2025-11-08,0,0,0,0,0,0,0,0,0,0,1,1,0,0,0,0
58,2025-11-09,0,0,0,0,0,0,0,0,0,0,2,6,0,0,0,0
58,2025-11-10,0,0,0,0,0,0,0,1,0,0,2,6,0,0,0,1
58,2025-11-11,0,0,0,0,0,0,0,0,0,0,1,4,0,0,0,1
58,2025-11-12,0,0,0,0,0,0,0,0,0,0,0,1,0,0,0,0
58,2025-11-13,0,0,4,0,0,0,0,1,0,0,9,23,0,0,0,4
58,2025-11-14,0,1,9,0,0,0,0,1,0,0,22,26,0,0,0,4
58,2025-11-15,0,0,22,12,0,0,0,6,0,0,21,28,0,0,0,5
58,2025-11-16,1,4,23,12,0,0,1,3,0,0,8,14,0,0,0,17
58,2025-11-17,0,0,0,0,0,0,0,0,0,0,2,7,0,0,0,0
58,2025-11-18,0,0,0,0,0,0,0,0,0,0,2,5,0,0,0,0
58,2025-11-19,0,0,0,1,0,0,0,0,0,0,13,5,0,0,0,0
58,2025-11-20,0,0,2,7,0,0,0,0,0,0,55,21,0,0,0,2
58,2025-11-21,0,0,4,5,0,0,0,12,0,0,38,10,0,0,0,1
58,2025-11-22,0,0,10,9,0,0,0,7,0,0,24,14,0,0,0,4
58,2025-11-23,0,1,5,13,0,0,0,7,0,0,49,16,0,0,0,4
58,2025-11-24,1,0,21,18,0,0,1,3,0,0,66,19,0,0,0,1
58,2025-11-25,2,3,22,6,0,0,3,7,0,0,133,37,0,0,0,10
58,2025-11-26,3,6,50,33,0,0,1,16,0,1,61,40,0,0,0,16
58,2025-11-27,1,2,55,35,0,0,6,18,0,0,47,35,0,0,0,6
58,2025-11-28,1,0,31,14,0,0,0,13,0,0,34,44,0,0,0,7
58,2025-11-29,5,5,73,45,0,0,0,10,0,0,82,64,0,0,0,19
58,2025-11-30,0,6,78,65,0,0,7,20,0,0,104,85,0,0,0,11
58,2025-12-01,0,0,6,1,0,0,0,1,0,0,10,44,0,0,0,10
58,2025-12-02,1,1,62,49,0,0,5,14,0,0,40,49,0,0,0,15
58,2025-12-03,1,0,28,34,0,0,1,10,0,0,41,31,0,0,0,0
58,2025-12-04,4,1,36,12,0,0,2,6,0,0,36,56,0,0,0,6
58,2025-12-05,3,3,29,9,0,0,0,5,0,0,77,92,0,0,0,9
58,2025-12-06,4,5,73,50,0,0,0,15,0,0,108,87,0,0,0,14
58,2025-12-07,1,2,79,57,0,0,1,15,0,0,56,41,0,0,0,15
58,2025-12-08,0,3,38,22,0,0,0,13,0,0,35,40,0,0,0,10
58,2025-12-09,0,4,17,16,0,0,0,14,0,0,38,38,0,0,0,15
58,2025-12-10,0,8,63,47,0,0,4,7,0,1,69,64,0,0,0,18
58,2025-12-11,4,1,4,1,0,0,0,0,0,0,92,70,0,0,0,17
58,2025-12-12,0,1,1,0,0,0,0,1,0,2,52,84,0,0,0,15
58,2025-12-13,3,1,0,3,0,0,0,3,0,0,55,22,0,0,0,3
58,2025-12-14,0,1,0,2,0,0,0,1,0,0,26,27,0,0,0,10
58,2025-12-15,3,0,9,24,0,0,2,1,0,0,43,75,0,0,0,11
58,2025-12-16,4,2,34,57,0,0,0,9,0,0,95,109,0,0,0,12
58,2025-12-17,5,3,41,88,0,0,1,11,0,2,102,80,0,0,0,10
58,2025-12-18,10,1,13,63,0,0,0,5,0,1,37,36,0,0,0,13
58,2025-12-19,2,2,9,53,0,0,0,2,0,0,49,34,0,0,0,7
58,2025-12-20,6,5,16,33,0,0,0,7,0,1,43,66,0,0,0,5
58,2025-12-21,5,6,16,39,0,0,0,11,0,1,54,55,0,0,0,9
58,2025-12-22,4,10,43,71,0,0,3,12,0,1,97,109,0,0,0,10
58,2025-12-23,1,2,34,60,0,0,1,23,0,1,53,47,0,0,0,12
58,2025-12-24,1,4,16,37,0,0,1,9,0,0,55,53,0,0,0,11
58,2025-12-25,3,3,14,32,0,0,0,7,0,0,30,45,0,0,0,1
58,2025-12-26,15,2,36,48,0,0,0,14,0,1,74,82,0,0,0,22
58,2025-12-27,25,11,49,66,0,0,1,19,0,2,116,145,0,0,0,26
58,2025-12-28,29,14,85,107,0,0,3,26,0,0,92,84,0,0,0,26
58,2025-12-29,20,12,59,55,0,0,0,11,0,1,50,55,0,0,0,31
58,2025-12-30,3,7,17,17,0,0,0,1,0,1,32,66,0,0,0,1
58,2025-12-31,21,24,66,21,0,0,0,10,0,0,84,89,0,0,0,16
