province_key,analysis_date,modeled_pm25_mean_ugm3,modeled_pm25_median_ugm3,modeled_pm25_hour_count
50,2022-08-04,10.24705882352941,7.5,17
50,2022-08-05,12.083333333333334,10.95,24
50,2022-08-06,11.608333333333334,11.85,24
50,2022-08-07,11.916666666666666,10.6,24
50,2022-08-08,9.633333333333333,9.25,24
50,2022-08-09,10.283333333333333,7.4,24
50,2022-08-10,13.683333333333332,11.850000000000001,24
50,2022-08-11,12.433333333333332,13.85,24
50,2022-08-12,8.391666666666667,8.5,24
50,2022-08-13,8.866666666666667,8.05,24
50,2022-08-14,14.4625,13.399999999999999,24
50,2022-08-15,13.475,14.9,24
50,2022-08-16,12.258333333333333,12.05,24
50,2022-08-17,11.141666666666666,11.85,24
50,2022-08-18,8.3125,5.75,24
50,2022-08-19,16.0125,19.1,24
50,2022-08-20,14.549999999999999,14.75,24
50,2022-08-21,14.295833333333334,14.2,24
50,2022-08-22,8.174999999999999,6.85,24
50,2022-08-23,10.487499999999999,6.65,24
50,2022-08-24,20.554166666666667,21.6,24
50,2022-08-25,17.5,17.25,24
50,2022-08-26,13.725,10.45,24
50,2022-08-27,7.8374999999999995,5.15,24
50,2022-08-28,16.05,17.0,24
50,2022-08-29,19.445833333333333,19.200000000000003,24
50,2022-08-30,23.625,21.549999999999997,24
50,2022-08-31,19.575,23.6,24
50,2022-09-01,23.6875,19.8,24
50,2022-09-02,18.929166666666667,17.85,24
50,2022-09-03,20.279166666666665,20.200000000000003,24
50,2022-09-04,17.354166666666668,18.45,24
50,2022-09-05,16.820833333333333,15.100000000000001,24
50,2022-09-06,14.745833333333332,15.0,24
50,2022-09-07,16.754166666666666,14.6,24
50,2022-09-08,23.495833333333334,22.15,24
50,2022-09-09,15.008333333333333,12.45,24
50,2022-09-10,13.108333333333334,14.2,24
50,2022-09-11,13.095833333333333,11.4,24
50,2022-09-12,20.879166666666666,18.35,24
50,2022-09-13,19.1875,16.95,24
50,2022-09-14,15.7875,15.6,24
50,2022-09-15,16.241666666666667,16.5,24
50,2022-09-16,13.458333333333334,10.3,24
50,2022-09-17,15.545833333333334,15.7,24
50,2022-09-18,13.204166666666666,12.350000000000001,24
50,2022-09-19,13.604166666666666,11.25,24
50,2022-09-20,13.495833333333332,13.6,24
50,2022-09-21,15.429166666666667,14.5,24
50,2022-09-22,18.537499999999998,17.15,24
50,2022-09-23,13.166666666666666,12.75,24
50,2022-09-24,10.783333333333333,8.899999999999999,24
50,2022-09-25,14.220833333333333,13.6,24
50,2022-09-26,15.516666666666666,13.45,24
50,2022-09-27,17.933333333333334,18.049999999999997,24
50,2022-09-28,26.420833333333334,29.7,24
50,2022-09-29,17.779166666666665,15.3,24
50,2022-09-30,16.258333333333333,13.0,24
50,2022-10-01,11.358333333333334,11.350000000000001,24
50,2022-10-02,8.854166666666666,6.5,24
50,2022-10-03,13.9375,8.95,24
50,2022-10-04,15.345833333333333,13.5,24
50,2022-10-05,25.349999999999998,26.2,24
50,2022-10-06,29.379166666666666,31.75,24
50,2022-10-07,22.3875,24.0,24
50,2022-10-08,14.629166666666668,14.0,24
50,2022-10-09,28.65833333333333,25.0,24
50,2022-10-10,14.291666666666666,10.850000000000001,24
50,2022-10-11,20.5625,21.1,24
50,2022-10-12,32.84166666666667,33.2,24
50,2022-10-13,31.8,35.0,24
50,2022-10-14,25.337500000000002,22.049999999999997,24
50,2022-10-15,24.316666666666666,22.75,24
50,2022-10-16,34.12083333333333,33.6,24
50,2022-10-17,25.579166666666666,28.1,24
50,2022-10-18,26.287499999999998,28.549999999999997,24
50,2022-10-19,26.579166666666666,24.5,24
50,2022-10-20,26.95,27.049999999999997,24
50,2022-10-21,27.46666666666667,29.75,24
50,2022-10-22,20.974999999999998,20.3,24
50,2022-10-23,19.287499999999998,16.049999999999997,24
50,2022-10-24,26.099999999999998,29.65,24
50,2022-10-25,30.620833333333334,34.9,24
50,2022-10-26,32.425000000000004,35.75,24
50,2022-10-27,31.854166666666668,37.5,24
50,2022-10-28,29.487499999999997,28.45,24
50,2022-10-29,19.279166666666665,21.4,24
50,2022-10-30,25.241666666666664,28.4,24
50,2022-10-31,25.195833333333336,28.7,24
50,2022-11-01,22.116666666666664,21.25,24
50,2022-11-02,27.891666666666666,31.2,24
50,2022-11-03,35.15,39.7,24
50,2022-11-04,32.954166666666666,36.099999999999994,24
50,2022-11-05,30.833333333333332,33.349999999999994,24
50,2022-11-06,27.84166666666667,32.05,24
50,2022-11-07,30.974999999999998,30.299999999999997,24
50,2022-11-08,32.112500000000004,34.2,24
50,2022-11-09,35.824999999999996,41.05,24
50,2022-11-10,36.2125,40.2,24
50,2022-11-11,33.90833333333333,37.400000000000006,24
50,2022-11-12,30.258333333333336,34.45,24
50,2022-11-13,28.40416666666667,31.85,24
50,2022-11-14,26.695833333333336,30.6,24
50,2022-11-15,28.670833333333334,20.15,24
50,2022-11-16,24.795833333333334,21.799999999999997,24
50,2022-11-17,21.974999999999998,19.200000000000003,24
50,2022-11-18,17.8125,16.35,24
50,2022-11-19,25.358333333333334,21.5,24
50,2022-11-20,29.608333333333334,22.25,24
50,2022-11-21,21.054166666666667,17.8,24
50,2022-11-22,26.78333333333333,25.9,24
50,2022-11-23,21.75,21.95,24
50,2022-11-24,23.645833333333332,24.65,24
50,2022-11-25,21.84166666666667,18.45,24
50,2022-11-26,16.929166666666667,13.95,24
50,2022-11-27,19.283333333333335,17.25,24
50,2022-11-28,19.245833333333334,18.5,24
50,2022-11-29,24.03333333333333,26.7,24
50,2022-11-30,24.7625,27.15,24
50,2022-12-01,27.929166666666664,30.25,24
50,2022-12-02,22.191666666666666,23.35,24
50,2022-12-03,22.445833333333336,21.5,24
50,2022-12-04,27.9875,30.55,24
50,2022-12-05,25.920833333333334,29.450000000000003,24
50,2022-12-06,33.5,39.4,24
50,2022-12-07,30.349999999999998,28.9,24
50,2022-12-08,29.71666666666667,31.25,24
50,2022-12-09,29.016666666666666,27.95,24
50,2022-12-10,28.291666666666668,33.25,24
50,2022-12-11,30.9375,27.25,24
50,2022-12-12,22.474999999999998,19.450000000000003,24
50,2022-12-13,17.425,21.049999999999997,24
50,2022-12-14,0.8250000000000001,0.8,24
50,2022-12-15,0.7166666666666667,0.7,24
50,2022-12-16,27.329166666666666,26.7,24
50,2022-12-17,28.079166666666666,23.6,24
50,2022-12-18,26.275000000000002,22.3,24
50,2022-12-19,27.866666666666664,26.1,24
50,2022-12-20,41.9625,41.25,24
50,2022-12-21,32.954166666666666,30.4,24
50,2022-12-22,26.570833333333336,23.2,24
50,2022-12-23,21.325,20.3,24
50,2022-12-24,23.0,22.950000000000003,24
50,2022-12-25,26.741666666666664,28.85,24
50,2022-12-26,29.4875,29.2,24
50,2022-12-27,24.958333333333332,20.25,24
50,2022-12-28,23.3875,22.9,24
50,2022-12-29,26.6375,27.299999999999997,24
50,2022-12-30,26.958333333333332,27.0,24
50,2022-12-31,26.46666666666667,26.65,24
50,2023-01-01,28.041666666666668,29.8,24
50,2023-01-02,28.200000000000003,31.650000000000002,24
50,2023-01-03,21.95,20.9,24
50,2023-01-04,26.1875,27.049999999999997,24
50,2023-01-05,24.454166666666666,26.1,24
50,2023-01-06,16.158333333333335,13.25,24
50,2023-01-07,16.104166666666668,13.75,24
50,2023-01-08,24.1375,23.45,24
50,2023-01-09,28.145833333333332,27.95,24
50,2023-01-10,28.929166666666664,30.6,24
50,2023-01-11,32.25416666666667,30.75,24
50,2023-01-12,23.4875,24.15,24
50,2023-01-13,25.816666666666666,28.65,24
50,2023-01-14,27.004166666666666,28.1,24
50,2023-01-15,30.75,34.2,24
50,2023-01-16,28.650000000000002,30.1,24
50,2023-01-17,26.441666666666666,27.8,24
50,2023-01-18,30.383333333333336,31.15,24
50,2023-01-19,29.349999999999998,30.6,24
50,2023-01-20,30.083333333333332,30.0,24
50,2023-01-21,28.72083333333333,27.700000000000003,24
50,2023-01-22,30.420833333333334,28.049999999999997,24
50,2023-01-23,29.816666666666666,31.650000000000002,24
50,2023-01-24,34.42916666666667,37.7,24
50,2023-01-25,33.391666666666666,28.65,24
50,2023-01-26,30.383333333333336,29.6,24
50,2023-01-27,37.24583333333333,37.0,24
50,2023-01-28,30.3,34.55,24
50,2023-01-29,35.62916666666667,36.349999999999994,24
50,2023-01-30,44.4375,44.8,24
50,2023-01-31,44.62916666666666,42.35,24
50,2023-02-01,39.57083333333333,39.5,24
50,2023-02-02,42.90833333333333,41.25,24
50,2023-02-03,35.24583333333333,34.849999999999994,24
50,2023-02-04,30.141666666666666,31.1,24
50,2023-02-05,25.945833333333336,25.9,24
50,2023-02-06,19.845833333333335,20.25,24
50,2023-02-07,17.766666666666666,17.6,24
50,2023-02-08,23.28333333333333,25.049999999999997,24
50,2023-02-09,26.741666666666664,32.3,24
50,2023-02-10,24.974999999999998,29.1,24
50,2023-02-11,24.175,24.85,24
50,2023-02-12,26.90833333333333,28.5,24
50,2023-02-13,31.120833333333334,31.950000000000003,24
50,2023-02-14,36.645833333333336,36.2,24
50,2023-02-15,37.77916666666666,38.0,24
50,2023-02-16,31.245833333333334,28.2,24
50,2023-02-17,23.170833333333334,21.8,24
50,2023-02-18,25.920833333333334,25.549999999999997,24
50,2023-02-19,28.537499999999998,33.65,24
50,2023-02-20,39.170833333333334,36.1,24
50,2023-02-21,39.00833333333333,43.8,24
50,2023-02-22,36.079166666666666,38.900000000000006,24
50,2023-02-23,37.30833333333333,35.8,24
50,2023-02-24,41.6,43.25,24
50,2023-02-25,41.56666666666667,45.8,24
50,2023-02-26,33.225,33.25,24
50,2023-02-27,37.06666666666667,40.7,24
50,2023-02-28,46.9375,50.099999999999994,24
50,2023-03-01,52.737500000000004,57.6,24
50,2023-03-02,52.44166666666666,55.45,24
50,2023-03-03,40.354166666666664,42.85,24
50,2023-03-04,40.875,37.55,24
50,2023-03-05,46.89166666666667,44.2,24
50,2023-03-06,45.475,43.599999999999994,24
50,2023-03-07,44.979166666666664,45.95,24
50,2023-03-08,44.69166666666666,44.1,24
50,2023-03-09,50.50833333333333,48.5,24
50,2023-03-10,46.43333333333334,45.5,24
50,2023-03-11,51.82083333333333,50.099999999999994,24
50,2023-03-12,64.52916666666667,61.7,24
50,2023-03-13,60.15416666666667,61.2,24
50,2023-03-14,57.975,56.7,24
50,2023-03-15,45.35833333333333,44.099999999999994,24
50,2023-03-16,33.858333333333334,33.15,24
50,2023-03-17,44.19583333333333,44.05,24
50,2023-03-18,38.666666666666664,37.5,24
50,2023-03-19,39.041666666666664,39.1,24
50,2023-03-20,29.65833333333333,30.1,24
50,2023-03-21,26.724999999999998,28.75,24
50,2023-03-22,20.966666666666665,19.1,24
50,2023-03-23,19.204166666666666,21.25,24
50,2023-03-24,20.208333333333332,22.15,24
50,2023-03-25,27.84583333333333,25.5,24
50,2023-03-26,29.037499999999998,29.7,24
50,2023-03-27,29.71666666666667,29.55,24
50,2023-03-28,32.71666666666666,35.9,24
50,2023-03-29,55.04583333333333,54.55,24
50,2023-03-30,70.32083333333334,66.8,24
50,2023-03-31,48.041666666666664,46.85,24
50,2023-04-01,46.99166666666667,45.150000000000006,24
50,2023-04-02,29.96666666666667,27.049999999999997,24
50,2023-04-03,24.383333333333336,24.15,24
50,2023-04-04,26.97083333333333,27.299999999999997,24
50,2023-04-05,35.862500000000004,32.5,24
50,2023-04-06,45.699999999999996,43.1,24
50,2023-04-07,52.762499999999996,50.8,24
50,2023-04-08,45.85,45.75,24
50,2023-04-09,36.487500000000004,36.25,24
50,2023-04-10,28.879166666666666,28.55,24
50,2023-04-11,34.9625,34.0,24
50,2023-04-12,46.38333333333333,46.55,24
50,2023-04-13,39.2125,38.5,24
50,2023-04-14,29.395833333333332,29.05,24
50,2023-04-15,39.50416666666667,41.849999999999994,24
50,2023-04-16,39.96666666666667,39.7,24
50,2023-04-17,33.233333333333334,34.2,24
50,2023-04-18,31.683333333333334,30.75,24
50,2023-04-19,34.0375,32.900000000000006,24
50,2023-04-20,36.204166666666666,34.95,24
50,2023-04-21,34.604166666666664,33.4,24
50,2023-04-22,40.09166666666667,38.65,24
50,2023-04-23,32.074999999999996,31.45,24
50,2023-04-24,31.425,29.95,24
50,2023-04-25,30.02916666666667,32.3,24
50,2023-04-26,30.145833333333332,30.299999999999997,24
50,2023-04-27,33.141666666666666,33.2,24
50,2023-04-28,23.55,22.65,24
50,2023-04-29,19.495833333333334,19.65,24
50,2023-04-30,26.125,25.85,24
50,2023-05-01,26.816666666666666,26.1,24
50,2023-05-02,22.5625,24.700000000000003,24
50,2023-05-03,25.96666666666667,24.45,24
50,2023-05-04,26.066666666666666,24.950000000000003,24
50,2023-05-05,22.270833333333332,22.15,24
50,2023-05-06,15.549999999999999,17.6,24
50,2023-05-07,15.3125,16.45,24
50,2023-05-08,23.054166666666664,23.1,24
50,2023-05-09,21.008333333333333,20.55,24
50,2023-05-10,18.829166666666666,18.2,24
50,2023-05-11,15.6625,14.649999999999999,24
50,2023-05-12,18.037499999999998,17.0,24
50,2023-05-13,9.345833333333333,9.6,24
50,2023-05-14,10.458333333333334,10.3,24
50,2023-05-15,11.575000000000001,9.600000000000001,24
50,2023-05-16,19.029166666666665,18.25,24
50,2023-05-17,23.09583333333333,23.450000000000003,24
50,2023-05-18,23.099999999999998,22.8,24
50,2023-05-19,24.287499999999998,25.55,24
50,2023-05-20,19.108333333333334,20.65,24
50,2023-05-21,20.458333333333332,21.45,24
50,2023-05-22,19.966666666666665,19.65,24
50,2023-05-23,18.504166666666666,17.4,24
50,2023-05-24,19.729166666666668,18.299999999999997,24
50,2023-05-25,20.45,20.55,24
50,2023-05-26,17.625,21.0,24
50,2023-05-27,17.920833333333334,19.15,24
50,2023-05-28,20.037499999999998,19.7,24
50,2023-05-29,29.708333333333332,28.85,24
50,2023-05-30,26.691666666666666,24.15,24
50,2023-05-31,17.354166666666668,13.65,24
50,2023-06-01,11.083333333333334,12.3,24
50,2023-06-02,12.700000000000001,12.5,24
50,2023-06-03,14.816666666666668,14.45,24
50,2023-06-04,14.4375,13.15,24
50,2023-06-05,11.333333333333334,11.899999999999999,24
50,2023-06-06,16.175,16.25,24
50,2023-06-07,13.674999999999999,11.7,24
50,2023-06-08,14.929166666666667,15.2,24
50,2023-06-09,13.137500000000001,12.45,24
50,2023-06-10,18.891666666666666,21.1,24
50,2023-06-11,17.245833333333334,17.4,24
50,2023-06-12,15.9,15.149999999999999,24
50,2023-06-13,11.0625,9.2,24
50,2023-06-14,7.529166666666666,5.95,24
50,2023-06-15,11.333333333333334,11.7,24
50,2023-06-16,15.320833333333333,16.55,24
50,2023-06-17,12.887500000000001,11.55,24
50,2023-06-18,11.316666666666668,12.05,24
50,2023-06-19,11.575000000000001,11.350000000000001,24
50,2023-06-20,10.604166666666666,8.350000000000001,24
50,2023-06-21,10.033333333333333,8.85,24
50,2023-06-22,10.6875,8.600000000000001,24
50,2023-06-23,10.637500000000001,9.75,24
50,2023-06-24,11.283333333333333,12.35,24
50,2023-06-25,12.700000000000001,13.55,24
50,2023-06-26,12.191666666666668,12.25,24
50,2023-06-27,12.320833333333333,12.85,24
50,2023-06-28,12.870833333333332,11.3,24
50,2023-06-29,14.2875,13.9,24
50,2023-06-30,12.620833333333332,11.3,24
50,2023-07-01,16.166666666666668,16.200000000000003,24
50,2023-07-02,10.4375,10.45,24
50,2023-07-03,6.683333333333334,7.7,24
50,2023-07-04,5.4875,5.85,24
50,2023-07-05,6.575,6.05,24
50,2023-07-06,7.958333333333333,6.95,24
50,2023-07-07,9.708333333333334,9.25,24
50,2023-07-08,13.4,13.649999999999999,24
50,2023-07-09,13.025,10.95,24
50,2023-07-10,10.654166666666667,9.55,24
50,2023-07-11,9.8125,10.25,24
50,2023-07-12,8.8125,9.4,24
50,2023-07-13,8.679166666666667,9.55,24
50,2023-07-14,8.4,7.6,24
50,2023-07-15,8.645833333333334,9.25,24
50,2023-07-16,7.120833333333334,5.699999999999999,24
50,2023-07-17,11.304166666666667,10.45,24
50,2023-07-18,11.049999999999999,11.05,24
50,2023-07-19,11.220833333333333,11.149999999999999,24
50,2023-07-20,12.054166666666667,11.0,24
50,2023-07-21,13.979166666666666,13.15,24
50,2023-07-22,11.929166666666667,11.7,24
50,2023-07-23,15.570833333333333,16.9,24
50,2023-07-24,15.304166666666667,15.25,24
50,2023-07-25,15.6,15.2,24
50,2023-07-26,9.762500000000001,9.2,24
50,2023-07-27,6.008333333333333,6.15,24
50,2023-07-28,4.4624999999999995,4.4,24
50,2023-07-29,6.416666666666667,5.6,24
50,2023-07-30,6.091666666666666,4.85,24
50,2023-07-31,5.075,4.95,24
50,2023-08-01,4.979166666666667,3.7,24
50,2023-08-02,7.704166666666667,7.0,24
50,2023-08-03,7.616666666666667,6.949999999999999,24
50,2023-08-04,7.8625,7.449999999999999,24
50,2023-08-05,7.354166666666667,6.4,24
50,2023-08-06,7.454166666666667,6.9,24
50,2023-08-07,5.9375,5.7,24
50,2023-08-08,5.883333333333333,5.65,24
50,2023-08-09,5.295833333333333,4.55,24
50,2023-08-10,10.579166666666667,9.0,24
50,2023-08-11,11.629166666666668,10.100000000000001,24
50,2023-08-12,14.533333333333333,13.95,24
50,2023-08-13,16.745833333333334,15.0,24
50,2023-08-14,14.333333333333334,11.899999999999999,24
50,2023-08-15,13.375,11.399999999999999,24
50,2023-08-16,12.137500000000001,12.45,24
50,2023-08-17,11.054166666666667,11.9,24
50,2023-08-18,12.841666666666667,11.55,24
50,2023-08-19,13.112499999999999,12.75,24
50,2023-08-20,17.925,17.0,24
50,2023-08-21,12.633333333333333,11.600000000000001,24
50,2023-08-22,10.304166666666667,7.55,24
50,2023-08-23,13.0625,12.55,24
50,2023-08-24,10.545833333333333,10.1,24
50,2023-08-25,9.6625,9.6,24
50,2023-08-26,7.341666666666666,7.9,24
50,2023-08-27,7.308333333333334,7.199999999999999,24
50,2023-08-28,8.183333333333334,7.4,24
50,2023-08-29,11.904166666666667,11.95,24
50,2023-08-30,10.704166666666666,10.45,24
50,2023-08-31,10.083333333333334,8.8,24
50,2023-09-01,16.05,15.8,24
50,2023-09-02,12.658333333333333,9.8,24
50,2023-09-03,21.504166666666666,21.35,24
50,2023-09-04,21.945833333333336,21.5,24
50,2023-09-05,11.108333333333334,9.5,24
50,2023-09-06,9.820833333333333,6.95,24
50,2023-09-07,12.429166666666667,11.8,24
50,2023-09-08,14.379166666666668,13.45,24
50,2023-09-09,9.879166666666666,8.85,24
50,2023-09-10,10.420833333333333,10.2,24
50,2023-09-11,8.804166666666667,7.05,24
50,2023-09-12,8.291666666666666,6.6,24
50,2023-09-13,8.8125,6.05,24
50,2023-09-14,12.745833333333332,11.850000000000001,24
50,2023-09-15,8.408333333333333,7.0,24
50,2023-09-16,9.645833333333334,8.25,24
50,2023-09-17,10.983333333333334,10.05,24
50,2023-09-18,7.379166666666666,5.5,24
50,2023-09-19,10.070833333333333,8.25,24
50,2023-09-20,13.033333333333333,10.6,24
50,2023-09-21,20.641666666666666,21.299999999999997,24
50,2023-09-22,17.2,19.4,24
50,2023-09-23,16.941666666666666,17.3,24
50,2023-09-24,18.349999999999998,18.65,24
50,2023-09-25,14.966666666666667,12.2,24
50,2023-09-26,17.462500000000002,15.0,24
50,2023-09-27,17.379166666666666,17.4,24
50,2023-09-28,10.112499999999999,7.15,24
50,2023-09-29,9.304166666666667,8.25,24
50,2023-09-30,7.316666666666666,6.25,24
50,2023-10-01,9.141666666666667,6.85,24
50,2023-10-02,12.645833333333334,11.95,24
50,2023-10-03,12.595833333333333,12.350000000000001,24
50,2023-10-04,13.854166666666666,12.55,24
50,2023-10-05,19.508333333333333,20.6,24
50,2023-10-06,14.325000000000001,14.25,24
50,2023-10-07,12.862499999999999,12.6,24
50,2023-10-08,10.608333333333333,9.95,24
50,2023-10-09,10.695833333333333,10.2,24
50,2023-10-10,14.3375,15.85,24
50,2023-10-11,14.716666666666667,13.45,24
50,2023-10-12,14.700000000000001,14.4,24
50,2023-10-13,11.375,11.399999999999999,24
50,2023-10-14,11.725,10.45,24
50,2023-10-15,13.166666666666666,13.25,24
50,2023-10-16,13.479166666666666,10.95,24
50,2023-10-17,19.1375,13.2,24
50,2023-10-18,28.308333333333334,27.25,24
50,2023-10-19,19.908333333333335,19.25,24
50,2023-10-20,23.420833333333334,24.05,24
50,2023-10-21,14.720833333333333,14.05,24
50,2023-10-22,15.895833333333334,15.55,24
50,2023-10-23,19.120833333333334,17.7,24
50,2023-10-24,27.224999999999998,24.95,24
50,2023-10-25,17.104166666666668,16.15,24
50,2023-10-26,19.5,19.4,24
50,2023-10-27,14.512500000000001,14.15,24
50,2023-10-28,12.454166666666666,12.9,24
50,2023-10-29,14.6,13.649999999999999,24
50,2023-10-30,9.741666666666667,9.0,24
50,2023-10-31,14.216666666666667,13.25,24
50,2023-11-01,21.575,19.049999999999997,24
50,2023-11-02,25.724999999999998,25.450000000000003,24
50,2023-11-03,17.425,17.0,24
50,2023-11-04,23.175,24.0,24
50,2023-11-05,24.15416666666667,24.1,24
50,2023-11-06,23.03333333333333,23.0,24
50,2023-11-07,23.445833333333336,23.700000000000003,24
50,2023-11-08,23.275000000000002,22.1,24
50,2023-11-09,28.2,24.049999999999997,24
50,2023-11-10,32.083333333333336,29.7,24
50,2023-11-11,31.683333333333334,28.6,24
50,2023-11-12,30.55,31.1,24
50,2023-11-13,15.445833333333333,12.9,24
50,2023-11-14,12.7875,10.2,24
50,2023-11-15,20.645833333333332,15.75,24
50,2023-11-16,20.920833333333334,21.65,24
50,2023-11-17,11.383333333333333,9.8,24
50,2023-11-18,19.087500000000002,17.299999999999997,24
50,2023-11-19,15.862499999999999,14.3,24
50,2023-11-20,18.325,14.850000000000001,24
50,2023-11-21,25.491666666666664,24.65,24
50,2023-11-22,31.6875,30.6,24
50,2023-11-23,30.662499999999998,33.5,24
50,2023-11-24,23.816666666666666,23.75,24
50,2023-11-25,19.587500000000002,16.75,24
50,2023-11-26,17.162499999999998,16.55,24
50,2023-11-27,16.662499999999998,16.1,24
50,2023-11-28,17.875,13.850000000000001,24
50,2023-11-29,23.620833333333334,18.45,24
50,2023-11-30,30.079166666666666,26.9,24
50,2023-12-01,23.058333333333334,21.85,24
50,2023-12-02,15.65,15.15,24
50,2023-12-03,13.120833333333332,11.399999999999999,24
50,2023-12-04,18.641666666666666,14.850000000000001,24
50,2023-12-05,20.208333333333332,19.55,24
50,2023-12-06,14.641666666666666,13.1,24
50,2023-12-07,14.566666666666668,13.25,24
50,2023-12-08,12.450000000000001,12.2,24
50,2023-12-09,19.833333333333332,20.4,24
50,2023-12-10,17.708333333333332,17.85,24
50,2023-12-11,20.108333333333334,20.35,24
50,2023-12-12,23.8125,23.4,24
50,2023-12-13,27.599999999999998,28.450000000000003,24
50,2023-12-14,25.383333333333336,25.700000000000003,24
50,2023-12-15,22.6125,22.5,24
50,2023-12-16,21.875,20.299999999999997,24
50,2023-12-17,23.545833333333334,21.1,24
50,2023-12-18,26.991666666666664,25.3,24
50,2023-12-19,27.02916666666667,24.35,24
50,2023-12-20,26.525000000000002,26.0,24
50,2023-12-21,22.054166666666664,20.4,24
50,2023-12-22,18.224999999999998,18.25,24
50,2023-12-23,17.508333333333333,17.200000000000003,24
50,2023-12-24,16.033333333333335,17.3,24
50,2023-12-25,18.270833333333332,18.35,24
50,2023-12-26,27.241666666666664,27.3,24
50,2023-12-27,24.40416666666667,23.0,24
50,2023-12-28,23.425,20.75,24
50,2023-12-29,23.462500000000002,20.9,24
50,2023-12-30,22.808333333333334,22.5,24
50,2023-12-31,21.158333333333335,20.9,24
50,2024-01-01,21.245833333333334,21.950000000000003,24
50,2024-01-02,16.820833333333333,16.8,24
50,2024-01-03,20.375,17.75,24
50,2024-01-04,21.025000000000002,20.799999999999997,24
50,2024-01-05,16.658333333333335,16.0,24
50,2024-01-06,18.645833333333332,18.5,24
50,2024-01-07,18.620833333333334,18.1,24
50,2024-01-08,18.570833333333333,18.1,24
50,2024-01-09,15.258333333333333,15.3,24
50,2024-01-10,15.133333333333333,16.1,24
50,2024-01-11,17.170833333333334,18.05,24
50,2024-01-12,15.666666666666666,14.9,24
50,2024-01-13,16.570833333333333,15.850000000000001,24
50,2024-01-14,22.820833333333336,22.25,24
50,2024-01-15,16.304166666666667,17.5,24
50,2024-01-16,19.150000000000002,17.950000000000003,24
50,2024-01-17,16.941666666666666,15.25,24
50,2024-01-18,20.099999999999998,19.450000000000003,24
50,2024-01-19,13.504166666666668,13.15,24
50,2024-01-20,14.966666666666667,14.85,24
50,2024-01-21,14.583333333333334,14.5,24
50,2024-01-22,19.216666666666665,16.9,24
50,2024-01-23,19.2,17.2,24
50,2024-01-24,17.595833333333335,16.65,24
50,2024-01-25,26.05,24.8,24
50,2024-01-26,16.520833333333332,16.4,24
50,2024-01-27,17.412499999999998,17.15,24
50,2024-01-28,15.345833333333333,14.5,24
50,2024-01-29,15.916666666666666,15.7,24
50,2024-01-30,15.191666666666668,14.6,24
50,2024-01-31,12.708333333333334,14.45,24
50,2024-02-01,13.395833333333334,13.05,24
50,2024-02-02,12.237499999999999,11.15,24
50,2024-02-03,14.833333333333334,12.9,24
50,2024-02-04,23.5125,22.65,24
50,2024-02-05,18.758333333333333,17.9,24
50,2024-02-06,18.695833333333333,18.450000000000003,24
50,2024-02-07,20.920833333333334,20.15,24
50,2024-02-08,24.537499999999998,24.15,24
50,2024-02-09,24.275000000000002,21.200000000000003,24
50,2024-02-10,24.666666666666668,25.549999999999997,24
50,2024-02-11,37.15,37.3,24
50,2024-02-12,37.09166666666667,35.9,24
50,2024-02-13,22.337500000000002,22.15,24
50,2024-02-14,19.974999999999998,18.7,24
50,2024-02-15,24.120833333333334,23.4,24
50,2024-02-16,22.641666666666666,21.85,24
50,2024-02-17,19.358333333333334,18.25,24
50,2024-02-18,15.708333333333334,14.350000000000001,24
50,2024-02-19,15.933333333333332,13.85,24
50,2024-02-20,14.808333333333332,12.75,24
50,2024-02-21,17.620833333333334,14.8,24
50,2024-02-22,20.625,18.35,24
50,2024-02-23,16.920833333333334,17.15,24
50,2024-02-24,19.6375,18.3,24
50,2024-02-25,23.116666666666664,20.05,24
50,2024-02-26,30.224999999999998,33.0,24
50,2024-02-27,29.129166666666666,29.5,24
50,2024-02-28,20.808333333333334,18.95,24
50,2024-02-29,15.270833333333334,14.350000000000001,24
50,2024-03-01,19.016666666666666,16.25,24
50,2024-03-02,21.84583333333333,19.799999999999997,24
50,2024-03-03,18.191666666666666,18.0,24
50,2024-03-04,15.420833333333334,14.3,24
50,2024-03-05,22.958333333333332,22.5,24
50,2024-03-06,30.97083333333333,28.1,24
50,2024-03-07,40.475,37.599999999999994,24
50,2024-03-08,34.3125,32.45,24
50,2024-03-09,18.679166666666667,16.9,24
50,2024-03-10,20.254166666666666,19.35,24
50,2024-03-11,19.391666666666666,17.15,24
50,2024-03-12,20.108333333333334,17.9,24
50,2024-03-13,14.4125,12.85,24
50,2024-03-14,30.52916666666667,25.700000000000003,24
50,2024-03-15,47.520833333333336,46.099999999999994,24
50,2024-03-16,44.96666666666667,48.3,24
50,2024-03-17,40.1,42.2,24
50,2024-03-18,33.954166666666666,33.35,24
50,2024-03-19,44.47083333333333,42.55,24
50,2024-03-20,26.933333333333334,27.2,24
50,2024-03-21,25.645833333333332,21.85,24
50,2024-03-22,22.1125,18.85,24
50,2024-03-23,15.525,14.100000000000001,24
50,2024-03-24,15.8125,14.85,24
50,2024-03-25,19.974999999999998,16.05,24
50,2024-03-26,26.4875,24.700000000000003,24
50,2024-03-27,24.287499999999998,24.75,24
50,2024-03-28,21.041666666666668,21.0,24
50,2024-03-29,23.420833333333334,20.75,24
50,2024-03-30,25.433333333333334,22.7,24
50,2024-03-31,32.791666666666664,32.2,24
50,2024-04-01,29.229166666666668,28.35,24
50,2024-04-02,28.6375,27.4,24
50,2024-04-03,36.90416666666667,41.4,24
50,2024-04-04,30.254166666666666,30.3,24
50,2024-04-05,33.65833333333333,34.25,24
50,2024-04-06,36.74583333333333,36.0,24
50,2024-04-07,35.858333333333334,35.55,24
50,2024-04-08,34.15416666666667,35.8,24
50,2024-04-09,37.65,36.05,24
50,2024-04-10,42.74166666666667,43.4,24
50,2024-04-11,41.329166666666666,42.45,24
50,2024-04-12,30.170833333333334,30.5,24
50,2024-04-13,33.86666666666667,33.55,24
50,2024-04-14,25.9375,26.05,24
50,2024-04-15,26.483333333333334,26.8,24
50,2024-04-16,26.3625,25.35,24
50,2024-04-17,20.7375,19.9,24
50,2024-04-18,27.383333333333336,29.6,24
50,2024-04-19,30.675,29.95,24
50,2024-04-20,25.650000000000002,23.7,24
50,2024-04-21,23.2375,23.45,24
50,2024-04-22,25.120833333333334,25.4,24
50,2024-04-23,27.266666666666666,27.5,24
50,2024-04-24,24.695833333333336,23.95,24
50,2024-04-25,26.816666666666666,25.700000000000003,24
50,2024-04-26,22.291666666666668,21.9,24
50,2024-04-27,30.195833333333336,31.6,24
50,2024-04-28,30.566666666666666,32.45,24
50,2024-04-29,26.683333333333334,26.1,24
50,2024-04-30,24.650000000000002,24.4,24
50,2024-05-01,26.870833333333334,27.4,24
50,2024-05-02,35.09166666666667,35.2,24
50,2024-05-03,29.070833333333336,29.6,24
50,2024-05-04,26.375,26.15,24
50,2024-05-05,21.691666666666666,20.65,24
50,2024-05-06,26.704166666666666,23.200000000000003,24
50,2024-05-07,35.34583333333334,36.150000000000006,24
50,2024-05-08,33.791666666666664,34.900000000000006,24
50,2024-05-09,29.325,29.35,24
50,2024-05-10,21.97083333333333,23.2,24
50,2024-05-11,22.612499999999997,21.9,24
50,2024-05-12,18.458333333333332,18.65,24
50,2024-05-13,23.400000000000002,24.05,24
50,2024-05-14,19.6125,20.05,24
50,2024-05-15,19.204166666666666,18.200000000000003,24
50,2024-05-16,27.15833333333333,27.6,24
50,2024-05-17,22.21666666666667,22.549999999999997,24
50,2024-05-18,17.441666666666666,16.8,24
50,2024-05-19,18.670833333333334,17.95,24
50,2024-05-20,15.35,16.1,24
50,2024-05-21,13.783333333333333,13.149999999999999,24
50,2024-05-22,11.4125,8.3,24
50,2024-05-23,15.85,15.15,24
50,2024-05-24,7.841666666666666,8.1,24
50,2024-05-25,6.091666666666666,6.5,24
50,2024-05-26,5.595833333333334,4.8,24
50,2024-05-27,6.929166666666667,6.25,24
50,2024-05-28,8.958333333333334,7.199999999999999,24
50,2024-05-29,12.354166666666666,10.85,24
50,2024-05-30,16.474999999999998,13.65,24
50,2024-05-31,20.8625,18.25,24
50,2024-06-01,14.245833333333332,13.3,24
50,2024-06-02,7.6499999999999995,5.6,24
50,2024-06-03,9.737499999999999,8.7,24
50,2024-06-04,13.25,10.9,24
50,2024-06-05,15.579166666666666,15.35,24
50,2024-06-06,10.758333333333333,9.899999999999999,24
50,2024-06-07,10.0,6.949999999999999,24
50,2024-06-08,13.283333333333333,10.65,24
50,2024-06-09,15.883333333333333,15.85,24
50,2024-06-10,12.058333333333332,10.9,24
50,2024-06-11,8.1,6.7,24
50,2024-06-12,6.695833333333333,5.7,24
50,2024-06-13,7.25,6.6,24
50,2024-06-14,6.083333333333333,5.45,24
50,2024-06-15,11.4125,8.3,24
50,2024-06-16,15.0,14.85,24
50,2024-06-17,12.470833333333333,13.35,24
50,2024-06-18,10.15,9.9,24
50,2024-06-19,8.941666666666666,7.8,24
50,2024-06-20,8.3375,8.149999999999999,24
50,2024-06-21,10.6,8.350000000000001,24
50,2024-06-22,14.054166666666667,13.45,24
50,2024-06-23,14.391666666666666,12.2,24
50,2024-06-24,13.700000000000001,13.8,24
50,2024-06-25,14.191666666666668,11.9,24
50,2024-06-26,8.708333333333334,7.5,24
50,2024-06-27,6.9875,5.35,24
50,2024-06-28,11.104166666666666,9.149999999999999,24
50,2024-06-29,10.6875,10.2,24
50,2024-06-30,8.970833333333333,7.25,24
50,2024-07-01,8.391666666666667,7.3,24
50,2024-07-02,10.470833333333333,8.4,24
50,2024-07-03,10.404166666666667,9.75,24
50,2024-07-04,10.095833333333333,9.45,24
50,2024-07-05,11.845833333333333,10.55,24
50,2024-07-06,12.033333333333333,11.9,24
50,2024-07-07,8.341666666666667,7.8,24
50,2024-07-08,7.6875,6.25,24
50,2024-07-09,12.820833333333333,10.55,24
50,2024-07-10,16.2625,14.6,24
50,2024-07-11,10.954166666666666,10.4,24
50,2024-07-12,11.554166666666667,10.85,24
50,2024-07-13,10.933333333333332,11.5,24
50,2024-07-14,9.987499999999999,9.2,24
50,2024-07-15,13.733333333333334,11.9,24
50,2024-07-16,11.625,8.05,24
50,2024-07-17,12.395833333333334,11.35,24
50,2024-07-18,14.483333333333334,12.1,24
50,2024-07-19,10.195833333333333,7.6,24
50,2024-07-20,10.154166666666667,10.2,24
50,2024-07-21,8.1625,6.95,24
50,2024-07-22,10.016666666666667,7.95,24
50,2024-07-23,9.908333333333333,10.0,24
50,2024-07-24,8.595833333333333,7.7,24
50,2024-07-25,6.070833333333333,5.75,24
50,2024-07-26,5.841666666666666,5.949999999999999,24
50,2024-07-27,6.270833333333333,5.2,24
50,2024-07-28,7.0375000000000005,6.75,24
50,2024-07-29,7.6875,5.9,24
50,2024-07-30,7.9125000000000005,7.15,24
50,2024-07-31,6.5125,6.0,24
50,2024-08-01,5.770833333333333,4.95,24
50,2024-08-02,6.925,6.5,24
50,2024-08-03,9.475,8.850000000000001,24
50,2024-08-04,11.495833333333332,10.649999999999999,24
50,2024-08-05,11.112499999999999,10.649999999999999,24
50,2024-08-06,11.929166666666667,9.899999999999999,24
50,2024-08-07,12.5,9.55,24
50,2024-08-08,15.033333333333333,11.4,24
50,2024-08-09,17.416666666666668,17.3,24
50,2024-08-10,12.191666666666668,11.350000000000001,24
50,2024-08-11,12.870833333333332,11.75,24
50,2024-08-12,17.1125,17.049999999999997,24
50,2024-08-13,11.854166666666666,9.45,24
50,2024-08-14,12.975,12.35,24
50,2024-08-15,11.429166666666667,8.149999999999999,24
50,2024-08-16,14.183333333333332,13.35,24
50,2024-08-17,11.254166666666668,10.2,24
50,2024-08-18,9.883333333333333,10.4,24
50,2024-08-19,13.591666666666667,13.1,24
50,2024-08-20,16.495833333333334,16.5,24
50,2024-08-21,13.020833333333334,11.45,24
50,2024-08-22,9.783333333333333,10.0,24
50,2024-08-23,8.416666666666666,6.15,24
50,2024-08-24,10.75,9.600000000000001,24
50,2024-08-25,13.025,10.55,24
50,2024-08-26,13.995833333333332,10.05,24
50,2024-08-27,16.833333333333332,15.799999999999999,24
50,2024-08-28,13.058333333333332,10.7,24
50,2024-08-29,9.591666666666667,6.6,24
50,2024-08-30,11.966666666666667,12.25,24
50,2024-08-31,13.7875,11.45,24
50,2024-09-01,14.950000000000001,13.05,24
50,2024-09-02,16.441666666666666,12.7,24
50,2024-09-03,21.479166666666668,23.95,24
50,2024-09-04,19.412499999999998,18.25,24
50,2024-09-05,13.070833333333333,12.25,24
50,2024-09-06,12.370833333333332,10.8,24
50,2024-09-07,9.979166666666666,8.8,24
50,2024-09-08,7.175,5.800000000000001,24
50,2024-09-09,9.125,8.55,24
50,2024-09-10,6.066666666666666,5.75,24
50,2024-09-11,5.875,5.25,24
50,2024-09-12,9.454166666666667,7.85,24
50,2024-09-13,12.079166666666666,10.3,24
50,2024-09-14,14.679166666666667,12.35,24
50,2024-09-15,18.6375,19.1,24
50,2024-09-16,19.224999999999998,17.700000000000003,24
50,2024-09-17,18.470833333333335,17.049999999999997,24
50,2024-09-18,20.179166666666667,16.75,24
50,2024-09-19,22.608333333333334,23.4,24
50,2024-09-20,24.479166666666668,22.15,24
50,2024-09-21,22.025000000000002,20.5,24
50,2024-09-22,15.275,15.100000000000001,24
50,2024-09-23,12.299999999999999,9.65,24
50,2024-09-24,13.120833333333332,12.350000000000001,24
50,2024-09-25,11.295833333333334,11.1,24
50,2024-09-26,10.395833333333334,9.45,24
50,2024-09-27,19.150000000000002,15.55,24
50,2024-09-28,26.770833333333332,27.55,24
50,2024-09-29,24.1875,24.4,24
50,2024-09-30,18.45416666666667,17.1,24
50,2024-10-01,14.012500000000001,12.35,24
50,2024-10-02,11.975,11.649999999999999,24
50,2024-10-03,9.995833333333334,9.45,24
50,2024-10-04,10.504166666666666,5.95,24
50,2024-10-05,16.329166666666666,13.55,24
50,2024-10-06,28.245833333333334,25.5,24
50,2024-10-07,29.204166666666666,31.4,24
50,2024-10-08,26.337500000000002,25.0,24
50,2024-10-09,30.445833333333336,29.35,24
50,2024-10-10,23.308333333333334,23.25,24
50,2024-10-11,21.220833333333335,20.55,24
50,2024-10-12,30.2625,28.65,24
50,2024-10-13,33.8875,35.1,24
50,2024-10-14,21.087500000000002,20.7,24
50,2024-10-15,23.108333333333334,22.450000000000003,24
50,2024-10-16,23.708333333333332,22.35,24
50,2024-10-17,15.808333333333332,12.45,24
50,2024-10-18,24.129166666666666,23.35,24
50,2024-10-19,23.287499999999998,25.4,24
50,2024-10-20,17.162499999999998,15.55,24
50,2024-10-21,13.816666666666668,12.5,24
50,2024-10-22,16.625,16.05,24
50,2024-10-23,15.441666666666668,13.1,24
50,2024-10-24,24.608333333333334,24.05,24
50,2024-10-25,21.316666666666666,21.15,24
50,2024-10-26,16.320833333333333,15.85,24
50,2024-10-27,14.137500000000001,13.35,24
50,2024-10-28,14.525,12.15,24
50,2024-10-29,17.341666666666665,14.15,24
50,2024-10-30,24.541666666666668,23.9,24
50,2024-10-31,25.141666666666666,25.4,24
50,2024-11-01,23.641666666666666,23.15,24
50,2024-11-02,19.875,19.299999999999997,24
50,2024-11-03,23.604166666666668,20.05,24
50,2024-11-04,18.008333333333333,15.7,24
50,2024-11-05,17.841666666666665,17.65,24
50,2024-11-06,11.450000000000001,11.6,24
50,2024-11-07,14.4375,14.8,24
50,2024-11-08,15.729166666666666,13.95,24
50,2024-11-09,22.400000000000002,24.05,24
50,2024-11-10,23.6875,20.25,24
50,2024-11-11,23.754166666666666,21.35,24
50,2024-11-12,27.916666666666668,26.450000000000003,24
50,2024-11-13,32.025,33.599999999999994,24
50,2024-11-14,23.96666666666667,20.55,24
50,2024-11-15,19.599999999999998,19.15,24
50,2024-11-16,21.570833333333336,19.450000000000003,24
50,2024-11-17,19.2,17.35,24
50,2024-11-18,24.620833333333334,25.5,24
50,2024-11-19,24.070833333333336,20.549999999999997,24
50,2024-11-20,26.88333333333333,24.6,24
50,2024-11-21,27.329166666666666,24.7,24
50,2024-11-22,27.21666666666667,26.85,24
50,2024-11-23,22.183333333333334,20.5,24
50,2024-11-24,29.525000000000002,24.2,24
50,2024-11-25,33.108333333333334,35.35,24
50,2024-11-26,30.825,28.35,24
50,2024-11-27,29.833333333333332,31.049999999999997,24
50,2024-11-28,19.754166666666666,12.5,24
50,2024-11-29,27.808333333333334,26.200000000000003,24
50,2024-11-30,30.6125,34.8,24
50,2024-12-01,27.474999999999998,25.1,24
50,2024-12-02,32.4125,33.8,24
50,2024-12-03,28.47083333333333,29.3,24
50,2024-12-04,31.520833333333332,28.6,24
50,2024-12-05,31.241666666666664,31.8,24
50,2024-12-06,22.979166666666668,26.8,24
50,2024-12-07,25.741666666666664,22.5,24
50,2024-12-08,33.391666666666666,38.599999999999994,24
50,2024-12-09,35.36666666666667,38.45,24
50,2024-12-10,32.42916666666667,34.15,24
50,2024-12-11,29.09583333333333,28.3,24
50,2024-12-12,27.070833333333336,26.7,24
50,2024-12-13,22.2375,20.700000000000003,24
50,2024-12-14,27.974999999999998,30.05,24
50,2024-12-15,15.424999999999999,14.5,24
50,2024-12-16,19.575,16.700000000000003,24
50,2024-12-17,25.0625,26.25,24
50,2024-12-18,25.545833333333334,27.700000000000003,24
50,2024-12-19,31.400000000000002,32.8,24
50,2024-12-20,35.166666666666664,39.3,24
50,2024-12-21,33.84583333333333,38.45,24
50,2024-12-22,38.81666666666667,41.099999999999994,24
50,2024-12-23,41.483333333333334,45.9,24
50,2024-12-24,37.99583333333333,39.0,24
50,2024-12-25,28.71666666666667,29.15,24
50,2024-12-26,30.491666666666664,29.65,24
50,2024-12-27,23.9375,24.0,24
50,2024-12-28,18.545833333333334,16.1,24
50,2024-12-29,25.145833333333332,21.15,24
50,2024-12-30,32.354166666666664,34.35,24
50,2024-12-31,33.03333333333333,38.45,24
50,2025-01-01,31.525000000000002,35.400000000000006,24
50,2025-01-02,37.3375,38.6,24
50,2025-01-03,33.19166666666667,37.7,24
50,2025-01-04,25.883333333333336,25.25,24
50,2025-01-05,38.02916666666667,39.25,24
50,2025-01-06,33.1625,32.8,24
50,2025-01-07,35.862500000000004,36.9,24
50,2025-01-08,37.55833333333333,39.75,24
50,2025-01-09,35.25416666666667,30.3,24
50,2025-01-10,38.09166666666667,39.5,24
50,2025-01-11,23.55,26.450000000000003,24
50,2025-01-12,24.6125,23.55,24
50,2025-01-13,24.683333333333334,23.299999999999997,24
50,2025-01-14,28.087500000000002,26.2,24
50,2025-01-15,25.433333333333334,24.1,24
50,2025-01-16,15.204166666666666,13.8,24
50,2025-01-17,27.433333333333334,22.799999999999997,24
50,2025-01-18,34.37916666666667,36.0,24
50,2025-01-19,32.916666666666664,35.65,24
50,2025-01-20,31.825000000000003,33.85,24
50,2025-01-21,26.2625,25.15,24
50,2025-01-22,28.683333333333334,28.3,24
50,2025-01-23,35.275,35.7,24
50,2025-01-24,29.09583333333333,34.2,24
50,2025-01-25,28.045833333333334,28.4,24
50,2025-01-26,27.579166666666666,26.85,24
50,2025-01-27,33.3125,33.45,24
50,2025-01-28,41.391666666666666,40.15,24
50,2025-01-29,33.1625,39.05,24
50,2025-01-30,33.02916666666667,31.8,24
50,2025-01-31,22.829166666666666,25.35,24
50,2025-02-01,22.162499999999998,25.9,24
50,2025-02-02,25.370833333333334,26.4,24
50,2025-02-03,30.2375,30.0,24
50,2025-02-04,28.15833333333333,27.0,24
50,2025-02-05,32.78333333333333,30.9,24
50,2025-02-06,33.90416666666667,34.0,24
50,2025-02-07,32.3375,35.75,24
50,2025-02-08,40.237500000000004,40.099999999999994,24
50,2025-02-09,28.479166666666668,30.1,24
50,2025-02-10,23.183333333333334,24.0,24
50,2025-02-11,28.645833333333332,28.8,24
50,2025-02-12,23.866666666666664,25.75,24
50,2025-02-13,27.05,30.85,24
50,2025-02-14,25.6375,27.15,24
50,2025-02-15,37.27916666666667,36.9,24
50,2025-02-16,33.47083333333333,35.15,24
50,2025-02-17,35.275,34.4,24
50,2025-02-18,39.03333333333333,37.9,24
50,2025-02-19,43.06666666666666,42.2,24
50,2025-02-20,40.766666666666666,36.85,24
50,2025-02-21,35.61666666666667,36.150000000000006,24
50,2025-02-22,33.645833333333336,32.75,24
50,2025-02-23,34.925,33.4,24
50,2025-02-24,31.84166666666667,33.65,24
50,2025-02-25,27.145833333333332,25.15,24
50,2025-02-26,29.070833333333336,30.3,24
50,2025-02-27,25.44583333333333,27.6,24
50,2025-02-28,25.650000000000002,29.549999999999997,24
50,2025-03-01,26.1125,29.3,24
50,2025-03-02,23.370833333333334,24.35,24
50,2025-03-03,29.224999999999998,28.0,24
50,2025-03-04,35.612500000000004,33.55,24
50,2025-03-05,41.61666666666667,41.7,24
50,2025-03-06,33.27916666666667,38.400000000000006,24
50,2025-03-07,34.30416666666667,33.599999999999994,24
50,2025-03-08,34.612500000000004,34.3,24
50,2025-03-09,31.308333333333334,37.0,24
50,2025-03-10,34.59166666666667,39.2,24
50,2025-03-11,32.612500000000004,31.1,24
50,2025-03-12,42.59166666666667,45.5,24
50,2025-03-13,31.325,31.35,24
50,2025-03-14,33.96666666666667,32.45,24
50,2025-03-15,41.050000000000004,45.150000000000006,24
50,2025-03-16,45.62916666666666,47.95,24
50,2025-03-17,56.76666666666667,54.05,24
50,2025-03-18,39.0625,35.599999999999994,24
50,2025-03-19,65.675,60.3,24
50,2025-03-20,67.38333333333334,63.0,24
50,2025-03-21,68.56666666666666,59.85,24
50,2025-03-22,91.17916666666667,99.2,24
50,2025-03-23,75.93333333333334,83.5,24
50,2025-03-24,63.42916666666667,68.25,24
50,2025-03-25,39.108333333333334,40.25,24
50,2025-03-26,28.320833333333336,34.650000000000006,24
50,2025-03-27,35.887499999999996,39.3,24
50,2025-03-28,36.59166666666667,37.8,24
50,2025-03-29,63.02916666666667,63.8,24
50,2025-03-30,57.04583333333333,53.85,24
50,2025-03-31,34.4375,33.95,24
50,2025-04-01,42.97083333333333,44.05,24
50,2025-04-02,36.50833333333333,38.7,24
50,2025-04-03,54.25833333333333,49.7,24
50,2025-04-04,57.987500000000004,48.599999999999994,24
50,2025-04-05,39.44583333333333,43.85,24
50,2025-04-06,33.983333333333334,29.049999999999997,24
50,2025-04-07,29.620833333333334,27.55,24
50,2025-04-08,24.541666666666668,27.049999999999997,24
50,2025-04-09,41.737500000000004,40.4,24
50,2025-04-10,54.93333333333334,56.05,24
50,2025-04-11,34.61666666666667,25.5,24
50,2025-04-12,16.775000000000002,16.3,24
50,2025-04-13,17.108333333333334,13.5,24
50,2025-04-14,22.175,21.05,24
50,2025-04-15,28.791666666666668,24.85,24
50,2025-04-16,22.59583333333333,20.4,24
50,2025-04-17,15.2125,12.3,24
50,2025-04-18,16.183333333333334,19.15,24
50,2025-04-19,22.666666666666668,20.7,24
50,2025-04-20,23.920833333333334,19.3,24
50,2025-04-21,22.333333333333332,19.5,24
50,2025-04-22,21.204166666666666,23.15,24
50,2025-04-23,27.337500000000002,28.45,24
50,2025-04-24,33.75,38.05,24
50,2025-04-25,35.449999999999996,38.05,24
50,2025-04-26,34.75416666666667,34.599999999999994,24
50,2025-04-27,28.454166666666666,27.15,24
50,2025-04-28,18.6375,17.75,24
50,2025-04-29,14.891666666666666,14.9,24
50,2025-04-30,15.241666666666667,15.5,24
50,2025-05-01,14.766666666666666,13.45,24
50,2025-05-02,16.608333333333334,17.450000000000003,24
50,2025-05-03,19.016666666666666,18.1,24
50,2025-05-04,19.337500000000002,20.0,24
50,2025-05-05,16.179166666666667,17.6,24
50,2025-05-06,17.254166666666666,15.55,24
50,2025-05-07,13.420833333333334,12.65,24
50,2025-05-08,19.895833333333332,18.0,24
50,2025-05-09,22.59583333333333,21.35,24
50,2025-05-10,30.633333333333336,29.6,24
50,2025-05-11,25.03333333333333,24.8,24
50,2025-05-12,15.916666666666666,12.1,24
50,2025-05-13,21.75,19.0,24
50,2025-05-14,24.25,21.7,24
50,2025-05-15,11.470833333333333,8.45,24
50,2025-05-16,22.599999999999998,23.1,24
50,2025-05-17,11.0875,8.7,24
50,2025-05-18,12.141666666666666,12.25,24
50,2025-05-19,16.325,15.7,24
50,2025-05-20,24.745833333333334,22.15,24
50,2025-05-21,20.041666666666668,18.450000000000003,24
50,2025-05-22,15.475,15.649999999999999,24
50,2025-05-23,11.979166666666666,10.45,24
50,2025-05-24,16.316666666666666,15.05,24
50,2025-05-25,12.0,10.899999999999999,24
50,2025-05-26,13.291666666666666,8.75,24
50,2025-05-27,14.145833333333334,11.4,24
50,2025-05-28,11.262500000000001,9.75,24
50,2025-05-29,12.279166666666667,12.2,24
50,2025-05-30,12.075000000000001,9.55,24
50,2025-05-31,6.8875,5.050000000000001,24
50,2025-06-01,8.325000000000001,7.15,24
50,2025-06-02,10.045833333333333,11.55,24
50,2025-06-03,13.141666666666666,9.1,24
50,2025-06-04,27.483333333333334,24.9,24
50,2025-06-05,27.0625,25.25,24
50,2025-06-06,30.379166666666666,28.55,24
50,2025-06-07,21.900000000000002,16.05,24
50,2025-06-08,16.020833333333332,18.15,24
50,2025-06-09,16.708333333333332,14.55,24
50,2025-06-10,12.674999999999999,11.7,24
50,2025-06-11,10.745833333333332,9.3,24
50,2025-06-12,15.0375,14.4,24
50,2025-06-13,15.183333333333332,19.55,24
50,2025-06-14,13.258333333333333,13.6,24
50,2025-06-15,10.454166666666667,10.75,24
50,2025-06-16,8.804166666666667,5.25,24
50,2025-06-17,14.883333333333333,16.65,24
50,2025-06-18,12.166666666666666,8.85,24
50,2025-06-19,16.129166666666666,18.35,24
50,2025-06-20,17.966666666666665,17.9,24
50,2025-06-21,16.191666666666666,17.2,24
50,2025-06-22,11.541666666666666,8.2,24
50,2025-06-23,9.049999999999999,6.9,24
50,2025-06-24,10.579166666666667,6.550000000000001,24
50,2025-06-25,18.508333333333333,20.5,24
50,2025-06-26,19.516666666666666,19.9,24
50,2025-06-27,14.633333333333333,12.149999999999999,24
50,2025-06-28,12.120833333333332,11.45,24
50,2025-06-29,13.766666666666666,15.8,24
50,2025-06-30,11.9125,9.850000000000001,24
50,2025-07-01,15.470833333333333,13.100000000000001,24
50,2025-07-02,17.204166666666666,15.6,24
50,2025-07-03,19.900000000000002,19.7,24
50,2025-07-04,19.045833333333334,16.75,24
50,2025-07-05,18.962500000000002,19.5,24
50,2025-07-06,15.5875,11.649999999999999,24
50,2025-07-07,12.375,8.25,24
50,2025-07-08,18.458333333333332,22.65,24
50,2025-07-09,15.8375,18.0,24
50,2025-07-10,19.0,18.450000000000003,24
50,2025-07-11,20.004166666666666,18.15,24
50,2025-07-12,20.783333333333335,20.0,24
50,2025-07-13,16.879166666666666,15.8,24
50,2025-07-14,17.991666666666667,15.15,24
50,2025-07-15,20.474999999999998,24.1,24
50,2025-07-16,11.575000000000001,9.55,24
50,2025-07-17,15.245833333333332,14.65,24
50,2025-07-18,12.987499999999999,10.3,24
50,2025-07-19,16.120833333333334,16.700000000000003,24
50,2025-07-20,16.754166666666666,15.4,24
50,2025-07-21,11.525,9.15,24
50,2025-07-22,15.008333333333333,16.95,24
50,2025-07-23,7.970833333333334,6.15,24
50,2025-07-24,5.558333333333334,4.85,24
50,2025-07-25,7.7749999999999995,5.800000000000001,24
50,2025-07-26,8.679166666666667,5.6,24
50,2025-07-27,9.683333333333334,9.9,24
50,2025-07-28,9.245833333333334,8.850000000000001,24
50,2025-07-29,11.304166666666667,7.1,24
50,2025-07-30,13.762500000000001,11.45,24
50,2025-07-31,17.908333333333335,17.65,24
50,2025-08-01,18.729166666666668,22.25,24
50,2025-08-02,18.970833333333335,22.4,24
50,2025-08-03,21.65416666666667,25.35,24
50,2025-08-04,17.087500000000002,22.5,24
50,2025-08-05,14.795833333333334,15.85,24
50,2025-08-06,11.904166666666667,11.399999999999999,24
50,2025-08-07,8.75,6.75,24
50,2025-08-08,14.358333333333334,9.55,24
50,2025-08-09,21.1375,23.299999999999997,24
50,2025-08-10,15.679166666666667,18.8,24
50,2025-08-11,15.304166666666667,16.2,24
50,2025-08-12,9.9,7.75,24
50,2025-08-13,10.862499999999999,6.300000000000001,24
50,2025-08-14,15.1,12.8,24
50,2025-08-15,14.35,8.95,24
50,2025-08-16,10.420833333333333,7.5,24
50,2025-08-17,9.741666666666667,8.8,24
50,2025-08-18,13.9125,12.45,24
50,2025-08-19,13.816666666666668,11.2,24
50,2025-08-20,15.2125,13.399999999999999,24
50,2025-08-21,16.166666666666668,11.0,24
50,2025-08-22,14.241666666666667,14.100000000000001,24
50,2025-08-23,8.758333333333333,8.95,24
50,2025-08-24,9.091666666666667,6.800000000000001,24
50,2025-08-25,16.183333333333334,12.899999999999999,24
50,2025-08-26,14.954166666666666,11.4,24
50,2025-08-27,10.895833333333334,6.949999999999999,24
50,2025-08-28,14.545833333333334,13.25,24
50,2025-08-29,20.054166666666667,21.85,24
50,2025-08-30,17.379166666666666,17.0,24
50,2025-08-31,14.508333333333333,12.4,24
50,2025-09-01,14.137500000000001,9.55,24
50,2025-09-02,15.308333333333332,11.55,24
50,2025-09-03,14.329166666666666,12.25,24
50,2025-09-04,16.545833333333334,12.2,24
50,2025-09-05,17.412499999999998,12.35,24
50,2025-09-06,22.3,22.8,24
50,2025-09-07,30.645833333333332,27.5,24
50,2025-09-08,25.84583333333333,21.25,24
50,2025-09-09,17.629166666666666,15.8,24
50,2025-09-10,9.383333333333333,9.7,24
50,2025-09-11,8.129166666666666,5.949999999999999,24
50,2025-09-12,9.570833333333333,6.0,24
50,2025-09-13,14.333333333333334,12.4,24
50,2025-09-14,15.258333333333333,16.0,24
50,2025-09-15,20.162499999999998,22.7,24
50,2025-09-16,17.8625,12.9,24
50,2025-09-17,26.3125,26.75,24
50,2025-09-18,24.320833333333336,21.6,24
50,2025-09-19,15.325000000000001,11.15,24
50,2025-09-20,15.725,16.65,24
50,2025-09-21,10.545833333333333,5.35,24
50,2025-09-22,11.383333333333333,9.149999999999999,24
50,2025-09-23,8.529166666666667,8.649999999999999,24
50,2025-09-24,9.104166666666666,7.8,24
50,2025-09-25,14.041666666666666,10.2,24
50,2025-09-26,14.554166666666667,12.55,24
50,2025-09-27,11.325000000000001,11.35,24
50,2025-09-28,11.845833333333333,8.75,24
50,2025-09-29,10.745833333333332,9.25,24
50,2025-09-30,7.458333333333333,6.95,24
50,2025-10-01,7.395833333333333,3.8499999999999996,24
50,2025-10-02,12.791666666666666,13.75,24
50,2025-10-03,11.779166666666667,10.4,24
50,2025-10-04,14.520833333333334,15.5,24
50,2025-10-05,14.345833333333333,12.899999999999999,24
50,2025-10-06,14.4375,12.2,24
50,2025-10-07,19.358333333333334,20.0,24
50,2025-10-08,14.4,11.75,24
50,2025-10-09,15.341666666666667,9.6,24
50,2025-10-10,18.333333333333332,12.6,24
50,2025-10-11,25.3875,27.6,24
50,2025-10-12,24.991666666666664,28.0,24
50,2025-10-13,27.616666666666664,28.6,24
50,2025-10-14,27.195833333333336,25.299999999999997,24
50,2025-10-15,15.641666666666666,15.15,24
50,2025-10-16,12.658333333333333,12.3,24
50,2025-10-17,20.645833333333332,16.25,24
50,2025-10-18,22.804166666666664,21.5,24
50,2025-10-19,16.954166666666666,18.950000000000003,24
50,2025-10-20,21.420833333333334,20.549999999999997,24
50,2025-10-21,21.683333333333334,19.75,24
50,2025-10-22,15.454166666666666,14.95,24
50,2025-10-23,17.1125,15.4,24
50,2025-10-24,22.5125,17.9,24
50,2025-10-25,27.829166666666666,30.05,24
50,2025-10-26,23.78333333333333,29.1,24
50,2025-10-27,23.72083333333333,23.9,24
50,2025-10-28,17.470833333333335,13.25,24
50,2025-10-29,18.045833333333334,16.35,24
50,2025-10-30,20.304166666666667,18.05,24
50,2025-10-31,22.379166666666666,21.1,24
50,2025-11-01,11.895833333333334,10.649999999999999,24
50,2025-11-02,11.766666666666666,9.45,24
50,2025-11-03,14.579166666666666,11.5,24
50,2025-11-04,15.991666666666667,11.55,24
50,2025-11-05,22.308333333333334,14.899999999999999,24
50,2025-11-06,34.68333333333333,36.150000000000006,24
50,2025-11-07,27.704166666666666,27.950000000000003,24
50,2025-11-08,22.09583333333333,21.15,24
50,2025-11-09,10.916666666666666,7.4,24
50,2025-11-10,11.758333333333333,9.25,24
50,2025-11-11,18.604166666666668,15.85,24
50,2025-11-12,30.1125,29.35,24
50,2025-11-13,30.358333333333334,28.25,24
50,2025-11-14,19.358333333333334,18.1,24
50,2025-11-15,28.7,31.25,24
50,2025-11-16,22.275000000000002,23.7,24
50,2025-11-17,14.758333333333333,9.9,24
50,2025-11-18,21.933333333333334,23.65,24
50,2025-11-19,11.916666666666666,12.65,24
50,2025-11-20,14.683333333333332,14.05,24
50,2025-11-21,15.637500000000001,12.05,24
50,2025-11-22,18.404166666666665,11.9,24
50,2025-11-23,23.508333333333336,18.35,24
50,2025-11-24,18.787499999999998,19.1,24
50,2025-11-25,11.3125,8.65,24
50,2025-11-26,20.145833333333332,16.2,24
50,2025-11-27,17.695833333333333,16.0,24
50,2025-11-28,14.041666666666666,12.55,24
50,2025-11-29,17.933333333333334,13.7,24
50,2025-11-30,28.59583333333333,24.950000000000003,24
50,2025-12-01,30.625,25.55,24
50,2025-12-02,32.75833333333333,31.05,24
50,2025-12-03,29.116666666666664,27.55,24
50,2025-12-04,24.604166666666668,23.799999999999997,24
50,2025-12-05,26.041666666666668,23.9,24
50,2025-12-06,31.599999999999998,31.700000000000003,24
50,2025-12-07,31.866666666666664,36.7,24
50,2025-12-08,31.275000000000002,33.65,24
50,2025-12-09,33.612500000000004,35.9,24
50,2025-12-10,28.46666666666667,28.4,24
50,2025-12-11,28.912499999999998,28.75,24
50,2025-12-12,33.30833333333333,32.25,24
50,2025-12-13,32.86666666666667,36.599999999999994,24
50,2025-12-14,23.90416666666667,23.65,24
50,2025-12-15,23.583333333333332,21.7,24
50,2025-12-16,24.295833333333334,26.85,24
50,2025-12-17,21.287499999999998,20.05,24
50,2025-12-18,21.8875,16.7,24
50,2025-12-19,28.662499999999998,28.9,24
50,2025-12-20,28.291666666666668,31.2,24
50,2025-12-21,22.520833333333332,22.6,24
50,2025-12-22,21.34166666666667,20.95,24
50,2025-12-23,19.508333333333333,20.55,24
50,2025-12-24,22.0,26.25,24
50,2025-12-25,28.683333333333334,26.4,24
50,2025-12-26,23.608333333333334,25.15,24
50,2025-12-27,22.03333333333333,25.65,24
50,2025-12-28,25.520833333333332,30.049999999999997,24
50,2025-12-29,29.84166666666667,32.2,24
50,2025-12-30,23.412499999999998,22.05,24
50,2025-12-31,26.0625,31.0,24
51,2022-08-04,4.117647058823529,3.6,17
51,2022-08-05,4.579166666666667,5.25,24
51,2022-08-06,4.620833333333334,4.1,24
51,2022-08-07,4.6000000000000005,4.35,24
51,2022-08-08,3.9625,3.8,24
51,2022-08-09,4.916666666666667,3.5,24
51,2022-08-10,8.279166666666667,7.199999999999999,24
51,2022-08-11,7.004166666666666,6.5,24
51,2022-08-12,3.954166666666667,3.9,24
51,2022-08-13,4.6125,4.15,24
51,2022-08-14,7.683333333333334,6.75,24
51,2022-08-15,7.558333333333334,7.7,24
51,2022-08-16,5.820833333333333,5.4,24
51,2022-08-17,7.095833333333334,7.25,24
51,2022-08-18,4.845833333333333,4.75,24
51,2022-08-19,7.108333333333333,6.5,24
51,2022-08-20,8.120833333333334,8.25,24
51,2022-08-21,8.316666666666666,8.6,24
51,2022-08-22,4.808333333333334,4.65,24
51,2022-08-23,5.091666666666667,3.45,24
51,2022-08-24,11.854166666666666,13.25,24
51,2022-08-25,9.554166666666667,9.0,24
51,2022-08-26,6.204166666666667,5.5,24
51,2022-08-27,4.458333333333333,3.55,24
51,2022-08-28,11.200000000000001,11.3,24
51,2022-08-29,15.445833333333333,14.100000000000001,24
51,2022-08-30,14.433333333333332,12.1,24
51,2022-08-31,9.516666666666667,9.95,24
51,2022-09-01,15.275,14.649999999999999,24
51,2022-09-02,16.316666666666666,14.8,24
51,2022-09-03,12.0,10.350000000000001,24
51,2022-09-04,10.341666666666667,10.95,24
51,2022-09-05,8.737499999999999,9.45,24
51,2022-09-06,9.691666666666666,9.3,24
51,2022-09-07,10.908333333333333,10.350000000000001,24
51,2022-09-08,17.3625,16.5,24
51,2022-09-09,9.433333333333334,9.5,24
51,2022-09-10,6.041666666666667,5.85,24
51,2022-09-11,6.825,6.35,24
51,2022-09-12,11.1625,9.0,24
51,2022-09-13,13.883333333333333,11.4,24
51,2022-09-14,7.8,7.2,24
51,2022-09-15,8.195833333333333,8.5,24
51,2022-09-16,7.25,6.1,24
51,2022-09-17,8.645833333333334,8.45,24
51,2022-09-18,7.879166666666666,7.7,24
51,2022-09-19,5.820833333333333,5.6,24
51,2022-09-20,8.85,8.55,24
51,2022-09-21,10.558333333333334,10.149999999999999,24
51,2022-09-22,13.458333333333334,13.85,24
51,2022-09-23,8.375,8.350000000000001,24
51,2022-09-24,6.858333333333333,6.05,24
51,2022-09-25,8.566666666666666,8.75,24
51,2022-09-26,8.041666666666666,8.3,24
51,2022-09-27,9.362499999999999,9.149999999999999,24
51,2022-09-28,17.333333333333332,17.3,24
51,2022-09-29,13.3125,12.9,24
51,2022-09-30,8.891666666666667,8.5,24
51,2022-10-01,5.416666666666667,5.45,24
51,2022-10-02,5.4375,4.95,24
51,2022-10-03,8.304166666666667,6.5,24
51,2022-10-04,9.979166666666666,9.2,24
51,2022-10-05,16.4375,16.0,24
51,2022-10-06,21.0625,22.200000000000003,24
51,2022-10-07,13.729166666666666,12.95,24
51,2022-10-08,10.166666666666666,9.75,24
51,2022-10-09,20.341666666666665,21.75,24
51,2022-10-10,8.525,7.25,24
51,2022-10-11,13.258333333333333,12.0,24
51,2022-10-12,23.775000000000002,24.05,24
51,2022-10-13,22.8,24.0,24
51,2022-10-14,19.45,18.95,24
51,2022-10-15,20.054166666666667,20.05,24
51,2022-10-16,18.079166666666666,17.55,24
51,2022-10-17,18.191666666666666,17.450000000000003,24
51,2022-10-18,23.025000000000002,24.8,24
51,2022-10-19,24.179166666666664,23.75,24
51,2022-10-20,23.675,21.7,24
51,2022-10-21,20.287499999999998,21.85,24
51,2022-10-22,14.475,12.25,24
51,2022-10-23,13.379166666666668,11.95,24
51,2022-10-24,21.4875,18.950000000000003,24
51,2022-10-25,22.641666666666666,22.8,24
51,2022-10-26,24.837500000000002,28.049999999999997,24
51,2022-10-27,21.195833333333333,22.6,24
51,2022-10-28,18.8125,14.850000000000001,24
51,2022-10-29,16.095833333333335,14.45,24
51,2022-10-30,24.691666666666666,26.700000000000003,24
51,2022-10-31,21.412499999999998,22.4,24
51,2022-11-01,18.183333333333334,19.4,24
51,2022-11-02,20.6875,22.700000000000003,24
51,2022-11-03,21.2625,20.85,24
51,2022-11-04,20.333333333333332,21.2,24
51,2022-11-05,21.0125,22.85,24
51,2022-11-06,23.349999999999998,24.45,24
51,2022-11-07,24.016666666666666,21.3,24
51,2022-11-08,23.916666666666668,24.3,24
51,2022-11-09,24.920833333333334,27.75,24
51,2022-11-10,25.575,24.75,24
51,2022-11-11,24.787499999999998,28.25,24
51,2022-11-12,23.316666666666666,24.8,24
51,2022-11-13,21.420833333333334,24.25,24
51,2022-11-14,20.099999999999998,21.15,24
51,2022-11-15,18.845833333333335,14.35,24
51,2022-11-16,16.820833333333333,16.4,24
51,2022-11-17,18.641666666666666,16.8,24
51,2022-11-18,14.379166666666668,14.35,24
51,2022-11-19,16.891666666666666,17.1,24
51,2022-11-20,19.0,17.5,24
51,2022-11-21,15.858333333333334,15.55,24
51,2022-11-22,20.008333333333333,18.0,24
51,2022-11-23,16.7375,19.35,24
51,2022-11-24,18.495833333333334,19.5,24
51,2022-11-25,15.516666666666666,13.2,24
51,2022-11-26,8.208333333333334,7.55,24
51,2022-11-27,10.079166666666667,9.5,24
51,2022-11-28,12.854166666666666,11.1,24
51,2022-11-29,16.483333333333334,16.45,24
51,2022-11-30,22.7,23.6,24
51,2022-12-01,22.099999999999998,22.5,24
51,2022-12-02,16.529166666666665,15.75,24
51,2022-12-03,20.833333333333332,20.7,24
51,2022-12-04,22.166666666666668,21.6,24
51,2022-12-05,18.325,21.75,24
51,2022-12-06,24.400000000000002,26.5,24
51,2022-12-07,25.275000000000002,23.65,24
51,2022-12-08,23.954166666666666,23.65,24
51,2022-12-09,27.195833333333336,26.15,24
51,2022-12-10,22.683333333333334,23.65,24
51,2022-12-11,25.162499999999998,23.6,24
51,2022-12-12,16.829166666666666,15.0,24
51,2022-12-13,15.4625,18.15,24
51,2022-12-14,0.8208333333333333,0.8,24
51,2022-12-15,0.7041666666666666,0.7,24
51,2022-12-16,18.833333333333332,19.25,24
51,2022-12-17,22.474999999999998,19.9,24
51,2022-12-18,22.370833333333334,19.950000000000003,24
51,2022-12-19,19.329166666666666,19.85,24
51,2022-12-20,26.09166666666667,28.5,24
51,2022-12-21,25.037499999999998,22.9,24
51,2022-12-22,21.558333333333334,20.2,24
51,2022-12-23,17.745833333333334,16.6,24
51,2022-12-24,19.712500000000002,19.4,24
51,2022-12-25,20.95,21.05,24
51,2022-12-26,21.375,20.65,24
51,2022-12-27,20.166666666666668,16.3,24
51,2022-12-28,16.466666666666665,16.55,24
51,2022-12-29,21.579166666666666,19.0,24
51,2022-12-30,21.070833333333333,21.299999999999997,24
51,2022-12-31,21.9375,17.8,24
51,2023-01-01,18.754166666666666,19.5,24
51,2023-01-02,20.05,21.95,24
51,2023-01-03,19.741666666666667,19.1,24
51,2023-01-04,20.716666666666665,23.8,24
51,2023-01-05,17.579166666666666,19.950000000000003,24
51,2023-01-06,13.3125,13.7,24
51,2023-01-07,12.75,13.5,24
51,2023-01-08,19.779166666666665,19.75,24
51,2023-01-09,21.575,23.5,24
51,2023-01-10,22.354166666666668,24.55,24
51,2023-01-11,26.116666666666664,25.9,24
51,2023-01-12,19.9125,20.75,24
51,2023-01-13,15.379166666666668,15.75,24
51,2023-01-14,17.599999999999998,17.05,24
51,2023-01-15,21.650000000000002,23.05,24
51,2023-01-16,21.825,22.4,24
51,2023-01-17,19.683333333333334,17.7,24
51,2023-01-18,21.258333333333333,22.55,24
51,2023-01-19,20.325,19.5,24
51,2023-01-20,22.775000000000002,21.45,24
51,2023-01-21,23.25,22.45,24
51,2023-01-22,25.4375,25.15,24
51,2023-01-23,25.15833333333333,25.4,24
51,2023-01-24,25.05,25.299999999999997,24
51,2023-01-25,16.162499999999998,15.4,24
51,2023-01-26,23.474999999999998,21.65,24
51,2023-01-27,28.45,26.85,24
51,2023-01-28,17.5125,16.25,24
51,2023-01-29,19.912499999999998,19.65,24
51,2023-01-30,28.02916666666667,27.95,24
51,2023-01-31,30.420833333333334,32.65,24
51,2023-02-01,34.19583333333333,34.099999999999994,24
51,2023-02-02,37.916666666666664,37.9,24
51,2023-02-03,32.604166666666664,32.6,24
51,2023-02-04,31.754166666666666,30.1,24
51,2023-02-05,24.40833333333333,25.4,24
51,2023-02-06,19.6125,19.05,24
51,2023-02-07,16.054166666666667,16.55,24
51,2023-02-08,17.279166666666665,16.4,24
51,2023-02-09,23.895833333333332,25.65,24
51,2023-02-10,22.079166666666666,23.6,24
51,2023-02-11,20.358333333333334,20.799999999999997,24
51,2023-02-12,23.545833333333334,25.0,24
51,2023-02-13,26.695833333333336,28.700000000000003,24
51,2023-02-14,35.99583333333333,32.45,24
51,2023-02-15,39.387499999999996,38.55,24
51,2023-02-16,26.058333333333334,25.0,24
51,2023-02-17,20.875,19.6,24
51,2023-02-18,22.833333333333332,21.45,24
51,2023-02-19,19.912499999999998,22.05,24
51,2023-02-20,31.391666666666666,28.450000000000003,24
51,2023-02-21,29.329166666666666,30.95,24
51,2023-02-22,28.079166666666666,29.15,24
51,2023-02-23,28.525000000000002,25.5,24
51,2023-02-24,34.78333333333333,33.55,24
51,2023-02-25,28.991666666666664,30.299999999999997,24
51,2023-02-26,20.341666666666665,18.1,24
51,2023-02-27,26.0125,22.5,24
51,2023-02-28,35.30416666666667,36.15,24
51,2023-03-01,44.45416666666667,44.25,24
51,2023-03-02,44.5625,46.85,24
51,2023-03-03,33.35,33.7,24
51,2023-03-04,35.574999999999996,33.7,24
51,2023-03-05,39.829166666666666,38.6,24
51,2023-03-06,35.074999999999996,33.8,24
51,2023-03-07,37.24583333333333,37.5,24
51,2023-03-08,38.199999999999996,39.400000000000006,24
51,2023-03-09,40.854166666666664,41.45,24
51,2023-03-10,35.7125,34.95,24
51,2023-03-11,42.1125,45.45,24
51,2023-03-12,56.92083333333333,61.7,24
51,2023-03-13,51.72083333333333,51.650000000000006,24
51,2023-03-14,46.0,41.7,24
51,2023-03-15,32.449999999999996,33.2,24
51,2023-03-16,27.59583333333333,27.85,24
51,2023-03-17,40.84583333333333,41.15,24
51,2023-03-18,28.579166666666666,28.049999999999997,24
51,2023-03-19,28.370833333333334,27.8,24
51,2023-03-20,26.929166666666664,26.75,24
51,2023-03-21,18.883333333333333,19.5,24
51,2023-03-22,13.924999999999999,14.45,24
51,2023-03-23,13.358333333333334,13.05,24
51,2023-03-24,13.475,14.1,24
51,2023-03-25,21.170833333333334,20.4,24
51,2023-03-26,20.370833333333334,20.9,24
51,2023-03-27,21.84583333333333,21.4,24
51,2023-03-28,21.629166666666666,20.75,24
51,2023-03-29,28.8875,28.2,24
51,2023-03-30,34.34166666666667,30.6,24
51,2023-03-31,31.983333333333334,33.099999999999994,24
51,2023-04-01,37.37916666666667,34.65,24
51,2023-04-02,22.320833333333336,22.7,24
51,2023-04-03,15.158333333333333,14.7,24
51,2023-04-04,16.354166666666668,16.4,24
51,2023-04-05,28.129166666666666,26.049999999999997,24
51,2023-04-06,42.80416666666667,38.6,24
51,2023-04-07,47.93333333333334,45.8,24
51,2023-04-08,38.108333333333334,36.95,24
51,2023-04-09,31.7625,33.7,24
51,2023-04-10,24.320833333333336,24.200000000000003,24
51,2023-04-11,23.691666666666666,22.0,24
51,2023-04-12,37.69583333333333,38.8,24
51,2023-04-13,35.733333333333334,34.45,24
51,2023-04-14,25.979166666666668,25.8,24
51,2023-04-15,32.391666666666666,34.35,24
51,2023-04-16,32.925000000000004,33.5,24
51,2023-04-17,32.05833333333333,31.4,24
51,2023-04-18,35.733333333333334,34.75,24
51,2023-04-19,31.520833333333332,31.1,24
51,2023-04-20,35.72083333333333,36.75,24
51,2023-04-21,32.52916666666667,32.400000000000006,24
51,2023-04-22,33.28333333333333,33.0,24
51,2023-04-23,28.370833333333334,29.0,24
51,2023-04-24,28.675,29.0,24
51,2023-04-25,23.712500000000002,22.35,24
51,2023-04-26,26.3875,27.2,24
51,2023-04-27,33.233333333333334,32.55,24
51,2023-04-28,20.8625,22.5,24
51,2023-04-29,16.520833333333332,15.0,24
51,2023-04-30,25.46666666666667,24.35,24
51,2023-05-01,20.216666666666665,19.299999999999997,24
51,2023-05-02,21.0625,19.299999999999997,24
51,2023-05-03,24.150000000000002,26.25,24
51,2023-05-04,24.15416666666667,20.6,24
51,2023-05-05,18.625,18.15,24
51,2023-05-06,11.533333333333333,12.149999999999999,24
51,2023-05-07,9.770833333333334,8.850000000000001,24
51,2023-05-08,17.045833333333334,18.35,24
51,2023-05-09,18.125,17.85,24
51,2023-05-10,16.275000000000002,15.55,24
51,2023-05-11,15.579166666666666,13.95,24
51,2023-05-12,10.954166666666666,9.0,24
51,2023-05-13,5.0125,5.05,24
51,2023-05-14,8.441666666666666,7.15,24
51,2023-05-15,10.120833333333334,10.75,24
51,2023-05-16,12.341666666666667,13.05,24
51,2023-05-17,15.558333333333332,15.85,24
51,2023-05-18,17.233333333333334,17.7,24
51,2023-05-19,16.354166666666668,16.7,24
51,2023-05-20,13.970833333333333,13.35,24
51,2023-05-21,16.35,16.1,24
51,2023-05-22,15.0625,14.649999999999999,24
51,2023-05-23,15.674999999999999,16.0,24
51,2023-05-24,14.741666666666667,15.25,24
51,2023-05-25,15.200000000000001,15.8,24
51,2023-05-26,13.3125,13.45,24
51,2023-05-27,15.141666666666666,13.5,24
51,2023-05-28,19.345833333333335,19.25,24
51,2023-05-29,19.358333333333334,19.0,24
51,2023-05-30,17.104166666666668,17.1,24
51,2023-05-31,12.75,11.05,24
51,2023-06-01,7.441666666666666,8.600000000000001,24
51,2023-06-02,8.445833333333333,8.149999999999999,24
51,2023-06-03,9.383333333333333,9.9,24
51,2023-06-04,8.1875,9.2,24
51,2023-06-05,10.424999999999999,10.3,24
51,2023-06-06,10.591666666666667,10.1,24
51,2023-06-07,8.683333333333334,7.3,24
51,2023-06-08,8.200000000000001,8.35,24
51,2023-06-09,8.737499999999999,8.75,24
51,2023-06-10,11.616666666666667,12.850000000000001,24
51,2023-06-11,12.204166666666666,10.0,24
51,2023-06-12,9.700000000000001,9.95,24
51,2023-06-13,5.241666666666666,5.15,24
51,2023-06-14,3.654166666666667,3.1,24
51,2023-06-15,6.0625,4.75,24
51,2023-06-16,8.120833333333334,9.15,24
51,2023-06-17,7.233333333333333,8.0,24
51,2023-06-18,6.479166666666667,6.949999999999999,24
51,2023-06-19,6.4750000000000005,7.0,24
51,2023-06-20,5.641666666666667,6.6,24
51,2023-06-21,5.3625,5.550000000000001,24
51,2023-06-22,4.916666666666667,5.7,24
51,2023-06-23,5.429166666666667,6.2,24
51,2023-06-24,5.5,6.65,24
51,2023-06-25,6.941666666666666,7.8999999999999995,24
51,2023-06-26,7.404166666666666,7.2,24
51,2023-06-27,8.954166666666667,8.75,24
51,2023-06-28,12.004166666666668,12.35,24
51,2023-06-29,12.7125,12.399999999999999,24
51,2023-06-30,8.8375,8.0,24
51,2023-07-01,10.541666666666666,10.399999999999999,24
51,2023-07-02,8.170833333333333,7.55,24
51,2023-07-03,5.916666666666667,6.449999999999999,24
51,2023-07-04,3.7916666666666665,4.15,24
51,2023-07-05,4.091666666666667,3.8,24
51,2023-07-06,5.170833333333333,4.1,24
51,2023-07-07,7.354166666666667,8.15,24
51,2023-07-08,9.054166666666667,9.149999999999999,24
51,2023-07-09,9.9125,8.0,24
51,2023-07-10,11.1625,12.2,24
51,2023-07-11,8.104166666666666,8.0,24
51,2023-07-12,8.404166666666667,9.25,24
51,2023-07-13,7.075,6.300000000000001,24
51,2023-07-14,5.125,4.699999999999999,24
51,2023-07-15,7.354166666666667,7.35,24
51,2023-07-16,6.3999999999999995,5.4,24
51,2023-07-17,10.854166666666666,9.45,24
51,2023-07-18,9.575000000000001,10.05,24
51,2023-07-19,7.954166666666667,6.75,24
51,2023-07-20,8.6625,9.45,24
51,2023-07-21,12.770833333333334,12.6,24
51,2023-07-22,8.612499999999999,8.6,24
51,2023-07-23,11.616666666666667,10.7,24
51,2023-07-24,11.558333333333332,11.399999999999999,24
51,2023-07-25,11.0875,10.3,24
51,2023-07-26,7.2749999999999995,7.4,24
51,2023-07-27,5.966666666666666,6.15,24
51,2023-07-28,4.033333333333333,4.1,24
51,2023-07-29,4.316666666666666,4.1,24
51,2023-07-30,3.85,3.55,24
51,2023-07-31,3.8625000000000003,4.2,24
51,2023-08-01,3.525,2.55,24
51,2023-08-02,4.483333333333333,4.1,24
51,2023-08-03,3.3666666666666667,3.0,24
51,2023-08-04,3.641666666666667,3.5,24
51,2023-08-05,3.9,2.8499999999999996,24
51,2023-08-06,4.3500000000000005,3.95,24
51,2023-08-07,2.8625000000000003,2.55,24
51,2023-08-08,3.204166666666667,3.05,24
51,2023-08-09,2.7291666666666665,2.0,24
51,2023-08-10,6.1625000000000005,5.35,24
51,2023-08-11,8.612499999999999,8.0,24
51,2023-08-12,9.983333333333333,10.45,24
51,2023-08-13,12.345833333333333,12.25,24
51,2023-08-14,11.716666666666667,10.9,24
51,2023-08-15,8.9125,8.3,24
51,2023-08-16,8.612499999999999,8.15,24
51,2023-08-17,8.079166666666667,9.7,24
51,2023-08-18,11.879166666666668,11.8,24
51,2023-08-19,13.424999999999999,11.95,24
51,2023-08-20,17.791666666666668,16.75,24
51,2023-08-21,10.633333333333335,9.65,24
51,2023-08-22,7.004166666666666,6.85,24
51,2023-08-23,8.65,9.1,24
51,2023-08-24,7.458333333333333,8.649999999999999,24
51,2023-08-25,7.495833333333334,8.350000000000001,24
51,2023-08-26,5.5249999999999995,6.35,24
51,2023-08-27,5.279166666666667,4.95,24
51,2023-08-28,5.7375,5.0,24
51,2023-08-29,8.883333333333333,10.0,24
51,2023-08-30,7.75,6.85,24
51,2023-08-31,7.4875,6.9,24
51,2023-09-01,11.770833333333334,11.05,24
51,2023-09-02,10.283333333333333,8.4,24
51,2023-09-03,18.483333333333334,17.7,24
51,2023-09-04,16.179166666666667,16.5,24
51,2023-09-05,6.3374999999999995,5.75,24
51,2023-09-06,6.991666666666667,4.85,24
51,2023-09-07,10.333333333333334,9.6,24
51,2023-09-08,11.745833333333332,11.45,24
51,2023-09-09,6.2124999999999995,5.699999999999999,24
51,2023-09-10,6.891666666666667,6.35,24
51,2023-09-11,6.558333333333334,4.9,24
51,2023-09-12,5.5375000000000005,5.1,24
51,2023-09-13,6.008333333333333,4.85,24
51,2023-09-14,7.629166666666666,7.199999999999999,24
51,2023-09-15,8.095833333333333,7.25,24
51,2023-09-16,7.020833333333333,6.7,24
51,2023-09-17,6.945833333333333,5.1,24
51,2023-09-18,4.429166666666666,3.0,24
51,2023-09-19,6.6375,6.1,24
51,2023-09-20,10.625,9.899999999999999,24
51,2023-09-21,18.433333333333334,18.95,24
51,2023-09-22,11.579166666666666,10.45,24
51,2023-09-23,15.783333333333333,16.0,24
51,2023-09-24,17.533333333333335,17.049999999999997,24
51,2023-09-25,15.616666666666667,11.8,24
51,2023-09-26,14.25,13.399999999999999,24
51,2023-09-27,13.854166666666666,13.6,24
51,2023-09-28,8.575000000000001,7.35,24
51,2023-09-29,6.554166666666667,6.3,24
51,2023-09-30,4.575,3.95,24
51,2023-10-01,5.929166666666667,5.15,24
51,2023-10-02,6.483333333333333,5.6,24
51,2023-10-03,10.1875,10.149999999999999,24
51,2023-10-04,9.975,8.55,24
51,2023-10-05,13.795833333333334,13.7,24
51,2023-10-06,7.691666666666666,7.6,24
51,2023-10-07,6.220833333333334,4.95,24
51,2023-10-08,5.5,4.9,24
51,2023-10-09,5.179166666666666,4.4,24
51,2023-10-10,9.729166666666666,8.649999999999999,24
51,2023-10-11,11.7875,11.3,24
51,2023-10-12,11.416666666666666,11.5,24
51,2023-10-13,9.258333333333333,8.95,24
51,2023-10-14,7.833333333333333,7.65,24
51,2023-10-15,6.058333333333334,6.2,24
51,2023-10-16,9.554166666666667,7.5,24
51,2023-10-17,13.445833333333333,12.899999999999999,24
51,2023-10-18,24.5625,23.65,24
51,2023-10-19,27.995833333333334,28.05,24
51,2023-10-20,24.229166666666668,24.0,24
51,2023-10-21,10.8125,10.5,24
51,2023-10-22,12.158333333333333,11.75,24
51,2023-10-23,15.458333333333334,12.45,24
51,2023-10-24,23.079166666666666,22.1,24
51,2023-10-25,14.825000000000001,14.8,24
51,2023-10-26,15.083333333333334,15.3,24
51,2023-10-27,9.475,9.25,24
51,2023-10-28,9.495833333333334,9.1,24
51,2023-10-29,10.0,10.0,24
51,2023-10-30,8.358333333333333,7.7,24
51,2023-10-31,10.708333333333334,8.4,24
51,2023-11-01,17.724999999999998,17.8,24
51,2023-11-02,23.650000000000002,24.799999999999997,24
51,2023-11-03,27.78333333333333,28.049999999999997,24
51,2023-11-04,21.59166666666667,20.299999999999997,24
51,2023-11-05,24.566666666666666,25.65,24
51,2023-11-06,22.329166666666666,22.85,24
51,2023-11-07,15.941666666666668,15.0,24
51,2023-11-08,20.025000000000002,21.05,24
51,2023-11-09,19.216666666666665,15.2,24
51,2023-11-10,21.458333333333332,20.35,24
51,2023-11-11,23.254166666666666,22.45,24
51,2023-11-12,17.379166666666666,16.9,24
51,2023-11-13,7.604166666666667,6.6,24
51,2023-11-14,7.595833333333334,6.4,24
51,2023-11-15,12.008333333333333,10.7,24
51,2023-11-16,14.2125,12.5,24
51,2023-11-17,7.116666666666667,5.8,24
51,2023-11-18,11.654166666666667,11.95,24
51,2023-11-19,11.762500000000001,11.5,24
51,2023-11-20,15.291666666666666,14.4,24
51,2023-11-21,19.333333333333332,19.049999999999997,24
51,2023-11-22,19.529166666666665,19.5,24
51,2023-11-23,20.158333333333335,21.05,24
51,2023-11-24,17.979166666666668,19.55,24
51,2023-11-25,16.608333333333334,16.65,24
51,2023-11-26,16.654166666666665,17.0,24
51,2023-11-27,15.233333333333333,14.8,24
51,2023-11-28,14.924999999999999,13.399999999999999,24
51,2023-11-29,19.395833333333332,18.4,24
51,2023-11-30,21.71666666666667,22.950000000000003,24
51,2023-12-01,18.970833333333335,18.85,24
51,2023-12-02,10.720833333333333,12.25,24
51,2023-12-03,8.783333333333333,6.85,24
51,2023-12-04,12.875,12.55,24
51,2023-12-05,15.145833333333334,15.7,24
51,2023-12-06,13.479166666666666,13.35,24
51,2023-12-07,11.879166666666668,9.850000000000001,24
51,2023-12-08,13.491666666666667,14.25,24
51,2023-12-09,16.75,16.5,24
51,2023-12-10,18.141666666666666,17.45,24
51,2023-12-11,13.299999999999999,12.3,24
51,2023-12-12,20.258333333333333,20.0,24
51,2023-12-13,24.170833333333334,22.45,24
51,2023-12-14,18.904166666666665,19.75,24
51,2023-12-15,20.8625,19.55,24
51,2023-12-16,19.791666666666668,20.2,24
51,2023-12-17,19.829166666666666,20.85,24
51,2023-12-18,19.270833333333332,21.25,24
51,2023-12-19,20.441666666666666,21.0,24
51,2023-12-20,22.4875,22.9,24
51,2023-12-21,15.854166666666666,16.8,24
51,2023-12-22,13.629166666666668,13.399999999999999,24
51,2023-12-23,14.816666666666668,15.350000000000001,24
51,2023-12-24,14.25,13.649999999999999,24
51,2023-12-25,14.879166666666668,14.9,24
51,2023-12-26,19.3,18.75,24
51,2023-12-27,19.108333333333334,19.65,24
51,2023-12-28,20.179166666666667,19.6,24
51,2023-12-29,20.270833333333332,20.299999999999997,24
51,2023-12-30,19.591666666666665,19.2,24
51,2023-12-31,17.583333333333332,18.1,24
51,2024-01-01,16.945833333333333,16.9,24
51,2024-01-02,15.191666666666668,15.95,24
51,2024-01-03,16.712500000000002,16.549999999999997,24
51,2024-01-04,14.320833333333333,13.45,24
51,2024-01-05,12.391666666666666,11.15,24
51,2024-01-06,14.020833333333334,12.7,24
51,2024-01-07,14.625,14.0,24
51,2024-01-08,14.825000000000001,14.1,24
51,2024-01-09,12.379166666666668,11.2,24
51,2024-01-10,11.9,10.399999999999999,24
51,2024-01-11,16.829166666666666,14.9,24
51,2024-01-12,17.6875,16.55,24
51,2024-01-13,22.5,20.9,24
51,2024-01-14,20.95,21.2,24
51,2024-01-15,16.491666666666667,16.7,24
51,2024-01-16,18.191666666666666,17.6,24
51,2024-01-17,14.766666666666666,16.3,24
51,2024-01-18,18.679166666666667,16.45,24
51,2024-01-19,12.958333333333334,12.6,24
51,2024-01-20,16.1125,13.4,24
51,2024-01-21,11.491666666666667,9.7,24
51,2024-01-22,18.004166666666666,14.95,24
51,2024-01-23,20.358333333333334,21.05,24
51,2024-01-24,18.091666666666665,15.6,24
51,2024-01-25,22.087500000000002,23.1,24
51,2024-01-26,15.641666666666666,16.0,24
51,2024-01-27,19.304166666666667,18.3,24
51,2024-01-28,17.75,18.45,24
51,2024-01-29,16.912499999999998,16.65,24
51,2024-01-30,16.733333333333334,17.4,24
51,2024-01-31,12.916666666666666,12.55,24
51,2024-02-01,10.570833333333333,9.850000000000001,24
51,2024-02-02,9.85,7.5,24
51,2024-02-03,12.529166666666667,10.7,24
51,2024-02-04,21.558333333333334,19.450000000000003,24
51,2024-02-05,17.416666666666668,16.200000000000003,24
51,2024-02-06,17.320833333333333,15.5,24
51,2024-02-07,19.9375,16.8,24
51,2024-02-08,20.008333333333333,18.700000000000003,24
51,2024-02-09,20.375,19.1,24
51,2024-02-10,25.77916666666667,26.45,24
51,2024-02-11,37.4125,36.55,24
51,2024-02-12,27.8125,25.7,24
51,2024-02-13,17.745833333333334,16.700000000000003,24
51,2024-02-14,15.620833333333332,14.35,24
51,2024-02-15,19.229166666666668,16.3,24
51,2024-02-16,23.054166666666664,21.25,24
51,2024-02-17,22.304166666666664,20.05,24
51,2024-02-18,16.3125,14.7,24
51,2024-02-19,13.904166666666667,12.25,24
51,2024-02-20,12.679166666666667,11.600000000000001,24
51,2024-02-21,15.4375,13.4,24
51,2024-02-22,20.283333333333335,19.65,24
51,2024-02-23,16.099999999999998,15.75,24
51,2024-02-24,18.904166666666665,17.5,24
51,2024-02-25,24.558333333333334,23.75,24
51,2024-02-26,32.90833333333333,32.900000000000006,24
51,2024-02-27,32.041666666666664,30.95,24
51,2024-02-28,25.204166666666666,24.55,24
51,2024-02-29,17.508333333333333,17.4,24
51,2024-03-01,19.212500000000002,18.15,24
51,2024-03-02,27.895833333333332,26.6,24
51,2024-03-03,22.34583333333333,22.65,24
51,2024-03-04,13.154166666666667,12.6,24
51,2024-03-05,19.325,21.3,24
51,2024-03-06,31.09166666666667,29.25,24
51,2024-03-07,38.84166666666667,37.2,24
51,2024-03-08,32.775,32.45,24
51,2024-03-09,23.170833333333334,21.049999999999997,24
51,2024-03-10,20.129166666666666,20.35,24
51,2024-03-11,23.287499999999998,19.55,24
51,2024-03-12,30.429166666666664,30.5,24
51,2024-03-13,11.720833333333333,10.8,24
51,2024-03-14,26.34583333333333,24.85,24
51,2024-03-15,44.62083333333334,44.05,24
51,2024-03-16,37.69166666666667,38.45,24
51,2024-03-17,42.75,45.3,24
51,2024-03-18,40.875,40.1,24
51,2024-03-19,42.06666666666667,40.35,24
51,2024-03-20,23.420833333333334,24.45,24
51,2024-03-21,18.570833333333333,15.6,24
51,2024-03-22,26.275000000000002,25.8,24
51,2024-03-23,16.783333333333335,15.45,24
51,2024-03-24,14.237499999999999,12.75,24
51,2024-03-25,19.3125,15.75,24
51,2024-03-26,28.3125,25.0,24
51,2024-03-27,32.483333333333334,33.05,24
51,2024-03-28,23.162499999999998,20.95,24
51,2024-03-29,23.912499999999998,22.299999999999997,24
51,2024-03-30,19.8375,18.35,24
51,2024-03-31,27.09583333333333,27.85,24
51,2024-04-01,26.933333333333334,26.7,24
51,2024-04-02,26.45,26.15,24
51,2024-04-03,32.079166666666666,35.3,24
51,2024-04-04,34.12916666666667,34.0,24
51,2024-04-05,32.7875,32.25,24
51,2024-04-06,36.291666666666664,34.2,24
51,2024-04-07,36.63333333333333,38.25,24
51,2024-04-08,31.383333333333336,30.75,24
51,2024-04-09,39.762499999999996,38.3,24
51,2024-04-10,39.875,38.5,24
51,2024-04-11,38.34166666666667,42.7,24
51,2024-04-12,24.041666666666668,22.5,24
51,2024-04-13,28.433333333333334,29.15,24
51,2024-04-14,24.604166666666668,25.75,24
51,2024-04-15,25.366666666666664,24.9,24
51,2024-04-16,24.8,24.0,24
51,2024-04-17,18.287499999999998,17.549999999999997,24
51,2024-04-18,27.133333333333336,27.65,24
51,2024-04-19,29.537499999999998,29.95,24
51,2024-04-20,27.545833333333334,24.0,24
51,2024-04-21,27.474999999999998,27.0,24
51,2024-04-22,26.22083333333333,26.0,24
51,2024-04-23,26.316666666666666,26.75,24
51,2024-04-24,22.2625,22.049999999999997,24
51,2024-04-25,23.150000000000002,20.95,24
51,2024-04-26,20.7625,20.35,24
51,2024-04-27,27.549999999999997,29.6,24
51,2024-04-28,28.741666666666664,30.1,24
51,2024-04-29,28.037499999999998,28.35,24
51,2024-04-30,24.229166666666668,24.25,24
51,2024-05-01,26.804166666666664,26.95,24
51,2024-05-02,34.6,35.25,24
51,2024-05-03,27.245833333333334,27.85,24
51,2024-05-04,23.066666666666666,22.2,24
51,2024-05-05,16.595833333333335,15.8,24
51,2024-05-06,22.912499999999998,21.65,24
51,2024-05-07,36.87083333333333,40.25,24
51,2024-05-08,37.949999999999996,37.85,24
51,2024-05-09,27.916666666666668,27.5,24
51,2024-05-10,19.266666666666666,20.1,24
51,2024-05-11,17.870833333333334,18.25,24
51,2024-05-12,14.583333333333334,14.5,24
51,2024-05-13,20.9875,21.7,24
51,2024-05-14,15.495833333333332,17.1,24
51,2024-05-15,16.466666666666665,14.95,24
51,2024-05-16,20.458333333333332,19.25,24
51,2024-05-17,20.820833333333333,21.549999999999997,24
51,2024-05-18,11.441666666666668,11.100000000000001,24
51,2024-05-19,13.133333333333333,13.0,24
51,2024-05-20,14.325000000000001,14.45,24
51,2024-05-21,11.154166666666667,10.850000000000001,24
51,2024-05-22,9.770833333333334,8.2,24
51,2024-05-23,9.387500000000001,9.55,24
51,2024-05-24,4.916666666666667,4.65,24
51,2024-05-25,3.7083333333333335,3.45,24
51,2024-05-26,4.125,3.8499999999999996,24
51,2024-05-27,5.070833333333334,5.5,24
51,2024-05-28,5.833333333333333,4.9,24
51,2024-05-29,7.833333333333333,7.45,24
51,2024-05-30,9.770833333333334,9.45,24
51,2024-05-31,16.766666666666666,15.7,24
51,2024-06-01,9.466666666666667,7.550000000000001,24
51,2024-06-02,4.795833333333333,4.15,24
51,2024-06-03,3.8083333333333336,3.2,24
51,2024-06-04,6.916666666666667,4.85,24
51,2024-06-05,10.179166666666667,9.6,24
51,2024-06-06,6.754166666666666,5.9,24
51,2024-06-07,6.591666666666666,5.2,24
51,2024-06-08,8.845833333333333,7.699999999999999,24
51,2024-06-09,11.754166666666668,11.55,24
51,2024-06-10,7.670833333333333,7.55,24
51,2024-06-11,5.825,3.8,24
51,2024-06-12,4.875,5.0,24
51,2024-06-13,4.1,3.8499999999999996,24
51,2024-06-14,3.4375,3.35,24
51,2024-06-15,5.116666666666666,3.95,24
51,2024-06-16,6.104166666666667,7.45,24
51,2024-06-17,4.770833333333333,4.4,24
51,2024-06-18,6.470833333333334,6.9,24
51,2024-06-19,5.154166666666667,3.5,24
51,2024-06-20,5.170833333333333,6.15,24
51,2024-06-21,7.1625000000000005,5.35,24
51,2024-06-22,14.083333333333334,13.9,24
51,2024-06-23,10.108333333333333,7.949999999999999,24
51,2024-06-24,9.4,7.85,24
51,2024-06-25,8.266666666666667,8.0,24
51,2024-06-26,5.270833333333333,4.0,24
51,2024-06-27,4.616666666666666,4.85,24
51,2024-06-28,6.970833333333334,7.949999999999999,24
51,2024-06-29,6.241666666666667,5.65,24
51,2024-06-30,6.395833333333333,5.85,24
51,2024-07-01,4.883333333333334,5.0,24
51,2024-07-02,5.95,4.95,24
51,2024-07-03,6.845833333333334,6.15,24
51,2024-07-04,6.5375000000000005,5.25,24
51,2024-07-05,7.404166666666666,6.5,24
51,2024-07-06,5.558333333333334,5.45,24
51,2024-07-07,6.045833333333333,5.800000000000001,24
51,2024-07-08,5.391666666666667,4.35,24
51,2024-07-09,8.2875,5.949999999999999,24
51,2024-07-10,9.704166666666667,9.45,24
51,2024-07-11,6.270833333333333,5.550000000000001,24
51,2024-07-12,5.3500000000000005,4.4,24
51,2024-07-13,5.0249999999999995,5.05,24
51,2024-07-14,4.95,6.050000000000001,24
51,2024-07-15,12.229166666666666,11.4,24
51,2024-07-16,11.095833333333333,10.75,24
51,2024-07-17,9.341666666666667,8.2,24
51,2024-07-18,7.345833333333334,6.6,24
51,2024-07-19,4.616666666666666,2.7,24
51,2024-07-20,4.3625,4.35,24
51,2024-07-21,4.808333333333334,4.65,24
51,2024-07-22,4.354166666666667,3.6500000000000004,24
51,2024-07-23,3.9958333333333336,3.95,24
51,2024-07-24,3.204166666666667,2.6,24
51,2024-07-25,2.779166666666667,2.45,24
51,2024-07-26,3.1374999999999997,2.45,24
51,2024-07-27,4.154166666666667,4.55,24
51,2024-07-28,3.4625,3.05,24
51,2024-07-29,4.370833333333333,4.15,24
51,2024-07-30,3.9583333333333335,3.3,24
51,2024-07-31,4.245833333333334,3.7,24
51,2024-08-01,3.6333333333333333,3.4,24
51,2024-08-02,4.604166666666667,4.05,24
51,2024-08-03,6.208333333333333,4.699999999999999,24
51,2024-08-04,6.845833333333334,7.15,24
51,2024-08-05,6.991666666666667,6.35,24
51,2024-08-06,7.220833333333334,5.95,24
51,2024-08-07,5.825,3.6,24
51,2024-08-08,9.816666666666666,9.600000000000001,24
51,2024-08-09,12.65,11.649999999999999,24
51,2024-08-10,7.720833333333334,7.35,24
51,2024-08-11,9.741666666666667,9.600000000000001,24
51,2024-08-12,10.625,10.9,24
51,2024-08-13,5.454166666666667,4.6,24
51,2024-08-14,8.070833333333333,8.2,24
51,2024-08-15,8.7875,5.45,24
51,2024-08-16,9.391666666666667,8.9,24
51,2024-08-17,6.033333333333334,5.300000000000001,24
51,2024-08-18,7.825,7.35,24
51,2024-08-19,6.866666666666667,6.449999999999999,24
51,2024-08-20,6.395833333333333,4.55,24
51,2024-08-21,6.091666666666666,5.699999999999999,24
51,2024-08-22,3.5375,2.3,24
51,2024-08-23,4.158333333333333,3.1500000000000004,24
51,2024-08-24,7.2875000000000005,7.3999999999999995,24
51,2024-08-25,8.491666666666667,7.85,24
51,2024-08-26,7.354166666666667,6.15,24
51,2024-08-27,9.733333333333333,8.2,24
51,2024-08-28,7.758333333333333,6.85,24
51,2024-08-29,6.441666666666666,5.45,24
51,2024-08-30,7.9375,7.25,24
51,2024-08-31,11.091666666666667,10.899999999999999,24
51,2024-09-01,8.5375,8.0,24
51,2024-09-02,9.508333333333333,6.25,24
51,2024-09-03,15.424999999999999,13.9,24
51,2024-09-04,9.033333333333333,7.35,24
51,2024-09-05,8.645833333333334,8.850000000000001,24
51,2024-09-06,8.158333333333333,8.3,24
51,2024-09-07,7.3125,7.05,24
51,2024-09-08,3.4166666666666665,3.5,24
51,2024-09-09,3.7624999999999997,3.3499999999999996,24
51,2024-09-10,3.3541666666666665,3.1,24
51,2024-09-11,4.733333333333333,4.1,24
51,2024-09-12,5.720833333333334,5.35,24
51,2024-09-13,7.1625000000000005,5.4,24
51,2024-09-14,11.887500000000001,9.5,24
51,2024-09-15,15.129166666666668,16.2,24
51,2024-09-16,16.175,15.25,24
51,2024-09-17,18.558333333333334,18.0,24
51,2024-09-18,15.829166666666666,12.55,24
51,2024-09-19,16.400000000000002,15.850000000000001,24
51,2024-09-20,19.729166666666668,19.9,24
51,2024-09-21,16.229166666666668,15.3,24
51,2024-09-22,8.904166666666667,8.65,24
51,2024-09-23,8.970833333333333,9.2,24
51,2024-09-24,6.358333333333333,5.4,24
51,2024-09-25,5.75,4.75,24
51,2024-09-26,7.420833333333333,7.25,24
51,2024-09-27,13.029166666666667,12.05,24
51,2024-09-28,11.475,10.9,24
51,2024-09-29,11.183333333333332,10.65,24
51,2024-09-30,12.604166666666666,11.25,24
51,2024-10-01,9.708333333333334,8.95,24
51,2024-10-02,8.049999999999999,8.149999999999999,24
51,2024-10-03,7.608333333333333,8.3,24
51,2024-10-04,8.225,5.300000000000001,24
51,2024-10-05,10.941666666666668,9.45,24
51,2024-10-06,22.016666666666666,21.7,24
51,2024-10-07,22.245833333333334,22.65,24
51,2024-10-08,23.3625,24.3,24
51,2024-10-09,23.46666666666667,23.549999999999997,24
51,2024-10-10,19.349999999999998,20.45,24
51,2024-10-11,17.429166666666667,20.1,24
51,2024-10-12,25.2625,24.8,24
51,2024-10-13,28.141666666666666,28.65,24
51,2024-10-14,23.441666666666666,22.799999999999997,24
51,2024-10-15,22.849999999999998,22.35,24
51,2024-10-16,26.099999999999998,26.45,24
51,2024-10-17,16.7,15.7,24
51,2024-10-18,22.287499999999998,21.95,24
51,2024-10-19,11.775,11.75,24
51,2024-10-20,7.941666666666666,7.5,24
51,2024-10-21,9.258333333333333,8.2,24
51,2024-10-22,8.404166666666667,8.850000000000001,24
51,2024-10-23,9.920833333333333,8.2,24
51,2024-10-24,15.0375,13.9,24
51,2024-10-25,20.858333333333334,21.299999999999997,24
51,2024-10-26,19.125,17.9,24
51,2024-10-27,15.804166666666667,14.05,24
51,2024-10-28,12.6875,12.350000000000001,24
51,2024-10-29,14.6625,14.25,24
51,2024-10-30,18.341666666666665,18.25,24
51,2024-10-31,23.90416666666667,23.55,24
51,2024-11-01,23.045833333333334,21.5,24
51,2024-11-02,14.845833333333333,14.65,24
51,2024-11-03,16.3875,14.8,24
51,2024-11-04,16.770833333333332,17.5,24
51,2024-11-05,12.954166666666666,12.3,24
51,2024-11-06,7.495833333333334,7.45,24
51,2024-11-07,12.9625,15.1,24
51,2024-11-08,16.787499999999998,15.2,24
51,2024-11-09,23.616666666666664,23.6,24
51,2024-11-10,22.037499999999998,22.0,24
51,2024-11-11,20.141666666666666,20.9,24
51,2024-11-12,23.041666666666668,23.65,24
51,2024-11-13,27.84166666666667,28.6,24
51,2024-11-14,25.4875,23.8,24
51,2024-11-15,15.529166666666667,13.8,24
51,2024-11-16,14.295833333333334,15.649999999999999,24
51,2024-11-17,13.883333333333333,17.299999999999997,24
51,2024-11-18,14.095833333333333,15.149999999999999,24
51,2024-11-19,16.304166666666667,18.5,24
51,2024-11-20,18.4375,19.0,24
51,2024-11-21,18.141666666666666,20.05,24
51,2024-11-22,20.724999999999998,23.299999999999997,24
51,2024-11-23,18.4875,20.0,24
51,2024-11-24,22.770833333333332,25.700000000000003,24
51,2024-11-25,22.191666666666666,25.4,24
51,2024-11-26,20.520833333333332,22.450000000000003,24
51,2024-11-27,17.066666666666666,19.65,24
51,2024-11-28,12.329166666666666,12.850000000000001,24
51,2024-11-29,17.491666666666667,15.05,24
51,2024-11-30,18.904166666666665,20.45,24
51,2024-12-01,20.879166666666666,22.6,24
51,2024-12-02,24.77916666666667,24.4,24
51,2024-12-03,22.120833333333334,22.2,24
51,2024-12-04,24.724999999999998,24.85,24
51,2024-12-05,20.258333333333333,20.75,24
51,2024-12-06,13.975,11.5,24
51,2024-12-07,16.408333333333335,14.5,24
51,2024-12-08,18.395833333333332,19.55,24
51,2024-12-09,19.825,19.299999999999997,24
51,2024-12-10,20.566666666666666,24.15,24
51,2024-12-11,26.287499999999998,28.200000000000003,24
51,2024-12-12,21.316666666666666,23.950000000000003,24
51,2024-12-13,16.412499999999998,15.100000000000001,24
51,2024-12-14,19.183333333333334,15.75,24
51,2024-12-15,11.674999999999999,11.600000000000001,24
51,2024-12-16,13.3375,12.95,24
51,2024-12-17,16.1875,16.7,24
51,2024-12-18,16.954166666666666,19.25,24
51,2024-12-19,20.829166666666666,20.5,24
51,2024-12-20,22.045833333333334,21.950000000000003,24
51,2024-12-21,23.541666666666668,24.1,24
51,2024-12-22,26.575,29.0,24
51,2024-12-23,30.3625,32.05,24
51,2024-12-24,28.02916666666667,25.799999999999997,24
51,2024-12-25,22.825,25.299999999999997,24
51,2024-12-26,24.1125,24.4,24
51,2024-12-27,17.258333333333333,17.9,24
51,2024-12-28,15.291666666666666,15.85,24
51,2024-12-29,19.104166666666668,19.05,24
51,2024-12-30,20.008333333333333,20.35,24
51,2024-12-31,19.520833333333332,19.65,24
51,2025-01-01,16.625,18.200000000000003,24
51,2025-01-02,23.650000000000002,25.25,24
51,2025-01-03,21.958333333333332,25.25,24
51,2025-01-04,19.808333333333334,20.6,24
51,2025-01-05,25.52916666666667,24.950000000000003,24
51,2025-01-06,27.075,28.450000000000003,24
51,2025-01-07,27.579166666666666,26.1,24
51,2025-01-08,28.645833333333332,28.5,24
51,2025-01-09,27.516666666666666,28.049999999999997,24
51,2025-01-10,25.945833333333336,23.7,24
51,2025-01-11,14.841666666666667,14.4,24
51,2025-01-12,13.575000000000001,12.6,24
51,2025-01-13,19.945833333333333,18.55,24
51,2025-01-14,18.241666666666667,20.299999999999997,24
51,2025-01-15,21.304166666666667,18.15,24
51,2025-01-16,12.679166666666667,12.1,24
51,2025-01-17,21.875,22.05,24
51,2025-01-18,24.270833333333332,24.3,24
51,2025-01-19,23.1875,23.6,24
51,2025-01-20,25.5,25.799999999999997,24
51,2025-01-21,26.079166666666666,23.55,24
51,2025-01-22,30.287499999999998,28.95,24
51,2025-01-23,38.46666666666667,39.75,24
51,2025-01-24,24.7625,23.15,24
51,2025-01-25,21.099999999999998,21.3,24
51,2025-01-26,23.825,23.0,24
51,2025-01-27,24.3125,25.1,24
51,2025-01-28,27.729166666666668,27.0,24
51,2025-01-29,23.037499999999998,23.2,24
51,2025-01-30,23.870833333333334,20.95,24
51,2025-01-31,18.104166666666668,19.1,24
51,2025-02-01,17.0125,18.7,24
51,2025-02-02,19.895833333333332,21.1,24
51,2025-02-03,22.9875,23.4,24
51,2025-02-04,25.3625,24.15,24
51,2025-02-05,29.695833333333336,29.15,24
51,2025-02-06,26.683333333333334,27.6,24
51,2025-02-07,30.2625,28.65,24
51,2025-02-08,33.44166666666667,34.7,24
51,2025-02-09,22.400000000000002,21.200000000000003,24
51,2025-02-10,16.5625,16.35,24
51,2025-02-11,18.491666666666667,18.7,24
51,2025-02-12,20.258333333333333,19.9,24
51,2025-02-13,24.2625,24.15,24
51,2025-02-14,20.275,18.549999999999997,24
51,2025-02-15,27.191666666666666,26.25,24
51,2025-02-16,32.61666666666667,35.400000000000006,24
51,2025-02-17,40.512499999999996,44.5,24
51,2025-02-18,53.1875,52.650000000000006,24
51,2025-02-19,43.59583333333333,43.15,24
51,2025-02-20,35.358333333333334,29.95,24
51,2025-02-21,31.379166666666666,32.05,24
51,2025-02-22,28.429166666666664,28.9,24
51,2025-02-23,28.8,28.45,24
51,2025-02-24,17.654166666666665,15.45,24
51,2025-02-25,18.3625,18.6,24
51,2025-02-26,15.816666666666668,14.100000000000001,24
51,2025-02-27,23.379166666666666,24.35,24
51,2025-02-28,23.59583333333333,24.9,24
51,2025-03-01,17.445833333333333,16.35,24
51,2025-03-02,18.916666666666668,19.5,24
51,2025-03-03,28.945833333333336,32.5,24
51,2025-03-04,40.295833333333334,45.55,24
51,2025-03-05,43.54583333333333,43.75,24
51,2025-03-06,38.975,46.099999999999994,24
51,2025-03-07,52.262499999999996,51.9,24
51,2025-03-08,34.229166666666664,32.849999999999994,24
51,2025-03-09,29.2,28.7,24
51,2025-03-10,35.775,32.65,24
51,2025-03-11,26.008333333333336,28.6,24
51,2025-03-12,35.00833333333333,33.3,24
51,2025-03-13,24.575,22.299999999999997,24
51,2025-03-14,25.8625,25.200000000000003,24
51,2025-03-15,31.175,28.3,24
51,2025-03-16,43.20416666666667,39.55,24
51,2025-03-17,50.34583333333333,49.599999999999994,24
51,2025-03-18,33.229166666666664,30.65,24
51,2025-03-19,69.84583333333333,69.4,24
51,2025-03-20,59.2875,59.25,24
51,2025-03-21,61.47083333333333,55.3,24
51,2025-03-22,81.27083333333333,71.55000000000001,24
51,2025-03-23,55.94583333333333,65.7,24
51,2025-03-24,62.38333333333333,63.7,24
51,2025-03-25,37.75,31.5,24
51,2025-03-26,23.004166666666666,23.35,24
51,2025-03-27,28.05,26.6,24
51,2025-03-28,32.65416666666667,31.849999999999998,24
51,2025-03-29,59.15416666666667,53.1,24
51,2025-03-30,52.75833333333333,51.3,24
51,2025-03-31,31.916666666666668,31.1,24
51,2025-04-01,45.916666666666664,46.849999999999994,24
51,2025-04-02,37.199999999999996,35.4,24
51,2025-04-03,46.975,47.4,24
51,2025-04-04,41.7125,42.4,24
51,2025-04-05,32.82083333333333,32.15,24
51,2025-04-06,21.6125,18.75,24
51,2025-04-07,21.45,21.6,24
51,2025-04-08,21.433333333333334,22.6,24
51,2025-04-09,34.37916666666667,31.75,24
51,2025-04-10,41.516666666666666,41.9,24
51,2025-04-11,29.787499999999998,25.25,24
51,2025-04-12,12.116666666666667,11.5,24
51,2025-04-13,11.754166666666668,11.5,24
51,2025-04-14,24.329166666666666,28.25,24
51,2025-04-15,27.724999999999998,24.75,24
51,2025-04-16,13.654166666666667,10.2,24
51,2025-04-17,10.137500000000001,9.55,24
51,2025-04-18,10.1,11.1,24
51,2025-04-19,17.770833333333332,15.75,24
51,2025-04-20,17.433333333333334,16.15,24
51,2025-04-21,16.912499999999998,17.65,24
51,2025-04-22,15.575000000000001,13.850000000000001,24
51,2025-04-23,18.820833333333333,16.8,24
51,2025-04-24,26.9875,27.75,24
51,2025-04-25,34.208333333333336,32.849999999999994,24
51,2025-04-26,32.80416666666667,32.8,24
51,2025-04-27,26.037499999999998,24.15,24
51,2025-04-28,17.733333333333334,16.1,24
51,2025-04-29,14.6625,15.45,24
51,2025-04-30,17.825,19.0,24
51,2025-05-01,13.375,12.45,24
51,2025-05-02,14.924999999999999,15.65,24
51,2025-05-03,15.5,15.1,24
51,2025-05-04,16.016666666666666,13.649999999999999,24
51,2025-05-05,9.512500000000001,11.6,24
51,2025-05-06,10.700000000000001,10.55,24
51,2025-05-07,11.15,10.600000000000001,24
51,2025-05-08,16.758333333333333,15.55,24
51,2025-05-09,21.745833333333334,20.4,24
51,2025-05-10,31.287499999999998,28.1,24
51,2025-05-11,18.900000000000002,12.15,24
51,2025-05-12,15.695833333333333,12.7,24
51,2025-05-13,17.670833333333334,19.65,24
51,2025-05-14,22.34166666666667,20.0,24
51,2025-05-15,10.495833333333334,7.75,24
51,2025-05-16,16.195833333333333,12.3,24
51,2025-05-17,8.266666666666667,7.65,24
51,2025-05-18,7.95,7.0,24
51,2025-05-19,9.766666666666667,10.2,24
51,2025-05-20,14.1,13.85,24
51,2025-05-21,14.566666666666668,13.9,24
51,2025-05-22,14.166666666666666,12.25,24
51,2025-05-23,9.545833333333333,9.0,24
51,2025-05-24,9.058333333333334,8.45,24
51,2025-05-25,5.983333333333333,4.8,24
51,2025-05-26,7.029166666666666,4.550000000000001,24
51,2025-05-27,8.783333333333333,7.6,24
51,2025-05-28,8.862499999999999,9.350000000000001,24
51,2025-05-29,10.924999999999999,8.2,24
51,2025-05-30,7.604166666666667,5.3,24
51,2025-05-31,5.566666666666666,5.550000000000001,24
51,2025-06-01,5.425,4.5,24
51,2025-06-02,5.083333333333333,5.1,24
51,2025-06-03,8.2125,7.1,24
51,2025-06-04,18.091666666666665,15.65,24
51,2025-06-05,17.3125,14.8,24
51,2025-06-06,21.329166666666666,16.95,24
51,2025-06-07,12.370833333333332,12.95,24
51,2025-06-08,12.095833333333333,10.8,24
51,2025-06-09,13.395833333333334,12.5,24
51,2025-06-10,10.012500000000001,10.4,24
51,2025-06-11,7.916666666666667,7.45,24
51,2025-06-12,9.904166666666667,10.0,24
51,2025-06-13,12.554166666666667,12.65,24
51,2025-06-14,6.820833333333333,7.050000000000001,24
51,2025-06-15,6.341666666666666,5.1,24
51,2025-06-16,5.291666666666667,4.9,24
51,2025-06-17,8.8375,9.0,24
51,2025-06-18,7.370833333333334,6.75,24
51,2025-06-19,8.933333333333334,10.75,24
51,2025-06-20,10.137500000000001,9.95,24
51,2025-06-21,10.670833333333334,12.649999999999999,24
51,2025-06-22,8.958333333333334,8.45,24
51,2025-06-23,6.608333333333333,7.15,24
51,2025-06-24,8.325000000000001,7.6,24
51,2025-06-25,9.720833333333333,12.25,24
51,2025-06-26,10.991666666666667,10.7,24
51,2025-06-27,7.0,5.449999999999999,24
51,2025-06-28,5.229166666666667,4.25,24
51,2025-06-29,8.458333333333334,11.100000000000001,24
51,2025-06-30,6.820833333333333,5.85,24
51,2025-07-01,9.829166666666667,9.1,24
51,2025-07-02,7.158333333333334,8.1,24
51,2025-07-03,8.216666666666667,6.9,24
51,2025-07-04,12.262500000000001,13.3,24
51,2025-07-05,10.0,12.3,24
51,2025-07-06,7.9750000000000005,7.050000000000001,24
51,2025-07-07,6.316666666666666,5.2,24
51,2025-07-08,7.075,7.5,24
51,2025-07-09,9.295833333333333,10.9,24
51,2025-07-10,10.2875,9.45,24
51,2025-07-11,11.4,10.7,24
51,2025-07-12,11.083333333333334,8.8,24
51,2025-07-13,8.125,6.1,24
51,2025-07-14,11.629166666666668,12.4,24
51,2025-07-15,10.954166666666667,10.8,24
51,2025-07-16,6.870833333333334,5.2,24
51,2025-07-17,7.266666666666667,5.35,24
51,2025-07-18,7.508333333333333,4.45,24
51,2025-07-19,12.370833333333332,9.2,24
51,2025-07-20,9.241666666666665,8.85,24
51,2025-07-21,7.916666666666667,8.35,24
51,2025-07-22,5.283333333333333,4.65,24
51,2025-07-23,2.8874999999999997,2.7,24
51,2025-07-24,2.5791666666666666,2.6,24
51,2025-07-25,4.658333333333333,4.25,24
51,2025-07-26,5.0249999999999995,3.8,24
51,2025-07-27,3.6666666666666665,3.2,24
51,2025-07-28,2.9458333333333333,2.2,24
51,2025-07-29,5.75,2.8,24
51,2025-07-30,7.2124999999999995,4.7,24
51,2025-07-31,8.8125,9.6,24
51,2025-08-01,7.779166666666666,8.5,24
51,2025-08-02,9.108333333333333,7.75,24
51,2025-08-03,11.0,9.8,24
51,2025-08-04,6.6000000000000005,8.4,24
51,2025-08-05,5.166666666666667,5.8,24
51,2025-08-06,7.0375000000000005,7.95,24
51,2025-08-07,5.558333333333334,5.35,24
51,2025-08-08,7.55,7.199999999999999,24
51,2025-08-09,9.475,10.9,24
51,2025-08-10,6.845833333333334,8.25,24
51,2025-08-11,8.808333333333334,9.85,24
51,2025-08-12,6.2749999999999995,5.75,24
51,2025-08-13,9.6,7.85,24
51,2025-08-14,10.066666666666666,7.05,24
51,2025-08-15,8.070833333333333,8.05,24
51,2025-08-16,6.579166666666667,5.6,24
51,2025-08-17,6.654166666666666,4.75,24
51,2025-08-18,11.108333333333334,9.35,24
51,2025-08-19,7.670833333333333,8.0,24
51,2025-08-20,9.116666666666667,9.399999999999999,24
51,2025-08-21,9.125,8.0,24
51,2025-08-22,8.654166666666667,7.8,24
51,2025-08-23,4.8,5.25,24
51,2025-08-24,7.4624999999999995,5.2,24
51,2025-08-25,12.520833333333334,11.350000000000001,24
51,2025-08-26,7.908333333333334,6.699999999999999,24
51,2025-08-27,4.45,2.75,24
51,2025-08-28,5.645833333333333,4.55,24
51,2025-08-29,10.679166666666667,10.95,24
51,2025-08-30,15.370833333333332,15.0,24
51,2025-08-31,8.666666666666666,7.85,24
51,2025-09-01,7.766666666666667,5.3,24
51,2025-09-02,9.345833333333333,5.5,24
51,2025-09-03,8.991666666666667,10.05,24
51,2025-09-04,13.341666666666667,11.95,24
51,2025-09-05,15.758333333333333,14.2,24
51,2025-09-06,20.341666666666665,23.75,24
51,2025-09-07,23.145833333333332,25.4,24
51,2025-09-08,13.295833333333334,12.75,24
51,2025-09-09,11.35,12.5,24
51,2025-09-10,5.104166666666667,4.15,24
51,2025-09-11,4.925,5.1,24
51,2025-09-12,4.379166666666666,4.0,24
51,2025-09-13,7.716666666666666,6.3,24
51,2025-09-14,10.841666666666667,8.649999999999999,24
51,2025-09-15,11.004166666666668,10.350000000000001,24
51,2025-09-16,11.4125,10.8,24
51,2025-09-17,14.741666666666667,13.6,24
51,2025-09-18,16.866666666666667,17.0,24
51,2025-09-19,9.958333333333334,5.8,24
51,2025-09-20,10.695833333333333,11.55,24
51,2025-09-21,5.245833333333334,2.9,24
51,2025-09-22,5.470833333333334,2.5,24
51,2025-09-23,4.983333333333333,4.85,24
51,2025-09-24,5.395833333333333,6.0,24
51,2025-09-25,6.1625000000000005,3.25,24
51,2025-09-26,11.25,11.0,24
51,2025-09-27,5.791666666666667,3.8499999999999996,24
51,2025-09-28,9.512500000000001,8.05,24
51,2025-09-29,10.379166666666666,11.9,24
51,2025-09-30,3.6958333333333333,3.65,24
51,2025-10-01,3.9875000000000003,2.2,24
51,2025-10-02,8.945833333333333,8.85,24
51,2025-10-03,9.525,9.45,24
51,2025-10-04,9.395833333333334,7.9,24
51,2025-10-05,7.654166666666666,6.85,24
51,2025-10-06,8.979166666666666,9.1,24
51,2025-10-07,13.375,11.95,24
51,2025-10-08,11.883333333333333,11.7,24
51,2025-10-09,12.170833333333334,10.55,24
51,2025-10-10,15.545833333333334,14.9,24
51,2025-10-11,21.141666666666666,19.2,24
51,2025-10-12,18.166666666666668,16.05,24
51,2025-10-13,14.637500000000001,14.950000000000001,24
51,2025-10-14,14.237499999999999,15.850000000000001,24
51,2025-10-15,9.4875,8.350000000000001,24
51,2025-10-16,9.929166666666667,8.35,24
51,2025-10-17,13.387500000000001,12.0,24
51,2025-10-18,15.195833333333333,14.4,24
51,2025-10-19,7.504166666666666,5.25,24
51,2025-10-20,16.741666666666667,18.15,24
51,2025-10-21,20.150000000000002,19.55,24
51,2025-10-22,13.004166666666668,14.3,24
51,2025-10-23,12.379166666666668,11.7,24
51,2025-10-24,13.608333333333334,9.45,24
51,2025-10-25,18.466666666666665,17.7,24
51,2025-10-26,16.929166666666667,16.6,24
51,2025-10-27,17.625,19.2,24
51,2025-10-28,14.866666666666667,15.45,24
51,2025-10-29,12.729166666666666,13.100000000000001,24
51,2025-10-30,13.970833333333333,13.05,24
51,2025-10-31,6.375,5.25,24
51,2025-11-01,6.604166666666667,6.25,24
51,2025-11-02,6.454166666666667,6.05,24
51,2025-11-03,9.237499999999999,8.95,24
51,2025-11-04,11.883333333333333,11.9,24
51,2025-11-05,13.979166666666666,11.6,24
51,2025-11-06,20.395833333333332,21.65,24
51,2025-11-07,25.53333333333333,28.65,24
51,2025-11-08,15.691666666666668,13.55,24
51,2025-11-09,5.9750000000000005,6.7,24
51,2025-11-10,6.5375000000000005,6.1,24
51,2025-11-11,13.295833333333334,12.0,24
51,2025-11-12,22.041666666666668,18.8,24
51,2025-11-13,17.466666666666665,12.85,24
51,2025-11-14,10.266666666666667,9.2,24
51,2025-11-15,16.941666666666666,17.55,24
51,2025-11-16,15.0375,13.05,24
51,2025-11-17,11.104166666666666,9.649999999999999,24
51,2025-11-18,13.495833333333332,13.7,24
51,2025-11-19,8.025,7.25,24
51,2025-11-20,9.329166666666667,8.0,24
51,2025-11-21,11.729166666666666,11.55,24
51,2025-11-22,10.566666666666666,11.7,24
51,2025-11-23,14.629166666666668,17.3,24
51,2025-11-24,13.941666666666668,14.0,24
51,2025-11-25,9.229166666666666,9.350000000000001,24
51,2025-11-26,17.425,15.7,24
51,2025-11-27,15.491666666666667,14.5,24
51,2025-11-28,10.225,11.149999999999999,24
51,2025-11-29,12.137500000000001,13.2,24
51,2025-11-30,18.966666666666665,18.95,24
51,2025-12-01,22.6375,23.75,24
51,2025-12-02,28.21666666666667,27.9,24
51,2025-12-03,23.116666666666664,23.85,24
51,2025-12-04,17.7625,20.4,24
51,2025-12-05,18.825,20.799999999999997,24
51,2025-12-06,23.400000000000002,24.950000000000003,24
51,2025-12-07,26.945833333333336,27.35,24
51,2025-12-08,21.825,18.15,24
51,2025-12-09,22.02916666666667,20.8,24
51,2025-12-10,20.120833333333334,22.4,24
51,2025-12-11,21.070833333333333,25.25,24
51,2025-12-12,20.695833333333333,23.5,24
51,2025-12-13,20.462500000000002,22.950000000000003,24
51,2025-12-14,17.9875,16.5,24
51,2025-12-15,15.670833333333334,14.75,24
51,2025-12-16,18.808333333333334,18.55,24
51,2025-12-17,14.012500000000001,15.05,24
51,2025-12-18,15.958333333333334,15.35,24
51,2025-12-19,23.21666666666667,25.200000000000003,24
51,2025-12-20,21.729166666666668,24.65,24
51,2025-12-21,17.158333333333335,19.05,24
51,2025-12-22,17.558333333333334,19.549999999999997,24
51,2025-12-23,17.5625,17.15,24
51,2025-12-24,17.650000000000002,19.65,24
51,2025-12-25,20.6875,20.4,24
51,2025-12-26,16.766666666666666,16.85,24
51,2025-12-27,14.375,13.55,24
51,2025-12-28,16.662499999999998,17.85,24
51,2025-12-29,17.054166666666667,17.4,24
51,2025-12-30,19.5625,19.1,24
51,2025-12-31,20.316666666666666,23.1,24
52,2022-08-04,7.223529411764706,7.1,17
52,2022-08-05,6.829166666666667,6.699999999999999,24
52,2022-08-06,6.179166666666667,6.05,24
52,2022-08-07,5.929166666666667,6.3,24
52,2022-08-08,5.804166666666667,5.95,24
52,2022-08-09,7.3875,6.35,24
52,2022-08-10,12.012500000000001,10.399999999999999,24
52,2022-08-11,9.266666666666667,9.0,24
52,2022-08-12,4.829166666666667,4.7,24
52,2022-08-13,5.520833333333333,5.4,24
52,2022-08-14,10.575000000000001,10.2,24
52,2022-08-15,10.424999999999999,10.850000000000001,24
52,2022-08-16,7.608333333333333,7.65,24
52,2022-08-17,8.487499999999999,8.4,24
52,2022-08-18,6.75,6.35,24
52,2022-08-19,8.879166666666666,8.3,24
52,2022-08-20,11.195833333333333,10.95,24
52,2022-08-21,10.395833333333334,10.5,24
52,2022-08-22,6.3999999999999995,5.800000000000001,24
52,2022-08-23,8.616666666666667,7.199999999999999,24
52,2022-08-24,18.2375,19.0,24
52,2022-08-25,13.6,13.149999999999999,24
52,2022-08-26,8.245833333333334,7.449999999999999,24
52,2022-08-27,7.133333333333333,5.1,24
52,2022-08-28,15.729166666666666,14.45,24
52,2022-08-29,21.304166666666667,15.950000000000001,24
52,2022-08-30,16.879166666666666,15.350000000000001,24
52,2022-08-31,14.3125,13.55,24
52,2022-09-01,17.75,17.1,24
52,2022-09-02,19.829166666666666,19.0,24
52,2022-09-03,16.879166666666666,14.9,24
52,2022-09-04,15.629166666666668,16.1,24
52,2022-09-05,10.208333333333334,10.25,24
52,2022-09-06,11.208333333333334,10.350000000000001,24
52,2022-09-07,13.191666666666668,12.2,24
52,2022-09-08,22.016666666666666,19.9,24
52,2022-09-09,10.691666666666668,10.55,24
52,2022-09-10,6.920833333333333,6.2,24
52,2022-09-11,9.025,9.45,24
52,2022-09-12,15.304166666666667,10.350000000000001,24
52,2022-09-13,17.05,15.149999999999999,24
52,2022-09-14,10.566666666666666,10.3,24
52,2022-09-15,10.570833333333333,10.1,24
52,2022-09-16,9.079166666666667,9.1,24
52,2022-09-17,10.049999999999999,8.75,24
52,2022-09-18,8.708333333333334,9.25,24
52,2022-09-19,7.391666666666667,7.550000000000001,24
52,2022-09-20,12.179166666666667,12.1,24
52,2022-09-21,12.616666666666667,11.100000000000001,24
52,2022-09-22,13.170833333333334,13.149999999999999,24
52,2022-09-23,7.7875000000000005,7.15,24
52,2022-09-24,8.137500000000001,7.25,24
52,2022-09-25,8.816666666666666,8.399999999999999,24
52,2022-09-26,8.295833333333333,8.0,24
52,2022-09-27,12.9125,11.05,24
52,2022-09-28,22.3625,23.6,24
52,2022-09-29,13.741666666666667,13.5,24
52,2022-09-30,6.858333333333333,6.4,24
52,2022-10-01,7.0625,6.449999999999999,24
52,2022-10-02,6.845833333333334,6.0,24
52,2022-10-03,8.683333333333334,7.65,24
52,2022-10-04,11.125,8.75,24
52,2022-10-05,18.266666666666666,17.6,24
52,2022-10-06,21.358333333333334,21.0,24
52,2022-10-07,13.75,11.350000000000001,24
52,2022-10-08,12.570833333333333,8.2,24
52,2022-10-09,21.358333333333334,17.6,24
52,2022-10-10,7.8625,7.45,24
52,2022-10-11,13.270833333333334,10.55,24
52,2022-10-12,25.608333333333334,29.2,24
52,2022-10-13,23.745833333333334,28.3,24
52,2022-10-14,15.891666666666666,15.2,24
52,2022-10-15,21.095833333333335,22.25,24
52,2022-10-16,15.35,12.350000000000001,24
52,2022-10-17,17.008333333333333,14.25,24
52,2022-10-18,21.78333333333333,18.75,24
52,2022-10-19,23.391666666666666,20.85,24
52,2022-10-20,22.900000000000002,22.6,24
52,2022-10-21,16.8125,17.05,24
52,2022-10-22,10.1625,10.2,24
52,2022-10-23,13.833333333333334,11.65,24
52,2022-10-24,22.545833333333334,20.25,24
52,2022-10-25,25.412499999999998,26.9,24
52,2022-10-26,23.179166666666664,23.3,24
52,2022-10-27,16.0125,17.4,24
52,2022-10-28,15.854166666666666,11.75,24
52,2022-10-29,15.183333333333332,11.850000000000001,24
52,2022-10-30,23.266666666666666,23.4,24
52,2022-10-31,20.245833333333334,22.2,24
52,2022-11-01,15.0625,14.5,24
52,2022-11-02,17.6875,18.1,24
52,2022-11-03,23.416666666666668,27.15,24
52,2022-11-04,22.27916666666667,22.3,24
52,2022-11-05,19.175,21.85,24
52,2022-11-06,21.84583333333333,23.8,24
52,2022-11-07,21.945833333333336,24.1,24
52,2022-11-08,23.8125,25.95,24
52,2022-11-09,21.787499999999998,22.549999999999997,24
52,2022-11-10,20.166666666666668,18.799999999999997,24
52,2022-11-11,20.425,19.95,24
52,2022-11-12,18.608333333333334,20.25,24
52,2022-11-13,16.441666666666666,16.9,24
52,2022-11-14,17.4875,16.8,24
52,2022-11-15,20.191666666666666,13.05,24
52,2022-11-16,14.420833333333334,13.25,24
52,2022-11-17,17.287499999999998,15.149999999999999,24
52,2022-11-18,12.733333333333334,13.05,24
52,2022-11-19,14.262500000000001,13.05,24
52,2022-11-20,17.241666666666667,17.95,24
52,2022-11-21,13.6875,10.4,24
52,2022-11-22,16.316666666666666,12.100000000000001,24
52,2022-11-23,12.220833333333333,13.3,24
52,2022-11-24,12.441666666666668,13.05,24
52,2022-11-25,12.854166666666666,12.600000000000001,24
52,2022-11-26,10.420833333333333,9.3,24
52,2022-11-27,16.304166666666667,16.1,24
52,2022-11-28,24.025000000000002,24.15,24
52,2022-11-29,25.266666666666666,21.25,24
52,2022-11-30,21.849999999999998,23.4,24
52,2022-12-01,25.370833333333334,30.25,24
52,2022-12-02,19.0,17.05,24
52,2022-12-03,18.454166666666666,19.6,24
52,2022-12-04,16.983333333333334,14.7,24
52,2022-12-05,12.15,12.05,24
52,2022-12-06,21.566666666666666,20.05,24
52,2022-12-07,28.849999999999998,29.65,24
52,2022-12-08,25.433333333333334,29.200000000000003,24
52,2022-12-09,28.22083333333333,31.1,24
52,2022-12-10,29.59166666666667,32.2,24
52,2022-12-11,26.84166666666667,27.8,24
52,2022-12-12,21.954166666666666,19.45,24
52,2022-12-13,18.204166666666666,21.299999999999997,24
52,2022-12-14,0.8208333333333333,0.8,24
52,2022-12-15,0.7041666666666666,0.7,24
52,2022-12-16,19.5125,21.95,24
52,2022-12-17,17.133333333333333,17.45,24
52,2022-12-18,21.462500000000002,20.35,24
52,2022-12-19,17.075,14.7,24
52,2022-12-20,25.224999999999998,20.5,24
52,2022-12-21,29.791666666666668,32.75,24
52,2022-12-22,31.183333333333334,31.200000000000003,24
52,2022-12-23,25.162499999999998,23.55,24
52,2022-12-24,27.083333333333332,26.65,24
52,2022-12-25,26.3,25.7,24
52,2022-12-26,27.34583333333333,27.45,24
52,2022-12-27,26.849999999999998,21.450000000000003,24
52,2022-12-28,20.662499999999998,22.0,24
52,2022-12-29,26.866666666666664,23.049999999999997,24
52,2022-12-30,23.208333333333332,24.45,24
52,2022-12-31,25.070833333333336,22.9,24
52,2023-01-01,19.783333333333335,23.05,24
52,2023-01-02,15.1625,15.5,24
52,2023-01-03,14.858333333333334,14.1,24
52,2023-01-04,17.1125,17.45,24
52,2023-01-05,11.545833333333334,11.95,24
52,2023-01-06,9.15,9.3,24
52,2023-01-07,12.025,13.4,24
52,2023-01-08,17.195833333333333,15.95,24
52,2023-01-09,15.883333333333333,15.05,24
52,2023-01-10,17.825,16.25,24
52,2023-01-11,24.866666666666664,24.85,24
52,2023-01-12,23.195833333333336,25.4,24
52,2023-01-13,20.295833333333334,22.95,24
52,2023-01-14,23.383333333333336,23.299999999999997,24
52,2023-01-15,28.4375,30.5,24
52,2023-01-16,17.712500000000002,17.450000000000003,24
52,2023-01-17,21.183333333333334,19.75,24
52,2023-01-18,23.52916666666667,25.5,24
52,2023-01-19,25.129166666666666,25.25,24
52,2023-01-20,24.65416666666667,24.3,24
52,2023-01-21,26.804166666666664,27.4,24
52,2023-01-22,30.308333333333334,35.650000000000006,24
52,2023-01-23,33.641666666666666,36.7,24
52,2023-01-24,24.516666666666666,21.8,24
52,2023-01-25,16.804166666666667,15.7,24
52,2023-01-26,29.333333333333332,26.9,24
52,2023-01-27,30.770833333333332,27.8,24
52,2023-01-28,16.695833333333333,15.4,24
52,2023-01-29,20.349999999999998,20.1,24
52,2023-01-30,29.2,29.4,24
52,2023-01-31,32.81666666666667,31.25,24
52,2023-02-01,45.01666666666667,44.8,24
52,2023-02-02,44.28333333333333,42.349999999999994,24
52,2023-02-03,38.666666666666664,39.3,24
52,2023-02-04,36.74166666666667,37.6,24
52,2023-02-05,29.979166666666668,29.4,24
52,2023-02-06,25.2625,26.45,24
52,2023-02-07,19.404166666666665,18.65,24
52,2023-02-08,19.908333333333335,18.299999999999997,24
52,2023-02-09,26.02916666666667,26.85,24
52,2023-02-10,24.59583333333333,26.25,24
52,2023-02-11,25.212500000000002,27.5,24
52,2023-02-12,27.754166666666666,29.95,24
52,2023-02-13,31.920833333333334,32.9,24
52,2023-02-14,42.61666666666667,40.15,24
52,2023-02-15,43.94166666666666,43.5,24
52,2023-02-16,26.15833333333333,24.9,24
52,2023-02-17,18.941666666666666,17.9,24
52,2023-02-18,21.55,20.45,24
52,2023-02-19,19.566666666666666,22.4,24
52,2023-02-20,31.637500000000003,28.700000000000003,24
52,2023-02-21,35.4125,36.35,24
52,2023-02-22,31.629166666666666,33.2,24
52,2023-02-23,31.433333333333334,29.7,24
52,2023-02-24,37.420833333333334,38.5,24
52,2023-02-25,26.816666666666666,24.05,24
52,2023-02-26,19.375,18.1,24
52,2023-02-27,26.354166666666668,23.3,24
52,2023-02-28,33.35,34.75,24
52,2023-03-01,46.625,47.55,24
52,2023-03-02,47.32916666666667,48.900000000000006,24
52,2023-03-03,39.02916666666667,41.150000000000006,24
52,2023-03-04,42.329166666666666,39.45,24
52,2023-03-05,50.42916666666667,49.400000000000006,24
52,2023-03-06,40.68333333333333,41.5,24
52,2023-03-07,41.15416666666666,39.849999999999994,24
52,2023-03-08,41.9625,41.25,24
52,2023-03-09,46.47083333333333,46.2,24
52,2023-03-10,39.19166666666667,38.5,24
52,2023-03-11,48.862500000000004,50.599999999999994,24
52,2023-03-12,65.84166666666667,68.0,24
52,2023-03-13,52.800000000000004,51.9,24
52,2023-03-14,43.64166666666667,41.05,24
52,2023-03-15,35.670833333333334,36.3,24
52,2023-03-16,30.97083333333333,30.75,24
52,2023-03-17,44.56666666666666,44.2,24
52,2023-03-18,34.204166666666666,34.7,24
52,2023-03-19,31.333333333333332,31.7,24
52,2023-03-20,29.375,29.9,24
52,2023-03-21,21.96666666666667,21.4,24
52,2023-03-22,16.983333333333334,18.200000000000003,24
52,2023-03-23,14.320833333333333,15.9,24
52,2023-03-24,14.570833333333333,15.649999999999999,24
52,2023-03-25,22.816666666666666,22.049999999999997,24
52,2023-03-26,25.933333333333334,27.5,24
52,2023-03-27,27.308333333333334,28.35,24
52,2023-03-28,26.895833333333332,26.6,24
52,2023-03-29,31.787499999999998,31.6,24
52,2023-03-30,38.02916666666667,35.900000000000006,24
52,2023-03-31,36.00833333333333,34.5,24
52,2023-04-01,42.975,40.25,24
52,2023-04-02,24.21666666666667,27.25,24
52,2023-04-03,16.650000000000002,16.4,24
52,2023-04-04,19.0625,17.2,24
52,2023-04-05,36.729166666666664,32.45,24
52,2023-04-06,55.15,49.2,24
52,2023-04-07,54.65833333333333,52.0,24
52,2023-04-08,42.0,41.35,24
52,2023-04-09,38.833333333333336,39.900000000000006,24
52,2023-04-10,30.541666666666668,30.9,24
52,2023-04-11,29.916666666666668,28.4,24
52,2023-04-12,44.23333333333333,42.15,24
52,2023-04-13,41.09583333333333,41.400000000000006,24
52,2023-04-14,30.608333333333334,30.7,24
52,2023-04-15,35.87916666666667,34.65,24
52,2023-04-16,37.69166666666667,37.35,24
52,2023-04-17,44.07916666666667,43.25,24
52,2023-04-18,38.99583333333333,37.15,24
52,2023-04-19,32.1875,33.45,24
52,2023-04-20,39.52916666666667,39.15,24
52,2023-04-21,36.32083333333333,36.45,24
52,2023-04-22,37.07083333333333,35.6,24
52,2023-04-23,32.775,33.05,24
52,2023-04-24,34.3125,35.95,24
52,2023-04-25,29.208333333333332,25.35,24
52,2023-04-26,30.741666666666664,32.599999999999994,24
52,2023-04-27,36.19166666666667,37.6,24
52,2023-04-28,24.46666666666667,25.85,24
52,2023-04-29,18.545833333333334,18.450000000000003,24
52,2023-04-30,28.47083333333333,26.8,24
52,2023-05-01,22.729166666666668,22.4,24
52,2023-05-02,23.016666666666666,21.9,24
52,2023-05-03,29.599999999999998,30.55,24
52,2023-05-04,29.6875,26.25,24
52,2023-05-05,19.925,19.55,24
52,2023-05-06,14.4625,15.0,24
52,2023-05-07,11.720833333333333,10.6,24
52,2023-05-08,19.508333333333333,19.4,24
52,2023-05-09,22.8875,22.450000000000003,24
52,2023-05-10,22.866666666666664,21.95,24
52,2023-05-11,21.808333333333334,20.4,24
52,2023-05-12,11.658333333333333,10.7,24
52,2023-05-13,7.504166666666666,7.25,24
52,2023-05-14,9.695833333333333,8.2,24
52,2023-05-15,15.637500000000001,15.1,24
52,2023-05-16,14.6,15.8,24
52,2023-05-17,17.770833333333332,16.75,24
52,2023-05-18,19.633333333333333,19.45,24
52,2023-05-19,18.508333333333333,18.700000000000003,24
52,2023-05-20,16.908333333333335,17.15,24
52,2023-05-21,19.095833333333335,19.0,24
52,2023-05-22,17.629166666666666,17.15,24
52,2023-05-23,18.745833333333334,18.6,24
52,2023-05-24,17.645833333333332,18.5,24
52,2023-05-25,18.433333333333334,18.25,24
52,2023-05-26,16.983333333333334,16.25,24
52,2023-05-27,19.170833333333334,18.0,24
52,2023-05-28,24.020833333333332,23.1,24
52,2023-05-29,17.558333333333334,17.049999999999997,24
52,2023-05-30,18.716666666666665,18.6,24
52,2023-05-31,13.512500000000001,13.05,24
52,2023-06-01,8.695833333333333,9.05,24
52,2023-06-02,10.283333333333333,9.6,24
52,2023-06-03,11.362499999999999,10.649999999999999,24
52,2023-06-04,11.720833333333333,11.5,24
52,2023-06-05,11.041666666666666,11.0,24
52,2023-06-06,13.341666666666667,11.45,24
52,2023-06-07,9.879166666666666,9.05,24
52,2023-06-08,8.950000000000001,8.15,24
52,2023-06-09,10.716666666666667,10.45,24
52,2023-06-10,12.820833333333333,15.100000000000001,24
52,2023-06-11,14.033333333333333,13.649999999999999,24
52,2023-06-12,11.508333333333333,11.5,24
52,2023-06-13,6.425,5.95,24
52,2023-06-14,5.3875,4.6,24
52,2023-06-15,8.041666666666666,6.199999999999999,24
52,2023-06-16,9.391666666666667,9.7,24
52,2023-06-17,8.833333333333334,9.25,24
52,2023-06-18,8.891666666666667,9.0,24
52,2023-06-19,9.1,8.9,24
52,2023-06-20,8.645833333333334,9.05,24
52,2023-06-21,7.120833333333334,7.4,24
52,2023-06-22,6.625,7.85,24
52,2023-06-23,6.8125,7.800000000000001,24
52,2023-06-24,6.470833333333334,7.65,24
52,2023-06-25,8.2875,8.399999999999999,24
52,2023-06-26,9.166666666666666,8.15,24
52,2023-06-27,10.970833333333333,11.35,24
52,2023-06-28,13.466666666666667,14.649999999999999,24
52,2023-06-29,17.129166666666666,16.4,24
52,2023-06-30,9.433333333333334,8.8,24
52,2023-07-01,11.445833333333333,11.850000000000001,24
52,2023-07-02,9.858333333333333,10.75,24
52,2023-07-03,6.366666666666667,6.8,24
52,2023-07-04,4.370833333333334,4.5,24
52,2023-07-05,5.033333333333333,5.05,24
52,2023-07-06,5.429166666666667,4.8,24
52,2023-07-07,8.375,8.35,24
52,2023-07-08,10.570833333333333,10.65,24
52,2023-07-09,10.658333333333333,9.399999999999999,24
52,2023-07-10,15.233333333333334,14.95,24
52,2023-07-11,10.191666666666666,7.9,24
52,2023-07-12,9.029166666666667,10.25,24
52,2023-07-13,7.616666666666667,6.05,24
52,2023-07-14,5.516666666666667,5.1,24
52,2023-07-15,7.983333333333333,7.6,24
52,2023-07-16,7.3,5.6,24
52,2023-07-17,12.266666666666666,12.75,24
52,2023-07-18,11.299999999999999,11.7,24
52,2023-07-19,8.566666666666666,8.25,24
52,2023-07-20,7.758333333333333,7.8,24
52,2023-07-21,10.862499999999999,10.149999999999999,24
52,2023-07-22,6.795833333333333,6.65,24
52,2023-07-23,9.241666666666667,8.350000000000001,24
52,2023-07-24,13.391666666666666,12.95,24
52,2023-07-25,13.858333333333334,13.7,24
52,2023-07-26,8.174999999999999,8.75,24
52,2023-07-27,6.175,6.05,24
52,2023-07-28,4.0874999999999995,3.9,24
52,2023-07-29,4.675,4.35,24
52,2023-07-30,3.358333333333333,3.2,24
52,2023-07-31,4.420833333333333,4.6,24
52,2023-08-01,4.616666666666666,4.1,24
52,2023-08-02,4.6375,4.5,24
52,2023-08-03,3.475,3.5,24
52,2023-08-04,3.6291666666666664,3.7,24
52,2023-08-05,4.016666666666667,3.4,24
52,2023-08-06,4.1375,4.05,24
52,2023-08-07,2.6458333333333335,2.55,24
52,2023-08-08,3.3000000000000003,3.4,24
52,2023-08-09,3.25,3.0,24
52,2023-08-10,6.579166666666667,4.75,24
52,2023-08-11,9.0375,8.4,24
52,2023-08-12,10.258333333333333,10.649999999999999,24
52,2023-08-13,12.424999999999999,12.85,24
52,2023-08-14,12.775,12.0,24
52,2023-08-15,8.879166666666666,8.95,24
52,2023-08-16,8.262500000000001,7.65,24
52,2023-08-17,8.908333333333333,9.1,24
52,2023-08-18,13.254166666666668,13.55,24
52,2023-08-19,15.129166666666668,13.4,24
52,2023-08-20,21.425,21.4,24
52,2023-08-21,12.045833333333334,13.2,24
52,2023-08-22,8.766666666666667,8.600000000000001,24
52,2023-08-23,9.829166666666667,10.35,24
52,2023-08-24,9.75,10.4,24
52,2023-08-25,7.425,7.85,24
52,2023-08-26,5.866666666666667,5.8,24
52,2023-08-27,5.5874999999999995,5.25,24
52,2023-08-28,6.458333333333333,5.800000000000001,24
52,2023-08-29,8.758333333333333,9.1,24
52,2023-08-30,7.354166666666667,6.6,24
52,2023-08-31,9.020833333333334,8.15,24
52,2023-09-01,15.666666666666666,16.55,24
52,2023-09-02,9.487499999999999,8.55,24
52,2023-09-03,17.241666666666667,17.4,24
52,2023-09-04,13.945833333333333,14.15,24
52,2023-09-05,5.904166666666666,5.050000000000001,24
52,2023-09-06,7.708333333333333,6.1,24
52,2023-09-07,12.554166666666667,12.4,24
52,2023-09-08,10.033333333333333,10.0,24
52,2023-09-09,7.004166666666666,6.199999999999999,24
52,2023-09-10,5.6375,5.3,24
52,2023-09-11,6.204166666666667,5.65,24
52,2023-09-12,4.904166666666667,4.15,24
52,2023-09-13,6.370833333333334,5.05,24
52,2023-09-14,8.458333333333334,9.149999999999999,24
52,2023-09-15,6.920833333333333,5.5,24
52,2023-09-16,6.0249999999999995,4.95,24
52,2023-09-17,7.254166666666666,5.8,24
52,2023-09-18,5.2625,5.35,24
52,2023-09-19,6.370833333333334,5.75,24
52,2023-09-20,10.629166666666666,11.55,24
52,2023-09-21,17.3375,16.799999999999997,24
52,2023-09-22,10.891666666666666,10.0,24
52,2023-09-23,15.4,15.25,24
52,2023-09-24,19.075,18.9,24
52,2023-09-25,12.808333333333332,12.0,24
52,2023-09-26,11.195833333333333,10.55,24
52,2023-09-27,9.929166666666667,10.25,24
52,2023-09-28,7.579166666666667,7.65,24
52,2023-09-29,6.0874999999999995,6.5,24
52,2023-09-30,3.845833333333333,4.1,24
52,2023-10-01,6.216666666666666,6.3,24
52,2023-10-02,7.720833333333334,8.3,24
52,2023-10-03,11.825000000000001,10.6,24
52,2023-10-04,10.116666666666667,8.7,24
52,2023-10-05,11.4,11.55,24
52,2023-10-06,7.0625,6.9,24
52,2023-10-07,5.079166666666667,4.05,24
52,2023-10-08,4.575,4.4,24
52,2023-10-09,4.433333333333334,3.5,24
52,2023-10-10,10.362499999999999,10.05,24
52,2023-10-11,11.508333333333333,11.6,24
52,2023-10-12,11.454166666666666,11.75,24
52,2023-10-13,12.0875,10.6,24
52,2023-10-14,9.554166666666667,10.5,24
52,2023-10-15,5.033333333333333,5.4,24
52,2023-10-16,9.6,10.350000000000001,24
52,2023-10-17,12.008333333333333,11.25,24
52,2023-10-18,20.233333333333334,20.1,24
52,2023-10-19,22.4375,20.9,24
52,2023-10-20,20.416666666666668,20.55,24
52,2023-10-21,8.779166666666667,9.7,24
52,2023-10-22,9.783333333333333,9.1,24
52,2023-10-23,14.295833333333334,12.7,24
52,2023-10-24,17.7,17.2,24
52,2023-10-25,11.720833333333333,10.7,24
52,2023-10-26,9.395833333333334,9.350000000000001,24
52,2023-10-27,7.4125000000000005,8.15,24
52,2023-10-28,7.1375,6.9,24
52,2023-10-29,6.791666666666667,5.3,24
52,2023-10-30,6.066666666666666,6.55,24
52,2023-10-31,8.395833333333334,6.4,24
52,2023-11-01,12.679166666666667,12.25,24
52,2023-11-02,15.629166666666668,14.350000000000001,24
52,2023-11-03,24.45,24.05,24
52,2023-11-04,23.087500000000002,23.45,24
52,2023-11-05,16.379166666666666,16.15,24
52,2023-11-06,13.316666666666668,14.05,24
52,2023-11-07,9.8375,9.45,24
52,2023-11-08,13.904166666666667,14.5,24
52,2023-11-09,16.891666666666666,15.75,24
52,2023-11-10,19.037499999999998,19.25,24
52,2023-11-11,15.541666666666666,15.9,24
52,2023-11-12,11.604166666666666,12.0,24
52,2023-11-13,5.770833333333333,5.25,24
52,2023-11-14,5.658333333333334,4.5,24
52,2023-11-15,7.554166666666667,5.9,24
52,2023-11-16,8.4625,7.8,24
52,2023-11-17,5.3625,5.0,24
52,2023-11-18,6.841666666666666,6.45,24
52,2023-11-19,5.295833333333333,6.25,24
52,2023-11-20,8.270833333333334,8.45,24
52,2023-11-21,9.5375,9.05,24
52,2023-11-22,9.266666666666667,8.7,24
52,2023-11-23,10.475,10.05,24
52,2023-11-24,9.729166666666666,9.4,24
52,2023-11-25,10.041666666666666,10.65,24
52,2023-11-26,11.358333333333334,12.850000000000001,24
52,2023-11-27,11.1,11.85,24
52,2023-11-28,10.870833333333332,12.3,24
52,2023-11-29,13.35,13.8,24
52,2023-11-30,12.108333333333334,11.75,24
52,2023-12-01,13.208333333333334,13.4,24
52,2023-12-02,6.816666666666666,7.449999999999999,24
52,2023-12-03,5.958333333333333,4.8,24
52,2023-12-04,8.395833333333334,7.2,24
52,2023-12-05,12.033333333333333,11.95,24
52,2023-12-06,9.854166666666666,9.45,24
52,2023-12-07,10.379166666666666,8.649999999999999,24
52,2023-12-08,11.916666666666666,10.85,24
52,2023-12-09,11.445833333333333,11.2,24
52,2023-12-10,13.141666666666666,13.05,24
52,2023-12-11,10.366666666666667,10.4,24
52,2023-12-12,15.875,16.0,24
52,2023-12-13,19.6875,19.5,24
52,2023-12-14,15.316666666666668,13.65,24
52,2023-12-15,15.7875,15.0,24
52,2023-12-16,15.641666666666666,16.9,24
52,2023-12-17,11.208333333333334,12.3,24
52,2023-12-18,11.120833333333332,11.05,24
52,2023-12-19,11.299999999999999,11.9,24
52,2023-12-20,10.945833333333333,10.350000000000001,24
52,2023-12-21,8.141666666666667,7.6,24
52,2023-12-22,12.245833333333332,12.85,24
52,2023-12-23,12.6875,13.100000000000001,24
52,2023-12-24,10.725,11.0,24
52,2023-12-25,12.120833333333332,14.0,24
52,2023-12-26,13.233333333333334,14.0,24
52,2023-12-27,9.479166666666666,9.1,24
52,2023-12-28,9.725,9.55,24
52,2023-12-29,9.370833333333334,8.7,24
52,2023-12-30,9.708333333333334,9.05,24
52,2023-12-31,9.133333333333333,8.65,24
52,2024-01-01,9.145833333333334,8.95,24
52,2024-01-02,10.304166666666667,11.3,24
52,2024-01-03,8.854166666666666,8.649999999999999,24
52,2024-01-04,8.9625,9.4,24
52,2024-01-05,9.829166666666667,9.75,24
52,2024-01-06,11.254166666666668,11.05,24
52,2024-01-07,13.987499999999999,14.3,24
52,2024-01-08,14.075000000000001,13.8,24
52,2024-01-09,11.975,12.15,24
52,2024-01-10,12.745833333333332,12.3,24
52,2024-01-11,21.7,18.95,24
52,2024-01-12,24.925,23.7,24
52,2024-01-13,27.900000000000002,27.5,24
52,2024-01-14,20.1125,19.549999999999997,24
52,2024-01-15,14.370833333333332,15.15,24
52,2024-01-16,13.5375,14.3,24
52,2024-01-17,10.116666666666667,9.7,24
52,2024-01-18,13.666666666666666,12.899999999999999,24
52,2024-01-19,10.25,10.3,24
52,2024-01-20,11.616666666666667,11.2,24
52,2024-01-21,8.745833333333334,7.75,24
52,2024-01-22,11.487499999999999,11.0,24
52,2024-01-23,16.970833333333335,16.799999999999997,24
52,2024-01-24,18.900000000000002,16.15,24
52,2024-01-25,20.870833333333334,21.05,24
52,2024-01-26,17.258333333333333,16.700000000000003,24
52,2024-01-27,19.383333333333333,18.9,24
52,2024-01-28,20.25,20.85,24
52,2024-01-29,18.895833333333332,19.4,24
52,2024-01-30,18.233333333333334,18.35,24
52,2024-01-31,14.158333333333333,12.35,24
52,2024-02-01,8.666666666666666,8.75,24
52,2024-02-02,7.75,6.75,24
52,2024-02-03,10.520833333333334,11.0,24
52,2024-02-04,19.620833333333334,20.35,24
52,2024-02-05,18.241666666666667,17.75,24
52,2024-02-06,14.929166666666667,15.1,24
52,2024-02-07,16.691666666666666,16.05,24
52,2024-02-08,17.283333333333335,18.55,24
52,2024-02-09,19.604166666666668,19.549999999999997,24
52,2024-02-10,27.129166666666666,27.85,24
52,2024-02-11,37.670833333333334,39.0,24
52,2024-02-12,26.383333333333336,25.35,24
52,2024-02-13,19.341666666666665,19.0,24
52,2024-02-14,15.516666666666666,15.0,24
52,2024-02-15,16.658333333333335,15.0,24
52,2024-02-16,22.0,22.25,24
52,2024-02-17,25.954166666666666,24.5,24
52,2024-02-18,21.120833333333334,20.8,24
52,2024-02-19,16.650000000000002,16.1,24
52,2024-02-20,14.424999999999999,14.25,24
52,2024-02-21,13.450000000000001,13.1,24
52,2024-02-22,18.166666666666668,16.6,24
52,2024-02-23,15.154166666666667,15.65,24
52,2024-02-24,19.1125,17.7,24
52,2024-02-25,28.708333333333332,30.549999999999997,24
52,2024-02-26,33.050000000000004,32.3,24
52,2024-02-27,33.012499999999996,31.9,24
52,2024-02-28,28.108333333333334,27.700000000000003,24
52,2024-02-29,21.575,21.55,24
52,2024-03-01,22.2375,21.45,24
52,2024-03-02,30.741666666666664,28.65,24
52,2024-03-03,27.958333333333332,29.299999999999997,24
52,2024-03-04,16.454166666666666,15.1,24
52,2024-03-05,19.845833333333335,23.55,24
52,2024-03-06,29.145833333333332,26.95,24
52,2024-03-07,42.487500000000004,41.3,24
52,2024-03-08,34.916666666666664,35.150000000000006,24
52,2024-03-09,30.787499999999998,31.5,24
52,2024-03-10,24.825,24.35,24
52,2024-03-11,25.65833333333333,22.35,24
52,2024-03-12,39.983333333333334,40.8,24
52,2024-03-13,16.458333333333332,12.45,24
52,2024-03-14,23.4375,24.1,24
52,2024-03-15,38.550000000000004,41.6,24
52,2024-03-16,37.18333333333333,37.8,24
52,2024-03-17,45.07083333333333,48.05,24
52,2024-03-18,42.61666666666667,42.85,24
52,2024-03-19,44.10833333333333,43.349999999999994,24
52,2024-03-20,24.045833333333334,21.299999999999997,24
52,2024-03-21,18.9375,16.9,24
52,2024-03-22,27.150000000000002,27.9,24
52,2024-03-23,21.275000000000002,21.65,24
52,2024-03-24,14.725,14.1,24
52,2024-03-25,17.704166666666666,14.8,24
52,2024-03-26,28.55416666666667,26.200000000000003,24
52,2024-03-27,36.512499999999996,37.4,24
52,2024-03-28,24.141666666666666,25.1,24
52,2024-03-29,27.958333333333332,25.8,24
52,2024-03-30,20.583333333333332,20.1,24
52,2024-03-31,27.141666666666666,28.35,24
52,2024-04-01,28.116666666666664,27.049999999999997,24
52,2024-04-02,29.041666666666668,28.700000000000003,24
52,2024-04-03,36.21666666666667,37.4,24
52,2024-04-04,35.824999999999996,35.4,24
52,2024-04-05,40.25416666666667,39.05,24
52,2024-04-06,44.0375,41.7,24
52,2024-04-07,39.954166666666666,39.35,24
52,2024-04-08,37.233333333333334,36.95,24
52,2024-04-09,40.21666666666667,39.349999999999994,24
52,2024-04-10,41.3125,41.0,24
52,2024-04-11,38.895833333333336,42.2,24
52,2024-04-12,23.625,22.8,24
52,2024-04-13,28.291666666666668,27.8,24
52,2024-04-14,24.52916666666667,26.200000000000003,24
52,2024-04-15,26.537499999999998,26.35,24
52,2024-04-16,23.616666666666664,22.15,24
52,2024-04-17,18.904166666666665,18.6,24
52,2024-04-18,26.504166666666666,28.450000000000003,24
52,2024-04-19,30.758333333333336,31.1,24
52,2024-04-20,23.84583333333333,24.4,24
52,2024-04-21,26.879166666666666,25.450000000000003,24
52,2024-04-22,28.254166666666666,28.5,24
52,2024-04-23,29.041666666666668,29.1,24
52,2024-04-24,25.1125,25.1,24
52,2024-04-25,24.224999999999998,20.7,24
52,2024-04-26,21.283333333333335,20.25,24
52,2024-04-27,27.645833333333332,29.75,24
52,2024-04-28,29.45,30.8,24
52,2024-04-29,29.8625,28.5,24
52,2024-04-30,24.995833333333334,24.4,24
52,2024-05-01,27.8875,26.95,24
52,2024-05-02,35.96666666666667,36.45,24
52,2024-05-03,30.016666666666666,30.1,24
52,2024-05-04,26.383333333333336,25.25,24
52,2024-05-05,17.770833333333332,18.05,24
52,2024-05-06,22.366666666666664,20.85,24
52,2024-05-07,40.92916666666667,41.650000000000006,24
52,2024-05-08,38.87916666666667,40.25,24
52,2024-05-09,24.974999999999998,24.85,24
52,2024-05-10,21.47083333333333,21.5,24
52,2024-05-11,20.8875,19.9,24
52,2024-05-12,15.195833333333333,15.2,24
52,2024-05-13,19.366666666666667,18.75,24
52,2024-05-14,17.154166666666665,17.85,24
52,2024-05-15,18.3125,18.0,24
52,2024-05-16,19.804166666666667,19.25,24
52,2024-05-17,19.279166666666665,20.35,24
52,2024-05-18,10.137500000000001,10.5,24
52,2024-05-19,14.208333333333334,14.399999999999999,24
52,2024-05-20,16.516666666666666,17.1,24
52,2024-05-21,10.833333333333334,10.1,24
52,2024-05-22,10.9375,11.350000000000001,24
52,2024-05-23,9.220833333333333,9.2,24
52,2024-05-24,4.4624999999999995,3.6,24
52,2024-05-25,4.766666666666667,5.05,24
52,2024-05-26,4.6375,4.65,24
52,2024-05-27,5.445833333333333,5.75,24
52,2024-05-28,6.254166666666666,5.050000000000001,24
52,2024-05-29,7.791666666666667,7.449999999999999,24
52,2024-05-30,9.475,9.149999999999999,24
52,2024-05-31,17.125,15.8,24
52,2024-06-01,6.258333333333333,5.55,24
52,2024-06-02,5.454166666666667,5.75,24
52,2024-06-03,3.983333333333333,3.45,24
52,2024-06-04,7.445833333333333,5.15,24
52,2024-06-05,11.695833333333333,12.0,24
52,2024-06-06,6.120833333333334,5.550000000000001,24
52,2024-06-07,6.545833333333333,5.2,24
52,2024-06-08,8.729166666666666,7.199999999999999,24
52,2024-06-09,12.549999999999999,12.1,24
52,2024-06-10,6.170833333333333,6.25,24
52,2024-06-11,6.304166666666667,5.25,24
52,2024-06-12,5.529166666666666,4.65,24
52,2024-06-13,4.0625,3.7,24
52,2024-06-14,3.5625,3.6,24
52,2024-06-15,5.520833333333333,4.65,24
52,2024-06-16,7.004166666666666,6.95,24
52,2024-06-17,5.370833333333334,5.65,24
52,2024-06-18,6.925,6.85,24
52,2024-06-19,5.7,4.65,24
52,2024-06-20,5.416666666666667,5.5,24
52,2024-06-21,7.304166666666667,5.699999999999999,24
52,2024-06-22,15.595833333333333,15.1,24
52,2024-06-23,11.495833333333332,9.8,24
52,2024-06-24,10.408333333333333,8.35,24
52,2024-06-25,7.895833333333333,7.7,24
52,2024-06-26,5.1875,4.1,24
52,2024-06-27,5.404166666666666,5.45,24
52,2024-06-28,7.883333333333333,7.699999999999999,24
52,2024-06-29,6.5874999999999995,6.25,24
52,2024-06-30,6.5249999999999995,5.1,24
52,2024-07-01,5.733333333333333,5.55,24
52,2024-07-02,6.883333333333333,6.15,24
52,2024-07-03,9.166666666666666,8.75,24
52,2024-07-04,7.75,7.5,24
52,2024-07-05,8.295833333333333,9.25,24
52,2024-07-06,6.545833333333333,7.25,24
52,2024-07-07,8.954166666666667,8.65,24
52,2024-07-08,7.408333333333334,8.15,24
52,2024-07-09,9.85,9.149999999999999,24
52,2024-07-10,11.204166666666666,10.9,24
52,2024-07-11,7.491666666666667,6.85,24
52,2024-07-12,7.075,6.1,24
52,2024-07-13,5.883333333333333,5.3,24
52,2024-07-14,5.4624999999999995,5.050000000000001,24
52,2024-07-15,12.070833333333333,10.7,24
52,2024-07-16,10.583333333333334,9.15,24
52,2024-07-17,9.525,8.45,24
52,2024-07-18,6.8999999999999995,6.5,24
52,2024-07-19,5.904166666666666,4.300000000000001,24
52,2024-07-20,5.241666666666666,4.9,24
52,2024-07-21,6.079166666666667,5.75,24
52,2024-07-22,4.641666666666667,3.7,24
52,2024-07-23,4.429166666666666,4.35,24
52,2024-07-24,3.3625000000000003,2.9,24
52,2024-07-25,3.0041666666666664,3.1,24
52,2024-07-26,3.5875,3.25,24
52,2024-07-27,5.166666666666667,4.8,24
52,2024-07-28,4.133333333333334,4.05,24
52,2024-07-29,4.9750000000000005,4.65,24
52,2024-07-30,3.720833333333333,3.6,24
52,2024-07-31,3.858333333333333,3.55,24
52,2024-08-01,3.7583333333333333,3.25,24
52,2024-08-02,4.9125000000000005,5.15,24
52,2024-08-03,6.8625,6.050000000000001,24
52,2024-08-04,6.904166666666666,6.75,24
52,2024-08-05,6.9624999999999995,7.0,24
52,2024-08-06,7.1625000000000005,5.8,24
52,2024-08-07,5.404166666666666,5.25,24
52,2024-08-08,9.545833333333333,9.649999999999999,24
52,2024-08-09,12.3375,11.850000000000001,24
52,2024-08-10,8.316666666666666,8.15,24
52,2024-08-11,10.4375,10.7,24
52,2024-08-12,11.483333333333334,11.350000000000001,24
52,2024-08-13,5.291666666666667,4.65,24
52,2024-08-14,7.579166666666667,6.95,24
52,2024-08-15,7.679166666666667,6.3,24
52,2024-08-16,8.129166666666666,7.35,24
52,2024-08-17,7.404166666666666,6.5,24
52,2024-08-18,8.612499999999999,8.25,24
52,2024-08-19,6.8625,6.9,24
52,2024-08-20,5.741666666666667,4.95,24
52,2024-08-21,5.8999999999999995,5.949999999999999,24
52,2024-08-22,3.9333333333333336,4.15,24
52,2024-08-23,4.3999999999999995,3.75,24
52,2024-08-24,8.229166666666666,7.65,24
52,2024-08-25,8.4125,7.3,24
52,2024-08-26,6.7749999999999995,6.3,24
52,2024-08-27,8.133333333333333,7.05,24
52,2024-08-28,7.558333333333334,7.55,24
52,2024-08-29,6.325,6.75,24
52,2024-08-30,7.9375,8.2,24
52,2024-08-31,11.895833333333334,11.850000000000001,24
52,2024-09-01,7.008333333333333,6.05,24
52,2024-09-02,7.191666666666666,3.8499999999999996,24
52,2024-09-03,11.704166666666666,11.1,24
52,2024-09-04,8.429166666666667,7.699999999999999,24
52,2024-09-05,11.549999999999999,12.0,24
52,2024-09-06,10.35,11.15,24
52,2024-09-07,8.424999999999999,9.15,24
52,2024-09-08,3.204166666666667,2.8499999999999996,24
52,2024-09-09,3.5208333333333335,3.4,24
52,2024-09-10,3.466666666666667,3.3499999999999996,24
52,2024-09-11,5.566666666666666,4.85,24
52,2024-09-12,6.120833333333334,6.55,24
52,2024-09-13,7.3875,6.4,24
52,2024-09-14,13.525,13.399999999999999,24
52,2024-09-15,18.383333333333333,18.299999999999997,24
52,2024-09-16,16.858333333333334,17.200000000000003,24
52,2024-09-17,15.833333333333334,16.1,24
52,2024-09-18,11.570833333333333,8.2,24
52,2024-09-19,11.5625,11.3,24
52,2024-09-20,15.679166666666667,15.2,24
52,2024-09-21,11.554166666666667,12.5,24
52,2024-09-22,7.5874999999999995,7.550000000000001,24
52,2024-09-23,7.1125,6.8,24
52,2024-09-24,6.808333333333334,7.3,24
52,2024-09-25,5.041666666666667,4.1,24
52,2024-09-26,9.612499999999999,9.45,24
52,2024-09-27,13.625,14.1,24
52,2024-09-28,12.729166666666666,12.649999999999999,24
52,2024-09-29,15.141666666666666,15.3,24
52,2024-09-30,14.025,12.899999999999999,24
52,2024-10-01,10.920833333333334,11.3,24
52,2024-10-02,7.566666666666666,7.1,24
52,2024-10-03,9.291666666666666,10.6,24
52,2024-10-04,10.916666666666666,8.649999999999999,24
52,2024-10-05,12.054166666666667,12.1,24
52,2024-10-06,20.704166666666666,21.4,24
52,2024-10-07,17.483333333333334,17.8,24
52,2024-10-08,17.25,17.0,24
52,2024-10-09,22.129166666666666,25.5,24
52,2024-10-10,20.220833333333335,20.049999999999997,24
52,2024-10-11,19.7625,22.65,24
52,2024-10-12,22.47083333333333,22.2,24
52,2024-10-13,22.400000000000002,22.1,24
52,2024-10-14,19.55,16.549999999999997,24
52,2024-10-15,17.8125,15.95,24
52,2024-10-16,21.625,22.0,24
52,2024-10-17,14.200000000000001,16.4,24
52,2024-10-18,19.925,20.3,24
52,2024-10-19,7.925,7.6000000000000005,24
52,2024-10-20,6.408333333333334,6.300000000000001,24
52,2024-10-21,8.3375,8.899999999999999,24
52,2024-10-22,6.866666666666667,7.4,24
52,2024-10-23,8.879166666666666,7.2,24
52,2024-10-24,14.033333333333333,13.3,24
52,2024-10-25,16.1125,16.8,24
52,2024-10-26,17.066666666666666,16.5,24
52,2024-10-27,11.120833333333332,10.8,24
52,2024-10-28,7.425,7.0,24
52,2024-10-29,7.904166666666666,7.3,24
52,2024-10-30,10.570833333333333,9.65,24
52,2024-10-31,19.541666666666668,19.6,24
52,2024-11-01,19.025000000000002,19.700000000000003,24
52,2024-11-02,11.933333333333332,11.45,24
52,2024-11-03,11.658333333333333,11.7,24
52,2024-11-04,8.137500000000001,7.45,24
52,2024-11-05,10.299999999999999,9.3,24
52,2024-11-06,6.358333333333333,6.300000000000001,24
52,2024-11-07,13.225,14.75,24
52,2024-11-08,15.170833333333334,13.2,24
52,2024-11-09,19.054166666666667,19.75,24
52,2024-11-10,16.875,16.25,24
52,2024-11-11,12.391666666666666,11.600000000000001,24
52,2024-11-12,16.283333333333335,15.3,24
52,2024-11-13,23.479166666666668,23.75,24
52,2024-11-14,18.20416666666667,17.95,24
52,2024-11-15,7.7375,8.7,24
52,2024-11-16,7.45,7.3,24
52,2024-11-17,7.016666666666667,6.6,24
52,2024-11-18,10.170833333333333,11.35,24
52,2024-11-19,10.241666666666667,10.95,24
52,2024-11-20,11.0,11.0,24
52,2024-11-21,10.075000000000001,9.75,24
52,2024-11-22,12.15,12.25,24
52,2024-11-23,10.729166666666666,8.649999999999999,24
52,2024-11-24,15.049999999999999,15.8,24
52,2024-11-25,14.608333333333334,16.05,24
52,2024-11-26,13.075000000000001,14.100000000000001,24
52,2024-11-27,8.995833333333334,9.95,24
52,2024-11-28,8.362499999999999,8.75,24
52,2024-11-29,15.333333333333334,15.2,24
52,2024-11-30,10.616666666666667,10.55,24
52,2024-12-01,14.145833333333334,12.45,24
52,2024-12-02,20.425,20.35,24
52,2024-12-03,18.195833333333333,17.5,24
52,2024-12-04,18.712500000000002,19.75,24
52,2024-12-05,18.766666666666666,19.15,24
52,2024-12-06,12.179166666666667,12.4,24
52,2024-12-07,14.754166666666668,13.25,24
52,2024-12-08,11.945833333333333,12.15,24
52,2024-12-09,16.004166666666666,16.2,24
52,2024-12-10,14.729166666666666,15.0,24
52,2024-12-11,17.379166666666666,16.45,24
52,2024-12-12,11.9125,12.649999999999999,24
52,2024-12-13,9.608333333333333,7.4,24
52,2024-12-14,13.758333333333333,12.3,24
52,2024-12-15,11.3125,11.6,24
52,2024-12-16,13.429166666666667,13.1,24
52,2024-12-17,11.179166666666667,10.7,24
52,2024-12-18,9.020833333333334,8.05,24
52,2024-12-19,15.958333333333334,16.2,24
52,2024-12-20,16.129166666666666,16.1,24
52,2024-12-21,17.941666666666666,17.8,24
52,2024-12-22,18.191666666666666,18.1,24
52,2024-12-23,22.03333333333333,21.7,24
52,2024-12-24,18.316666666666666,18.85,24
52,2024-12-25,13.887500000000001,14.850000000000001,24
52,2024-12-26,15.237499999999999,16.5,24
52,2024-12-27,8.229166666666666,8.25,24
52,2024-12-28,8.299999999999999,8.45,24
52,2024-12-29,12.166666666666666,14.0,24
52,2024-12-30,13.720833333333333,13.95,24
52,2024-12-31,13.125,12.55,24
52,2025-01-01,11.504166666666668,11.95,24
52,2025-01-02,14.395833333333334,14.95,24
52,2025-01-03,12.7875,14.3,24
52,2025-01-04,13.200000000000001,13.600000000000001,24
52,2025-01-05,19.5125,20.700000000000003,24
52,2025-01-06,18.395833333333332,17.8,24
52,2025-01-07,22.141666666666666,22.4,24
52,2025-01-08,25.929166666666664,25.5,24
52,2025-01-09,22.866666666666664,22.8,24
52,2025-01-10,18.179166666666667,17.15,24
52,2025-01-11,14.541666666666666,13.399999999999999,24
52,2025-01-12,13.862499999999999,13.899999999999999,24
52,2025-01-13,13.1625,12.9,24
52,2025-01-14,9.933333333333334,8.8,24
52,2025-01-15,12.308333333333332,12.4,24
52,2025-01-16,7.579166666666667,8.2,24
52,2025-01-17,16.066666666666666,15.7,24
52,2025-01-18,17.991666666666667,17.8,24
52,2025-01-19,14.916666666666666,14.1,24
52,2025-01-20,24.724999999999998,22.95,24
52,2025-01-21,27.416666666666668,26.3,24
52,2025-01-22,30.3625,28.55,24
52,2025-01-23,39.75416666666667,40.5,24
52,2025-01-24,29.662499999999998,29.950000000000003,24
52,2025-01-25,29.195833333333336,28.65,24
52,2025-01-26,24.666666666666668,26.15,24
52,2025-01-27,21.483333333333334,23.15,24
52,2025-01-28,24.1875,23.8,24
52,2025-01-29,22.241666666666664,22.2,24
52,2025-01-30,24.037499999999998,20.950000000000003,24
52,2025-01-31,20.316666666666666,19.45,24
52,2025-02-01,21.254166666666666,21.15,24
52,2025-02-02,18.783333333333335,18.7,24
52,2025-02-03,19.8875,17.700000000000003,24
52,2025-02-04,21.758333333333336,21.25,24
52,2025-02-05,29.22083333333333,28.15,24
52,2025-02-06,28.412499999999998,28.65,24
52,2025-02-07,31.787499999999998,30.5,24
52,2025-02-08,29.0625,30.3,24
52,2025-02-09,22.599999999999998,22.6,24
52,2025-02-10,18.966666666666665,19.299999999999997,24
52,2025-02-11,19.2625,17.85,24
52,2025-02-12,20.0125,19.7,24
52,2025-02-13,23.479166666666668,22.450000000000003,24
52,2025-02-14,23.983333333333334,26.950000000000003,24
52,2025-02-15,28.120833333333334,29.75,24
52,2025-02-16,31.545833333333334,31.200000000000003,24
52,2025-02-17,38.862500000000004,37.2,24
52,2025-02-18,51.229166666666664,50.55,24
52,2025-02-19,38.52916666666667,37.85,24
52,2025-02-20,32.97083333333333,29.049999999999997,24
52,2025-02-21,29.162499999999998,31.05,24
52,2025-02-22,30.204166666666666,30.65,24
52,2025-02-23,22.729166666666668,21.15,24
52,2025-02-24,12.008333333333333,12.1,24
52,2025-02-25,11.679166666666667,13.4,24
52,2025-02-26,15.829166666666666,15.0,24
52,2025-02-27,14.245833333333332,12.6,24
52,2025-02-28,16.037499999999998,15.2,24
52,2025-03-01,15.616666666666667,16.15,24
52,2025-03-02,16.379166666666666,17.35,24
52,2025-03-03,23.858333333333334,24.35,24
52,2025-03-04,38.5375,41.65,24
52,2025-03-05,45.375,45.65,24
52,2025-03-06,35.8375,37.55,24
52,2025-03-07,46.9,46.25,24
52,2025-03-08,39.625,37.25,24
52,2025-03-09,30.6375,28.65,24
52,2025-03-10,30.912499999999998,24.35,24
52,2025-03-11,19.095833333333335,19.2,24
52,2025-03-12,26.766666666666666,27.8,24
52,2025-03-13,23.3125,22.7,24
52,2025-03-14,20.8125,20.85,24
52,2025-03-15,23.691666666666666,24.7,24
52,2025-03-16,34.862500000000004,34.95,24
52,2025-03-17,42.737500000000004,41.95,24
52,2025-03-18,33.8125,31.2,24
52,2025-03-19,73.8125,72.94999999999999,24
52,2025-03-20,53.550000000000004,55.7,24
52,2025-03-21,55.25,55.3,24
52,2025-03-22,74.53750000000001,72.65,24
52,2025-03-23,51.725,54.35,24
52,2025-03-24,60.63333333333333,58.8,24
52,2025-03-25,42.25,38.45,24
52,2025-03-26,22.570833333333336,24.0,24
52,2025-03-27,26.808333333333334,27.3,24
52,2025-03-28,30.479166666666668,31.55,24
52,2025-03-29,53.06666666666666,48.3,24
52,2025-03-30,47.8375,47.55,24
52,2025-03-31,33.17916666666667,40.75,24
52,2025-04-01,45.92083333333333,45.45,24
52,2025-04-02,42.1625,41.0,24
52,2025-04-03,45.44583333333333,43.45,24
52,2025-04-04,39.80833333333333,40.15,24
52,2025-04-05,32.32083333333333,32.35,24
52,2025-04-06,21.383333333333336,22.55,24
52,2025-04-07,17.708333333333332,19.15,24
52,2025-04-08,19.866666666666667,19.05,24
52,2025-04-09,30.429166666666664,28.549999999999997,24
52,2025-04-10,38.03333333333333,38.150000000000006,24
52,2025-04-11,29.316666666666666,31.05,24
52,2025-04-12,12.154166666666667,12.3,24
52,2025-04-13,12.525,12.85,24
52,2025-04-14,27.429166666666664,31.5,24
52,2025-04-15,24.120833333333334,17.8,24
52,2025-04-16,10.566666666666666,7.5,24
52,2025-04-17,10.112499999999999,9.8,24
52,2025-04-18,8.904166666666667,7.050000000000001,24
52,2025-04-19,16.662499999999998,16.95,24
52,2025-04-20,15.891666666666666,16.0,24
52,2025-04-21,18.654166666666665,19.6,24
52,2025-04-22,12.9,12.7,24
52,2025-04-23,17.066666666666666,16.2,24
52,2025-04-24,23.71666666666667,23.5,24
52,2025-04-25,33.72083333333333,33.95,24
52,2025-04-26,27.670833333333334,29.049999999999997,24
52,2025-04-27,23.0125,23.6,24
52,2025-04-28,19.470833333333335,18.4,24
52,2025-04-29,17.754166666666666,19.799999999999997,24
52,2025-04-30,18.6375,17.6,24
52,2025-05-01,14.920833333333334,14.600000000000001,24
52,2025-05-02,14.791666666666666,13.9,24
52,2025-05-03,15.945833333333333,16.65,24
52,2025-05-04,17.304166666666667,16.85,24
52,2025-05-05,9.095833333333333,8.2,24
52,2025-05-06,11.604166666666666,11.0,24
52,2025-05-07,14.1625,13.7,24
52,2025-05-08,16.079166666666666,14.7,24
52,2025-05-09,19.045833333333334,19.65,24
52,2025-05-10,31.379166666666666,32.5,24
52,2025-05-11,16.974999999999998,16.5,24
52,2025-05-12,17.133333333333333,17.3,24
52,2025-05-13,18.8,22.85,24
52,2025-05-14,21.933333333333334,19.549999999999997,24
52,2025-05-15,11.579166666666666,10.850000000000001,24
52,2025-05-16,17.033333333333335,13.2,24
52,2025-05-17,9.904166666666667,10.8,24
52,2025-05-18,9.995833333333334,10.149999999999999,24
52,2025-05-19,9.725,10.0,24
52,2025-05-20,14.133333333333333,14.5,24
52,2025-05-21,13.9625,14.7,24
52,2025-05-22,19.391666666666666,17.9,24
52,2025-05-23,13.725,14.0,24
52,2025-05-24,6.8500000000000005,6.5,24
52,2025-05-25,5.108333333333333,4.9,24
52,2025-05-26,6.383333333333333,4.1,24
52,2025-05-27,8.416666666666666,8.2,24
52,2025-05-28,9.570833333333333,9.1,24
52,2025-05-29,10.700000000000001,9.35,24
52,2025-05-30,7.883333333333333,7.9,24
52,2025-05-31,7.104166666666667,6.800000000000001,24
52,2025-06-01,6.795833333333333,6.449999999999999,24
52,2025-06-02,4.870833333333333,4.35,24
52,2025-06-03,7.495833333333334,5.3,24
52,2025-06-04,20.833333333333332,19.15,24
52,2025-06-05,22.229166666666668,21.65,24
52,2025-06-06,31.741666666666664,23.0,24
52,2025-06-07,18.875,15.5,24
52,2025-06-08,15.991666666666667,11.850000000000001,24
52,2025-06-09,13.737499999999999,12.55,24
52,2025-06-10,14.641666666666666,13.65,24
52,2025-06-11,10.983333333333334,11.2,24
52,2025-06-12,11.270833333333334,12.3,24
52,2025-06-13,13.762500000000001,12.600000000000001,24
52,2025-06-14,6.141666666666667,5.8,24
52,2025-06-15,6.9624999999999995,4.9,24
52,2025-06-16,6.179166666666667,6.05,24
52,2025-06-17,7.25,6.949999999999999,24
52,2025-06-18,6.754166666666666,6.4,24
52,2025-06-19,8.108333333333333,8.600000000000001,24
52,2025-06-20,11.129166666666668,10.5,24
52,2025-06-21,12.775,14.05,24
52,2025-06-22,10.558333333333334,9.25,24
52,2025-06-23,7.325,6.95,24
52,2025-06-24,11.758333333333333,10.0,24
52,2025-06-25,13.0625,12.5,24
52,2025-06-26,14.924999999999999,14.9,24
52,2025-06-27,7.0125,6.5,24
52,2025-06-28,5.441666666666666,5.4,24
52,2025-06-29,8.833333333333334,9.35,24
52,2025-06-30,7.479166666666667,6.199999999999999,24
52,2025-07-01,11.520833333333334,9.7,24
52,2025-07-02,7.341666666666666,7.949999999999999,24
52,2025-07-03,8.841666666666667,8.25,24
52,2025-07-04,15.366666666666667,15.75,24
52,2025-07-05,11.104166666666666,10.9,24
52,2025-07-06,6.591666666666668,5.3,24
52,2025-07-07,8.129166666666666,7.45,24
52,2025-07-08,7.783333333333334,7.35,24
52,2025-07-09,9.541666666666666,10.649999999999999,24
52,2025-07-10,8.8375,8.45,24
52,2025-07-11,8.754166666666666,8.7,24
52,2025-07-12,9.104166666666666,7.75,24
52,2025-07-13,11.191666666666668,11.15,24
52,2025-07-14,15.345833333333333,12.0,24
52,2025-07-15,11.495833333333332,10.25,24
52,2025-07-16,6.4375,6.15,24
52,2025-07-17,6.554166666666667,6.3,24
52,2025-07-18,7.783333333333334,6.5,24
52,2025-07-19,13.029166666666667,11.2,24
52,2025-07-20,8.133333333333333,7.75,24
52,2025-07-21,6.795833333333333,7.05,24
52,2025-07-22,3.7458333333333336,3.85,24
52,2025-07-23,2.625,2.8,24
52,2025-07-24,2.7125,2.7,24
52,2025-07-25,5.266666666666667,4.65,24
52,2025-07-26,5.341666666666666,5.4,24
52,2025-07-27,3.641666666666667,3.2,24
52,2025-07-28,3.2416666666666667,2.8499999999999996,24
52,2025-07-29,6.2625,6.4,24
52,2025-07-30,7.6000000000000005,6.0,24
52,2025-07-31,8.637500000000001,8.55,24
52,2025-08-01,8.195833333333333,8.45,24
52,2025-08-02,8.395833333333334,7.5,24
52,2025-08-03,11.483333333333334,12.2,24
52,2025-08-04,6.666666666666667,7.15,24
52,2025-08-05,5.958333333333333,5.8,24
52,2025-08-06,6.6375,7.8500000000000005,24
52,2025-08-07,8.025,7.699999999999999,24
52,2025-08-08,9.291666666666666,8.45,24
52,2025-08-09,11.216666666666667,9.899999999999999,24
52,2025-08-10,8.475,8.05,24
52,2025-08-11,11.85,11.2,24
52,2025-08-12,7.1499999999999995,7.2,24
52,2025-08-13,11.804166666666667,12.55,24
52,2025-08-14,12.054166666666667,9.45,24
52,2025-08-15,11.2875,11.4,24
52,2025-08-16,6.816666666666666,7.5,24
52,2025-08-17,9.408333333333333,6.75,24
52,2025-08-18,11.829166666666666,12.45,24
52,2025-08-19,9.424999999999999,8.55,24
52,2025-08-20,11.370833333333332,11.4,24
52,2025-08-21,13.754166666666668,12.7,24
52,2025-08-22,10.608333333333333,11.2,24
52,2025-08-23,6.391666666666667,7.0,24
52,2025-08-24,13.304166666666667,11.4,24
52,2025-08-25,13.375,12.9,24
52,2025-08-26,8.783333333333333,7.25,24
52,2025-08-27,4.516666666666667,4.05,24
52,2025-08-28,5.9375,5.55,24
52,2025-08-29,15.116666666666667,14.65,24
52,2025-08-30,13.6625,13.7,24
52,2025-08-31,7.470833333333334,5.3,24
52,2025-09-01,7.308333333333334,6.85,24
52,2025-09-02,10.179166666666667,9.4,24
52,2025-09-03,12.083333333333334,12.25,24
52,2025-09-04,17.241666666666667,18.799999999999997,24
52,2025-09-05,15.2875,16.85,24
52,2025-09-06,18.254166666666666,21.3,24
52,2025-09-07,19.829166666666666,19.85,24
52,2025-09-08,11.645833333333334,11.7,24
52,2025-09-09,9.933333333333334,10.75,24
52,2025-09-10,5.2875000000000005,5.55,24
52,2025-09-11,8.358333333333333,7.95,24
52,2025-09-12,8.583333333333334,7.800000000000001,24
52,2025-09-13,11.004166666666668,10.350000000000001,24
52,2025-09-14,16.104166666666668,15.6,24
52,2025-09-15,14.924999999999999,14.100000000000001,24
52,2025-09-16,13.8125,13.85,24
52,2025-09-17,19.020833333333332,21.15,24
52,2025-09-18,16.4375,13.6,24
52,2025-09-19,8.345833333333333,4.35,24
52,2025-09-20,12.325000000000001,13.5,24
52,2025-09-21,7.0249999999999995,6.1,24
52,2025-09-22,6.5375000000000005,3.25,24
52,2025-09-23,8.145833333333334,7.25,24
52,2025-09-24,6.766666666666667,7.1,24
52,2025-09-25,7.645833333333333,6.65,24
52,2025-09-26,12.404166666666667,13.15,24
52,2025-09-27,4.995833333333334,3.95,24
52,2025-09-28,8.620833333333334,9.350000000000001,24
52,2025-09-29,8.299999999999999,8.95,24
52,2025-09-30,3.6458333333333335,3.05,24
52,2025-10-01,4.670833333333333,2.25,24
52,2025-10-02,12.1875,13.55,24
52,2025-10-03,17.554166666666667,13.45,24
52,2025-10-04,11.658333333333333,10.65,24
52,2025-10-05,9.670833333333333,9.35,24
52,2025-10-06,10.870833333333332,8.850000000000001,24
52,2025-10-07,16.408333333333335,16.3,24
52,2025-10-08,14.975000000000001,14.950000000000001,24
52,2025-10-09,10.691666666666668,9.350000000000001,24
52,2025-10-10,12.116666666666667,12.95,24
52,2025-10-11,13.983333333333334,12.1,24
52,2025-10-12,12.266666666666666,12.9,24
52,2025-10-13,11.5875,10.9,24
52,2025-10-14,12.908333333333333,13.9,24
52,2025-10-15,8.358333333333333,6.5,24
52,2025-10-16,10.404166666666667,11.2,24
52,2025-10-17,9.604166666666666,9.75,24
52,2025-10-18,7.9375,7.25,24
52,2025-10-19,5.504166666666666,5.2,24
52,2025-10-20,8.604166666666666,8.3,24
52,2025-10-21,13.775,13.65,24
52,2025-10-22,8.995833333333334,9.350000000000001,24
52,2025-10-23,8.441666666666666,7.85,24
52,2025-10-24,9.508333333333333,6.95,24
52,2025-10-25,10.5625,10.3,24
52,2025-10-26,9.516666666666667,11.7,24
52,2025-10-27,10.8125,10.9,24
52,2025-10-28,7.825,8.3,24
52,2025-10-29,5.295833333333333,6.300000000000001,24
52,2025-10-30,7.091666666666666,7.05,24
52,2025-10-31,4.3,3.4,24
52,2025-11-01,6.370833333333334,6.1,24
52,2025-11-02,6.504166666666666,5.55,24
52,2025-11-03,9.891666666666667,10.600000000000001,24
52,2025-11-04,10.970833333333333,11.95,24
52,2025-11-05,13.620833333333332,11.3,24
52,2025-11-06,19.962500000000002,21.1,24
52,2025-11-07,19.8,20.35,24
52,2025-11-08,10.929166666666667,8.75,24
52,2025-11-09,5.829166666666667,6.5,24
52,2025-11-10,6.970833333333334,6.3,24
52,2025-11-11,14.183333333333332,13.4,24
52,2025-11-12,19.4375,17.1,24
52,2025-11-13,11.450000000000001,10.95,24
52,2025-11-14,12.795833333333334,13.2,24
52,2025-11-15,13.987499999999999,14.45,24
52,2025-11-16,5.741666666666667,4.05,24
52,2025-11-17,6.366666666666667,6.9,24
52,2025-11-18,9.875,10.100000000000001,24
52,2025-11-19,5.575,5.85,24
52,2025-11-20,6.4875,6.6,24
52,2025-11-21,6.433333333333334,7.300000000000001,24
52,2025-11-22,3.875,3.9,24
52,2025-11-23,5.429166666666667,4.8,24
52,2025-11-24,4.504166666666666,4.4,24
52,2025-11-25,4.8500000000000005,3.8499999999999996,24
52,2025-11-26,13.254166666666668,12.7,24
52,2025-11-27,9.704166666666667,9.350000000000001,24
52,2025-11-28,4.541666666666667,4.1,24
52,2025-11-29,3.9375,3.75,24
52,2025-11-30,8.241666666666667,7.0,24
52,2025-12-01,10.316666666666666,10.65,24
52,2025-12-02,15.070833333333333,16.05,24
52,2025-12-03,10.475,9.25,24
52,2025-12-04,7.416666666666667,6.7,24
52,2025-12-05,10.420833333333333,8.7,24
52,2025-12-06,18.275000000000002,18.15,24
52,2025-12-07,23.337500000000002,22.9,24
52,2025-12-08,14.429166666666667,13.55,24
52,2025-12-09,14.766666666666666,15.1,24
52,2025-12-10,10.329166666666667,10.7,24
52,2025-12-11,11.345833333333333,10.2,24
52,2025-12-12,13.683333333333335,15.25,24
52,2025-12-13,11.029166666666667,10.7,24
52,2025-12-14,8.725,7.5,24
52,2025-12-15,8.320833333333333,8.8,24
52,2025-12-16,10.979166666666666,10.899999999999999,24
52,2025-12-17,9.887500000000001,9.600000000000001,24
52,2025-12-18,11.1625,10.75,24
52,2025-12-19,14.366666666666667,13.8,24
52,2025-12-20,12.516666666666666,11.7,24
52,2025-12-21,8.804166666666667,7.9,24
52,2025-12-22,10.658333333333333,9.45,24
52,2025-12-23,14.533333333333333,17.7,24
52,2025-12-24,16.916666666666668,17.9,24
52,2025-12-25,15.700000000000001,13.149999999999999,24
52,2025-12-26,10.054166666666665,10.399999999999999,24
52,2025-12-27,12.041666666666666,11.45,24
52,2025-12-28,15.633333333333333,16.45,24
52,2025-12-29,16.254166666666666,17.65,24
52,2025-12-30,19.275000000000002,19.7,24
52,2025-12-31,19.337500000000002,21.35,24
54,2022-08-04,6.517647058823529,5.9,17
54,2022-08-05,5.9375,5.85,24
54,2022-08-06,5.116666666666666,5.0,24
54,2022-08-07,5.058333333333334,5.05,24
54,2022-08-08,5.545833333333333,6.0,24
54,2022-08-09,6.241666666666667,5.800000000000001,24
54,2022-08-10,8.416666666666666,8.7,24
54,2022-08-11,6.258333333333333,5.75,24
54,2022-08-12,4.283333333333333,4.3,24
54,2022-08-13,6.858333333333333,6.3,24
54,2022-08-14,10.0,9.8,24
54,2022-08-15,8.933333333333334,9.25,24
54,2022-08-16,5.458333333333333,5.25,24
54,2022-08-17,6.495833333333334,6.0,24
54,2022-08-18,6.079166666666667,6.25,24
54,2022-08-19,7.1125,6.9,24
54,2022-08-20,9.737499999999999,9.100000000000001,24
54,2022-08-21,7.158333333333334,7.15,24
54,2022-08-22,6.404166666666666,5.5,24
54,2022-08-23,8.241666666666667,6.8,24
54,2022-08-24,14.416666666666666,14.9,24
54,2022-08-25,11.6875,11.6,24
54,2022-08-26,6.5,6.05,24
54,2022-08-27,9.433333333333334,7.65,24
54,2022-08-28,16.804166666666667,16.450000000000003,24
54,2022-08-29,17.595833333333335,14.15,24
54,2022-08-30,11.85,10.5,24
54,2022-08-31,11.149999999999999,12.649999999999999,24
54,2022-09-01,16.941666666666666,14.55,24
54,2022-09-02,16.670833333333334,14.5,24
54,2022-09-03,11.862499999999999,11.75,24
54,2022-09-04,13.508333333333333,13.3,24
54,2022-09-05,7.454166666666667,7.1,24
54,2022-09-06,8.266666666666667,7.7,24
54,2022-09-07,13.595833333333333,11.2,24
54,2022-09-08,17.425,15.55,24
54,2022-09-09,10.487499999999999,10.149999999999999,24
54,2022-09-10,7.141666666666667,7.15,24
54,2022-09-11,7.454166666666667,6.55,24
54,2022-09-12,11.070833333333333,9.3,24
54,2022-09-13,11.375,10.7,24
54,2022-09-14,10.433333333333334,9.95,24
54,2022-09-15,8.654166666666667,8.5,24
54,2022-09-16,7.958333333333333,8.600000000000001,24
54,2022-09-17,8.720833333333333,9.649999999999999,24
54,2022-09-18,8.554166666666667,7.85,24
54,2022-09-19,7.8875,7.65,24
54,2022-09-20,12.241666666666667,11.8,24
54,2022-09-21,12.883333333333333,11.600000000000001,24
54,2022-09-22,12.466666666666667,12.4,24
54,2022-09-23,8.645833333333334,7.949999999999999,24
54,2022-09-24,10.345833333333333,10.6,24
54,2022-09-25,8.283333333333333,8.1,24
54,2022-09-26,7.216666666666666,7.050000000000001,24
54,2022-09-27,9.6875,9.7,24
54,2022-09-28,18.670833333333334,17.700000000000003,24
54,2022-09-29,14.708333333333334,14.7,24
54,2022-09-30,7.758333333333333,7.75,24
54,2022-10-01,7.691666666666666,7.6,24
54,2022-10-02,6.845833333333334,6.75,24
54,2022-10-03,7.791666666666667,5.949999999999999,24
54,2022-10-04,11.737499999999999,11.45,24
54,2022-10-05,16.379166666666666,16.3,24
54,2022-10-06,17.5625,17.0,24
54,2022-10-07,8.654166666666667,7.0,24
54,2022-10-08,9.674999999999999,7.1,24
54,2022-10-09,15.616666666666667,13.65,24
54,2022-10-10,7.666666666666667,7.9,24
54,2022-10-11,12.233333333333334,9.95,24
54,2022-10-12,20.175,21.0,24
54,2022-10-13,17.5625,17.1,24
54,2022-10-14,12.799999999999999,11.8,24
54,2022-10-15,20.183333333333334,20.5,24
54,2022-10-16,13.4625,11.2,24
54,2022-10-17,16.270833333333332,13.8,24
54,2022-10-18,22.995833333333334,22.05,24
54,2022-10-19,26.954166666666666,26.049999999999997,24
54,2022-10-20,25.212500000000002,24.25,24
54,2022-10-21,15.487499999999999,16.6,24
54,2022-10-22,9.504166666666666,10.55,24
54,2022-10-23,14.7125,14.15,24
54,2022-10-24,19.516666666666666,20.6,24
54,2022-10-25,22.90416666666667,24.7,24
54,2022-10-26,17.558333333333334,20.45,24
54,2022-10-27,16.625,18.95,24
54,2022-10-28,18.75,16.85,24
54,2022-10-29,16.129166666666666,16.200000000000003,24
54,2022-10-30,21.204166666666666,20.799999999999997,24
54,2022-10-31,23.0,25.4,24
54,2022-11-01,20.1,18.5,24
54,2022-11-02,19.912499999999998,22.95,24
54,2022-11-03,17.849999999999998,18.75,24
54,2022-11-04,16.770833333333332,18.450000000000003,24
54,2022-11-05,16.904166666666665,18.9,24
54,2022-11-06,20.325,21.9,24
54,2022-11-07,21.508333333333336,23.95,24
54,2022-11-08,24.083333333333332,26.9,24
54,2022-11-09,24.59166666666667,24.4,24
54,2022-11-10,20.224999999999998,20.8,24
54,2022-11-11,19.508333333333333,19.15,24
54,2022-11-12,17.529166666666665,19.049999999999997,24
54,2022-11-13,16.9375,17.45,24
54,2022-11-14,16.266666666666666,14.149999999999999,24
54,2022-11-15,14.058333333333332,11.7,24
54,2022-11-16,12.579166666666666,11.5,24
54,2022-11-17,16.291666666666668,16.0,24
54,2022-11-18,11.125,9.5,24
54,2022-11-19,15.004166666666668,12.25,24
54,2022-11-20,13.570833333333333,15.05,24
54,2022-11-21,13.220833333333333,9.4,24
54,2022-11-22,17.433333333333334,11.649999999999999,24
54,2022-11-23,11.5375,11.75,24
54,2022-11-24,11.679166666666667,11.149999999999999,24
54,2022-11-25,12.145833333333334,12.0,24
54,2022-11-26,11.275,12.4,24
54,2022-11-27,16.004166666666666,16.299999999999997,24
54,2022-11-28,26.133333333333336,24.549999999999997,24
54,2022-11-29,27.52916666666667,25.6,24
54,2022-11-30,21.004166666666666,21.4,24
54,2022-12-01,22.733333333333334,27.15,24
54,2022-12-02,16.9375,18.85,24
54,2022-12-03,18.775000000000002,19.65,24
54,2022-12-04,16.783333333333335,14.8,24
54,2022-12-05,11.083333333333334,10.55,24
54,2022-12-06,16.620833333333334,19.1,24
54,2022-12-07,17.954166666666666,19.1,24
54,2022-12-08,17.629166666666666,19.15,24
54,2022-12-09,20.875,24.1,24
54,2022-12-10,24.008333333333336,27.65,24
54,2022-12-11,20.808333333333334,21.7,24
54,2022-12-12,19.208333333333332,18.85,24
54,2022-12-13,16.3125,18.7,24
54,2022-12-14,0.8166666666666668,0.8,24
54,2022-12-15,0.7041666666666666,0.7,24
54,2022-12-16,14.041666666666666,13.9,24
54,2022-12-17,15.983333333333334,14.649999999999999,24
54,2022-12-18,22.400000000000002,22.65,24
54,2022-12-19,17.695833333333333,15.25,24
54,2022-12-20,20.145833333333332,18.85,24
54,2022-12-21,20.245833333333334,18.4,24
54,2022-12-22,18.179166666666667,19.4,24
54,2022-12-23,18.470833333333335,18.0,24
54,2022-12-24,19.420833333333334,19.55,24
54,2022-12-25,17.833333333333332,18.6,24
54,2022-12-26,19.683333333333334,21.950000000000003,24
54,2022-12-27,19.166666666666668,19.25,24
54,2022-12-28,18.087500000000002,20.5,24
54,2022-12-29,19.966666666666665,18.75,24
54,2022-12-30,19.495833333333334,18.05,24
54,2022-12-31,18.0125,16.8,24
54,2023-01-01,14.487499999999999,15.65,24
54,2023-01-02,16.633333333333333,15.2,24
54,2023-01-03,19.3125,18.8,24
54,2023-01-04,16.400000000000002,16.55,24
54,2023-01-05,11.379166666666668,10.75,24
54,2023-01-06,10.5875,10.5,24
54,2023-01-07,11.674999999999999,12.0,24
54,2023-01-08,18.458333333333332,16.6,24
54,2023-01-09,17.429166666666667,16.25,24
54,2023-01-10,18.587500000000002,16.15,24
54,2023-01-11,21.275000000000002,22.4,24
54,2023-01-12,17.954166666666666,17.75,24
54,2023-01-13,18.1875,19.700000000000003,24
54,2023-01-14,19.120833333333334,19.8,24
54,2023-01-15,22.03333333333333,21.7,24
54,2023-01-16,15.779166666666667,16.35,24
54,2023-01-17,19.091666666666665,17.45,24
54,2023-01-18,20.220833333333335,22.15,24
54,2023-01-19,20.0,20.549999999999997,24
54,2023-01-20,16.974999999999998,18.55,24
54,2023-01-21,19.254166666666666,19.5,24
54,2023-01-22,25.483333333333334,29.6,24
54,2023-01-23,31.2375,33.150000000000006,24
54,2023-01-24,21.150000000000002,16.0,24
54,2023-01-25,16.266666666666666,15.45,24
54,2023-01-26,25.1875,23.799999999999997,24
54,2023-01-27,23.870833333333334,22.799999999999997,24
54,2023-01-28,14.65,15.2,24
54,2023-01-29,18.1875,17.25,24
54,2023-01-30,28.71666666666667,28.6,24
54,2023-01-31,34.43333333333333,37.2,24
54,2023-02-01,40.18333333333333,39.9,24
54,2023-02-02,39.875,40.6,24
54,2023-02-03,34.225,33.599999999999994,24
54,2023-02-04,26.337500000000002,26.4,24
54,2023-02-05,26.8875,27.35,24
54,2023-02-06,23.258333333333336,27.15,24
54,2023-02-07,15.3375,15.4,24
54,2023-02-08,17.212500000000002,18.15,24
54,2023-02-09,21.854166666666668,22.1,24
54,2023-02-10,22.15833333333333,23.9,24
54,2023-02-11,20.683333333333334,21.45,24
54,2023-02-12,19.254166666666666,21.0,24
54,2023-02-13,23.520833333333332,21.6,24
54,2023-02-14,33.824999999999996,32.05,24
54,2023-02-15,33.824999999999996,30.8,24
54,2023-02-16,21.175,17.6,24
54,2023-02-17,17.9875,19.2,24
54,2023-02-18,20.8,20.25,24
54,2023-02-19,20.945833333333333,24.2,24
54,2023-02-20,26.883333333333336,25.950000000000003,24
54,2023-02-21,31.133333333333336,30.799999999999997,24
54,2023-02-22,24.745833333333334,26.45,24
54,2023-02-23,26.5625,25.450000000000003,24
54,2023-02-24,29.90833333333333,28.75,24
54,2023-02-25,19.375,16.6,24
54,2023-02-26,17.337500000000002,17.35,24
54,2023-02-27,22.816666666666666,20.200000000000003,24
54,2023-02-28,33.71666666666667,30.85,24
54,2023-03-01,43.06666666666666,45.9,24
54,2023-03-02,37.36666666666667,38.3,24
54,2023-03-03,31.958333333333332,30.65,24
54,2023-03-04,36.06666666666667,32.85,24
54,2023-03-05,42.40833333333333,42.95,24
54,2023-03-06,36.6,35.6,24
54,2023-03-07,37.69166666666667,37.75,24
54,2023-03-08,38.300000000000004,38.7,24
54,2023-03-09,38.71666666666667,38.45,24
54,2023-03-10,35.57083333333333,34.7,24
54,2023-03-11,46.60833333333333,48.650000000000006,24
54,2023-03-12,61.40416666666667,62.650000000000006,24
54,2023-03-13,48.87916666666666,48.45,24
54,2023-03-14,35.50833333333333,33.65,24
54,2023-03-15,30.041666666666668,32.0,24
54,2023-03-16,28.916666666666668,27.1,24
54,2023-03-17,49.75833333333333,49.349999999999994,24
54,2023-03-18,40.5875,38.0,24
54,2023-03-19,36.795833333333334,36.95,24
54,2023-03-20,32.795833333333334,32.85,24
54,2023-03-21,21.1875,23.6,24
54,2023-03-22,16.633333333333333,19.0,24
54,2023-03-23,13.695833333333333,13.9,24
54,2023-03-24,15.145833333333334,14.8,24
54,2023-03-25,19.491666666666667,17.6,24
54,2023-03-26,26.704166666666666,26.2,24
54,2023-03-27,27.6375,27.15,24
54,2023-03-28,29.358333333333334,29.2,24
54,2023-03-29,29.349999999999998,26.85,24
54,2023-03-30,34.3125,33.8,24
54,2023-03-31,31.183333333333334,31.950000000000003,24
54,2023-04-01,34.65833333333333,34.7,24
54,2023-04-02,27.587500000000002,28.200000000000003,24
54,2023-04-03,16.779166666666665,17.4,24
54,2023-04-04,20.670833333333334,19.7,24
54,2023-04-05,36.87916666666667,35.3,24
54,2023-04-06,46.833333333333336,46.599999999999994,24
54,2023-04-07,47.4,45.2,24
54,2023-04-08,42.24166666666667,42.3,24
54,2023-04-09,38.5625,40.0,24
54,2023-04-10,32.03333333333333,33.2,24
54,2023-04-11,30.745833333333334,30.5,24
54,2023-04-12,44.50416666666666,45.4,24
54,2023-04-13,43.8375,42.25,24
54,2023-04-14,39.916666666666664,37.65,24
54,2023-04-15,34.291666666666664,35.25,24
54,2023-04-16,37.87916666666667,39.650000000000006,24
54,2023-04-17,49.61666666666667,51.95,24
54,2023-04-18,32.8125,33.65,24
54,2023-04-19,31.583333333333332,33.5,24
54,2023-04-20,35.675,34.65,24
54,2023-04-21,36.30833333333333,36.3,24
54,2023-04-22,34.65416666666667,32.5,24
54,2023-04-23,36.00416666666667,38.150000000000006,24
54,2023-04-24,30.870833333333334,31.2,24
54,2023-04-25,24.358333333333334,24.7,24
54,2023-04-26,29.0125,29.85,24
54,2023-04-27,33.69583333333333,33.45,24
54,2023-04-28,25.15833333333333,27.299999999999997,24
54,2023-04-29,19.829166666666666,20.0,24
54,2023-04-30,25.15416666666667,24.4,24
54,2023-05-01,20.55,20.549999999999997,24
54,2023-05-02,19.533333333333335,19.45,24
54,2023-05-03,26.75,26.9,24
54,2023-05-04,24.09583333333333,24.5,24
54,2023-05-05,21.116666666666667,22.049999999999997,24
54,2023-05-06,15.354166666666666,15.9,24
54,2023-05-07,10.995833333333332,10.55,24
54,2023-05-08,16.587500000000002,16.55,24
54,2023-05-09,23.45,22.35,24
54,2023-05-10,25.925,27.15,24
54,2023-05-11,21.125,20.700000000000003,24
54,2023-05-12,14.870833333333332,15.05,24
54,2023-05-13,7.1375,6.5,24
54,2023-05-14,11.333333333333334,13.649999999999999,24
54,2023-05-15,18.337500000000002,17.85,24
54,2023-05-16,13.975,14.25,24
54,2023-05-17,16.212500000000002,16.700000000000003,24
54,2023-05-18,18.883333333333333,18.55,24
54,2023-05-19,17.058333333333334,17.45,24
54,2023-05-20,15.441666666666668,14.8,24
54,2023-05-21,17.204166666666666,17.299999999999997,24
54,2023-05-22,16.220833333333335,15.9,24
54,2023-05-23,16.7625,16.5,24
54,2023-05-24,15.620833333333335,15.850000000000001,24
54,2023-05-25,15.491666666666667,15.15,24
54,2023-05-26,16.162499999999998,16.75,24
54,2023-05-27,17.783333333333335,15.850000000000001,24
54,2023-05-28,21.241666666666667,19.299999999999997,24
54,2023-05-29,14.304166666666667,15.0,24
54,2023-05-30,14.704166666666666,14.0,24
54,2023-05-31,10.975,11.0,24
54,2023-06-01,6.641666666666667,6.6,24
54,2023-06-02,10.1875,9.9,24
54,2023-06-03,10.045833333333333,10.2,24
54,2023-06-04,8.395833333333334,8.25,24
54,2023-06-05,8.049999999999999,7.05,24
54,2023-06-06,10.816666666666668,10.95,24
54,2023-06-07,10.979166666666666,10.75,24
54,2023-06-08,9.041666666666666,8.55,24
54,2023-06-09,10.395833333333334,11.1,24
54,2023-06-10,10.595833333333333,10.8,24
54,2023-06-11,10.549999999999999,11.5,24
54,2023-06-12,9.8125,10.149999999999999,24
54,2023-06-13,6.120833333333334,5.3,24
54,2023-06-14,5.216666666666667,5.25,24
54,2023-06-15,8.054166666666667,7.300000000000001,24
54,2023-06-16,5.870833333333334,5.6,24
54,2023-06-17,7.262499999999999,7.55,24
54,2023-06-18,7.591666666666666,6.55,24
54,2023-06-19,8.016666666666667,7.75,24
54,2023-06-20,7.545833333333333,7.4,24
54,2023-06-21,5.520833333333333,5.75,24
54,2023-06-22,5.554166666666667,5.45,24
54,2023-06-23,6.666666666666667,7.3,24
54,2023-06-24,6.0249999999999995,6.45,24
54,2023-06-25,6.8125,6.300000000000001,24
54,2023-06-26,6.795833333333333,5.699999999999999,24
54,2023-06-27,8.270833333333334,8.600000000000001,24
54,2023-06-28,11.904166666666667,12.15,24
54,2023-06-29,16.1375,14.350000000000001,24
54,2023-06-30,9.612499999999999,9.05,24
54,2023-07-01,10.0,10.45,24
54,2023-07-02,10.066666666666666,10.25,24
54,2023-07-03,6.075,4.3,24
54,2023-07-04,5.5125,5.65,24
54,2023-07-05,6.2,6.45,24
54,2023-07-06,6.375,6.2,24
54,2023-07-07,7.933333333333334,8.2,24
54,2023-07-08,8.641666666666667,9.25,24
54,2023-07-09,10.195833333333335,10.350000000000001,24
54,2023-07-10,17.6875,15.600000000000001,24
54,2023-07-11,8.85,8.2,24
54,2023-07-12,9.570833333333333,10.65,24
54,2023-07-13,7.2875000000000005,7.5,24
54,2023-07-14,5.6625000000000005,4.8,24
54,2023-07-15,8.070833333333333,7.55,24
54,2023-07-16,8.5875,7.75,24
54,2023-07-17,11.270833333333334,11.25,24
54,2023-07-18,7.608333333333333,7.85,24
54,2023-07-19,6.420833333333333,6.15,24
54,2023-07-20,5.5125,4.55,24
54,2023-07-21,9.487499999999999,8.95,24
54,2023-07-22,6.104166666666667,5.699999999999999,24
54,2023-07-23,6.341666666666666,5.65,24
54,2023-07-24,10.566666666666666,9.6,24
54,2023-07-25,12.9125,12.3,24
54,2023-07-26,7.404166666666666,6.85,24
54,2023-07-27,5.945833333333333,5.85,24
54,2023-07-28,4.125,4.1,24
54,2023-07-29,4.75,4.449999999999999,24
54,2023-07-30,4.2250000000000005,3.5,24
54,2023-07-31,5.391666666666667,5.3,24
54,2023-08-01,6.3625,5.5,24
54,2023-08-02,6.270833333333333,6.15,24
54,2023-08-03,3.9958333333333336,4.0,24
54,2023-08-04,4.958333333333333,4.9,24
54,2023-08-05,6.616666666666667,6.449999999999999,24
54,2023-08-06,4.641666666666667,4.6,24
54,2023-08-07,3.9291666666666667,3.5,24
54,2023-08-08,5.116666666666666,5.25,24
54,2023-08-09,5.095833333333333,5.1,24
54,2023-08-10,7.233333333333333,5.7,24
54,2023-08-11,7.354166666666667,7.05,24
54,2023-08-12,8.854166666666666,8.6,24
54,2023-08-13,10.941666666666668,10.05,24
54,2023-08-14,10.516666666666667,9.3,24
54,2023-08-15,7.083333333333333,7.2,24
54,2023-08-16,8.987499999999999,8.05,24
54,2023-08-17,8.0625,7.5,24
54,2023-08-18,12.191666666666668,10.8,24
54,2023-08-19,15.616666666666667,12.8,24
54,2023-08-20,22.0625,21.299999999999997,24
54,2023-08-21,13.870833333333332,12.75,24
54,2023-08-22,8.504166666666666,7.9,24
54,2023-08-23,8.987499999999999,9.0,24
54,2023-08-24,8.216666666666667,7.85,24
54,2023-08-25,7.8625,7.6,24
54,2023-08-26,6.1625000000000005,5.75,24
54,2023-08-27,5.2875000000000005,4.8,24
54,2023-08-28,7.079166666666667,6.15,24
54,2023-08-29,9.549999999999999,8.5,24
54,2023-08-30,6.9875,7.0,24
54,2023-08-31,7.1499999999999995,5.0,24
54,2023-09-01,12.470833333333333,13.850000000000001,24
54,2023-09-02,6.7749999999999995,5.85,24
54,2023-09-03,10.079166666666667,9.399999999999999,24
54,2023-09-04,11.174999999999999,10.75,24
54,2023-09-05,7.408333333333334,6.3,24
54,2023-09-06,6.458333333333333,5.0,24
54,2023-09-07,13.379166666666668,14.3,24
54,2023-09-08,9.070833333333333,8.85,24
54,2023-09-09,7.433333333333334,7.1,24
54,2023-09-10,5.125,4.5,24
54,2023-09-11,6.266666666666667,5.95,24
54,2023-09-12,4.854166666666667,3.8499999999999996,24
54,2023-09-13,6.358333333333333,5.15,24
54,2023-09-14,7.229166666666667,8.05,24
54,2023-09-15,7.079166666666667,6.65,24
54,2023-09-16,7.0,6.6,24
54,2023-09-17,7.679166666666667,5.15,24
54,2023-09-18,9.029166666666667,8.1,24
54,2023-09-19,8.049999999999999,7.45,24
54,2023-09-20,12.141666666666666,12.05,24
54,2023-09-21,20.008333333333333,19.15,24
54,2023-09-22,8.845833333333333,6.45,24
54,2023-09-23,10.991666666666667,10.149999999999999,24
54,2023-09-24,13.0625,12.45,24
54,2023-09-25,9.758333333333333,6.5,24
54,2023-09-26,10.208333333333334,10.75,24
54,2023-09-27,12.729166666666666,13.65,24
54,2023-09-28,9.291666666666666,10.25,24
54,2023-09-29,6.1000000000000005,6.0,24
54,2023-09-30,5.191666666666666,4.25,24
54,2023-10-01,6.445833333333333,6.6,24
54,2023-10-02,8.65,8.55,24
54,2023-10-03,14.5625,14.95,24
54,2023-10-04,7.395833333333333,6.0,24
54,2023-10-05,6.7625,6.35,24
54,2023-10-06,5.7124999999999995,4.15,24
54,2023-10-07,7.941666666666666,7.6,24
54,2023-10-08,3.8708333333333336,3.6500000000000004,24
54,2023-10-09,5.504166666666666,4.9,24
54,2023-10-10,10.908333333333333,10.7,24
54,2023-10-11,12.279166666666667,11.45,24
54,2023-10-12,10.475,10.6,24
54,2023-10-13,12.200000000000001,12.05,24
54,2023-10-14,12.179166666666667,12.2,24
54,2023-10-15,5.004166666666666,5.5,24
54,2023-10-16,10.204166666666667,9.7,24
54,2023-10-17,16.4375,13.9,24
54,2023-10-18,26.633333333333336,26.35,24
54,2023-10-19,19.741666666666667,18.75,24
54,2023-10-20,14.612499999999999,15.7,24
54,2023-10-21,10.654166666666667,10.9,24
54,2023-10-22,11.012500000000001,10.25,24
54,2023-10-23,16.016666666666666,15.55,24
54,2023-10-24,18.904166666666665,21.45,24
54,2023-10-25,18.099999999999998,16.3,24
54,2023-10-26,10.654166666666667,9.2,24
54,2023-10-27,5.958333333333333,4.85,24
54,2023-10-28,5.466666666666666,4.2,24
54,2023-10-29,7.158333333333334,6.75,24
54,2023-10-30,8.170833333333333,8.15,24
54,2023-10-31,9.083333333333334,8.4,24
54,2023-11-01,13.320833333333333,12.850000000000001,24
54,2023-11-02,15.841666666666667,14.7,24
54,2023-11-03,22.6875,23.7,24
54,2023-11-04,22.258333333333336,22.549999999999997,24
54,2023-11-05,14.799999999999999,13.45,24
54,2023-11-06,14.216666666666667,13.55,24
54,2023-11-07,10.85,7.5,24
54,2023-11-08,12.241666666666667,10.2,24
54,2023-11-09,15.841666666666667,13.55,24
54,2023-11-10,11.304166666666667,10.149999999999999,24
54,2023-11-11,13.204166666666666,12.8,24
54,2023-11-12,11.133333333333333,11.1,24
54,2023-11-13,7.370833333333334,7.2,24
54,2023-11-14,7.8125,6.9,24
54,2023-11-15,9.191666666666666,8.65,24
54,2023-11-16,10.266666666666667,11.3,24
54,2023-11-17,5.858333333333333,6.300000000000001,24
54,2023-11-18,8.920833333333333,8.05,24
54,2023-11-19,10.033333333333333,10.35,24
54,2023-11-20,10.879166666666668,10.25,24
54,2023-11-21,13.858333333333334,12.7,24
54,2023-11-22,15.145833333333334,15.5,24
54,2023-11-23,14.733333333333334,16.4,24
54,2023-11-24,11.174999999999999,10.4,24
54,2023-11-25,13.595833333333333,13.149999999999999,24
54,2023-11-26,13.883333333333333,14.25,24
54,2023-11-27,11.208333333333334,11.9,24
54,2023-11-28,14.2875,15.350000000000001,24
54,2023-11-29,18.3625,16.700000000000003,24
54,2023-11-30,17.404166666666665,17.4,24
54,2023-12-01,13.091666666666667,13.25,24
54,2023-12-02,6.3625,6.45,24
54,2023-12-03,6.7124999999999995,6.199999999999999,24
54,2023-12-04,8.204166666666667,7.95,24
54,2023-12-05,10.329166666666667,10.4,24
54,2023-12-06,10.1625,10.5,24
54,2023-12-07,9.558333333333334,8.2,24
54,2023-12-08,12.625,12.600000000000001,24
54,2023-12-09,11.908333333333333,11.95,24
54,2023-12-10,14.154166666666667,14.05,24
54,2023-12-11,13.5,13.5,24
54,2023-12-12,19.104166666666668,19.15,24
54,2023-12-13,17.7,17.85,24
54,2023-12-14,12.120833333333332,10.899999999999999,24
54,2023-12-15,11.191666666666668,11.149999999999999,24
54,2023-12-16,11.129166666666668,12.5,24
54,2023-12-17,10.025,11.149999999999999,24
54,2023-12-18,8.054166666666667,8.5,24
54,2023-12-19,8.958333333333334,8.95,24
54,2023-12-20,12.295833333333334,12.649999999999999,24
54,2023-12-21,8.070833333333333,7.0,24
54,2023-12-22,11.420833333333334,11.2,24
54,2023-12-23,10.191666666666666,10.0,24
54,2023-12-24,11.200000000000001,11.2,24
54,2023-12-25,14.9,16.05,24
54,2023-12-26,14.766666666666666,14.3,24
54,2023-12-27,11.379166666666668,11.55,24
54,2023-12-28,9.754166666666666,9.2,24
54,2023-12-29,10.549999999999999,10.75,24
54,2023-12-30,11.4375,11.3,24
54,2023-12-31,9.966666666666667,10.2,24
54,2024-01-01,9.279166666666667,9.2,24
54,2024-01-02,9.595833333333333,9.1,24
54,2024-01-03,9.8375,10.45,24
54,2024-01-04,7.045833333333333,7.3,24
54,2024-01-05,9.545833333333333,9.1,24
54,2024-01-06,9.604166666666666,9.95,24
54,2024-01-07,13.608333333333334,13.6,24
54,2024-01-08,14.25,14.25,24
54,2024-01-09,13.570833333333333,13.45,24
54,2024-01-10,18.5,18.1,24
54,2024-01-11,28.679166666666664,27.5,24
54,2024-01-12,35.079166666666666,35.3,24
54,2024-01-13,26.525000000000002,25.5,24
54,2024-01-14,17.541666666666668,17.75,24
54,2024-01-15,13.170833333333334,12.4,24
54,2024-01-16,9.174999999999999,9.0,24
54,2024-01-17,8.708333333333334,8.2,24
54,2024-01-18,14.370833333333332,15.149999999999999,24
54,2024-01-19,13.5625,14.05,24
54,2024-01-20,13.0625,12.95,24
54,2024-01-21,11.483333333333334,11.149999999999999,24
54,2024-01-22,9.529166666666667,9.25,24
54,2024-01-23,15.662500000000001,16.85,24
54,2024-01-24,19.7,17.25,24
54,2024-01-25,17.962500000000002,16.9,24
54,2024-01-26,18.066666666666666,17.049999999999997,24
54,2024-01-27,19.025000000000002,19.6,24
54,2024-01-28,19.370833333333334,19.6,24
54,2024-01-29,22.016666666666666,21.5,24
54,2024-01-30,21.154166666666665,22.05,24
54,2024-01-31,15.379166666666668,12.600000000000001,24
54,2024-02-01,9.262500000000001,9.4,24
54,2024-02-02,7.425,7.85,24
54,2024-02-03,9.008333333333333,8.7,24
54,2024-02-04,18.0625,19.2,24
54,2024-02-05,15.362499999999999,14.25,24
54,2024-02-06,11.833333333333334,11.9,24
54,2024-02-07,13.754166666666668,13.55,24
54,2024-02-08,15.829166666666666,17.75,24
54,2024-02-09,22.058333333333334,21.299999999999997,24
54,2024-02-10,25.420833333333334,24.3,24
54,2024-02-11,31.704166666666666,31.25,24
54,2024-02-12,24.995833333333334,24.35,24
54,2024-02-13,20.708333333333332,19.950000000000003,24
54,2024-02-14,18.329166666666666,17.25,24
54,2024-02-15,18.087500000000002,19.3,24
54,2024-02-16,20.883333333333333,19.35,24
54,2024-02-17,32.94166666666667,35.099999999999994,24
54,2024-02-18,30.204166666666666,31.5,24
54,2024-02-19,22.15416666666667,20.8,24
54,2024-02-20,17.425,17.25,24
54,2024-02-21,16.962500000000002,16.85,24
54,2024-02-22,18.662499999999998,18.200000000000003,24
54,2024-02-23,16.283333333333335,16.299999999999997,24
54,2024-02-24,18.733333333333334,18.6,24
54,2024-02-25,30.287499999999998,32.650000000000006,24
54,2024-02-26,30.004166666666666,29.75,24
54,2024-02-27,31.599999999999998,30.0,24
54,2024-02-28,28.799999999999997,28.75,24
54,2024-02-29,27.604166666666668,25.549999999999997,24
54,2024-03-01,27.820833333333336,30.25,24
54,2024-03-02,32.12916666666667,29.6,24
54,2024-03-03,31.229166666666668,31.549999999999997,24
54,2024-03-04,20.491666666666667,18.55,24
54,2024-03-05,19.816666666666666,22.15,24
54,2024-03-06,28.28333333333333,26.85,24
54,2024-03-07,39.94166666666667,37.85,24
54,2024-03-08,34.90416666666667,35.25,24
54,2024-03-09,35.80833333333333,34.75,24
54,2024-03-10,27.895833333333332,28.65,24
54,2024-03-11,31.224999999999998,34.95,24
54,2024-03-12,42.24583333333333,46.2,24
54,2024-03-13,21.224999999999998,16.5,24
54,2024-03-14,19.416666666666668,19.9,24
54,2024-03-15,30.575,35.2,24
54,2024-03-16,35.083333333333336,35.45,24
54,2024-03-17,46.9375,49.75,24
54,2024-03-18,43.80833333333334,46.0,24
54,2024-03-19,42.31666666666667,41.8,24
54,2024-03-20,22.820833333333336,20.85,24
54,2024-03-21,20.183333333333334,19.0,24
54,2024-03-22,26.920833333333334,26.950000000000003,24
54,2024-03-23,23.670833333333334,23.75,24
54,2024-03-24,17.179166666666667,16.75,24
54,2024-03-25,17.175,14.600000000000001,24
54,2024-03-26,29.066666666666666,25.2,24
54,2024-03-27,38.24583333333333,37.9,24
54,2024-03-28,25.066666666666666,25.85,24
54,2024-03-29,34.05,32.75,24
54,2024-03-30,20.2375,20.8,24
54,2024-03-31,26.3,31.1,24
54,2024-04-01,29.900000000000002,28.049999999999997,24
54,2024-04-02,31.5,32.8,24
54,2024-04-03,40.516666666666666,41.7,24
54,2024-04-04,39.083333333333336,38.35,24
54,2024-04-05,48.62083333333334,47.5,24
54,2024-04-06,49.49166666666667,47.15,24
54,2024-04-07,36.65833333333333,34.8,24
54,2024-04-08,37.65833333333333,39.150000000000006,24
54,2024-04-09,35.583333333333336,34.7,24
54,2024-04-10,37.3,37.55,24
54,2024-04-11,33.75416666666667,32.2,24
54,2024-04-12,28.3625,25.55,24
54,2024-04-13,30.041666666666668,31.15,24
54,2024-04-14,28.84166666666667,28.4,24
54,2024-04-15,29.695833333333336,29.299999999999997,24
54,2024-04-16,26.95,27.1,24
54,2024-04-17,20.900000000000002,20.0,24
54,2024-04-18,23.849999999999998,23.05,24
54,2024-04-19,28.5,28.9,24
54,2024-04-20,21.216666666666665,22.15,24
54,2024-04-21,21.912499999999998,21.0,24
54,2024-04-22,29.125,30.7,24
54,2024-04-23,31.150000000000002,31.1,24
54,2024-04-24,27.59166666666667,27.1,24
54,2024-04-25,23.21666666666667,22.5,24
54,2024-04-26,21.34166666666667,21.7,24
54,2024-04-27,27.97083333333333,29.05,24
54,2024-04-28,29.058333333333334,28.2,24
54,2024-04-29,29.270833333333332,28.0,24
54,2024-04-30,25.929166666666664,25.700000000000003,24
54,2024-05-01,30.7375,28.75,24
54,2024-05-02,37.71666666666667,39.150000000000006,24
54,2024-05-03,35.8375,34.55,24
54,2024-05-04,31.575,29.0,24
54,2024-05-05,21.633333333333336,22.5,24
54,2024-05-06,24.558333333333334,27.15,24
54,2024-05-07,38.80833333333333,40.25,24
54,2024-05-08,34.81666666666667,36.55,24
54,2024-05-09,20.712500000000002,19.700000000000003,24
54,2024-05-10,18.3875,17.85,24
54,2024-05-11,17.883333333333333,18.1,24
54,2024-05-12,14.9375,15.5,24
54,2024-05-13,15.9125,15.45,24
54,2024-05-14,16.166666666666668,17.5,24
54,2024-05-15,19.279166666666665,18.450000000000003,24
54,2024-05-16,18.554166666666667,18.15,24
54,2024-05-17,17.591666666666665,17.450000000000003,24
54,2024-05-18,8.762500000000001,8.25,24
54,2024-05-19,14.3375,14.85,24
54,2024-05-20,14.866666666666667,14.95,24
54,2024-05-21,10.633333333333333,10.55,24
54,2024-05-22,11.279166666666667,13.45,24
54,2024-05-23,8.049999999999999,8.5,24
54,2024-05-24,6.383333333333333,5.85,24
54,2024-05-25,9.866666666666667,10.25,24
54,2024-05-26,6.333333333333333,5.95,24
54,2024-05-27,7.245833333333334,7.05,24
54,2024-05-28,8.070833333333333,7.55,24
54,2024-05-29,8.4125,8.45,24
54,2024-05-30,8.529166666666667,8.4,24
54,2024-05-31,14.091666666666667,12.25,24
54,2024-06-01,6.9624999999999995,6.9,24
54,2024-06-02,7.079166666666667,7.85,24
54,2024-06-03,5.125,4.8,24
54,2024-06-04,6.470833333333334,5.85,24
54,2024-06-05,9.887500000000001,9.55,24
54,2024-06-06,5.5,5.0,24
54,2024-06-07,7.075,6.3,24
54,2024-06-08,8.754166666666666,7.4,24
54,2024-06-09,10.270833333333334,10.15,24
54,2024-06-10,8.45,7.949999999999999,24
54,2024-06-11,7.0249999999999995,5.4,24
54,2024-06-12,6.320833333333333,5.4,24
54,2024-06-13,4.770833333333333,4.7,24
54,2024-06-14,5.4875,5.45,24
54,2024-06-15,6.4624999999999995,5.6,24
54,2024-06-16,6.283333333333334,5.0,24
54,2024-06-17,5.945833333333333,5.55,24
54,2024-06-18,6.354166666666667,6.4,24
54,2024-06-19,6.141666666666667,5.2,24
54,2024-06-20,4.316666666666666,3.35,24
54,2024-06-21,5.645833333333333,4.35,24
54,2024-06-22,9.020833333333334,8.75,24
54,2024-06-23,8.308333333333334,7.3,24
54,2024-06-24,8.15,7.35,24
54,2024-06-25,5.858333333333333,5.6,24
54,2024-06-26,4.766666666666667,3.7,24
54,2024-06-27,6.520833333333333,6.6,24
54,2024-06-28,8.054166666666667,7.9,24
54,2024-06-29,6.825,6.4,24
54,2024-06-30,8.391666666666667,7.3,24
54,2024-07-01,7.570833333333333,7.05,24
54,2024-07-02,7.708333333333333,6.75,24
54,2024-07-03,10.270833333333334,9.4,24
54,2024-07-04,8.533333333333333,7.949999999999999,24
54,2024-07-05,9.012500000000001,10.4,24
54,2024-07-06,6.479166666666667,6.9,24
54,2024-07-07,9.416666666666666,9.05,24
54,2024-07-08,8.674999999999999,9.75,24
54,2024-07-09,11.633333333333333,10.75,24
54,2024-07-10,11.808333333333332,12.6,24
54,2024-07-11,7.883333333333333,7.2,24
54,2024-07-12,8.270833333333334,6.9,24
54,2024-07-13,6.3875,6.25,24
54,2024-07-14,5.795833333333333,5.35,24
54,2024-07-15,9.366666666666667,8.0,24
54,2024-07-16,9.604166666666666,9.75,24
54,2024-07-17,8.229166666666666,7.699999999999999,24
54,2024-07-18,5.7250000000000005,4.9,24
54,2024-07-19,5.9375,4.65,24
54,2024-07-20,5.358333333333333,4.3,24
54,2024-07-21,6.6499999999999995,6.5,24
54,2024-07-22,5.429166666666667,4.95,24
54,2024-07-23,5.2124999999999995,4.7,24
54,2024-07-24,4.720833333333333,3.8,24
54,2024-07-25,4.1125,4.1,24
54,2024-07-26,4.770833333333333,4.15,24
54,2024-07-27,7.4750000000000005,7.1,24
54,2024-07-28,3.9416666666666664,3.9,24
54,2024-07-29,5.0375000000000005,5.15,24
54,2024-07-30,4.483333333333333,3.9499999999999997,24
54,2024-07-31,4.545833333333333,3.8499999999999996,24
54,2024-08-01,5.8,5.65,24
54,2024-08-02,6.9624999999999995,6.0,24
54,2024-08-03,8.679166666666665,10.1,24
54,2024-08-04,5.7375,5.65,24
54,2024-08-05,4.629166666666666,4.15,24
54,2024-08-06,6.495833333333334,5.0,24
54,2024-08-07,6.141666666666667,6.0,24
54,2024-08-08,9.487499999999999,9.45,24
54,2024-08-09,10.3,9.95,24
54,2024-08-10,8.25,7.5,24
54,2024-08-11,10.270833333333334,9.45,24
54,2024-08-12,9.291666666666666,9.350000000000001,24
54,2024-08-13,6.770833333333333,6.5,24
54,2024-08-14,7.966666666666666,7.5,24
54,2024-08-15,6.691666666666666,6.95,24
54,2024-08-16,6.7,6.5,24
54,2024-08-17,8.066666666666666,7.5,24
54,2024-08-18,7.008333333333333,5.7,24
54,2024-08-19,7.5249999999999995,7.3,24
54,2024-08-20,5.191666666666666,4.15,24
54,2024-08-21,5.620833333333334,5.45,24
54,2024-08-22,4.533333333333333,4.05,24
54,2024-08-23,5.516666666666667,4.9,24
54,2024-08-24,8.404166666666667,7.9,24
54,2024-08-25,7.3625,7.35,24
54,2024-08-26,6.595833333333334,6.300000000000001,24
54,2024-08-27,6.8500000000000005,5.75,24
54,2024-08-28,5.095833333333333,4.15,24
54,2024-08-29,6.579166666666667,6.55,24
54,2024-08-30,8.387500000000001,8.350000000000001,24
54,2024-08-31,9.354166666666666,9.399999999999999,24
54,2024-09-01,10.4125,9.1,24
54,2024-09-02,6.054166666666667,4.35,24
54,2024-09-03,7.991666666666667,6.5,24
54,2024-09-04,7.416666666666667,8.4,24
54,2024-09-05,9.424999999999999,7.75,24
54,2024-09-06,7.908333333333334,9.2,24
54,2024-09-07,6.470833333333334,6.45,24
54,2024-09-08,3.483333333333333,3.5,24
54,2024-09-09,3.8166666666666664,3.9,24
54,2024-09-10,5.008333333333334,5.05,24
54,2024-09-11,7.0125,6.5,24
54,2024-09-12,5.820833333333333,6.05,24
54,2024-09-13,7.1875,6.05,24
54,2024-09-14,12.658333333333333,13.4,24
54,2024-09-15,15.808333333333332,15.3,24
54,2024-09-16,16.183333333333334,16.7,24
54,2024-09-17,14.658333333333333,14.7,24
54,2024-09-18,12.870833333333332,10.95,24
54,2024-09-19,16.783333333333335,14.8,24
54,2024-09-20,15.841666666666667,15.850000000000001,24
54,2024-09-21,12.558333333333332,10.6,24
54,2024-09-22,9.925,10.05,24
54,2024-09-23,4.316666666666666,3.6,24
54,2024-09-24,5.129166666666667,5.449999999999999,24
54,2024-09-25,6.666666666666667,4.35,24
54,2024-09-26,9.3125,8.35,24
54,2024-09-27,14.512500000000001,15.05,24
54,2024-09-28,11.625,11.25,24
54,2024-09-29,21.366666666666664,21.7,24
54,2024-09-30,16.245833333333334,15.65,24
54,2024-10-01,10.637500000000001,10.35,24
54,2024-10-02,8.387500000000001,8.1,24
54,2024-10-03,8.325000000000001,7.75,24
54,2024-10-04,9.7,8.6,24
54,2024-10-05,11.229166666666666,10.850000000000001,24
54,2024-10-06,19.400000000000002,19.9,24
54,2024-10-07,20.479166666666668,21.85,24
54,2024-10-08,18.808333333333334,19.2,24
54,2024-10-09,23.40416666666667,22.3,24
54,2024-10-10,20.037499999999998,21.45,24
54,2024-10-11,26.224999999999998,25.85,24
54,2024-10-12,24.883333333333336,25.799999999999997,24
54,2024-10-13,19.995833333333334,19.450000000000003,24
54,2024-10-14,18.083333333333332,15.850000000000001,24
54,2024-10-15,18.879166666666666,16.35,24
54,2024-10-16,17.754166666666666,16.6,24
54,2024-10-17,13.379166666666668,12.85,24
54,2024-10-18,19.054166666666667,20.950000000000003,24
54,2024-10-19,8.487499999999999,8.5,24
54,2024-10-20,6.4875,6.15,24
54,2024-10-21,8.512500000000001,7.300000000000001,24
54,2024-10-22,7.929166666666667,8.1,24
54,2024-10-23,10.408333333333333,9.4,24
54,2024-10-24,18.2,16.4,24
54,2024-10-25,19.816666666666666,19.55,24
54,2024-10-26,20.5625,19.799999999999997,24
54,2024-10-27,13.137500000000001,13.75,24
54,2024-10-28,8.983333333333333,8.3,24
54,2024-10-29,13.179166666666667,11.75,24
54,2024-10-30,15.995833333333332,15.0,24
54,2024-10-31,19.108333333333334,20.45,24
54,2024-11-01,19.912499999999998,18.85,24
54,2024-11-02,19.666666666666668,18.4,24
54,2024-11-03,15.558333333333332,15.3,24
54,2024-11-04,13.762500000000001,13.8,24
54,2024-11-05,12.129166666666668,11.899999999999999,24
54,2024-11-06,7.5874999999999995,8.2,24
54,2024-11-07,14.870833333333335,14.95,24
54,2024-11-08,18.541666666666668,16.6,24
54,2024-11-09,19.75,20.4,24
54,2024-11-10,17.099999999999998,16.200000000000003,24
54,2024-11-11,16.233333333333334,16.799999999999997,24
54,2024-11-12,20.599999999999998,21.299999999999997,24
54,2024-11-13,30.34166666666667,31.8,24
54,2024-11-14,31.22083333333333,28.9,24
54,2024-11-15,14.775,15.0,24
54,2024-11-16,14.354166666666666,16.8,24
54,2024-11-17,14.7875,12.75,24
54,2024-11-18,14.129166666666668,15.55,24
54,2024-11-19,11.654166666666667,12.6,24
54,2024-11-20,12.404166666666667,12.05,24
54,2024-11-21,12.645833333333334,12.15,24
54,2024-11-22,14.362499999999999,14.05,24
54,2024-11-23,12.0375,10.4,24
54,2024-11-24,12.6625,14.45,24
54,2024-11-25,13.520833333333334,13.5,24
54,2024-11-26,13.816666666666668,15.15,24
54,2024-11-27,7.983333333333333,8.15,24
54,2024-11-28,9.458333333333334,9.6,24
54,2024-11-29,15.266666666666666,15.0,24
54,2024-11-30,13.908333333333333,13.65,24
54,2024-12-01,19.179166666666667,20.25,24
54,2024-12-02,22.266666666666666,21.6,24
54,2024-12-03,22.895833333333332,23.85,24
54,2024-12-04,20.441666666666666,20.35,24
54,2024-12-05,19.133333333333333,19.85,24
54,2024-12-06,14.345833333333333,16.1,24
54,2024-12-07,14.529166666666667,17.25,24
54,2024-12-08,10.583333333333334,10.7,24
54,2024-12-09,13.216666666666667,13.0,24
54,2024-12-10,12.483333333333334,14.0,24
54,2024-12-11,13.933333333333332,14.5,24
54,2024-12-12,9.958333333333334,9.899999999999999,24
54,2024-12-13,9.583333333333334,7.949999999999999,24
54,2024-12-14,12.770833333333334,11.4,24
54,2024-12-15,11.299999999999999,11.5,24
54,2024-12-16,14.133333333333333,14.3,24
54,2024-12-17,13.2875,14.0,24
54,2024-12-18,10.766666666666666,10.4,24
54,2024-12-19,17.716666666666665,18.45,24
54,2024-12-20,16.304166666666667,16.15,24
54,2024-12-21,15.987499999999999,16.5,24
54,2024-12-22,18.337500000000002,18.25,24
54,2024-12-23,23.525000000000002,22.9,24
54,2024-12-24,20.341666666666665,20.4,24
54,2024-12-25,17.4875,17.6,24
54,2024-12-26,15.9,17.25,24
54,2024-12-27,9.625,9.649999999999999,24
54,2024-12-28,11.870833333333332,11.0,24
54,2024-12-29,14.645833333333334,14.6,24
54,2024-12-30,14.049999999999999,14.149999999999999,24
54,2024-12-31,14.066666666666668,13.2,24
54,2025-01-01,12.691666666666668,12.45,24
54,2025-01-02,15.379166666666668,16.45,24
54,2025-01-03,15.445833333333333,13.75,24
54,2025-01-04,19.8875,20.25,24
54,2025-01-05,25.037499999999998,26.25,24
54,2025-01-06,22.441666666666666,22.200000000000003,24
54,2025-01-07,25.504166666666666,25.5,24
54,2025-01-08,27.558333333333334,27.1,24
54,2025-01-09,23.8125,21.35,24
54,2025-01-10,17.529166666666665,16.6,24
54,2025-01-11,16.3875,14.149999999999999,24
54,2025-01-12,21.666666666666668,21.85,24
54,2025-01-13,18.191666666666666,18.549999999999997,24
54,2025-01-14,14.262500000000001,13.15,24
54,2025-01-15,15.966666666666667,15.55,24
54,2025-01-16,12.808333333333332,12.350000000000001,24
54,2025-01-17,18.491666666666667,18.05,24
54,2025-01-18,20.416666666666668,22.8,24
54,2025-01-19,16.479166666666668,16.700000000000003,24
54,2025-01-20,26.075,27.25,24
54,2025-01-21,30.820833333333336,29.3,24
54,2025-01-22,32.420833333333334,33.0,24
54,2025-01-23,40.775,38.25,24
54,2025-01-24,39.145833333333336,39.5,24
54,2025-01-25,36.47083333333333,33.25,24
54,2025-01-26,29.8125,30.5,24
54,2025-01-27,17.829166666666666,18.15,24
54,2025-01-28,24.825,25.299999999999997,24
54,2025-01-29,22.604166666666668,21.6,24
54,2025-01-30,27.59583333333333,24.9,24
54,2025-01-31,29.825,27.9,24
54,2025-02-01,26.491666666666664,25.450000000000003,24
54,2025-02-02,23.0,22.85,24
54,2025-02-03,23.150000000000002,25.9,24
54,2025-02-04,21.77916666666667,18.25,24
54,2025-02-05,31.77916666666667,32.05,24
54,2025-02-06,32.516666666666666,31.55,24
54,2025-02-07,35.50416666666667,35.25,24
54,2025-02-08,26.933333333333334,25.450000000000003,24
54,2025-02-09,19.191666666666666,18.5,24
54,2025-02-10,17.683333333333334,20.75,24
54,2025-02-11,21.1125,20.8,24
54,2025-02-12,23.104166666666668,23.9,24
54,2025-02-13,29.28333333333333,30.0,24
54,2025-02-14,32.07083333333333,34.45,24
54,2025-02-15,31.537499999999998,32.95,24
54,2025-02-16,32.35,33.25,24
54,2025-02-17,41.425,41.75,24
54,2025-02-18,48.15,48.55,24
54,2025-02-19,33.295833333333334,29.0,24
54,2025-02-20,35.550000000000004,31.8,24
54,2025-02-21,34.50416666666667,34.55,24
54,2025-02-22,33.15416666666667,28.2,24
54,2025-02-23,20.966666666666665,15.9,24
54,2025-02-24,10.020833333333334,11.95,24
54,2025-02-25,13.85,15.350000000000001,24
54,2025-02-26,18.379166666666666,15.700000000000001,24
54,2025-02-27,12.883333333333333,9.55,24
54,2025-02-28,17.566666666666666,16.4,24
54,2025-03-01,21.916666666666668,23.450000000000003,24
54,2025-03-02,20.224999999999998,21.75,24
54,2025-03-03,24.241666666666664,24.95,24
54,2025-03-04,35.166666666666664,35.55,24
54,2025-03-05,36.704166666666666,36.349999999999994,24
54,2025-03-06,30.579166666666666,28.85,24
54,2025-03-07,43.675000000000004,44.2,24
54,2025-03-08,34.920833333333334,34.0,24
54,2025-03-09,27.204166666666666,27.049999999999997,24
54,2025-03-10,21.379166666666666,15.950000000000001,24
54,2025-03-11,18.729166666666668,15.95,24
54,2025-03-12,29.1875,32.1,24
54,2025-03-13,24.395833333333332,24.4,24
54,2025-03-14,18.016666666666666,17.4,24
54,2025-03-15,23.079166666666666,23.95,24
54,2025-03-16,32.204166666666666,29.95,24
54,2025-03-17,40.65833333333333,41.5,24
54,2025-03-18,36.895833333333336,33.1,24
54,2025-03-19,67.22916666666667,70.3,24
54,2025-03-20,64.37916666666666,63.900000000000006,24
54,2025-03-21,64.74166666666666,61.35,24
54,2025-03-22,76.97916666666667,71.85,24
54,2025-03-23,59.30416666666667,57.25,24
54,2025-03-24,66.87083333333334,64.7,24
54,2025-03-25,50.78333333333333,48.0,24
54,2025-03-26,35.8375,30.25,24
54,2025-03-27,31.96666666666667,31.0,24
54,2025-03-28,32.94583333333333,33.0,24
54,2025-03-29,50.82083333333333,46.45,24
54,2025-03-30,43.699999999999996,39.15,24
54,2025-03-31,35.37916666666667,38.5,24
54,2025-04-01,56.50833333333333,54.2,24
54,2025-04-02,42.47083333333333,44.6,24
54,2025-04-03,51.5,48.75,24
54,2025-04-04,41.80833333333333,42.6,24
54,2025-04-05,39.27916666666667,37.7,24
54,2025-04-06,24.587500000000002,21.4,24
54,2025-04-07,21.325,20.799999999999997,24
54,2025-04-08,26.78333333333333,26.95,24
54,2025-04-09,33.50416666666667,30.9,24
54,2025-04-10,35.94166666666667,35.3,24
54,2025-04-11,32.824999999999996,34.45,24
54,2025-04-12,15.137500000000001,16.0,24
54,2025-04-13,20.712500000000002,18.95,24
54,2025-04-14,25.891666666666666,29.75,24
54,2025-04-15,27.6125,21.65,24
54,2025-04-16,16.587500000000002,13.45,24
54,2025-04-17,13.987499999999999,15.05,24
54,2025-04-18,13.329166666666666,11.65,24
54,2025-04-19,18.779166666666665,15.899999999999999,24
54,2025-04-20,17.783333333333335,16.65,24
54,2025-04-21,23.52916666666667,20.35,24
54,2025-04-22,17.520833333333332,15.2,24
54,2025-04-23,16.337500000000002,15.850000000000001,24
54,2025-04-24,18.520833333333332,17.95,24
54,2025-04-25,28.175,27.2,24
54,2025-04-26,22.183333333333334,22.700000000000003,24
54,2025-04-27,20.7,18.9,24
54,2025-04-28,22.179166666666664,22.9,24
54,2025-04-29,20.208333333333332,18.9,24
54,2025-04-30,24.829166666666666,25.4,24
54,2025-05-01,20.912499999999998,18.1,24
54,2025-05-02,18.008333333333333,18.2,24
54,2025-05-03,18.625,17.1,24
54,2025-05-04,22.02916666666667,21.15,24
54,2025-05-05,14.85,12.55,24
54,2025-05-06,14.725000000000001,15.8,24
54,2025-05-07,15.637500000000001,13.75,24
54,2025-05-08,14.620833333333332,14.2,24
54,2025-05-09,20.929166666666667,21.3,24
54,2025-05-10,27.733333333333334,26.1,24
54,2025-05-11,15.983333333333334,16.549999999999997,24
54,2025-05-12,16.645833333333332,15.350000000000001,24
54,2025-05-13,20.283333333333335,21.2,24
54,2025-05-14,18.279166666666665,14.05,24
54,2025-05-15,12.566666666666668,9.55,24
54,2025-05-16,19.054166666666667,14.649999999999999,24
54,2025-05-17,10.245833333333334,11.1,24
54,2025-05-18,12.229166666666666,11.75,24
54,2025-05-19,15.9,15.0,24
54,2025-05-20,19.2,19.4,24
54,2025-05-21,15.2125,13.05,24
54,2025-05-22,22.079166666666666,21.4,24
54,2025-05-23,17.658333333333335,18.9,24
54,2025-05-24,9.020833333333334,7.75,24
54,2025-05-25,8.025,7.2,24
54,2025-05-26,7.458333333333333,5.15,24
54,2025-05-27,8.4125,8.0,24
54,2025-05-28,12.908333333333333,12.3,24
54,2025-05-29,13.708333333333334,12.5,24
54,2025-05-30,10.883333333333333,10.75,24
54,2025-05-31,10.433333333333334,8.5,24
54,2025-06-01,10.183333333333334,9.2,24
54,2025-06-02,9.675,10.2,24
54,2025-06-03,14.066666666666668,13.399999999999999,24
54,2025-06-04,22.683333333333334,20.75,24
54,2025-06-05,24.462500000000002,25.25,24
54,2025-06-06,29.145833333333332,22.25,24
54,2025-06-07,16.479166666666668,14.75,24
54,2025-06-08,12.433333333333332,11.350000000000001,24
54,2025-06-09,12.375,12.0,24
54,2025-06-10,11.045833333333334,10.1,24
54,2025-06-11,12.625,13.7,24
54,2025-06-12,19.224999999999998,19.65,24
54,2025-06-13,14.429166666666667,13.15,24
54,2025-06-14,9.1625,9.100000000000001,24
54,2025-06-15,9.354166666666666,8.4,24
54,2025-06-16,10.708333333333334,10.0,24
54,2025-06-17,8.7125,8.45,24
54,2025-06-18,8.441666666666666,8.35,24
54,2025-06-19,10.120833333333334,10.8,24
54,2025-06-20,12.058333333333332,10.899999999999999,24
54,2025-06-21,14.416666666666666,14.6,24
54,2025-06-22,13.229166666666666,12.899999999999999,24
54,2025-06-23,10.220833333333333,8.8,24
54,2025-06-24,15.575000000000001,14.45,24
54,2025-06-25,14.170833333333334,12.75,24
54,2025-06-26,14.804166666666667,11.05,24
54,2025-06-27,9.0,8.25,24
54,2025-06-28,7.8,8.25,24
54,2025-06-29,11.970833333333333,13.2,24
54,2025-06-30,9.7875,6.800000000000001,24
54,2025-07-01,14.908333333333333,12.3,24
54,2025-07-02,10.5625,10.7,24
54,2025-07-03,10.295833333333333,8.9,24
54,2025-07-04,16.037499999999998,17.049999999999997,24
54,2025-07-05,12.991666666666667,11.5,24
54,2025-07-06,9.9,10.0,24
54,2025-07-07,11.258333333333333,9.6,24
54,2025-07-08,10.954166666666666,11.2,24
54,2025-07-09,12.15,10.8,24
54,2025-07-10,10.170833333333333,9.95,24
54,2025-07-11,7.279166666666666,6.4,24
54,2025-07-12,10.566666666666668,10.3,24
54,2025-07-13,13.008333333333333,12.8,24
54,2025-07-14,14.708333333333334,12.25,24
54,2025-07-15,12.770833333333334,12.649999999999999,24
54,2025-07-16,9.525,10.2,24
54,2025-07-17,8.137500000000001,7.5,24
54,2025-07-18,9.541666666666666,8.1,24
54,2025-07-19,11.329166666666666,10.850000000000001,24
54,2025-07-20,7.429166666666667,7.25,24
54,2025-07-21,6.516666666666667,6.5,24
54,2025-07-22,3.7708333333333335,3.6500000000000004,24
54,2025-07-23,3.8166666666666664,4.2,24
54,2025-07-24,4.608333333333333,3.9,24
54,2025-07-25,8.4625,8.4,24
54,2025-07-26,9.608333333333333,9.649999999999999,24
54,2025-07-27,5.8875,5.2,24
54,2025-07-28,5.2875000000000005,4.8,24
54,2025-07-29,7.8125,7.800000000000001,24
54,2025-07-30,8.483333333333333,6.0,24
54,2025-07-31,10.7875,11.55,24
54,2025-08-01,7.954166666666667,7.199999999999999,24
54,2025-08-02,8.579166666666667,7.4,24
54,2025-08-03,11.079166666666666,11.45,24
54,2025-08-04,7.3,6.65,24
54,2025-08-05,7.254166666666666,6.15,24
54,2025-08-06,7.258333333333333,6.6,24
54,2025-08-07,9.754166666666666,9.45,24
54,2025-08-08,7.825,8.1,24
54,2025-08-09,8.970833333333333,8.350000000000001,24
54,2025-08-10,8.091666666666667,7.3,24
54,2025-08-11,9.995833333333334,10.0,24
54,2025-08-12,6.058333333333334,4.699999999999999,24
54,2025-08-13,10.141666666666667,9.0,24
54,2025-08-14,13.791666666666666,8.9,24
54,2025-08-15,12.674999999999999,13.4,24
54,2025-08-16,7.6375,7.1,24
54,2025-08-17,7.620833333333334,7.4,24
54,2025-08-18,9.9125,9.6,24
54,2025-08-19,8.241666666666667,8.5,24
54,2025-08-20,12.204166666666666,12.4,24
54,2025-08-21,13.379166666666668,11.350000000000001,24
54,2025-08-22,10.208333333333334,9.850000000000001,24
54,2025-08-23,6.591666666666666,5.4,24
54,2025-08-24,12.483333333333334,12.1,24
54,2025-08-25,14.112499999999999,14.95,24
54,2025-08-26,8.25,6.65,24
54,2025-08-27,4.8500000000000005,4.4,24
54,2025-08-28,8.2875,7.5,24
54,2025-08-29,18.045833333333334,18.8,24
54,2025-08-30,18.400000000000002,16.35,24
54,2025-08-31,7.8999999999999995,6.2,24
54,2025-09-01,6.175,5.5,24
54,2025-09-02,8.570833333333333,7.45,24
54,2025-09-03,11.112499999999999,9.95,24
54,2025-09-04,14.870833333333332,12.55,24
54,2025-09-05,7.05,6.65,24
54,2025-09-06,9.391666666666667,9.05,24
54,2025-09-07,7.854166666666667,6.95,24
54,2025-09-08,5.2375,5.15,24
54,2025-09-09,8.354166666666666,9.4,24
54,2025-09-10,5.141666666666667,5.15,24
54,2025-09-11,9.029166666666667,8.95,24
54,2025-09-12,10.975,12.3,24
54,2025-09-13,10.479166666666666,9.85,24
54,2025-09-14,14.420833333333333,14.7,24
54,2025-09-15,11.658333333333333,10.7,24
54,2025-09-16,11.770833333333334,10.45,24
54,2025-09-17,14.116666666666667,16.15,24
54,2025-09-18,13.004166666666668,11.05,24
54,2025-09-19,6.691666666666666,4.15,24
54,2025-09-20,12.941666666666668,9.05,24
54,2025-09-21,9.633333333333333,9.45,24
54,2025-09-22,7.825,6.15,24
54,2025-09-23,6.175,4.85,24
54,2025-09-24,5.133333333333334,5.4,24
54,2025-09-25,7.095833333333334,7.3,24
54,2025-09-26,7.495833333333334,7.2,24
54,2025-09-27,5.9624999999999995,3.55,24
54,2025-09-28,10.808333333333332,11.1,24
54,2025-09-29,10.4375,10.85,24
54,2025-09-30,4.766666666666667,4.1,24
54,2025-10-01,7.058333333333334,6.6,24
54,2025-10-02,12.279166666666667,13.95,24
54,2025-10-03,17.5125,17.2,24
54,2025-10-04,8.924999999999999,8.350000000000001,24
54,2025-10-05,7.716666666666668,8.850000000000001,24
54,2025-10-06,10.525,6.85,24
54,2025-10-07,11.258333333333333,10.6,24
54,2025-10-08,9.483333333333333,8.0,24
54,2025-10-09,7.558333333333334,5.25,24
54,2025-10-10,11.429166666666667,10.9,24
54,2025-10-11,18.25,12.8,24
54,2025-10-12,9.583333333333334,10.05,24
54,2025-10-13,8.025,8.1,24
54,2025-10-14,9.008333333333333,8.25,24
54,2025-10-15,6.7749999999999995,5.65,24
54,2025-10-16,10.204166666666667,8.600000000000001,24
54,2025-10-17,8.483333333333333,7.75,24
54,2025-10-18,8.991666666666667,8.0,24
54,2025-10-19,6.054166666666667,5.75,24
54,2025-10-20,7.2875000000000005,7.1,24
54,2025-10-21,13.362499999999999,13.3,24
54,2025-10-22,12.420833333333334,10.850000000000001,24
54,2025-10-23,9.420833333333333,10.35,24
54,2025-10-24,8.295833333333333,6.449999999999999,24
54,2025-10-25,8.291666666666666,8.65,24
54,2025-10-26,9.195833333333333,9.899999999999999,24
54,2025-10-27,12.004166666666668,10.2,24
54,2025-10-28,13.65,11.8,24
54,2025-10-29,8.395833333333334,8.600000000000001,24
54,2025-10-30,9.158333333333333,9.45,24
54,2025-10-31,4.516666666666667,3.8,24
54,2025-11-01,6.45,6.65,24
54,2025-11-02,6.491666666666667,4.55,24
54,2025-11-03,10.700000000000001,10.649999999999999,24
54,2025-11-04,10.458333333333334,8.45,24
54,2025-11-05,15.833333333333334,14.45,24
54,2025-11-06,20.0125,20.4,24
54,2025-11-07,26.129166666666666,27.1,24
54,2025-11-08,11.533333333333333,9.9,24
54,2025-11-09,7.6375,7.949999999999999,24
54,2025-11-10,6.75,4.65,24
54,2025-11-11,15.279166666666667,14.350000000000001,24
54,2025-11-12,20.345833333333335,18.85,24
54,2025-11-13,10.112499999999999,9.6,24
54,2025-11-14,10.983333333333334,12.100000000000001,24
54,2025-11-15,13.708333333333334,14.4,24
54,2025-11-16,8.35,6.45,24
54,2025-11-17,6.729166666666667,6.75,24
54,2025-11-18,12.066666666666668,10.350000000000001,24
54,2025-11-19,9.512500000000001,10.45,24
54,2025-11-20,6.708333333333333,6.050000000000001,24
54,2025-11-21,9.85,10.8,24
54,2025-11-22,6.8625,5.45,24
54,2025-11-23,9.583333333333334,9.5,24
54,2025-11-24,7.2625,8.0,24
54,2025-11-25,8.058333333333334,8.75,24
54,2025-11-26,14.887500000000001,14.75,24
54,2025-11-27,12.104166666666666,11.600000000000001,24
54,2025-11-28,7.3374999999999995,7.65,24
54,2025-11-29,6.5874999999999995,5.9,24
54,2025-11-30,11.487499999999999,10.0,24
54,2025-12-01,13.525,13.1,24
54,2025-12-02,15.191666666666668,14.7,24
54,2025-12-03,11.533333333333333,11.65,24
54,2025-12-04,8.4,7.6,24
54,2025-12-05,10.970833333333333,9.75,24
54,2025-12-06,17.016666666666666,18.1,24
54,2025-12-07,19.329166666666666,19.6,24
54,2025-12-08,15.058333333333332,14.0,24
54,2025-12-09,18.45,19.0,24
54,2025-12-10,14.775,13.399999999999999,24
54,2025-12-11,11.816666666666668,11.1,24
54,2025-12-12,12.0375,13.6,24
54,2025-12-13,10.158333333333333,8.15,24
54,2025-12-14,7.904166666666666,7.4,24
54,2025-12-15,7.620833333333334,7.35,24
54,2025-12-16,9.933333333333334,10.5,24
54,2025-12-17,10.083333333333334,9.65,24
54,2025-12-18,9.804166666666667,7.15,24
54,2025-12-19,13.299999999999999,13.5,24
54,2025-12-20,12.4375,14.2,24
54,2025-12-21,9.0875,8.5,24
54,2025-12-22,10.841666666666667,11.2,24
54,2025-12-23,12.420833333333334,13.75,24
54,2025-12-24,14.1,16.299999999999997,24
54,2025-12-25,15.170833333333334,16.950000000000003,24
54,2025-12-26,11.016666666666666,10.899999999999999,24
54,2025-12-27,9.779166666666667,8.0,24
54,2025-12-28,15.545833333333334,14.350000000000001,24
54,2025-12-29,16.058333333333334,15.8,24
54,2025-12-30,18.116666666666667,15.05,24
54,2025-12-31,16.920833333333334,17.049999999999997,24
55,2022-08-04,6.070588235294117,4.2,17
55,2022-08-05,6.3125,6.45,24
55,2022-08-06,4.808333333333334,4.1,24
55,2022-08-07,4.058333333333334,4.25,24
55,2022-08-08,4.204166666666667,3.8499999999999996,24
55,2022-08-09,6.933333333333334,7.2,24
55,2022-08-10,7.179166666666667,7.3,24
55,2022-08-11,6.358333333333333,6.65,24
55,2022-08-12,3.158333333333333,3.2,24
55,2022-08-13,5.4624999999999995,4.4,24
55,2022-08-14,9.620833333333334,9.15,24
55,2022-08-15,8.775,9.85,24
55,2022-08-16,6.333333333333333,5.95,24
55,2022-08-17,7.020833333333333,7.550000000000001,24
55,2022-08-18,6.016666666666667,7.199999999999999,24
55,2022-08-19,7.7875000000000005,7.85,24
55,2022-08-20,9.108333333333333,9.0,24
55,2022-08-21,6.075,6.55,24
55,2022-08-22,4.5249999999999995,4.2,24
55,2022-08-23,7.458333333333333,7.0,24
55,2022-08-24,13.883333333333333,14.45,24
55,2022-08-25,8.1625,6.8,24
55,2022-08-26,5.654166666666666,5.1,24
55,2022-08-27,6.4125000000000005,4.5,24
55,2022-08-28,13.545833333333334,14.65,24
55,2022-08-29,13.966666666666667,9.75,24
55,2022-08-30,10.608333333333333,9.35,24
55,2022-08-31,9.0,11.350000000000001,24
55,2022-09-01,11.966666666666667,11.4,24
55,2022-09-02,11.541666666666666,7.949999999999999,24
55,2022-09-03,9.700000000000001,10.0,24
55,2022-09-04,12.470833333333333,11.8,24
55,2022-09-05,8.15,6.2,24
55,2022-09-06,6.895833333333333,6.1,24
55,2022-09-07,13.25,12.85,24
55,2022-09-08,20.083333333333332,20.0,24
55,2022-09-09,10.4625,9.2,24
55,2022-09-10,5.075,4.9,24
55,2022-09-11,5.908333333333334,5.4,24
55,2022-09-12,7.2749999999999995,6.9,24
55,2022-09-13,9.891666666666667,9.4,24
55,2022-09-14,9.725,11.15,24
55,2022-09-15,8.408333333333333,7.4,24
55,2022-09-16,6.083333333333333,5.7,24
55,2022-09-17,7.433333333333334,7.699999999999999,24
55,2022-09-18,7.55,8.05,24
55,2022-09-19,6.795833333333333,6.95,24
55,2022-09-20,10.241666666666665,10.2,24
55,2022-09-21,7.3500000000000005,5.6,24
55,2022-09-22,10.083333333333334,8.100000000000001,24
55,2022-09-23,7.433333333333334,7.85,24
55,2022-09-24,9.454166666666667,9.899999999999999,24
55,2022-09-25,9.941666666666666,9.8,24
55,2022-09-26,6.295833333333333,6.1,24
55,2022-09-27,9.458333333333334,9.5,24
55,2022-09-28,15.245833333333332,15.45,24
55,2022-09-29,13.4,11.3,24
55,2022-09-30,5.758333333333333,5.15,24
55,2022-10-01,5.445833333333333,5.15,24
55,2022-10-02,5.7875000000000005,6.199999999999999,24
55,2022-10-03,6.908333333333334,7.0,24
55,2022-10-04,10.191666666666666,9.95,24
55,2022-10-05,11.204166666666667,11.95,24
55,2022-10-06,11.0625,11.4,24
55,2022-10-07,9.883333333333333,9.05,24
55,2022-10-08,7.029166666666666,6.2,24
55,2022-10-09,11.333333333333334,11.75,24
55,2022-10-10,8.066666666666666,7.55,24
55,2022-10-11,9.808333333333334,9.850000000000001,24
55,2022-10-12,13.479166666666666,14.100000000000001,24
55,2022-10-13,11.8375,13.350000000000001,24
55,2022-10-14,16.383333333333333,17.450000000000003,24
55,2022-10-15,19.433333333333334,18.75,24
55,2022-10-16,14.362499999999999,14.6,24
55,2022-10-17,16.5125,16.55,24
55,2022-10-18,19.020833333333332,18.5,24
55,2022-10-19,22.087500000000002,20.9,24
55,2022-10-20,18.125,16.3,24
55,2022-10-21,15.708333333333334,17.35,24
55,2022-10-22,10.720833333333333,7.5,24
55,2022-10-23,11.591666666666667,11.149999999999999,24
55,2022-10-24,17.25,19.25,24
55,2022-10-25,17.816666666666666,19.549999999999997,24
55,2022-10-26,12.895833333333334,14.6,24
55,2022-10-27,12.770833333333334,12.25,24
55,2022-10-28,12.695833333333333,12.85,24
55,2022-10-29,12.445833333333333,12.3,24
55,2022-10-30,15.666666666666666,15.5,24
55,2022-10-31,14.879166666666668,16.0,24
55,2022-11-01,11.737499999999999,12.7,24
55,2022-11-02,12.370833333333332,12.9,24
55,2022-11-03,12.975,15.55,24
55,2022-11-04,12.237499999999999,11.850000000000001,24
55,2022-11-05,12.5875,12.149999999999999,24
55,2022-11-06,16.599999999999998,17.85,24
55,2022-11-07,15.924999999999999,17.299999999999997,24
55,2022-11-08,16.870833333333334,18.4,24
55,2022-11-09,17.933333333333334,19.9,24
55,2022-11-10,16.675,19.6,24
55,2022-11-11,15.404166666666667,16.15,24
55,2022-11-12,12.045833333333334,12.85,24
55,2022-11-13,13.858333333333334,16.75,24
55,2022-11-14,13.958333333333334,15.25,24
55,2022-11-15,12.154166666666667,10.95,24
55,2022-11-16,9.029166666666667,8.15,24
55,2022-11-17,11.112499999999999,11.2,24
55,2022-11-18,7.820833333333333,6.9,24
55,2022-11-19,10.762500000000001,11.600000000000001,24
55,2022-11-20,11.016666666666666,10.4,24
55,2022-11-21,12.170833333333334,11.899999999999999,24
55,2022-11-22,10.329166666666667,7.4,24
55,2022-11-23,10.079166666666667,11.6,24
55,2022-11-24,12.141666666666666,12.75,24
55,2022-11-25,11.279166666666667,9.95,24
55,2022-11-26,7.741666666666667,7.55,24
55,2022-11-27,9.775,9.649999999999999,24
55,2022-11-28,16.833333333333332,15.950000000000001,24
55,2022-11-29,18.516666666666666,17.65,24
55,2022-11-30,14.991666666666667,13.8,24
55,2022-12-01,10.875,12.55,24
55,2022-12-02,9.416666666666666,10.3,24
55,2022-12-03,9.191666666666666,9.350000000000001,24
55,2022-12-04,10.070833333333333,12.149999999999999,24
55,2022-12-05,9.674999999999999,8.9,24
55,2022-12-06,7.8,7.449999999999999,24
55,2022-12-07,7.666666666666667,7.45,24
55,2022-12-08,8.841666666666667,8.899999999999999,24
55,2022-12-09,9.708333333333334,10.7,24
55,2022-12-10,14.895833333333334,14.35,24
55,2022-12-11,15.025,16.15,24
55,2022-12-12,17.204166666666666,17.3,24
55,2022-12-13,13.258333333333333,14.35,24
55,2022-12-14,0.8250000000000001,0.8,24
55,2022-12-15,0.7041666666666666,0.7,24
55,2022-12-16,10.383333333333333,10.649999999999999,24
55,2022-12-17,13.870833333333332,13.4,24
55,2022-12-18,15.233333333333333,14.95,24
55,2022-12-19,17.462500000000002,18.5,24
55,2022-12-20,18.245833333333334,19.5,24
55,2022-12-21,14.291666666666666,13.4,24
55,2022-12-22,10.025,10.25,24
55,2022-12-23,14.729166666666666,14.149999999999999,24
55,2022-12-24,16.125,16.3,24
55,2022-12-25,11.862499999999999,11.8,24
55,2022-12-26,14.079166666666666,15.2,24
55,2022-12-27,14.029166666666667,13.2,24
55,2022-12-28,11.841666666666667,10.3,24
55,2022-12-29,12.525,11.55,24
55,2022-12-30,11.970833333333333,10.95,24
55,2022-12-31,11.891666666666666,11.5,24
55,2023-01-01,11.545833333333334,11.9,24
55,2023-01-02,10.45,12.1,24
55,2023-01-03,15.070833333333333,15.05,24
55,2023-01-04,11.916666666666666,10.0,24
55,2023-01-05,9.637500000000001,10.649999999999999,24
55,2023-01-06,9.299999999999999,9.6,24
55,2023-01-07,12.554166666666667,13.9,24
55,2023-01-08,16.970833333333335,17.05,24
55,2023-01-09,16.575,18.450000000000003,24
55,2023-01-10,16.912499999999998,17.85,24
55,2023-01-11,12.65,12.3,24
55,2023-01-12,13.283333333333333,12.95,24
55,2023-01-13,14.375,13.35,24
55,2023-01-14,14.091666666666667,14.3,24
55,2023-01-15,14.416666666666666,13.65,24
55,2023-01-16,10.737499999999999,11.0,24
55,2023-01-17,12.658333333333333,12.5,24
55,2023-01-18,12.116666666666667,11.7,24
55,2023-01-19,14.424999999999999,15.0,24
55,2023-01-20,11.433333333333332,10.899999999999999,24
55,2023-01-21,12.883333333333333,12.75,24
55,2023-01-22,12.875,12.8,24
55,2023-01-23,15.566666666666668,14.55,24
55,2023-01-24,25.929166666666664,26.200000000000003,24
55,2023-01-25,20.575,20.45,24
55,2023-01-26,25.354166666666668,25.4,24
55,2023-01-27,21.554166666666664,22.799999999999997,24
55,2023-01-28,13.2125,13.649999999999999,24
55,2023-01-29,18.033333333333335,16.65,24
55,2023-01-30,27.866666666666664,27.1,24
55,2023-01-31,31.133333333333336,31.7,24
55,2023-02-01,32.954166666666666,31.6,24
55,2023-02-02,34.862500000000004,32.650000000000006,24
55,2023-02-03,34.35,33.3,24
55,2023-02-04,27.254166666666666,29.05,24
55,2023-02-05,24.795833333333334,24.75,24
55,2023-02-06,19.345833333333335,20.8,24
55,2023-02-07,15.704166666666666,13.899999999999999,24
55,2023-02-08,21.629166666666666,20.7,24
55,2023-02-09,22.22083333333333,21.4,24
55,2023-02-10,21.933333333333334,23.15,24
55,2023-02-11,20.1875,21.75,24
55,2023-02-12,22.366666666666664,22.4,24
55,2023-02-13,33.020833333333336,33.849999999999994,24
55,2023-02-14,45.24166666666667,42.2,24
55,2023-02-15,31.308333333333334,28.2,24
55,2023-02-16,15.079166666666666,15.8,24
55,2023-02-17,19.166666666666668,17.5,24
55,2023-02-18,24.895833333333332,27.15,24
55,2023-02-19,20.587500000000002,20.1,24
55,2023-02-20,21.416666666666668,19.85,24
55,2023-02-21,22.454166666666666,21.1,24
55,2023-02-22,20.583333333333332,18.25,24
55,2023-02-23,23.391666666666666,20.8,24
55,2023-02-24,26.354166666666668,26.5,24
55,2023-02-25,15.0625,15.45,24
55,2023-02-26,22.633333333333336,20.7,24
55,2023-02-27,18.133333333333333,17.35,24
55,2023-02-28,24.083333333333332,21.3,24
55,2023-03-01,28.816666666666666,26.5,24
55,2023-03-02,25.133333333333336,22.55,24
55,2023-03-03,25.075,24.2,24
55,2023-03-04,31.224999999999998,26.95,24
55,2023-03-05,49.8125,50.55,24
55,2023-03-06,44.987500000000004,44.45,24
55,2023-03-07,46.99583333333334,43.55,24
55,2023-03-08,48.71666666666667,49.6,24
55,2023-03-09,44.74166666666667,43.15,24
55,2023-03-10,41.199999999999996,40.8,24
55,2023-03-11,55.4625,56.150000000000006,24
55,2023-03-12,54.1,55.25,24
55,2023-03-13,44.5625,49.45,24
55,2023-03-14,39.791666666666664,37.6,24
55,2023-03-15,29.808333333333334,29.5,24
55,2023-03-16,27.129166666666666,28.1,24
55,2023-03-17,44.85833333333333,43.9,24
55,2023-03-18,38.358333333333334,38.0,24
55,2023-03-19,35.74166666666667,36.2,24
55,2023-03-20,28.858333333333334,28.3,24
55,2023-03-21,23.72083333333333,25.25,24
55,2023-03-22,16.004166666666666,16.0,24
55,2023-03-23,14.883333333333333,13.95,24
55,2023-03-24,26.325,25.4,24
55,2023-03-25,37.204166666666666,34.95,24
55,2023-03-26,39.875,44.55,24
55,2023-03-27,38.733333333333334,41.25,24
55,2023-03-28,55.900000000000006,51.2,24
55,2023-03-29,70.79583333333333,64.4,24
55,2023-03-30,85.00416666666666,81.75,24
55,2023-03-31,64.89166666666667,61.6,24
55,2023-04-01,51.9,51.45,24
55,2023-04-02,33.1625,34.2,24
55,2023-04-03,25.916666666666668,27.15,24
55,2023-04-04,44.0875,30.5,24
55,2023-04-05,78.45833333333333,60.3,24
55,2023-04-06,131.92083333333332,145.3,24
55,2023-04-07,108.72083333333335,100.7,24
55,2023-04-08,87.71249999999999,75.45,24
55,2023-04-09,43.07083333333333,44.95,24
55,2023-04-10,44.82083333333333,46.7,24
55,2023-04-11,40.25416666666667,37.95,24
55,2023-04-12,56.862500000000004,49.7,24
55,2023-04-13,54.487500000000004,53.8,24
55,2023-04-14,42.37083333333333,42.05,24
55,2023-04-15,36.987500000000004,36.150000000000006,24
55,2023-04-16,36.61666666666667,37.849999999999994,24
55,2023-04-17,45.24583333333334,41.9,24
55,2023-04-18,36.4125,37.45,24
55,2023-04-19,32.275,32.0,24
55,2023-04-20,39.22083333333333,40.7,24
55,2023-04-21,34.86666666666667,34.95,24
55,2023-04-22,36.3125,33.849999999999994,24
55,2023-04-23,29.633333333333336,28.4,24
55,2023-04-24,27.020833333333332,26.9,24
55,2023-04-25,24.55,24.85,24
55,2023-04-26,24.545833333333334,26.5,24
55,2023-04-27,26.329166666666666,26.95,24
55,2023-04-28,23.96666666666667,24.55,24
55,2023-04-29,21.8875,19.950000000000003,24
55,2023-04-30,20.025000000000002,16.200000000000003,24
55,2023-05-01,17.154166666666665,17.2,24
55,2023-05-02,20.479166666666668,21.0,24
55,2023-05-03,24.445833333333336,25.05,24
55,2023-05-04,22.516666666666666,22.85,24
55,2023-05-05,21.004166666666666,19.85,24
55,2023-05-06,19.366666666666667,20.4,24
55,2023-05-07,14.070833333333333,14.8,24
55,2023-05-08,22.741666666666664,23.049999999999997,24
55,2023-05-09,21.224999999999998,20.75,24
55,2023-05-10,21.775000000000002,21.0,24
55,2023-05-11,14.633333333333333,12.350000000000001,24
55,2023-05-12,9.258333333333333,9.2,24
55,2023-05-13,7.0125,7.4,24
55,2023-05-14,8.4375,7.9,24
55,2023-05-15,13.1,13.45,24
55,2023-05-16,13.279166666666667,13.65,24
55,2023-05-17,14.933333333333332,14.6,24
55,2023-05-18,15.625,14.8,24
55,2023-05-19,17.474999999999998,17.2,24
55,2023-05-20,14.679166666666667,15.2,24
55,2023-05-21,15.424999999999999,14.7,24
55,2023-05-22,15.799999999999999,15.75,24
55,2023-05-23,15.566666666666668,15.3,24
55,2023-05-24,16.3,16.25,24
55,2023-05-25,14.783333333333333,14.5,24
55,2023-05-26,17.766666666666666,16.6,24
55,2023-05-27,19.954166666666666,21.05,24
55,2023-05-28,18.791666666666668,17.5,24
55,2023-05-29,7.920833333333333,6.55,24
55,2023-05-30,8.7875,8.55,24
55,2023-05-31,10.762500000000001,10.55,24
55,2023-06-01,7.054166666666667,7.050000000000001,24
55,2023-06-02,9.866666666666667,9.75,24
55,2023-06-03,9.85,9.3,24
55,2023-06-04,11.741666666666667,10.1,24
55,2023-06-05,7.745833333333334,9.45,24
55,2023-06-06,9.1,8.649999999999999,24
55,2023-06-07,9.325000000000001,9.75,24
55,2023-06-08,7.154166666666666,6.949999999999999,24
55,2023-06-09,7.920833333333333,8.1,24
55,2023-06-10,10.816666666666668,12.100000000000001,24
55,2023-06-11,9.608333333333333,7.550000000000001,24
55,2023-06-12,10.6625,12.2,24
55,2023-06-13,6.716666666666666,6.7,24
55,2023-06-14,6.033333333333334,5.4,24
55,2023-06-15,7.020833333333333,6.199999999999999,24
55,2023-06-16,6.983333333333333,7.65,24
55,2023-06-17,9.316666666666666,7.7,24
55,2023-06-18,8.404166666666667,7.1,24
55,2023-06-19,7.679166666666667,8.05,24
55,2023-06-20,7.4750000000000005,7.949999999999999,24
55,2023-06-21,7.420833333333333,7.35,24
55,2023-06-22,7.8625,6.800000000000001,24
55,2023-06-23,8.041666666666666,8.4,24
55,2023-06-24,6.966666666666666,7.9,24
55,2023-06-25,7.329166666666667,7.5,24
55,2023-06-26,8.674999999999999,7.4,24
55,2023-06-27,7.941666666666666,7.4,24
55,2023-06-28,8.270833333333334,7.25,24
55,2023-06-29,13.325000000000001,13.1,24
55,2023-06-30,9.983333333333333,9.25,24
55,2023-07-01,10.604166666666666,10.2,24
55,2023-07-02,9.6,7.95,24
55,2023-07-03,7.175,7.05,24
55,2023-07-04,5.116666666666666,4.9,24
55,2023-07-05,6.433333333333334,6.25,24
55,2023-07-06,7.116666666666667,7.15,24
55,2023-07-07,8.708333333333334,8.2,24
55,2023-07-08,10.654166666666667,9.75,24
55,2023-07-09,5.770833333333333,4.6,24
55,2023-07-10,6.633333333333333,7.9,24
55,2023-07-11,8.137500000000001,8.3,24
55,2023-07-12,8.887500000000001,8.6,24
55,2023-07-13,9.129166666666666,9.55,24
55,2023-07-14,8.362499999999999,7.8,24
55,2023-07-15,11.779166666666667,10.75,24
55,2023-07-16,10.5625,10.6,24
55,2023-07-17,14.174999999999999,14.55,24
55,2023-07-18,14.454166666666666,14.5,24
55,2023-07-19,10.270833333333334,10.649999999999999,24
55,2023-07-20,8.7125,7.0,24
55,2023-07-21,8.612499999999999,8.4,24
55,2023-07-22,6.0375000000000005,5.75,24
55,2023-07-23,5.654166666666666,5.35,24
55,2023-07-24,7.175,7.3,24
55,2023-07-25,7.6125,5.85,24
55,2023-07-26,11.987499999999999,11.85,24
55,2023-07-27,9.254166666666666,9.55,24
55,2023-07-28,6.983333333333333,6.55,24
55,2023-07-29,6.208333333333333,5.95,24
55,2023-07-30,5.491666666666667,5.45,24
55,2023-07-31,5.420833333333333,5.65,24
55,2023-08-01,7.120833333333334,6.05,24
55,2023-08-02,7.829166666666667,7.5,24
55,2023-08-03,4.254166666666666,4.05,24
55,2023-08-04,5.395833333333333,5.300000000000001,24
55,2023-08-05,5.8625,5.15,24
55,2023-08-06,5.891666666666667,5.800000000000001,24
55,2023-08-07,4.2375,4.05,24
55,2023-08-08,4.404166666666667,4.35,24
55,2023-08-09,4.170833333333333,2.95,24
55,2023-08-10,7.983333333333333,5.75,24
55,2023-08-11,11.258333333333333,10.7,24
55,2023-08-12,14.479166666666666,13.45,24
55,2023-08-13,14.0875,12.8,24
55,2023-08-14,15.854166666666666,16.05,24
55,2023-08-15,10.529166666666667,10.399999999999999,24
55,2023-08-16,7.270833333333333,6.15,24
55,2023-08-17,9.0375,10.399999999999999,24
55,2023-08-18,12.379166666666668,10.7,24
55,2023-08-19,17.454166666666666,16.700000000000003,24
55,2023-08-20,20.108333333333334,18.75,24
55,2023-08-21,15.345833333333333,14.95,24
55,2023-08-22,11.183333333333332,11.25,24
55,2023-08-23,10.408333333333333,10.3,24
55,2023-08-24,9.183333333333334,9.1,24
55,2023-08-25,8.604166666666666,6.9,24
55,2023-08-26,9.283333333333333,8.95,24
55,2023-08-27,8.775,7.800000000000001,24
55,2023-08-28,11.216666666666667,11.2,24
55,2023-08-29,10.295833333333333,12.1,24
55,2023-08-30,6.4875,5.3,24
55,2023-08-31,8.258333333333333,7.45,24
55,2023-09-01,9.5625,7.800000000000001,24
55,2023-09-02,8.033333333333333,6.65,24
55,2023-09-03,14.0,14.05,24
55,2023-09-04,12.612499999999999,12.15,24
55,2023-09-05,8.299999999999999,6.05,24
55,2023-09-06,7.2,5.6,24
55,2023-09-07,11.316666666666668,9.75,24
55,2023-09-08,6.079166666666667,4.0,24
55,2023-09-09,6.0625,5.9,24
55,2023-09-10,4.370833333333334,3.2,24
55,2023-09-11,6.083333333333333,5.1,24
55,2023-09-12,5.6125,5.1,24
55,2023-09-13,7.4875,6.050000000000001,24
55,2023-09-14,12.579166666666666,11.0,24
55,2023-09-15,8.458333333333334,6.2,24
55,2023-09-16,6.783333333333334,5.449999999999999,24
55,2023-09-17,5.533333333333334,3.95,24
55,2023-09-18,7.454166666666667,7.8999999999999995,24
55,2023-09-19,9.174999999999999,9.05,24
55,2023-09-20,9.208333333333334,5.2,24
55,2023-09-21,11.291666666666666,7.65,24
55,2023-09-22,7.745833333333334,4.9,24
55,2023-09-23,10.933333333333332,11.7,24
55,2023-09-24,8.766666666666667,8.0,24
55,2023-09-25,6.8999999999999995,6.15,24
55,2023-09-26,10.654166666666667,10.600000000000001,24
55,2023-09-27,12.195833333333333,12.2,24
55,2023-09-28,7.016666666666667,6.449999999999999,24
55,2023-09-29,5.704166666666667,4.6,24
55,2023-09-30,7.854166666666667,6.6,24
55,2023-10-01,7.25,7.550000000000001,24
55,2023-10-02,8.379166666666666,8.95,24
55,2023-10-03,8.258333333333333,6.949999999999999,24
55,2023-10-04,5.004166666666666,3.5,24
55,2023-10-05,8.358333333333333,7.35,24
55,2023-10-06,6.495833333333334,6.5,24
55,2023-10-07,4.354166666666667,4.2,24
55,2023-10-08,4.133333333333334,4.05,24
55,2023-10-09,10.970833333333333,6.35,24
55,2023-10-10,14.4125,14.6,24
55,2023-10-11,11.325000000000001,10.75,24
55,2023-10-12,10.891666666666666,10.8,24
55,2023-10-13,11.783333333333333,11.75,24
55,2023-10-14,12.808333333333332,12.85,24
55,2023-10-15,8.470833333333333,8.8,24
55,2023-10-16,9.720833333333333,8.8,24
55,2023-10-17,11.604166666666666,11.75,24
55,2023-10-18,16.741666666666667,16.65,24
55,2023-10-19,19.1375,18.7,24
55,2023-10-20,11.987499999999999,11.7,24
55,2023-10-21,8.733333333333333,9.4,24
55,2023-10-22,8.629166666666666,7.25,24
55,2023-10-23,13.733333333333334,12.95,24
55,2023-10-24,11.658333333333333,13.25,24
55,2023-10-25,11.725,11.75,24
55,2023-10-26,8.387500000000001,6.8,24
55,2023-10-27,6.216666666666666,5.9,24
55,2023-10-28,5.495833333333334,5.75,24
55,2023-10-29,5.366666666666667,3.35,24
55,2023-10-30,7.270833333333333,6.8,24
55,2023-10-31,9.708333333333334,9.05,24
55,2023-11-01,14.4,14.05,24
55,2023-11-02,13.525,13.25,24
55,2023-11-03,14.674999999999999,15.95,24
55,2023-11-04,15.545833333333334,15.65,24
55,2023-11-05,14.0375,13.65,24
55,2023-11-06,10.870833333333332,10.7,24
55,2023-11-07,8.8125,6.9,24
55,2023-11-08,12.533333333333333,12.4,24
55,2023-11-09,16.041666666666668,15.5,24
55,2023-11-10,13.645833333333334,13.8,24
55,2023-11-11,13.195833333333333,12.55,24
55,2023-11-12,11.633333333333333,12.0,24
55,2023-11-13,6.125,6.6,24
55,2023-11-14,7.433333333333334,7.1,24
55,2023-11-15,10.3875,9.95,24
55,2023-11-16,8.991666666666667,8.100000000000001,24
55,2023-11-17,6.1499999999999995,7.15,24
55,2023-11-18,7.741666666666667,7.5,24
55,2023-11-19,9.125,8.8,24
55,2023-11-20,11.2875,11.0,24
55,2023-11-21,11.012500000000001,10.9,24
55,2023-11-22,13.016666666666666,11.55,24
55,2023-11-23,15.683333333333332,15.9,24
55,2023-11-24,11.458333333333334,10.55,24
55,2023-11-25,11.904166666666667,12.5,24
55,2023-11-26,14.325000000000001,15.4,24
55,2023-11-27,10.004166666666666,9.45,24
55,2023-11-28,12.804166666666667,12.55,24
55,2023-11-29,15.983333333333334,15.65,24
55,2023-11-30,15.145833333333334,15.05,24
55,2023-12-01,14.833333333333334,14.45,24
55,2023-12-02,7.325,6.9,24
55,2023-12-03,6.654166666666666,6.05,24
55,2023-12-04,8.958333333333334,8.1,24
55,2023-12-05,8.770833333333334,8.75,24
55,2023-12-06,7.954166666666667,8.2,24
55,2023-12-07,8.795833333333333,7.3,24
55,2023-12-08,12.720833333333333,11.75,24
55,2023-12-09,12.375,12.6,24
55,2023-12-10,12.283333333333333,12.25,24
55,2023-12-11,12.5875,13.05,24
55,2023-12-12,16.045833333333334,16.0,24
55,2023-12-13,8.5,7.5,24
55,2023-12-14,8.137500000000001,6.75,24
55,2023-12-15,9.299999999999999,9.3,24
55,2023-12-16,7.2875000000000005,7.300000000000001,24
55,2023-12-17,6.470833333333334,6.3,24
55,2023-12-18,5.970833333333334,6.15,24
55,2023-12-19,7.020833333333333,5.9,24
55,2023-12-20,9.266666666666667,9.25,24
55,2023-12-21,5.833333333333333,6.300000000000001,24
55,2023-12-22,14.141666666666666,14.45,24
55,2023-12-23,9.533333333333333,9.55,24
55,2023-12-24,10.725,11.100000000000001,24
55,2023-12-25,15.15,16.35,24
55,2023-12-26,14.979166666666666,15.0,24
55,2023-12-27,9.754166666666666,9.55,24
55,2023-12-28,7.1125,6.4,24
55,2023-12-29,7.895833333333333,7.050000000000001,24
55,2023-12-30,8.924999999999999,8.7,24
55,2023-12-31,8.595833333333333,8.95,24
55,2024-01-01,8.091666666666667,7.6,24
55,2024-01-02,7.6625000000000005,6.3,24
55,2024-01-03,8.2125,7.15,24
55,2024-01-04,5.091666666666667,4.85,24
55,2024-01-05,7.4750000000000005,6.7,24
55,2024-01-06,6.1375,5.25,24
55,2024-01-07,8.575000000000001,7.85,24
55,2024-01-08,9.737499999999999,8.8,24
55,2024-01-09,10.924999999999999,10.05,24
55,2024-01-10,12.65,11.4,24
55,2024-01-11,21.275,21.4,24
55,2024-01-12,18.5125,18.6,24
55,2024-01-13,17.491666666666667,15.25,24
55,2024-01-14,11.308333333333332,10.3,24
55,2024-01-15,7.545833333333333,7.15,24
55,2024-01-16,6.908333333333334,6.0,24
55,2024-01-17,9.479166666666666,8.15,24
55,2024-01-18,13.0625,13.45,24
55,2024-01-19,12.241666666666667,12.25,24
55,2024-01-20,12.266666666666666,12.55,24
55,2024-01-21,12.9375,13.2,24
55,2024-01-22,11.345833333333333,13.5,24
55,2024-01-23,13.316666666666668,13.3,24
55,2024-01-24,15.154166666666667,13.149999999999999,24
55,2024-01-25,12.975,10.95,24
55,2024-01-26,12.770833333333334,12.05,24
55,2024-01-27,14.137500000000001,14.95,24
55,2024-01-28,12.375,11.7,24
55,2024-01-29,18.558333333333334,16.45,24
55,2024-01-30,20.925,21.049999999999997,24
55,2024-01-31,14.033333333333333,14.1,24
55,2024-02-01,9.008333333333333,8.899999999999999,24
55,2024-02-02,7.033333333333334,6.75,24
55,2024-02-03,8.870833333333334,7.15,24
55,2024-02-04,17.104166666666668,16.700000000000003,24
55,2024-02-05,15.4125,16.1,24
55,2024-02-06,12.016666666666666,11.95,24
55,2024-02-07,14.775,13.0,24
55,2024-02-08,14.875,15.0,24
55,2024-02-09,16.808333333333334,17.9,24
55,2024-02-10,26.258333333333336,25.200000000000003,24
55,2024-02-11,31.587500000000002,32.45,24
55,2024-02-12,25.666666666666668,24.549999999999997,24
55,2024-02-13,17.3125,17.05,24
55,2024-02-14,14.758333333333333,15.8,24
55,2024-02-15,15.862499999999999,15.350000000000001,24
55,2024-02-16,17.9875,17.549999999999997,24
55,2024-02-17,25.120833333333334,29.5,24
55,2024-02-18,25.795833333333334,26.299999999999997,24
55,2024-02-19,19.841666666666665,19.35,24
55,2024-02-20,17.379166666666666,17.1,24
55,2024-02-21,15.575000000000001,16.05,24
55,2024-02-22,16.537499999999998,16.4,24
55,2024-02-23,15.445833333333333,16.15,24
55,2024-02-24,14.341666666666667,12.3,24
55,2024-02-25,28.804166666666664,28.700000000000003,24
55,2024-02-26,27.170833333333334,26.8,24
55,2024-02-27,19.758333333333333,17.950000000000003,24
55,2024-02-28,22.895833333333332,23.7,24
55,2024-02-29,24.175,24.65,24
55,2024-03-01,24.420833333333334,25.200000000000003,24
55,2024-03-02,26.0,24.799999999999997,24
55,2024-03-03,26.258333333333336,25.700000000000003,24
55,2024-03-04,20.054166666666667,19.35,24
55,2024-03-05,21.883333333333336,22.2,24
55,2024-03-06,27.733333333333334,28.2,24
55,2024-03-07,36.97083333333333,39.9,24
55,2024-03-08,38.5625,37.599999999999994,24
55,2024-03-09,33.37916666666667,33.3,24
55,2024-03-10,27.6375,28.45,24
55,2024-03-11,31.933333333333334,30.95,24
55,2024-03-12,40.725,40.900000000000006,24
55,2024-03-13,25.425,17.8,24
55,2024-03-14,21.495833333333334,16.85,24
55,2024-03-15,40.291666666666664,36.8,24
55,2024-03-16,40.81666666666667,40.6,24
55,2024-03-17,47.145833333333336,51.05,24
55,2024-03-18,49.64166666666667,49.45,24
55,2024-03-19,45.979166666666664,46.7,24
55,2024-03-20,27.566666666666666,27.0,24
55,2024-03-21,23.8625,26.5,24
55,2024-03-22,25.804166666666664,25.8,24
55,2024-03-23,19.325,18.049999999999997,24
55,2024-03-24,14.766666666666666,14.55,24
55,2024-03-25,15.262500000000001,12.850000000000001,24
55,2024-03-26,29.208333333333332,23.2,24
55,2024-03-27,38.800000000000004,35.7,24
55,2024-03-28,26.583333333333332,25.35,24
55,2024-03-29,29.954166666666666,28.1,24
55,2024-03-30,21.541666666666668,20.1,24
55,2024-03-31,28.645833333333332,32.7,24
55,2024-04-01,31.0,28.8,24
55,2024-04-02,35.30416666666667,35.45,24
55,2024-04-03,43.425000000000004,43.55,24
55,2024-04-04,38.24583333333333,36.3,24
55,2024-04-05,48.1875,46.349999999999994,24
55,2024-04-06,48.29583333333333,48.650000000000006,24
55,2024-04-07,45.43333333333334,47.15,24
55,2024-04-08,43.2875,41.1,24
55,2024-04-09,46.71666666666667,44.9,24
55,2024-04-10,39.020833333333336,39.1,24
55,2024-04-11,27.508333333333336,27.75,24
55,2024-04-12,26.629166666666666,25.5,24
55,2024-04-13,28.59583333333333,30.75,24
55,2024-04-14,23.920833333333334,22.6,24
55,2024-04-15,30.058333333333334,29.0,24
55,2024-04-16,26.65833333333333,26.4,24
55,2024-04-17,22.666666666666668,22.65,24
55,2024-04-18,26.183333333333334,27.5,24
55,2024-04-19,31.979166666666668,37.05,24
55,2024-04-20,25.84583333333333,27.45,24
55,2024-04-21,24.733333333333334,23.1,24
55,2024-04-22,32.65416666666667,33.849999999999994,24
55,2024-04-23,32.38333333333333,31.15,24
55,2024-04-24,28.679166666666664,28.35,24
55,2024-04-25,27.295833333333334,28.8,24
55,2024-04-26,26.0125,25.4,24
55,2024-04-27,30.7,35.75,24
55,2024-04-28,34.09166666666667,33.7,24
55,2024-04-29,33.770833333333336,36.65,24
55,2024-04-30,25.775000000000002,26.95,24
55,2024-05-01,32.045833333333334,27.950000000000003,24
55,2024-05-02,42.637499999999996,41.3,24
55,2024-05-03,53.225,52.55,24
55,2024-05-04,41.56666666666667,38.5,24
55,2024-05-05,23.40833333333333,23.0,24
55,2024-05-06,34.61666666666667,32.400000000000006,24
55,2024-05-07,35.24583333333333,35.05,24
55,2024-05-08,27.0125,27.1,24
55,2024-05-09,20.070833333333333,19.0,24
55,2024-05-10,11.416666666666666,12.75,24
55,2024-05-11,14.183333333333332,14.649999999999999,24
55,2024-05-12,10.612499999999999,9.85,24
55,2024-05-13,16.224999999999998,16.15,24
55,2024-05-14,13.066666666666668,13.45,24
55,2024-05-15,16.8125,14.95,24
55,2024-05-16,21.712500000000002,21.3,24
55,2024-05-17,18.720833333333335,19.15,24
55,2024-05-18,9.958333333333334,10.7,24
55,2024-05-19,14.004166666666668,12.899999999999999,24
55,2024-05-20,18.8125,18.05,24
55,2024-05-21,18.883333333333333,19.75,24
55,2024-05-22,17.404166666666665,19.0,24
55,2024-05-23,12.241666666666667,12.850000000000001,24
55,2024-05-24,4.916666666666667,5.2,24
55,2024-05-25,5.766666666666667,4.699999999999999,24
55,2024-05-26,6.145833333333333,5.05,24
55,2024-05-27,7.391666666666667,7.050000000000001,24
55,2024-05-28,9.779166666666667,8.45,24
55,2024-05-29,9.308333333333334,9.7,24
55,2024-05-30,11.887500000000001,10.5,24
55,2024-05-31,18.891666666666666,16.85,24
55,2024-06-01,11.283333333333333,9.3,24
55,2024-06-02,9.508333333333333,9.85,24
55,2024-06-03,5.0,4.25,24
55,2024-06-04,8.9625,6.5,24
55,2024-06-05,13.233333333333334,12.7,24
55,2024-06-06,6.925,6.55,24
55,2024-06-07,7.4624999999999995,5.800000000000001,24
55,2024-06-08,8.5625,6.7,24
55,2024-06-09,10.362499999999999,9.5,24
55,2024-06-10,8.308333333333334,6.550000000000001,24
55,2024-06-11,8.670833333333333,8.3,24
55,2024-06-12,7.183333333333334,7.1,24
55,2024-06-13,5.641666666666667,4.8,24
55,2024-06-14,6.066666666666666,7.0,24
55,2024-06-15,8.0,5.7,24
55,2024-06-16,10.625,10.95,24
55,2024-06-17,7.7,6.2,24
55,2024-06-18,7.570833333333333,6.0,24
55,2024-06-19,8.116666666666667,7.6,24
55,2024-06-20,6.883333333333333,6.550000000000001,24
55,2024-06-21,7.783333333333334,7.3,24
55,2024-06-22,11.866666666666667,11.600000000000001,24
55,2024-06-23,8.654166666666667,9.05,24
55,2024-06-24,6.316666666666666,4.85,24
55,2024-06-25,7.4750000000000005,6.75,24
55,2024-06-26,5.029166666666667,4.199999999999999,24
55,2024-06-27,5.7375,5.55,24
55,2024-06-28,9.558333333333334,8.5,24
55,2024-06-29,9.845833333333333,9.4,24
55,2024-06-30,8.200000000000001,7.4,24
55,2024-07-01,8.4625,8.35,24
55,2024-07-02,9.691666666666666,9.3,24
55,2024-07-03,9.762500000000001,8.6,24
55,2024-07-04,9.395833333333334,9.4,24
55,2024-07-05,7.745833333333334,7.65,24
55,2024-07-06,7.075,6.9,24
55,2024-07-07,6.479166666666667,6.050000000000001,24
55,2024-07-08,8.954166666666667,8.6,24
55,2024-07-09,10.245833333333334,9.4,24
55,2024-07-10,10.916666666666666,11.5,24
55,2024-07-11,7.679166666666667,7.45,24
55,2024-07-12,8.783333333333333,7.25,24
55,2024-07-13,7.654166666666666,7.7,24
55,2024-07-14,6.116666666666667,4.9,24
55,2024-07-15,4.445833333333334,3.55,24
55,2024-07-16,7.604166666666667,6.4,24
55,2024-07-17,7.379166666666666,4.7,24
55,2024-07-18,8.204166666666667,7.65,24
55,2024-07-19,6.95,6.55,24
55,2024-07-20,6.066666666666666,6.15,24
55,2024-07-21,6.55,5.449999999999999,24
55,2024-07-22,8.799999999999999,7.699999999999999,24
55,2024-07-23,8.841666666666667,9.149999999999999,24
55,2024-07-24,5.829166666666667,4.65,24
55,2024-07-25,4.966666666666667,4.800000000000001,24
55,2024-07-26,4.991666666666666,3.7,24
55,2024-07-27,7.3125,6.45,24
55,2024-07-28,6.479166666666667,6.35,24
55,2024-07-29,5.245833333333334,4.5,24
55,2024-07-30,4.258333333333334,4.0,24
55,2024-07-31,4.2250000000000005,3.95,24
55,2024-08-01,4.058333333333334,3.5,24
55,2024-08-02,5.233333333333333,5.300000000000001,24
55,2024-08-03,6.7250000000000005,6.4,24
55,2024-08-04,6.829166666666667,6.550000000000001,24
55,2024-08-05,6.1499999999999995,5.85,24
55,2024-08-06,7.816666666666666,6.0,24
55,2024-08-07,9.066666666666666,7.75,24
55,2024-08-08,12.545833333333334,12.25,24
55,2024-08-09,12.366666666666667,11.9,24
55,2024-08-10,10.549999999999999,9.15,24
55,2024-08-11,13.862499999999999,12.8,24
55,2024-08-12,11.383333333333333,10.649999999999999,24
55,2024-08-13,6.125,5.05,24
55,2024-08-14,8.616666666666667,6.949999999999999,24
55,2024-08-15,9.833333333333334,10.35,24
55,2024-08-16,7.716666666666666,6.85,24
55,2024-08-17,8.316666666666666,7.45,24
55,2024-08-18,9.545833333333333,9.75,24
55,2024-08-19,7.925,7.4,24
55,2024-08-20,8.65,7.800000000000001,24
55,2024-08-21,5.795833333333333,5.3,24
55,2024-08-22,6.5874999999999995,4.55,24
55,2024-08-23,7.983333333333333,8.45,24
55,2024-08-24,9.191666666666666,9.0,24
55,2024-08-25,7.933333333333334,8.0,24
55,2024-08-26,7.7375,7.2,24
55,2024-08-27,7.058333333333334,5.65,24
55,2024-08-28,9.637500000000001,8.45,24
55,2024-08-29,7.183333333333334,7.35,24
55,2024-08-30,9.929166666666667,10.6,24
55,2024-08-31,10.379166666666666,9.9,24
55,2024-09-01,8.504166666666666,7.95,24
55,2024-09-02,8.545833333333333,7.85,24
55,2024-09-03,8.487499999999999,9.15,24
55,2024-09-04,8.716666666666667,7.5,24
55,2024-09-05,11.241666666666667,11.45,24
55,2024-09-06,12.904166666666667,15.0,24
55,2024-09-07,13.391666666666666,12.5,24
55,2024-09-08,5.870833333333334,4.949999999999999,24
55,2024-09-09,4.029166666666667,3.55,24
55,2024-09-10,3.2458333333333336,3.25,24
55,2024-09-11,6.2,5.35,24
55,2024-09-12,9.1875,9.15,24
55,2024-09-13,8.458333333333334,7.6,24
55,2024-09-14,7.708333333333333,6.4,24
55,2024-09-15,13.441666666666668,13.7,24
55,2024-09-16,17.770833333333332,18.0,24
55,2024-09-17,18.208333333333332,18.450000000000003,24
55,2024-09-18,12.470833333333333,11.05,24
55,2024-09-19,12.683333333333332,13.55,24
55,2024-09-20,15.429166666666667,14.0,24
55,2024-09-21,11.4,10.9,24
55,2024-09-22,8.570833333333333,7.4,24
55,2024-09-23,4.675,4.6,24
55,2024-09-24,5.804166666666667,5.300000000000001,24
55,2024-09-25,7.4125000000000005,7.199999999999999,24
55,2024-09-26,11.283333333333333,12.350000000000001,24
55,2024-09-27,10.516666666666667,10.0,24
55,2024-09-28,14.424999999999999,14.95,24
55,2024-09-29,15.233333333333334,13.899999999999999,24
55,2024-09-30,14.004166666666668,13.5,24
55,2024-10-01,9.625,7.85,24
55,2024-10-02,6.854166666666667,5.6,24
55,2024-10-03,10.541666666666666,10.899999999999999,24
55,2024-10-04,14.65,12.399999999999999,24
55,2024-10-05,15.333333333333334,14.05,24
55,2024-10-06,18.358333333333334,17.2,24
55,2024-10-07,15.883333333333333,14.0,24
55,2024-10-08,15.854166666666666,14.350000000000001,24
55,2024-10-09,20.575,25.65,24
55,2024-10-10,20.145833333333332,22.9,24
55,2024-10-11,23.391666666666666,22.25,24
55,2024-10-12,21.320833333333333,20.9,24
55,2024-10-13,16.474999999999998,16.4,24
55,2024-10-14,15.983333333333334,15.45,24
55,2024-10-15,17.95416666666667,18.450000000000003,24
55,2024-10-16,12.275,11.75,24
55,2024-10-17,10.783333333333333,9.75,24
55,2024-10-18,15.825000000000001,15.149999999999999,24
55,2024-10-19,7.8625,8.15,24
55,2024-10-20,7.579166666666667,8.6,24
55,2024-10-21,8.4625,7.75,24
55,2024-10-22,9.058333333333334,9.75,24
55,2024-10-23,9.549999999999999,9.899999999999999,24
55,2024-10-24,14.370833333333332,13.5,24
55,2024-10-25,14.4125,14.7,24
55,2024-10-26,13.970833333333333,15.45,24
55,2024-10-27,9.725,10.4,24
55,2024-10-28,7.195833333333333,7.35,24
55,2024-10-29,6.829166666666667,7.45,24
55,2024-10-30,6.341666666666666,6.199999999999999,24
55,2024-10-31,10.766666666666666,10.7,24
55,2024-11-01,12.066666666666668,11.75,24
55,2024-11-02,10.516666666666667,10.0,24
55,2024-11-03,10.254166666666666,10.45,24
55,2024-11-04,9.154166666666667,8.15,24
55,2024-11-05,13.725,14.65,24
55,2024-11-06,10.216666666666667,9.75,24
55,2024-11-07,13.333333333333334,13.1,24
55,2024-11-08,14.112499999999999,12.35,24
55,2024-11-09,21.46666666666667,21.6,24
55,2024-11-10,15.291666666666666,15.5,24
55,2024-11-11,11.733333333333334,10.7,24
55,2024-11-12,13.237499999999999,13.25,24
55,2024-11-13,9.9125,10.05,24
55,2024-11-14,11.258333333333333,10.85,24
55,2024-11-15,7.395833333333333,8.45,24
55,2024-11-16,7.55,5.6,24
55,2024-11-17,9.933333333333334,9.6,24
55,2024-11-18,9.625,9.25,24
55,2024-11-19,12.766666666666666,13.95,24
55,2024-11-20,13.345833333333333,13.6,24
55,2024-11-21,12.079166666666666,12.05,24
55,2024-11-22,13.904166666666667,14.1,24
55,2024-11-23,9.779166666666667,10.7,24
55,2024-11-24,9.799999999999999,9.55,24
55,2024-11-25,12.491666666666667,11.0,24
55,2024-11-26,13.566666666666668,13.649999999999999,24
55,2024-11-27,8.6625,7.25,24
55,2024-11-28,11.9625,11.6,24
55,2024-11-29,18.8875,18.15,24
55,2024-11-30,13.9625,11.65,24
55,2024-12-01,10.108333333333333,10.100000000000001,24
55,2024-12-02,11.970833333333333,12.1,24
55,2024-12-03,13.4625,13.75,24
55,2024-12-04,9.9,11.0,24
55,2024-12-05,9.612499999999999,9.0,24
55,2024-12-06,9.191666666666666,9.649999999999999,24
55,2024-12-07,8.983333333333333,9.1,24
55,2024-12-08,7.7124999999999995,7.8,24
55,2024-12-09,11.283333333333333,11.2,24
55,2024-12-10,7.283333333333334,6.75,24
55,2024-12-11,9.833333333333334,9.5,24
55,2024-12-12,7.45,7.0,24
55,2024-12-13,9.0375,7.15,24
55,2024-12-14,16.5,16.5,24
55,2024-12-15,15.583333333333334,15.7,24
55,2024-12-16,13.091666666666667,13.600000000000001,24
55,2024-12-17,12.741666666666667,11.95,24
55,2024-12-18,10.683333333333332,10.55,24
55,2024-12-19,18.204166666666666,18.55,24
55,2024-12-20,14.008333333333333,13.55,24
55,2024-12-21,13.354166666666666,13.65,24
55,2024-12-22,19.566666666666666,21.15,24
55,2024-12-23,19.04583333333333,20.799999999999997,24
55,2024-12-24,17.991666666666667,17.9,24
55,2024-12-25,18.979166666666668,18.95,24
55,2024-12-26,20.858333333333334,21.5,24
55,2024-12-27,10.9125,9.8,24
55,2024-12-28,8.691666666666666,7.95,24
55,2024-12-29,13.120833333333335,13.2,24
55,2024-12-30,11.433333333333332,11.0,24
55,2024-12-31,14.116666666666667,13.95,24
55,2025-01-01,12.591666666666667,13.8,24
55,2025-01-02,12.816666666666668,13.3,24
55,2025-01-03,12.183333333333332,11.850000000000001,24
55,2025-01-04,16.8625,18.1,24
55,2025-01-05,23.895833333333332,23.799999999999997,24
55,2025-01-06,20.229166666666668,19.95,24
55,2025-01-07,22.420833333333334,22.3,24
55,2025-01-08,23.258333333333336,23.55,24
55,2025-01-09,17.962500000000002,18.4,24
55,2025-01-10,18.441666666666666,18.1,24
55,2025-01-11,19.787499999999998,20.549999999999997,24
55,2025-01-12,14.391666666666666,12.15,24
55,2025-01-13,13.733333333333334,13.100000000000001,24
55,2025-01-14,12.0375,10.2,24
55,2025-01-15,17.2375,16.5,24
55,2025-01-16,12.720833333333333,13.8,24
55,2025-01-17,21.75,23.6,24
55,2025-01-18,17.958333333333332,16.75,24
55,2025-01-19,14.875,14.9,24
55,2025-01-20,19.170833333333334,19.35,24
55,2025-01-21,18.775000000000002,18.85,24
55,2025-01-22,24.504166666666666,24.25,24
55,2025-01-23,23.3625,23.55,24
55,2025-01-24,25.025000000000002,24.45,24
55,2025-01-25,26.275000000000002,27.05,24
55,2025-01-26,23.270833333333332,22.9,24
55,2025-01-27,30.820833333333336,23.05,24
55,2025-01-28,24.745833333333334,24.45,24
55,2025-01-29,22.258333333333336,23.4,24
55,2025-01-30,23.645833333333332,25.0,24
55,2025-01-31,25.625,24.65,24
55,2025-02-01,21.670833333333334,22.200000000000003,24
55,2025-02-02,18.625,18.5,24
55,2025-02-03,17.504166666666666,17.1,24
55,2025-02-04,14.741666666666667,13.9,24
55,2025-02-05,20.26666666666667,17.1,24
55,2025-02-06,23.52916666666667,21.95,24
55,2025-02-07,30.925,29.1,24
55,2025-02-08,17.733333333333334,16.7,24
55,2025-02-09,15.5625,15.6,24
55,2025-02-10,14.083333333333334,15.3,24
55,2025-02-11,16.891666666666666,16.299999999999997,24
55,2025-02-12,18.941666666666666,19.0,24
55,2025-02-13,18.504166666666666,17.5,24
55,2025-02-14,21.666666666666668,20.25,24
55,2025-02-15,25.929166666666664,27.9,24
55,2025-02-16,24.75,26.2,24
55,2025-02-17,29.3125,28.299999999999997,24
55,2025-02-18,28.370833333333334,27.75,24
55,2025-02-19,34.166666666666664,35.4,24
55,2025-02-20,35.65416666666667,35.15,24
55,2025-02-21,28.03333333333333,26.55,24
55,2025-02-22,21.933333333333334,22.5,24
55,2025-02-23,17.245833333333334,17.35,24
55,2025-02-24,10.825000000000001,7.4,24
55,2025-02-25,12.858333333333334,12.4,24
55,2025-02-26,14.229166666666666,16.05,24
55,2025-02-27,8.283333333333333,8.75,24
55,2025-02-28,15.6875,11.3,24
55,2025-03-01,18.779166666666665,19.95,24
55,2025-03-02,20.125,22.7,24
55,2025-03-03,23.941666666666666,25.4,24
55,2025-03-04,32.125,33.8,24
55,2025-03-05,32.425000000000004,32.55,24
55,2025-03-06,25.483333333333334,26.2,24
55,2025-03-07,38.32083333333333,34.4,24
55,2025-03-08,34.204166666666666,35.25,24
55,2025-03-09,26.170833333333334,27.45,24
55,2025-03-10,18.208333333333332,18.35,24
55,2025-03-11,21.0125,20.7,24
55,2025-03-12,28.129166666666666,28.1,24
55,2025-03-13,24.45,24.6,24
55,2025-03-14,23.495833333333334,26.6,24
55,2025-03-15,27.825,25.45,24
55,2025-03-16,34.233333333333334,33.4,24
55,2025-03-17,41.012499999999996,38.849999999999994,24
55,2025-03-18,37.57083333333333,31.950000000000003,24
55,2025-03-19,79.7375,76.85,24
55,2025-03-20,80.75416666666666,76.15,24
55,2025-03-21,60.65416666666667,59.0,24
55,2025-03-22,66.49583333333334,70.75,24
55,2025-03-23,66.16666666666667,71.55000000000001,24
55,2025-03-24,80.75416666666666,75.05000000000001,24
55,2025-03-25,59.324999999999996,57.25,24
55,2025-03-26,38.44166666666667,43.0,24
55,2025-03-27,33.920833333333334,35.15,24
55,2025-03-28,33.94166666666667,34.650000000000006,24
55,2025-03-29,46.15833333333333,40.55,24
55,2025-03-30,41.666666666666664,35.35,24
55,2025-03-31,42.84166666666667,39.85,24
55,2025-04-01,46.6625,49.0,24
55,2025-04-02,50.05416666666667,50.5,24
55,2025-04-03,56.725,54.599999999999994,24
55,2025-04-04,51.57083333333333,50.85,24
55,2025-04-05,42.416666666666664,40.45,24
55,2025-04-06,30.52916666666667,24.85,24
55,2025-04-07,20.670833333333334,19.7,24
55,2025-04-08,19.520833333333332,19.3,24
55,2025-04-09,24.90833333333333,21.85,24
55,2025-04-10,42.725,40.4,24
55,2025-04-11,35.24583333333333,34.25,24
55,2025-04-12,17.099999999999998,16.9,24
55,2025-04-13,21.77916666666667,20.1,24
55,2025-04-14,56.42083333333333,56.55,24
55,2025-04-15,32.395833333333336,22.4,24
55,2025-04-16,13.704166666666666,9.8,24
55,2025-04-17,10.845833333333333,10.4,24
55,2025-04-18,12.1625,12.4,24
55,2025-04-19,19.408333333333335,15.6,24
55,2025-04-20,14.670833333333334,15.600000000000001,24
55,2025-04-21,16.504166666666666,12.149999999999999,24
55,2025-04-22,12.945833333333333,12.15,24
55,2025-04-23,18.8,19.1,24
55,2025-04-24,18.458333333333332,17.35,24
55,2025-04-25,30.78333333333333,33.650000000000006,24
55,2025-04-26,26.825,22.3,24
55,2025-04-27,20.283333333333335,18.0,24
55,2025-04-28,15.208333333333334,14.9,24
55,2025-04-29,14.450000000000001,13.5,24
55,2025-04-30,22.304166666666664,18.75,24
55,2025-05-01,21.8125,20.1,24
55,2025-05-02,14.5375,13.899999999999999,24
55,2025-05-03,16.958333333333332,15.2,24
55,2025-05-04,18.599999999999998,17.6,24
55,2025-05-05,16.045833333333334,14.45,24
55,2025-05-06,13.520833333333334,15.15,24
55,2025-05-07,15.604166666666666,14.85,24
55,2025-05-08,15.216666666666667,14.15,24
55,2025-05-09,13.825000000000001,14.05,24
55,2025-05-10,23.366666666666664,24.35,24
55,2025-05-11,16.479166666666668,16.4,24
55,2025-05-12,20.787499999999998,19.799999999999997,24
55,2025-05-13,28.733333333333334,26.0,24
55,2025-05-14,15.1625,11.35,24
55,2025-05-15,8.983333333333333,7.95,24
55,2025-05-16,15.708333333333334,14.4,24
55,2025-05-17,11.7125,9.65,24
55,2025-05-18,8.733333333333333,9.8,24
55,2025-05-19,12.429166666666667,11.45,24
55,2025-05-20,12.987499999999999,13.15,24
55,2025-05-21,11.262500000000001,9.7,24
55,2025-05-22,16.870833333333334,16.6,24
55,2025-05-23,14.783333333333333,14.3,24
55,2025-05-24,7.2375,6.800000000000001,24
55,2025-05-25,8.054166666666667,7.0,24
55,2025-05-26,8.045833333333333,8.2,24
55,2025-05-27,9.441666666666666,8.7,24
55,2025-05-28,10.583333333333334,10.1,24
55,2025-05-29,14.008333333333333,16.15,24
55,2025-05-30,10.604166666666666,8.8,24
55,2025-05-31,8.304166666666667,8.55,24
55,2025-06-01,8.395833333333334,8.2,24
55,2025-06-02,9.620833333333334,9.75,24
55,2025-06-03,12.291666666666666,12.05,24
55,2025-06-04,24.837500000000002,25.15,24
55,2025-06-05,20.041666666666668,20.9,24
55,2025-06-06,19.879166666666666,20.45,24
55,2025-06-07,16.854166666666668,15.15,24
55,2025-06-08,9.975,9.6,24
55,2025-06-09,9.0875,8.8,24
55,2025-06-10,9.004166666666666,7.7,24
55,2025-06-11,5.979166666666667,6.25,24
55,2025-06-12,8.841666666666667,8.6,24
55,2025-06-13,14.404166666666667,14.350000000000001,24
55,2025-06-14,6.554166666666667,6.300000000000001,24
55,2025-06-15,7.133333333333333,7.25,24
55,2025-06-16,6.683333333333334,5.95,24
55,2025-06-17,7.808333333333334,8.0,24
55,2025-06-18,7.154166666666666,7.6499999999999995,24
55,2025-06-19,8.883333333333333,8.5,24
55,2025-06-20,10.9,11.3,24
55,2025-06-21,11.9125,11.85,24
55,2025-06-22,8.570833333333333,7.9,24
55,2025-06-23,8.887500000000001,9.95,24
55,2025-06-24,12.145833333333334,11.0,24
55,2025-06-25,12.700000000000001,11.399999999999999,24
55,2025-06-26,14.649999999999999,15.25,24
55,2025-06-27,9.299999999999999,9.8,24
55,2025-06-28,6.745833333333334,6.55,24
55,2025-06-29,9.533333333333333,8.850000000000001,24
55,2025-06-30,7.358333333333333,6.0,24
55,2025-07-01,11.125,11.15,24
55,2025-07-02,9.0625,9.350000000000001,24
55,2025-07-03,10.204166666666667,9.0,24
55,2025-07-04,14.795833333333334,14.85,24
55,2025-07-05,17.275000000000002,14.95,24
55,2025-07-06,11.845833333333333,12.8,24
55,2025-07-07,10.799999999999999,12.850000000000001,24
55,2025-07-08,9.516666666666667,10.15,24
55,2025-07-09,10.475,8.2,24
55,2025-07-10,11.545833333333334,10.3,24
55,2025-07-11,8.533333333333333,8.65,24
55,2025-07-12,7.016666666666667,5.85,24
55,2025-07-13,10.454166666666667,11.55,24
55,2025-07-14,13.920833333333334,12.05,24
55,2025-07-15,10.870833333333332,10.55,24
55,2025-07-16,9.420833333333333,9.7,24
55,2025-07-17,8.345833333333333,7.5,24
55,2025-07-18,9.304166666666667,8.15,24
55,2025-07-19,14.804166666666667,14.8,24
55,2025-07-20,9.85,7.85,24
55,2025-07-21,11.745833333333332,10.75,24
55,2025-07-22,4.829166666666667,4.699999999999999,24
55,2025-07-23,2.55,2.6,24
55,2025-07-24,3.108333333333333,2.6500000000000004,24
55,2025-07-25,5.991666666666667,5.5,24
55,2025-07-26,7.441666666666666,7.050000000000001,24
55,2025-07-27,6.1375,5.85,24
55,2025-07-28,5.9125000000000005,3.6,24
55,2025-07-29,9.079166666666667,8.4,24
55,2025-07-30,9.804166666666667,10.0,24
55,2025-07-31,13.1875,13.6,24
55,2025-08-01,11.358333333333334,11.2,24
55,2025-08-02,11.116666666666667,11.899999999999999,24
55,2025-08-03,14.737499999999999,14.8,24
55,2025-08-04,8.408333333333333,7.6,24
55,2025-08-05,9.758333333333333,8.8,24
55,2025-08-06,9.25,9.4,24
55,2025-08-07,10.016666666666667,10.0,24
55,2025-08-08,8.608333333333333,8.75,24
55,2025-08-09,12.804166666666667,11.75,24
55,2025-08-10,8.233333333333333,8.9,24
55,2025-08-11,9.6,9.15,24
55,2025-08-12,5.358333333333333,5.1,24
55,2025-08-13,7.675,6.699999999999999,24
55,2025-08-14,9.354166666666666,6.95,24
55,2025-08-15,6.179166666666667,4.25,24
55,2025-08-16,6.141666666666667,6.25,24
55,2025-08-17,10.083333333333334,10.25,24
55,2025-08-18,5.266666666666667,5.45,24
55,2025-08-19,9.891666666666667,9.3,24
55,2025-08-20,10.275,10.7,24
55,2025-08-21,8.058333333333334,8.2,24
55,2025-08-22,7.654166666666666,7.2,24
55,2025-08-23,9.708333333333334,10.7,24
55,2025-08-24,9.604166666666666,9.3,24
55,2025-08-25,10.129166666666666,8.899999999999999,24
55,2025-08-26,7.095833333333334,5.75,24
55,2025-08-27,4.458333333333333,4.05,24
55,2025-08-28,6.95,6.2,24
55,2025-08-29,9.033333333333333,6.9,24
55,2025-08-30,10.65,10.25,24
55,2025-08-31,7.058333333333334,5.6,24
55,2025-09-01,13.833333333333334,14.5,24
55,2025-09-02,6.8500000000000005,6.6499999999999995,24
55,2025-09-03,7.508333333333333,5.6,24
55,2025-09-04,5.941666666666666,4.55,24
55,2025-09-05,7.766666666666667,6.199999999999999,24
55,2025-09-06,9.583333333333334,10.1,24
55,2025-09-07,6.654166666666666,5.4,24
55,2025-09-08,5.3875,5.300000000000001,24
55,2025-09-09,4.841666666666667,3.8499999999999996,24
55,2025-09-10,6.2625,4.949999999999999,24
55,2025-09-11,7.508333333333333,7.199999999999999,24
55,2025-09-12,11.4125,11.45,24
55,2025-09-13,9.491666666666667,8.9,24
55,2025-09-14,11.862499999999999,12.5,24
55,2025-09-15,7.233333333333333,6.8,24
55,2025-09-16,7.2875000000000005,5.300000000000001,24
55,2025-09-17,7.870833333333334,6.8,24
55,2025-09-18,7.833333333333333,6.85,24
55,2025-09-19,5.954166666666667,4.5,24
55,2025-09-20,7.029166666666666,6.050000000000001,24
55,2025-09-21,7.166666666666667,7.85,24
55,2025-09-22,8.3375,8.85,24
55,2025-09-23,7.220833333333334,7.1,24
55,2025-09-24,5.566666666666666,5.6,24
55,2025-09-25,5.129166666666666,4.45,24
55,2025-09-26,8.133333333333333,7.95,24
55,2025-09-27,6.2124999999999995,5.4,24
55,2025-09-28,11.816666666666668,11.2,24
55,2025-09-29,7.4750000000000005,8.5,24
55,2025-09-30,5.520833333333333,4.95,24
55,2025-10-01,5.041666666666667,3.9,24
55,2025-10-02,9.4375,9.0,24
55,2025-10-03,7.575,7.95,24
55,2025-10-04,5.129166666666666,4.2,24
55,2025-10-05,8.379166666666666,6.949999999999999,24
55,2025-10-06,9.516666666666667,8.95,24
55,2025-10-07,8.237499999999999,8.05,24
55,2025-10-08,6.529166666666666,5.550000000000001,24
55,2025-10-09,7.370833333333334,6.0,24
55,2025-10-10,4.8125,2.95,24
55,2025-10-11,9.9,8.95,24
55,2025-10-12,9.424999999999999,8.649999999999999,24
55,2025-10-13,6.583333333333333,6.1,24
55,2025-10-14,6.1499999999999995,5.4,24
55,2025-10-15,7.408333333333334,7.300000000000001,24
55,2025-10-16,6.254166666666666,6.050000000000001,24
55,2025-10-17,6.3875,6.1,24
55,2025-10-18,9.508333333333333,9.0,24
55,2025-10-19,6.2375,5.45,24
55,2025-10-20,6.504166666666666,6.05,24
55,2025-10-21,14.754166666666668,14.1,24
55,2025-10-22,11.674999999999999,12.9,24
55,2025-10-23,9.279166666666667,8.55,24
55,2025-10-24,9.612499999999999,9.05,24
55,2025-10-25,8.091666666666667,8.0,24
55,2025-10-26,8.725,8.45,24
55,2025-10-27,13.408333333333333,13.2,24
55,2025-10-28,13.375,14.100000000000001,24
55,2025-10-29,8.733333333333333,7.550000000000001,24
55,2025-10-30,7.679166666666667,7.25,24
55,2025-10-31,5.129166666666666,4.199999999999999,24
55,2025-11-01,9.954166666666667,10.25,24
55,2025-11-02,8.645833333333334,8.75,24
55,2025-11-03,11.674999999999999,12.850000000000001,24
55,2025-11-04,12.6,12.45,24
55,2025-11-05,15.475,18.0,24
55,2025-11-06,18.066666666666666,19.6,24
55,2025-11-07,17.054166666666667,17.75,24
55,2025-11-08,9.979166666666666,8.9,24
55,2025-11-09,7.729166666666667,5.65,24
55,2025-11-10,13.025,11.0,24
55,2025-11-11,9.954166666666667,9.55,24
55,2025-11-12,9.15,8.9,24
55,2025-11-13,10.604166666666666,10.1,24
55,2025-11-14,10.329166666666667,11.85,24
55,2025-11-15,12.608333333333334,14.5,24
55,2025-11-16,7.066666666666666,6.2,24
55,2025-11-17,9.354166666666666,9.2,24
55,2025-11-18,12.479166666666666,13.2,24
55,2025-11-19,7.220833333333334,6.199999999999999,24
55,2025-11-20,8.041666666666666,7.5,24
55,2025-11-21,9.112499999999999,7.0,24
55,2025-11-22,5.229166666666667,4.800000000000001,24
55,2025-11-23,6.816666666666666,7.0,24
55,2025-11-24,5.341666666666666,5.1,24
55,2025-11-25,7.8999999999999995,7.800000000000001,24
55,2025-11-26,13.104166666666666,13.35,24
55,2025-11-27,11.516666666666666,11.8,24
55,2025-11-28,6.095833333333334,6.25,24
55,2025-11-29,4.904166666666667,4.4,24
55,2025-11-30,7.183333333333334,7.5,24
55,2025-12-01,8.320833333333333,8.25,24
55,2025-12-02,9.554166666666667,10.0,24
55,2025-12-03,8.2125,8.8,24
55,2025-12-04,6.2375,5.35,24
55,2025-12-05,10.470833333333333,9.7,24
55,2025-12-06,13.383333333333333,14.05,24
55,2025-12-07,11.775,11.8,24
55,2025-12-08,14.608333333333334,15.15,24
55,2025-12-09,17.645833333333332,16.700000000000003,24
55,2025-12-10,12.904166666666667,13.45,24
55,2025-12-11,11.108333333333334,10.350000000000001,24
55,2025-12-12,13.966666666666667,12.95,24
55,2025-12-13,7.5249999999999995,7.8,24
55,2025-12-14,6.5375000000000005,7.550000000000001,24
55,2025-12-15,7.116666666666667,7.8,24
55,2025-12-16,9.295833333333333,10.3,24
55,2025-12-17,9.970833333333333,10.1,24
55,2025-12-18,8.791666666666666,8.6,24
55,2025-12-19,8.762500000000001,8.8,24
55,2025-12-20,11.625,12.9,24
55,2025-12-21,7.208333333333333,7.300000000000001,24
55,2025-12-22,9.012500000000001,9.05,24
55,2025-12-23,9.545833333333333,9.45,24
55,2025-12-24,8.416666666666666,9.15,24
55,2025-12-25,11.166666666666666,11.8,24
55,2025-12-26,7.3999999999999995,6.95,24
55,2025-12-27,6.8625,4.5,24
55,2025-12-28,12.7125,12.6,24
55,2025-12-29,8.854166666666666,9.7,24
55,2025-12-30,10.479166666666666,10.9,24
55,2025-12-31,14.045833333333334,14.3,24
56,2022-08-04,5.111764705882353,3.9,17
56,2022-08-05,6.8,6.75,24
56,2022-08-06,5.2124999999999995,5.0,24
56,2022-08-07,3.7083333333333335,3.6,24
56,2022-08-08,3.3333333333333335,3.1,24
56,2022-08-09,4.7125,4.4,24
56,2022-08-10,6.033333333333334,6.4,24
56,2022-08-11,7.445833333333333,7.55,24
56,2022-08-12,3.6916666666666664,3.6500000000000004,24
56,2022-08-13,3.875,3.0,24
56,2022-08-14,7.195833333333333,6.85,24
56,2022-08-15,8.145833333333334,9.1,24
56,2022-08-16,5.541666666666667,5.2,24
56,2022-08-17,4.979166666666667,5.3,24
56,2022-08-18,4.7250000000000005,4.75,24
56,2022-08-19,7.008333333333333,6.65,24
56,2022-08-20,9.220833333333333,9.5,24
56,2022-08-21,6.654166666666666,6.75,24
56,2022-08-22,4.308333333333334,4.4,24
56,2022-08-23,6.995833333333334,4.95,24
56,2022-08-24,13.274999999999999,13.8,24
56,2022-08-25,8.479166666666666,8.149999999999999,24
56,2022-08-26,7.3,7.5,24
56,2022-08-27,4.820833333333334,3.3,24
56,2022-08-28,9.895833333333334,9.3,24
56,2022-08-29,12.208333333333334,10.65,24
56,2022-08-30,10.291666666666666,9.350000000000001,24
56,2022-08-31,8.908333333333333,9.55,24
56,2022-09-01,12.858333333333334,12.45,24
56,2022-09-02,8.758333333333333,7.75,24
56,2022-09-03,12.804166666666667,11.85,24
56,2022-09-04,12.995833333333332,12.1,24
56,2022-09-05,7.8999999999999995,6.65,24
56,2022-09-06,6.075,5.95,24
56,2022-09-07,10.570833333333333,9.5,24
56,2022-09-08,18.633333333333333,18.2,24
56,2022-09-09,7.316666666666666,6.05,24
56,2022-09-10,3.8666666666666667,3.6500000000000004,24
56,2022-09-11,3.7541666666666664,3.5,24
56,2022-09-12,7.754166666666666,7.25,24
56,2022-09-13,9.641666666666667,9.45,24
56,2022-09-14,8.85,9.05,24
56,2022-09-15,8.483333333333333,8.6,24
56,2022-09-16,6.629166666666666,6.4,24
56,2022-09-17,7.0249999999999995,7.0,24
56,2022-09-18,5.7375,5.9,24
56,2022-09-19,6.629166666666666,6.2,24
56,2022-09-20,8.495833333333334,8.0,24
56,2022-09-21,7.633333333333333,6.25,24
56,2022-09-22,7.608333333333333,7.4,24
56,2022-09-23,4.520833333333333,4.35,24
56,2022-09-24,7.154166666666666,6.300000000000001,24
56,2022-09-25,7.3125,7.5,24
56,2022-09-26,5.879166666666666,5.5,24
56,2022-09-27,6.679166666666667,6.9,24
56,2022-09-28,12.629166666666668,13.25,24
56,2022-09-29,10.970833333333333,10.5,24
56,2022-09-30,6.120833333333334,5.75,24
56,2022-10-01,4.391666666666667,4.2,24
56,2022-10-02,4.391666666666667,3.8499999999999996,24
56,2022-10-03,4.745833333333334,3.65,24
56,2022-10-04,8.354166666666666,8.15,24
56,2022-10-05,9.85,8.85,24
56,2022-10-06,9.679166666666665,8.3,24
56,2022-10-07,6.529166666666666,5.6,24
56,2022-10-08,6.016666666666667,4.3,24
56,2022-10-09,9.645833333333334,9.0,24
56,2022-10-10,5.5125,4.65,24
56,2022-10-11,8.2875,8.1,24
56,2022-10-12,10.983333333333334,10.15,24
56,2022-10-13,10.975,11.0,24
56,2022-10-14,9.483333333333333,9.85,24
56,2022-10-15,15.65,15.8,24
56,2022-10-16,14.775,14.649999999999999,24
56,2022-10-17,14.458333333333334,14.350000000000001,24
56,2022-10-18,15.237499999999999,15.6,24
56,2022-10-19,18.966666666666665,19.0,24
56,2022-10-20,15.870833333333332,14.2,24
56,2022-10-21,10.395833333333334,12.05,24
56,2022-10-22,9.3625,5.55,24
56,2022-10-23,8.633333333333333,7.7,24
56,2022-10-24,14.387500000000001,13.9,24
56,2022-10-25,16.912499999999998,17.35,24
56,2022-10-26,14.091666666666667,16.9,24
56,2022-10-27,11.762500000000001,11.25,24
56,2022-10-28,8.995833333333334,8.600000000000001,24
56,2022-10-29,11.979166666666666,11.7,24
56,2022-10-30,15.845833333333333,16.35,24
56,2022-10-31,16.629166666666666,14.25,24
56,2022-11-01,11.108333333333334,12.0,24
56,2022-11-02,14.429166666666667,15.5,24
56,2022-11-03,14.379166666666668,14.05,24
56,2022-11-04,13.783333333333333,13.95,24
56,2022-11-05,13.375,14.05,24
56,2022-11-06,15.450000000000001,15.350000000000001,24
56,2022-11-07,15.441666666666668,14.55,24
56,2022-11-08,16.504166666666666,15.05,24
56,2022-11-09,16.2,15.15,24
56,2022-11-10,15.616666666666667,15.1,24
56,2022-11-11,15.15,14.55,24
56,2022-11-12,13.629166666666668,11.95,24
56,2022-11-13,13.200000000000001,14.1,24
56,2022-11-14,14.6,13.850000000000001,24
56,2022-11-15,9.458333333333334,7.8,24
56,2022-11-16,7.791666666666667,6.449999999999999,24
56,2022-11-17,8.85,7.800000000000001,24
56,2022-11-18,7.920833333333333,7.0,24
56,2022-11-19,11.716666666666667,10.3,24
56,2022-11-20,10.466666666666667,7.7,24
56,2022-11-21,9.445833333333333,8.95,24
56,2022-11-22,12.633333333333333,10.3,24
56,2022-11-23,9.799999999999999,9.95,24
56,2022-11-24,12.841666666666667,12.95,24
56,2022-11-25,10.512500000000001,8.399999999999999,24
56,2022-11-26,5.216666666666667,5.449999999999999,24
56,2022-11-27,10.058333333333334,8.75,24
56,2022-11-28,16.925,16.4,24
56,2022-11-29,15.341666666666667,15.05,24
56,2022-11-30,14.479166666666666,14.35,24
56,2022-12-01,14.129166666666668,13.0,24
56,2022-12-02,9.65,10.3,24
56,2022-12-03,10.895833333333334,9.9,24
56,2022-12-04,13.8375,13.149999999999999,24
56,2022-12-05,14.783333333333333,17.55,24
56,2022-12-06,13.391666666666666,13.0,24
56,2022-12-07,15.120833333333332,13.7,24
56,2022-12-08,17.662499999999998,19.55,24
56,2022-12-09,17.900000000000002,18.55,24
56,2022-12-10,16.2,15.1,24
56,2022-12-11,13.108333333333334,13.3,24
56,2022-12-12,14.345833333333333,14.05,24
56,2022-12-13,11.520833333333334,11.75,24
56,2022-12-14,0.8458333333333333,0.8,24
56,2022-12-15,0.725,0.7,24
56,2022-12-16,11.916666666666666,12.5,24
56,2022-12-17,21.008333333333333,21.6,24
56,2022-12-18,15.470833333333333,14.95,24
56,2022-12-19,12.637500000000001,12.2,24
56,2022-12-20,16.966666666666665,17.299999999999997,24
56,2022-12-21,15.608333333333334,14.55,24
56,2022-12-22,12.941666666666668,11.6,24
56,2022-12-23,15.299999999999999,15.7,24
56,2022-12-24,16.8625,16.35,24
56,2022-12-25,13.766666666666666,13.9,24
56,2022-12-26,14.158333333333333,13.1,24
56,2022-12-27,13.733333333333334,13.2,24
56,2022-12-28,13.929166666666667,12.6,24
56,2022-12-29,15.616666666666667,16.25,24
56,2022-12-30,17.054166666666667,17.15,24
56,2022-12-31,14.829166666666666,13.9,24
56,2023-01-01,10.2875,10.149999999999999,24
56,2023-01-02,10.225,8.6,24
56,2023-01-03,10.304166666666667,10.1,24
56,2023-01-04,13.424999999999999,12.3,24
56,2023-01-05,10.0375,8.6,24
56,2023-01-06,8.341666666666667,8.45,24
56,2023-01-07,13.541666666666666,14.6,24
56,2023-01-08,16.345833333333335,16.2,24
56,2023-01-09,17.079166666666666,17.549999999999997,24
56,2023-01-10,18.520833333333332,18.4,24
56,2023-01-11,16.4875,16.200000000000003,24
56,2023-01-12,14.9625,14.95,24
56,2023-01-13,12.958333333333334,13.05,24
56,2023-01-14,12.595833333333333,11.7,24
56,2023-01-15,15.508333333333333,15.0,24
56,2023-01-16,18.045833333333334,17.9,24
56,2023-01-17,15.591666666666667,14.649999999999999,24
56,2023-01-18,14.625,13.45,24
56,2023-01-19,15.025,15.15,24
56,2023-01-20,12.9625,12.25,24
56,2023-01-21,13.35,11.7,24
56,2023-01-22,16.775000000000002,15.3,24
56,2023-01-23,25.325,23.15,24
56,2023-01-24,26.991666666666664,28.55,24
56,2023-01-25,17.129166666666666,17.200000000000003,24
56,2023-01-26,18.695833333333333,18.4,24
56,2023-01-27,24.77916666666667,23.3,24
56,2023-01-28,17.0625,17.15,24
56,2023-01-29,20.291666666666668,20.8,24
56,2023-01-30,20.820833333333333,21.55,24
56,2023-01-31,24.712500000000002,24.2,24
56,2023-02-01,34.333333333333336,32.7,24
56,2023-02-02,34.041666666666664,32.6,24
56,2023-02-03,28.258333333333336,28.25,24
56,2023-02-04,25.379166666666666,26.299999999999997,24
56,2023-02-05,23.354166666666668,22.700000000000003,24
56,2023-02-06,19.270833333333332,22.65,24
56,2023-02-07,11.658333333333333,12.4,24
56,2023-02-08,16.1875,15.6,24
56,2023-02-09,17.329166666666666,17.15,24
56,2023-02-10,15.158333333333333,16.1,24
56,2023-02-11,14.875,13.9,24
56,2023-02-12,17.445833333333333,15.95,24
56,2023-02-13,22.491666666666664,21.45,24
56,2023-02-14,32.86666666666667,34.85,24
56,2023-02-15,30.349999999999998,29.9,24
56,2023-02-16,21.245833333333334,19.6,24
56,2023-02-17,19.633333333333333,19.200000000000003,24
56,2023-02-18,19.224999999999998,17.6,24
56,2023-02-19,11.4625,11.5,24
56,2023-02-20,20.483333333333334,17.9,24
56,2023-02-21,31.075,29.3,24
56,2023-02-22,22.379166666666666,20.6,24
56,2023-02-23,23.958333333333332,22.55,24
56,2023-02-24,27.5625,27.05,24
56,2023-02-25,18.854166666666668,17.1,24
56,2023-02-26,26.316666666666666,25.549999999999997,24
56,2023-02-27,23.266666666666666,20.5,24
56,2023-02-28,25.224999999999998,22.4,24
56,2023-03-01,35.24583333333333,34.8,24
56,2023-03-02,34.65833333333333,33.2,24
56,2023-03-03,28.8125,28.65,24
56,2023-03-04,30.412499999999998,28.6,24
56,2023-03-05,41.75416666666667,42.35,24
56,2023-03-06,38.458333333333336,37.0,24
56,2023-03-07,38.608333333333334,38.099999999999994,24
56,2023-03-08,38.8375,39.0,24
56,2023-03-09,42.458333333333336,41.2,24
56,2023-03-10,38.925000000000004,38.8,24
56,2023-03-11,42.3125,44.2,24
56,2023-03-12,53.5875,58.5,24
56,2023-03-13,49.520833333333336,51.35,24
56,2023-03-14,31.554166666666664,31.1,24
56,2023-03-15,30.59583333333333,30.0,24
56,2023-03-16,27.0125,27.35,24
56,2023-03-17,44.199999999999996,43.349999999999994,24
56,2023-03-18,32.38333333333333,31.75,24
56,2023-03-19,28.366666666666664,28.4,24
56,2023-03-20,25.729166666666668,24.3,24
56,2023-03-21,17.166666666666668,17.0,24
56,2023-03-22,12.629166666666668,12.2,24
56,2023-03-23,12.620833333333332,11.350000000000001,24
56,2023-03-24,20.779166666666665,20.1,24
56,2023-03-25,26.8625,26.3,24
56,2023-03-26,25.170833333333334,24.5,24
56,2023-03-27,25.083333333333332,24.5,24
56,2023-03-28,24.958333333333332,24.450000000000003,24
56,2023-03-29,38.362500000000004,36.35,24
56,2023-03-30,62.95416666666667,61.1,24
56,2023-03-31,52.324999999999996,56.75,24
56,2023-04-01,44.30416666666667,45.849999999999994,24
56,2023-04-02,26.479166666666668,27.65,24
56,2023-04-03,19.604166666666668,18.65,24
56,2023-04-04,26.733333333333334,24.6,24
56,2023-04-05,42.97083333333333,34.55,24
56,2023-04-06,56.5,55.150000000000006,24
56,2023-04-07,55.90416666666667,54.650000000000006,24
56,2023-04-08,44.916666666666664,45.4,24
56,2023-04-09,39.75833333333333,40.95,24
56,2023-04-10,31.133333333333336,31.15,24
56,2023-04-11,38.204166666666666,35.05,24
56,2023-04-12,56.57083333333333,61.95,24
56,2023-04-13,45.03333333333333,45.8,24
56,2023-04-14,35.15416666666667,34.7,24
56,2023-04-15,39.204166666666666,40.1,24
56,2023-04-16,39.262499999999996,37.599999999999994,24
56,2023-04-17,46.19583333333333,45.05,24
56,2023-04-18,36.17916666666667,36.05,24
56,2023-04-19,32.479166666666664,30.45,24
56,2023-04-20,40.44166666666667,41.25,24
56,2023-04-21,34.05833333333333,33.9,24
56,2023-04-22,37.5,37.599999999999994,24
56,2023-04-23,27.9375,28.35,24
56,2023-04-24,30.7375,29.85,24
56,2023-04-25,25.275000000000002,24.4,24
56,2023-04-26,27.708333333333332,27.35,24
56,2023-04-27,32.387499999999996,32.15,24
56,2023-04-28,22.72083333333333,22.75,24
56,2023-04-29,19.979166666666668,20.6,24
56,2023-04-30,25.016666666666666,26.05,24
56,2023-05-01,20.3875,20.4,24
56,2023-05-02,22.208333333333332,18.549999999999997,24
56,2023-05-03,29.129166666666666,28.05,24
56,2023-05-04,19.775000000000002,16.25,24
56,2023-05-05,18.654166666666665,17.75,24
56,2023-05-06,17.95,17.65,24
56,2023-05-07,17.179166666666667,16.299999999999997,24
56,2023-05-08,21.616666666666664,18.7,24
56,2023-05-09,19.895833333333332,18.15,24
56,2023-05-10,19.6125,20.1,24
56,2023-05-11,16.754166666666666,16.6,24
56,2023-05-12,7.258333333333333,6.9,24
56,2023-05-13,6.120833333333334,6.95,24
56,2023-05-14,7.266666666666667,6.4,24
56,2023-05-15,11.9625,11.9,24
56,2023-05-16,11.9625,10.55,24
56,2023-05-17,15.416666666666666,15.25,24
56,2023-05-18,15.770833333333334,14.850000000000001,24
56,2023-05-19,17.041666666666668,16.85,24
56,2023-05-20,13.766666666666666,15.55,24
56,2023-05-21,14.7875,14.2,24
56,2023-05-22,16.004166666666666,15.0,24
56,2023-05-23,17.179166666666667,17.1,24
56,2023-05-24,17.2375,17.15,24
56,2023-05-25,17.599999999999998,17.0,24
56,2023-05-26,16.916666666666668,16.45,24
56,2023-05-27,17.879166666666666,18.35,24
56,2023-05-28,20.208333333333332,19.5,24
56,2023-05-29,11.041666666666666,10.350000000000001,24
56,2023-05-30,9.700000000000001,10.35,24
56,2023-05-31,12.6875,12.55,24
56,2023-06-01,8.666666666666666,8.75,24
56,2023-06-02,10.7125,10.45,24
56,2023-06-03,10.608333333333333,10.4,24
56,2023-06-04,11.591666666666667,11.9,24
56,2023-06-05,9.174999999999999,9.3,24
56,2023-06-06,11.379166666666668,11.25,24
56,2023-06-07,7.841666666666666,7.3,24
56,2023-06-08,6.070833333333333,6.05,24
56,2023-06-09,7.545833333333333,6.65,24
56,2023-06-10,10.483333333333333,10.15,24
56,2023-06-11,11.004166666666668,10.850000000000001,24
56,2023-06-12,9.804166666666667,9.5,24
56,2023-06-13,5.820833333333333,6.15,24
56,2023-06-14,4.95,4.15,24
56,2023-06-15,7.445833333333333,6.65,24
56,2023-06-16,10.2125,10.4,24
56,2023-06-17,9.808333333333334,8.8,24
56,2023-06-18,8.616666666666667,7.8,24
56,2023-06-19,8.170833333333333,8.15,24
56,2023-06-20,7.875,7.45,24
56,2023-06-21,7.279166666666666,7.75,24
56,2023-06-22,6.675,6.2,24
56,2023-06-23,6.875,7.85,24
56,2023-06-24,7.091666666666666,8.25,24
56,2023-06-25,8.637500000000001,8.6,24
56,2023-06-26,7.9375,7.6,24
56,2023-06-27,8.029166666666667,8.25,24
56,2023-06-28,8.470833333333333,8.649999999999999,24
56,2023-06-29,11.620833333333332,11.7,24
56,2023-06-30,10.950000000000001,10.05,24
56,2023-07-01,12.075000000000001,11.95,24
56,2023-07-02,11.104166666666666,9.75,24
56,2023-07-03,7.479166666666667,7.1,24
56,2023-07-04,5.433333333333334,5.050000000000001,24
56,2023-07-05,5.6625000000000005,5.6,24
56,2023-07-06,6.7250000000000005,5.2,24
56,2023-07-07,9.516666666666667,9.45,24
56,2023-07-08,11.35,11.0,24
56,2023-07-09,8.133333333333333,7.35,24
56,2023-07-10,10.0375,8.75,24
56,2023-07-11,9.854166666666666,9.45,24
56,2023-07-12,8.183333333333334,7.8,24
56,2023-07-13,7.616666666666667,8.0,24
56,2023-07-14,7.3125,6.75,24
56,2023-07-15,8.85,9.7,24
56,2023-07-16,7.7875000000000005,6.8,24
56,2023-07-17,12.745833333333332,12.5,24
56,2023-07-18,14.054166666666667,14.4,24
56,2023-07-19,11.7875,11.8,24
56,2023-07-20,11.341666666666667,10.95,24
56,2023-07-21,7.129166666666666,7.5,24
56,2023-07-22,5.5125,4.9,24
56,2023-07-23,4.520833333333333,4.55,24
56,2023-07-24,9.058333333333334,8.2,24
56,2023-07-25,12.558333333333332,12.149999999999999,24
56,2023-07-26,12.225,11.3,24
56,2023-07-27,6.6375,5.3,24
56,2023-07-28,5.004166666666666,5.0,24
56,2023-07-29,6.1125,5.75,24
56,2023-07-30,4.966666666666667,4.9,24
56,2023-07-31,4.254166666666666,4.2,24
56,2023-08-01,4.841666666666667,3.9,24
56,2023-08-02,5.6499999999999995,5.5,24
56,2023-08-03,5.0874999999999995,4.6,24
56,2023-08-04,6.3500000000000005,6.1,24
56,2023-08-05,5.516666666666667,5.0,24
56,2023-08-06,5.9750000000000005,5.65,24
56,2023-08-07,3.6833333333333336,3.7,24
56,2023-08-08,3.525,3.55,24
56,2023-08-09,3.6041666666666665,3.5,24
56,2023-08-10,8.279166666666667,5.4,24
56,2023-08-11,12.558333333333332,11.7,24
56,2023-08-12,13.508333333333333,12.65,24
56,2023-08-13,15.658333333333333,13.25,24
56,2023-08-14,18.45,17.9,24
56,2023-08-15,11.35,11.55,24
56,2023-08-16,8.3375,7.95,24
56,2023-08-17,8.841666666666667,8.45,24
56,2023-08-18,10.15,9.350000000000001,24
56,2023-08-19,14.295833333333334,13.8,24
56,2023-08-20,18.683333333333334,17.8,24
56,2023-08-21,12.954166666666666,12.05,24
56,2023-08-22,10.970833333333333,11.3,24
56,2023-08-23,10.083333333333334,9.850000000000001,24
56,2023-08-24,10.2875,10.15,24
56,2023-08-25,9.450000000000001,9.05,24
56,2023-08-26,8.508333333333333,8.1,24
56,2023-08-27,8.491666666666667,7.800000000000001,24
56,2023-08-28,9.362499999999999,8.55,24
56,2023-08-29,8.745833333333334,8.9,24
56,2023-08-30,4.404166666666667,5.15,24
56,2023-08-31,6.133333333333333,5.65,24
56,2023-09-01,12.470833333333333,12.7,24
56,2023-09-02,9.325000000000001,8.25,24
56,2023-09-03,10.058333333333334,10.25,24
56,2023-09-04,10.316666666666666,11.8,24
56,2023-09-05,8.15,7.949999999999999,24
56,2023-09-06,7.4375,7.25,24
56,2023-09-07,8.395833333333334,7.300000000000001,24
56,2023-09-08,6.454166666666667,6.1,24
56,2023-09-09,6.704166666666667,6.800000000000001,24
56,2023-09-10,4.141666666666667,3.1,24
56,2023-09-11,6.566666666666666,6.699999999999999,24
56,2023-09-12,6.195833333333333,6.1,24
56,2023-09-13,7.141666666666667,6.5,24
56,2023-09-14,9.941666666666666,9.5,24
56,2023-09-15,6.795833333333333,5.35,24
56,2023-09-16,5.8500000000000005,4.949999999999999,24
56,2023-09-17,5.079166666666667,3.0,24
56,2023-09-18,6.075,5.9,24
56,2023-09-19,6.929166666666667,4.8,24
56,2023-09-20,6.279166666666666,4.550000000000001,24
56,2023-09-21,7.3500000000000005,6.05,24
56,2023-09-22,6.616666666666667,6.300000000000001,24
56,2023-09-23,7.4624999999999995,7.2,24
56,2023-09-24,10.924999999999999,12.899999999999999,24
56,2023-09-25,7.375,7.8999999999999995,24
56,2023-09-26,10.445833333333333,9.85,24
56,2023-09-27,9.737499999999999,11.1,24
56,2023-09-28,5.9750000000000005,6.6,24
56,2023-09-29,4.0249999999999995,4.4,24
56,2023-09-30,3.279166666666667,2.75,24
56,2023-10-01,6.091666666666666,6.05,24
56,2023-10-02,7.945833333333333,7.9,24
56,2023-10-03,9.679166666666667,8.25,24
56,2023-10-04,5.783333333333334,5.85,24
56,2023-10-05,6.8500000000000005,7.2,24
56,2023-10-06,4.2250000000000005,4.199999999999999,24
56,2023-10-07,3.329166666666667,3.1500000000000004,24
56,2023-10-08,3.345833333333333,3.45,24
56,2023-10-09,5.816666666666666,2.5,24
56,2023-10-10,10.7125,10.7,24
56,2023-10-11,8.429166666666667,8.05,24
56,2023-10-12,7.879166666666666,8.25,24
56,2023-10-13,8.554166666666667,8.7,24
56,2023-10-14,5.4875,4.75,24
56,2023-10-15,4.1000000000000005,4.4,24
56,2023-10-16,7.25,7.699999999999999,24
56,2023-10-17,9.2875,9.0,24
56,2023-10-18,11.200000000000001,10.85,24
56,2023-10-19,12.516666666666666,12.0,24
56,2023-10-20,11.075000000000001,9.350000000000001,24
56,2023-10-21,6.641666666666667,5.5,24
56,2023-10-22,6.7,6.699999999999999,24
56,2023-10-23,10.541666666666666,10.1,24
56,2023-10-24,8.858333333333333,7.95,24
56,2023-10-25,7.5375000000000005,7.7,24
56,2023-10-26,8.045833333333333,6.75,24
56,2023-10-27,4.9624999999999995,4.85,24
56,2023-10-28,4.366666666666666,4.75,24
56,2023-10-29,4.308333333333334,4.4,24
56,2023-10-30,5.429166666666667,5.85,24
56,2023-10-31,9.795833333333333,8.6,24
56,2023-11-01,16.079166666666666,16.45,24
56,2023-11-02,10.120833333333334,10.4,24
56,2023-11-03,12.5625,12.4,24
56,2023-11-04,16.175,16.1,24
56,2023-11-05,14.983333333333334,14.7,24
56,2023-11-06,12.270833333333334,12.5,24
56,2023-11-07,7.666666666666667,7.300000000000001,24
56,2023-11-08,8.295833333333333,7.2,24
56,2023-11-09,9.424999999999999,9.65,24
56,2023-11-10,10.508333333333333,10.1,24
56,2023-11-11,11.741666666666667,11.6,24
56,2023-11-12,8.841666666666667,8.4,24
56,2023-11-13,5.804166666666667,5.05,24
56,2023-11-14,4.879166666666666,5.15,24
56,2023-11-15,7.154166666666666,6.6,24
56,2023-11-16,7.995833333333334,7.699999999999999,24
56,2023-11-17,5.1625000000000005,5.4,24
56,2023-11-18,6.4125000000000005,6.95,24
56,2023-11-19,5.966666666666666,5.8,24
56,2023-11-20,9.516666666666667,9.4,24
56,2023-11-21,10.704166666666666,10.45,24
56,2023-11-22,9.120833333333334,10.45,24
56,2023-11-23,11.879166666666668,11.55,24
56,2023-11-24,10.854166666666666,11.0,24
56,2023-11-25,10.758333333333333,10.45,24
56,2023-11-26,14.1,15.0,24
56,2023-11-27,12.579166666666666,13.1,24
56,2023-11-28,13.1,13.7,24
56,2023-11-29,15.012500000000001,15.2,24
56,2023-11-30,14.791666666666666,14.1,24
56,2023-12-01,16.279166666666665,16.85,24
56,2023-12-02,8.283333333333333,8.25,24
56,2023-12-03,5.825,5.300000000000001,24
56,2023-12-04,8.858333333333333,8.9,24
56,2023-12-05,9.5375,9.45,24
56,2023-12-06,8.945833333333333,8.5,24
56,2023-12-07,10.549999999999999,10.6,24
56,2023-12-08,14.529166666666667,14.8,24
56,2023-12-09,10.833333333333334,10.05,24
56,2023-12-10,12.85,12.399999999999999,24
56,2023-12-11,10.799999999999999,12.9,24
56,2023-12-12,13.329166666666666,13.0,24
56,2023-12-13,11.733333333333334,11.350000000000001,24
56,2023-12-14,11.966666666666667,11.65,24
56,2023-12-15,14.054166666666667,14.25,24
56,2023-12-16,12.2875,13.6,24
56,2023-12-17,10.383333333333333,12.100000000000001,24
56,2023-12-18,6.854166666666667,7.0,24
56,2023-12-19,8.029166666666667,8.100000000000001,24
56,2023-12-20,10.450000000000001,10.5,24
56,2023-12-21,8.579166666666667,8.5,24
56,2023-12-22,15.6875,16.950000000000003,24
56,2023-12-23,12.304166666666667,11.899999999999999,24
56,2023-12-24,11.816666666666668,11.0,24
56,2023-12-25,16.400000000000002,19.05,24
56,2023-12-26,16.337500000000002,16.75,24
56,2023-12-27,11.779166666666667,11.850000000000001,24
56,2023-12-28,9.4375,10.8,24
56,2023-12-29,10.179166666666667,10.9,24
56,2023-12-30,10.891666666666666,11.25,24
56,2023-12-31,8.424999999999999,8.6,24
56,2024-01-01,8.879166666666666,8.7,24
56,2024-01-02,9.170833333333333,9.850000000000001,24
56,2024-01-03,8.520833333333334,8.25,24
56,2024-01-04,6.325,5.7,24
56,2024-01-05,8.783333333333333,8.3,24
56,2024-01-06,8.679166666666667,8.45,24
56,2024-01-07,11.741666666666667,11.05,24
56,2024-01-08,14.620833333333332,14.0,24
56,2024-01-09,13.333333333333334,13.1,24
56,2024-01-10,12.966666666666667,12.3,24
56,2024-01-11,21.3125,20.75,24
56,2024-01-12,27.5625,24.4,24
56,2024-01-13,22.045833333333334,22.15,24
56,2024-01-14,15.270833333333334,16.2,24
56,2024-01-15,11.791666666666666,11.3,24
56,2024-01-16,9.458333333333334,8.9,24
56,2024-01-17,11.404166666666667,11.8,24
56,2024-01-18,15.4125,15.5,24
56,2024-01-19,11.620833333333332,11.65,24
56,2024-01-20,9.920833333333333,9.649999999999999,24
56,2024-01-21,9.716666666666667,9.15,24
56,2024-01-22,9.083333333333334,7.4,24
56,2024-01-23,14.370833333333332,14.3,24
56,2024-01-24,14.645833333333334,14.5,24
56,2024-01-25,14.983333333333334,14.55,24
56,2024-01-26,11.366666666666667,11.4,24
56,2024-01-27,15.862499999999999,14.55,24
56,2024-01-28,16.741666666666667,17.75,24
56,2024-01-29,19.270833333333332,17.6,24
56,2024-01-30,18.795833333333334,18.55,24
56,2024-01-31,12.512500000000001,11.9,24
56,2024-02-01,8.383333333333333,8.25,24
56,2024-02-02,7.454166666666667,7.35,24
56,2024-02-03,10.466666666666667,9.4,24
56,2024-02-04,18.395833333333332,19.700000000000003,24
56,2024-02-05,18.045833333333334,17.6,24
56,2024-02-06,15.4,15.149999999999999,24
56,2024-02-07,16.625,17.05,24
56,2024-02-08,16.366666666666667,17.55,24
56,2024-02-09,18.179166666666667,19.1,24
56,2024-02-10,29.337500000000002,25.3,24
56,2024-02-11,34.07083333333333,31.25,24
56,2024-02-12,24.920833333333334,23.85,24
56,2024-02-13,19.441666666666666,18.85,24
56,2024-02-14,16.933333333333334,16.25,24
56,2024-02-15,18.541666666666668,19.35,24
56,2024-02-16,19.841666666666665,19.65,24
56,2024-02-17,23.09583333333333,20.5,24
56,2024-02-18,18.704166666666666,18.15,24
56,2024-02-19,15.241666666666667,15.0,24
56,2024-02-20,14.466666666666667,14.55,24
56,2024-02-21,11.6,12.2,24
56,2024-02-22,16.883333333333333,15.75,24
56,2024-02-23,13.633333333333333,13.75,24
56,2024-02-24,15.145833333333334,15.75,24
56,2024-02-25,22.72083333333333,23.5,24
56,2024-02-26,30.445833333333336,30.35,24
56,2024-02-27,29.291666666666668,29.7,24
56,2024-02-28,28.516666666666666,28.2,24
56,2024-02-29,19.133333333333333,18.15,24
56,2024-03-01,19.429166666666667,19.4,24
56,2024-03-02,28.875,29.65,24
56,2024-03-03,27.40416666666667,27.85,24
56,2024-03-04,18.120833333333334,16.200000000000003,24
56,2024-03-05,20.425,22.25,24
56,2024-03-06,22.400000000000002,20.549999999999997,24
56,2024-03-07,44.699999999999996,46.15,24
56,2024-03-08,36.74166666666667,36.0,24
56,2024-03-09,28.920833333333334,30.3,24
56,2024-03-10,26.45,26.5,24
56,2024-03-11,22.02916666666667,20.549999999999997,24
56,2024-03-12,40.34166666666667,43.150000000000006,24
56,2024-03-13,20.070833333333333,16.1,24
56,2024-03-14,23.054166666666664,20.0,24
56,2024-03-15,40.9625,40.8,24
56,2024-03-16,41.72083333333333,40.15,24
56,2024-03-17,47.395833333333336,49.650000000000006,24
56,2024-03-18,45.958333333333336,44.650000000000006,24
56,2024-03-19,49.45416666666667,49.150000000000006,24
56,2024-03-20,24.40833333333333,23.35,24
56,2024-03-21,21.808333333333334,21.4,24
56,2024-03-22,26.787499999999998,27.0,24
56,2024-03-23,19.245833333333334,19.549999999999997,24
56,2024-03-24,15.391666666666666,15.45,24
56,2024-03-25,15.0625,13.0,24
56,2024-03-26,27.608333333333334,25.6,24
56,2024-03-27,37.145833333333336,38.3,24
56,2024-03-28,33.3375,30.65,24
56,2024-03-29,30.058333333333334,27.799999999999997,24
56,2024-03-30,23.150000000000002,21.45,24
56,2024-03-31,29.608333333333334,32.95,24
56,2024-04-01,28.495833333333334,26.8,24
56,2024-04-02,33.06666666666667,31.85,24
56,2024-04-03,39.52916666666667,41.849999999999994,24
56,2024-04-04,35.833333333333336,31.65,24
56,2024-04-05,42.233333333333334,42.7,24
56,2024-04-06,46.2875,43.599999999999994,24
56,2024-04-07,43.791666666666664,41.6,24
56,2024-04-08,43.300000000000004,41.150000000000006,24
56,2024-04-09,42.37083333333333,40.650000000000006,24
56,2024-04-10,40.65833333333333,39.9,24
56,2024-04-11,33.8375,33.25,24
56,2024-04-12,25.9375,24.4,24
56,2024-04-13,31.633333333333336,31.299999999999997,24
56,2024-04-14,25.945833333333336,26.2,24
56,2024-04-15,28.53333333333333,30.3,24
56,2024-04-16,26.704166666666666,28.1,24
56,2024-04-17,20.433333333333334,21.25,24
56,2024-04-18,31.008333333333336,38.75,24
56,2024-04-19,37.2875,36.5,24
56,2024-04-20,23.370833333333334,23.25,24
56,2024-04-21,29.0,31.1,24
56,2024-04-22,28.96666666666667,30.049999999999997,24
56,2024-04-23,29.629166666666666,28.75,24
56,2024-04-24,27.179166666666664,27.6,24
56,2024-04-25,30.575,33.8,24
56,2024-04-26,26.004166666666666,24.4,24
56,2024-04-27,38.71666666666667,38.65,24
56,2024-04-28,30.837500000000002,29.65,24
56,2024-04-29,32.079166666666666,33.2,24
56,2024-04-30,27.412499999999998,27.299999999999997,24
56,2024-05-01,30.8125,28.9,24
56,2024-05-02,42.3375,44.0,24
56,2024-05-03,39.512499999999996,38.4,24
56,2024-05-04,28.84166666666667,24.85,24
56,2024-05-05,21.96666666666667,22.1,24
56,2024-05-06,23.195833333333336,22.25,24
56,2024-05-07,43.449999999999996,41.25,24
56,2024-05-08,38.645833333333336,37.2,24
56,2024-05-09,26.037499999999998,24.75,24
56,2024-05-10,20.079166666666666,20.65,24
56,2024-05-11,17.704166666666666,17.0,24
56,2024-05-12,15.25,14.45,24
56,2024-05-13,17.620833333333334,17.55,24
56,2024-05-14,14.533333333333333,15.05,24
56,2024-05-15,16.275000000000002,16.700000000000003,24
56,2024-05-16,17.683333333333334,17.4,24
56,2024-05-17,12.7875,12.6,24
56,2024-05-18,11.75,8.8,24
56,2024-05-19,14.5375,17.200000000000003,24
56,2024-05-20,17.808333333333334,16.7,24
56,2024-05-21,13.975,13.2,24
56,2024-05-22,12.262500000000001,12.100000000000001,24
56,2024-05-23,12.383333333333333,12.350000000000001,24
56,2024-05-24,3.6875,3.1,24
56,2024-05-25,5.458333333333333,5.7,24
56,2024-05-26,4.620833333333334,3.05,24
56,2024-05-27,4.983333333333333,5.35,24
56,2024-05-28,7.204166666666667,5.55,24
56,2024-05-29,8.883333333333333,8.850000000000001,24
56,2024-05-30,14.762500000000001,13.35,24
56,2024-05-31,20.333333333333332,20.4,24
56,2024-06-01,9.424999999999999,8.75,24
56,2024-06-02,6.041666666666667,6.300000000000001,24
56,2024-06-03,5.4624999999999995,5.0,24
56,2024-06-04,10.1,6.949999999999999,24
56,2024-06-05,15.329166666666666,15.4,24
56,2024-06-06,7.854166666666667,7.800000000000001,24
56,2024-06-07,7.408333333333334,6.25,24
56,2024-06-08,8.570833333333333,7.95,24
56,2024-06-09,11.654166666666667,11.65,24
56,2024-06-10,7.166666666666667,6.35,24
56,2024-06-11,6.720833333333334,6.65,24
56,2024-06-12,5.829166666666667,5.85,24
56,2024-06-13,5.333333333333333,4.35,24
56,2024-06-14,4.783333333333333,5.2,24
56,2024-06-15,7.0375000000000005,4.55,24
56,2024-06-16,10.541666666666666,9.95,24
56,2024-06-17,7.758333333333333,7.25,24
56,2024-06-18,9.108333333333333,8.5,24
56,2024-06-19,8.041666666666666,7.4,24
56,2024-06-20,7.9875,7.6,24
56,2024-06-21,8.299999999999999,6.199999999999999,24
56,2024-06-22,16.345833333333335,16.05,24
56,2024-06-23,11.6875,11.1,24
56,2024-06-24,7.558333333333334,6.1,24
56,2024-06-25,10.183333333333334,8.45,24
56,2024-06-26,4.295833333333333,3.75,24
56,2024-06-27,5.895833333333333,6.5,24
56,2024-06-28,7.533333333333334,6.3,24
56,2024-06-29,7.5375000000000005,7.2,24
56,2024-06-30,7.345833333333334,6.05,24
56,2024-07-01,7.0125,6.95,24
56,2024-07-02,8.154166666666667,7.75,24
56,2024-07-03,9.670833333333333,8.7,24
56,2024-07-04,6.991666666666667,6.9,24
56,2024-07-05,6.945833333333333,7.050000000000001,24
56,2024-07-06,6.716666666666666,6.5,24
56,2024-07-07,5.945833333333333,6.5,24
56,2024-07-08,5.979166666666667,6.6,24
56,2024-07-09,8.858333333333333,7.55,24
56,2024-07-10,12.391666666666666,12.95,24
56,2024-07-11,9.216666666666667,9.35,24
56,2024-07-12,9.120833333333334,7.800000000000001,24
56,2024-07-13,9.416666666666666,9.4,24
56,2024-07-14,6.483333333333333,5.95,24
56,2024-07-15,5.7250000000000005,4.05,24
56,2024-07-16,8.408333333333333,7.800000000000001,24
56,2024-07-17,6.45,4.9,24
56,2024-07-18,6.8999999999999995,7.6,24
56,2024-07-19,7.9750000000000005,7.75,24
56,2024-07-20,6.25,5.35,24
56,2024-07-21,5.333333333333333,5.15,24
56,2024-07-22,6.825,6.75,24
56,2024-07-23,8.549999999999999,8.55,24
56,2024-07-24,6.458333333333333,5.6,24
56,2024-07-25,4.7,4.65,24
56,2024-07-26,4.070833333333334,3.0,24
56,2024-07-27,5.645833333333333,4.7,24
56,2024-07-28,5.841666666666666,5.75,24
56,2024-07-29,5.929166666666667,5.050000000000001,24
56,2024-07-30,4.566666666666666,4.5,24
56,2024-07-31,4.079166666666667,4.05,24
56,2024-08-01,2.654166666666667,2.45,24
56,2024-08-02,3.875,2.95,24
56,2024-08-03,6.929166666666667,6.3,24
56,2024-08-04,9.362499999999999,9.5,24
56,2024-08-05,7.733333333333333,7.5,24
56,2024-08-06,7.5,5.35,24
56,2024-08-07,7.195833333333333,6.2,24
56,2024-08-08,9.891666666666667,9.6,24
56,2024-08-09,11.512500000000001,12.0,24
56,2024-08-10,10.133333333333333,9.75,24
56,2024-08-11,12.362499999999999,11.9,24
56,2024-08-12,13.833333333333334,13.5,24
56,2024-08-13,7.620833333333334,6.15,24
56,2024-08-14,8.4,7.8,24
56,2024-08-15,8.091666666666667,8.25,24
56,2024-08-16,9.770833333333334,10.3,24
56,2024-08-17,8.416666666666666,9.3,24
56,2024-08-18,8.762500000000001,8.9,24
56,2024-08-19,8.758333333333333,8.55,24
56,2024-08-20,9.183333333333334,8.45,24
56,2024-08-21,6.004166666666666,4.7,24
56,2024-08-22,5.908333333333334,5.75,24
56,2024-08-23,5.179166666666666,4.3,24
56,2024-08-24,8.591666666666667,7.55,24
56,2024-08-25,8.137500000000001,8.4,24
56,2024-08-26,6.908333333333334,6.5,24
56,2024-08-27,9.616666666666667,8.45,24
56,2024-08-28,6.583333333333333,6.35,24
56,2024-08-29,6.054166666666667,6.25,24
56,2024-08-30,9.266666666666667,9.5,24
56,2024-08-31,9.549999999999999,9.4,24
56,2024-09-01,6.954166666666667,6.4,24
56,2024-09-02,8.804166666666667,8.35,24
56,2024-09-03,10.450000000000001,11.0,24
56,2024-09-04,8.758333333333333,8.25,24
56,2024-09-05,9.520833333333334,9.4,24
56,2024-09-06,9.279166666666667,8.25,24
56,2024-09-07,13.674999999999999,13.0,24
56,2024-09-08,7.695833333333333,7.55,24
56,2024-09-09,4.654166666666667,4.4,24
56,2024-09-10,2.966666666666667,3.3,24
56,2024-09-11,5.075,4.300000000000001,24
56,2024-09-12,8.141666666666667,7.6,24
56,2024-09-13,8.470833333333333,8.7,24
56,2024-09-14,9.779166666666667,8.7,24
56,2024-09-15,12.941666666666668,12.7,24
56,2024-09-16,11.754166666666668,11.350000000000001,24
56,2024-09-17,13.141666666666666,13.05,24
56,2024-09-18,9.379166666666666,9.4,24
56,2024-09-19,10.995833333333332,11.0,24
56,2024-09-20,12.633333333333333,12.0,24
56,2024-09-21,15.358333333333334,14.75,24
56,2024-09-22,10.549999999999999,11.0,24
56,2024-09-23,5.5249999999999995,5.55,24
56,2024-09-24,5.2,3.8,24
56,2024-09-25,6.220833333333334,5.5,24
56,2024-09-26,7.733333333333333,8.350000000000001,24
56,2024-09-27,11.0875,10.5,24
56,2024-09-28,12.4125,12.4,24
56,2024-09-29,15.275,15.5,24
56,2024-09-30,15.254166666666668,15.95,24
56,2024-10-01,9.691666666666666,9.35,24
56,2024-10-02,6.020833333333333,5.65,24
56,2024-10-03,9.533333333333333,9.55,24
56,2024-10-04,13.095833333333333,12.4,24
56,2024-10-05,13.679166666666667,13.95,24
56,2024-10-06,12.929166666666667,13.350000000000001,24
56,2024-10-07,12.995833333333332,11.9,24
56,2024-10-08,13.012500000000001,13.55,24
56,2024-10-09,18.7625,18.8,24
56,2024-10-10,16.004166666666666,16.25,24
56,2024-10-11,16.412499999999998,18.05,24
56,2024-10-12,18.466666666666665,18.3,24
56,2024-10-13,16.254166666666666,15.45,24
56,2024-10-14,9.358333333333333,7.8,24
56,2024-10-15,13.1875,11.899999999999999,24
56,2024-10-16,13.737499999999999,12.75,24
56,2024-10-17,7.2,7.05,24
56,2024-10-18,11.416666666666666,10.4,24
56,2024-10-19,9.679166666666667,9.8,24
56,2024-10-20,8.0375,8.25,24
56,2024-10-21,7.3125,7.05,24
56,2024-10-22,7.0125,7.05,24
56,2024-10-23,7.095833333333334,7.75,24
56,2024-10-24,10.875,9.9,24
56,2024-10-25,11.095833333333333,12.05,24
56,2024-10-26,11.979166666666666,11.5,24
56,2024-10-27,8.779166666666667,8.850000000000001,24
56,2024-10-28,8.395833333333334,8.2,24
56,2024-10-29,7.279166666666666,8.0,24
56,2024-10-30,7.5,7.3,24
56,2024-10-31,12.237499999999999,11.55,24
56,2024-11-01,11.424999999999999,11.05,24
56,2024-11-02,9.795833333333333,10.0,24
56,2024-11-03,8.366666666666667,9.4,24
56,2024-11-04,8.200000000000001,7.5,24
56,2024-11-05,12.783333333333333,12.399999999999999,24
56,2024-11-06,9.2875,9.0,24
56,2024-11-07,12.904166666666667,13.5,24
56,2024-11-08,19.570833333333333,18.95,24
56,2024-11-09,19.858333333333334,20.4,24
56,2024-11-10,17.125,17.1,24
56,2024-11-11,13.049999999999999,12.55,24
56,2024-11-12,15.779166666666667,15.3,24
56,2024-11-13,19.020833333333332,16.45,24
56,2024-11-14,12.229166666666666,10.850000000000001,24
56,2024-11-15,7.8875,7.55,24
56,2024-11-16,6.625,5.5,24
56,2024-11-17,7.4624999999999995,5.8,24
56,2024-11-18,9.833333333333334,9.3,24
56,2024-11-19,14.704166666666666,14.5,24
56,2024-11-20,14.424999999999999,14.149999999999999,24
56,2024-11-21,13.533333333333333,15.05,24
56,2024-11-22,15.5,14.5,24
56,2024-11-23,12.154166666666667,12.5,24
56,2024-11-24,13.920833333333333,15.7,24
56,2024-11-25,15.141666666666666,17.25,24
56,2024-11-26,15.795833333333334,14.899999999999999,24
56,2024-11-27,11.25,9.3,24
56,2024-11-28,8.791666666666666,8.350000000000001,24
56,2024-11-29,20.025,19.7,24
56,2024-11-30,9.745833333333334,11.149999999999999,24
56,2024-12-01,15.133333333333333,15.95,24
56,2024-12-02,15.683333333333332,14.7,24
56,2024-12-03,13.279166666666667,15.850000000000001,24
56,2024-12-04,17.316666666666666,18.799999999999997,24
56,2024-12-05,18.333333333333332,18.2,24
56,2024-12-06,15.495833333333332,16.0,24
56,2024-12-07,15.174999999999999,16.45,24
56,2024-12-08,11.958333333333334,14.8,24
56,2024-12-09,14.516666666666666,13.600000000000001,24
56,2024-12-10,15.270833333333334,15.55,24
56,2024-12-11,18.204166666666666,16.4,24
56,2024-12-12,13.4125,12.1,24
56,2024-12-13,11.004166666666668,9.6,24
56,2024-12-14,22.724999999999998,23.450000000000003,24
56,2024-12-15,18.733333333333334,18.4,24
56,2024-12-16,17.7,17.65,24
56,2024-12-17,16.116666666666667,13.6,24
56,2024-12-18,11.695833333333333,13.55,24
56,2024-12-19,18.316666666666666,19.55,24
56,2024-12-20,14.983333333333334,15.05,24
56,2024-12-21,14.108333333333334,13.45,24
56,2024-12-22,20.308333333333334,19.1,24
56,2024-12-23,23.329166666666666,24.45,24
56,2024-12-24,21.349999999999998,20.549999999999997,24
56,2024-12-25,16.4375,16.3,24
56,2024-12-26,19.912499999999998,18.450000000000003,24
56,2024-12-27,12.745833333333332,12.8,24
56,2024-12-28,8.220833333333333,6.5,24
56,2024-12-29,11.033333333333333,11.45,24
56,2024-12-30,12.983333333333334,12.55,24
56,2024-12-31,14.583333333333334,13.9,24
56,2025-01-01,11.391666666666666,12.65,24
56,2025-01-02,18.0625,20.450000000000003,24
56,2025-01-03,18.941666666666666,15.5,24
56,2025-01-04,13.533333333333333,16.3,24
56,2025-01-05,24.400000000000002,23.450000000000003,24
56,2025-01-06,22.370833333333334,23.65,24
56,2025-01-07,26.724999999999998,25.15,24
56,2025-01-08,25.929166666666664,25.6,24
56,2025-01-09,24.962500000000002,25.950000000000003,24
56,2025-01-10,23.304166666666664,20.950000000000003,24
56,2025-01-11,18.683333333333334,17.1,24
56,2025-01-12,17.258333333333333,15.65,24
56,2025-01-13,16.283333333333335,15.9,24
56,2025-01-14,15.075000000000001,18.7,24
56,2025-01-15,17.141666666666666,15.85,24
56,2025-01-16,14.133333333333333,15.4,24
56,2025-01-17,19.729166666666668,19.5,24
56,2025-01-18,19.6875,18.35,24
56,2025-01-19,14.995833333333332,17.65,24
56,2025-01-20,21.329166666666666,20.25,24
56,2025-01-21,24.991666666666664,23.3,24
56,2025-01-22,27.745833333333334,25.1,24
56,2025-01-23,37.729166666666664,37.35,24
56,2025-01-24,29.195833333333336,28.25,24
56,2025-01-25,24.0125,25.9,24
56,2025-01-26,26.462500000000002,25.0,24
56,2025-01-27,19.216666666666665,19.049999999999997,24
56,2025-01-28,29.679166666666664,29.049999999999997,24
56,2025-01-29,23.833333333333332,24.65,24
56,2025-01-30,25.2625,23.45,24
56,2025-01-31,20.816666666666666,20.05,24
56,2025-02-01,22.724999999999998,23.2,24
56,2025-02-02,24.854166666666668,25.45,24
56,2025-02-03,27.6375,27.7,24
56,2025-02-04,21.712500000000002,21.4,24
56,2025-02-05,27.275000000000002,27.25,24
56,2025-02-06,27.566666666666666,28.049999999999997,24
56,2025-02-07,34.63333333333333,33.7,24
56,2025-02-08,24.0125,21.35,24
56,2025-02-09,17.458333333333332,18.0,24
56,2025-02-10,15.3125,14.1,24
56,2025-02-11,18.7,20.299999999999997,24
56,2025-02-12,21.59166666666667,21.25,24
56,2025-02-13,25.8125,26.35,24
56,2025-02-14,24.587500000000002,29.5,24
56,2025-02-15,28.258333333333336,30.7,24
56,2025-02-16,33.637499999999996,39.3,24
56,2025-02-17,45.09166666666667,45.6,24
56,2025-02-18,51.20416666666667,46.1,24
56,2025-02-19,35.454166666666666,33.3,24
56,2025-02-20,35.85,35.1,24
56,2025-02-21,32.25416666666667,34.05,24
56,2025-02-22,31.991666666666664,29.5,24
56,2025-02-23,19.716666666666665,19.15,24
56,2025-02-24,14.491666666666667,17.15,24
56,2025-02-25,11.9125,9.6,24
56,2025-02-26,14.049999999999999,13.05,24
56,2025-02-27,15.5375,17.75,24
56,2025-02-28,16.779166666666665,16.55,24
56,2025-03-01,16.783333333333335,18.6,24
56,2025-03-02,18.408333333333335,19.85,24
56,2025-03-03,23.775000000000002,24.1,24
56,2025-03-04,35.00416666666667,31.8,24
56,2025-03-05,38.34166666666667,34.8,24
56,2025-03-06,39.19166666666667,45.25,24
56,2025-03-07,45.96666666666667,44.45,24
56,2025-03-08,39.387499999999996,36.150000000000006,24
56,2025-03-09,31.670833333333334,35.65,24
56,2025-03-10,39.262499999999996,33.05,24
56,2025-03-11,23.204166666666666,23.799999999999997,24
56,2025-03-12,27.3125,27.25,24
56,2025-03-13,22.59166666666667,20.35,24
56,2025-03-14,21.316666666666666,20.45,24
56,2025-03-15,27.420833333333334,24.450000000000003,24
56,2025-03-16,41.516666666666666,36.05,24
56,2025-03-17,48.487500000000004,50.2,24
56,2025-03-18,41.550000000000004,37.55,24
56,2025-03-19,74.96249999999999,73.55,24
56,2025-03-20,55.15,48.349999999999994,24
56,2025-03-21,56.88333333333333,53.35,24
56,2025-03-22,79.86666666666666,77.05,24
56,2025-03-23,66.3875,70.55000000000001,24
56,2025-03-24,67.10833333333333,65.9,24
56,2025-03-25,63.53333333333333,52.3,24
56,2025-03-26,39.4125,37.05,24
56,2025-03-27,31.15416666666667,29.45,24
56,2025-03-28,33.61666666666667,34.3,24
56,2025-03-29,50.525,46.9,24
56,2025-03-30,45.30833333333334,44.5,24
56,2025-03-31,40.19166666666667,40.099999999999994,24
56,2025-04-01,52.354166666666664,51.5,24
56,2025-04-02,47.9,51.7,24
56,2025-04-03,54.479166666666664,53.349999999999994,24
56,2025-04-04,46.775,45.45,24
56,2025-04-05,38.637499999999996,38.349999999999994,24
56,2025-04-06,21.991666666666664,21.049999999999997,24
56,2025-04-07,25.129166666666666,26.45,24
56,2025-04-08,28.75,26.05,24
56,2025-04-09,27.6125,26.799999999999997,24
56,2025-04-10,43.75833333333333,43.6,24
56,2025-04-11,32.104166666666664,36.099999999999994,24
56,2025-04-12,17.045833333333334,17.25,24
56,2025-04-13,23.40416666666667,20.95,24
56,2025-04-14,41.329166666666666,43.15,24
56,2025-04-15,28.416666666666668,25.5,24
56,2025-04-16,12.875,8.7,24
56,2025-04-17,9.608333333333333,9.7,24
56,2025-04-18,8.975,8.3,24
56,2025-04-19,20.395833333333332,19.9,24
56,2025-04-20,15.958333333333334,15.5,24
56,2025-04-21,17.954166666666666,16.25,24
56,2025-04-22,15.75,15.4,24
56,2025-04-23,21.474999999999998,21.45,24
56,2025-04-24,24.683333333333334,25.85,24
56,2025-04-25,33.479166666666664,32.650000000000006,24
56,2025-04-26,27.724999999999998,26.3,24
56,2025-04-27,27.695833333333336,27.75,24
56,2025-04-28,21.241666666666667,15.149999999999999,24
56,2025-04-29,15.070833333333333,16.65,24
56,2025-04-30,20.75,18.15,24
56,2025-05-01,18.125,17.25,24
56,2025-05-02,20.162499999999998,19.6,24
56,2025-05-03,19.670833333333334,18.0,24
56,2025-05-04,17.358333333333334,17.3,24
56,2025-05-05,13.0,17.15,24
56,2025-05-06,14.254166666666668,13.100000000000001,24
56,2025-05-07,15.916666666666666,15.45,24
56,2025-05-08,19.516666666666666,19.75,24
56,2025-05-09,19.991666666666667,18.25,24
56,2025-05-10,29.583333333333332,28.75,24
56,2025-05-11,17.870833333333334,18.55,24
56,2025-05-12,18.625,18.55,24
56,2025-05-13,14.770833333333334,13.4,24
56,2025-05-14,17.583333333333332,13.4,24
56,2025-05-15,11.645833333333334,9.8,24
56,2025-05-16,19.691666666666666,21.450000000000003,24
56,2025-05-17,14.104166666666666,11.95,24
56,2025-05-18,12.170833333333334,11.7,24
56,2025-05-19,15.508333333333333,16.95,24
56,2025-05-20,14.737499999999999,15.0,24
56,2025-05-21,13.737499999999999,12.5,24
56,2025-05-22,18.370833333333334,17.450000000000003,24
56,2025-05-23,13.858333333333334,12.7,24
56,2025-05-24,9.608333333333333,9.7,24
56,2025-05-25,9.3375,8.350000000000001,24
56,2025-05-26,7.941666666666666,5.95,24
56,2025-05-27,9.075000000000001,9.6,24
56,2025-05-28,10.65,10.350000000000001,24
56,2025-05-29,10.7125,10.8,24
56,2025-05-30,9.958333333333334,10.4,24
56,2025-05-31,7.879166666666666,7.5,24
56,2025-06-01,7.9875,8.25,24
56,2025-06-02,8.145833333333334,8.35,24
56,2025-06-03,9.470833333333333,7.75,24
56,2025-06-04,23.59583333333333,23.95,24
56,2025-06-05,23.316666666666666,23.200000000000003,24
56,2025-06-06,29.47083333333333,24.6,24
56,2025-06-07,20.658333333333335,20.05,24
56,2025-06-08,19.520833333333332,15.2,24
56,2025-06-09,13.516666666666666,15.0,24
56,2025-06-10,16.425,15.7,24
56,2025-06-11,8.670833333333333,7.65,24
56,2025-06-12,9.845833333333333,8.8,24
56,2025-06-13,15.512500000000001,15.100000000000001,24
56,2025-06-14,9.066666666666666,7.6,24
56,2025-06-15,8.841666666666667,7.85,24
56,2025-06-16,7.1875,6.35,24
56,2025-06-17,9.9875,10.0,24
56,2025-06-18,8.4375,8.0,24
56,2025-06-19,10.1,10.55,24
56,2025-06-20,11.991666666666667,13.4,24
56,2025-06-21,17.870833333333334,17.8,24
56,2025-06-22,10.950000000000001,10.85,24
56,2025-06-23,9.975,8.7,24
56,2025-06-24,12.920833333333334,9.8,24
56,2025-06-25,15.458333333333334,13.899999999999999,24
56,2025-06-26,15.754166666666668,16.45,24
56,2025-06-27,9.304166666666665,9.3,24
56,2025-06-28,7.6875,6.35,24
56,2025-06-29,10.008333333333333,11.0,24
56,2025-06-30,9.054166666666667,8.95,24
56,2025-07-01,11.554166666666667,9.95,24
56,2025-07-02,10.108333333333333,10.4,24
56,2025-07-03,8.904166666666667,6.75,24
56,2025-07-04,14.779166666666667,15.8,24
56,2025-07-05,13.924999999999999,14.85,24
56,2025-07-06,13.120833333333332,13.2,24
56,2025-07-07,9.670833333333333,11.5,24
56,2025-07-08,11.345833333333333,11.3,24
56,2025-07-09,12.383333333333333,12.75,24
56,2025-07-10,13.745833333333332,13.649999999999999,24
56,2025-07-11,10.820833333333333,8.75,24
56,2025-07-12,9.083333333333334,6.95,24
56,2025-07-13,14.104166666666666,12.75,24
56,2025-07-14,14.704166666666666,13.15,24
56,2025-07-15,10.516666666666667,10.4,24
56,2025-07-16,9.012500000000001,8.85,24
56,2025-07-17,8.112499999999999,6.949999999999999,24
56,2025-07-18,10.104166666666666,8.0,24
56,2025-07-19,13.758333333333333,12.5,24
56,2025-07-20,8.387500000000001,8.05,24
56,2025-07-21,8.520833333333334,9.6,24
56,2025-07-22,8.020833333333334,8.3,24
56,2025-07-23,3.516666666666667,3.0,24
56,2025-07-24,3.4499999999999997,3.25,24
56,2025-07-25,5.554166666666667,4.55,24
56,2025-07-26,6.429166666666667,6.05,24
56,2025-07-27,5.5,4.9,24
56,2025-07-28,5.016666666666667,3.1500000000000004,24
56,2025-07-29,7.575,6.300000000000001,24
56,2025-07-30,8.8375,6.75,24
56,2025-07-31,12.554166666666667,13.8,24
56,2025-08-01,11.679166666666667,12.95,24
56,2025-08-02,11.395833333333334,12.649999999999999,24
56,2025-08-03,15.2875,14.75,24
56,2025-08-04,10.491666666666667,11.05,24
56,2025-08-05,9.3375,9.9,24
56,2025-08-06,8.15,7.8,24
56,2025-08-07,8.095833333333333,7.300000000000001,24
56,2025-08-08,9.529166666666667,8.5,24
56,2025-08-09,12.866666666666667,13.15,24
56,2025-08-10,8.579166666666667,8.399999999999999,24
56,2025-08-11,10.525,9.9,24
56,2025-08-12,8.279166666666667,7.6,24
56,2025-08-13,11.5,8.75,24
56,2025-08-14,12.491666666666667,9.55,24
56,2025-08-15,7.129166666666666,5.65,24
56,2025-08-16,5.845833333333334,5.949999999999999,24
56,2025-08-17,9.862499999999999,10.3,24
56,2025-08-18,7.675,7.0,24
56,2025-08-19,11.679166666666667,11.399999999999999,24
56,2025-08-20,10.641666666666667,10.1,24
56,2025-08-21,11.6875,13.55,24
56,2025-08-22,10.229166666666666,9.75,24
56,2025-08-23,7.691666666666666,6.65,24
56,2025-08-24,9.595833333333333,9.05,24
56,2025-08-25,9.329166666666667,7.9,24
56,2025-08-26,7.425,6.1,24
56,2025-08-27,6.295833333333333,6.05,24
56,2025-08-28,6.125,5.4,24
56,2025-08-29,8.629166666666666,6.3,24
56,2025-08-30,8.379166666666666,5.5,24
56,2025-08-31,7.866666666666667,7.45,24
56,2025-09-01,11.741666666666667,10.55,24
56,2025-09-02,7.8500000000000005,6.45,24
56,2025-09-03,9.845833333333333,8.2,24
56,2025-09-04,7.4375,3.45,24
56,2025-09-05,5.9624999999999995,4.45,24
56,2025-09-06,8.533333333333333,6.65,24
56,2025-09-07,8.329166666666667,8.0,24
56,2025-09-08,6.733333333333333,4.45,24
56,2025-09-09,5.133333333333334,5.0,24
56,2025-09-10,5.8125,6.8,24
56,2025-09-11,7.754166666666666,6.65,24
56,2025-09-12,10.0375,9.75,24
56,2025-09-13,6.741666666666667,6.45,24
56,2025-09-14,10.137500000000001,9.3,24
56,2025-09-15,8.970833333333333,6.9,24
56,2025-09-16,5.6625000000000005,4.6,24
56,2025-09-17,7.666666666666667,6.75,24
56,2025-09-18,8.754166666666666,8.0,24
56,2025-09-19,5.179166666666666,3.3,24
56,2025-09-20,6.6875,4.9,24
56,2025-09-21,6.266666666666667,5.05,24
56,2025-09-22,7.604166666666667,8.25,24
56,2025-09-23,9.025,9.6,24
56,2025-09-24,6.933333333333334,5.75,24
56,2025-09-25,5.770833333333333,4.1,24
56,2025-09-26,7.916666666666667,7.5,24
56,2025-09-27,4.691666666666666,4.45,24
56,2025-09-28,9.220833333333333,8.9,24
56,2025-09-29,5.6125,6.699999999999999,24
56,2025-09-30,4.5625,4.6,24
56,2025-10-01,3.6458333333333335,2.3499999999999996,24
56,2025-10-02,7.945833333333334,8.05,24
56,2025-10-03,8.058333333333334,8.4,24
56,2025-10-04,5.229166666666667,4.2,24
56,2025-10-05,7.2250000000000005,6.75,24
56,2025-10-06,11.458333333333334,10.95,24
56,2025-10-07,15.275,13.85,24
56,2025-10-08,6.554166666666667,4.800000000000001,24
56,2025-10-09,3.6208333333333336,2.6,24
56,2025-10-10,3.8083333333333336,2.45,24
56,2025-10-11,7.2375,6.35,24
56,2025-10-12,6.933333333333334,6.35,24
56,2025-10-13,7.020833333333333,6.4,24
56,2025-10-14,5.329166666666667,3.75,24
56,2025-10-15,4.2875000000000005,3.1,24
56,2025-10-16,6.7124999999999995,6.55,24
56,2025-10-17,9.15,8.55,24
56,2025-10-18,9.8125,10.149999999999999,24
56,2025-10-19,7.720833333333334,7.85,24
56,2025-10-20,8.858333333333333,7.95,24
56,2025-10-21,14.191666666666668,13.8,24
56,2025-10-22,10.616666666666667,11.95,24
56,2025-10-23,9.820833333333333,8.9,24
56,2025-10-24,10.229166666666666,10.0,24
56,2025-10-25,7.804166666666667,6.65,24
56,2025-10-26,7.575,7.45,24
56,2025-10-27,10.979166666666666,11.8,24
56,2025-10-28,8.329166666666667,8.149999999999999,24
56,2025-10-29,7.883333333333333,7.45,24
56,2025-10-30,7.2124999999999995,7.5,24
56,2025-10-31,5.520833333333333,4.85,24
56,2025-11-01,4.458333333333333,4.5,24
56,2025-11-02,7.258333333333333,5.9,24
56,2025-11-03,12.704166666666666,12.05,24
56,2025-11-04,13.625,11.3,24
56,2025-11-05,11.387500000000001,9.350000000000001,24
56,2025-11-06,18.220833333333335,16.4,24
56,2025-11-07,17.391666666666666,16.1,24
56,2025-11-08,8.804166666666667,8.350000000000001,24
56,2025-11-09,4.008333333333334,2.65,24
56,2025-11-10,6.125,5.7,24
56,2025-11-11,8.695833333333333,6.949999999999999,24
56,2025-11-12,13.962499999999999,12.45,24
56,2025-11-13,8.929166666666667,8.8,24
56,2025-11-14,8.079166666666667,8.4,24
56,2025-11-15,11.879166666666668,12.05,24
56,2025-11-16,6.666666666666667,4.5,24
56,2025-11-17,8.945833333333333,9.8,24
56,2025-11-18,9.1,7.6,24
56,2025-11-19,4.729166666666667,4.65,24
56,2025-11-20,5.320833333333334,5.55,24
56,2025-11-21,6.1375,5.75,24
56,2025-11-22,4.241666666666666,4.1,24
56,2025-11-23,4.7124999999999995,4.75,24
56,2025-11-24,4.566666666666667,3.95,24
56,2025-11-25,7.129166666666666,6.199999999999999,24
56,2025-11-26,12.5375,12.850000000000001,24
56,2025-11-27,10.175,9.649999999999999,24
56,2025-11-28,4.754166666666666,3.8499999999999996,24
56,2025-11-29,4.208333333333333,3.6999999999999997,24
56,2025-11-30,8.370833333333334,7.75,24
56,2025-12-01,11.716666666666667,11.75,24
56,2025-12-02,12.645833333333334,11.100000000000001,24
56,2025-12-03,12.804166666666667,12.600000000000001,24
56,2025-12-04,9.674999999999999,10.95,24
56,2025-12-05,12.512500000000001,12.95,24
56,2025-12-06,14.691666666666668,15.2,24
56,2025-12-07,17.845833333333335,18.1,24
56,2025-12-08,18.912499999999998,18.450000000000003,24
56,2025-12-09,16.849999999999998,16.3,24
56,2025-12-10,11.891666666666666,11.75,24
56,2025-12-11,12.829166666666666,13.45,24
56,2025-12-12,13.4625,16.0,24
56,2025-12-13,11.387500000000001,10.95,24
56,2025-12-14,8.220833333333333,7.949999999999999,24
56,2025-12-15,12.5375,12.55,24
56,2025-12-16,11.429166666666667,10.65,24
56,2025-12-17,10.841666666666667,11.1,24
56,2025-12-18,10.058333333333334,10.0,24
56,2025-12-19,13.495833333333332,14.05,24
56,2025-12-20,14.529166666666667,13.7,24
56,2025-12-21,10.208333333333334,10.149999999999999,24
56,2025-12-22,9.283333333333333,9.3,24
56,2025-12-23,11.504166666666668,12.4,24
56,2025-12-24,14.145833333333334,16.85,24
56,2025-12-25,17.145833333333332,14.2,24
56,2025-12-26,10.454166666666667,8.3,24
56,2025-12-27,7.9875,7.1,24
56,2025-12-28,12.916666666666666,12.95,24
56,2025-12-29,13.3375,14.350000000000001,24
56,2025-12-30,15.9125,17.450000000000003,24
56,2025-12-31,15.929166666666667,15.05,24
57,2022-08-04,5.476470588235294,4.5,17
57,2022-08-05,8.520833333333334,8.6,24
57,2022-08-06,6.329166666666667,6.300000000000001,24
57,2022-08-07,5.020833333333333,4.800000000000001,24
57,2022-08-08,3.970833333333333,3.8499999999999996,24
57,2022-08-09,5.041666666666667,4.65,24
57,2022-08-10,5.225,5.05,24
57,2022-08-11,7.5874999999999995,7.35,24
57,2022-08-12,4.841666666666667,4.7,24
57,2022-08-13,5.175,4.25,24
57,2022-08-14,7.891666666666667,7.7,24
57,2022-08-15,8.695833333333333,10.0,24
57,2022-08-16,5.7250000000000005,5.25,24
57,2022-08-17,5.620833333333334,5.5,24
57,2022-08-18,5.820833333333333,5.45,24
57,2022-08-19,8.345833333333333,7.1,24
57,2022-08-20,8.545833333333333,8.55,24
57,2022-08-21,7.016666666666667,6.85,24
57,2022-08-22,4.316666666666666,4.0,24
57,2022-08-23,7.858333333333333,6.0,24
57,2022-08-24,13.195833333333333,11.75,24
57,2022-08-25,7.791666666666667,6.45,24
57,2022-08-26,8.375,8.4,24
57,2022-08-27,4.5874999999999995,3.6500000000000004,24
57,2022-08-28,8.458333333333334,7.5,24
57,2022-08-29,11.854166666666666,10.45,24
57,2022-08-30,8.766666666666667,9.0,24
57,2022-08-31,11.516666666666666,10.85,24
57,2022-09-01,12.595833333333333,13.25,24
57,2022-09-02,7.720833333333334,6.75,24
57,2022-09-03,12.004166666666668,10.35,24
57,2022-09-04,10.85,9.35,24
57,2022-09-05,6.4875,6.55,24
57,2022-09-06,10.308333333333334,11.350000000000001,24
57,2022-09-07,11.670833333333334,11.05,24
57,2022-09-08,17.233333333333334,18.1,24
57,2022-09-09,6.191666666666666,6.05,24
57,2022-09-10,4.604166666666667,3.9,24
57,2022-09-11,5.375,5.4,24
57,2022-09-12,6.554166666666667,5.9,24
57,2022-09-13,9.291666666666666,8.95,24
57,2022-09-14,7.666666666666667,8.15,24
57,2022-09-15,8.716666666666667,8.7,24
57,2022-09-16,6.7,6.800000000000001,24
57,2022-09-17,7.091666666666666,7.2,24
57,2022-09-18,5.7749999999999995,6.15,24
57,2022-09-19,7.666666666666667,7.55,24
57,2022-09-20,8.870833333333334,8.8,24
57,2022-09-21,7.75,6.5,24
57,2022-09-22,7.816666666666666,7.4,24
57,2022-09-23,6.175,5.85,24
57,2022-09-24,10.220833333333333,9.3,24
57,2022-09-25,13.0625,11.8,24
57,2022-09-26,7.245833333333334,6.05,24
57,2022-09-27,8.933333333333334,8.35,24
57,2022-09-28,15.691666666666668,15.2,24
57,2022-09-29,11.141666666666666,9.05,24
57,2022-09-30,6.7875000000000005,6.550000000000001,24
57,2022-10-01,5.291666666666667,4.9,24
57,2022-10-02,5.466666666666666,5.35,24
57,2022-10-03,6.558333333333334,5.1,24
57,2022-10-04,7.933333333333334,7.35,24
57,2022-10-05,12.116666666666667,9.5,24
57,2022-10-06,9.658333333333333,9.85,24
57,2022-10-07,6.183333333333334,6.25,24
57,2022-10-08,7.129166666666666,5.85,24
57,2022-10-09,8.104166666666666,7.3,24
57,2022-10-10,6.770833333333333,6.0,24
57,2022-10-11,10.995833333333332,11.75,24
57,2022-10-12,12.433333333333332,11.85,24
57,2022-10-13,12.375,11.100000000000001,24
57,2022-10-14,12.566666666666668,11.600000000000001,24
57,2022-10-15,14.8125,13.95,24
57,2022-10-16,17.358333333333334,16.950000000000003,24
57,2022-10-17,17.241666666666667,17.25,24
57,2022-10-18,14.637500000000001,13.55,24
57,2022-10-19,18.195833333333333,17.049999999999997,24
57,2022-10-20,14.679166666666667,12.4,24
57,2022-10-21,5.683333333333334,6.55,24
57,2022-10-22,6.458333333333333,6.85,24
57,2022-10-23,12.641666666666666,13.15,24
57,2022-10-24,16.95,15.6,24
57,2022-10-25,22.47083333333333,24.7,24
57,2022-10-26,23.05,25.1,24
57,2022-10-27,18.016666666666666,12.25,24
57,2022-10-28,10.833333333333334,10.55,24
57,2022-10-29,12.554166666666667,12.95,24
57,2022-10-30,19.829166666666666,18.799999999999997,24
57,2022-10-31,16.541666666666668,15.2,24
57,2022-11-01,12.895833333333334,12.25,24
57,2022-11-02,18.075,17.549999999999997,24
57,2022-11-03,18.554166666666667,18.6,24
57,2022-11-04,17.016666666666666,17.35,24
57,2022-11-05,16.337500000000002,16.9,24
57,2022-11-06,17.412499999999998,18.0,24
57,2022-11-07,18.412499999999998,18.25,24
57,2022-11-08,19.495833333333334,18.6,24
57,2022-11-09,18.129166666666666,19.15,24
57,2022-11-10,18.5125,18.9,24
57,2022-11-11,17.683333333333334,18.6,24
57,2022-11-12,17.191666666666666,17.45,24
57,2022-11-13,15.6625,18.2,24
57,2022-11-14,17.816666666666666,18.4,24
57,2022-11-15,14.045833333333334,12.65,24
57,2022-11-16,10.879166666666668,9.75,24
57,2022-11-17,10.9625,8.55,24
57,2022-11-18,9.445833333333333,8.399999999999999,24
57,2022-11-19,13.237499999999999,14.95,24
57,2022-11-20,8.1,7.45,24
57,2022-11-21,11.674999999999999,10.9,24
57,2022-11-22,14.054166666666667,13.05,24
57,2022-11-23,12.479166666666666,13.4,24
57,2022-11-24,16.520833333333332,17.35,24
57,2022-11-25,13.191666666666668,10.85,24
57,2022-11-26,8.8375,8.85,24
57,2022-11-27,8.4375,7.95,24
57,2022-11-28,12.845833333333333,13.4,24
57,2022-11-29,14.549999999999999,15.15,24
57,2022-11-30,15.966666666666667,17.549999999999997,24
57,2022-12-01,19.795833333333334,17.55,24
57,2022-12-02,11.920833333333334,10.2,24
57,2022-12-03,13.549999999999999,14.6,24
57,2022-12-04,17.516666666666666,17.65,24
57,2022-12-05,17.095833333333335,19.15,24
57,2022-12-06,17.258333333333333,20.5,24
57,2022-12-07,18.679166666666667,20.15,24
57,2022-12-08,18.908333333333335,18.9,24
57,2022-12-09,18.783333333333335,18.55,24
57,2022-12-10,15.995833333333332,15.0,24
57,2022-12-11,13.058333333333332,12.6,24
57,2022-12-12,15.370833333333332,14.65,24
57,2022-12-13,15.012500000000001,16.8,24
57,2022-12-14,0.8666666666666667,0.9,24
57,2022-12-15,0.8250000000000001,0.9,24
57,2022-12-16,15.6875,16.65,24
57,2022-12-17,25.108333333333334,25.2,24
57,2022-12-18,14.504166666666668,14.45,24
57,2022-12-19,15.133333333333333,14.1,24
57,2022-12-20,22.662499999999998,23.450000000000003,24
57,2022-12-21,19.099999999999998,20.0,24
57,2022-12-22,17.787499999999998,18.95,24
57,2022-12-23,18.075,18.65,24
57,2022-12-24,23.925,21.9,24
57,2022-12-25,22.287499999999998,20.5,24
57,2022-12-26,18.195833333333333,17.25,24
57,2022-12-27,18.483333333333334,16.700000000000003,24
57,2022-12-28,18.054166666666667,15.3,24
57,2022-12-29,22.204166666666666,21.45,24
57,2022-12-30,15.866666666666667,16.45,24
57,2022-12-31,15.116666666666667,14.149999999999999,24
57,2023-01-01,16.3875,16.8,24
57,2023-01-02,11.083333333333334,10.35,24
57,2023-01-03,11.983333333333334,11.8,24
57,2023-01-04,12.825000000000001,12.0,24
57,2023-01-05,10.608333333333333,10.15,24
57,2023-01-06,9.375,9.350000000000001,24
57,2023-01-07,14.995833333333332,16.65,24
57,2023-01-08,18.1375,18.0,24
57,2023-01-09,18.241666666666667,18.55,24
57,2023-01-10,19.845833333333335,18.95,24
57,2023-01-11,29.358333333333334,28.35,24
57,2023-01-12,19.2625,19.950000000000003,24
57,2023-01-13,13.820833333333333,14.9,24
57,2023-01-14,14.129166666666668,14.25,24
57,2023-01-15,19.7,20.25,24
57,2023-01-16,21.020833333333332,24.15,24
57,2023-01-17,20.429166666666667,20.700000000000003,24
57,2023-01-18,19.679166666666667,18.05,24
57,2023-01-19,20.666666666666668,20.65,24
57,2023-01-20,18.808333333333334,18.1,24
57,2023-01-21,20.220833333333335,20.7,24
57,2023-01-22,24.2,25.700000000000003,24
57,2023-01-23,25.983333333333334,27.85,24
57,2023-01-24,20.004166666666666,17.299999999999997,24
57,2023-01-25,19.958333333333332,17.7,24
57,2023-01-26,25.125,23.9,24
57,2023-01-27,25.370833333333334,25.95,24
57,2023-01-28,17.045833333333334,17.35,24
57,2023-01-29,19.2625,19.35,24
57,2023-01-30,25.65833333333333,26.35,24
57,2023-01-31,32.708333333333336,35.3,24
57,2023-02-01,38.5625,39.05,24
57,2023-02-02,36.387499999999996,36.7,24
57,2023-02-03,32.13333333333333,31.75,24
57,2023-02-04,25.97083333333333,27.65,24
57,2023-02-05,22.97083333333333,22.799999999999997,24
57,2023-02-06,18.675,23.200000000000003,24
57,2023-02-07,14.5875,11.0,24
57,2023-02-08,28.795833333333334,28.25,24
57,2023-02-09,31.125,33.349999999999994,24
57,2023-02-10,24.537499999999998,25.15,24
57,2023-02-11,22.620833333333334,22.25,24
57,2023-02-12,26.620833333333334,24.2,24
57,2023-02-13,33.762499999999996,33.05,24
57,2023-02-14,42.729166666666664,45.7,24
57,2023-02-15,42.979166666666664,43.599999999999994,24
57,2023-02-16,33.7875,34.85,24
57,2023-02-17,36.11666666666667,33.25,24
57,2023-02-18,35.81666666666667,30.6,24
57,2023-02-19,22.366666666666664,19.65,24
57,2023-02-20,24.166666666666668,21.05,24
57,2023-02-21,34.03333333333333,33.5,24
57,2023-02-22,30.462500000000002,32.4,24
57,2023-02-23,26.883333333333336,25.85,24
57,2023-02-24,30.558333333333334,29.450000000000003,24
57,2023-02-25,29.379166666666666,25.5,24
57,2023-02-26,27.462500000000002,25.9,24
57,2023-02-27,27.75,27.9,24
57,2023-02-28,36.43333333333333,39.150000000000006,24
57,2023-03-01,41.12916666666667,38.55,24
57,2023-03-02,43.925000000000004,43.3,24
57,2023-03-03,33.324999999999996,31.0,24
57,2023-03-04,36.25833333333333,30.95,24
57,2023-03-05,49.40416666666667,47.0,24
57,2023-03-06,45.262499999999996,43.5,24
57,2023-03-07,42.67083333333333,42.55,24
57,2023-03-08,43.45416666666667,43.849999999999994,24
57,2023-03-09,50.46666666666667,50.150000000000006,24
57,2023-03-10,44.30416666666667,44.349999999999994,24
57,2023-03-11,51.50416666666666,48.150000000000006,24
57,2023-03-12,62.725,63.7,24
57,2023-03-13,63.30833333333334,66.5,24
57,2023-03-14,40.1,39.650000000000006,24
57,2023-03-15,38.00416666666667,40.05,24
57,2023-03-16,34.487500000000004,35.849999999999994,24
57,2023-03-17,42.895833333333336,42.6,24
57,2023-03-18,32.97083333333333,32.75,24
57,2023-03-19,32.65,32.599999999999994,24
57,2023-03-20,31.108333333333334,32.150000000000006,24
57,2023-03-21,21.366666666666664,24.65,24
57,2023-03-22,23.866666666666664,23.95,24
57,2023-03-23,20.579166666666666,19.7,24
57,2023-03-24,40.56666666666667,43.45,24
57,2023-03-25,73.09166666666667,70.55000000000001,24
57,2023-03-26,68.53333333333333,78.25,24
57,2023-03-27,85.07916666666667,85.0,24
57,2023-03-28,40.5,42.35,24
57,2023-03-29,82.0,80.7,24
57,2023-03-30,109.925,114.65,24
57,2023-03-31,93.21666666666665,92.55,24
57,2023-04-01,64.96249999999999,66.85,24
57,2023-04-02,37.475,39.95,24
57,2023-04-03,29.625,27.9,24
57,2023-04-04,34.266666666666666,31.9,24
57,2023-04-05,49.59166666666667,59.349999999999994,24
57,2023-04-06,85.53750000000001,64.3,24
57,2023-04-07,103.09166666666665,105.5,24
57,2023-04-08,72.00416666666666,70.55000000000001,24
57,2023-04-09,48.56666666666666,45.150000000000006,24
57,2023-04-10,41.40833333333334,41.05,24
57,2023-04-11,55.74166666666667,55.9,24
57,2023-04-12,71.8625,66.25,24
57,2023-04-13,67.11666666666666,66.95,24
57,2023-04-14,54.12916666666666,54.2,24
57,2023-04-15,58.48333333333333,52.8,24
57,2023-04-16,71.49166666666666,70.9,24
57,2023-04-17,65.25,61.0,24
57,2023-04-18,54.15833333333333,52.25,24
57,2023-04-19,48.925000000000004,47.6,24
57,2023-04-20,54.7125,55.25,24
57,2023-04-21,46.416666666666664,43.75,24
57,2023-04-22,41.295833333333334,40.75,24
57,2023-04-23,29.425,30.25,24
57,2023-04-24,33.50416666666667,32.05,24
57,2023-04-25,32.99583333333333,31.4,24
57,2023-04-26,28.212500000000002,28.65,24
57,2023-04-27,32.862500000000004,32.85,24
57,2023-04-28,23.15416666666667,23.7,24
57,2023-04-29,26.641666666666666,27.6,24
57,2023-04-30,30.541666666666668,29.2,24
57,2023-05-01,24.383333333333336,24.450000000000003,24
57,2023-05-02,26.854166666666668,29.95,24
57,2023-05-03,29.645833333333332,29.55,24
57,2023-05-04,18.162499999999998,14.2,24
57,2023-05-05,19.154166666666665,17.95,24
57,2023-05-06,19.375,19.9,24
57,2023-05-07,20.233333333333334,21.299999999999997,24
57,2023-05-08,28.016666666666666,27.95,24
57,2023-05-09,26.416666666666668,26.0,24
57,2023-05-10,21.145833333333332,20.75,24
57,2023-05-11,17.508333333333333,16.35,24
57,2023-05-12,12.0625,12.1,24
57,2023-05-13,8.466666666666667,7.8,24
57,2023-05-14,8.075000000000001,6.6,24
57,2023-05-15,11.308333333333332,12.15,24
57,2023-05-16,12.816666666666668,12.35,24
57,2023-05-17,15.825000000000001,16.0,24
57,2023-05-18,14.166666666666666,13.85,24
57,2023-05-19,15.804166666666667,16.5,24
57,2023-05-20,13.408333333333333,13.0,24
57,2023-05-21,13.358333333333334,14.149999999999999,24
57,2023-05-22,14.729166666666666,15.7,24
57,2023-05-23,16.445833333333333,17.85,24
57,2023-05-24,18.145833333333332,18.35,24
57,2023-05-25,17.8625,17.4,24
57,2023-05-26,17.245833333333334,17.200000000000003,24
57,2023-05-27,16.933333333333334,17.700000000000003,24
57,2023-05-28,18.275000000000002,17.95,24
57,2023-05-29,15.1625,16.35,24
57,2023-05-30,12.795833333333334,11.350000000000001,24
57,2023-05-31,13.720833333333333,14.149999999999999,24
57,2023-06-01,10.095833333333333,9.2,24
57,2023-06-02,9.891666666666667,9.8,24
57,2023-06-03,11.820833333333333,11.3,24
57,2023-06-04,12.362499999999999,12.149999999999999,24
57,2023-06-05,10.9625,12.0,24
57,2023-06-06,12.454166666666666,11.95,24
57,2023-06-07,9.025,10.399999999999999,24
57,2023-06-08,6.804166666666667,6.95,24
57,2023-06-09,8.516666666666667,8.4,24
57,2023-06-10,11.720833333333333,10.1,24
57,2023-06-11,13.424999999999999,12.6,24
57,2023-06-12,12.233333333333334,12.600000000000001,24
57,2023-06-13,9.429166666666667,8.7,24
57,2023-06-14,6.379166666666666,5.9,24
57,2023-06-15,9.033333333333333,8.3,24
57,2023-06-16,12.700000000000001,12.7,24
57,2023-06-17,11.616666666666667,12.05,24
57,2023-06-18,9.945833333333333,9.25,24
57,2023-06-19,10.25,9.9,24
57,2023-06-20,9.5625,8.850000000000001,24
57,2023-06-21,8.529166666666667,9.95,24
57,2023-06-22,7.191666666666666,7.85,24
57,2023-06-23,6.758333333333333,8.1,24
57,2023-06-24,7.25,8.95,24
57,2023-06-25,9.866666666666667,9.95,24
57,2023-06-26,10.375,10.45,24
57,2023-06-27,7.104166666666667,6.75,24
57,2023-06-28,7.0874999999999995,6.5,24
57,2023-06-29,9.612499999999999,10.5,24
57,2023-06-30,9.308333333333334,9.0,24
57,2023-07-01,12.916666666666666,12.649999999999999,24
57,2023-07-02,12.245833333333332,12.45,24
57,2023-07-03,9.629166666666666,8.9,24
57,2023-07-04,6.895833333333333,6.199999999999999,24
57,2023-07-05,6.520833333333333,6.300000000000001,24
57,2023-07-06,5.945833333333333,5.6,24
57,2023-07-07,7.566666666666666,8.05,24
57,2023-07-08,10.554166666666667,10.5,24
57,2023-07-09,9.170833333333333,8.7,24
57,2023-07-10,9.512500000000001,9.8,24
57,2023-07-11,9.695833333333333,8.95,24
57,2023-07-12,8.154166666666667,7.9,24
57,2023-07-13,7.1625000000000005,6.550000000000001,24
57,2023-07-14,6.7375,6.5,24
57,2023-07-15,9.454166666666667,8.95,24
57,2023-07-16,8.608333333333333,8.3,24
57,2023-07-17,13.670833333333334,13.899999999999999,24
57,2023-07-18,15.020833333333334,16.45,24
57,2023-07-19,15.004166666666668,15.35,24
57,2023-07-20,11.970833333333333,10.649999999999999,24
57,2023-07-21,9.3125,9.8,24
57,2023-07-22,7.166666666666667,6.2,24
57,2023-07-23,6.379166666666666,6.15,24
57,2023-07-24,7.920833333333333,7.800000000000001,24
57,2023-07-25,12.1,12.75,24
57,2023-07-26,10.983333333333334,12.2,24
57,2023-07-27,5.454166666666667,5.75,24
57,2023-07-28,4.608333333333333,4.45,24
57,2023-07-29,6.779166666666666,5.75,24
57,2023-07-30,6.316666666666666,5.5,24
57,2023-07-31,5.4125000000000005,5.3,24
57,2023-08-01,5.3125,4.15,24
57,2023-08-02,6.9875,6.25,24
57,2023-08-03,6.266666666666667,5.800000000000001,24
57,2023-08-04,6.870833333333334,5.95,24
57,2023-08-05,6.8,6.05,24
57,2023-08-06,7.375,7.050000000000001,24
57,2023-08-07,4.604166666666667,4.4,24
57,2023-08-08,4.3999999999999995,4.550000000000001,24
57,2023-08-09,5.491666666666667,5.2,24
57,2023-08-10,8.833333333333334,7.0,24
57,2023-08-11,12.341666666666667,12.850000000000001,24
57,2023-08-12,13.25,12.6,24
57,2023-08-13,15.3125,14.05,24
57,2023-08-14,17.545833333333334,18.65,24
57,2023-08-15,13.133333333333333,13.7,24
57,2023-08-16,11.174999999999999,10.1,24
57,2023-08-17,10.4625,9.95,24
57,2023-08-18,10.879166666666668,11.149999999999999,24
57,2023-08-19,14.141666666666666,12.649999999999999,24
57,2023-08-20,19.095833333333335,18.3,24
57,2023-08-21,12.008333333333333,10.3,24
57,2023-08-22,11.8375,11.95,24
57,2023-08-23,10.329166666666667,10.2,24
57,2023-08-24,10.450000000000001,10.05,24
57,2023-08-25,10.275,9.55,24
57,2023-08-26,9.7125,8.850000000000001,24
57,2023-08-27,9.325000000000001,7.800000000000001,24
57,2023-08-28,10.420833333333333,10.55,24
57,2023-08-29,10.929166666666667,10.7,24
57,2023-08-30,6.241666666666667,5.35,24
57,2023-08-31,8.658333333333333,8.45,24
57,2023-09-01,10.795833333333334,10.5,24
57,2023-09-02,10.1375,10.2,24
57,2023-09-03,11.75,11.95,24
57,2023-09-04,13.116666666666667,12.6,24
57,2023-09-05,8.208333333333334,8.0,24
57,2023-09-06,8.387500000000001,7.35,24
57,2023-09-07,8.674999999999999,7.65,24
57,2023-09-08,7.9375,8.4,24
57,2023-09-09,7.175,6.5,24
57,2023-09-10,6.316666666666666,5.25,24
57,2023-09-11,5.920833333333333,5.4,24
57,2023-09-12,7.029166666666666,5.85,24
57,2023-09-13,7.55,6.9,24
57,2023-09-14,9.5875,9.25,24
57,2023-09-15,8.166666666666666,8.3,24
57,2023-09-16,8.329166666666667,9.149999999999999,24
57,2023-09-17,8.6875,7.3,24
57,2023-09-18,7.391666666666667,5.5,24
57,2023-09-19,6.5,5.449999999999999,24
57,2023-09-20,6.891666666666667,6.550000000000001,24
57,2023-09-21,7.854166666666667,6.550000000000001,24
57,2023-09-22,7.770833333333333,7.45,24
57,2023-09-23,7.816666666666666,6.449999999999999,24
57,2023-09-24,7.970833333333334,7.95,24
57,2023-09-25,5.2375,5.55,24
57,2023-09-26,10.216666666666667,9.350000000000001,24
57,2023-09-27,9.479166666666666,10.8,24
57,2023-09-28,5.483333333333333,5.25,24
57,2023-09-29,5.483333333333333,5.6,24
57,2023-09-30,4.245833333333334,3.05,24
57,2023-10-01,5.629166666666666,5.449999999999999,24
57,2023-10-02,7.404166666666666,7.0,24
57,2023-10-03,6.3374999999999995,5.550000000000001,24
57,2023-10-04,4.45,2.9,24
57,2023-10-05,6.8999999999999995,7.25,24
57,2023-10-06,6.616666666666667,6.35,24
57,2023-10-07,4.145833333333333,4.15,24
57,2023-10-08,3.225,3.05,24
57,2023-10-09,5.9125000000000005,5.8,24
57,2023-10-10,9.166666666666666,8.8,24
57,2023-10-11,8.404166666666667,7.7,24
57,2023-10-12,7.125,7.199999999999999,24
57,2023-10-13,7.0625,7.45,24
57,2023-10-14,5.841666666666666,6.45,24
57,2023-10-15,6.983333333333333,7.15,24
57,2023-10-16,10.125,9.55,24
57,2023-10-17,10.679166666666667,10.05,24
57,2023-10-18,11.616666666666667,11.149999999999999,24
57,2023-10-19,10.570833333333333,10.6,24
57,2023-10-20,10.1875,9.55,24
57,2023-10-21,10.095833333333333,9.85,24
57,2023-10-22,10.708333333333334,10.4,24
57,2023-10-23,9.858333333333333,9.55,24
57,2023-10-24,8.141666666666667,8.149999999999999,24
57,2023-10-25,8.220833333333333,7.85,24
57,2023-10-26,9.141666666666667,8.8,24
57,2023-10-27,6.308333333333334,6.449999999999999,24
57,2023-10-28,7.058333333333334,7.35,24
57,2023-10-29,5.729166666666667,6.5,24
57,2023-10-30,5.175,4.3,24
57,2023-10-31,9.504166666666666,7.8,24
57,2023-11-01,16.3625,15.35,24
57,2023-11-02,11.620833333333332,11.4,24
57,2023-11-03,10.362499999999999,10.55,24
57,2023-11-04,13.133333333333333,12.7,24
57,2023-11-05,8.754166666666666,8.95,24
57,2023-11-06,12.733333333333334,11.9,24
57,2023-11-07,7.6499999999999995,7.8999999999999995,24
57,2023-11-08,10.262500000000001,9.85,24
57,2023-11-09,9.383333333333333,9.350000000000001,24
57,2023-11-10,9.391666666666667,8.149999999999999,24
57,2023-11-11,12.358333333333334,12.1,24
57,2023-11-12,10.170833333333333,8.8,24
57,2023-11-13,8.016666666666667,5.8,24
57,2023-11-14,5.179166666666666,5.2,24
57,2023-11-15,8.754166666666666,8.55,24
57,2023-11-16,9.049999999999999,8.8,24
57,2023-11-17,5.8999999999999995,6.25,24
57,2023-11-18,6.8,6.75,24
57,2023-11-19,6.479166666666667,5.4,24
57,2023-11-20,10.85,10.55,24
57,2023-11-21,12.025,11.55,24
57,2023-11-22,9.983333333333333,9.75,24
57,2023-11-23,12.154166666666667,12.399999999999999,24
57,2023-11-24,11.541666666666666,10.85,24
57,2023-11-25,13.970833333333333,13.850000000000001,24
57,2023-11-26,14.229166666666666,14.3,24
57,2023-11-27,13.408333333333333,13.25,24
57,2023-11-28,13.700000000000001,13.15,24
57,2023-11-29,15.291666666666666,14.3,24
57,2023-11-30,15.929166666666667,14.4,24
57,2023-12-01,16.191666666666666,16.65,24
57,2023-12-02,9.833333333333334,9.600000000000001,24
57,2023-12-03,5.6875,4.75,24
57,2023-12-04,8.195833333333333,6.95,24
57,2023-12-05,10.158333333333333,9.6,24
57,2023-12-06,9.387500000000001,8.649999999999999,24
57,2023-12-07,13.254166666666668,13.6,24
57,2023-12-08,14.666666666666666,14.3,24
57,2023-12-09,10.720833333333333,11.0,24
57,2023-12-10,10.5875,9.850000000000001,24
57,2023-12-11,10.670833333333334,10.5,24
57,2023-12-12,12.270833333333334,12.25,24
57,2023-12-13,13.679166666666667,13.95,24
57,2023-12-14,14.741666666666667,14.8,24
57,2023-12-15,15.137500000000001,15.15,24
57,2023-12-16,13.2125,13.8,24
57,2023-12-17,13.424999999999999,14.25,24
57,2023-12-18,10.954166666666666,11.5,24
57,2023-12-19,11.420833333333334,12.0,24
57,2023-12-20,12.016666666666666,12.25,24
57,2023-12-21,9.954166666666667,8.75,24
57,2023-12-22,18.720833333333335,18.85,24
57,2023-12-23,12.433333333333332,12.85,24
57,2023-12-24,11.579166666666666,11.75,24
57,2023-12-25,18.495833333333334,19.45,24
57,2023-12-26,16.412499999999998,16.55,24
57,2023-12-27,12.775,12.899999999999999,24
57,2023-12-28,11.908333333333333,12.1,24
57,2023-12-29,13.35,13.55,24
57,2023-12-30,13.508333333333333,13.65,24
57,2023-12-31,10.883333333333333,11.25,24
57,2024-01-01,10.966666666666667,11.55,24
57,2024-01-02,10.1875,10.35,24
57,2024-01-03,10.0625,10.1,24
57,2024-01-04,8.424999999999999,8.15,24
57,2024-01-05,9.820833333333333,9.95,24
57,2024-01-06,9.995833333333334,9.85,24
57,2024-01-07,13.729166666666666,12.55,24
57,2024-01-08,16.320833333333333,16.0,24
57,2024-01-09,12.9375,12.95,24
57,2024-01-10,12.845833333333333,11.95,24
57,2024-01-11,18.441666666666666,18.85,24
57,2024-01-12,22.608333333333334,20.4,24
57,2024-01-13,22.741666666666664,23.450000000000003,24
57,2024-01-14,15.083333333333334,13.8,24
57,2024-01-15,11.575000000000001,11.8,24
57,2024-01-16,11.5375,11.05,24
57,2024-01-17,12.433333333333332,12.100000000000001,24
57,2024-01-18,15.416666666666666,15.350000000000001,24
57,2024-01-19,10.645833333333334,10.8,24
57,2024-01-20,9.7125,9.5,24
57,2024-01-21,10.0375,10.25,24
57,2024-01-22,10.641666666666667,9.95,24
57,2024-01-23,16.108333333333334,15.5,24
57,2024-01-24,18.120833333333334,17.4,24
57,2024-01-25,18.599999999999998,18.35,24
57,2024-01-26,14.583333333333334,13.6,24
57,2024-01-27,15.862499999999999,15.1,24
57,2024-01-28,16.016666666666666,16.5,24
57,2024-01-29,15.9375,15.95,24
57,2024-01-30,19.320833333333333,18.65,24
57,2024-01-31,12.450000000000001,12.65,24
57,2024-02-01,8.450000000000001,8.45,24
57,2024-02-02,6.883333333333333,6.800000000000001,24
57,2024-02-03,13.220833333333333,11.649999999999999,24
57,2024-02-04,18.083333333333332,17.299999999999997,24
57,2024-02-05,18.758333333333333,17.65,24
57,2024-02-06,14.504166666666668,14.35,24
57,2024-02-07,20.658333333333335,21.4,24
57,2024-02-08,20.158333333333335,20.55,24
57,2024-02-09,20.0625,20.799999999999997,24
57,2024-02-10,30.53333333333333,30.950000000000003,24
57,2024-02-11,34.63333333333333,36.05,24
57,2024-02-12,32.475,33.65,24
57,2024-02-13,18.587500000000002,18.2,24
57,2024-02-14,16.695833333333333,17.0,24
57,2024-02-15,16.966666666666665,16.700000000000003,24
57,2024-02-16,19.825,19.950000000000003,24
57,2024-02-17,17.720833333333335,16.6,24
57,2024-02-18,14.541666666666666,14.649999999999999,24
57,2024-02-19,11.866666666666667,11.2,24
57,2024-02-20,12.9375,12.75,24
57,2024-02-21,11.129166666666668,10.1,24
57,2024-02-22,18.087500000000002,17.4,24
57,2024-02-23,14.529166666666667,14.45,24
57,2024-02-24,13.720833333333333,13.6,24
57,2024-02-25,18.7625,17.05,24
57,2024-02-26,24.170833333333334,22.5,24
57,2024-02-27,27.90416666666667,31.15,24
57,2024-02-28,25.333333333333332,26.700000000000003,24
57,2024-02-29,17.8125,17.7,24
57,2024-03-01,19.570833333333333,19.0,24
57,2024-03-02,26.84166666666667,25.450000000000003,24
57,2024-03-03,24.170833333333334,24.55,24
57,2024-03-04,16.066666666666666,16.15,24
57,2024-03-05,22.2625,24.05,24
57,2024-03-06,20.670833333333334,21.75,24
57,2024-03-07,37.958333333333336,41.15,24
57,2024-03-08,40.550000000000004,39.3,24
57,2024-03-09,27.429166666666664,28.05,24
57,2024-03-10,26.554166666666664,26.8,24
57,2024-03-11,22.0125,21.799999999999997,24
57,2024-03-12,34.31666666666667,34.2,24
57,2024-03-13,21.275000000000002,18.7,24
57,2024-03-14,25.983333333333334,24.9,24
57,2024-03-15,43.875,39.95,24
57,2024-03-16,53.229166666666664,51.400000000000006,24
57,2024-03-17,55.862500000000004,57.1,24
57,2024-03-18,46.083333333333336,46.150000000000006,24
57,2024-03-19,49.520833333333336,50.05,24
57,2024-03-20,36.65,39.2,24
57,2024-03-21,30.954166666666666,30.7,24
57,2024-03-22,22.308333333333334,22.65,24
57,2024-03-23,18.683333333333334,18.549999999999997,24
57,2024-03-24,16.058333333333334,15.8,24
57,2024-03-25,14.933333333333332,13.899999999999999,24
57,2024-03-26,26.070833333333336,24.15,24
57,2024-03-27,36.94166666666667,35.400000000000006,24
57,2024-03-28,32.40416666666667,31.05,24
57,2024-03-29,34.15,34.05,24
57,2024-03-30,25.991666666666664,23.85,24
57,2024-03-31,31.070833333333336,31.6,24
57,2024-04-01,26.325,25.35,24
57,2024-04-02,33.1875,32.75,24
57,2024-04-03,37.9625,36.650000000000006,24
57,2024-04-04,32.5,31.0,24
57,2024-04-05,40.125,39.7,24
57,2024-04-06,47.125,44.900000000000006,24
57,2024-04-07,46.44583333333333,45.7,24
57,2024-04-08,46.637499999999996,46.1,24
57,2024-04-09,48.44166666666666,47.9,24
57,2024-04-10,45.020833333333336,43.400000000000006,24
57,2024-04-11,38.291666666666664,36.8,24
57,2024-04-12,29.079166666666666,25.5,24
57,2024-04-13,40.675000000000004,43.95,24
57,2024-04-14,29.4375,29.049999999999997,24
57,2024-04-15,28.204166666666666,27.85,24
57,2024-04-16,27.058333333333334,25.5,24
57,2024-04-17,20.645833333333332,21.05,24
57,2024-04-18,39.391666666666666,43.5,24
57,2024-04-19,42.30416666666667,41.150000000000006,24
57,2024-04-20,27.016666666666666,27.15,24
57,2024-04-21,21.695833333333336,20.9,24
57,2024-04-22,27.5125,27.25,24
57,2024-04-23,27.883333333333336,26.5,24
57,2024-04-24,29.708333333333332,29.5,24
57,2024-04-25,32.8125,36.45,24
57,2024-04-26,29.308333333333334,28.700000000000003,24
57,2024-04-27,33.99583333333333,33.2,24
57,2024-04-28,29.28333333333333,28.0,24
57,2024-04-29,30.941666666666666,30.950000000000003,24
57,2024-04-30,31.583333333333332,29.799999999999997,24
57,2024-05-01,29.633333333333336,25.9,24
57,2024-05-02,45.87916666666666,46.75,24
57,2024-05-03,41.454166666666666,40.4,24
57,2024-05-04,31.133333333333336,31.1,24
57,2024-05-05,29.041666666666668,25.2,24
57,2024-05-06,33.925000000000004,33.9,24
57,2024-05-07,46.791666666666664,44.6,24
57,2024-05-08,49.5875,44.849999999999994,24
57,2024-05-09,30.25,29.95,24
57,2024-05-10,20.329166666666666,20.049999999999997,24
57,2024-05-11,19.849999999999998,20.1,24
57,2024-05-12,16.120833333333334,16.3,24
57,2024-05-13,19.3625,20.05,24
57,2024-05-14,16.458333333333332,17.3,24
57,2024-05-15,16.945833333333333,17.45,24
57,2024-05-16,17.970833333333335,16.65,24
57,2024-05-17,15.6625,14.95,24
57,2024-05-18,14.066666666666668,13.1,24
57,2024-05-19,15.475,16.25,24
57,2024-05-20,23.270833333333332,20.5,24
57,2024-05-21,19.412499999999998,19.25,24
57,2024-05-22,12.504166666666668,12.9,24
57,2024-05-23,18.408333333333335,19.6,24
57,2024-05-24,8.737499999999999,8.350000000000001,24
57,2024-05-25,5.4750000000000005,5.45,24
57,2024-05-26,5.1875,3.4,24
57,2024-05-27,5.291666666666667,5.35,24
57,2024-05-28,7.154166666666666,5.3,24
57,2024-05-29,10.408333333333333,9.7,24
57,2024-05-30,16.041666666666668,15.5,24
57,2024-05-31,23.645833333333332,25.85,24
57,2024-06-01,13.066666666666668,12.5,24
57,2024-06-02,6.95,6.9,24
57,2024-06-03,7.008333333333333,6.199999999999999,24
57,2024-06-04,10.4,9.100000000000001,24
57,2024-06-05,18.025000000000002,17.950000000000003,24
57,2024-06-06,9.533333333333333,8.75,24
57,2024-06-07,8.016666666666667,6.35,24
57,2024-06-08,8.691666666666666,7.550000000000001,24
57,2024-06-09,9.083333333333334,8.25,24
57,2024-06-10,9.383333333333333,10.5,24
57,2024-06-11,8.879166666666666,9.4,24
57,2024-06-12,6.1875,6.4,24
57,2024-06-13,5.591666666666666,4.75,24
57,2024-06-14,5.616666666666667,5.8,24
57,2024-06-15,7.7,6.1,24
57,2024-06-16,14.25,13.1,24
57,2024-06-17,10.883333333333333,9.55,24
57,2024-06-18,9.608333333333333,8.9,24
57,2024-06-19,9.35,8.45,24
57,2024-06-20,9.879166666666666,10.1,24
57,2024-06-21,8.200000000000001,7.25,24
57,2024-06-22,14.3375,14.7,24
57,2024-06-23,11.65,10.25,24
57,2024-06-24,9.9125,8.45,24
57,2024-06-25,7.95,8.3,24
57,2024-06-26,5.870833333333334,5.95,24
57,2024-06-27,6.7749999999999995,6.55,24
57,2024-06-28,6.216666666666666,5.050000000000001,24
57,2024-06-29,7.920833333333333,8.2,24
57,2024-06-30,8.495833333333334,7.05,24
57,2024-07-01,8.762500000000001,8.05,24
57,2024-07-02,8.049999999999999,7.8,24
57,2024-07-03,9.4625,8.8,24
57,2024-07-04,7.358333333333333,6.9,24
57,2024-07-05,5.795833333333333,5.699999999999999,24
57,2024-07-06,7.308333333333334,6.75,24
57,2024-07-07,6.458333333333333,6.9,24
57,2024-07-08,6.095833333333334,5.85,24
57,2024-07-09,7.929166666666667,6.25,24
57,2024-07-10,12.383333333333333,12.15,24
57,2024-07-11,9.612499999999999,9.2,24
57,2024-07-12,9.2125,7.35,24
57,2024-07-13,9.7125,9.1,24
57,2024-07-14,8.3375,8.2,24
57,2024-07-15,4.883333333333334,3.15,24
57,2024-07-16,9.091666666666667,8.45,24
57,2024-07-17,7.533333333333334,7.0,24
57,2024-07-18,6.433333333333334,6.65,24
57,2024-07-19,6.429166666666667,6.45,24
57,2024-07-20,7.145833333333333,6.95,24
57,2024-07-21,5.283333333333333,4.699999999999999,24
57,2024-07-22,7.208333333333333,6.800000000000001,24
57,2024-07-23,7.216666666666666,8.5,24
57,2024-07-24,7.45,6.3,24
57,2024-07-25,6.8625,5.45,24
57,2024-07-26,5.5,4.55,24
57,2024-07-27,6.520833333333333,5.05,24
57,2024-07-28,6.745833333333334,7.0,24
57,2024-07-29,6.9750000000000005,5.65,24
57,2024-07-30,6.241666666666667,5.6,24
57,2024-07-31,4.979166666666667,5.1,24
57,2024-08-01,3.404166666666667,3.05,24
57,2024-08-02,4.033333333333333,3.75,24
57,2024-08-03,6.3625,5.45,24
57,2024-08-04,8.408333333333333,8.850000000000001,24
57,2024-08-05,8.895833333333334,8.100000000000001,24
57,2024-08-06,6.929166666666667,5.300000000000001,24
57,2024-08-07,7.5125,6.95,24
57,2024-08-08,10.491666666666667,10.6,24
57,2024-08-09,9.637500000000001,9.8,24
57,2024-08-10,8.487499999999999,7.65,24
57,2024-08-11,10.454166666666667,11.0,24
57,2024-08-12,12.625,12.05,24
57,2024-08-13,9.354166666666666,8.3,24
57,2024-08-14,9.558333333333334,8.6,24
57,2024-08-15,7.4875,7.35,24
57,2024-08-16,6.2250000000000005,5.199999999999999,24
57,2024-08-17,9.75,9.649999999999999,24
57,2024-08-18,8.295833333333333,7.95,24
57,2024-08-19,7.254166666666666,6.199999999999999,24
57,2024-08-20,10.683333333333332,9.9,24
57,2024-08-21,7.616666666666667,6.9,24
57,2024-08-22,6.075,5.45,24
57,2024-08-23,6.633333333333333,5.3,24
57,2024-08-24,7.7625,6.15,24
57,2024-08-25,9.0,9.15,24
57,2024-08-26,6.445833333333333,5.6,24
57,2024-08-27,8.654166666666667,8.7,24
57,2024-08-28,8.200000000000001,7.550000000000001,24
57,2024-08-29,6.329166666666667,5.45,24
57,2024-08-30,10.5375,10.2,24
57,2024-08-31,11.1625,11.3,24
57,2024-09-01,7.0874999999999995,6.2,24
57,2024-09-02,8.683333333333334,7.5,24
57,2024-09-03,11.341666666666667,10.55,24
57,2024-09-04,12.65,12.95,24
57,2024-09-05,9.5875,9.45,24
57,2024-09-06,11.058333333333332,12.45,24
57,2024-09-07,12.887500000000001,11.75,24
57,2024-09-08,12.108333333333334,11.5,24
57,2024-09-09,5.795833333333333,5.6,24
57,2024-09-10,3.3000000000000003,3.2,24
57,2024-09-11,4.75,3.9,24
57,2024-09-12,7.875,7.6499999999999995,24
57,2024-09-13,7.941666666666666,7.45,24
57,2024-09-14,9.362499999999999,8.25,24
57,2024-09-15,14.033333333333333,14.5,24
57,2024-09-16,14.112499999999999,12.65,24
57,2024-09-17,14.620833333333332,15.0,24
57,2024-09-18,10.004166666666666,9.9,24
57,2024-09-19,12.120833333333332,12.8,24
57,2024-09-20,12.908333333333333,12.0,24
57,2024-09-21,17.075,16.75,24
57,2024-09-22,11.924999999999999,11.7,24
57,2024-09-23,7.6875,6.95,24
57,2024-09-24,8.129166666666666,7.05,24
57,2024-09-25,9.741666666666667,11.850000000000001,24
57,2024-09-26,9.950000000000001,8.4,24
57,2024-09-27,8.674999999999999,7.550000000000001,24
57,2024-09-28,10.299999999999999,8.600000000000001,24
57,2024-09-29,12.941666666666668,14.25,24
57,2024-09-30,14.904166666666667,14.65,24
57,2024-10-01,8.620833333333334,8.399999999999999,24
57,2024-10-02,6.925,6.15,24
57,2024-10-03,8.016666666666667,7.25,24
57,2024-10-04,12.862499999999999,11.55,24
57,2024-10-05,12.683333333333332,12.0,24
57,2024-10-06,12.545833333333334,11.8,24
57,2024-10-07,11.887500000000001,11.7,24
57,2024-10-08,13.470833333333333,13.6,24
57,2024-10-09,14.737499999999999,14.65,24
57,2024-10-10,13.4625,13.75,24
57,2024-10-11,13.9,16.0,24
57,2024-10-12,19.566666666666666,19.25,24
57,2024-10-13,18.4375,17.200000000000003,24
57,2024-10-14,9.7125,8.55,24
57,2024-10-15,12.262500000000001,11.3,24
57,2024-10-16,13.1,13.0,24
57,2024-10-17,8.075000000000001,7.15,24
57,2024-10-18,14.141666666666666,14.45,24
57,2024-10-19,11.75,10.7,24
57,2024-10-20,7.341666666666668,7.4,24
57,2024-10-21,8.0375,7.55,24
57,2024-10-22,7.595833333333334,7.449999999999999,24
57,2024-10-23,8.158333333333333,8.3,24
57,2024-10-24,14.616666666666667,13.4,24
57,2024-10-25,13.0375,15.05,24
57,2024-10-26,13.683333333333332,14.3,24
57,2024-10-27,11.104166666666666,10.7,24
57,2024-10-28,11.904166666666667,11.8,24
57,2024-10-29,9.6625,10.05,24
57,2024-10-30,10.629166666666666,12.85,24
57,2024-10-31,12.479166666666666,12.6,24
57,2024-11-01,9.545833333333333,9.5,24
57,2024-11-02,11.387500000000001,12.35,24
57,2024-11-03,9.245833333333334,9.5,24
57,2024-11-04,9.291666666666666,9.2,24
57,2024-11-05,14.2125,14.850000000000001,24
57,2024-11-06,12.166666666666666,12.399999999999999,24
57,2024-11-07,17.8125,17.2,24
57,2024-11-08,18.5,19.700000000000003,24
57,2024-11-09,19.462500000000002,19.950000000000003,24
57,2024-11-10,17.9375,17.4,24
57,2024-11-11,14.904166666666667,14.5,24
57,2024-11-12,16.916666666666668,16.0,24
57,2024-11-13,18.554166666666667,15.0,24
57,2024-11-14,9.158333333333333,7.8,24
57,2024-11-15,7.991666666666667,8.649999999999999,24
57,2024-11-16,7.979166666666667,8.2,24
57,2024-11-17,7.729166666666667,8.7,24
57,2024-11-18,9.404166666666667,8.95,24
57,2024-11-19,17.308333333333334,14.4,24
57,2024-11-20,14.854166666666666,14.1,24
57,2024-11-21,14.766666666666666,15.5,24
57,2024-11-22,17.983333333333334,19.15,24
57,2024-11-23,13.879166666666668,13.850000000000001,24
57,2024-11-24,16.875,17.0,24
57,2024-11-25,15.645833333333334,18.45,24
57,2024-11-26,12.908333333333333,11.65,24
57,2024-11-27,10.112499999999999,9.65,24
57,2024-11-28,12.545833333333334,14.15,24
57,2024-11-29,17.825,16.9,24
57,2024-11-30,11.6,13.399999999999999,24
57,2024-12-01,16.075,15.75,24
57,2024-12-02,16.837500000000002,17.4,24
57,2024-12-03,13.133333333333333,14.55,24
57,2024-12-04,15.387500000000001,16.75,24
57,2024-12-05,22.5125,21.35,24
57,2024-12-06,16.829166666666666,17.25,24
57,2024-12-07,18.091666666666665,20.450000000000003,24
57,2024-12-08,16.404166666666665,17.9,24
57,2024-12-09,19.195833333333333,19.549999999999997,24
57,2024-12-10,17.1375,17.75,24
57,2024-12-11,18.337500000000002,18.4,24
57,2024-12-12,17.854166666666668,16.75,24
57,2024-12-13,10.525,10.2,24
57,2024-12-14,17.1125,16.4,24
57,2024-12-15,17.166666666666668,15.9,24
57,2024-12-16,16.229166666666668,15.350000000000001,24
57,2024-12-17,13.883333333333333,13.399999999999999,24
57,2024-12-18,13.1625,15.3,24
57,2024-12-19,18.279166666666665,18.3,24
57,2024-12-20,18.45,19.5,24
57,2024-12-21,20.070833333333333,22.4,24
57,2024-12-22,24.59583333333333,25.9,24
57,2024-12-23,25.141666666666666,26.8,24
57,2024-12-24,24.1375,22.4,24
57,2024-12-25,18.354166666666668,19.9,24
57,2024-12-26,20.683333333333334,18.5,24
57,2024-12-27,14.424999999999999,15.25,24
57,2024-12-28,8.625,7.550000000000001,24
57,2024-12-29,13.420833333333334,13.15,24
57,2024-12-30,16.395833333333332,16.65,24
57,2024-12-31,19.0625,20.3,24
57,2025-01-01,18.7,20.75,24
57,2025-01-02,21.0125,23.2,24
57,2025-01-03,20.908333333333335,18.3,24
57,2025-01-04,15.254166666666668,16.75,24
57,2025-01-05,24.558333333333334,24.799999999999997,24
57,2025-01-06,25.729166666666668,27.35,24
57,2025-01-07,29.741666666666664,28.3,24
57,2025-01-08,29.645833333333332,31.35,24
57,2025-01-09,27.0625,28.25,24
57,2025-01-10,28.879166666666666,26.25,24
57,2025-01-11,29.4375,30.25,24
57,2025-01-12,18.5,15.4,24
57,2025-01-13,16.587500000000002,16.85,24
57,2025-01-14,14.445833333333333,17.299999999999997,24
57,2025-01-15,17.724999999999998,15.350000000000001,24
57,2025-01-16,16.308333333333334,17.25,24
57,2025-01-17,23.195833333333336,23.3,24
57,2025-01-18,27.28333333333333,26.1,24
57,2025-01-19,19.866666666666667,18.9,24
57,2025-01-20,22.620833333333334,22.1,24
57,2025-01-21,23.816666666666666,22.5,24
57,2025-01-22,26.2625,25.7,24
57,2025-01-23,32.108333333333334,31.65,24
57,2025-01-24,23.483333333333334,25.25,24
57,2025-01-25,21.158333333333335,23.200000000000003,24
57,2025-01-26,21.279166666666665,22.4,24
57,2025-01-27,17.2625,12.8,24
57,2025-01-28,36.53333333333333,37.099999999999994,24
57,2025-01-29,27.945833333333336,28.25,24
57,2025-01-30,29.133333333333336,24.450000000000003,24
57,2025-01-31,20.204166666666666,22.75,24
57,2025-02-01,22.445833333333336,22.4,24
57,2025-02-02,26.141666666666666,27.799999999999997,24
57,2025-02-03,23.741666666666664,24.1,24
57,2025-02-04,24.754166666666666,24.85,24
57,2025-02-05,30.629166666666666,31.9,24
57,2025-02-06,28.054166666666664,29.45,24
57,2025-02-07,34.354166666666664,33.849999999999994,24
57,2025-02-08,33.729166666666664,33.4,24
57,2025-02-09,40.300000000000004,35.900000000000006,24
57,2025-02-10,19.058333333333334,17.2,24
57,2025-02-11,21.370833333333334,20.3,24
57,2025-02-12,23.474999999999998,23.6,24
57,2025-02-13,28.575,31.15,24
57,2025-02-14,25.912499999999998,28.299999999999997,24
57,2025-02-15,32.1375,31.95,24
57,2025-02-16,36.85,37.2,24
57,2025-02-17,39.27916666666667,39.25,24
57,2025-02-18,50.44583333333333,48.3,24
57,2025-02-19,36.90416666666667,33.95,24
57,2025-02-20,36.579166666666666,35.9,24
57,2025-02-21,35.454166666666666,30.85,24
57,2025-02-22,33.61666666666667,31.6,24
57,2025-02-23,30.441666666666666,27.15,24
57,2025-02-24,18.154166666666665,20.700000000000003,24
57,2025-02-25,21.070833333333333,18.299999999999997,24
57,2025-02-26,14.529166666666667,11.95,24
57,2025-02-27,20.216666666666665,18.05,24
57,2025-02-28,22.504166666666666,25.55,24
57,2025-03-01,21.570833333333336,18.75,24
57,2025-03-02,22.833333333333332,22.3,24
57,2025-03-03,37.72083333333333,41.2,24
57,2025-03-04,48.7875,50.4,24
57,2025-03-05,47.47083333333333,49.900000000000006,24
57,2025-03-06,50.925000000000004,49.4,24
57,2025-03-07,51.4625,50.45,24
57,2025-03-08,41.550000000000004,42.349999999999994,24
57,2025-03-09,36.19166666666667,35.35,24
57,2025-03-10,42.55833333333333,43.599999999999994,24
57,2025-03-11,34.22083333333333,32.1,24
57,2025-03-12,32.50833333333333,33.4,24
57,2025-03-13,23.925,22.55,24
57,2025-03-14,27.40416666666667,23.55,24
57,2025-03-15,41.84583333333334,43.6,24
57,2025-03-16,70.62083333333334,75.0,24
57,2025-03-17,62.81666666666666,56.5,24
57,2025-03-18,45.23333333333333,45.8,24
57,2025-03-19,43.98333333333333,43.4,24
57,2025-03-20,57.987500000000004,61.5,24
57,2025-03-21,60.833333333333336,59.15,24
57,2025-03-22,79.85833333333333,82.55000000000001,24
57,2025-03-23,79.1125,80.0,24
57,2025-03-24,83.49166666666666,81.35,24
57,2025-03-25,57.15,56.8,24
57,2025-03-26,53.04583333333333,48.4,24
57,2025-03-27,47.88333333333333,49.75,24
57,2025-03-28,53.15833333333333,53.6,24
57,2025-03-29,76.12083333333334,72.4,24
57,2025-03-30,74.34166666666667,59.95,24
57,2025-03-31,40.69583333333333,40.75,24
57,2025-04-01,56.9,56.3,24
57,2025-04-02,65.64166666666667,64.3,24
57,2025-04-03,72.52499999999999,72.4,24
57,2025-04-04,51.416666666666664,48.599999999999994,24
57,2025-04-05,51.85833333333333,51.9,24
57,2025-04-06,44.375,41.400000000000006,24
57,2025-04-07,35.40416666666667,35.150000000000006,24
57,2025-04-08,35.75833333333333,38.7,24
57,2025-04-09,32.916666666666664,38.1,24
57,2025-04-10,38.99583333333333,44.3,24
57,2025-04-11,43.291666666666664,46.25,24
57,2025-04-12,21.358333333333334,23.4,24
57,2025-04-13,36.24166666666667,28.799999999999997,24
57,2025-04-14,37.11666666666667,36.75,24
57,2025-04-15,39.37083333333333,41.5,24
57,2025-04-16,25.366666666666664,12.9,24
57,2025-04-17,12.15,11.649999999999999,24
57,2025-04-18,13.120833333333332,14.149999999999999,24
57,2025-04-19,27.675,28.0,24
57,2025-04-20,22.6875,22.0,24
57,2025-04-21,24.566666666666666,25.3,24
57,2025-04-22,24.191666666666666,25.8,24
57,2025-04-23,23.474999999999998,22.35,24
57,2025-04-24,32.979166666666664,32.3,24
57,2025-04-25,35.5,38.3,24
57,2025-04-26,36.1625,38.599999999999994,24
57,2025-04-27,34.78333333333333,34.3,24
57,2025-04-28,28.175,21.7,24
57,2025-04-29,17.491666666666667,17.950000000000003,24
57,2025-04-30,27.866666666666664,31.45,24
57,2025-05-01,29.55,31.75,24
57,2025-05-02,26.933333333333334,28.5,24
57,2025-05-03,17.712500000000002,16.6,24
57,2025-05-04,18.525000000000002,17.25,24
57,2025-05-05,22.71666666666667,24.75,24
57,2025-05-06,26.3,27.9,24
57,2025-05-07,21.304166666666667,22.05,24
57,2025-05-08,25.6875,25.1,24
57,2025-05-09,24.625,20.299999999999997,24
57,2025-05-10,33.449999999999996,32.75,24
57,2025-05-11,25.391666666666666,25.25,24
57,2025-05-12,23.820833333333336,19.25,24
57,2025-05-13,18.245833333333334,14.2,24
57,2025-05-14,23.97083333333333,18.45,24
57,2025-05-15,12.487499999999999,9.5,24
57,2025-05-16,22.883333333333336,23.5,24
57,2025-05-17,15.483333333333334,14.600000000000001,24
57,2025-05-18,13.2125,12.3,24
57,2025-05-19,11.191666666666668,9.6,24
57,2025-05-20,18.058333333333334,13.7,24
57,2025-05-21,14.054166666666667,14.95,24
57,2025-05-22,16.883333333333333,14.600000000000001,24
57,2025-05-23,16.066666666666666,16.25,24
57,2025-05-24,9.875,10.45,24
57,2025-05-25,11.2875,11.5,24
57,2025-05-26,13.8375,13.35,24
57,2025-05-27,15.020833333333334,14.85,24
57,2025-05-28,12.579166666666666,10.5,24
57,2025-05-29,13.979166666666666,12.95,24
57,2025-05-30,14.141666666666666,13.7,24
57,2025-05-31,9.908333333333333,9.05,24
57,2025-06-01,9.6875,10.75,24
57,2025-06-02,11.237499999999999,13.1,24
57,2025-06-03,12.391666666666666,10.75,24
57,2025-06-04,27.266666666666666,27.5,24
57,2025-06-05,26.795833333333334,28.700000000000003,24
57,2025-06-06,28.608333333333334,29.5,24
57,2025-06-07,18.045833333333334,17.05,24
57,2025-06-08,22.916666666666668,20.6,24
57,2025-06-09,12.083333333333334,12.850000000000001,24
57,2025-06-10,16.566666666666666,15.5,24
57,2025-06-11,13.791666666666666,13.05,24
57,2025-06-12,15.379166666666668,14.95,24
57,2025-06-13,19.962500000000002,17.15,24
57,2025-06-14,13.512500000000001,12.1,24
57,2025-06-15,10.579166666666667,7.7,24
57,2025-06-16,8.666666666666666,7.3,24
57,2025-06-17,11.674999999999999,12.8,24
57,2025-06-18,11.020833333333334,11.2,24
57,2025-06-19,14.5625,14.600000000000001,24
57,2025-06-20,15.420833333333334,17.25,24
57,2025-06-21,18.7625,19.15,24
57,2025-06-22,12.637500000000001,13.1,24
57,2025-06-23,12.112499999999999,12.55,24
57,2025-06-24,13.370833333333332,11.55,24
57,2025-06-25,16.929166666666667,16.55,24
57,2025-06-26,13.416666666666666,12.8,24
57,2025-06-27,10.516666666666667,11.2,24
57,2025-06-28,9.275,7.85,24
57,2025-06-29,12.595833333333333,12.55,24
57,2025-06-30,11.9625,11.899999999999999,24
57,2025-07-01,13.454166666666666,13.0,24
57,2025-07-02,12.633333333333333,13.25,24
57,2025-07-03,11.545833333333334,10.5,24
57,2025-07-04,16.662499999999998,16.0,24
57,2025-07-05,16.345833333333335,16.75,24
57,2025-07-06,15.025,14.1,24
57,2025-07-07,13.595833333333333,13.100000000000001,24
57,2025-07-08,14.658333333333333,15.3,24
57,2025-07-09,14.154166666666667,14.85,24
57,2025-07-10,14.625,13.9,24
57,2025-07-11,13.258333333333333,13.2,24
57,2025-07-12,10.304166666666667,8.350000000000001,24
57,2025-07-13,13.775,13.600000000000001,24
57,2025-07-14,15.737499999999999,13.75,24
57,2025-07-15,11.0875,10.600000000000001,24
57,2025-07-16,10.65,10.6,24
57,2025-07-17,10.391666666666667,8.7,24
57,2025-07-18,11.858333333333334,11.9,24
57,2025-07-19,13.866666666666667,13.2,24
57,2025-07-20,10.304166666666667,11.45,24
57,2025-07-21,10.720833333333333,12.350000000000001,24
57,2025-07-22,10.5,11.1,24
57,2025-07-23,5.933333333333334,5.35,24
57,2025-07-24,4.4125000000000005,4.1,24
57,2025-07-25,6.695833333333333,5.5,24
57,2025-07-26,7.2124999999999995,6.9,24
57,2025-07-27,9.341666666666667,10.350000000000001,24
57,2025-07-28,8.816666666666666,7.8500000000000005,24
57,2025-07-29,10.766666666666666,11.55,24
57,2025-07-30,10.820833333333333,10.45,24
57,2025-07-31,12.358333333333334,13.0,24
57,2025-08-01,11.8125,12.5,24
57,2025-08-02,12.054166666666667,14.05,24
57,2025-08-03,15.445833333333333,15.4,24
57,2025-08-04,14.466666666666667,15.95,24
57,2025-08-05,10.383333333333333,11.7,24
57,2025-08-06,10.433333333333334,10.7,24
57,2025-08-07,9.854166666666666,8.100000000000001,24
57,2025-08-08,10.866666666666667,12.7,24
57,2025-08-09,13.225,12.95,24
57,2025-08-10,10.0875,9.85,24
57,2025-08-11,11.583333333333334,10.45,24
57,2025-08-12,10.329166666666667,9.95,24
57,2025-08-13,12.129166666666668,11.6,24
57,2025-08-14,8.245833333333334,7.699999999999999,24
57,2025-08-15,7.666666666666667,6.15,24
57,2025-08-16,7.395833333333333,7.45,24
57,2025-08-17,11.262500000000001,9.05,24
57,2025-08-18,14.262500000000001,10.75,24
57,2025-08-19,11.779166666666667,11.600000000000001,24
57,2025-08-20,9.383333333333333,9.25,24
57,2025-08-21,8.429166666666667,7.199999999999999,24
57,2025-08-22,10.541666666666666,10.1,24
57,2025-08-23,7.5874999999999995,6.550000000000001,24
57,2025-08-24,11.887500000000001,11.5,24
57,2025-08-25,8.8375,8.4,24
57,2025-08-26,8.833333333333334,9.05,24
57,2025-08-27,10.908333333333333,11.55,24
57,2025-08-28,5.158333333333333,4.6,24
57,2025-08-29,6.416666666666667,4.45,24
57,2025-08-30,11.095833333333333,6.5,24
57,2025-08-31,8.979166666666666,8.8,24
57,2025-09-01,10.829166666666666,9.7,24
57,2025-09-02,7.445833333333333,6.05,24
57,2025-09-03,8.579166666666667,6.35,24
57,2025-09-04,5.2875000000000005,4.5,24
57,2025-09-05,6.808333333333334,5.85,24
57,2025-09-06,9.695833333333333,7.8,24
57,2025-09-07,10.216666666666667,9.8,24
57,2025-09-08,8.6625,6.25,24
57,2025-09-09,6.6125,5.4,24
57,2025-09-10,4.783333333333333,4.7,24
57,2025-09-11,6.379166666666666,6.050000000000001,24
57,2025-09-12,7.358333333333333,7.1,24
57,2025-09-13,6.604166666666667,5.9,24
57,2025-09-14,9.654166666666667,8.8,24
57,2025-09-15,7.620833333333334,6.45,24
57,2025-09-16,4.625,3.6,24
57,2025-09-17,10.833333333333334,9.9,24
57,2025-09-18,8.683333333333334,6.9,24
57,2025-09-19,6.695833333333333,5.699999999999999,24
57,2025-09-20,5.491666666666667,4.2,24
57,2025-09-21,7.3500000000000005,7.6,24
57,2025-09-22,7.0125,7.550000000000001,24
57,2025-09-23,5.3,5.4,24
57,2025-09-24,5.554166666666667,4.8,24
57,2025-09-25,5.55,5.699999999999999,24
57,2025-09-26,6.295833333333333,6.9,24
57,2025-09-27,7.391666666666667,5.55,24
57,2025-09-28,11.445833333333333,10.95,24
57,2025-09-29,5.8374999999999995,6.3,24
57,2025-09-30,5.620833333333334,5.65,24
57,2025-10-01,4.491666666666666,3.35,24
57,2025-10-02,6.8625,6.85,24
57,2025-10-03,7.9125000000000005,7.5,24
57,2025-10-04,5.158333333333333,5.050000000000001,24
57,2025-10-05,5.833333333333333,6.5,24
57,2025-10-06,7.941666666666666,8.45,24
57,2025-10-07,11.333333333333334,11.3,24
57,2025-10-08,6.466666666666666,5.75,24
57,2025-10-09,6.504166666666666,4.75,24
57,2025-10-10,6.816666666666666,5.55,24
57,2025-10-11,10.825000000000001,11.45,24
57,2025-10-12,10.049999999999999,10.4,24
57,2025-10-13,10.141666666666667,9.899999999999999,24
57,2025-10-14,9.383333333333333,8.15,24
57,2025-10-15,5.5249999999999995,5.15,24
57,2025-10-16,7.620833333333334,7.550000000000001,24
57,2025-10-17,9.625,7.95,24
57,2025-10-18,12.216666666666667,11.850000000000001,24
57,2025-10-19,10.762500000000001,9.55,24
57,2025-10-20,11.141666666666666,10.9,24
57,2025-10-21,15.1875,14.8,24
57,2025-10-22,11.970833333333333,13.600000000000001,24
57,2025-10-23,10.637500000000001,9.600000000000001,24
57,2025-10-24,9.200000000000001,9.7,24
57,2025-10-25,6.170833333333333,6.35,24
57,2025-10-26,8.008333333333333,8.1,24
57,2025-10-27,11.558333333333332,10.95,24
57,2025-10-28,9.9125,10.15,24
57,2025-10-29,9.795833333333333,9.3,24
57,2025-10-30,9.950000000000001,10.899999999999999,24
57,2025-10-31,7.658333333333334,6.449999999999999,24
57,2025-11-01,5.4375,4.95,24
57,2025-11-02,5.825,5.15,24
57,2025-11-03,10.854166666666666,9.55,24
57,2025-11-04,8.570833333333333,8.5,24
57,2025-11-05,12.7125,11.149999999999999,24
57,2025-11-06,16.491666666666667,16.7,24
57,2025-11-07,18.683333333333334,18.75,24
57,2025-11-08,7.945833333333333,6.8,24
57,2025-11-09,5.675,4.1,24
57,2025-11-10,5.941666666666666,5.5,24
57,2025-11-11,10.254166666666666,8.850000000000001,24
57,2025-11-12,16.554166666666667,17.0,24
57,2025-11-13,12.429166666666667,14.05,24
57,2025-11-14,8.554166666666667,8.85,24
57,2025-11-15,11.841666666666667,13.55,24
57,2025-11-16,7.229166666666667,6.45,24
57,2025-11-17,9.266666666666667,8.3,24
57,2025-11-18,10.691666666666668,9.350000000000001,24
57,2025-11-19,3.9416666666666664,2.9,24
57,2025-11-20,5.379166666666666,5.8,24
57,2025-11-21,7.704166666666667,6.0,24
57,2025-11-22,6.795833333333333,5.7,24
57,2025-11-23,7.341666666666666,6.65,24
57,2025-11-24,6.9750000000000005,5.45,24
57,2025-11-25,8.808333333333334,7.5,24
57,2025-11-26,12.725,11.600000000000001,24
57,2025-11-27,11.4125,11.1,24
57,2025-11-28,7.0,5.8,24
57,2025-11-29,6.795833333333333,5.9,24
57,2025-11-30,11.279166666666667,11.8,24
57,2025-12-01,14.291666666666666,14.35,24
57,2025-12-02,14.545833333333334,15.45,24
57,2025-12-03,14.479166666666666,15.05,24
57,2025-12-04,10.075000000000001,9.6,24
57,2025-12-05,13.470833333333333,15.399999999999999,24
57,2025-12-06,17.070833333333333,18.7,24
57,2025-12-07,20.158333333333335,19.45,24
57,2025-12-08,15.416666666666666,14.75,24
57,2025-12-09,16.162499999999998,15.05,24
57,2025-12-10,12.3125,11.600000000000001,24
57,2025-12-11,15.625,16.95,24
57,2025-12-12,16.545833333333334,16.85,24
57,2025-12-13,15.762500000000001,15.1,24
57,2025-12-14,9.079166666666667,7.3500000000000005,24
57,2025-12-15,13.954166666666666,11.95,24
57,2025-12-16,15.825000000000001,16.9,24
57,2025-12-17,13.637500000000001,14.55,24
57,2025-12-18,11.358333333333334,11.85,24
57,2025-12-19,13.795833333333334,13.8,24
57,2025-12-20,18.150000000000002,18.75,24
57,2025-12-21,11.033333333333333,10.35,24
57,2025-12-22,10.641666666666667,10.75,24
57,2025-12-23,11.049999999999999,12.55,24
57,2025-12-24,16.404166666666665,18.1,24
57,2025-12-25,19.283333333333335,21.4,24
57,2025-12-26,15.720833333333333,13.65,24
57,2025-12-27,11.625,12.0,24
57,2025-12-28,14.862499999999999,16.1,24
57,2025-12-29,14.533333333333333,14.55,24
57,2025-12-30,15.7125,17.6,24
57,2025-12-31,24.854166666666668,25.65,24
58,2022-08-04,1.6176470588235294,1.1,17
58,2022-08-05,1.6041666666666667,1.6,24
58,2022-08-06,1.4625000000000001,1.5,24
58,2022-08-07,1.875,1.75,24
58,2022-08-08,1.6583333333333332,1.4,24
58,2022-08-09,1.75,1.45,24
58,2022-08-10,2.6166666666666667,2.8,24
58,2022-08-11,2.9583333333333335,3.05,24
58,2022-08-12,1.9333333333333333,1.7,24
58,2022-08-13,2.1125000000000003,1.85,24
58,2022-08-14,3.2875,3.5,24
58,2022-08-15,4.3625,4.55,24
58,2022-08-16,3.9125,3.7,24
58,2022-08-17,3.704166666666667,3.8,24
58,2022-08-18,2.3375,1.9,24
58,2022-08-19,3.275,2.5,24
58,2022-08-20,5.145833333333333,5.1,24
58,2022-08-21,4.0375000000000005,3.9,24
58,2022-08-22,2.5,2.3,24
58,2022-08-23,2.9416666666666664,2.1500000000000004,24
58,2022-08-24,5.5125,6.1,24
58,2022-08-25,6.1000000000000005,6.2,24
58,2022-08-26,3.6374999999999997,3.1,24
58,2022-08-27,1.9291666666666665,1.45,24
58,2022-08-28,4.183333333333334,4.0,24
58,2022-08-29,5.7749999999999995,4.9,24
58,2022-08-30,7.516666666666667,6.6,24
58,2022-08-31,5.295833333333333,5.9,24
58,2022-09-01,7.458333333333333,7.7,24
58,2022-09-02,7.945833333333333,6.800000000000001,24
58,2022-09-03,5.604166666666667,6.4,24
58,2022-09-04,4.845833333333333,4.9,24
58,2022-09-05,2.8333333333333335,2.6,24
58,2022-09-06,3.3708333333333336,3.1,24
58,2022-09-07,7.8500000000000005,6.85,24
58,2022-09-08,11.370833333333332,11.1,24
58,2022-09-09,6.191666666666666,6.15,24
58,2022-09-10,3.2583333333333333,3.1500000000000004,24
58,2022-09-11,2.7916666666666665,2.3499999999999996,24
58,2022-09-12,4.833333333333333,4.65,24
58,2022-09-13,4.291666666666667,4.25,24
58,2022-09-14,3.466666666666667,3.45,24
58,2022-09-15,3.0416666666666665,3.0,24
58,2022-09-16,2.8666666666666667,3.2,24
58,2022-09-17,2.8625000000000003,3.3,24
58,2022-09-18,2.85,2.6,24
58,2022-09-19,2.3125,2.2,24
58,2022-09-20,3.9166666666666665,3.5,24
58,2022-09-21,5.308333333333334,5.25,24
58,2022-09-22,5.083333333333333,5.35,24
58,2022-09-23,5.1375,5.0,24
58,2022-09-24,4.191666666666666,3.6500000000000004,24
58,2022-09-25,4.55,4.5,24
58,2022-09-26,4.716666666666667,4.5,24
58,2022-09-27,5.733333333333333,5.75,24
58,2022-09-28,6.066666666666666,5.9,24
58,2022-09-29,6.629166666666666,6.35,24
58,2022-09-30,4.6625000000000005,4.550000000000001,24
58,2022-10-01,3.170833333333333,3.1500000000000004,24
58,2022-10-02,2.8625000000000003,2.75,24
58,2022-10-03,4.416666666666667,3.55,24
58,2022-10-04,6.375,6.800000000000001,24
58,2022-10-05,8.016666666666667,8.100000000000001,24
58,2022-10-06,8.229166666666666,8.05,24
58,2022-10-07,8.595833333333333,8.6,24
58,2022-10-08,5.929166666666667,5.5,24
58,2022-10-09,7.920833333333333,7.2,24
58,2022-10-10,6.120833333333334,5.550000000000001,24
58,2022-10-11,6.7,5.95,24
58,2022-10-12,10.424999999999999,10.55,24
58,2022-10-13,7.604166666666667,5.9,24
58,2022-10-14,7.820833333333333,6.35,24
58,2022-10-15,8.179166666666667,8.5,24
58,2022-10-16,8.741666666666667,8.6,24
58,2022-10-17,9.895833333333334,9.9,24
58,2022-10-18,9.612499999999999,9.45,24
58,2022-10-19,11.291666666666666,11.7,24
58,2022-10-20,10.216666666666667,9.75,24
58,2022-10-21,7.120833333333334,7.25,24
58,2022-10-22,6.116666666666667,6.5,24
58,2022-10-23,6.3625,6.6,24
58,2022-10-24,8.433333333333334,8.3,24
58,2022-10-25,8.333333333333334,8.95,24
58,2022-10-26,9.645833333333334,10.25,24
58,2022-10-27,11.674999999999999,8.95,24
58,2022-10-28,8.141666666666667,7.4,24
58,2022-10-29,5.716666666666666,5.8,24
58,2022-10-30,6.641666666666667,6.35,24
58,2022-10-31,9.204166666666667,9.7,24
58,2022-11-01,9.7125,9.5,24
58,2022-11-02,9.862499999999999,9.6,24
58,2022-11-03,9.504166666666666,9.149999999999999,24
58,2022-11-04,10.741666666666667,10.649999999999999,24
58,2022-11-05,10.533333333333333,11.2,24
58,2022-11-06,10.725,11.95,24
58,2022-11-07,10.979166666666666,10.55,24
58,2022-11-08,10.570833333333335,9.95,24
58,2022-11-09,10.866666666666667,11.3,24
58,2022-11-10,10.733333333333334,10.8,24
58,2022-11-11,9.895833333333334,10.350000000000001,24
58,2022-11-12,9.991666666666667,10.35,24
58,2022-11-13,8.4125,9.45,24
58,2022-11-14,8.7125,8.8,24
58,2022-11-15,8.766666666666667,9.350000000000001,24
58,2022-11-16,5.741666666666667,5.15,24
58,2022-11-17,4.633333333333334,4.9,24
58,2022-11-18,4.516666666666667,4.6,24
58,2022-11-19,7.245833333333334,6.85,24
58,2022-11-20,8.1,6.8,24
58,2022-11-21,6.341666666666666,6.35,24
58,2022-11-22,6.8875,6.15,24
58,2022-11-23,5.95,7.5,24
58,2022-11-24,6.5249999999999995,7.75,24
58,2022-11-25,6.425,6.050000000000001,24
58,2022-11-26,4.3875,4.05,24
58,2022-11-27,5.325,5.449999999999999,24
58,2022-11-28,5.7124999999999995,6.1,24
58,2022-11-29,7.520833333333333,8.1,24
58,2022-11-30,8.108333333333333,6.699999999999999,24
58,2022-12-01,7.6375,7.3,24
58,2022-12-02,7.4624999999999995,8.1,24
58,2022-12-03,5.529166666666666,5.15,24
58,2022-12-04,6.9750000000000005,7.25,24
58,2022-12-05,6.945833333333333,7.55,24
58,2022-12-06,8.924999999999999,9.1,24
58,2022-12-07,8.345833333333333,9.2,24
58,2022-12-08,8.616666666666667,8.0,24
58,2022-12-09,7.783333333333334,7.949999999999999,24
58,2022-12-10,7.066666666666666,5.6,24
58,2022-12-11,6.0625,5.55,24
58,2022-12-12,5.154166666666667,5.550000000000001,24
58,2022-12-13,5.966666666666666,6.35,24
58,2022-12-14,0.8458333333333333,0.8,24
58,2022-12-15,0.725,0.7,24
58,2022-12-16,11.420833333333334,13.7,24
58,2022-12-17,10.566666666666666,10.3,24
58,2022-12-18,14.2875,13.45,24
58,2022-12-19,10.691666666666668,10.4,24
58,2022-12-20,9.1625,9.45,24
58,2022-12-21,10.404166666666667,10.149999999999999,24
58,2022-12-22,7.666666666666667,6.95,24
58,2022-12-23,7.045833333333333,7.1,24
58,2022-12-24,8.516666666666667,8.25,24
58,2022-12-25,12.454166666666666,11.8,24
58,2022-12-26,10.341666666666667,10.85,24
58,2022-12-27,8.195833333333333,8.600000000000001,24
58,2022-12-28,8.5,8.399999999999999,24
58,2022-12-29,10.4375,10.6,24
58,2022-12-30,11.862499999999999,11.350000000000001,24
58,2022-12-31,9.7125,9.45,24
58,2023-01-01,9.358333333333333,9.350000000000001,24
58,2023-01-02,7.395833333333333,7.75,24
58,2023-01-03,6.0,6.05,24
58,2023-01-04,6.5874999999999995,6.65,24
58,2023-01-05,7.220833333333334,7.25,24
58,2023-01-06,5.758333333333333,5.75,24
58,2023-01-07,6.3999999999999995,6.7,24
58,2023-01-08,7.658333333333334,7.5,24
58,2023-01-09,7.858333333333333,8.3,24
58,2023-01-10,9.450000000000001,9.9,24
58,2023-01-11,7.591666666666666,7.35,24
58,2023-01-12,6.2875000000000005,5.6,24
58,2023-01-13,7.445833333333333,8.05,24
58,2023-01-14,9.691666666666666,9.649999999999999,24
58,2023-01-15,9.920833333333333,10.1,24
58,2023-01-16,7.891666666666667,7.65,24
58,2023-01-17,8.333333333333334,8.1,24
58,2023-01-18,12.200000000000001,12.45,24
58,2023-01-19,16.945833333333333,16.3,24
58,2023-01-20,12.479166666666666,12.05,24
58,2023-01-21,9.545833333333333,10.45,24
58,2023-01-22,8.025,7.95,24
58,2023-01-23,13.075000000000001,11.75,24
58,2023-01-24,11.916666666666666,11.8,24
58,2023-01-25,13.195833333333333,13.9,24
58,2023-01-26,15.4625,16.15,24
58,2023-01-27,15.058333333333332,15.3,24
58,2023-01-28,15.575000000000001,15.8,24
58,2023-01-29,15.575000000000001,15.2,24
58,2023-01-30,13.658333333333333,12.4,24
58,2023-01-31,13.858333333333334,15.15,24
58,2023-02-01,19.358333333333334,17.85,24
58,2023-02-02,17.3875,16.15,24
58,2023-02-03,13.758333333333333,13.5,24
58,2023-02-04,12.779166666666667,12.9,24
58,2023-02-05,11.945833333333333,11.05,24
58,2023-02-06,9.454166666666667,9.0,24
58,2023-02-07,7.370833333333334,7.15,24
58,2023-02-08,13.637500000000001,12.4,24
58,2023-02-09,13.741666666666667,13.45,24
58,2023-02-10,15.0,14.15,24
58,2023-02-11,15.708333333333334,16.299999999999997,24
58,2023-02-12,15.625,13.649999999999999,24
58,2023-02-13,24.141666666666666,24.6,24
58,2023-02-14,21.5125,20.0,24
58,2023-02-15,16.6125,15.350000000000001,24
58,2023-02-16,23.920833333333334,24.05,24
58,2023-02-17,14.066666666666668,14.85,24
58,2023-02-18,15.145833333333334,16.9,24
58,2023-02-19,6.595833333333334,7.1,24
58,2023-02-20,8.420833333333333,7.9,24
58,2023-02-21,14.354166666666666,12.55,24
58,2023-02-22,15.237499999999999,15.25,24
58,2023-02-23,17.037499999999998,16.5,24
58,2023-02-24,12.245833333333332,12.8,24
58,2023-02-25,19.616666666666667,23.6,24
58,2023-02-26,19.599999999999998,19.25,24
58,2023-02-27,17.599999999999998,18.05,24
58,2023-02-28,22.77916666666667,25.2,24
58,2023-03-01,25.45,26.35,24
58,2023-03-02,27.491666666666664,30.3,24
58,2023-03-03,25.4375,25.75,24
58,2023-03-04,29.270833333333332,27.549999999999997,24
58,2023-03-05,33.68333333333333,35.95,24
58,2023-03-06,35.0625,37.2,24
58,2023-03-07,35.87083333333333,34.4,24
58,2023-03-08,34.09583333333333,35.3,24
58,2023-03-09,30.883333333333336,30.75,24
58,2023-03-10,31.34166666666667,30.75,24
58,2023-03-11,37.079166666666666,40.8,24
58,2023-03-12,42.233333333333334,47.9,24
58,2023-03-13,37.25,38.7,24
58,2023-03-14,30.458333333333332,31.7,24
58,2023-03-15,31.775000000000002,31.0,24
58,2023-03-16,26.958333333333332,29.95,24
58,2023-03-17,30.416666666666668,29.05,24
58,2023-03-18,26.445833333333336,22.450000000000003,24
58,2023-03-19,23.75,24.25,24
58,2023-03-20,22.541666666666668,21.35,24
58,2023-03-21,18.658333333333335,18.799999999999997,24
58,2023-03-22,18.6375,17.15,24
58,2023-03-23,22.441666666666666,18.05,24
58,2023-03-24,32.4625,32.849999999999994,24
58,2023-03-25,39.0625,39.0,24
58,2023-03-26,30.579166666666666,29.45,24
58,2023-03-27,30.208333333333332,31.25,24
58,2023-03-28,32.083333333333336,32.9,24
58,2023-03-29,43.86666666666667,47.6,24
58,2023-03-30,60.0875,58.65,24
58,2023-03-31,52.875,55.849999999999994,24
58,2023-04-01,47.45416666666667,44.45,24
58,2023-04-02,28.483333333333334,24.6,24
58,2023-04-03,24.1375,25.55,24
58,2023-04-04,33.34583333333333,33.0,24
58,2023-04-05,49.23333333333333,50.3,24
58,2023-04-06,50.112500000000004,52.75,24
58,2023-04-07,44.82916666666667,44.9,24
58,2023-04-08,47.11666666666667,43.599999999999994,24
58,2023-04-09,35.300000000000004,35.400000000000006,24
58,2023-04-10,21.8125,21.75,24
58,2023-04-11,37.141666666666666,34.55,24
58,2023-04-12,41.375,40.1,24
58,2023-04-13,35.80416666666667,37.15,24
58,2023-04-14,27.72083333333333,26.55,24
58,2023-04-15,29.675,31.45,24
58,2023-04-16,30.599999999999998,30.95,24
58,2023-04-17,29.4375,30.4,24
58,2023-04-18,27.804166666666664,28.7,24
58,2023-04-19,33.670833333333334,34.9,24
58,2023-04-20,33.56666666666667,33.95,24
58,2023-04-21,31.3,33.05,24
58,2023-04-22,32.43333333333333,29.049999999999997,24
58,2023-04-23,25.03333333333333,26.15,24
58,2023-04-24,21.150000000000002,21.0,24
58,2023-04-25,14.895833333333334,14.6,24
58,2023-04-26,16.645833333333332,16.1,24
58,2023-04-27,18.8125,19.6,24
58,2023-04-28,12.612499999999999,13.7,24
58,2023-04-29,12.262500000000001,12.2,24
58,2023-04-30,14.4375,13.850000000000001,24
58,2023-05-01,15.8375,15.5,24
58,2023-05-02,12.616666666666667,13.149999999999999,24
58,2023-05-03,14.108333333333334,14.3,24
58,2023-05-04,14.916666666666666,15.55,24
58,2023-05-05,15.862499999999999,15.75,24
58,2023-05-06,8.454166666666667,8.0,24
58,2023-05-07,8.3125,7.1,24
58,2023-05-08,15.254166666666668,13.4,24
58,2023-05-09,12.704166666666666,13.3,24
58,2023-05-10,11.016666666666666,10.75,24
58,2023-05-11,8.366666666666667,7.7,24
58,2023-05-12,9.404166666666667,9.149999999999999,24
58,2023-05-13,4.854166666666667,4.85,24
58,2023-05-14,4.2,4.4,24
58,2023-05-15,2.9583333333333335,3.1500000000000004,24
58,2023-05-16,9.533333333333333,10.7,24
58,2023-05-17,15.645833333333334,16.0,24
58,2023-05-18,16.583333333333332,15.850000000000001,24
58,2023-05-19,12.529166666666667,13.0,24
58,2023-05-20,10.708333333333334,11.0,24
58,2023-05-21,12.079166666666666,11.8,24
58,2023-05-22,12.016666666666666,12.0,24
58,2023-05-23,14.270833333333334,14.149999999999999,24
58,2023-05-24,14.116666666666667,14.7,24
58,2023-05-25,15.845833333333333,16.299999999999997,24
58,2023-05-26,11.479166666666666,11.55,24
58,2023-05-27,11.391666666666666,10.95,24
58,2023-05-28,12.016666666666666,12.45,24
58,2023-05-29,16.279166666666665,16.700000000000003,24
58,2023-05-30,13.783333333333333,13.0,24
58,2023-05-31,9.470833333333333,9.350000000000001,24
58,2023-06-01,5.2,4.55,24
58,2023-06-02,6.933333333333334,7.75,24
58,2023-06-03,7.391666666666667,7.9,24
58,2023-06-04,4.804166666666666,5.35,24
58,2023-06-05,4.345833333333333,4.35,24
58,2023-06-06,4.925,4.65,24
58,2023-06-07,4.016666666666667,4.199999999999999,24
58,2023-06-08,4.445833333333334,4.800000000000001,24
58,2023-06-09,3.4291666666666667,3.1,24
58,2023-06-10,5.516666666666667,4.9,24
58,2023-06-11,3.975,4.05,24
58,2023-06-12,4.595833333333333,4.6,24
58,2023-06-13,1.8875,1.6,24
58,2023-06-14,1.9124999999999999,1.55,24
58,2023-06-15,3.295833333333333,2.2,24
58,2023-06-16,5.3374999999999995,4.25,24
58,2023-06-17,4.479166666666667,4.15,24
58,2023-06-18,3.6,2.7,24
58,2023-06-19,3.516666666666667,3.35,24
58,2023-06-20,3.1875,3.0,24
58,2023-06-21,2.2041666666666666,2.1,24
58,2023-06-22,2.1458333333333335,1.7,24
58,2023-06-23,3.6458333333333335,4.4,24
58,2023-06-24,2.9333333333333336,2.15,24
58,2023-06-25,3.391666666666667,2.45,24
58,2023-06-26,2.7416666666666667,2.9000000000000004,24
58,2023-06-27,4.7,3.8,24
58,2023-06-28,8.5875,8.55,24
58,2023-06-29,8.033333333333333,7.8,24
58,2023-06-30,8.254166666666666,7.4,24
58,2023-07-01,8.954166666666667,9.8,24
58,2023-07-02,6.354166666666667,6.05,24
58,2023-07-03,1.6500000000000001,1.3,24
58,2023-07-04,1.1833333333333333,0.7,24
58,2023-07-05,1.0250000000000001,0.95,24
58,2023-07-06,2.245833333333333,1.85,24
58,2023-07-07,4.008333333333334,4.199999999999999,24
58,2023-07-08,6.2124999999999995,6.05,24
58,2023-07-09,5.2749999999999995,3.8499999999999996,24
58,2023-07-10,3.7125,2.95,24
58,2023-07-11,3.725,2.75,24
58,2023-07-12,2.279166666666667,1.7999999999999998,24
58,2023-07-13,2.7624999999999997,2.1,24
58,2023-07-14,4.4125000000000005,3.4,24
58,2023-07-15,4.633333333333334,4.2,24
58,2023-07-16,3.8000000000000003,3.4,24
58,2023-07-17,6.645833333333333,5.35,24
58,2023-07-18,6.191666666666666,5.65,24
58,2023-07-19,5.570833333333333,5.1,24
58,2023-07-20,2.9583333333333335,2.0,24
58,2023-07-21,3.704166666666667,2.4000000000000004,24
58,2023-07-22,5.9624999999999995,5.0,24
58,2023-07-23,7.316666666666666,6.85,24
58,2023-07-24,3.8333333333333335,2.9000000000000004,24
58,2023-07-25,4.591666666666667,4.9,24
58,2023-07-26,3.5541666666666667,2.95,24
58,2023-07-27,4.295833333333333,5.4,24
58,2023-07-28,3.3083333333333336,3.4,24
58,2023-07-29,3.0,3.15,24
58,2023-07-30,1.7583333333333335,1.5,24
58,2023-07-31,0.7374999999999999,0.6499999999999999,24
58,2023-08-01,0.7374999999999999,0.5,24
58,2023-08-02,1.3875,0.45,24
58,2023-08-03,1.4416666666666667,1.05,24
58,2023-08-04,2.125,1.95,24
58,2023-08-05,3.266666666666667,3.15,24
58,2023-08-06,3.6916666666666664,3.75,24
58,2023-08-07,1.075,1.1,24
58,2023-08-08,0.6083333333333333,0.6,24
58,2023-08-09,0.7999999999999999,0.75,24
58,2023-08-10,3.7125,4.199999999999999,24
58,2023-08-11,7.770833333333333,9.4,24
58,2023-08-12,9.708333333333334,10.649999999999999,24
58,2023-08-13,12.304166666666667,12.5,24
58,2023-08-14,9.966666666666667,8.7,24
58,2023-08-15,7.074999999999999,7.25,24
58,2023-08-16,4.095833333333333,3.2,24
58,2023-08-17,4.066666666666667,3.1500000000000004,24
58,2023-08-18,7.7250000000000005,7.65,24
58,2023-08-19,10.554166666666667,9.9,24
58,2023-08-20,13.237499999999999,13.6,24
58,2023-08-21,7.679166666666667,6.8500000000000005,24
58,2023-08-22,5.554166666666667,6.4,24
58,2023-08-23,6.429166666666667,6.3,24
58,2023-08-24,3.5875,3.2,24
58,2023-08-25,3.3041666666666667,2.95,24
58,2023-08-26,3.029166666666667,3.1500000000000004,24
58,2023-08-27,3.4125,3.1500000000000004,24
58,2023-08-28,2.783333333333333,3.2,24
58,2023-08-29,4.125,2.95,24
58,2023-08-30,4.825,4.5,24
58,2023-08-31,4.404166666666667,4.0,24
58,2023-09-01,6.520833333333333,6.35,24
58,2023-09-02,3.6875,3.5,24
58,2023-09-03,6.7875000000000005,5.95,24
58,2023-09-04,9.237499999999999,8.75,24
58,2023-09-05,6.658333333333334,5.4,24
58,2023-09-06,3.8333333333333335,3.05,24
58,2023-09-07,2.8333333333333335,2.55,24
58,2023-09-08,5.141666666666667,4.5,24
58,2023-09-09,4.670833333333333,4.3,24
58,2023-09-10,4.529166666666667,3.6,24
58,2023-09-11,1.8541666666666667,1.45,24
58,2023-09-12,1.2416666666666667,0.7,24
58,2023-09-13,1.4749999999999999,0.8500000000000001,24
58,2023-09-14,2.9875000000000003,1.95,24
58,2023-09-15,5.3374999999999995,4.65,24
58,2023-09-16,4.3999999999999995,4.15,24
58,2023-09-17,4.6125,3.7,24
58,2023-09-18,3.716666666666667,3.6,24
58,2023-09-19,2.470833333333333,1.85,24
58,2023-09-20,4.233333333333333,2.75,24
58,2023-09-21,8.770833333333334,9.0,24
58,2023-09-22,8.216666666666667,7.7,24
58,2023-09-23,4.816666666666666,4.4,24
58,2023-09-24,5.9875,6.55,24
58,2023-09-25,5.2375,4.199999999999999,24
58,2023-09-26,8.604166666666666,8.3,24
58,2023-09-27,10.745833333333332,11.2,24
58,2023-09-28,4.729166666666667,4.05,24
58,2023-09-29,4.604166666666667,4.1,24
58,2023-09-30,1.8,1.55,24
58,2023-10-01,1.6500000000000001,1.35,24
58,2023-10-02,1.6916666666666667,1.55,24
58,2023-10-03,2.6166666666666667,2.2,24
58,2023-10-04,3.5625,3.6,24
58,2023-10-05,4.0125,3.6,24
58,2023-10-06,7.4750000000000005,7.050000000000001,24
58,2023-10-07,3.9250000000000003,3.8499999999999996,24
58,2023-10-08,2.5208333333333335,2.25,24
58,2023-10-09,3.091666666666667,2.45,24
58,2023-10-10,4.220833333333333,2.7,24
58,2023-10-11,6.6375,6.3,24
58,2023-10-12,5.845833333333334,5.65,24
58,2023-10-13,4.816666666666666,4.9,24
58,2023-10-14,5.854166666666667,6.3,24
58,2023-10-15,5.2250000000000005,5.15,24
58,2023-10-16,5.175,5.05,24
58,2023-10-17,6.8,6.25,24
58,2023-10-18,12.083333333333334,12.1,24
58,2023-10-19,9.679166666666667,8.65,24
58,2023-10-20,7.633333333333333,7.25,24
58,2023-10-21,5.2,5.25,24
58,2023-10-22,7.266666666666667,7.25,24
58,2023-10-23,10.5,10.2,24
58,2023-10-24,10.1625,10.75,24
58,2023-10-25,7.520833333333333,7.0,24
58,2023-10-26,5.120833333333334,5.9,24
58,2023-10-27,6.816666666666666,7.050000000000001,24
58,2023-10-28,6.925,6.8,24
58,2023-10-29,5.9375,5.7,24
58,2023-10-30,4.295833333333333,4.199999999999999,24
58,2023-10-31,3.5749999999999997,2.95,24
58,2023-11-01,8.345833333333333,8.45,24
58,2023-11-02,9.279166666666667,8.5,24
58,2023-11-03,8.366666666666667,8.600000000000001,24
58,2023-11-04,10.116666666666667,9.75,24
58,2023-11-05,6.695833333333333,6.449999999999999,24
58,2023-11-06,8.591666666666667,8.6,24
58,2023-11-07,8.1625,8.05,24
58,2023-11-08,7.708333333333333,7.5,24
58,2023-11-09,6.895833333333333,7.35,24
58,2023-11-10,6.841666666666666,6.9,24
58,2023-11-11,8.933333333333334,8.850000000000001,24
58,2023-11-12,10.391666666666667,10.2,24
58,2023-11-13,9.645833333333334,9.15,24
58,2023-11-14,4.791666666666667,5.0,24
58,2023-11-15,8.854166666666666,9.0,24
58,2023-11-16,8.0625,8.399999999999999,24
58,2023-11-17,4.754166666666667,4.35,24
58,2023-11-18,5.858333333333333,5.8,24
58,2023-11-19,4.1625000000000005,4.05,24
58,2023-11-20,5.858333333333333,6.35,24
58,2023-11-21,7.808333333333334,7.6,24
58,2023-11-22,8.125,7.65,24
58,2023-11-23,13.166666666666666,13.55,24
58,2023-11-24,10.4,10.0,24
58,2023-11-25,7.9875,7.75,24
58,2023-11-26,7.729166666666667,7.8,24
58,2023-11-27,7.883333333333333,7.0,24
58,2023-11-28,6.695833333333333,7.4,24
58,2023-11-29,8.316666666666666,9.05,24
58,2023-11-30,10.979166666666666,11.4,24
58,2023-12-01,9.725,9.6,24
58,2023-12-02,6.220833333333334,6.25,24
58,2023-12-03,4.966666666666667,4.9,24
58,2023-12-04,7.0375000000000005,6.8,24
58,2023-12-05,7.316666666666666,7.3,24
58,2023-12-06,6.370833333333334,6.15,24
58,2023-12-07,4.670833333333333,4.699999999999999,24
58,2023-12-08,5.704166666666667,5.25,24
58,2023-12-09,7.883333333333333,7.75,24
58,2023-12-10,6.258333333333333,6.3,24
58,2023-12-11,5.720833333333334,6.25,24
58,2023-12-12,7.566666666666666,7.85,24
58,2023-12-13,12.25,12.45,24
58,2023-12-14,11.85,10.75,24
58,2023-12-15,8.4625,9.2,24
58,2023-12-16,6.083333333333333,6.0,24
58,2023-12-17,9.5,10.55,24
58,2023-12-18,9.320833333333333,8.75,24
58,2023-12-19,10.245833333333334,10.05,24
58,2023-12-20,10.666666666666666,11.8,24
58,2023-12-21,9.091666666666667,9.45,24
58,2023-12-22,11.049999999999999,11.0,24
58,2023-12-23,9.487499999999999,9.25,24
58,2023-12-24,6.825,5.6,24
58,2023-12-25,6.304166666666667,6.15,24
58,2023-12-26,9.891666666666667,9.15,24
58,2023-12-27,8.170833333333333,7.65,24
58,2023-12-28,9.0625,9.149999999999999,24
58,2023-12-29,9.045833333333333,9.2,24
58,2023-12-30,9.141666666666667,8.8,24
58,2023-12-31,6.720833333333334,6.75,24
58,2024-01-01,6.708333333333333,6.25,24
58,2024-01-02,4.404166666666667,4.65,24
58,2024-01-03,4.066666666666666,4.3,24
58,2024-01-04,7.329166666666667,7.65,24
58,2024-01-05,6.8999999999999995,7.1,24
58,2024-01-06,7.991666666666667,7.25,24
58,2024-01-07,8.991666666666665,8.8,24
58,2024-01-08,9.633333333333333,10.100000000000001,24
58,2024-01-09,6.558333333333334,6.6,24
58,2024-01-10,6.804166666666667,7.1,24
58,2024-01-11,9.0625,7.75,24
58,2024-01-12,6.6000000000000005,6.45,24
58,2024-01-13,6.195833333333333,6.05,24
58,2024-01-14,6.958333333333333,7.05,24
58,2024-01-15,10.091666666666667,10.75,24
58,2024-01-16,9.625,9.6,24
58,2024-01-17,8.695833333333333,8.55,24
58,2024-01-18,9.0375,9.1,24
58,2024-01-19,4.1125,3.8499999999999996,24
58,2024-01-20,7.016666666666667,7.15,24
58,2024-01-21,8.674999999999999,10.35,24
58,2024-01-22,11.025,10.45,24
58,2024-01-23,13.35,13.2,24
58,2024-01-24,11.366666666666667,11.8,24
58,2024-01-25,16.304166666666667,15.0,24
58,2024-01-26,12.191666666666668,12.7,24
58,2024-01-27,8.433333333333334,8.149999999999999,24
58,2024-01-28,7.591666666666666,7.050000000000001,24
58,2024-01-29,11.225,13.0,24
58,2024-01-30,11.145833333333334,11.8,24
58,2024-01-31,6.1375,6.0,24
58,2024-02-01,5.870833333333334,6.25,24
58,2024-02-02,4.7749999999999995,4.9,24
58,2024-02-03,12.558333333333332,15.2,24
58,2024-02-04,19.133333333333333,18.6,24
58,2024-02-05,11.304166666666667,11.2,24
58,2024-02-06,9.358333333333333,9.100000000000001,24
58,2024-02-07,13.620833333333332,14.1,24
58,2024-02-08,18.845833333333335,16.75,24
58,2024-02-09,15.720833333333333,15.3,24
58,2024-02-10,12.733333333333334,12.1,24
58,2024-02-11,17.333333333333332,17.9,24
58,2024-02-12,17.9375,16.5,24
58,2024-02-13,13.674999999999999,13.3,24
58,2024-02-14,14.683333333333332,14.75,24
58,2024-02-15,13.379166666666668,14.05,24
58,2024-02-16,14.075000000000001,13.2,24
58,2024-02-17,11.908333333333333,11.1,24
58,2024-02-18,9.983333333333333,8.9,24
58,2024-02-19,9.549999999999999,8.1,24
58,2024-02-20,10.116666666666667,9.350000000000001,24
58,2024-02-21,10.6125,9.7,24
58,2024-02-22,10.825000000000001,10.8,24
58,2024-02-23,9.391666666666667,8.25,24
58,2024-02-24,13.291666666666666,15.4,24
58,2024-02-25,14.533333333333333,15.75,24
58,2024-02-26,12.704166666666666,11.7,24
58,2024-02-27,18.1125,17.799999999999997,24
58,2024-02-28,14.933333333333332,13.85,24
58,2024-02-29,14.770833333333334,15.75,24
58,2024-03-01,18.158333333333335,18.1,24
58,2024-03-02,16.337500000000002,17.0,24
58,2024-03-03,12.225,11.2,24
58,2024-03-04,11.475,11.6,24
58,2024-03-05,20.658333333333335,24.9,24
58,2024-03-06,23.458333333333332,24.05,24
58,2024-03-07,29.508333333333336,30.2,24
58,2024-03-08,25.7,25.299999999999997,24
58,2024-03-09,17.620833333333334,19.35,24
58,2024-03-10,17.733333333333334,18.5,24
58,2024-03-11,16.845833333333335,15.75,24
58,2024-03-12,19.345833333333335,18.700000000000003,24
58,2024-03-13,21.495833333333334,20.6,24
58,2024-03-14,30.599999999999998,28.049999999999997,24
58,2024-03-15,42.5375,42.0,24
58,2024-03-16,40.15416666666667,39.15,24
58,2024-03-17,40.479166666666664,39.0,24
58,2024-03-18,36.375,36.650000000000006,24
58,2024-03-19,36.354166666666664,37.599999999999994,24
58,2024-03-20,36.420833333333334,35.95,24
58,2024-03-21,23.829166666666666,24.9,24
58,2024-03-22,19.1125,17.25,24
58,2024-03-23,13.754166666666668,14.350000000000001,24
58,2024-03-24,12.700000000000001,11.649999999999999,24
58,2024-03-25,13.716666666666667,12.2,24
58,2024-03-26,16.395833333333332,16.450000000000003,24
58,2024-03-27,15.299999999999999,14.55,24
58,2024-03-28,25.45,20.05,24
58,2024-03-29,33.24583333333333,32.6,24
58,2024-03-30,30.287499999999998,28.9,24
58,2024-03-31,33.38333333333333,33.85,24
58,2024-04-01,32.94583333333333,31.45,24
58,2024-04-02,33.875,34.8,24
58,2024-04-03,47.96666666666667,52.75,24
58,2024-04-04,40.895833333333336,43.95,24
58,2024-04-05,37.21666666666667,37.75,24
58,2024-04-06,36.275,36.8,24
58,2024-04-07,28.412499999999998,27.15,24
58,2024-04-08,25.63333333333333,24.25,24
58,2024-04-09,26.375,27.05,24
58,2024-04-10,39.770833333333336,40.45,24
58,2024-04-11,38.733333333333334,39.15,24
58,2024-04-12,25.8,24.1,24
58,2024-04-13,29.954166666666666,32.8,24
58,2024-04-14,23.004166666666666,21.75,24
58,2024-04-15,21.5125,21.45,24
58,2024-04-16,21.7625,23.05,24
58,2024-04-17,23.516666666666666,22.700000000000003,24
58,2024-04-18,27.84166666666667,25.549999999999997,24
58,2024-04-19,30.96666666666667,31.1,24
58,2024-04-20,22.675,23.0,24
58,2024-04-21,23.429166666666664,22.9,24
58,2024-04-22,23.441666666666666,21.2,24
58,2024-04-23,25.21666666666667,24.55,24
58,2024-04-24,21.004166666666666,21.8,24
58,2024-04-25,25.77916666666667,24.55,24
58,2024-04-26,21.183333333333334,21.25,24
58,2024-04-27,27.754166666666666,28.75,24
58,2024-04-28,28.025000000000002,27.799999999999997,24
58,2024-04-29,24.325,23.95,24
58,2024-04-30,25.729166666666668,25.6,24
58,2024-05-01,26.295833333333334,24.7,24
58,2024-05-02,28.625,27.65,24
58,2024-05-03,21.420833333333334,22.200000000000003,24
58,2024-05-04,19.6125,19.5,24
58,2024-05-05,16.116666666666667,16.4,24
58,2024-05-06,19.970833333333335,19.3,24
58,2024-05-07,29.120833333333334,24.299999999999997,24
58,2024-05-08,29.683333333333334,28.15,24
58,2024-05-09,21.141666666666666,21.0,24
58,2024-05-10,16.670833333333334,16.25,24
58,2024-05-11,14.695833333333333,15.05,24
58,2024-05-12,11.829166666666666,11.2,24
58,2024-05-13,13.970833333333333,13.65,24
58,2024-05-14,12.841666666666667,12.850000000000001,24
58,2024-05-15,13.520833333333334,12.8,24
58,2024-05-16,15.029166666666667,15.95,24
58,2024-05-17,17.441666666666666,16.45,24
58,2024-05-18,13.475,13.55,24
58,2024-05-19,10.15,9.649999999999999,24
58,2024-05-20,11.770833333333334,12.55,24
58,2024-05-21,11.366666666666667,11.5,24
58,2024-05-22,5.408333333333334,5.05,24
58,2024-05-23,8.541666666666666,7.65,24
58,2024-05-24,5.629166666666666,4.199999999999999,24
58,2024-05-25,1.6083333333333334,1.55,24
58,2024-05-26,0.9458333333333333,0.75,24
58,2024-05-27,0.7791666666666667,0.6499999999999999,24
58,2024-05-28,2.1875,1.25,24
58,2024-05-29,4.104166666666667,2.05,24
58,2024-05-30,9.245833333333334,8.7,24
58,2024-05-31,14.5875,13.25,24
58,2024-06-01,8.799999999999999,8.649999999999999,24
58,2024-06-02,1.9791666666666667,1.35,24
58,2024-06-03,3.033333333333333,2.25,24
58,2024-06-04,5.966666666666666,4.8,24
58,2024-06-05,7.529166666666666,7.1,24
58,2024-06-06,3.6958333333333333,2.75,24
58,2024-06-07,3.016666666666667,1.7000000000000002,24
58,2024-06-08,5.5125,4.1,24
58,2024-06-09,10.887500000000001,10.0,24
58,2024-06-10,5.8125,5.35,24
58,2024-06-11,3.183333333333333,2.0,24
58,2024-06-12,1.2249999999999999,1.25,24
58,2024-06-13,1.4041666666666668,1.2999999999999998,24
58,2024-06-14,1.1791666666666667,1.3,24
58,2024-06-15,5.820833333333333,6.85,24
58,2024-06-16,4.616666666666666,4.300000000000001,24
58,2024-06-17,2.9,2.55,24
58,2024-06-18,4.404166666666667,4.2,24
58,2024-06-19,3.7083333333333335,2.4,24
58,2024-06-20,2.0,1.05,24
58,2024-06-21,4.116666666666666,2.8499999999999996,24
58,2024-06-22,5.633333333333333,5.25,24
58,2024-06-23,4.754166666666666,3.6500000000000004,24
58,2024-06-24,4.3875,3.4,24
58,2024-06-25,4.125,4.0,24
58,2024-06-26,2.158333333333333,1.55,24
58,2024-06-27,1.3291666666666666,0.95,24
58,2024-06-28,3.2083333333333335,2.0,24
58,2024-06-29,3.4125,2.0,24
58,2024-06-30,3.0083333333333333,2.75,24
58,2024-07-01,2.908333333333333,2.25,24
58,2024-07-02,3.704166666666667,3.25,24
58,2024-07-03,2.4625,2.25,24
58,2024-07-04,2.4833333333333334,1.65,24
58,2024-07-05,6.7250000000000005,5.75,24
58,2024-07-06,9.191666666666666,9.5,24
58,2024-07-07,3.6125000000000003,3.2,24
58,2024-07-08,3.345833333333333,2.75,24
58,2024-07-09,6.083333333333333,4.8,24
58,2024-07-10,6.545833333333333,6.75,24
58,2024-07-11,3.5416666666666665,3.3,24
58,2024-07-12,3.266666666666667,2.25,24
58,2024-07-13,2.6125000000000003,1.4,24
58,2024-07-14,1.9791666666666667,1.6,24
58,2024-07-15,2.3333333333333335,1.7,24
58,2024-07-16,4.820833333333334,3.4,24
58,2024-07-17,5.575,4.75,24
58,2024-07-18,2.5625,1.45,24
58,2024-07-19,1.6624999999999999,0.9,24
58,2024-07-20,1.3791666666666667,1.35,24
58,2024-07-21,1.0958333333333334,0.8,24
58,2024-07-22,1.2458333333333333,1.0,24
58,2024-07-23,1.5833333333333333,1.25,24
58,2024-07-24,1.7291666666666667,1.7000000000000002,24
58,2024-07-25,0.8083333333333335,0.7,24
58,2024-07-26,0.9083333333333333,0.8500000000000001,24
58,2024-07-27,0.8666666666666667,0.6499999999999999,24
58,2024-07-28,1.0166666666666666,1.0,24
58,2024-07-29,1.5250000000000001,0.75,24
58,2024-07-30,1.5916666666666668,1.6,24
58,2024-07-31,0.8166666666666668,0.7,24
58,2024-08-01,0.85,0.75,24
58,2024-08-02,1.2083333333333333,1.3,24
58,2024-08-03,2.370833333333333,1.7,24
58,2024-08-04,3.9250000000000003,3.7,24
58,2024-08-05,4.558333333333334,3.6,24
58,2024-08-06,4.891666666666667,4.199999999999999,24
58,2024-08-07,5.170833333333333,3.8499999999999996,24
58,2024-08-08,6.9125000000000005,6.35,24
58,2024-08-09,9.1625,8.75,24
58,2024-08-10,6.8374999999999995,6.8,24
58,2024-08-11,8.233333333333333,8.3,24
58,2024-08-12,7.733333333333333,7.75,24
58,2024-08-13,3.2541666666666664,2.2,24
58,2024-08-14,3.8958333333333335,2.95,24
58,2024-08-15,5.5125,5.25,24
58,2024-08-16,5.075,4.95,24
58,2024-08-17,2.954166666666667,2.15,24
58,2024-08-18,3.0625,2.55,24
58,2024-08-19,2.8249999999999997,2.45,24
58,2024-08-20,3.658333333333333,3.1500000000000004,24
58,2024-08-21,2.9125,2.95,24
58,2024-08-22,1.7249999999999999,1.6,24
58,2024-08-23,1.2874999999999999,1.05,24
58,2024-08-24,2.4791666666666665,2.1,24
58,2024-08-25,2.8708333333333336,1.4,24
58,2024-08-26,5.233333333333333,3.8499999999999996,24
58,2024-08-27,6.170833333333333,6.050000000000001,24
58,2024-08-28,5.175,4.15,24
58,2024-08-29,4.166666666666667,3.9,24
58,2024-08-30,2.8083333333333336,2.5999999999999996,24
58,2024-08-31,3.3874999999999997,3.0,24
58,2024-09-01,4.825,4.15,24
58,2024-09-02,5.658333333333334,5.45,24
58,2024-09-03,8.362499999999999,9.0,24
58,2024-09-04,6.970833333333334,7.3,24
58,2024-09-05,3.983333333333333,3.2,24
58,2024-09-06,4.245833333333334,3.8,24
58,2024-09-07,3.5875,3.6,24
58,2024-09-08,2.158333333333333,2.1,24
58,2024-09-09,1.9875,1.8,24
58,2024-09-10,1.1416666666666666,1.05,24
58,2024-09-11,1.075,0.8,24
58,2024-09-12,1.5791666666666666,1.3,24
58,2024-09-13,3.0875,3.05,24
58,2024-09-14,5.104166666666667,4.300000000000001,24
58,2024-09-15,8.200000000000001,8.05,24
58,2024-09-16,10.108333333333333,10.9,24
58,2024-09-17,10.283333333333333,9.649999999999999,24
58,2024-09-18,7.554166666666667,6.35,24
58,2024-09-19,10.35,10.8,24
58,2024-09-20,10.174999999999999,9.9,24
58,2024-09-21,10.862499999999999,11.350000000000001,24
58,2024-09-22,5.279166666666667,5.65,24
58,2024-09-23,3.216666666666667,3.05,24
58,2024-09-24,2.5791666666666666,2.0,24
58,2024-09-25,4.445833333333334,3.75,24
58,2024-09-26,5.8875,6.75,24
58,2024-09-27,6.333333333333333,6.25,24
58,2024-09-28,7.720833333333334,8.45,24
58,2024-09-29,7.608333333333333,7.6,24
58,2024-09-30,8.733333333333333,8.95,24
58,2024-10-01,5.941666666666666,5.35,24
58,2024-10-02,4.529166666666667,4.4,24
58,2024-10-03,3.6166666666666667,3.05,24
58,2024-10-04,3.5083333333333333,2.45,24
58,2024-10-05,4.9125000000000005,4.75,24
58,2024-10-06,9.504166666666666,9.95,24
58,2024-10-07,13.4625,14.9,24
58,2024-10-08,9.475,9.1,24
58,2024-10-09,13.045833333333334,13.649999999999999,24
58,2024-10-10,10.570833333333335,10.9,24
58,2024-10-11,9.295833333333333,11.55,24
58,2024-10-12,14.237499999999999,14.95,24
58,2024-10-13,16.4375,16.85,24
58,2024-10-14,10.674999999999999,10.7,24
58,2024-10-15,9.479166666666666,9.3,24
58,2024-10-16,10.820833333333333,10.5,24
58,2024-10-17,5.075,4.550000000000001,24
58,2024-10-18,5.745833333333334,4.15,24
58,2024-10-19,6.891666666666667,6.85,24
58,2024-10-20,6.791666666666667,7.15,24
58,2024-10-21,5.0249999999999995,4.35,24
58,2024-10-22,5.258333333333334,5.3,24
58,2024-10-23,5.8625,4.65,24
58,2024-10-24,9.641666666666667,10.05,24
58,2024-10-25,6.545833333333333,5.5,24
58,2024-10-26,11.333333333333334,11.55,24
58,2024-10-27,8.275,9.6,24
58,2024-10-28,8.508333333333333,9.0,24
58,2024-10-29,9.6625,9.350000000000001,24
58,2024-10-30,7.904166666666666,7.65,24
58,2024-10-31,7.979166666666667,7.25,24
58,2024-11-01,7.5375000000000005,7.95,24
58,2024-11-02,7.620833333333334,7.5,24
58,2024-11-03,9.929166666666667,9.7,24
58,2024-11-04,5.920833333333333,5.7,24
58,2024-11-05,7.320833333333333,7.25,24
58,2024-11-06,4.0249999999999995,4.7,24
58,2024-11-07,3.2416666666666667,3.25,24
58,2024-11-08,5.1625,4.0,24
58,2024-11-09,10.608333333333333,10.1,24
58,2024-11-10,11.674999999999999,11.8,24
58,2024-11-11,7.3125,6.95,24
58,2024-11-12,9.308333333333334,9.3,24
58,2024-11-13,11.295833333333334,10.55,24
58,2024-11-14,8.941666666666666,6.5,24
58,2024-11-15,3.908333333333333,4.75,24
58,2024-11-16,4.620833333333334,4.05,24
58,2024-11-17,6.3,5.0,24
58,2024-11-18,14.549999999999999,14.149999999999999,24
58,2024-11-19,14.879166666666668,15.9,24
58,2024-11-20,13.525,14.2,24
58,2024-11-21,11.183333333333332,10.95,24
58,2024-11-22,15.4125,15.05,24
58,2024-11-23,9.866666666666667,10.55,24
58,2024-11-24,13.841666666666667,14.2,24
58,2024-11-25,14.808333333333332,16.35,24
58,2024-11-26,16.904166666666665,16.450000000000003,24
58,2024-11-27,15.779166666666667,14.600000000000001,24
58,2024-11-28,10.408333333333333,9.75,24
58,2024-11-29,14.395833333333334,13.6,24
58,2024-11-30,15.341666666666667,14.45,24
58,2024-12-01,9.112499999999999,9.75,24
58,2024-12-02,10.241666666666667,9.8,24
58,2024-12-03,5.2875000000000005,5.55,24
58,2024-12-04,4.729166666666667,5.6,24
58,2024-12-05,5.7625,5.7,24
58,2024-12-06,8.391666666666667,7.65,24
58,2024-12-07,15.137500000000001,14.9,24
58,2024-12-08,16.816666666666666,16.1,24
58,2024-12-09,17.770833333333332,17.2,24
58,2024-12-10,11.924999999999999,11.65,24
58,2024-12-11,10.016666666666667,10.3,24
58,2024-12-12,11.033333333333333,10.850000000000001,24
58,2024-12-13,8.633333333333333,8.35,24
58,2024-12-14,14.208333333333334,15.149999999999999,24
58,2024-12-15,8.4375,9.05,24
58,2024-12-16,8.845833333333333,8.55,24
58,2024-12-17,8.791666666666666,8.6,24
58,2024-12-18,9.216666666666667,9.6,24
58,2024-12-19,15.933333333333332,15.950000000000001,24
58,2024-12-20,16.7375,17.15,24
58,2024-12-21,15.958333333333334,15.75,24
58,2024-12-22,19.695833333333333,19.85,24
58,2024-12-23,18.704166666666666,19.4,24
58,2024-12-24,19.170833333333334,19.9,24
58,2024-12-25,11.083333333333334,10.7,24
58,2024-12-26,9.950000000000001,10.149999999999999,24
58,2024-12-27,6.7625,6.95,24
58,2024-12-28,6.708333333333333,6.5,24
58,2024-12-29,9.316666666666666,9.350000000000001,24
58,2024-12-30,7.429166666666667,6.7,24
58,2024-12-31,11.745833333333332,11.15,24
58,2025-01-01,15.3375,14.05,24
58,2025-01-02,14.808333333333332,15.25,24
58,2025-01-03,15.583333333333334,15.4,24
58,2025-01-04,8.6875,7.949999999999999,24
58,2025-01-05,13.608333333333334,13.8,24
58,2025-01-06,14.325000000000001,14.45,24
58,2025-01-07,13.012500000000001,13.3,24
58,2025-01-08,13.229166666666666,12.7,24
58,2025-01-09,8.258333333333333,8.899999999999999,24
58,2025-01-10,23.395833333333332,22.15,24
58,2025-01-11,14.391666666666666,15.45,24
58,2025-01-12,13.929166666666667,10.95,24
58,2025-01-13,9.566666666666666,9.6,24
58,2025-01-14,7.033333333333334,5.7,24
58,2025-01-15,9.808333333333334,10.25,24
58,2025-01-16,4.3374999999999995,4.8,24
58,2025-01-17,7.9375,8.350000000000001,24
58,2025-01-18,9.049999999999999,8.100000000000001,24
58,2025-01-19,9.854166666666666,9.1,24
58,2025-01-20,8.395833333333334,8.0,24
58,2025-01-21,2.9291666666666667,2.75,24
58,2025-01-22,6.9375,7.75,24
58,2025-01-23,10.7875,10.6,24
58,2025-01-24,7.1625000000000005,5.199999999999999,24
58,2025-01-25,11.200000000000001,10.600000000000001,24
58,2025-01-26,6.408333333333334,6.55,24
58,2025-01-27,20.8,20.65,24
58,2025-01-28,30.075,28.85,24
58,2025-01-29,18.3125,19.75,24
58,2025-01-30,16.4375,14.0,24
58,2025-01-31,10.991666666666667,9.5,24
58,2025-02-01,8.058333333333334,7.0,24
58,2025-02-02,12.266666666666666,12.149999999999999,24
58,2025-02-03,14.020833333333334,14.350000000000001,24
58,2025-02-04,11.9125,11.65,24
58,2025-02-05,21.829166666666666,22.2,24
58,2025-02-06,20.787499999999998,22.05,24
58,2025-02-07,14.545833333333334,14.45,24
58,2025-02-08,18.379166666666666,17.4,24
58,2025-02-09,31.545833333333334,31.6,24
58,2025-02-10,27.133333333333336,28.450000000000003,24
58,2025-02-11,19.879166666666666,21.45,24
58,2025-02-12,8.804166666666667,9.350000000000001,24
58,2025-02-13,9.583333333333334,9.7,24
58,2025-02-14,17.275000000000002,13.600000000000001,24
58,2025-02-15,25.554166666666664,25.4,24
58,2025-02-16,20.133333333333333,19.75,24
58,2025-02-17,20.55,21.8,24
58,2025-02-18,18.6875,20.200000000000003,24
58,2025-02-19,18.2,20.7,24
58,2025-02-20,11.616666666666667,11.45,24
58,2025-02-21,14.308333333333332,14.149999999999999,24
58,2025-02-22,17.733333333333334,16.1,24
58,2025-02-23,16.45,16.05,24
58,2025-02-24,20.508333333333333,21.7,24
58,2025-02-25,14.804166666666667,14.2,24
58,2025-02-26,17.295833333333334,14.95,24
58,2025-02-27,8.1875,7.4,24
58,2025-02-28,10.670833333333334,9.95,24
58,2025-03-01,11.35,10.0,24
58,2025-03-02,10.487499999999999,9.3,24
58,2025-03-03,16.658333333333335,17.700000000000003,24
58,2025-03-04,25.0625,25.200000000000003,24
58,2025-03-05,28.933333333333334,31.2,24
58,2025-03-06,18.075,17.4,24
58,2025-03-07,13.737499999999999,12.65,24
58,2025-03-08,16.558333333333334,15.8,24
58,2025-03-09,19.304166666666667,19.549999999999997,24
58,2025-03-10,20.587500000000002,20.4,24
58,2025-03-11,18.349999999999998,18.25,24
58,2025-03-12,22.525000000000002,22.15,24
58,2025-03-13,16.345833333333335,17.4,24
58,2025-03-14,27.858333333333334,28.0,24
58,2025-03-15,35.99166666666667,35.3,24
58,2025-03-16,36.733333333333334,35.55,24
58,2025-03-17,42.17916666666667,42.15,24
58,2025-03-18,36.016666666666666,30.7,24
58,2025-03-19,50.34583333333333,46.6,24
58,2025-03-20,65.42916666666666,67.3,24
58,2025-03-21,53.54583333333333,46.5,24
58,2025-03-22,75.38333333333334,74.15,24
58,2025-03-23,55.5625,47.35,24
58,2025-03-24,41.50416666666667,42.45,24
58,2025-03-25,36.15,36.2,24
58,2025-03-26,24.991666666666664,25.200000000000003,24
58,2025-03-27,34.7125,34.150000000000006,24
58,2025-03-28,34.454166666666666,31.9,24
58,2025-03-29,58.10833333333333,53.8,24
58,2025-03-30,47.55416666666667,45.849999999999994,24
58,2025-03-31,27.5,26.45,24
58,2025-04-01,29.2,24.25,24
58,2025-04-02,33.475,30.6,24
58,2025-04-03,59.2125,63.55,24
58,2025-04-04,64.22500000000001,50.2,24
58,2025-04-05,35.766666666666666,38.05,24
58,2025-04-06,37.38333333333333,37.4,24
58,2025-04-07,48.025,43.2,24
58,2025-04-08,38.12083333333333,31.75,24
58,2025-04-09,34.420833333333334,30.9,24
58,2025-04-10,38.074999999999996,35.95,24
58,2025-04-11,27.120833333333334,25.9,24
58,2025-04-12,10.158333333333333,9.2,24
58,2025-04-13,11.504166666666668,9.399999999999999,24
58,2025-04-14,11.674999999999999,11.45,24
58,2025-04-15,9.233333333333333,6.949999999999999,24
58,2025-04-16,7.929166666666667,7.949999999999999,24
58,2025-04-17,9.341666666666667,9.5,24
58,2025-04-18,12.391666666666666,12.6,24
58,2025-04-19,19.837500000000002,19.75,24
58,2025-04-20,19.929166666666667,19.5,24
58,2025-04-21,21.441666666666666,21.5,24
58,2025-04-22,15.920833333333334,14.75,24
58,2025-04-23,27.608333333333334,27.4,24
58,2025-04-24,29.775000000000002,28.55,24
58,2025-04-25,27.329166666666666,26.85,24
58,2025-04-26,32.18333333333333,32.3,24
58,2025-04-27,25.97083333333333,26.950000000000003,24
58,2025-04-28,25.2375,24.15,24
58,2025-04-29,20.066666666666666,18.3,24
58,2025-04-30,12.487499999999999,10.2,24
58,2025-05-01,7.7875000000000005,7.3,24
58,2025-05-02,10.320833333333333,11.45,24
58,2025-05-03,7.804166666666667,7.95,24
58,2025-05-04,9.137500000000001,9.649999999999999,24
58,2025-05-05,7.9750000000000005,7.85,24
58,2025-05-06,10.545833333333333,7.800000000000001,24
58,2025-05-07,9.341666666666667,9.2,24
58,2025-05-08,15.495833333333332,14.8,24
58,2025-05-09,18.1125,19.45,24
58,2025-05-10,24.5,26.35,24
58,2025-05-11,27.020833333333332,26.4,24
58,2025-05-12,13.745833333333332,14.3,24
58,2025-05-13,12.875,12.65,24
58,2025-05-14,10.620833333333334,8.850000000000001,24
58,2025-05-15,4.654166666666667,5.05,24
58,2025-05-16,7.1499999999999995,7.0,24
58,2025-05-17,4.5625,4.3,24
58,2025-05-18,3.045833333333333,3.05,24
58,2025-05-19,5.2,4.7,24
58,2025-05-20,7.5375000000000005,7.4,24
58,2025-05-21,6.858333333333333,6.4,24
58,2025-05-22,6.570833333333333,5.55,24
58,2025-05-23,5.1625000000000005,4.3,24
58,2025-05-24,6.145833333333333,6.1,24
58,2025-05-25,5.6125,5.35,24
58,2025-05-26,6.233333333333333,3.7,24
58,2025-05-27,6.7124999999999995,4.15,24
58,2025-05-28,2.0625,2.05,24
58,2025-05-29,1.4166666666666667,1.4,24
58,2025-05-30,1.1833333333333333,1.1,24
58,2025-05-31,1.2666666666666666,0.8500000000000001,24
58,2025-06-01,1.0166666666666666,0.7,24
58,2025-06-02,1.8499999999999999,1.55,24
58,2025-06-03,4.354166666666667,3.15,24
58,2025-06-04,9.7875,9.65,24
58,2025-06-05,8.554166666666667,8.05,24
58,2025-06-06,10.595833333333333,10.3,24
58,2025-06-07,6.283333333333332,4.45,24
58,2025-06-08,3.3375,3.05,24
58,2025-06-09,4.541666666666667,4.55,24
58,2025-06-10,4.154166666666667,3.95,24
58,2025-06-11,4.004166666666667,3.35,24
58,2025-06-12,5.120833333333334,4.9,24
58,2025-06-13,3.5875,2.3,24
58,2025-06-14,2.7416666666666667,2.35,24
58,2025-06-15,2.2375000000000003,1.5499999999999998,24
58,2025-06-16,1.6583333333333332,1.15,24
58,2025-06-17,2.0708333333333333,0.9500000000000001,24
58,2025-06-18,1.7791666666666668,1.1,24
58,2025-06-19,2.2083333333333335,1.6,24
58,2025-06-20,3.3625000000000003,3.1500000000000004,24
58,2025-06-21,5.554166666666667,5.4,24
58,2025-06-22,3.545833333333333,3.6,24
58,2025-06-23,2.525,1.85,24
58,2025-06-24,2.345833333333333,1.5,24
58,2025-06-25,3.1125000000000003,1.7,24
58,2025-06-26,3.654166666666667,3.55,24
58,2025-06-27,3.1666666666666665,3.0,24
58,2025-06-28,3.0583333333333336,2.05,24
58,2025-06-29,3.025,1.8,24
58,2025-06-30,4.3,3.5,24
58,2025-07-01,2.8249999999999997,1.45,24
58,2025-07-02,3.1208333333333336,2.55,24
58,2025-07-03,2.9,2.8,24
58,2025-07-04,3.841666666666667,3.1,24
58,2025-07-05,3.533333333333333,2.6500000000000004,24
58,2025-07-06,2.5833333333333335,1.7999999999999998,24
58,2025-07-07,2.2041666666666666,1.8,24
58,2025-07-08,4.191666666666666,2.75,24
58,2025-07-09,3.3666666666666667,2.6500000000000004,24
58,2025-07-10,6.454166666666667,6.1,24
58,2025-07-11,8.304166666666665,8.3,24
58,2025-07-12,2.6666666666666665,2.1,24
58,2025-07-13,2.3249999999999997,2.0,24
58,2025-07-14,5.2625,5.2,24
58,2025-07-15,4.895833333333333,4.0,24
58,2025-07-16,3.3208333333333333,2.95,24
58,2025-07-17,3.7416666666666667,3.6500000000000004,24
58,2025-07-18,2.625,1.65,24
58,2025-07-19,3.345833333333333,2.9,24
58,2025-07-20,2.4250000000000003,1.7000000000000002,24
58,2025-07-21,2.2875,1.6,24
58,2025-07-22,2.5541666666666667,2.45,24
58,2025-07-23,0.9249999999999999,0.7,24
58,2025-07-24,0.7708333333333334,0.75,24
58,2025-07-25,1.025,0.7,24
58,2025-07-26,1.3333333333333333,1.35,24
58,2025-07-27,0.9583333333333334,0.8,24
58,2025-07-28,1.0208333333333333,0.75,24
58,2025-07-29,3.8333333333333335,2.4,24
58,2025-07-30,5.745833333333334,4.6,24
58,2025-07-31,5.8,4.6,24
58,2025-08-01,7.145833333333333,5.699999999999999,24
58,2025-08-02,5.941666666666666,5.45,24
58,2025-08-03,12.333333333333334,12.649999999999999,24
58,2025-08-04,5.2250000000000005,5.8,24
58,2025-08-05,3.1791666666666667,2.95,24
58,2025-08-06,2.2291666666666665,1.85,24
58,2025-08-07,1.6500000000000001,0.9,24
58,2025-08-08,3.9291666666666667,2.05,24
58,2025-08-09,5.325,5.75,24
58,2025-08-10,3.7708333333333335,4.65,24
58,2025-08-11,4.820833333333334,4.9,24
58,2025-08-12,2.625,2.15,24
58,2025-08-13,2.6875,2.15,24
58,2025-08-14,3.045833333333333,2.35,24
58,2025-08-15,5.216666666666667,4.7,24
58,2025-08-16,5.141666666666667,4.55,24
58,2025-08-17,5.216666666666667,3.4,24
58,2025-08-18,6.458333333333333,5.5,24
58,2025-08-19,3.8958333333333335,3.25,24
58,2025-08-20,4.95,4.699999999999999,24
58,2025-08-21,5.4750000000000005,6.0,24
58,2025-08-22,5.675,5.8,24
58,2025-08-23,3.608333333333333,3.3,24
58,2025-08-24,3.0124999999999997,2.0,24
58,2025-08-25,6.983333333333333,6.4,24
58,2025-08-26,5.970833333333334,4.85,24
58,2025-08-27,1.8625,1.8,24
58,2025-08-28,2.5083333333333333,2.2,24
58,2025-08-29,5.758333333333333,4.5,24
58,2025-08-30,8.1625,8.8,24
58,2025-08-31,9.0,8.6,24
58,2025-09-01,5.2,2.6,24
58,2025-09-02,6.2625,5.6,24
58,2025-09-03,4.279166666666667,3.55,24
58,2025-09-04,4.6625000000000005,3.75,24
58,2025-09-05,3.279166666666667,3.15,24
58,2025-09-06,5.520833333333333,5.3,24
58,2025-09-07,6.729166666666667,6.45,24
58,2025-09-08,5.833333333333333,5.3,24
58,2025-09-09,6.7250000000000005,5.75,24
58,2025-09-10,4.445833333333334,4.6,24
58,2025-09-11,2.3666666666666667,1.45,24
58,2025-09-12,3.0749999999999997,2.8,24
58,2025-09-13,3.3958333333333335,3.8499999999999996,24
58,2025-09-14,4.066666666666666,3.75,24
58,2025-09-15,6.891666666666667,5.9,24
58,2025-09-16,3.4875000000000003,3.3,24
58,2025-09-17,6.741666666666667,7.3,24
58,2025-09-18,6.358333333333333,4.800000000000001,24
58,2025-09-19,6.166666666666667,5.8,24
58,2025-09-20,6.966666666666666,8.05,24
58,2025-09-21,4.825,4.199999999999999,24
58,2025-09-22,2.495833333333333,1.4500000000000002,24
58,2025-09-23,2.5708333333333333,2.6,24
58,2025-09-24,3.908333333333333,4.5,24
58,2025-09-25,2.908333333333333,1.7,24
58,2025-09-26,4.595833333333333,5.1,24
58,2025-09-27,4.758333333333334,4.3,24
58,2025-09-28,4.7375,3.7,24
58,2025-09-29,6.908333333333334,8.6,24
58,2025-09-30,2.716666666666667,2.1500000000000004,24
58,2025-10-01,1.7416666666666665,1.25,24
58,2025-10-02,3.3041666666666667,3.1500000000000004,24
58,2025-10-03,5.175,4.85,24
58,2025-10-04,8.783333333333333,8.75,24
58,2025-10-05,7.2875000000000005,5.2,24
58,2025-10-06,3.8125,3.8,24
58,2025-10-07,8.841666666666667,9.2,24
58,2025-10-08,5.241666666666666,4.35,24
58,2025-10-09,3.8708333333333336,2.55,24
58,2025-10-10,7.425,6.25,24
58,2025-10-11,10.625,8.95,24
58,2025-10-12,7.2124999999999995,8.3,24
58,2025-10-13,9.108333333333333,8.6,24
58,2025-10-14,10.737499999999999,9.95,24
58,2025-10-15,4.4624999999999995,4.55,24
58,2025-10-16,4.658333333333333,4.2,24
58,2025-10-17,7.4624999999999995,8.05,24
58,2025-10-18,8.108333333333333,6.1,24
58,2025-10-19,3.9125,4.35,24
58,2025-10-20,6.8,5.45,24
58,2025-10-21,12.4625,12.3,24
58,2025-10-22,10.950000000000001,12.55,24
58,2025-10-23,9.15,8.350000000000001,24
58,2025-10-24,7.595833333333334,4.9,24
58,2025-10-25,12.204166666666666,13.35,24
58,2025-10-26,8.283333333333333,7.949999999999999,24
58,2025-10-27,8.216666666666667,8.4,24
58,2025-10-28,7.620833333333334,7.9,24
58,2025-10-29,6.320833333333333,6.0,24
58,2025-10-30,9.833333333333334,8.2,24
58,2025-10-31,8.9375,10.15,24
58,2025-11-01,6.8500000000000005,5.95,24
58,2025-11-02,6.175,5.300000000000001,24
58,2025-11-03,6.5,6.05,24
58,2025-11-04,8.058333333333334,6.85,24
58,2025-11-05,9.420833333333333,7.699999999999999,24
58,2025-11-06,12.225,11.0,24
58,2025-11-07,13.695833333333333,13.0,24
58,2025-11-08,12.487499999999999,9.850000000000001,24
58,2025-11-09,3.9166666666666665,3.4000000000000004,24
58,2025-11-10,3.279166666666667,1.9,24
58,2025-11-11,10.3375,10.45,24
58,2025-11-12,8.65,7.55,24
58,2025-11-13,7.754166666666666,9.149999999999999,24
58,2025-11-14,7.420833333333333,6.6,24
58,2025-11-15,11.991666666666667,11.5,24
58,2025-11-16,8.4,5.1,24
58,2025-11-17,6.7,4.199999999999999,24
58,2025-11-18,8.366666666666667,8.5,24
58,2025-11-19,4.6625,4.55,24
58,2025-11-20,6.083333333333333,4.4,24
58,2025-11-21,8.862499999999999,7.45,24
58,2025-11-22,5.091666666666667,5.4,24
58,2025-11-23,5.545833333333333,6.25,24
58,2025-11-24,5.691666666666666,4.75,24
58,2025-11-25,4.0375000000000005,3.8499999999999996,24
58,2025-11-26,10.275,9.7,24
58,2025-11-27,10.025,9.95,24
58,2025-11-28,5.429166666666667,4.4,24
58,2025-11-29,2.975,3.3,24
58,2025-11-30,6.191666666666666,5.75,24
58,2025-12-01,5.1125,4.949999999999999,24
58,2025-12-02,5.0874999999999995,4.95,24
58,2025-12-03,7.370833333333334,7.15,24
58,2025-12-04,7.616666666666667,7.85,24
58,2025-12-05,9.487499999999999,10.4,24
58,2025-12-06,13.0875,12.6,24
58,2025-12-07,7.375,7.199999999999999,24
58,2025-12-08,8.983333333333333,7.9,24
58,2025-12-09,18.533333333333335,18.25,24
58,2025-12-10,11.079166666666666,11.15,24
58,2025-12-11,11.512500000000001,11.8,24
58,2025-12-12,13.058333333333332,12.9,24
58,2025-12-13,11.870833333333332,11.350000000000001,24
58,2025-12-14,8.445833333333333,9.5,24
58,2025-12-15,7.308333333333334,7.800000000000001,24
58,2025-12-16,9.141666666666667,8.8,24
58,2025-12-17,5.5125,6.449999999999999,24
58,2025-12-18,8.516666666666667,8.55,24
58,2025-12-19,9.512500000000001,8.850000000000001,24
58,2025-12-20,6.741666666666667,6.85,24
58,2025-12-21,9.770833333333334,10.25,24
58,2025-12-22,10.708333333333334,9.85,24
58,2025-12-23,6.983333333333333,7.35,24
58,2025-12-24,8.195833333333333,8.05,24
58,2025-12-25,9.879166666666666,9.3,24
58,2025-12-26,10.4,8.3,24
58,2025-12-27,6.154166666666666,4.9,24
58,2025-12-28,3.0666666666666664,2.8,24
58,2025-12-29,4.379166666666666,4.5,24
58,2025-12-30,3.1208333333333336,2.85,24
58,2025-12-31,5.579166666666667,6.199999999999999,24
