province_key,analysis_date,observed_pm25_median_ugm3,observed_pm25_mean_ugm3,observed_pm25_min_ugm3,observed_pm25_max_ugm3,observed_pm25_sd_across_sensors_ugm3,observed_primary_row_count,observed_sensor_count,observed_location_count
50,2021-04-30,7.61,9.993333333333334,6.67,15.7,4.964416716325627,3,3,3
50,2021-05-05,22.6,22.6,20.6,24.6,2.8284271247461903,2,2,2
50,2021-05-06,18.5,18.5,14.4,22.6,4.1000000000000005,3,3,3
50,2021-05-07,15.3,16.5,13.8,20.4,3.4597687784012385,3,3,3
50,2021-05-16,24.35,24.35,23.4,25.3,1.343502884254443,2,2,2
50,2021-05-20,19.6,20.733333333333334,16.4,26.2,4.997332621842708,3,3,3
50,2021-06-03,22.2,22.96666666666667,20.1,26.6,3.3171272711991806,3,3,3
50,2021-06-05,14.0,15.133333333333335,13.8,17.6,2.138535324312726,3,3,3
50,2021-06-13,12.8,12.8,11.8,13.8,1.4142135623730951,2,2,2
50,2021-06-20,10.4,11.75,8.55,16.3,4.047530111067737,3,3,3
50,2021-06-21,17.1,18.233333333333334,16.0,21.6,2.967041174863156,3,3,3
50,2021-06-29,10.84,10.84,6.78,14.9,5.741707063234766,2,2,2
50,2021-07-03,9.24,9.24,6.28,12.2,4.186072144624361,2,2,2
50,2021-07-04,11.315000000000001,11.315000000000001,9.83,12.8,2.1001071401240474,2,2,2
50,2021-07-06,10.4,10.4,7.9,12.9,3.5355339059327378,2,2,2
50,2021-07-24,7.5,7.5,7.5,7.5,,1,1,1
50,2021-08-04,13.05,13.05,10.0,16.1,4.313351365237941,2,2,2
50,2021-08-07,13.350000000000001,13.350000000000001,10.9,15.8,3.4648232278140836,2,2,2
50,2021-08-10,18.1,18.1,15.1,21.1,4.242640687119287,2,2,2
50,2021-08-11,21.5,21.5,21.5,21.5,,1,1,1
50,2021-08-12,15.6,15.6,13.8,17.4,2.5455844122715696,2,2,2
50,2021-08-14,10.64,10.64,7.58,13.7,4.327493500861671,2,2,2
50,2021-08-15,8.79,8.79,5.58,12.0,4.539625535217635,2,2,2
50,2021-08-16,9.125,9.125,6.75,11.5,3.3587572106361008,2,2,2
50,2021-08-17,10.855,10.855,8.91,12.8,2.7506453788156704,2,2,2
50,2021-08-18,10.595,10.595,7.29,13.9,4.6739758236430795,2,2,2
50,2021-08-21,11.190000000000001,11.190000000000001,8.58,13.8,3.691097397793779,2,2,2
50,2021-08-22,11.735,11.735,8.67,14.8,4.334564568673536,2,2,2
50,2021-08-23,11.04,11.04,8.18,13.9,4.0446507883870515,2,2,2
50,2021-08-24,11.05,11.05,8.0,14.1,4.31335136523794,2,2,2
50,2021-08-25,9.29,9.29,6.58,12.0,3.8325187540310868,2,2,2
50,2021-08-26,10.095,10.095,7.89,12.3,3.118340905032676,2,2,2
50,2021-08-27,10.295,10.295,6.79,13.8,4.956818536117698,2,2,2
50,2021-08-28,10.15,10.15,7.0,13.3,4.45477272147525,2,2,2
50,2021-08-29,8.65,8.65,6.0,11.3,3.7476659402887025,2,2,2
50,2021-09-01,13.25,13.25,10.3,16.2,4.171930009000629,2,2,2
50,2021-09-02,16.1,16.1,16.1,16.1,,1,1,1
50,2021-09-03,15.9,15.9,13.3,18.5,3.6769552621700465,2,2,2
50,2021-09-04,10.305,10.305,7.21,13.4,4.376990975544729,2,2,2
50,2021-09-06,10.19,10.19,7.68,12.7,3.5496760415564683,2,2,2
50,2021-09-07,9.265,9.265,6.13,12.4,4.433559518039654,2,2,2
50,2021-09-08,10.21,10.21,6.62,13.8,5.077026688919412,2,2,2
50,2021-09-09,12.51,12.51,9.92,15.1,3.662813126546316,2,2,2
50,2021-09-10,8.505,8.505,5.71,11.3,3.9527269068328015,2,2,2
50,2021-09-11,9.375,9.375,6.25,12.5,4.419417382415922,2,2,2
50,2021-09-12,8.2,8.2,5.2,11.2,4.242640687119284,2,2,2
50,2021-09-13,10.075,10.075,7.25,12.9,3.995153313703993,2,2,2
50,2021-09-14,11.739999999999998,11.739999999999998,8.78,14.7,4.186072144624361,2,2,2
50,2021-09-15,13.7,13.7,10.7,16.7,4.242640687119285,2,2,2
50,2021-09-16,10.445,10.445,8.79,12.1,2.3405234457274733,2,2,2
50,2021-09-17,8.365,8.365,5.63,11.1,3.867874093090415,2,2,2
50,2021-09-18,9.26,9.26,6.52,12.0,3.8749451609022807,2,2,2
50,2021-09-19,10.785,10.785,9.17,12.4,2.283954903232549,2,2,2
50,2021-09-20,11.095,11.095,8.39,13.8,3.825447686219222,2,2,2
50,2021-09-21,10.855,10.855,7.61,14.1,4.589123009900693,2,2,2
50,2021-09-22,9.68,9.68,6.96,12.4,3.8466608896548182,2,2,2
50,2021-09-23,8.620000000000001,8.620000000000001,5.74,11.5,4.072935059634514,2,2,2
50,2021-09-24,8.67,8.67,6.04,11.3,3.71938166904124,2,2,2
50,2021-09-25,10.295,10.295,7.59,13.0,3.825447686219222,2,2,2
50,2021-09-26,5.92,5.92,5.92,5.92,,1,1,1
50,2021-09-27,4.71,4.71,4.71,4.71,,1,1,1
50,2021-09-28,5.22,5.22,5.22,5.22,,1,1,1
50,2021-10-01,13.149999999999999,13.149999999999999,10.7,15.6,3.4648232278140823,2,2,2
50,2021-10-02,11.855,11.855,8.21,15.5,5.154808434849931,2,2,2
50,2021-10-03,9.605,9.605,6.41,12.8,4.518412331782039,2,2,2
50,2021-10-04,10.42,10.42,7.04,13.8,4.780041840821061,2,2,2
50,2021-10-05,13.25,13.25,10.8,15.7,3.464823227814082,2,2,2
50,2021-10-06,13.600000000000001,13.600000000000001,10.9,16.3,3.8183766184073575,2,2,2
50,2021-10-07,13.05,13.05,10.1,16.0,4.171930009000631,2,2,2
50,2021-10-08,14.25,14.25,11.5,17.0,3.8890872965260113,2,2,2
50,2021-10-09,18.9,18.9,15.9,21.9,4.242640687119284,2,2,2
50,2021-10-10,20.799999999999997,20.799999999999997,16.9,24.7,5.51543289325507,2,2,2
50,2021-10-11,14.2,14.2,10.1,18.3,5.79827560572969,2,2,2
50,2021-10-12,9.515,9.515,6.63,12.4,4.08000612744638,2,2,2
50,2021-10-13,8.245,8.245,5.79,10.7,3.4718942956259475,2,2,2
50,2021-10-14,12.8,12.8,10.5,15.1,3.252691193458119,2,2,2
50,2021-10-15,13.1,13.1,11.0,15.2,2.969848480983499,2,2,2
50,2021-10-16,7.445,7.445,4.79,10.1,3.7547370081005673,2,2,2
50,2021-10-17,6.880000000000001,6.880000000000001,4.38,9.38,3.5355339059327386,2,2,2
50,2021-10-18,7.99,7.99,5.08,10.9,4.115361466505707,2,2,2
50,2021-10-19,10.27,10.27,7.54,13.0,3.8608030252785492,2,2,2
50,2021-10-20,12.085,12.085,9.67,14.5,3.4153257531310253,2,2,2
50,2021-10-21,11.645,11.645,9.79,13.5,2.6233661582020917,2,2,2
50,2021-10-22,8.715,8.715,5.83,11.6,4.080006127446379,2,2,2
50,2021-10-23,5.17,5.17,5.17,5.17,,1,1,1
50,2021-10-24,5.04,5.04,5.04,5.04,,1,1,1
50,2021-10-25,8.98,8.98,8.92,9.04,0.08485281374238578,2,2,2
50,2021-10-26,12.3,12.3,12.1,12.5,0.2828427124746186,2,2,2
50,2021-10-27,17.4,18.3,16.0,21.5,2.858321185591291,3,3,3
50,2021-10-28,11.7,11.7,10.4,13.0,1.8384776310850226,2,2,2
50,2021-10-31,8.83,9.58,6.71,13.2,3.3093654980977845,3,3,3
50,2021-11-01,8.13,9.463333333333333,6.96,13.3,3.3737565610656226,3,3,3
50,2021-11-02,6.65,8.026666666666666,5.83,11.6,3.1216395264881776,3,3,3
50,2021-11-03,6.38,8.483333333333333,6.17,12.9,3.82638645896273,3,3,3
50,2021-11-04,11.4,12.42,9.46,16.4,3.5806703283044627,3,3,3
50,2021-11-05,10.5,12.299999999999999,10.5,15.9,3.1176914536239786,3,3,3
50,2021-11-06,12.2,13.633333333333333,11.1,17.6,3.478984526170438,3,3,3
50,2021-11-07,12.8,13.266666666666666,10.1,16.9,3.423935357645253,3,3,3
50,2021-11-08,14.5,16.166666666666668,14.3,19.7,3.061590000854676,3,3,3
50,2021-11-09,15.9,18.1,15.8,22.6,3.8974350539810154,3,3,3
50,2021-11-10,16.0,17.233333333333334,14.2,21.5,3.803068936179483,3,3,3
50,2021-11-11,17.3,17.3,15.1,19.5,3.11126983722081,2,2,2
50,2021-11-12,16.8,16.5,13.4,19.3,2.9614185789921703,3,3,3
50,2021-11-13,13.7,15.733333333333334,13.3,20.2,3.8734136537856796,3,3,3
50,2021-11-14,17.3,17.400000000000002,15.1,19.8,2.3515952032609695,3,3,3
50,2021-11-15,20.45,20.45,19.0,21.9,2.050609665440987,2,2,2
50,2021-11-16,20.4,20.4,19.8,21.0,0.8485281374238578,2,2,2
50,2021-11-17,18.5,18.4,13.8,22.8,3.733630940518894,4,4,4
50,2021-11-18,17.5,18.0,13.0,23.5,5.267826876426369,3,3,3
50,2021-11-19,18.1,18.05,11.5,24.5,5.3100533581751,4,4,4
50,2021-11-20,19.5,19.05,10.9,26.3,6.828128098778855,4,4,4
50,2021-11-21,12.2,12.935,9.04,18.3,3.877916107052,4,4,4
50,2021-11-22,14.149999999999999,14.524999999999999,10.4,19.4,4.2452915094254715,4,4,4
50,2021-11-23,19.05,18.675,14.3,22.3,4.081155882018394,4,4,4
50,2021-11-24,15.45,15.25,10.4,19.7,4.15571895103603,4,4,4
50,2021-11-25,13.45,13.57,8.58,18.8,4.2081983476700975,4,4,4
50,2021-11-26,18.5,17.9,12.2,22.4,4.315862215903871,4,4,4
50,2021-11-27,16.3,17.275,13.4,23.1,4.272684558135942,4,4,4
50,2021-11-30,14.55,14.8225,9.29,20.9,4.8269408876982665,4,4,4
50,2021-12-01,16.0,15.675,10.4,20.3,4.827266307134918,4,4,4
50,2021-12-02,19.6,19.6,14.9,24.3,4.642556766840158,4,4,4
50,2021-12-03,20.0,20.725,17.4,25.5,3.5975686233899693,4,4,4
50,2021-12-04,21.1,21.05,17.6,24.4,3.307063148273202,4,4,4
50,2021-12-05,23.9,22.9,16.9,26.9,4.858669227953953,4,4,4
50,2021-12-06,26.1,24.375,16.3,29.0,5.745360447062192,4,4,4
50,2021-12-07,31.15,29.6,23.3,32.8,4.294958284624736,4,4,4
50,2021-12-08,35.900000000000006,34.55,28.4,38.0,4.2680987180086,4,4,4
50,2021-12-09,33.400000000000006,31.125,21.9,35.8,6.529101520627988,4,4,4
50,2021-12-10,24.0,22.6,15.3,27.1,5.389495956642576,4,4,4
50,2021-12-11,22.200000000000003,21.200000000000003,14.8,25.6,4.698936049788292,4,4,4
50,2021-12-12,22.85,22.0,16.8,25.5,3.802630668366309,4,4,4
50,2021-12-13,23.0,21.475,14.2,25.7,5.125345516808274,4,4,4
50,2021-12-14,21.6,20.825000000000003,14.8,25.3,4.379021960818802,4,4,4
50,2021-12-15,25.1,24.0,21.0,25.9,2.628687885618983,3,3,3
50,2021-12-16,26.4,25.0,21.3,27.3,3.2357379374726873,3,3,3
50,2021-12-17,20.45,19.625,14.3,23.3,4.21693016304515,4,4,4
50,2021-12-18,21.1,20.675,14.3,26.2,5.261416159172358,4,4,4
50,2021-12-19,24.75,24.075,19.0,27.8,4.394978194864376,4,4,4
50,2021-12-20,26.2,27.666666666666668,24.3,32.5,4.2922410618851945,3,3,3
50,2021-12-21,30.65,30.225,23.4,36.2,5.4395925092479755,4,4,4
50,2021-12-22,31.0,29.7,23.3,33.5,4.5927479065732895,4,4,4
50,2021-12-23,30.849999999999998,29.799999999999997,23.2,34.3,4.953786430600333,4,4,4
50,2021-12-24,32.25,31.2,24.7,35.6,4.9064583289103085,4,4,4
50,2021-12-25,32.85,33.849999999999994,29.9,39.8,4.555216789572149,4,4,4
50,2021-12-26,37.099999999999994,37.599999999999994,33.3,42.9,4.573838650411709,4,4,4
50,2021-12-27,32.15,32.15,22.8,41.5,7.673547636740997,4,4,4
50,2021-12-30,16.8,16.266666666666666,10.3,21.7,5.718682832028134,3,3,3
50,2021-12-31,18.85,19.725,11.7,29.5,7.50749625374532,4,4,4
50,2022-01-01,25.45,23.65,14.0,29.7,6.782575715267271,4,4,4
50,2022-01-02,22.799999999999997,20.625,13.2,23.7,4.978872027544658,4,4,4
50,2022-01-04,19.200000000000003,18.450000000000003,12.9,22.5,4.303099657998483,4,4,4
50,2022-01-05,20.5,20.225,14.5,25.4,4.872627627882105,4,4,4
50,2022-01-06,17.85,17.075,11.9,20.7,4.1700319742978795,4,4,4
50,2022-01-07,17.6,17.925,15.0,21.5,3.2263240176192265,4,4,4
50,2022-01-08,23.1,23.125,19.0,27.3,3.9559027625393766,4,4,4
50,2022-01-09,20.950000000000003,19.875,12.4,25.2,5.537373023374893,4,4,4
50,2022-01-10,18.65,17.475,12.4,20.2,3.463500156392855,4,4,4
50,2022-01-11,18.4,17.25,10.4,21.8,4.954795656734998,4,4,4
50,2022-01-12,22.8,22.766666666666666,20.3,25.2,2.4501700621249394,3,3,3
50,2022-01-13,31.1,30.666666666666668,28.1,32.8,2.3797758998135357,3,3,3
50,2022-01-14,32.9,32.474999999999994,29.3,34.8,2.299818833444638,4,4,4
50,2022-01-15,33.7,33.825,29.0,38.9,4.181207959429905,4,4,4
50,2022-01-16,29.65,28.725,24.7,30.9,2.833578420772339,4,4,4
50,2022-01-17,15.0,15.55,11.2,21.0,4.611941023040083,4,4,4
50,2022-01-18,12.4,15.166666666666666,12.1,21.0,5.054041287260456,3,3,3
50,2022-01-19,20.8,21.575000000000003,17.6,27.1,4.242935304715357,4,4,4
50,2022-01-20,21.1,21.35,16.9,26.3,4.395072999014542,4,4,4
50,2022-01-21,18.95,20.025,16.7,25.5,3.8064638007823843,4,4,4
50,2022-01-22,15.55,15.425,10.5,20.1,3.969361829480067,4,4,4
50,2022-01-23,14.2,14.475,9.5,20.0,4.317696144936558,4,4,4
50,2022-01-24,18.2,18.066666666666666,13.5,22.5,4.501481237696469,3,3,3
50,2022-01-25,18.35,18.775,14.1,24.3,4.2264050918008325,4,4,4
50,2022-01-26,19.9,19.9,19.9,19.9,,1,1,1
50,2022-01-29,17.4,16.3275,9.21,21.3,5.36982541615647,4,4,4
50,2022-01-30,19.8,19.45,13.0,25.2,5.7564456626173985,4,4,4
50,2022-01-31,22.65,21.2,14.2,25.3,5.198076567346811,4,4,4
50,2022-02-01,26.6,23.975,14.2,28.5,6.628411071541455,4,4,4
50,2022-02-02,23.05,22.425,11.6,32.0,8.558962164499464,4,4,4
50,2022-02-03,19.65,27.95,10.7,61.8,23.17189389468773,4,4,4
50,2022-02-04,21.4,21.8,12.8,31.6,8.35384143174065,4,4,4
50,2022-02-05,26.0,25.8,20.5,30.7,4.836665518033404,4,4,4
50,2022-02-06,16.65,16.5,8.8,23.9,6.215571842826154,4,4,4
50,2022-02-07,14.25,14.85,10.5,20.4,4.146082488325575,4,4,4
50,2022-02-08,12.649999999999999,12.75,8.1,17.6,3.905978323885922,4,4,4
50,2022-02-09,15.350000000000001,14.5325,9.33,18.1,3.840775746295706,4,4,4
50,2022-02-10,19.9,19.9,17.9,21.9,2.8284271247461903,2,2,2
50,2022-02-11,20.2,20.225,17.5,23.0,2.5578311124857334,4,4,4
50,2022-02-12,27.2,26.575,21.4,30.5,4.299903099683372,4,4,4
50,2022-02-13,29.0,28.925,22.8,34.9,5.154528753112806,4,4,4
50,2022-02-14,31.849999999999998,32.075,30.4,34.2,1.7538053863907859,4,4,4
50,2022-02-15,37.45,38.0,34.4,42.7,4.205551886098503,4,4,4
50,2022-02-16,31.9,29.366666666666664,24.0,32.2,4.650089604871431,3,3,3
50,2022-02-17,28.4,25.53333333333333,19.3,28.9,5.404010856145028,3,3,3
50,2022-02-18,22.65,23.45,17.3,31.2,6.366841184344608,4,4,4
50,2022-02-19,14.45,14.7125,8.95,21.0,4.989384564586432,4,4,4
50,2022-02-20,15.25,15.625,11.1,20.9,4.493977451360135,4,4,4
50,2022-02-21,18.6,19.4,16.6,23.8,3.1336879231984804,4,4,4
50,2022-02-22,26.6,26.975,22.5,32.2,4.275024366402296,4,4,4
50,2022-02-23,29.1,30.05,26.6,35.4,4.0045807104697815,4,4,4
50,2022-02-24,29.5,30.625,27.5,36.0,3.9024564913226985,4,4,4
50,2022-02-25,28.15,28.974999999999998,26.3,33.3,3.0739496851228147,4,4,4
50,2022-02-28,51.2,50.375,44.5,54.6,4.309969064080779,4,4,4
50,2022-03-01,51.6,51.6,48.0,55.2,5.091168824543144,2,2,2
50,2022-03-04,60.3,59.05,52.5,63.1,4.588027898781784,4,4,4
50,2022-03-05,58.45,59.425,54.2,66.6,5.424865589732766,4,4,4
50,2022-03-06,44.35,46.75,42.5,55.8,6.19489036760673,4,4,4
50,2022-03-07,45.45,46.375,39.9,54.7,6.152167639675197,4,4,4
50,2022-03-08,31.700000000000003,31.375,25.3,36.8,5.5090077751503195,4,4,4
50,2022-03-09,22.85,21.85,18.0,23.7,2.636285265292813,4,4,4
50,2022-03-10,33.0,32.475,28.8,35.1,3.1063107807601393,4,4,4
50,2022-03-11,37.55,36.7,30.9,40.8,4.324349662087931,4,4,4
50,2022-03-12,38.5,38.775,34.9,43.2,3.5415392133929573,4,4,4
50,2022-03-13,38.3,38.95,36.0,43.2,3.484728588187798,4,4,4
50,2022-03-14,41.349999999999994,41.45,39.5,43.6,1.7368553960150697,4,4,4
50,2022-03-15,39.0,38.75,32.6,44.4,4.941322360124531,4,4,4
50,2022-03-16,39.8,39.225,33.0,44.3,4.798871395095585,4,4,4
50,2022-03-17,44.9,47.099999999999994,41.3,57.3,7.397747404897431,4,4,4
50,2022-03-18,50.599999999999994,49.699999999999996,43.8,53.8,4.344344983232034,4,4,4
50,2022-03-19,52.3,51.325,46.0,54.7,4.172429348313363,4,4,4
50,2022-03-21,29.549999999999997,30.174999999999997,22.8,38.8,7.47010709427917,4,4,4
50,2022-03-22,16.0,16.575,13.3,21.0,3.680919269240587,4,4,4
50,2022-03-26,34.65,34.925,30.4,40.0,4.789832982474441,4,4,4
50,2022-03-27,42.7,43.825,38.2,51.7,5.893145736079048,4,4,4
50,2022-03-30,45.150000000000006,43.425000000000004,36.7,46.7,4.694234051827129,4,4,4
50,2022-03-31,53.4,52.666666666666664,44.4,60.2,7.925486315257467,3,3,3
50,2022-04-01,49.3,49.03333333333333,44.5,53.3,4.40605643782888,3,3,3
50,2022-04-02,25.3,27.266666666666666,24.5,32.0,4.118656738954257,3,3,3
50,2022-04-03,7.08,8.236666666666666,5.63,12.0,3.3388071722298265,3,3,3
50,2022-04-04,12.0,12.0925,9.27,15.1,2.843042677602056,4,4,4
50,2022-04-05,25.7,25.525,21.4,29.3,3.697183612787802,4,4,4
50,2022-04-06,36.65,35.875,30.3,39.9,4.419935896971055,4,4,4
50,2022-04-07,53.150000000000006,51.925,44.0,57.4,6.142407237123462,4,4,4
50,2022-04-08,61.3,62.425,48.4,78.7,12.437945971903885,4,4,4
50,2022-04-09,76.4,73.89999999999999,66.2,79.1,6.803675477269618,3,3,3
50,2022-04-10,50.7,53.06666666666666,48.9,59.6,5.729165151514952,3,3,3
50,2022-04-11,50.5,49.375,43.0,53.5,4.767511580129268,4,4,4
50,2022-04-12,51.0,50.45,48.0,51.8,1.6842406795546379,4,4,4
50,2022-04-13,53.8,53.633333333333326,37.0,70.1,16.55062939387301,3,3,3
50,2022-04-14,70.5,61.5,38.0,76.0,20.53655277791285,3,3,3
50,2022-04-15,59.85,54.475,34.6,63.6,13.368962811926236,4,4,4
50,2022-04-16,57.7,49.375,20.1,62.0,19.629972830682505,4,4,4
50,2022-04-17,57.9,48.675,13.7,65.2,23.57433279366919,4,4,4
50,2022-04-18,42.75,36.375,10.3,49.7,17.88730928153626,4,4,4
50,2022-04-19,23.85,20.895,7.48,28.4,9.528139027813003,4,4,4
50,2022-04-20,15.05,14.5,8.0,19.9,5.355993527504178,4,4,4
50,2022-04-21,19.3,19.366666666666667,17.1,21.7,2.3007245235649854,3,3,3
50,2022-04-22,22.950000000000003,22.875,20.9,24.7,1.9050371824892733,4,4,4
50,2022-04-23,30.5,30.233333333333334,26.2,34.0,3.9068316233660925,3,3,3
50,2022-04-24,33.5,33.175,29.1,36.6,3.10201547384922,4,4,4
50,2022-04-25,34.7,34.475,31.7,36.8,2.6587904518157597,4,4,4
50,2022-04-26,41.05,40.325,35.7,43.5,3.8108398024582444,4,4,4
50,2022-04-29,39.55,41.3,36.5,49.6,5.892933621437347,4,4,4
50,2022-04-30,35.0,35.575,29.7,42.6,5.8806887351737975,4,4,4
50,2022-05-01,24.65,24.775,22.3,27.5,2.6094379982415106,4,4,4
50,2022-05-02,21.55,22.325,20.0,26.2,2.6849891371599006,4,4,4
50,2022-05-03,17.65,17.7,15.0,20.5,2.50199920063936,4,4,4
50,2022-05-04,22.7,24.55,19.6,33.2,6.042902172521634,4,4,4
50,2022-05-05,29.05,29.950000000000003,23.1,38.6,6.5209917446147205,4,4,4
50,2022-05-06,31.25,31.1,22.4,39.5,7.335302765848637,4,4,4
50,2022-05-08,9.81,10.353333333333333,9.35,11.9,1.3590560449566949,3,3,3
50,2022-05-09,9.35,8.77,5.88,10.5,2.1183956193308178,4,4,4
50,2022-05-10,10.09,10.1775,7.23,13.3,2.49300855727907,4,4,4
50,2022-05-11,6.3149999999999995,6.7625,4.96,9.46,2.1396631354802875,4,4,4
50,2022-05-12,7.645,7.7075000000000005,4.74,10.8,2.4778670262949944,4,4,4
50,2022-05-13,13.600000000000001,13.700000000000001,11.8,15.8,1.645195023900409,4,4,4
50,2022-05-14,16.75,16.575,12.6,20.2,3.2724863126782777,4,4,4
50,2022-05-15,14.45,14.525,12.2,17.0,1.9619293225462195,4,4,4
50,2022-05-16,19.1,18.7,15.3,21.3,2.504662319222561,4,4,4
50,2022-05-17,16.1,15.975,12.0,19.7,3.1637267054324814,4,4,4
50,2022-05-18,8.96,8.857500000000002,4.71,12.8,3.3048487106068873,4,4,4
50,2022-05-19,7.915,8.3325,5.3,12.2,2.8975089876190774,4,4,4
50,2022-05-20,9.48,9.325,5.04,13.3,3.376916739670475,4,4,4
50,2022-05-21,5.6,6.1975,3.19,10.4,3.024349792379623,4,4,4
50,2022-05-22,8.129999999999999,8.69,6.0,12.5,2.857808017811321,4,4,4
50,2022-05-25,11.7,12.7,10.1,17.3,3.1580584752872034,4,4,4
50,2022-05-26,17.4,18.525,16.2,23.1,3.1030898579748984,4,4,4
50,2022-05-29,29.8,28.5,25.7,30.0,2.42693221990232,3,3,3
50,2022-05-30,23.0,23.025,20.6,25.5,2.63486242525108,4,4,4
50,2022-05-31,21.4,21.4,17.8,25.0,3.5327043465311387,4,4,4
50,2022-06-01,14.4,14.725000000000001,11.5,18.6,3.138338201447811,4,4,4
50,2022-06-02,15.45,15.9,14.1,18.6,2.004993765576341,4,4,4
50,2022-06-03,19.4,19.525,16.3,23.0,2.7439327008268024,4,4,4
50,2022-06-04,14.0,13.309999999999999,8.04,17.2,3.9470326406892897,4,4,4
50,2022-06-05,8.58,8.615,5.0,12.3,3.2608127821143005,4,4,4
50,2022-06-06,8.19,8.219999999999999,4.5,12.0,3.2225455776451013,4,4,4
50,2022-06-07,7.25,7.425,4.0,11.2,2.9533878851244717,4,4,4
50,2022-06-08,5.92,6.739999999999999,4.0,10.3,3.2290555894874275,3,3,3
50,2022-06-09,8.71,8.473333333333334,5.21,11.5,3.1516715141862948,3,3,3
50,2022-06-10,11.3,11.540000000000001,8.52,14.8,3.146871462262163,3,3,3
50,2022-06-11,13.0,13.9,10.7,18.0,3.732291521304305,3,3,3
50,2022-06-12,11.2,11.623333333333333,8.67,15.0,3.186162791404942,3,3,3
50,2022-06-13,11.0,11.87,8.91,15.7,3.477599746951911,3,3,3
50,2022-06-14,18.9,19.5,16.8,22.8,3.044667469527667,3,3,3
50,2022-06-15,18.4,19.133333333333333,16.3,22.7,3.262412195497884,3,3,3
50,2022-06-16,12.4,14.299999999999999,12.0,18.5,3.642801120017396,3,3,3
50,2022-06-17,9.96,10.703333333333333,5.75,16.4,5.363770440029413,3,3,3
50,2022-06-18,8.58,7.97,3.83,11.5,3.87121427978354,3,3,3
50,2022-06-19,11.1,9.66,3.88,14.0,5.211410557612978,3,3,3
50,2022-06-20,6.25,7.483333333333333,2.5,13.7,5.700950213195457,3,3,3
50,2022-06-21,6.78,7.116666666666667,2.87,11.7,4.424616744231452,3,3,3
50,2022-06-22,6.0,6.733333333333333,3.0,11.2,4.148895435333762,3,3,3
50,2022-06-23,7.08,8.313333333333334,4.96,12.9,4.111171771324245,3,3,3
50,2022-06-24,7.63,7.843333333333334,4.0,11.9,3.954318314619264,3,3,3
50,2022-06-25,10.115,10.115,7.83,12.4,3.231477990022522,2,2,2
50,2022-06-28,9.09,9.09,7.58,10.6,2.1354624791833734,2,2,2
50,2022-06-29,5.08,6.16,3.0,10.4,3.8163857247400976,3,3,3
50,2022-06-30,5.42,6.55,3.33,10.9,3.9094628787085317,3,3,3
50,2022-07-01,10.38,10.38,7.96,12.8,3.4223968209428905,2,2,2
50,2022-07-02,7.21,7.116666666666667,3.14,11.0,3.930831125008213,3,3,3
50,2022-07-03,7.46,7.52,3.5,11.6,4.050333319617041,3,3,3
50,2022-07-04,6.25,6.8066666666666675,3.17,11.0,3.944570107544463,3,3,3
50,2022-07-05,7.08,7.733333333333333,4.42,11.7,3.6837118960816326,3,3,3
50,2022-07-06,7.42,7.116666666666667,3.83,10.1,3.1459868615957904,3,3,3
50,2022-07-07,6.58,6.596666666666667,3.21,10.0,3.3950306822373975,3,3,3
50,2022-07-08,6.17,6.616666666666667,2.88,10.8,3.9788482420586653,3,3,3
50,2022-07-09,5.83,6.53,3.46,10.3,3.4733125399249642,3,3,3
50,2022-07-10,6.33,7.083333333333333,3.92,11.0,3.5996157202308874,3,3,3
50,2022-07-11,6.25,7.1933333333333325,3.63,11.7,4.1168717897614115,3,3,3
50,2022-07-12,7.33,7.34,4.29,10.4,3.0550122749344233,3,3,3
50,2022-07-13,7.83,8.476666666666667,5.7,11.9,3.1501798890433754,3,3,3
50,2022-07-14,6.42,7.446666666666666,3.92,12.0,4.136681439672789,3,3,3
50,2022-07-15,6.13,6.626666666666666,3.75,10.0,3.1544624476023375,3,3,3
50,2022-07-16,5.67,6.920000000000001,4.29,10.8,3.430291532800091,3,3,3
50,2022-07-17,6.67,7.923333333333333,5.0,12.1,3.7122275433132237,3,3,3
50,2022-07-18,8.58,8.953333333333333,5.88,12.4,3.275993487987016,3,3,3
50,2022-07-19,11.0,11.74,7.42,16.8,4.733582153084491,3,3,3
50,2022-07-20,11.865,11.865,9.33,14.4,3.585031380615796,2,2,2
50,2022-07-21,11.13,11.13,8.96,13.3,3.068843430349616,2,2,2
50,2022-07-22,9.005,9.005,6.71,11.3,3.245620125646254,2,2,2
50,2022-07-23,6.83,6.83,5.83,7.83,1.4142135623730951,2,2,2
50,2022-07-24,6.8549999999999995,6.8549999999999995,5.67,8.04,1.675843071412117,2,2,2
50,2022-07-25,9.375,9.375,7.75,11.0,2.2980970388562794,2,2,2
50,2022-07-28,14.5,14.5,12.8,16.2,2.4041630560342604,2,2,2
50,2022-07-29,15.0,15.0,12.3,17.7,3.8183766184073558,2,2,2
50,2022-07-31,12.14,12.14,9.88,14.4,3.1961226509631944,2,2,2
50,2022-08-01,10.41,10.41,8.22,12.6,3.0971277015970777,2,2,2
50,2022-08-02,10.74,10.74,8.88,12.6,2.630437226013956,2,2,2
50,2022-08-03,9.02,9.02,8.33,9.71,0.9758073580374355,2,2,2
50,2022-08-04,7.795,7.795,6.63,8.96,1.6475588001646562,2,2,2
50,2022-08-05,7.965,7.965,5.63,10.3,3.302188668141177,2,2,2
50,2022-08-06,8.395,8.395,7.0,9.79,1.972827919510467,2,2,2
50,2022-08-07,8.0,8.0,6.58,9.42,2.0081832585697947,2,2,2
50,2022-08-08,8.93,8.93,7.46,10.4,2.07889393668845,2,2,2
50,2022-08-09,7.645,7.645,6.04,9.25,2.2698127676088173,2,2,2
50,2022-08-10,8.89,8.89,7.58,10.2,1.8526197667087545,2,2,2
50,2022-08-11,8.065,8.065,6.38,9.75,2.382949852598665,2,2,2
50,2022-08-12,9.440000000000001,9.440000000000001,7.58,11.3,2.630437226013958,2,2,2
50,2022-08-13,8.21,8.21,7.04,9.38,1.6546298679765221,2,2,2
50,2022-08-14,10.2,10.2,10.0,10.4,0.2828427124746186,2,2,2
50,2022-08-15,12.05,12.05,11.1,13.0,1.3435028842544412,2,2,2
50,2022-08-16,9.33,9.33,8.46,10.2,1.2303657992645916,2,2,2
50,2022-08-17,8.895,8.895,7.83,9.96,1.506137443927346,2,2,2
50,2022-08-18,8.15,8.15,6.0,10.3,3.040559159102155,2,2,2
50,2022-08-19,9.725000000000001,9.725000000000001,7.65,11.8,2.934493141924173,2,2,2
50,2022-08-20,11.59,11.59,9.58,13.6,2.842569260369921,2,2,2
50,2022-08-21,15.05,15.05,13.0,17.1,2.899137802864846,2,2,2
50,2022-08-22,12.8,12.8,11.5,14.1,1.838477631085024,2,2,2
50,2022-08-23,6.96,6.96,6.96,6.96,,1,1,1
50,2022-08-24,7.48,7.48,7.48,7.48,,1,1,1
50,2022-08-27,10.395,10.395,7.79,13.0,3.6840263299819123,2,2,2
50,2022-08-28,9.25,9.25,7.0,11.5,3.181980515339464,2,2,2
50,2022-08-29,11.075,11.075,8.85,13.3,3.1466251762801365,2,2,2
50,2022-08-30,15.1,15.1,12.7,17.5,3.3941125496954285,2,2,2
50,2022-08-31,14.75,14.75,12.8,16.7,2.7577164466275343,2,2,2
50,2022-09-01,13.55,13.55,10.6,16.5,4.171930009000631,2,2,2
50,2022-09-02,15.549999999999999,15.549999999999999,13.7,17.4,2.616295090390225,2,2,2
50,2022-09-03,16.1,16.1,14.2,18.0,2.6870057685088824,2,2,2
50,2022-09-04,13.75,13.75,11.3,16.2,3.464823227814082,2,2,2
50,2022-09-05,12.594999999999999,12.594999999999999,9.79,15.4,3.966869042456532,2,2,2
50,2022-09-06,13.6,13.6,10.8,16.4,3.9597979746446645,2,2,2
50,2022-09-07,11.83,11.83,9.46,14.2,3.351686142824234,2,2,2
50,2022-09-08,20.5,20.5,17.4,23.6,4.384062043356597,2,2,2
50,2022-09-09,11.3,11.3,11.3,11.3,,1,1,1
50,2022-09-10,8.48,8.48,6.26,10.7,3.139554108468271,2,2,2
50,2022-09-11,7.79,7.79,5.58,10.0,3.12541197284454,2,2,2
50,2022-09-12,8.14,8.14,5.78,10.5,3.3375440072005045,2,2,2
50,2022-09-13,10.295,10.295,8.29,12.3,2.8354981925580565,2,2,2
50,2022-09-14,10.045,10.045,7.79,12.3,3.1890515831513295,2,2,2
50,2022-09-15,9.615,9.615,6.83,12.4,3.93858477120907,2,2,2
50,2022-09-16,8.47,8.47,6.14,10.8,3.2951176003293123,2,2,2
50,2022-09-17,9.04,9.04,6.88,11.2,3.0547012947258847,2,2,2
50,2022-09-18,9.615,9.615,7.13,12.1,3.5143207024971415,2,2,2
50,2022-09-19,8.295,8.295,6.63,9.96,2.354665581351204,2,2,2
50,2022-09-20,9.405,9.405,7.21,11.6,3.104198769408943,2,2,2
50,2022-09-21,9.925,9.925,7.25,12.6,3.78302127934803,2,2,2
50,2022-09-22,12.235,12.235,9.67,14.8,3.6274577874869887,2,2,2
50,2022-09-23,13.1,13.1,11.5,14.7,2.2627416997969516,2,2,2
50,2022-09-26,7.585000000000001,7.585000000000001,5.71,9.46,2.651650429449554,2,2,2
50,2022-09-27,7.395,7.395,6.04,8.75,1.9162593770155434,2,2,2
50,2022-09-28,11.92,11.92,9.54,14.3,3.3658282784479674,2,2,2
50,2022-09-29,18.55,18.55,16.3,20.8,3.181980515339464,2,2,2
50,2022-09-30,18.25,18.25,16.7,19.8,2.1920310216782983,2,2,2
50,2022-10-01,11.335,11.335,9.67,13.0,2.354665581351204,2,2,2
50,2022-10-02,7.1899999999999995,7.1899999999999995,5.71,8.67,2.0930360723121804,2,2,2
50,2022-10-03,7.605,7.605,5.88,9.33,2.4395183950935895,2,2,2
50,2022-10-04,8.065,8.065,6.38,9.75,2.382949852598665,2,2,2
50,2022-10-05,8.245,8.245,6.29,10.2,2.7647875144394,2,2,2
50,2022-10-06,10.95,10.95,9.0,12.9,2.757716446627535,2,2,2
50,2022-10-07,13.2,13.2,12.0,14.4,1.6970562748477136,2,2,2
50,2022-10-08,11.42,11.42,9.54,13.3,2.65872149726142,2,2,2
50,2022-10-09,11.605,11.605,9.71,13.5,2.6799347006970144,2,2,2
50,2022-10-10,11.065000000000001,11.065000000000001,8.83,13.3,3.1607673119038684,2,2,2
50,2022-10-11,9.07,9.07,6.54,11.6,3.5779603128039303,2,2,2
50,2022-10-12,13.85,13.85,12.2,15.5,2.333452377915607,2,2,2
50,2022-10-13,16.1,16.1,15.0,17.2,1.5556349186104053,2,2,2
50,2022-10-14,16.8,16.8,15.0,18.6,2.545584412271572,2,2,2
50,2022-10-15,16.5,16.5,14.8,18.2,2.4041630560342604,2,2,2
50,2022-10-16,21.15,21.15,20.5,21.8,0.9192388155425111,2,2,2
50,2022-10-17,26.450000000000003,26.450000000000003,24.8,28.1,2.3334523779156084,2,2,2
50,2022-10-18,32.1,32.1,31.7,32.5,0.5656854249492398,2,2,2
50,2022-10-19,29.45,29.45,28.2,30.7,1.7677669529663689,2,2,2
50,2022-10-20,24.5,24.5,24.5,24.5,,1,1,1
50,2022-10-21,25.85,25.85,24.8,26.9,1.4849242404917495,2,2,2
50,2022-10-22,22.55,22.55,21.8,23.3,1.0606601717798212,2,2,2
50,2022-10-23,12.9,12.9,11.5,14.3,1.9798989873223336,2,2,2
50,2022-10-26,31.25,31.25,31.1,31.4,0.21213203435596223,2,2,2
50,2022-10-27,26.05,26.05,25.5,26.6,0.7778174593052033,2,2,2
50,2022-10-28,18.05,18.05,17.3,18.8,1.0606601717798212,2,2,2
50,2022-10-29,14.7,14.7,13.1,16.3,2.2627416997969525,2,2,2
50,2022-10-30,18.9,18.9,16.5,21.3,3.394112549695427,2,2,2
50,2022-10-31,22.35,22.35,20.7,24.0,2.3334523779156084,2,2,2
50,2022-11-01,24.5,24.5,23.5,25.5,1.4142135623730951,2,2,2
50,2022-11-02,25.95,25.95,24.5,27.4,2.050609665440987,2,2,2
50,2022-11-03,25.85,25.85,25.2,26.5,0.9192388155425135,2,2,2
50,2022-11-04,23.85,23.85,23.7,24.0,0.21213203435596603,2,2,2
50,2022-11-05,24.15,24.15,24.0,24.3,0.21213203435596603,2,2,2
50,2022-11-08,25.8,25.8,24.6,27.0,1.6970562748477132,2,2,2
50,2022-11-09,32.150000000000006,32.150000000000006,30.1,34.2,2.899137802864843,2,2,2
50,2022-11-10,27.7,27.7,27.0,28.4,0.9899494936611655,2,2,2
50,2022-11-11,24.7,22.900000000000002,17.0,27.0,5.237365750069401,3,3,3
50,2022-11-12,26.0,23.03333333333333,16.1,27.0,6.025224753760919,3,3,3
50,2022-11-13,24.1,21.7,14.2,26.8,6.634003316248797,3,3,3
50,2022-11-14,19.8,18.633333333333333,12.2,23.9,5.936609582357033,3,3,3
50,2022-11-15,17.4,17.7,12.9,22.8,4.956813492557494,3,3,3
50,2022-11-16,11.3,12.103333333333333,7.71,17.3,4.845207253909098,3,3,3
50,2022-11-17,9.415,9.415,7.33,11.5,2.9486352775479023,2,2,2
50,2022-11-18,10.8,10.8,10.8,10.8,,1,1,1
50,2022-11-19,12.3,11.68,6.04,16.7,5.356976759329837,3,3,3
50,2022-11-20,13.8,12.67,6.71,17.5,5.483037479353939,3,3,3
50,2022-11-21,14.8,13.61,7.63,18.4,5.4827274234636185,3,3,3
50,2022-11-22,13.5,13.18,7.54,18.5,5.48700282485803,3,3,3
50,2022-11-25,17.5,15.1425,5.17,20.4,6.805088169891702,4,4,4
50,2022-11-26,17.4,15.4925,5.67,21.5,6.845160699355421,4,4,4
50,2022-11-27,12.8,12.8275,7.11,18.6,4.716392512644949,4,4,4
50,2022-11-28,17.2,15.766666666666666,12.3,17.8,3.0171730698343,3,3,3
50,2022-11-29,14.9,15.966666666666667,14.7,18.3,2.023198787399137,3,3,3
50,2022-11-30,14.3,15.266666666666666,13.8,17.7,2.1221058723196,3,3,3
50,2022-12-01,15.4,16.1,15.3,17.6,1.3,3,3,3
50,2022-12-02,11.6,12.5,10.1,15.8,2.9546573405388314,3,3,3
50,2022-12-03,14.85,14.85,14.7,15.0,0.21213203435596475,2,2,2
50,2022-12-04,16.4,16.4,14.8,18.0,2.2627416997969503,2,2,2
50,2022-12-05,15.8,15.8,14.4,17.2,1.979898987322333,2,2,2
50,2022-12-06,17.1,17.1,16.9,17.3,0.2828427124746193,2,2,2
50,2022-12-07,18.7,18.7,18.7,18.7,,1,1,1
50,2022-12-08,19.7,19.7,19.7,19.7,,1,1,1
50,2022-12-09,20.2,20.2,20.2,20.2,,1,1,1
50,2022-12-10,16.0,16.0,11.2,20.8,4.800000000000001,3,3,3
50,2022-12-11,14.65,14.65,12.8,16.5,2.616295090390225,2,2,2
50,2022-12-12,15.4,15.4,14.2,16.6,1.6970562748477156,2,2,2
50,2022-12-13,22.1,20.5,15.1,24.3,4.804164859785725,3,3,3
50,2022-12-14,28.0,26.7,20.4,31.7,5.761076288333631,3,3,3
50,2022-12-15,32.6,30.133333333333336,22.7,35.1,6.557692683660416,3,3,3
50,2022-12-16,30.8,30.53333333333333,24.2,36.6,6.204299584427991,3,3,3
50,2022-12-17,30.8,29.5,21.6,36.1,7.336893075410054,3,3,3
50,2022-12-18,29.1,28.099999999999998,22.7,32.5,4.975942121849893,3,3,3
50,2022-12-19,28.9,28.03333333333333,23.8,31.4,3.87341365378568,3,3,3
50,2022-12-20,31.2,28.733333333333334,23.4,31.6,4.62313025268955,3,3,3
50,2022-12-21,33.25,31.475,22.7,36.7,6.078582619876666,4,4,4
50,2022-12-22,33.95,31.6,21.6,36.9,6.837640918718482,4,4,4
50,2022-12-25,40.3,37.875,28.6,42.3,6.256929491904688,4,4,4
50,2022-12-26,35.900000000000006,32.775,21.5,37.8,7.591387664101121,4,4,4
50,2022-12-27,33.0,29.85,19.6,33.8,6.855897704409927,4,4,4
50,2022-12-28,31.85,28.8,19.6,31.9,6.133514490078261,4,4,4
50,2022-12-29,32.65,29.7,20.5,33.0,6.14220373047546,4,4,4
50,2022-12-30,32.65,30.075,21.0,34.0,6.155417667930151,4,4,4
50,2022-12-31,30.25,27.95,19.6,31.7,5.641808220774612,4,4,4
50,2023-01-01,30.9,28.349999999999998,16.7,34.9,8.098353742170895,4,4,4
50,2023-01-02,26.4,23.5,13.8,27.4,6.5023072828035415,4,4,4
50,2023-01-04,22.65,19.7,10.0,23.5,6.494613152451807,4,4,4
50,2023-01-05,20.700000000000003,18.6,11.1,21.9,5.055689863905815,4,4,4
50,2023-01-06,19.5,17.4925,9.67,21.3,5.2861036375261,4,4,4
50,2023-01-07,14.4,13.83,8.42,18.1,4.357782310610141,4,4,4
50,2023-01-08,24.25,22.825,12.5,30.3,7.673927720969665,4,4,4
50,2023-01-09,31.1,31.433333333333337,30.0,33.2,1.6258331197676283,3,3,3
50,2023-01-10,29.1,27.225,17.9,32.8,6.469608437404332,4,4,4
50,2023-01-11,26.55,26.55,25.3,27.8,1.7677669529663689,2,2,2
50,2023-01-17,35.1,34.800000000000004,32.5,36.8,2.165640782770773,3,3,3
50,2023-01-18,41.1,40.575,31.5,48.6,7.054726547972407,4,4,4
50,2023-01-19,46.95,42.4,28.2,47.5,9.477341399358789,4,4,4
50,2023-01-20,38.599999999999994,35.775,24.0,41.9,8.004321749321841,4,4,4
50,2023-01-21,36.1,36.800000000000004,34.8,39.5,2.426932219902318,3,3,3
50,2023-01-24,37.0,37.0,35.0,39.0,2.0,3,3,3
50,2023-01-25,44.099999999999994,44.099999999999994,42.4,45.8,2.404163056034263,2,2,2
50,2023-01-26,45.5,43.1,32.7,48.7,7.454752399196993,4,4,4
50,2023-01-27,43.7,45.76666666666667,38.0,55.6,8.980163324424192,3,3,3
50,2023-01-28,51.5,49.73333333333333,42.8,54.9,6.240459384799594,3,3,3
50,2023-01-29,47.599999999999994,46.1,38.7,50.5,5.452828012447606,4,4,4
50,2023-01-30,40.05,37.95,30.0,41.7,5.35692697977737,4,4,4
50,2023-01-31,41.05,40.1,36.3,42.0,2.6870057685088815,4,4,4
50,2023-02-01,50.2,51.900000000000006,46.5,60.7,6.174679478860961,4,4,4
50,2023-02-15,89.0,131.425,79.7,268.0,91.15552186602118,4,4,4
50,2023-03-20,45.6,45.63333333333333,39.6,51.7,6.050068870131426,3,3,3
50,2023-03-22,65.0,73.8,60.3,96.1,19.454819454315167,3,3,3
50,2023-03-25,84.5,135.66666666666666,76.5,246.0,95.6351574126029,3,3,3
50,2023-03-26,115.0,179.0,107.0,315.0,117.84735890124988,3,3,3
50,2023-03-27,113.0,174.33333333333334,106.0,304.0,112.34915813362082,3,3,3
50,2023-03-28,96.0,154.9,95.7,273.0,102.27771018164222,3,3,3
50,2023-03-29,110.5,151.375,92.5,292.0,94.17658502338395,4,4,4
50,2023-03-30,151.5,202.75,132.0,376.0,115.883202694207,4,4,4
50,2023-03-31,162.0,203.75,145.0,346.0,95.39523048874089,4,4,4
50,2023-04-01,196.0,228.25,186.0,335.0,71.32729725240775,4,4,4
50,2023-04-02,185.0,210.25,176.0,295.0,56.80595626047207,4,4,4
50,2023-04-03,97.6,139.63333333333333,97.3,224.0,73.06383054106412,3,3,3
50,2023-04-04,97.7,136.5,89.8,222.0,74.15045515706562,3,3,3
50,2023-04-05,135.0,167.33333333333334,122.0,245.0,67.57465007925185,3,3,3
50,2023-04-07,227.0,228.0,174.0,284.0,45.04072231510799,4,4,4
50,2023-04-08,195.5,200.0,149.0,260.0,46.021733996015406,4,4,4
50,2023-04-09,134.0,134.0,134.0,134.0,,1,1,1
50,2023-04-10,115.0,115.0,115.0,115.0,,1,1,1
50,2023-04-11,120.5,135.0,109.0,190.0,37.067505985701274,4,4,4
50,2023-04-12,141.0,166.0,133.0,249.0,55.48573390220829,4,4,4
50,2023-04-16,143.0,160.75,114.0,243.0,56.72374576254052,4,4,4
50,2023-04-17,92.55,112.55,72.1,193.0,54.499571863761766,4,4,4
50,2023-04-20,87.2,94.5,73.6,130.0,24.52019575778301,4,4,4
50,2023-04-21,76.94999999999999,83.55,63.3,117.0,23.248870940327407,4,4,4
50,2023-04-24,42.3,41.325,32.4,48.3,6.87331797605785,4,4,4
50,2023-04-27,48.45,46.525000000000006,35.1,54.1,8.194459510343966,4,4,4
50,2023-04-29,46.650000000000006,47.55,36.3,60.6,9.974801585328235,4,4,4
50,2023-04-30,53.099999999999994,56.55,39.3,80.7,17.57242157472897,4,4,4
50,2023-05-01,37.2,36.2,24.1,46.3,9.525404628325944,4,4,4
50,2023-05-02,29.1,28.4,21.0,34.4,5.559376463837169,4,4,4
50,2023-05-03,23.6,24.45,20.7,29.9,4.122701379758989,4,4,4
50,2023-05-04,25.950000000000003,25.225,20.1,28.9,3.7268172301129368,4,4,4
50,2023-05-05,36.0,33.9,28.0,37.7,5.179768334587948,3,3,3
50,2023-05-06,48.7,45.333333333333336,38.3,49.0,6.092892033618631,3,3,3
50,2023-05-07,52.85,48.625,34.9,53.9,9.183817289123299,4,4,4
50,2023-05-11,18.1,18.2,13.2,23.4,4.216633728461603,4,4,4
50,2023-05-12,14.549999999999999,15.45,11.1,21.6,4.662259824019537,4,4,4
50,2023-05-17,21.3,20.633333333333336,19.1,21.5,1.3316656236958777,3,3,3
50,2023-05-18,27.5,27.099999999999998,24.3,29.5,2.6229754097207993,3,3,3
50,2023-05-20,26.55,26.475,18.0,34.8,7.297202660380666,4,4,4
50,2023-05-21,29.0,28.2,18.0,36.8,7.974960814950752,4,4,4
50,2023-05-22,29.200000000000003,28.425,19.5,35.8,7.1472022498317465,4,4,4
50,2023-05-26,23.6,22.0725,9.89,31.2,9.1084406825025,4,4,4
50,2023-06-01,12.7,13.966666666666667,12.0,17.2,2.821937868439582,3,3,3
50,2023-06-04,14.4,14.933333333333332,10.2,20.2,5.0212880153734805,3,3,3
50,2023-06-05,11.6,13.233333333333334,11.0,17.1,3.362043029667131,3,3,3
50,2023-06-08,10.88,10.88,8.46,13.3,3.42239682094289,2,2,2
50,2023-06-09,15.25,15.25,12.3,18.2,4.171930009000629,2,2,2
50,2023-06-10,12.1,12.1,12.1,12.1,,1,1,1
50,2023-06-11,18.6,18.6,14.8,22.4,5.374011537017761,2,2,2
50,2023-06-18,12.364999999999998,12.364999999999998,9.53,15.2,4.009295449327724,2,2,2
50,2023-06-19,9.78,9.78,7.06,12.5,3.8466608896548182,2,2,2
50,2023-06-22,9.02,9.02,6.74,11.3,3.2244069222106564,2,2,2
50,2023-07-08,9.84,9.84,8.78,10.9,1.4990663761154814,2,2,2
50,2023-07-09,10.205,10.205,7.51,12.9,3.8113055505954914,2,2,2
50,2023-07-18,11.55,12.735,9.12,17.0,3.3033792222078118,8,8,8
50,2023-07-19,10.8,12.950000000000001,8.59,22.2,5.18214627350483,6,6,6
50,2023-07-20,11.2,9.866666666666667,6.71,14.1,2.6185205746757076,9,9,9
50,2023-07-21,4.37,7.118571428571428,3.14,18.3,5.654153130137848,7,7,7
50,2023-07-22,5.32,7.359999999999999,3.65,16.5,4.802570145245148,6,6,6
50,2023-07-23,8.44,10.700000000000001,6.94,22.8,6.057894023503548,6,6,6
50,2023-07-24,11.149999999999999,12.831666666666665,9.92,20.2,3.9936770859280384,6,6,6
50,2023-07-25,11.8,15.281428571428572,9.67,28.6,7.073006028960691,7,7,7
50,2023-07-26,5.04,8.68142857142857,3.89,26.7,8.368154771854682,7,7,7
50,2023-07-27,4.14,10.739999999999998,1.87,47.8,16.45136873738271,7,7,7
50,2023-07-28,3.91,7.801428571428572,2.06,27.1,8.8421008600359,7,7,7
50,2023-07-29,4.735,6.371666666666667,2.74,15.2,4.488110589843645,6,6,6
50,2023-07-30,3.925,5.398333333333333,2.65,14.4,4.4494018324564335,6,6,6
50,2023-07-31,3.45,5.107142857142857,2.71,9.97,3.142237601273517,7,7,7
50,2023-08-01,6.25,7.685,2.62,18.1,5.433550404661762,6,6,6
50,2023-08-02,13.15,15.211666666666666,5.87,33.5,9.650783215193815,6,6,6
50,2023-08-03,7.65,11.246666666666668,4.36,32.5,10.62363905009327,6,6,6
50,2023-08-04,12.9,14.952857142857143,6.25,43.5,13.114694956785073,7,7,7
50,2023-08-05,17.0,21.375714285714285,9.73,58.6,16.997523208929447,7,7,7
50,2023-08-06,15.3,22.228571428571428,10.4,65.4,19.450939504791222,7,7,7
50,2023-08-07,15.8,16.544285714285714,3.5,40.7,12.147487884528305,7,7,7
50,2023-08-08,15.6,18.77285714285714,4.92,62.3,19.97797346603313,7,7,7
50,2023-08-09,13.55,13.428333333333333,8.71,20.1,4.106552893445629,6,6,6
50,2023-08-10,14.7,13.024285714285714,7.41,19.2,4.756339128443419,7,7,7
50,2023-08-11,13.7,13.31857142857143,8.59,20.8,4.16875852251574,7,7,7
50,2023-08-12,18.1,18.922222222222224,12.9,27.5,4.340442885748463,9,9,9
50,2023-08-13,22.0,21.87142857142857,15.5,31.8,5.329075681489954,7,7,7
50,2023-08-14,20.5,20.514285714285712,15.3,25.3,3.3657235831385854,7,7,7
50,2023-08-15,15.7,15.937777777777777,8.84,21.7,3.9810607185076248,9,9,9
50,2023-08-16,13.7,13.297142857142857,8.99,18.7,3.605369672612016,7,7,7
50,2023-08-17,8.88,10.635714285714286,8.0,20.0,4.283362608756728,7,7,7
50,2023-08-18,7.655,8.799999999999999,5.18,16.2,3.8470820110832054,6,6,6
50,2023-08-19,8.86,9.875714285714285,6.27,20.8,4.9834354186071845,7,7,7
50,2023-08-20,11.6,12.904285714285715,6.43,24.4,5.682000402272827,7,7,7
50,2023-08-21,11.5,12.055714285714286,7.89,18.6,3.40539697706869,7,7,7
50,2023-08-22,11.7,11.802857142857144,8.18,16.5,2.7890841644149926,7,7,7
50,2023-08-23,5.76,5.854285714285714,3.24,9.94,2.050120786220958,7,7,7
50,2023-08-24,7.22,7.882857142857143,4.28,15.5,3.6618151886995163,7,7,7
50,2023-08-25,8.57,8.297142857142857,5.56,10.9,1.7280983217177803,7,7,7
50,2023-08-26,8.28,9.48857142857143,7.09,15.8,3.106248694547968,7,7,7
50,2023-08-27,15.5,15.575714285714286,9.03,23.5,4.3779898627218445,7,7,7
50,2023-08-28,18.7,20.87142857142857,13.4,44.3,10.662975551835784,7,7,7
50,2023-08-29,11.6,12.846666666666668,8.86,17.7,3.3688573730569247,9,9,9
50,2023-08-30,10.045,10.736666666666666,9.42,14.3,1.8054657755456534,6,6,6
50,2023-08-31,8.35,9.775714285714287,6.74,17.5,3.846053636057169,7,7,7
50,2023-09-01,9.29,9.655714285714286,7.22,16.0,2.9694267524381264,7,7,7
50,2023-09-02,6.23,6.7299999999999995,5.54,8.66,1.2185784067237253,7,7,7
50,2023-09-03,14.6,15.988888888888889,11.3,24.5,4.65280679924614,9,9,9
50,2023-09-04,21.5,21.7,15.6,29.5,4.93051721424842,7,7,7
50,2023-09-05,17.5,16.75714285714286,11.6,23.1,3.935673234597076,7,7,7
50,2023-09-06,5.45,6.11,2.77,9.14,2.3713357698422497,7,7,7
50,2023-09-07,2.98,3.7671428571428573,2.23,6.8,1.7973008863822655,7,7,7
50,2023-09-08,4.31,5.161428571428571,2.47,10.5,2.663527914699028,7,7,7
50,2023-09-09,7.79,8.34142857142857,5.01,14.7,3.362595369509632,7,7,7
50,2023-09-10,8.16,8.602857142857143,5.05,15.3,3.4288225106476142,7,7,7
50,2023-09-11,5.01,5.135714285714286,3.3,8.64,1.7344630018429064,7,7,7
50,2023-09-12,4.1,3.787142857142857,1.73,7.34,1.893195836724367,7,7,7
50,2023-09-13,4.82,4.781428571428571,1.89,8.99,2.236309672737869,7,7,7
50,2023-09-14,6.41,6.625714285714286,2.34,10.9,3.073802515576091,7,7,7
50,2023-09-15,4.529999999999999,4.9433333333333325,2.3,9.94,2.7305139931277895,6,6,6
50,2023-09-16,8.03,8.03,8.03,8.03,,1,1,1
50,2023-09-17,2.8499999999999996,3.5383333333333336,1.98,8.12,2.293062726282616,6,6,6
50,2023-09-18,3.845,3.8466666666666662,1.81,6.88,1.7452411485713561,6,6,6
50,2023-09-19,4.515000000000001,4.76,2.62,9.12,2.339495672148166,6,6,6
50,2023-09-20,4.29,5.118333333333333,2.35,11.1,3.07899604849806,6,6,6
50,2023-09-21,6.195,7.01375,3.87,12.1,2.7165310731571926,8,8,8
50,2023-09-22,8.56,10.031428571428572,6.69,19.3,4.330194101005283,7,7,7
50,2023-09-23,12.7,14.285714285714286,10.4,25.5,5.137907671231086,7,7,7
50,2023-09-24,14.0,15.857142857142858,12.0,26.8,4.976899015403448,7,7,7
50,2023-09-25,14.1,15.771428571428572,11.4,27.9,5.621303017899641,7,7,7
50,2023-09-26,14.9,15.657142857142857,11.7,24.2,4.133544541454764,7,7,7
50,2023-09-27,10.9,12.049999999999999,8.78,20.3,4.04177766170613,7,7,7
50,2023-09-28,2.68,3.4785714285714286,1.65,8.25,2.216065797544743,7,7,7
50,2023-09-29,1.77,2.056857142857143,0.748,5.8,1.704209242686221,7,7,7
50,2023-09-30,1.27,2.14,1.04,7.02,2.1650173209468786,7,7,7
50,2023-10-01,2.07,2.4244444444444446,1.16,5.59,1.3838543195646635,9,9,9
50,2023-10-02,3.715,4.379,1.38,9.26,2.6330989347155187,10,10,10
50,2023-10-03,4.605,5.923,3.55,11.0,2.8015870502270674,10,10,10
50,2023-10-04,6.715,8.748000000000001,5.49,16.0,3.8346281871041072,10,10,10
50,2023-10-05,15.899999999999999,16.82875,9.53,27.0,5.384054333996692,8,8,8
50,2023-10-06,11.9,13.51375,8.31,22.9,4.670646750871721,8,8,8
50,2023-10-07,10.515,11.213,6.39,20.9,4.580686629753229,10,10,10
50,2023-10-08,4.66,6.804444444444445,3.81,12.5,3.232924802369795,9,9,9
50,2023-10-09,4.515000000000001,6.12875,1.99,12.6,3.7867190378253,8,8,8
50,2023-10-10,6.16,7.495,4.24,11.4,2.6728315643580256,8,8,8
50,2023-10-11,14.649999999999999,15.35375,9.43,21.4,3.717598831427158,8,8,8
50,2023-10-12,7.79,8.972222222222221,5.66,15.1,3.046895049791581,9,9,9
50,2023-10-13,9.19,9.351111111111111,4.57,16.6,4.0949372536232,9,9,9
50,2023-10-14,5.61,5.92,3.7,9.35,1.9280430493119183,9,9,9
50,2023-10-15,5.81,6.817777777777778,3.39,13.8,3.158598493706417,9,9,9
50,2023-10-16,4.92,5.817777777777778,2.95,11.1,2.657977510146473,9,9,9
50,2023-10-17,9.64,11.39111111111111,5.93,18.0,4.661063302628609,9,9,9
50,2023-10-18,16.4,18.655555555555555,12.0,30.0,6.532440415172402,9,9,9
50,2023-10-19,18.0,18.48888888888889,11.7,28.1,6.001550725530121,9,9,9
50,2023-10-20,10.1,11.267777777777777,6.54,18.4,3.914287220484011,9,9,9
50,2023-10-21,17.6,17.788888888888888,11.3,26.4,4.878382017750466,9,9,9
50,2023-10-22,25.4,24.988888888888887,16.4,33.0,5.814517272406292,9,9,9
50,2023-10-23,17.2,17.4,12.5,24.6,3.9733487136167653,9,9,9
50,2023-10-24,19.7,20.82,13.8,32.3,5.865871158186518,10,10,10
50,2023-10-25,20.7,21.52,14.6,32.6,5.896477291098851,10,10,10
50,2023-10-26,18.4,20.175,14.2,30.8,5.227571137727348,12,12,12
50,2023-10-27,18.15,18.441666666666666,11.7,28.1,4.685268660839251,12,12,12
50,2023-10-28,7.620000000000001,9.146,5.22,17.2,4.10653733562583,10,10,10
50,2023-10-29,11.05,11.955,6.54,19.3,4.013933686094433,12,12,12
50,2023-10-30,8.79,9.943333333333333,5.73,16.9,3.4474584402092066,12,12,12
50,2023-10-31,2.6950000000000003,3.56,1.85,7.01,1.8259692320418865,12,12,12
50,2023-11-01,8.23,8.583333333333334,3.2,15.9,4.353536354261761,12,12,12
50,2023-11-02,14.0,15.637500000000001,8.35,27.2,5.9034321681235875,12,12,12
50,2023-11-03,17.4,17.164615384615384,8.94,30.3,5.774017398923988,13,13,13
50,2023-11-04,15.9,18.638461538461538,10.9,30.2,5.680601268284086,13,13,13
50,2023-11-05,17.3,20.13076923076923,11.8,30.8,6.929572451383589,13,13,13
50,2023-11-07,21.3,22.423076923076923,14.5,33.5,6.109030725921783,13,13,13
50,2023-11-08,20.799999999999997,21.558333333333334,13.7,33.0,6.029994472081491,12,12,12
50,2023-11-09,20.5,21.72307692307692,14.1,35.2,5.905950931920821,13,13,13
50,2023-11-10,23.2,24.27692307692308,16.2,36.5,6.137474215309565,13,13,13
50,2023-11-11,23.6,24.084615384615386,15.1,36.4,6.004837793236128,13,13,13
50,2023-11-12,24.299999999999997,36.65,17.5,104.0,29.3841484786982,12,12,12
50,2023-11-13,16.8,17.23076923076923,11.0,26.0,4.069476750841688,13,13,13
50,2023-11-14,11.7,12.105384615384615,8.05,18.6,3.4291656307441487,13,13,13
50,2023-11-15,16.3,15.623846153846152,8.36,25.7,5.693510250658988,13,13,13
50,2023-11-16,14.0,15.8025,8.66,26.1,6.404538341179351,12,12,12
50,2023-11-17,10.094999999999999,15.26,6.78,66.2,16.415141015095013,12,12,12
50,2023-11-18,16.6,19.866666666666667,12.5,33.2,7.077664398184852,12,12,12
50,2023-11-19,19.799999999999997,23.241666666666664,13.4,33.6,7.898614186083915,12,12,12
50,2023-11-20,20.1,23.707692307692305,13.7,33.6,7.338876110420626,13,13,13
50,2023-11-21,23.3,25.523076923076925,17.1,34.8,6.1199338022228424,13,13,13
50,2023-11-22,27.6,32.392307692307696,21.2,44.7,8.635436829180632,13,13,13
50,2023-11-23,35.2,36.784615384615385,21.6,56.6,10.217619272107548,13,13,13
50,2023-11-24,37.5,35.836363636363636,23.7,46.3,7.77808109076689,11,11,11
50,2023-11-25,29.3,30.291666666666668,17.8,40.2,8.089101347248691,12,12,12
50,2023-11-26,35.7,32.56923076923077,20.7,41.4,7.352707507599338,13,13,13
50,2023-11-27,36.9,33.661538461538456,20.5,45.0,8.674919640505653,13,13,13
50,2023-11-28,36.9,33.176923076923075,21.2,43.5,7.4330516216596,13,13,13
50,2023-11-29,43.5,41.23846153846154,24.0,55.1,10.206332875682175,13,13,13
50,2023-11-30,41.8,43.353846153846156,27.9,55.3,8.899308529750629,13,13,13
50,2023-12-01,42.8,40.5,25.5,51.4,8.492251370121666,13,13,13
50,2023-12-02,35.4,32.05384615384615,21.1,41.5,7.280638179973807,13,13,13
50,2023-12-03,27.0,24.0,12.1,36.0,9.10659101969557,13,13,13
50,2023-12-05,23.8,29.446153846153848,19.6,42.0,9.440305025493561,13,13,13
50,2023-12-06,20.9,24.40833333333333,15.3,37.9,7.382221682508387,12,12,12
50,2023-12-07,29.799999999999997,30.625,20.3,39.7,6.293160067594312,12,12,12
50,2023-12-08,28.4,33.853846153846156,21.7,46.9,9.631079498565688,13,13,13
50,2023-12-09,42.8,39.88461538461539,23.2,54.5,10.904192324808394,13,13,13
50,2023-12-10,24.7,26.271428571428572,16.0,37.1,7.416242939700625,14,14,14
50,2023-12-11,20.049999999999997,19.657142857142855,11.9,30.9,5.751617068364244,14,14,14
50,2023-12-12,33.5,33.85,21.7,45.7,7.5082262578096,14,14,14
50,2023-12-13,46.75,47.371428571428574,30.0,62.2,10.328930883049473,14,14,14
50,2023-12-14,47.0,46.371428571428574,30.4,59.7,9.748327554503394,14,14,14
50,2023-12-15,41.599999999999994,42.271428571428565,28.7,56.2,9.229920290632448,14,14,14
50,2023-12-16,35.4,33.66428571428572,22.3,45.5,7.728628810901924,14,14,14
50,2023-12-17,36.0,37.478571428571435,22.7,90.3,17.18971868796661,14,14,14
50,2023-12-18,37.15,36.892857142857146,23.8,56.1,9.014045816281499,14,14,14
50,2023-12-19,34.25,33.65,22.4,45.6,8.529924699820942,14,14,14
50,2023-12-20,32.2,31.042857142857144,18.6,45.2,9.528476695247155,14,14,14
50,2023-12-21,32.6,30.814285714285713,18.8,43.1,8.86061789327073,14,14,14
50,2023-12-22,28.450000000000003,29.766666666666666,21.4,41.0,7.671000092832904,12,12,12
50,2023-12-23,27.3,28.107692307692307,19.2,37.8,6.879736130896971,13,13,13
50,2023-12-24,38.1,37.53846153846154,26.4,50.8,7.942872954368006,13,13,13
50,2023-12-25,38.4,37.41538461538461,26.3,47.0,7.286270897361943,13,13,13
50,2023-12-26,43.3,41.49230769230769,27.6,55.9,9.42969260178202,13,13,13
50,2023-12-27,46.2,45.392307692307696,29.3,62.0,10.96117858158674,13,13,13
50,2023-12-28,45.2,43.17692307692308,27.6,55.7,9.423654090121115,13,13,13
50,2023-12-29,39.5,39.5,24.5,59.4,11.147421226454123,13,13,13
50,2023-12-30,36.3,35.61538461538461,22.4,50.5,9.970276338016426,13,13,13
50,2023-12-31,37.2,36.65384615384615,22.7,56.4,12.174605769429483,13,13,13
50,2024-01-01,37.2,35.36923076923077,20.1,65.8,13.122270167885372,13,13,13
50,2024-01-02,31.6,31.007692307692306,18.1,43.3,9.943629580327759,13,13,13
50,2024-01-03,26.85,28.357142857142858,16.2,45.2,8.875525057986433,14,14,14
50,2024-01-04,31.450000000000003,33.05,19.7,62.0,11.036704496988499,14,14,14
50,2024-01-05,28.4,30.372222222222224,13.9,45.0,9.805628968971048,18,18,18
50,2024-01-06,26.15,28.288888888888888,14.7,40.8,8.058673726006173,18,18,18
50,2024-01-07,31.75,32.19444444444444,15.1,54.0,10.70401091522251,18,18,18
50,2024-01-08,37.3,34.77777777777778,17.8,49.9,8.986365852881244,18,18,18
50,2024-01-09,31.55,30.688888888888886,15.8,43.8,7.552552267388421,18,18,18
50,2024-01-10,26.65,27.383333333333333,14.2,39.3,7.073084858232984,18,18,18
50,2024-01-11,25.700000000000003,27.233333333333334,15.8,38.7,7.282371947138556,18,18,18
50,2024-01-12,22.35,25.494444444444444,12.7,39.6,8.305170056850288,18,18,18
50,2024-01-13,23.2,24.37222222222222,12.4,36.0,7.370354413663329,18,18,18
50,2024-01-14,36.5,35.535714285714285,23.9,43.7,7.149890493282682,14,14,14
50,2024-01-15,38.2,37.483333333333334,23.3,51.9,9.15200074557792,18,18,18
50,2024-01-16,33.75,32.43571428571429,21.7,41.0,6.440688823990222,14,14,14
50,2024-01-17,29.450000000000003,28.211111111111112,16.0,38.4,7.179537006937629,18,18,18
50,2024-01-18,26.0,26.23125,14.0,36.9,7.522297410587629,16,16,16
50,2024-01-19,20.2,22.322222222222223,12.1,32.2,6.0726538006876805,18,18,18
50,2024-01-20,15.600000000000001,18.204444444444444,9.38,28.5,5.961553510741803,18,18,18
50,2024-01-21,22.75,26.071428571428573,17.3,34.0,6.335544244902791,14,14,14
50,2024-01-22,30.95,31.45555555555556,14.8,45.3,9.123610109924059,18,18,18
50,2024-01-23,32.55,33.888888888888886,19.4,47.1,8.91805101952933,18,18,18
50,2024-01-24,40.2,38.705555555555556,23.0,51.0,8.248741238888742,18,18,18
50,2024-01-25,41.9,42.54736842105263,28.6,60.2,8.85973215177353,19,19,19
50,2024-01-26,43.85,45.06111111111111,24.9,107.0,18.26794488872562,18,18,18
50,2024-01-27,27.75,26.375,16.6,33.4,7.113543420827625,4,4,4
50,2024-01-28,44.9,55.09473684210526,21.5,307.0,61.86568312512206,19,19,19
50,2024-01-29,45.2,48.973684210526315,19.3,214.0,41.270581964306174,19,19,19
50,2024-01-30,24.1,25.075,19.5,32.6,5.924173641389433,4,4,4
50,2024-01-31,26.0,28.97222222222222,13.2,72.3,12.704783978789738,18,18,18
50,2024-02-01,18.5,20.057142857142857,13.7,29.8,5.64360963128472,14,14,14
50,2024-02-03,25.6,27.538095238095234,13.9,39.1,7.8613278897700365,21,21,21
50,2024-02-04,47.0,45.39047619047619,31.7,58.7,8.550374539276325,21,21,21
50,2024-02-05,34.8,34.0,25.2,41.2,6.7769216217001285,4,4,4
50,2024-02-06,27.3,27.174999999999997,20.8,33.3,6.28987281270456,4,4,4
50,2024-02-07,26.6,26.15,21.0,30.4,4.3401228861250765,4,4,4
50,2024-02-09,35.8,35.55,29.7,40.9,5.084289527554463,4,4,4
50,2024-02-10,37.2,37.225,35.0,39.5,2.121909517392293,4,4,4
50,2024-02-12,47.15,51.19375,33.6,131.0,22.08312987327657,16,16,16
50,2024-02-13,43.8,45.68636363636364,29.8,105.0,15.162525717939811,22,22,22
50,2024-02-14,42.5,41.833333333333336,28.8,51.7,6.79928917853428,21,21,21
50,2024-02-15,39.6,39.60476190476191,29.2,49.2,6.429500461970292,21,21,21
50,2024-02-16,44.95,44.20454545454545,30.6,54.9,7.901384886011006,22,22,22
50,2024-02-17,45.0,44.423809523809524,27.8,62.2,8.8540897195536,21,21,21
50,2024-02-18,35.95,36.49090909090909,21.8,45.9,6.770869613622413,22,22,22
50,2024-02-19,29.8,31.95,15.8,42.8,7.357454917098906,22,22,22
50,2024-02-20,34.3,34.945454545454545,18.9,46.4,7.4481526806973,22,22,22
50,2024-02-21,23.700000000000003,22.425,16.5,25.8,4.1700319742978795,4,4,4
50,2024-02-22,40.9,41.94761904761905,24.0,67.6,11.092006989162016,21,21,21
50,2024-02-23,52.3,52.79545454545455,30.8,113.0,16.816955085715676,22,22,22
50,2024-02-24,40.2,42.06818181818182,22.0,57.5,8.780139187726135,22,22,22
50,2024-02-25,33.25,31.725,18.5,41.9,10.02808556006579,4,4,4
50,2024-02-26,53.2,50.67894736842105,32.2,64.1,9.986689972567845,19,19,19
50,2024-02-27,65.55000000000001,63.766666666666666,42.8,76.5,9.126174380512865,18,18,18
50,2024-02-28,60.05,58.08181818181818,40.4,71.1,8.484138498433774,22,22,22
50,2024-02-29,47.400000000000006,46.309090909090905,31.0,58.1,6.99917744084866,22,22,22
50,2024-03-01,50.55,49.945454545454545,32.9,96.7,13.027945321782685,22,22,22
50,2024-03-02,45.35,45.45,38.6,52.5,5.941099785954337,4,4,4
50,2024-03-03,42.25,46.21363636363637,31.8,88.2,12.381064476682031,22,22,22
50,2024-03-04,44.8,45.25714285714285,30.1,59.2,7.882231373701952,21,21,21
50,2024-03-05,61.45,62.92777777777778,48.6,79.2,9.091547823669263,18,18,18
50,2024-03-06,99.0,97.42173913043477,64.6,128.0,19.274428573577598,23,23,23
50,2024-03-07,140.0,139.00434782608696,86.6,183.0,27.015155313282772,23,23,23
50,2024-03-08,113.0,115.12105263157896,85.6,151.0,19.036910899833178,19,19,19
50,2024-03-09,66.0,70.83157894736841,25.7,106.0,19.161711029828293,19,19,19
50,2024-03-10,77.2,80.29684210526317,7.24,113.0,23.3635083582714,19,19,19
50,2024-03-11,95.7,93.63888888888889,66.8,138.0,18.57221640575573,18,18,18
50,2024-03-13,48.65,45.45,35.1,49.4,6.929405938943587,4,4,4
50,2024-03-14,69.4,68.92500000000001,64.2,72.7,4.063147384315102,4,4,4
50,2024-03-15,189.0,181.95238095238096,125.0,241.0,33.12019956231573,21,21,21
50,2024-03-16,169.0,171.27777777777777,125.0,252.0,30.313665246116237,18,18,18
50,2024-03-17,105.0,106.44000000000001,84.7,140.0,15.403191740333355,20,20,20
50,2024-03-18,128.5,132.0625,104.0,172.0,20.891684948802,16,16,16
50,2024-03-19,140.0,142.8235294117647,108.0,172.0,19.548770083171632,17,17,17
50,2024-03-20,49.7,54.800000000000004,31.6,109.0,18.170366595702532,19,19,19
50,2024-03-22,48.0,46.54375,32.9,56.1,6.532887952506145,16,16,16
50,2024-03-23,43.5,43.404761904761905,29.3,53.6,7.179169603127939,21,21,21
50,2024-03-24,44.25,44.425,41.7,47.5,2.418505047889433,4,4,4
50,2024-03-25,63.1,66.91428571428571,45.3,89.1,13.552279723879877,21,21,21
50,2024-03-26,62.5,64.875,52.8,81.7,12.65790266987387,4,4,4
50,2024-03-27,106.0,106.06500000000001,68.0,167.0,24.783701669061724,20,20,20
50,2024-03-28,71.1,80.2,63.6,115.0,23.48829495727606,4,4,4
50,2024-03-29,100.5,97.215,72.2,127.0,16.50853925764035,20,20,20
50,2024-03-30,79.85,87.05,64.5,124.0,25.779384528469,4,4,4
50,2024-03-31,123.5,123.9,90.2,171.0,22.085785128944472,22,22,22
50,2024-04-01,111.0,114.4909090909091,88.6,156.0,19.081152732746244,22,22,22
50,2024-04-02,132.5,132.9090909090909,101.0,211.0,24.882407422397844,22,22,22
50,2024-04-03,115.0,138.5,112.0,212.0,49.02720333311565,4,4,4
50,2024-04-04,137.5,145.4,103.0,274.0,37.090784782604324,20,20,20
50,2024-04-05,159.0,164.56521739130434,111.0,306.0,42.09494256705098,23,23,23
50,2024-04-06,140.5,157.5,127.0,222.0,43.47029637196722,4,4,4
50,2024-04-07,175.0,178.27272727272728,136.0,249.0,25.919622679098545,22,22,22
50,2024-04-08,131.5,138.75,125.0,167.0,19.08533468399231,4,4,4
50,2024-04-09,167.0,165.66666666666666,125.0,215.0,21.254757252962285,18,18,18
50,2024-04-10,82.0,92.1,67.4,137.0,30.77174028227848,4,4,4
50,2024-04-11,41.75,43.05,28.5,60.2,13.234424808052673,4,4,4
50,2024-04-12,54.2,53.41363636363636,28.8,68.7,9.738646403183235,22,22,22
50,2024-04-13,40.400000000000006,43.075,35.3,56.2,9.35783985044982,4,4,4
50,2024-04-14,71.0,68.47727272727273,48.0,96.7,12.311625625445469,22,22,22
50,2024-04-15,58.349999999999994,56.375,49.2,59.6,4.819664580307084,4,4,4
50,2024-04-16,47.45,46.375,40.3,50.3,4.2672200162010245,4,4,4
50,2024-04-17,63.9,62.89523809523809,47.4,85.6,10.661776408763986,21,21,21
50,2024-04-18,78.95,75.975,64.0,82.0,8.209902557278006,4,4,4
50,2024-04-19,82.94999999999999,82.02499999999999,65.1,97.1,13.580224593135412,4,4,4
50,2024-04-20,86.1,83.39999999999999,71.6,92.5,10.708407911543155,3,3,3
50,2024-04-21,68.0,67.775,59.2,75.9,7.2218995654421425,4,4,4
50,2024-04-22,74.5,74.32380952380952,45.5,99.8,13.806408105003449,21,21,21
50,2024-04-23,86.7,87.30454545454546,57.9,130.0,19.259542527146863,22,22,22
50,2024-04-24,75.45,77.54583333333333,59.2,107.0,12.384807634554823,24,24,24
50,2024-04-25,76.4,76.40434782608695,56.3,121.0,14.287326814694255,23,23,23
50,2024-04-26,94.6,91.1125,52.6,117.0,15.829233069394657,24,24,24
50,2024-04-27,75.35,78.72500000000001,52.3,103.0,13.003452718747267,24,24,24
50,2024-04-28,86.7,91.5695652173913,58.7,151.0,19.131089280934816,23,23,23
50,2024-04-29,85.25,89.60454545454546,66.2,137.0,15.82910150783848,22,22,22
50,2024-04-30,84.4,90.08695652173913,62.6,132.0,15.7646700610697,23,23,23
50,2024-05-01,84.75,87.54583333333333,61.9,128.0,15.421582255895872,24,24,24
50,2024-05-02,92.9,95.14090909090909,66.5,123.0,14.423151332919394,22,22,22
50,2024-05-03,74.4,73.58695652173913,52.0,91.0,10.769202905753819,23,23,23
50,2024-05-04,112.5,108.65833333333335,57.5,156.0,23.74463631271678,24,24,24
50,2024-05-05,78.5,79.94800000000001,57.7,106.0,13.115357410303385,25,25,25
50,2024-05-06,106.0,101.624,72.5,134.0,15.49484537945872,25,25,25
50,2024-05-07,89.5,90.4304347826087,61.9,123.0,15.135221858679918,23,23,23
50,2024-05-08,47.8,46.59130434782608,33.3,57.1,5.990895595779124,23,23,23
50,2024-05-09,40.4,39.97826086956522,27.9,60.5,7.004281581597664,23,23,23
50,2024-05-10,35.3,33.904347826086955,22.9,41.6,5.733274350893098,23,23,23
50,2024-05-11,32.0,29.756521739130434,18.2,36.5,5.449255669518421,23,23,23
50,2024-05-12,29.8,29.017391304347825,18.5,36.8,5.105758974291414,23,23,23
50,2024-05-13,28.8,27.017391304347825,13.7,34.8,6.191684465615083,23,23,23
50,2024-05-14,24.7,24.33529411764706,12.7,35.3,5.4589308908052905,17,17,17
50,2024-05-15,31.5,28.657894736842106,14.3,39.7,6.875182081586694,19,19,19
50,2024-05-16,38.2,36.20952380952381,18.9,46.5,7.05484973347447,21,21,21
50,2024-05-17,30.8,30.347619047619045,17.6,44.1,6.1032465989519915,21,21,21
50,2024-05-18,24.2,23.830000000000002,14.8,34.2,5.491342468400887,20,20,20
50,2024-05-19,23.6,22.836842105263155,14.2,29.4,4.628199857193795,19,19,19
50,2024-05-20,21.1,20.928571428571427,12.0,29.4,4.805532525864627,21,21,21
50,2024-05-21,17.7,17.728571428571428,12.2,24.8,3.5017421096074166,14,14,14
50,2024-05-22,11.55,11.562777777777777,7.04,16.0,3.0475772548342404,18,18,18
50,2024-05-23,11.25,11.309999999999999,5.78,15.2,2.9515027394621582,20,20,20
50,2024-05-24,7.76,7.517142857142858,3.58,13.3,2.533272868952618,21,21,21
50,2024-05-25,5.76,5.118095238095238,1.69,11.5,2.4225082436343106,21,21,21
50,2024-05-26,5.555,6.0275,2.1,10.9,3.771095110618842,4,4,4
50,2024-05-27,5.92,6.75,2.96,12.2,3.9291899080259958,4,4,4
50,2024-05-28,13.6,13.975238095238096,5.31,21.7,4.496441503063972,21,21,21
50,2024-05-29,16.1,15.913,9.96,25.0,3.694663434568409,20,20,20
50,2024-05-30,26.8,25.52173913043478,10.3,36.5,7.0307736883024825,23,23,23
50,2024-05-31,31.6,30.895652173913046,16.2,41.3,6.300683820093699,23,23,23
50,2024-06-01,21.799999999999997,20.85909090909091,13.1,27.0,3.5131940549210308,22,22,22
50,2024-06-02,9.34,9.945,5.69,16.1,2.8295090437338115,22,22,22
50,2024-06-03,5.195,5.666363636363636,2.35,11.5,2.49868450237805,22,22,22
50,2024-06-04,15.600000000000001,14.56,4.65,20.4,4.184359767833864,22,22,22
50,2024-06-05,15.7,15.87590909090909,7.07,21.6,3.6936633758640127,22,22,22
50,2024-06-06,6.115,6.249545454545455,2.44,12.8,2.594709777830429,22,22,22
50,2024-06-07,10.7,10.078636363636363,4.37,16.4,3.0096231301080514,22,22,22
50,2024-06-08,21.0,19.666363636363638,7.05,27.6,5.144658390671818,22,22,22
50,2024-06-09,29.9,27.934782608695652,16.4,35.3,4.815468323835762,23,23,23
50,2024-06-10,20.5,20.87272727272727,13.4,29.4,4.1124875820547,22,22,22
50,2024-06-11,6.484999999999999,6.960454545454545,3.13,15.4,2.5038798032781187,22,22,22
50,2024-06-12,7.6,7.078695652173913,3.52,11.2,2.3007811012543824,23,23,23
50,2024-06-13,7.445,7.151818181818182,3.26,11.6,2.34424652604878,22,22,22
50,2024-06-14,8.67,8.581428571428571,3.63,12.3,2.5548606336046706,21,21,21
50,2024-06-15,11.05,10.961363636363636,6.14,16.1,2.8943101743388513,22,22,22
50,2024-06-16,15.8,16.067272727272726,9.88,27.6,3.9578423436660564,22,22,22
50,2024-06-17,11.3,11.100000000000001,7.2,14.8,3.8039453203220472,3,3,3
50,2024-06-18,9.25,9.412608695652175,3.29,15.4,3.4433020850648375,23,23,23
50,2024-06-19,7.64,8.461304347826088,3.93,17.0,3.675163947298908,23,23,23
50,2024-06-20,8.71,9.336521739130434,4.86,15.9,3.1742438021385535,23,23,23
50,2024-06-21,10.149999999999999,10.809545454545455,4.92,15.8,3.769161176445758,22,22,22
50,2024-06-22,12.2,12.3256,5.32,18.0,3.3386350504360323,25,25,25
50,2024-06-23,10.399999999999999,11.394583333333335,2.0,36.7,6.294798390366631,24,24,24
50,2024-06-24,10.95,12.141083333333334,0.286,45.2,7.743259306545649,24,24,24
50,2024-06-25,6.04,6.082999999999999,0.222,10.4,2.505682654530975,24,24,24
50,2024-06-26,3.93,3.6855599999999997,0.169,8.63,1.8658158197778616,25,25,25
50,2024-06-27,3.73,3.7219599999999997,0.214,7.63,1.937106572528557,25,25,25
50,2024-06-28,6.04,6.024478260869564,0.293,8.8,2.276082836596986,23,23,23
50,2024-06-29,6.62,6.2528,0.28,10.4,2.4233628838179944,25,25,25
50,2024-06-30,6.93,6.74312,0.288,11.2,2.8125015602958636,25,25,25
50,2024-07-01,7.515000000000001,7.777318181818182,0.561,12.2,2.5246801096067903,22,22,22
50,2024-07-02,8.775,8.783458333333334,0.213,15.4,3.2242983864935524,24,24,24
50,2024-07-03,11.6,11.687047619047618,0.208,19.3,3.9264038314492113,21,21,21
50,2024-07-04,11.7,12.281157894736843,0.342,17.5,4.159352370303685,19,19,19
50,2024-07-05,10.7,9.59121052631579,0.413,12.5,2.9198868048635678,19,19,19
50,2024-07-06,15.0,14.54921052631579,0.335,21.4,4.563570806810378,19,19,19
50,2024-07-07,8.01,7.129421052631579,0.399,12.0,2.6081171862686583,19,19,19
50,2024-07-08,13.0,12.163809523809524,0.24,22.7,4.575580265048878,21,21,21
50,2024-07-09,9.68,8.76647619047619,0.516,13.9,3.432924811571725,21,21,21
50,2024-07-10,10.4,10.026,0.354,18.2,3.90668993167134,19,19,19
50,2024-07-11,7.7,7.865823529411764,0.189,12.6,2.8444085992367136,17,17,17
50,2024-07-12,6.18,6.1113136363636364,0.0189,11.5,2.5364960950652744,22,22,22
50,2024-07-13,6.8100000000000005,6.685,0.25,11.0,2.336230706296679,24,24,24
50,2024-07-14,7.640000000000001,7.479041666666666,0.257,11.3,2.3605867634453985,24,24,24
50,2024-07-15,6.859999999999999,6.6879583333333334,0.241,14.7,3.5527497064174494,24,24,24
50,2024-07-16,8.51,8.60404761904762,0.245,13.1,3.109236891524839,21,21,21
50,2024-07-17,7.285,7.341304545454546,0.0987,13.4,3.1126997029033405,22,22,22
50,2024-07-18,11.3,10.565454545454545,5.7,15.8,2.5293265191929337,22,22,22
50,2024-07-19,6.845,6.730336363636363,0.0874,11.3,2.5750028411533945,22,22,22
50,2024-07-20,6.18,6.451608695652174,0.217,11.0,2.3999595591125056,23,23,23
50,2024-07-21,9.93,9.991043478260869,0.304,14.8,3.1972649601333396,23,23,23
50,2024-07-22,8.87,9.880173913043478,0.214,16.3,3.788792415583024,23,23,23
50,2024-07-23,13.5,13.869739130434784,0.194,21.0,4.60347928910486,23,23,23
50,2024-07-24,11.7,11.340369565217392,0.0885,16.7,3.418133788465543,23,23,23
50,2024-07-25,9.75,10.189695652173913,0.293,17.7,4.179712402402636,23,23,23
50,2024-07-26,10.1,9.616428571428571,0.215,13.6,3.1543577566824688,21,21,21
50,2024-07-27,11.0,11.312173913043479,0.25,18.2,4.072846845012085,23,23,23
50,2024-07-28,12.0,11.935045454545456,0.281,17.5,3.933116061116993,22,22,22
50,2024-07-29,13.4,13.73390476190476,0.172,22.2,5.004078555586052,21,21,21
50,2024-07-30,21.0,20.746521739130436,0.17,30.0,6.863841760662539,23,23,23
50,2024-07-31,17.4,16.43017391304348,0.384,25.0,5.890768646034804,23,23,23
50,2024-08-01,11.4,10.449571428571428,0.171,16.3,3.977319053978805,21,21,21
50,2024-08-02,9.43,9.323333333333332,0.3,16.9,3.632038454275137,21,21,21
50,2024-08-03,12.95,12.152045454545457,0.295,18.5,3.8628408800392187,22,22,22
50,2024-08-04,9.285,8.923291666666666,0.149,13.2,2.992045112412269,24,24,24
50,2024-08-05,7.76,8.320904761904762,0.319,18.8,3.7422171490275917,21,21,21
50,2024-08-06,9.13,8.691565217391304,0.266,13.9,3.0813951950092484,23,23,23
50,2024-08-07,8.09,8.015434782608695,0.125,13.9,3.480475709728184,23,23,23
50,2024-08-08,7.01,7.714217391304348,0.307,12.6,3.052907704237533,23,23,23
50,2024-08-09,8.69,8.545,0.375,14.0,3.3864237639567363,23,23,23
50,2024-08-10,10.9,11.386173913043478,0.422,19.5,4.1659904819445,23,23,23
50,2024-08-11,15.3,15.953608695652173,0.203,25.1,5.923890803265355,23,23,23
50,2024-08-12,12.0,10.968782608695653,0.252,20.1,4.198786566665549,23,23,23
50,2024-08-13,13.7,13.733238095238097,0.138,19.6,4.6426428023784245,21,21,21
50,2024-08-14,10.8,10.895454545454546,0.73,18.5,3.8875671511857326,22,22,22
50,2024-08-15,10.600000000000001,10.42735,0.527,15.4,3.3571758851278872,20,20,20
50,2024-08-16,9.84,9.187727272727273,3.49,13.8,3.2282590499379835,22,22,22
50,2024-08-17,7.705,7.6129999999999995,1.72,15.0,3.053038348579123,20,20,20
50,2024-08-18,7.16,7.337045454545454,0.495,13.5,3.3888685635020783,22,22,22
50,2024-08-19,10.7,9.937047619047618,0.288,17.9,4.360836049156061,21,21,21
50,2024-08-20,10.7,10.159434782608695,0.167,15.3,3.6567089130936883,23,23,23
50,2024-08-21,7.49,7.351349999999999,0.247,12.5,3.0354594948272395,20,20,20
50,2024-08-22,6.234999999999999,6.256272727272727,0.198,10.9,2.745045219192437,22,22,22
50,2024-08-23,8.53,7.791304347826086,0.24,12.6,3.0211501487585606,23,23,23
50,2024-08-24,12.5,12.357047619047618,0.568,20.0,5.455490724730367,21,21,21
50,2024-08-25,7.734999999999999,8.1825,0.775,14.3,3.728869913704866,22,22,22
50,2024-08-26,8.605,8.953545454545456,0.248,17.5,4.179462983586388,22,22,22
50,2024-08-27,5.72,5.846,0.322,10.4,2.408147203220964,22,22,22
50,2024-08-29,5.06,5.3381428571428575,0.641,10.1,2.143960454059596,21,21,21
50,2024-08-30,5.66,5.994772727272727,0.255,9.39,2.3482914139720954,22,22,22
50,2024-08-31,6.95,7.1138545454545445,0.0748,11.9,3.0215079188295673,22,22,22
50,2024-09-01,6.025,5.50155,0.321,9.81,2.6309963386919653,20,20,20
50,2024-09-02,15.1,15.58645,0.819,27.7,6.633317773300096,20,20,20
50,2024-09-03,17.0,17.461111111111112,10.2,42.6,7.318722074956632,18,18,18
50,2024-09-04,17.7,18.340555555555554,9.73,28.6,5.6510555726313045,18,18,18
50,2024-09-05,9.19,9.466058823529412,0.393,14.6,3.6282447972571434,17,17,17
50,2024-09-07,13.9,14.153,0.703,25.9,5.977976748031059,21,21,21
50,2024-09-08,6.25,6.929571428571428,0.201,12.3,2.9833373689783826,21,21,21
50,2024-09-09,14.9,14.036052631578947,0.165,22.7,4.8986615459246075,19,19,19
50,2024-09-10,6.8,6.833894736842105,0.104,13.4,3.2607291940903314,19,19,19
50,2024-09-11,5.78,5.412105263157895,0.195,9.7,2.8418857763959955,19,19,19
50,2024-09-12,8.94,9.280999999999999,0.441,17.2,3.8660554833059497,21,21,21
50,2024-09-14,13.399999999999999,12.66915,0.0,18.8,5.465874392176665,20,20,20
50,2024-09-15,15.4,15.024479999999999,0.00208,22.6,6.24843533873881,21,21,21
50,2024-09-16,12.6,12.66191210526316,0.00833,21.1,6.008754115280082,19,19,19
50,2024-09-17,10.6,10.861315789473684,0.0,19.9,5.153059997630659,19,19,19
50,2024-09-18,9.815000000000001,8.700509444444444,0.00417,12.4,3.6089226004877744,18,18,18
50,2024-09-19,12.3,11.87885,0.887,17.8,3.8194813821967206,20,20,20
50,2024-09-20,13.1,12.417142857142856,2.02,16.9,3.6914904074873918,21,21,21
50,2024-09-21,21.1,19.680476190476192,1.19,25.8,5.575581114279011,21,21,21
50,2024-09-22,7.32,6.9451052631578944,0.597,10.9,2.6345646255276924,19,19,19
50,2024-09-23,4.795,4.723888888888889,0.23,8.55,2.3466976518676295,18,18,18
50,2024-09-24,4.765,4.56195,0.299,7.42,1.8820431919368346,20,20,20
50,2024-09-25,4.4,4.699333333333334,0.236,10.4,2.198333308061663,21,21,21
50,2024-09-26,5.36,5.237238095238095,0.642,9.96,2.090383264015523,21,21,21
50,2024-09-27,4.675,4.851,1.5,7.41,1.8432919636232061,20,20,20
50,2024-09-28,8.1,8.731142857142858,0.264,15.3,3.8278638205363875,21,21,21
50,2024-09-29,13.0,11.304333333333334,0.218,19.1,5.217702818854515,18,18,18
50,2024-09-30,18.2,17.148611111111112,0.375,27.6,6.676310579767566,18,18,18
50,2024-10-01,12.4,11.76935,0.377,18.3,4.438754214452045,20,20,20
50,2024-10-02,7.38,8.191619047619048,0.154,17.2,4.409120892833292,21,21,21
50,2024-10-03,3.74,4.290747619047619,0.0747,8.23,2.2121338493904585,21,21,21
50,2024-10-04,12.100000000000001,11.195,3.9,13.8,2.924747282530008,16,16,16
50,2024-10-05,13.1,12.563076923076922,4.35,16.3,3.403817427084343,13,13,13
50,2024-10-06,17.7,17.91176470588235,10.3,26.6,4.447314126658524,17,17,17
50,2024-10-07,27.7,26.788235294117644,15.5,36.2,5.119067585134668,17,17,17
50,2024-10-08,30.55,29.76875,18.3,37.2,4.5969147262049574,16,16,16
50,2024-10-09,34.45,33.4875,22.1,38.0,4.302228104908742,16,16,16
50,2024-10-10,37.9,36.01764705882353,23.0,40.9,4.929659635070869,17,17,17
50,2024-10-11,38.099999999999994,35.47516666666667,0.953,42.9,9.743698139883874,18,18,18
50,2024-10-12,40.849999999999994,37.83222222222222,1.08,45.2,10.19697103558962,18,18,18
50,2024-10-13,39.0,36.91578947368421,1.8,45.5,9.829562167139532,19,19,19
50,2024-10-14,36.3,33.77157894736842,1.26,43.8,9.555615721284815,19,19,19
50,2024-10-15,27.9,26.76678947368421,0.769,34.8,7.824789685345097,19,19,19
50,2024-10-16,25.6,23.72447058823529,0.416,30.5,7.4754785642596735,17,17,17
50,2024-10-17,19.4,19.180526315789475,1.33,26.9,6.308810835018496,19,19,19
50,2024-10-18,22.25,20.882333333333335,0.482,29.9,7.140683383015284,18,18,18
50,2024-10-19,16.9,15.53061111111111,0.981,21.4,5.056959062274119,18,18,18
50,2024-10-20,6.45,6.101947368421053,0.847,10.8,2.566496065189187,19,19,19
50,2024-10-21,9.3,8.704444444444444,0.78,12.9,3.249679119403171,18,18,18
50,2024-10-22,9.465,8.954500000000001,0.851,16.7,3.8598844580390956,18,18,18
50,2024-10-23,12.6,12.33611111111111,0.51,21.9,4.548370282004557,18,18,18
50,2024-10-24,21.3,19.92752941176471,0.568,27.1,6.6302023924391555,17,17,17
50,2024-10-25,23.450000000000003,21.997666666666667,0.658,31.6,7.704967328250766,18,18,18
50,2024-10-26,17.7,15.883750000000001,0.555,27.8,6.315782835796951,20,20,20
50,2024-10-27,17.950000000000003,15.892050000000001,0.851,23.4,5.679442323206707,20,20,20
50,2024-10-28,24.3,23.749000000000002,2.28,33.5,6.945154994291837,20,20,20
50,2024-10-29,24.35,22.336000000000002,1.92,30.0,6.776928663138131,20,20,20
50,2024-10-30,23.6,23.398500000000002,1.07,30.7,6.81468559339623,20,20,20
50,2024-10-31,28.15,25.90625,0.825,33.8,7.807064424878952,20,20,20
50,2024-11-01,22.0,21.16769565217391,0.957,33.8,7.189718185365839,23,23,23
50,2024-11-02,22.1,20.35047619047619,1.76,26.8,5.797922452215515,21,21,21
50,2024-11-03,29.3,26.574,2.75,35.7,7.444924445553495,25,25,25
50,2024-11-04,31.1,28.438636363636363,2.15,35.8,7.496347234585112,22,22,22
50,2024-11-05,20.95,19.62675,0.405,29.7,7.694169404747167,20,20,20
50,2024-11-06,15.600000000000001,15.738,1.06,23.7,5.480879299413265,20,20,20
50,2024-11-07,18.5,17.389608695652175,0.321,28.3,6.398015166220981,23,23,23
50,2024-11-08,2.275,2.477568181818182,0.0715,6.94,1.6508156014200297,22,22,22
50,2024-11-09,19.3,18.594526315789473,0.896,28.6,6.226605311692908,19,19,19
50,2024-11-10,30.7,28.440157894736846,0.963,37.1,8.481739629365599,19,19,19
50,2024-11-11,30.95,29.050454545454546,1.31,44.8,8.910721459366066,22,22,22
50,2024-11-12,29.2,28.707619047619048,1.56,39.4,8.959152808587374,21,21,21
50,2024-11-13,30.3,29.06904761904762,1.25,38.7,8.802847212556802,21,21,21
50,2024-11-14,24.0,22.25090909090909,0.92,37.1,8.083673675166512,22,22,22
50,2024-11-15,15.9,14.144347826086957,1.23,26.3,6.509046729595912,23,23,23
50,2024-11-16,17.35,17.505,8.35,28.7,4.940272831754732,24,24,24
50,2024-11-17,25.3,23.81,1.43,31.9,7.062688774629158,23,23,23
50,2024-11-18,31.8,29.66,1.74,36.6,7.0388462493322805,24,24,24
50,2024-11-19,27.6,25.960434782608697,1.99,32.9,6.937952591795933,23,23,23
50,2024-11-20,30.55,28.80727272727273,1.96,35.9,7.261524293489285,22,22,22
50,2024-11-21,32.0,29.13086956521739,2.61,37.0,7.349638774700231,23,23,23
50,2024-11-22,32.05,31.47791666666667,3.67,39.4,7.499991871976273,24,24,24
50,2024-11-23,32.4,31.111739130434785,2.87,38.8,7.606874075570136,23,23,23
50,2024-11-24,33.9,32.38,3.74,46.7,8.71051193569116,23,23,23
50,2024-11-25,32.5,30.45681818181818,1.85,39.0,8.198232902721948,22,22,22
50,2024-11-26,30.450000000000003,28.23227272727273,2.11,37.8,8.645189100808876,22,22,22
50,2024-11-27,28.35,26.01863636363636,2.41,35.7,7.736741220863908,22,22,22
50,2024-11-28,30.8,27.485652173913042,2.37,38.2,8.6193022424234,23,23,23
50,2024-11-29,30.0,27.89886956521739,0.774,37.2,7.990021750478688,23,23,23
50,2024-11-30,32.0,29.68826086956522,1.23,41.7,8.604485432913311,23,23,23
50,2024-12-01,36.55,34.12181818181818,1.28,44.7,9.318879779582971,22,22,22
50,2024-12-02,39.25,36.608636363636364,1.69,50.3,10.50069489557921,22,22,22
50,2024-12-03,36.0,32.921608695652175,0.997,48.0,9.577508381331045,23,23,23
50,2024-12-04,35.05,33.766363636363636,2.06,42.9,8.853255277259828,22,22,22
50,2024-12-05,41.05,39.11136363636364,2.95,48.5,9.36599639804215,22,22,22
50,2024-12-06,41.9,39.03380952380952,2.31,50.0,9.96286127384622,21,21,21
50,2024-12-07,42.4,40.35476190476191,1.95,50.1,9.98250851191604,21,21,21
50,2024-12-08,43.9,41.027727272727276,2.71,50.9,9.885480421313531,22,22,22
50,2024-12-09,41.85,39.38227272727273,2.11,48.6,9.741094067729948,22,22,22
50,2024-12-10,42.9,39.90045454545455,1.81,50.5,10.05768622320771,22,22,22
50,2024-12-11,35.15,33.60636363636364,2.44,43.1,8.325676603681584,22,22,22
50,2024-12-12,35.2,33.10782608695652,2.68,42.8,8.243275472397729,23,23,23
50,2024-12-13,33.8,33.48571428571429,24.9,38.9,4.449076950816395,21,21,21
50,2024-12-14,31.7,31.638095238095236,22.7,37.3,4.020880026869265,21,21,21
50,2024-12-15,12.1,11.89108695652174,0.325,19.7,4.11519190884706,23,23,23
50,2024-12-16,1.4500000000000002,1.9799863636363637,0.0251,6.66,1.7769509997519575,22,22,22
50,2024-12-17,11.5,11.546954545454547,0.853,18.2,4.990814920357603,22,22,22
50,2024-12-18,23.700000000000003,23.009090909090908,1.3,43.1,8.57437539532259,22,22,22
50,2024-12-19,32.8,30.36,2.12,40.1,8.197105180082376,22,22,22
50,2024-12-20,42.099999999999994,38.54318181818182,1.95,48.5,9.730099292971385,22,22,22
50,2024-12-21,43.65,43.37181818181818,3.18,55.9,10.639886607148922,22,22,22
50,2024-12-22,45.900000000000006,43.64363636363636,2.76,54.3,10.887746955464834,22,22,22
50,2024-12-23,44.400000000000006,42.31545454545455,4.14,51.5,9.916581461309532,22,22,22
50,2024-12-24,41.6,40.554545454545455,3.0,49.9,9.942727769472294,22,22,22
50,2024-12-25,39.45,38.109545454545454,3.11,51.5,9.944316623925603,22,22,22
50,2024-12-26,38.25,36.41590909090909,2.85,46.7,9.683876958311837,22,22,22
50,2024-12-27,36.25,34.90954545454545,2.51,48.1,9.30834263661865,22,22,22
50,2024-12-28,32.35,31.198636363636364,3.27,42.4,8.238743718064548,22,22,22
50,2024-12-29,35.5,33.196363636363635,2.72,45.4,9.357121324452274,22,22,22
50,2024-12-30,37.2,36.01136363636363,2.45,48.7,10.285448942885768,22,22,22
50,2024-12-31,39.6,38.516666666666666,2.55,54.7,11.393521551010178,21,21,21
50,2025-01-01,38.4,37.40090909090909,2.42,52.3,10.290865995810213,22,22,22
50,2025-01-02,33.7,32.32727272727273,2.2,42.8,8.801308442670912,22,22,22
50,2025-01-03,31.6,30.39090909090909,1.7,39.6,8.149432296377874,22,22,22
50,2025-01-04,29.35,28.676363636363636,2.18,39.7,7.8117680124616795,22,22,22
50,2025-01-05,36.0,34.48869565217392,2.94,44.4,8.732542743485334,23,23,23
50,2025-01-06,39.6,38.780869565217394,3.16,52.4,9.237180754992034,23,23,23
50,2025-01-08,44.6,42.75869565217391,3.95,54.1,10.069425506925691,23,23,23
50,2025-01-09,51.6,50.03695652173913,4.45,63.4,11.894481315751054,23,23,23
50,2025-01-10,47.3,44.25826086956522,4.69,55.6,12.97034122077747,23,23,23
50,2025-01-11,37.5,35.059583333333336,3.93,45.2,9.9729845862696,24,24,24
50,2025-01-19,21.549999999999997,21.825,18.6,25.6,3.6989863476363354,4,4,4
50,2025-01-24,31.299999999999997,29.375,19.0,35.9,7.365403360758095,4,4,4
50,2025-01-25,22.0,22.6,17.5,28.9,5.727710420985567,4,4,4
50,2025-01-26,23.0,21.575,16.4,23.9,3.4798227924230085,4,4,4
50,2025-01-31,31.1,31.375,25.2,38.1,6.162453515713795,4,4,4
50,2025-02-01,22.85,22.15,17.1,25.8,3.681032463861191,4,4,4
50,2025-02-02,22.15,21.175,15.4,25.0,4.077887525014226,4,4,4
50,2025-02-03,23.4,22.85,18.8,25.8,3.1427164470671967,4,4,4
50,2025-02-04,30.049999999999997,29.575,26.0,32.2,2.643703210775875,4,4,4
50,2025-02-05,40.349999999999994,40.5,36.9,44.4,3.0886890422961,4,4,4
50,2025-02-06,34.5,34.875,31.0,39.5,3.512240500497271,4,4,4
50,2025-02-07,28.549999999999997,28.5,24.3,32.6,3.4009802508492553,4,4,4
50,2025-02-08,35.5,33.65,25.8,37.8,5.448853090330109,4,4,4
50,2025-02-09,35.45,36.6,32.8,42.7,4.4384682042344314,4,4,4
50,2025-02-10,25.05,26.025,20.6,33.4,5.358093566434488,4,4,4
50,2025-02-11,27.85,28.3,21.9,35.6,5.990548110704618,4,4,4
50,2025-02-12,40.0,37.017037037037035,2.26,47.3,9.458329180314612,27,27,27
50,2025-02-13,34.1,31.894642857142856,2.25,42.9,9.224347204502132,28,28,28
50,2025-02-14,30.15,28.412142857142857,4.34,37.5,7.594099735561207,28,28,28
50,2025-02-15,42.3,40.27666666666667,5.97,50.5,9.92433721871487,27,27,27
50,2025-02-16,46.6,44.64703703703704,4.27,58.9,10.439328675297238,27,27,27
50,2025-02-17,45.6,42.50307692307692,3.78,58.7,11.402242154674937,26,26,26
50,2025-02-18,43.9,42.471923076923076,3.37,54.4,10.569004501552934,26,26,26
50,2025-02-19,47.6,44.12407407407407,2.65,55.2,11.141393456302858,27,27,27
50,2025-02-20,46.75,44.16653846153846,3.73,60.1,10.968193631517522,26,26,26
50,2025-02-21,37.65,36.52346153846154,2.41,48.8,9.57430684375958,26,26,26
50,2025-02-22,42.0,40.20230769230769,3.36,55.6,9.861917585416055,26,26,26
50,2025-02-23,38.4,38.52,25.5,46.8,5.546921067883817,25,25,25
50,2025-02-24,30.8,29.1992,2.58,36.2,6.782343449477227,25,25,25
50,2025-02-25,20.45,19.097666666666665,0.844,26.3,5.7669274666669,24,24,24
50,2025-02-26,19.4,19.11124,0.981,31.0,6.17864265892329,25,25,25
50,2025-02-27,22.6,20.560384615384617,1.13,31.6,6.966128612518855,26,26,26
50,2025-02-28,27.9,25.646153846153844,1.8,38.4,8.140871244245583,26,26,26
50,2025-03-01,27.3,26.401666666666667,2.74,42.8,7.464191424607786,24,24,24
50,2025-03-02,20.4,19.749565217391304,2.14,34.4,6.352691253792199,23,23,23
50,2025-03-03,37.75,35.182307692307695,4.74,45.1,9.552556645293366,26,26,26
50,2025-03-04,47.05,44.470416666666665,7.69,56.7,10.393194043581419,24,24,24
50,2025-03-05,54.05,53.28727272727272,6.62,73.1,15.053711512548336,22,22,22
50,2025-03-06,45.55,42.03181818181818,4.4,54.2,10.700617977865816,22,22,22
50,2025-03-07,58.1,54.18095238095238,1.9,79.7,18.436149789140334,21,21,21
50,2025-03-08,51.0,47.5625,2.55,63.9,14.655920978800417,20,20,20
50,2025-03-09,42.4,40.230588235294114,2.82,51.9,12.50499523719833,17,17,17
50,2025-03-10,36.849999999999994,36.4825,2.95,49.0,9.868120855083115,20,20,20
50,2025-03-11,41.25,38.580416666666665,3.83,48.8,10.194955478575906,24,24,24
50,2025-03-12,39.75,38.69291666666667,3.93,51.8,10.11793864517552,24,24,24
50,2025-03-13,29.8,28.996,3.1,37.2,7.225907094153186,25,25,25
50,2025-03-14,41.95,39.77346153846155,6.81,55.6,12.550269779509186,26,26,26
50,2025-03-15,64.0,62.4968,7.71,90.8,20.557944474095653,25,25,25
50,2025-03-16,96.6,92.60952380952381,14.0,129.0,30.61595833486035,21,21,21
50,2025-03-17,93.55,91.83076923076922,11.2,131.0,29.14095083185542,26,26,26
50,2025-03-18,67.1,66.22,27.2,87.7,13.073350756405189,25,25,25
50,2025-03-19,56.7,56.792,31.9,77.4,10.466371545733189,25,25,25
50,2025-03-20,39.8,37.4764,3.41,49.1,10.354757714854237,25,25,25
50,2025-03-21,62.4,59.9572,5.33,87.3,20.33972212199567,25,25,25
50,2025-03-22,88.6,81.9108,9.07,115.0,25.859134414490107,25,25,25
50,2025-03-23,101.0,95.8664,7.96,137.0,29.415844211354305,25,25,25
50,2025-03-24,87.0,84.9976,8.64,118.0,24.87126810866976,25,25,25
50,2025-03-25,69.4,70.75833333333334,11.2,138.0,23.270449943645485,24,24,24
50,2025-03-26,63.5,63.6672,8.48,131.0,21.538010493079433,25,25,25
50,2025-03-27,73.0,71.5056,9.24,101.0,22.50683860518842,25,25,25
50,2025-03-28,94.0,89.46666666666665,11.7,129.0,29.559632677994678,24,24,24
50,2025-03-29,99.1,88.75,12.3,132.0,29.782749081593238,22,22,22
50,2025-03-30,107.0,101.06315789473685,16.6,140.0,35.423457553282965,19,19,19
50,2025-03-31,79.0,79.60526315789474,15.5,135.0,27.85820193775396,19,19,19
50,2025-04-01,69.45,65.45750000000001,9.85,93.6,20.146341413974426,20,20,20
50,2025-04-02,60.900000000000006,57.657000000000004,9.54,77.2,16.468883929845912,20,20,20
50,2025-04-03,53.25,53.9975,8.05,82.0,16.742087486960898,20,20,20
50,2025-04-04,56.2,54.45700000000001,9.04,81.1,16.648873235147175,20,20,20
50,2025-04-05,55.8,50.11428571428572,9.8,65.7,14.875862520011594,21,21,21
50,2025-04-06,48.6,44.946000000000005,9.82,64.2,12.58349813299775,20,20,20
50,2025-04-07,35.55,34.096,4.42,44.8,8.868044583607036,20,20,20
50,2025-04-08,36.4,36.254285714285714,4.04,53.5,10.488836242133141,21,21,21
50,2025-04-09,41.0,39.79,7.69,65.0,11.791267955567799,21,21,21
50,2025-04-10,65.4,58.89047619047619,12.1,84.8,18.948295563503983,21,21,21
50,2025-04-11,49.9,47.32857142857143,10.4,72.5,14.742630120068226,21,21,21
50,2025-04-12,38.1,36.06619047619048,8.79,52.0,13.159430259775865,21,21,21
50,2025-04-13,14.9,15.002380952380953,2.85,45.2,8.638308228329148,21,21,21
50,2025-04-14,10.4,9.51642105263158,0.222,16.2,4.49975468857025,19,19,19
50,2025-04-15,9.51,9.50952380952381,0.38,14.0,3.8165501125892165,21,21,21
50,2025-04-16,12.2,12.299894736842106,0.918,27.5,5.630786030532277,19,19,19
50,2025-04-17,14.1,13.907631578947369,0.675,30.6,6.126028341887918,19,19,19
50,2025-04-18,9.5,11.63778947368421,0.708,51.4,10.432523480703917,19,19,19
50,2025-04-19,12.850000000000001,14.5965,1.18,51.7,9.836909696059076,20,20,20
50,2025-04-20,22.75,23.4125,2.05,48.6,9.327885118796955,20,20,20
50,2025-04-21,31.85,30.845499999999998,3.01,43.3,9.154730428064296,20,20,20
50,2025-04-22,38.15,37.319,4.58,50.7,10.434914016239702,20,20,20
50,2025-04-23,40.7,38.92523809523809,3.93,50.4,10.017478534565281,21,21,21
50,2025-04-24,49.3,49.75529411764706,6.74,67.2,13.64551122056584,17,17,17
50,2025-04-25,56.3,55.29176470588236,5.86,77.2,16.160643642540247,17,17,17
50,2025-04-26,47.2,49.26764705882353,1.47,73.4,19.32545844521281,17,17,17
50,2025-04-27,46.150000000000006,43.8705625,0.929,60.2,14.251135570981702,16,16,16
50,2025-04-28,25.6,25.06726666666667,0.609,35.4,8.628826310410826,15,15,15
50,2025-04-29,16.0,16.263470588235293,0.189,30.3,6.464033842323683,17,17,17
50,2025-04-30,17.25,18.3005625,0.159,39.2,8.222442361964804,16,16,16
50,2025-05-01,15.6,14.550411764705883,0.268,36.3,8.269971591991894,17,17,17
50,2025-05-02,12.75,12.53261111111111,0.193,39.0,8.516538865738475,18,18,18
50,2025-05-03,14.35,14.7843125,0.109,39.4,8.549335036276213,16,16,16
50,2025-05-04,16.75,16.618125,0.31,44.2,9.185623708636593,16,16,16
50,2025-05-05,15.0,14.415117647058823,0.452,32.4,7.708189410315118,17,17,17
50,2025-05-06,23.7,21.988117647058825,0.528,33.6,9.119708341569599,17,17,17
50,2025-05-07,22.35,22.099555555555558,0.632,33.2,8.846889185552055,18,18,18
50,2025-05-08,26.5,25.251952380952382,0.311,37.2,9.589270151978148,21,21,21
50,2025-05-09,31.9,28.958000000000002,0.688,41.3,10.987322694815148,21,21,21
50,2025-05-10,32.6,29.767500000000002,0.44,43.1,11.255699316580161,20,20,20
50,2025-05-11,29.3,26.983315789473682,0.373,42.0,10.508858538567626,19,19,19
50,2025-05-12,18.8,17.927894736842106,0.39,27.7,7.436004437082061,19,19,19
50,2025-05-13,14.0,13.617052631578947,0.234,22.8,5.887829872558066,19,19,19
50,2025-05-14,11.1,9.87942105263158,0.244,15.6,4.626713584245654,19,19,19
50,2025-05-15,4.77,4.600588888888889,0.0356,13.0,3.2098344662997422,18,18,18
50,2025-05-16,5.47,5.0064705882352944,0.139,11.0,3.2725772549637204,17,17,17
50,2025-05-17,6.15,5.313266666666667,0.0778,11.9,3.30325534408639,18,18,18
50,2025-05-18,4.63,4.663458823529412,0.0628,11.5,3.228743664929678,17,17,17
50,2025-05-19,7.215,6.429177777777777,0.0752,13.0,3.7796877467598478,18,18,18
50,2025-05-20,10.399999999999999,9.524333333333333,0.232,16.2,4.411488224277742,18,18,18
50,2025-05-21,11.1,10.195157894736843,0.238,17.7,4.761536274765366,19,19,19
50,2025-05-22,10.1,8.778315789473686,0.26,14.4,4.472544205764167,19,19,19
50,2025-05-23,7.26,6.220944444444445,0.168,13.4,3.7192971580223597,18,18,18
50,2025-05-24,4.46,4.791005882352941,0.0811,11.6,3.3906067673188285,17,17,17
50,2025-05-25,6.03,5.591823529411765,0.113,11.3,3.165036497326968,17,17,17
50,2025-05-26,4.71,5.3725736842105265,0.0559,28.3,6.26504880692544,19,19,19
50,2025-05-27,5.32,6.122894736842106,0.0237,28.0,6.0414852026517165,19,19,19
50,2025-05-28,4.36,5.363842105263157,0.143,25.5,5.6419882849060885,19,19,19
50,2025-05-29,4.55,4.753026315789474,0.0765,11.6,3.1051266679910183,19,19,19
50,2025-05-30,6.46,6.537582352941177,0.0929,28.9,6.573615420017672,17,17,17
50,2025-05-31,5.75,7.956470588235294,0.13,32.8,7.533889219035934,17,17,17
50,2025-06-01,4.165,6.493219999999999,0.0724,39.6,8.432143095235418,20,20,20
50,2025-06-02,9.165,9.165,6.93,11.4,3.1607673119038675,2,2,2
50,2025-06-03,16.25,15.373349999999999,0.443,28.4,6.966360752517093,20,20,20
50,2025-06-04,23.85,21.960722222222223,0.733,32.7,9.458252293511336,18,18,18
50,2025-06-05,24.1,21.657105263157895,0.714,33.9,9.053575959529514,19,19,19
50,2025-06-06,23.2,19.842,0.674,29.6,8.428207058575522,19,19,19
50,2025-06-07,18.6,18.74211111111111,0.563,38.9,9.48593346759474,18,18,18
50,2025-06-08,16.549999999999997,17.450333333333333,0.438,29.6,8.210694840554353,18,18,18
50,2025-06-09,15.5,15.523111111111112,0.327,27.9,7.367329453814709,18,18,18
50,2025-06-10,7.895,9.074111111111112,0.359,32.3,7.0559330136283505,18,18,18
50,2025-06-11,4.3,5.384858823529411,0.0716,30.5,6.989159204712934,17,17,17
50,2025-06-12,5.845000000000001,6.7755,0.136,35.5,7.75906756261192,18,18,18
50,2025-06-13,7.13,7.2116105263157895,0.0796,29.5,6.341603617198162,19,19,19
50,2025-06-14,6.25,6.7334736842105265,0.184,13.4,3.947320545050797,19,19,19
50,2025-06-15,3.33,4.0947894736842105,0.183,9.4,2.897425132365083,19,19,19
50,2025-06-16,3.68,4.6834105263157895,0.0648,20.6,4.669832997477264,19,19,19
50,2025-06-17,4.4,5.3355,0.212,22.7,5.212084016410101,18,18,18
50,2025-06-18,5.965,6.4614055555555545,0.0563,25.9,5.765223729802097,18,18,18
50,2025-06-19,6.949999999999999,6.164333333333333,0.105,10.9,3.237807682404144,18,18,18
50,2025-06-20,8.0,8.166944444444445,0.384,16.6,4.558406254928067,18,18,18
50,2025-06-21,12.05,10.610999999999999,0.549,20.4,5.625095157365052,18,18,18
50,2025-06-22,8.215,8.151222222222223,0.343,14.8,4.390079746770727,18,18,18
50,2025-06-23,5.795,5.9857555555555555,0.0966,19.9,4.68160427684435,18,18,18
50,2025-06-24,7.025,7.053944444444444,0.194,16.6,4.456483056405145,18,18,18
50,2025-06-25,8.535,8.5585,0.221,30.2,6.697364119342685,18,18,18
50,2025-06-26,9.285,10.145222222222223,0.172,32.6,7.19152940091209,18,18,18
50,2025-06-27,7.465,8.574055555555555,0.241,30.6,6.885164396108339,18,18,18
50,2025-06-28,5.475,5.999722222222222,0.149,17.3,4.500356192511558,18,18,18
50,2025-06-29,9.29,8.477764705882352,0.508,15.1,4.509092030683835,17,17,17
50,2025-06-30,9.870000000000001,9.969611111111112,0.293,17.9,5.188383100042869,18,18,18
50,2025-07-01,10.88,10.0759375,0.37,19.7,6.119492140896988,16,16,16
50,2025-07-02,12.5,12.2188,0.271,23.3,7.0981959498774865,15,15,15
50,2025-07-03,7.67,7.861866666666667,0.26,15.0,4.869926456861345,15,15,15
50,2025-07-04,9.65,9.680333333333332,0.262,28.4,7.09224682983031,15,15,15
50,2025-07-05,8.19,9.29125,0.132,40.4,9.378719681633877,16,16,16
50,2025-07-06,7.605,9.158857142857142,0.172,35.7,9.073192592697227,14,14,14
50,2025-07-07,7.265000000000001,8.221214285714286,0.217,33.7,8.297922763036462,14,14,14
50,2025-07-08,11.1,12.050285714285716,0.314,35.1,8.817120124887904,14,14,14
50,2025-07-09,13.2,11.162642857142856,0.268,18.8,5.8974010391428795,14,14,14
50,2025-07-10,13.35,11.64092857142857,0.276,21.9,6.5325094302300055,14,14,14
50,2025-07-11,16.85,15.509357142857143,0.265,37.1,9.748634283893253,14,14,14
50,2025-07-12,8.955,9.3215,0.183,38.5,9.444087533804092,14,14,14
50,2025-07-13,6.53,6.2816,0.209,13.5,4.176062119817117,15,15,15
50,2025-07-14,7.745,6.9838125,0.301,11.5,3.851065726414789,16,16,16
50,2025-07-15,10.25,8.836125,0.295,16.2,4.910887182237714,16,16,16
50,2025-07-16,10.8,12.669823529411765,0.226,41.1,9.895346117211453,17,17,17
50,2025-07-17,12.6,11.617882352941177,0.203,23.3,6.778677570905265,17,17,17
50,2025-07-18,6.904999999999999,8.296687499999999,0.137,34.3,8.192849904795034,16,16,16
50,2025-07-19,6.09,7.188375000000001,0.136,33.2,7.758993034967017,16,16,16
50,2025-07-20,8.45,8.5200625,0.146,21.1,5.862253838115508,16,16,16
50,2025-07-21,7.84,7.038666666666667,0.152,13.6,4.3372936042564385,15,15,15
50,2025-07-22,12.9,12.643846153846154,0.34,20.9,5.958926830760634,13,13,13
50,2025-07-23,6.27,5.603750000000001,0.239,11.2,3.8431827275414223,12,12,12
50,2025-07-24,6.265,5.404314285714285,0.0714,11.4,3.8202725474373285,14,14,14
50,2025-07-25,6.5649999999999995,6.1111642857142865,0.0923,11.5,3.943145662579393,14,14,14
50,2025-07-26,9.719999999999999,8.355571428571428,0.104,17.2,5.365574723167138,14,14,14
50,2025-07-27,11.649999999999999,10.468571428571428,0.136,17.8,5.9114970343233,14,14,14
50,2025-07-28,9.04,8.028,0.244,14.4,4.5265765577678385,13,13,13
50,2025-07-29,7.15,7.357461538461539,0.234,14.0,4.901860541593444,13,13,13
50,2025-07-30,8.47,7.631153846153846,0.189,14.1,4.839190356629124,13,13,13
50,2025-07-31,14.8,12.181000000000001,0.314,21.8,7.042845920980144,13,13,13
50,2025-08-01,13.3,12.531076923076922,0.375,22.5,7.181405450438636,13,13,13
50,2025-08-02,14.25,12.601857142857142,0.213,21.7,7.147787445261461,14,14,14
50,2025-08-03,16.0,14.4678,0.428,23.9,7.389738214965012,15,15,15
50,2025-08-04,14.45,12.128428571428572,0.332,20.5,6.318799699970846,14,14,14
50,2025-08-05,7.985,8.382285714285715,0.167,15.9,4.93305663440445,14,14,14
50,2025-08-06,12.15,12.144,0.392,23.0,6.8516085478015825,14,14,14
50,2025-08-07,7.92,8.195571428571428,0.289,17.0,5.511227752566513,14,14,14
50,2025-08-08,7.985,7.985142857142857,0.121,18.9,5.482969799677527,14,14,14
50,2025-08-09,11.45,9.968642857142857,0.155,17.4,5.89480511333291,14,14,14
50,2025-08-10,9.25,7.391928571428571,0.292,15.0,4.788920521760229,14,14,14
50,2025-08-11,10.445,11.000142857142858,0.383,21.9,6.816496335047374,14,14,14
50,2025-08-12,8.18,7.518615384615385,0.208,13.9,4.653725345327504,13,13,13
50,2025-08-13,11.8,10.32,0.395,18.5,6.097743093418526,13,13,13
50,2025-08-14,5.32,5.117923076923077,0.229,12.7,3.910650765570407,13,13,13
50,2025-08-15,8.32,8.027214285714285,0.292,15.8,5.260689164834868,14,14,14
50,2025-08-16,5.91,7.450214285714286,0.186,15.6,5.008345991036768,14,14,14
50,2025-08-17,4.725,4.872142857142856,0.126,9.85,3.0093708480509513,14,14,14
50,2025-08-18,8.45,8.282428571428571,0.173,15.6,5.337842890651122,14,14,14
50,2025-08-19,9.255,8.4975,0.538,15.0,5.01737094426032,14,14,14
50,2025-08-20,6.855,6.846071428571428,0.655,13.3,3.9901552787268377,14,14,14
50,2025-08-21,8.23,7.0688571428571425,0.335,15.9,4.418170067714998,14,14,14
50,2025-08-22,7.744999999999999,6.7984285714285715,0.374,12.2,4.020991242396404,14,14,14
50,2025-08-23,3.9749999999999996,3.5627142857142857,0.07,7.88,2.6533520578425214,14,14,14
50,2025-08-24,7.074999999999999,6.680714285714286,0.081,12.3,4.220899419802362,14,14,14
50,2025-08-25,10.25,10.428857142857142,0.452,18.3,5.914227628318041,14,14,14
50,2025-08-26,10.2,7.865266666666667,0.159,14.9,4.5368395618011235,15,15,15
50,2025-08-27,8.59,7.2474,0.267,14.8,4.517269747472313,15,15,15
50,2025-08-28,9.37,8.272066666666667,0.15,14.4,5.061331395516213,15,15,15
50,2025-08-29,10.65,9.8916875,0.158,17.2,5.8000410311048665,16,16,16
50,2025-08-30,10.95,10.455,0.463,17.2,5.600838377719298,16,16,16
50,2025-08-31,8.385,8.048187500000001,0.186,14.0,4.638265253572719,16,16,16
50,2025-09-01,4.795,4.851125,0.131,10.3,3.3501140851220774,16,16,16
50,2025-09-02,7.77,7.4712499999999995,0.16,14.3,4.443989011387554,16,16,16
50,2025-09-03,6.95,6.49175,0.272,13.3,4.315219816726219,16,16,16
50,2025-09-04,8.815000000000001,8.67425,0.357,15.9,4.918926718977085,16,16,16
50,2025-09-05,11.0,11.653625,0.523,21.8,6.260334622313199,16,16,16
50,2025-09-06,14.25,13.860875,0.374,25.4,7.461510051591434,16,16,16
50,2025-09-07,16.3,15.245000000000001,0.745,26.9,8.381949781695017,15,15,15
50,2025-09-08,16.4,15.676333333333334,0.747,29.4,9.007153551219059,15,15,15
50,2025-09-09,14.1,12.8976,0.154,25.7,7.714212901243671,15,15,15
50,2025-09-10,5.8149999999999995,6.2521875,0.185,12.5,3.913427725472901,16,16,16
50,2025-09-11,4.08,4.04476875,0.0573,10.5,3.052760176565627,16,16,16
50,2025-09-12,4.45,4.3482,0.0689,10.0,3.5470199065318666,16,16,16
50,2025-09-13,5.015000000000001,4.6725625,0.273,9.86,3.196698859109712,16,16,16
50,2025-09-14,6.48,7.093133333333332,0.184,14.4,4.641432797049184,15,15,15
50,2025-09-15,11.1,10.8615,0.302,20.8,6.424968648431939,16,16,16
50,2025-09-16,8.98,8.006470588235294,0.274,14.6,4.511440043346014,17,17,17
50,2025-09-17,11.9,12.093000000000002,0.601,22.8,6.292467560504385,17,17,17
50,2025-09-18,14.6,14.336176470588235,0.625,24.1,7.181430378372527,17,17,17
50,2025-09-19,15.75,14.986,0.309,23.5,6.659911332171095,22,22,22
50,2025-09-20,9.275,8.080681818181818,0.292,14.4,4.129149126997839,22,22,22
50,2025-09-21,5.9350000000000005,5.49905,0.0961,12.1,3.1762815962709485,22,22,22
50,2025-09-22,3.5999999999999996,3.947390909090909,0.0926,12.6,3.0381496796741096,22,22,22
50,2025-09-23,3.815,3.650709090909091,0.0986,11.2,2.969454686976829,22,22,22
50,2025-09-24,4.38,4.404285714285715,0.113,11.3,2.995650632881898,21,21,21
50,2025-09-25,5.07,4.530047619047619,0.333,11.9,3.079946468304124,21,21,21
50,2025-09-26,8.13,7.335714285714286,0.427,13.1,3.9141919490854957,21,21,21
50,2025-09-27,4.42,4.977276190476191,0.0928,12.1,3.2515264572051024,21,21,21
50,2025-09-28,8.82,8.157526315789474,0.173,14.8,3.8018873437108853,19,19,19
50,2025-09-29,8.879999999999999,8.132850000000001,0.319,13.2,3.9568183826349532,20,20,20
50,2025-09-30,7.08,6.621380952380953,0.122,12.8,3.7580799150123254,21,21,21
50,2025-10-01,3.17,3.826414285714286,0.033,11.8,3.0916241256475074,21,21,21
50,2025-10-02,3.31,3.8236666666666665,0.117,11.4,3.135774359441912,21,21,21
50,2025-10-03,6.275,6.1862818181818175,0.0932,14.3,4.129776190711547,22,22,22
50,2025-10-04,9.92,10.119333333333334,0.165,17.0,5.295769333471137,21,21,21
50,2025-10-05,13.45,12.900749999999999,0.227,37.6,7.9347728443922865,20,20,20
50,2025-10-06,12.75,10.84685,0.299,17.3,5.088703208552926,20,20,20
50,2025-10-07,12.8,11.625285714285715,0.603,20.6,5.732998893623276,21,21,21
50,2025-10-08,8.63,8.503904761904762,0.222,15.9,3.879109200638233,21,21,21
50,2025-10-09,10.3,9.692857142857143,0.234,16.8,4.558703217864859,21,21,21
50,2025-10-10,17.35,16.448772727272726,0.355,24.9,6.969005312175155,22,22,22
50,2025-10-11,20.05,18.314375000000002,1.18,27.0,6.692650664472685,16,16,16
50,2025-10-12,21.1,19.563200000000002,0.555,29.1,8.072038877638366,20,20,20
50,2025-10-13,21.049999999999997,18.393166666666666,0.317,28.9,8.346960166995633,18,18,18
50,2025-10-14,13.3,12.655894736842106,0.342,20.8,6.362399109828661,19,19,19
50,2025-10-15,8.28,8.15542105263158,0.219,16.1,4.422038988166602,19,19,19
50,2025-10-16,6.03,5.857055555555556,0.498,19.6,4.483093922101017,18,18,18
50,2025-10-17,7.32,8.04205,0.207,37.9,7.919337296004934,20,20,20
50,2025-10-18,10.1,10.845285714285714,0.419,35.1,7.410211192286338,21,21,21
50,2025-10-19,14.05,13.79605,0.371,33.9,7.304537266766386,20,20,20
50,2025-10-20,16.5,15.701550000000001,0.631,23.7,6.568444151876134,20,20,20
50,2025-10-21,21.4,19.852999999999998,0.517,28.0,8.269074978496688,19,19,19
50,2025-10-22,20.8,18.718421052631577,0.41,29.3,8.092051149916534,19,19,19
50,2025-10-23,18.1,16.31173684210526,0.287,27.2,7.6666090131318105,19,19,19
50,2025-10-24,18.8,15.978789473684209,0.592,25.9,7.049993069964659,19,19,19
50,2025-10-25,15.65,15.358500000000001,0.413,24.8,6.251842874187532,18,18,18
50,2025-10-26,11.350000000000001,10.002666666666666,0.348,17.1,5.093170606167577,18,18,18
50,2025-10-27,11.05,9.534666666666666,0.561,16.1,4.914272239819323,18,18,18
50,2025-10-28,14.55,13.507333333333333,0.542,21.2,5.9034770213134955,18,18,18
50,2025-10-29,19.1,17.09238888888889,0.393,26.4,7.2583392456246605,18,18,18
50,2025-10-30,23.25,20.307166666666667,0.469,29.5,8.381103523087273,18,18,18
50,2025-10-31,15.95,14.447666666666667,0.252,22.1,6.585150505225419,18,18,18
50,2025-11-01,5.21,4.8620052631578945,0.0851,9.5,3.1787520490618966,19,19,19
50,2025-11-02,4.62,4.57428,0.0616,10.7,2.835692175707444,20,20,20
50,2025-11-03,5.93,5.272878947368421,0.0697,11.9,3.642342710792808,19,19,19
50,2025-11-04,7.04,7.586947368421052,0.17,14.7,4.146577617930293,19,19,19
50,2025-11-05,10.6,9.72521052631579,0.211,18.4,5.207178107392262,19,19,19
50,2025-11-06,8.63,9.182894736842105,0.186,21.4,5.723070940352225,19,19,19
50,2025-11-07,8.29,8.946526315789475,0.31,19.0,5.38220218630525,19,19,19
50,2025-11-08,7.615,7.18185,0.147,14.7,3.8782777006919202,20,20,20
50,2025-11-09,3.92,4.175015,0.0833,12.9,3.3938686424778925,20,20,20
50,2025-11-10,7.17,7.150789473684211,0.455,12.6,3.7177017479283765,19,19,19
50,2025-11-11,8.055,7.738444444444444,0.382,13.3,3.631285791112017,18,18,18
50,2025-11-12,11.149999999999999,10.9500625,0.921,17.4,4.748972807793983,16,16,16
50,2025-11-13,13.05,12.701666666666666,2.05,19.0,4.857798157722947,18,18,18
50,2025-11-15,23.25,22.637888888888888,0.982,32.8,7.439252349284831,18,18,18
50,2025-11-16,20.45,18.60111111111111,1.34,27.3,6.6756360251192,18,18,18
50,2025-11-17,17.4,16.435,1.33,24.8,6.683899223023145,18,18,18
50,2025-11-18,4.12,3.3850526315789473,0.145,8.41,2.321888754002851,19,19,19
50,2025-11-19,1.105,2.19045,0.0497,7.95,2.3817100748257154,20,20,20
50,2025-11-20,4.205,4.095454545454545,0.288,9.1,2.506636367482902,22,22,22
50,2025-11-21,8.370000000000001,8.3689,0.988,14.1,3.805286487589546,20,20,20
50,2025-11-22,13.05,12.660909090909092,0.0,20.4,5.574152858200076,22,22,22
50,2025-11-23,17.0,16.58695652173913,0.0,26.8,7.196855016907549,23,23,23
50,2025-11-24,18.7,17.152008695652174,0.0462,26.1,6.935957630802295,23,23,23
50,2025-11-25,20.7,18.26608695652174,0.0,27.7,7.7955755161795794,23,23,23
50,2025-11-26,31.6,27.798617391304347,0.0182,40.3,11.612299254107972,23,23,23
50,2025-11-27,32.5,27.657391304347826,0.0,39.6,10.73468177848675,23,23,23
50,2025-11-28,29.4,26.7565652173913,0.271,39.4,10.858413892319495,23,23,23
50,2025-11-29,29.5,27.81,0.0,41.0,11.446378612178322,25,25,25
50,2025-11-30,33.65,32.731153846153845,2.11,45.0,10.867056391469799,26,26,26
50,2025-12-01,38.95,40.012499999999996,3.0,112.0,20.03829621543187,24,24,24
50,2025-12-02,38.6,36.81173913043478,2.67,51.1,11.706279842334007,23,23,23
50,2025-12-03,33.95,31.766153846153845,3.29,47.4,10.964417386044031,26,26,26
50,2025-12-04,34.7,32.3628,4.5,44.5,10.460362294554301,25,25,25
50,2025-12-05,35.0,31.703333333333333,1.87,45.0,11.37052025059675,27,27,27
50,2025-12-06,33.65,30.294999999999998,2.9,42.6,10.726573078108405,26,26,26
50,2025-12-07,34.8,31.60423076923077,1.91,47.8,11.855354291821707,26,26,26
50,2025-12-08,30.85,26.73153846153846,1.58,39.7,9.81648437774245,26,26,26
50,2025-12-09,33.0,30.52192307692308,2.81,43.8,10.178312637851432,26,26,26
50,2025-12-10,35.4,32.57814814814815,3.21,44.3,10.051175222919126,27,27,27
50,2025-12-11,33.55,30.776538461538465,1.89,43.5,9.62771787800523,26,26,26
50,2025-12-12,30.6,28.575652173913046,2.95,39.2,9.071561370111521,23,23,23
50,2025-12-13,30.0,27.119600000000002,2.41,39.1,9.938628124645776,25,25,25
50,2025-12-14,22.2,21.2344,2.51,31.4,7.9966300610528025,25,25,25
50,2025-12-15,20.4,19.3424,1.91,30.4,7.367418294988641,25,25,25
50,2025-12-16,21.4,20.053846153846152,1.71,33.4,8.251494932155301,26,26,26
50,2025-12-17,23.799999999999997,22.119615384615386,2.59,33.3,8.367033156749999,26,26,26
50,2025-12-18,25.0,23.647307692307695,2.78,36.8,8.604990904210094,26,26,26
50,2025-12-19,26.799999999999997,25.185384615384613,3.97,38.2,9.54252512944838,26,26,26
50,2025-12-20,26.95,25.63423076923077,1.96,38.9,9.943049903556524,26,26,26
50,2025-12-21,26.700000000000003,24.69538461538462,2.11,38.4,9.207640405997283,26,26,26
50,2025-12-22,25.85,24.717692307692307,2.92,36.6,9.37534396497208,26,26,26
50,2025-12-23,28.7,26.3596,2.2,37.1,9.163767638549839,25,25,25
50,2025-12-24,29.200000000000003,26.283076923076923,2.52,37.0,9.532967122247205,26,26,26
50,2025-12-25,25.0,24.0772,2.13,32.9,6.883034408359924,25,25,25
50,2025-12-26,28.450000000000003,28.131249999999998,7.55,40.8,8.46509216288204,24,24,24
50,2025-12-27,32.1,29.6336,2.22,40.4,10.508323240809322,25,25,25
50,2025-12-28,35.150000000000006,31.880416666666665,3.19,45.4,10.770903833200721,24,24,24
50,2025-12-29,33.599999999999994,31.625,2.86,47.7,11.01367568861155,24,24,24
50,2025-12-30,35.8,33.4125,3.77,51.2,11.587981123635782,24,24,24
50,2025-12-31,42.2,39.84153846153846,3.66,60.7,15.694318893741823,26,26,26
51,2021-04-30,6.06,6.06,6.06,6.06,,1,1,1
51,2021-05-05,33.1,33.1,23.2,43.0,14.00071426749364,2,2,2
51,2021-05-06,20.1,20.1,17.4,22.8,3.818376618407357,2,2,2
51,2021-05-07,18.049999999999997,18.049999999999997,16.9,19.2,1.626345596729061,2,2,2
51,2021-05-16,19.1,19.1,19.1,19.1,,1,1,1
51,2021-05-20,17.9,17.9,15.8,20.0,2.9698484809835004,2,2,2
51,2021-06-03,19.65,19.65,17.9,21.4,2.4748737341529163,2,2,2
51,2021-06-05,12.7,12.7,12.7,12.7,,1,1,1
51,2021-06-13,6.74,6.74,6.74,6.74,,1,1,1
51,2021-06-14,6.22,6.22,6.22,6.22,,1,1,1
51,2021-06-20,9.15,9.15,8.4,9.9,1.0606601717798212,2,2,2
51,2021-06-21,14.65,14.65,14.3,15.0,0.49497474683058273,2,2,2
51,2021-06-29,6.78,6.78,6.78,6.78,,1,1,1
51,2021-07-03,5.61,5.61,5.61,5.61,,1,1,1
51,2021-07-04,7.83,7.83,7.83,7.83,,1,1,1
51,2021-07-06,6.48,6.48,6.48,6.48,,1,1,1
51,2021-07-24,6.9,6.9,6.9,6.9,,1,1,1
51,2021-08-04,10.7,10.7,10.7,10.7,,1,1,1
51,2021-08-07,9.82,9.82,9.82,9.82,,1,1,1
51,2021-08-10,12.7,12.7,12.7,12.7,,1,1,1
51,2021-08-11,13.4,13.4,13.4,13.4,,1,1,1
51,2021-08-12,16.2,16.2,16.2,16.2,,1,1,1
51,2021-08-14,5.83,5.83,5.83,5.83,,1,1,1
51,2021-08-15,6.63,6.63,6.63,6.63,,1,1,1
51,2021-08-16,4.46,4.46,4.46,4.46,,1,1,1
51,2021-08-17,7.67,7.67,7.67,7.67,,1,1,1
51,2021-08-18,6.83,6.83,6.83,6.83,,1,1,1
51,2021-08-21,12.7,12.7,12.7,12.7,,1,1,1
51,2021-08-22,10.2,10.2,10.2,10.2,,1,1,1
51,2021-08-23,8.18,8.18,8.18,8.18,,1,1,1
51,2021-08-24,7.65,7.65,7.65,7.65,,1,1,1
51,2021-08-25,5.63,5.63,5.63,5.63,,1,1,1
51,2021-08-26,6.79,6.79,6.79,6.79,,1,1,1
51,2021-08-27,6.17,6.17,6.17,6.17,,1,1,1
51,2021-08-28,5.38,5.38,5.38,5.38,,1,1,1
51,2021-08-29,5.5,5.5,5.5,5.5,,1,1,1
51,2021-09-01,8.88,8.88,8.88,8.88,,1,1,1
51,2021-09-02,12.8,12.8,12.8,12.8,,1,1,1
51,2021-09-03,9.83,9.83,9.83,9.83,,1,1,1
51,2021-09-04,6.75,6.75,6.75,6.75,,1,1,1
51,2021-09-06,5.68,5.68,5.68,5.68,,1,1,1
51,2021-09-07,4.88,4.88,4.88,4.88,,1,1,1
51,2021-09-10,4.71,4.71,4.71,4.71,,1,1,1
51,2021-09-11,4.0,4.0,4.0,4.0,,1,1,1
51,2021-09-12,5.13,5.13,5.13,5.13,,1,1,1
51,2021-09-13,7.08,7.08,7.08,7.08,,1,1,1
51,2021-09-14,6.83,6.83,6.83,6.83,,1,1,1
51,2021-09-15,10.0,10.0,10.0,10.0,,1,1,1
51,2021-09-16,7.38,7.38,7.38,7.38,,1,1,1
51,2021-09-17,5.83,5.83,5.83,5.83,,1,1,1
51,2021-09-19,8.26,8.26,8.26,8.26,,1,1,1
51,2021-09-20,7.74,7.74,7.74,7.74,,1,1,1
51,2021-09-21,6.83,6.83,6.83,6.83,,1,1,1
51,2021-09-22,5.22,5.22,5.22,5.22,,1,1,1
51,2021-09-23,4.52,4.52,4.52,4.52,,1,1,1
51,2021-09-24,5.0,5.0,5.0,5.0,,1,1,1
51,2021-09-25,7.14,7.14,7.14,7.14,,1,1,1
51,2021-09-26,5.67,5.67,5.67,5.67,,1,1,1
51,2021-09-27,4.8,4.8,4.8,4.8,,1,1,1
51,2021-09-28,7.0,7.0,7.0,7.0,,1,1,1
51,2021-10-01,10.5,10.5,10.5,10.5,,1,1,1
51,2021-10-02,9.0,9.0,9.0,9.0,,1,1,1
51,2021-10-03,7.42,7.42,7.42,7.42,,1,1,1
51,2021-10-04,9.14,9.14,9.14,9.14,,1,1,1
51,2021-10-05,12.3,12.3,12.3,12.3,,1,1,1
51,2021-10-06,15.3,15.3,15.3,15.3,,1,1,1
51,2021-10-07,12.2,12.2,12.2,12.2,,1,1,1
51,2021-10-08,14.0,14.0,14.0,14.0,,1,1,1
51,2021-10-09,17.3,17.3,17.3,17.3,,1,1,1
51,2021-10-10,17.6,17.6,17.6,17.6,,1,1,1
51,2021-10-11,11.3,11.3,11.3,11.3,,1,1,1
51,2021-10-12,7.79,7.79,7.79,7.79,,1,1,1
51,2021-10-13,9.38,9.38,9.38,9.38,,1,1,1
51,2021-10-14,14.3,14.3,14.3,14.3,,1,1,1
51,2021-10-15,11.5,11.5,11.5,11.5,,1,1,1
51,2021-10-16,5.96,5.96,5.96,5.96,,1,1,1
51,2021-10-17,6.21,6.21,6.21,6.21,,1,1,1
51,2021-10-18,9.08,9.08,9.08,9.08,,1,1,1
51,2021-10-19,12.5,12.5,12.5,12.5,,1,1,1
51,2021-10-20,11.2,11.2,11.2,11.2,,1,1,1
51,2021-10-21,9.54,9.54,9.54,9.54,,1,1,1
51,2021-10-23,7.92,7.92,7.92,7.92,,1,1,1
51,2021-10-24,6.42,6.42,6.42,6.42,,1,1,1
51,2021-10-25,11.5,11.5,11.5,11.5,,1,1,1
51,2021-10-28,16.3,16.3,16.3,16.3,,1,1,1
51,2021-10-31,8.92,8.92,8.92,8.92,,1,1,1
51,2021-11-01,10.0,10.0,10.0,10.0,,1,1,1
51,2021-11-02,9.83,9.83,9.83,9.83,,1,1,1
51,2021-11-03,9.29,9.29,9.29,9.29,,1,1,1
51,2021-11-04,11.4,11.4,11.4,11.4,,1,1,1
51,2021-11-05,11.6,11.6,11.6,11.6,,1,1,1
51,2021-11-06,13.0,13.0,13.0,13.0,,1,1,1
51,2021-11-09,19.3,19.3,19.3,19.3,,1,1,1
51,2021-11-10,23.0,23.0,23.0,23.0,,1,1,1
51,2021-11-11,18.6,18.6,18.6,18.6,,1,1,1
51,2021-11-12,15.4,15.4,15.4,15.4,,1,1,1
51,2021-11-13,17.4,17.4,17.4,17.4,,1,1,1
51,2021-11-14,22.2,22.2,22.2,22.2,,1,1,1
51,2021-11-15,23.4,23.4,23.4,23.4,,1,1,1
51,2021-11-16,22.5,22.5,22.5,22.5,,1,1,1
51,2021-11-17,20.9,20.9,20.9,20.9,,1,1,1
51,2021-11-18,19.9,19.9,19.9,19.9,,1,1,1
51,2021-11-19,17.65,17.65,17.5,17.8,0.21213203435596603,2,2,2
51,2021-11-20,16.75,16.75,13.8,19.7,4.171930009000629,2,2,2
51,2021-11-21,15.9,15.9,13.3,18.5,3.6769552621700465,2,2,2
51,2021-11-22,18.6,18.6,18.6,18.6,,1,1,1
51,2021-11-23,20.7,20.7,20.7,20.7,,1,1,1
51,2021-11-24,17.799999999999997,17.799999999999997,17.7,17.9,0.14142135623731025,2,2,2
51,2021-11-25,19.5,19.5,19.5,19.5,,1,1,1
51,2021-11-26,22.9,22.9,22.9,22.9,,1,1,1
51,2021-11-27,18.75,18.75,18.1,19.4,0.9192388155425097,2,2,2
51,2021-11-30,21.0,21.0,21.0,21.0,,1,1,1
51,2021-12-01,21.0,21.0,21.0,21.0,,1,1,1
51,2021-12-02,22.45,22.45,20.4,24.5,2.899137802864846,2,2,2
51,2021-12-03,25.65,25.65,25.0,26.3,0.9192388155425111,2,2,2
51,2021-12-04,28.5,28.5,28.2,28.8,0.4242640687119295,2,2,2
51,2021-12-05,30.95,30.95,30.5,31.4,0.6363961030678917,2,2,2
51,2021-12-06,32.05,32.05,31.3,32.8,1.0606601717798174,2,2,2
51,2021-12-07,35.65,35.65,33.8,37.5,2.616295090390228,2,2,2
51,2021-12-08,40.55,40.55,38.9,42.2,2.333452377915607,2,2,2
51,2021-12-09,39.4,39.4,36.9,41.9,3.5355339059327378,2,2,2
51,2021-12-10,29.8,29.8,22.9,36.7,9.758073580374358,2,2,2
51,2021-12-11,27.3,27.3,23.6,31.0,5.23259018078045,2,2,2
51,2021-12-12,26.5,26.5,24.7,28.3,2.545584412271572,2,2,2
51,2021-12-13,23.5,23.5,23.5,23.5,,1,1,1
51,2021-12-14,25.799999999999997,25.799999999999997,22.7,28.9,4.384062043356593,2,2,2
51,2021-12-15,28.6,28.6,24.5,32.7,5.798275605729692,2,2,2
51,2021-12-16,28.35,28.35,25.0,31.7,4.737615433949869,2,2,2
51,2021-12-17,30.0,30.0,27.5,32.5,3.5355339059327378,2,2,2
51,2021-12-18,28.049999999999997,28.049999999999997,26.9,29.2,1.6263455967290585,2,2,2
51,2021-12-19,32.2,32.2,30.2,34.2,2.828427124746194,2,2,2
51,2021-12-20,35.05,35.05,34.6,35.5,0.6363961030678943,2,2,2
51,2021-12-21,36.55,36.55,33.8,39.3,3.8890872965260113,2,2,2
51,2021-12-22,34.2,34.2,31.2,37.2,4.242640687119289,2,2,2
51,2021-12-23,37.25,37.25,35.0,39.5,3.181980515339464,2,2,2
51,2021-12-24,36.6,36.6,36.6,36.6,,1,1,1
51,2021-12-25,37.4,37.4,37.4,37.4,,1,1,1
51,2021-12-26,32.9,32.9,29.7,36.1,4.525483399593905,2,2,2
51,2021-12-27,32.2,32.2,30.9,33.5,1.838477631085027,2,2,2
51,2021-12-30,23.75,23.75,21.2,26.3,3.6062445840513933,2,2,2
51,2021-12-31,24.15,24.15,20.3,28.0,5.444722215136414,2,2,2
51,2022-01-01,25.15,25.15,23.6,26.7,2.1920310216782948,2,2,2
51,2022-01-02,21.5,21.5,21.3,21.7,0.282842712474618,2,2,2
51,2022-01-04,23.6,23.6,22.3,24.9,1.8384776310850233,2,2,2
51,2022-01-05,24.85,24.85,21.9,27.8,4.171930009000633,2,2,2
51,2022-01-06,23.25,23.25,16.6,29.9,9.40452018978108,2,2,2
51,2022-01-07,21.8,21.8,15.8,27.8,8.48528137423857,2,2,2
51,2022-01-08,24.35,24.35,17.5,31.2,9.687362902255702,2,2,2
51,2022-01-09,23.65,23.65,16.8,30.5,9.6873629022557,2,2,2
51,2022-01-10,21.9,21.9,15.3,28.5,9.333809511662425,2,2,2
51,2022-01-11,25.45,25.45,16.1,34.8,13.222896808188436,2,2,2
51,2022-01-12,25.85,25.85,19.8,31.9,8.555992052357224,2,2,2
51,2022-01-13,35.7,35.7,29.6,41.8,8.626702730475879,2,2,2
51,2022-01-14,37.6,37.6,30.7,44.5,9.758073580374358,2,2,2
51,2022-01-15,42.5,42.5,40.9,44.1,2.2627416997969543,2,2,2
51,2022-01-16,37.3,37.3,35.8,38.8,2.1213203435596424,2,2,2
51,2022-01-17,26.2,26.2,20.7,31.7,7.7781745930520225,2,2,2
51,2022-01-18,18.1,18.1,18.1,18.1,,1,1,1
51,2022-01-19,24.1,24.1,24.1,24.1,,1,1,1
51,2022-01-20,25.4,25.4,25.4,25.4,,1,1,1
51,2022-01-21,22.6,22.6,22.6,22.6,,1,1,1
51,2022-01-22,17.5,17.5,17.5,17.5,,1,1,1
51,2022-01-23,20.3,20.3,20.3,20.3,,1,1,1
51,2022-01-24,38.5,38.5,38.5,38.5,,1,1,1
51,2022-01-25,34.4,34.4,34.4,34.4,,1,1,1
51,2022-01-29,27.9,27.9,27.9,27.9,,1,1,1
51,2022-01-30,31.4,31.4,31.4,31.4,,1,1,1
51,2022-01-31,33.6,33.6,33.6,33.6,,1,1,1
51,2022-02-01,44.4,44.4,44.4,44.4,,1,1,1
51,2022-02-02,46.6,46.6,35.2,58.0,16.122034611053284,2,2,2
51,2022-02-03,30.2,30.2,30.2,30.2,,1,1,1
51,2022-02-04,41.3,41.3,40.1,42.5,1.6970562748477156,2,2,2
51,2022-02-05,35.2,35.2,26.2,44.2,12.727922061357857,2,2,2
51,2022-02-06,19.9,19.9,19.9,19.9,,1,1,1
51,2022-02-07,14.0,14.0,14.0,14.0,,1,1,1
51,2022-02-08,17.65,17.65,16.4,18.9,1.7677669529663689,2,2,2
51,2022-02-09,24.700000000000003,24.700000000000003,17.8,31.6,9.758073580374358,2,2,2
51,2022-02-10,28.5,28.5,28.5,28.5,,1,1,1
51,2022-02-11,55.550000000000004,55.550000000000004,40.7,70.4,21.001071401240463,2,2,2
51,2022-02-12,50.599999999999994,50.599999999999994,41.8,59.4,12.44507934888324,2,2,2
51,2022-02-13,50.35,50.35,36.2,64.5,20.011121907579295,2,2,2
51,2022-02-14,71.95,71.95,68.9,75.0,4.313351365237936,2,2,2
51,2022-02-15,64.44999999999999,64.44999999999999,59.3,69.6,7.283199846221443,2,2,2
51,2022-02-16,46.9,46.9,29.8,64.0,24.18305191657992,2,2,2
51,2022-02-17,39.7,39.7,24.4,55.0,21.637467504308354,2,2,2
51,2022-02-18,31.9,31.9,25.4,38.4,9.192388155425117,2,2,2
51,2022-02-19,14.65,14.65,12.8,16.5,2.616295090390225,2,2,2
51,2022-02-20,13.35,13.35,13.1,13.6,0.3535533905932738,2,2,2
51,2022-02-21,20.65,20.65,18.9,22.4,2.4748737341529163,2,2,2
51,2022-02-22,30.05,30.05,24.5,35.6,7.848885271170679,2,2,2
51,2022-02-23,33.45,33.45,29.1,37.8,6.151828996322958,2,2,2
51,2022-02-24,33.45,33.45,31.8,35.1,2.3334523779156062,2,2,2
51,2022-02-25,33.65,33.65,32.4,34.9,1.7677669529663689,2,2,2
51,2022-02-28,58.6,58.6,50.7,66.5,11.172287142747448,2,2,2
51,2022-03-01,57.7,57.7,57.7,57.7,,1,1,1
51,2022-03-04,60.3,60.3,57.6,63.0,3.818376618407358,2,2,2
51,2022-03-05,52.8,52.8,48.8,56.8,5.656854249492381,2,2,2
51,2022-03-06,42.150000000000006,42.150000000000006,37.1,47.2,7.141778489984134,2,2,2
51,2022-03-07,57.2,57.2,57.2,57.2,,1,1,1
51,2022-03-08,33.3,33.3,33.3,33.3,,1,1,1
51,2022-03-09,22.0,22.0,21.1,22.9,1.2727922061357835,2,2,2
51,2022-03-10,34.7,34.7,34.7,34.7,,1,1,1
51,2022-03-11,30.7,30.7,30.0,31.4,0.9899494936611655,2,2,2
51,2022-03-12,31.65,31.65,30.5,32.8,1.6263455967290572,2,2,2
51,2022-03-13,37.05,37.05,36.3,37.8,1.0606601717798212,2,2,2
51,2022-03-14,38.7,38.7,38.6,38.8,0.141421356237309,2,2,2
51,2022-03-15,35.599999999999994,35.599999999999994,32.4,38.8,4.525483399593906,2,2,2
51,2022-03-16,44.5,44.5,36.0,53.0,12.020815280171307,2,2,2
51,2022-03-17,44.95,44.95,43.2,46.7,2.4748737341529163,2,2,2
51,2022-03-18,47.150000000000006,47.150000000000006,44.7,49.6,3.4648232278140796,2,2,2
51,2022-03-19,44.75,44.75,41.7,47.8,4.313351365237936,2,2,2
51,2022-03-21,26.8,26.8,25.0,28.6,2.545584412271572,2,2,2
51,2022-03-22,13.4,13.4,11.3,15.5,2.969848480983499,2,2,2
51,2022-03-26,30.4,30.4,26.4,34.4,5.656854249492381,2,2,2
51,2022-03-27,37.45,37.45,32.3,42.6,7.283199846221445,2,2,2
51,2022-03-30,34.0,34.0,34.0,34.0,,1,1,1
51,2022-03-31,65.6,65.6,41.9,89.3,33.51686142824236,2,2,2
51,2022-04-01,70.7,70.7,44.1,97.3,37.618080759124325,2,2,2
51,2022-04-02,34.75,34.75,24.4,45.1,14.637110370561535,2,2,2
51,2022-04-03,8.17,8.17,7.92,8.42,0.3535533905932738,2,2,2
51,2022-04-04,12.2,12.2,11.1,13.3,1.5556349186104046,2,2,2
51,2022-04-05,26.4,26.4,24.8,28.0,2.2627416997969503,2,2,2
51,2022-04-06,36.400000000000006,36.400000000000006,33.2,39.6,4.525483399593901,2,2,2
51,2022-04-07,50.5,50.5,43.7,57.3,9.616652224137042,2,2,2
51,2022-04-08,42.849999999999994,42.849999999999994,41.9,43.8,1.3435028842544368,2,2,2
51,2022-04-09,53.1,53.1,46.7,59.5,9.050966799187806,2,2,2
51,2022-04-10,48.150000000000006,48.150000000000006,46.6,49.7,2.1920310216782957,2,2,2
51,2022-04-11,42.7,42.7,41.0,44.4,2.404163056034263,2,2,2
51,2022-04-12,47.65,47.65,41.8,53.5,8.273149339882607,2,2,2
51,2022-04-13,53.7,53.7,51.1,56.3,3.6769552621700416,2,2,2
51,2022-04-14,78.1,78.1,57.1,99.1,29.698484809834994,2,2,2
51,2022-04-15,55.35,55.35,49.2,61.5,8.697413408594533,2,2,2
51,2022-04-16,48.650000000000006,48.650000000000006,46.2,51.1,3.4648232278140796,2,2,2
51,2022-04-17,46.7,46.7,46.7,46.7,,1,1,1
51,2022-04-18,34.8,34.8,34.8,34.8,,1,1,1
51,2022-04-19,20.3,20.3,18.8,21.8,2.1213203435596424,2,2,2
51,2022-04-20,12.9,12.9,12.9,12.9,0.0,2,2,2
51,2022-04-21,16.9,16.9,16.9,16.9,,1,1,1
51,2022-04-22,21.299999999999997,21.299999999999997,20.7,21.9,0.8485281374238578,2,2,2
51,2022-04-23,25.65,25.65,25.2,26.1,0.6363961030678955,2,2,2
51,2022-04-24,30.35,30.35,27.8,32.9,3.6062445840513897,2,2,2
51,2022-04-25,31.25,31.25,28.8,33.7,3.4648232278140854,2,2,2
51,2022-04-26,35.95,35.95,32.2,39.7,5.303300858899107,2,2,2
51,2022-04-29,31.950000000000003,31.950000000000003,29.2,34.7,3.8890872965260126,2,2,2
51,2022-04-30,24.049999999999997,24.049999999999997,23.4,24.7,0.9192388155425111,2,2,2
51,2022-05-01,19.0,19.0,18.6,19.4,0.565685424949236,2,2,2
51,2022-05-02,17.799999999999997,17.799999999999997,16.7,18.9,1.5556349186104028,2,2,2
51,2022-05-03,15.5,15.5,15.1,15.9,0.5656854249492386,2,2,2
51,2022-05-04,19.1,19.1,19.1,19.1,,1,1,1
51,2022-05-05,27.25,27.25,24.5,30.0,3.8890872965260113,2,2,2
51,2022-05-06,26.75,26.75,26.0,27.5,1.0606601717798212,2,2,2
51,2022-05-08,8.06,8.06,7.54,8.58,0.7353910524340092,2,2,2
51,2022-05-09,9.32,9.32,7.04,11.6,3.224406922210656,2,2,2
51,2022-05-10,9.535,9.535,8.57,10.5,1.3647160876900366,2,2,2
51,2022-05-11,5.9,5.9,5.13,6.67,1.0889444430272834,2,2,2
51,2022-05-12,6.145,6.145,5.96,6.33,0.261629509039023,2,2,2
51,2022-05-13,12.2,12.2,12.1,12.3,0.1414213562373109,2,2,2
51,2022-05-14,14.95,14.95,14.8,15.1,0.21213203435596287,2,2,2
51,2022-05-15,13.3,13.3,12.5,14.1,1.1313708498984765,2,2,2
51,2022-05-16,17.0,17.0,16.9,17.1,0.14142135623731153,2,2,2
51,2022-05-17,12.5,12.5,11.6,13.4,1.272792206135786,2,2,2
51,2022-05-18,8.045,8.045,7.13,8.96,1.2940054095713822,2,2,2
51,2022-05-19,7.585,7.585,7.25,7.92,0.4737615433949868,2,2,2
51,2022-05-20,6.8149999999999995,6.8149999999999995,6.13,7.5,0.9687362902255698,2,2,2
51,2022-05-21,4.245,4.245,3.29,5.2,1.3505739520663058,2,2,2
51,2022-05-22,8.225,8.225,8.2,8.25,0.03535533905932788,2,2,2
51,2022-05-25,10.600000000000001,10.600000000000001,9.3,11.9,1.8384776310850226,2,2,2
51,2022-05-26,16.2,16.2,16.0,16.4,0.282842712474618,2,2,2
51,2022-05-29,21.85,21.85,21.8,21.9,0.07071067811865199,2,2,2
51,2022-05-30,20.1,20.1,19.8,20.4,0.42426406871192573,2,2,2
51,2022-05-31,18.45,18.45,15.6,21.3,4.030508652763323,2,2,2
51,2022-06-01,14.65,14.65,12.7,16.6,2.757716446627537,2,2,2
51,2022-06-02,14.6,14.6,14.1,15.1,0.7071067811865476,2,2,2
51,2022-06-03,16.65,16.65,16.5,16.8,0.2121320343559635,2,2,2
51,2022-06-04,10.3,10.3,10.1,10.5,0.2828427124746186,2,2,2
51,2022-06-05,7.125,7.125,6.79,7.46,0.4737615433949868,2,2,2
51,2022-06-06,5.71,5.71,5.46,5.96,0.3535533905932738,2,2,2
51,2022-06-07,5.605,5.605,5.0,6.21,0.8555992052357229,2,2,2
51,2022-06-08,6.17,6.17,5.25,7.09,1.3010764773832473,2,2,2
51,2022-06-09,8.145,8.145,7.58,8.71,0.7990306627407986,2,2,2
51,2022-06-10,10.7,10.7,10.0,11.4,0.9899494936611661,2,2,2
51,2022-06-11,12.25,12.25,12.0,12.5,0.3535533905932738,2,2,2
51,2022-06-12,10.915,10.915,9.83,12.0,1.5344217151748074,2,2,2
51,2022-06-13,10.605,10.605,9.91,11.3,0.9828784258493014,2,2,2
51,2022-06-14,18.3,18.3,17.1,19.5,1.6970562748477132,2,2,2
51,2022-06-15,17.6,17.6,16.8,18.4,1.1313708498984758,2,2,2
51,2022-06-16,13.3,13.3,12.5,14.1,1.1313708498984765,2,2,2
51,2022-06-17,9.065000000000001,9.065000000000001,8.96,9.17,0.14849242404917495,2,2,2
51,2022-06-18,7.5,7.5,7.5,7.5,,1,1,1
51,2022-06-19,8.54,8.54,8.54,8.54,,1,1,1
51,2022-06-20,7.0,7.0,7.0,7.0,,1,1,1
51,2022-06-21,6.005000000000001,6.005000000000001,5.36,6.65,0.9121677477306467,2,2,2
51,2022-06-22,5.79,5.79,5.26,6.32,0.7495331880577407,2,2,2
51,2022-06-23,6.25,6.25,6.0,6.5,0.3535533905932738,2,2,2
51,2022-06-24,7.46,7.46,7.46,7.46,,1,1,1
51,2022-06-25,9.96,9.96,9.96,9.96,,1,1,1
51,2022-06-28,6.42,6.42,6.42,6.42,,1,1,1
51,2022-06-29,6.5,6.5,6.5,6.5,,1,1,1
51,2022-06-30,6.21,6.21,6.21,6.21,,1,1,1
51,2022-07-01,7.88,7.88,7.88,7.88,,1,1,1
51,2022-07-02,7.0,7.0,7.0,7.0,,1,1,1
51,2022-07-03,6.29,6.29,6.29,6.29,,1,1,1
51,2022-07-04,6.25,6.25,6.25,6.25,,1,1,1
51,2022-07-05,5.71,5.71,5.71,5.71,,1,1,1
51,2022-07-06,7.25,7.25,7.25,7.25,,1,1,1
51,2022-07-07,6.75,6.75,6.75,6.75,,1,1,1
51,2022-07-08,7.88,7.88,7.88,7.88,,1,1,1
51,2022-07-09,7.0,7.0,7.0,7.0,,1,1,1
51,2022-07-10,6.42,6.42,6.42,6.42,,1,1,1
51,2022-07-11,5.71,5.71,5.71,5.71,,1,1,1
51,2022-07-12,6.83,6.83,6.83,6.83,,1,1,1
51,2022-07-13,8.33,8.33,8.33,8.33,,1,1,1
51,2022-07-14,8.04,8.04,8.04,8.04,,1,1,1
51,2022-07-15,5.58,5.58,5.58,5.58,,1,1,1
51,2022-07-16,6.83,6.83,6.83,6.83,,1,1,1
51,2022-07-17,7.5,7.5,7.5,7.5,,1,1,1
51,2022-07-18,11.1,11.1,11.1,11.1,,1,1,1
51,2022-07-19,11.7,11.7,11.7,11.7,,1,1,1
51,2022-07-20,10.9,10.9,10.9,10.9,,1,1,1
51,2022-07-21,8.96,8.96,8.96,8.96,,1,1,1
51,2022-07-22,6.63,6.63,6.63,6.63,,1,1,1
51,2022-07-23,6.38,6.38,6.38,6.38,,1,1,1
51,2022-07-24,6.71,6.71,6.71,6.71,,1,1,1
51,2022-07-25,9.38,9.38,9.38,9.38,,1,1,1
51,2022-07-28,16.2,16.2,16.2,16.2,,1,1,1
51,2022-07-29,17.3,17.3,17.3,17.3,,1,1,1
51,2022-07-31,11.5,11.5,11.5,11.5,,1,1,1
51,2022-08-01,10.9,10.9,10.9,10.9,,1,1,1
51,2022-08-02,9.61,9.61,9.61,9.61,,1,1,1
51,2022-08-03,6.25,6.25,6.25,6.25,,1,1,1
51,2022-08-04,6.92,6.92,6.92,6.92,,1,1,1
51,2022-08-06,9.13,9.13,9.13,9.13,,1,1,1
51,2022-08-07,7.83,7.83,7.83,7.83,,1,1,1
51,2022-08-08,7.29,7.29,7.29,7.29,,1,1,1
51,2022-08-09,6.54,6.54,6.54,6.54,,1,1,1
51,2022-08-10,7.04,7.04,7.04,7.04,,1,1,1
51,2022-08-11,7.54,7.54,7.54,7.54,,1,1,1
51,2022-08-12,9.96,9.96,9.96,9.96,,1,1,1
51,2022-08-13,6.92,6.92,6.92,6.92,,1,1,1
51,2022-08-14,8.88,8.88,8.88,8.88,,1,1,1
51,2022-08-15,10.4,10.4,10.4,10.4,,1,1,1
51,2022-08-16,9.25,9.25,9.25,9.25,,1,1,1
51,2022-08-17,6.71,6.71,6.71,6.71,,1,1,1
51,2022-08-18,7.52,7.52,7.52,7.52,,1,1,1
51,2022-08-19,9.57,9.57,9.57,9.57,,1,1,1
51,2022-08-20,11.6,11.6,11.6,11.6,,1,1,1
51,2022-08-21,11.4,11.4,11.4,11.4,,1,1,1
51,2022-08-22,9.04,9.04,9.04,9.04,,1,1,1
51,2022-08-23,9.54,9.54,9.54,9.54,,1,1,1
51,2022-08-24,11.6,11.6,11.6,11.6,,1,1,1
51,2022-08-27,6.58,6.58,6.58,6.58,,1,1,1
51,2022-08-28,6.62,6.62,6.62,6.62,,1,1,1
51,2022-08-29,8.95,8.95,8.95,8.95,,1,1,1
51,2022-08-30,11.3,11.3,11.3,11.3,,1,1,1
51,2022-08-31,12.3,12.3,12.3,12.3,,1,1,1
51,2022-09-01,9.58,9.58,9.58,9.58,,1,1,1
51,2022-09-02,12.9,12.9,12.9,12.9,,1,1,1
51,2022-09-03,12.4,12.4,12.4,12.4,,1,1,1
51,2022-09-04,10.3,10.3,10.3,10.3,,1,1,1
51,2022-09-05,9.0,9.0,9.0,9.0,,1,1,1
51,2022-09-06,10.3,10.3,10.3,10.3,,1,1,1
51,2022-09-07,10.5,10.5,10.5,10.5,,1,1,1
51,2022-09-08,20.5,20.5,20.5,20.5,,1,1,1
51,2022-09-09,11.4,11.4,11.4,11.4,,1,1,1
51,2022-09-10,6.29,6.29,6.29,6.29,,1,1,1
51,2022-09-11,5.54,5.54,5.54,5.54,,1,1,1
51,2022-09-12,6.45,6.45,6.45,6.45,,1,1,1
51,2022-09-13,8.08,8.08,8.08,8.08,,1,1,1
51,2022-09-14,7.5,7.5,7.5,7.5,,1,1,1
51,2022-09-15,8.79,8.79,8.79,8.79,,1,1,1
51,2022-09-16,8.05,8.05,8.05,8.05,,1,1,1
51,2022-09-17,7.83,7.83,7.83,7.83,,1,1,1
51,2022-09-18,7.21,7.21,7.21,7.21,,1,1,1
51,2022-09-19,6.88,6.88,6.88,6.88,,1,1,1
51,2022-09-20,7.29,7.29,7.29,7.29,,1,1,1
51,2022-09-21,7.6,7.6,7.6,7.6,,1,1,1
51,2022-09-22,11.0,11.0,11.0,11.0,,1,1,1
51,2022-09-23,11.3,11.3,11.3,11.3,,1,1,1
51,2022-09-26,6.54,6.54,6.54,6.54,,1,1,1
51,2022-09-27,6.67,6.67,6.67,6.67,,1,1,1
51,2022-09-28,11.6,11.6,11.6,11.6,,1,1,1
51,2022-09-29,15.5,15.5,15.5,15.5,,1,1,1
51,2022-09-30,16.7,16.7,16.7,16.7,,1,1,1
51,2022-10-01,8.42,8.42,8.42,8.42,,1,1,1
51,2022-10-02,5.67,5.67,5.67,5.67,,1,1,1
51,2022-10-03,5.63,5.63,5.63,5.63,,1,1,1
51,2022-10-04,7.33,7.33,7.33,7.33,,1,1,1
51,2022-10-05,7.0,7.0,7.0,7.0,,1,1,1
51,2022-10-06,9.83,9.83,9.83,9.83,,1,1,1
51,2022-10-07,11.1,11.1,11.1,11.1,,1,1,1
51,2022-10-08,10.7,10.7,10.7,10.7,,1,1,1
51,2022-10-09,8.63,8.63,8.63,8.63,,1,1,1
51,2022-10-10,10.1,10.1,10.1,10.1,,1,1,1
51,2022-10-11,8.04,8.04,8.04,8.04,,1,1,1
51,2022-10-12,12.4,12.4,12.4,12.4,,1,1,1
51,2022-10-13,14.4,14.4,14.4,14.4,,1,1,1
51,2022-10-14,14.2,14.2,14.2,14.2,,1,1,1
51,2022-10-15,13.3,13.3,13.3,13.3,,1,1,1
51,2022-10-16,21.4,21.4,21.4,21.4,,1,1,1
51,2022-10-17,24.7,24.7,24.7,24.7,,1,1,1
51,2022-10-18,28.6,28.6,28.6,28.6,,1,1,1
51,2022-10-19,28.4,28.4,28.4,28.4,,1,1,1
51,2022-10-20,28.0,28.0,28.0,28.0,,1,1,1
51,2022-10-21,28.7,28.7,28.7,28.7,,1,1,1
51,2022-10-22,24.5,24.5,24.5,24.5,,1,1,1
51,2022-10-23,12.5,12.5,12.5,12.5,,1,1,1
51,2022-10-26,33.1,33.1,33.1,33.1,,1,1,1
51,2022-10-27,31.4,31.4,31.4,31.4,,1,1,1
51,2022-10-28,22.5,22.5,22.5,22.5,,1,1,1
51,2022-10-29,13.2,13.2,13.2,13.2,,1,1,1
51,2022-10-30,19.2,19.2,19.2,19.2,,1,1,1
51,2022-10-31,23.8,23.8,23.8,23.8,,1,1,1
51,2022-11-01,26.1,26.1,26.1,26.1,,1,1,1
51,2022-11-02,27.0,27.0,27.0,27.0,,1,1,1
51,2022-11-03,25.4,25.4,25.4,25.4,,1,1,1
51,2022-11-04,23.8,23.8,23.8,23.8,,1,1,1
51,2022-11-05,25.4,25.4,25.4,25.4,,1,1,1
51,2022-11-08,28.9,28.9,28.9,28.9,,1,1,1
51,2022-11-09,32.5,32.5,32.5,32.5,,1,1,1
51,2022-11-10,31.0,31.0,31.0,31.0,,1,1,1
51,2022-11-11,31.0,31.0,31.0,31.0,,1,1,1
51,2022-11-12,28.0,28.0,28.0,28.0,,1,1,1
51,2022-11-13,27.2,27.2,27.2,27.2,,1,1,1
51,2022-11-14,24.4,24.4,24.4,24.4,,1,1,1
51,2022-11-15,23.3,23.3,23.3,23.3,,1,1,1
51,2022-11-16,11.52,11.52,9.54,13.5,2.8001428534987287,2,2,2
51,2022-11-17,12.275,12.275,7.75,16.8,6.399316369738256,2,2,2
51,2022-11-18,10.690000000000001,10.690000000000001,8.48,12.9,3.1254119728445406,2,2,2
51,2022-11-19,12.4,12.4,10.3,14.5,2.969848480983499,2,2,2
51,2022-11-20,11.95,11.95,10.0,13.9,2.757716446627535,2,2,2
51,2022-11-21,10.0,10.0,10.0,10.0,,1,1,1
51,2022-11-22,9.38,9.38,9.38,9.38,,1,1,1
51,2022-11-25,13.6,13.6,13.6,13.6,,1,1,1
51,2022-11-26,11.1,11.1,11.1,11.1,,1,1,1
51,2022-11-27,7.61,7.61,7.61,7.61,,1,1,1
51,2022-11-28,7.55,7.55,7.55,7.55,,1,1,1
51,2022-11-29,20.53,20.53,9.96,31.1,14.948237354283615,2,2,2
51,2022-11-30,11.5,11.5,10.3,12.7,1.6970562748477132,2,2,2
51,2022-12-01,16.6,20.766666666666666,11.7,34.0,11.719357206491035,3,3,3
51,2022-12-02,14.8,14.316666666666668,8.65,19.5,5.441124271079767,3,3,3
51,2022-12-03,19.7,19.7,10.4,29.0,13.152186130069783,2,2,2
51,2022-12-04,23.6,22.03333333333333,13.6,28.9,7.769384359994898,3,3,3
51,2022-12-05,21.0,21.0,13.2,28.8,11.030865786510143,2,2,2
51,2022-12-06,30.3,30.3,30.3,30.3,,1,1,1
51,2022-12-07,23.55,23.55,18.1,29.0,7.707463914933367,2,2,2
51,2022-12-08,29.2,25.099999999999998,16.7,29.4,7.275300681071538,3,3,3
51,2022-12-09,26.9,24.366666666666664,16.9,29.3,6.576726642740548,3,3,3
51,2022-12-10,21.75,21.75,13.3,30.2,11.950104602052653,2,2,2
51,2022-12-11,30.1,30.1,30.1,30.1,,1,1,1
51,2022-12-12,22.8,22.8,14.6,31.0,11.59655121145938,2,2,2
51,2022-12-13,33.75,33.75,32.2,35.3,2.192031021678293,2,2,2
51,2022-12-14,29.25,29.25,24.0,34.5,7.424621202458749,2,2,2
51,2022-12-15,34.25,34.25,28.2,40.3,8.555992052357224,2,2,2
51,2022-12-16,35.650000000000006,35.650000000000006,28.6,42.7,9.970205614730324,2,2,2
51,2022-12-17,35.5,35.5,28.9,42.1,9.333809511662428,2,2,2
51,2022-12-18,32.65,32.65,27.5,37.8,7.283199846221438,2,2,2
51,2022-12-19,39.2,38.93333333333334,32.0,45.6,6.803920438492305,3,3,3
51,2022-12-20,37.4,37.4,33.5,41.3,5.515432893255069,2,2,2
51,2022-12-21,38.8,38.8,32.3,45.3,9.192388155425117,2,2,2
51,2022-12-22,33.9,33.9,26.9,40.9,9.899494936611665,2,2,2
51,2022-12-25,44.8,43.03333333333333,30.9,53.4,11.353560381366426,3,3,3
51,2022-12-26,39.5,36.766666666666666,27.7,43.1,8.0556398463023,3,3,3
51,2022-12-27,31.9,31.9,25.3,38.5,9.333809511662425,2,2,2
51,2022-12-28,38.2,35.13333333333333,22.5,44.7,11.413296339503912,3,3,3
51,2022-12-29,37.7,35.56666666666667,26.7,42.3,8.01581769586443,3,3,3
51,2022-12-30,36.0,33.266666666666666,26.2,37.6,6.171979693204876,3,3,3
51,2022-12-31,34.0,31.133333333333336,24.1,35.3,6.125629219380921,3,3,3
51,2023-01-01,31.8,30.36666666666667,26.1,33.2,3.7607623340665035,3,3,3
51,2023-01-02,25.1,27.133333333333336,22.0,34.3,6.397134775298494,3,3,3
51,2023-01-04,36.1,34.0,22.6,43.3,10.508567932882194,3,3,3
51,2023-01-05,35.3,31.566666666666663,19.1,40.3,11.082117727823201,3,3,3
51,2023-01-06,32.9,28.599999999999998,19.6,33.3,7.796794213008316,3,3,3
51,2023-01-07,23.5,21.766666666666666,15.4,26.4,5.701169470672953,3,3,3
51,2023-01-08,33.4,30.099999999999998,21.5,35.4,7.514652353901676,3,3,3
51,2023-01-09,43.2,43.2,42.8,43.6,0.5656854249492386,2,2,2
51,2023-01-10,44.7,40.0,27.0,48.3,11.40131571354815,3,3,3
51,2023-01-11,39.1,34.166666666666664,23.1,40.3,9.602777376016448,3,3,3
51,2023-01-17,52.9,52.9,48.5,57.3,6.222539674441617,2,2,2
51,2023-01-18,51.4,51.4,48.4,54.4,4.242640687119285,2,2,2
51,2023-01-19,48.45,48.45,46.1,50.8,3.3234018715767677,2,2,2
51,2023-01-20,47.35,47.35,47.0,47.7,0.4949747468305853,2,2,2
51,2023-01-21,55.6,55.6,48.5,62.7,10.040916292848976,2,2,2
51,2023-01-24,63.2,63.2,50.7,75.7,17.67766952966369,2,2,2
51,2023-01-25,55.4,55.4,55.4,55.4,,1,1,1
51,2023-01-26,54.8,54.8,54.8,54.8,,1,1,1
51,2023-01-27,61.8,66.66666666666667,46.4,91.8,23.087947793888773,3,3,3
51,2023-01-28,61.8,69.83333333333333,52.2,95.5,22.740345936975835,3,3,3
51,2023-01-29,56.4,60.96666666666667,47.3,79.2,16.432995263594933,3,3,3
51,2023-01-30,56.55,56.55,42.6,70.5,19.728279195104676,2,2,2
51,2023-01-31,62.099999999999994,62.099999999999994,43.4,80.8,26.44579361637688,2,2,2
51,2023-02-01,79.9,79.9,61.3,98.5,26.304372260139566,2,2,2
51,2023-02-15,156.0,171.0,124.0,233.0,56.02677931132576,3,3,3
51,2023-03-20,39.3,39.63333333333333,34.8,44.8,5.008326400438906,3,3,3
51,2023-03-22,96.5,86.26666666666667,51.3,111.0,31.137811954813607,3,3,3
51,2023-03-25,111.0,100.33333333333333,76.0,114.0,21.1266025033211,3,3,3
51,2023-03-26,121.0,118.93333333333334,97.8,138.0,20.17952757953796,3,3,3
51,2023-03-27,96.4,103.66666666666667,90.6,124.0,17.846381519325796,3,3,3
51,2023-03-28,96.9,103.16666666666667,95.6,117.0,11.997638656557935,3,3,3
51,2023-03-29,101.0,121.33333333333333,100.0,163.0,36.08785575970583,3,3,3
51,2023-03-30,105.0,113.26666666666667,97.8,137.0,20.866560170122273,3,3,3
51,2023-03-31,130.0,122.66666666666667,107.0,131.0,13.576941236277534,3,3,3
51,2023-04-01,156.0,153.33333333333334,135.0,169.0,17.156145643277025,3,3,3
51,2023-04-02,143.0,142.33333333333334,130.0,154.0,12.013880860626733,3,3,3
51,2023-04-03,82.0,81.43333333333334,72.0,90.3,9.163150840913472,3,3,3
51,2023-04-04,97.6,88.76666666666667,69.4,99.3,16.79355034926603,3,3,3
51,2023-04-05,101.0,108.86666666666667,96.6,129.0,17.574223548519388,3,3,3
51,2023-04-07,176.0,172.66666666666666,156.0,186.0,15.275252316519463,3,3,3
51,2023-04-08,135.0,133.0,122.0,142.0,10.14889156509222,3,3,3
51,2023-04-11,82.6,91.86666666666667,82.0,111.0,16.572668262332815,3,3,3
51,2023-04-12,97.3,106.46666666666665,97.1,125.0,16.05064900037794,3,3,3
51,2023-04-16,102.0,95.83333333333333,73.5,112.0,19.977070188927435,3,3,3
51,2023-04-17,58.8,59.03333333333333,51.2,67.1,7.952567719506277,3,3,3
51,2023-04-20,70.3,69.2,64.9,72.4,3.8691084244306184,3,3,3
51,2023-04-21,68.2,67.16666666666667,63.6,69.7,3.1785741037976987,3,3,3
51,2023-04-24,38.8,38.333333333333336,36.1,40.1,2.040424792373718,3,3,3
51,2023-04-27,42.1,43.93333333333334,39.6,50.1,5.484827557301446,3,3,3
51,2023-04-29,38.0,40.43333333333333,36.0,47.3,6.030201765557543,3,3,3
51,2023-04-30,40.0,45.43333333333334,39.7,56.6,9.671780256671124,3,3,3
51,2023-05-01,30.7,30.533333333333335,25.3,35.6,5.152022256680703,3,3,3
51,2023-05-02,32.4,31.066666666666666,24.1,36.7,6.404946005497106,3,3,3
51,2023-05-03,28.7,29.5,27.3,32.5,2.690724809414742,3,3,3
51,2023-05-04,27.3,27.46666666666667,23.5,31.6,4.052571200279316,3,3,3
51,2023-05-05,39.0,39.233333333333334,34.7,44.0,4.6543886100467935,3,3,3
51,2023-05-06,41.8,39.73333333333333,34.1,43.3,4.935922743857861,3,3,3
51,2023-05-07,41.2,42.63333333333333,32.5,54.2,10.92077530825231,3,3,3
51,2023-05-11,16.5,15.633333333333333,13.0,17.4,2.3245071162148183,3,3,3
51,2023-05-12,11.7,11.666666666666666,11.1,12.2,0.5507570547286105,3,3,3
51,2023-05-17,21.6,22.866666666666664,21.4,25.6,2.3692474191889157,3,3,3
51,2023-05-18,28.0,27.733333333333334,26.8,28.4,0.8326663997864526,3,3,3
51,2023-05-20,28.7,28.766666666666666,27.4,30.2,1.4011899704655804,3,3,3
51,2023-05-21,30.4,30.766666666666666,30.2,31.7,0.8144527815247069,3,3,3
51,2023-05-22,30.8,30.366666666666664,28.7,31.6,1.4977761292440652,3,3,3
51,2023-05-26,24.1,25.2,22.9,28.6,3.0049958402633448,3,3,3
51,2023-06-01,10.4,10.633333333333333,10.0,11.5,0.7767453465154028,3,3,3
51,2023-06-04,15.8,15.8,15.8,15.8,,1,1,1
51,2023-06-05,11.3,11.3,11.3,11.3,,1,1,1
51,2023-06-08,7.39,7.39,7.39,7.39,,1,1,1
51,2023-06-09,9.6,9.6,9.6,9.6,,1,1,1
51,2023-06-10,12.5,12.5,12.5,12.5,,1,1,1
51,2023-06-11,17.0,17.0,17.0,17.0,,1,1,1
51,2023-06-18,7.31,7.31,7.31,7.31,,1,1,1
51,2023-06-19,6.18,6.18,6.18,6.18,,1,1,1
51,2023-06-22,8.64,8.64,8.64,8.64,,1,1,1
51,2023-06-27,6.11,6.11,6.11,6.11,,1,1,1
51,2023-07-08,5.44,5.44,5.44,5.44,,1,1,1
51,2023-07-09,5.56,5.56,5.56,5.56,,1,1,1
51,2023-07-10,9.17,9.17,9.17,9.17,,1,1,1
51,2023-07-18,8.81,8.81,8.81,8.81,,1,1,1
51,2023-07-20,6.61,6.61,6.61,6.61,,1,1,1
51,2023-08-10,9.96,9.96,9.96,9.96,,1,1,1
51,2023-08-12,15.7,15.7,15.7,15.7,,1,1,1
51,2023-08-15,13.3,13.3,13.3,13.3,,1,1,1
51,2023-09-01,7.58,7.58,7.58,7.58,,1,1,1
51,2023-09-02,2.32,2.32,2.32,2.32,,1,1,1
51,2023-09-03,6.97,6.97,6.97,6.97,,1,1,1
51,2023-09-16,4.08,4.08,4.08,4.08,,1,1,1
51,2023-09-21,5.06,5.06,5.06,5.06,,1,1,1
51,2023-10-27,23.0,23.0,23.0,23.0,,1,1,1
51,2023-10-29,4.62,4.62,4.62,4.62,,1,1,1
51,2023-10-30,10.1,10.1,10.1,10.1,,1,1,1
51,2023-11-07,13.4,13.4,13.4,13.4,,1,1,1
51,2023-11-10,14.3,14.3,14.3,14.3,,1,1,1
51,2023-11-11,13.5,13.5,13.5,13.5,,1,1,1
51,2023-11-12,16.7,16.7,16.7,16.7,,1,1,1
51,2023-11-17,17.3,17.3,17.3,17.3,,1,1,1
51,2023-11-18,15.4,15.4,15.4,15.4,,1,1,1
51,2023-11-19,15.4,15.4,15.4,15.4,,1,1,1
51,2023-11-20,20.7,20.7,20.7,20.7,,1,1,1
51,2023-11-21,20.7,20.7,20.7,20.7,,1,1,1
51,2023-11-22,24.0,24.0,24.0,24.0,,1,1,1
51,2023-11-23,26.8,26.8,26.8,26.8,,1,1,1
51,2023-11-24,23.6,23.6,23.6,23.6,,1,1,1
51,2023-11-25,19.8,19.8,19.8,19.8,,1,1,1
51,2023-11-26,25.4,25.4,25.4,25.4,,1,1,1
51,2023-11-27,29.1,29.1,29.1,29.1,,1,1,1
51,2023-11-28,31.9,31.9,31.9,31.9,,1,1,1
51,2023-11-29,33.0,33.0,33.0,33.0,,1,1,1
51,2023-11-30,38.5,38.5,38.5,38.5,,1,1,1
51,2023-12-01,33.0,33.0,33.0,33.0,,1,1,1
51,2023-12-02,25.3,25.3,25.3,25.3,,1,1,1
51,2023-12-03,18.6,18.6,18.6,18.6,,1,1,1
51,2023-12-05,15.1,15.1,15.1,15.1,,1,1,1
51,2023-12-06,18.5,18.5,18.5,18.5,,1,1,1
51,2023-12-07,29.1,29.1,29.1,29.1,,1,1,1
51,2023-12-08,29.7,29.7,29.7,29.7,,1,1,1
51,2023-12-09,21.2,21.2,21.2,21.2,,1,1,1
51,2023-12-10,16.9,16.9,16.9,16.9,,1,1,1
51,2023-12-11,14.8,14.8,14.8,14.8,,1,1,1
51,2023-12-12,30.7,30.7,30.7,30.7,,1,1,1
51,2023-12-13,47.5,47.5,47.5,47.5,,1,1,1
51,2023-12-14,38.2,38.2,38.2,38.2,,1,1,1
51,2023-12-15,35.7,35.7,35.7,35.7,,1,1,1
51,2023-12-16,23.6,23.6,23.6,23.6,,1,1,1
51,2023-12-17,26.7,26.7,26.7,26.7,,1,1,1
51,2023-12-18,33.6,33.6,33.6,33.6,,1,1,1
51,2023-12-19,26.7,26.7,26.7,26.7,,1,1,1
51,2023-12-20,23.4,23.4,23.4,23.4,,1,1,1
51,2023-12-21,25.4,25.4,25.4,25.4,,1,1,1
51,2023-12-22,28.5,28.5,28.5,28.5,,1,1,1
51,2023-12-23,19.2,19.2,19.2,19.2,,1,1,1
51,2023-12-24,25.5,25.5,25.5,25.5,,1,1,1
51,2023-12-25,31.4,31.4,31.4,31.4,,1,1,1
51,2023-12-26,33.0,33.0,33.0,33.0,,1,1,1
51,2023-12-27,38.4,38.4,38.4,38.4,,1,1,1
51,2023-12-28,42.2,42.2,42.2,42.2,,1,1,1
51,2023-12-29,30.9,30.9,30.9,30.9,,1,1,1
51,2023-12-30,24.8,24.8,24.8,24.8,,1,1,1
51,2023-12-31,28.1,28.1,28.1,28.1,,1,1,1
51,2024-01-01,29.1,29.1,29.1,29.1,,1,1,1
51,2024-01-02,23.0,23.0,23.0,23.0,,1,1,1
51,2024-01-03,23.7,23.7,23.7,23.7,,1,1,1
51,2024-01-04,24.8,24.8,24.8,24.8,,1,1,1
51,2024-01-05,20.65,21.025,16.2,26.6,4.527232414327029,4,4,4
51,2024-01-06,23.200000000000003,21.875,16.3,24.8,4.011130347753195,4,4,4
51,2024-01-07,24.65,24.0,15.4,31.3,6.580273550544841,4,4,4
51,2024-01-08,26.6,26.75,16.4,37.4,8.714164714226296,4,4,4
51,2024-01-09,20.6,20.866666666666667,15.0,27.0,6.004442799572108,3,3,3
51,2024-01-10,20.4,22.175,16.3,31.6,7.304507740658049,4,4,4
51,2024-01-11,21.55,22.375,16.7,29.7,6.325279967453352,4,4,4
51,2024-01-12,18.65,20.674999999999997,15.7,29.7,6.205575450082503,4,4,4
51,2024-01-13,14.45,17.15,11.4,28.3,7.639589866827495,4,4,4
51,2024-01-14,21.9,21.9,21.9,21.9,,1,1,1
51,2024-01-15,27.0,27.2,19.9,34.7,7.402026749478823,3,3,3
51,2024-01-16,28.3,28.3,28.3,28.3,,1,1,1
51,2024-01-17,20.65,20.200000000000003,14.9,24.6,4.330511901996499,4,4,4
51,2024-01-18,16.5,17.133333333333333,14.0,20.9,3.4933269720043856,3,3,3
51,2024-01-19,15.3,17.333333333333332,12.9,23.8,5.727419430540541,3,3,3
51,2024-01-20,12.9,16.366666666666667,12.5,23.7,6.354001363970057,3,3,3
51,2024-01-22,26.799999999999997,26.45,21.8,30.4,4.494070167083138,4,4,4
51,2024-01-23,29.5,29.75,22.2,37.8,6.694027188471825,4,4,4
51,2024-01-24,28.25,28.125,20.1,35.9,7.527892578050424,4,4,4
51,2024-01-25,32.7,30.825,19.5,38.4,8.047515144440549,4,4,4
51,2024-01-26,33.1,32.13333333333333,26.0,37.3,5.711683931498076,3,3,3
51,2024-01-27,27.7,26.966666666666665,20.4,32.8,6.232442004008808,3,3,3
51,2024-01-28,29.799999999999997,28.3,17.8,35.8,7.842618610302724,4,4,4
51,2024-01-29,28.7,29.75,22.6,39.0,7.037281672161015,4,4,4
51,2024-01-30,25.8,25.2,21.0,28.8,3.9344631145812,3,3,3
51,2024-01-31,20.799999999999997,20.8,15.0,26.6,5.573747990954262,4,4,4
51,2024-02-01,13.7,13.7,13.7,13.7,,1,1,1
51,2024-02-03,16.9,15.7,9.2,19.8,4.856610615096363,4,4,4
51,2024-02-04,31.35,31.65,25.5,38.4,7.118286310622804,4,4,4
51,2024-02-05,33.5,33.0,21.8,43.7,10.958558299338467,3,3,3
51,2024-02-06,26.8,27.366666666666664,20.9,34.4,6.767815994346576,3,3,3
51,2024-02-07,26.8,27.433333333333334,19.1,36.4,8.667371766189177,3,3,3
51,2024-02-09,36.9,38.5,32.5,46.1,6.9397406291589885,3,3,3
51,2024-02-10,35.3,35.166666666666664,26.9,43.3,8.20081296783028,3,3,3
51,2024-02-13,35.1,33.266666666666666,23.8,40.9,8.696167738339305,3,3,3
51,2024-02-14,36.35,36.35,32.0,40.7,6.1518289963229655,2,2,2
51,2024-02-15,36.8,37.03333333333333,18.6,55.7,18.551100596280897,3,3,3
51,2024-02-16,37.6,35.699999999999996,16.2,53.3,18.62283544468994,3,3,3
51,2024-02-17,58.0,58.0,58.0,58.0,,1,1,1
51,2024-02-18,39.6,37.2,25.3,46.7,10.9,3,3,3
51,2024-02-19,31.5,29.399999999999995,15.9,40.8,12.58213018530646,3,3,3
51,2024-02-20,37.0,34.833333333333336,20.0,47.5,13.877439725444075,3,3,3
51,2024-02-21,37.1,33.2,23.8,38.7,8.179853299418028,3,3,3
51,2024-02-22,37.8,36.833333333333336,16.2,56.5,20.167382907391165,3,3,3
51,2024-02-23,43.9,41.56666666666667,21.8,59.0,18.70944503007327,3,3,3
51,2024-02-24,55.9,44.0,18.4,57.7,22.188510540367506,3,3,3
51,2024-02-25,59.4,53.1,22.6,77.3,27.88888667552005,3,3,3
51,2024-02-26,54.4,59.333333333333336,41.8,81.8,20.45124283101967,3,3,3
51,2024-02-28,53.6,53.65,44.0,63.4,8.00229133852715,4,4,4
51,2024-02-29,42.8,42.1,36.4,46.4,4.200793575821916,4,4,4
51,2024-03-01,45.6,45.025000000000006,38.2,50.7,6.139150321230675,4,4,4
51,2024-03-02,57.0,56.166666666666664,44.2,67.3,11.572524933364079,3,3,3
51,2024-03-03,40.4,45.625,39.0,62.7,11.437766390340382,4,4,4
51,2024-03-04,34.5,35.475,31.1,41.8,4.696363841668716,4,4,4
51,2024-03-05,50.7,50.7,50.7,50.7,,1,1,1
51,2024-03-06,69.25,63.625,43.1,72.9,13.999851189685316,4,4,4
51,2024-03-07,73.6,77.125,51.3,110.0,24.327128204263378,4,4,4
51,2024-03-08,64.0,64.0,64.0,64.0,,1,1,1
51,2024-03-09,38.7,38.7,38.7,38.7,,1,1,1
51,2024-03-10,49.5,49.5,49.5,49.5,,1,1,1
51,2024-03-11,77.7,77.7,77.7,77.7,,1,1,1
51,2024-03-13,40.6,41.9,38.0,47.1,4.687216658103185,3,3,3
51,2024-03-14,51.7,51.23333333333333,50.2,51.8,0.8962886439832484,3,3,3
51,2024-03-15,107.2,107.175,89.3,125.0,15.905214029787004,4,4,4
51,2024-03-16,101.0,101.0,101.0,101.0,,1,1,1
51,2024-03-17,86.4,85.175,60.9,107.0,22.769332445199183,4,4,4
51,2024-03-18,62.8,62.8,62.8,62.8,,1,1,1
51,2024-03-19,73.1,73.1,73.1,73.1,,1,1,1
51,2024-03-20,52.0,52.35,34.9,70.5,14.757935718340379,4,4,4
51,2024-03-22,38.4,38.4,38.4,38.4,,1,1,1
51,2024-03-23,36.9,38.56666666666666,36.4,42.4,3.329164059239697,3,3,3
51,2024-03-24,50.9,50.9,50.8,51.0,0.14142135623731153,2,2,2
51,2024-03-25,57.7,57.725,38.6,76.9,15.712707171797822,4,4,4
51,2024-03-26,72.1,79.76666666666667,49.2,118.0,35.0348873743492,3,3,3
51,2024-03-27,73.7,78.375,55.1,111.0,25.77497171029809,4,4,4
51,2024-03-28,64.0,71.8,46.4,105.0,30.06858826084125,3,3,3
51,2024-03-29,67.65,86.675,56.4,155.0,46.24870268450781,4,4,4
51,2024-03-30,76.1,76.8,58.4,95.9,18.759797440271047,3,3,3
51,2024-03-31,74.35,76.675,60.5,97.5,17.172919573172948,4,4,4
51,2024-04-01,73.8,74.75,65.7,85.7,8.368392916205597,4,4,4
51,2024-04-02,83.9,83.4,76.9,88.9,5.507570547286102,4,4,4
51,2024-04-03,89.6,90.56666666666666,87.3,94.8,3.8423083339749438,3,3,3
51,2024-04-04,93.6,96.625,90.3,109.0,8.81717074803477,4,4,4
51,2024-04-05,92.55,91.975,87.4,95.4,4.018602576352461,4,4,4
51,2024-04-06,109.0,117.33333333333333,109.0,134.0,14.433756729740647,3,3,3
51,2024-04-07,117.5,121.0,103.0,146.0,19.30457631409368,4,4,4
51,2024-04-08,97.0,99.2,96.6,104.0,4.161730409336962,3,3,3
51,2024-04-09,74.9,74.9,74.9,74.9,,1,1,1
51,2024-04-10,73.2,73.63333333333334,65.9,81.8,7.958852513606041,3,3,3
51,2024-04-11,34.8,35.13333333333333,33.1,37.5,2.218858565419014,3,3,3
51,2024-04-12,32.4,32.7,30.8,35.2,1.831210892642718,4,4,4
51,2024-04-13,32.2,32.333333333333336,31.1,33.7,1.3051181300301269,3,3,3
51,2024-04-14,42.25,42.625,40.7,45.3,1.9276496915501333,4,4,4
51,2024-04-15,41.4,41.36666666666667,40.5,42.2,0.8504900548115378,3,3,3
51,2024-04-16,37.4,37.233333333333334,35.7,38.6,1.4571661996262937,3,3,3
51,2024-04-17,48.7,48.075,38.2,56.7,7.660885501472181,4,4,4
51,2024-04-18,72.5,73.10000000000001,66.5,80.3,6.919537556802473,3,3,3
51,2024-04-19,79.4,81.93333333333334,76.3,90.1,7.2403959376081986,3,3,3
51,2024-04-20,68.3,73.1,60.4,90.6,15.661736813010233,3,3,3
51,2024-04-21,51.8,56.76666666666667,51.3,67.2,9.038989619052197,3,3,3
51,2024-04-22,49.3,49.0,43.8,53.6,4.068578785440113,4,4,4
51,2024-04-23,55.05,54.05,50.1,56.0,2.6863854277945047,4,4,4
51,2024-04-24,51.7,51.275,45.9,55.8,4.078704859797205,4,4,4
51,2024-04-25,48.0,47.1,43.6,48.8,2.376271589416214,4,4,4
51,2024-04-26,49.7,50.95,44.6,59.8,6.6900423516347525,4,4,4
51,2024-04-27,49.400000000000006,49.475,48.7,50.4,0.7182153808805057,4,4,4
51,2024-04-28,56.85,56.125,52.1,58.7,2.9055980451535293,4,4,4
51,2024-04-29,54.75,53.975,49.4,57.0,3.3866158132664936,4,4,4
51,2024-04-30,53.35,52.575,47.4,56.2,3.7668510279365544,4,4,4
51,2024-05-01,55.25,55.75,53.9,58.6,2.0371548787463394,4,4,4
51,2024-05-02,63.15,63.224999999999994,57.5,69.1,6.611795015979642,4,4,4
51,2024-05-03,52.849999999999994,51.8,45.0,56.5,5.4141789158960485,4,4,4
51,2024-05-04,49.85,50.075,43.0,57.6,6.218989735747542,4,4,4
51,2024-05-05,47.05,47.35,40.4,54.9,5.946707772653143,4,4,4
51,2024-05-06,57.15,62.375,52.3,82.9,13.910517603597649,4,4,4
51,2024-05-07,67.15,72.1,61.9,92.2,13.749909090608561,4,4,4
51,2024-05-08,39.6,46.475,35.3,71.4,17.055473217318443,4,4,4
51,2024-05-09,36.400000000000006,39.1,32.8,50.8,8.399206311709854,4,4,4
51,2024-05-10,27.15,27.849999999999998,22.3,34.8,5.43108337872534,4,4,4
51,2024-05-11,22.05,22.25,17.5,27.4,4.445597072760118,4,4,4
51,2024-05-12,18.55,18.425,14.4,22.2,3.7633097135367417,4,4,4
51,2024-05-13,20.6,20.75,17.4,24.4,3.7678464229141113,4,4,4
51,2024-05-14,18.4,17.7,15.4,19.3,1.5264337522473743,5,5,5
51,2024-05-15,18.9,22.96,14.8,37.0,9.26622900645133,5,5,5
51,2024-05-16,28.6,27.98,19.1,39.1,8.062691858182353,5,5,5
51,2024-05-17,25.8,27.24,21.6,33.3,5.261463674682168,5,5,5
51,2024-05-18,24.0,24.580000000000002,15.9,35.2,8.354160640064327,5,5,5
51,2024-05-19,19.1,23.3,16.9,42.0,10.511184519358416,5,5,5
51,2024-05-20,15.1,19.6,11.8,40.4,11.752659273543157,5,5,5
51,2024-05-21,14.2,14.933333333333332,13.0,17.6,2.3860706890897716,3,3,3
51,2024-05-22,8.95,9.48,4.51,18.2,5.209059416055839,5,5,5
51,2024-05-23,7.9,11.8,6.71,25.3,7.835690780014229,5,5,5
51,2024-05-24,7.565,7.315,2.73,11.4,3.6561774209320492,4,4,4
51,2024-05-25,7.59,6.7965,0.306,11.7,4.851301784057553,4,4,4
51,2024-05-26,8.385,8.385,6.93,9.84,2.0576807332528535,2,2,2
51,2024-05-27,7.04,6.9799999999999995,4.53,9.37,2.4205577869573776,3,3,3
51,2024-05-28,10.4,11.61,6.82,22.7,6.423838416398718,5,5,5
51,2024-05-29,10.3,12.318,8.29,18.7,4.16798752397365,5,5,5
51,2024-05-30,15.0,17.02,10.2,27.5,6.619818728636004,5,5,5
51,2024-05-31,19.549999999999997,20.35,16.1,26.2,4.823898838076935,4,4,4
51,2024-06-01,13.8,16.766666666666666,11.3,25.2,7.409678355592321,3,3,3
51,2024-06-02,6.945,6.945,2.49,11.4,6.300321420372139,2,2,2
51,2024-06-03,6.15,4.628666666666667,0.816,6.92,3.3242360525891264,3,3,3
51,2024-06-04,11.434999999999999,11.532499999999999,7.46,15.8,3.698931151923035,4,4,4
51,2024-06-05,11.2,11.095,7.28,14.7,3.1618718084915036,4,4,4
51,2024-06-06,6.2,6.963333333333334,3.99,10.7,3.4195077618472123,3,3,3
51,2024-06-07,7.045,8.375,4.81,14.6,4.391419664148106,4,4,4
51,2024-06-08,11.95,15.015,9.46,26.7,7.878043327290519,4,4,4
51,2024-06-09,20.75,20.95,17.0,25.3,3.5967577992779374,4,4,4
51,2024-06-10,18.2,17.674999999999997,14.9,19.4,1.941434177783698,4,4,4
51,2024-06-11,9.98,8.643333333333333,3.35,12.6,4.767665396536688,3,3,3
51,2024-06-12,9.04,8.62,4.42,12.4,4.006544645951172,3,3,3
51,2024-06-13,11.7,9.316666666666666,1.65,14.6,6.79601598977911,3,3,3
51,2024-06-14,8.87,8.45,4.28,12.2,3.9766694607422424,3,3,3
51,2024-06-15,7.55,8.252500000000001,4.61,13.3,3.877768903205381,4,4,4
51,2024-06-16,9.290000000000001,9.7825,7.15,13.4,3.0866203200264204,4,4,4
51,2024-06-17,9.75,9.75,7.7,11.8,2.899137802864845,2,2,2
51,2024-06-18,8.41,7.657500000000001,2.91,10.9,3.8991142156477885,4,4,4
51,2024-06-19,8.625,8.657499999999999,3.38,14.0,4.655021482227553,4,4,4
51,2024-06-20,10.010000000000002,9.8325,4.61,14.7,4.256691790581038,4,4,4
51,2024-06-21,9.16,9.515,4.74,15.0,4.310340280457371,4,4,4
51,2024-06-22,10.3,8.696666666666667,4.69,11.1,3.4928546109641223,3,3,3
51,2024-06-23,7.5,7.776666666666666,4.43,11.4,3.49322677954543,3,3,3
51,2024-06-24,7.9799999999999995,8.25,6.24,10.8,1.9142100198254106,4,4,4
51,2024-06-25,7.17,6.783333333333334,2.78,10.4,3.8246873510567285,3,3,3
51,2024-06-26,3.63,5.603333333333333,3.61,9.57,3.435248656696242,3,3,3
51,2024-06-27,6.78,5.676666666666667,2.55,7.7,2.7465675548461093,3,3,3
51,2024-06-28,4.18,4.18,2.17,6.19,2.8425692603699217,2,2,2
51,2024-06-29,6.97,5.578333333333333,0.755,9.01,4.299861431875838,3,3,3
51,2024-06-30,5.28,5.239666666666667,0.939,9.5,4.280642514078154,3,3,3
51,2024-07-01,5.645,5.645,2.26,9.03,4.787112908632927,2,2,2
51,2024-07-02,11.55,9.65,3.6,11.9,4.036913012026227,4,4,4
51,2024-07-03,13.7,13.899999999999999,7.1,20.9,6.902173570694959,3,3,3
51,2024-07-04,11.7,10.476666666666667,7.83,11.9,2.294260955805449,3,3,3
51,2024-07-05,11.8,10.773333333333333,8.12,12.4,2.3173548138628526,3,3,3
51,2024-07-06,9.78,9.38,7.36,11.0,1.8526737435393208,3,3,3
51,2024-07-07,6.46,5.18,2.4,6.68,2.4100622398602076,3,3,3
51,2024-07-08,10.024999999999999,9.059999999999999,4.89,11.3,2.844890156051724,4,4,4
51,2024-07-09,9.870000000000001,8.9775,3.47,12.7,3.9402400519088503,4,4,4
51,2024-07-10,10.6,8.65,3.75,11.6,4.272879591095447,3,3,3
51,2024-07-11,6.4,5.533333333333334,1.81,8.39,3.3745271273666386,3,3,3
51,2024-07-12,5.025,5.1925,1.59,9.13,3.1390271847606974,4,4,4
51,2024-07-13,10.600000000000001,8.8675,2.97,11.3,3.953086346978354,4,4,4
51,2024-07-14,8.825,9.6525,2.26,18.7,6.793336808962146,4,4,4
51,2024-07-15,11.7,11.8825,6.43,17.7,4.787472367196146,4,4,4
51,2024-07-16,10.28,9.969999999999999,7.12,12.2,2.2346066022158495,4,4,4
51,2024-07-17,8.025,7.8325,5.43,9.85,2.115630323725453,4,4,4
51,2024-07-18,8.055,8.015,4.65,11.3,3.370148364686635,4,4,4
51,2024-07-19,5.76,6.045,1.66,11.0,4.132751303107088,4,4,4
51,2024-07-20,8.434999999999999,7.182499999999999,0.76,11.1,4.462588000999719,4,4,4
51,2024-07-21,9.53,8.5925,2.61,12.7,4.263600786502726,4,4,4
51,2024-07-22,11.2,12.7325,6.43,22.1,6.645516659121898,4,4,4
51,2024-07-23,13.25,12.54,6.96,16.7,4.1495059946938255,4,4,4
51,2024-07-24,10.61,10.0725,3.77,15.3,4.992336627271843,4,4,4
51,2024-07-25,8.01,7.89,6.11,9.43,1.6639911858740914,4,4,4
51,2024-07-26,6.5,6.976666666666667,5.72,8.71,1.5509459479083518,3,3,3
51,2024-07-27,9.67,8.6325,3.69,11.5,3.4446806818629794,4,4,4
51,2024-07-28,13.0,10.13,4.09,13.3,5.232943722227481,3,3,3
51,2024-07-29,15.6,12.476666666666667,5.33,16.5,6.205532477824391,3,3,3
51,2024-07-30,18.85,19.925,14.8,27.2,5.963989157155356,4,4,4
51,2024-07-31,16.25,16.275,11.7,20.9,3.9381679327660297,4,4,4
51,2024-08-01,6.02,5.96,5.06,6.8,0.8715503427800375,3,3,3
51,2024-08-02,9.79,8.553333333333333,5.57,10.3,2.5961959350814285,3,3,3
51,2024-08-03,12.3,10.6775,4.31,13.8,4.352779763170504,4,4,4
51,2024-08-04,11.5,10.5375,4.65,14.5,4.172803813584658,4,4,4
51,2024-08-05,8.67,7.2299999999999995,4.16,8.86,2.6603947075575083,3,3,3
51,2024-08-06,11.2,12.1625,8.25,18.0,4.135894703688671,4,4,4
51,2024-08-07,9.175,9.59,8.21,11.8,1.7169934963961475,4,4,4
51,2024-08-08,9.035,8.475,5.13,10.7,2.687334491027618,4,4,4
51,2024-08-09,11.030000000000001,9.352500000000001,2.55,12.8,4.785989100140813,4,4,4
51,2024-08-10,11.36,9.495000000000001,1.66,13.6,5.608145861155895,4,4,4
51,2024-08-11,10.675,10.155,5.37,13.9,4.0113713365880255,4,4,4
51,2024-08-12,17.85,16.6325,9.03,21.8,6.207271945065723,4,4,4
51,2024-08-13,17.2,14.593333333333334,6.58,20.0,7.079557424961912,3,3,3
51,2024-08-14,15.9,15.0075,5.43,22.8,7.2563690415156445,4,4,4
51,2024-08-15,12.3,11.5625,4.75,16.9,5.035436922452708,4,4,4
51,2024-08-16,9.09,8.8275,5.23,11.9,3.038874517536605,4,4,4
51,2024-08-17,6.58,6.69,5.03,8.46,1.717643734888001,3,3,3
51,2024-08-18,5.72,9.153333333333334,5.24,16.5,6.366924951130909,3,3,3
51,2024-08-19,6.09,6.760000000000001,5.9,8.29,1.3284201142710834,3,3,3
51,2024-08-20,10.649999999999999,11.215,8.76,14.8,2.5898970378504758,4,4,4
51,2024-08-21,7.04,6.983333333333333,4.47,9.44,2.485484526874656,3,3,3
51,2024-08-22,3.9749999999999996,5.175,3.21,9.54,2.944242970046233,4,4,4
51,2024-08-23,6.125,6.245,3.7,9.03,2.182758193967745,4,4,4
51,2024-08-24,4.24,4.786666666666666,1.28,8.84,3.8095319047533036,3,3,3
51,2024-08-25,8.120000000000001,7.305,2.68,10.3,3.2541819248468578,4,4,4
51,2024-08-26,7.39,8.416666666666666,6.46,11.4,2.6251539637387626,3,3,3
51,2024-08-27,11.3,11.299999999999999,10.5,12.1,0.7999999999999996,3,3,3
51,2024-08-29,4.81,4.989999999999999,4.08,6.08,1.012077072163973,3,3,3
51,2024-08-30,6.21,6.33,2.8,10.1,3.2668231255048585,4,4,4
51,2024-08-31,6.59,5.9275,1.73,8.8,2.998103567257142,4,4,4
51,2024-09-01,6.385,5.6775,1.11,8.83,3.286105851409334,4,4,4
51,2024-09-02,13.25,12.5475,7.79,15.9,3.9524285783131705,4,4,4
51,2024-09-03,22.2,21.7,19.9,23.0,1.6093476939431088,3,3,3
51,2024-09-04,16.05,17.025,14.3,21.7,3.463500156392856,4,4,4
51,2024-09-05,5.49,5.88,5.12,7.03,1.0129659421717987,3,3,3
51,2024-09-07,6.85,6.38,5.14,7.15,1.0842970072816769,3,3,3
51,2024-09-08,6.06,5.263333333333333,3.55,6.18,1.4850028058334883,3,3,3
51,2024-09-09,11.0,10.09,7.57,11.7,2.210271476538572,3,3,3
51,2024-09-10,7.72,6.576666666666667,2.14,9.87,3.9898162029513755,3,3,3
51,2024-09-11,3.44,3.4466666666666668,1.87,5.03,1.5800105484879947,3,3,3
51,2024-09-12,6.01,6.16,5.53,6.94,0.7168681887209114,3,3,3
51,2024-09-14,14.55,13.057500000000001,6.83,16.3,4.442059394770253,4,4,4
51,2024-09-15,14.6,12.479999999999999,7.14,15.7,4.657166520535851,3,3,3
51,2024-09-16,20.5,17.833333333333332,10.7,22.3,6.242862591258384,3,3,3
51,2024-09-17,17.75,19.95,13.1,31.2,7.837729262994481,4,4,4
51,2024-09-18,8.3,7.996666666666667,6.34,9.35,1.5277543432546128,3,3,3
51,2024-09-19,15.6,14.46,8.48,19.3,5.49934541559266,3,3,3
51,2024-09-20,15.8,15.226666666666667,9.98,19.9,4.9847901995303,3,3,3
51,2024-09-21,19.1,17.46666666666667,11.2,22.1,5.630571315002889,3,3,3
51,2024-09-22,4.97,3.936666666666666,1.72,5.12,1.9211541669874737,3,3,3
51,2024-09-23,2.88,3.5199999999999996,2.55,5.13,1.4040299142112322,3,3,3
51,2024-09-24,6.38,6.226666666666667,5.1,7.2,1.058363516629959,3,3,3
51,2024-09-25,5.39,5.989999999999999,3.72,8.86,2.6220030511042505,3,3,3
51,2024-09-26,5.95,5.826666666666667,3.87,7.66,1.8980077274166545,3,3,3
51,2024-09-27,4.84,4.723333333333334,1.34,7.99,3.326534733522759,3,3,3
51,2024-09-28,8.34,8.136666666666665,4.47,11.6,3.569346345387812,3,3,3
51,2024-09-29,10.6,9.183333333333334,5.65,11.3,3.0799080072842004,3,3,3
51,2024-09-30,9.9,10.846666666666666,9.54,13.1,1.9597278722652625,3,3,3
51,2024-10-01,8.22,9.553333333333333,8.04,12.4,2.466927914093424,3,3,3
51,2024-10-02,4.46,4.1066666666666665,1.94,5.92,2.0133885202149466,3,3,3
51,2024-10-03,5.5,4.0793333333333335,0.868,5.87,2.787242603960648,3,3,3
51,2024-10-04,7.05,5.853333333333334,2.12,8.39,3.3018530151012677,3,3,3
51,2024-10-05,16.4,13.446666666666667,6.64,17.3,5.911897608495376,3,3,3
51,2024-10-06,18.3,17.175,10.3,21.8,5.191900743786743,4,4,4
51,2024-10-07,30.7,28.866666666666664,20.4,35.5,7.715136637372882,3,3,3
51,2024-10-08,37.0,35.46666666666667,26.9,42.5,7.912226825194871,3,3,3
51,2024-10-09,41.3,38.13333333333333,26.1,47.0,10.803857335846923,3,3,3
51,2024-10-10,42.4,37.46666666666667,26.5,43.5,9.513323989717438,3,3,3
51,2024-10-11,40.3,39.733333333333334,30.7,48.2,8.76375109946268,3,3,3
51,2024-10-12,40.7,37.5,29.3,42.5,7.1582120672693135,3,3,3
51,2024-10-13,38.2,35.53333333333333,29.4,39.0,5.326662494783513,3,3,3
51,2024-10-14,35.3,33.6,21.9,43.6,10.949429208867466,3,3,3
51,2024-10-15,25.8,25.2,18.2,31.6,6.720119046564579,3,3,3
51,2024-10-16,23.5,25.0,18.2,33.3,7.66093989011792,3,3,3
51,2024-10-17,25.35,25.4,16.5,34.4,7.987907527423354,4,4,4
51,2024-10-18,21.6,21.233333333333334,14.9,27.2,6.158192375472963,3,3,3
51,2024-10-19,16.9,18.2,13.5,24.2,5.467174773134657,3,3,3
51,2024-10-20,9.86,10.549999999999999,6.49,15.3,4.445345880806127,3,3,3
51,2024-10-21,7.85,8.313333333333334,7.36,9.73,1.2510928555999878,3,3,3
51,2024-10-22,15.5,13.476666666666667,8.33,16.6,4.490950159301853,3,3,3
51,2024-10-23,12.0,12.99,5.67,21.3,7.86188908596401,3,3,3
51,2024-10-24,24.8,24.633333333333336,19.9,29.2,4.652239604033023,3,3,3
51,2024-10-25,26.8,26.133333333333336,16.5,35.1,9.317903913076876,3,3,3
51,2024-10-26,26.2,22.066666666666666,11.8,28.2,8.947252837230728,3,3,3
51,2024-10-27,26.4,22.23333333333333,12.4,27.9,8.54887906882144,3,3,3
51,2024-10-28,34.2,32.03333333333333,21.9,40.0,9.242474416157902,3,3,3
51,2024-10-29,31.8,30.233333333333334,23.0,35.9,6.591155690266565,3,3,3
51,2024-10-30,33.5,34.699999999999996,23.2,47.4,12.144546101028231,3,3,3
51,2024-10-31,27.8,28.766666666666666,18.3,40.2,10.981954895797623,3,3,3
51,2024-11-01,26.6,26.625,18.4,34.9,7.596216163327633,4,4,4
51,2024-11-02,33.0,29.666666666666668,19.1,36.9,9.35645944432686,3,3,3
51,2024-11-03,29.95,30.75,19.2,43.9,11.984017133944137,4,4,4
51,2024-11-04,45.1,40.199999999999996,26.8,48.7,11.743508845315358,3,3,3
51,2024-11-05,33.4,31.933333333333337,19.7,42.7,11.56993229597016,3,3,3
51,2024-11-06,19.1,17.92,8.66,26.0,8.730017182113677,3,3,3
51,2024-11-07,33.6,30.766666666666666,21.3,37.4,8.415660005806632,3,3,3
51,2024-11-08,9.81,10.616666666666667,4.74,17.3,6.318736688083572,3,3,3
51,2024-11-09,24.8,23.833333333333332,10.5,36.2,12.877240905307834,3,3,3
51,2024-11-10,37.4,34.96666666666667,21.6,45.9,12.331396244275556,3,3,3
51,2024-11-11,44.6,44.93333333333334,31.0,59.2,14.102954773143583,3,3,3
51,2024-11-12,40.6,40.800000000000004,29.6,52.2,11.301327355669331,3,3,3
51,2024-11-13,39.4,41.4,27.3,57.5,15.199013125857876,3,3,3
51,2024-11-14,42.6,39.199999999999996,27.9,47.1,10.04141424302374,3,3,3
51,2024-11-15,40.6,35.5,23.7,42.2,10.250365847129558,3,3,3
51,2024-11-16,20.35,21.421666666666667,9.23,32.8,7.929137195601212,6,6,6
51,2024-11-17,36.7,32.233333333333334,20.2,39.8,10.535811944664413,3,3,3
51,2024-11-18,33.1,31.866666666666664,23.1,39.4,8.21969180281921,3,3,3
51,2024-11-19,35.0,31.7,21.7,38.4,8.825531145489206,3,3,3
51,2024-11-20,42.2,36.5,24.1,43.2,10.750348831549605,3,3,3
51,2024-11-21,42.3,36.73333333333333,25.4,42.5,9.815463989712018,3,3,3
51,2024-11-22,37.7,34.9,25.2,41.8,8.646964785403025,3,3,3
51,2024-11-23,37.8,36.0,24.6,45.6,10.61508360777248,3,3,3
51,2024-11-24,37.7,35.9,27.2,42.8,7.9542441501377095,3,3,3
51,2024-11-25,46.9,45.300000000000004,32.6,56.4,11.980400661079743,3,3,3
51,2024-11-26,44.3,37.96666666666667,22.1,47.5,13.833775093347924,3,3,3
51,2024-11-27,43.9,40.46666666666667,24.1,53.4,14.948690020645062,3,3,3
51,2024-11-28,39.3,34.36666666666667,19.7,44.1,12.92645865399079,3,3,3
51,2024-11-29,40.7,40.76666666666667,22.2,59.4,18.60008960551893,3,3,3
51,2024-11-30,48.4,39.56666666666666,19.9,50.4,17.061164477647278,3,3,3
51,2024-12-01,41.1,45.03333333333333,25.7,68.3,21.570659084351902,3,3,3
51,2024-12-02,41.6,41.76666666666667,28.5,55.2,13.350780251855445,3,3,3
51,2024-12-03,40.5,36.9,27.2,43.0,8.49293824303462,3,3,3
51,2024-12-04,44.8,42.0,27.1,54.1,13.716048993788261,3,3,3
51,2024-12-05,48.0,42.6,30.9,48.9,10.142484902626178,3,3,3
51,2024-12-06,42.1,40.06666666666667,29.5,48.6,9.710990337413243,3,3,3
51,2024-12-07,46.5,42.6,29.3,52.0,11.841874851559613,3,3,3
51,2024-12-08,50.2,49.23333333333333,34.9,62.6,13.875277774997278,3,3,3
51,2024-12-09,44.8,42.833333333333336,34.7,49.0,7.350056689123786,3,3,3
51,2024-12-10,40.7,41.2,32.2,50.7,9.260129588726068,3,3,3
51,2024-12-11,47.7,46.06666666666666,36.5,54.0,8.86359595950387,3,3,3
51,2024-12-12,53.2,47.06666666666666,34.3,53.7,11.059083747459976,3,3,3
51,2024-12-13,56.8,52.79999999999999,37.0,64.6,14.228141129465925,3,3,3
51,2024-12-14,44.0,40.9,24.6,54.1,14.992331373072036,3,3,3
51,2024-12-15,22.4,24.006,7.93,47.7,16.25434341952944,5,5,5
51,2024-12-16,30.6,27.52333333333333,9.97,42.0,16.23513576578075,3,3,3
51,2024-12-17,29.4,28.233333333333334,11.2,44.1,16.480999160649617,3,3,3
51,2024-12-18,41.1,37.800000000000004,22.0,50.3,14.435719587190658,3,3,3
51,2024-12-19,45.8,44.46666666666666,28.3,59.3,15.542951242712348,3,3,3
51,2024-12-20,59.0,51.93333333333334,34.4,62.4,15.279179733654985,3,3,3
51,2024-12-21,63.8,54.300000000000004,33.4,65.7,18.12484482692197,3,3,3
51,2024-12-22,60.0,54.666666666666664,34.7,69.3,17.905958040086357,3,3,3
51,2024-12-23,60.7,56.20000000000001,37.4,70.5,17.00264685276972,3,3,3
51,2024-12-24,59.8,54.53333333333333,37.6,66.2,15.00977459302215,3,3,3
51,2024-12-25,68.9,60.13333333333333,35.3,76.2,21.81383353134734,3,3,3
51,2024-12-26,66.7,58.93333333333334,37.1,73.0,19.168811474197696,3,3,3
51,2024-12-27,55.6,49.03333333333333,31.0,60.5,15.808331136882646,3,3,3
51,2024-12-28,44.9,44.63333333333333,22.7,66.3,21.801223207272873,3,3,3
51,2024-12-29,55.7,52.333333333333336,29.7,71.6,21.15191086718487,3,3,3
51,2024-12-30,53.3,50.96666666666666,31.3,68.3,18.610033136277146,3,3,3
51,2024-12-31,52.3,50.633333333333326,30.1,69.5,19.75280570788194,3,3,3
51,2025-01-01,41.1,37.96666666666667,26.4,46.4,10.361627928724971,3,3,3
51,2025-01-02,34.9,34.1,23.3,44.1,10.423051376636305,3,3,3
51,2025-01-03,35.3,34.46666666666667,26.9,41.2,7.186329614854397,3,3,3
51,2025-01-04,39.4,36.5,27.4,42.7,8.051707893360266,3,3,3
51,2025-01-05,39.1,37.13333333333333,29.5,42.8,6.864643714959528,3,3,3
51,2025-01-06,45.5,43.53333333333333,35.4,49.7,7.350056689123786,3,3,3
51,2025-01-08,51.2,48.5,41.3,53.0,6.3000000000000025,3,3,3
51,2025-01-09,59.0,56.36666666666667,46.2,63.9,9.139110095262739,3,3,3
51,2025-01-10,52.6,51.46666666666667,43.5,58.3,7.464806315862011,3,3,3
51,2025-01-11,40.5,40.5,28.9,52.1,11.6,3,3,3
51,2025-01-19,25.4,22.8,13.5,29.5,8.31083629967526,3,3,3
51,2025-01-24,29.1,28.366666666666664,16.5,39.5,11.517522881823735,3,3,3
51,2025-01-25,24.6,23.766666666666666,12.9,33.8,10.474890611998452,3,3,3
51,2025-01-26,25.4,25.4,23.5,27.3,2.6870057685088797,2,2,2
51,2025-01-31,35.0,30.666666666666668,21.5,35.5,7.94250170496257,3,3,3
51,2025-02-01,25.4,20.933333333333334,11.8,25.6,7.910330797971304,3,3,3
51,2025-02-02,20.9,18.066666666666666,11.3,22.0,5.885858759206962,3,3,3
51,2025-02-03,23.5,20.533333333333335,13.3,24.8,6.297883242275402,3,3,3
51,2025-02-04,32.3,27.733333333333334,18.3,32.6,8.170883265188245,3,3,3
51,2025-02-05,37.1,37.699999999999996,28.4,47.6,9.614052215377239,3,3,3
51,2025-02-06,39.1,35.4,27.9,39.2,6.495382975621994,3,3,3
51,2025-02-07,32.0,29.96666666666667,22.6,35.3,6.589638330996118,3,3,3
51,2025-02-08,38.9,34.46666666666666,23.7,40.8,9.37247743840087,3,3,3
51,2025-02-09,37.9,35.666666666666664,30.6,38.5,4.3981056528161435,3,3,3
51,2025-02-10,29.3,28.766666666666666,24.2,32.8,4.324735059322516,3,3,3
51,2025-02-11,31.3,30.0,22.1,36.6,7.336893075410053,3,3,3
51,2025-02-12,34.650000000000006,35.416666666666664,19.3,46.8,10.053341069846713,6,6,6
51,2025-02-13,31.55,33.766666666666666,16.9,49.4,11.614588527652051,6,6,6
51,2025-02-14,30.65,32.4,13.1,48.6,12.453593858802368,6,6,6
51,2025-02-15,40.0,40.36666666666667,18.7,56.3,14.156082320566897,6,6,6
51,2025-02-16,50.3,48.96666666666667,31.7,60.0,10.140151215177545,6,6,6
51,2025-02-17,51.7,50.5,28.3,64.9,12.986608487207121,6,6,6
51,2025-02-18,48.15,46.333333333333336,25.0,63.0,12.708999436095144,6,6,6
51,2025-02-19,46.05,47.96666666666667,29.3,69.7,13.755532220407417,6,6,6
51,2025-02-20,45.6,46.116666666666674,20.9,70.4,16.835963490892542,6,6,6
51,2025-02-21,37.3,39.449999999999996,16.7,60.2,14.45347709030599,6,6,6
51,2025-02-22,38.8,39.050000000000004,20.1,51.4,11.47741260040781,6,6,6
51,2025-02-23,37.7,37.300000000000004,22.1,47.8,9.430588528824696,6,6,6
51,2025-02-24,29.2,28.48333333333333,20.9,33.9,5.279930555098873,6,6,6
51,2025-02-25,22.15,20.316666666666666,12.2,25.8,5.167752574056413,6,6,6
51,2025-02-26,15.850000000000001,15.361666666666666,9.67,19.8,3.529704897957713,6,6,6
51,2025-02-27,18.3,18.53,9.98,24.4,5.300471677124593,6,6,6
51,2025-02-28,21.85,22.166666666666668,11.7,31.1,7.037518502047909,6,6,6
51,2025-03-01,20.6,20.825,12.4,29.7,7.12431283236028,4,4,4
51,2025-03-02,24.4,23.35,18.0,26.6,3.8630730427126716,4,4,4
51,2025-03-03,40.75,36.15,18.0,45.8,11.562136480772054,6,6,6
51,2025-03-04,51.85,46.53333333333333,29.4,53.9,10.15572088365305,6,6,6
51,2025-03-05,54.25,53.1,37.6,62.1,8.539555023536062,6,6,6
51,2025-03-06,45.3,47.300000000000004,32.3,63.6,12.467237063599939,6,6,6
51,2025-03-07,59.400000000000006,58.73333333333333,22.9,91.3,24.257507428972723,6,6,6
51,2025-03-08,53.1,47.739999999999995,21.2,57.8,14.981254954108485,5,5,5
51,2025-03-09,45.0,45.0,44.8,45.2,0.28284271247462306,2,2,2
51,2025-03-10,40.35,39.475,26.5,50.7,11.318532001397827,4,4,4
51,2025-03-11,39.3,44.0,19.4,76.8,20.888633272667697,5,5,5
51,2025-03-12,39.7,39.82,25.3,50.8,9.608693979932966,5,5,5
51,2025-03-13,29.5,33.2,18.2,51.8,12.732831578246843,5,5,5
51,2025-03-14,40.45,41.800000000000004,20.6,63.3,16.320906837550417,6,6,6
51,2025-03-15,63.45,69.06666666666666,43.5,102.0,20.823032119906717,6,6,6
51,2025-03-16,92.9,96.26666666666667,83.9,112.0,14.349332156352547,3,3,3
51,2025-03-17,80.75,84.68333333333334,61.4,117.0,19.36578598112317,6,6,6
51,2025-03-18,72.3,75.68333333333334,52.0,116.0,21.665125586219588,6,6,6
51,2025-03-19,61.2,59.449999999999996,51.0,65.6,5.290652133716598,6,6,6
51,2025-03-20,55.0,56.449999999999996,42.8,80.6,13.666418696937392,6,6,6
51,2025-03-21,70.8,74.78333333333333,52.3,101.0,20.102180644563585,6,6,6
51,2025-03-22,90.4,91.75,70.9,118.0,17.210549090601383,6,6,6
51,2025-03-23,103.5,105.55,71.5,152.0,27.519720202066015,6,6,6
51,2025-03-24,88.65,96.55,61.7,154.0,31.917565696650488,6,6,6
51,2025-03-25,74.7,76.33333333333333,57.0,113.0,19.667299424849027,6,6,6
51,2025-03-26,67.44999999999999,80.31666666666666,46.5,143.0,34.55415556292277,6,6,6
51,2025-03-27,89.35,104.75,47.0,180.0,50.195687065723085,6,6,6
51,2025-03-28,119.5,116.55,70.7,171.0,33.94063935756073,6,6,6
51,2025-03-29,111.5,114.56666666666666,94.1,147.0,19.42973665973543,6,6,6
51,2025-03-30,114.0,125.68333333333334,95.8,184.0,33.86835789740427,6,6,6
51,2025-03-31,89.6,88.85000000000001,78.9,96.3,6.010906753560556,6,6,6
51,2025-04-01,72.85,73.96666666666667,69.8,82.9,4.840110191583111,6,6,6
51,2025-04-02,64.5,64.64999999999999,51.4,76.8,8.809937570720923,6,6,6
51,2025-04-03,62.75,62.416666666666664,51.5,69.9,6.341740034617213,6,6,6
51,2025-04-04,50.9,54.550000000000004,47.9,74.0,9.761096249909638,6,6,6
51,2025-04-05,46.9,59.699999999999996,39.8,99.1,25.35973185978117,6,6,6
51,2025-04-06,41.400000000000006,46.36666666666667,35.2,71.6,13.811396260576503,6,6,6
51,2025-04-07,34.849999999999994,35.06666666666666,28.3,42.5,5.596665674012221,6,6,6
51,2025-04-08,33.7,32.083333333333336,19.2,42.3,9.114256232225792,6,6,6
51,2025-04-09,33.4,32.800000000000004,18.8,43.3,9.529323165891688,6,6,6
51,2025-04-10,55.0,49.64,33.1,65.5,14.0869798040602,5,5,5
51,2025-04-11,45.2,49.12,41.8,60.7,8.616089600276915,5,5,5
51,2025-04-12,21.4,21.3,13.9,28.0,6.114899835647352,6,6,6
51,2025-04-13,10.53,10.521666666666667,6.85,14.5,3.5948208114823563,6,6,6
51,2025-04-14,4.970000000000001,6.001666666666668,2.47,10.9,3.3177909317295247,6,6,6
51,2025-04-15,10.3,10.398,8.09,12.6,1.6221960424067128,5,5,5
51,2025-04-16,13.75,13.288333333333334,8.23,16.5,2.9921257772136958,6,6,6
51,2025-04-17,13.4,13.095,9.97,16.9,2.7131807901428164,6,6,6
51,2025-04-18,10.45,10.548333333333334,7.76,14.7,2.4940923532753683,6,6,6
51,2025-04-19,14.15,14.131666666666666,9.29,19.6,3.724784110074928,6,6,6
51,2025-04-20,29.6,26.78333333333333,15.4,31.9,6.1629267938753465,6,6,6
51,2025-04-21,33.35,33.71666666666667,22.0,44.4,7.685939543521449,6,6,6
51,2025-04-22,36.2,37.266666666666666,28.3,46.4,6.172411738264603,6,6,6
51,2025-04-23,36.0,36.266666666666666,31.6,43.5,4.228317238177222,6,6,6
51,2025-04-24,53.4,53.833333333333336,51.8,56.3,2.2810816147900823,3,3,3
51,2025-04-25,50.6,50.666666666666664,45.3,56.1,5.400308633155456,3,3,3
51,2025-04-26,50.7,53.699999999999996,47.8,62.6,7.842831121476479,3,3,3
51,2025-04-27,41.5,41.4,38.2,44.5,3.1511902513177446,3,3,3
51,2025-04-28,24.2,23.666666666666668,22.1,24.7,1.3796134724383253,3,3,3
51,2025-04-29,17.8,18.8,15.9,22.7,3.508560958569766,3,3,3
51,2025-04-30,18.5,20.366666666666664,16.9,25.7,4.687572221665852,3,3,3
51,2025-05-01,19.8,18.066666666666666,13.5,20.9,3.9929103838344946,3,3,3
51,2025-05-02,21.2,21.833333333333332,18.3,26.0,3.8888730158406224,3,3,3
51,2025-05-03,24.4,22.933333333333334,18.0,26.4,4.387862045841155,3,3,3
51,2025-05-04,20.0,20.900000000000002,16.7,26.0,4.714870093650513,3,3,3
51,2025-05-05,18.5,18.166666666666668,16.4,19.6,1.625833119767628,3,3,3
51,2025-05-06,19.8,19.900000000000002,19.0,20.9,0.9539392014169457,3,3,3
51,2025-05-07,24.2,23.7,22.7,24.2,0.8660254037844386,3,3,3
51,2025-05-08,25.450000000000003,25.05,18.4,30.4,4.6423054617291175,6,6,6
51,2025-05-09,29.9,29.333333333333332,22.0,36.6,6.11707991337915,6,6,6
51,2025-05-10,28.35,28.433333333333334,23.6,33.5,4.280498413347057,6,6,6
51,2025-05-11,27.700000000000003,27.733333333333334,20.0,37.9,6.717638473948017,6,6,6
51,2025-05-12,20.299999999999997,20.066666666666666,15.1,24.4,3.889301565405627,6,6,6
51,2025-05-13,16.75,16.95,11.9,24.2,4.614217160039176,6,6,6
51,2025-05-14,13.399999999999999,14.253333333333332,9.52,20.8,4.13002017751326,6,6,6
51,2025-05-15,9.86,8.995999999999999,5.18,13.2,3.1204935507063625,5,5,5
51,2025-05-16,8.08,9.184000000000001,2.88,16.0,5.7070377605199,5,5,5
51,2025-05-17,6.66,10.315999999999999,5.77,21.6,6.686959697799891,5,5,5
51,2025-05-18,8.17,10.294,5.37,16.3,4.528203838168065,5,5,5
51,2025-05-19,9.405000000000001,10.86,5.46,17.1,5.108584931270107,6,6,6
51,2025-05-20,13.149999999999999,13.115,7.47,19.9,5.068529372510333,6,6,6
51,2025-05-21,12.65,12.366666666666667,8.34,16.0,3.213114792015166,6,6,6
51,2025-05-22,12.9,12.226,8.63,14.9,2.313629183771678,5,5,5
51,2025-05-23,11.8,13.36,7.6,21.4,5.499818178812823,5,5,5
51,2025-05-24,16.75,17.025,11.6,23.0,4.742977264686532,4,4,4
51,2025-05-25,8.29,8.316666666666666,6.46,10.2,1.8701425970586658,3,3,3
51,2025-05-26,6.64,6.303333333333334,4.85,7.42,1.3176620709929134,3,3,3
51,2025-05-27,3.62,3.776666666666667,3.54,4.17,0.3429771615331453,3,3,3
51,2025-05-28,3.5,5.115,2.86,10.6,3.6720339504603348,4,4,4
51,2025-05-29,7.09,7.7,3.72,11.4,3.1122580227224095,5,5,5
51,2025-05-30,10.6,9.736666666666666,7.51,11.1,1.9444879360215463,3,3,3
51,2025-05-31,7.74,7.546666666666667,5.88,9.02,1.5789025724639674,3,3,3
51,2025-06-01,6.35,6.7875,2.75,11.7,3.8497564858053033,4,4,4
51,2025-06-02,11.649999999999999,11.649999999999999,11.1,12.2,0.7778174593052026,2,2,2
51,2025-06-03,26.8,27.78,16.8,43.0,9.870258355281285,5,5,5
51,2025-06-04,25.2,24.4,18.8,28.4,4.034021979778162,4,4,4
51,2025-06-05,20.35,22.075,17.3,30.3,6.067605238752216,4,4,4
51,2025-06-06,17.0,17.7,13.3,23.5,4.244997055358224,4,4,4
51,2025-06-07,17.6,16.4,11.7,18.7,3.185383284106744,4,4,4
51,2025-06-08,16.25,15.775,13.3,17.3,1.7231270024773757,4,4,4
51,2025-06-09,17.3,16.525,13.2,18.3,2.2721135535003536,4,4,4
51,2025-06-10,12.55,12.475,10.1,14.7,1.8909873963972716,4,4,4
51,2025-06-11,12.649999999999999,11.407499999999999,7.43,12.9,2.6545982119082856,4,4,4
51,2025-06-12,11.65,12.0725,7.19,17.8,4.4017070552230075,4,4,4
51,2025-06-13,11.004999999999999,10.515,6.55,13.5,3.028184274445662,4,4,4
51,2025-06-14,9.225,9.2325,5.48,13.0,3.7676993422157947,4,4,4
51,2025-06-15,8.95,8.0025,3.41,10.7,3.4779340131750627,4,4,4
51,2025-06-16,8.205,8.42,2.27,15.0,5.428118151502108,4,4,4
51,2025-06-17,8.54,8.11,3.16,12.2,3.962810450509419,4,4,4
51,2025-06-18,5.555,6.557499999999999,2.52,12.6,4.359177101242848,4,4,4
51,2025-06-19,11.75,11.774999999999999,5.7,17.9,4.9942466899423374,4,4,4
51,2025-06-20,8.395,9.2675,6.08,14.2,3.490113417450308,4,4,4
51,2025-06-21,12.75,12.55,10.3,14.4,1.8592113023179115,4,4,4
51,2025-06-22,7.484999999999999,9.06,6.97,14.3,3.504045281290375,4,4,4
51,2025-06-23,9.695,9.155000000000001,5.73,11.5,2.4494148961197513,4,4,4
51,2025-06-24,12.45,12.095,8.18,15.3,2.9696408312566467,4,4,4
51,2025-06-25,12.8,12.975000000000001,7.4,18.9,4.716902232044529,4,4,4
51,2025-06-26,12.7,12.24,8.42,15.6,3.612035437256949,3,3,3
51,2025-06-27,7.56,8.229999999999999,4.43,12.7,4.175511944660199,3,3,3
51,2025-06-28,6.24,7.8500000000000005,5.11,12.2,3.8093437755077963,3,3,3
51,2025-06-29,9.05,11.06,8.43,15.7,4.030297755749567,3,3,3
51,2025-06-30,12.8,12.693333333333333,7.88,17.4,4.76089627416239,3,3,3
51,2025-07-01,13.665,13.665,8.13,19.2,7.82767206773508,2,2,2
51,2025-07-02,13.85,13.85,11.5,16.2,3.323401871576773,2,2,2
51,2025-07-03,10.1,10.926666666666668,8.68,14.0,2.754656663421656,3,3,3
51,2025-07-04,11.3,12.99,7.07,20.6,6.921509950870548,3,3,3
51,2025-07-05,12.9,12.303333333333333,9.31,14.7,2.744090620466703,3,3,3
51,2025-07-06,9.41,9.35,9.12,9.52,0.20663978319771864,3,3,3
51,2025-07-07,11.5,12.26,8.08,17.2,4.607255148133213,3,3,3
51,2025-07-08,16.8,19.3,11.6,29.5,9.208148565265441,3,3,3
51,2025-07-09,14.2,16.083333333333332,8.55,25.5,8.630517558833498,3,3,3
51,2025-07-10,17.8,17.066666666666666,11.8,21.6,4.940985056983409,3,3,3
51,2025-07-11,18.2,17.099999999999998,12.9,20.2,3.7722672227720015,3,3,3
51,2025-07-12,14.0,15.366666666666667,13.5,18.6,2.8112867753634343,3,3,3
51,2025-07-13,13.8,13.299999999999999,11.1,15.0,1.997498435543819,3,3,3
51,2025-07-14,14.0,11.293333333333335,4.98,14.9,5.485994288488945,3,3,3
51,2025-07-15,18.2,16.133333333333336,11.6,18.6,3.9310727967481527,3,3,3
51,2025-07-16,21.1,20.766666666666666,19.3,21.9,1.3316656236958766,3,3,3
51,2025-07-17,15.1,13.700000000000001,10.1,15.9,3.1432467291003428,3,3,3
51,2025-07-18,8.82,7.650000000000001,4.46,9.67,2.795120748733407,3,3,3
51,2025-07-19,9.12,9.29,3.85,14.9,5.5269611903830125,3,3,3
51,2025-07-20,11.7,12.643333333333333,5.83,20.4,7.33066390808727,3,3,3
51,2025-07-21,10.8,9.51,1.13,16.6,7.815260712221954,3,3,3
51,2025-07-22,13.1,10.263333333333334,3.89,13.8,5.530554523131775,3,3,3
51,2025-07-23,3.2,3.0500000000000003,2.52,3.43,0.47318072657283927,3,3,3
51,2025-07-24,6.42,6.293333333333333,4.7,7.76,1.5339274211426472,3,3,3
51,2025-07-25,11.3,10.75,9.55,11.4,1.0404326023342412,3,3,3
51,2025-07-26,19.3,18.933333333333334,16.9,20.6,1.8770544300401466,3,3,3
51,2025-07-27,25.6,20.116666666666667,8.65,26.1,9.933571026238921,3,3,3
51,2025-07-28,10.8,13.623333333333335,9.47,20.6,6.078456492674216,3,3,3
51,2025-07-29,12.8,12.136666666666668,7.51,16.1,4.333247435046069,3,3,3
51,2025-07-30,27.9,23.266666666666666,13.6,28.3,8.373967598058483,3,3,3
51,2025-07-31,21.4,19.400000000000002,13.3,23.5,5.38609320379809,3,3,3
51,2025-08-01,19.1,17.1,12.1,20.1,4.358898943540674,3,3,3
51,2025-08-02,19.4,17.733333333333334,11.3,22.5,5.783021125098312,3,3,3
51,2025-08-03,17.4,16.599999999999998,12.1,20.3,4.158124577258359,3,3,3
51,2025-08-04,9.58,8.719999999999999,5.88,10.7,2.522459117607261,3,3,3
51,2025-08-05,12.2,12.816666666666668,9.55,16.7,3.6146691872608936,3,3,3
51,2025-08-06,15.0,15.333333333333334,12.7,18.3,2.8148416178061133,3,3,3
51,2025-08-07,9.73,8.623333333333333,6.04,10.1,2.2448682218191194,3,3,3
51,2025-08-08,11.8,11.733333333333334,10.9,12.5,0.8020806277010644,3,3,3
51,2025-08-09,7.18,8.26,5.3,12.3,3.6228165838198327,3,3,3
51,2025-08-10,4.4,4.486666666666667,2.58,6.48,1.9514439098609353,3,3,3
51,2025-08-11,6.8,6.696666666666666,6.15,7.14,0.5030241876225566,3,3,3
51,2025-08-12,9.15,8.43,6.7,9.44,1.5052242357868146,3,3,3
51,2025-08-13,9.07,10.183333333333334,8.48,13.0,2.457078210666753,3,3,3
51,2025-08-14,7.61,8.133333333333333,6.29,10.5,2.153237871981016,3,3,3
51,2025-08-15,6.76,6.406666666666666,5.4,7.06,0.8846091415610245,3,3,3
51,2025-08-16,5.24,6.003333333333334,3.37,9.4,3.0866216699384026,3,3,3
51,2025-08-17,6.65,7.223333333333334,6.43,8.59,1.188668723124039,3,3,3
51,2025-08-18,11.4,11.366666666666667,10.1,12.6,1.2503332889007366,3,3,3
51,2025-08-19,9.53,8.793333333333333,5.15,11.7,3.3365601048584943,3,3,3
51,2025-08-20,8.46,7.136666666666668,3.65,9.3,3.048611705897184,3,3,3
51,2025-08-21,8.74,7.543333333333334,4.17,9.72,2.962200758445203,3,3,3
51,2025-08-22,9.46,14.586666666666668,9.0,25.3,9.28086921216614,3,3,3
51,2025-08-23,15.2,16.333333333333332,13.8,20.0,3.2516662395352536,3,3,3
51,2025-08-24,8.47,9.22,8.39,10.8,1.3689046716261875,3,3,3
51,2025-08-25,17.2,15.266666666666666,10.2,18.4,4.428694314731299,3,3,3
51,2025-08-26,16.1,17.299999999999997,13.1,23.9,4.929503017546494,4,4,4
51,2025-08-27,9.14,7.98,3.73,9.91,2.9231147770828296,4,4,4
51,2025-08-28,13.75,14.3,11.6,18.1,2.9131884021921186,4,4,4
51,2025-08-29,17.4,17.575000000000003,13.4,22.1,4.614740873909752,4,4,4
51,2025-08-30,17.85,18.3,15.5,22.0,2.920045661743437,4,4,4
51,2025-08-31,14.0,13.317499999999999,9.67,15.6,2.790798870096757,4,4,4
51,2025-09-01,5.745,5.9975000000000005,4.55,7.95,1.479355152310177,4,4,4
51,2025-09-02,7.99,8.4475,6.61,11.2,1.9859569481738515,4,4,4
51,2025-09-03,9.68,8.973333333333334,5.94,11.3,2.748987692466689,3,3,3
51,2025-09-04,9.96,9.926666666666668,7.52,12.3,2.3901743311594106,3,3,3
51,2025-09-05,13.9,14.799999999999999,13.5,17.0,1.9157244060668015,3,3,3
51,2025-09-06,17.1,16.7,14.2,18.8,2.325940669922604,3,3,3
51,2025-09-07,15.6,17.966666666666665,14.1,24.2,5.450076452063156,3,3,3
51,2025-09-08,16.7,19.0,16.3,24.0,4.33474336033865,3,3,3
51,2025-09-09,17.4,17.566666666666666,16.0,19.3,1.6563010998406456,3,3,3
51,2025-09-10,9.51,8.526666666666666,6.43,9.64,1.8169296445744214,3,3,3
51,2025-09-11,6.91,8.273333333333333,6.01,11.9,3.1728588580857697,3,3,3
51,2025-09-12,10.1,9.653333333333334,8.56,10.3,0.9521204405606108,3,3,3
51,2025-09-13,7.23,9.796666666666667,5.96,16.2,5.58168731955968,3,3,3
51,2025-09-14,13.4,14.066666666666668,12.2,16.6,2.274496281230931,3,3,3
51,2025-09-15,15.2,14.566666666666668,11.7,16.8,2.608320021265285,3,3,3
51,2025-09-16,21.6,20.866666666666667,14.3,26.7,6.232442004008808,3,3,3
51,2025-09-17,18.8,19.866666666666667,15.3,25.5,5.1829849829353485,3,3,3
51,2025-09-18,20.0,21.400000000000002,19.2,25.0,3.143246729100342,3,3,3
51,2025-09-19,20.8,20.833333333333332,18.4,23.3,2.450170062124942,3,3,3
51,2025-09-20,18.5,16.433333333333334,11.8,19.0,4.020364825899924,3,3,3
51,2025-09-21,8.97,9.746666666666668,8.47,11.8,1.795726408263056,3,3,3
51,2025-09-22,5.02,4.886666666666667,3.88,5.76,0.9470656436242066,3,3,3
51,2025-09-23,3.45,4.093333333333334,3.43,5.4,1.131650711718653,3,3,3
51,2025-09-24,3.28,3.3466666666666662,2.29,4.47,1.0915279810125498,3,3,3
51,2025-09-25,5.14,5.683333333333334,4.73,7.18,1.3122626769566115,3,3,3
51,2025-09-26,8.46,8.543333333333335,6.07,11.1,2.516035240876671,3,3,3
51,2025-09-27,8.96,8.47,7.35,9.1,0.9724710792614871,3,3,3
51,2025-09-28,9.125,9.125,7.35,10.9,2.510229073212244,2,2,2
51,2025-09-29,10.9,11.766666666666666,9.9,14.5,2.4193663082165404,3,3,3
51,2025-09-30,4.48,5.126666666666666,4.14,6.76,1.4246871001498305,3,3,3
51,2025-10-01,6.95,7.55,5.0,10.7,2.8969811873741946,3,3,3
51,2025-10-02,7.12,7.076666666666667,5.14,8.97,1.9153676757566247,3,3,3
51,2025-10-03,10.2,10.183333333333332,7.15,13.2,3.0250344350657112,3,3,3
51,2025-10-04,13.0,13.0,12.3,13.7,0.9899494936611655,2,2,2
51,2025-10-05,8.64,8.64,7.08,10.2,2.2061731573020285,2,2,2
51,2025-10-06,7.665000000000001,7.665000000000001,5.03,10.3,3.7264527368531053,2,2,2
51,2025-10-07,13.6,10.966666666666667,5.6,13.7,4.6479386111838155,3,3,3
51,2025-10-08,11.1,10.616666666666667,8.05,12.7,2.3623787446836997,3,3,3
51,2025-10-09,18.2,15.766666666666666,10.6,18.5,4.476978147515724,3,3,3
51,2025-10-10,16.0,16.0,11.7,20.3,6.08111831820431,2,2,2
51,2025-10-11,21.5,22.833333333333332,16.3,30.7,7.292004754066834,3,3,3
51,2025-10-12,23.0,22.099999999999998,19.2,24.1,2.57099202643649,3,3,3
51,2025-10-13,29.9,28.166666666666668,22.4,32.2,5.124776417887258,3,3,3
51,2025-10-14,12.6,13.933333333333332,11.4,17.8,3.4019602192461527,3,3,3
51,2025-10-15,12.9,13.396666666666667,9.19,18.1,4.47571595762436,3,3,3
51,2025-10-16,8.54,9.026666666666666,6.64,11.9,2.6635565196431137,3,3,3
51,2025-10-17,15.1,14.676666666666668,8.73,20.2,5.7467063030342285,3,3,3
51,2025-10-18,19.7,20.933333333333334,16.1,27.0,5.553677460326026,3,3,3
51,2025-10-19,22.0,22.8,14.9,31.5,8.328865468957941,3,3,3
51,2025-10-20,22.7,24.066666666666666,13.6,35.9,11.212641675061827,3,3,3
51,2025-10-21,29.7,29.933333333333334,23.2,36.9,6.85297988712453,3,3,3
51,2025-10-22,28.8,28.2,18.9,36.9,9.014987520790031,3,3,3
51,2025-10-23,28.9,25.0,15.2,30.9,8.545759182190896,3,3,3
51,2025-10-24,25.2,25.166666666666668,18.8,31.5,6.350065616458883,3,3,3
51,2025-10-25,29.2,28.233333333333334,17.4,38.1,10.383801487573487,3,3,3
51,2025-10-26,26.5,28.833333333333332,18.7,41.3,11.479256654214735,3,3,3
51,2025-10-27,22.7,23.0,14.9,31.4,8.254089895318563,3,3,3
51,2025-10-28,23.2,24.066666666666666,17.0,32.0,7.5374619954818565,3,3,3
51,2025-10-29,25.6,25.833333333333332,20.2,31.7,5.753549628997158,3,3,3
51,2025-10-30,27.450000000000003,27.450000000000003,22.8,32.1,6.576093065034891,2,2,2
51,2025-10-31,25.299999999999997,25.299999999999997,19.9,30.7,7.636753236814715,2,2,2
51,2025-11-01,8.145,8.145,6.97,9.32,1.6617009357883874,2,2,2
51,2025-11-02,3.27,2.966666666666667,1.74,3.89,1.1066315255464818,3,3,3
51,2025-11-03,5.81,5.6866666666666665,4.29,6.96,1.3392659681084012,3,3,3
51,2025-11-04,7.69,8.156666666666668,6.78,10.0,1.6599497984376914,3,3,3
51,2025-11-05,8.98,8.733333333333333,5.22,12.0,3.396723911849966,3,3,3
51,2025-11-06,15.6,15.633333333333333,11.3,20.0,4.350095784386055,3,3,3
51,2025-11-07,20.8,19.766666666666666,14.0,24.5,5.325723737984664,3,3,3
51,2025-11-08,12.4,11.713333333333333,6.64,16.1,4.767235397306633,3,3,3
51,2025-11-09,6.55,7.3133333333333335,5.19,10.2,2.590759219482453,3,3,3
51,2025-11-10,6.79,9.523333333333332,3.58,18.2,7.683712210470491,3,3,3
51,2025-11-11,9.53,14.38,6.11,27.5,11.490208875386035,3,3,3
51,2025-11-12,22.2,24.03333333333333,11.9,38.0,13.146228863568949,3,3,3
51,2025-11-13,23.6,23.233333333333334,16.1,30.0,6.957250414735215,3,3,3
51,2025-11-15,29.4,29.23333333333333,18.9,39.4,10.251016209787853,3,3,3
51,2025-11-16,28.8,28.066666666666666,19.3,36.1,8.42397372582164,3,3,3
51,2025-11-17,25.9,23.833333333333332,17.3,28.3,5.783885660465059,3,3,3
51,2025-11-18,6.46,6.46,5.24,7.68,1.7253405460951756,2,2,2
51,2025-11-19,11.899999999999999,11.59,9.06,13.5,1.9596938536414303,4,4,4
51,2025-11-20,12.3,11.206,4.0,18.0,5.211303099993322,5,5,5
51,2025-11-21,13.2,14.385,8.21,21.7,5.0192579132776185,6,6,6
51,2025-11-22,17.9,19.333333333333332,10.7,28.6,6.64670344356258,6,6,6
51,2025-11-23,22.0,22.756666666666664,8.44,38.4,9.979061412110191,6,6,6
51,2025-11-24,24.85,26.21666666666667,9.1,45.1,11.765953708334346,6,6,6
51,2025-11-25,25.15,24.198333333333334,9.59,34.4,9.026539573206703,6,6,6
51,2025-11-26,30.200000000000003,31.21666666666667,10.7,49.9,12.885405180539209,6,6,6
51,2025-11-27,34.3,32.85,12.1,46.4,11.594093323757575,6,6,6
51,2025-11-28,38.95,37.25,15.0,57.6,13.728911100302165,6,6,6
51,2025-11-29,41.0,37.833333333333336,15.9,50.8,11.969071253303936,6,6,6
51,2025-11-30,39.25,38.53333333333333,14.0,55.8,14.057548387491563,6,6,6
51,2025-12-01,42.9,44.0,14.5,70.8,19.731599022887117,6,6,6
51,2025-12-02,42.15,41.86666666666667,13.3,61.5,16.860684050970963,6,6,6
51,2025-12-03,42.25,40.25,12.1,59.2,16.964050223929426,6,6,6
51,2025-12-04,39.55,39.9,12.0,57.9,15.863669184649558,6,6,6
51,2025-12-05,37.2,36.35,11.2,53.2,14.798074199030088,6,6,6
51,2025-12-06,38.400000000000006,35.63333333333333,10.5,49.2,13.383970512021712,6,6,6
51,2025-12-07,32.8,39.916666666666664,10.6,83.7,24.67747285818924,6,6,6
51,2025-12-08,32.4,39.03333333333333,11.7,82.1,23.69992967640762,6,6,6
51,2025-12-09,35.25,34.85,12.7,53.8,14.052295186196453,6,6,6
51,2025-12-10,36.15,35.016666666666666,13.1,50.4,12.573848522495675,6,6,6
51,2025-12-11,38.099999999999994,35.666666666666664,12.4,48.1,12.761295649998345,6,6,6
51,2025-12-12,38.8,39.78333333333333,13.6,62.7,17.66447470678556,6,6,6
51,2025-12-13,46.55,41.416666666666664,10.4,61.9,19.305897199215238,6,6,6
51,2025-12-14,41.55,38.68333333333333,10.9,61.5,19.567975538278525,6,6,6
51,2025-12-15,34.25,32.583333333333336,10.3,47.8,15.114948450678442,6,6,6
51,2025-12-16,26.4,26.416666666666668,10.6,38.9,10.00088329432289,6,6,6
51,2025-12-17,25.8,26.32,10.8,42.9,11.366485824563368,5,5,5
51,2025-12-18,30.8,30.22,10.9,48.1,13.179415768538453,5,5,5
51,2025-12-19,30.7,33.11666666666667,11.2,58.0,15.505665631202895,6,6,6
51,2025-12-20,28.7,28.833333333333332,10.7,40.2,10.341888931267182,6,6,6
51,2025-12-21,30.799999999999997,30.099999999999998,10.0,44.8,11.620499128694943,6,6,6
51,2025-12-22,32.05,34.03333333333333,11.8,50.6,13.899448430303508,6,6,6
51,2025-12-23,32.8,32.766666666666666,13.5,46.2,10.952746991812909,6,6,6
51,2025-12-24,31.6,29.380000000000003,13.9,38.7,9.344891652662433,5,5,5
51,2025-12-25,27.8,27.68,14.0,38.7,8.9842640210537,5,5,5
51,2025-12-26,30.799999999999997,35.63333333333333,13.2,64.4,17.22726521147993,6,6,6
51,2025-12-27,33.3,37.220000000000006,12.3,68.9,20.48968032937557,5,5,5
51,2025-12-28,37.05,37.36666666666667,11.2,66.3,17.659633820288192,6,6,6
51,2025-12-29,35.4,34.18333333333333,12.1,49.9,13.013749139531877,6,6,6
51,2025-12-30,34.1,37.166666666666664,13.2,55.4,15.49576286172019,6,6,6
51,2025-12-31,40.3,41.63333333333333,12.4,60.4,17.644678140070074,6,6,6
52,2021-04-30,6.61,7.336666666666667,5.0,10.4,2.772369624226419,3,3,3
52,2021-05-05,19.7,18.7,12.4,24.0,5.8642987645583,3,3,3
52,2021-05-06,14.4,15.649999999999999,11.1,22.7,4.961518584734583,4,4,4
52,2021-05-07,15.549999999999999,15.549999999999999,10.2,20.9,7.566042558696058,2,2,2
52,2021-05-16,17.4,17.4,11.4,23.4,8.48528137423857,2,2,2
52,2021-05-17,25.2,25.2,25.2,25.2,,1,1,1
52,2021-05-20,20.2,18.975,12.9,22.6,4.2554866545045895,4,4,4
52,2021-06-03,20.0,20.3,18.1,23.1,2.290560339014595,4,4,4
52,2021-06-05,15.55,15.55,12.4,18.7,4.454772721475248,2,2,2
52,2021-06-13,9.61,8.549999999999999,5.84,10.2,2.3653963727037377,3,3,3
52,2021-06-14,9.94,9.94,9.94,9.94,,1,1,1
52,2021-06-20,11.3,10.95,7.6,13.6,2.6134268690743965,4,4,4
52,2021-06-21,16.65,16.674999999999997,12.5,20.9,3.715171597651985,4,4,4
52,2021-06-29,4.805,4.805,4.67,4.94,0.19091883092036785,2,2,2
52,2021-07-03,7.359999999999999,7.744999999999999,5.56,10.7,2.503031495340533,4,4,4
52,2021-07-04,9.79,9.135,5.56,11.4,2.6336982869468297,4,4,4
52,2021-07-06,6.930000000000001,7.282500000000001,3.67,11.6,3.827291252744339,4,4,4
52,2021-07-24,5.5,7.016666666666667,4.95,10.6,3.1154186449550134,3,3,3
52,2021-08-04,11.9,10.453333333333333,6.06,13.4,3.877954787427689,3,3,3
52,2021-08-07,9.775,9.7475,6.74,12.7,2.9885935934259553,4,4,4
52,2021-08-10,14.0,13.200000000000001,10.3,15.3,2.5942243542145693,3,3,3
52,2021-08-11,11.83,11.83,9.56,14.1,3.210264786586925,2,2,2
52,2021-08-12,13.5,12.436666666666667,8.71,15.1,3.3250614029418055,3,3,3
52,2021-08-14,6.605,7.085,4.63,10.5,2.854896378738348,4,4,4
52,2021-08-15,5.875,6.095000000000001,3.46,9.17,2.9170133127338764,4,4,4
52,2021-08-16,6.105,6.1675,3.54,8.92,2.789855133634481,4,4,4
52,2021-08-17,7.27,7.2299999999999995,4.68,9.7,2.4894711620476078,4,4,4
52,2021-08-18,8.29,7.966666666666666,5.21,10.4,2.6100638561792566,3,3,3
52,2021-08-21,9.12,9.1975,5.75,12.8,3.343056236439944,4,4,4
52,2021-08-22,10.945,10.6875,6.96,13.9,3.3483864273208765,4,4,4
52,2021-08-23,10.125,10.3025,6.86,14.1,3.090095737459709,4,4,4
52,2021-08-24,8.95,8.85,5.0,12.5,3.453018003621373,4,4,4
52,2021-08-25,6.98,7.4275,4.75,11.0,3.158294634767314,4,4,4
52,2021-08-26,8.36,8.495000000000001,5.16,12.1,3.2902836757134883,4,4,4
52,2021-08-27,7.6,7.8675,4.67,11.6,3.5505246091246856,4,4,4
52,2021-08-28,7.6,8.03,4.42,12.5,3.9540190523904495,4,4,4
52,2021-08-29,6.654999999999999,7.035,4.33,10.5,2.9759312268039166,4,4,4
52,2021-09-01,7.4,8.0625,4.25,13.2,4.4206664278892,4,4,4
52,2021-09-02,7.51,8.2375,4.33,13.6,4.415868166812349,4,4,4
52,2021-09-03,8.01,8.6325,5.21,13.3,3.9870739061789835,4,4,4
52,2021-09-04,6.67,6.8875,4.83,9.38,2.3569383388908025,4,4,4
52,2021-09-06,6.735,7.2524999999999995,3.84,11.7,3.954806147798734,4,4,4
52,2021-09-07,7.55,7.62,4.38,11.0,3.4125650176956337,4,4,4
52,2021-09-08,7.994999999999999,8.245,5.79,11.2,2.8640356143037047,4,4,4
52,2021-09-09,7.895,7.9975,5.0,11.2,2.9689546420696065,4,4,4
52,2021-09-10,5.92,6.1475,3.92,8.83,2.5783893551336785,4,4,4
52,2021-09-11,6.0,6.154999999999999,3.83,8.79,2.6488802665780624,4,4,4
52,2021-09-12,5.845,6.095,4.17,8.52,2.13820017771957,4,4,4
52,2021-09-13,8.395,8.575,5.71,11.8,2.7161308265005704,4,4,4
52,2021-09-14,7.825,8.15,5.65,11.3,2.9351320242878343,4,4,4
52,2021-09-15,9.08,9.6325,6.67,13.7,3.2942513059368537,4,4,4
52,2021-09-16,9.83,8.35,4.42,10.8,3.437862708137136,3,3,3
52,2021-09-17,6.505,6.8,3.79,10.4,3.3594940095198864,4,4,4
52,2021-09-18,8.63,8.22,5.83,10.2,2.2136621241734247,3,3,3
52,2021-09-19,10.1,9.226666666666667,6.08,11.5,2.813562391938969,3,3,3
52,2021-09-20,9.5,9.065,4.96,12.3,3.529622264964529,4,4,4
52,2021-09-21,8.425,8.3575,4.78,11.8,3.654206480208802,4,4,4
52,2021-09-22,6.91,6.855,3.89,9.71,2.88376490026493,4,4,4
52,2021-09-23,6.960000000000001,6.6525,3.83,8.86,2.324067913522896,4,4,4
52,2021-09-24,6.54,6.710000000000001,3.88,9.88,3.0487046429590388,4,4,4
52,2021-09-25,4.86,6.640000000000001,4.76,10.3,3.1700473182588302,3,3,3
52,2021-09-26,4.54,5.846666666666667,4.21,8.79,2.554336182520486,3,3,3
52,2021-09-27,5.975,6.19,3.67,9.14,2.789659477427308,4,4,4
52,2021-09-28,5.89,6.185,3.09,9.87,3.436834784119442,4,4,4
52,2021-10-01,10.2,10.3825,7.33,13.8,3.247751786492722,4,4,4
52,2021-10-02,9.955,9.9925,5.96,14.1,4.008552315570631,4,4,4
52,2021-10-03,8.175,8.3325,5.08,11.9,3.421338675625863,4,4,4
52,2021-10-04,9.785,9.530000000000001,5.75,12.8,3.5957289478861822,4,4,4
52,2021-10-05,10.88,10.7125,6.29,14.8,4.461504790987005,4,4,4
52,2021-10-06,11.780000000000001,11.3725,7.13,14.8,3.915076627602581,4,4,4
52,2021-10-07,12.8,10.786666666666667,5.96,13.6,4.199111017028882,3,3,3
52,2021-10-08,14.5,12.633333333333333,8.3,15.1,3.7647487742654664,3,3,3
52,2021-10-09,17.5,16.233333333333334,13.2,18.0,2.6388128644019706,3,3,3
52,2021-10-10,15.1,15.25,11.5,19.3,3.7429934544425807,4,4,4
52,2021-10-11,9.965,10.2225,7.26,13.7,2.9635831353279087,4,4,4
52,2021-10-12,7.08,7.135,4.63,9.75,2.7835409104232687,4,4,4
52,2021-10-13,7.295,7.147500000000001,4.33,9.67,2.574831709711012,4,4,4
52,2021-10-14,10.41,10.33,7.0,13.5,3.1129193157977397,4,4,4
52,2021-10-15,8.85,9.2375,5.75,13.5,3.7272364650859844,4,4,4
52,2021-10-16,5.585,6.0,3.83,9.0,2.573415370022233,4,4,4
52,2021-10-17,6.5,6.645,4.0,9.58,2.591801175501958,4,4,4
52,2021-10-18,7.73,7.6475,5.13,10.0,2.328552841000894,4,4,4
52,2021-10-19,8.184999999999999,8.4125,5.08,12.2,3.8181441827149474,4,4,4
52,2021-10-20,10.0,8.979999999999999,5.04,11.9,3.5419203830690495,3,3,3
52,2021-10-21,11.0,10.506666666666666,8.42,12.1,1.8889503257982547,3,3,3
52,2021-10-22,11.23,11.23,9.96,12.5,1.79605122421383,2,2,2
52,2021-10-23,6.885,7.172499999999999,3.52,11.4,3.8222103116739494,4,4,4
52,2021-10-24,7.56,7.6575,4.21,11.3,3.6106913003837184,4,4,4
52,2021-10-25,9.0,9.17,5.38,13.3,4.061149262626693,4,4,4
52,2021-10-26,10.18,10.6575,6.67,15.6,4.528475644923651,4,4,4
52,2021-10-27,6.58,10.263333333333334,6.41,17.8,6.527498244605918,3,3,3
52,2021-10-28,7.33,9.91,6.5,15.9,5.2040657182629815,3,3,3
52,2021-10-31,12.4,11.076666666666668,7.83,13.0,2.8276550944790517,3,3,3
52,2021-11-01,11.3,10.463333333333333,7.29,12.8,2.848689757297789,3,3,3
52,2021-11-02,11.9,10.806666666666667,6.32,14.2,4.052176369968777,3,3,3
52,2021-11-03,9.01,9.432500000000001,6.21,13.5,3.5061030123676247,4,4,4
52,2021-11-04,9.07,9.9175,6.33,15.2,4.205919439710339,4,4,4
52,2021-11-05,9.3,9.995000000000001,6.08,15.3,4.180761493635659,4,4,4
52,2021-11-06,10.835,11.455,6.45,17.7,4.842977734135615,4,4,4
52,2021-11-07,15.0,13.723333333333334,8.17,18.0,5.0378202958554725,3,3,3
52,2021-11-08,13.58,14.625,9.04,22.3,6.486670948953709,4,4,4
52,2021-11-09,13.719999999999999,14.592500000000001,9.13,21.8,6.278382886274671,4,4,4
52,2021-11-10,14.76,14.8925,9.25,20.8,6.368848012003427,4,4,4
52,2021-11-11,19.1,17.033333333333335,8.0,24.0,8.197763922761702,3,3,3
52,2021-11-12,9.09,12.530000000000001,8.0,20.5,6.923705655210944,3,3,3
52,2021-11-13,10.3,12.979999999999999,8.74,19.9,6.043442727452622,3,3,3
52,2021-11-14,12.9,15.5,10.8,22.8,6.408587988004846,3,3,3
52,2021-11-15,19.85,20.625,13.7,29.1,7.014924565999743,4,4,4
52,2021-11-16,17.049999999999997,17.85,12.5,24.8,5.995831885568506,4,4,4
52,2021-11-17,15.4,16.225,10.8,23.3,6.090087574630324,4,4,4
52,2021-11-18,13.39,13.805,8.14,20.3,6.057224336828435,4,4,4
52,2021-11-19,12.59,13.68,9.04,20.5,5.508369389695405,4,4,4
52,2021-11-20,13.235,14.3875,9.38,21.7,5.961618208730467,4,4,4
52,2021-11-21,13.11,13.7425,8.35,20.4,5.772858188684932,4,4,4
52,2021-11-22,14.4,14.7475,9.09,21.1,5.532421862680635,4,4,4
52,2021-11-23,12.7,16.366666666666667,11.6,24.8,7.324160930327333,3,3,3
52,2021-11-24,15.9,17.366666666666667,12.6,23.6,5.644761583391573,3,3,3
52,2021-11-25,14.3,14.266666666666666,10.5,18.0,3.750111109465069,3,3,3
52,2021-11-26,15.45,15.5025,8.21,22.9,6.205214876752186,4,4,4
52,2021-11-27,14.35,15.45,11.4,21.7,4.896597458099518,4,4,4
52,2021-11-30,18.4,18.5,12.3,24.9,5.308483775994798,4,4,4
52,2021-12-01,17.9,17.925,12.3,23.6,4.893788580094839,4,4,4
52,2021-12-02,21.65,21.875,17.1,27.1,4.419935896971056,4,4,4
52,2021-12-03,23.95,24.3,18.7,30.6,5.080026246651356,4,4,4
52,2021-12-04,23.7,24.975,17.5,35.0,7.926905659419275,4,4,4
52,2021-12-05,23.9,25.775,20.0,35.3,6.8951069607367215,4,4,4
52,2021-12-06,23.75,25.575,19.8,35.0,7.070301738021276,4,4,4
52,2021-12-07,28.5,30.1,23.0,40.4,8.56232055773044,4,4,4
52,2021-12-08,31.35,33.724999999999994,25.4,46.8,9.735630436700028,4,4,4
52,2021-12-09,34.5,36.03333333333333,28.0,45.6,8.899625460283897,3,3,3
52,2021-12-10,29.9,30.599999999999998,20.6,41.3,10.367738422626218,3,3,3
52,2021-12-11,21.85,25.2,17.4,39.7,10.429765098025939,4,4,4
52,2021-12-12,21.65,22.85,14.7,33.4,9.026811914144071,4,4,4
52,2021-12-13,19.1,19.7,13.4,27.2,6.060253020020424,4,4,4
52,2021-12-14,18.65,18.725,15.0,22.6,3.6490866437141953,4,4,4
52,2021-12-15,30.3,26.599999999999998,18.9,30.6,6.670082458260917,3,3,3
52,2021-12-16,31.7,28.099999999999998,17.1,35.5,9.713907555664713,3,3,3
52,2021-12-17,24.6,23.8,17.1,28.9,5.676853588623424,4,4,4
52,2021-12-18,23.049999999999997,22.15,18.0,24.5,3.055595959328827,4,4,4
52,2021-12-19,25.75,25.625,23.1,27.9,2.4295061226512678,4,4,4
52,2021-12-20,30.65,30.950000000000003,26.3,36.2,4.938623289946301,4,4,4
52,2021-12-21,31.099999999999998,30.125,23.2,35.1,5.300550285897997,4,4,4
52,2021-12-22,26.9,27.5,23.0,32.6,4.828043081829326,3,3,3
52,2021-12-23,24.5,26.166666666666668,23.3,30.7,3.9715656022950623,3,3,3
52,2021-12-24,30.25,29.85,24.4,34.5,5.255156198122628,4,4,4
52,2021-12-25,36.5,35.35,26.7,41.7,6.43609612524031,4,4,4
52,2021-12-26,32.0,31.174999999999997,24.9,35.8,4.78217175210873,4,4,4
52,2021-12-27,23.0,22.475,17.0,26.9,4.497684589504543,4,4,4
52,2021-12-30,17.85,17.5,13.0,21.3,3.8755644750152203,4,4,4
52,2021-12-31,18.4,18.4,13.8,23.0,4.0636600907720295,4,4,4
52,2022-01-01,19.200000000000003,17.825,10.9,22.0,4.826575735791716,4,4,4
52,2022-01-02,16.65,16.075,10.5,20.5,4.160428663811779,4,4,4
52,2022-01-04,21.7,20.725,13.3,26.2,5.561399703911478,4,4,4
52,2022-01-05,24.85,24.2,19.7,27.4,3.2893768406797066,4,4,4
52,2022-01-06,23.45,22.175,17.6,24.2,3.0706948182238265,4,4,4
52,2022-01-07,24.45,23.9,19.4,27.3,3.3075670817082465,4,4,4
52,2022-01-08,25.35,25.7,22.1,30.0,3.3236526092037155,4,4,4
52,2022-01-09,27.75,28.775,26.0,33.6,3.498928407384181,4,4,4
52,2022-01-10,25.25,26.35,22.4,32.5,4.544960579220315,4,4,4
52,2022-01-11,29.85,29.724999999999998,24.4,34.8,4.318468092584067,4,4,4
52,2022-01-12,33.75,33.4,28.7,37.4,3.613862199918532,4,4,4
52,2022-01-13,38.349999999999994,39.05,35.6,43.9,3.483771902215567,4,4,4
52,2022-01-14,33.9,34.65,31.6,39.2,3.4761089357690373,4,4,4
52,2022-01-15,34.3,34.23333333333333,30.6,37.8,3.6004629331980786,3,3,3
52,2022-01-16,34.0,35.266666666666666,32.4,39.4,3.6678785875943767,3,3,3
52,2022-01-17,25.15,25.575,21.8,30.2,4.04176116728009,4,4,4
52,2022-01-18,14.3,15.333333333333334,11.5,20.2,4.441095960833691,3,3,3
52,2022-01-19,21.700000000000003,21.075000000000003,15.1,25.8,4.910108620658678,4,4,4
52,2022-01-20,21.0,21.0,18.7,23.3,3.2526911934581197,2,2,2
52,2022-01-21,18.7,18.733333333333334,15.7,21.8,3.0501366089625126,3,3,3
52,2022-01-22,20.7,19.466666666666665,16.9,20.8,2.223360819420305,3,3,3
52,2022-01-23,17.0,16.75,13.4,19.6,3.3161222333723877,4,4,4
52,2022-01-24,18.7,17.7,11.6,21.8,4.96722591929674,4,4,4
52,2022-01-25,21.35,20.45,14.4,24.7,4.469526447697414,4,4,4
52,2022-01-26,19.85,19.85,18.4,21.3,2.050609665440988,2,2,2
52,2022-01-29,22.25,22.525,17.8,27.8,4.096644968751868,4,4,4
52,2022-01-30,19.9,21.0,19.4,24.8,2.5651510676761324,4,4,4
52,2022-01-31,32.3,32.525,28.7,36.8,3.3420303210274227,4,4,4
52,2022-02-01,34.45,35.475,33.3,39.7,2.8756158760631907,4,4,4
52,2022-02-02,30.35,31.775,29.6,36.8,3.4238136631539966,4,4,4
52,2022-02-03,25.15,26.425,22.7,32.7,4.372165748611704,4,4,4
52,2022-02-04,32.75,34.4,32.5,39.6,3.4708308323320303,4,4,4
52,2022-02-05,27.15,26.475,23.3,28.3,2.194500702513747,4,4,4
52,2022-02-06,15.4,15.525,12.8,18.5,2.596632434519757,4,4,4
52,2022-02-07,19.6,19.025,16.3,20.6,1.9397164741270831,4,4,4
52,2022-02-08,19.2,18.166666666666668,13.9,21.4,3.8552993831002698,3,3,3
52,2022-02-09,22.8,23.175,18.9,28.2,3.8638279809881113,4,4,4
52,2022-02-10,28.25,29.675,26.7,35.5,3.953374086355434,4,4,4
52,2022-02-11,38.2,38.55,32.4,45.4,5.3326041168144735,4,4,4
52,2022-02-12,38.650000000000006,40.675,37.4,48.0,4.918926034545889,4,4,4
52,2022-02-13,33.0,33.65,31.6,37.0,2.3416518386244602,4,4,4
52,2022-02-14,49.2,50.8,45.9,58.9,5.667450926121904,4,4,4
52,2022-02-15,58.85,59.825,51.6,70.0,7.7958856670254795,4,4,4
52,2022-02-16,29.9,29.75,26.4,32.8,2.795830228512932,4,4,4
52,2022-02-17,19.65,19.65,17.0,22.3,2.9467496217584093,4,4,4
52,2022-02-18,20.5,20.85,18.8,23.6,2.3043437243605807,4,4,4
52,2022-02-19,13.2,13.275,11.4,15.3,1.9155068954891985,4,4,4
52,2022-02-20,9.185,9.025,6.83,10.9,2.1292643487051266,4,4,4
52,2022-02-21,15.0,13.433333333333332,10.0,15.3,2.9771350881902108,3,3,3
52,2022-02-22,18.35,17.95,14.6,20.5,2.509315975852119,4,4,4
52,2022-02-23,22.6,22.950000000000003,20.6,26.0,2.554081700598737,4,4,4
52,2022-02-24,25.7,25.95,22.2,30.2,3.5000000000000004,4,4,4
52,2022-02-25,27.549999999999997,27.775,22.6,33.4,4.425965054840206,4,4,4
52,2022-02-28,44.95,46.325,44.0,51.4,3.4422618532974294,4,4,4
52,2022-03-01,56.349999999999994,57.15,52.5,63.4,4.843208303043208,4,4,4
52,2022-03-04,49.9,51.925,47.4,60.5,5.9812902732883115,4,4,4
52,2022-03-05,46.1,47.575,44.1,54.0,4.447002735925998,4,4,4
52,2022-03-06,43.45,43.45,39.7,47.2,3.282783371876167,4,4,4
52,2022-03-07,42.25,44.175,40.5,51.7,5.220073434987932,4,4,4
52,2022-03-08,22.75,22.625,19.5,25.5,2.5734218464915553,4,4,4
52,2022-03-09,17.55,17.825,16.8,19.4,1.1672617529928726,4,4,4
52,2022-03-10,27.75,27.85,26.9,29.0,0.86602540378444,4,4,4
52,2022-03-11,31.0,31.475,29.3,34.6,2.5078210994141235,4,4,4
52,2022-03-12,36.0,36.9,34.1,41.5,3.5166271719741147,4,4,4
52,2022-03-13,40.65,41.825,39.5,46.5,3.2076730922378394,4,4,4
52,2022-03-14,43.55,45.85,42.4,53.9,5.438443404749808,4,4,4
52,2022-03-15,50.05,50.275,49.0,52.0,1.2526638282742344,4,4,4
52,2022-03-16,43.5,43.75,40.2,47.8,3.133156023351955,4,4,4
52,2022-03-17,38.0,38.975,37.5,42.4,2.318584338197199,4,4,4
52,2022-03-18,28.35,30.05,26.2,37.3,5.042816673249187,4,4,4
52,2022-03-19,31.75,33.275,28.3,41.3,5.609738555999438,4,4,4
52,2022-03-21,27.8,28.950000000000003,26.0,34.2,3.6601457165892564,4,4,4
52,2022-03-22,14.5,15.325,11.9,20.4,3.9516874032915776,4,4,4
52,2022-03-26,29.7,30.53333333333333,27.9,34.0,3.134219732777736,3,3,3
52,2022-03-27,35.0,35.800000000000004,34.8,37.6,1.562049935181333,3,3,3
52,2022-03-30,23.5,23.65,22.6,25.0,1.0082988974836096,4,4,4
52,2022-03-31,29.05,29.3,28.5,30.6,0.9055385138137418,4,4,4
52,2022-04-01,30.65,30.875,30.4,31.8,0.66017674401128,4,4,4
52,2022-04-02,18.1,18.15,16.6,19.8,1.461734129952045,4,4,4
52,2022-04-03,6.54,7.095,5.38,9.92,2.111958017259497,4,4,4
52,2022-04-04,13.5,14.175,12.6,17.1,2.0369503348551894,4,4,4
52,2022-04-05,31.65,31.45,29.5,33.0,1.6051998837112686,4,4,4
52,2022-04-06,39.5,39.025,35.9,41.2,2.3257615240317917,4,4,4
52,2022-04-07,49.099999999999994,47.025,39.0,50.9,5.44694103756105,4,4,4
52,2022-04-08,67.15,64.25,55.1,67.6,6.1038239380462675,4,4,4
52,2022-04-09,76.35,75.475,71.4,77.8,2.8860295678781025,4,4,4
52,2022-04-10,76.0,75.7,73.5,77.3,1.622754859285076,4,4,4
52,2022-04-11,68.2,68.5,67.7,69.9,0.9763879010584585,4,4,4
52,2022-04-12,47.9,48.475,46.5,51.6,2.239605620044152,4,4,4
52,2022-04-13,51.4,53.025,50.5,58.8,3.9423977475642897,4,4,4
52,2022-04-14,73.69999999999999,74.375,70.8,79.3,3.6316892304637927,4,4,4
52,2022-04-15,61.849999999999994,62.925,60.0,68.0,3.5975686233899706,4,4,4
52,2022-04-16,54.65,54.95,52.4,58.1,2.7958302285129317,4,4,4
52,2022-04-17,57.45,57.675,56.2,59.6,1.69582821457049,4,4,4
52,2022-04-18,43.6,44.7,41.9,49.7,3.5061850112812563,4,4,4
52,2022-04-19,25.65,25.65,24.4,26.9,1.7677669529663689,2,2,2
52,2022-04-20,17.4,17.766666666666666,14.9,21.0,3.06648550189518,3,3,3
52,2022-04-21,16.85,17.85,14.8,22.9,3.671965867669976,4,4,4
52,2022-04-22,18.9,19.266666666666666,18.0,20.9,1.4843629385474872,3,3,3
52,2022-04-23,26.25,27.55,24.5,33.2,3.8734136537856836,4,4,4
52,2022-04-24,32.05,32.525,30.1,35.9,2.4716728478232435,4,4,4
52,2022-04-25,34.1,34.9,33.0,38.4,2.4399453545793466,4,4,4
52,2022-04-26,37.849999999999994,38.775,37.1,42.3,2.4046829312822076,4,4,4
52,2022-04-29,30.1,30.849999999999998,28.9,34.3,2.4186773244895643,4,4,4
52,2022-04-30,22.65,23.425,20.5,27.9,3.1951786595848843,4,4,4
52,2022-05-01,15.1,15.5,14.4,17.0,1.345362404707371,3,3,3
52,2022-05-02,17.4,18.575,15.9,23.6,3.4855654730139096,4,4,4
52,2022-05-03,14.4,15.025,12.0,19.3,3.2724863126782777,4,4,4
52,2022-05-04,18.6,18.8,15.5,22.5,2.940521495698793,4,4,4
52,2022-05-05,24.950000000000003,25.675,22.4,30.4,3.413087556255576,4,4,4
52,2022-05-06,25.15,26.075,22.5,31.5,3.826551972729497,4,4,4
52,2022-05-08,11.665,12.885,9.71,18.5,4.13602466143518,4,4,4
52,2022-05-09,8.85,10.657499999999999,6.63,18.3,5.41626177973948,4,4,4
52,2022-05-10,11.83,13.06,9.48,19.1,4.446631684020314,4,4,4
52,2022-05-11,9.719999999999999,11.0275,7.67,17.0,4.209017106166236,4,4,4
52,2022-05-12,9.565000000000001,11.72,7.75,20.0,5.637842376890885,4,4,4
52,2022-05-13,10.62,12.5375,8.71,20.2,5.2614977272002434,4,4,4
52,2022-05-14,13.350000000000001,15.275,12.1,22.3,4.74157146946031,4,4,4
52,2022-05-15,14.0,15.425,12.2,21.5,4.145177921392518,4,4,4
52,2022-05-16,15.6,17.174999999999997,13.1,24.4,5.001583082718245,4,4,4
52,2022-05-17,11.65,13.545,9.88,21.0,5.087117717005049,4,4,4
52,2022-05-18,7.73,9.8975,5.63,18.5,5.9439457994388425,4,4,4
52,2022-05-19,10.465,12.422500000000001,7.96,20.8,5.811611222371985,4,4,4
52,2022-05-20,10.065000000000001,12.05,7.57,20.5,5.857126713102025,4,4,4
52,2022-05-21,9.33,9.659999999999998,5.45,14.2,4.38432434931541,3,3,3
52,2022-05-22,8.685,10.7675,6.6,19.1,5.707908986660528,4,4,4
52,2022-05-25,12.85,13.875,10.9,18.9,3.514138111495713,4,4,4
52,2022-05-26,16.35,18.3,14.7,25.8,5.119244735961221,4,4,4
52,2022-05-29,21.4,23.525,20.0,31.3,5.2765992836295625,4,4,4
52,2022-05-30,19.15,21.05,17.1,28.8,5.282991576748916,4,4,4
52,2022-05-31,19.65,21.35,17.8,28.3,4.765501022977541,4,4,4
52,2022-06-01,14.600000000000001,16.0,12.6,22.2,4.412859994757746,4,4,4
52,2022-06-02,15.05,17.675,13.7,26.9,6.266511522902248,4,4,4
52,2022-06-03,18.75,20.35,16.0,27.9,5.210566188045211,4,4,4
52,2022-06-04,12.25,13.0925,9.17,18.7,4.069998976248847,4,4,4
52,2022-06-05,7.1850000000000005,8.415,5.79,13.5,3.577508443968605,4,4,4
52,2022-06-06,7.145,8.48,5.63,14.0,3.871511332800151,4,4,4
52,2022-06-07,7.545,8.2925,6.38,11.7,2.4438681770231927,4,4,4
52,2022-06-08,8.545,8.7325,7.04,10.8,1.7069148582554827,4,4,4
52,2022-06-09,9.67,10.36,7.0,15.1,3.5243533685864517,4,4,4
52,2022-06-10,11.7,12.86,8.74,19.3,4.5738094990208475,4,4,4
52,2022-06-11,13.100000000000001,14.4,11.3,20.1,3.935310237664454,4,4,4
52,2022-06-12,9.605,9.605,9.33,9.88,0.38890872965260165,2,2,2
52,2022-06-13,9.96,12.773333333333333,8.26,20.1,6.401760174618645,3,3,3
52,2022-06-14,13.5,14.725000000000001,11.3,20.6,4.399526489672875,4,4,4
52,2022-06-15,12.55,13.725,10.4,19.4,4.2594013663894135,4,4,4
52,2022-06-16,9.605,10.844999999999999,7.17,17.0,4.533096807555148,4,4,4
52,2022-06-17,7.85,8.8525,5.71,14.0,3.882742802023676,4,4,4
52,2022-06-18,6.62,7.5425,4.63,12.3,3.6707617283973453,4,4,4
52,2022-06-19,6.17,7.043333333333333,5.71,9.25,1.9248203379363318,3,3,3
52,2022-06-20,7.02,7.0625,5.58,8.63,1.4809090676563053,4,4,4
52,2022-06-21,7.35,7.220000000000001,5.35,8.83,1.87114937939225,4,4,4
52,2022-06-22,6.615,6.83,5.09,9.0,1.930716619979915,4,4,4
52,2022-06-23,7.545,7.5424999999999995,5.79,9.29,1.9060495796279802,4,4,4
52,2022-06-24,7.3149999999999995,7.3875,5.17,9.75,2.322905866940515,4,4,4
52,2022-06-25,8.295,8.6325,5.74,12.2,3.0865015254599615,4,4,4
52,2022-06-28,7.585,7.8675,6.0,10.3,2.20519651429678,4,4,4
52,2022-06-29,7.3950000000000005,7.407500000000001,5.46,9.38,2.1811522184386862,4,4,4
52,2022-06-30,7.0600000000000005,7.195,4.46,10.2,2.9917943333948163,4,4,4
52,2022-07-01,7.755000000000001,7.91,5.13,11.0,3.1769272366024794,4,4,4
52,2022-07-02,7.51,7.4475,4.67,10.1,3.0645431959755434,4,4,4
52,2022-07-03,7.5649999999999995,7.4399999999999995,5.0,9.63,2.426451455658379,4,4,4
52,2022-07-04,7.1850000000000005,7.52,5.21,10.5,2.6847097918893708,4,4,4
52,2022-07-05,7.84,7.695,5.0,10.1,2.787131141514514,4,4,4
52,2022-07-06,8.375,8.34,5.71,10.9,2.5002799843217556,4,4,4
52,2022-07-07,7.585000000000001,7.7625,5.08,10.8,2.878036078068978,4,4,4
52,2022-07-08,6.380000000000001,6.647500000000001,4.5,9.33,2.454633373846286,4,4,4
52,2022-07-09,6.625,7.02,4.33,10.5,2.698308111885421,4,4,4
52,2022-07-10,6.1899999999999995,6.6975,4.58,9.83,2.2922823415393956,4,4,4
52,2022-07-11,6.1850000000000005,6.79,4.79,10.0,2.299869561518653,4,4,4
52,2022-07-12,7.52,7.835,5.5,10.8,2.346820544197333,4,4,4
52,2022-07-13,7.795,8.66,5.75,13.3,3.4290620680685655,4,4,4
52,2022-07-14,6.4399999999999995,7.1525,4.83,10.9,2.8635802183048176,4,4,4
52,2022-07-15,5.335,5.92,3.88,9.13,2.4976388850272175,4,4,4
52,2022-07-16,7.16,7.3825,5.25,9.96,2.2558276382147056,4,4,4
52,2022-07-17,8.67,9.1175,6.83,12.3,2.650488948603006,4,4,4
52,2022-07-18,8.46,9.1325,6.71,12.9,2.9274718899874457,4,4,4
52,2022-07-19,9.309999999999999,10.004999999999999,7.0,14.4,3.3254723975198877,4,4,4
52,2022-07-20,7.859999999999999,8.0225,5.67,10.7,2.458676812162726,4,4,4
52,2022-07-21,7.105,7.6825,4.92,11.6,3.258142364395188,4,4,4
52,2022-07-22,6.375,6.8775,4.88,9.88,2.4162281211287424,4,4,4
52,2022-07-23,6.105,6.77,5.08,9.79,2.1956775719581416,4,4,4
52,2022-07-24,6.625,7.4125,5.5,10.9,2.5555087556101235,4,4,4
52,2022-07-25,8.39,8.89,6.48,12.3,2.8570614274110384,4,4,4
52,2022-07-28,12.35,13.375,10.5,18.3,3.654563357411298,4,4,4
52,2022-07-29,17.15,17.375,13.9,21.3,3.3519894590128607,4,4,4
52,2022-07-31,11.2,10.64,6.92,13.8,3.4740178468165657,3,3,3
52,2022-08-01,7.484999999999999,8.0975,6.22,11.2,2.2654855991597027,4,4,4
52,2022-08-02,8.23,8.525,6.04,11.6,2.7123605954961074,4,4,4
52,2022-08-03,6.965,7.305,4.79,10.5,2.7943812672337085,4,4,4
52,2022-08-04,6.8149999999999995,7.2825,5.5,10.0,2.1453573905839876,4,4,4
52,2022-08-05,6.5649999999999995,7.1274999999999995,5.46,9.92,2.0784509456163103,4,4,4
52,2022-08-06,6.23,6.855,5.13,9.83,2.212713266557599,4,4,4
52,2022-08-07,7.164999999999999,7.717499999999999,5.54,11.0,2.4261131465782877,4,4,4
52,2022-08-08,6.1850000000000005,6.985,5.17,10.4,2.4384763002060663,4,4,4
52,2022-08-09,5.605,6.3675,4.38,9.88,2.529761187674968,4,4,4
52,2022-08-10,7.460000000000001,7.7,5.88,10.0,1.8113162801307414,4,4,4
52,2022-08-11,7.335,7.8925,6.0,10.9,2.2302970654152783,4,4,4
52,2022-08-12,7.045,7.74,5.17,11.7,3.0982252984571663,4,4,4
52,2022-08-13,5.65,6.1075,4.21,8.92,2.2327169547437045,4,4,4
52,2022-08-14,7.67,8.2825,5.79,12.0,2.91695474767779,4,4,4
52,2022-08-15,8.16,8.9,5.88,13.4,3.4410172914415877,4,4,4
52,2022-08-16,6.0649999999999995,6.82,4.75,10.4,2.6894733065540297,4,4,4
52,2022-08-17,5.5,6.475,4.0,10.9,3.2714675605911183,4,4,4
52,2022-08-18,6.05,6.66,4.79,9.75,2.3471259020342305,4,4,4
52,2022-08-19,7.76,7.9225,5.87,10.3,2.1741875877363177,4,4,4
52,2022-08-20,10.065000000000001,10.41,8.21,13.3,2.3438287764538894,4,4,4
52,2022-08-21,9.43,10.002500000000001,6.65,14.5,3.6461886493524527,4,4,4
52,2022-08-22,6.65,7.265,4.26,11.5,3.3693965829705084,4,4,4
52,2022-08-23,6.23,6.5525,3.75,10.0,2.924578317182382,4,4,4
52,2022-08-24,7.525,7.94,4.91,11.8,3.0458168034207183,4,4,4
52,2022-08-27,6.3549999999999995,6.4799999999999995,3.96,9.25,2.5646962133294986,4,4,4
52,2022-08-28,6.765,7.3925,4.74,11.3,3.192714362419539,4,4,4
52,2022-08-29,8.675,9.0875,5.9,13.1,3.5759322793736827,4,4,4
52,2022-08-30,8.545,9.4625,5.46,15.3,4.724407370242325,4,4,4
52,2022-08-31,8.68,9.280000000000001,5.46,14.3,4.293778444835428,4,4,4
52,2022-09-01,8.33,8.545,5.42,12.1,3.135277765472569,4,4,4
52,2022-09-02,11.3,10.213333333333333,6.04,13.3,3.7500044444418115,3,3,3
52,2022-09-03,12.5,11.536666666666667,8.21,13.9,2.9647990375965336,3,3,3
52,2022-09-04,9.870000000000001,10.095,6.44,14.2,3.9783204161220267,4,4,4
52,2022-09-05,7.925,8.3825,4.38,13.3,4.279083819386264,4,4,4
52,2022-09-06,7.145,8.030000000000001,4.33,13.5,4.425283418418907,4,4,4
52,2022-09-07,7.735,8.5,4.63,13.9,4.622257745589991,4,4,4
52,2022-09-08,11.89,12.4825,7.25,18.9,5.324712042292366,4,4,4
52,2022-09-09,11.3,9.950000000000001,4.95,13.6,4.480234368869557,3,3,3
52,2022-09-10,7.0,6.6875,3.71,9.04,2.430368627732564,4,4,4
52,2022-09-11,5.145,5.585,3.17,8.88,2.7872866136561325,4,4,4
52,2022-09-12,5.6899999999999995,5.637499999999999,3.78,7.39,1.9757930897068483,4,4,4
52,2022-09-13,5.585,5.8325,3.83,8.33,2.2652796001082662,4,4,4
52,2022-09-14,6.1850000000000005,6.425,4.33,9.0,2.330014306107726,4,4,4
52,2022-09-15,8.65,7.603333333333334,4.58,9.58,2.6592542814355555,3,3,3
52,2022-09-16,8.8,7.903333333333333,4.71,10.2,2.8527238445621284,3,3,3
52,2022-09-17,6.545,6.8575,4.92,9.42,2.146165184695717,4,4,4
52,2022-09-18,7.54,7.965,5.38,11.4,2.9735444618614104,4,4,4
52,2022-09-19,6.71,6.875,4.75,9.33,2.341317293035411,4,4,4
52,2022-09-20,8.61,8.496666666666668,5.48,11.4,2.9616268052091463,3,3,3
52,2022-09-21,9.55,9.226666666666667,6.13,12.0,2.948327209339787,3,3,3
52,2022-09-22,9.88,9.96,6.0,14.0,4.000599955006749,3,3,3
52,2022-09-23,9.434999999999999,9.8625,7.58,13.0,2.6863652643178164,4,4,4
52,2022-09-26,6.79,6.904999999999999,4.75,9.29,2.324284836245334,4,4,4
52,2022-09-27,6.04,6.657500000000001,4.25,10.3,2.8617986768231387,4,4,4
52,2022-09-28,8.265,8.8425,5.74,13.1,3.66411767460235,4,4,4
52,2022-09-29,14.2,14.65,12.4,17.8,2.5748786379167465,4,4,4
52,2022-09-30,12.75,13.65,10.4,18.7,3.821430796617064,4,4,4
52,2022-10-01,6.6899999999999995,7.015000000000001,4.38,10.3,2.9683272506020404,4,4,4
52,2022-10-02,5.875,6.1675,4.21,8.71,2.2911769173651053,4,4,4
52,2022-10-03,8.0,7.68,4.54,10.5,2.9928581657004734,3,3,3
52,2022-10-04,6.145,6.615,4.46,9.71,2.5701426678947876,4,4,4
52,2022-10-05,6.73,7.42,4.92,11.3,3.0834180168551053,4,4,4
52,2022-10-06,7.73,8.18,5.46,11.8,3.2256058862380157,4,4,4
52,2022-10-07,7.955,8.675,5.29,13.5,3.948573582109536,4,4,4
52,2022-10-08,8.47,8.795,6.04,12.2,2.9913820663142756,4,4,4
52,2022-10-09,8.57,8.465,5.92,10.8,2.594423506934312,4,4,4
52,2022-10-10,9.25,8.473333333333334,5.17,11.0,2.9915937781278616,3,3,3
52,2022-10-11,9.29,8.64,5.33,11.3,3.0376141953842657,3,3,3
52,2022-10-12,9.525,9.495000000000001,7.13,11.8,2.395085245525373,4,4,4
52,2022-10-13,11.015,11.58,8.79,15.5,3.134081470968276,4,4,4
52,2022-10-14,12.55,12.932500000000001,9.63,17.0,3.4712473742638,4,4,4
52,2022-10-15,12.05,12.6625,9.75,16.8,3.1914925975160906,4,4,4
52,2022-10-16,15.85,17.025,13.5,22.9,4.341562698691183,4,4,4
52,2022-10-17,17.1,17.45,13.9,21.7,3.5651086939951755,4,4,4
52,2022-10-18,21.75,23.25,19.5,30.0,4.793398237854505,4,4,4
52,2022-10-19,21.95,23.175,19.7,29.1,4.332339629653552,4,4,4
52,2022-10-20,21.799999999999997,23.025,19.3,29.2,4.476885077819175,4,4,4
52,2022-10-21,19.75,21.0,17.0,27.5,4.795136424892762,4,4,4
52,2022-10-22,14.149999999999999,15.525,12.7,21.1,3.9601136347332266,4,4,4
52,2022-10-23,10.21,10.55,8.08,13.7,2.554916828391875,4,4,4
52,2022-10-26,20.1,23.599999999999998,17.8,32.9,8.135723692456619,3,3,3
52,2022-10-27,13.6,16.5,12.1,23.8,6.366317616958803,3,3,3
52,2022-10-28,12.184999999999999,12.184999999999999,8.67,15.7,4.970960671741429,2,2,2
52,2022-10-29,9.57,9.57,7.04,12.1,3.57796031280393,2,2,2
52,2022-10-30,13.45,13.5,10.4,16.7,3.161223391874312,4,4,4
52,2022-10-31,16.700000000000003,16.625,12.7,20.4,3.506541506004646,4,4,4
52,2022-11-01,17.8,17.7,14.5,20.7,2.929163703175363,4,4,4
52,2022-11-02,19.8,18.666666666666668,14.6,21.6,3.635014901390824,3,3,3
52,2022-11-03,15.65,15.55,11.2,19.7,4.225714929649973,4,4,4
52,2022-11-04,14.95,14.675,10.3,18.5,4.334647236704121,4,4,4
52,2022-11-05,15.049999999999999,15.475,11.8,20.0,3.889622946593495,4,4,4
52,2022-11-08,16.75,17.45,12.9,23.4,4.869291529575939,4,4,4
52,2022-11-09,17.55,19.15,13.1,28.4,7.1295161126124125,4,4,4
52,2022-11-10,16.0,17.466666666666665,14.6,21.8,3.817503547258775,3,3,3
52,2022-11-11,19.8,19.166666666666668,15.8,21.9,3.0989245446337224,3,3,3
52,2022-11-12,20.5,19.733333333333334,15.5,23.2,3.906831623366091,3,3,3
52,2022-11-13,16.4,17.4,12.3,24.5,5.81778881248423,4,4,4
52,2022-11-14,15.85,16.85,12.6,23.1,4.9386232899463,4,4,4
52,2022-11-15,11.895,12.1075,9.04,15.6,3.42877407635246,4,4,4
52,2022-11-16,7.715,7.745,4.75,10.8,3.145435846852812,4,4,4
52,2022-11-17,8.215,8.5725,5.96,11.9,2.991514387953589,4,4,4
52,2022-11-18,10.45,10.307500000000001,8.33,12.0,1.9166528985012743,4,4,4
52,2022-11-19,9.105,9.120000000000001,6.67,11.6,2.8062667965347368,4,4,4
52,2022-11-20,9.715,9.51,6.71,11.9,2.728283953941257,4,4,4
52,2022-11-21,9.43,9.282499999999999,6.67,11.6,2.686836739860959,4,4,4
52,2022-11-22,10.575,11.29,7.71,16.3,4.072272093070403,4,4,4
52,2022-11-25,12.55,12.32,9.58,14.6,2.6087544920900467,4,4,4
52,2022-11-26,9.05,9.4825,8.13,11.7,1.565447220445326,4,4,4
52,2022-11-27,9.355,9.4375,6.64,12.4,2.7511255272463795,4,4,4
52,2022-11-28,11.38,11.35,8.04,14.6,3.5857681650287057,4,4,4
52,2022-11-29,11.35,11.0875,6.75,14.9,4.317865020277189,4,4,4
52,2022-11-30,13.1,12.974,8.42,20.3,4.848337859514331,5,5,5
52,2022-12-01,13.350000000000001,13.05,10.0,15.5,2.7742866951104155,4,4,4
52,2022-12-02,11.219999999999999,11.11,8.0,14.0,3.2870047155427087,4,4,4
52,2022-12-03,12.0,11.370000000000001,7.21,15.5,3.8685010016801087,5,5,5
52,2022-12-04,11.7,12.348,7.08,19.2,4.973743057295984,5,5,5
52,2022-12-05,11.2,12.224,6.79,19.5,5.451608019658053,5,5,5
52,2022-12-06,10.465,11.315000000000001,7.33,17.0,4.4925456777496064,4,4,4
52,2022-12-07,10.14,11.19,7.58,16.9,4.43397489092274,4,4,4
52,2022-12-08,10.965,11.7675,8.04,17.1,4.096839228803917,4,4,4
52,2022-12-09,13.3,14.978,9.13,25.0,6.499924614947467,5,5,5
52,2022-12-10,15.8,17.060000000000002,12.5,24.6,5.094899410194475,5,5,5
52,2022-12-11,16.9,17.22,12.2,23.9,4.828767958806884,5,5,5
52,2022-12-12,19.8,19.619999999999997,14.5,25.8,4.663367881692371,5,5,5
52,2022-12-13,20.200000000000003,20.925,16.7,26.6,4.282814495165534,4,4,4
52,2022-12-14,24.7,26.360000000000003,19.4,35.4,6.3176736224657875,5,5,5
52,2022-12-15,26.3,28.066666666666666,24.3,33.6,4.89523577913601,3,3,3
52,2022-12-16,27.5,29.266666666666666,26.0,34.3,4.423045707805123,3,3,3
52,2022-12-17,30.549999999999997,31.275,24.3,39.7,7.434323551384261,4,4,4
52,2022-12-18,30.5,31.625,26.0,39.5,6.169481339626533,4,4,4
52,2022-12-19,34.0,35.55,30.0,44.2,6.741661516273273,4,4,4
52,2022-12-20,27.7,30.733333333333334,26.3,38.2,6.5041012702243,3,3,3
52,2022-12-21,27.4,30.675,24.2,43.7,8.898080317311896,4,4,4
52,2022-12-22,25.0,27.675,22.1,38.6,7.432529851941396,4,4,4
52,2022-12-25,30.1,34.339999999999996,22.5,53.2,13.527490528549631,5,5,5
52,2022-12-26,25.6,27.3,18.7,37.6,9.563994981178107,3,3,3
52,2022-12-27,22.1,25.78,16.4,37.6,9.7868278824142,5,5,5
52,2022-12-28,20.5,22.9,17.6,33.0,7.191198323877135,4,4,4
52,2022-12-29,18.950000000000003,21.325,15.5,31.9,7.551765797922143,4,4,4
52,2022-12-30,18.200000000000003,20.35,14.7,30.3,7.2339477465627295,4,4,4
52,2022-12-31,17.0,19.1,13.3,29.1,7.23509963073534,4,4,4
52,2023-01-01,15.75,18.1,11.9,29.0,7.819207120929845,4,4,4
52,2023-01-02,13.4,15.825,9.3,27.2,8.130344396149527,4,4,4
52,2023-01-04,10.1,16.533333333333335,10.0,29.5,11.229574049505766,3,3,3
52,2023-01-05,9.83,16.496666666666666,9.46,30.2,11.868876666868408,3,3,3
52,2023-01-06,10.0,13.553333333333333,8.26,22.4,7.710676580776381,3,3,3
52,2023-01-07,8.83,11.773333333333333,8.29,18.2,5.572201838890381,3,3,3
52,2023-01-08,12.0,16.666666666666668,11.1,26.9,8.873744042586155,3,3,3
52,2023-01-09,17.9,23.933333333333334,15.9,38.0,12.223065627465695,3,3,3
52,2023-01-10,19.4,24.166666666666668,17.6,35.5,9.856131763188504,3,3,3
52,2023-01-11,19.2,19.2,19.2,19.2,,1,1,1
52,2023-01-17,22.2,28.566666666666666,21.1,42.4,11.992636629754665,3,3,3
52,2023-01-18,22.4,29.166666666666668,22.4,42.7,11.720210464549405,3,3,3
52,2023-01-19,21.0,26.666666666666668,21.0,38.0,9.814954576223638,3,3,3
52,2023-01-20,22.1,28.233333333333334,21.6,41.0,11.059083747459972,3,3,3
52,2023-01-21,19.9,26.833333333333332,18.8,41.8,12.973177457097135,3,3,3
52,2023-01-24,32.3,38.86666666666667,31.0,53.3,12.516522413727117,3,3,3
52,2023-01-25,46.650000000000006,46.650000000000006,33.1,60.2,19.162593770155436,2,2,2
52,2023-01-26,31.4,40.1,31.3,57.6,15.15552704461313,3,3,3
52,2023-01-27,38.0,46.199999999999996,36.4,64.2,15.608971779076288,3,3,3
52,2023-01-28,66.2,56.300000000000004,35.5,67.2,18.020266368730514,3,3,3
52,2023-01-29,39.5,46.166666666666664,38.6,60.4,12.334639570467122,3,3,3
52,2023-01-30,46.7,50.800000000000004,42.8,62.9,10.658799181896619,3,3,3
52,2023-01-31,67.15,67.075,56.0,78.0,12.276637704735501,4,4,4
52,2023-02-01,88.7,79.16666666666667,56.0,92.8,20.167382907391172,3,3,3
52,2023-02-15,146.0,158.6,114.0,225.0,45.18628110389258,5,5,5
52,2023-03-20,29.2,30.3,26.2,35.8,3.5693136595149477,5,5,5
52,2023-03-22,35.2,39.96,33.4,56.7,9.821048823827322,5,5,5
52,2023-03-25,85.5,87.825,62.3,118.0,26.98992095826391,4,4,4
52,2023-03-26,83.0,100.47999999999999,77.5,143.0,29.189501537367843,5,5,5
52,2023-03-27,82.3,91.72,78.6,108.0,14.927725881727595,5,5,5
52,2023-03-28,75.7,89.86,74.3,116.0,20.41428421473553,5,5,5
52,2023-03-29,69.2,92.66,66.7,148.0,36.39681304729852,5,5,5
52,2023-03-30,68.9,81.66,67.8,107.0,18.792099403738796,5,5,5
52,2023-03-31,93.0,105.24000000000001,89.6,132.0,19.10256527275853,5,5,5
52,2023-04-01,99.5,121.16,96.0,160.0,32.81467659447522,5,5,5
52,2023-04-02,85.7,101.24,82.0,137.0,24.930162454344337,5,5,5
52,2023-04-03,66.1,71.78,63.4,87.9,10.518887773904618,5,5,5
52,2023-04-04,63.1,82.42,62.5,143.0,34.76761424084201,5,5,5
52,2023-04-05,103.0,122.85999999999999,98.3,192.0,39.572692604875904,5,5,5
52,2023-04-07,157.0,163.4,153.0,182.0,13.011533345459325,5,5,5
52,2023-04-08,139.0,138.75,126.0,151.0,12.120918557051143,4,4,4
52,2023-04-09,69.9,69.9,69.9,69.9,,1,1,1
52,2023-04-10,64.8,64.8,64.8,64.8,,1,1,1
52,2023-04-11,85.4,96.25,80.2,134.0,25.30803561453687,4,4,4
52,2023-04-12,96.6,111.64000000000001,90.9,168.0,32.38136809957231,5,5,5
52,2023-04-16,97.9,102.24,87.5,129.0,16.804850490260247,5,5,5
52,2023-04-17,80.4,87.1,79.7,98.8,9.542536350467829,5,5,5
52,2023-04-20,76.0,83.08,72.0,100.0,12.80593612353271,5,5,5
52,2023-04-21,74.7,79.62,72.0,89.7,8.178447285395931,5,5,5
52,2023-04-24,41.9,44.42,40.7,53.9,5.42512672663045,5,5,5
52,2023-04-27,25.4,33.12,24.6,55.7,13.333679162181756,5,5,5
52,2023-04-29,36.7,40.3,35.1,50.4,6.509608283145769,5,5,5
52,2023-04-30,37.7,41.725,35.0,56.5,10.040044820617085,4,4,4
52,2023-05-01,27.0,30.46,25.0,41.9,6.919393036965019,5,5,5
52,2023-05-02,45.3,49.760000000000005,43.2,60.4,7.8206777199933235,5,5,5
52,2023-05-03,34.1,37.64,32.2,46.9,6.669182858491733,5,5,5
52,2023-05-04,36.0,39.58,34.2,55.0,8.669602066992464,5,5,5
52,2023-05-05,42.8,47.32,42.5,64.2,9.462399272911712,5,5,5
52,2023-05-06,44.8,49.239999999999995,43.3,66.0,9.62148637165797,5,5,5
52,2023-05-07,47.7,52.220000000000006,46.5,65.0,7.824768367178669,5,5,5
52,2023-05-11,15.6,18.580000000000002,13.8,29.1,6.319177161624765,5,5,5
52,2023-05-12,15.95,17.425,15.9,21.9,2.9837057495671373,4,4,4
52,2023-05-17,17.55,18.2,16.0,21.7,2.445403852127495,4,4,4
52,2023-05-18,26.85,27.9,26.4,31.5,2.437211521390789,4,4,4
52,2023-05-20,29.35,29.575,28.4,31.2,1.2284814474246915,4,4,4
52,2023-05-21,30.75,31.275,29.4,34.2,2.054872258803453,4,4,4
52,2023-05-22,30.85,30.775000000000002,29.8,31.6,0.7675719293112979,4,4,4
52,2023-05-26,27.1,30.46,25.8,40.2,6.23040929634643,5,5,5
52,2023-06-01,14.5,15.86,13.9,19.5,2.4234273250914713,5,5,5
52,2023-06-04,21.8,19.8,15.4,22.2,3.8157568056677817,3,3,3
52,2023-06-05,15.0,14.799999999999999,11.3,17.9,3.3396606614045883,4,4,4
52,2023-06-08,12.1,13.433333333333332,10.8,17.4,3.496188400720609,3,3,3
52,2023-06-09,11.55,12.4,10.4,16.1,2.5416530054277677,4,4,4
52,2023-06-10,15.4,15.4,12.3,18.5,4.384062043356594,2,2,2
52,2023-06-11,15.8,17.466666666666665,15.2,21.4,3.419551627528576,3,3,3
52,2023-06-18,12.915000000000001,12.915000000000001,8.73,17.1,5.918483758531403,2,2,2
52,2023-06-19,9.69,10.655,8.24,15.0,2.9767711814425146,4,4,4
52,2023-06-22,9.675,9.675,6.25,13.1,4.84368145112785,2,2,2
52,2023-06-27,12.7,12.7,12.7,12.7,,1,1,1
52,2023-07-08,7.945,8.969999999999999,6.89,13.1,2.8856541719339823,4,4,4
52,2023-07-09,12.045,12.045,9.29,14.8,3.896158364337878,2,2,2
52,2023-07-18,9.58,9.156666666666666,3.49,14.4,5.467305856940266,3,3,3
52,2023-07-19,12.3,12.3,12.3,12.3,,1,1,1
52,2023-07-20,8.89,9.22,4.97,13.8,4.424240047737013,3,3,3
52,2023-07-21,9.78,9.78,9.78,9.78,,1,1,1
52,2023-07-22,9.42,9.42,9.42,9.42,,1,1,1
52,2023-07-23,10.2,10.2,10.2,10.2,,1,1,1
52,2023-07-24,9.27,9.27,9.27,9.27,,1,1,1
52,2023-07-25,7.06,7.06,7.06,7.06,,1,1,1
52,2023-07-26,1.62,1.62,1.62,1.62,,1,1,1
52,2023-07-27,1.74,1.74,1.74,1.74,,1,1,1
52,2023-07-28,0.808,0.808,0.808,0.808,,1,1,1
52,2023-07-29,1.37,1.37,1.37,1.37,,1,1,1
52,2023-07-30,1.88,1.88,1.88,1.88,,1,1,1
52,2023-07-31,8.75,8.75,5.5,12.0,4.596194077712559,2,2,2
52,2023-08-01,11.7,11.7,11.7,11.7,,1,1,1
52,2023-08-02,12.4,12.4,12.4,12.4,,1,1,1
52,2023-08-03,8.11,8.11,8.11,8.11,,1,1,1
52,2023-08-04,9.21,9.21,9.21,9.21,,1,1,1
52,2023-08-05,11.8,11.8,11.8,11.8,,1,1,1
52,2023-08-06,13.4,13.4,13.4,13.4,,1,1,1
52,2023-08-07,9.34,9.34,9.34,9.34,,1,1,1
52,2023-08-08,8.32,8.32,8.32,8.32,,1,1,1
52,2023-08-09,12.6,12.6,12.6,12.6,,1,1,1
52,2023-08-10,9.4,9.4,9.4,9.4,,1,1,1
52,2023-08-11,12.4,12.4,12.4,12.4,,1,1,1
52,2023-08-12,17.5,18.3,15.3,22.1,3.4698703145794942,3,3,3
52,2023-08-13,18.4,18.4,18.4,18.4,,1,1,1
52,2023-08-14,16.2,16.2,16.2,16.2,,1,1,1
52,2023-08-15,16.4,17.419999999999998,15.2,22.8,3.1228192390850937,5,5,5
52,2023-08-16,13.5,13.5,13.5,13.5,,1,1,1
52,2023-08-17,9.14,9.14,9.14,9.14,,1,1,1
52,2023-08-18,8.14,8.14,8.14,8.14,,1,1,1
52,2023-08-19,13.2,13.2,13.2,13.2,,1,1,1
52,2023-08-20,13.5,13.5,13.5,13.5,,1,1,1
52,2023-08-21,8.77,8.77,8.77,8.77,,1,1,1
52,2023-08-22,10.9,10.9,10.9,10.9,,1,1,1
52,2023-08-23,7.79,7.79,7.79,7.79,,1,1,1
52,2023-08-24,9.34,9.34,9.34,9.34,,1,1,1
52,2023-08-25,9.41,9.41,9.41,9.41,,1,1,1
52,2023-08-26,8.71,8.71,8.71,8.71,,1,1,1
52,2023-08-27,13.2,13.2,13.2,13.2,,1,1,1
52,2023-08-28,12.4,12.4,12.4,12.4,,1,1,1
52,2023-08-29,8.809999999999999,10.372499999999999,7.87,16.0,3.819523312317041,4,4,4
52,2023-08-30,10.5,10.5,10.5,10.5,,1,1,1
52,2023-08-31,6.29,6.29,6.29,6.29,,1,1,1
52,2023-09-01,8.66,8.66,8.66,8.66,,1,1,1
52,2023-09-02,3.34,3.34,3.34,3.34,,1,1,1
52,2023-09-03,8.09,10.258,6.74,14.9,3.954822372749501,5,5,5
52,2023-09-04,17.4,17.4,17.4,17.4,,1,1,1
52,2023-09-07,1.91,1.91,1.91,1.91,,1,1,1
52,2023-09-08,2.69,2.69,2.69,2.69,,1,1,1
52,2023-09-09,3.03,3.03,3.03,3.03,,1,1,1
52,2023-09-10,4.84,4.84,4.84,4.84,,1,1,1
52,2023-09-11,4.16,4.16,4.16,4.16,,1,1,1
52,2023-09-12,3.32,3.32,3.32,3.32,,1,1,1
52,2023-09-13,3.18,3.18,3.18,3.18,,1,1,1
52,2023-09-14,3.57,3.57,3.57,3.57,,1,1,1
52,2023-09-15,6.67,6.67,6.67,6.67,,1,1,1
52,2023-09-16,6.35,7.503333333333333,5.56,10.6,2.710725610114999,3,3,3
52,2023-09-17,5.59,5.59,5.59,5.59,,1,1,1
52,2023-09-18,4.28,4.28,4.28,4.28,,1,1,1
52,2023-09-19,4.23,4.23,4.23,4.23,,1,1,1
52,2023-09-20,4.99,4.99,4.99,4.99,,1,1,1
52,2023-09-21,7.63,8.385,4.88,13.4,3.5942222153524863,4,4,4
52,2023-09-22,14.1,14.1,14.1,14.1,,1,1,1
52,2023-09-23,17.6,17.6,17.6,17.6,,1,1,1
52,2023-09-24,18.2,18.2,18.2,18.2,,1,1,1
52,2023-09-25,19.9,19.9,19.9,19.9,,1,1,1
52,2023-09-26,22.1,22.1,22.1,22.1,,1,1,1
52,2023-09-27,15.7,15.7,15.7,15.7,,1,1,1
52,2023-09-28,2.95,2.95,2.95,2.95,,1,1,1
52,2023-09-29,0.625,0.625,0.625,0.625,,1,1,1
52,2023-09-30,3.48,3.48,3.48,3.48,,1,1,1
52,2023-10-01,3.54,3.54,3.54,3.54,,1,1,1
52,2023-10-02,3.7,3.7,3.7,3.7,,1,1,1
52,2023-10-03,5.91,5.91,5.91,5.91,,1,1,1
52,2023-10-04,10.7,10.7,10.7,10.7,,1,1,1
52,2023-10-05,5.07,5.07,5.07,5.07,,1,1,1
52,2023-10-06,9.75,9.75,9.75,9.75,,1,1,1
52,2023-10-07,5.0,5.0,5.0,5.0,,1,1,1
52,2023-10-08,4.0,4.0,4.0,4.0,,1,1,1
52,2023-10-09,9.29,9.29,9.29,9.29,,1,1,1
52,2023-10-10,12.9,12.9,12.9,12.9,,1,1,1
52,2023-10-11,18.3,18.3,18.3,18.3,,1,1,1
52,2023-10-12,10.6,10.6,10.6,10.6,,1,1,1
52,2023-10-13,15.3,15.3,15.3,15.3,,1,1,1
52,2023-10-14,2.73,2.73,2.73,2.73,,1,1,1
52,2023-10-15,5.76,5.76,5.76,5.76,,1,1,1
52,2023-10-16,10.6,10.6,10.6,10.6,,1,1,1
52,2023-10-17,16.8,16.8,16.8,16.8,,1,1,1
52,2023-10-18,22.4,22.4,22.4,22.4,,1,1,1
52,2023-10-19,23.3,23.3,23.3,23.3,,1,1,1
52,2023-10-20,18.0,18.0,18.0,18.0,,1,1,1
52,2023-10-21,15.4,15.4,15.4,15.4,,1,1,1
52,2023-10-22,21.3,21.3,21.3,21.3,,1,1,1
52,2023-10-23,14.5,14.5,14.5,14.5,,1,1,1
52,2023-10-24,22.7,22.7,22.7,22.7,,1,1,1
52,2023-10-25,20.9,20.9,20.9,20.9,,1,1,1
52,2023-10-26,25.0,25.0,25.0,25.0,,1,1,1
52,2023-10-27,20.8,20.8,20.8,20.8,,1,1,1
52,2023-10-28,7.99,7.99,7.99,7.99,,1,1,1
52,2023-10-29,12.0,12.0,12.0,12.0,,1,1,1
52,2023-10-30,12.7,12.7,12.7,12.7,,1,1,1
52,2023-10-31,6.96,6.96,6.96,6.96,,1,1,1
52,2023-11-01,12.9,12.9,12.9,12.9,,1,1,1
52,2023-11-02,20.9,20.9,20.9,20.9,,1,1,1
52,2023-11-03,24.6,24.6,24.6,24.6,,1,1,1
52,2023-11-04,24.4,24.4,24.4,24.4,,1,1,1
52,2023-11-05,22.7,22.7,22.7,22.7,,1,1,1
52,2023-11-07,22.6,22.6,22.6,22.6,,1,1,1
52,2023-11-08,25.7,25.7,25.7,25.7,,1,1,1
52,2023-11-09,24.0,24.0,24.0,24.0,,1,1,1
52,2023-11-10,23.0,23.0,23.0,23.0,,1,1,1
52,2023-11-11,24.8,24.8,24.8,24.8,,1,1,1
52,2023-11-12,22.6,22.6,22.6,22.6,,1,1,1
52,2023-11-13,13.9,13.9,13.9,13.9,,1,1,1
52,2023-11-14,15.2,15.2,15.2,15.2,,1,1,1
52,2023-11-15,12.4,12.4,12.4,12.4,,1,1,1
52,2023-11-16,15.6,15.6,15.6,15.6,,1,1,1
52,2023-11-17,12.8,12.8,12.8,12.8,,1,1,1
52,2023-11-18,19.9,19.9,19.9,19.9,,1,1,1
52,2023-11-19,23.7,23.7,23.7,23.7,,1,1,1
52,2023-11-20,25.4,25.4,25.4,25.4,,1,1,1
52,2023-11-21,24.0,24.0,24.0,24.0,,1,1,1
52,2023-11-22,26.4,26.4,26.4,26.4,,1,1,1
52,2023-11-23,30.9,30.9,30.9,30.9,,1,1,1
52,2023-11-24,30.6,30.6,30.6,30.6,,1,1,1
52,2023-11-25,31.4,31.4,31.4,31.4,,1,1,1
52,2023-11-26,35.9,35.9,35.9,35.9,,1,1,1
52,2023-11-27,36.6,36.6,36.6,36.6,,1,1,1
52,2023-11-28,35.9,35.9,35.9,35.9,,1,1,1
52,2023-11-29,39.7,39.7,39.7,39.7,,1,1,1
52,2023-11-30,45.5,45.5,45.5,45.5,,1,1,1
52,2023-12-01,44.3,44.3,44.3,44.3,,1,1,1
52,2023-12-02,35.5,35.5,35.5,35.5,,1,1,1
52,2023-12-03,24.1,24.1,24.1,24.1,,1,1,1
52,2023-12-05,30.1,30.1,30.1,30.1,,1,1,1
52,2023-12-06,29.2,29.2,29.2,29.2,,1,1,1
52,2023-12-07,34.1,34.1,34.1,34.1,,1,1,1
52,2023-12-08,33.8,33.8,33.8,33.8,,1,1,1
52,2023-12-09,33.9,33.9,33.9,33.9,,1,1,1
52,2023-12-10,31.0,31.0,31.0,31.0,,1,1,1
52,2023-12-11,36.7,36.7,36.7,36.7,,1,1,1
52,2023-12-12,46.0,46.0,46.0,46.0,,1,1,1
52,2023-12-13,50.2,50.2,50.2,50.2,,1,1,1
52,2023-12-14,51.0,51.0,51.0,51.0,,1,1,1
52,2023-12-15,38.7,38.7,38.7,38.7,,1,1,1
52,2023-12-16,34.0,34.0,34.0,34.0,,1,1,1
52,2023-12-17,37.0,37.0,37.0,37.0,,1,1,1
52,2023-12-18,34.5,34.5,34.5,34.5,,1,1,1
52,2023-12-19,28.4,28.4,28.4,28.4,,1,1,1
52,2023-12-20,25.8,25.8,25.8,25.8,,1,1,1
52,2023-12-21,30.2,30.2,30.2,30.2,,1,1,1
52,2023-12-22,32.8,32.8,32.8,32.8,,1,1,1
52,2023-12-23,36.3,36.3,36.3,36.3,,1,1,1
52,2023-12-24,45.3,45.3,45.3,45.3,,1,1,1
52,2023-12-25,45.8,45.8,45.8,45.8,,1,1,1
52,2023-12-26,48.0,48.0,48.0,48.0,,1,1,1
52,2023-12-27,49.9,49.9,49.9,49.9,,1,1,1
52,2023-12-28,45.4,45.4,45.4,45.4,,1,1,1
52,2023-12-29,39.3,39.3,39.3,39.3,,1,1,1
52,2023-12-30,34.2,34.2,34.2,34.2,,1,1,1
52,2023-12-31,33.5,33.5,33.5,33.5,,1,1,1
52,2024-01-01,35.5,35.5,35.5,35.5,,1,1,1
52,2024-01-02,31.0,31.0,31.0,31.0,,1,1,1
52,2024-01-03,33.1,33.1,33.1,33.1,,1,1,1
52,2024-01-04,33.2,33.2,33.2,33.2,,1,1,1
52,2024-01-05,25.200000000000003,25.7,18.1,35.9,7.938765647126762,6,6,6
52,2024-01-06,26.15,26.733333333333334,18.5,37.7,8.446695606369786,6,6,6
52,2024-01-07,27.7,29.616666666666664,20.6,43.5,9.647469443676238,6,6,6
52,2024-01-08,33.15,34.300000000000004,25.2,46.2,9.565354149219988,6,6,6
52,2024-01-09,36.45,37.4,29.7,47.0,8.112706083669,6,6,6
52,2024-01-10,34.4,37.36,33.0,46.0,5.357518082097342,5,5,5
52,2024-01-11,38.150000000000006,39.233333333333334,30.5,51.6,6.868964016987326,6,6,6
52,2024-01-12,39.599999999999994,39.949999999999996,27.9,51.8,7.599671045512429,6,6,6
52,2024-01-13,40.45,42.78333333333333,30.4,56.1,9.130918172159177,6,6,6
52,2024-01-14,54.6,54.6,54.6,54.6,,1,1,1
52,2024-01-15,33.75,33.3,24.4,41.3,9.212672431674388,4,4,4
52,2024-01-16,37.0,37.0,37.0,37.0,,1,1,1
52,2024-01-17,22.2,26.96,21.0,38.1,7.638258963926269,5,5,5
52,2024-01-18,28.0,30.875,22.4,45.1,10.451275839181871,4,4,4
52,2024-01-19,31.650000000000002,32.1,27.5,38.8,4.924631965944257,6,6,6
52,2024-01-20,27.8,29.96666666666667,25.7,39.1,5.260291500161057,6,6,6
52,2024-01-21,40.2,40.2,40.2,40.2,,1,1,1
52,2024-01-22,34.55,37.983333333333334,28.7,51.0,10.700171338192053,6,6,6
52,2024-01-23,38.05,43.166666666666664,30.0,61.6,14.361986863476329,6,6,6
52,2024-01-24,43.349999999999994,45.81666666666666,33.6,65.0,13.627680164527881,6,6,6
52,2024-01-25,35.25,37.38333333333333,27.9,49.3,10.334489182667262,6,6,6
52,2024-01-26,40.9,38.06,27.3,52.5,10.794813569487896,5,5,5
52,2024-01-27,31.2,34.56,27.5,47.0,8.359605253838247,5,5,5
52,2024-01-28,35.849999999999994,37.666666666666664,26.2,56.1,12.364087781420299,6,6,6
52,2024-01-29,30.35,33.083333333333336,23.2,53.1,11.501550620097564,6,6,6
52,2024-01-30,25.6,28.120000000000005,23.5,35.2,5.459578738327712,5,5,5
52,2024-01-31,23.4,24.46666666666667,18.0,31.6,4.638390525458877,6,6,6
52,2024-02-01,18.0,18.0,18.0,18.0,,1,1,1
52,2024-02-03,19.1,21.666666666666668,17.7,30.6,5.046847200645833,6,6,6
52,2024-02-04,29.9,36.239999999999995,26.1,49.6,11.090446339079417,5,5,5
52,2024-02-05,41.5,49.62,40.1,82.2,18.256971271270597,5,5,5
52,2024-02-06,37.349999999999994,46.449999999999996,36.5,74.6,18.774539497237562,4,4,4
52,2024-02-07,36.9,42.220000000000006,32.5,67.9,14.482990022781902,5,5,5
52,2024-02-09,46.6,53.0,44.6,78.2,14.233060106667155,5,5,5
52,2024-02-10,57.6,63.925,51.5,89.0,17.446561265762377,4,4,4
52,2024-02-12,51.8,51.8,51.8,51.8,,1,1,1
52,2024-02-13,45.2,47.23333333333333,40.5,59.5,7.659416862050704,6,6,6
52,2024-02-14,48.3,48.86,42.6,58.3,6.51713127073561,5,5,5
52,2024-02-15,49.2,54.260000000000005,48.5,69.7,9.001277687084205,5,5,5
52,2024-02-16,52.9,62.220000000000006,50.1,85.4,15.739980940268005,5,5,5
52,2024-02-17,53.8,65.58,51.7,98.0,20.058339911368535,5,5,5
52,2024-02-18,49.4,59.824999999999996,48.4,92.1,21.534371749987663,4,4,4
52,2024-02-19,39.85,49.050000000000004,38.3,80.5,16.859507703370227,6,6,6
52,2024-02-20,41.1,46.5,38.7,68.8,12.65602623258975,5,5,5
52,2024-02-21,39.2,41.2,36.6,49.8,6.024948132556828,4,4,4
52,2024-02-22,47.95,52.13333333333333,41.9,67.2,11.119832133025513,6,6,6
52,2024-02-23,52.150000000000006,60.050000000000004,47.8,95.9,18.592767411012275,6,6,6
52,2024-02-24,48.349999999999994,51.13333333333333,45.0,70.6,9.72371671053135,6,6,6
52,2024-02-25,49.9,57.720000000000006,48.5,79.6,13.355598077210917,5,5,5
52,2024-02-26,65.15,69.14999999999999,54.5,93.0,16.141963944947964,6,6,6
52,2024-02-27,67.0,67.0,67.0,67.0,,1,1,1
52,2024-02-28,58.3,59.65,52.0,69.7,7.952546761887041,6,6,6
52,2024-02-29,58.7,60.98333333333333,56.7,68.4,4.97088188017646,6,6,6
52,2024-03-01,62.8,64.16,53.2,85.4,13.040053680871107,5,5,5
52,2024-03-02,54.8,63.220000000000006,52.7,82.5,13.492479386680566,5,5,5
52,2024-03-03,57.3,59.65,51.5,71.2,8.773083836371342,6,6,6
52,2024-03-04,48.6,48.019999999999996,38.1,55.5,6.2973804077568625,5,5,5
52,2024-03-06,93.8,116.47999999999999,84.5,213.0,54.561772331917524,5,5,5
52,2024-03-07,133.0,156.0,119.0,230.0,47.838269199459965,5,5,5
52,2024-03-08,176.0,176.0,176.0,176.0,,1,1,1
52,2024-03-09,95.2,95.2,95.2,95.2,,1,1,1
52,2024-03-10,151.0,151.0,151.0,151.0,,1,1,1
52,2024-03-11,176.0,176.0,176.0,176.0,,1,1,1
52,2024-03-12,63.2,63.2,63.2,63.2,,1,1,1
52,2024-03-13,55.0,67.2,53.7,96.6,18.987495885450507,5,5,5
52,2024-03-14,57.6,62.9,57.4,73.7,9.353608929178087,3,3,3
52,2024-03-15,88.5,127.63333333333333,88.4,206.0,67.86754256147289,3,3,3
52,2024-03-16,172.0,172.0,172.0,172.0,,1,1,1
52,2024-03-17,106.0,104.44000000000001,76.5,148.0,29.839453748351364,5,5,5
52,2024-03-18,118.0,118.0,118.0,118.0,,1,1,1
52,2024-03-19,75.9,75.9,75.9,75.9,,1,1,1
52,2024-03-20,47.8,49.239999999999995,39.1,63.4,8.801306721163623,5,5,5
52,2024-03-22,47.1,47.1,47.1,47.1,,1,1,1
52,2024-03-23,37.65,45.53333333333333,34.8,73.9,15.77474775286967,6,6,6
52,2024-03-24,40.7,43.480000000000004,39.9,53.3,5.6384395004291745,5,5,5
52,2024-03-25,50.650000000000006,57.833333333333336,45.2,90.9,17.83778760571688,6,6,6
52,2024-03-26,55.0,64.36,53.7,90.4,15.678424665762824,5,5,5
52,2024-03-27,60.349999999999994,64.58333333333333,52.6,91.0,14.971227961215027,6,6,6
52,2024-03-28,42.9,49.22,42.2,69.8,11.787578207587847,5,5,5
52,2024-03-29,50.0,66.78333333333333,46.4,122.0,30.98292540524001,6,6,6
52,2024-03-30,59.7,68.16,58.4,92.7,14.777618211335684,5,5,5
52,2024-03-31,70.35,80.08333333333333,63.3,109.0,21.130396746551323,6,6,6
52,2024-04-01,89.6,94.55,74.9,134.0,23.268326110831435,6,6,6
52,2024-04-02,90.95,97.88333333333333,81.5,133.0,20.605767800949973,6,6,6
52,2024-04-03,82.7,97.72,82.4,138.0,24.19869831209935,5,5,5
52,2024-04-04,95.6,101.91666666666667,85.5,140.0,21.38358404633486,6,6,6
52,2024-04-05,99.55,102.98333333333333,85.2,131.0,19.92590441276548,6,6,6
52,2024-04-06,87.2,104.4,85.4,145.0,26.524328455212583,5,5,5
52,2024-04-07,85.65,90.73333333333333,79.6,119.0,15.273200930606086,6,6,6
52,2024-04-08,79.0,88.52000000000001,78.6,112.0,14.74947456691254,5,5,5
52,2024-04-09,96.3,96.3,96.3,96.3,,1,1,1
52,2024-04-10,56.1,61.58,55.4,73.7,8.421223189062268,5,5,5
52,2024-04-11,39.5,39.88,38.2,43.1,1.8833480825381164,5,5,5
52,2024-04-12,38.5,39.65,36.3,46.3,3.90832444917256,6,6,6
52,2024-04-13,33.2,34.36,32.6,39.0,2.653865105840912,5,5,5
52,2024-04-14,43.8,45.739999999999995,41.3,52.5,5.09146344384402,5,5,5
52,2024-04-15,50.3,48.980000000000004,45.7,50.5,2.081345718519628,5,5,5
52,2024-04-16,37.6,37.980000000000004,36.0,41.2,1.924058211177616,5,5,5
52,2024-04-17,38.900000000000006,41.06666666666667,37.9,51.4,5.233227175144097,6,6,6
52,2024-04-18,52.1,57.0,51.9,67.1,7.089428749906437,5,5,5
52,2024-04-19,67.9,72.14,67.0,79.2,6.407261505510757,5,5,5
52,2024-04-20,56.6,59.6,56.4,64.6,4.252646234992981,5,5,5
52,2024-04-21,49.9,51.7,49.6,54.7,2.650471656139715,5,5,5
52,2024-04-22,55.6,56.56666666666666,52.5,62.8,4.482261334044089,6,6,6
52,2024-04-23,62.5,64.36666666666666,59.5,71.6,5.5051491048532615,6,6,6
52,2024-04-24,63.849999999999994,63.76666666666667,57.5,70.4,4.097153483415858,6,6,6
52,2024-04-25,51.45,53.81666666666666,50.5,60.8,4.246135497916507,6,6,6
52,2024-04-26,52.05,54.73333333333333,50.6,66.3,6.022181221672646,6,6,6
52,2024-04-27,54.3,56.31666666666666,53.3,61.4,3.823828796725431,6,6,6
52,2024-04-28,61.55,63.21666666666667,59.2,71.4,4.339777260029216,6,6,6
52,2024-04-29,68.1,69.3,59.6,82.3,7.32393336944022,6,6,6
52,2024-04-30,63.2,65.28,63.0,72.2,3.9359878048591566,5,5,5
52,2024-05-01,54.8,57.06,54.3,62.7,3.766032394974853,5,5,5
52,2024-05-02,75.85,77.3,67.2,95.3,9.45790674515244,6,6,6
52,2024-05-03,76.2,74.06,55.3,94.4,14.313210681045678,5,5,5
52,2024-05-04,56.25,57.15,49.8,64.1,5.314414360962083,6,6,6
52,2024-05-05,50.9,49.41428571428571,39.2,56.3,6.476734921092203,7,7,7
52,2024-05-06,55.2,59.785714285714285,51.6,73.9,8.101528368447644,7,7,7
52,2024-05-07,56.5,63.714285714285715,54.8,81.2,11.313035043911157,7,7,7
52,2024-05-08,31.2,36.260000000000005,31.0,49.6,8.122684285382514,5,5,5
52,2024-05-09,36.9,35.457142857142856,30.4,41.8,4.941274175371215,7,7,7
52,2024-05-10,29.55,29.766666666666666,27.4,32.8,2.5866323021772284,6,6,6
52,2024-05-11,17.65,18.916666666666668,16.7,23.8,2.7694163043259974,6,6,6
52,2024-05-12,15.4,16.3,14.2,19.3,2.6664583251946774,3,3,3
52,2024-05-13,17.1,18.17142857142857,16.2,22.1,2.377473649145443,7,7,7
52,2024-05-14,13.8,12.097142857142858,6.05,15.6,3.7940598935955765,7,7,7
52,2024-05-15,15.850000000000001,17.025000000000002,14.3,22.6,3.0017851831392406,8,8,8
52,2024-05-16,27.4,26.155555555555555,19.5,33.1,5.424046255128895,9,9,9
52,2024-05-17,27.0,28.066666666666666,21.7,36.3,5.747825675853435,9,9,9
52,2024-05-18,24.3,25.322222222222223,20.5,30.4,3.7995979319454873,9,9,9
52,2024-05-19,21.6,21.77777777777778,18.8,25.1,1.8599581835203842,9,9,9
52,2024-05-20,15.15,15.1875,11.3,18.2,2.0766989602319756,8,8,8
52,2024-05-21,15.299999999999999,14.783333333333333,12.2,16.6,1.9903935959168146,6,6,6
52,2024-05-22,8.555,8.71375,6.5,10.9,1.4827381764829557,8,8,8
52,2024-05-23,10.3,10.466666666666667,8.62,12.3,1.324273385672309,9,9,9
52,2024-05-24,6.68,6.024444444444445,3.45,8.81,1.7081503967091944,9,9,9
52,2024-05-25,4.445,4.9087499999999995,1.29,9.1,2.881822030293632,8,8,8
52,2024-05-26,8.19,8.422,6.94,10.5,1.2898139400704274,5,5,5
52,2024-05-27,7.88,8.044,5.76,10.7,1.7573645040229986,5,5,5
52,2024-05-28,10.55,11.2075,8.56,14.4,1.8094651932862056,8,8,8
52,2024-05-29,9.29,8.77625,5.35,13.1,2.546010534710558,8,8,8
52,2024-05-30,11.6,12.183333333333332,9.78,18.0,2.77138954317144,9,9,9
52,2024-05-31,14.75,15.225,10.7,22.0,3.9733936556622655,8,8,8
52,2024-06-01,12.8,11.99,8.04,15.4,2.448703738715649,9,9,9
52,2024-06-02,5.46,7.364444444444445,3.25,12.5,3.4535275846267357,9,9,9
52,2024-06-03,5.02,5.362222222222222,1.9,9.81,2.863397360556939,9,9,9
52,2024-06-04,9.19,9.1975,7.0,13.8,2.272819205932831,8,8,8
52,2024-06-05,10.45,7.98875,2.46,13.1,4.4616186604671375,8,8,8
52,2024-06-06,7.289999999999999,6.8125,3.11,11.1,2.909529908028835,8,8,8
52,2024-06-07,8.36,8.925,7.18,11.1,1.394437930801204,8,8,8
52,2024-06-08,13.9,13.9575,8.97,20.3,4.8992382789864095,8,8,8
52,2024-06-09,14.25,18.2375,11.6,31.2,7.955400232366871,8,8,8
52,2024-06-10,13.649999999999999,14.475,11.9,19.4,2.508129638937007,8,8,8
52,2024-06-11,9.64,8.2775,3.93,12.0,2.89124664165082,8,8,8
52,2024-06-12,7.65,8.8475,6.27,16.4,3.252022447647002,8,8,8
52,2024-06-13,7.425000000000001,7.9825,5.93,12.5,2.110962881178702,8,8,8
52,2024-06-14,8.280000000000001,8.14,5.25,10.3,1.8060216736557417,8,8,8
52,2024-06-15,8.305,7.93125,5.18,10.6,2.00093147951505,8,8,8
52,2024-06-16,9.415,8.515,4.99,11.8,2.273267000847648,8,8,8
52,2024-06-17,9.495000000000001,9.99,9.37,11.6,1.0758872307697183,4,4,4
52,2024-06-18,8.89,8.327142857142857,5.32,11.0,1.9097793440230582,7,7,7
52,2024-06-19,9.07,9.08375,7.02,11.3,1.5029583921624141,8,8,8
52,2024-06-20,10.04,9.66375,5.96,12.7,2.1946814770518035,8,8,8
52,2024-06-21,9.545,10.17375,8.58,13.3,1.566961914935121,8,8,8
52,2024-06-22,9.75,9.758571428571429,5.4,16.6,3.759022162617244,7,7,7
52,2024-06-23,10.55,9.11375,4.57,12.9,3.038218169068368,8,8,8
52,2024-06-24,6.38,6.847142857142857,3.16,10.5,2.571592984161855,7,7,7
52,2024-06-25,7.805,6.61125,2.6,9.79,2.601298782751196,8,8,8
52,2024-06-26,3.38,4.5649999999999995,0.845,9.13,3.4234035208643854,7,7,7
52,2024-06-27,5.54,6.238571428571428,2.21,10.9,3.1756649097547456,7,7,7
52,2024-06-28,4.27,4.4799999999999995,2.33,7.05,2.0244834732181274,4,4,4
52,2024-06-29,7.535,6.72,1.62,10.9,3.2964656397853918,8,8,8
52,2024-06-30,3.92,5.6085714285714285,1.76,11.0,3.730024256272465,7,7,7
52,2024-07-01,4.535,4.4675,3.19,5.61,1.0012783495778452,4,4,4
52,2024-07-02,9.02,9.182857142857143,6.59,10.9,1.501107527635449,7,7,7
52,2024-07-03,11.350000000000001,11.67,8.78,15.2,2.6722524830811425,4,4,4
52,2024-07-04,8.42,8.0325,5.96,9.33,1.6045845775984091,4,4,4
52,2024-07-05,8.375,8.2,5.75,10.3,1.8783148475872375,4,4,4
52,2024-07-06,6.415,7.0675,5.04,10.4,2.328538525914198,4,4,4
52,2024-07-07,13.25,13.01,9.94,15.6,2.370175802199772,4,4,4
52,2024-07-08,13.45,13.711666666666668,9.67,18.6,3.4102810245882482,6,6,6
52,2024-07-09,9.21,8.162857142857144,4.38,11.2,2.6343545337565724,7,7,7
52,2024-07-10,7.73,8.247499999999999,6.43,11.1,2.006778097681289,4,4,4
52,2024-07-11,4.57,4.58,2.44,6.74,2.034748141662747,4,4,4
52,2024-07-12,6.12,5.871250000000001,1.5,11.3,3.8050584283105486,8,8,8
52,2024-07-13,7.365,6.4,2.03,10.7,3.2572380938457655,8,8,8
52,2024-07-14,7.24,6.79875,3.26,10.2,2.470595286854682,8,8,8
52,2024-07-15,7.775,7.7683333333333335,6.01,9.96,1.3579604805246241,6,6,6
52,2024-07-16,5.93,6.151999999999999,3.74,8.84,1.8804972746590194,5,5,5
52,2024-07-17,7.9,7.16375,3.45,10.4,2.5089151753582377,8,8,8
52,2024-07-18,6.595,6.555,3.47,10.6,2.384419665842643,8,8,8
52,2024-07-19,3.915,4.286666666666666,1.49,7.04,2.4562546013527724,6,6,6
52,2024-07-20,7.375,5.8462499999999995,1.63,9.3,2.8356855432152557,8,8,8
52,2024-07-21,7.574999999999999,6.859999999999999,3.58,9.42,1.8521184781603084,8,8,8
52,2024-07-22,9.105,8.7875,5.33,11.7,2.0712435877993682,8,8,8
52,2024-07-23,9.129999999999999,9.35,8.0,11.3,1.1155139750677392,8,8,8
52,2024-07-24,9.76,8.863333333333333,3.63,12.2,2.9111280745901005,6,6,6
52,2024-07-25,7.12,6.6866666666666665,2.79,9.03,2.065378092908576,6,6,6
52,2024-07-26,6.84,6.84,3.38,10.3,4.893178925810909,2,2,2
52,2024-07-27,8.524999999999999,8.741666666666667,4.57,12.3,2.534240846223316,6,6,6
52,2024-07-28,9.135,9.135,4.47,13.8,6.597306268470489,2,2,2
52,2024-07-29,10.485,10.485,6.57,14.4,5.536646096690666,2,2,2
52,2024-07-30,7.985,9.763333333333334,7.17,17.8,4.044975484062501,6,6,6
52,2024-07-31,7.630000000000001,9.173333333333334,7.23,15.8,3.332294504791956,6,6,6
52,2024-08-01,5.8100000000000005,5.8100000000000005,3.88,7.74,2.729432175380074,2,2,2
52,2024-08-02,6.8549999999999995,6.8549999999999995,5.09,8.62,2.496086937588512,2,2,2
52,2024-08-03,8.925,9.075000000000001,6.8,10.8,1.4075475125195602,6,6,6
52,2024-08-04,8.309999999999999,8.046666666666667,5.18,10.1,1.6076649733904969,6,6,6
52,2024-08-05,6.42,6.42,3.66,9.18,3.903229432149742,2,2,2
52,2024-08-06,7.17,7.2780000000000005,5.36,8.66,1.2871363564129483,5,5,5
52,2024-08-07,6.99,6.62,3.83,8.22,1.48462789950883,6,6,6
52,2024-08-08,8.015,7.82,6.17,9.37,1.0751372005469813,6,6,6
52,2024-08-09,8.775,8.23,5.29,10.6,1.6626484896092735,8,8,8
52,2024-08-10,9.25,8.80125,6.98,10.9,1.4490335449138898,8,8,8
52,2024-08-11,9.155000000000001,9.875,8.64,13.8,1.7161751492365644,8,8,8
52,2024-08-12,9.760000000000002,11.37375,8.87,20.2,3.8820831576432187,8,8,8
52,2024-08-13,7.97,9.025,6.56,13.6,3.2050533016888605,4,4,4
52,2024-08-14,7.535,8.32,6.98,11.9,1.6535416535424798,8,8,8
52,2024-08-15,8.95,10.004285714285714,7.74,13.8,2.1191181903711516,7,7,7
52,2024-08-16,8.525,8.03875,5.27,10.7,2.1152131773687226,8,8,8
52,2024-08-17,5.390000000000001,6.4825,4.15,11.0,3.0682609080715415,4,4,4
52,2024-08-18,4.8149999999999995,4.7125,3.23,5.99,1.214259033320321,4,4,4
52,2024-08-19,5.195,4.885,3.44,5.71,1.063531851897253,4,4,4
52,2024-08-20,7.505,7.20375,3.59,10.9,2.167137265742858,8,8,8
52,2024-08-21,6.605,7.2475,5.58,10.2,2.162920479351934,4,4,4
52,2024-08-22,6.665,6.33875,3.92,8.77,1.6284825320349179,8,8,8
52,2024-08-23,7.215,6.1325,2.73,8.91,2.400159220908956,8,8,8
52,2024-08-24,5.67,6.0425,5.05,7.78,1.2342710399259964,4,4,4
52,2024-08-25,6.99,5.6625,2.24,8.66,2.5112816875622923,8,8,8
52,2024-08-26,7.84,8.157142857142857,4.31,13.8,3.0355763554099267,7,7,7
52,2024-08-27,5.1899999999999995,5.03,2.62,7.12,2.3447245751544754,4,4,4
52,2024-08-29,2.515,2.8325,2.13,4.17,0.9139793943702086,4,4,4
52,2024-08-30,8.4,6.938571428571429,3.14,9.58,2.7828847656788844,7,7,7
52,2024-08-31,6.8149999999999995,6.20875,2.33,9.63,2.908693557988829,8,8,8
52,2024-09-01,7.855,7.57875,4.45,10.6,2.0030793258666235,8,8,8
52,2024-09-02,11.165,11.59375,7.93,17.3,3.6890182104650635,8,8,8
52,2024-09-03,18.4,21.266666666666666,18.0,27.4,5.315386470740705,3,3,3
52,2024-09-04,8.79,10.187142857142858,7.08,15.1,3.3420338831601444,7,7,7
52,2024-09-05,5.545,5.5975,4.94,6.36,0.5891448605111197,4,4,4
52,2024-09-07,7.33,7.25,6.24,8.1,0.8110076037456942,4,4,4
52,2024-09-08,2.855,3.9,2.31,7.58,2.481867576376038,4,4,4
52,2024-09-09,3.6399999999999997,5.12,3.2,10.0,3.270392433128885,4,4,4
52,2024-09-10,4.115,5.5175,3.14,10.7,3.4863005703276166,4,4,4
52,2024-09-11,3.505,3.945,2.01,6.76,2.0925343485830763,4,4,4
52,2024-09-12,5.275,5.15,3.8,6.25,1.1284502647436438,4,4,4
52,2024-09-14,14.6,12.752857142857142,8.56,15.9,3.389546254223979,7,7,7
52,2024-09-15,14.05,13.775,12.4,14.6,0.9535023160258531,4,4,4
52,2024-09-16,15.2,15.175,13.0,17.3,1.7727097901235838,4,4,4
52,2024-09-17,10.2,11.105,9.67,15.0,1.8710730305667616,8,8,8
52,2024-09-18,6.545,6.952500000000001,4.99,9.73,2.099720219457821,4,4,4
52,2024-09-19,9.625,9.315,7.31,10.7,1.6362253308555432,4,4,4
52,2024-09-20,11.5,11.2625,9.55,12.5,1.2459099753459983,4,4,4
52,2024-09-21,14.05,13.9,12.7,14.8,0.8831760866327851,4,4,4
52,2024-09-22,3.87,3.7675,3.41,3.92,0.2429506122651266,4,4,4
52,2024-09-23,2.71,2.9175,1.58,4.67,1.5129524116772475,4,4,4
52,2024-09-24,3.9450000000000003,4.0175,2.89,5.29,1.2965948994706609,4,4,4
52,2024-09-25,4.38,4.6,3.09,6.55,1.5418171097766427,4,4,4
52,2024-09-26,10.535,10.535,9.07,12.0,2.071822868876584,2,2,2
52,2024-09-27,8.975000000000001,8.975000000000001,8.38,9.57,0.8414570696119918,2,2,2
52,2024-09-28,11.75,11.75,11.6,11.9,0.21213203435596475,2,2,2
52,2024-09-29,12.95,12.95,12.4,13.5,0.7778174593052014,2,2,2
52,2024-09-30,10.03,10.03,9.36,10.7,0.9475230867899735,2,2,2
52,2024-10-01,5.925,6.035,4.7,7.59,1.1933845426628698,4,4,4
52,2024-10-02,4.805,5.3,3.96,7.63,1.6390037624524643,4,4,4
52,2024-10-03,4.109999999999999,4.3100000000000005,2.83,6.19,1.3918812209859481,4,4,4
52,2024-10-04,12.0,12.125,11.0,13.5,1.0436314802968845,4,4,4
52,2024-10-05,13.7,13.2,12.0,14.4,1.0464224768228179,5,5,5
52,2024-10-06,14.75,15.0125,10.7,21.1,3.9933650328656767,8,8,8
52,2024-10-07,34.2,34.525000000000006,31.7,38.0,3.069609095634167,4,4,4
52,2024-10-08,37.150000000000006,36.775000000000006,33.6,39.2,2.355666926088379,4,4,4
52,2024-10-09,32.7,33.125,30.5,36.6,2.5708299567778994,4,4,4
52,2024-10-10,37.25,37.425,34.3,40.9,2.7047797199279144,4,4,4
52,2024-10-11,39.3,40.275,38.0,44.5,2.8871843261789385,4,4,4
52,2024-10-12,42.05,42.05,38.7,45.4,2.7598309126949516,4,4,4
52,2024-10-13,38.8,39.0,34.7,43.7,3.8314488121336034,4,4,4
52,2024-10-14,31.25,32.05,28.6,37.1,3.6574125644595634,4,4,4
52,2024-10-15,27.4,28.375,23.5,35.2,5.146762736581771,4,4,4
52,2024-10-16,29.7,29.825,26.4,33.5,2.9747548918636424,4,4,4
52,2024-10-17,24.3,20.914285714285715,11.2,32.0,8.618087291935987,7,7,7
52,2024-10-18,21.05,21.875,19.9,25.5,2.477061431077828,4,4,4
52,2024-10-19,15.649999999999999,15.424999999999999,12.5,17.9,2.30271578793389,4,4,4
52,2024-10-20,10.274999999999999,10.305,7.87,12.8,2.1226791247540615,4,4,4
52,2024-10-21,5.585,6.11,4.79,8.48,1.7311845655504212,4,4,4
52,2024-10-22,10.57,10.7975,8.85,13.2,2.1415006420732166,4,4,4
52,2024-10-23,9.620000000000001,9.485,7.8,10.9,1.3000128204496038,4,4,4
52,2024-10-24,22.05,22.025,19.0,25.0,2.7207535720825575,4,4,4
52,2024-10-25,25.950000000000003,25.55,22.5,27.8,2.6789301347117407,4,4,4
52,2024-10-26,21.35,20.85,18.3,22.4,1.7823205847059798,4,4,4
52,2024-10-27,21.55,21.475,19.0,23.8,2.211146007541489,4,4,4
52,2024-10-28,23.6,24.3,22.4,27.6,2.3079572497485024,4,4,4
52,2024-10-29,23.7,23.05,19.8,25.0,2.257579825092938,4,4,4
52,2024-10-30,23.05,22.575,19.5,24.7,2.531633201446582,4,4,4
52,2024-10-31,28.75,29.15,24.0,35.1,4.607602413403309,4,4,4
52,2024-11-01,24.4,21.928571428571427,14.5,30.7,6.2797861656042295,7,7,7
52,2024-11-02,25.4,26.325,24.9,29.6,2.1975364995072715,4,4,4
52,2024-11-03,31.6,25.8,14.3,37.5,9.950711867332238,7,7,7
52,2024-11-04,37.75,39.1,34.1,46.8,5.643285095285074,4,4,4
52,2024-11-05,27.4,27.6,24.5,31.1,2.8023799409311607,4,4,4
52,2024-11-06,21.6,21.825,18.8,25.3,2.813509078239012,4,4,4
52,2024-11-07,32.4,32.375,30.0,34.7,2.0548722588034525,4,4,4
52,2024-11-08,12.65,13.625,10.9,18.3,3.2366392034536897,4,4,4
52,2024-11-09,26.75,26.75,24.3,29.2,2.6083200212652846,4,4,4
52,2024-11-10,33.75,34.55,32.7,38.0,2.3699507730471256,4,4,4
52,2024-11-11,32.95,34.275,32.7,38.5,2.8217902119044913,4,4,4
52,2024-11-12,31.0,31.85,29.0,36.4,3.242941051987633,4,4,4
52,2024-11-13,31.75,31.85,29.4,34.5,2.117388328420967,4,4,4
52,2024-11-14,30.15,30.125,27.7,32.5,2.010596926288311,4,4,4
52,2024-11-15,25.25,24.925,20.9,28.3,3.296841923214802,4,4,4
52,2024-11-16,19.3,18.857142857142858,14.7,24.3,3.2816952645734516,7,7,7
52,2024-11-17,23.9,24.599999999999998,23.2,27.4,1.9390719429665302,4,4,4
52,2024-11-18,29.95,30.825,28.7,34.7,2.760887538455704,4,4,4
52,2024-11-19,25.95,26.6,25.1,29.4,1.9612920911140863,4,4,4
52,2024-11-20,27.45,28.599999999999998,27.2,32.3,2.4779023386727737,4,4,4
52,2024-11-21,27.5,28.9,26.9,33.7,3.238312317653546,4,4,4
52,2024-11-22,28.200000000000003,29.400000000000002,27.5,33.7,2.904020201949934,4,4,4
52,2024-11-23,30.35,31.325000000000003,29.9,34.7,2.269177530883532,4,4,4
52,2024-11-24,26.450000000000003,27.225,25.7,30.3,2.146896985573986,4,4,4
52,2024-11-25,28.2,29.900000000000002,27.0,34.5,4.028647415696738,3,3,3
52,2024-11-26,32.2,29.8,24.6,32.6,4.5077710678338585,3,3,3
52,2024-11-27,22.4,22.175,20.7,23.2,1.056330125166055,4,4,4
52,2024-11-28,18.25,17.975,13.7,21.7,3.436446808356949,4,4,4
52,2024-11-29,28.299999999999997,29.25,27.8,32.6,2.2472205054244228,4,4,4
52,2024-11-30,33.099999999999994,33.75,31.3,37.5,2.7196813538844347,4,4,4
52,2024-12-01,34.65,35.35,33.0,39.1,2.6714540360385506,4,4,4
52,2024-12-02,30.9,32.46666666666666,30.7,35.8,2.888482877451987,3,3,3
52,2024-12-03,32.2,33.166666666666664,29.3,38.0,4.429823171790644,3,3,3
52,2024-12-04,33.75,33.775,30.7,36.9,2.62472220752343,4,4,4
52,2024-12-05,39.3,40.225,38.4,43.9,2.498499549729796,4,4,4
52,2024-12-06,38.7,38.575,34.6,42.3,3.1637267054324836,4,4,4
52,2024-12-07,42.8,42.8,39.7,45.9,2.8118795611950826,4,4,4
52,2024-12-08,37.8,38.225,36.2,41.1,2.0661961830055424,4,4,4
52,2024-12-09,37.05,36.375,32.1,39.3,3.0869348335633275,4,4,4
52,2024-12-10,36.4,37.15,35.4,40.4,2.362907813126304,4,4,4
52,2024-12-11,40.5,40.625,38.5,43.0,2.40883789408918,4,4,4
52,2024-12-12,38.75,38.75,35.7,41.8,2.7934447074057713,4,4,4
52,2024-12-13,38.1,38.86666666666667,35.4,43.1,3.906831623366093,3,3,3
52,2024-12-14,27.05,27.275,25.9,29.1,1.5413738460650404,4,4,4
52,2024-12-15,19.75,18.099999999999998,10.6,24.1,5.040634880647477,6,6,6
52,2024-12-16,8.305,8.305,7.57,9.04,1.039446968344224,2,2,2
52,2024-12-17,16.8,18.833333333333332,16.6,23.1,3.696394639825857,3,3,3
52,2024-12-18,25.25,25.425,23.8,27.4,1.5755951256588727,4,4,4
52,2024-12-19,35.0,34.699999999999996,32.8,36.3,1.7691806012954143,3,3,3
52,2024-12-20,42.1,44.46666666666667,41.0,50.3,5.0816663933530055,3,3,3
52,2024-12-21,43.3,44.1,42.6,47.2,2.1322914122292675,4,4,4
52,2024-12-22,44.400000000000006,44.625,42.6,47.1,1.9414341777836985,4,4,4
52,2024-12-23,43.15,43.175,41.0,45.4,2.5118054595582575,4,4,4
52,2024-12-24,44.4,43.86666666666667,39.7,47.5,3.9272551907577027,3,3,3
52,2024-12-25,45.8,45.15,40.9,48.1,3.1638584039112767,4,4,4
52,2024-12-26,47.1,47.5,43.2,52.6,4.054626986542659,4,4,4
52,2024-12-27,39.5,39.8,37.1,43.1,2.660826939130014,4,4,4
52,2024-12-28,37.3,37.45,34.5,40.7,2.5423086620891158,4,4,4
52,2024-12-29,36.75,36.425,31.2,41.0,4.0532908440755495,4,4,4
52,2024-12-30,36.95,36.475,32.8,39.2,3.1951786595848897,4,4,4
52,2024-12-31,39.75,39.55,37.8,40.9,1.4617341299520492,4,4,4
52,2025-01-01,42.15,41.65,38.8,43.5,2.1205345238091904,4,4,4
52,2025-01-02,36.0,36.375,34.9,38.6,1.5798206649279356,4,4,4
52,2025-01-03,37.25,36.575,33.3,38.5,2.481095188285474,4,4,4
52,2025-01-04,37.05,36.925,34.8,38.8,1.7231270024773773,4,4,4
52,2025-01-05,43.7,44.150000000000006,40.6,48.6,4.1154181642533825,4,4,4
52,2025-01-06,50.7,50.45,47.0,53.4,3.0116440692751216,4,4,4
52,2025-01-08,53.5,52.36,42.6,59.6,6.564525877776703,5,5,5
52,2025-01-09,57.15,58.099999999999994,56.3,61.8,2.501999200639359,4,4,4
52,2025-01-10,48.05,49.075,46.6,53.6,3.2571715746436634,4,4,4
52,2025-01-11,40.45,38.583333333333336,28.8,42.9,5.174327653586181,6,6,6
52,2025-01-19,33.2,34.800000000000004,32.8,38.4,3.124099870362662,3,3,3
52,2025-01-20,41.1,41.1,41.1,41.1,,1,1,1
52,2025-01-23,48.3,48.3,45.0,51.6,4.666904755831217,2,2,2
52,2025-01-24,44.7,44.34,35.1,52.2,6.081364978358066,5,5,5
52,2025-01-25,42.6,41.42,26.4,52.8,9.48113917206155,5,5,5
52,2025-01-26,33.6,33.8,23.8,44.3,7.255687424358906,5,5,5
52,2025-01-27,49.1,49.1,49.1,49.1,,1,1,1
52,2025-01-31,37.0,37.86,33.4,44.9,4.233556424567883,5,5,5
52,2025-02-01,35.5,35.260000000000005,24.4,45.2,7.36905692745008,5,5,5
52,2025-02-02,30.4,29.78,18.1,39.5,7.62869582563101,5,5,5
52,2025-02-03,33.9,32.2,17.5,41.9,8.923564310296644,5,5,5
52,2025-02-04,45.0,43.6,30.3,52.6,8.125576902595899,5,5,5
52,2025-02-05,41.0,39.775,35.5,41.6,2.86400069832394,4,4,4
52,2025-02-06,38.45,37.675,35.1,38.7,1.725060385416505,4,4,4
52,2025-02-07,41.4,39.4,33.3,41.5,4.0677594160258135,4,4,4
52,2025-02-08,42.7,42.480000000000004,37.3,47.2,3.5074207047344648,5,5,5
52,2025-02-09,35.7,33.85,28.0,36.0,3.902563260217573,4,4,4
52,2025-02-10,30.7,30.080000000000002,23.2,35.1,4.2926681679347185,5,5,5
52,2025-02-11,36.599999999999994,34.875,29.4,36.9,3.6563871056914454,4,4,4
52,2025-02-12,42.8,45.971428571428575,32.6,63.4,9.711456170543167,7,7,7
52,2025-02-13,48.1,52.349999999999994,28.7,71.2,13.845886444304364,8,8,8
52,2025-02-14,56.3,56.17777777777778,35.9,66.8,9.454731325873013,9,9,9
52,2025-02-15,60.0,57.766666666666666,35.4,79.4,14.427837675826547,9,9,9
52,2025-02-16,60.150000000000006,83.6875,42.7,151.0,42.26682040493296,8,8,8
52,2025-02-17,71.80000000000001,87.45,48.4,136.0,32.333087873393275,8,8,8
52,2025-02-18,76.4,89.30000000000001,66.9,133.0,28.96234624473646,9,9,9
52,2025-02-19,57.1,58.91111111111112,47.7,73.2,10.014295337721524,9,9,9
52,2025-02-20,47.1,49.72222222222222,36.8,68.5,12.710210243911957,9,9,9
52,2025-02-21,40.8,46.13333333333333,36.8,62.2,9.927613006156115,9,9,9
52,2025-02-22,32.5,37.02222222222222,27.9,50.6,9.433289163618621,9,9,9
52,2025-02-23,34.05,37.2375,28.7,50.4,9.375033333274075,8,8,8
52,2025-02-24,23.05,23.3,19.9,25.9,1.8875532159007182,8,8,8
52,2025-02-25,17.700000000000003,17.75,11.9,22.1,3.0284366546831656,8,8,8
52,2025-02-26,12.1,13.271428571428572,8.7,25.3,5.46281804130258,7,7,7
52,2025-02-27,12.3,17.14,12.1,27.7,7.12200814377518,5,5,5
52,2025-02-28,24.2,26.683333333333334,16.2,44.8,12.161318459224177,6,6,6
52,2025-03-01,30.5,27.75,17.4,32.6,7.02827622299143,4,4,4
52,2025-03-02,45.9,52.01666666666667,27.7,85.7,26.64660703854558,6,6,6
52,2025-03-03,35.7,84.4625,24.0,200.0,74.74646551605538,8,8,8
52,2025-03-04,50.0,102.2,44.5,191.0,68.47289001252004,7,7,7
52,2025-03-05,62.599999999999994,83.875,53.8,134.0,33.88180084605051,8,8,8
52,2025-03-06,68.85,90.4,54.0,141.0,35.43440620155985,8,8,8
52,2025-03-07,70.05,102.3375,60.8,167.0,52.120956506407836,8,8,8
52,2025-03-08,42.349999999999994,43.099999999999994,39.8,50.3,3.8460369212996386,6,6,6
52,2025-03-09,42.1,39.800000000000004,35.0,42.3,4.158124577258361,3,3,3
52,2025-03-10,44.45,42.0,28.1,51.0,10.236210236215356,4,4,4
52,2025-03-11,34.05,45.65,27.9,78.3,19.820407953131827,8,8,8
52,2025-03-12,37.9,46.775,27.3,71.9,16.54247778987693,8,8,8
52,2025-03-13,41.25,47.275,27.6,67.4,13.597977790833463,8,8,8
52,2025-03-14,30.45,36.725,28.7,51.1,10.193520350833523,8,8,8
52,2025-03-15,39.7,55.1875,37.6,93.4,23.751357104083844,8,8,8
52,2025-03-16,104.0,108.33333333333333,104.0,117.0,7.505553499465134,3,3,3
52,2025-03-17,67.0,85.275,60.7,132.0,31.1115389709808,8,8,8
52,2025-03-18,46.2,46.675,43.4,52.8,3.2853571234450945,8,8,8
52,2025-03-19,46.2,46.375,37.5,51.9,4.258688597611777,8,8,8
52,2025-03-20,33.6,36.300000000000004,32.1,43.6,5.072803301265814,7,7,7
52,2025-03-21,55.6,67.62857142857142,44.0,106.0,25.91156204513822,7,7,7
52,2025-03-22,83.85,95.2875,63.2,132.0,25.24918315510425,8,8,8
52,2025-03-23,83.25,94.825,62.6,145.0,26.82114038270132,8,8,8
52,2025-03-24,95.55000000000001,97.95,75.6,122.0,14.126166197117017,8,8,8
52,2025-03-25,88.35,99.5375,83.5,139.0,21.155609691724116,8,8,8
52,2025-03-26,94.6,111.5,79.1,167.0,37.24148991955842,8,8,8
52,2025-03-27,84.0,100.88571428571429,82.5,131.0,22.565196547739067,7,7,7
52,2025-03-28,129.3,133.04999999999998,81.8,195.0,51.92917291850507,6,6,6
52,2025-03-29,105.0,110.55714285714285,78.9,154.0,32.68949153998662,7,7,7
52,2025-03-30,103.0,95.68571428571428,74.4,119.0,19.961498655447404,7,7,7
52,2025-03-31,65.75,69.4375,64.0,79.7,6.2048224332829545,8,8,8
52,2025-04-01,56.55,57.125,49.0,70.3,7.973124499574445,8,8,8
52,2025-04-02,49.95,50.862500000000004,43.7,65.4,7.515115720048117,8,8,8
52,2025-04-03,50.05,50.8125,45.6,60.8,4.831278298752824,8,8,8
52,2025-04-04,49.9,51.14,42.7,60.4,6.5125263915012255,5,5,5
52,2025-04-05,42.1,40.86,32.7,45.1,5.079665343307568,5,5,5
52,2025-04-06,31.2,30.560000000000002,24.7,34.7,3.7367097826831572,5,5,5
52,2025-04-07,26.4,26.3625,20.2,30.7,3.2253183674528274,8,8,8
52,2025-04-08,24.05,26.0125,18.1,33.3,5.404875444580434,8,8,8
52,2025-04-09,24.75,26.55,20.0,39.0,6.454688218651618,6,6,6
52,2025-04-10,35.15,39.6375,28.1,53.5,9.343437345461865,8,8,8
52,2025-04-11,35.9,36.4625,30.1,42.6,3.6753765599109505,8,8,8
52,2025-04-12,16.4,17.14,15.0,22.3,2.9720363389433846,5,5,5
52,2025-04-13,12.0,11.228,6.94,13.6,2.576027950158926,5,5,5
52,2025-04-14,9.4,9.22875,6.95,12.0,2.1558653383601807,8,8,8
52,2025-04-15,10.115,11.2375,7.66,16.0,2.804265883053378,8,8,8
52,2025-04-16,11.6,11.21875,9.87,12.7,0.9945916247385151,8,8,8
52,2025-04-17,11.2,10.89375,8.48,12.7,1.444545776360168,8,8,8
52,2025-04-18,10.025,9.45625,6.95,11.7,1.9162234994905998,8,8,8
52,2025-04-19,12.05,11.36,8.78,12.9,1.3877834330841599,8,8,8
52,2025-04-20,13.100000000000001,13.975,10.3,17.7,2.5183611450987047,8,8,8
52,2025-04-21,18.6,20.1,15.2,26.8,3.8910152916687455,8,8,8
52,2025-04-22,21.5,23.75,20.0,31.3,4.428479261713729,8,8,8
52,2025-04-23,28.0,29.8625,24.0,37.4,5.886288546881035,8,8,8
52,2025-04-24,51.3,50.79999999999999,45.8,55.3,4.769696007084728,3,3,3
52,2025-04-25,51.9,50.36666666666667,44.6,54.6,5.173329037798903,3,3,3
52,2025-04-26,48.1,47.73333333333333,44.9,50.2,2.6689573494781356,3,3,3
52,2025-04-27,44.7,43.4,40.0,45.5,2.971531591620725,3,3,3
52,2025-04-28,20.6,21.033333333333335,19.5,23.0,1.7897858344878401,3,3,3
52,2025-04-29,25.4,24.399999999999995,20.4,27.4,3.605551275463989,3,3,3
52,2025-04-30,25.3,24.0,20.5,26.2,3.064310689208912,3,3,3
52,2025-05-01,17.9,18.033333333333335,16.1,20.1,2.003330560175563,3,3,3
52,2025-05-02,21.6,21.366666666666664,18.4,24.1,2.8571547618799618,3,3,3
52,2025-05-03,10.9,11.433333333333332,10.8,12.6,1.0115993936995669,3,3,3
52,2025-05-04,15.1,15.633333333333333,14.3,17.5,1.6653327995729068,3,3,3
52,2025-05-05,17.6,16.666666666666668,13.3,19.1,3.010537050649491,3,3,3
52,2025-05-06,21.2,20.566666666666666,17.3,23.2,3.0005555041247494,3,3,3
52,2025-05-07,25.2,24.766666666666666,21.7,27.4,2.874601421646717,3,3,3
52,2025-05-08,20.9,23.614285714285717,15.0,30.7,5.8419256446907335,7,7,7
52,2025-05-09,18.2,24.24285714285714,15.3,34.8,8.838336408860577,7,7,7
52,2025-05-10,27.9,25.3,15.0,33.2,8.30812854979989,5,5,5
52,2025-05-11,32.9,32.06666666666667,29.6,33.7,2.173323108360402,3,3,3
52,2025-05-12,15.25,15.683333333333332,11.2,21.5,3.3247055007423842,6,6,6
52,2025-05-13,12.4,12.76,8.74,17.5,3.6151164112192387,4,4,4
52,2025-05-14,13.7,12.935,9.34,15.0,2.47915980391207,4,4,4
52,2025-05-15,7.16,7.5725,6.43,9.54,1.3576296745922034,4,4,4
52,2025-05-16,6.375,6.6675,5.0,8.92,1.6596661310837997,4,4,4
52,2025-05-17,9.98,8.877142857142857,5.83,10.4,1.8913021465444932,7,7,7
52,2025-05-18,7.85,7.3525,4.67,9.87,2.326970746946093,8,8,8
52,2025-05-19,6.52,6.8575,5.48,8.91,1.5709736895738682,4,4,4
52,2025-05-20,5.78,6.693333333333334,5.17,9.13,2.1321428970248064,3,3,3
52,2025-05-21,9.98,9.791666666666666,8.22,10.5,0.8280680326317796,6,6,6
52,2025-05-22,6.96,7.836666666666667,6.15,10.4,2.2565534191180436,3,3,3
52,2025-05-23,6.285,7.115,4.79,11.1,2.779310466044891,4,4,4
52,2025-05-24,7.51,7.9319999999999995,6.7,9.45,1.0929638603357381,5,5,5
52,2025-05-25,3.665,5.17,3.62,9.73,3.0402083261952075,4,4,4
52,2025-05-26,3.55,5.11,2.89,8.89,3.2901671690052474,3,3,3
52,2025-05-27,4.91,6.206666666666667,4.69,9.02,2.4389000252846222,3,3,3
52,2025-05-28,4.145,5.015,3.1,8.67,2.6256745165131696,4,4,4
52,2025-05-29,6.789999999999999,6.4816666666666665,3.61,8.45,2.098479608351404,6,6,6
52,2025-05-30,4.81,4.923333333333333,4.6,5.36,0.3924708057083145,3,3,3
52,2025-05-31,4.17,4.510000000000001,3.87,5.49,0.86185845705661,3,3,3
52,2025-06-01,4.72,4.8,2.54,9.43,2.8074632677917615,5,5,5
52,2025-06-02,7.255,7.255,5.51,9.0,2.467802666341051,2,2,2
52,2025-06-03,17.6,15.315999999999999,9.98,19.2,4.171364285218926,5,5,5
52,2025-06-04,24.0,22.233333333333334,17.1,25.6,4.517004907384242,3,3,3
52,2025-06-05,18.8,18.366666666666667,17.1,19.2,1.1150485789118478,3,3,3
52,2025-06-06,17.0,16.725,13.4,19.5,2.511805459558256,4,4,4
52,2025-06-07,12.8,13.125,12.1,14.8,1.1644025649805714,4,4,4
52,2025-06-08,13.9,14.0,13.8,14.4,0.2708012801545317,4,4,4
52,2025-06-09,14.4,15.5,13.9,18.2,2.3515952032609686,3,3,3
52,2025-06-10,11.8,11.523333333333333,8.97,13.8,2.4268566775426463,3,3,3
52,2025-06-11,3.265,5.2075000000000005,2.9,11.4,4.138932028112244,4,4,4
52,2025-06-12,6.640000000000001,6.9725,5.76,8.85,1.342693189079322,4,4,4
52,2025-06-13,8.46,9.33,5.7,14.7,4.094663193312322,4,4,4
52,2025-06-14,3.435,5.05,3.23,10.1,3.371438861969767,4,4,4
52,2025-06-15,2.565,4.21,2.3,9.41,3.469034447796678,4,4,4
52,2025-06-16,5.26,6.016666666666666,4.27,8.52,2.2237430906769187,3,3,3
52,2025-06-17,7.67,7.883333333333333,7.0,8.98,1.0070915218257643,3,3,3
52,2025-06-18,4.46,5.933333333333334,3.61,9.73,3.3153632279636174,3,3,3
52,2025-06-19,7.13,7.6066666666666665,6.06,9.63,1.8321117142066794,3,3,3
52,2025-06-20,6.4,7.305,5.82,10.6,2.216160343176158,4,4,4
52,2025-06-21,11.0,10.79,9.86,11.3,0.6565566743752336,4,4,4
52,2025-06-22,10.645,10.645,9.19,12.1,2.0576807332528535,2,2,2
52,2025-06-23,8.485,8.485,6.27,10.7,3.1324830406564055,2,2,2
52,2025-06-24,6.87,7.65,6.26,10.6,1.9896063262196704,4,4,4
52,2025-06-25,8.0,8.706666666666667,7.32,10.8,1.844487281965732,3,3,3
52,2025-06-26,7.949999999999999,8.692499999999999,6.67,12.2,2.5038553605723037,4,4,4
52,2025-06-27,4.66,6.29,3.41,10.8,3.955464574484267,3,3,3
52,2025-06-28,6.125,6.255,2.87,9.9,3.027237464532088,4,4,4
52,2025-06-29,7.875,8.1975,6.54,10.5,1.7018886567575449,4,4,4
52,2025-06-30,11.3,11.600000000000001,11.0,12.8,0.8124038404635964,4,4,4
52,2025-07-01,10.8,10.18,8.44,11.3,1.5274815874504024,3,3,3
52,2025-07-02,13.2,12.733333333333334,10.6,14.4,1.942506971244463,3,3,3
52,2025-07-03,8.68,8.983333333333333,8.53,9.74,0.6595705673643526,3,3,3
52,2025-07-04,11.58,11.58,8.16,15.0,4.836610383315985,2,2,2
52,2025-07-05,6.19,6.213333333333334,5.96,6.49,0.2657693235370352,3,3,3
52,2025-07-06,10.2,9.456666666666665,7.67,10.5,1.5545524543524847,3,3,3
52,2025-07-07,8.37,8.363333333333333,6.94,9.78,1.420011737040695,3,3,3
52,2025-07-08,13.3,12.866666666666667,11.8,13.5,0.9291573243177567,3,3,3
52,2025-07-09,11.9,11.5,10.2,12.4,1.15325625946708,3,3,3
52,2025-07-10,13.5,12.313333333333333,9.54,13.9,2.4100899015043677,3,3,3
52,2025-07-11,20.1,18.733333333333334,15.8,20.3,2.542308662089113,3,3,3
52,2025-07-12,8.14,7.983333333333334,6.99,8.82,0.9250045044935367,3,3,3
52,2025-07-13,8.975,8.975,7.85,10.1,1.590990257669732,2,2,2
52,2025-07-14,6.465,6.465,6.28,6.65,0.261629509039023,2,2,2
52,2025-07-15,6.63,6.506666666666667,5.81,7.08,0.6439202849214597,3,3,3
52,2025-07-16,9.67,9.253333333333332,8.26,9.83,0.8639637338067692,3,3,3
52,2025-07-17,3.02,3.2900000000000005,2.87,3.98,0.6022457969965418,3,3,3
52,2025-07-18,2.63,2.5566666666666666,2.39,2.65,0.1446835627614047,3,3,3
52,2025-07-19,3.46,3.733333333333333,3.21,4.53,0.7011656960614471,3,3,3
52,2025-07-20,4.73,5.183333333333334,4.57,6.25,0.9272180613713977,3,3,3
52,2025-07-21,2.92,2.8266666666666667,2.61,2.95,0.1882374387132733,3,3,3
52,2025-07-22,2.42,4.326666666666667,2.42,8.14,3.3024435397646594,3,3,3
52,2025-07-23,0.619,1.1513333333333333,0.375,2.46,1.1398861054216485,3,3,3
52,2025-07-24,4.43,4.43,2.99,5.87,2.036467529817257,2,2,2
52,2025-07-25,4.39,4.333333333333333,4.21,4.4,0.10692676621563663,3,3,3
52,2025-07-26,5.83,6.813333333333333,5.74,8.87,1.7816939505238634,3,3,3
52,2025-07-27,4.26,5.01,4.05,6.72,1.4846211637990347,3,3,3
52,2025-07-28,4.83,5.26,4.68,6.27,0.8778952101475436,3,3,3
52,2025-07-29,5.65,5.703333333333333,5.4,6.06,0.33321664624285074,3,3,3
52,2025-07-30,11.5,11.333333333333334,10.8,11.7,0.4725815626252601,3,3,3
52,2025-07-31,16.5,15.433333333333332,12.4,17.4,2.665207934352089,3,3,3
52,2025-08-01,17.3,16.233333333333334,13.4,18.0,2.4785748593361734,3,3,3
52,2025-08-02,13.3,12.633333333333333,10.6,14.0,1.7953644012660308,3,3,3
52,2025-08-03,16.9,14.866666666666667,10.6,17.1,3.6963946398258583,3,3,3
52,2025-08-04,6.32,6.79,6.29,7.76,0.8401785524517986,3,3,3
52,2025-08-05,5.65,6.113333333333333,4.98,7.71,1.422755542366057,3,3,3
52,2025-08-06,12.0,10.956666666666665,7.77,13.1,2.8140066334913527,3,3,3
52,2025-08-07,5.71,6.076666666666667,5.59,6.93,0.7414400402819727,3,3,3
52,2025-08-08,7.21,6.956666666666667,6.2,7.46,0.6671081871280949,3,3,3
52,2025-08-09,4.39,4.38,4.1,4.65,0.2751363298439524,3,3,3
52,2025-08-10,3.61,4.196666666666666,2.98,6.0,1.5931833960135706,3,3,3
52,2025-08-11,2.61,3.0933333333333337,2.44,4.23,0.9880452081424889,3,3,3
52,2025-08-12,3.43,3.9499999999999997,3.24,5.18,1.0694391053257777,3,3,3
52,2025-08-13,7.9350000000000005,7.9350000000000005,6.49,9.38,2.043538597629123,2,2,2
52,2025-08-14,5.68,5.3133333333333335,4.43,5.83,0.7686568371733473,3,3,3
52,2025-08-15,3.02,3.1,2.98,3.3,0.1743559577416268,3,3,3
52,2025-08-16,2.67,2.6999999999999997,2.57,2.86,0.1473091986265622,3,3,3
52,2025-08-17,1.9,1.9766666666666666,1.75,2.28,0.2731910198621713,3,3,3
52,2025-08-18,4.37,4.45,4.33,4.65,0.17435595774162724,3,3,3
52,2025-08-19,5.81,6.083333333333333,5.44,7.0,0.8151278018405049,3,3,3
52,2025-08-20,5.835,5.835,4.43,7.24,1.9869700551341989,2,2,2
52,2025-08-21,6.115,6.115,5.09,7.14,1.4495689014324227,2,2,2
52,2025-08-22,7.24,6.536666666666666,4.61,7.76,1.6886779839073325,3,3,3
52,2025-08-23,4.49,4.41,4.04,4.7,0.3371943060017474,3,3,3
52,2025-08-24,5.41,5.566666666666666,5.35,5.94,0.3247049943153536,3,3,3
52,2025-08-25,11.01,11.01,9.82,12.2,1.6829141392239824,2,2,2
52,2025-08-26,9.34,8.969999999999999,6.6,10.6,1.935527490547905,4,4,4
52,2025-08-27,5.535,6.0275,5.03,8.01,1.3456689786124962,4,4,4
52,2025-08-28,10.14,10.01,7.06,12.7,2.855380885276078,4,4,4
52,2025-08-29,14.149999999999999,13.879999999999999,9.32,17.9,4.309091164812676,4,4,4
52,2025-08-30,12.7,12.675,10.8,14.5,1.6152915113584503,4,4,4
52,2025-08-31,7.08,7.595,6.37,9.85,1.5505805364443344,4,4,4
52,2025-09-01,2.1500000000000004,3.3,1.66,7.24,2.648156591543131,4,4,4
52,2025-09-02,7.074999999999999,7.1499999999999995,5.93,8.52,1.170270623972649,4,4,4
52,2025-09-03,8.135,8.135,7.36,8.91,1.0960155108391483,2,2,2
52,2025-09-04,10.52,10.8625,9.41,13.0,1.6794914905014158,4,4,4
52,2025-09-05,13.100000000000001,12.825,11.0,14.1,1.42448821218944,4,4,4
52,2025-09-06,12.05,12.3,11.2,13.9,1.2935738607954836,4,4,4
52,2025-09-07,11.55,11.775,10.5,13.5,1.2526638282742366,4,4,4
52,2025-09-08,8.75,9.41,8.68,10.8,1.2042840196564935,3,3,3
52,2025-09-09,6.65,6.72,4.9,8.61,1.8559903016987989,3,3,3
52,2025-09-10,5.2,4.81,1.72,7.44,2.7475661957448816,6,6,6
52,2025-09-11,6.1,6.22,4.85,7.83,1.2471300386621014,4,4,4
52,2025-09-12,2.88,4.007499999999999,2.07,8.2,2.8674771141196573,4,4,4
52,2025-09-13,8.025,7.5375,5.35,8.75,1.4990969503893565,4,4,4
52,2025-09-14,7.42,7.37,6.8,7.89,0.5467174773134653,3,3,3
52,2025-09-15,10.25,10.786666666666667,8.65,14.5,1.9849601171476128,6,6,6
52,2025-09-16,9.879999999999999,9.799999999999999,7.0,11.6,1.579063013308842,6,6,6
52,2025-09-17,10.105,10.125,9.42,11.0,0.6583540081141753,6,6,6
52,2025-09-18,12.6,15.0,10.3,22.1,6.255397669213365,3,3,3
52,2025-09-19,13.200000000000001,14.765,9.89,22.0,5.498558902112443,6,6,6
52,2025-09-20,7.445,6.8774999999999995,4.61,8.01,1.540159623761987,4,4,4
52,2025-09-21,4.755000000000001,5.745,4.54,8.93,2.1258488500675052,4,4,4
52,2025-09-22,4.5,4.99,3.86,7.1,1.4910846164230025,4,4,4
52,2025-09-23,3.14,4.166666666666667,1.5,7.86,3.3019590144841793,3,3,3
52,2025-09-24,2.55,3.65,1.55,7.95,2.986915912218934,4,4,4
52,2025-09-25,2.93,3.8150000000000004,2.67,6.73,1.9547293077729888,4,4,4
52,2025-09-26,7.17,6.668333333333333,4.1,7.61,1.3586083566159404,6,6,6
52,2025-09-27,3.75,5.462,3.35,8.72,2.674354127635307,5,5,5
52,2025-09-28,7.915,7.53,3.43,9.88,2.152050185288438,6,6,6
52,2025-09-29,9.65,9.377500000000001,6.91,11.3,1.9474834188425505,4,4,4
52,2025-09-30,6.895,6.625,3.63,8.5,2.048968032937557,6,6,6
52,2025-10-01,4.609999999999999,5.3125,3.86,8.17,1.985268663598624,4,4,4
52,2025-10-02,8.715,8.153333333333334,4.79,10.3,2.4069039587542056,6,6,6
52,2025-10-03,10.45,9.6575,6.33,11.4,2.2810578686214864,4,4,4
52,2025-10-04,9.52,9.265,7.12,10.9,1.571018777736282,4,4,4
52,2025-10-05,10.1,9.01142857142857,6.76,11.2,1.7844553657575608,7,7,7
52,2025-10-06,8.030000000000001,8.5375,7.39,10.7,1.4751581836083434,4,4,4
52,2025-10-07,9.76,10.117142857142856,6.95,12.4,1.8532198492148226,7,7,7
52,2025-10-08,10.04,9.135,5.96,10.5,2.128309188064554,4,4,4
52,2025-10-09,11.5,14.083333333333334,10.9,20.3,4.487946820837639,6,6,6
52,2025-10-10,16.299999999999997,16.25,11.1,21.3,5.343220002957019,4,4,4
52,2025-10-11,20.4,18.033333333333335,12.9,20.8,4.450093631973752,3,3,3
52,2025-10-12,26.2,23.03333333333333,16.4,26.5,5.746593193652511,3,3,3
52,2025-10-13,25.7,23.099999999999998,17.0,26.6,5.301886456724624,3,3,3
52,2025-10-14,11.8,11.666666666666666,10.8,12.4,0.8082903768654766,3,3,3
52,2025-10-15,3.37,3.1300000000000003,2.5,3.52,0.5507267925205748,3,3,3
52,2025-10-16,4.38,3.813333333333333,2.63,4.43,1.025101620978785,3,3,3
52,2025-10-17,9.96,9.053333333333333,6.3,10.9,2.430336053580519,3,3,3
52,2025-10-18,14.2,13.199999999999998,10.2,15.2,2.6457513110645907,3,3,3
52,2025-10-19,18.4,16.4,11.1,19.7,4.635730794599702,3,3,3
52,2025-10-20,22.4,19.066666666666666,11.7,23.1,6.389313995518872,3,3,3
52,2025-10-21,31.4,26.933333333333334,17.1,32.3,8.527797683653928,3,3,3
52,2025-10-22,26.1,23.2,16.9,26.6,5.461684721768551,3,3,3
52,2025-10-23,21.5,18.233333333333334,10.2,23.0,6.997380462239662,3,3,3
52,2025-10-24,17.2,15.866666666666667,11.9,18.5,3.49618840072061,3,3,3
52,2025-10-25,18.6,15.943333333333333,9.43,19.8,5.672533237746021,3,3,3
52,2025-10-26,21.9,18.5,11.2,22.4,6.326926584053272,3,3,3
52,2025-10-27,19.0,15.743333333333334,7.93,20.3,6.797693236189268,3,3,3
52,2025-10-28,18.5,15.856666666666667,9.77,19.3,5.286362958909776,3,3,3
52,2025-10-29,25.1,21.233333333333334,13.1,25.5,7.046512139586034,3,3,3
52,2025-10-30,29.6,25.266666666666666,12.6,33.6,11.150485789118488,3,3,3
52,2025-10-31,17.1,15.6,10.8,18.9,4.253234063627347,3,3,3
52,2025-11-01,5.9,4.953333333333333,2.62,6.34,2.032666557341202,3,3,3
52,2025-11-02,1.5,1.74,1.24,2.48,0.6539113089708726,3,3,3
52,2025-11-03,4.49,4.456666666666667,4.19,4.69,0.2516611478423581,3,3,3
52,2025-11-04,4.390000000000001,4.390000000000001,3.75,5.03,0.9050966799187813,2,2,2
52,2025-11-05,6.15,6.15,4.34,7.96,2.5597265478953024,2,2,2
52,2025-11-06,15.6,13.270000000000001,5.61,18.6,6.801227830325934,3,3,3
52,2025-11-07,14.6,12.700000000000001,8.6,14.9,3.553871128783372,3,3,3
52,2025-11-08,5.78,5.126666666666666,3.51,6.09,1.4086281742650664,3,3,3
52,2025-11-09,3.67,2.9333333333333336,1.44,3.69,1.2933032642552686,3,3,3
52,2025-11-10,5.05,4.29,2.43,5.39,1.6197530676001202,3,3,3
52,2025-11-11,7.48,6.346666666666667,3.83,7.73,2.1830788655780013,3,3,3
52,2025-11-12,12.1,10.236666666666666,4.61,14.0,4.964577860536919,3,3,3
52,2025-11-13,15.5,13.329999999999998,7.59,16.9,5.020029880389159,3,3,3
52,2025-11-15,23.3,20.466666666666665,13.1,25.0,6.436096125240309,3,3,3
52,2025-11-16,18.5,16.7,11.4,20.2,4.667976006793524,3,3,3
52,2025-11-17,16.7,16.7,13.1,20.3,5.091168824543142,2,2,2
52,2025-11-18,6.51,6.51,5.62,7.4,1.2586500705120545,2,2,2
52,2025-11-19,7.21,6.919999999999999,4.83,7.94,1.072249970855677,6,6,6
52,2025-11-20,6.005000000000001,5.7675,3.86,7.2,1.4144345159815637,4,4,4
52,2025-11-21,9.585,10.511666666666667,6.82,14.1,2.7957998259293646,6,6,6
52,2025-11-22,12.6,13.828571428571427,10.7,18.8,2.9903814058378835,7,7,7
52,2025-11-23,15.7,17.62857142857143,13.8,24.3,3.974801582349441,7,7,7
52,2025-11-24,16.950000000000003,20.366666666666667,15.6,28.1,5.897344034959014,6,6,6
52,2025-11-25,15.9,18.957142857142856,15.5,26.8,5.202517705514366,7,7,7
52,2025-11-26,22.3,25.0,21.1,36.8,6.061352984276695,6,6,6
52,2025-11-27,23.200000000000003,25.46666666666667,22.4,36.4,5.456616778432095,6,6,6
52,2025-11-28,29.7,29.5,21.6,37.0,7.82559901860554,4,4,4
52,2025-11-29,29.4,28.675,23.2,32.7,4.662885372813706,4,4,4
52,2025-11-30,25.4,26.614285714285717,23.0,32.8,4.311777889853394,7,7,7
52,2025-12-01,32.85,31.575000000000003,24.9,35.7,5.162283086645547,4,4,4
52,2025-12-02,32.599999999999994,32.333333333333336,26.9,38.0,4.195076479239284,6,6,6
52,2025-12-03,33.75,33.65,27.2,39.9,6.780609608779043,4,4,4
52,2025-12-04,28.85,32.825,26.4,42.6,7.356386923716599,8,8,8
52,2025-12-05,36.3,31.5,22.1,37.5,7.545859791965392,5,5,5
52,2025-12-06,35.9,31.419999999999998,22.7,37.9,7.5017997840518245,5,5,5
52,2025-12-07,34.3,31.28,21.2,37.2,6.920043352465358,5,5,5
52,2025-12-08,31.9,31.24,22.0,38.3,6.761878437239166,5,5,5
52,2025-12-09,24.55,28.9375,21.9,40.5,8.214088506949507,8,8,8
52,2025-12-10,32.7,32.160000000000004,24.0,39.6,7.350034013526742,5,5,5
52,2025-12-11,36.5,33.42,23.2,39.8,7.414647665263669,5,5,5
52,2025-12-12,26.7,29.419999999999998,21.4,38.1,7.336688626349086,5,5,5
52,2025-12-13,18.8,21.6,14.4,34.2,8.2804416721401,8,8,8
52,2025-12-14,15.5,17.5,12.8,23.0,4.232020793899765,5,5,5
52,2025-12-15,15.7,16.6375,13.3,23.3,3.72134288357615,8,8,8
52,2025-12-16,14.95,16.9125,14.0,22.5,3.6164060691718305,8,8,8
52,2025-12-17,15.7,17.8,14.5,29.3,5.27288662246149,7,7,7
52,2025-12-18,23.8,24.52,16.7,30.4,5.589901609151989,5,5,5
52,2025-12-19,28.1,24.6,17.2,28.9,5.496817260924726,5,5,5
52,2025-12-20,25.7,24.1,17.3,29.1,5.519057890618652,5,5,5
52,2025-12-21,22.35,24.525,18.8,35.0,6.303910351066689,8,8,8
52,2025-12-22,21.65,25.775,19.6,35.7,7.43269802965249,8,8,8
52,2025-12-23,20.0,23.9,18.3,34.9,6.6097330830050485,8,8,8
52,2025-12-24,24.450000000000003,25.625,18.8,34.8,7.013498889047223,4,4,4
52,2025-12-25,26.1,26.839999999999996,18.5,34.8,6.7114081979864695,5,5,5
52,2025-12-26,29.9,27.560000000000002,19.5,34.6,6.653044415904647,5,5,5
52,2025-12-27,18.85,21.775,15.8,32.2,6.898188167917719,8,8,8
52,2025-12-28,20.9,25.737499999999997,18.4,38.9,9.01473991384586,8,8,8
52,2025-12-29,25.049999999999997,28.0875,20.9,38.4,7.9445286653322436,8,8,8
52,2025-12-30,33.5,32.9,23.4,41.2,8.294576541331088,5,5,5
52,2025-12-31,27.7,32.275,24.1,45.0,9.565077850478493,8,8,8
54,2021-04-30,9.39,9.39,9.39,9.39,,1,1,1
54,2021-05-05,25.85,25.85,23.2,28.5,3.7476659402887034,2,2,2
54,2021-05-06,19.7,19.7,19.7,19.7,,1,1,1
54,2021-05-16,27.2,27.2,27.2,27.2,,1,1,1
54,2021-05-20,27.65,27.65,23.5,31.8,5.868986283848346,2,2,2
54,2021-06-03,18.2,18.2,17.4,19.0,1.1313708498984771,2,2,2
54,2021-06-13,12.7,12.7,12.5,12.9,0.2828427124746186,2,2,2
54,2021-06-14,9.56,9.56,9.56,9.56,,1,1,1
54,2021-06-20,13.0,13.0,12.3,13.7,0.9899494936611655,2,2,2
54,2021-06-21,18.65,18.65,18.6,18.7,0.07071067811865199,2,2,2
54,2021-06-29,7.859999999999999,7.859999999999999,7.72,8.0,0.1979898987322338,2,2,2
54,2021-07-03,9.780000000000001,9.780000000000001,8.56,11.0,1.7253405460951763,2,2,2
54,2021-07-04,12.7,12.7,11.5,13.9,1.697056274847715,2,2,2
54,2021-07-06,11.45,11.45,10.0,12.9,2.0506096654409887,2,2,2
54,2021-07-24,8.975,8.975,8.5,9.45,0.6717514421272196,2,2,2
54,2021-08-04,12.05,12.05,11.4,12.7,0.9192388155425104,2,2,2
54,2021-08-07,13.7,13.7,12.8,14.6,1.2727922061357855,2,2,2
54,2021-08-10,15.05,15.05,14.2,15.9,1.2020815280171309,2,2,2
54,2021-08-11,20.8,20.8,15.1,26.5,8.061017305526642,2,2,2
54,2021-08-12,20.8,20.8,16.5,25.1,6.08111831820431,2,2,2
54,2021-08-14,9.54,9.54,9.08,10.0,0.6505382386916243,2,2,2
54,2021-08-15,8.94,8.94,7.96,9.92,1.3859292911256333,2,2,2
54,2021-08-16,8.005,8.005,7.63,8.38,0.5303300858899109,2,2,2
54,2021-08-17,8.545000000000002,8.545000000000002,8.46,8.63,0.1202081528017124,2,2,2
54,2021-08-18,10.745,10.745,9.29,12.2,2.0576807332528535,2,2,2
54,2021-08-21,11.35,11.35,10.2,12.5,1.6263455967290599,2,2,2
54,2021-08-22,19.7,19.7,17.2,22.2,3.5355339059327378,2,2,2
54,2021-08-23,16.55,16.55,16.5,16.6,0.07071067811865576,2,2,2
54,2021-08-24,13.0,13.0,12.1,13.9,1.272792206135786,2,2,2
54,2021-08-25,9.555,9.555,8.71,10.4,1.1950104602052656,2,2,2
54,2021-08-26,9.135,9.135,8.32,9.95,1.1525840533340717,2,2,2
54,2021-08-27,9.684999999999999,9.684999999999999,9.17,10.2,0.7283199846221442,2,2,2
54,2021-08-28,8.335,8.335,7.71,8.96,0.8838834764831853,2,2,2
54,2021-08-29,7.25,7.25,6.79,7.71,0.6505382386916236,2,2,2
54,2021-09-01,8.23,8.23,7.58,8.88,0.9192388155425123,2,2,2
54,2021-09-02,8.63,8.63,8.13,9.13,0.7071067811865476,2,2,2
54,2021-09-03,10.4,10.4,10.0,10.8,0.5656854249492386,2,2,2
54,2021-09-04,7.605,7.605,7.08,8.13,0.7424621202458754,2,2,2
54,2021-09-06,9.605,9.605,9.53,9.68,0.10606601717798302,2,2,2
54,2021-09-07,9.690000000000001,9.690000000000001,8.88,10.5,1.145512985522207,2,2,2
54,2021-09-08,8.04,8.04,7.83,8.25,0.2969848480983505,2,2,2
54,2021-09-09,7.125,7.125,6.29,7.96,1.1808683245815343,2,2,2
54,2021-09-10,5.54,5.54,5.54,5.54,,1,1,1
54,2021-09-11,5.75,5.75,5.75,5.75,,1,1,1
54,2021-09-12,6.04,6.04,6.04,6.04,,1,1,1
54,2021-09-13,9.5,9.5,9.5,9.5,,1,1,1
54,2021-09-14,11.94,11.94,9.78,14.1,3.0547012947258856,2,2,2
54,2021-09-15,10.13,10.13,9.46,10.8,0.9475230867899735,2,2,2
54,2021-09-16,8.605,8.605,8.04,9.17,0.7990306627407998,2,2,2
54,2021-09-17,6.955,6.955,6.58,7.33,0.5303300858899106,2,2,2
54,2021-09-18,9.645,9.645,9.58,9.71,0.0919238815542511,2,2,2
54,2021-09-19,12.55,12.55,12.3,12.8,0.3535533905932738,2,2,2
54,2021-09-20,11.085,11.085,9.87,12.3,1.7182694782833121,2,2,2
54,2021-09-21,8.85,8.85,8.7,9.0,0.21213203435596475,2,2,2
54,2021-09-22,7.675000000000001,7.675000000000001,7.22,8.13,0.6434671708797587,2,2,2
54,2021-09-23,7.390000000000001,7.390000000000001,6.78,8.0,0.8626702730475875,2,2,2
54,2021-09-24,7.775,7.775,6.88,8.67,1.2657211383239204,2,2,2
54,2021-09-25,7.205,7.205,6.64,7.77,0.7990306627407989,2,2,2
54,2021-09-26,6.665,6.665,6.33,7.0,0.4737615433949868,2,2,2
54,2021-09-27,8.215,8.215,7.86,8.57,0.5020458146424484,2,2,2
54,2021-09-28,10.434999999999999,10.434999999999999,7.17,13.7,4.6174072811481555,2,2,2
54,2021-10-01,12.1,12.1,11.7,12.5,0.5656854249492386,2,2,2
54,2021-10-02,9.88,9.88,9.46,10.3,0.5939696961966998,2,2,2
54,2021-10-03,11.95,11.95,11.2,12.7,1.0606601717798212,2,2,2
54,2021-10-04,13.95,13.95,12.2,15.7,2.4748737341529163,2,2,2
54,2021-10-05,11.3,11.3,10.8,11.8,0.7071067811865476,2,2,2
54,2021-10-06,12.3,12.3,12.1,12.5,0.2828427124746186,2,2,2
54,2021-10-07,10.190000000000001,10.190000000000001,9.88,10.5,0.4384062043356583,2,2,2
54,2021-10-08,12.3,12.3,11.9,12.7,0.5656854249492367,2,2,2
54,2021-10-09,18.15,18.15,17.8,18.5,0.4949747468305815,2,2,2
54,2021-10-10,20.3,20.3,18.8,21.8,2.1213203435596424,2,2,2
54,2021-10-11,12.55,12.55,12.4,12.7,0.21213203435596414,2,2,2
54,2021-10-12,8.530000000000001,8.530000000000001,7.83,9.23,0.9899494936611661,2,2,2
54,2021-10-13,8.54,8.54,8.54,8.54,,1,1,1
54,2021-10-14,11.5,11.5,11.5,11.5,,1,1,1
54,2021-10-15,9.09,9.09,9.09,9.09,,1,1,1
54,2021-10-16,7.185,7.185,6.33,8.04,1.2091525958289957,2,2,2
54,2021-10-17,7.46,7.46,7.13,7.79,0.4666904755831215,2,2,2
54,2021-10-18,8.19,8.19,7.38,9.0,1.1455129855222068,2,2,2
54,2021-10-19,9.29,9.29,7.58,11.0,2.418305191657992,2,2,2
54,2021-10-20,9.065000000000001,9.065000000000001,8.63,9.5,0.6151828996322964,2,2,2
54,2021-10-21,12.95,12.95,11.6,14.3,1.9091883092036797,2,2,2
54,2021-10-22,9.83,9.83,9.46,10.2,0.5232590180780441,2,2,2
54,2021-10-23,7.710000000000001,7.710000000000001,7.29,8.13,0.5939696961967008,2,2,2
54,2021-10-24,8.48,8.48,7.54,9.42,1.3293607486307095,2,2,2
54,2021-10-25,11.25,11.25,10.0,12.5,1.7677669529663689,2,2,2
54,2021-10-26,11.7,11.7,11.1,12.3,0.8485281374238571,2,2,2
54,2021-10-27,13.15,13.15,12.3,14.0,1.2020815280171302,2,2,2
54,2021-10-28,15.75,15.75,14.5,17.0,1.7677669529663689,2,2,2
54,2021-10-31,10.02,10.02,9.04,11.0,1.3859292911256338,2,2,2
54,2021-11-01,9.905000000000001,9.905000000000001,9.21,10.6,0.9828784258493009,2,2,2
54,2021-11-02,11.15,11.15,11.0,11.3,0.21213203435596475,2,2,2
54,2021-11-03,12.55,12.55,12.3,12.8,0.3535533905932738,2,2,2
54,2021-11-04,13.05,13.05,12.6,13.5,0.6363961030678924,2,2,2
54,2021-11-05,14.3,14.3,13.3,15.3,1.4142135623730951,2,2,2
54,2021-11-06,16.25,16.25,15.0,17.5,1.7677669529663689,2,2,2
54,2021-11-07,16.75,16.75,15.5,18.0,1.7677669529663689,2,2,2
54,2021-11-08,18.2,18.2,17.4,19.0,1.1313708498984771,2,2,2
54,2021-11-09,17.55,17.55,17.5,17.6,0.07071067811865576,2,2,2
54,2021-11-10,14.9,14.9,14.4,15.4,0.7071067811865476,2,2,2
54,2021-11-11,16.35,16.35,16.2,16.5,0.21213203435596603,2,2,2
54,2021-11-12,18.55,18.55,18.1,19.0,0.6363961030678917,2,2,2
54,2021-11-13,20.5,20.5,20.3,20.7,0.282842712474618,2,2,2
54,2021-11-14,21.95,21.95,21.9,22.0,0.07071067811865576,2,2,2
54,2021-11-15,27.7,27.7,26.0,29.4,2.4041630560342604,2,2,2
54,2021-11-16,23.9,23.9,23.5,24.3,0.5656854249492372,2,2,2
54,2021-11-17,21.3,21.3,20.8,21.8,0.7071067811865476,2,2,2
54,2021-11-18,19.25,19.25,18.6,19.9,0.9192388155425097,2,2,2
54,2021-11-19,17.55,17.55,17.1,18.0,0.6363961030678917,2,2,2
54,2021-11-20,20.4,20.4,20.2,20.6,0.2828427124746218,2,2,2
54,2021-11-21,19.4,19.4,19.1,19.7,0.4242640687119283,2,2,2
54,2021-11-22,21.0,21.0,20.0,22.0,1.4142135623730951,2,2,2
54,2021-11-23,23.45,23.45,23.0,23.9,0.6363961030678917,2,2,2
54,2021-11-24,16.8,16.8,15.9,17.7,1.2727922061357841,2,2,2
54,2021-11-25,18.799999999999997,18.799999999999997,18.7,18.9,0.14142135623730775,2,2,2
54,2021-11-26,20.0,20.0,18.8,21.2,1.6970562748477132,2,2,2
54,2021-11-27,22.0,22.0,21.7,22.3,0.4242640687119295,2,2,2
54,2021-11-30,25.2,25.2,24.0,26.4,1.6970562748477132,2,2,2
54,2021-12-01,25.7,25.7,24.5,26.9,1.6970562748477132,2,2,2
54,2021-12-02,30.3,30.3,30.0,30.6,0.4242640687119295,2,2,2
54,2021-12-03,30.9,30.9,30.1,31.7,1.1313708498984758,2,2,2
54,2021-12-04,31.15,31.15,30.3,32.0,1.2020815280171315,2,2,2
54,2021-12-05,34.05,34.05,31.8,36.3,3.1819805153394602,2,2,2
54,2021-12-06,33.55,33.55,32.1,35.0,2.050609665440984,2,2,2
54,2021-12-07,36.05,36.05,34.5,37.6,2.1920310216782957,2,2,2
54,2021-12-08,39.900000000000006,39.900000000000006,37.6,42.2,3.252691193458122,2,2,2
54,2021-12-09,41.25,41.25,39.0,43.5,3.181980515339464,2,2,2
54,2021-12-10,28.05,28.05,25.8,30.3,3.181980515339464,2,2,2
54,2021-12-11,22.549999999999997,22.549999999999997,22.2,22.9,0.4949747468305815,2,2,2
54,2021-12-12,24.25,24.25,23.2,25.3,1.4849242404917509,2,2,2
54,2021-12-13,23.2,23.2,22.2,24.2,1.4142135623730951,2,2,2
54,2021-12-14,26.049999999999997,26.049999999999997,24.7,27.4,1.9091883092036765,2,2,2
54,2021-12-15,30.6,30.6,28.7,32.5,2.6870057685088824,2,2,2
54,2021-12-16,30.200000000000003,30.200000000000003,29.8,30.6,0.5656854249492398,2,2,2
54,2021-12-17,28.4,28.4,27.8,29.0,0.8485281374238552,2,2,2
54,2021-12-18,29.85,29.85,28.0,31.7,2.6162950903902265,2,2,2
54,2021-12-19,35.25,35.25,35.0,35.5,0.3535533905932738,2,2,2
54,2021-12-20,36.75,36.75,36.1,37.4,0.9192388155425097,2,2,2
54,2021-12-21,36.7,36.7,34.2,39.2,3.5355339059327378,2,2,2
54,2021-12-22,34.25,34.25,32.0,36.5,3.181980515339464,2,2,2
54,2021-12-23,33.05,33.05,33.0,33.1,0.07071067811865324,2,2,2
54,2021-12-24,40.55,40.55,39.5,41.6,1.4849242404917533,2,2,2
54,2021-12-25,42.4,42.4,39.0,45.8,4.808326112068521,2,2,2
54,2021-12-26,38.55,38.55,37.9,39.2,0.9192388155425173,2,2,2
54,2021-12-27,26.7,26.7,26.7,26.7,0.0,2,2,2
54,2021-12-30,23.3,23.3,22.1,24.5,1.6970562748477132,2,2,2
54,2021-12-31,22.4,22.4,21.0,23.8,1.9798989873223323,2,2,2
54,2022-01-01,25.85,25.85,22.8,28.9,4.313351365237939,2,2,2
54,2022-01-02,19.6,19.6,19.2,20.0,0.5656854249492398,2,2,2
54,2022-01-04,25.0,25.0,24.1,25.9,1.2727922061357835,2,2,2
54,2022-01-05,27.2,27.2,27.2,27.2,,1,1,1
54,2022-01-06,30.8,30.8,29.8,31.8,1.4142135623730951,2,2,2
54,2022-01-07,33.849999999999994,33.849999999999994,32.3,35.4,2.192031021678301,2,2,2
54,2022-01-08,39.0,39.0,35.7,42.3,4.66690475583121,2,2,2
54,2022-01-09,40.150000000000006,40.150000000000006,36.7,43.6,4.8790367901871745,2,2,2
54,2022-01-10,37.9,37.9,33.9,41.9,5.656854249492381,2,2,2
54,2022-01-11,41.15,41.15,35.4,46.9,8.131727983645296,2,2,2
54,2022-01-12,43.4,43.4,42.8,44.0,0.848528137423859,2,2,2
54,2022-01-13,44.25,44.25,40.0,48.5,6.010407640085654,2,2,2
54,2022-01-14,43.7,43.7,43.7,43.7,,1,1,1
54,2022-01-15,41.9,41.9,40.3,43.5,2.2627416997969543,2,2,2
54,2022-01-16,42.15,42.15,40.5,43.8,2.333452377915605,2,2,2
54,2022-01-17,41.4,41.4,41.4,41.4,,1,1,1
54,2022-01-18,28.2,28.2,28.2,28.2,,1,1,1
54,2022-01-20,30.05,30.05,28.3,31.8,2.4748737341529163,2,2,2
54,2022-01-21,31.549999999999997,31.549999999999997,28.2,34.9,4.737615433949869,2,2,2
54,2022-01-22,28.4,28.4,28.4,28.4,,1,1,1
54,2022-01-23,24.0,24.0,24.0,24.0,,1,1,1
54,2022-01-24,26.0,26.0,26.0,26.0,,1,1,1
54,2022-01-25,29.7,29.7,29.7,29.7,,1,1,1
54,2022-01-29,45.2,45.2,44.9,45.5,0.424264068711927,2,2,2
54,2022-01-30,37.25,37.25,36.5,38.0,1.0606601717798212,2,2,2
54,2022-01-31,48.3,48.3,48.3,48.3,,1,1,1
54,2022-02-01,76.3,76.3,76.3,76.3,,1,1,1
54,2022-02-02,42.7,42.7,40.5,44.9,3.1112698372208105,2,2,2
54,2022-02-03,34.75,34.75,34.3,35.2,0.6363961030678968,2,2,2
54,2022-02-04,38.35,38.35,32.7,44.0,7.9903066274079855,2,2,2
54,2022-02-05,28.2,28.2,24.4,32.0,5.374011537017762,2,2,2
54,2022-02-06,16.6,16.6,15.6,17.6,1.414213562373097,2,2,2
54,2022-02-07,22.15,22.15,21.0,23.3,1.626345596729061,2,2,2
54,2022-02-08,26.8,26.8,26.8,26.8,,1,1,1
54,2022-02-09,22.55,22.55,22.5,22.6,0.07071067811865576,2,2,2
54,2022-02-10,34.8,34.8,33.8,35.8,1.4142135623730951,2,2,2
54,2022-02-11,38.5,38.5,37.0,40.0,2.1213203435596424,2,2,2
54,2022-02-12,43.0,43.0,43.0,43.0,,1,1,1
54,2022-02-13,34.55,34.55,34.1,35.0,0.6363961030678943,2,2,2
54,2022-02-14,39.05,39.05,37.1,41.0,2.7577164466275317,2,2,2
54,2022-02-15,39.55,39.55,36.1,43.0,4.8790367901871745,2,2,2
54,2022-02-16,26.200000000000003,26.200000000000003,25.1,27.3,1.5556349186104053,2,2,2
54,2022-02-17,24.35,24.35,23.2,25.5,1.6263455967290585,2,2,2
54,2022-02-18,26.450000000000003,26.450000000000003,23.6,29.3,4.030508652763319,2,2,2
54,2022-02-19,17.45,17.45,16.4,18.5,1.4849242404917509,2,2,2
54,2022-02-20,10.1,10.1,10.0,10.2,0.141421356237309,2,2,2
54,2022-02-21,10.27,10.27,9.04,11.5,1.7394826817189075,2,2,2
54,2022-02-22,12.8,12.8,12.8,12.8,,1,1,1
54,2022-02-23,26.2,26.2,24.9,27.5,1.8384776310850246,2,2,2
54,2022-02-24,29.75,29.75,29.2,30.3,0.7778174593052033,2,2,2
54,2022-02-25,33.6,33.6,31.8,35.4,2.5455844122715683,2,2,2
54,2022-02-28,49.0,49.0,48.2,49.8,1.131370849898472,2,2,2
54,2022-03-01,55.8,55.8,54.1,57.5,2.404163056034263,2,2,2
54,2022-03-04,55.2,55.2,54.9,55.5,0.42426406871193206,2,2,2
54,2022-03-05,53.9,53.9,53.9,53.9,,1,1,1
54,2022-03-06,50.55,50.55,50.3,50.8,0.3535533905932738,2,2,2
54,2022-03-07,45.849999999999994,45.849999999999994,43.3,48.4,3.6062445840513906,2,2,2
54,2022-03-08,22.9,22.9,22.4,23.4,0.7071067811865476,2,2,2
54,2022-03-09,25.35,25.35,25.1,25.6,0.3535533905932738,2,2,2
54,2022-03-10,35.25,35.25,33.8,36.7,2.0506096654409918,2,2,2
54,2022-03-11,42.15,42.15,39.3,45.0,4.030508652763323,2,2,2
54,2022-03-12,50.5,50.5,49.9,51.1,0.848528137423859,2,2,2
54,2022-03-13,53.3,53.3,52.8,53.8,0.7071067811865476,2,2,2
54,2022-03-14,57.650000000000006,57.650000000000006,56.6,58.7,1.4849242404917533,2,2,2
54,2022-03-15,55.2,55.2,53.4,57.0,2.5455844122715745,2,2,2
54,2022-03-16,52.0,52.0,51.2,52.8,1.131370849898472,2,2,2
54,2022-03-17,35.8,35.8,35.0,36.6,1.1313708498984745,2,2,2
54,2022-03-18,37.8,37.8,37.8,37.8,,1,1,1
54,2022-03-19,26.85,26.85,26.1,27.6,1.0606601717798212,2,2,2
54,2022-03-21,31.15,31.15,31.1,31.2,0.0707106781186545,2,2,2
54,2022-03-22,16.2,16.2,16.2,16.2,0.0,2,2,2
54,2022-03-26,39.25,39.25,38.1,40.4,1.6263455967290572,2,2,2
54,2022-03-27,41.3,41.3,38.3,44.3,4.242640687119285,2,2,2
54,2022-03-30,27.55,27.55,26.8,28.3,1.0606601717798212,2,2,2
54,2022-03-31,34.55,34.55,32.9,36.2,2.3334523779156124,2,2,2
54,2022-04-01,33.3,33.3,32.9,33.7,0.5656854249492436,2,2,2
54,2022-04-02,21.65,21.65,21.1,22.2,0.7778174593052021,2,2,2
54,2022-04-03,11.899999999999999,11.899999999999999,10.6,13.2,1.838477631085024,2,2,2
54,2022-04-04,27.4,27.4,21.4,33.4,8.48528137423857,2,2,2
54,2022-04-05,44.0,44.0,39.6,48.4,6.222539674441617,2,2,2
54,2022-04-06,50.400000000000006,50.400000000000006,39.6,61.2,15.27350647362943,2,2,2
54,2022-04-07,60.7,60.7,56.9,64.5,5.374011537017765,2,2,2
54,2022-04-08,85.95,85.95,85.9,86.0,0.07071067811865074,2,2,2
54,2022-04-09,92.1,92.1,89.3,94.9,3.959797974644667,2,2,2
54,2022-04-10,95.1,95.1,93.6,96.6,2.1213203435596424,2,2,2
54,2022-04-11,86.0,86.0,82.7,89.3,4.66690475583121,2,2,2
54,2022-04-12,53.55,53.55,49.8,57.3,5.303300858899107,2,2,2
54,2022-04-13,47.4,47.4,45.8,49.0,2.2627416997969543,2,2,2
54,2022-04-14,72.05000000000001,72.05000000000001,68.7,75.4,4.737615433949865,2,2,2
54,2022-04-15,61.95,61.95,61.8,62.1,0.21213203435596978,2,2,2
54,2022-04-16,51.0,51.0,50.6,51.4,0.565685424949236,2,2,2
54,2022-04-17,48.45,48.45,47.3,49.6,1.6263455967290648,2,2,2
54,2022-04-18,35.599999999999994,35.599999999999994,33.8,37.4,2.5455844122715696,2,2,2
54,2022-04-19,14.5,14.5,13.9,15.1,0.8485281374238566,2,2,2
54,2022-04-20,15.5,15.5,15.0,16.0,0.7071067811865476,2,2,2
54,2022-04-21,21.7,21.7,18.7,24.7,4.242640687119285,2,2,2
54,2022-04-22,24.15,24.15,21.0,27.3,4.454772721475251,2,2,2
54,2022-04-23,27.9,27.9,27.9,27.9,,1,1,1
54,2022-04-24,32.05,32.05,29.5,34.6,3.606244584051396,2,2,2
54,2022-04-25,35.0,35.0,32.6,37.4,3.3941125496954263,2,2,2
54,2022-04-26,35.9,35.9,34.0,37.8,2.6870057685088784,2,2,2
54,2022-04-29,29.45,29.45,29.2,29.7,0.3535533905932738,2,2,2
54,2022-04-30,27.2,27.2,26.7,27.7,0.7071067811865476,2,2,2
54,2022-05-01,19.9,19.9,19.0,20.8,1.2727922061357873,2,2,2
54,2022-05-02,19.55,19.55,18.1,21.0,2.050609665440987,2,2,2
54,2022-05-03,14.5,14.5,14.0,15.0,0.7071067811865476,2,2,2
54,2022-05-04,25.049999999999997,25.049999999999997,24.7,25.4,0.4949747468305815,2,2,2
54,2022-05-05,35.400000000000006,35.400000000000006,32.7,38.1,3.818376618407358,2,2,2
54,2022-05-06,34.55,34.55,31.8,37.3,3.8890872965260077,2,2,2
54,2022-05-08,12.35,12.35,11.6,13.1,1.0606601717798212,2,2,2
54,2022-05-09,9.29,9.29,8.83,9.75,0.6505382386916243,2,2,2
54,2022-05-10,11.3,11.3,10.3,12.3,1.4142135623730951,2,2,2
54,2022-05-11,11.15,11.15,10.4,11.9,1.0606601717798212,2,2,2
54,2022-05-12,10.135,10.135,8.67,11.6,2.071822868876584,2,2,2
54,2022-05-13,10.09,10.09,9.38,10.8,1.004091629284898,2,2,2
54,2022-05-14,13.6,13.6,12.0,15.2,2.2627416997969516,2,2,2
54,2022-05-15,16.700000000000003,16.700000000000003,14.8,18.6,2.6870057685088797,2,2,2
54,2022-05-16,15.45,15.45,14.9,16.0,0.7778174593052026,2,2,2
54,2022-05-17,13.2,13.2,13.0,13.4,0.2828427124746186,2,2,2
54,2022-05-18,9.690000000000001,9.690000000000001,9.38,10.0,0.4384062043356583,2,2,2
54,2022-05-19,11.95,11.95,11.8,12.1,0.21213203435596287,2,2,2
54,2022-05-20,11.25,11.25,10.7,11.8,0.7778174593052033,2,2,2
54,2022-05-21,8.325,8.325,7.65,9.0,0.9545941546018395,2,2,2
54,2022-05-22,8.485,8.485,8.3,8.67,0.26162950903902266,2,2,2
54,2022-05-25,14.05,14.05,12.7,15.4,1.9091883092036785,2,2,2
54,2022-05-26,16.6,16.6,16.0,17.2,0.8485281374238552,2,2,2
54,2022-05-29,20.35,20.35,20.2,20.5,0.21213203435596603,2,2,2
54,2022-05-30,21.35,21.35,21.0,21.7,0.4949747468305815,2,2,2
54,2022-05-31,21.299999999999997,21.299999999999997,20.7,21.9,0.8485281374238578,2,2,2
54,2022-06-01,15.600000000000001,15.600000000000001,15.3,15.9,0.4242640687119276,2,2,2
54,2022-06-02,19.5,19.5,19.2,19.8,0.4242640687119295,2,2,2
54,2022-06-03,23.049999999999997,23.049999999999997,22.2,23.9,1.2020815280171315,2,2,2
54,2022-06-04,12.6,12.6,12.5,12.7,0.141421356237309,2,2,2
54,2022-06-05,7.02,7.02,6.71,7.33,0.43840620433565924,2,2,2
54,2022-06-06,7.58,7.58,7.33,7.83,0.3535533905932738,2,2,2
54,2022-06-07,8.15,8.15,7.92,8.38,0.3252691193458125,2,2,2
54,2022-06-08,9.495,9.495,8.79,10.2,0.9970205614730321,2,2,2
54,2022-06-09,10.149999999999999,10.149999999999999,10.1,10.2,0.07071067811865388,2,2,2
54,2022-06-10,11.2,11.2,10.5,11.9,0.9899494936611661,2,2,2
54,2022-06-11,11.85,11.85,11.0,12.7,1.2020815280171302,2,2,2
54,2022-06-12,11.15,11.15,10.8,11.5,0.49497474683058273,2,2,2
54,2022-06-13,12.8,12.8,12.3,13.3,0.7071067811865476,2,2,2
54,2022-06-14,13.8,13.8,13.6,14.0,0.2828427124746186,2,2,2
54,2022-06-15,15.700000000000001,15.700000000000001,15.3,16.1,0.5656854249492386,2,2,2
54,2022-06-16,11.45,11.45,11.4,11.5,0.07071067811865513,2,2,2
54,2022-06-17,8.855,8.855,8.75,8.96,0.1484924240491756,2,2,2
54,2022-06-18,8.440000000000001,8.440000000000001,8.21,8.67,0.3252691193458118,2,2,2
54,2022-06-19,9.420000000000002,9.420000000000002,9.38,9.46,0.05656854249492323,2,2,2
54,2022-06-20,8.27,8.27,7.58,8.96,0.9758073580374368,2,2,2
54,2022-06-21,7.65,7.65,7.17,8.13,0.6788225099390862,2,2,2
54,2022-06-22,7.27,7.27,7.27,7.27,,1,1,1
54,2022-06-23,7.79,7.79,7.79,7.79,,1,1,1
54,2022-06-24,11.36,11.36,8.42,14.3,4.1577878733769005,2,2,2
54,2022-06-25,11.05,11.05,9.0,13.1,2.899137802864844,2,2,2
54,2022-06-28,9.71,9.71,9.5,9.92,0.2969848480983493,2,2,2
54,2022-06-29,7.5,7.5,7.5,7.5,,1,1,1
54,2022-06-30,10.3,10.3,10.3,10.3,,1,1,1
54,2022-07-01,10.05,10.05,9.9,10.2,0.21213203435596414,2,2,2
54,2022-07-02,9.125,9.125,8.83,9.42,0.41719300090006295,2,2,2
54,2022-07-03,9.065000000000001,9.065000000000001,9.0,9.13,0.0919238815542511,2,2,2
54,2022-07-04,10.005,10.005,9.71,10.3,0.41719300090006295,2,2,2
54,2022-07-05,9.96,9.96,9.96,9.96,,1,1,1
54,2022-07-06,9.875,9.875,9.79,9.96,0.12020815280171429,2,2,2
54,2022-07-07,10.684999999999999,10.684999999999999,8.67,12.7,2.849640328181787,2,2,2
54,2022-07-08,7.585,7.585,7.21,7.96,0.5303300858899106,2,2,2
54,2022-07-09,6.970000000000001,6.970000000000001,6.86,7.08,0.15556349186103996,2,2,2
54,2022-07-10,6.68,6.68,6.5,6.86,0.25455844122715765,2,2,2
54,2022-07-11,6.105,6.105,5.96,6.25,0.2050609665440985,2,2,2
54,2022-07-12,9.23,9.23,9.08,9.38,0.21213203435596475,2,2,2
54,2022-07-13,11.315000000000001,11.315000000000001,9.33,13.3,2.8072139213105936,2,2,2
54,2022-07-14,6.23,6.23,5.42,7.04,1.1455129855222068,2,2,2
54,2022-07-15,5.92,5.92,5.92,5.92,,1,1,1
54,2022-07-16,8.74,8.74,7.08,10.4,2.3475945135393377,2,2,2
54,2022-07-17,11.45,11.45,11.1,11.8,0.4949747468305846,2,2,2
54,2022-07-18,12.05,12.05,11.6,12.5,0.6363961030678924,2,2,2
54,2022-07-19,14.15,14.15,12.2,16.1,2.757716446627537,2,2,2
54,2022-07-20,9.72,9.72,9.72,9.72,,1,1,1
54,2022-07-21,8.265,8.265,8.21,8.32,0.07778174593051983,2,2,2
54,2022-07-22,6.605,6.605,6.0,7.21,0.8555992052357222,2,2,2
54,2022-07-23,6.3100000000000005,6.3100000000000005,5.29,7.33,1.4424978336205567,2,2,2
54,2022-07-24,7.71,7.71,6.75,8.67,1.3576450198781713,2,2,2
54,2022-07-25,9.025,9.025,8.13,9.92,1.2657211383239195,2,2,2
54,2022-07-28,19.6,19.6,18.6,20.6,1.4142135623730951,2,2,2
54,2022-07-29,26.049999999999997,26.049999999999997,24.2,27.9,2.6162950903902265,2,2,2
54,2022-07-31,16.35,16.35,14.5,18.2,2.6162950903902242,2,2,2
54,2022-08-01,9.02,9.02,8.17,9.87,1.2020815280171302,2,2,2
54,2022-08-02,10.275,10.275,9.75,10.8,0.7424621202458754,2,2,2
54,2022-08-03,10.094999999999999,10.094999999999999,8.29,11.9,2.552655480083438,2,2,2
54,2022-08-04,9.715,9.715,8.83,10.6,1.2515790027001887,2,2,2
54,2022-08-05,7.25,7.25,6.25,8.25,1.4142135623730951,2,2,2
54,2022-08-06,8.205,8.205,7.08,9.33,1.590990257669732,2,2,2
54,2022-08-07,9.105,9.105,8.46,9.75,0.9121677477306457,2,2,2
54,2022-08-08,6.46,6.46,5.96,6.96,0.7071067811865476,2,2,2
54,2022-08-09,5.92,5.92,5.42,6.42,0.7071067811865476,2,2,2
54,2022-08-10,6.585,6.585,6.0,7.17,0.8273149339882605,2,2,2
54,2022-08-11,7.875,7.875,7.25,8.5,0.8838834764831844,2,2,2
54,2022-08-12,9.335,9.335,8.17,10.5,1.647558800164655,2,2,2
54,2022-08-13,9.4,9.4,7.5,11.3,2.687005768508881,2,2,2
54,2022-08-14,12.4,12.4,11.0,13.8,1.9798989873223336,2,2,2
54,2022-08-15,11.55,11.55,10.9,12.2,0.9192388155425104,2,2,2
54,2022-08-16,8.085,8.085,7.04,9.13,1.4778531726798845,2,2,2
54,2022-08-17,8.105,8.105,6.96,9.25,1.6192745289171935,2,2,2
54,2022-08-18,9.615,9.615,8.83,10.4,1.1101576464628797,2,2,2
54,2022-08-19,10.14,10.14,9.48,10.8,0.933380951166243,2,2,2
54,2022-08-20,12.35,12.35,12.0,12.7,0.49497474683058273,2,2,2
54,2022-08-21,12.5,12.5,10.9,14.1,2.2627416997969516,2,2,2
54,2022-08-22,9.9,9.9,9.0,10.8,1.272792206135786,2,2,2
54,2022-08-23,9.0,9.0,8.25,9.75,1.0606601717798212,2,2,2
54,2022-08-24,10.379999999999999,10.379999999999999,9.26,11.5,1.5839191898578673,2,2,2
54,2022-08-27,7.625,7.625,6.04,9.21,2.2415284963613566,2,2,2
54,2022-08-28,9.915,9.915,8.83,11.0,1.5344217151748087,2,2,2
54,2022-08-29,12.25,12.25,11.4,13.1,1.2020815280171302,2,2,2
54,2022-08-30,9.565000000000001,9.565000000000001,9.42,9.71,0.2050609665440988,2,2,2
54,2022-08-31,12.8,12.8,11.7,13.9,1.5556349186104046,2,2,2
54,2022-09-01,14.55,14.55,12.8,16.3,2.4748737341529163,2,2,2
54,2022-09-02,10.29,10.29,8.08,12.5,3.1254119728445406,2,2,2
54,2022-09-03,14.200000000000001,14.200000000000001,12.3,16.1,2.687005768508881,2,2,2
54,2022-09-04,16.549999999999997,16.549999999999997,14.7,18.4,2.6162950903902265,2,2,2
54,2022-09-05,11.8,11.8,11.3,12.3,0.7071067811865476,2,2,2
54,2022-09-06,10.844999999999999,10.844999999999999,9.79,11.9,1.4919953083036168,2,2,2
54,2022-09-07,11.3,11.3,10.5,12.1,1.1313708498984751,2,2,2
54,2022-09-08,18.049999999999997,18.049999999999997,17.2,18.9,1.2020815280171315,2,2,2
54,2022-09-09,11.3,11.3,11.3,11.3,,1,1,1
54,2022-09-10,6.7,6.7,6.7,6.7,,1,1,1
54,2022-09-11,7.88,7.88,7.88,7.88,,1,1,1
54,2022-09-13,7.25,7.25,7.25,7.25,,1,1,1
54,2022-09-14,9.33,9.33,9.33,9.33,,1,1,1
54,2022-09-15,15.0,15.0,15.0,15.0,,1,1,1
54,2022-09-16,18.0,18.0,18.0,18.0,,1,1,1
54,2022-09-17,17.0,17.0,17.0,17.0,,1,1,1
54,2022-09-18,15.0,15.0,15.0,15.0,,1,1,1
54,2022-09-19,11.4,11.4,11.4,11.4,,1,1,1
54,2022-09-20,10.8,10.8,10.8,10.8,,1,1,1
54,2022-09-21,12.4,12.4,12.4,12.4,,1,1,1
54,2022-09-22,16.5,16.5,16.5,16.5,,1,1,1
54,2022-09-23,13.125,13.125,9.05,17.2,5.762920266670361,2,2,2
54,2022-09-26,10.0,10.0,10.0,10.0,,1,1,1
54,2022-09-27,7.83,7.83,7.83,7.83,,1,1,1
54,2022-09-28,10.6,10.6,10.6,10.6,,1,1,1
54,2022-09-29,16.5,16.5,16.5,16.5,,1,1,1
54,2022-09-30,15.0,15.0,15.0,15.0,,1,1,1
54,2022-10-01,7.83,7.83,7.83,7.83,,1,1,1
54,2022-10-02,8.21,8.21,8.21,8.21,,1,1,1
54,2022-10-03,7.42,7.42,7.42,7.42,,1,1,1
54,2022-10-04,7.54,7.54,7.54,7.54,,1,1,1
54,2022-10-05,8.67,8.67,8.67,8.67,,1,1,1
54,2022-10-06,9.21,9.21,9.21,9.21,,1,1,1
54,2022-10-07,9.29,9.29,9.29,9.29,,1,1,1
54,2022-10-08,8.04,8.04,8.04,8.04,,1,1,1
54,2022-10-09,9.13,9.13,9.13,9.13,,1,1,1
54,2022-10-10,8.38,8.38,8.38,8.38,,1,1,1
54,2022-10-11,9.42,9.42,9.42,9.42,,1,1,1
54,2022-10-12,12.9,12.9,12.9,12.9,,1,1,1
54,2022-10-13,13.1,13.1,13.1,13.1,,1,1,1
54,2022-10-14,14.6,14.6,14.6,14.6,,1,1,1
54,2022-10-15,20.0,20.0,20.0,20.0,,1,1,1
54,2022-10-16,22.1,22.1,22.1,22.1,,1,1,1
54,2022-10-17,19.5,19.5,19.5,19.5,,1,1,1
54,2022-10-18,25.4,25.4,25.4,25.4,,1,1,1
54,2022-10-19,27.2,27.2,25.7,28.7,2.1213203435596424,2,2,2
54,2022-10-20,28.75,28.75,26.7,30.8,2.899137802864846,2,2,2
54,2022-10-21,26.3,26.3,25.6,27.0,0.9899494936611655,2,2,2
54,2022-10-22,18.5,18.5,18.5,18.5,,1,1,1
54,2022-10-23,15.8,15.8,15.8,15.8,,1,1,1
54,2022-10-26,31.2,31.2,31.2,31.2,,1,1,1
54,2022-10-27,24.2,24.2,24.2,24.2,,1,1,1
54,2022-10-28,17.5,17.5,17.5,17.5,,1,1,1
54,2022-10-29,17.6,17.6,17.6,17.6,,1,1,1
54,2022-10-30,23.8,23.8,23.3,24.3,0.7071067811865476,2,2,2
54,2022-10-31,27.4,27.4,26.7,28.1,0.9899494936611692,2,2,2
54,2022-11-01,27.65,27.65,25.4,29.9,3.181980515339464,2,2,2
54,2022-11-02,22.65,22.65,20.3,25.0,3.3234018715767744,2,2,2
54,2022-11-03,23.15,23.15,22.3,24.0,1.2020815280171315,2,2,2
54,2022-11-04,23.5,23.5,22.8,24.2,0.9899494936611655,2,2,2
54,2022-11-05,27.2,27.2,26.5,27.9,0.9899494936611655,2,2,2
54,2022-11-08,27.85,27.85,27.2,28.5,0.9192388155425135,2,2,2
54,2022-11-09,27.8,27.8,27.1,28.5,0.9899494936611655,2,2,2
54,2022-11-10,28.5,28.5,27.7,29.3,1.1313708498984771,2,2,2
54,2022-11-11,25.45,25.45,25.0,25.9,0.6363961030678917,2,2,2
54,2022-11-12,27.75,27.75,25.2,30.3,3.6062445840513933,2,2,2
54,2022-11-13,25.35,25.35,24.5,26.2,1.2020815280171315,2,2,2
54,2022-11-14,24.85,24.85,22.5,27.2,3.3234018715767744,2,2,2
54,2022-11-15,22.15,22.15,20.5,23.8,2.3334523779156062,2,2,2
54,2022-11-16,14.2,14.2,12.5,15.9,2.404163056034262,2,2,2
54,2022-11-17,12.5,12.5,12.5,12.5,,1,1,1
54,2022-11-18,13.2,13.2,13.2,13.2,,1,1,1
54,2022-11-19,11.45,11.45,10.8,12.1,0.9192388155425104,2,2,2
54,2022-11-20,13.95,13.95,13.5,14.4,0.6363961030678924,2,2,2
54,2022-11-21,14.75,14.75,14.5,15.0,0.3535533905932738,2,2,2
54,2022-11-22,15.4,15.4,13.0,17.8,3.3941125496954285,2,2,2
54,2022-11-25,16.700000000000003,16.700000000000003,16.6,16.8,0.14142135623730775,2,2,2
54,2022-11-26,12.9,12.9,12.9,12.9,,1,1,1
54,2022-11-27,12.1,12.1,12.1,12.1,,1,1,1
54,2022-11-28,16.85,16.85,15.7,18.0,1.6263455967290585,2,2,2
54,2022-11-29,19.700000000000003,19.700000000000003,18.6,20.8,1.5556349186104028,2,2,2
54,2022-11-30,24.65,24.65,23.6,25.7,1.484924240491747,2,2,2
54,2022-12-01,18.8,18.8,15.5,22.1,4.666904755831214,2,2,2
54,2022-12-02,20.1,20.1,18.0,22.2,2.9698484809835004,2,2,2
54,2022-12-03,16.55,16.55,16.3,16.8,0.3535533905932738,2,2,2
54,2022-12-04,15.75,15.75,15.6,15.9,0.21213203435596475,2,2,2
54,2022-12-05,18.15,18.15,17.5,18.8,0.9192388155425111,2,2,2
54,2022-12-06,20.450000000000003,20.450000000000003,20.1,20.8,0.4949747468305815,2,2,2
54,2022-12-07,17.950000000000003,17.950000000000003,16.3,19.6,2.3334523779156062,2,2,2
54,2022-12-08,17.2,17.2,17.2,17.2,,1,1,1
54,2022-12-09,17.4,17.4,17.4,17.4,,1,1,1
54,2022-12-10,24.95,24.95,21.2,28.7,5.303300858899107,2,2,2
54,2022-12-11,29.85,29.85,23.5,36.2,8.980256121069155,2,2,2
54,2022-12-12,32.5,32.5,29.0,36.0,4.949747468305833,2,2,2
54,2022-12-13,30.25,30.25,26.9,33.6,4.737615433949871,2,2,2
54,2022-12-14,33.0,33.0,29.7,36.3,4.666904755831211,2,2,2
54,2022-12-15,39.75,39.75,39.2,40.3,0.7778174593051983,2,2,2
54,2022-12-16,37.85,37.85,33.5,42.2,6.1518289963229655,2,2,2
54,2022-12-17,33.9,33.9,31.9,35.9,2.8284271247461903,2,2,2
54,2022-12-18,33.25,33.25,31.5,35.0,2.4748737341529163,2,2,2
54,2022-12-19,39.15,39.15,37.5,40.8,2.333452377915605,2,2,2
54,2022-12-20,36.6,36.6,34.0,39.2,3.676955262170049,2,2,2
54,2022-12-21,34.5,34.5,34.1,34.9,0.565685424949236,2,2,2
54,2022-12-22,35.35,35.35,31.8,38.9,5.020458146424485,2,2,2
54,2022-12-25,38.35,38.35,37.1,39.6,1.7677669529663689,2,2,2
54,2022-12-26,33.75,33.75,31.0,36.5,3.8890872965260113,2,2,2
54,2022-12-27,34.2,34.2,31.6,36.8,3.6769552621700416,2,2,2
54,2022-12-28,36.5,36.5,31.7,41.3,6.7882250993908535,2,2,2
54,2022-12-29,33.65,33.65,31.2,36.1,3.4648232278140854,2,2,2
54,2022-12-30,30.65,30.65,26.8,34.5,5.444722215136417,2,2,2
54,2022-12-31,29.4,29.4,27.8,31.0,2.262741699796953,2,2,2
54,2023-01-01,29.8,29.8,29.3,30.3,0.7071067811865476,2,2,2
54,2023-01-02,28.15,28.15,26.0,30.3,3.0405591591021537,2,2,2
54,2023-01-04,24.25,24.25,22.9,25.6,1.9091883092036803,2,2,2
54,2023-01-05,23.25,23.25,22.5,24.0,1.0606601717798212,2,2,2
54,2023-01-06,22.0,22.0,20.6,23.4,1.979898987322331,2,2,2
54,2023-01-07,19.450000000000003,19.450000000000003,19.1,19.8,0.4949747468305815,2,2,2
54,2023-01-08,28.95,28.95,26.7,31.2,3.181980515339464,2,2,2
54,2023-01-09,36.8,36.8,36.0,37.6,1.1313708498984745,2,2,2
54,2023-01-10,37.2,37.2,37.2,37.2,,1,1,1
54,2023-01-11,34.55,34.55,33.8,35.3,1.0606601717798212,2,2,2
54,2023-01-17,36.0,36.0,36.0,36.0,,1,1,1
54,2023-01-18,39.3,39.3,39.3,39.3,,1,1,1
54,2023-01-19,34.0,34.0,34.0,34.0,,1,1,1
54,2023-01-20,35.3,35.3,35.3,35.3,,1,1,1
54,2023-01-21,35.2,35.2,35.2,35.2,,1,1,1
54,2023-01-24,39.1,39.1,39.1,39.1,,1,1,1
54,2023-01-25,38.1,38.1,38.1,38.1,,1,1,1
54,2023-01-26,44.2,44.2,44.2,44.2,,1,1,1
54,2023-01-27,55.3,55.3,55.3,55.3,,1,1,1
54,2023-01-28,45.3,45.3,45.3,45.3,,1,1,1
54,2023-01-29,37.8,37.8,37.8,37.8,,1,1,1
54,2023-01-30,55.5,55.5,51.8,59.2,5.232590180780456,2,2,2
54,2023-01-31,62.95,62.95,58.4,67.5,6.434671708797586,2,2,2
54,2023-02-01,74.0,74.0,73.2,74.8,1.131370849898472,2,2,2
54,2023-02-15,74.75,74.75,57.1,92.4,24.960869375885128,2,2,2
54,2023-03-20,44.45,44.45,42.3,46.6,3.04055915910216,2,2,2
54,2023-03-22,52.25,52.25,49.1,55.4,4.454772721475248,2,2,2
54,2023-03-25,63.150000000000006,63.150000000000006,46.1,80.2,24.112341238461276,2,2,2
54,2023-03-26,84.15,84.15,55.3,113.0,40.8000612744638,2,2,2
54,2023-03-27,95.9,95.9,67.8,124.0,39.73940110268398,2,2,2
54,2023-03-28,80.94999999999999,80.94999999999999,63.3,98.6,24.96086937588512,2,2,2
54,2023-03-29,55.150000000000006,55.150000000000006,49.7,60.6,7.70746391493337,2,2,2
54,2023-03-30,54.75,54.75,53.8,55.7,1.3435028842544443,2,2,2
54,2023-03-31,62.1,62.1,51.8,72.4,14.566399692442886,2,2,2
54,2023-04-01,89.75,89.75,61.5,118.0,39.95153313703994,2,2,2
54,2023-04-02,69.75,69.75,60.9,78.6,12.51579002700189,2,2,2
54,2023-04-03,61.1,61.1,59.2,63.0,2.6870057685088784,2,2,2
54,2023-04-04,65.5,65.5,54.0,77.0,16.263455967290593,2,2,2
54,2023-04-05,91.15,91.15,67.3,115.0,33.728993462598325,2,2,2
54,2023-04-07,114.2,114.2,93.4,135.0,29.415642097360372,2,2,2
54,2023-04-08,96.4,96.4,92.9,99.9,4.949747468305833,2,2,2
54,2023-04-09,59.3,59.3,59.3,59.3,,1,1,1
54,2023-04-10,52.0,52.0,52.0,52.0,,1,1,1
54,2023-04-11,62.2,62.2,57.1,67.3,7.212489168102785,2,2,2
54,2023-04-12,70.0,70.0,62.8,77.2,10.182337649086287,2,2,2
54,2023-04-16,80.1,80.1,78.1,82.1,2.8284271247461903,2,2,2
54,2023-04-17,86.15,86.15,84.2,88.1,2.757716446627524,2,2,2
54,2023-04-20,76.65,76.65,74.1,79.2,3.6062445840513933,2,2,2
54,2023-04-21,75.9,75.9,73.4,78.4,3.5355339059327378,2,2,2
54,2023-04-24,46.0,46.0,43.0,49.0,4.242640687119285,2,2,2
54,2023-04-27,31.45,31.45,30.0,32.9,2.050609665440987,2,2,2
54,2023-04-29,44.6,44.6,43.2,46.0,1.979898987322331,2,2,2
54,2023-04-30,34.3,34.3,33.5,35.1,1.1313708498984745,2,2,2
54,2023-05-01,26.4,26.4,26.1,26.7,0.42426406871192573,2,2,2
54,2023-05-02,43.349999999999994,43.349999999999994,40.4,46.3,4.171930009000632,2,2,2
54,2023-05-03,34.05,34.05,33.6,34.5,0.6363961030678893,2,2,2
54,2023-05-04,37.75,37.75,37.0,38.5,1.0606601717798212,2,2,2
54,2023-05-05,48.15,48.15,47.3,49.0,1.2020815280171329,2,2,2
54,2023-05-06,53.25,53.25,53.2,53.3,0.07071067811865074,2,2,2
54,2023-05-07,51.7,51.7,51.4,52.0,0.424264068711927,2,2,2
54,2023-05-11,15.700000000000001,15.700000000000001,14.8,16.6,1.272792206135786,2,2,2
54,2023-05-12,18.6,18.6,18.0,19.2,0.8485281374238552,2,2,2
54,2023-05-17,26.7,26.7,26.4,27.0,0.4242640687119295,2,2,2
54,2023-05-18,32.6,32.6,32.2,33.0,0.565685424949236,2,2,2
54,2023-05-20,37.3,37.3,36.9,37.7,0.5656854249492436,2,2,2
54,2023-05-21,39.95,39.95,38.0,41.9,2.7577164466275317,2,2,2
54,2023-05-22,41.2,41.2,38.2,44.2,4.242640687119285,2,2,2
54,2023-05-26,31.2,31.2,31.2,31.2,0.0,2,2,2
54,2023-06-01,18.75,18.75,18.6,18.9,0.21213203435596223,2,2,2
54,2023-06-04,24.25,24.25,23.2,25.3,1.4849242404917509,2,2,2
54,2023-06-05,18.45,18.45,17.7,19.2,1.0606601717798212,2,2,2
54,2023-06-08,13.899999999999999,13.899999999999999,12.1,15.7,2.54558441227157,2,2,2
54,2023-06-09,13.55,13.55,13.3,13.8,0.3535533905932738,2,2,2
54,2023-06-10,14.600000000000001,14.600000000000001,13.1,16.1,2.1213203435596446,2,2,2
54,2023-06-11,15.25,15.25,14.3,16.2,1.3435028842544392,2,2,2
54,2023-06-18,11.2,11.2,11.2,11.2,,1,1,1
54,2023-06-19,10.0,10.0,10.0,10.0,,1,1,1
54,2023-06-22,10.6,10.6,10.0,11.2,0.8485281374238566,2,2,2
54,2023-06-27,8.36,8.36,8.36,8.36,,1,1,1
54,2023-07-08,13.7,13.7,13.7,13.7,,1,1,1
54,2023-07-09,15.6,15.6,15.6,15.6,,1,1,1
54,2023-07-18,11.05,11.05,10.8,11.3,0.3535533905932738,2,2,2
54,2023-07-20,10.125,10.125,9.75,10.5,0.5303300858899106,2,2,2
54,2023-07-31,10.5,10.5,10.5,10.5,,1,1,1
54,2023-08-12,19.2,19.2,18.9,19.5,0.4242640687119295,2,2,2
54,2023-08-15,17.45,17.45,17.2,17.7,0.3535533905932738,2,2,2
54,2023-08-29,15.799999999999999,15.799999999999999,15.2,16.4,0.8485281374238566,2,2,2
54,2023-09-03,11.9,11.9,10.9,12.9,1.4142135623730951,2,2,2
54,2023-09-16,8.475,8.475,7.38,9.57,1.5485638507985398,2,2,2
54,2023-09-21,10.350000000000001,10.350000000000001,10.3,10.4,0.07071067811865513,2,2,2
54,2024-01-05,23.5,23.5,23.5,23.5,0.0,2,2,2
54,2024-01-06,26.200000000000003,26.200000000000003,24.6,27.8,2.262741699796953,2,2,2
54,2024-01-07,31.150000000000002,31.150000000000002,29.6,32.7,2.1920310216782983,2,2,2
54,2024-01-08,36.55,36.55,32.4,40.7,5.86898628384835,2,2,2
54,2024-01-09,39.95,39.95,35.6,44.3,6.151828996322958,2,2,2
54,2024-01-10,43.65,43.65,40.3,47.0,4.737615433949871,2,2,2
54,2024-01-11,53.0,53.0,51.3,54.7,2.4041630560342657,2,2,2
54,2024-01-12,54.25,54.25,53.4,55.1,1.2020815280171329,2,2,2
54,2024-01-13,52.2,52.2,49.0,55.4,4.525483399593901,2,2,2
54,2024-01-15,30.7,30.7,30.7,30.7,,1,1,1
54,2024-01-17,24.4,24.4,23.2,25.6,1.6970562748477167,2,2,2
54,2024-01-18,28.25,28.25,26.8,29.7,2.050609665440987,2,2,2
54,2024-01-19,34.7,34.7,32.3,37.1,3.3941125496954285,2,2,2
54,2024-01-20,35.8,35.8,34.6,37.0,1.6970562748477156,2,2,2
54,2024-01-22,36.4,36.4,31.4,41.4,7.0710678118654755,2,2,2
54,2024-01-23,41.25,41.25,36.8,45.7,6.293250352560277,2,2,2
54,2024-01-24,44.55,44.55,42.0,47.1,3.6062445840513906,2,2,2
54,2024-01-25,33.900000000000006,33.900000000000006,33.2,34.6,0.989949493661168,2,2,2
54,2024-01-27,30.55,30.55,29.6,31.5,1.3435028842544392,2,2,2
54,2024-01-28,28.7,28.7,28.2,29.2,0.7071067811865476,2,2,2
54,2024-01-29,19.65,19.65,17.4,21.9,3.181980515339464,2,2,2
54,2024-01-30,24.4,24.4,21.0,27.8,4.808326112068523,2,2,2
54,2024-01-31,30.1,30.1,28.9,31.3,1.6970562748477167,2,2,2
54,2024-02-03,30.200000000000003,30.200000000000003,21.8,38.6,11.879393923934,2,2,2
54,2024-02-04,40.55,40.55,23.2,57.9,24.536605307173197,2,2,2
54,2024-02-05,51.800000000000004,51.800000000000004,38.2,65.4,19.233304448274094,2,2,2
54,2024-02-06,45.95,45.95,39.6,52.3,8.980256121069154,2,2,2
54,2024-02-07,43.85,43.85,34.0,53.7,13.930003589374987,2,2,2
54,2024-02-09,49.85,49.85,48.0,51.7,2.616295090390228,2,2,2
54,2024-02-10,51.1,51.1,43.2,59.0,11.172287142747448,2,2,2
54,2024-02-13,47.7,47.7,44.6,50.8,4.384062043356594,2,2,2
54,2024-02-14,56.8,56.8,50.9,62.7,8.34386001800126,2,2,2
54,2024-02-15,63.699999999999996,63.699999999999996,55.3,72.1,11.879393923933996,2,2,2
54,2024-02-16,58.95,58.95,52.6,65.3,8.980256121069154,2,2,2
54,2024-02-17,66.25,66.25,66.2,66.3,0.07071067811865074,2,2,2
54,2024-02-18,56.7,56.7,54.9,58.5,2.5455844122715696,2,2,2
54,2024-02-19,40.95,40.95,40.5,41.4,0.6363961030678893,2,2,2
54,2024-02-20,40.85,40.85,40.7,41.0,0.21213203435596223,2,2,2
54,2024-02-21,35.2,35.2,34.4,36.0,1.1313708498984796,2,2,2
54,2024-02-22,34.8,34.8,33.9,35.7,1.272792206135786,2,2,2
54,2024-02-23,35.7,35.7,35.7,35.7,,1,1,1
54,2024-02-24,39.25,39.25,39.1,39.4,0.21213203435596223,2,2,2
54,2024-02-25,40.9,40.9,40.4,41.4,0.7071067811865476,2,2,2
54,2024-02-26,46.900000000000006,46.900000000000006,43.7,50.1,4.525483399593906,2,2,2
54,2024-02-28,56.9,56.9,56.0,57.8,1.2727922061357835,2,2,2
54,2024-02-29,60.65,60.65,59.3,62.0,1.9091883092036803,2,2,2
54,2024-03-01,46.95,46.95,43.6,50.3,4.737615433949868,2,2,2
54,2024-03-02,48.6,48.6,45.7,51.5,4.101219330881974,2,2,2
54,2024-03-03,53.95,53.95,50.0,57.9,5.586143571373727,2,2,2
54,2024-03-04,50.849999999999994,50.849999999999994,46.8,54.9,5.727564927611033,2,2,2
54,2024-03-06,78.75,78.75,56.5,101.0,31.466251762801363,2,2,2
54,2024-03-07,104.3,104.3,83.6,125.0,29.27422074112307,2,2,2
54,2024-03-13,47.0,47.0,47.0,47.0,,1,1,1
54,2024-03-14,52.6,52.6,52.6,52.6,,1,1,1
54,2024-03-15,72.2,72.2,58.0,86.4,20.081832585697953,2,2,2
54,2024-03-17,62.0,62.0,54.9,69.1,10.040916292848975,2,2,2
54,2024-03-20,42.65,42.65,38.4,46.9,6.010407640085654,2,2,2
54,2024-03-23,36.65,36.65,32.4,40.9,6.010407640085654,2,2,2
54,2024-03-24,39.9,39.9,38.0,41.8,2.6870057685088784,2,2,2
54,2024-03-25,43.95,43.95,43.7,44.2,0.3535533905932738,2,2,2
54,2024-03-26,56.05,56.05,56.0,56.1,0.07071067811865324,2,2,2
54,2024-03-27,46.1,46.1,43.2,49.0,4.101219330881974,2,2,2
54,2024-03-28,50.25,50.25,47.8,52.7,3.4648232278140867,2,2,2
54,2024-03-29,68.2,68.2,54.1,82.3,19.940411229460633,2,2,2
54,2024-03-30,50.5,50.5,49.8,51.2,0.9899494936611706,2,2,2
54,2024-03-31,61.55,61.55,61.2,61.9,0.49497474683057774,2,2,2
54,2024-04-01,79.44999999999999,79.44999999999999,78.8,80.1,0.9192388155425147,2,2,2
54,2024-04-02,90.65,90.65,87.5,93.8,4.454772721475242,2,2,2
54,2024-04-03,90.6,90.6,85.7,95.5,6.929646455628169,2,2,2
54,2024-04-04,76.5,76.5,75.7,77.3,1.131370849898472,2,2,2
54,2024-04-05,77.05,77.05,74.5,79.6,3.6062445840513884,2,2,2
54,2024-04-06,77.85,77.85,73.2,82.5,6.576093065034884,2,2,2
54,2024-04-07,85.5,85.5,82.2,88.8,4.66690475583121,2,2,2
54,2024-04-08,70.0,70.0,69.0,71.0,1.4142135623730951,2,2,2
54,2024-04-10,51.400000000000006,51.400000000000006,50.7,52.1,0.989949493661163,2,2,2
54,2024-04-11,57.3,57.3,44.0,70.6,18.80904037956216,2,2,2
54,2024-04-12,39.25,39.25,37.3,41.2,2.7577164466275392,2,2,2
54,2024-04-13,41.25,41.25,38.1,44.4,4.454772721475248,2,2,2
54,2024-04-14,53.95,53.95,49.8,58.1,5.868986283848345,2,2,2
54,2024-04-15,49.4,49.4,46.0,52.8,4.808326112068521,2,2,2
54,2024-04-16,42.900000000000006,42.900000000000006,39.2,46.6,5.2325901807804485,2,2,2
54,2024-04-17,42.05,42.05,40.2,43.9,2.616295090390225,2,2,2
54,2024-04-18,56.55,56.55,54.5,58.6,2.8991378028648485,2,2,2
54,2024-04-19,68.6,68.6,65.9,71.3,3.8183766184073558,2,2,2
54,2024-04-20,52.8,52.8,51.2,54.4,2.2627416997969516,2,2,2
54,2024-04-21,61.449999999999996,61.449999999999996,53.8,69.1,10.818733752154175,2,2,2
54,2024-04-22,62.3,62.3,57.1,67.5,7.353910524340096,2,2,2
54,2024-04-23,65.94999999999999,65.94999999999999,59.3,72.6,9.404520189781085,2,2,2
54,2024-04-24,60.5,60.5,56.1,64.9,6.222539674441624,2,2,2
54,2024-04-25,53.2,53.2,49.6,56.8,5.091168824543137,2,2,2
54,2024-04-26,53.8,53.8,48.8,58.8,7.0710678118654755,2,2,2
54,2024-04-27,52.15,52.15,50.4,53.9,2.4748737341529163,2,2,2
54,2024-04-28,60.15,60.15,56.3,64.0,5.444722215136418,2,2,2
54,2024-04-29,52.7,52.7,48.4,57.0,6.081118318204307,2,2,2
54,2024-04-30,53.0,53.0,49.4,56.6,5.091168824543144,2,2,2
54,2024-05-01,61.599999999999994,61.599999999999994,55.9,67.3,8.061017305526644,2,2,2
54,2024-05-02,91.75,91.75,80.5,103.0,15.90990257669732,2,2,2
54,2024-05-03,74.9,74.9,74.9,74.9,,1,1,1
54,2024-05-04,49.5,49.5,49.5,49.5,,1,1,1
54,2024-05-05,54.75,54.75,54.4,55.1,0.4949747468305853,2,2,2
54,2024-05-06,60.8,60.8,58.9,62.7,2.687005768508886,2,2,2
54,2024-05-07,57.45,57.45,53.4,61.5,5.727564927611033,2,2,2
54,2024-05-08,28.75,28.75,28.2,29.3,0.7778174593052033,2,2,2
54,2024-05-09,31.1,31.1,30.4,31.8,0.9899494936611692,2,2,2
54,2024-05-10,27.65,27.65,27.0,28.3,0.9192388155425111,2,2,2
54,2024-05-11,21.0,21.0,20.2,21.8,1.1313708498984771,2,2,2
54,2024-05-12,14.3,14.3,13.6,15.0,0.9899494936611661,2,2,2
54,2024-05-13,21.15,21.15,17.5,24.8,5.161879502661798,2,2,2
54,2024-05-14,13.7,13.7,13.1,14.3,0.8485281374238584,2,2,2
54,2024-05-15,15.2,15.2,14.6,15.8,0.8485281374238584,2,2,2
54,2024-05-16,23.45,23.45,23.4,23.5,0.07071067811865576,2,2,2
54,2024-05-17,29.9,34.300000000000004,27.6,45.4,9.681425514871247,3,3,3
54,2024-05-18,26.7,26.766666666666666,23.6,30.0,3.200520790954706,3,3,3
54,2024-05-19,28.55,28.55,23.9,33.2,6.576093065034895,2,2,2
54,2024-05-20,20.65,20.65,16.2,25.1,6.293250352560276,2,2,2
54,2024-05-21,14.3,14.3,14.3,14.3,,1,1,1
54,2024-05-22,9.79,9.79,8.28,11.3,2.135462479183375,2,2,2
54,2024-05-23,11.035,11.035,9.77,12.3,1.788980156401966,2,2,2
54,2024-05-24,7.41,7.41,6.85,7.97,0.791959594928933,2,2,2
54,2024-05-25,8.0,8.0,6.71,9.29,1.8243354954612918,2,2,2
54,2024-05-26,11.399999999999999,11.399999999999999,10.1,12.7,1.838477631085024,2,2,2
54,2024-05-27,8.735,8.735,7.54,9.93,1.6899852070358485,2,2,2
54,2024-05-28,9.16,9.16,8.76,9.56,0.5656854249492386,2,2,2
54,2024-05-29,11.649999999999999,11.649999999999999,11.1,12.2,0.7778174593052026,2,2,2
54,2024-05-30,8.685,8.685,7.54,9.83,1.6192745289171935,2,2,2
54,2024-05-31,10.295,10.295,9.99,10.6,0.43133513652379357,2,2,2
54,2024-06-01,13.7,13.7,13.7,13.7,0.0,2,2,2
54,2024-06-02,9.280000000000001,9.280000000000001,8.8,9.76,0.6788225099390843,2,2,2
54,2024-06-03,6.33,6.33,5.83,6.83,0.7071067811865476,2,2,2
54,2024-06-04,8.395,8.395,6.69,10.1,2.411234123846127,2,2,2
54,2024-06-05,10.815,10.815,9.53,12.1,1.8172644276494274,2,2,2
54,2024-06-06,6.605,6.605,5.7,7.51,1.2798632739476503,2,2,2
54,2024-06-07,7.62,7.62,6.41,8.83,1.711198410471445,2,2,2
54,2024-06-08,9.24,9.24,7.58,10.9,2.3475945135393377,2,2,2
54,2024-06-09,15.0,15.0,12.8,17.2,3.1112698372208083,2,2,2
54,2024-06-10,16.4,16.4,15.4,17.4,1.4142135623730945,2,2,2
54,2024-06-11,10.524999999999999,10.524999999999999,9.95,11.1,0.8131727983645305,2,2,2
54,2024-06-12,8.14,8.14,7.43,8.85,1.0040916292848967,2,2,2
54,2024-06-13,8.925,8.925,7.25,10.6,2.368807716974933,2,2,2
54,2024-06-14,10.145,10.145,8.39,11.9,2.4819448019647825,2,2,2
54,2024-06-15,9.309999999999999,9.309999999999999,7.92,10.7,1.9657568516986024,2,2,2
54,2024-06-16,10.155000000000001,10.155000000000001,9.01,11.3,1.619274528917194,2,2,2
54,2024-06-17,11.6,11.6,10.2,13.0,1.9798989873223336,2,2,2
54,2024-06-18,7.53,8.78,7.11,11.7,2.5374987684726067,3,3,3
54,2024-06-19,12.6,11.956666666666665,8.87,14.4,2.8205732277913538,3,3,3
54,2024-06-20,11.625,11.625,9.85,13.4,2.510229073212244,2,2,2
54,2024-06-21,9.75,9.75,7.7,11.8,2.899137802864846,2,2,2
54,2024-06-22,14.9,14.133333333333333,10.2,17.3,3.611555528208494,3,3,3
54,2024-06-23,11.6,11.433333333333332,10.4,12.3,0.9609023536933046,3,3,3
54,2024-06-24,7.11,7.673333333333333,5.95,9.96,2.063500262498974,3,3,3
54,2024-06-25,8.26,8.26,7.37,9.15,1.2586500705120551,2,2,2
54,2024-06-26,8.26,8.26,8.26,8.26,,1,1,1
54,2024-06-27,10.3,10.3,10.3,10.3,,1,1,1
54,2024-06-29,9.9,9.443333333333333,8.13,10.3,1.1548304348835523,3,3,3
54,2024-06-30,8.3,8.540000000000001,7.35,9.97,1.3263860674780934,3,3,3
54,2024-07-01,6.67,6.67,6.67,6.67,,1,1,1
54,2024-07-02,10.305,10.305,9.01,11.6,1.831406563273158,2,2,2
54,2024-07-08,21.5,21.5,21.5,21.5,,1,1,1
54,2024-07-09,12.8,13.233333333333334,11.0,15.9,2.4785748593361743,3,3,3
54,2024-07-12,9.515,9.515,7.23,11.8,3.231477990022522,2,2,2
54,2024-07-13,12.7,11.876666666666667,9.63,13.3,1.9686628287579704,3,3,3
54,2024-07-14,12.370000000000001,12.370000000000001,9.74,15.0,3.719381669041239,2,2,2
54,2024-07-15,9.07,9.07,9.07,9.07,,1,1,1
54,2024-07-16,7.68,7.68,7.68,7.68,,1,1,1
54,2024-07-17,8.84,9.093333333333334,6.94,11.5,2.2905312338698485,3,3,3
54,2024-07-18,6.65,6.843333333333334,6.41,7.47,0.5558177159225253,3,3,3
54,2024-07-19,7.58,7.330000000000001,6.62,7.79,0.6237788069500279,3,3,3
54,2024-07-20,6.61,6.946666666666666,5.44,8.79,1.7001862643055705,3,3,3
54,2024-07-21,6.52,6.52,6.52,6.52,,1,1,1
54,2024-07-22,8.93,8.93,8.6,9.26,0.4666904755831215,2,2,2
54,2024-07-23,8.26,8.26,8.26,8.26,,1,1,1
54,2024-07-24,9.53,9.53,9.53,9.53,,1,1,1
54,2024-07-25,9.365,9.365,7.73,11.0,2.3122391744800104,2,2,2
54,2024-07-27,10.4,10.703333333333333,9.31,12.4,1.5671736768250457,3,3,3
54,2024-07-30,8.8,8.8,7.8,9.8,1.4142135623730954,2,2,2
54,2024-07-31,7.98,7.98,7.98,7.98,,1,1,1
54,2024-08-01,9.99,9.99,9.99,9.99,,1,1,1
54,2024-08-03,9.1,9.1,9.1,9.1,,1,1,1
54,2024-08-04,7.47,7.47,7.47,7.47,,1,1,1
54,2024-08-07,9.61,10.073333333333332,7.81,12.8,2.5270602156128645,3,3,3
54,2024-08-08,8.0,7.336666666666666,4.81,9.2,2.26892779376809,3,3,3
54,2024-08-09,11.205,11.205,9.71,12.7,2.1142492757477758,2,2,2
54,2024-08-10,11.399999999999999,11.399999999999999,10.7,12.1,0.9899494936611675,2,2,2
54,2024-08-11,10.41,10.41,9.92,10.9,0.6929646455628169,2,2,2
54,2024-08-12,11.65,11.65,10.8,12.5,1.2020815280171302,2,2,2
54,2024-08-14,9.52,9.52,9.52,9.52,,1,1,1
54,2024-08-15,9.94,9.94,9.78,10.1,0.2262741699796954,2,2,2
54,2024-08-16,10.1,10.1,10.1,10.1,,1,1,1
54,2024-08-19,10.2,10.2,10.2,10.2,,1,1,1
54,2024-08-20,7.585,7.585,7.24,7.93,0.48790367901871745,2,2,2
54,2024-08-22,8.05,8.05,8.05,8.05,,1,1,1
54,2024-08-23,8.37,8.37,7.22,9.52,1.6263455967290594,2,2,2
54,2024-08-24,5.1,5.1,5.1,5.1,,1,1,1
54,2024-08-25,7.67,7.67,7.47,7.87,0.2828427124746193,2,2,2
54,2024-08-26,7.55,7.55,7.55,7.55,,1,1,1
54,2024-08-30,7.654999999999999,7.654999999999999,6.94,8.37,1.0111626970967618,2,2,2
54,2024-08-31,8.58,8.58,8.58,8.58,,1,1,1
54,2024-09-01,9.895,9.895,8.59,11.2,1.8455486988968888,2,2,2
54,2024-09-02,9.235,9.235,8.58,9.89,0.9263098833543782,2,2,2
54,2024-09-04,9.969999999999999,9.969999999999999,8.04,11.9,2.729432175380075,2,2,2
54,2024-09-14,10.75,10.75,10.1,11.4,0.9192388155425123,2,2,2
54,2024-09-17,13.8,13.8,11.4,16.2,3.3941125496954268,2,2,2
54,2024-09-24,7.54,7.54,7.54,7.54,,1,1,1
54,2024-09-26,13.3,13.3,13.3,13.3,,1,1,1
54,2024-10-06,13.7,13.7,13.7,13.7,,1,1,1
54,2024-10-07,41.0,41.0,41.0,41.0,,1,1,1
54,2024-10-08,37.8,37.8,37.8,37.8,,1,1,1
54,2024-10-15,23.1,23.1,23.1,23.1,,1,1,1
54,2024-10-16,20.8,20.8,20.8,20.8,,1,1,1
54,2024-10-17,16.65,16.65,12.5,20.8,5.868986283848346,2,2,2
54,2024-10-18,20.1,20.1,20.1,20.1,,1,1,1
54,2024-10-19,11.7,11.7,11.7,11.7,,1,1,1
54,2024-10-20,6.39,6.39,6.39,6.39,,1,1,1
54,2024-10-21,11.7,11.7,11.7,11.7,,1,1,1
54,2024-10-22,11.1,11.1,11.1,11.1,,1,1,1
54,2024-10-23,22.8,22.8,22.8,22.8,,1,1,1
54,2024-11-01,18.5,18.5,18.5,18.5,,1,1,1
54,2024-11-03,20.35,20.35,18.4,22.3,2.7577164466275357,2,2,2
54,2024-11-14,10.7,10.7,10.7,10.7,,1,1,1
54,2024-11-16,19.799999999999997,19.799999999999997,19.4,20.2,0.5656854249492398,2,2,2
54,2024-12-10,0.0,0.0,0.0,0.0,,1,1,1
54,2024-12-20,0.0,0.0,0.0,0.0,,1,1,1
54,2024-12-21,0.0,0.0,0.0,0.0,,1,1,1
54,2024-12-22,0.0,0.0,0.0,0.0,,1,1,1
54,2024-12-23,0.0,0.0,0.0,0.0,,1,1,1
54,2024-12-24,0.0,0.0,0.0,0.0,,1,1,1
54,2024-12-27,0.0,0.0,0.0,0.0,,1,1,1
54,2024-12-28,0.0,0.0,0.0,0.0,,1,1,1
54,2024-12-29,0.0,0.0,0.0,0.0,,1,1,1
54,2024-12-30,0.0,0.0,0.0,0.0,,1,1,1
54,2024-12-31,0.0,0.0,0.0,0.0,,1,1,1
54,2025-01-01,0.0,0.0,0.0,0.0,,1,1,1
54,2025-01-02,0.0,0.0,0.0,0.0,,1,1,1
54,2025-01-03,0.0,0.0,0.0,0.0,,1,1,1
54,2025-01-04,0.0,0.0,0.0,0.0,,1,1,1
54,2025-01-05,0.0,0.0,0.0,0.0,,1,1,1
54,2025-01-06,0.0,0.0,0.0,0.0,,1,1,1
54,2025-01-08,0.0,0.0,0.0,0.0,,1,1,1
54,2025-01-09,0.0,0.0,0.0,0.0,,1,1,1
54,2025-01-10,0.0,0.0,0.0,0.0,,1,1,1
54,2025-01-11,0.0,0.0,0.0,0.0,,1,1,1
54,2025-01-19,38.1,38.1,36.6,39.6,2.1213203435596424,2,2,2
54,2025-01-24,56.2,56.2,51.5,60.9,6.646803743153543,2,2,2
54,2025-01-25,56.099999999999994,56.099999999999994,53.9,58.3,3.1112698372208105,2,2,2
54,2025-01-26,48.1,48.1,45.0,51.2,4.384062043356597,2,2,2
54,2025-01-31,45.55,45.55,45.0,46.1,0.7778174593052057,2,2,2
54,2025-02-01,46.15,46.15,45.0,47.3,1.6263455967290572,2,2,2
54,2025-02-02,39.75,39.75,38.3,41.2,2.0506096654409918,2,2,2
54,2025-02-03,39.75,39.75,36.2,43.3,5.020458146424484,2,2,2
54,2025-02-04,48.65,48.65,45.0,52.3,5.161879502661795,2,2,2
54,2025-02-05,44.25,44.25,40.0,48.5,6.010407640085654,2,2,2
54,2025-02-06,44.85,44.85,43.7,46.0,1.6263455967290572,2,2,2
54,2025-02-07,47.4,47.4,47.0,47.8,0.565685424949236,2,2,2
54,2025-02-08,45.65,45.65,44.5,46.8,1.6263455967290572,2,2,2
54,2025-02-09,36.5,36.5,33.0,40.0,4.949747468305833,2,2,2
54,2025-02-10,34.15,34.15,32.9,35.4,1.7677669529663689,2,2,2
54,2025-02-11,43.2,43.2,39.6,46.8,5.091168824543142,2,2,2
54,2025-02-12,49.1,49.1,43.2,55.0,8.343860018001259,2,2,2
54,2025-02-13,54.75,54.75,46.9,62.6,11.101576464628799,2,2,2
54,2025-02-14,50.1,45.166666666666664,12.8,72.6,30.20369734541341,3,3,3
54,2025-02-15,71.85,71.85,52.9,90.8,26.799347006970148,2,2,2
54,2025-02-16,75.4,75.4,51.0,99.8,34.50681092190352,2,2,2
54,2025-02-17,63.8,53.833333333333336,13.8,83.9,36.09713746730249,3,3,3
54,2025-02-18,57.1,47.86666666666667,14.1,72.4,30.226864431054263,3,3,3
54,2025-02-19,55.4,55.4,55.4,55.4,,1,1,1
54,2025-02-20,40.1,40.1,40.1,40.1,,1,1,1
54,2025-02-21,36.5,24.766666666666666,0.0,37.8,21.4584093849785,3,3,3
54,2025-02-22,33.55,33.55,33.0,34.1,0.7778174593052007,2,2,2
54,2025-02-23,30.8,30.8,30.3,31.3,0.7071067811865476,2,2,2
54,2025-02-24,23.0,23.0,22.0,24.0,1.4142135623730951,2,2,2
54,2025-02-25,16.05,16.05,14.1,18.0,2.757716446627536,2,2,2
54,2025-02-26,10.75,10.75,10.4,11.1,0.49497474683058273,2,2,2
54,2025-02-27,10.9,10.536666666666667,8.71,12.0,1.6748233737720915,3,3,3
54,2025-02-28,15.3,15.4,15.2,15.7,0.2645751311064585,3,3,3
54,2025-03-01,19.05,19.05,14.5,23.6,6.434671708797584,2,2,2
54,2025-03-02,22.0,22.0,12.0,32.0,14.142135623730951,2,2,2
54,2025-03-03,26.7,25.166666666666668,14.3,34.5,10.186919717624821,3,3,3
54,2025-03-04,35.9,31.333333333333332,14.6,43.5,14.981432953270303,3,3,3
54,2025-03-05,42.6,36.76666666666667,16.6,51.1,17.97451900144572,3,3,3
54,2025-03-06,57.55,57.55,55.3,59.8,3.181980515339464,2,2,2
54,2025-03-07,53.65,53.65,46.3,61.0,10.394469683442251,2,2,2
54,2025-03-08,48.6,48.6,43.0,54.2,7.919595949289334,2,2,2
54,2025-03-10,26.35,26.35,24.9,27.8,2.0506096654409904,2,2,2
54,2025-03-11,29.55,29.55,28.5,30.6,1.4849242404917509,2,2,2
54,2025-03-12,34.150000000000006,34.150000000000006,32.6,35.7,2.192031021678301,2,2,2
54,2025-03-13,34.5,34.5,33.7,35.3,1.131370849898472,2,2,2
54,2025-03-14,23.6,23.6,23.3,23.9,0.42426406871192573,2,2,2
54,2025-03-15,28.950000000000003,28.950000000000003,28.6,29.3,0.4949747468305815,2,2,2
54,2025-03-17,53.25,53.25,50.6,55.9,3.7476659402887,2,2,2
54,2025-03-18,40.9,32.733333333333334,13.9,43.4,16.357974609753292,3,3,3
54,2025-03-19,47.1,31.7,0.0,48.0,27.456693173068018,3,3,3
54,2025-03-20,35.1,28.950000000000003,5.55,46.2,21.011246988220382,3,3,3
54,2025-03-21,53.9,41.43333333333333,12.3,58.1,25.317451161863296,3,3,3
54,2025-03-22,76.1,59.099999999999994,14.6,86.6,38.89408695418881,3,3,3
54,2025-03-23,85.0,68.2,19.6,100.0,42.75184206557655,3,3,3
54,2025-03-24,83.9,74.83333333333333,25.6,115.0,45.38439526239535,3,3,3
54,2025-03-25,96.8,96.8,81.6,112.0,21.49604614807105,2,2,2
54,2025-03-26,83.4,83.4,72.4,94.4,15.556349186104045,2,2,2
54,2025-03-27,77.15,77.15,65.0,89.3,17.18269478283311,2,2,2
54,2025-03-28,71.80000000000001,71.80000000000001,56.7,86.9,21.354624791833743,2,2,2
54,2025-03-29,64.35,64.35,57.2,71.5,10.111626970967622,2,2,2
54,2025-03-30,60.55,60.55,54.3,66.8,8.838834764831844,2,2,2
54,2025-03-31,51.05,51.05,49.1,53.0,2.7577164466275317,2,2,2
54,2025-04-01,42.75,42.75,42.7,42.8,0.07071067811865074,2,2,2
54,2025-04-02,47.8,47.8,44.2,51.4,5.091168824543137,2,2,2
54,2025-04-03,48.6,43.9,20.7,62.4,21.243587267690923,3,3,3
54,2025-04-04,51.5,45.63333333333333,20.8,64.6,22.481622124155837,3,3,3
54,2025-04-05,54.3,42.4,14.7,58.2,24.068028585656947,3,3,3
54,2025-04-06,33.1,26.533333333333335,12.8,33.7,11.897198549798746,3,3,3
54,2025-04-07,22.6,21.133333333333333,13.6,27.2,6.917610377387073,3,3,3
54,2025-04-08,24.6,24.6,22.4,26.8,3.111269837220809,2,2,2
54,2025-04-09,31.45,31.45,27.0,35.9,6.293250352560272,2,2,2
54,2025-04-10,34.0,34.0,31.7,36.3,3.2526911934581184,2,2,2
54,2025-04-11,35.400000000000006,35.400000000000006,34.6,36.2,1.1313708498984745,2,2,2
54,2025-04-12,24.15,24.15,22.8,25.5,1.909188309203679,2,2,2
54,2025-04-13,16.4,16.4,14.8,18.0,2.262741699796953,2,2,2
54,2025-04-14,12.25,12.25,10.9,13.6,1.9091883092036779,2,2,2
54,2025-04-15,11.995,11.995,9.79,14.2,3.1183409050326745,2,2,2
54,2025-04-16,14.8,14.8,11.8,17.8,4.242640687119285,2,2,2
54,2025-04-17,14.450000000000001,14.450000000000001,12.8,16.1,2.333452377915607,2,2,2
54,2025-04-18,13.35,13.35,11.7,15.0,2.333452377915607,2,2,2
54,2025-04-19,20.7,20.7,15.7,25.7,7.0710678118654755,2,2,2
54,2025-04-20,16.6,16.6,14.0,19.2,3.676955262170045,2,2,2
54,2025-04-21,16.8,16.8,14.6,19.0,3.1112698372208087,2,2,2
54,2025-04-22,26.65,26.65,25.5,27.8,1.626345596729061,2,2,2
54,2025-04-23,32.05,32.05,30.4,33.7,2.3334523779156124,2,2,2
54,2025-05-07,22.5,22.5,22.5,22.5,,1,1,1
54,2025-05-08,24.9,20.666666666666668,11.3,25.8,8.124243554530683,3,3,3
54,2025-05-09,19.549999999999997,19.549999999999997,17.4,21.7,3.040559159102156,2,2,2
54,2025-05-10,18.55,18.55,17.8,19.3,1.0606601717798212,2,2,2
54,2025-05-11,18.0,18.0,17.6,18.4,0.565685424949236,2,2,2
54,2025-05-12,14.35,14.35,14.2,14.5,0.21213203435596475,2,2,2
54,2025-05-13,16.299999999999997,16.299999999999997,14.7,17.9,2.262741699796953,2,2,2
54,2025-05-14,16.2,16.2,15.7,16.7,0.7071067811865476,2,2,2
54,2025-05-15,11.35,11.35,10.5,12.2,1.2020815280171302,2,2,2
54,2025-05-16,10.95,10.95,10.8,11.1,0.21213203435596414,2,2,2
54,2025-05-17,13.65,13.65,12.9,14.4,1.0606601717798212,2,2,2
54,2025-05-18,13.2,13.2,12.8,13.6,0.5656854249492379,2,2,2
54,2025-05-19,12.6,12.6,12.6,12.6,,1,1,1
54,2025-05-20,11.05,11.05,10.1,12.0,1.3435028842544399,2,2,2
54,2025-05-21,12.45,12.45,11.6,13.3,1.2020815280171322,2,2,2
54,2025-05-22,11.95,11.95,11.2,12.7,1.0606601717798212,2,2,2
54,2025-05-23,13.6,13.6,13.0,14.2,0.8485281374238566,2,2,2
54,2025-05-24,10.6,10.6,10.5,10.7,0.141421356237309,2,2,2
54,2025-05-25,10.024999999999999,10.024999999999999,9.85,10.2,0.24748737341529076,2,2,2
54,2025-05-26,8.845,8.845,7.89,9.8,1.3505739520663063,2,2,2
54,2025-05-27,9.415,9.415,8.85,9.98,0.7990306627407998,2,2,2
54,2025-05-28,8.74,8.74,7.85,9.63,1.2586500705120554,2,2,2
54,2025-05-29,11.2,11.2,10.1,12.3,1.555634918610406,2,2,2
54,2025-06-01,9.78,9.78,9.36,10.2,0.5939696961966998,2,2,2
54,2025-06-02,9.98,9.98,9.66,10.3,0.4525483399593908,2,2,2
54,2025-06-03,12.25,12.25,11.3,13.2,1.3435028842544392,2,2,2
54,2025-06-04,17.299999999999997,17.299999999999997,16.9,17.7,0.5656854249492398,2,2,2
54,2025-06-05,20.049999999999997,20.049999999999997,18.2,21.9,2.6162950903902265,2,2,2
54,2025-06-06,22.25,22.25,22.1,22.4,0.21213203435596223,2,2,2
54,2025-06-07,19.450000000000003,19.450000000000003,17.6,21.3,2.6162950903902242,2,2,2
54,2025-06-08,18.65,18.65,17.6,19.7,1.4849242404917495,2,2,2
54,2025-06-09,16.35,16.35,15.2,17.5,1.6263455967290585,2,2,2
54,2025-06-10,16.25,16.25,15.3,17.2,1.3435028842544392,2,2,2
54,2025-06-11,11.55,11.55,11.2,11.9,0.4949747468305834,2,2,2
54,2025-06-12,10.58,10.58,9.86,11.3,1.0182337649086295,2,2,2
54,2025-06-13,12.05,12.05,10.4,13.7,2.3334523779156053,2,2,2
54,2025-06-14,12.2,12.2,11.3,13.1,1.2727922061357855,2,2,2
54,2025-06-15,9.825,9.825,8.55,11.1,1.8031222920256962,2,2,2
54,2025-06-16,9.45,9.45,8.1,10.8,1.9091883092036797,2,2,2
54,2025-06-17,11.3,11.3,10.1,12.5,1.6970562748477136,2,2,2
54,2025-06-18,10.795,10.795,9.89,11.7,1.27986327394765,2,2,2
54,2025-06-19,10.07,10.07,9.34,10.8,1.03237590053236,2,2,2
54,2025-06-20,11.0,11.0,10.0,12.0,1.4142135623730951,2,2,2
54,2025-06-21,11.4,11.4,10.3,12.5,1.5556349186104041,2,2,2
54,2025-06-22,13.100000000000001,13.100000000000001,12.9,13.3,0.2828427124746186,2,2,2
54,2025-06-23,10.35,10.35,10.2,10.5,0.21213203435596475,2,2,2
54,2025-06-24,10.5,10.5,10.4,10.6,0.141421356237309,2,2,2
54,2025-06-25,12.35,12.35,12.0,12.7,0.49497474683058273,2,2,2
54,2025-06-26,13.100000000000001,13.100000000000001,12.9,13.3,0.2828427124746186,2,2,2
54,2025-06-27,10.9,10.9,10.5,11.3,0.5656854249492386,2,2,2
54,2025-06-28,9.065000000000001,9.065000000000001,8.98,9.15,0.1202081528017124,2,2,2
54,2025-06-29,9.8,9.8,9.61,9.99,0.268700576850888,2,2,2
54,2025-06-30,12.649999999999999,12.649999999999999,12.6,12.7,0.07071067811865388,2,2,2
54,2025-08-07,9.04,9.04,9.04,9.04,,1,1,1
54,2025-08-14,11.3,11.3,11.3,11.3,,1,1,1
54,2025-08-16,1.18,1.18,1.18,1.18,,1,1,1
54,2025-08-21,12.1,12.1,12.1,12.1,,1,1,1
54,2025-08-26,8.39,8.39,7.22,9.56,1.6546298679765215,2,2,2
54,2025-08-27,6.425,6.425,5.67,7.18,1.0677312395916867,2,2,2
54,2025-08-28,8.155,8.155,6.71,9.6,2.0435385976291225,2,2,2
54,2025-08-29,9.95,9.783333333333333,9.4,10.0,0.33291640592396876,3,3,3
54,2025-08-30,11.4,11.4,10.0,12.8,1.9798989873223336,2,2,2
54,2025-08-31,7.949999999999999,7.949999999999999,6.39,9.51,2.2061731573020285,2,2,2
54,2025-09-01,5.74,5.74,4.53,6.95,1.711198410471445,2,2,2
54,2025-09-02,6.720000000000001,6.720000000000001,5.7,7.74,1.4424978336205567,2,2,2
54,2025-09-04,9.43,9.43,7.36,11.5,2.927422074112307,2,2,2
54,2025-09-05,11.15,11.15,10.5,11.8,0.9192388155425123,2,2,2
54,2025-09-06,10.469999999999999,10.469999999999999,9.74,11.2,1.0323759005323594,2,2,2
54,2025-09-07,9.0,9.0,8.33,9.67,0.9475230867899735,2,2,2
54,2025-09-08,8.41,8.41,8.39,8.43,0.028284271247461298,2,2,2
54,2025-09-09,7.035,7.035,6.47,7.6,0.7990306627407984,2,2,2
54,2025-09-10,7.415,7.415,6.4,8.43,1.435426765808691,2,2,2
54,2025-09-11,7.13,7.13,6.35,7.91,1.1030865786510144,2,2,2
54,2025-09-12,8.75,8.83,7.34,10.4,1.5315678241592832,3,3,3
54,2025-09-13,9.46,8.923333333333334,7.59,9.72,1.161995410203213,3,3,3
54,2025-09-14,7.4,7.4,7.4,7.4,,1,1,1
54,2025-09-15,10.2,9.193333333333333,5.88,11.5,2.9421307471513454,3,3,3
54,2025-09-16,8.82,7.79,5.25,9.3,2.212758459479932,3,3,3
54,2025-09-17,7.779999999999999,7.779999999999999,7.37,8.19,0.5798275605729689,2,2,2
54,2025-09-18,8.940000000000001,8.940000000000001,8.0,9.88,1.3293607486307093,2,2,2
54,2025-09-19,9.785,9.785,7.87,11.7,2.708218971944476,2,2,2
54,2025-09-20,10.7,10.7,10.7,10.7,,1,1,1
54,2025-09-21,9.83,9.83,9.83,9.83,,1,1,1
54,2025-09-22,10.3,10.3,10.3,10.3,,1,1,1
54,2025-09-23,8.285,8.285,5.97,10.6,3.273904396893715,2,2,2
54,2025-09-24,8.07,7.646666666666666,5.68,9.19,1.792884082514353,3,3,3
54,2025-09-25,6.2,6.693333333333334,5.98,7.9,1.050777489925119,3,3,3
54,2025-09-26,7.67,6.986666666666667,3.19,10.1,3.5053150119972574,3,3,3
54,2025-09-27,7.48,6.843333333333334,4.0,9.05,2.584498661894282,3,3,3
54,2025-09-28,6.3,6.636666666666667,4.91,8.7,1.9172984465996241,3,3,3
54,2025-09-29,7.8,7.8,7.8,7.8,,1,1,1
54,2025-09-30,7.82,7.82,7.53,8.11,0.41012193308819667,2,2,2
54,2025-10-01,7.995,7.995,7.23,8.76,1.0818733752154173,2,2,2
54,2025-10-02,9.754999999999999,9.754999999999999,8.91,10.6,1.1950104602052656,2,2,2
54,2025-10-03,10.57,10.57,9.64,11.5,1.315218613006978,2,2,2
54,2025-10-04,11.55,11.55,10.4,12.7,1.6263455967290579,2,2,2
54,2025-10-05,10.96,10.96,9.42,12.5,2.1778888860545655,2,2,2
54,2025-10-06,12.05,12.05,11.1,13.0,1.3435028842544399,2,2,2
54,2025-10-07,11.5,11.5,10.4,12.6,1.5556349186104041,2,2,2
54,2025-10-08,11.45,11.45,10.6,12.3,1.2020815280171322,2,2,2
54,2025-10-09,11.75,11.75,11.6,11.9,0.21213203435596475,2,2,2
54,2025-10-10,11.6,11.6,11.5,11.7,0.141421356237309,2,2,2
54,2025-10-13,0.885,0.885,0.885,0.885,,1,1,1
54,2025-10-14,0.0,0.0,0.0,0.0,,1,1,1
54,2025-10-15,1.38,1.38,1.38,1.38,,1,1,1
54,2025-10-16,2.69,2.69,2.69,2.69,,1,1,1
54,2025-10-17,4.73,4.73,4.73,4.73,,1,1,1
54,2025-10-18,5.66,5.66,5.66,5.66,,1,1,1
54,2025-10-19,6.04,6.04,6.04,6.04,,1,1,1
54,2025-10-20,8.34,8.34,8.34,8.34,,1,1,1
54,2025-10-21,21.3,21.3,21.3,21.3,,1,1,1
54,2025-10-22,13.7,13.7,13.7,13.7,,1,1,1
54,2025-10-23,5.41,5.41,5.41,5.41,,1,1,1
54,2025-10-24,2.27,2.27,2.27,2.27,,1,1,1
54,2025-10-26,3.16,3.16,3.16,3.16,,1,1,1
54,2025-10-27,4.21,4.21,4.21,4.21,,1,1,1
54,2025-10-28,7.01,7.01,7.01,7.01,,1,1,1
54,2025-10-29,8.2,8.2,5.9,10.5,3.252691193458119,2,2,2
54,2025-10-30,6.35,6.35,0.0,12.7,8.980256121069154,2,2,2
54,2025-10-31,0.0,0.0,0.0,0.0,,1,1,1
54,2025-11-01,1.425,1.425,1.26,1.59,0.23334523779156074,2,2,2
54,2025-11-02,1.18,1.18,0.0,2.36,1.668772003600252,2,2,2
54,2025-11-03,2.905,2.905,0.0,5.81,4.108290398693841,2,2,2
54,2025-11-04,4.154999999999999,4.154999999999999,4.05,4.26,0.14849242404917526,2,2,2
54,2025-11-05,4.26,4.26,0.0,8.52,6.024549775709384,2,2,2
54,2025-11-06,9.16,9.16,9.16,9.16,,1,1,1
54,2025-11-07,8.09,8.09,8.09,8.09,,1,1,1
54,2025-11-08,0.588,0.588,0.588,0.588,,1,1,1
54,2025-11-09,0.999,0.999,0.999,0.999,,1,1,1
54,2025-11-10,2.985,2.985,2.21,3.76,1.0960155108391485,2,2,2
54,2025-11-11,2.52,2.52,2.34,2.7,0.2545584412271574,2,2,2
54,2025-11-12,1.825,1.825,0.0,3.65,2.5809397513308983,2,2,2
54,2025-11-13,4.795,4.795,4.06,5.53,1.0394469683442253,2,2,2
54,2025-11-15,9.370000000000001,9.370000000000001,2.94,15.8,9.093393206059002,2,2,2
54,2025-11-16,5.45,5.45,0.0,10.9,7.707463914933368,2,2,2
54,2025-11-17,6.75,6.75,0.0,13.5,9.545941546018392,2,2,2
54,2025-11-18,2.545,2.545,0.0,5.09,3.5991735162395266,2,2,2
54,2025-11-19,5.105,7.152499999999999,0.0,18.4,8.241162438232443,4,4,4
54,2025-11-20,4.082,4.841,0.0,11.2,5.496316706061736,4,4,4
54,2025-11-21,7.34,7.02,0.0,13.4,5.876671393456219,4,4,4
54,2025-11-22,13.55,11.075,0.0,17.2,7.582161081556278,4,4,4
54,2025-11-23,16.65,13.850000000000001,0.0,22.1,9.588361000018025,4,4,4
54,2025-11-24,15.799999999999999,13.925,0.0,24.1,10.295427787777122,4,4,4
54,2025-11-25,18.5,14.6,0.0,21.4,9.886017061149214,4,4,4
54,2025-11-26,25.7,20.775,0.0,31.7,14.16977416898378,4,4,4
54,2025-11-27,23.9,19.225,0.0,29.1,13.085711036597644,4,4,4
54,2025-11-28,23.85,18.5,0.0,26.3,12.392739810066216,4,4,4
54,2025-11-29,27.4,21.2,0.0,30.0,14.232357499725756,4,4,4
54,2025-11-30,29.8,24.55,0.0,38.6,16.903944312891394,4,4,4
54,2025-12-01,29.85,22.9,0.0,31.9,15.349484247578701,4,4,4
54,2025-12-02,30.75,24.625,0.0,37.0,16.68739544286845,4,4,4
54,2025-12-03,27.95,21.4,0.0,29.7,14.297552238058092,4,4,4
54,2025-12-04,27.049999999999997,21.75,2.7,30.2,12.929681615054047,4,4,4
54,2025-12-05,26.05,21.580000000000002,5.62,28.6,10.741955129304907,4,4,4
54,2025-12-06,25.2,21.064999999999998,3.36,30.5,12.126866866590067,4,4,4
54,2025-12-07,25.05,20.6525,3.41,29.1,11.89881051478116,4,4,4
54,2025-12-08,25.25,19.675,0.0,28.2,13.267347134977664,4,4,4
54,2025-12-09,26.95,24.7,0.0,44.9,18.621313952923227,4,4,4
54,2025-12-10,28.45,23.225,0.0,36.0,16.022978291607753,4,4,4
54,2025-12-11,26.85,21.025,0.0,30.4,14.172831991760384,4,4,4
54,2025-12-12,16.55,14.0,0.0,22.9,10.798456679853222,4,4,4
54,2025-12-13,9.355,8.6525,0.0,15.9,7.730525531941539,4,4,4
54,2025-12-14,8.845,8.4975,0.0,16.3,7.633786194717971,4,4,4
54,2025-12-15,9.705,8.7025,0.0,15.4,7.4963118709580545,4,4,4
54,2025-12-16,12.6,10.450000000000001,0.0,16.6,7.500444431276501,4,4,4
54,2025-12-17,14.8,12.2,0.0,19.2,8.441563836162112,4,4,4
54,2025-12-18,16.5,13.200000000000001,0.0,19.8,9.287985070329663,4,4,4
54,2025-12-19,19.75,14.95,0.0,20.3,9.97079067409735,4,4,4
54,2025-12-20,20.299999999999997,15.6,0.0,21.8,10.462631918722298,4,4,4
54,2025-12-21,20.35,15.524999999999999,0.0,21.4,10.371555653163446,4,4,4
54,2025-12-22,21.1,16.25,0.0,22.8,10.864161265371571,4,4,4
54,2025-12-23,21.75,16.375,0.0,22.0,10.917379111612213,4,4,4
54,2025-12-24,20.0,15.8,0.0,23.2,10.64362093775735,4,4,4
54,2025-12-25,20.55,15.625,0.0,21.4,10.426368815012571,4,4,4
54,2025-12-26,18.0,14.775,0.0,23.1,10.512334025641815,4,4,4
54,2025-12-27,16.950000000000003,14.175,0.0,22.8,9.888840511741844,4,4,4
54,2025-12-28,21.15,17.65,0.0,28.3,12.245407302331762,4,4,4
54,2025-12-29,25.6,20.525,0.0,30.9,14.08317554152235,4,4,4
54,2025-12-30,28.2,27.03333333333333,24.7,28.2,2.0207259421636903,3,3,3
54,2025-12-31,29.3,28.133333333333336,25.4,29.7,2.3755701070129107,3,3,3
55,2021-04-30,12.7,12.7,12.7,12.7,,1,1,1
55,2021-05-05,26.2,26.2,26.2,26.2,,1,1,1
55,2021-05-06,25.2,25.2,25.2,25.2,,1,1,1
55,2021-05-07,20.7,20.7,20.7,20.7,,1,1,1
55,2021-05-17,29.3,29.3,29.3,29.3,,1,1,1
55,2021-05-20,21.0,21.0,21.0,21.0,,1,1,1
55,2021-06-03,27.1,27.1,27.1,27.1,,1,1,1
55,2021-06-05,16.6,16.6,16.6,16.6,,1,1,1
55,2021-06-13,11.0,11.0,11.0,11.0,,1,1,1
55,2021-06-14,8.94,8.94,8.94,8.94,,1,1,1
55,2021-06-20,16.1,16.1,16.1,16.1,,1,1,1
55,2021-06-21,17.1,17.1,17.1,17.1,,1,1,1
55,2021-06-29,5.95,5.95,5.95,5.95,,1,1,1
55,2021-07-03,7.17,7.17,7.17,7.17,,1,1,1
55,2021-07-06,11.9,11.9,11.9,11.9,,1,1,1
55,2021-07-24,15.1,15.1,15.1,15.1,,1,1,1
55,2021-08-04,19.9,19.9,19.9,19.9,,1,1,1
55,2021-08-07,21.6,21.6,21.6,21.6,,1,1,1
55,2021-08-10,23.2,23.2,23.2,23.2,,1,1,1
55,2021-08-11,26.5,26.5,26.5,26.5,,1,1,1
55,2021-08-12,26.2,26.2,26.2,26.2,,1,1,1
55,2021-08-14,16.6,16.6,16.6,16.6,,1,1,1
55,2021-08-15,15.2,15.2,15.2,15.2,,1,1,1
55,2021-08-16,13.6,13.6,13.6,13.6,,1,1,1
55,2021-08-17,15.3,15.3,15.3,15.3,,1,1,1
55,2021-08-18,18.3,18.3,18.3,18.3,,1,1,1
55,2021-08-21,17.9,17.9,17.9,17.9,,1,1,1
55,2021-08-22,19.8,19.8,19.8,19.8,,1,1,1
55,2021-08-23,22.4,22.4,22.4,22.4,,1,1,1
55,2021-08-24,17.2,17.2,17.2,17.2,,1,1,1
55,2021-08-25,16.3,16.3,16.3,16.3,,1,1,1
55,2021-08-26,16.6,16.6,16.6,16.6,,1,1,1
55,2021-08-27,17.4,17.4,17.4,17.4,,1,1,1
55,2021-08-28,17.3,17.3,17.3,17.3,,1,1,1
55,2021-08-29,16.5,16.5,16.5,16.5,,1,1,1
55,2021-09-01,17.0,17.0,17.0,17.0,,1,1,1
55,2021-09-02,16.6,16.6,16.6,16.6,,1,1,1
55,2021-09-03,16.2,16.2,16.2,16.2,,1,1,1
55,2021-09-04,16.4,16.4,16.4,16.4,,1,1,1
55,2021-09-06,19.0,19.0,19.0,19.0,,1,1,1
55,2021-09-07,17.0,17.0,17.0,17.0,,1,1,1
55,2021-09-08,15.9,15.9,15.9,15.9,,1,1,1
55,2021-09-09,16.6,16.6,16.6,16.6,,1,1,1
55,2021-09-10,13.7,13.7,13.7,13.7,,1,1,1
55,2021-09-11,15.0,15.0,15.0,15.0,,1,1,1
55,2021-09-12,17.3,17.3,17.3,17.3,,1,1,1
55,2021-09-13,19.6,19.6,19.6,19.6,,1,1,1
55,2021-09-14,17.4,17.4,17.4,17.4,,1,1,1
55,2021-09-15,18.6,18.6,18.6,18.6,,1,1,1
55,2021-09-16,15.7,15.7,15.7,15.7,,1,1,1
55,2021-09-17,11.2,11.2,11.2,11.2,,1,1,1
55,2021-09-18,10.0,10.0,10.0,10.0,,1,1,1
55,2021-09-19,9.71,9.71,9.71,9.71,,1,1,1
55,2021-09-20,9.27,9.27,9.27,9.27,,1,1,1
55,2021-09-21,9.22,9.22,9.22,9.22,,1,1,1
55,2021-09-22,8.39,8.39,8.39,8.39,,1,1,1
55,2021-09-23,8.17,8.17,8.17,8.17,,1,1,1
55,2021-09-24,6.96,6.96,6.96,6.96,,1,1,1
55,2021-09-25,8.68,8.68,8.68,8.68,,1,1,1
55,2021-09-26,8.04,8.04,8.04,8.04,,1,1,1
55,2021-09-27,6.67,6.67,6.67,6.67,,1,1,1
55,2021-09-28,7.04,7.04,7.04,7.04,,1,1,1
55,2021-10-01,11.2,11.2,11.2,11.2,,1,1,1
55,2021-10-02,10.0,10.0,10.0,10.0,,1,1,1
55,2021-10-03,10.6,10.6,10.6,10.6,,1,1,1
55,2021-10-04,11.5,11.5,11.5,11.5,,1,1,1
55,2021-10-05,12.7,12.7,12.7,12.7,,1,1,1
55,2021-10-06,13.7,13.7,13.7,13.7,,1,1,1
55,2021-10-07,9.88,9.88,9.88,9.88,,1,1,1
55,2021-10-08,16.3,16.3,16.3,16.3,,1,1,1
55,2021-10-09,21.9,21.9,21.9,21.9,,1,1,1
55,2021-10-10,20.0,20.0,20.0,20.0,,1,1,1
55,2021-10-11,12.2,12.2,12.2,12.2,,1,1,1
55,2021-10-12,7.79,7.79,7.79,7.79,,1,1,1
55,2021-10-13,9.88,9.88,9.88,9.88,,1,1,1
55,2021-10-14,11.5,11.5,11.5,11.5,,1,1,1
55,2021-10-15,10.0,10.0,10.0,10.0,,1,1,1
55,2021-10-16,9.67,9.67,9.67,9.67,,1,1,1
55,2021-10-17,7.63,7.63,7.63,7.63,,1,1,1
55,2021-10-18,10.8,10.8,10.8,10.8,,1,1,1
55,2021-10-19,11.6,11.6,11.6,11.6,,1,1,1
55,2021-10-20,12.5,12.5,12.5,12.5,,1,1,1
55,2021-10-21,11.9,11.9,11.9,11.9,,1,1,1
55,2021-10-22,12.1,12.1,12.1,12.1,,1,1,1
55,2021-10-23,8.13,8.13,8.13,8.13,,1,1,1
55,2021-10-24,10.5,10.5,10.5,10.5,,1,1,1
55,2021-10-25,11.5,11.5,11.5,11.5,,1,1,1
55,2021-10-26,15.1,15.1,15.1,15.1,,1,1,1
55,2021-10-27,15.1,15.1,15.1,15.1,,1,1,1
55,2021-10-28,12.1,12.1,12.1,12.1,,1,1,1
55,2021-11-01,9.0,9.0,9.0,9.0,,1,1,1
55,2021-11-02,9.17,9.17,9.17,9.17,,1,1,1
55,2021-11-03,7.96,7.96,7.96,7.96,,1,1,1
55,2021-11-04,11.9,11.9,11.9,11.9,,1,1,1
55,2021-11-05,13.6,13.6,13.6,13.6,,1,1,1
55,2021-11-06,16.7,16.7,16.7,16.7,,1,1,1
55,2021-11-07,16.9,16.9,16.9,16.9,,1,1,1
55,2021-11-08,17.4,17.4,17.4,17.4,,1,1,1
55,2021-11-09,15.9,15.9,15.9,15.9,,1,1,1
55,2021-11-10,16.5,16.5,16.5,16.5,,1,1,1
55,2021-11-11,15.6,15.6,15.6,15.6,,1,1,1
55,2021-11-12,17.3,17.3,17.3,17.3,,1,1,1
55,2021-11-13,18.2,18.2,18.2,18.2,,1,1,1
55,2021-11-14,22.0,22.0,22.0,22.0,,1,1,1
55,2021-11-15,26.6,26.6,26.6,26.6,,1,1,1
55,2021-11-16,22.7,22.7,22.7,22.7,,1,1,1
55,2021-11-17,16.9,16.9,16.9,16.9,,1,1,1
55,2021-11-18,16.0,16.0,16.0,16.0,,1,1,1
55,2021-11-19,16.2,16.2,16.2,16.2,,1,1,1
55,2021-11-20,17.5,17.5,17.5,17.5,,1,1,1
55,2021-11-21,16.6,16.6,16.6,16.6,,1,1,1
55,2021-11-22,18.1,18.1,18.1,18.1,,1,1,1
55,2021-11-23,20.9,20.9,20.9,20.9,,1,1,1
55,2021-11-24,15.6,15.6,15.6,15.6,,1,1,1
55,2021-11-25,14.7,14.7,14.7,14.7,,1,1,1
55,2021-11-26,15.3,15.3,15.3,15.3,,1,1,1
55,2021-11-27,15.6,15.6,15.6,15.6,,1,1,1
55,2021-11-30,23.7,23.7,23.7,23.7,,1,1,1
55,2021-12-01,19.9,19.9,19.9,19.9,,1,1,1
55,2021-12-02,28.6,28.6,28.6,28.6,,1,1,1
55,2021-12-03,29.8,29.8,29.8,29.8,,1,1,1
55,2021-12-04,27.7,27.7,27.7,27.7,,1,1,1
55,2021-12-05,29.4,29.4,29.4,29.4,,1,1,1
55,2021-12-06,32.6,32.6,32.6,32.6,,1,1,1
55,2021-12-07,39.0,39.0,39.0,39.0,,1,1,1
55,2021-12-08,40.0,40.0,40.0,40.0,,1,1,1
55,2021-12-09,35.1,35.1,35.1,35.1,,1,1,1
55,2021-12-10,30.5,30.5,30.5,30.5,,1,1,1
55,2021-12-11,30.8,30.8,30.8,30.8,,1,1,1
55,2021-12-12,27.7,27.7,27.7,27.7,,1,1,1
55,2021-12-13,28.0,28.0,28.0,28.0,,1,1,1
55,2021-12-14,26.8,26.8,26.8,26.8,,1,1,1
55,2021-12-15,30.5,30.5,30.5,30.5,,1,1,1
55,2021-12-16,31.6,31.6,31.6,31.6,,1,1,1
55,2021-12-17,26.6,26.6,26.6,26.6,,1,1,1
55,2021-12-18,28.7,28.7,28.7,28.7,,1,1,1
55,2021-12-19,30.7,30.7,30.7,30.7,,1,1,1
55,2021-12-20,34.5,34.5,34.5,34.5,,1,1,1
55,2021-12-21,33.5,33.5,33.5,33.5,,1,1,1
55,2021-12-22,32.6,32.6,32.6,32.6,,1,1,1
55,2021-12-23,33.4,33.4,33.4,33.4,,1,1,1
55,2021-12-24,36.9,36.9,36.9,36.9,,1,1,1
55,2021-12-25,37.4,37.4,37.4,37.4,,1,1,1
55,2021-12-26,33.1,33.1,33.1,33.1,,1,1,1
55,2021-12-27,26.1,26.1,26.1,26.1,,1,1,1
55,2021-12-30,23.5,23.5,23.5,23.5,,1,1,1
55,2021-12-31,22.0,22.0,22.0,22.0,,1,1,1
55,2022-01-01,24.0,24.0,24.0,24.0,,1,1,1
55,2022-01-02,21.7,21.7,21.7,21.7,,1,1,1
55,2022-01-04,26.7,26.7,26.7,26.7,,1,1,1
55,2022-01-05,24.6,24.6,24.6,24.6,,1,1,1
55,2022-01-06,26.3,26.3,26.3,26.3,,1,1,1
55,2022-01-07,26.7,26.7,26.7,26.7,,1,1,1
55,2022-01-08,32.4,32.4,32.4,32.4,,1,1,1
55,2022-01-09,34.1,34.1,34.1,34.1,,1,1,1
55,2022-01-10,32.2,32.2,32.2,32.2,,1,1,1
55,2022-01-11,30.9,30.9,30.9,30.9,,1,1,1
55,2022-01-12,32.7,32.7,32.7,32.7,,1,1,1
55,2022-01-13,40.2,40.2,40.2,40.2,,1,1,1
55,2022-01-14,39.4,39.4,39.4,39.4,,1,1,1
55,2022-01-15,39.4,39.4,39.4,39.4,,1,1,1
55,2022-01-16,39.4,39.4,39.4,39.4,,1,1,1
55,2022-01-17,30.3,30.3,30.3,30.3,,1,1,1
55,2022-01-18,23.4,23.4,23.4,23.4,,1,1,1
55,2022-01-19,22.3,22.3,22.3,22.3,,1,1,1
55,2022-01-20,19.4,19.4,19.4,19.4,,1,1,1
55,2022-01-21,25.3,25.3,25.3,25.3,,1,1,1
55,2022-01-22,26.5,26.5,26.5,26.5,,1,1,1
55,2022-01-23,24.3,24.3,24.3,24.3,,1,1,1
55,2022-01-24,27.1,27.1,27.1,27.1,,1,1,1
55,2022-01-25,27.5,27.5,27.5,27.5,,1,1,1
55,2022-01-29,35.8,35.8,35.8,35.8,,1,1,1
55,2022-01-30,37.8,37.8,37.8,37.8,,1,1,1
55,2022-01-31,39.4,39.4,39.4,39.4,,1,1,1
55,2022-02-01,54.5,54.5,54.5,54.5,,1,1,1
55,2022-02-02,46.5,46.5,46.5,46.5,,1,1,1
55,2022-02-03,39.0,39.0,39.0,39.0,,1,1,1
55,2022-02-04,40.3,40.3,40.3,40.3,,1,1,1
55,2022-02-05,29.6,29.6,29.6,29.6,,1,1,1
55,2022-02-06,19.3,19.3,19.3,19.3,,1,1,1
55,2022-02-07,23.6,23.6,23.6,23.6,,1,1,1
55,2022-02-08,27.4,27.4,27.4,27.4,,1,1,1
55,2022-02-09,30.1,30.1,30.1,30.1,,1,1,1
55,2022-02-10,43.6,43.6,43.6,43.6,,1,1,1
55,2022-02-11,45.9,45.9,45.9,45.9,,1,1,1
55,2022-02-12,66.1,66.1,66.1,66.1,,1,1,1
55,2022-02-13,63.4,63.4,63.4,63.4,,1,1,1
55,2022-02-14,55.1,55.1,55.1,55.1,,1,1,1
55,2022-02-15,48.6,48.6,48.6,48.6,,1,1,1
55,2022-02-16,35.3,35.3,35.3,35.3,,1,1,1
55,2022-02-17,25.3,25.3,25.3,25.3,,1,1,1
55,2022-02-18,26.4,26.4,26.4,26.4,,1,1,1
55,2022-02-19,22.4,22.4,22.4,22.4,,1,1,1
55,2022-02-20,13.6,13.6,13.6,13.6,,1,1,1
55,2022-02-21,10.6,10.6,10.6,10.6,,1,1,1
55,2022-02-22,15.5,15.5,15.5,15.5,,1,1,1
55,2022-02-23,24.4,24.4,24.4,24.4,,1,1,1
55,2022-02-24,28.3,28.3,28.3,28.3,,1,1,1
55,2022-02-25,31.1,31.1,31.1,31.1,,1,1,1
55,2022-02-28,40.7,40.7,40.7,40.7,,1,1,1
55,2022-03-01,47.8,47.8,47.8,47.8,,1,1,1
55,2022-03-04,56.9,56.9,56.9,56.9,,1,1,1
55,2022-03-05,55.2,55.2,55.2,55.2,,1,1,1
55,2022-03-06,54.5,54.5,54.5,54.5,,1,1,1
55,2022-03-07,50.3,50.3,50.3,50.3,,1,1,1
55,2022-03-08,28.6,28.6,28.6,28.6,,1,1,1
55,2022-03-09,21.1,21.1,21.1,21.1,,1,1,1
55,2022-03-10,29.9,29.9,29.9,29.9,,1,1,1
55,2022-03-11,43.3,43.3,43.3,43.3,,1,1,1
55,2022-03-12,48.6,48.6,48.6,48.6,,1,1,1
55,2022-03-13,49.0,49.0,49.0,49.0,,1,1,1
55,2022-03-14,59.4,59.4,59.4,59.4,,1,1,1
55,2022-03-15,49.2,49.2,49.2,49.2,,1,1,1
55,2022-03-16,36.0,36.0,36.0,36.0,,1,1,1
55,2022-03-17,27.5,27.5,27.5,27.5,,1,1,1
55,2022-03-18,28.2,28.2,28.2,28.2,,1,1,1
55,2022-03-19,28.7,28.7,28.7,28.7,,1,1,1
55,2022-03-21,33.6,33.6,33.6,33.6,,1,1,1
55,2022-03-22,17.5,17.5,17.5,17.5,,1,1,1
55,2022-03-26,32.6,32.6,32.6,32.6,,1,1,1
55,2022-03-27,40.3,40.3,40.3,40.3,,1,1,1
55,2022-03-30,23.1,23.1,23.1,23.1,,1,1,1
55,2022-03-31,31.8,31.8,31.8,31.8,,1,1,1
55,2022-04-01,28.3,28.3,28.3,28.3,,1,1,1
55,2022-04-02,17.8,17.8,17.8,17.8,,1,1,1
55,2022-04-03,18.2,18.2,18.2,18.2,,1,1,1
55,2022-04-04,24.8,24.8,24.8,24.8,,1,1,1
55,2022-04-05,34.8,34.8,34.8,34.8,,1,1,1
55,2022-04-06,34.1,34.1,34.1,34.1,,1,1,1
55,2022-04-07,78.3,78.3,78.3,78.3,,1,1,1
55,2022-04-08,128.0,128.0,128.0,128.0,,1,1,1
55,2022-04-09,109.0,109.0,109.0,109.0,,1,1,1
55,2022-04-10,88.0,88.0,88.0,88.0,,1,1,1
55,2022-04-11,77.6,77.6,77.6,77.6,,1,1,1
55,2022-04-12,74.4,74.4,74.4,74.4,,1,1,1
55,2022-04-13,60.4,60.4,60.4,60.4,,1,1,1
55,2022-04-14,61.4,61.4,61.4,61.4,,1,1,1
55,2022-04-15,59.0,59.0,59.0,59.0,,1,1,1
55,2022-04-16,56.8,56.8,56.8,56.8,,1,1,1
55,2022-04-17,53.2,53.2,53.2,53.2,,1,1,1
55,2022-04-18,34.8,34.8,34.8,34.8,,1,1,1
55,2022-04-19,13.3,13.3,13.3,13.3,,1,1,1
55,2022-04-20,15.1,15.1,15.1,15.1,,1,1,1
55,2022-04-21,17.0,17.0,17.0,17.0,,1,1,1
55,2022-04-22,19.7,19.7,19.7,19.7,,1,1,1
55,2022-04-23,28.2,28.2,28.2,28.2,,1,1,1
55,2022-04-24,38.1,38.1,38.1,38.1,,1,1,1
55,2022-04-25,44.3,44.3,44.3,44.3,,1,1,1
55,2022-04-26,47.1,47.1,47.1,47.1,,1,1,1
55,2022-04-29,53.7,53.7,53.7,53.7,,1,1,1
55,2022-04-30,40.8,40.8,40.8,40.8,,1,1,1
55,2022-05-01,26.1,26.1,26.1,26.1,,1,1,1
55,2022-05-02,22.3,22.3,22.3,22.3,,1,1,1
55,2022-05-03,19.3,19.3,19.3,19.3,,1,1,1
55,2022-05-04,24.9,24.9,24.9,24.9,,1,1,1
55,2022-05-05,34.3,34.3,34.3,34.3,,1,1,1
55,2022-05-06,34.8,34.8,34.8,34.8,,1,1,1
55,2022-05-08,14.0,14.0,14.0,14.0,,1,1,1
55,2022-05-09,9.79,9.79,9.79,9.79,,1,1,1
55,2022-05-10,15.2,15.2,15.2,15.2,,1,1,1
55,2022-05-11,13.0,13.0,13.0,13.0,,1,1,1
55,2022-05-12,10.5,10.5,10.5,10.5,,1,1,1
55,2022-05-13,10.3,10.3,10.3,10.3,,1,1,1
55,2022-05-14,14.4,14.4,14.4,14.4,,1,1,1
55,2022-05-15,16.9,16.9,16.9,16.9,,1,1,1
55,2022-05-16,13.8,13.8,13.8,13.8,,1,1,1
55,2022-05-17,12.3,12.3,12.3,12.3,,1,1,1
55,2022-05-18,12.0,12.0,12.0,12.0,,1,1,1
55,2022-05-19,19.7,19.7,19.7,19.7,,1,1,1
55,2022-05-20,17.4,17.4,17.4,17.4,,1,1,1
55,2022-05-21,11.8,11.8,11.8,11.8,,1,1,1
55,2022-05-22,9.6,9.6,9.6,9.6,,1,1,1
55,2022-05-25,16.2,16.2,16.2,16.2,,1,1,1
55,2022-05-26,22.0,22.0,22.0,22.0,,1,1,1
55,2022-05-29,29.6,29.6,29.6,29.6,,1,1,1
55,2022-05-30,27.1,27.1,27.1,27.1,,1,1,1
55,2022-05-31,23.5,23.5,23.5,23.5,,1,1,1
55,2022-06-01,17.2,17.2,17.2,17.2,,1,1,1
55,2022-06-02,24.1,24.1,24.1,24.1,,1,1,1
55,2022-06-03,28.6,28.6,28.6,28.6,,1,1,1
55,2022-06-04,19.5,19.5,19.5,19.5,,1,1,1
55,2022-06-05,13.4,13.4,13.4,13.4,,1,1,1
55,2022-06-06,12.3,12.3,12.3,12.3,,1,1,1
55,2022-06-07,13.1,13.1,13.1,13.1,,1,1,1
55,2022-06-08,14.3,14.3,14.3,14.3,,1,1,1
55,2022-06-09,15.5,15.5,15.5,15.5,,1,1,1
55,2022-06-10,17.0,17.0,17.0,17.0,,1,1,1
55,2022-06-11,17.8,17.8,17.8,17.8,,1,1,1
55,2022-06-12,18.3,18.3,18.3,18.3,,1,1,1
55,2022-06-13,17.2,17.2,17.2,17.2,,1,1,1
55,2022-06-14,20.8,20.8,20.8,20.8,,1,1,1
55,2022-06-15,19.9,19.9,19.9,19.9,,1,1,1
55,2022-06-16,12.7,12.7,12.7,12.7,,1,1,1
55,2022-06-17,9.33,9.33,9.33,9.33,,1,1,1
55,2022-06-18,8.29,8.29,8.29,8.29,,1,1,1
55,2022-06-19,10.9,10.9,10.9,10.9,,1,1,1
55,2022-06-20,10.6,10.6,10.6,10.6,,1,1,1
55,2022-06-21,11.9,11.9,11.9,11.9,,1,1,1
55,2022-06-22,12.6,12.6,12.6,12.6,,1,1,1
55,2022-06-23,13.3,13.3,13.3,13.3,,1,1,1
55,2022-06-24,12.0,12.0,12.0,12.0,,1,1,1
55,2022-06-25,12.6,12.6,12.6,12.6,,1,1,1
55,2022-06-28,15.9,15.9,15.9,15.9,,1,1,1
55,2022-07-05,12.5,12.5,12.5,12.5,,1,1,1
55,2022-07-06,12.6,12.6,12.6,12.6,,1,1,1
55,2022-07-07,6.87,6.87,6.87,6.87,,1,1,1
55,2022-07-08,8.17,8.17,8.17,8.17,,1,1,1
55,2022-07-09,9.38,9.38,9.38,9.38,,1,1,1
55,2022-07-10,8.13,8.13,8.13,8.13,,1,1,1
55,2022-07-11,8.29,8.29,8.29,8.29,,1,1,1
55,2022-07-12,9.38,9.38,9.38,9.38,,1,1,1
55,2022-07-13,8.04,8.04,8.04,8.04,,1,1,1
55,2022-07-14,5.04,5.04,5.04,5.04,,1,1,1
55,2022-07-17,9.0,9.0,9.0,9.0,,1,1,1
55,2022-07-18,12.0,12.0,12.0,12.0,,1,1,1
55,2022-07-19,12.0,12.0,12.0,12.0,,1,1,1
55,2022-07-20,10.6,10.6,10.6,10.6,,1,1,1
55,2022-07-21,6.5,6.5,6.5,6.5,,1,1,1
55,2022-07-22,7.91,7.91,7.91,7.91,,1,1,1
55,2022-07-23,12.0,12.0,12.0,12.0,,1,1,1
55,2022-07-24,14.2,14.2,14.2,14.2,,1,1,1
55,2022-07-25,17.0,17.0,17.0,17.0,,1,1,1
55,2022-07-28,23.1,23.1,23.1,23.1,,1,1,1
55,2022-07-29,23.3,23.3,23.3,23.3,,1,1,1
55,2022-07-31,20.3,20.3,20.3,20.3,,1,1,1
55,2022-08-01,19.7,19.7,19.7,19.7,,1,1,1
55,2022-08-02,18.4,18.4,18.4,18.4,,1,1,1
55,2022-08-03,16.4,16.4,16.4,16.4,,1,1,1
55,2022-08-04,17.8,17.8,17.8,17.8,,1,1,1
55,2022-08-05,18.1,18.1,18.1,18.1,,1,1,1
55,2022-08-06,17.3,17.3,17.3,17.3,,1,1,1
55,2022-08-07,14.4,14.4,14.4,14.4,,1,1,1
55,2022-08-08,13.1,13.1,13.1,13.1,,1,1,1
55,2022-08-09,14.0,14.0,14.0,14.0,,1,1,1
55,2022-08-10,16.9,16.9,16.9,16.9,,1,1,1
55,2022-08-11,17.6,17.6,17.6,17.6,,1,1,1
55,2022-08-12,14.9,14.9,14.9,14.9,,1,1,1
55,2022-08-13,14.7,14.7,14.7,14.7,,1,1,1
55,2022-08-14,17.4,17.4,17.4,17.4,,1,1,1
55,2022-08-15,15.8,15.8,15.8,15.8,,1,1,1
55,2022-08-16,15.1,15.1,15.1,15.1,,1,1,1
55,2022-08-17,13.3,13.3,13.3,13.3,,1,1,1
55,2022-08-18,14.1,14.1,14.1,14.1,,1,1,1
55,2022-08-19,17.3,17.3,17.3,17.3,,1,1,1
55,2022-08-20,19.8,19.8,19.8,19.8,,1,1,1
55,2022-08-21,17.6,17.6,17.6,17.6,,1,1,1
55,2022-08-22,14.9,14.9,14.9,14.9,,1,1,1
55,2022-08-23,18.2,18.2,18.2,18.2,,1,1,1
55,2022-08-24,20.7,20.7,20.7,20.7,,1,1,1
55,2022-08-27,16.6,16.6,16.6,16.6,,1,1,1
55,2022-08-28,17.3,17.3,17.3,17.3,,1,1,1
55,2022-08-29,18.1,18.1,18.1,18.1,,1,1,1
55,2022-08-30,19.6,19.6,19.6,19.6,,1,1,1
55,2022-08-31,19.5,19.5,19.5,19.5,,1,1,1
55,2022-09-01,20.8,20.8,20.8,20.8,,1,1,1
55,2022-09-02,23.6,23.6,23.6,23.6,,1,1,1
55,2022-09-10,15.0,15.0,15.0,15.0,,1,1,1
55,2022-09-11,13.8,13.8,13.8,13.8,,1,1,1
55,2022-09-12,15.0,15.0,15.0,15.0,,1,1,1
55,2022-09-13,14.5,14.5,14.5,14.5,,1,1,1
55,2022-09-14,16.9,16.9,16.9,16.9,,1,1,1
55,2022-09-15,18.0,18.0,18.0,18.0,,1,1,1
55,2022-09-16,18.9,18.9,18.9,18.9,,1,1,1
55,2022-09-17,18.3,18.3,18.3,18.3,,1,1,1
55,2022-09-18,17.8,17.8,17.8,17.8,,1,1,1
55,2022-09-19,17.1,17.1,17.1,17.1,,1,1,1
55,2022-09-20,19.3,19.3,19.3,19.3,,1,1,1
55,2022-09-21,18.7,18.7,18.7,18.7,,1,1,1
55,2022-09-22,21.7,21.7,21.7,21.7,,1,1,1
55,2022-09-23,22.1,22.1,22.1,22.1,,1,1,1
55,2022-09-26,20.1,20.1,20.1,20.1,,1,1,1
55,2022-09-27,20.1,20.1,20.1,20.1,,1,1,1
55,2022-09-28,25.0,25.0,25.0,25.0,,1,1,1
55,2022-09-29,27.1,27.1,27.1,27.1,,1,1,1
55,2022-09-30,20.8,20.8,20.8,20.8,,1,1,1
55,2022-10-01,18.3,18.3,18.3,18.3,,1,1,1
55,2022-10-02,18.1,18.1,18.1,18.1,,1,1,1
55,2022-10-03,18.8,18.8,18.8,18.8,,1,1,1
55,2022-10-04,19.5,19.5,19.5,19.5,,1,1,1
55,2022-10-05,20.2,20.2,20.2,20.2,,1,1,1
55,2022-10-06,19.8,19.8,19.8,19.8,,1,1,1
55,2022-10-07,19.5,19.5,19.5,19.5,,1,1,1
55,2022-10-08,18.8,18.8,18.8,18.8,,1,1,1
55,2022-10-09,19.4,19.4,19.4,19.4,,1,1,1
55,2022-10-10,18.6,18.6,18.6,18.6,,1,1,1
55,2022-10-11,19.0,19.0,19.0,19.0,,1,1,1
55,2022-10-12,21.0,21.0,21.0,21.0,,1,1,1
55,2022-10-13,22.7,22.7,22.7,22.7,,1,1,1
55,2022-10-14,24.2,24.2,24.2,24.2,,1,1,1
55,2022-10-15,27.3,27.3,27.3,27.3,,1,1,1
55,2022-10-16,28.9,28.9,28.9,28.9,,1,1,1
55,2022-10-17,34.0,34.0,34.0,34.0,,1,1,1
55,2022-10-18,37.5,37.5,37.5,37.5,,1,1,1
55,2022-10-19,41.0,41.0,41.0,41.0,,1,1,1
55,2022-10-20,38.8,38.8,38.8,38.8,,1,1,1
55,2022-10-21,34.6,34.6,34.6,34.6,,1,1,1
55,2022-10-22,26.8,26.8,26.8,26.8,,1,1,1
55,2022-10-23,21.5,21.5,21.5,21.5,,1,1,1
55,2022-10-26,38.4,38.4,38.4,38.4,,1,1,1
55,2022-10-27,30.0,30.0,30.0,30.0,,1,1,1
55,2022-10-28,23.3,23.3,23.3,23.3,,1,1,1
55,2022-10-29,23.1,23.1,23.1,23.1,,1,1,1
55,2022-10-30,28.5,28.5,28.5,28.5,,1,1,1
55,2022-10-31,34.0,34.0,34.0,34.0,,1,1,1
55,2022-11-01,36.5,36.5,36.5,36.5,,1,1,1
55,2022-11-02,31.6,31.6,31.6,31.6,,1,1,1
55,2022-11-03,31.7,31.7,31.7,31.7,,1,1,1
55,2022-11-04,33.8,33.8,33.8,33.8,,1,1,1
55,2022-11-05,33.3,33.3,33.3,33.3,,1,1,1
55,2022-11-08,35.0,35.0,35.0,35.0,,1,1,1
55,2022-11-09,39.3,39.3,39.3,39.3,,1,1,1
55,2022-11-10,35.7,35.7,35.7,35.7,,1,1,1
55,2022-11-11,34.1,34.1,34.1,34.1,,1,1,1
55,2022-11-12,32.0,32.0,32.0,32.0,,1,1,1
55,2022-11-13,32.1,32.1,32.1,32.1,,1,1,1
55,2022-11-14,32.9,32.9,32.9,32.9,,1,1,1
55,2022-11-15,30.8,30.8,30.8,30.8,,1,1,1
55,2022-11-16,19.4,19.4,19.4,19.4,,1,1,1
55,2022-11-17,20.9,20.9,20.9,20.9,,1,1,1
55,2022-11-18,20.8,20.8,20.8,20.8,,1,1,1
55,2022-11-19,20.4,20.4,20.4,20.4,,1,1,1
55,2022-11-20,21.4,21.4,21.4,21.4,,1,1,1
55,2022-11-21,18.1,18.1,18.1,18.1,,1,1,1
55,2022-11-22,21.5,21.5,21.5,21.5,,1,1,1
55,2022-11-25,23.1,23.1,23.1,23.1,,1,1,1
55,2022-11-26,20.6,20.6,20.6,20.6,,1,1,1
55,2022-11-27,21.4,21.4,21.4,21.4,,1,1,1
55,2022-11-28,21.9,21.9,21.9,21.9,,1,1,1
55,2022-11-29,24.5,24.5,24.5,24.5,,1,1,1
55,2022-11-30,24.8,24.8,24.8,24.8,,1,1,1
55,2022-12-01,26.2,26.2,26.2,26.2,,1,1,1
55,2022-12-02,24.8,24.8,24.8,24.8,,1,1,1
55,2022-12-03,25.9,25.9,25.9,25.9,,1,1,1
55,2022-12-04,25.4,25.4,25.4,25.4,,1,1,1
55,2022-12-05,27.5,27.5,27.5,27.5,,1,1,1
55,2022-12-06,27.8,27.8,27.8,27.8,,1,1,1
55,2022-12-07,31.2,31.2,31.2,31.2,,1,1,1
55,2022-12-08,29.0,29.0,29.0,29.0,,1,1,1
55,2022-12-10,31.9,31.9,31.9,31.9,,1,1,1
55,2022-12-11,36.0,36.0,36.0,36.0,,1,1,1
55,2022-12-12,39.2,39.2,39.2,39.2,,1,1,1
55,2022-12-13,39.6,39.6,39.6,39.6,,1,1,1
55,2022-12-14,44.3,44.3,44.3,44.3,,1,1,1
55,2022-12-15,43.6,43.6,43.6,43.6,,1,1,1
55,2022-12-16,44.7,44.7,44.7,44.7,,1,1,1
55,2022-12-17,42.0,42.0,42.0,42.0,,1,1,1
55,2022-12-18,43.5,43.5,43.5,43.5,,1,1,1
55,2022-12-19,41.1,41.1,41.1,41.1,,1,1,1
55,2022-12-20,41.6,41.6,41.6,41.6,,1,1,1
55,2022-12-21,45.8,45.8,45.8,45.8,,1,1,1
55,2022-12-22,45.2,45.2,45.2,45.2,,1,1,1
55,2022-12-25,44.1,44.1,44.1,44.1,,1,1,1
55,2022-12-26,40.7,40.7,40.7,40.7,,1,1,1
55,2022-12-27,41.5,41.5,41.5,41.5,,1,1,1
55,2022-12-28,42.7,42.7,42.7,42.7,,1,1,1
55,2022-12-29,40.2,40.2,40.2,40.2,,1,1,1
55,2022-12-30,36.0,36.0,36.0,36.0,,1,1,1
55,2022-12-31,34.5,34.5,34.5,34.5,,1,1,1
55,2023-01-01,34.5,34.5,34.5,34.5,,1,1,1
55,2023-01-02,29.0,29.0,29.0,29.0,,1,1,1
55,2023-01-04,29.1,29.1,29.1,29.1,,1,1,1
55,2023-01-05,30.9,30.9,30.9,30.9,,1,1,1
55,2023-01-06,28.8,28.8,28.8,28.8,,1,1,1
55,2023-01-07,27.3,27.3,27.3,27.3,,1,1,1
55,2023-01-08,34.7,34.7,34.7,34.7,,1,1,1
55,2023-01-09,43.6,43.6,43.6,43.6,,1,1,1
55,2023-01-10,41.4,41.4,41.4,41.4,,1,1,1
55,2023-01-11,36.8,36.8,36.8,36.8,,1,1,1
55,2023-01-17,42.7,42.7,42.7,42.7,,1,1,1
55,2023-01-18,43.2,43.2,43.2,43.2,,1,1,1
55,2023-01-19,41.8,41.8,41.8,41.8,,1,1,1
55,2023-01-20,42.9,42.9,42.9,42.9,,1,1,1
55,2023-01-21,42.8,42.8,42.8,42.8,,1,1,1
55,2023-01-24,50.4,50.4,50.4,50.4,,1,1,1
55,2023-01-25,46.4,46.4,46.4,46.4,,1,1,1
55,2023-01-26,52.9,52.9,52.9,52.9,,1,1,1
55,2023-01-27,56.0,56.0,56.0,56.0,,1,1,1
55,2023-01-28,56.9,56.9,56.9,56.9,,1,1,1
55,2023-01-29,50.8,50.8,50.8,50.8,,1,1,1
55,2023-01-30,58.0,58.0,58.0,58.0,,1,1,1
55,2023-01-31,64.7,64.7,64.7,64.7,,1,1,1
55,2023-02-01,69.6,69.6,69.6,69.6,,1,1,1
55,2023-03-20,66.6,66.6,66.6,66.6,,1,1,1
55,2023-03-22,78.3,78.3,78.3,78.3,,1,1,1
55,2023-03-25,126.0,126.0,126.0,126.0,,1,1,1
55,2023-03-26,165.0,165.0,165.0,165.0,,1,1,1
55,2023-03-27,197.0,197.0,197.0,197.0,,1,1,1
55,2023-03-28,147.0,147.0,147.0,147.0,,1,1,1
55,2023-03-29,108.0,108.0,108.0,108.0,,1,1,1
55,2023-03-30,97.6,97.6,97.6,97.6,,1,1,1
55,2023-03-31,127.0,127.0,127.0,127.0,,1,1,1
55,2023-04-01,173.0,173.0,173.0,173.0,,1,1,1
55,2023-04-02,116.0,116.0,116.0,116.0,,1,1,1
55,2023-04-03,90.3,90.3,90.3,90.3,,1,1,1
55,2023-04-04,99.6,99.6,99.6,99.6,,1,1,1
55,2023-04-05,139.0,139.0,139.0,139.0,,1,1,1
55,2023-04-07,228.0,228.0,228.0,228.0,,1,1,1
55,2023-04-08,161.0,161.0,161.0,161.0,,1,1,1
55,2023-04-11,90.0,90.0,90.0,90.0,,1,1,1
55,2023-04-12,110.0,110.0,110.0,110.0,,1,1,1
55,2023-04-16,125.0,125.0,125.0,125.0,,1,1,1
55,2023-04-17,96.5,96.5,96.5,96.5,,1,1,1
55,2023-04-20,101.0,101.0,101.0,101.0,,1,1,1
55,2023-04-21,92.0,92.0,92.0,92.0,,1,1,1
55,2023-04-24,65.3,65.3,65.3,65.3,,1,1,1
55,2023-04-29,57.8,57.8,57.8,57.8,,1,1,1
55,2023-04-30,57.2,57.2,57.2,57.2,,1,1,1
55,2023-05-01,38.6,38.6,38.6,38.6,,1,1,1
55,2023-05-02,48.9,48.9,48.9,48.9,,1,1,1
55,2023-05-03,43.4,43.4,43.4,43.4,,1,1,1
55,2023-05-04,61.2,61.2,61.2,61.2,,1,1,1
55,2023-05-05,63.5,63.5,63.5,63.5,,1,1,1
55,2023-05-06,64.6,64.6,64.6,64.6,,1,1,1
55,2023-05-07,69.9,69.9,69.9,69.9,,1,1,1
55,2023-05-11,29.1,29.1,29.1,29.1,,1,1,1
55,2023-05-12,26.5,26.5,26.5,26.5,,1,1,1
55,2023-05-17,31.6,31.6,31.6,31.6,,1,1,1
55,2023-05-18,44.7,44.7,44.7,44.7,,1,1,1
55,2023-05-20,46.1,46.1,46.1,46.1,,1,1,1
55,2023-05-21,46.1,46.1,46.1,46.1,,1,1,1
55,2023-05-22,45.6,45.6,45.6,45.6,,1,1,1
55,2023-05-26,35.2,35.2,35.2,35.2,,1,1,1
55,2023-06-01,24.0,24.0,24.0,24.0,,1,1,1
55,2023-06-04,21.9,21.9,21.9,21.9,,1,1,1
55,2023-06-05,19.8,19.8,19.8,19.8,,1,1,1
55,2023-06-08,18.1,18.1,18.1,18.1,,1,1,1
55,2023-06-09,19.6,19.6,19.6,19.6,,1,1,1
55,2023-06-10,21.1,21.1,21.1,21.1,,1,1,1
55,2023-06-11,22.8,22.8,22.8,22.8,,1,1,1
55,2023-06-13,23.6,23.6,23.6,23.6,,1,1,1
55,2023-06-18,17.6,17.6,17.6,17.6,,1,1,1
55,2023-06-19,16.2,16.2,16.2,16.2,,1,1,1
55,2023-06-22,13.9,13.9,13.9,13.9,,1,1,1
55,2023-06-27,11.9,11.9,11.9,11.9,,1,1,1
55,2023-07-08,17.2,17.2,17.2,17.2,,1,1,1
55,2023-07-09,15.8,15.8,15.8,15.8,,1,1,1
55,2023-07-18,16.1,16.1,16.1,16.1,,1,1,1
55,2023-08-12,17.8,17.8,17.8,17.8,,1,1,1
55,2023-08-15,23.2,23.2,23.2,23.2,,1,1,1
55,2023-09-03,15.6,15.6,15.6,15.6,,1,1,1
55,2023-09-16,11.4,11.4,11.4,11.4,,1,1,1
55,2023-09-21,10.6,10.6,10.6,10.6,,1,1,1
55,2024-01-05,28.1,28.1,28.1,28.1,,1,1,1
55,2024-01-06,29.2,29.2,29.2,29.2,,1,1,1
55,2024-01-07,29.5,29.5,29.5,29.5,,1,1,1
55,2024-01-08,33.5,33.5,33.5,33.5,,1,1,1
55,2024-01-09,35.8,35.8,35.8,35.8,,1,1,1
55,2024-01-10,39.8,39.8,39.8,39.8,,1,1,1
55,2024-01-11,48.3,48.3,48.3,48.3,,1,1,1
55,2024-01-12,49.7,49.7,49.7,49.7,,1,1,1
55,2024-01-13,50.5,50.5,50.5,50.5,,1,1,1
55,2024-01-17,27.9,27.9,27.9,27.9,,1,1,1
55,2024-01-19,35.7,35.7,35.7,35.7,,1,1,1
55,2024-01-20,34.0,34.0,34.0,34.0,,1,1,1
55,2024-01-22,37.8,37.8,37.8,37.8,,1,1,1
55,2024-01-23,39.2,39.2,39.2,39.2,,1,1,1
55,2024-01-24,32.9,32.9,32.9,32.9,,1,1,1
55,2024-01-25,30.6,30.6,30.6,30.6,,1,1,1
55,2024-01-26,26.6,26.6,26.6,26.6,,1,1,1
55,2024-01-27,28.2,28.2,28.2,28.2,,1,1,1
55,2024-01-28,28.8,28.8,28.8,28.8,,1,1,1
55,2024-01-29,22.5,22.5,22.5,22.5,,1,1,1
55,2024-01-30,28.2,28.2,28.2,28.2,,1,1,1
55,2024-01-31,38.9,38.9,38.9,38.9,,1,1,1
55,2024-02-03,30.9,30.9,30.9,30.9,,1,1,1
55,2024-02-04,39.0,39.0,39.0,39.0,,1,1,1
55,2024-02-05,49.8,49.8,49.8,49.8,,1,1,1
55,2024-02-06,46.2,46.2,46.2,46.2,,1,1,1
55,2024-02-07,42.9,42.9,42.9,42.9,,1,1,1
55,2024-02-09,55.0,55.0,55.0,55.0,,1,1,1
55,2024-02-10,56.5,56.5,56.5,56.5,,1,1,1
55,2024-02-13,47.4,47.4,47.4,47.4,,1,1,1
55,2024-02-15,54.6,54.6,54.6,54.6,,1,1,1
55,2024-02-16,54.1,54.1,54.1,54.1,,1,1,1
55,2024-02-17,71.8,71.8,71.8,71.8,,1,1,1
55,2024-02-18,70.2,70.2,70.2,70.2,,1,1,1
55,2024-02-19,53.1,53.1,53.1,53.1,,1,1,1
55,2024-02-20,58.9,58.9,58.9,58.9,,1,1,1
55,2024-02-21,48.9,48.9,48.9,48.9,,1,1,1
55,2024-02-23,47.6,47.6,47.6,47.6,,1,1,1
55,2024-02-24,48.6,48.6,48.6,48.6,,1,1,1
55,2024-02-25,59.7,59.7,59.7,59.7,,1,1,1
55,2024-02-26,57.0,57.0,57.0,57.0,,1,1,1
55,2024-02-28,59.1,59.1,59.1,59.1,,1,1,1
55,2024-02-29,70.9,70.9,70.9,70.9,,1,1,1
55,2024-03-01,64.8,64.8,64.8,64.8,,1,1,1
55,2024-03-02,70.3,70.3,70.3,70.3,,1,1,1
55,2024-03-03,69.4,69.4,69.4,69.4,,1,1,1
55,2024-03-04,63.9,63.9,63.9,63.9,,1,1,1
55,2024-03-06,83.3,83.3,83.3,83.3,,1,1,1
55,2024-03-07,84.5,84.5,84.5,84.5,,1,1,1
55,2024-03-13,79.4,79.4,79.4,79.4,,1,1,1
55,2024-03-14,65.3,65.3,65.3,65.3,,1,1,1
55,2024-03-15,90.4,90.4,90.4,90.4,,1,1,1
55,2024-03-20,54.9,54.9,54.9,54.9,,1,1,1
55,2024-03-23,38.9,38.9,38.9,38.9,,1,1,1
55,2024-03-24,47.0,47.0,47.0,47.0,,1,1,1
55,2024-03-25,54.6,54.6,54.6,54.6,,1,1,1
55,2024-03-26,59.9,59.9,59.9,59.9,,1,1,1
55,2024-03-27,61.1,61.1,61.1,61.1,,1,1,1
55,2024-03-28,61.9,61.9,61.9,61.9,,1,1,1
55,2024-03-29,73.9,73.9,73.9,73.9,,1,1,1
55,2024-03-30,66.5,66.5,66.5,66.5,,1,1,1
55,2024-03-31,68.7,68.7,68.7,68.7,,1,1,1
55,2024-04-01,90.9,90.9,90.9,90.9,,1,1,1
55,2024-04-02,113.0,113.0,113.0,113.0,,1,1,1
55,2024-04-03,121.0,121.0,121.0,121.0,,1,1,1
55,2024-04-04,114.0,114.0,114.0,114.0,,1,1,1
55,2024-04-05,112.0,112.0,112.0,112.0,,1,1,1
55,2024-04-06,96.1,96.1,96.1,96.1,,1,1,1
55,2024-04-07,92.1,92.1,92.1,92.1,,1,1,1
55,2024-04-08,86.2,86.2,86.2,86.2,,1,1,1
55,2024-04-10,67.0,67.0,67.0,67.0,,1,1,1
55,2024-04-11,56.1,56.1,56.1,56.1,,1,1,1
55,2024-04-12,39.7,39.7,39.7,39.7,,1,1,1
55,2024-04-13,44.1,44.1,44.1,44.1,,1,1,1
55,2024-04-14,55.8,55.8,55.8,55.8,,1,1,1
55,2024-04-15,49.5,49.5,49.5,49.5,,1,1,1
55,2024-04-16,42.0,42.0,42.0,42.0,,1,1,1
55,2024-04-17,48.8,48.8,48.8,48.8,,1,1,1
55,2024-04-18,67.3,67.3,67.3,67.3,,1,1,1
55,2024-04-19,86.2,86.2,86.2,86.2,,1,1,1
55,2024-04-20,75.7,75.7,75.7,75.7,,1,1,1
55,2024-04-21,64.7,64.7,64.7,64.7,,1,1,1
55,2024-04-22,71.6,71.6,71.6,71.6,,1,1,1
55,2024-04-23,73.2,73.2,73.2,73.2,,1,1,1
55,2024-04-24,74.6,74.6,74.6,74.6,,1,1,1
55,2024-04-25,61.8,61.8,61.8,61.8,,1,1,1
55,2024-04-26,71.2,71.2,71.2,71.2,,1,1,1
55,2024-04-27,68.6,68.6,68.6,68.6,,1,1,1
55,2024-04-28,82.6,82.6,82.6,82.6,,1,1,1
55,2024-04-29,86.8,86.8,86.8,86.8,,1,1,1
55,2024-04-30,80.4,80.4,80.4,80.4,,1,1,1
55,2024-05-01,81.5,81.5,81.5,81.5,,1,1,1
55,2024-05-02,87.6,87.6,87.6,87.6,,1,1,1
55,2024-05-03,74.0,74.0,74.0,74.0,,1,1,1
55,2024-05-04,50.4,50.4,50.4,50.4,,1,1,1
55,2024-05-05,61.7,61.7,61.7,61.7,,1,1,1
55,2024-05-06,68.1,68.1,68.1,68.1,,1,1,1
55,2024-05-07,67.3,67.3,67.3,67.3,,1,1,1
55,2024-05-08,49.6,49.6,49.6,49.6,,1,1,1
55,2024-05-09,41.2,41.2,41.2,41.2,,1,1,1
55,2024-05-10,43.6,43.6,43.6,43.6,,1,1,1
55,2024-05-11,27.2,27.2,27.2,27.2,,1,1,1
55,2024-05-12,25.7,25.7,25.7,25.7,,1,1,1
55,2024-05-13,29.3,29.3,29.3,29.3,,1,1,1
55,2024-05-14,22.75,22.75,18.7,26.8,5.727564927611036,2,2,2
55,2024-05-15,26.9,26.9,23.3,30.5,5.09116882454314,2,2,2
55,2024-05-16,35.7,35.7,35.7,35.7,,1,1,1
55,2024-05-17,35.1,35.1,35.1,35.1,,1,1,1
55,2024-05-18,39.0,39.0,39.0,39.0,,1,1,1
55,2024-05-19,35.5,35.5,35.5,35.5,,1,1,1
55,2024-05-21,28.0,28.0,28.0,28.0,,1,1,1
55,2024-05-22,22.8,22.8,22.8,22.8,,1,1,1
55,2024-05-23,13.559999999999999,13.559999999999999,4.72,22.4,12.50164789137816,2,2,2
55,2024-05-24,11.485,11.485,2.47,20.5,12.749135264793452,2,2,2
55,2024-05-25,9.619,9.619,0.738,18.5,12.559630647435458,2,2,2
55,2024-05-26,19.8,19.8,19.8,19.8,,1,1,1
55,2024-05-27,20.3,20.3,20.3,20.3,,1,1,1
55,2024-05-28,12.135000000000002,12.135000000000002,4.67,19.6,10.557104243115157,2,2,2
55,2024-05-29,15.56,15.56,6.62,24.5,12.64306924761547,2,2,2
55,2024-05-30,15.285,15.285,9.87,20.7,7.657966440250311,2,2,2
55,2024-05-31,21.2,21.2,17.4,25.0,5.374011537017762,2,2,2
55,2024-06-01,17.805,17.805,7.21,28.4,14.98359269334294,2,2,2
55,2024-06-02,11.62,11.62,4.54,18.7,10.012632021601513,2,2,2
55,2024-06-03,10.225,10.225,1.45,19.0,12.40972400982391,2,2,2
55,2024-06-04,12.645,12.645,3.29,22.0,13.229967876000305,2,2,2
55,2024-06-05,15.260000000000002,15.260000000000002,7.92,22.6,10.380327547818519,2,2,2
55,2024-06-06,12.155000000000001,12.155000000000001,2.51,21.8,13.640089809088503,2,2,2
55,2024-06-07,12.170000000000002,12.170000000000002,3.24,21.1,12.62892711199174,2,2,2
55,2024-06-08,15.28,15.28,7.66,22.9,10.776307345282984,2,2,2
55,2024-06-09,20.15,20.15,11.4,28.9,12.37436867076458,2,2,2
55,2024-06-10,22.3,22.3,10.9,33.7,16.122034611053287,2,2,2
55,2024-06-11,12.385000000000002,12.385000000000002,3.67,21.1,12.324871196081524,2,2,2
55,2024-06-12,2.86,2.86,2.86,2.86,,1,1,1
55,2024-06-13,3.24,3.24,3.24,3.24,,1,1,1
55,2024-06-14,9.6,9.6,2.7,16.5,9.758073580374356,2,2,2
55,2024-06-15,9.614999999999998,9.614999999999998,2.83,16.4,9.595439020701448,2,2,2
55,2024-06-16,11.200000000000001,11.200000000000001,5.8,16.6,7.636753236814714,2,2,2
55,2024-06-17,17.4,17.4,17.4,17.4,,1,1,1
55,2024-06-18,7.73,9.083333333333334,3.72,15.8,6.152660671070146,3,3,3
55,2024-06-19,7.9750000000000005,7.9750000000000005,5.15,10.8,3.9951533137039936,2,2,2
55,2024-06-20,9.57,12.413333333333334,7.87,19.8,6.453265323333091,3,3,3
55,2024-06-21,10.0,11.263333333333334,5.39,18.4,6.596365160702773,3,3,3
55,2024-06-22,18.6,15.166666666666666,7.0,19.9,7.102347029914361,3,3,3
55,2024-06-23,9.35,10.616666666666665,3.8,18.7,7.530327571449552,3,3,3
55,2024-06-24,5.75,7.43,2.24,14.3,6.203039577497471,3,3,3
55,2024-06-25,7.39,8.126666666666667,1.59,15.4,6.934409371628801,3,3,3
55,2024-06-26,1.96,5.52,0.6,14.0,7.375310162969419,3,3,3
55,2024-06-27,7.26,6.890000000000001,1.11,12.3,5.604168091697465,3,3,3
55,2024-06-28,6.835000000000001,6.835000000000001,5.04,8.63,2.5385133444597066,2,2,2
55,2024-06-29,7.74,8.886666666666667,3.32,15.6,6.219785634033808,3,3,3
55,2024-06-30,13.4,11.936666666666666,2.51,19.9,8.786867094325105,3,3,3
55,2024-07-01,16.09,16.09,2.08,30.1,19.813132008847063,2,2,2
55,2024-07-02,13.7,12.92,4.36,20.7,8.197877774155943,3,3,3
55,2024-07-03,16.125,16.125,5.45,26.8,15.09672977833279,2,2,2
55,2024-07-04,16.810000000000002,16.810000000000002,5.52,28.1,15.966471119192246,2,2,2
55,2024-07-05,15.870000000000001,15.870000000000001,6.44,25.3,13.336033893178286,2,2,2
55,2024-07-06,17.8,17.8,17.8,17.8,,1,1,1
55,2024-07-07,11.87,11.87,5.54,18.2,8.95197184982169,2,2,2
55,2024-07-08,14.5,11.833333333333334,5.4,15.6,5.598511706992612,3,3,3
55,2024-07-09,12.3,12.366666666666667,6.8,18.0,5.6002976111393705,3,3,3
55,2024-07-10,10.665,10.665,6.63,14.7,5.7063517241754385,2,2,2
55,2024-07-11,5.1,5.1,3.5,6.7,2.262741699796952,2,2,2
55,2024-07-12,7.19,7.22,2.17,12.3,5.065066633322805,3,3,3
55,2024-07-13,12.2,11.476666666666667,4.93,17.3,6.216641644274933,3,3,3
55,2024-07-14,11.4,10.83,4.69,16.4,5.875772289665417,3,3,3
55,2024-07-15,10.1,9.69,3.47,15.5,6.025470935951812,3,3,3
55,2024-07-16,4.9799999999999995,4.9799999999999995,2.07,7.89,4.115361466505706,2,2,2
55,2024-07-17,8.37,7.3,0.43,13.1,6.4024136073827655,3,3,3
55,2024-07-18,8.23,6.1386666666666665,0.196,9.99,5.221193860922359,3,3,3
55,2024-07-19,6.53,5.816666666666666,1.38,9.54,4.126503766305483,3,3,3
55,2024-07-20,3.75,6.026666666666667,1.03,13.3,6.444038588752657,3,3,3
55,2024-07-21,4.06,6.413333333333333,1.48,13.7,6.440941960096622,3,3,3
55,2024-07-22,5.78,7.153333333333333,3.18,12.5,4.809379724385811,3,3,3
55,2024-07-23,10.1,10.713333333333333,5.74,16.3,5.3066499162214695,3,3,3
55,2024-07-24,9.19,10.57,4.02,18.5,7.337976560333236,3,3,3
55,2024-07-25,7.47,9.096666666666668,2.22,17.6,7.817968619362279,3,3,3
55,2024-07-26,5.930000000000001,5.930000000000001,3.81,8.05,2.998132752230962,2,2,2
55,2024-07-27,8.62,9.606666666666667,4.1,16.1,6.0605390299323485,3,3,3
55,2024-07-28,6.265,6.265,4.64,7.89,2.2980970388562794,2,2,2
55,2024-07-29,4.915,4.915,2.79,7.04,3.005203820042827,2,2,2
55,2024-07-30,6.07,7.77,3.14,14.1,5.674319342440995,3,3,3
55,2024-07-31,8.6,8.62,2.36,14.9,6.270023923399336,3,3,3
55,2024-08-01,4.985,4.985,1.73,8.24,4.603265145524425,2,2,2
55,2024-08-02,5.37,5.37,2.84,7.9,3.577960312803931,2,2,2
55,2024-08-03,13.6,11.17,3.41,16.5,6.875005454543291,3,3,3
55,2024-08-04,10.2,10.41,3.23,17.8,7.287269721919177,3,3,3
55,2024-08-05,6.91,6.91,6.91,6.91,,1,1,1
55,2024-08-06,9.34,8.467333333333332,0.862,15.2,7.208725361208687,3,3,3
55,2024-08-07,7.92,9.01,2.21,16.9,7.405410184452985,3,3,3
55,2024-08-08,7.54,8.893333333333333,2.14,17.0,7.521870334785978,3,3,3
55,2024-08-09,9.86,11.143333333333333,4.57,19.0,7.300098172855851,3,3,3
55,2024-08-10,9.02,10.86,6.06,17.5,5.937811044484323,3,3,3
55,2024-08-11,10.9,11.816666666666668,6.05,18.5,6.275414992917467,3,3,3
55,2024-08-12,5.84,7.226666666666667,1.04,14.8,6.98401985487823,3,3,3
55,2024-08-13,6.9350000000000005,6.9350000000000005,5.56,8.31,1.9445436482630065,2,2,2
55,2024-08-14,10.2,9.29,2.47,15.2,6.413602731694565,3,3,3
55,2024-08-15,10.6,10.74,2.52,19.1,8.2908865629678,3,3,3
55,2024-08-16,8.62,9.626666666666667,2.66,17.6,7.520700322000162,3,3,3
55,2024-08-17,2.4539999999999997,2.4539999999999997,0.268,4.64,3.0914708473475856,2,2,2
55,2024-08-18,7.74,7.74,2.08,13.4,8.004448763031718,2,2,2
55,2024-08-19,16.445,16.445,2.79,30.1,19.311086194204613,2,2,2
55,2024-08-20,12.5,9.441,0.723,15.1,7.661112386592433,3,3,3
55,2024-08-21,14.238,14.238,0.176,28.3,19.88667111409046,2,2,2
55,2024-08-22,12.7,14.302333333333335,0.607,29.6,14.56276472148518,3,3,3
55,2024-08-23,20.1,20.1,12.3,27.9,11.03086578651014,2,2,2
55,2024-08-24,14.0105,14.0105,0.821,27.2,18.652769780919936,2,2,2
55,2024-08-25,14.2,13.920666666666667,0.562,27.0,13.221213307912906,3,3,3
55,2024-08-26,15.8225,15.8225,0.445,31.2,21.74706905539227,2,2,2
55,2024-08-27,15.866,15.866,0.532,31.2,21.68555076542904,2,2,2
55,2024-08-29,21.1235,21.1235,0.647,41.6,28.95814400993268,2,2,2
55,2024-08-30,13.3,17.993333333333332,1.58,39.1,19.19526330461068,3,3,3
55,2024-08-31,15.2,18.283333333333335,2.15,37.5,17.875565259127704,3,3,3
55,2024-09-01,14.9,18.91,1.83,40.0,19.398383953309104,3,3,3
55,2024-09-02,15.0,19.736666666666665,3.41,40.8,19.13975008544608,3,3,3
55,2024-09-03,28.815,28.815,4.13,53.5,34.90986178717985,2,2,2
55,2024-09-04,16.6,21.873333333333335,2.62,46.4,22.36130884660675,3,3,3
55,2024-09-05,26.445,26.445,3.49,49.4,32.46327232427439,2,2,2
55,2024-09-07,43.4,43.4,43.4,43.4,,1,1,1
55,2024-09-08,31.7,31.7,31.7,31.7,,1,1,1
55,2024-09-09,27.5,27.5,27.5,27.5,,1,1,1
55,2024-09-10,28.4,28.4,28.4,28.4,,1,1,1
55,2024-09-11,31.6,31.6,31.6,31.6,,1,1,1
55,2024-09-12,31.3,31.3,31.3,31.3,,1,1,1
55,2024-09-14,22.95,22.95,15.7,30.2,10.253048327204938,2,2,2
55,2024-09-15,36.1,36.1,36.1,36.1,,1,1,1
55,2024-09-16,38.5,38.5,38.5,38.5,,1,1,1
55,2024-09-17,29.0,29.0,19.1,38.9,14.00071426749364,2,2,2
55,2024-09-18,40.0,40.0,40.0,40.0,,1,1,1
55,2024-09-19,17.3,17.3,17.3,17.3,,1,1,1
55,2024-09-20,27.3,27.3,27.3,27.3,,1,1,1
55,2024-09-21,42.1,42.1,42.1,42.1,,1,1,1
55,2024-09-22,24.4,24.4,24.4,24.4,,1,1,1
55,2024-09-23,5.64,5.64,5.64,5.64,,1,1,1
55,2024-09-24,1.99,1.99,1.99,1.99,,1,1,1
55,2024-09-25,2.46,2.46,2.46,2.46,,1,1,1
55,2024-09-26,8.16,8.16,8.16,8.16,,1,1,1
55,2024-09-27,11.0,11.0,11.0,11.0,,1,1,1
55,2024-09-28,16.0,16.0,16.0,16.0,,1,1,1
55,2024-09-29,15.9,15.9,15.9,15.9,,1,1,1
55,2024-09-30,12.2,12.2,12.2,12.2,,1,1,1
55,2024-10-01,8.72,8.72,8.72,8.72,,1,1,1
55,2024-10-02,6.67,6.67,6.67,6.67,,1,1,1
55,2024-10-03,12.0,12.0,12.0,12.0,,1,1,1
55,2024-10-04,23.0,23.0,23.0,23.0,,1,1,1
55,2024-10-05,24.3,24.3,24.3,24.3,,1,1,1
55,2024-10-06,27.95,27.95,27.4,28.5,0.7778174593052033,2,2,2
55,2024-10-07,36.8,36.8,36.8,36.8,,1,1,1
55,2024-10-08,38.6,38.6,38.6,38.6,,1,1,1
55,2024-10-09,40.9,40.9,40.9,40.9,,1,1,1
55,2024-10-10,46.0,46.0,46.0,46.0,,1,1,1
55,2024-10-11,47.4,47.4,47.4,47.4,,1,1,1
55,2024-10-12,42.4,42.4,42.4,42.4,,1,1,1
55,2024-10-13,37.1,37.1,37.1,37.1,,1,1,1
55,2024-10-14,34.5,34.5,34.5,34.5,,1,1,1
55,2024-10-15,25.4,25.4,25.4,25.4,,1,1,1
55,2024-10-16,19.5,19.5,19.5,19.5,,1,1,1
55,2024-10-17,20.85,20.85,17.4,24.3,4.879036790187181,2,2,2
55,2024-10-18,20.5,20.5,20.5,20.5,,1,1,1
55,2024-10-19,14.0,14.0,14.0,14.0,,1,1,1
55,2024-10-20,9.33,9.33,9.33,9.33,,1,1,1
55,2024-10-21,9.77,9.77,9.77,9.77,,1,1,1
55,2024-10-22,10.7,10.7,10.7,10.7,,1,1,1
55,2024-10-23,18.7,18.7,18.7,18.7,,1,1,1
55,2024-10-24,27.7,27.7,27.7,27.7,,1,1,1
55,2024-10-25,28.0,28.0,28.0,28.0,,1,1,1
55,2024-10-26,29.1,29.1,29.1,29.1,,1,1,1
55,2024-10-27,28.9,28.9,28.9,28.9,,1,1,1
55,2024-10-28,22.2,22.2,22.2,22.2,,1,1,1
55,2024-10-29,28.6,28.6,28.6,28.6,,1,1,1
55,2024-10-30,21.5,21.5,21.5,21.5,,1,1,1
55,2024-10-31,24.4,24.4,24.4,24.4,,1,1,1
55,2024-11-01,28.1,22.833333333333332,9.6,30.8,11.539641819975754,3,3,3
55,2024-11-02,18.25,18.25,13.3,23.2,7.00035713374682,2,2,2
55,2024-11-03,29.55,29.55,29.0,30.1,0.7778174593052033,2,2,2
55,2024-11-04,36.4,36.4,36.4,36.4,,1,1,1
55,2024-11-05,26.3,26.3,26.3,26.3,,1,1,1
55,2024-11-06,21.854999999999997,21.854999999999997,9.91,33.8,16.892781002546617,2,2,2
55,2024-11-07,25.6,25.6,16.5,34.7,12.869343417595168,2,2,2
55,2024-11-08,29.45,29.45,22.4,36.5,9.970205614730322,2,2,2
55,2024-11-09,32.5,32.5,28.0,37.0,6.363961030678928,2,2,2
55,2024-11-10,35.45,35.45,29.0,41.9,9.121677477306465,2,2,2
55,2024-11-11,28.5,28.5,18.5,38.5,14.142135623730951,2,2,2
55,2024-11-12,31.950000000000003,31.950000000000003,27.8,36.1,5.868986283848346,2,2,2
55,2024-11-13,29.200000000000003,29.200000000000003,23.7,34.7,7.778174593052026,2,2,2
55,2024-11-14,24.150000000000002,24.150000000000002,15.6,32.7,12.091525958289964,2,2,2
55,2024-11-15,21.3,21.3,13.9,28.7,10.465180361560904,2,2,2
55,2024-11-16,20.8,17.98,8.94,24.2,8.011316995351015,3,3,3
55,2024-11-17,18.549999999999997,18.549999999999997,10.7,26.4,11.101576464628794,2,2,2
55,2024-11-18,20.1,20.1,13.6,26.6,9.19238815542512,2,2,2
55,2024-11-19,25.8,25.8,25.5,26.1,0.4242640687119295,2,2,2
55,2024-11-20,19.4,19.4,10.2,28.6,13.010764773832474,2,2,2
55,2024-11-21,22.1,22.1,15.0,29.2,10.040916292848976,2,2,2
55,2024-11-22,28.5,28.5,20.1,36.9,11.879393923933996,2,2,2
55,2024-11-23,25.950000000000003,25.950000000000003,18.8,33.1,10.111626970967631,2,2,2
55,2024-11-24,23.1,23.1,15.2,31.0,11.172287142747452,2,2,2
55,2024-11-25,21.15,21.15,12.8,29.5,11.808683245815342,2,2,2
55,2024-11-26,18.6,18.6,10.3,26.9,11.737972567696689,2,2,2
55,2024-11-27,11.0,11.0,6.8,15.2,5.939696961966999,2,2,2
55,2024-11-28,11.4,11.4,11.4,11.4,,1,1,1
55,2024-11-29,35.5,35.5,35.5,35.5,,1,1,1
55,2024-11-30,35.2,35.2,35.2,35.2,,1,1,1
55,2024-12-01,35.2,35.2,35.2,35.2,,1,1,1
55,2024-12-02,37.0,37.0,37.0,37.0,,1,1,1
55,2024-12-03,35.2,35.2,35.2,35.2,,1,1,1
55,2024-12-04,37.1,37.1,37.1,37.1,,1,1,1
55,2024-12-05,35.0,35.0,35.0,35.0,,1,1,1
55,2024-12-06,32.8,32.8,26.4,39.2,9.05096679918781,2,2,2
55,2024-12-07,29.9,29.9,21.3,38.5,12.162236636408617,2,2,2
55,2024-12-08,19.95,19.95,13.7,26.2,8.838834764831844,2,2,2
55,2024-12-09,18.55,18.55,13.3,23.8,7.424621202458749,2,2,2
55,2024-12-10,23.299999999999997,23.299999999999997,14.2,32.4,12.869343417595163,2,2,2
55,2024-12-11,30.299999999999997,30.299999999999997,16.7,43.9,19.23330444827409,2,2,2
55,2024-12-12,25.9,25.9,13.0,38.8,18.243354954612926,2,2,2
55,2024-12-13,19.049999999999997,19.049999999999997,12.2,25.9,9.6873629022557,2,2,2
55,2024-12-14,14.95,14.95,11.9,18.0,4.313351365237939,2,2,2
55,2024-12-15,10.7,12.416666666666666,1.85,24.7,11.521320815485234,3,3,3
55,2024-12-16,7.43,7.43,3.36,11.5,5.755849198858497,2,2,2
55,2024-12-17,15.559999999999999,15.559999999999999,8.12,23.0,10.521748904055826,2,2,2
55,2024-12-18,18.5,18.5,10.9,26.1,10.748023074035522,2,2,2
55,2024-12-19,30.349999999999998,30.349999999999998,22.4,38.3,11.242997820866105,2,2,2
55,2024-12-20,36.7,36.7,29.4,44.0,10.323759005323597,2,2,2
55,2024-12-21,35.25,35.25,29.6,40.9,7.9903066274079855,2,2,2
55,2024-12-22,32.599999999999994,32.599999999999994,29.4,35.8,4.525483399593901,2,2,2
55,2024-12-23,35.6,35.6,24.8,46.4,15.273506473629427,2,2,2
55,2024-12-24,41.8,41.8,41.8,41.8,,1,1,1
55,2024-12-25,44.7,44.7,44.7,44.7,,1,1,1
55,2024-12-26,40.5,40.5,40.5,40.5,,1,1,1
55,2024-12-27,34.9,34.9,34.9,34.9,,1,1,1
55,2024-12-28,31.6,31.6,31.6,31.6,,1,1,1
55,2024-12-29,23.6,23.6,23.6,23.6,,1,1,1
55,2024-12-30,23.9,23.9,23.9,23.9,,1,1,1
55,2024-12-31,27.8,27.8,27.8,27.8,,1,1,1
55,2025-01-01,34.4,34.4,34.4,34.4,,1,1,1
55,2025-01-02,30.9,30.9,30.9,30.9,,1,1,1
55,2025-01-03,32.8,32.8,32.8,32.8,,1,1,1
55,2025-01-04,41.3,41.3,41.3,41.3,,1,1,1
55,2025-01-05,48.0,48.0,48.0,48.0,,1,1,1
55,2025-01-06,49.9,49.9,49.9,49.9,,1,1,1
55,2025-01-08,47.9,47.9,47.9,47.9,,1,1,1
55,2025-01-09,41.35,41.35,37.5,45.2,5.444722215136418,2,2,2
55,2025-01-10,34.95,34.95,29.7,40.2,7.424621202458753,2,2,2
55,2025-01-11,34.2,34.2,32.4,36.0,2.5455844122715745,2,2,2
55,2025-01-19,44.2,44.2,44.2,44.2,,1,1,1
55,2025-01-24,55.7,55.7,55.7,55.7,,1,1,1
55,2025-01-25,59.2,59.2,59.2,59.2,,1,1,1
55,2025-01-26,61.6,61.6,61.6,61.6,,1,1,1
55,2025-01-31,57.2,57.2,57.2,57.2,,1,1,1
55,2025-02-01,57.4,57.4,57.4,57.4,,1,1,1
55,2025-02-02,51.5,51.5,51.5,51.5,,1,1,1
55,2025-02-03,49.5,49.5,49.5,49.5,,1,1,1
55,2025-02-04,46.3,46.3,46.3,46.3,,1,1,1
55,2025-02-05,38.9,38.9,38.9,38.9,,1,1,1
55,2025-02-06,53.0,53.0,53.0,53.0,,1,1,1
55,2025-02-07,57.8,57.8,57.8,57.8,,1,1,1
55,2025-02-08,51.4,51.4,51.4,51.4,,1,1,1
55,2025-02-09,33.9,33.9,33.9,33.9,,1,1,1
55,2025-02-10,33.6,33.6,33.6,33.6,,1,1,1
55,2025-02-11,43.2,43.2,43.2,43.2,,1,1,1
55,2025-02-12,49.9,50.1,41.7,58.7,8.501764522732913,3,3,3
55,2025-02-13,58.45,58.45,52.7,64.2,8.131727983645296,2,2,2
55,2025-02-14,57.8,66.23333333333333,52.2,88.7,19.657144587486084,3,3,3
55,2025-02-15,70.2,75.76666666666667,60.6,96.5,18.58610592171833,3,3,3
55,2025-02-16,86.8,86.8,76.1,97.5,15.132085117392121,2,2,2
55,2025-02-17,72.1,72.03333333333333,53.7,90.3,18.300091074454606,3,3,3
55,2025-02-18,72.2,70.63333333333334,55.1,84.6,14.812269688786163,3,3,3
55,2025-02-19,49.0,50.1,44.8,56.5,5.92705660509498,3,3,3
55,2025-02-20,49.3,47.6,42.9,50.6,4.121892769104992,3,3,3
55,2025-02-21,46.6,45.73333333333333,42.5,48.1,2.8988503468329196,3,3,3
55,2025-02-22,43.2,43.0,37.0,48.8,5.902541825349481,3,3,3
55,2025-02-23,40.7,40.333333333333336,36.5,43.8,3.6637867477970567,3,3,3
55,2025-02-24,21.3,26.233333333333334,20.0,37.4,9.692436914075495,3,3,3
55,2025-02-25,15.3,18.033333333333335,12.0,26.8,7.769384359994898,3,3,3
55,2025-02-26,7.18,11.78,5.76,22.4,9.224554189769822,3,3,3
55,2025-02-27,14.4,16.533333333333335,13.5,21.7,4.497036060933172,3,3,3
55,2025-02-28,27.7,26.566666666666666,22.5,29.5,3.635014901390823,3,3,3
55,2025-03-01,38.8,38.8,33.0,44.6,8.20243866176395,2,2,2
55,2025-03-02,39.95,39.95,39.1,40.8,1.2020815280171302,2,2,2
55,2025-03-03,44.3,51.23333333333333,42.8,66.6,13.329040975754154,3,3,3
55,2025-03-04,63.4,76.60000000000001,61.4,105.0,24.615442307624697,3,3,3
55,2025-03-05,73.9,79.73333333333333,70.6,94.7,13.066113933887664,3,3,3
55,2025-03-06,70.8,75.39999999999999,58.3,97.1,19.804797398610265,3,3,3
55,2025-03-07,63.1,65.43333333333332,42.9,90.3,23.78599027438911,3,3,3
55,2025-03-08,38.8,35.266666666666666,24.8,42.2,9.22243640982866,3,3,3
55,2025-03-09,31.45,31.45,20.1,42.8,16.051323932934626,2,2,2
55,2025-03-10,34.9,36.96666666666667,30.5,45.5,7.710598766200543,3,3,3
55,2025-03-11,43.1,48.699999999999996,41.8,61.2,10.844814429025517,3,3,3
55,2025-03-12,62.6,62.6,55.5,69.7,7.100000000000001,3,3,3
55,2025-03-13,63.0,61.333333333333336,56.0,65.0,4.72581562625261,3,3,3
55,2025-03-14,54.7,54.56666666666666,48.3,60.7,6.201075175591196,3,3,3
55,2025-03-15,61.0,60.699999999999996,57.0,64.1,3.5594943461115345,3,3,3
55,2025-03-16,90.1,90.1,72.2,108.0,25.314422766478394,2,2,2
55,2025-03-17,60.8,64.3,60.6,71.5,6.236184731067553,3,3,3
55,2025-03-18,68.9,62.63333333333333,48.6,70.4,12.17634318395032,3,3,3
55,2025-03-19,41.1,45.23333333333333,34.5,60.1,13.291099778924742,3,3,3
55,2025-03-20,38.5,39.733333333333334,36.5,44.2,3.995414037785489,3,3,3
55,2025-03-21,51.7,63.76666666666667,51.6,88.0,20.98674184654048,3,3,3
55,2025-03-22,83.5,88.39999999999999,74.7,107.0,16.698203496184853,3,3,3
55,2025-03-23,116.0,125.0,114.0,145.0,17.349351572897472,3,3,3
55,2025-03-24,132.0,137.66666666666666,121.0,160.0,20.108041509140893,3,3,3
55,2025-03-25,124.0,131.33333333333334,120.0,150.0,16.289055630494158,3,3,3
55,2025-03-26,112.0,110.0,102.0,116.0,7.211102550927978,3,3,3
55,2025-03-27,104.0,100.33333333333333,91.0,106.0,8.144527815247075,3,3,3
55,2025-03-28,118.0,117.0,106.0,127.0,10.535653752852738,3,3,3
55,2025-03-29,105.0,105.33333333333333,101.0,110.0,4.5092497528228925,3,3,3
55,2025-03-30,107.0,105.33333333333333,96.0,113.0,8.621678104251707,3,3,3
55,2025-03-31,88.9,75.83333333333333,49.6,89.0,22.718788113218835,3,3,3
55,2025-04-01,69.1,65.53333333333333,55.6,71.9,8.715694655811053,3,3,3
55,2025-04-02,77.1,76.3,73.3,78.5,2.690724809414742,3,3,3
55,2025-04-03,81.8,81.86666666666666,76.1,87.7,5.800287349203781,3,3,3
55,2025-04-04,89.5,87.53333333333335,82.9,90.2,4.0278199231511485,3,3,3
55,2025-04-05,79.5,75.0,65.5,80.0,8.231038816577165,3,3,3
55,2025-04-06,44.9,50.6,43.9,63.0,10.75034883154961,3,3,3
55,2025-04-07,26.7,30.599999999999998,24.2,40.9,9.007219326740078,3,3,3
55,2025-04-08,30.4,29.900000000000002,26.8,32.5,2.882707061079914,3,3,3
55,2025-04-09,39.150000000000006,39.150000000000006,37.7,40.6,2.050609665440984,2,2,2
55,2025-04-10,53.05,53.05,51.1,55.0,2.757716446627537,2,2,2
55,2025-04-11,53.8,52.666666666666664,48.4,55.8,3.8279672586548235,3,3,3
55,2025-04-12,33.8,33.266666666666666,21.8,44.2,11.209519763724641,3,3,3
55,2025-04-13,20.0,21.033333333333335,16.8,26.3,4.833563212924117,3,3,3
55,2025-04-14,11.0,13.523333333333333,5.27,24.3,9.762716493544884,3,3,3
55,2025-04-15,16.6,16.103333333333335,7.81,23.9,8.05649013735717,3,3,3
55,2025-04-16,11.0,15.1,10.5,23.8,7.538567503179896,3,3,3
55,2025-04-17,13.8,16.333333333333332,12.6,22.6,5.460158727851541,3,3,3
55,2025-04-18,9.06,13.773333333333333,8.66,23.6,8.512492780222098,3,3,3
55,2025-04-19,12.1,15.433333333333332,10.7,23.5,7.0209211171564485,3,3,3
55,2025-04-20,14.2,16.003333333333334,9.51,24.3,7.558110434052505,3,3,3
55,2025-04-21,14.9,17.599999999999998,13.7,24.2,5.747173218200405,3,3,3
55,2025-04-22,29.4,29.599999999999998,29.3,30.1,0.43588989435406855,3,3,3
55,2025-04-23,41.2,40.233333333333334,37.3,42.2,2.5890796305508545,3,3,3
55,2025-04-24,41.3,41.3,40.3,42.3,1.4142135623730951,2,2,2
55,2025-04-25,45.55,45.55,44.3,46.8,1.7677669529663689,2,2,2
55,2025-04-26,46.3,46.3,45.8,46.8,0.7071067811865476,2,2,2
55,2025-04-27,40.0,40.0,39.1,40.9,1.2727922061357835,2,2,2
55,2025-04-28,24.7,24.7,24.0,25.4,0.9899494936611655,2,2,2
55,2025-04-29,31.25,31.25,28.5,34.0,3.8890872965260113,2,2,2
55,2025-04-30,29.200000000000003,29.200000000000003,28.1,30.3,1.5556349186104053,2,2,2
55,2025-05-01,22.7,22.7,18.7,26.7,5.656854249492381,2,2,2
55,2025-05-02,25.25,25.25,20.9,29.6,6.1518289963229655,2,2,2
55,2025-05-03,20.45,20.45,18.2,22.7,3.181980515339464,2,2,2
55,2025-05-04,34.0,34.0,30.4,37.6,5.091168824543144,2,2,2
55,2025-05-05,32.85,32.85,30.7,35.0,3.040559159102156,2,2,2
55,2025-05-06,39.05,39.05,34.5,43.6,6.434671708797581,2,2,2
55,2025-05-07,40.85,40.85,39.7,42.0,1.6263455967290572,2,2,2
55,2025-05-08,28.5,29.900000000000002,24.1,37.1,6.612110101926616,3,3,3
55,2025-05-09,26.3,26.900000000000002,25.1,29.3,2.1633307652783937,3,3,3
55,2025-05-10,31.4,31.333333333333332,25.1,37.5,6.20026881137692,3,3,3
55,2025-05-11,21.3,25.7,19.5,36.3,9.223882046080162,3,3,3
55,2025-05-12,15.1,16.333333333333332,11.1,22.8,5.946707772653145,3,3,3
55,2025-05-13,23.3,21.46666666666667,15.8,25.3,5.008326400438907,3,3,3
55,2025-05-14,20.5,23.0,14.8,33.7,9.69484399049309,3,3,3
55,2025-05-15,6.9,11.160000000000002,3.28,23.3,10.668214471034974,3,3,3
55,2025-05-16,9.58,12.17,6.73,20.2,7.098682976440067,3,3,3
55,2025-05-17,16.6,17.133333333333333,11.6,23.2,5.818361739642295,3,3,3
55,2025-05-18,15.4,15.4,11.2,19.6,5.939696961967001,2,2,2
55,2025-05-19,10.6,11.04,3.32,19.2,7.949138318082029,3,3,3
55,2025-05-20,12.7,13.219999999999999,6.76,20.2,6.735072382684539,3,3,3
55,2025-05-21,21.4,21.133333333333333,12.4,29.6,8.603100216394862,3,3,3
55,2025-05-22,25.8,25.8,25.5,26.1,0.4242640687119295,2,2,2
55,2025-05-23,9.24,9.98,3.7,17.0,6.68080833432602,3,3,3
55,2025-05-24,7.57,6.1433333333333335,2.81,8.05,2.896710778336929,3,3,3
55,2025-05-25,9.36,8.713333333333333,4.28,12.5,4.147979427785693,3,3,3
55,2025-05-26,6.84,6.286666666666666,2.75,9.27,3.2950316134042374,3,3,3
55,2025-05-27,6.83,7.003333333333333,4.73,9.45,2.3647691924019423,3,3,3
55,2025-05-28,6.574999999999999,6.574999999999999,5.22,7.93,1.9162593770155434,2,2,2
55,2025-05-29,7.97,7.56,4.61,10.1,2.7678692165635286,3,3,3
55,2025-05-30,4.805,4.805,4.31,5.3,0.7000357133746822,2,2,2
55,2025-05-31,3.79,3.79,2.89,4.69,1.2727922061357855,2,2,2
55,2025-06-01,4.75,5.336666666666667,3.73,7.53,1.9667570600695286,3,3,3
55,2025-06-02,8.85,8.85,8.85,8.85,,1,1,1
55,2025-06-03,14.1,13.899999999999999,11.2,16.4,2.6057628441590763,3,3,3
55,2025-06-04,19.9,20.166666666666668,19.6,21.0,0.7371114795831986,3,3,3
55,2025-06-05,19.450000000000003,19.450000000000003,18.8,20.1,0.9192388155425111,2,2,2
55,2025-06-06,23.85,23.85,23.2,24.5,0.9192388155425111,2,2,2
55,2025-06-07,20.9,21.400000000000002,20.7,22.6,1.0440306508910573,3,3,3
55,2025-06-08,20.0,17.466666666666665,12.4,20.0,4.387862045841156,3,3,3
55,2025-06-09,15.1,15.166666666666666,13.2,17.2,2.0008331597945226,3,3,3
55,2025-06-10,13.1,11.280000000000001,6.94,13.8,3.774811253559573,3,3,3
55,2025-06-11,4.75,7.669999999999999,4.56,13.7,5.222997223816991,3,3,3
55,2025-06-12,7.75,7.146666666666667,5.82,7.87,1.1504926481005142,3,3,3
55,2025-06-13,9.13,9.133333333333335,8.88,9.39,0.25501633934580187,3,3,3
55,2025-06-14,6.7,7.460000000000001,6.45,9.23,1.537953185243296,3,3,3
55,2025-06-15,3.74,5.19,3.72,8.11,2.5288139512427557,3,3,3
55,2025-06-16,2.75,3.986666666666667,1.8,7.41,3.0025045101270593,3,3,3
55,2025-06-17,8.39,7.38,4.37,9.38,2.653318676676438,3,3,3
55,2025-06-18,8.0,6.813333333333333,3.66,8.78,2.758574511107745,3,3,3
55,2025-06-19,5.81,6.433333333333334,4.61,8.88,2.2021883056027103,3,3,3
55,2025-06-20,10.35,10.35,10.2,10.5,0.21213203435596475,2,2,2
55,2025-06-21,10.4,10.09,7.37,12.5,2.5790114385167042,3,3,3
55,2025-06-22,7.34,7.88,3.8,12.5,4.375065713792194,3,3,3
55,2025-06-23,3.8,4.276666666666666,2.15,6.88,2.4007568251143914,3,3,3
55,2025-06-24,6.43,5.739999999999999,3.71,7.08,1.7878199014442144,3,3,3
55,2025-06-25,8.24,10.003333333333332,7.67,14.1,3.559246174870928,3,3,3
55,2025-06-26,11.9,12.799999999999999,11.1,15.4,2.286919325205855,3,3,3
55,2025-06-27,8.58,8.58,5.26,11.9,4.695189027078675,2,2,2
55,2025-06-28,5.595,5.595,4.31,6.88,1.8172644276494274,2,2,2
55,2025-06-29,6.13,6.13,5.09,7.17,1.470782104868019,2,2,2
55,2025-06-30,11.0,11.0,11.0,11.0,0.0,2,2,2
55,2025-07-01,10.5,10.5,10.5,10.5,,1,1,1
55,2025-07-02,13.3,13.3,13.3,13.3,,1,1,1
55,2025-07-03,11.1,11.1,11.1,11.1,,1,1,1
55,2025-07-04,7.625,7.625,4.85,10.4,3.9244426355853395,2,2,2
55,2025-07-05,8.3,8.3,7.88,8.72,0.5939696961967008,2,2,2
55,2025-07-06,7.4350000000000005,7.4350000000000005,5.87,9.0,2.213244225113894,2,2,2
55,2025-07-07,8.885,8.885,6.77,11.0,2.9910616844190963,2,2,2
55,2025-07-08,13.5,13.5,13.5,13.5,,1,1,1
55,2025-07-09,12.1,12.1,10.5,13.7,2.2627416997969516,2,2,2
55,2025-07-10,9.425,9.425,9.08,9.77,0.48790367901871806,2,2,2
55,2025-07-11,5.115,5.115,3.69,6.54,2.015254326381661,2,2,2
55,2025-07-12,6.11,6.11,4.78,7.44,1.8809040379562165,2,2,2
55,2025-07-13,5.025,5.025,3.97,6.08,1.4919953083036155,2,2,2
55,2025-07-14,7.355,7.355,5.44,9.27,2.708218971944477,2,2,2
55,2025-07-15,4.43,4.43,4.43,4.43,,1,1,1
55,2025-07-16,4.15,4.15,4.15,4.15,,1,1,1
55,2025-07-17,3.26,3.26,1.69,4.83,2.220315292925759,2,2,2
55,2025-07-18,5.18,5.18,5.18,5.18,,1,1,1
55,2025-07-19,7.29,7.29,7.29,7.29,,1,1,1
55,2025-07-20,7.42,7.42,7.42,7.42,,1,1,1
55,2025-07-21,5.09,5.09,5.09,5.09,,1,1,1
55,2025-07-22,3.77,3.77,3.77,3.77,,1,1,1
55,2025-07-23,0.454,0.454,0.454,0.454,,1,1,1
55,2025-07-24,3.33,3.33,3.33,3.33,,1,1,1
55,2025-07-25,4.51,4.51,4.51,4.51,,1,1,1
55,2025-07-26,7.69,7.69,7.69,7.69,,1,1,1
55,2025-07-27,4.24,4.24,4.24,4.24,,1,1,1
55,2025-07-28,3.84,3.84,3.84,3.84,,1,1,1
55,2025-07-29,5.27,5.27,5.27,5.27,,1,1,1
55,2025-07-30,6.98,6.98,6.4,7.56,0.8202438661763949,2,2,2
55,2025-07-31,12.5,12.5,11.1,13.9,1.9798989873223336,2,2,2
55,2025-08-01,16.6,16.6,16.6,16.6,,1,1,1
55,2025-08-02,13.7,13.7,13.7,13.7,,1,1,1
55,2025-08-03,14.25,14.25,13.2,15.3,1.4849242404917509,2,2,2
55,2025-08-04,11.55,11.55,11.0,12.1,0.7778174593052026,2,2,2
55,2025-08-05,6.23,6.23,6.07,6.39,0.2262741699796951,2,2,2
55,2025-08-06,3.465,3.465,2.43,4.5,1.4637110370561532,2,2,2
55,2025-08-07,4.72,4.72,3.52,5.92,1.6970562748477138,2,2,2
55,2025-08-08,9.38,9.38,9.38,9.38,,1,1,1
55,2025-08-09,8.879999999999999,8.879999999999999,5.56,12.2,4.695189027078675,2,2,2
55,2025-08-10,10.86,10.86,6.92,14.8,5.5720014357499945,2,2,2
55,2025-08-11,6.6850000000000005,6.6850000000000005,3.07,10.3,5.1123820279787395,2,2,2
55,2025-08-12,9.59,9.59,8.78,10.4,1.1455129855222077,2,2,2
55,2025-08-13,9.97,9.97,9.64,10.3,0.4666904755831215,2,2,2
55,2025-08-14,8.5,8.5,8.5,8.5,,1,1,1
55,2025-08-15,6.11,6.11,6.11,6.11,,1,1,1
55,2025-08-16,4.365,4.365,4.05,4.68,0.44547727214752453,2,2,2
55,2025-08-17,4.26,4.26,4.2,4.32,0.0848528137423861,2,2,2
55,2025-08-18,4.12,4.12,3.3,4.94,1.1596551211459383,2,2,2
55,2025-08-19,7.455,7.455,6.18,8.73,1.8031222920256966,2,2,2
55,2025-08-20,9.405,9.405,6.31,12.5,4.376990975544729,2,2,2
55,2025-08-21,7.57,7.57,5.2,9.94,3.351686142824235,2,2,2
55,2025-08-22,8.485,8.485,4.07,12.9,6.243752877877214,2,2,2
55,2025-08-23,9.38,9.38,9.38,9.38,,1,1,1
55,2025-08-24,10.4,10.4,10.4,10.4,,1,1,1
55,2025-08-25,4.585,4.585,2.16,7.01,3.4294678887547554,2,2,2
55,2025-08-26,3.4,4.733333333333333,1.47,9.33,4.0961241843153795,3,3,3
55,2025-08-27,3.17,4.035666666666667,0.857,8.08,3.688491064559237,3,3,3
55,2025-08-28,7.95,7.260000000000001,4.79,9.04,2.207419307698471,3,3,3
55,2025-08-29,12.0,9.64,4.32,12.6,4.617012020777074,3,3,3
55,2025-08-30,7.95,7.0200000000000005,3.79,9.32,2.8799131931362094,3,3,3
55,2025-08-31,3.64,4.793333333333334,3.01,7.73,2.5626613770323488,3,3,3
55,2025-09-01,5.734999999999999,5.734999999999999,4.06,7.41,2.3688077169749344,2,2,2
55,2025-09-02,5.29,4.736666666666667,2.3,6.62,2.2125174198937585,3,3,3
55,2025-09-03,8.79,6.753333333333333,2.48,8.99,3.702166032653497,3,3,3
55,2025-09-04,9.34,8.643333333333333,3.99,12.6,4.347071811384455,3,3,3
55,2025-09-05,9.73,8.98,3.81,13.4,4.838791171356747,3,3,3
55,2025-09-06,9.72,9.15,4.53,13.2,4.363015012580177,3,3,3
55,2025-09-07,6.244999999999999,6.244999999999999,2.79,9.7,4.8861078579990425,2,2,2
55,2025-09-08,7.56,7.56,7.56,7.56,,1,1,1
55,2025-09-09,4.425,4.425,3.8,5.05,0.8838834764831844,2,2,2
55,2025-09-10,5.6899999999999995,5.6899999999999995,4.09,7.29,2.262741699796952,2,2,2
55,2025-09-11,5.005,5.005,3.18,6.83,2.5809397513308983,2,2,2
55,2025-09-12,8.765,8.765,8.4,9.13,0.51618795026618,2,2,2
55,2025-09-13,8.555,8.555,7.87,9.24,0.9687362902255698,2,2,2
55,2025-09-14,8.0,8.0,2.3,13.7,8.061017305526642,2,2,2
55,2025-09-15,9.18,9.276666666666666,6.05,12.6,3.2760697998262085,3,3,3
55,2025-09-16,9.2,8.383333333333333,5.05,10.9,3.009291167921997,3,3,3
55,2025-09-17,10.8,8.133333333333335,2.7,10.9,4.705670338361299,3,3,3
55,2025-09-18,5.880000000000001,5.880000000000001,3.71,8.05,3.068843430349617,2,2,2
55,2025-09-19,3.62,3.62,3.62,3.62,,1,1,1
55,2025-09-20,3.47,4.473333333333334,2.14,7.81,2.9651700344724468,3,3,3
55,2025-09-21,7.0,6.243333333333333,3.73,8.0,2.2333009947907456,3,3,3
55,2025-09-22,3.13,4.42,1.76,8.37,3.4887103634437757,3,3,3
55,2025-09-23,5.005,5.005,2.64,7.37,3.3446150750123698,2,2,2
55,2025-09-24,4.715,4.715,1.7,7.73,4.2638538905548815,2,2,2
55,2025-09-25,2.89,4.573333333333333,2.26,8.57,3.4755191458735104,3,3,3
55,2025-09-26,6.6,6.55,3.05,10.0,3.47526977370103,3,3,3
55,2025-09-27,6.65,5.916666666666667,1.78,9.32,3.823118273521411,3,3,3
55,2025-09-28,8.9,7.8999999999999995,3.9,10.9,3.605551275463989,3,3,3
55,2025-09-29,7.45,7.53,3.24,11.9,4.33055423704634,3,3,3
55,2025-09-30,4.645,4.645,1.04,8.25,5.098239892355007,2,2,2
55,2025-10-01,5.32,5.32,3.11,7.53,3.12541197284454,2,2,2
55,2025-10-02,8.74,7.293333333333333,3.29,9.85,3.5111299225937698,3,3,3
55,2025-10-03,10.2,7.97,3.31,10.4,4.036917140591321,3,3,3
55,2025-10-04,4.2,5.913333333333334,3.04,10.5,4.014291137091744,3,3,3
55,2025-10-05,9.44,8.973333333333333,7.28,10.2,1.5149037373157848,3,3,3
55,2025-10-06,11.5,11.866666666666667,10.3,13.8,1.77857620959388,3,3,3
55,2025-10-07,10.655000000000001,10.655000000000001,8.81,12.5,2.6092240225783607,2,2,2
55,2025-10-08,10.4,8.93,4.89,11.5,3.541708627202413,3,3,3
55,2025-10-09,12.4,11.17,6.41,14.7,4.279684567815717,3,3,3
55,2025-10-10,14.0,14.053333333333333,7.66,20.5,6.420166145306002,3,3,3
55,2025-10-11,15.215,15.215,9.53,20.9,8.039804102091045,2,2,2
55,2025-10-12,14.445,14.445,8.69,20.2,8.138799051457163,2,2,2
55,2025-10-13,7.675,7.675,4.65,10.7,4.277996026178612,2,2,2
55,2025-10-14,4.365,4.365,3.79,4.94,0.8131727983645299,2,2,2
55,2025-10-15,2.64,2.64,1.61,3.67,1.4566399692442877,2,2,2
55,2025-10-16,3.51,3.51,3.18,3.84,0.466690475583121,2,2,2
55,2025-10-17,6.574999999999999,6.574999999999999,3.36,9.79,4.5466966030295,2,2,2
55,2025-10-18,7.305,7.305,4.41,10.2,4.094148263070109,2,2,2
55,2025-10-19,9.17,9.17,6.24,12.1,4.143645737753168,2,2,2
55,2025-10-20,12.0,12.0,12.0,12.0,,1,1,1
55,2025-10-21,20.4,20.4,16.3,24.5,5.798275605729688,2,2,2
55,2025-10-22,20.2,20.2,20.2,20.2,,1,1,1
55,2025-10-23,10.8,10.8,10.8,10.8,,1,1,1
55,2025-10-24,7.9799999999999995,7.9799999999999995,4.26,11.7,5.260874452027913,2,2,2
55,2025-10-25,6.119999999999999,6.119999999999999,3.63,8.61,3.5213917703090063,2,2,2
55,2025-10-26,4.8100000000000005,4.8100000000000005,3.21,6.41,2.2627416997969525,2,2,2
55,2025-10-27,8.97,8.97,4.04,13.9,6.972072862499359,2,2,2
55,2025-10-28,11.3,11.3,6.0,16.6,7.495331880577405,2,2,2
55,2025-10-29,11.450000000000001,11.450000000000001,6.8,16.1,6.576093065034893,2,2,2
55,2025-10-30,11.55,11.55,8.0,15.1,5.020458146424488,2,2,2
55,2025-10-31,5.755000000000001,5.755000000000001,2.62,8.89,4.433559518039654,2,2,2
55,2025-11-01,4.42,4.42,2.73,6.11,2.3900209204105307,2,2,2
55,2025-11-02,6.77,6.77,3.44,10.1,4.709331162702406,2,2,2
55,2025-11-03,7.93,7.93,5.56,10.3,3.3516861428242355,2,2,2
55,2025-11-04,8.24,8.24,3.18,13.3,7.155920625607862,2,2,2
55,2025-11-05,5.6899999999999995,5.6899999999999995,1.78,9.6,5.529575028878801,2,2,2
55,2025-11-06,9.19,9.19,3.38,15.0,8.216580797387683,2,2,2
55,2025-11-07,11.015,11.015,4.93,17.1,8.605489527040284,2,2,2
55,2025-11-08,6.48,6.48,1.66,11.3,6.816509370638318,2,2,2
55,2025-11-09,6.02,6.02,1.34,10.7,6.618519471906084,2,2,2
55,2025-11-10,8.530000000000001,8.530000000000001,7.48,9.58,1.4849242404917502,2,2,2
55,2025-11-11,12.1,12.1,10.1,14.1,2.8284271247461903,2,2,2
55,2025-11-12,13.1,13.1,13.1,13.1,,1,1,1
55,2025-11-13,12.95,12.95,11.5,14.4,2.0506096654409873,2,2,2
55,2025-11-15,18.65,18.65,12.9,24.4,8.131727983645295,2,2,2
55,2025-11-16,14.434999999999999,14.434999999999999,8.97,19.9,7.728677118368962,2,2,2
55,2025-11-17,20.2,20.2,20.2,20.2,,1,1,1
55,2025-11-18,11.5,11.5,11.5,11.5,,1,1,1
55,2025-11-19,9.47,9.47,9.47,9.47,,1,1,1
55,2025-11-20,6.05,6.199999999999999,3.28,9.27,2.997815871597187,3,3,3
55,2025-11-21,11.7,11.42,7.76,14.8,3.52834238701405,3,3,3
55,2025-11-22,16.4,16.233333333333334,10.8,21.5,5.35194668633137,3,3,3
55,2025-11-23,19.7,17.866666666666667,12.4,21.5,4.819059382631981,3,3,3
55,2025-11-24,19.75,19.75,19.7,19.8,0.07071067811865576,2,2,2
55,2025-11-25,22.2,22.0,19.9,23.9,2.0074859899884734,3,3,3
55,2025-11-26,26.9,27.8,20.3,36.2,7.98811617341661,3,3,3
55,2025-11-27,27.6,25.833333333333332,16.6,33.3,8.48901250637159,3,3,3
55,2025-11-28,28.3,27.066666666666663,19.4,33.5,7.130451131123005,3,3,3
55,2025-11-29,28.4,30.366666666666664,19.5,43.2,11.971772355559278,3,3,3
55,2025-11-30,22.549999999999997,22.549999999999997,16.4,28.7,8.697413408594533,2,2,2
55,2025-12-01,22.25,22.25,14.9,29.6,10.39446968344225,2,2,2
55,2025-12-02,26.5,27.86666666666667,14.4,42.7,14.199413133412712,3,3,3
55,2025-12-03,23.6,25.566666666666666,14.1,39.0,12.565959308120226,3,3,3
55,2025-12-04,25.0,24.333333333333332,16.4,31.6,7.621898276238889,3,3,3
55,2025-12-05,29.85,29.85,26.2,33.5,5.1618795026617965,2,2,2
55,2025-12-06,26.3,25.46666666666667,20.1,30.0,5.002332789142813,3,3,3
55,2025-12-07,23.4,23.866666666666664,18.6,29.6,5.514828495368948,3,3,3
55,2025-12-08,27.65,27.65,25.6,29.7,2.899137802864845,2,2,2
55,2025-12-09,32.9,32.9,28.0,37.8,6.929646455628164,2,2,2
55,2025-12-10,34.45,34.45,30.8,38.1,5.1618795026617965,2,2,2
55,2025-12-11,32.1,32.1,27.6,36.6,6.363961030678928,2,2,2
55,2025-12-12,16.9,16.9,14.6,19.2,3.252691193458118,2,2,2
55,2025-12-13,13.15,13.15,12.4,13.9,1.0606601717798212,2,2,2
55,2025-12-14,12.25,12.25,12.0,12.5,0.3535533905932738,2,2,2
55,2025-12-15,14.3,14.3,13.8,14.8,0.7071067811865476,2,2,2
55,2025-12-16,18.15,18.15,16.8,19.5,1.909188309203679,2,2,2
55,2025-12-17,22.6,22.6,18.8,26.4,5.374011537017759,2,2,2
55,2025-12-18,24.4,24.4,22.9,25.9,2.1213203435596424,2,2,2
55,2025-12-19,26.5,26.5,24.2,28.8,3.2526911934581197,2,2,2
55,2025-12-20,25.95,25.95,20.2,31.7,8.131727983645296,2,2,2
55,2025-12-21,25.4,25.4,21.0,29.8,6.22253967444162,2,2,2
55,2025-12-22,27.65,27.65,24.5,30.8,4.454772721475251,2,2,2
55,2025-12-23,26.15,26.15,23.0,29.3,4.454772721475251,2,2,2
55,2025-12-24,28.5,28.5,28.5,28.5,,1,1,1
55,2025-12-25,26.9,26.9,26.9,26.9,,1,1,1
55,2025-12-26,22.6,22.6,22.6,22.6,,1,1,1
55,2025-12-27,23.8,23.8,23.8,23.8,,1,1,1
55,2025-12-28,31.9,31.9,31.9,31.9,,1,1,1
55,2025-12-29,32.0,32.0,32.0,32.0,,1,1,1
55,2025-12-30,33.5,33.5,33.5,33.5,,1,1,1
55,2025-12-31,29.7,29.7,29.7,29.7,,1,1,1
56,2021-04-30,9.06,9.06,9.06,9.06,,1,1,1
56,2021-05-05,21.3,21.3,21.3,21.3,,1,1,1
56,2021-05-06,20.5,20.5,20.5,20.5,,1,1,1
56,2021-05-16,16.8,16.8,16.8,16.8,,1,1,1
56,2021-05-17,20.8,20.8,20.8,20.8,,1,1,1
56,2021-05-20,18.0,18.0,18.0,18.0,,1,1,1
56,2021-06-03,22.8,22.8,22.8,22.8,,1,1,1
56,2021-06-05,12.6,12.6,12.6,12.6,,1,1,1
56,2021-06-13,9.21,9.21,9.21,9.21,,1,1,1
56,2021-06-14,8.33,8.33,8.33,8.33,,1,1,1
56,2021-06-20,11.6,11.6,11.6,11.6,,1,1,1
56,2021-06-21,14.9,14.9,14.9,14.9,,1,1,1
56,2021-07-04,8.67,8.67,8.67,8.67,,1,1,1
56,2021-07-06,11.6,11.6,11.6,11.6,,1,1,1
56,2021-07-24,6.0,6.0,6.0,6.0,,1,1,1
56,2021-08-04,9.0,9.0,9.0,9.0,,1,1,1
56,2021-08-07,9.0,9.0,9.0,9.0,,1,1,1
56,2021-08-10,11.1,11.1,11.1,11.1,,1,1,1
56,2021-08-11,10.5,10.5,10.5,10.5,,1,1,1
56,2021-08-12,9.2,9.2,9.2,9.2,,1,1,1
56,2021-08-14,7.5,7.5,7.5,7.5,,1,1,1
56,2021-08-15,5.88,5.88,5.88,5.88,,1,1,1
56,2021-08-16,6.79,6.79,6.79,6.79,,1,1,1
56,2021-08-17,7.0,7.0,7.0,7.0,,1,1,1
56,2021-08-18,6.5,6.5,6.5,6.5,,1,1,1
56,2021-08-21,7.7,7.7,7.7,7.7,,1,1,1
56,2021-08-22,10.5,10.5,10.5,10.5,,1,1,1
56,2021-08-23,9.82,9.82,9.82,9.82,,1,1,1
56,2021-08-24,8.15,8.15,8.15,8.15,,1,1,1
56,2021-08-25,7.54,7.54,7.54,7.54,,1,1,1
56,2021-08-26,8.47,8.47,8.47,8.47,,1,1,1
56,2021-08-27,9.17,9.17,9.17,9.17,,1,1,1
56,2021-08-28,8.17,8.17,8.17,8.17,,1,1,1
56,2021-08-29,7.46,7.46,7.46,7.46,,1,1,1
56,2021-09-01,8.5,8.5,8.5,8.5,,1,1,1
56,2021-09-02,7.13,7.13,7.13,7.13,,1,1,1
56,2021-09-03,8.96,8.96,8.96,8.96,,1,1,1
56,2021-09-04,8.25,8.25,8.25,8.25,,1,1,1
56,2021-09-06,8.0,8.0,8.0,8.0,,1,1,1
56,2021-09-07,7.96,7.96,7.96,7.96,,1,1,1
56,2021-09-08,10.7,10.7,10.7,10.7,,1,1,1
56,2021-09-09,10.6,10.6,10.6,10.6,,1,1,1
56,2021-09-10,6.17,6.17,6.17,6.17,,1,1,1
56,2021-09-11,5.58,5.58,5.58,5.58,,1,1,1
56,2021-09-12,7.78,7.78,7.78,7.78,,1,1,1
56,2021-09-13,9.67,9.67,9.67,9.67,,1,1,1
56,2021-09-14,8.83,8.83,8.83,8.83,,1,1,1
56,2021-09-15,11.3,11.3,11.3,11.3,,1,1,1
56,2021-09-16,9.08,9.08,9.08,9.08,,1,1,1
56,2021-09-17,6.29,6.29,6.29,6.29,,1,1,1
56,2021-09-18,6.46,6.46,6.46,6.46,,1,1,1
56,2021-09-19,9.42,9.42,9.42,9.42,,1,1,1
56,2021-09-20,13.0,13.0,13.0,13.0,,1,1,1
56,2021-09-21,8.48,8.48,8.48,8.48,,1,1,1
56,2021-09-22,7.26,7.26,7.26,7.26,,1,1,1
56,2021-09-23,5.91,5.91,5.91,5.91,,1,1,1
56,2021-09-24,6.33,6.33,6.33,6.33,,1,1,1
56,2021-09-25,7.23,7.23,7.23,7.23,,1,1,1
56,2021-09-26,5.88,5.88,5.88,5.88,,1,1,1
56,2021-09-27,5.38,5.38,5.38,5.38,,1,1,1
56,2021-09-28,5.83,5.83,5.83,5.83,,1,1,1
56,2021-10-01,11.3,11.3,11.3,11.3,,1,1,1
56,2021-10-02,9.04,9.04,9.04,9.04,,1,1,1
56,2021-10-03,9.13,9.13,9.13,9.13,,1,1,1
56,2021-10-04,11.7,11.7,11.7,11.7,,1,1,1
56,2021-10-05,14.2,14.2,14.2,14.2,,1,1,1
56,2021-10-06,13.6,13.6,13.6,13.6,,1,1,1
56,2021-10-07,10.6,10.6,10.6,10.6,,1,1,1
56,2021-10-08,15.1,15.1,15.1,15.1,,1,1,1
56,2021-10-09,21.2,21.2,21.2,21.2,,1,1,1
56,2021-10-10,19.3,19.3,19.3,19.3,,1,1,1
56,2021-10-11,10.7,10.7,10.7,10.7,,1,1,1
56,2021-10-12,8.04,8.04,8.04,8.04,,1,1,1
56,2021-10-13,8.17,8.17,8.17,8.17,,1,1,1
56,2021-10-14,13.6,13.6,13.6,13.6,,1,1,1
56,2021-10-15,10.3,10.3,10.3,10.3,,1,1,1
56,2021-10-16,6.79,6.79,6.79,6.79,,1,1,1
56,2021-10-17,6.83,6.83,6.83,6.83,,1,1,1
56,2021-10-18,8.79,8.79,8.79,8.79,,1,1,1
56,2021-10-19,9.25,9.25,9.25,9.25,,1,1,1
56,2021-10-20,8.67,8.67,8.67,8.67,,1,1,1
56,2021-10-21,10.9,10.9,10.9,10.9,,1,1,1
56,2021-10-22,8.83,8.83,8.83,8.83,,1,1,1
56,2021-10-23,6.33,6.33,6.33,6.33,,1,1,1
56,2021-10-24,7.45,7.45,7.45,7.45,,1,1,1
56,2021-10-25,11.0,11.0,11.0,11.0,,1,1,1
56,2021-10-26,12.4,12.4,12.4,12.4,,1,1,1
56,2021-10-27,12.5,12.5,12.5,12.5,,1,1,1
56,2021-10-28,12.2,12.2,12.2,12.2,,1,1,1
56,2021-10-31,10.4,10.4,10.4,10.4,,1,1,1
56,2021-11-01,10.0,10.0,10.0,10.0,,1,1,1
56,2021-11-02,8.42,8.42,8.42,8.42,,1,1,1
56,2021-11-03,9.13,9.13,9.13,9.13,,1,1,1
56,2021-11-04,9.75,9.75,9.75,9.75,,1,1,1
56,2021-11-05,11.9,11.9,11.9,11.9,,1,1,1
56,2021-11-06,15.3,15.3,15.3,15.3,,1,1,1
56,2021-11-07,13.3,13.3,13.3,13.3,,1,1,1
56,2021-11-08,16.3,16.3,16.3,16.3,,1,1,1
56,2021-11-10,12.4,12.4,12.4,12.4,,1,1,1
56,2021-11-11,13.2,13.2,13.2,13.2,,1,1,1
56,2021-11-12,15.2,15.2,15.2,15.2,,1,1,1
56,2021-11-13,14.6,14.6,14.6,14.6,,1,1,1
56,2021-11-14,16.7,16.7,16.7,16.7,,1,1,1
56,2021-11-15,20.8,20.8,20.8,20.8,,1,1,1
56,2021-11-16,18.4,18.4,18.4,18.4,,1,1,1
56,2021-11-17,19.8,19.8,19.8,19.8,,1,1,1
56,2021-11-18,17.8,17.8,17.8,17.8,,1,1,1
56,2021-11-19,16.8,16.8,16.8,16.8,,1,1,1
56,2021-11-20,16.4,16.4,16.4,16.4,,1,1,1
56,2021-11-21,15.2,15.2,15.2,15.2,,1,1,1
56,2021-11-22,18.1,18.1,18.1,18.1,,1,1,1
56,2021-11-23,20.4,20.4,20.4,20.4,,1,1,1
56,2021-11-24,13.8,13.8,13.8,13.8,,1,1,1
56,2021-11-25,13.5,13.5,13.5,13.5,,1,1,1
56,2021-11-26,18.8,18.8,18.8,18.8,,1,1,1
56,2021-11-30,21.3,21.3,21.3,21.3,,1,1,1
56,2021-12-01,22.8,22.8,22.8,22.8,,1,1,1
56,2021-12-02,29.3,29.3,29.3,29.3,,1,1,1
56,2021-12-03,31.6,31.6,31.6,31.6,,1,1,1
56,2021-12-04,28.0,28.0,28.0,28.0,,1,1,1
56,2021-12-05,28.9,28.9,28.9,28.9,,1,1,1
56,2021-12-06,32.7,32.7,32.7,32.7,,1,1,1
56,2021-12-07,38.1,38.1,38.1,38.1,,1,1,1
56,2021-12-08,38.5,38.5,38.5,38.5,,1,1,1
56,2021-12-09,39.6,39.6,39.6,39.6,,1,1,1
56,2021-12-10,33.1,33.1,33.1,33.1,,1,1,1
56,2021-12-11,32.0,32.0,32.0,32.0,,1,1,1
56,2021-12-12,31.5,31.5,31.5,31.5,,1,1,1
56,2021-12-13,29.7,29.7,29.7,29.7,,1,1,1
56,2021-12-14,27.9,27.9,27.9,27.9,,1,1,1
56,2021-12-15,29.0,29.0,29.0,29.0,,1,1,1
56,2021-12-16,29.8,29.8,29.8,29.8,,1,1,1
56,2021-12-17,24.8,24.8,24.8,24.8,,1,1,1
56,2021-12-18,27.8,27.8,27.8,27.8,,1,1,1
56,2021-12-19,30.2,30.2,30.2,30.2,,1,1,1
56,2021-12-20,37.9,37.9,37.9,37.9,,1,1,1
56,2021-12-21,36.6,36.6,36.6,36.6,,1,1,1
56,2021-12-22,41.6,41.6,41.6,41.6,,1,1,1
56,2021-12-23,40.3,40.3,40.3,40.3,,1,1,1
56,2021-12-24,35.8,35.8,35.8,35.8,,1,1,1
56,2021-12-25,40.9,40.9,40.9,40.9,,1,1,1
56,2021-12-26,41.5,41.5,41.5,41.5,,1,1,1
56,2021-12-27,29.1,29.1,29.1,29.1,,1,1,1
56,2021-12-30,21.3,21.3,21.3,21.3,,1,1,1
56,2021-12-31,22.2,22.2,22.2,22.2,,1,1,1
56,2022-01-01,21.8,21.8,21.8,21.8,,1,1,1
56,2022-01-02,19.1,19.1,19.1,19.1,,1,1,1
56,2022-01-04,23.0,23.0,23.0,23.0,,1,1,1
56,2022-01-05,26.1,26.1,26.1,26.1,,1,1,1
56,2022-01-06,28.1,28.1,28.1,28.1,,1,1,1
56,2022-01-07,29.6,29.6,29.6,29.6,,1,1,1
56,2022-01-08,31.5,31.5,31.5,31.5,,1,1,1
56,2022-01-09,30.1,30.1,30.1,30.1,,1,1,1
56,2022-01-10,27.1,27.1,27.1,27.1,,1,1,1
56,2022-01-11,30.4,30.4,30.4,30.4,,1,1,1
56,2022-01-12,35.4,35.4,35.4,35.4,,1,1,1
56,2022-01-13,44.1,44.1,44.1,44.1,,1,1,1
56,2022-01-14,44.9,44.9,44.9,44.9,,1,1,1
56,2022-01-15,44.7,44.7,44.7,44.7,,1,1,1
56,2022-01-16,33.7,33.7,33.7,33.7,,1,1,1
56,2022-01-17,12.7,12.7,12.7,12.7,,1,1,1
56,2022-01-18,13.2,13.2,13.2,13.2,,1,1,1
56,2022-01-19,19.5,19.5,19.5,19.5,,1,1,1
56,2022-01-20,16.2,16.2,16.2,16.2,,1,1,1
56,2022-01-21,21.1,21.1,21.1,21.1,,1,1,1
56,2022-01-22,21.8,21.8,21.8,21.8,,1,1,1
56,2022-01-23,20.8,20.8,20.8,20.8,,1,1,1
56,2022-01-24,22.0,22.0,22.0,22.0,,1,1,1
56,2022-01-25,30.8,30.8,30.8,30.8,,1,1,1
56,2022-01-30,35.1,35.1,35.1,35.1,,1,1,1
56,2022-01-31,57.5,57.5,57.5,57.5,,1,1,1
56,2022-02-01,69.1,69.1,69.1,69.1,,1,1,1
56,2022-02-02,50.5,50.5,50.5,50.5,,1,1,1
56,2022-02-03,27.3,27.3,27.3,27.3,,1,1,1
56,2022-02-04,27.1,27.1,27.1,27.1,,1,1,1
56,2022-02-05,35.6,35.6,35.6,35.6,,1,1,1
56,2022-02-06,18.4,18.4,18.4,18.4,,1,1,1
56,2022-02-07,19.3,19.3,19.3,19.3,,1,1,1
56,2022-02-08,22.4,22.4,22.4,22.4,,1,1,1
56,2022-02-09,26.2,26.2,26.2,26.2,,1,1,1
56,2022-02-10,25.3,25.3,25.3,25.3,,1,1,1
56,2022-02-11,25.1,25.1,25.1,25.1,,1,1,1
56,2022-02-12,33.2,33.2,33.2,33.2,,1,1,1
56,2022-02-13,41.0,41.0,41.0,41.0,,1,1,1
56,2022-02-14,36.3,36.3,36.3,36.3,,1,1,1
56,2022-02-15,37.1,37.1,37.1,37.1,,1,1,1
56,2022-02-16,33.7,33.7,33.7,33.7,,1,1,1
56,2022-02-17,24.7,24.7,24.7,24.7,,1,1,1
56,2022-02-18,24.8,24.8,24.8,24.8,,1,1,1
56,2022-02-19,17.3,17.3,17.3,17.3,,1,1,1
56,2022-02-20,13.2,13.2,13.2,13.2,,1,1,1
56,2022-02-21,12.6,12.6,12.6,12.6,,1,1,1
56,2022-02-22,16.0,16.0,16.0,16.0,,1,1,1
56,2022-02-23,26.1,26.1,26.1,26.1,,1,1,1
56,2022-02-24,20.4,20.4,20.4,20.4,,1,1,1
56,2022-02-25,19.6,19.6,19.6,19.6,,1,1,1
56,2022-02-28,56.0,56.0,56.0,56.0,,1,1,1
56,2022-03-01,54.5,54.5,54.5,54.5,,1,1,1
56,2022-03-04,58.2,58.2,58.2,58.2,,1,1,1
56,2022-03-05,55.6,55.6,55.6,55.6,,1,1,1
56,2022-03-06,54.9,54.9,54.9,54.9,,1,1,1
56,2022-03-07,45.7,45.7,45.7,45.7,,1,1,1
56,2022-03-08,27.1,27.1,27.1,27.1,,1,1,1
56,2022-03-09,23.7,23.7,23.7,23.7,,1,1,1
56,2022-03-10,38.4,38.4,38.4,38.4,,1,1,1
56,2022-03-11,37.0,37.0,37.0,37.0,,1,1,1
56,2022-03-12,38.4,38.4,38.4,38.4,,1,1,1
56,2022-03-13,44.5,44.5,44.5,44.5,,1,1,1
56,2022-03-14,52.1,52.1,52.1,52.1,,1,1,1
56,2022-03-15,52.2,52.2,52.2,52.2,,1,1,1
56,2022-03-16,40.4,40.4,40.4,40.4,,1,1,1
56,2022-03-17,38.3,38.3,38.3,38.3,,1,1,1
56,2022-03-18,33.3,33.3,33.3,33.3,,1,1,1
56,2022-03-19,31.3,31.3,31.3,31.3,,1,1,1
56,2022-03-21,35.3,35.3,35.3,35.3,,1,1,1
56,2022-03-22,17.4,17.4,17.4,17.4,,1,1,1
56,2022-03-26,36.0,36.0,36.0,36.0,,1,1,1
56,2022-03-30,32.1,32.1,32.1,32.1,,1,1,1
56,2022-03-31,38.4,38.4,38.4,38.4,,1,1,1
56,2022-04-01,33.5,33.5,33.5,33.5,,1,1,1
56,2022-04-02,20.2,20.2,20.2,20.2,,1,1,1
56,2022-04-03,7.79,7.79,7.79,7.79,,1,1,1
56,2022-04-04,14.3,14.3,14.3,14.3,,1,1,1
56,2022-04-05,23.9,23.9,23.9,23.9,,1,1,1
56,2022-04-06,32.3,32.3,32.3,32.3,,1,1,1
56,2022-04-07,50.0,50.0,50.0,50.0,,1,1,1
56,2022-04-08,67.1,67.1,67.1,67.1,,1,1,1
56,2022-04-11,60.1,60.1,60.1,60.1,,1,1,1
56,2022-04-12,53.0,53.0,53.0,53.0,,1,1,1
56,2022-04-13,41.3,41.3,41.3,41.3,,1,1,1
56,2022-04-14,58.2,58.2,58.2,58.2,,1,1,1
56,2022-04-15,68.0,68.0,68.0,68.0,,1,1,1
56,2022-04-16,57.2,57.2,57.2,57.2,,1,1,1
56,2022-04-17,44.3,44.3,44.3,44.3,,1,1,1
56,2022-04-18,28.5,28.5,28.5,28.5,,1,1,1
56,2022-04-19,13.5,13.5,13.5,13.5,,1,1,1
56,2022-04-20,12.8,12.8,12.8,12.8,,1,1,1
56,2022-04-21,15.9,15.9,15.9,15.9,,1,1,1
56,2022-04-22,19.3,19.3,19.3,19.3,,1,1,1
56,2022-04-23,24.2,24.2,24.2,24.2,,1,1,1
56,2022-04-24,30.0,30.0,30.0,30.0,,1,1,1
56,2022-04-25,35.7,35.7,35.7,35.7,,1,1,1
56,2022-04-26,36.5,36.5,36.5,36.5,,1,1,1
56,2022-04-29,38.9,38.9,38.9,38.9,,1,1,1
56,2022-04-30,38.3,38.3,38.3,38.3,,1,1,1
56,2022-05-01,20.6,20.6,20.6,20.6,,1,1,1
56,2022-05-02,23.6,23.6,23.6,23.6,,1,1,1
56,2022-05-03,16.6,16.6,16.6,16.6,,1,1,1
56,2022-05-05,36.8,36.8,36.8,36.8,,1,1,1
56,2022-05-06,39.5,39.5,39.5,39.5,,1,1,1
56,2022-05-08,12.1,12.1,12.1,12.1,,1,1,1
56,2022-05-09,9.25,9.25,9.25,9.25,,1,1,1
56,2022-05-10,11.0,11.0,11.0,11.0,,1,1,1
56,2022-05-11,11.3,11.3,11.3,11.3,,1,1,1
56,2022-05-12,8.13,8.13,8.13,8.13,,1,1,1
56,2022-05-13,8.29,8.29,8.29,8.29,,1,1,1
56,2022-05-14,12.0,12.0,12.0,12.0,,1,1,1
56,2022-05-15,12.8,12.8,12.8,12.8,,1,1,1
56,2022-05-16,14.1,14.1,14.1,14.1,,1,1,1
56,2022-05-17,12.7,12.7,12.7,12.7,,1,1,1
56,2022-05-18,8.21,8.21,8.21,8.21,,1,1,1
56,2022-05-19,11.9,11.9,11.9,11.9,,1,1,1
56,2022-05-20,11.1,11.1,11.1,11.1,,1,1,1
56,2022-05-21,7.05,7.05,7.05,7.05,,1,1,1
56,2022-05-22,6.6,6.6,6.6,6.6,,1,1,1
56,2022-05-25,10.7,10.7,10.7,10.7,,1,1,1
56,2022-05-26,16.5,16.5,16.5,16.5,,1,1,1
56,2022-05-29,24.3,24.3,24.3,24.3,,1,1,1
56,2022-05-30,23.0,23.0,23.0,23.0,,1,1,1
56,2022-05-31,20.1,20.1,20.1,20.1,,1,1,1
56,2022-06-01,14.2,14.2,14.2,14.2,,1,1,1
56,2022-06-02,17.1,17.1,17.1,17.1,,1,1,1
56,2022-06-03,18.5,18.5,18.5,18.5,,1,1,1
56,2022-06-04,12.5,12.5,12.5,12.5,,1,1,1
56,2022-06-05,7.25,7.25,7.25,7.25,,1,1,1
56,2022-06-06,7.67,7.67,7.67,7.67,,1,1,1
56,2022-06-07,7.67,7.67,7.67,7.67,,1,1,1
56,2022-06-08,7.58,7.58,7.58,7.58,,1,1,1
56,2022-06-09,8.39,8.39,8.39,8.39,,1,1,1
56,2022-06-10,10.3,10.3,10.3,10.3,,1,1,1
56,2022-06-11,13.1,13.1,13.1,13.1,,1,1,1
56,2022-06-12,12.0,12.0,12.0,12.0,,1,1,1
56,2022-06-13,11.3,11.3,11.3,11.3,,1,1,1
56,2022-06-14,16.3,16.3,16.3,16.3,,1,1,1
56,2022-06-15,15.0,15.0,15.0,15.0,,1,1,1
56,2022-06-16,11.0,11.0,11.0,11.0,,1,1,1
56,2022-06-17,8.5,8.5,8.5,8.5,,1,1,1
56,2022-06-18,7.92,7.92,7.92,7.92,,1,1,1
56,2022-06-19,8.29,8.29,8.29,8.29,,1,1,1
56,2022-06-20,7.5,7.5,7.5,7.5,,1,1,1
56,2022-06-21,6.91,6.91,6.91,6.91,,1,1,1
56,2022-06-22,7.14,7.14,7.14,7.14,,1,1,1
56,2022-06-23,9.57,9.57,9.57,9.57,,1,1,1
56,2022-06-24,7.67,7.67,7.67,7.67,,1,1,1
56,2022-06-25,8.68,8.68,8.68,8.68,,1,1,1
56,2022-06-28,8.79,8.79,8.79,8.79,,1,1,1
56,2022-06-29,6.88,6.88,6.88,6.88,,1,1,1
56,2022-06-30,6.22,6.22,6.22,6.22,,1,1,1
56,2022-07-01,5.67,5.67,5.67,5.67,,1,1,1
56,2022-07-02,6.29,6.29,6.29,6.29,,1,1,1
56,2022-07-03,6.58,6.58,6.58,6.58,,1,1,1
56,2022-07-04,6.5,6.5,6.5,6.5,,1,1,1
56,2022-07-05,6.75,6.75,6.75,6.75,,1,1,1
56,2022-07-06,6.38,6.38,6.38,6.38,,1,1,1
56,2022-07-07,6.08,6.08,6.08,6.08,,1,1,1
56,2022-07-08,6.75,6.75,6.75,6.75,,1,1,1
56,2022-07-09,6.92,6.92,6.92,6.92,,1,1,1
56,2022-07-10,7.0,7.0,7.0,7.0,,1,1,1
56,2022-07-11,7.0,7.0,7.0,7.0,,1,1,1
56,2022-07-12,8.63,8.63,8.63,8.63,,1,1,1
56,2022-07-13,8.75,8.75,8.75,8.75,,1,1,1
56,2022-07-14,6.83,6.83,6.83,6.83,,1,1,1
56,2022-07-15,5.54,5.54,5.54,5.54,,1,1,1
56,2022-07-16,6.33,6.33,6.33,6.33,,1,1,1
56,2022-07-17,8.21,8.21,8.21,8.21,,1,1,1
56,2022-07-18,9.5,9.5,9.5,9.5,,1,1,1
56,2022-07-19,9.88,9.88,9.88,9.88,,1,1,1
56,2022-07-20,7.39,7.39,7.39,7.39,,1,1,1
56,2022-07-21,8.46,8.46,8.46,8.46,,1,1,1
56,2022-07-23,5.55,5.55,5.55,5.55,,1,1,1
56,2022-07-24,6.71,6.71,6.71,6.71,,1,1,1
56,2022-07-25,10.0,10.0,10.0,10.0,,1,1,1
56,2022-07-28,13.5,13.5,13.5,13.5,,1,1,1
56,2022-07-29,17.1,17.1,17.1,17.1,,1,1,1
56,2022-07-31,10.0,10.0,10.0,10.0,,1,1,1
56,2022-08-01,8.43,8.43,8.43,8.43,,1,1,1
56,2022-08-02,8.63,8.63,8.63,8.63,,1,1,1
56,2022-08-03,7.46,7.46,7.46,7.46,,1,1,1
56,2022-08-04,8.13,8.13,8.13,8.13,,1,1,1
56,2022-08-05,6.67,6.67,6.67,6.67,,1,1,1
56,2022-08-06,6.0,6.0,6.0,6.0,,1,1,1
56,2022-08-07,6.0,6.0,6.0,6.0,,1,1,1
56,2022-08-08,6.04,6.04,6.04,6.04,,1,1,1
56,2022-08-09,5.88,5.88,5.88,5.88,,1,1,1
56,2022-08-10,6.21,6.21,6.21,6.21,,1,1,1
56,2022-08-11,8.17,8.17,8.17,8.17,,1,1,1
56,2022-08-12,7.83,7.83,7.83,7.83,,1,1,1
56,2022-08-13,7.13,7.13,7.13,7.13,,1,1,1
56,2022-08-14,9.08,9.08,9.08,9.08,,1,1,1
56,2022-08-15,10.1,10.1,10.1,10.1,,1,1,1
56,2022-08-16,7.67,7.67,7.67,7.67,,1,1,1
56,2022-08-17,7.21,7.21,7.21,7.21,,1,1,1
56,2022-08-18,6.79,6.79,6.79,6.79,,1,1,1
56,2022-08-19,7.57,7.57,7.57,7.57,,1,1,1
56,2022-08-20,9.13,9.13,9.13,9.13,,1,1,1
56,2022-08-21,9.68,9.68,9.68,9.68,,1,1,1
56,2022-08-22,6.48,6.48,6.48,6.48,,1,1,1
56,2022-08-23,8.08,8.08,8.08,8.08,,1,1,1
56,2022-08-24,10.6,10.6,10.6,10.6,,1,1,1
56,2022-08-27,7.64,7.64,7.64,7.64,,1,1,1
56,2022-08-28,8.48,8.48,8.48,8.48,,1,1,1
56,2022-08-29,12.9,12.9,12.9,12.9,,1,1,1
56,2022-08-30,9.96,9.96,9.96,9.96,,1,1,1
56,2022-08-31,10.8,10.8,10.8,10.8,,1,1,1
56,2022-09-01,9.05,9.05,9.05,9.05,,1,1,1
56,2022-09-02,9.46,9.46,9.46,9.46,,1,1,1
56,2022-09-03,10.7,10.7,10.7,10.7,,1,1,1
56,2022-09-04,12.7,12.7,12.7,12.7,,1,1,1
56,2022-09-05,9.79,9.79,9.79,9.79,,1,1,1
56,2022-09-06,7.33,7.33,7.33,7.33,,1,1,1
56,2022-09-07,10.7,10.7,10.7,10.7,,1,1,1
56,2022-09-08,16.9,16.9,16.9,16.9,,1,1,1
56,2022-09-09,10.8,10.8,10.8,10.8,,1,1,1
56,2022-09-10,7.17,7.17,7.17,7.17,,1,1,1
56,2022-09-11,5.17,5.17,5.17,5.17,,1,1,1
56,2022-09-12,5.9,5.9,5.9,5.9,,1,1,1
56,2022-09-13,5.96,5.96,5.96,5.96,,1,1,1
56,2022-09-14,7.67,7.67,7.67,7.67,,1,1,1
56,2022-09-15,9.0,9.0,9.0,9.0,,1,1,1
56,2022-09-23,9.28,9.28,9.28,9.28,,1,1,1
56,2022-09-28,13.4,13.4,13.4,13.4,,1,1,1
56,2022-09-29,19.3,19.3,19.3,19.3,,1,1,1
56,2022-09-30,17.0,17.0,17.0,17.0,,1,1,1
56,2022-10-01,7.58,7.58,7.58,7.58,,1,1,1
56,2022-10-02,5.75,5.75,5.75,5.75,,1,1,1
56,2022-10-03,6.46,6.46,6.46,6.46,,1,1,1
56,2022-10-04,6.25,6.25,6.25,6.25,,1,1,1
56,2022-10-05,6.13,6.13,6.13,6.13,,1,1,1
56,2022-10-06,9.04,9.04,9.04,9.04,,1,1,1
56,2022-10-07,9.0,9.0,9.0,9.0,,1,1,1
56,2022-10-08,9.29,9.29,9.29,9.29,,1,1,1
56,2022-10-09,10.1,10.1,10.1,10.1,,1,1,1
56,2022-10-10,9.21,9.21,9.21,9.21,,1,1,1
56,2022-10-11,6.5,6.5,6.5,6.5,,1,1,1
56,2022-10-12,9.5,9.5,9.5,9.5,,1,1,1
56,2022-10-13,11.3,11.3,11.3,11.3,,1,1,1
56,2022-10-14,12.6,12.6,12.6,12.6,,1,1,1
56,2022-10-15,16.2,16.2,16.2,16.2,,1,1,1
56,2022-10-16,19.8,19.8,19.8,19.8,,1,1,1
56,2022-10-17,23.0,23.0,23.0,23.0,,1,1,1
56,2022-10-18,27.3,27.3,27.3,27.3,,1,1,1
56,2022-10-19,27.0,27.0,27.0,27.0,,1,1,1
56,2022-10-20,24.5,24.5,24.5,24.5,,1,1,1
56,2022-10-21,19.8,19.8,19.8,19.8,,1,1,1
56,2022-10-22,15.1,15.1,15.1,15.1,,1,1,1
56,2022-10-23,8.83,8.83,8.83,8.83,,1,1,1
56,2022-10-26,28.9,28.9,28.9,28.9,,1,1,1
56,2022-10-27,23.8,23.8,23.8,23.8,,1,1,1
56,2022-10-28,15.0,15.0,15.0,15.0,,1,1,1
56,2022-10-29,14.0,14.0,14.0,14.0,,1,1,1
56,2022-10-30,16.2,16.2,16.2,16.2,,1,1,1
56,2022-10-31,23.1,23.1,23.1,23.1,,1,1,1
56,2022-11-01,22.2,22.2,22.2,22.2,,1,1,1
56,2022-11-02,24.9,24.9,24.9,24.9,,1,1,1
56,2022-11-10,25.8,25.8,25.8,25.8,,1,1,1
56,2022-11-11,22.8,22.8,22.8,22.8,,1,1,1
56,2022-11-12,23.6,23.6,23.6,23.6,,1,1,1
56,2022-11-13,21.2,21.2,21.2,21.2,,1,1,1
56,2022-11-14,23.4,23.4,23.4,23.4,,1,1,1
56,2022-11-15,20.7,20.7,20.7,20.7,,1,1,1
56,2022-11-16,14.9,14.9,14.9,14.9,,1,1,1
56,2022-11-17,11.6,11.6,11.6,11.6,,1,1,1
56,2022-11-18,12.1,12.1,12.1,12.1,,1,1,1
56,2022-11-19,12.4,12.4,12.4,12.4,,1,1,1
56,2022-11-20,14.0,14.0,14.0,14.0,,1,1,1
56,2022-11-21,12.3,12.3,12.3,12.3,,1,1,1
56,2022-11-22,13.6,13.6,13.6,13.6,,1,1,1
56,2022-11-25,18.3,18.3,18.3,18.3,,1,1,1
56,2022-11-26,15.0,15.0,15.0,15.0,,1,1,1
56,2022-11-27,10.6,10.6,10.6,10.6,,1,1,1
56,2022-11-28,13.5,13.5,13.5,13.5,,1,1,1
56,2022-11-29,12.2,12.2,12.2,12.2,,1,1,1
56,2022-11-30,15.9,15.9,15.9,15.9,,1,1,1
56,2022-12-01,21.0,21.0,21.0,21.0,,1,1,1
56,2022-12-02,17.8,17.8,17.8,17.8,,1,1,1
56,2022-12-03,13.1,13.1,13.1,13.1,,1,1,1
56,2022-12-04,16.7,16.7,16.7,16.7,,1,1,1
56,2022-12-05,18.6,18.6,18.6,18.6,,1,1,1
56,2022-12-06,22.6,22.6,22.6,22.6,,1,1,1
56,2022-12-07,18.0,18.0,18.0,18.0,,1,1,1
56,2022-12-08,15.8,15.8,15.8,15.8,,1,1,1
56,2022-12-09,21.9,21.9,21.9,21.9,,1,1,1
56,2022-12-10,19.8,19.8,19.8,19.8,,1,1,1
56,2022-12-11,18.6,18.6,18.6,18.6,,1,1,1
56,2022-12-12,24.3,24.3,24.3,24.3,,1,1,1
56,2022-12-13,25.0,25.0,25.0,25.0,,1,1,1
56,2022-12-14,26.5,26.5,26.5,26.5,,1,1,1
56,2022-12-15,34.7,34.7,34.7,34.7,,1,1,1
56,2022-12-16,35.4,35.4,35.4,35.4,,1,1,1
56,2022-12-17,33.0,33.0,33.0,33.0,,1,1,1
56,2022-12-18,31.1,31.1,31.1,31.1,,1,1,1
56,2022-12-19,34.0,34.0,34.0,34.0,,1,1,1
56,2022-12-20,36.7,36.7,36.7,36.7,,1,1,1
56,2022-12-21,39.5,39.5,39.5,39.5,,1,1,1
56,2022-12-22,33.3,33.3,33.3,33.3,,1,1,1
56,2022-12-25,33.8,33.8,33.8,33.8,,1,1,1
56,2022-12-26,31.9,31.9,31.9,31.9,,1,1,1
56,2022-12-27,32.6,32.6,32.6,32.6,,1,1,1
56,2022-12-28,28.7,28.7,28.7,28.7,,1,1,1
56,2022-12-29,30.8,30.8,30.8,30.8,,1,1,1
56,2022-12-30,28.0,28.0,28.0,28.0,,1,1,1
56,2022-12-31,22.3,22.3,22.3,22.3,,1,1,1
56,2023-01-01,24.2,24.2,24.2,24.2,,1,1,1
56,2023-01-02,24.3,24.3,24.3,24.3,,1,1,1
56,2023-01-04,26.8,26.8,26.8,26.8,,1,1,1
56,2023-01-05,22.1,22.1,22.1,22.1,,1,1,1
56,2023-01-06,24.1,24.1,24.1,24.1,,1,1,1
56,2023-01-07,18.4,18.4,18.4,18.4,,1,1,1
56,2023-01-08,33.9,33.9,33.9,33.9,,1,1,1
56,2023-01-09,37.9,37.9,37.9,37.9,,1,1,1
56,2023-01-10,34.5,34.5,34.5,34.5,,1,1,1
56,2023-01-17,40.2,40.2,40.2,40.2,,1,1,1
56,2023-01-18,42.9,42.9,42.9,42.9,,1,1,1
56,2023-01-19,37.5,37.5,37.5,37.5,,1,1,1
56,2023-01-20,38.6,38.6,38.6,38.6,,1,1,1
56,2023-01-21,39.5,39.5,39.5,39.5,,1,1,1
56,2023-01-24,62.1,62.1,62.1,62.1,,1,1,1
56,2023-01-25,54.6,54.6,54.6,54.6,,1,1,1
56,2023-02-15,136.0,136.0,136.0,136.0,,1,1,1
56,2023-03-20,43.3,43.3,43.3,43.3,,1,1,1
56,2023-03-22,52.7,52.7,52.7,52.7,,1,1,1
56,2023-03-25,127.0,127.0,127.0,127.0,,1,1,1
56,2023-03-26,175.0,175.0,175.0,175.0,,1,1,1
56,2023-03-27,156.0,156.0,156.0,156.0,,1,1,1
56,2023-03-28,152.0,152.0,152.0,152.0,,1,1,1
56,2023-04-01,205.0,205.0,205.0,205.0,,1,1,1
56,2023-04-02,146.0,146.0,146.0,146.0,,1,1,1
56,2023-04-03,99.0,99.0,99.0,99.0,,1,1,1
56,2023-04-04,112.0,112.0,112.0,112.0,,1,1,1
56,2023-04-05,145.0,145.0,145.0,145.0,,1,1,1
56,2023-04-07,236.0,236.0,236.0,236.0,,1,1,1
56,2023-04-08,186.0,186.0,186.0,186.0,,1,1,1
56,2023-04-11,93.3,93.3,93.3,93.3,,1,1,1
56,2023-04-12,117.0,117.0,117.0,117.0,,1,1,1
56,2023-04-16,146.0,146.0,146.0,146.0,,1,1,1
56,2023-04-17,108.0,108.0,108.0,108.0,,1,1,1
56,2023-04-20,94.3,94.3,94.3,94.3,,1,1,1
56,2023-04-21,76.8,76.8,76.8,76.8,,1,1,1
56,2023-04-24,43.4,43.4,43.4,43.4,,1,1,1
56,2023-04-27,36.7,36.7,36.7,36.7,,1,1,1
56,2023-04-29,44.2,44.2,44.2,44.2,,1,1,1
56,2023-04-30,40.4,40.4,40.4,40.4,,1,1,1
56,2023-05-01,29.0,29.0,29.0,29.0,,1,1,1
56,2023-05-02,57.7,57.7,57.7,57.7,,1,1,1
56,2023-05-03,39.3,39.3,39.3,39.3,,1,1,1
56,2023-05-04,31.1,31.1,31.1,31.1,,1,1,1
56,2023-05-05,49.8,49.8,49.8,49.8,,1,1,1
56,2023-05-06,78.5,78.5,78.5,78.5,,1,1,1
56,2023-05-07,51.8,51.8,51.8,51.8,,1,1,1
56,2023-05-11,15.0,15.0,15.0,15.0,,1,1,1
56,2023-05-12,22.7,22.7,22.7,22.7,,1,1,1
56,2023-05-17,22.5,22.5,22.5,22.5,,1,1,1
56,2023-05-18,31.3,31.3,31.3,31.3,,1,1,1
56,2023-05-20,34.9,34.9,34.9,34.9,,1,1,1
56,2023-05-21,37.2,37.2,37.2,37.2,,1,1,1
56,2023-05-22,42.4,42.4,42.4,42.4,,1,1,1
56,2023-06-01,16.0,16.0,16.0,16.0,,1,1,1
56,2023-06-04,17.8,17.8,17.8,17.8,,1,1,1
56,2023-06-05,16.9,16.9,16.9,16.9,,1,1,1
56,2023-06-08,13.1,13.1,13.1,13.1,,1,1,1
56,2023-06-09,14.2,14.2,14.2,14.2,,1,1,1
56,2023-06-10,16.8,16.8,16.8,16.8,,1,1,1
56,2023-06-11,17.9,17.9,17.9,17.9,,1,1,1
56,2023-06-18,13.0,13.0,13.0,13.0,,1,1,1
56,2023-06-19,11.1,11.1,11.1,11.1,,1,1,1
56,2023-06-22,10.1,10.1,10.1,10.1,,1,1,1
56,2023-06-27,8.97,8.97,8.97,8.97,,1,1,1
56,2023-07-08,10.2,10.2,10.2,10.2,,1,1,1
56,2023-07-18,12.4,12.4,12.4,12.4,,1,1,1
56,2023-07-31,8.43,8.43,8.43,8.43,,1,1,1
56,2023-08-15,17.1,17.1,17.1,17.1,,1,1,1
56,2023-08-29,10.6,10.6,10.6,10.6,,1,1,1
56,2023-09-03,11.8,11.8,11.8,11.8,,1,1,1
56,2023-09-16,8.21,8.21,8.21,8.21,,1,1,1
56,2023-09-21,8.69,8.69,8.69,8.69,,1,1,1
56,2024-01-05,22.4,22.4,22.4,22.4,,1,1,1
56,2024-01-06,24.3,24.3,24.3,24.3,,1,1,1
56,2024-01-07,28.1,28.1,28.1,28.1,,1,1,1
56,2024-01-08,30.1,30.1,30.1,30.1,,1,1,1
56,2024-01-09,34.2,34.2,34.2,34.2,,1,1,1
56,2024-01-11,32.5,32.5,32.5,32.5,,1,1,1
56,2024-01-12,32.3,32.3,32.3,32.3,,1,1,1
56,2024-01-13,36.8,36.8,36.8,36.8,,1,1,1
56,2024-01-17,26.6,26.6,26.6,26.6,,1,1,1
56,2024-01-18,28.0,28.0,28.0,28.0,,1,1,1
56,2024-01-22,33.9,33.9,33.9,33.9,,1,1,1
56,2024-01-24,34.2,34.2,34.2,34.2,,1,1,1
56,2024-01-25,31.2,31.2,31.2,31.2,,1,1,1
56,2024-01-27,28.1,28.1,28.1,28.1,,1,1,1
56,2024-01-28,28.1,28.1,28.1,28.1,,1,1,1
56,2024-01-29,26.5,26.5,26.5,26.5,,1,1,1
56,2024-01-30,29.1,29.1,29.1,29.1,,1,1,1
56,2024-01-31,29.3,29.3,29.3,29.3,,1,1,1
56,2024-02-03,40.6,40.6,40.6,40.6,,1,1,1
56,2024-02-04,53.3,53.3,53.3,53.3,,1,1,1
56,2024-02-05,59.9,59.9,59.9,59.9,,1,1,1
56,2024-02-06,59.8,59.8,59.8,59.8,,1,1,1
56,2024-02-07,50.3,50.3,50.3,50.3,,1,1,1
56,2024-02-09,57.4,57.4,57.4,57.4,,1,1,1
56,2024-02-10,61.3,61.3,61.3,61.3,,1,1,1
56,2024-02-14,59.1,59.1,59.1,59.1,,1,1,1
56,2024-02-15,62.8,62.8,62.8,62.8,,1,1,1
56,2024-02-16,57.3,57.3,57.3,57.3,,1,1,1
56,2024-02-17,66.0,66.0,66.0,66.0,,1,1,1
56,2024-02-18,58.4,58.4,58.4,58.4,,1,1,1
56,2024-02-19,47.1,47.1,47.1,47.1,,1,1,1
56,2024-02-20,46.2,46.2,46.2,46.2,,1,1,1
56,2024-02-21,38.0,38.0,38.0,38.0,,1,1,1
56,2024-02-22,39.7,39.7,39.7,39.7,,1,1,1
56,2024-02-23,53.2,53.2,53.2,53.2,,1,1,1
56,2024-02-24,45.2,45.2,45.2,45.2,,1,1,1
56,2024-02-25,45.8,45.8,45.8,45.8,,1,1,1
56,2024-02-26,47.7,47.7,47.7,47.7,,1,1,1
56,2024-02-28,57.3,57.3,57.3,57.3,,1,1,1
56,2024-02-29,59.8,59.8,59.8,59.8,,1,1,1
56,2024-03-01,60.3,60.3,60.3,60.3,,1,1,1
56,2024-03-02,67.0,67.0,67.0,67.0,,1,1,1
56,2024-03-03,56.9,56.9,56.9,56.9,,1,1,1
56,2024-03-04,53.5,53.5,53.5,53.5,,1,1,1
56,2024-03-13,55.6,55.6,55.6,55.6,,1,1,1
56,2024-03-14,63.9,63.9,63.9,63.9,,1,1,1
56,2024-03-15,98.6,98.6,98.6,98.6,,1,1,1
56,2024-03-17,137.0,137.0,137.0,137.0,,1,1,1
56,2024-03-20,59.4,59.4,59.4,59.4,,1,1,1
56,2024-03-23,30.1,30.1,30.1,30.1,,1,1,1
56,2024-03-24,49.1,49.1,49.1,49.1,,1,1,1
56,2024-03-25,61.7,61.7,61.7,61.7,,1,1,1
56,2024-03-26,54.4,54.4,54.4,54.4,,1,1,1
56,2024-03-27,75.9,75.9,75.9,75.9,,1,1,1
56,2024-03-28,61.0,61.0,61.0,61.0,,1,1,1
56,2024-03-29,72.8,72.8,72.8,72.8,,1,1,1
56,2024-03-30,71.9,71.9,71.9,71.9,,1,1,1
56,2024-03-31,94.7,94.7,94.7,94.7,,1,1,1
56,2024-04-01,105.0,105.0,105.0,105.0,,1,1,1
56,2024-04-02,109.0,109.0,109.0,109.0,,1,1,1
56,2024-04-03,127.0,127.0,127.0,127.0,,1,1,1
56,2024-04-04,122.0,122.0,122.0,122.0,,1,1,1
56,2024-04-05,110.0,110.0,110.0,110.0,,1,1,1
56,2024-04-06,102.0,102.0,102.0,102.0,,1,1,1
56,2024-04-07,93.6,93.6,93.6,93.6,,1,1,1
56,2024-04-08,86.3,86.3,86.3,86.3,,1,1,1
56,2024-04-10,61.4,61.4,61.4,61.4,,1,1,1
56,2024-04-11,49.7,49.7,49.7,49.7,,1,1,1
56,2024-04-12,35.8,35.8,35.8,35.8,,1,1,1
56,2024-04-13,36.2,36.2,36.2,36.2,,1,1,1
56,2024-04-14,39.4,39.4,39.4,39.4,,1,1,1
56,2024-04-16,32.9,32.9,32.9,32.9,,1,1,1
56,2024-04-17,42.4,42.4,42.4,42.4,,1,1,1
56,2024-04-18,66.8,66.8,66.8,66.8,,1,1,1
56,2024-04-19,80.3,80.3,80.3,80.3,,1,1,1
56,2024-04-20,69.4,69.4,69.4,69.4,,1,1,1
56,2024-04-21,59.0,59.0,59.0,59.0,,1,1,1
56,2024-04-22,69.3,69.3,69.3,69.3,,1,1,1
56,2024-04-23,78.5,78.5,78.5,78.5,,1,1,1
56,2024-04-24,73.6,73.6,73.6,73.6,,1,1,1
56,2024-04-25,55.4,55.4,55.4,55.4,,1,1,1
56,2024-04-26,55.2,55.2,55.2,55.2,,1,1,1
56,2024-04-27,54.9,54.9,54.9,54.9,,1,1,1
56,2024-04-28,88.5,88.5,88.5,88.5,,1,1,1
56,2024-04-29,87.9,87.9,87.9,87.9,,1,1,1
56,2024-04-30,79.3,79.3,79.3,79.3,,1,1,1
56,2024-05-01,84.3,84.3,84.3,84.3,,1,1,1
56,2024-05-02,105.0,105.0,105.0,105.0,,1,1,1
56,2024-05-03,85.2,85.2,85.2,85.2,,1,1,1
56,2024-05-04,74.7,74.7,74.7,74.7,,1,1,1
56,2024-05-05,66.7,66.7,66.7,66.7,,1,1,1
56,2024-05-06,73.8,73.8,73.8,73.8,,1,1,1
56,2024-05-07,80.1,80.1,80.1,80.1,,1,1,1
56,2024-05-08,44.9,44.9,44.9,44.9,,1,1,1
56,2024-05-11,18.5,18.5,18.5,18.5,,1,1,1
56,2024-05-14,19.2,19.2,19.2,19.2,,1,1,1
56,2024-05-15,19.3,19.3,19.3,19.3,,1,1,1
56,2024-05-16,23.0,23.0,23.0,23.0,,1,1,1
56,2024-05-17,26.1,26.1,26.1,26.1,,1,1,1
56,2024-05-18,21.9,21.9,21.9,21.9,,1,1,1
56,2024-05-19,22.8,22.8,22.8,22.8,,1,1,1
56,2024-05-20,19.0,19.0,19.0,19.0,,1,1,1
56,2024-05-21,15.9,15.9,15.9,15.9,,1,1,1
56,2024-05-23,13.3,13.3,13.3,13.3,,1,1,1
56,2024-05-24,9.29,9.29,9.29,9.29,,1,1,1
56,2024-05-25,7.73,7.73,7.73,7.73,,1,1,1
56,2024-05-26,11.7,11.7,11.7,11.7,,1,1,1
56,2024-05-27,10.4,10.4,10.4,10.4,,1,1,1
56,2024-05-28,9.64,9.64,9.64,9.64,,1,1,1
56,2024-05-29,13.2,13.2,13.2,13.2,,1,1,1
56,2024-05-30,11.3,11.3,11.3,11.3,,1,1,1
56,2024-05-31,17.0,17.0,17.0,17.0,,1,1,1
56,2024-06-01,15.8,15.8,15.8,15.8,,1,1,1
56,2024-06-02,10.6,10.6,10.6,10.6,,1,1,1
56,2024-06-03,7.31,7.31,7.31,7.31,,1,1,1
56,2024-06-04,8.19,8.19,8.19,8.19,,1,1,1
56,2024-06-05,10.5,10.5,10.5,10.5,,1,1,1
56,2024-06-06,9.64,9.64,9.64,9.64,,1,1,1
56,2024-06-07,8.14,8.14,8.14,8.14,,1,1,1
56,2024-06-08,9.89,9.89,9.89,9.89,,1,1,1
56,2024-06-09,17.3,17.3,17.3,17.3,,1,1,1
56,2024-06-10,19.1,19.1,19.1,19.1,,1,1,1
56,2024-06-11,13.7,13.7,13.7,13.7,,1,1,1
56,2024-06-12,9.39,9.39,9.39,9.39,,1,1,1
56,2024-06-13,8.37,8.37,8.37,8.37,,1,1,1
56,2024-06-14,8.62,8.62,8.62,8.62,,1,1,1
56,2024-06-15,8.97,8.97,8.97,8.97,,1,1,1
56,2024-06-16,10.5,10.5,10.5,10.5,,1,1,1
56,2024-06-17,9.95,9.95,9.95,9.95,,1,1,1
56,2024-06-18,7.88,7.88,7.88,7.88,,1,1,1
56,2024-06-19,7.72,7.72,7.72,7.72,,1,1,1
56,2024-06-20,7.9,7.9,7.9,7.9,,1,1,1
56,2024-06-21,8.51,8.51,8.51,8.51,,1,1,1
56,2024-06-22,10.1,10.1,10.1,10.1,,1,1,1
56,2024-06-23,12.1,12.1,12.1,12.1,,1,1,1
56,2024-06-24,11.6,11.6,11.6,11.6,,1,1,1
56,2024-06-26,8.71,8.71,8.71,8.71,,1,1,1
56,2024-06-27,7.16,7.16,7.16,7.16,,1,1,1
56,2024-06-29,8.18,8.18,8.18,8.18,,1,1,1
56,2024-06-30,6.58,6.58,6.58,6.58,,1,1,1
56,2024-07-02,9.29,9.29,9.29,9.29,,1,1,1
56,2024-07-08,13.4,13.4,13.4,13.4,,1,1,1
56,2024-07-09,14.0,14.0,14.0,14.0,,1,1,1
56,2024-07-12,8.01,8.01,8.01,8.01,,1,1,1
56,2024-07-13,7.87,7.87,7.87,7.87,,1,1,1
56,2024-07-14,7.8,7.8,7.8,7.8,,1,1,1
56,2024-07-15,7.62,7.62,7.62,7.62,,1,1,1
56,2024-07-17,8.55,8.55,8.55,8.55,,1,1,1
56,2024-07-18,8.1,8.1,8.1,8.1,,1,1,1
56,2024-07-19,7.68,7.68,7.68,7.68,,1,1,1
56,2024-07-20,6.16,6.16,6.16,6.16,,1,1,1
56,2024-07-21,6.55,6.55,6.55,6.55,,1,1,1
56,2024-07-22,6.79,6.79,6.79,6.79,,1,1,1
56,2024-07-23,9.03,9.03,9.03,9.03,,1,1,1
56,2024-07-24,10.6,10.6,10.6,10.6,,1,1,1
56,2024-07-25,8.22,8.22,8.22,8.22,,1,1,1
56,2024-07-27,7.56,7.56,7.56,7.56,,1,1,1
56,2024-07-30,10.3,10.3,10.3,10.3,,1,1,1
56,2024-07-31,10.4,10.4,10.4,10.4,,1,1,1
56,2024-08-03,9.38,9.38,9.38,9.38,,1,1,1
56,2024-08-04,8.63,8.63,8.63,8.63,,1,1,1
56,2024-08-06,8.29,8.29,8.29,8.29,,1,1,1
56,2024-08-07,7.99,7.99,7.99,7.99,,1,1,1
56,2024-08-08,8.34,8.34,8.34,8.34,,1,1,1
56,2024-08-09,9.27,9.27,9.27,9.27,,1,1,1
56,2024-08-11,9.63,9.63,9.63,9.63,,1,1,1
56,2024-08-12,9.39,9.39,9.39,9.39,,1,1,1
56,2024-08-14,10.2,10.2,10.2,10.2,,1,1,1
56,2024-08-15,11.0,11.0,11.0,11.0,,1,1,1
56,2024-08-16,8.62,8.62,8.62,8.62,,1,1,1
56,2024-08-20,6.63,6.63,6.63,6.63,,1,1,1
56,2024-08-22,8.27,8.27,8.27,8.27,,1,1,1
56,2024-08-23,7.49,7.49,7.49,7.49,,1,1,1
56,2024-08-25,8.36,8.36,8.36,8.36,,1,1,1
56,2024-08-26,7.15,7.15,7.15,7.15,,1,1,1
56,2024-08-30,8.02,8.02,8.02,8.02,,1,1,1
56,2024-08-31,8.54,8.54,8.54,8.54,,1,1,1
56,2024-09-01,7.42,7.42,7.42,7.42,,1,1,1
56,2024-09-02,9.31,9.31,9.31,9.31,,1,1,1
56,2024-09-04,10.9,10.9,10.9,10.9,,1,1,1
56,2024-09-14,10.6,10.6,10.6,10.6,,1,1,1
56,2024-09-17,11.9,11.9,11.9,11.9,,1,1,1
56,2024-10-06,14.4,14.4,14.4,14.4,,1,1,1
56,2024-10-17,15.9,15.9,15.9,15.9,,1,1,1
56,2024-11-01,19.4,19.4,19.4,19.4,,1,1,1
56,2024-11-03,20.5,20.5,20.5,20.5,,1,1,1
56,2024-11-16,13.8,13.8,13.8,13.8,,1,1,1
56,2025-01-19,34.0,34.0,34.0,34.0,,1,1,1
56,2025-01-24,47.0,47.0,47.0,47.0,,1,1,1
56,2025-01-25,49.5,49.5,49.5,49.5,,1,1,1
56,2025-01-26,37.5,37.5,37.5,37.5,,1,1,1
56,2025-01-31,46.6,46.6,46.6,46.6,,1,1,1
56,2025-02-01,39.4,39.4,39.4,39.4,,1,1,1
56,2025-02-02,35.7,35.7,35.7,35.7,,1,1,1
56,2025-02-03,34.8,34.8,34.8,34.8,,1,1,1
56,2025-02-04,40.7,40.7,40.7,40.7,,1,1,1
56,2025-02-05,50.2,50.2,50.2,50.2,,1,1,1
56,2025-02-06,48.4,48.4,48.4,48.4,,1,1,1
56,2025-02-07,44.0,44.0,44.0,44.0,,1,1,1
56,2025-02-08,47.7,47.7,47.7,47.7,,1,1,1
56,2025-02-09,41.4,41.4,41.4,41.4,,1,1,1
56,2025-02-10,50.0,50.0,50.0,50.0,,1,1,1
56,2025-02-11,57.4,57.4,57.4,57.4,,1,1,1
56,2025-02-12,57.8,57.8,57.8,57.8,,1,1,1
56,2025-02-13,57.2,57.2,57.2,57.2,,1,1,1
56,2025-02-14,48.4,48.4,48.4,48.4,,1,1,1
56,2025-02-15,38.4,38.4,38.4,38.4,,1,1,1
56,2025-02-16,52.8,52.8,52.8,52.8,,1,1,1
56,2025-02-17,80.6,80.6,80.6,80.6,,1,1,1
56,2025-02-18,81.9,81.9,81.9,81.9,,1,1,1
56,2025-02-19,55.9,55.9,55.9,55.9,,1,1,1
56,2025-02-20,38.6,38.6,38.6,38.6,,1,1,1
56,2025-02-21,36.1,36.1,36.1,36.1,,1,1,1
56,2025-02-22,32.1,32.1,32.1,32.1,,1,1,1
56,2025-02-23,32.0,32.0,32.0,32.0,,1,1,1
56,2025-02-24,22.5,22.5,22.5,22.5,,1,1,1
56,2025-02-25,14.9,14.9,14.9,14.9,,1,1,1
56,2025-02-26,10.9,10.9,10.9,10.9,,1,1,1
56,2025-02-27,12.7,12.7,12.7,12.7,,1,1,1
56,2025-02-28,16.7,16.7,16.7,16.7,,1,1,1
56,2025-03-01,20.7,20.7,20.7,20.7,,1,1,1
56,2025-03-03,26.5,26.5,26.5,26.5,,1,1,1
56,2025-03-04,40.0,40.0,40.0,40.0,,1,1,1
56,2025-03-05,53.7,53.7,53.7,53.7,,1,1,1
56,2025-03-06,60.1,60.1,60.1,60.1,,1,1,1
56,2025-03-07,67.3,67.3,67.3,67.3,,1,1,1
56,2025-03-08,67.1,67.1,67.1,67.1,,1,1,1
56,2025-03-10,38.2,38.2,38.2,38.2,,1,1,1
56,2025-03-11,33.6,33.6,33.6,33.6,,1,1,1
56,2025-03-12,34.1,34.1,34.1,34.1,,1,1,1
56,2025-03-13,44.3,44.3,44.3,44.3,,1,1,1
56,2025-03-14,36.3,36.3,36.3,36.3,,1,1,1
56,2025-03-15,51.1,51.1,51.1,51.1,,1,1,1
56,2025-03-17,82.8,82.8,82.8,82.8,,1,1,1
56,2025-03-18,53.7,53.7,53.7,53.7,,1,1,1
56,2025-03-19,41.8,41.8,41.8,41.8,,1,1,1
56,2025-03-20,17.8,17.8,17.8,17.8,,1,1,1
56,2025-03-21,30.1,30.1,30.1,30.1,,1,1,1
56,2025-03-22,51.0,51.0,51.0,51.0,,1,1,1
56,2025-03-23,80.4,80.4,80.4,80.4,,1,1,1
56,2025-03-24,94.0,94.0,94.0,94.0,,1,1,1
56,2025-03-25,83.1,83.1,83.1,83.1,,1,1,1
56,2025-03-26,85.6,85.6,85.6,85.6,,1,1,1
56,2025-03-27,77.9,77.9,77.9,77.9,,1,1,1
56,2025-03-28,96.4,96.4,96.4,96.4,,1,1,1
56,2025-03-29,113.0,113.0,113.0,113.0,,1,1,1
56,2025-03-30,111.0,111.0,111.0,111.0,,1,1,1
56,2025-03-31,84.6,84.6,84.6,84.6,,1,1,1
56,2025-04-01,56.6,56.6,56.6,56.6,,1,1,1
56,2025-04-02,56.3,56.3,56.3,56.3,,1,1,1
56,2025-04-03,60.0,60.0,60.0,60.0,,1,1,1
56,2025-04-04,66.6,66.6,66.6,66.6,,1,1,1
56,2025-04-05,62.5,62.5,62.5,62.5,,1,1,1
56,2025-04-06,50.8,50.8,50.8,50.8,,1,1,1
56,2025-04-07,38.0,38.0,38.0,38.0,,1,1,1
56,2025-04-08,23.3,23.3,23.3,23.3,,1,1,1
56,2025-04-09,31.7,31.7,31.7,31.7,,1,1,1
56,2025-04-10,50.2,50.2,50.2,50.2,,1,1,1
56,2025-04-11,41.8,41.8,41.8,41.8,,1,1,1
56,2025-04-12,31.3,31.3,31.3,31.3,,1,1,1
56,2025-04-13,15.6,15.6,15.6,15.6,,1,1,1
56,2025-04-14,10.5,10.5,10.5,10.5,,1,1,1
56,2025-04-15,9.13,9.13,9.13,9.13,,1,1,1
56,2025-04-16,7.78,7.78,7.78,7.78,,1,1,1
56,2025-04-17,9.27,9.27,9.27,9.27,,1,1,1
56,2025-04-18,9.64,9.64,9.64,9.64,,1,1,1
56,2025-04-19,10.5,10.5,10.5,10.5,,1,1,1
56,2025-04-20,12.3,12.3,12.3,12.3,,1,1,1
56,2025-04-21,16.2,16.2,16.2,16.2,,1,1,1
56,2025-05-08,28.0,28.0,28.0,28.0,,1,1,1
56,2025-05-09,19.9,19.9,19.9,19.9,,1,1,1
56,2025-05-10,25.7,25.7,25.7,25.7,,1,1,1
56,2025-05-11,24.5,24.5,24.5,24.5,,1,1,1
56,2025-05-12,18.5,18.5,18.5,18.5,,1,1,1
56,2025-05-13,16.1,16.1,16.1,16.1,,1,1,1
56,2025-05-14,17.3,17.3,17.3,17.3,,1,1,1
56,2025-05-15,11.8,11.8,11.8,11.8,,1,1,1
56,2025-05-16,11.5,11.5,11.5,11.5,,1,1,1
56,2025-05-17,9.29,9.29,9.29,9.29,,1,1,1
56,2025-05-18,9.9,9.9,9.9,9.9,,1,1,1
56,2025-05-19,8.97,8.97,8.97,8.97,,1,1,1
56,2025-05-20,9.72,9.72,9.72,9.72,,1,1,1
56,2025-05-21,12.5,12.5,12.5,12.5,,1,1,1
56,2025-05-23,12.5,12.5,12.5,12.5,,1,1,1
56,2025-05-24,9.94,9.94,9.94,9.94,,1,1,1
56,2025-05-25,9.32,9.32,9.32,9.32,,1,1,1
56,2025-05-26,8.71,8.71,8.71,8.71,,1,1,1
56,2025-05-27,9.62,9.62,9.62,9.62,,1,1,1
56,2025-05-28,7.88,7.88,7.88,7.88,,1,1,1
56,2025-05-29,9.12,9.12,9.12,9.12,,1,1,1
56,2025-06-01,10.0,10.0,10.0,10.0,,1,1,1
56,2025-06-02,9.48,9.48,9.48,9.48,,1,1,1
56,2025-06-03,13.1,13.1,13.1,13.1,,1,1,1
56,2025-06-04,18.5,18.5,18.5,18.5,,1,1,1
56,2025-06-05,20.4,20.4,20.4,20.4,,1,1,1
56,2025-06-06,22.3,22.3,22.3,22.3,,1,1,1
56,2025-06-07,20.0,20.0,20.0,20.0,,1,1,1
56,2025-06-08,16.5,16.5,16.5,16.5,,1,1,1
56,2025-06-09,15.8,15.8,15.8,15.8,,1,1,1
56,2025-06-10,13.2,13.2,13.2,13.2,,1,1,1
56,2025-06-11,10.8,10.8,10.8,10.8,,1,1,1
56,2025-06-12,8.58,8.58,8.58,8.58,,1,1,1
56,2025-06-13,8.8,8.8,8.8,8.8,,1,1,1
56,2025-06-14,9.88,9.88,9.88,9.88,,1,1,1
56,2025-06-15,8.91,8.91,8.91,8.91,,1,1,1
56,2025-06-16,8.74,8.74,8.74,8.74,,1,1,1
56,2025-06-17,9.28,9.28,9.28,9.28,,1,1,1
56,2025-06-18,9.24,9.24,9.24,9.24,,1,1,1
56,2025-06-19,9.07,9.07,9.07,9.07,,1,1,1
56,2025-06-20,10.5,10.5,10.5,10.5,,1,1,1
56,2025-06-21,11.2,11.2,11.2,11.2,,1,1,1
56,2025-06-22,13.1,13.1,13.1,13.1,,1,1,1
56,2025-06-23,12.4,12.4,12.4,12.4,,1,1,1
56,2025-06-24,10.6,10.6,10.6,10.6,,1,1,1
56,2025-06-25,11.3,11.3,11.3,11.3,,1,1,1
56,2025-06-26,12.7,12.7,12.7,12.7,,1,1,1
56,2025-06-27,11.8,11.8,11.8,11.8,,1,1,1
56,2025-06-28,9.03,9.03,9.03,9.03,,1,1,1
56,2025-06-29,9.85,9.85,9.85,9.85,,1,1,1
56,2025-06-30,13.2,13.2,13.2,13.2,,1,1,1
56,2025-08-26,8.14,8.14,8.14,8.14,,1,1,1
56,2025-08-27,6.23,6.23,6.23,6.23,,1,1,1
56,2025-08-28,6.12,6.12,6.12,6.12,,1,1,1
56,2025-08-29,8.89,8.89,8.89,8.89,,1,1,1
56,2025-08-30,9.78,9.78,9.78,9.78,,1,1,1
56,2025-08-31,9.7,9.7,9.7,9.7,,1,1,1
56,2025-09-01,5.65,5.65,5.65,5.65,,1,1,1
56,2025-09-02,7.26,7.26,7.26,7.26,,1,1,1
56,2025-09-04,9.06,9.06,9.06,9.06,,1,1,1
56,2025-09-05,9.1,9.1,9.1,9.1,,1,1,1
56,2025-09-06,11.1,11.1,11.1,11.1,,1,1,1
56,2025-09-07,10.5,10.5,10.5,10.5,,1,1,1
56,2025-09-08,10.8,10.8,10.8,10.8,,1,1,1
56,2025-09-09,8.75,8.75,8.75,8.75,,1,1,1
56,2025-09-10,5.74,5.74,5.74,5.74,,1,1,1
56,2025-09-11,6.1,6.1,6.1,6.1,,1,1,1
56,2025-09-12,7.68,7.68,7.68,7.68,,1,1,1
56,2025-09-13,9.23,9.23,9.23,9.23,,1,1,1
56,2025-09-15,10.1,10.1,10.1,10.1,,1,1,1
56,2025-09-16,11.2,11.2,11.2,11.2,,1,1,1
56,2025-09-17,11.2,11.2,11.2,11.2,,1,1,1
56,2025-09-18,9.79,9.79,9.79,9.79,,1,1,1
56,2025-09-19,10.7,10.7,10.7,10.7,,1,1,1
56,2025-09-20,6.64,6.64,6.64,6.64,,1,1,1
56,2025-09-21,6.98,6.98,6.98,6.98,,1,1,1
56,2025-09-22,6.94,6.94,6.94,6.94,,1,1,1
56,2025-09-23,6.07,6.07,6.07,6.07,,1,1,1
56,2025-09-24,6.45,6.45,6.45,6.45,,1,1,1
56,2025-09-25,6.5,6.5,6.5,6.5,,1,1,1
56,2025-09-26,6.82,6.82,6.82,6.82,,1,1,1
56,2025-09-27,7.98,7.98,7.98,7.98,,1,1,1
56,2025-09-28,7.58,7.58,7.58,7.58,,1,1,1
56,2025-09-29,9.62,9.62,9.62,9.62,,1,1,1
56,2025-09-30,9.22,9.22,9.22,9.22,,1,1,1
56,2025-10-01,7.09,7.09,7.09,7.09,,1,1,1
56,2025-10-02,7.23,7.23,7.23,7.23,,1,1,1
56,2025-10-03,8.8,8.8,8.8,8.8,,1,1,1
56,2025-10-04,9.03,9.03,9.03,9.03,,1,1,1
56,2025-10-05,7.92,7.92,7.92,7.92,,1,1,1
56,2025-10-06,9.11,9.11,9.11,9.11,,1,1,1
56,2025-10-07,8.29,8.29,8.29,8.29,,1,1,1
56,2025-10-08,9.04,9.04,9.04,9.04,,1,1,1
56,2025-10-09,10.7,10.7,10.7,10.7,,1,1,1
56,2025-10-10,13.1,13.1,13.1,13.1,,1,1,1
56,2025-11-19,6.95,6.95,6.95,6.95,,1,1,1
56,2025-11-20,7.23,7.23,7.23,7.23,,1,1,1
56,2025-11-21,9.39,9.39,9.39,9.39,,1,1,1
56,2025-11-22,12.6,12.6,12.6,12.6,,1,1,1
56,2025-11-23,15.7,15.7,15.7,15.7,,1,1,1
56,2025-11-24,17.3,17.3,17.3,17.3,,1,1,1
56,2025-11-25,16.8,16.8,16.8,16.8,,1,1,1
56,2025-11-26,23.8,23.8,23.8,23.8,,1,1,1
56,2025-11-27,24.7,24.7,24.7,24.7,,1,1,1
56,2025-11-28,22.9,22.9,22.9,22.9,,1,1,1
56,2025-11-29,25.3,25.3,25.3,25.3,,1,1,1
56,2025-11-30,28.0,28.0,28.0,28.0,,1,1,1
56,2025-12-01,31.9,31.9,31.9,31.9,,1,1,1
56,2025-12-02,31.4,31.4,31.4,31.4,,1,1,1
56,2025-12-03,29.9,29.9,29.9,29.9,,1,1,1
56,2025-12-04,30.3,30.3,30.3,30.3,,1,1,1
56,2025-12-05,25.2,25.2,25.2,25.2,,1,1,1
56,2025-12-06,24.5,24.5,24.5,24.5,,1,1,1
56,2025-12-07,22.5,22.5,22.5,22.5,,1,1,1
56,2025-12-08,23.2,23.2,23.2,23.2,,1,1,1
56,2025-12-09,24.3,24.3,24.3,24.3,,1,1,1
56,2025-12-10,25.4,25.4,25.4,25.4,,1,1,1
56,2025-12-11,25.2,25.2,25.2,25.2,,1,1,1
56,2025-12-12,22.9,22.9,22.9,22.9,,1,1,1
56,2025-12-13,14.7,14.7,14.7,14.7,,1,1,1
56,2025-12-14,13.5,13.5,13.5,13.5,,1,1,1
56,2025-12-15,14.6,14.6,14.6,14.6,,1,1,1
56,2025-12-16,15.2,15.2,15.2,15.2,,1,1,1
56,2025-12-17,16.1,16.1,16.1,16.1,,1,1,1
56,2025-12-18,19.1,19.1,19.1,19.1,,1,1,1
56,2025-12-19,19.0,19.0,19.0,19.0,,1,1,1
56,2025-12-20,19.1,19.1,19.1,19.1,,1,1,1
56,2025-12-21,21.2,21.2,21.2,21.2,,1,1,1
56,2025-12-22,21.9,21.9,21.9,21.9,,1,1,1
56,2025-12-23,21.3,21.3,21.3,21.3,,1,1,1
56,2025-12-24,21.0,21.0,21.0,21.0,,1,1,1
56,2025-12-25,21.0,21.0,21.0,21.0,,1,1,1
56,2025-12-26,21.4,21.4,21.4,21.4,,1,1,1
56,2025-12-27,17.6,17.6,17.6,17.6,,1,1,1
56,2025-12-28,20.1,20.1,20.1,20.1,,1,1,1
56,2025-12-29,22.6,22.6,22.6,22.6,,1,1,1
56,2025-12-30,24.7,24.7,24.7,24.7,,1,1,1
56,2025-12-31,25.4,25.4,25.4,25.4,,1,1,1
57,2021-04-30,11.3,11.3,11.3,11.3,,1,1,1
57,2021-05-05,27.8,27.8,24.6,31.0,4.525483399593903,2,2,2
57,2021-05-06,16.0,16.0,15.9,16.1,0.1414213562373109,2,2,2
57,2021-05-07,8.695,8.695,7.83,9.56,1.2232947314527276,2,2,2
57,2021-05-16,20.5,20.5,20.5,20.5,,1,1,1
57,2021-06-03,35.7,35.7,35.7,35.7,,1,1,1
57,2021-06-05,12.8,12.8,12.8,12.8,,1,1,1
57,2021-06-13,9.465,9.465,9.21,9.72,0.36062445840513846,2,2,2
57,2021-06-20,12.850000000000001,12.850000000000001,10.8,14.9,2.8991378028648453,2,2,2
57,2021-06-21,16.7,16.7,14.7,18.7,2.8284271247461903,2,2,2
57,2021-06-23,16.4,16.4,16.4,16.4,,1,1,1
57,2021-06-29,9.05,9.05,8.0,10.1,1.4849242404917502,2,2,2
57,2021-07-03,8.445,8.445,7.78,9.11,0.9404520189781079,2,2,2
57,2021-07-04,11.55,11.55,10.4,12.7,1.6263455967290592,2,2,2
57,2021-07-06,12.65,12.65,11.0,14.3,2.333452377915607,2,2,2
57,2021-07-24,7.300000000000001,7.300000000000001,6.65,7.95,0.919238815542512,2,2,2
57,2021-08-04,6.28,6.28,5.28,7.28,1.4142135623730951,2,2,2
57,2021-08-07,11.38,11.38,9.96,12.8,2.0081832585697947,2,2,2
57,2021-08-10,12.524999999999999,12.524999999999999,9.45,15.6,4.348706704297267,2,2,2
57,2021-08-11,12.25,12.25,10.7,13.8,2.1920310216782983,2,2,2
57,2021-08-12,9.665,9.665,7.43,11.9,3.1607673119038675,2,2,2
57,2021-08-14,9.09,9.09,7.88,10.3,1.7111984104714453,2,2,2
57,2021-08-15,6.625,6.625,5.42,7.83,1.7041273426595795,2,2,2
57,2021-08-16,6.875,6.875,5.33,8.42,2.1849599538664317,2,2,2
57,2021-08-17,6.895,6.895,5.0,8.79,2.6799347006970144,2,2,2
57,2021-08-18,6.98,6.98,5.88,8.08,1.555634918610405,2,2,2
57,2021-08-21,8.885,8.885,7.17,10.6,2.4253762594698576,2,2,2
57,2021-08-22,9.219999999999999,9.219999999999999,8.04,10.4,1.6687720036002522,2,2,2
57,2021-08-23,10.635,10.635,8.77,12.5,2.6375082938258227,2,2,2
57,2021-08-24,11.6,11.6,11.6,11.6,,1,1,1
57,2021-08-25,8.09,8.09,5.38,10.8,3.8325187540310877,2,2,2
57,2021-08-26,11.809999999999999,11.809999999999999,9.42,14.2,3.379970414071696,2,2,2
57,2021-08-27,10.905000000000001,10.905000000000001,9.71,12.1,1.6899852070358483,2,2,2
57,2021-08-28,7.709999999999999,7.709999999999999,6.38,9.04,1.8809040379562156,2,2,2
57,2021-08-29,7.42,7.42,5.88,8.96,2.177888886054567,2,2,2
57,2021-09-01,11.5,11.5,11.5,11.5,,1,1,1
57,2021-09-02,10.895,10.895,9.29,12.5,2.2698127676088182,2,2,2
57,2021-09-03,10.025,10.025,9.25,10.8,1.0960155108391492,2,2,2
57,2021-09-04,11.195,11.195,8.79,13.6,3.4011836175072947,2,2,2
57,2021-09-06,9.155,9.155,6.21,12.1,4.164858941188764,2,2,2
57,2021-09-07,7.895,7.895,5.79,10.0,2.976919548795365,2,2,2
57,2021-09-08,9.49,9.49,8.38,10.6,1.5697770542341347,2,2,2
57,2021-09-09,10.95,10.95,10.3,11.6,0.9192388155425104,2,2,2
57,2021-09-10,7.275,7.275,5.67,8.88,2.2698127676088182,2,2,2
57,2021-09-11,9.105,9.105,7.21,11.0,2.6799347006970153,2,2,2
57,2021-09-12,12.05,12.05,10.3,13.8,2.4748737341529163,2,2,2
57,2021-09-13,12.85,12.85,11.1,14.6,2.4748737341529163,2,2,2
57,2021-09-14,11.75,11.75,10.1,13.4,2.333452377915607,2,2,2
57,2021-09-15,13.35,13.35,11.7,15.0,2.333452377915607,2,2,2
57,2021-09-16,8.19,8.19,6.46,9.92,2.4465894629054543,2,2,2
57,2021-09-17,6.9799999999999995,6.9799999999999995,5.17,8.79,2.5597265478953015,2,2,2
57,2021-09-18,7.41,7.41,5.78,9.04,2.3051681066681446,2,2,2
57,2021-09-19,7.725,7.725,5.25,10.2,3.50017856687341,2,2,2
57,2021-09-20,9.0,9.0,6.7,11.3,3.2526911934581184,2,2,2
57,2021-09-21,8.415000000000001,8.415000000000001,6.87,9.96,2.1849599538664326,2,2,2
57,2021-09-22,8.459999999999999,8.459999999999999,5.22,11.7,4.582051942088827,2,2,2
57,2021-09-23,8.095,8.095,4.89,11.3,4.53255446740577,2,2,2
57,2021-09-24,7.965,7.965,5.63,10.3,3.302188668141177,2,2,2
57,2021-09-25,8.07,8.07,6.14,10.0,2.729432175380074,2,2,2
57,2021-09-26,7.78,7.78,5.26,10.3,3.5638181771802,2,2,2
57,2021-09-27,7.595000000000001,7.595000000000001,4.89,10.3,3.8254476862192233,2,2,2
57,2021-09-28,6.51,6.51,5.24,7.78,1.7960512242138305,2,2,2
57,2021-10-01,9.585,9.585,9.25,9.92,0.4737615433949874,2,2,2
57,2021-10-02,9.57,9.57,8.54,10.6,1.4566399692442888,2,2,2
57,2021-10-03,9.315000000000001,9.315000000000001,9.0,9.63,0.44547727214752614,2,2,2
57,2021-10-04,10.195,10.195,8.29,12.1,2.6940768363207472,2,2,2
57,2021-10-05,13.649999999999999,13.649999999999999,12.1,15.2,2.1920310216782966,2,2,2
57,2021-10-06,12.100000000000001,12.100000000000001,11.3,12.9,1.1313708498984765,2,2,2
57,2021-10-07,13.75,13.75,12.8,14.7,1.3435028842544392,2,2,2
57,2021-10-08,14.65,14.65,13.5,15.8,1.6263455967290599,2,2,2
57,2021-10-09,18.9,18.9,17.7,20.1,1.6970562748477143,2,2,2
57,2021-10-10,21.7,21.7,21.5,21.9,0.282842712474618,2,2,2
57,2021-10-11,12.0,12.0,11.0,13.0,1.4142135623730951,2,2,2
57,2021-10-12,7.665,7.665,6.58,8.75,1.534421715174808,2,2,2
57,2021-10-13,8.705,8.705,7.83,9.58,1.2374368670764582,2,2,2
57,2021-10-14,13.950000000000001,13.950000000000001,11.8,16.1,3.040559159102155,2,2,2
57,2021-10-15,14.9,14.9,11.8,18.0,4.384062043356594,2,2,2
57,2021-10-16,6.875,6.875,5.58,8.17,1.831406563273158,2,2,2
57,2021-10-17,6.664999999999999,6.664999999999999,5.04,8.29,2.2980970388562785,2,2,2
57,2021-10-18,10.08,10.08,8.46,11.7,2.2910259710444127,2,2,2
57,2021-10-19,11.55,11.55,10.5,12.6,1.4849242404917502,2,2,2
57,2021-10-20,10.795,10.795,9.29,12.3,2.128391411371509,2,2,2
57,2021-10-21,9.684999999999999,9.684999999999999,8.67,10.7,1.4354267658086903,2,2,2
57,2021-10-22,9.52,9.52,7.04,12.0,3.5072496346852753,2,2,2
57,2021-10-23,6.914999999999999,6.914999999999999,5.29,8.54,2.2980970388562785,2,2,2
57,2021-10-24,7.81,7.81,5.83,9.79,2.8001428534987274,2,2,2
57,2021-10-25,6.71,6.71,6.71,6.71,,1,1,1
57,2021-10-26,9.75,9.75,9.75,9.75,,1,1,1
57,2021-10-27,10.2,10.2,10.2,10.2,,1,1,1
57,2021-10-28,12.2,12.2,11.4,13.0,1.1313708498984751,2,2,2
57,2021-10-31,11.035,11.035,9.67,12.4,1.930401512639275,2,2,2
57,2021-11-01,9.99,9.99,8.58,11.4,1.9940411229460642,2,2,2
57,2021-11-02,8.535,8.535,6.17,10.9,3.34461507501237,2,2,2
57,2021-11-03,8.23,8.23,7.0,9.46,1.7394826817189075,2,2,2
57,2021-11-04,9.765,9.765,7.63,11.9,3.0193459556665587,2,2,2
57,2021-11-05,8.145,8.145,7.21,9.08,1.3222896808188436,2,2,2
57,2021-11-06,10.75,10.75,10.2,11.3,0.7778174593052033,2,2,2
57,2021-11-07,11.3,11.3,10.1,12.5,1.697056274847715,2,2,2
57,2021-11-08,11.95,11.95,10.4,13.5,2.1920310216782966,2,2,2
57,2021-11-09,14.9,14.9,14.4,15.4,0.7071067811865476,2,2,2
57,2021-11-10,14.0,14.0,13.8,14.2,0.282842712474618,2,2,2
57,2021-11-11,14.1,14.1,13.2,15.0,1.272792206135786,2,2,2
57,2021-11-12,13.45,13.45,12.2,14.7,1.7677669529663689,2,2,2
57,2021-11-13,13.05,13.05,11.4,14.7,2.3334523779156067,2,2,2
57,2021-11-14,17.75,17.75,13.7,21.8,5.727564927611036,2,2,2
57,2021-11-15,18.65,18.65,17.3,20.0,1.9091883092036765,2,2,2
57,2021-11-16,20.7,20.7,18.7,22.7,2.8284271247461903,2,2,2
57,2021-11-17,19.6,19.6,16.8,22.4,3.959797974644666,2,2,2
57,2021-11-18,18.0,18.0,15.8,20.2,3.1112698372208083,2,2,2
57,2021-11-19,19.0,19.0,17.5,20.5,2.1213203435596424,2,2,2
57,2021-11-20,13.9,13.9,13.5,14.3,0.5656854249492386,2,2,2
57,2021-11-21,13.2,13.2,13.0,13.4,0.2828427124746186,2,2,2
57,2021-11-22,16.049999999999997,16.049999999999997,15.2,16.9,1.202081528017129,2,2,2
57,2021-11-23,20.049999999999997,20.049999999999997,18.7,21.4,1.9091883092036765,2,2,2
57,2021-11-24,18.299999999999997,18.299999999999997,17.9,18.7,0.5656854249492372,2,2,2
57,2021-11-25,13.2,13.2,13.2,13.2,,1,1,1
57,2021-11-26,12.9,12.9,12.3,13.5,0.8485281374238566,2,2,2
57,2021-11-27,9.025,9.025,7.95,10.1,1.520279579551077,2,2,2
57,2021-11-30,15.25,15.25,14.3,16.2,1.3435028842544392,2,2,2
57,2021-12-01,16.35,16.35,14.0,18.7,3.3234018715767744,2,2,2
57,2021-12-02,21.35,21.35,20.7,22.0,0.9192388155425135,2,2,2
57,2021-12-03,24.5,24.5,24.0,25.0,0.7071067811865476,2,2,2
57,2021-12-04,27.9,27.9,26.6,29.2,1.8384776310850233,2,2,2
57,2021-12-05,21.5,21.5,21.3,21.7,0.282842712474618,2,2,2
57,2021-12-06,26.799999999999997,26.799999999999997,25.7,27.9,1.5556349186104028,2,2,2
57,2021-12-07,34.55,34.55,34.1,35.0,0.6363961030678893,2,2,2
57,2021-12-08,34.05,34.05,31.8,36.3,3.1819805153394602,2,2,2
57,2021-12-09,29.9,29.9,29.1,30.7,1.1313708498984734,2,2,2
57,2021-12-10,28.2,28.2,26.4,30.0,2.545584412271572,2,2,2
57,2021-12-11,31.7,31.7,28.0,35.4,5.23259018078045,2,2,2
57,2021-12-12,33.75,33.75,29.5,38.0,6.010407640085654,2,2,2
57,2021-12-13,28.15,28.15,26.0,30.3,3.0405591591021537,2,2,2
57,2021-12-14,25.05,25.05,23.5,26.6,2.1920310216782983,2,2,2
57,2021-12-15,27.35,27.35,24.5,30.2,4.030508652763322,2,2,2
57,2021-12-16,25.8,25.8,24.6,27.0,1.6970562748477132,2,2,2
57,2021-12-17,20.85,20.85,19.6,22.1,1.7677669529663689,2,2,2
57,2021-12-18,19.799999999999997,19.799999999999997,17.7,21.9,2.9698484809835004,2,2,2
57,2021-12-19,29.8,29.8,28.6,31.0,1.6970562748477132,2,2,2
57,2021-12-20,31.2,31.2,31.0,31.4,0.282842712474618,2,2,2
57,2021-12-21,32.5,32.5,31.2,33.8,1.8384776310850233,2,2,2
57,2021-12-22,32.900000000000006,32.900000000000006,32.2,33.6,0.989949493661168,2,2,2
57,2021-12-23,32.8,32.8,30.9,34.7,2.687005768508881,2,2,2
57,2021-12-24,37.95,37.95,37.9,38.0,0.07071067811865826,2,2,2
57,2021-12-25,34.5,34.5,34.5,34.5,,1,1,1
57,2021-12-26,37.9,37.9,37.9,37.9,,1,1,1
57,2021-12-27,33.55,33.55,33.3,33.8,0.3535533905932738,2,2,2
57,2021-12-30,19.1,19.1,18.2,20.0,1.2727922061357873,2,2,2
57,2021-12-31,20.1,20.1,19.2,21.0,1.2727922061357848,2,2,2
57,2022-01-01,32.15,32.15,30.9,33.4,1.7677669529663689,2,2,2
57,2022-01-02,21.4,21.4,19.7,23.1,2.4041630560342617,2,2,2
57,2022-01-04,20.7,20.7,19.5,21.9,1.6970562748477132,2,2,2
57,2022-01-05,21.75,21.75,21.6,21.9,0.21213203435596223,2,2,2
57,2022-01-06,23.15,23.15,22.8,23.5,0.4949747468305815,2,2,2
57,2022-01-07,22.6,22.6,22.3,22.9,0.4242640687119283,2,2,2
57,2022-01-08,24.6,24.6,24.0,25.2,0.8485281374238552,2,2,2
57,2022-01-09,20.450000000000003,20.450000000000003,19.3,21.6,1.6263455967290585,2,2,2
57,2022-01-10,21.700000000000003,21.700000000000003,19.8,23.6,2.6870057685088797,2,2,2
57,2022-01-11,24.15,24.15,20.0,28.3,5.868986283848346,2,2,2
57,2022-01-12,29.75,29.75,29.3,30.2,0.6363961030678917,2,2,2
57,2022-01-13,33.75,33.75,33.3,34.2,0.6363961030678968,2,2,2
57,2022-01-14,39.0,39.0,38.3,39.7,0.9899494936611706,2,2,2
57,2022-01-15,37.5,37.5,35.2,39.8,3.2526911934581144,2,2,2
57,2022-01-16,22.0,22.0,21.9,22.1,0.14142135623731153,2,2,2
57,2022-01-17,10.215,10.215,7.13,13.3,4.362848839920999,2,2,2
57,2022-01-18,10.89,10.89,8.78,13.0,2.983990616607232,2,2,2
57,2022-01-19,13.1,13.1,10.7,15.5,3.3941125496954285,2,2,2
57,2022-01-20,13.7,13.7,11.0,16.4,3.8183766184073558,2,2,2
57,2022-01-21,20.35,20.35,19.5,21.2,1.2020815280171315,2,2,2
57,2022-01-22,18.2,18.2,18.2,18.2,,1,1,1
57,2022-01-23,16.3,16.3,15.6,17.0,0.9899494936611675,2,2,2
57,2022-01-24,20.75,20.75,17.5,24.0,4.596194077712559,2,2,2
57,2022-01-25,20.3,20.3,14.1,26.5,8.76812408671319,2,2,2
57,2022-01-26,18.75,18.75,13.3,24.2,7.707463914933367,2,2,2
57,2022-01-29,18.5,18.5,13.8,23.2,6.646803743153546,2,2,2
57,2022-01-30,22.65,22.65,20.3,25.0,3.3234018715767717,2,2,2
57,2022-01-31,25.25,25.25,21.8,28.7,4.879036790187177,2,2,2
57,2022-02-01,28.85,28.85,25.8,31.9,4.313351365237939,2,2,2
57,2022-02-02,24.8,24.8,18.8,30.8,8.48528137423857,2,2,2
57,2022-02-03,24.6,24.6,24.6,24.6,,1,1,1
57,2022-02-04,27.049999999999997,27.049999999999997,18.7,35.4,11.808683245815342,2,2,2
57,2022-02-05,31.3,31.0,26.5,35.2,4.357751713900186,3,3,3
57,2022-02-06,21.75,21.75,20.8,22.7,1.3435028842544392,2,2,2
57,2022-02-07,16.8,16.0,13.7,17.5,2.0223748416156675,3,3,3
57,2022-02-08,19.0,19.0,19.0,19.0,,1,1,1
57,2022-02-09,16.8,17.900000000000002,16.7,20.2,1.9924858845171267,3,3,3
57,2022-02-10,21.799999999999997,21.799999999999997,21.2,22.4,0.8485281374238552,2,2,2
57,2022-02-11,24.05,24.05,22.5,25.6,2.1920310216782983,2,2,2
57,2022-02-12,28.3,28.3,26.0,30.6,3.2526911934581197,2,2,2
57,2022-02-13,33.8,33.8,33.3,34.3,0.7071067811865476,2,2,2
57,2022-02-14,33.0,33.0,32.8,33.2,0.28284271247462306,2,2,2
57,2022-02-15,35.95,35.95,34.4,37.5,2.1920310216782957,2,2,2
57,2022-02-16,37.25,37.25,35.7,38.8,2.192031021678293,2,2,2
57,2022-02-17,28.8,28.8,24.9,32.7,5.515432893255074,2,2,2
57,2022-02-18,24.6,24.6,19.8,29.4,6.788225099390856,2,2,2
57,2022-02-19,16.9,16.9,13.5,20.3,4.808326112068523,2,2,2
57,2022-02-20,16.1,16.1,13.9,18.3,3.11126983722081,2,2,2
57,2022-02-21,13.9,13.9,12.0,15.8,2.687005768508881,2,2,2
57,2022-02-22,14.05,14.05,12.0,16.1,2.899137802864846,2,2,2
57,2022-02-23,22.95,22.95,22.2,23.7,1.0606601717798212,2,2,2
57,2022-02-24,17.450000000000003,17.450000000000003,13.8,21.1,5.161879502661798,2,2,2
57,2022-02-25,20.85,20.85,18.4,23.3,3.4648232278140854,2,2,2
57,2022-02-28,41.1,41.1,40.1,42.1,1.4142135623730951,2,2,2
57,2022-03-01,44.400000000000006,44.400000000000006,44.2,44.6,0.2828427124746155,2,2,2
57,2022-03-04,53.35,53.35,52.7,54.0,0.9192388155425097,2,2,2
57,2022-03-05,56.75,56.75,56.3,57.2,0.6363961030678968,2,2,2
57,2022-03-06,57.25,57.25,55.5,59.0,2.4748737341529163,2,2,2
57,2022-03-07,50.9,50.9,48.4,53.4,3.5355339059327378,2,2,2
57,2022-03-08,35.65,35.65,32.5,38.8,4.454772721475248,2,2,2
57,2022-03-09,27.85,27.85,26.2,29.5,2.3334523779156084,2,2,2
57,2022-03-10,33.349999999999994,33.349999999999994,32.8,33.9,0.7778174593052007,2,2,2
57,2022-03-11,38.25,38.25,37.9,38.6,0.4949747468305853,2,2,2
57,2022-03-12,43.25,43.25,40.6,45.9,3.7476659402887,2,2,2
57,2022-03-13,45.05,45.05,42.9,47.2,3.040559159102155,2,2,2
57,2022-03-14,47.7,47.7,45.2,50.2,3.5355339059327378,2,2,2
57,2022-03-15,50.0,50.0,47.0,53.0,4.242640687119285,2,2,2
57,2022-03-16,42.55,42.55,38.5,46.6,5.727564927611033,2,2,2
57,2022-03-17,37.25,37.25,37.2,37.3,0.07071067811865074,2,2,2
57,2022-03-18,43.5,43.5,40.4,46.6,4.384062043356597,2,2,2
57,2022-03-19,40.6,40.6,40.0,41.2,0.848528137423859,2,2,2
57,2022-03-21,38.1,38.1,38.1,38.1,,1,1,1
57,2022-03-22,25.85,25.85,22.6,29.1,4.596194077712559,2,2,2
57,2022-03-26,38.5,38.5,36.6,40.4,2.6870057685088784,2,2,2
57,2022-03-27,46.0,46.0,42.0,50.0,5.656854249492381,2,2,2
57,2022-03-30,37.2,37.2,33.4,41.0,5.374011537017765,2,2,2
57,2022-03-31,45.05,45.05,40.5,49.6,6.434671708797581,2,2,2
57,2022-04-01,38.0,38.0,34.9,41.1,4.384062043356597,2,2,2
57,2022-04-02,16.6,16.6,16.6,16.6,,1,1,1
57,2022-04-03,6.38,6.38,6.38,6.38,,1,1,1
57,2022-04-04,17.75,17.75,13.2,22.3,6.434671708797584,2,2,2
57,2022-04-05,32.05,32.05,23.1,41.0,12.657211383239197,2,2,2
57,2022-04-06,38.6,38.6,30.6,46.6,11.313708498984761,2,2,2
57,2022-04-07,43.95,43.95,42.9,45.0,1.4849242404917533,2,2,2
57,2022-04-08,48.900000000000006,48.900000000000006,48.1,49.7,1.1313708498984796,2,2,2
57,2022-04-09,47.5,47.5,47.5,47.5,,1,1,1
57,2022-04-10,40.5,40.5,40.5,40.5,,1,1,1
57,2022-04-11,45.5,45.5,38.5,52.5,9.899494936611665,2,2,2
57,2022-04-12,52.2,52.2,47.6,56.8,6.505382386916237,2,2,2
57,2022-04-13,77.7,77.7,57.5,97.9,28.567113959936524,2,2,2
57,2022-04-14,81.5,81.5,55.0,108.0,37.476659402887016,2,2,2
57,2022-04-15,78.7,78.7,64.0,93.4,20.788939366884502,2,2,2
57,2022-04-16,53.0,53.0,53.0,53.0,,1,1,1
57,2022-04-17,40.65,40.65,37.8,43.5,4.030508652763323,2,2,2
57,2022-04-18,29.4,29.4,26.5,32.3,4.101219330881974,2,2,2
57,2022-04-19,20.0,20.0,15.6,24.4,6.222539674441618,2,2,2
57,2022-04-20,22.8,22.8,22.8,22.8,,1,1,1
57,2022-04-21,18.55,18.55,16.3,20.8,3.181980515339464,2,2,2
57,2022-04-22,16.9,16.9,14.7,19.1,3.111269837220809,2,2,2
57,2022-04-23,26.1,26.1,23.2,29.0,4.101219330881977,2,2,2
57,2022-04-24,34.35,34.35,31.2,37.5,4.454772721475251,2,2,2
57,2022-04-25,40.35,40.35,33.7,47.0,9.40452018978108,2,2,2
57,2022-04-26,45.75,45.75,39.2,52.3,9.263098833543769,2,2,2
57,2022-04-29,74.9,74.9,65.3,84.5,13.57645019878172,2,2,2
57,2022-04-30,66.4,66.4,60.0,72.8,9.050966799187812,2,2,2
57,2022-05-01,34.8,34.8,34.8,34.8,,1,1,1
57,2022-05-02,24.1,24.1,24.1,24.1,,1,1,1
57,2022-05-03,15.9,15.9,13.7,18.1,3.1112698372208105,2,2,2
57,2022-05-04,26.55,26.55,25.8,27.3,1.0606601717798212,2,2,2
57,2022-05-05,46.3,46.3,42.8,49.8,4.949747468305833,2,2,2
57,2022-05-06,40.4,40.233333333333334,34.7,45.6,5.451910979953114,3,3,3
57,2022-05-08,17.1,18.133333333333336,15.3,22.0,3.4674678561355576,3,3,3
57,2022-05-09,12.3,12.486666666666666,9.26,15.9,3.3239334128910194,3,3,3
57,2022-05-10,10.9,10.773333333333333,8.62,12.8,2.09287680796872,3,3,3
57,2022-05-11,8.915,8.915,6.83,11.0,2.9486352775479023,2,2,2
57,2022-05-12,9.39,9.39,7.58,11.2,2.559726547895302,2,2,2
57,2022-05-13,11.280000000000001,11.280000000000001,9.46,13.1,2.5738686835190325,2,2,2
57,2022-05-14,14.4,14.766666666666667,12.8,17.1,2.173323108360405,3,3,3
57,2022-05-15,18.5,18.666666666666668,16.5,21.0,2.2546248764114476,3,3,3
57,2022-05-16,17.4,20.066666666666666,16.2,26.6,5.689756878227167,3,3,3
57,2022-05-17,18.75,18.75,16.9,20.6,2.616295090390228,2,2,2
57,2022-05-18,12.0,12.0,10.7,13.3,1.8384776310850246,2,2,2
57,2022-05-19,14.4,14.4,13.0,15.8,1.9798989873223336,2,2,2
57,2022-05-20,17.2,17.2,14.5,19.9,3.8183766184073558,2,2,2
57,2022-05-21,12.65,12.65,10.8,14.5,2.616295090390225,2,2,2
57,2022-05-22,7.545,7.545,6.71,8.38,1.1808683245815346,2,2,2
57,2022-05-25,10.1,11.856666666666667,9.67,15.8,3.4217880316193363,3,3,3
57,2022-05-26,16.3,16.566666666666666,14.4,19.0,2.311565126344773,3,3,3
57,2022-05-29,27.3,27.46666666666667,24.9,30.2,2.653927906581739,3,3,3
57,2022-05-30,26.0,25.46666666666667,24.1,26.3,1.1930353445448834,3,3,3
57,2022-05-31,18.8,18.7,16.5,20.8,2.151743479135001,3,3,3
57,2022-06-01,10.184999999999999,10.184999999999999,9.67,10.7,0.7283199846221429,2,2,2
57,2022-06-02,12.850000000000001,12.850000000000001,12.3,13.4,0.7778174593052026,2,2,2
57,2022-06-03,14.8,14.5,12.6,16.1,1.7691806012954139,3,3,3
57,2022-06-04,16.3,17.233333333333334,14.6,20.8,3.2036437588054847,3,3,3
57,2022-06-05,9.08,10.22,8.08,13.5,2.8842330002966117,3,3,3
57,2022-06-06,8.43,9.936666666666667,7.58,13.8,3.37263003208673,3,3,3
57,2022-06-07,9.42,10.683333333333332,8.13,14.5,3.3676747665612448,3,3,3
57,2022-06-08,9.905,9.905,7.71,12.1,3.104198769408943,2,2,2
57,2022-06-09,12.2,12.2,9.0,15.4,4.525483399593904,2,2,2
57,2022-06-10,12.149999999999999,12.149999999999999,10.2,14.1,2.757716446627535,2,2,2
57,2022-06-11,15.55,15.55,15.4,15.7,0.21213203435596414,2,2,2
57,2022-06-12,15.35,15.35,14.2,16.5,1.6263455967290599,2,2,2
57,2022-06-13,14.65,14.65,13.2,16.1,2.0506096654409895,2,2,2
57,2022-06-14,17.7,17.7,17.5,17.9,0.282842712474618,2,2,2
57,2022-06-15,18.35,18.35,16.3,20.4,2.899137802864845,2,2,2
57,2022-06-16,12.215,12.215,9.83,14.6,3.3728993462598313,2,2,2
57,2022-06-17,10.715,10.715,9.13,12.3,2.241528496361355,2,2,2
57,2022-06-18,9.68,9.68,6.96,12.4,3.8466608896548182,2,2,2
57,2022-06-19,9.825,9.825,9.25,10.4,0.8131727983645293,2,2,2
57,2022-06-20,10.655000000000001,10.655000000000001,8.71,12.6,2.7506453788156695,2,2,2
57,2022-06-21,9.475,9.475,7.35,11.6,3.005203820042827,2,2,2
57,2022-06-22,10.875,10.875,8.05,13.7,3.9951533137039927,2,2,2
57,2022-06-23,12.35,12.35,10.5,14.2,2.616295090390225,2,2,2
57,2022-06-24,10.195,10.195,8.79,11.6,1.9869700551341996,2,2,2
57,2022-06-25,8.555,8.555,6.91,10.2,2.326381310103741,2,2,2
57,2022-06-28,10.65,10.65,8.0,13.3,3.7476659402887025,2,2,2
57,2022-06-29,11.1,11.1,11.1,11.1,,1,1,1
57,2022-06-30,8.375,8.375,6.92,9.83,2.0576807332528535,2,2,2
57,2022-07-01,7.334999999999999,7.334999999999999,5.38,9.29,2.7647875144394,2,2,2
57,2022-07-02,6.545,6.545,5.17,7.92,1.9445436482630056,2,2,2
57,2022-07-03,8.275,8.275,6.67,9.88,2.2698127676088182,2,2,2
57,2022-07-04,8.495,8.495,6.79,10.2,2.411234123846126,2,2,2
57,2022-07-05,8.51,8.51,6.92,10.1,2.248599564173221,2,2,2
57,2022-07-06,9.645,9.645,7.79,11.5,2.623366158202091,2,2,2
57,2022-07-07,8.915,8.915,6.83,11.0,2.9486352775479023,2,2,2
57,2022-07-08,8.48,8.48,6.46,10.5,2.8567113959936523,2,2,2
57,2022-07-09,9.309999999999999,9.309999999999999,7.42,11.2,2.6728636328851487,2,2,2
57,2022-07-10,9.85,9.85,8.5,11.2,1.9091883092036779,2,2,2
57,2022-07-11,8.545,8.545,7.21,9.88,1.887975105768082,2,2,2
57,2022-07-12,8.555,8.555,6.71,10.4,2.6092240225783603,2,2,2
57,2022-07-13,8.334999999999999,8.334999999999999,6.88,9.79,2.0576807332528526,2,2,2
57,2022-07-14,7.375,7.375,5.46,9.29,2.708218971944477,2,2,2
57,2022-07-15,7.4399999999999995,7.4399999999999995,5.46,9.42,2.800142853498728,2,2,2
57,2022-07-16,8.82,8.82,6.54,11.1,3.224406922210657,2,2,2
57,2022-07-17,9.78,9.78,7.96,11.6,2.5738686835190325,2,2,2
57,2022-07-18,10.059999999999999,10.059999999999999,8.42,11.7,2.3193102422918748,2,2,2
57,2022-07-19,11.64,11.64,9.58,13.7,2.913279938488576,2,2,2
57,2022-07-20,10.28,10.28,7.56,13.0,3.8466608896548182,2,2,2
57,2022-07-21,8.84,8.84,7.08,10.6,2.489015869776647,2,2,2
57,2022-07-22,7.414999999999999,7.414999999999999,5.29,9.54,3.005203820042826,2,2,2
57,2022-07-23,6.835,6.835,5.42,8.25,2.0011121907579295,2,2,2
57,2022-07-24,7.880000000000001,7.880000000000001,6.13,9.63,2.4748737341529172,2,2,2
57,2022-07-25,8.855,8.855,7.21,10.5,2.326381310103742,2,2,2
57,2022-07-28,13.55,13.55,12.7,14.4,1.2020815280171309,2,2,2
57,2022-07-29,14.75,14.75,13.3,16.2,2.050609665440987,2,2,2
57,2022-07-31,8.940000000000001,8.940000000000001,6.58,11.3,3.3375440072005054,2,2,2
57,2022-08-01,8.34,8.34,6.48,10.2,2.630437226013956,2,2,2
57,2022-08-02,9.625,9.625,8.25,11.0,1.9445436482630056,2,2,2
57,2022-08-03,8.865,8.865,7.33,10.4,2.170817818242701,2,2,2
57,2022-08-04,11.280000000000001,11.280000000000001,9.96,12.6,1.8667619023324853,2,2,2
57,2022-08-05,8.955,8.955,7.71,10.2,1.7606958851545031,2,2,2
57,2022-08-06,7.335,7.335,5.42,9.25,2.708218971944477,2,2,2
57,2022-08-07,7.0,7.0,5.96,8.04,1.4707821048680185,2,2,2
57,2022-08-08,7.0600000000000005,7.0600000000000005,5.54,8.58,2.149604614807105,2,2,2
57,2022-08-09,6.9399999999999995,6.9399999999999995,5.21,8.67,2.4465894629054543,2,2,2
57,2022-08-10,8.295,8.295,6.71,9.88,2.2415284963613558,2,2,2
57,2022-08-11,8.23,8.23,6.46,10.0,2.5031580054003784,2,2,2
57,2022-08-12,8.365,8.365,6.33,10.4,2.8779245994292486,2,2,2
57,2022-08-13,7.48,7.48,5.88,9.08,2.2627416997969525,2,2,2
57,2022-08-14,8.315,8.315,7.38,9.25,1.3222896808188436,2,2,2
57,2022-08-15,9.6,9.6,8.5,10.7,1.5556349186104041,2,2,2
57,2022-08-16,8.875,8.875,6.75,11.0,3.005203820042827,2,2,2
57,2022-08-17,9.34,9.34,6.38,12.3,4.186072144624362,2,2,2
57,2022-08-18,9.795,9.795,6.79,12.8,4.249711754931151,2,2,2
57,2022-08-19,8.995,8.995,7.39,10.6,2.2698127676088173,2,2,2
57,2022-08-20,13.705,13.705,9.21,18.2,6.356889962867061,2,2,2
57,2022-08-21,9.540000000000001,9.540000000000001,7.78,11.3,2.489015869776648,2,2,2
57,2022-08-22,7.845000000000001,7.845000000000001,6.3,9.39,2.1849599538664326,2,2,2
57,2022-08-23,10.27,10.27,9.04,11.5,1.7394826817189075,2,2,2
57,2022-08-24,10.879999999999999,10.879999999999999,9.86,11.9,1.442497833620557,2,2,2
57,2022-08-27,8.555,8.555,6.21,10.9,3.3163308037649077,2,2,2
57,2022-08-28,8.575,8.575,6.65,10.5,2.722361107568207,2,2,2
57,2022-08-29,11.075,11.075,9.75,12.4,1.8738329701443506,2,2,2
57,2022-08-30,13.75,13.75,11.5,16.0,3.181980515339464,2,2,2
57,2022-08-31,13.3,13.3,11.4,15.2,2.6870057685088806,2,2,2
57,2022-09-01,10.565000000000001,10.565000000000001,9.33,11.8,1.7465537495307735,2,2,2
57,2022-09-02,10.09,10.09,8.58,11.6,2.1354624791833734,2,2,2
57,2022-09-03,14.3,14.3,12.8,15.8,2.1213203435596424,2,2,2
57,2022-09-04,13.5,13.5,13.5,13.5,,1,1,1
57,2022-09-05,11.0,11.0,10.2,11.8,1.1313708498984771,2,2,2
57,2022-09-06,9.045,9.045,6.29,11.8,3.896158364337877,2,2,2
57,2022-09-07,14.05,14.05,11.5,16.6,3.6062445840513933,2,2,2
57,2022-09-08,22.5,22.5,20.0,25.0,3.5355339059327378,2,2,2
57,2022-09-09,13.649999999999999,13.649999999999999,10.1,17.2,5.020458146424486,2,2,2
57,2022-09-10,8.92,8.92,8.92,8.92,,1,1,1
57,2022-09-11,7.195,7.195,5.14,9.25,2.906208870676711,2,2,2
57,2022-09-12,7.27,7.27,5.29,9.25,2.800142853498728,2,2,2
57,2022-09-13,7.335000000000001,7.335000000000001,5.96,8.71,1.9445436482630065,2,2,2
57,2022-09-14,9.215,9.215,7.13,11.3,2.948635277547903,2,2,2
57,2022-09-15,8.559999999999999,8.559999999999999,7.83,9.29,1.032375900532358,2,2,2
57,2022-09-16,8.8,8.8,7.1,10.5,2.404163056034262,2,2,2
57,2022-09-17,9.105,9.105,7.21,11.0,2.6799347006970153,2,2,2
57,2022-09-18,8.665,8.665,6.13,11.2,3.585031380615795,2,2,2
57,2022-09-19,9.555,9.555,7.71,11.4,2.6092240225783603,2,2,2
57,2022-09-20,10.5,10.5,8.5,12.5,2.8284271247461903,2,2,2
57,2022-09-21,8.565000000000001,8.565000000000001,6.33,10.8,3.1607673119038684,2,2,2
57,2022-09-22,11.495,11.495,9.29,13.7,3.1183409050326745,2,2,2
57,2022-09-23,12.34,12.34,9.38,15.3,4.186072144624361,2,2,2
57,2022-09-26,12.8,12.8,10.3,15.3,3.5355339059327378,2,2,2
57,2022-09-27,11.54,11.54,8.88,14.2,3.7618080759124313,2,2,2
57,2022-09-28,14.45,14.45,12.4,16.5,2.899137802864844,2,2,2
57,2022-09-29,19.65,19.65,18.7,20.6,1.3435028842544405,2,2,2
57,2022-09-30,21.6,21.6,19.8,23.4,2.545584412271571,2,2,2
57,2022-10-01,13.1,13.1,12.1,14.1,1.4142135623730951,2,2,2
57,2022-10-02,7.7299999999999995,7.7299999999999995,5.67,9.79,2.913279938488575,2,2,2
57,2022-10-03,7.5,7.5,5.17,9.83,3.2951176003293114,2,2,2
57,2022-10-04,7.56,7.56,5.83,9.29,2.446589462905454,2,2,2
57,2022-10-05,8.465,8.465,5.63,11.3,4.009295449327725,2,2,2
57,2022-10-06,11.465,11.465,8.63,14.3,4.009295449327724,2,2,2
57,2022-10-07,11.3,11.3,10.3,12.3,1.4142135623730951,2,2,2
57,2022-10-08,9.615,9.615,8.83,10.4,1.1101576464628797,2,2,2
57,2022-10-09,10.675,10.675,9.75,11.6,1.3081475451951132,2,2,2
57,2022-10-10,11.2,11.2,10.1,12.3,1.5556349186104046,2,2,2
57,2022-10-11,10.065,10.065,7.13,13.0,4.150716805565033,2,2,2
57,2022-10-12,11.59,11.59,9.38,13.8,3.1254119728445393,2,2,2
57,2022-10-13,15.25,15.25,13.1,17.4,3.040559159102154,2,2,2
57,2022-10-14,15.399999999999999,15.399999999999999,14.1,16.7,1.8384776310850226,2,2,2
57,2022-10-15,17.35,17.35,17.2,17.5,0.21213203435596603,2,2,2
57,2022-10-16,24.3,24.3,24.3,24.3,,1,1,1
57,2022-10-17,28.1,28.1,28.1,28.1,,1,1,1
57,2022-10-18,29.5,29.5,29.5,29.5,,1,1,1
57,2022-10-19,26.9,26.9,26.9,26.9,,1,1,1
57,2022-10-20,25.3,25.3,25.3,25.3,,1,1,1
57,2022-10-21,23.5,23.5,23.5,23.5,,1,1,1
57,2022-10-22,16.8,16.8,16.8,16.8,,1,1,1
57,2022-10-23,14.4,14.4,14.4,14.4,,1,1,1
57,2022-10-26,24.75,24.75,15.6,33.9,12.940054095713819,2,2,2
57,2022-10-27,23.05,23.05,14.4,31.7,12.232947314527271,2,2,2
57,2022-10-28,13.48,13.48,7.46,19.5,8.513565645486032,2,2,2
57,2022-10-29,10.205,10.205,4.21,16.2,8.478210306426705,2,2,2
57,2022-10-30,14.27,14.27,8.04,20.5,8.810550493584383,2,2,2
57,2022-10-31,23.9,23.9,23.9,23.9,,1,1,1
57,2022-11-01,26.0,26.0,26.0,26.0,,1,1,1
57,2022-11-02,28.1,28.1,28.1,28.1,,1,1,1
57,2022-11-03,29.5,29.5,29.5,29.5,,1,1,1
57,2022-11-04,26.0,26.0,26.0,26.0,,1,1,1
57,2022-11-05,25.0,25.0,25.0,25.0,,1,1,1
57,2022-11-08,32.8,32.8,32.8,32.8,,1,1,1
57,2022-11-09,28.3,28.3,28.3,28.3,,1,1,1
57,2022-11-10,28.3,28.3,28.3,28.3,,1,1,1
57,2022-11-11,28.0,28.0,28.0,28.0,,1,1,1
57,2022-11-12,27.3,27.3,27.3,27.3,,1,1,1
57,2022-11-13,26.4,26.4,26.4,26.4,,1,1,1
57,2022-11-14,22.6,22.6,22.6,22.6,,1,1,1
57,2022-11-15,24.8,24.8,24.8,24.8,,1,1,1
57,2022-11-16,25.1,25.1,25.1,25.1,,1,1,1
57,2022-11-17,18.2,18.2,18.2,18.2,,1,1,1
57,2022-11-18,13.3,13.3,13.3,13.3,,1,1,1
57,2022-11-19,13.9,13.9,13.9,13.9,,1,1,1
57,2022-11-20,12.6,12.6,12.6,12.6,,1,1,1
57,2022-11-21,13.1,13.1,13.1,13.1,,1,1,1
57,2022-11-22,18.1,18.1,18.1,18.1,,1,1,1
57,2022-11-25,18.5,18.5,16.2,20.8,3.2526911934581197,2,2,2
57,2022-11-26,14.35,14.35,11.2,17.5,4.45477272147525,2,2,2
57,2022-11-27,14.7,14.7,14.7,14.7,,1,1,1
57,2022-11-28,13.5,13.5,13.0,14.0,0.7071067811865476,2,2,2
57,2022-11-29,17.1,17.1,15.5,18.7,2.2627416997969503,2,2,2
57,2022-11-30,17.8,17.8,15.9,19.7,2.6870057685088806,2,2,2
57,2022-12-01,22.0,20.633333333333333,15.4,24.5,4.701418225741391,3,3,3
57,2022-12-02,24.4,24.266666666666666,23.2,25.2,1.0066445913694324,3,3,3
57,2022-12-03,19.0,20.533333333333335,16.3,26.3,5.173329037798903,3,3,3
57,2022-12-04,18.3,18.766666666666666,15.0,23.0,4.020364825899924,3,3,3
57,2022-12-05,21.1,18.433333333333334,11.8,22.4,5.781291666516517,3,3,3
57,2022-12-06,24.5,22.066666666666666,16.9,24.8,4.476978147515726,3,3,3
57,2022-12-07,24.0,23.433333333333334,19.8,26.5,3.3857544703261238,3,3,3
57,2022-12-08,27.3,26.03333333333333,20.7,30.1,4.82631674606354,3,3,3
57,2022-12-09,26.3,25.0,19.5,29.2,4.978955713801841,3,3,3
57,2022-12-10,19.8,20.2,18.5,22.3,1.9313207915827977,3,3,3
57,2022-12-11,15.8,15.8,14.8,16.8,1.4142135623730951,2,2,2
57,2022-12-12,20.5,20.46666666666667,18.6,22.3,1.8502252115170543,3,3,3
57,2022-12-13,28.5,27.233333333333334,23.4,29.8,3.3827996294982254,3,3,3
57,2022-12-14,28.6,27.733333333333334,23.3,31.3,4.069807530256601,3,3,3
57,2022-12-15,30.4,29.366666666666664,24.5,33.2,4.441095960833693,3,3,3
57,2022-12-16,33.7,34.5,30.8,39.0,4.1581245772583575,3,3,3
57,2022-12-17,32.4,32.333333333333336,28.1,36.5,4.2003968066521225,3,3,3
57,2022-12-18,36.3,34.43333333333333,28.5,38.5,5.2548390397169475,3,3,3
57,2022-12-19,29.1,29.53333333333333,26.6,32.9,3.1722757341273664,3,3,3
57,2022-12-20,32.1,30.8,26.6,33.7,3.7242448899072174,3,3,3
57,2022-12-21,33.3,33.6,26.9,40.6,6.854925236645551,3,3,3
57,2022-12-22,35.6,35.800000000000004,28.7,43.1,7.202083032012336,3,3,3
57,2022-12-25,40.0,41.93333333333334,37.2,48.6,5.940819247657118,3,3,3
57,2022-12-26,37.5,38.4,32.5,45.2,6.397655820689326,3,3,3
57,2022-12-27,38.5,38.5,34.5,42.5,5.656854249492381,2,2,2
57,2022-12-28,29.1,31.400000000000002,28.5,36.6,4.513313638558701,3,3,3
57,2022-12-29,32.5,34.53333333333333,31.4,39.7,4.508140784551136,3,3,3
57,2022-12-30,31.5,29.933333333333334,24.3,34.0,5.036202272877185,3,3,3
57,2022-12-31,27.9,26.400000000000002,21.5,29.8,4.348562981031781,3,3,3
57,2023-01-01,32.65,32.65,31.5,33.8,1.6263455967290572,2,2,2
57,2023-01-02,23.3,22.266666666666666,18.1,25.4,3.7581023580170534,3,3,3
57,2023-01-04,20.85,20.85,20.8,20.9,0.07071067811865199,2,2,2
57,2023-01-05,20.4,18.166666666666668,13.1,21.0,4.398105652816144,3,3,3
57,2023-01-06,19.7,17.766666666666666,13.1,20.5,4.061198509471476,3,3,3
57,2023-01-07,20.5,19.933333333333334,18.4,20.9,1.3428824718989132,3,3,3
57,2023-01-08,28.2,28.566666666666666,28.2,29.3,0.6350852961085892,3,3,3
57,2023-01-09,31.5,30.3,27.6,31.8,2.343074902771995,3,3,3
57,2023-01-10,29.1,27.433333333333334,23.7,29.5,3.2393414968683585,3,3,3
57,2023-01-11,27.7,26.3,21.8,29.4,3.9887341350358234,3,3,3
57,2023-01-17,37.8,36.5,30.9,40.8,5.076416058598823,3,3,3
57,2023-01-18,43.9,43.9,42.9,44.9,1.4142135623730951,2,2,2
57,2023-01-19,46.400000000000006,46.400000000000006,43.6,49.2,3.95979797464467,2,2,2
57,2023-01-20,40.1,38.333333333333336,31.6,43.3,6.046762219017161,3,3,3
57,2023-01-21,41.25,41.25,38.5,44.0,3.8890872965260113,2,2,2
57,2023-01-24,32.349999999999994,32.349999999999994,29.4,35.3,4.171930009000632,2,2,2
57,2023-01-25,34.95,34.95,34.9,35.0,0.07071067811865826,2,2,2
57,2023-01-26,38.7,38.7,38.0,39.4,0.989949493661163,2,2,2
57,2023-01-27,52.3,52.3,50.5,54.1,2.5455844122715745,2,2,2
57,2023-01-28,47.3,43.300000000000004,35.2,47.4,7.014983962918228,3,3,3
57,2023-01-29,32.3,30.933333333333334,26.6,33.9,3.8370995990895658,3,3,3
57,2023-01-30,37.0,36.699999999999996,34.7,38.4,1.8681541692269374,3,3,3
57,2023-01-31,44.1,44.03333333333333,42.3,45.7,1.7009801096230792,3,3,3
57,2023-02-01,62.2,60.56666666666666,55.7,63.8,4.289910643980048,3,3,3
57,2023-02-15,98.0,107.56666666666666,94.7,130.0,19.497777651141,3,3,3
57,2023-03-20,62.8,57.43333333333334,43.2,66.3,12.450033467157157,3,3,3
57,2023-03-22,56.6,56.6,48.8,64.4,11.030865786510148,2,2,2
57,2023-03-25,213.0,243.66666666666666,148.0,370.0,114.1329633950391,3,3,3
57,2023-03-26,228.0,312.3333333333333,217.0,492.0,155.69307413412238,3,3,3
57,2023-03-27,281.5,281.5,279.0,284.0,3.5355339059327378,2,2,2
57,2023-03-28,423.5,423.5,348.0,499.0,106.77312395916867,2,2,2
57,2023-03-29,200.0,238.66666666666666,193.0,323.0,73.11862507824756,3,3,3
57,2023-03-30,240.0,253.33333333333334,238.0,282.0,24.846193538112303,3,3,3
57,2023-03-31,256.0,252.66666666666666,227.0,275.0,24.172987679087854,3,3,3
57,2023-04-01,261.0,272.3333333333333,240.0,316.0,39.247080570831415,3,3,3
57,2023-04-02,202.0,231.66666666666666,197.0,296.0,55.77036249956901,3,3,3
57,2023-04-03,144.0,146.66666666666666,124.0,172.0,24.11085509336683,3,3,3
57,2023-04-04,166.0,160.33333333333334,117.0,198.0,40.796241656963126,3,3,3
57,2023-04-05,182.0,176.33333333333334,118.0,229.0,55.716544520755534,3,3,3
57,2023-04-07,286.5,286.5,228.0,345.0,82.73149339882606,2,2,2
57,2023-04-08,317.0,290.0,227.0,326.0,54.74486277268398,3,3,3
57,2023-04-09,209.0,209.0,169.0,249.0,56.568542494923804,2,2,2
57,2023-04-10,144.5,144.5,126.0,163.0,26.16295090390226,2,2,2
57,2023-04-11,142.0,155.33333333333334,140.0,184.0,24.846193538112303,3,3,3
57,2023-04-12,193.0,194.66666666666666,155.0,236.0,40.525712002793156,3,3,3
57,2023-04-16,212.0,214.66666666666666,184.0,248.0,32.08322510804257,3,3,3
57,2023-04-17,165.0,181.33333333333334,163.0,216.0,30.03886371574886,3,3,3
57,2023-04-20,138.0,138.0,131.0,145.0,9.899494936611665,2,2,2
57,2023-04-21,92.8,91.33333333333333,85.0,96.2,5.742241142039693,3,3,3
57,2023-04-24,46.0,49.833333333333336,43.1,60.4,9.265167744478962,3,3,3
57,2023-04-27,49.1,46.06666666666666,35.9,53.2,9.04009586969814,3,3,3
57,2023-04-29,49.1,51.63333333333333,47.3,58.5,6.014427099344818,3,3,3
57,2023-04-30,49.2,48.199999999999996,45.8,49.6,2.0880613017821137,3,3,3
57,2023-05-01,31.549999999999997,31.549999999999997,28.8,34.3,3.88908729652601,2,2,2
57,2023-05-02,25.15,25.15,20.6,29.7,6.434671708797582,2,2,2
57,2023-05-03,28.3,28.566666666666666,27.7,29.7,1.0263202878893767,3,3,3
57,2023-05-04,21.9,22.933333333333334,21.3,25.6,2.328805129961143,3,3,3
57,2023-05-05,28.3,28.633333333333336,25.6,32.0,3.2129944496269096,3,3,3
57,2023-05-06,36.3,37.13333333333333,33.7,41.4,3.917056718166499,3,3,3
57,2023-05-07,50.3,44.73333333333333,31.5,52.4,11.508402727282933,3,3,3
57,2023-05-11,18.55,18.55,14.3,22.8,6.010407640085654,2,2,2
57,2023-05-12,24.2,24.2,20.0,28.4,5.939696961966998,2,2,2
57,2023-05-17,24.1,25.866666666666664,22.4,31.1,4.611218204914331,3,3,3
57,2023-05-18,30.2,31.23333333333333,29.2,34.3,2.702468007827907,3,3,3
57,2023-05-20,34.8,34.766666666666666,32.0,37.5,2.750151510977774,3,3,3
57,2023-05-21,36.2,36.800000000000004,35.2,39.0,1.9697715603592183,3,3,3
57,2023-05-22,41.7,40.06666666666667,35.6,42.9,3.914502948438451,3,3,3
57,2023-05-26,30.6,27.066666666666666,19.8,30.8,6.293912402737534,3,3,3
57,2023-06-01,17.2,17.2,17.0,17.4,0.282842712474618,2,2,2
57,2023-06-04,16.95,16.95,15.0,18.9,2.7577164466275343,2,2,2
57,2023-06-05,20.2,18.633333333333333,15.1,20.6,3.06648550189518,3,3,3
57,2023-06-08,12.7,12.7,10.1,15.3,3.6769552621700474,2,2,2
57,2023-06-09,12.535,12.535,9.87,15.2,3.7688791437242988,2,2,2
57,2023-06-10,17.8,17.8,17.8,17.8,,1,1,1
57,2023-06-11,17.15,17.15,16.9,17.4,0.3535533905932738,2,2,2
57,2023-06-18,21.7,21.7,21.7,21.7,,1,1,1
57,2023-06-19,14.850000000000001,14.850000000000001,11.9,17.8,4.171930009000631,2,2,2
57,2023-06-22,10.9,10.9,10.9,10.9,,1,1,1
57,2023-07-08,9.755,9.755,7.11,12.4,3.7405948724768368,2,2,2
57,2023-07-09,13.2,13.2,13.2,13.2,,1,1,1
57,2023-07-18,19.6,19.6,19.6,19.6,,1,1,1
57,2023-07-20,18.4,18.4,18.4,18.4,,1,1,1
57,2023-08-12,16.5,16.5,16.5,16.5,,1,1,1
57,2023-08-15,13.794999999999998,13.794999999999998,9.69,17.9,5.805346673541554,2,2,2
57,2023-08-29,16.3,16.3,16.3,16.3,,1,1,1
57,2023-09-03,13.3,13.3,10.6,16.0,3.8183766184073575,2,2,2
57,2023-09-16,11.7,11.7,11.7,11.7,,1,1,1
57,2023-09-21,8.575,8.575,7.77,9.38,1.1384419177103418,2,2,2
57,2024-01-05,22.8,24.833333333333332,21.8,29.9,4.416257842714048,3,3,3
57,2024-01-06,23.8,24.53333333333333,21.4,28.4,3.5571524191877617,3,3,3
57,2024-01-07,25.1,25.2,22.9,27.6,2.3515952032609704,3,3,3
57,2024-01-08,29.0,28.933333333333334,27.8,30.0,1.1015141094572192,3,3,3
57,2024-01-09,29.1,29.0,28.0,29.9,0.953939201416945,3,3,3
57,2024-01-10,29.0,29.333333333333332,26.6,32.4,2.914332399252585,3,3,3
57,2024-01-11,31.4,32.266666666666666,25.9,39.5,6.841296173484476,3,3,3
57,2024-01-12,28.5,30.03333333333333,25.9,35.7,5.076744363598915,3,3,3
57,2024-01-13,30.0,32.733333333333334,29.6,38.6,5.084617324178225,3,3,3
57,2024-01-15,29.6,28.53333333333333,23.4,32.6,4.691836882643444,3,3,3
57,2024-01-17,21.1,21.599999999999998,17.0,26.7,4.869291529575938,3,3,3
57,2024-01-18,20.4,21.733333333333334,19.5,25.3,3.121431295629194,3,3,3
57,2024-01-19,22.1,23.03333333333333,21.3,25.7,2.343786110832925,3,3,3
57,2024-01-20,18.7,18.766666666666666,16.4,21.2,2.400694344004111,3,3,3
57,2024-01-22,24.2,23.633333333333336,19.8,26.9,3.583759664560854,3,3,3
57,2024-01-23,30.0,30.8,28.0,34.4,3.2741411087489793,3,3,3
57,2024-01-24,35.4,37.23333333333333,33.5,42.8,4.913586605864735,3,3,3
57,2024-01-25,35.0,35.0,29.4,40.6,7.919595949289334,2,2,2
57,2024-01-26,31.9,31.9,31.9,31.9,,1,1,1
57,2024-01-27,31.9,32.800000000000004,28.1,38.4,5.208646657242165,3,3,3
57,2024-01-28,30.8,29.766666666666666,26.9,31.6,2.5146238950056414,3,3,3
57,2024-01-29,25.3,25.53333333333333,21.7,29.6,3.955165398985655,3,3,3
57,2024-01-30,27.1,28.5,26.9,31.5,2.6,3,3,3
57,2024-01-31,30.1,30.166666666666668,27.5,32.9,2.7006172134038784,3,3,3
57,2024-02-03,28.4,28.3,23.6,32.9,4.650806381693393,3,3,3
57,2024-02-04,41.1,42.06666666666667,37.2,47.9,5.415102338214236,3,3,3
57,2024-02-05,48.4,47.06666666666666,42.6,50.2,3.9715656022950605,3,3,3
57,2024-02-06,39.6,41.166666666666664,38.7,45.2,3.5218366420567153,3,3,3
57,2024-02-07,39.7,39.53333333333333,36.8,42.1,2.6539279065817425,3,3,3
57,2024-02-09,49.0,54.300000000000004,48.0,65.9,10.058329881247683,3,3,3
57,2024-02-10,51.4,52.6,51.3,55.1,2.1656407827707764,3,3,3
57,2024-02-13,44.0,44.0,40.7,47.3,3.299999999999997,3,3,3
57,2024-02-14,49.0,50.03333333333333,47.6,53.5,3.0827476921300803,3,3,3
57,2024-02-15,45.5,44.1,35.2,51.6,8.28914953418021,3,3,3
57,2024-02-16,36.2,36.300000000000004,32.9,39.8,3.4510867853474796,3,3,3
57,2024-02-17,42.5,42.56666666666666,34.3,50.9,8.30020080078388,3,3,3
57,2024-02-18,42.9,38.733333333333334,26.8,46.5,10.490154113898104,3,3,3
57,2024-02-19,32.8,31.466666666666665,23.8,37.8,7.094598884597585,3,3,3
57,2024-02-20,28.8,30.433333333333337,24.8,37.7,6.60328201225219,3,3,3
57,2024-02-21,28.9,31.666666666666668,22.5,43.6,10.818656724997485,3,3,3
57,2024-02-22,27.7,32.300000000000004,22.8,46.4,12.454316520789089,3,3,3
57,2024-02-23,38.4,37.53333333333333,31.9,42.3,5.2538874496255925,3,3,3
57,2024-02-24,34.6,33.46666666666667,24.5,41.3,8.457146879020922,3,3,3
57,2024-02-25,30.8,33.266666666666666,24.9,44.1,9.834802150187535,3,3,3
57,2024-02-26,35.7,37.0,28.5,46.8,9.219002115196632,3,3,3
57,2024-02-28,59.4,54.76666666666667,43.4,61.5,9.899663293937495,3,3,3
57,2024-02-29,53.2,48.13333333333333,36.2,55.0,10.373684655576017,3,3,3
57,2024-03-01,55.8,48.0,31.0,57.2,14.739063742314164,3,3,3
57,2024-03-02,58.8,55.4,40.2,67.2,13.817380359532699,3,3,3
57,2024-03-03,55.0,55.46666666666667,36.5,74.9,19.204253001180064,3,3,3
57,2024-03-04,49.7,54.53333333333333,32.9,81.0,24.411540986454206,3,3,3
57,2024-03-06,79.2,78.33333333333333,57.7,98.1,20.213939085030738,3,3,3
57,2024-03-07,81.65,81.65,49.3,114.0,45.74980874276963,2,2,2
57,2024-03-13,72.4,68.2,38.8,93.4,27.541241802068406,3,3,3
57,2024-03-14,54.1,65.56666666666666,35.6,107.0,37.05540896189561,3,3,3
57,2024-03-15,128.45,128.45,81.9,175.0,65.83164132846757,2,2,2
57,2024-03-17,168.5,168.5,125.0,212.0,61.518289963229634,2,2,2
57,2024-03-20,89.65,89.65,69.3,110.0,28.77924599429249,2,2,2
57,2024-03-23,26.6,27.03333333333333,23.6,30.9,3.6692415201691646,3,3,3
57,2024-03-24,42.2,41.0,31.6,49.2,8.861151166750291,3,3,3
57,2024-03-25,47.9,46.13333333333333,39.9,50.6,5.564470624716546,3,3,3
57,2024-03-26,59.1,53.86666666666667,40.2,62.3,11.943338450087282,3,3,3
57,2024-03-27,79.0,71.2,50.0,84.6,18.57202196854182,3,3,3
57,2024-03-28,75.6,73.5,56.2,88.7,16.35145253486674,3,3,3
57,2024-03-29,86.8,90.10000000000001,69.5,114.0,22.43278850254689,3,3,3
57,2024-03-30,79.6,87.66666666666667,66.4,117.0,26.246777579987477,3,3,3
57,2024-03-31,96.5,102.73333333333333,74.7,137.0,31.614290017859535,3,3,3
57,2024-04-01,123.0,115.23333333333333,78.7,144.0,33.33561658846785,3,3,3
57,2024-04-02,144.0,123.36666666666667,81.1,145.0,36.60742183401248,3,3,3
57,2024-04-03,155.0,142.16666666666666,85.5,186.0,51.464388982415144,3,3,3
57,2024-04-04,175.0,156.33333333333334,113.0,181.0,37.64748774265467,3,3,3
57,2024-04-05,188.0,162.0,109.0,189.0,45.902069670114,3,3,3
57,2024-04-06,204.0,178.66666666666666,118.0,214.0,52.77625728803942,3,3,3
57,2024-04-07,175.0,160.66666666666666,122.0,185.0,33.85754470326124,3,3,3
57,2024-04-08,141.0,130.1,94.3,155.0,31.784115529616365,3,3,3
57,2024-04-10,97.05,97.05,90.1,104.0,9.828784258493014,2,2,2
57,2024-04-11,50.7,54.5,46.1,66.7,10.812955192730614,3,3,3
57,2024-04-12,46.9,48.4,38.4,59.9,10.828203913853857,3,3,3
57,2024-04-13,46.5,48.53333333333333,36.0,63.1,13.663942817991202,3,3,3
57,2024-04-14,45.1,45.5,32.4,59.0,13.304510513355988,3,3,3
57,2024-04-15,53.099999999999994,53.099999999999994,45.4,60.8,10.889444430272833,2,2,2
57,2024-04-16,37.7,37.0,27.0,46.3,9.669022701390249,3,3,3
57,2024-04-17,42.0,47.53333333333333,37.9,62.7,13.293732859258656,3,3,3
57,2024-04-18,66.6,81.5,62.9,115.0,29.07077570344486,3,3,3
57,2024-04-19,58.5,73.06666666666666,56.7,104.0,26.804166342815687,3,3,3
57,2024-04-20,59.5,64.76666666666667,48.8,86.0,19.151066114797196,3,3,3
57,2024-04-21,60.9,63.333333333333336,49.8,79.3,14.899776284673987,3,3,3
57,2024-04-22,69.1,66.83333333333333,47.7,83.7,18.106720667567977,3,3,3
57,2024-04-23,85.5,80.63333333333334,62.0,94.4,16.739275173475505,3,3,3
57,2024-04-24,68.1,66.60000000000001,61.0,70.7,5.0209560842532746,3,3,3
57,2024-04-25,46.2,43.1,36.7,46.4,5.543464620614078,3,3,3
57,2024-04-26,45.4,45.4,44.4,46.4,1.4142135623730951,2,2,2
57,2024-04-27,50.1,61.03333333333333,42.7,90.3,25.614318912150154,3,3,3
57,2024-04-28,64.4,76.26666666666667,56.4,108.0,27.77144816773755,3,3,3
57,2024-04-29,75.3,99.56666666666666,72.4,151.0,44.56616803510634,3,3,3
57,2024-04-30,79.1,98.56666666666666,68.6,148.0,43.131233848956064,3,3,3
57,2024-05-01,93.4,105.3,70.4,164.0,40.911856472176865,4,4,4
57,2024-05-02,153.5,166.25,121.0,237.0,53.7858407637797,4,4,4
57,2024-05-03,98.05,115.375,88.4,177.0,41.61893599472881,4,4,4
57,2024-05-04,87.5,87.975,66.9,110.0,17.619378536145934,4,4,4
57,2024-05-05,128.0,123.725,84.9,154.0,31.825081827598385,4,4,4
57,2024-05-06,108.75,106.525,78.6,130.0,24.535059948299835,4,4,4
57,2024-05-07,88.1,88.425,63.5,114.0,22.269018089414423,4,4,4
57,2024-05-08,55.05,58.4,51.4,72.1,9.294801414410816,4,4,4
57,2024-05-09,44.25,46.25,33.6,62.9,12.190843558452654,4,4,4
57,2024-05-10,33.35,34.7,23.3,48.8,10.699844235626358,4,4,4
57,2024-05-11,24.25,23.975,15.7,31.7,6.539813962695473,4,4,4
57,2024-05-12,26.3,24.925,13.6,33.5,8.345607627169317,4,4,4
57,2024-05-13,31.65,29.05,14.3,38.6,10.432161808561062,4,4,4
57,2024-05-14,35.0,33.8,19.5,45.7,11.04234274659745,4,4,4
57,2024-05-15,30.1,29.6,15.5,42.7,12.502266461192814,4,4,4
57,2024-05-16,35.6,34.6,21.4,47.3,10.346658075597805,7,7,7
57,2024-05-17,39.2,38.575,32.1,47.0,5.588189075439122,8,8,8
57,2024-05-18,30.950000000000003,31.0625,20.4,45.7,8.468418219647466,8,8,8
57,2024-05-19,23.9,24.8125,17.4,35.7,6.136410653980528,8,8,8
57,2024-05-20,31.0,29.771428571428572,15.5,35.9,7.09805473016241,7,7,7
57,2024-05-21,24.950000000000003,24.6,23.3,25.2,0.8831760866327851,4,4,4
57,2024-05-22,16.6,16.557142857142857,13.7,19.6,2.1892594964638485,7,7,7
57,2024-05-23,15.600000000000001,15.54625,9.47,19.7,3.0855374039911703,8,8,8
57,2024-05-24,10.1,11.270000000000001,7.74,18.7,3.1891221362625797,9,9,9
57,2024-05-25,4.76,5.602222222222222,3.3,10.7,2.4956801566796267,9,9,9
57,2024-05-26,10.0,9.233333333333333,5.6,12.1,3.3171272711991824,3,3,3
57,2024-05-27,11.52,11.52,9.04,14.0,3.507249634685276,2,2,2
57,2024-05-28,11.8,11.883333333333333,9.45,14.5,1.4590236461414878,9,9,9
57,2024-05-29,15.5,15.833333333333334,12.4,19.3,1.8614510468986285,9,9,9
57,2024-05-30,22.3,20.985714285714288,10.5,27.5,5.341169837975126,7,7,7
57,2024-05-31,32.55,30.8375,21.6,34.7,4.405820014480847,8,8,8
57,2024-06-01,15.2,16.7375,11.9,22.2,4.100152436190635,8,8,8
57,2024-06-02,7.445,8.52,5.91,14.0,2.7746505571487226,8,8,8
57,2024-06-03,4.37,5.04875,2.6,10.8,2.72434756278584,8,8,8
57,2024-06-04,6.97,7.355714285714286,5.43,11.1,1.9790558114317804,7,7,7
57,2024-06-05,16.5,16.1875,10.2,21.1,3.138897668199551,8,8,8
57,2024-06-06,8.315000000000001,8.9875,6.14,15.5,2.9034646791130667,8,8,8
57,2024-06-07,9.0,8.768571428571429,6.23,12.1,1.812111370486819,7,7,7
57,2024-06-08,7.765000000000001,9.07,6.52,14.7,2.9840384907513693,8,8,8
57,2024-06-09,19.7,18.91875,9.25,27.3,5.308210453089225,8,8,8
57,2024-06-10,26.05,25.6125,18.3,33.0,4.139509115134994,8,8,8
57,2024-06-11,12.35,12.825,10.0,17.8,2.4967121236881575,8,8,8
57,2024-06-12,9.035,9.19125,6.76,11.8,1.7953784917313202,8,8,8
57,2024-06-13,6.455,7.37875,5.35,12.7,2.526971295557476,8,8,8
57,2024-06-14,9.04,11.012857142857143,7.26,22.4,5.429649203787522,7,7,7
57,2024-06-15,9.64,10.654285714285715,8.24,14.7,2.3936155159288295,7,7,7
57,2024-06-16,16.4,15.714285714285714,11.2,17.2,2.0675497345316516,7,7,7
57,2024-06-17,15.450000000000001,15.450000000000001,10.8,20.1,6.576093065034892,2,2,2
57,2024-06-18,8.74,9.672222222222222,6.72,17.3,3.051941094524015,9,9,9
57,2024-06-19,8.83,9.216666666666667,8.06,12.5,1.3696532407876094,9,9,9
57,2024-06-20,12.1,12.386666666666667,7.94,17.8,3.0065262347100843,9,9,9
57,2024-06-21,10.8,11.711111111111112,9.25,16.5,2.355384493264552,9,9,9
57,2024-06-22,20.3,19.655555555555555,12.5,27.0,4.1334341385557085,9,9,9
57,2024-06-23,18.4,18.58888888888889,13.9,25.8,3.860843316052999,9,9,9
57,2024-06-24,15.0,14.744444444444444,10.9,19.1,2.430592063217886,9,9,9
57,2024-06-25,10.6,10.63888888888889,7.87,12.3,1.4615782945539084,9,9,9
57,2024-06-26,7.06,7.283333333333333,4.41,12.3,2.3366535900727774,9,9,9
57,2024-06-27,8.43,8.25,5.6,11.2,1.7738587880662875,9,9,9
57,2024-06-28,9.03,8.857142857142858,5.04,13.2,2.8675931503946783,7,7,7
57,2024-06-29,9.72,9.27111111111111,4.82,13.3,2.3181535995509686,9,9,9
57,2024-06-30,5.23,7.467777777777779,5.02,14.0,3.4522846702501875,9,9,9
57,2024-07-01,6.31,6.617142857142857,5.77,7.71,0.7538504335678773,7,7,7
57,2024-07-02,9.88,9.81111111111111,7.66,13.0,1.6046763259645573,9,9,9
57,2024-07-03,9.754999999999999,9.004999999999999,0.0,13.2,3.939854964698211,8,8,8
57,2024-07-04,11.85,10.45,0.0,14.7,4.525167715913175,8,8,8
57,2024-07-05,10.2,8.795,0.0,12.6,3.907984500627255,8,8,8
57,2024-07-06,14.0,12.581111111111111,0.0,18.2,5.465039900230474,9,9,9
57,2024-07-07,16.1,14.855555555555554,0.0,20.2,5.84318216195403,9,9,9
57,2024-07-08,15.6,13.899999999999999,0.0,18.3,5.671199167724583,9,9,9
57,2024-07-09,13.2,12.002222222222223,0.0,18.8,5.316440956546442,9,9,9
57,2024-07-10,6.57,6.569999999999999,0.0,9.66,2.887100621731082,9,9,9
57,2024-07-11,6.42,5.6675,0.0,7.85,2.40694679150638,8,8,8
57,2024-07-12,5.015000000000001,5.888,0.0,14.2,4.144109071923662,10,10,10
57,2024-07-13,7.095000000000001,7.86625,5.89,11.8,2.1339295576805855,8,8,8
57,2024-07-14,10.35,10.04125,8.05,11.7,1.1507070807613398,8,8,8
57,2024-07-15,10.3,8.734444444444444,0.0,12.8,3.9020158607798843,9,9,9
57,2024-07-16,8.745,8.0475,0.0,12.4,3.7399799464703016,8,8,8
57,2024-07-17,7.98,8.241,0.0,16.3,4.191500526859882,10,10,10
57,2024-07-18,6.545,6.286,0.0,9.81,2.650912631109856,10,10,10
57,2024-07-19,6.32,5.9188888888888895,0.0,9.56,2.773325821303929,9,9,9
57,2024-07-20,2.12,2.7800000000000002,0.0,7.72,2.227549725096564,10,10,10
57,2024-07-21,3.9,4.3149999999999995,0.0,8.9,2.4370075001024425,10,10,10
57,2024-07-22,5.1,5.054,0.0,8.96,2.1844155078901797,10,10,10
57,2024-07-23,6.66,6.789,0.0,12.7,3.247308115963128,10,10,10
57,2024-07-24,9.58,8.58909090909091,0.0,10.3,2.9212067867422693,11,11,11
57,2024-07-25,6.02,5.914545454545455,0.0,11.4,2.6206577938997055,11,11,11
57,2024-07-26,6.4,5.696666666666667,0.0,7.03,2.1623077949265226,9,9,9
57,2024-07-27,8.635,8.264,0.0,13.3,3.3757376148694447,10,10,10
57,2024-07-28,8.81,8.291111111111112,0.0,12.6,3.6297122628537806,9,9,9
57,2024-07-29,9.22,8.636666666666667,0.0,11.5,3.442059703142873,9,9,9
57,2024-07-30,10.2,9.505454545454546,0.0,14.1,3.520631658201021,11,11,11
57,2024-07-31,6.48,6.399090909090909,0.0,11.9,2.8638870597335173,11,11,11
57,2024-08-01,2.99,3.225,0.0,6.95,1.8852358700476408,8,8,8
57,2024-08-02,5.095,5.02,0.0,9.04,2.9054362839339634,6,6,6
57,2024-08-03,6.78,7.101111111111112,0.0,11.4,3.2312824251543084,9,9,9
57,2024-08-04,10.2,8.93888888888889,0.0,12.0,3.708329962545284,9,9,9
57,2024-08-05,4.98,4.465714285714286,0.0,5.73,2.012344048970894,7,7,7
57,2024-08-06,3.96,4.387272727272727,0.0,10.1,2.513125905755981,11,11,11
57,2024-08-07,4.7,5.576363636363637,0.0,10.4,2.858895845347545,11,11,11
57,2024-08-08,4.26,4.91,0.0,9.17,2.5648118839400293,11,11,11
57,2024-08-09,7.404999999999999,6.803,0.0,10.2,2.6424191357331805,10,10,10
57,2024-08-10,9.41,8.805,0.0,12.4,3.403959296009412,10,10,10
57,2024-08-11,10.600000000000001,10.155,1.97,13.6,3.2602837299842475,10,10,10
57,2024-08-12,5.43,5.683,2.16,10.7,2.5342193626002025,10,10,10
57,2024-08-13,5.33,5.437142857142858,2.97,9.37,2.0540668139548126,7,7,7
57,2024-08-14,8.48,7.939,4.79,9.29,1.3548550557983026,10,10,10
57,2024-08-15,4.38,4.335,1.08,8.38,2.0362560960961886,10,10,10
57,2024-08-16,2.28,3.3544444444444443,1.93,8.67,2.216191051732178,9,9,9
57,2024-08-17,1.65,1.7265555555555556,0.893,2.6,0.6676206091619534,9,9,9
57,2024-08-18,3.25,3.361111111111111,1.69,5.18,0.9762997035291525,9,9,9
57,2024-08-19,3.57,4.483333333333333,1.84,7.6,1.9804671166166832,9,9,9
57,2024-08-20,3.65,4.1890909090909085,1.57,9.03,1.9868540688508278,11,11,11
57,2024-08-21,1.17,1.4392222222222222,0.442,3.21,0.785269026795559,9,9,9
57,2024-08-22,3.715,4.4159999999999995,3.07,9.84,2.0664042844193555,10,10,10
57,2024-08-23,2.1,4.275454545454545,1.19,15.9,4.382297031549467,11,11,11
57,2024-08-24,3.41,6.692222222222223,2.76,29.0,8.469987865660993,9,9,9
57,2024-08-25,5.005,5.279,4.16,8.32,1.2431183907147916,10,10,10
57,2024-08-26,5.68,6.075555555555556,4.08,9.37,1.760959334504286,9,9,9
57,2024-08-27,2.47,2.998571428571428,1.76,6.09,1.456381687281057,7,7,7
57,2024-08-29,4.8,5.035,3.26,6.43,1.2112596748839615,6,6,6
57,2024-08-30,7.17,6.60125,0.0,9.72,3.0154053861557557,8,8,8
57,2024-08-31,8.315,7.20286875,0.00295,10.7,3.737464053619541,8,8,8
57,2024-09-01,7.165,6.73875,3.23,9.84,2.008997173431845,8,8,8
57,2024-09-02,11.3,11.442499999999999,6.04,14.6,2.6388620382928045,8,8,8
57,2024-09-03,5.29,5.87,4.13,9.24,1.8201190437258037,7,7,7
57,2024-09-04,11.1,11.078888888888889,7.21,15.0,1.9652636238202523,9,9,9
57,2024-09-05,8.84,10.379999999999999,5.8,18.4,4.760756242447201,5,5,5
57,2024-09-07,12.399999999999999,12.9125,11.3,15.3,1.422711194465392,8,8,8
57,2024-09-08,8.555,8.6275,6.1,11.6,1.8571848896342318,8,8,8
57,2024-09-09,5.39,5.4325,3.43,7.75,1.6297129458018937,8,8,8
57,2024-09-10,2.83,3.244285714285714,2.07,6.06,1.3165720279429851,7,7,7
57,2024-09-11,3.0149999999999997,2.895,1.9,3.72,0.6744701624238096,6,6,6
57,2024-09-12,4.24,4.585,3.77,6.7,1.108291477906422,6,6,6
57,2024-09-14,7.04,7.871428571428572,3.28,11.7,2.994591950897644,7,7,7
57,2024-09-15,9.15,11.304,6.78,16.9,4.421451119259377,5,5,5
57,2024-09-16,13.9,14.48,9.6,18.4,3.6300137740785487,5,5,5
57,2024-09-17,10.4,11.71,8.14,16.9,3.337761225732003,9,9,9
57,2024-09-18,12.4,12.582857142857142,6.48,16.7,3.3924510032605926,7,7,7
57,2024-09-19,18.7,18.142857142857142,10.3,22.6,3.9995237811757636,7,7,7
57,2024-09-20,25.3,24.400000000000002,14.8,28.8,4.47288124888943,7,7,7
57,2024-09-21,29.7,28.442857142857143,17.9,35.0,5.866531383721601,7,7,7
57,2024-09-22,22.1,20.557142857142857,13.1,25.0,4.805502798132276,7,7,7
57,2024-09-23,7.355,6.878333333333333,4.39,7.99,1.3701009695152644,6,6,6
57,2024-09-24,6.445,5.919999999999999,1.89,7.68,2.1163364571825527,6,6,6
57,2024-09-25,7.66,8.655714285714286,2.92,21.3,5.978458154471093,7,7,7
57,2024-09-26,6.39,6.176666666666667,3.73,7.81,1.3747824070254413,6,6,6
57,2024-09-27,12.3,12.135714285714286,6.72,16.2,3.6386895862057127,7,7,7
57,2024-09-28,11.5,11.707142857142857,7.7,16.3,3.172857357260772,7,7,7
57,2024-09-29,9.88,10.827142857142858,8.68,18.5,3.426989516012143,7,7,7
57,2024-09-30,9.88,10.558571428571428,8.3,15.2,2.657219276934872,7,7,7
57,2024-10-01,2.96,4.177714285714286,0.564,9.99,3.0940755062045975,7,7,7
57,2024-10-02,4.63,5.498571428571429,2.9,12.0,2.9718144209188013,7,7,7
57,2024-10-03,4.515000000000001,4.476666666666667,4.07,4.91,0.33428530728505945,6,6,6
57,2024-10-04,10.95,11.576666666666666,8.66,16.4,2.6600877178519253,6,6,6
57,2024-10-05,11.35,11.173333333333332,6.85,15.6,2.8693669452802077,6,6,6
57,2024-10-06,18.55,16.24375,9.3,21.9,4.866315524677195,8,8,8
57,2024-10-07,23.8,22.583333333333332,13.3,28.3,5.07283615610308,6,6,6
57,2024-10-08,26.8,24.766666666666666,14.7,28.9,5.39246387717773,6,6,6
57,2024-10-09,32.6,30.28333333333333,20.2,34.1,5.25068249532065,6,6,6
57,2024-10-10,31.35,26.116666666666664,0.0,36.9,13.458888017465139,6,6,6
57,2024-10-11,34.3,33.63333333333333,27.1,37.4,3.55115004845848,6,6,6
57,2024-10-12,34.650000000000006,33.416666666666664,23.8,38.9,5.146422705789591,6,6,6
57,2024-10-13,34.7,29.599999999999998,0.0,42.8,14.181913364093953,7,7,7
57,2024-10-14,30.8,26.271428571428572,0.0,35.2,12.35808969672825,7,7,7
57,2024-10-15,11.9,12.952857142857143,0.0,25.8,8.654395249978888,7,7,7
57,2024-10-16,18.1,17.857142857142858,0.0,32.9,10.697485240755906,7,7,7
57,2024-10-17,16.7,16.51142857142857,6.98,27.5,6.248592984481729,7,7,7
57,2024-10-18,21.1,16.48,0.0,27.4,11.133597801250051,5,5,5
57,2024-10-19,22.1,17.6,0.0,26.0,10.955135781906128,5,5,5
57,2024-10-20,8.12,7.914,5.55,9.19,1.4079524139685973,5,5,5
57,2024-10-21,10.455,8.61,0.0,14.0,5.159224747963593,6,6,6
57,2024-10-22,11.9,8.328,0.0,12.9,5.640382965721388,5,5,5
57,2024-10-23,16.5,14.160000000000002,0.0,22.6,8.455246891723506,6,6,6
57,2024-10-24,25.15,19.216666666666665,0.0,27.4,11.220769432916205,6,6,6
57,2024-10-25,26.8,20.766666666666666,0.0,28.8,11.674701994769146,6,6,6
57,2024-10-26,23.6,19.349999999999998,0.0,29.3,10.841909425926781,6,6,6
57,2024-10-27,25.450000000000003,21.2,10.0,27.6,7.897594570500566,6,6,6
57,2024-10-28,28.5,26.5,13.0,32.6,8.000624975587845,5,5,5
57,2024-10-29,25.2,22.27,6.55,28.0,8.862533497821039,5,5,5
57,2024-10-30,25.299999999999997,23.028333333333332,8.67,28.7,7.384769235843911,6,6,6
57,2024-10-31,28.4,26.25,12.0,38.1,8.980812880803162,6,6,6
57,2024-11-01,23.3,22.27777777777778,12.8,30.7,6.134284346559461,9,9,9
57,2024-11-02,29.6,27.41428571428571,14.2,32.5,6.305930692987507,7,7,7
57,2024-11-03,29.1,28.355555555555558,14.8,43.1,8.64914896263082,9,9,9
57,2024-11-04,34.0,29.428571428571427,15.7,37.3,7.778756174289538,7,7,7
57,2024-11-05,25.4,23.47142857142857,12.5,30.4,5.828583099894944,7,7,7
57,2024-11-06,30.9,30.442857142857143,24.6,33.2,2.811202081469269,7,7,7
57,2024-11-07,29.4,28.785714285714285,24.1,31.2,2.4258528200948017,7,7,7
57,2024-11-08,3.035,3.0033333333333334,1.16,4.76,1.4673331818870132,6,6,6
57,2024-11-09,16.6,16.78333333333333,13.9,20.7,2.5039302439698012,6,6,6
57,2024-11-10,24.15,23.883333333333336,15.9,28.2,4.39154490659798,6,6,6
57,2024-11-11,29.5,27.98,17.3,34.1,6.360581734401343,5,5,5
57,2024-11-12,34.75,32.73333333333333,21.8,37.3,5.629801654291796,6,6,6
57,2024-11-13,35.25,33.050000000000004,22.6,36.1,5.1732968211769945,6,6,6
57,2024-11-14,21.5,21.0125,10.8,30.7,6.758156447688124,8,8,8
57,2024-11-15,17.6,16.148333333333333,7.69,19.7,4.363578424489086,6,6,6
57,2024-11-16,21.2,17.83555555555556,6.22,25.1,6.264732857654649,9,9,9
57,2024-11-17,21.4,20.452857142857145,7.67,28.1,7.487582418657606,7,7,7
57,2024-11-18,26.6,26.014285714285712,13.7,32.5,5.851617602973435,7,7,7
57,2024-11-19,29.7,29.185714285714283,15.0,36.3,6.73954216333933,7,7,7
57,2024-11-20,29.7,26.271428571428572,10.2,31.6,7.561242024454776,7,7,7
57,2024-11-21,32.1,28.414285714285715,14.3,34.4,7.007003299420889,7,7,7
57,2024-11-22,33.7,31.74285714285714,15.2,39.0,8.232224718113798,7,7,7
57,2024-11-23,33.5,32.25714285714286,17.3,40.4,7.858934860581116,7,7,7
57,2024-11-24,33.3,31.485714285714288,15.5,37.9,7.773122189405526,7,7,7
57,2024-11-25,31.7,29.4,13.5,36.8,7.841343422313976,7,7,7
57,2024-11-26,30.8,27.68,9.96,36.0,8.968693699010279,7,7,7
57,2024-11-27,30.1,27.06142857142857,9.73,36.8,8.753632443299235,7,7,7
57,2024-11-28,16.0,15.542857142857143,3.98,25.2,8.66622315715005,7,7,7
57,2024-11-29,22.4,20.47714285714286,9.14,28.0,5.889056840971267,7,7,7
57,2024-11-30,24.3,24.12857142857143,10.4,34.8,8.023447780456621,7,7,7
57,2024-12-01,28.3,26.428571428571427,11.0,37.0,8.486207296885594,7,7,7
57,2024-12-02,32.5,31.55,17.0,41.6,8.558212430174892,6,6,6
57,2024-12-03,30.15,30.516666666666666,17.6,44.8,8.90694485593498,6,6,6
57,2024-12-04,35.1,34.57142857142857,22.2,43.8,6.502234048313517,7,7,7
57,2024-12-05,42.0,41.1,27.5,53.9,7.912226825194872,7,7,7
57,2024-12-06,44.55,44.56666666666666,31.4,56.7,8.150255619713207,6,6,6
57,2024-12-07,43.45,42.21666666666667,26.7,51.5,8.29443588598204,6,6,6
57,2024-12-08,38.6,36.583333333333336,21.6,43.5,7.668746094810198,6,6,6
57,2024-12-09,31.15,30.2,17.5,36.0,6.581489193184169,6,6,6
57,2024-12-10,38.2,35.03333333333333,19.6,41.2,7.866553671504865,6,6,6
57,2024-12-11,36.0,33.65,18.9,38.7,7.3325984480264585,6,6,6
57,2024-12-12,32.75,30.583333333333332,15.4,37.5,8.444031422647992,6,6,6
57,2024-12-13,33.3,30.139999999999997,14.2,39.2,9.771796150145583,5,5,5
57,2024-12-14,33.2,28.8,11.3,38.9,10.60801583709225,5,5,5
57,2024-12-15,3.94,10.674285714285714,2.56,39.8,13.372289578506313,7,7,7
57,2024-12-16,5.6850000000000005,5.5175,3.08,7.62,2.236699577502531,4,4,4
57,2024-12-17,16.5,14.947999999999999,6.14,18.4,4.988639092979166,5,5,5
57,2024-12-18,21.7,18.490000000000002,6.55,21.7,6.686030212315824,5,5,5
57,2024-12-19,23.9,21.728,8.74,28.5,7.769936936681018,5,5,5
57,2024-12-20,36.3,32.239999999999995,16.9,38.4,8.774565516309057,5,5,5
57,2024-12-21,43.1,39.12,24.3,44.0,8.365524490430952,5,5,5
57,2024-12-22,42.3,39.62,26.0,44.3,7.669876139808256,5,5,5
57,2024-12-23,42.5,38.42,20.5,44.1,10.043754278157149,5,5,5
57,2024-12-24,38.0,34.4,17.1,40.3,9.751410154434074,5,5,5
57,2024-12-25,38.599999999999994,34.375,19.9,40.4,9.69033023173101,4,4,4
57,2024-12-26,40.5,35.825,19.6,42.7,10.866270442674125,4,4,4
57,2024-12-27,39.85,34.8,17.6,41.9,11.52822622956368,4,4,4
57,2024-12-28,31.35,26.975,10.7,34.5,10.991322334763305,4,4,4
57,2024-12-29,30.049999999999997,24.9225,8.09,31.5,11.281608558475455,4,4,4
57,2024-12-30,33.9,29.0,12.5,35.7,11.10045044131093,4,4,4
57,2024-12-31,36.9,31.9,15.8,38.0,10.757013216192185,4,4,4
57,2025-01-01,32.6,28.833333333333332,13.9,40.0,13.45151788213261,3,3,3
57,2025-01-02,34.25,30.275,16.0,36.6,9.68688976572632,4,4,4
57,2025-01-03,32.5,26.8,13.7,34.2,11.376730637577742,3,3,3
57,2025-01-04,30.9,27.53333333333333,17.0,34.7,9.317903913076876,3,3,3
57,2025-01-05,40.9,35.23333333333333,23.5,41.3,10.163332786706007,3,3,3
57,2025-01-06,43.3,41.4,32.2,48.7,8.412490713219244,3,3,3
57,2025-01-08,45.3,41.766666666666666,27.4,52.6,12.966238210573387,3,3,3
57,2025-01-09,41.55,41.55,32.2,50.9,13.222896808188434,2,2,2
57,2025-01-10,37.15,37.15,27.3,47.0,13.930003589374985,2,2,2
57,2025-01-11,35.6,35.6,27.0,44.2,12.16223663640862,2,2,2
57,2025-01-19,33.4,29.133333333333336,17.4,36.6,10.28656081172582,3,3,3
57,2025-01-24,29.9,29.9,24.7,35.1,7.353910524340095,2,2,2
57,2025-01-25,33.6,30.866666666666664,24.7,34.3,5.351946686331371,3,3,3
57,2025-01-26,28.6,26.099999999999998,20.7,29.0,4.680811895387381,3,3,3
57,2025-01-31,38.4,36.46666666666666,21.7,49.3,13.90119898905606,3,3,3
57,2025-02-01,29.2,26.366666666666664,19.4,30.5,6.0682232435312855,3,3,3
57,2025-02-02,38.9,36.333333333333336,23.6,46.5,11.663761543058628,3,3,3
57,2025-02-03,39.6,37.2,27.8,44.2,8.459314393022643,3,3,3
57,2025-02-04,31.9,35.63333333333333,28.3,46.7,9.751581068387491,3,3,3
57,2025-02-05,39.2,38.76666666666667,26.4,50.7,12.1557942288167,3,3,3
57,2025-02-06,33.4,34.73333333333333,23.9,46.9,11.557825631723873,3,3,3
57,2025-02-07,29.6,30.633333333333336,23.6,38.7,7.602850342689469,3,3,3
57,2025-02-08,30.8,30.76666666666667,23.8,37.7,6.950059951779791,3,3,3
57,2025-02-09,24.6,27.600000000000005,22.0,36.2,7.560423268574321,3,3,3
57,2025-02-10,29.7,29.666666666666668,23.5,35.8,6.150067750304328,3,3,3
57,2025-02-11,28.8,31.866666666666664,24.9,41.9,8.90524190201105,3,3,3
57,2025-02-12,45.7,40.440000000000005,24.6,52.0,11.678313234367367,5,5,5
57,2025-02-13,36.3,35.92,28.1,47.4,7.467061001491817,5,5,5
57,2025-02-14,33.5,32.5,22.1,43.0,8.457836602819897,5,5,5
57,2025-02-15,44.7,40.019999999999996,27.0,52.4,10.96412331196617,5,5,5
57,2025-02-16,49.9,45.339999999999996,33.6,54.2,9.249486472231851,5,5,5
57,2025-02-17,49.6,44.1,30.1,54.8,10.501904589168573,5,5,5
57,2025-02-18,48.8,45.06,28.7,56.5,11.513600653140614,5,5,5
57,2025-02-19,48.7,45.540000000000006,27.6,56.0,11.710806974756267,5,5,5
57,2025-02-20,45.7,40.839999999999996,25.7,49.2,10.244413111545239,5,5,5
57,2025-02-21,39.8,36.9,23.8,46.2,9.83666610188635,5,5,5
57,2025-02-22,38.6,33.839999999999996,16.7,43.6,11.601422326594271,5,5,5
57,2025-02-23,39.6,33.82,17.5,42.6,10.50128563557815,5,5,5
57,2025-02-24,25.15,24.233333333333334,15.8,30.4,6.541151784408205,6,6,6
57,2025-02-25,15.2,15.666666666666666,10.3,23.6,4.574130154102163,6,6,6
57,2025-02-26,13.7,14.016666666666666,10.4,17.5,2.5670346056620788,6,6,6
57,2025-02-27,20.9,21.333333333333332,12.4,32.3,8.132322341537296,6,6,6
57,2025-02-28,25.1,25.650000000000002,13.6,36.9,9.698195708481038,6,6,6
57,2025-03-01,31.599999999999998,31.599999999999998,26.9,36.3,6.646803743153546,2,2,2
57,2025-03-02,21.6,25.375,17.0,41.3,11.41588805130814,4,4,4
57,2025-03-03,37.0,33.32000000000001,18.8,50.5,12.639501572451344,5,5,5
57,2025-03-04,49.3,45.08,22.7,64.1,15.52423911178902,5,5,5
57,2025-03-05,60.5,53.46,25.7,68.1,17.026244447910408,5,5,5
57,2025-03-06,52.5,55.739999999999995,30.8,72.5,17.150889189776723,5,5,5
57,2025-03-07,61.7,53.02,28.1,69.1,18.0880347191175,5,5,5
57,2025-03-08,57.2,52.839999999999996,24.3,68.3,17.126675100555858,5,5,5
57,2025-03-09,46.0,46.0,46.0,46.0,,1,1,1
57,2025-03-10,35.45,33.45,17.2,45.7,11.957842614786333,4,4,4
57,2025-03-11,35.8,34.825,19.4,48.3,12.432852984465525,4,4,4
57,2025-03-12,48.95,48.3,20.2,75.1,23.907739332693087,4,4,4
57,2025-03-13,46.6,43.38,20.7,65.1,16.372751754057713,5,5,5
57,2025-03-14,49.3,42.32,22.9,59.5,16.337441660186578,5,5,5
57,2025-03-15,68.8,71.12,29.0,104.0,30.625022448971364,5,5,5
57,2025-03-16,109.85,109.85,87.7,132.0,31.324830406564047,2,2,2
57,2025-03-17,90.9,89.5,32.3,134.0,37.412364266375896,5,5,5
57,2025-03-18,66.8,64.58,30.2,90.2,22.052936312427878,5,5,5
57,2025-03-19,17.9,26.579999999999995,16.7,44.8,12.930467895633164,5,5,5
57,2025-03-20,20.4,21.22,11.3,31.2,8.26722444354815,5,5,5
57,2025-03-21,28.9,31.360000000000003,17.3,45.1,11.101711579752017,5,5,5
57,2025-03-22,43.8,48.88,19.6,70.7,20.9939753262692,5,5,5
57,2025-03-23,66.1,68.82000000000001,26.0,101.0,29.145874493656905,5,5,5
57,2025-03-24,92.35,90.475,72.2,105.0,13.942590624892246,4,4,4
57,2025-03-25,86.65,86.7,74.5,99.0,10.03892424515695,4,4,4
57,2025-03-26,82.9,87.44,76.6,98.4,9.890045500400904,5,5,5
57,2025-03-27,95.0,91.94,79.6,103.0,10.994907912301953,5,5,5
57,2025-03-28,95.7,98.5,70.8,128.0,21.259586073110647,5,5,5
57,2025-03-29,107.0,105.84,74.3,142.0,25.11161086031719,5,5,5
57,2025-03-30,114.0,112.38,84.9,144.0,21.41662905314466,5,5,5
57,2025-03-31,101.4,99.3,76.4,118.0,19.214924754818412,4,4,4
57,2025-04-01,72.0,72.75,65.6,81.4,6.9830747764386265,4,4,4
57,2025-04-02,81.4,79.875,62.7,94.0,16.247743433063764,4,4,4
57,2025-04-03,82.30000000000001,89.2,73.2,119.0,21.20361604381038,4,4,4
57,2025-04-04,79.7,84.3,73.8,104.0,13.57890520869288,4,4,4
57,2025-04-05,84.1,85.425,75.3,98.2,10.483757278126328,4,4,4
57,2025-04-06,76.4,80.5,68.2,101.0,15.434593181119697,4,4,4
57,2025-04-07,56.099999999999994,57.199999999999996,45.5,71.1,10.619165064479725,4,4,4
57,2025-04-08,49.8,48.36666666666667,34.4,60.9,13.308017633491975,3,3,3
57,2025-04-09,71.4,72.96666666666667,52.1,95.4,21.692471812436068,3,3,3
57,2025-04-10,90.4,94.06666666666666,71.8,120.0,24.30829762310256,3,3,3
57,2025-04-11,75.2,81.89999999999999,63.5,107.0,22.510664139469544,3,3,3
57,2025-04-12,76.1,71.89999999999999,52.4,87.2,17.776107560430656,3,3,3
57,2025-04-13,50.9,48.06666666666666,41.2,52.1,5.976899976855337,3,3,3
57,2025-04-14,11.2,12.700000000000001,11.0,15.9,2.7730849247724105,3,3,3
57,2025-04-15,8.82,10.773333333333333,8.7,14.8,3.487711761790721,3,3,3
57,2025-04-16,10.4,11.166666666666666,7.6,15.5,4.005413004090007,3,3,3
57,2025-04-17,11.0,11.756666666666668,8.97,15.3,3.2321252038455035,3,3,3
57,2025-04-18,12.1,13.399999999999999,10.2,17.9,4.011234224026316,3,3,3
57,2025-04-19,12.2,13.576666666666666,9.53,19.0,4.88278950327918,3,3,3
57,2025-04-20,18.3,19.400000000000002,15.3,24.6,4.746577714522329,3,3,3
57,2025-04-21,22.1,22.233333333333334,20.4,24.2,1.9035055380358974,3,3,3
57,2025-04-22,29.1,30.900000000000002,26.7,36.9,5.332916650389352,3,3,3
57,2025-04-23,36.8,38.666666666666664,36.2,43.0,3.764748774265466,3,3,3
57,2025-05-08,31.3,30.375,25.0,33.9,3.91184099881373,4,4,4
57,2025-05-09,24.95,24.425,19.3,28.5,3.8534616472292367,4,4,4
57,2025-05-10,33.75,32.5,27.0,35.5,3.758545818087983,4,4,4
57,2025-05-11,30.1,29.65,22.9,35.5,6.11528140535386,4,4,4
57,2025-05-12,13.05,13.8,11.6,17.5,2.567748689676101,4,4,4
57,2025-05-13,14.6,14.375,10.1,18.2,3.3420303210274236,4,4,4
57,2025-05-14,14.299999999999999,14.125,11.4,16.5,2.704779719927915,4,4,4
57,2025-05-15,8.54,9.3125,5.87,14.3,3.5934512194639114,4,4,4
57,2025-05-16,7.155,7.6625000000000005,4.04,12.3,3.5015270478273717,4,4,4
57,2025-05-17,6.58,8.206666666666667,5.64,12.4,3.66182104059351,3,3,3
57,2025-05-18,5.16,6.375,3.78,11.4,3.5596020376815534,4,4,4
57,2025-05-19,5.8100000000000005,6.97,3.86,12.4,3.7458065442126967,4,4,4
57,2025-05-20,8.7,9.72,6.48,15.0,3.6770731114116653,4,4,4
57,2025-05-21,12.2,12.683333333333332,9.45,16.4,3.5001190455944964,3,3,3
57,2025-05-22,12.5,11.839999999999998,9.42,13.6,2.1667487163951433,3,3,3
57,2025-05-23,16.7,17.833333333333332,13.7,23.1,4.801388688008224,3,3,3
57,2025-05-24,7.69,11.006666666666668,7.23,18.1,6.1473110652815794,3,3,3
57,2025-05-25,5.38,7.296666666666667,4.21,12.3,4.372325849400218,3,3,3
57,2025-05-26,5.905,6.445,3.57,10.4,3.0819528441125335,4,4,4
57,2025-05-27,7.365,7.8375,4.62,12.0,3.189737450010581,4,4,4
57,2025-05-28,5.655,6.8950000000000005,4.37,11.9,3.540287182324809,4,4,4
57,2025-05-29,7.175,8.2325,5.48,13.1,3.355923866836075,4,4,4
57,2025-05-30,6.32,6.32,6.32,6.32,,1,1,1
57,2025-05-31,6.04,6.04,6.04,6.04,,1,1,1
57,2025-06-01,5.71,8.893333333333333,5.47,15.5,5.722799431513684,3,3,3
57,2025-06-02,11.03,11.03,6.46,15.6,6.462955980045044,2,2,2
57,2025-06-03,11.1,11.613333333333335,7.94,15.8,3.955064264121803,3,3,3
57,2025-06-04,18.2,16.900000000000002,11.7,20.8,4.687216658103187,3,3,3
57,2025-06-05,23.2,24.7,21.2,29.7,4.444097208657794,3,3,3
57,2025-06-06,27.6,25.766666666666666,18.3,31.4,6.739683474268901,3,3,3
57,2025-06-07,22.9,23.166666666666668,16.0,30.6,7.303652054508986,3,3,3
57,2025-06-08,19.8,20.2,16.6,24.2,3.8157568056677804,3,3,3
57,2025-06-09,19.1,18.666666666666668,16.0,20.9,2.4785748593361734,3,3,3
57,2025-06-10,8.06,10.316666666666668,6.99,15.9,4.864815858111521,3,3,3
57,2025-06-11,7.78,8.62,6.08,12.0,3.048081363743428,3,3,3
57,2025-06-12,9.11,10.39,7.16,14.9,4.025630385417917,3,3,3
57,2025-06-13,11.0,11.106666666666667,5.92,16.4,5.2408141861101445,3,3,3
57,2025-06-14,7.13,10.18,6.91,16.5,5.474385810298722,3,3,3
57,2025-06-15,5.45,7.859999999999999,5.13,13.0,4.454245166130844,3,3,3
57,2025-06-16,4.84,6.766666666666667,3.46,12.0,4.584422900794967,3,3,3
57,2025-06-17,5.11,7.046666666666667,3.33,12.7,4.976166529903649,3,3,3
57,2025-06-18,4.52,6.68,4.22,11.3,4.00384814896869,3,3,3
57,2025-06-19,4.8,6.956666666666667,4.67,11.4,3.848588485839105,3,3,3
57,2025-06-20,10.649999999999999,10.649999999999999,8.1,13.2,3.6062445840513915,2,2,2
57,2025-06-21,12.1,13.066666666666668,10.9,16.2,2.779088579612628,3,3,3
57,2025-06-22,11.7,13.200000000000001,11.6,16.3,2.6851443164195112,3,3,3
57,2025-06-23,6.82,8.096666666666666,4.37,13.1,4.502847247390626,3,3,3
57,2025-06-24,7.34,8.246666666666666,5.3,12.1,3.4894889788238808,3,3,3
57,2025-06-25,9.13,10.093333333333334,7.65,13.5,3.0416497716425748,3,3,3
57,2025-06-26,8.56,9.92,7.4,13.8,3.409868032637041,3,3,3
57,2025-06-27,8.19,8.2,2.71,13.7,5.4950068243815675,3,3,3
57,2025-06-28,7.51,8.326666666666666,5.17,12.3,3.634478412830833,3,3,3
57,2025-06-29,6.44,8.436666666666667,6.37,12.5,3.519123944014097,3,3,3
57,2025-06-30,9.58,10.243333333333334,7.35,13.8,3.2757645418029258,3,3,3
57,2025-07-01,12.8,12.8,12.8,12.8,,1,1,1
57,2025-07-02,11.2,11.2,11.2,11.2,,1,1,1
57,2025-07-03,15.6,15.6,15.6,15.6,,1,1,1
57,2025-07-04,5.44,5.44,5.44,5.44,,1,1,1
57,2025-07-05,8.24,8.24,8.24,8.24,,1,1,1
57,2025-07-06,4.08,4.08,4.08,4.08,,1,1,1
57,2025-07-07,3.93,3.93,3.93,3.93,,1,1,1
57,2025-07-08,8.96,8.96,8.96,8.96,,1,1,1
57,2025-07-09,13.6,13.6,13.6,13.6,,1,1,1
57,2025-07-10,13.6,13.6,13.6,13.6,,1,1,1
57,2025-07-11,10.5,10.5,10.5,10.5,,1,1,1
57,2025-07-12,4.26,4.26,4.26,4.26,,1,1,1
57,2025-07-13,5.28,5.28,5.28,5.28,,1,1,1
57,2025-07-14,3.45,3.45,3.45,3.45,,1,1,1
57,2025-07-15,2.82,2.82,2.82,2.82,,1,1,1
57,2025-07-16,2.97,2.97,2.97,2.97,,1,1,1
57,2025-07-17,5.59,5.59,5.59,5.59,,1,1,1
57,2025-07-18,6.39,6.39,6.39,6.39,,1,1,1
57,2025-07-19,5.68,5.68,5.68,5.68,,1,1,1
57,2025-07-20,3.86,3.86,3.86,3.86,,1,1,1
57,2025-07-21,6.56,6.56,6.56,6.56,,1,1,1
57,2025-07-22,4.37,4.37,4.37,4.37,,1,1,1
57,2025-07-23,0.753,0.753,0.753,0.753,,1,1,1
57,2025-07-24,2.55,2.55,2.55,2.55,,1,1,1
57,2025-07-25,7.07,7.07,6.54,7.6,0.7495331880577397,2,2,2
57,2025-07-26,4.705,4.705,4.49,4.92,0.30405591591021525,2,2,2
57,2025-07-27,5.155,5.155,4.98,5.33,0.24748737341529137,2,2,2
57,2025-07-28,2.2199999999999998,2.2199999999999998,2.17,2.27,0.07071067811865497,2,2,2
57,2025-07-29,7.595000000000001,7.595000000000001,6.44,8.75,1.6334166645409243,2,2,2
57,2025-07-30,7.145,7.145,7.14,7.15,0.007071067811866266,2,2,2
57,2025-07-31,11.815000000000001,11.815000000000001,9.63,14.0,3.0900566337852116,2,2,2
57,2025-08-01,17.8,17.8,17.5,18.1,0.4242640687119295,2,2,2
57,2025-08-02,12.8,12.8,12.5,13.1,0.4242640687119276,2,2,2
57,2025-08-03,12.5,12.5,12.1,12.9,0.5656854249492386,2,2,2
57,2025-08-04,15.850000000000001,15.850000000000001,15.8,15.9,0.07071067811865388,2,2,2
57,2025-08-05,13.45,13.45,13.4,13.5,0.07071067811865513,2,2,2
57,2025-08-06,5.29,5.29,4.84,5.74,0.636396103067893,2,2,2
57,2025-08-07,7.935,7.935,7.67,8.2,0.37476659402886975,2,2,2
57,2025-08-08,3.115,3.115,3.0,3.23,0.16263455967290608,2,2,2
57,2025-08-09,4.91,4.91,3.89,5.93,1.4424978336205565,2,2,2
57,2025-08-10,8.51,8.51,8.28,8.74,0.3252691193458125,2,2,2
57,2025-08-11,8.0,8.0,7.55,8.45,0.6363961030678921,2,2,2
57,2025-08-12,11.75,11.75,11.7,11.8,0.07071067811865576,2,2,2
57,2025-08-13,18.7,18.7,15.0,22.4,5.23259018078045,2,2,2
57,2025-08-14,14.700000000000001,14.700000000000001,11.8,17.6,4.101219330881976,2,2,2
57,2025-08-15,9.695,9.695,8.19,11.2,2.1283914113715072,2,2,2
57,2025-08-16,6.18,6.18,5.85,6.51,0.4666904755831215,2,2,2
57,2025-08-17,5.029999999999999,5.029999999999999,4.63,5.43,0.5656854249492376,2,2,2
57,2025-08-18,12.35,12.35,11.5,13.2,1.2020815280171302,2,2,2
57,2025-08-19,11.05,11.05,10.9,11.2,0.21213203435596414,2,2,2
57,2025-08-20,9.7,9.7,9.45,9.95,0.3535533905932738,2,2,2
57,2025-08-21,4.65,4.65,4.46,4.84,0.26870057685088766,2,2,2
57,2025-08-22,4.28,4.28,3.57,4.99,1.0040916292848976,2,2,2
57,2025-08-23,6.59,6.59,6.29,6.89,0.4242640687119283,2,2,2
57,2025-08-24,8.34,8.34,8.1,8.58,0.3394112549695431,2,2,2
57,2025-08-25,9.77,9.77,9.6,9.94,0.24041630560342606,2,2,2
57,2025-08-26,8.71,9.424,8.26,11.1,1.323378252806052,5,5,5
57,2025-08-27,3.18,5.720000000000001,2.15,10.2,3.9762356570002244,5,5,5
57,2025-08-28,7.324999999999999,7.494999999999999,5.13,10.2,2.577110785356346,4,4,4
57,2025-08-29,8.745000000000001,8.8775,6.92,11.1,2.233567773764656,4,4,4
57,2025-08-30,7.205,7.505,4.91,10.7,2.905357120906137,4,4,4
57,2025-08-31,7.545,7.867500000000001,5.58,10.8,2.36985759065814,4,4,4
57,2025-09-01,8.32,8.057500000000001,5.29,10.3,2.339292984358024,4,4,4
57,2025-09-02,8.45,8.535,6.84,10.4,1.4964959071110087,4,4,4
57,2025-09-03,11.8,12.133333333333335,10.3,14.3,2.02072594216369,3,3,3
57,2025-09-04,13.8,15.98,10.8,21.4,4.8899897750404335,5,5,5
57,2025-09-05,15.15,14.125,10.6,15.6,2.3767975653527302,4,4,4
57,2025-09-06,8.96,9.503333333333332,8.95,10.6,0.949754354206041,3,3,3
57,2025-09-07,16.1,14.700000000000001,10.7,17.3,3.51567916624939,3,3,3
57,2025-09-08,16.8,14.050000000000002,7.85,17.5,5.380752735445107,3,3,3
57,2025-09-09,11.0,10.913333333333334,9.64,12.1,1.2322878451617267,3,3,3
57,2025-09-10,5.94,6.390000000000001,5.78,7.45,0.9214662229295223,3,3,3
57,2025-09-11,8.31,7.983333333333333,7.02,8.62,0.848547779051559,3,3,3
57,2025-09-12,8.35,9.06,6.43,12.4,3.0476712421125742,3,3,3
57,2025-09-13,7.7,7.283333333333334,6.26,7.89,0.8913098974730018,3,3,3
57,2025-09-14,6.0600000000000005,6.0600000000000005,6.03,6.09,0.042426406871192264,2,2,2
57,2025-09-15,14.5,14.5,14.4,14.6,0.141421356237309,2,2,2
57,2025-09-16,13.25,13.25,12.9,13.6,0.49497474683058273,2,2,2
57,2025-09-17,15.65,15.65,14.8,16.5,1.2020815280171302,2,2,2
57,2025-09-18,15.1,14.333333333333334,11.6,16.3,2.4419937209856495,3,3,3
57,2025-09-19,9.36,9.316666666666666,8.86,9.73,0.43661577311560074,3,3,3
57,2025-09-20,7.12,7.63,7.09,8.68,0.9094503834734472,3,3,3
57,2025-09-21,5.38,7.073333333333333,5.14,10.7,3.143077048583654,3,3,3
57,2025-09-22,6.77,7.789999999999999,6.5,10.1,2.005068577380833,3,3,3
57,2025-09-23,6.79,7.5600000000000005,5.66,11.0,2.4227670131483965,4,4,4
57,2025-09-24,6.23,6.297499999999999,3.88,8.85,2.2072513072446767,4,4,4
57,2025-09-25,8.26,8.5425,6.65,11.0,1.810310746805641,4,4,4
57,2025-09-26,7.725,8.485,6.59,11.9,2.3586507442462388,4,4,4
57,2025-09-27,6.605,7.3975,5.28,11.1,2.7151718791511765,4,4,4
57,2025-09-28,9.61,9.2625,7.43,10.4,1.2803222250668,4,4,4
57,2025-09-29,11.0,10.35,8.1,11.3,1.5154757228892408,4,4,4
57,2025-09-30,5.38,5.7825,1.77,10.6,4.438516080854051,4,4,4
57,2025-10-01,5.995,6.4025,3.32,10.3,3.2842490262869335,4,4,4
57,2025-10-02,7.975,8.122499999999999,5.84,10.7,1.9998395768994401,4,4,4
57,2025-10-03,9.675,9.495,7.43,11.2,1.5755739694896376,4,4,4
57,2025-10-04,11.95,11.5475,8.29,14.0,2.8163259162722394,4,4,4
57,2025-10-05,13.1,13.136666666666665,9.41,16.9,3.7451346215234147,3,3,3
57,2025-10-06,14.2,13.033333333333333,10.0,14.9,2.6501572280401278,3,3,3
57,2025-10-07,10.65,11.22,9.08,14.5,2.311767000946822,4,4,4
57,2025-10-08,11.7,12.6,10.8,16.2,2.485960578931209,4,4,4
57,2025-10-09,11.2,10.9575,9.23,12.2,1.445184532623198,4,4,4
57,2025-10-10,14.149999999999999,13.96,9.94,17.6,3.3806902648226544,4,4,4
57,2025-10-11,20.35,20.35,19.8,20.9,0.7778174593051995,2,2,2
57,2025-10-12,25.25,25.25,23.9,26.6,1.9091883092036803,2,2,2
57,2025-10-13,22.3,22.3,22.3,22.3,0.0,2,2,2
57,2025-10-14,18.9,18.9,17.3,20.5,2.2627416997969503,2,2,2
57,2025-10-15,7.515000000000001,7.515000000000001,7.25,7.78,0.3747665940288707,2,2,2
57,2025-10-16,4.175,4.175,3.96,4.39,0.30405591591021525,2,2,2
57,2025-10-17,7.59,7.59,6.9,8.28,0.9758073580374349,2,2,2
57,2025-10-18,10.75,10.75,10.2,11.3,0.7778174593052033,2,2,2
57,2025-10-19,20.049999999999997,20.049999999999997,19.2,20.9,1.2020815280171315,2,2,2
57,2025-10-20,22.799999999999997,22.799999999999997,21.4,24.2,1.9798989873223323,2,2,2
57,2025-10-21,27.5,27.5,24.5,30.5,4.242640687119285,2,2,2
57,2025-10-22,22.700000000000003,22.700000000000003,20.8,24.6,2.6870057685088824,2,2,2
57,2025-10-23,17.299999999999997,17.299999999999997,16.9,17.7,0.5656854249492398,2,2,2
57,2025-10-24,14.1,14.1,13.6,14.6,0.7071067811865476,2,2,2
57,2025-10-25,11.3,12.316666666666668,9.95,15.7,3.0067978537529476,3,3,3
57,2025-10-26,11.035,11.035,4.47,17.6,9.28431203697937,2,2,2
57,2025-10-27,9.7,10.966666666666667,8.9,14.3,2.9143323992525865,3,3,3
57,2025-10-28,18.8,19.5,16.4,23.3,3.5028559776273998,3,3,3
57,2025-10-29,20.3,23.266666666666666,18.7,30.8,6.572924260428788,3,3,3
57,2025-10-30,22.2,23.400000000000002,15.5,32.5,8.563293758829019,3,3,3
57,2025-10-31,17.2,19.099999999999998,15.7,24.4,4.650806381693392,3,3,3
57,2025-11-01,6.69,6.510000000000001,3.32,9.52,3.103916880330399,3,3,3
57,2025-11-02,5.51,6.003333333333333,4.76,7.74,1.5500430101559552,3,3,3
57,2025-11-03,8.39,8.426666666666668,7.31,9.58,1.1354441128181225,3,3,3
57,2025-11-04,8.02,7.93,6.57,9.2,1.3173078607523752,3,3,3
57,2025-11-05,8.72,9.55,8.13,11.8,1.970761274228819,3,3,3
57,2025-11-06,15.3,15.233333333333334,15.1,15.3,0.11547005383792576,3,3,3
57,2025-11-07,20.4,20.166666666666668,18.9,21.2,1.1676186592091327,3,3,3
57,2025-11-08,14.7,15.833333333333334,13.3,19.5,3.251666239535254,3,3,3
57,2025-11-09,3.21,3.0766666666666667,2.78,3.24,0.25735837529276834,3,3,3
57,2025-11-10,10.3,8.866666666666667,5.4,10.9,3.0171730698343,3,3,3
57,2025-11-11,12.9,13.066666666666668,11.1,15.2,2.055075018906447,3,3,3
57,2025-11-12,20.0,19.866666666666667,19.0,20.6,0.8082903768654767,3,3,3
57,2025-11-13,19.2,21.733333333333334,16.7,29.3,6.6710818712809505,3,3,3
57,2025-11-15,21.2,22.166666666666668,18.8,26.5,3.939966158907122,3,3,3
57,2025-11-16,17.75,17.75,16.7,18.8,1.4849242404917509,2,2,2
57,2025-11-17,20.7,23.333333333333332,19.6,29.7,5.541058863911601,3,3,3
57,2025-11-18,3.56,4.47,3.5,6.35,1.628404126744955,3,3,3
57,2025-11-19,1.8,2.645,1.23,5.75,2.0875104790156147,4,4,4
57,2025-11-20,6.88,7.676,5.32,11.2,2.597851034990266,5,5,5
57,2025-11-21,11.2,11.368,8.74,13.4,2.0494194299849897,5,5,5
57,2025-11-22,19.5,19.54,11.3,24.7,5.534256951027842,5,5,5
57,2025-11-23,24.9,21.78,14.9,25.9,4.965078045710862,5,5,5
57,2025-11-24,25.0,23.1,16.9,28.2,4.713279113313788,5,5,5
57,2025-11-25,29.5,25.02,16.3,30.4,6.843025646598147,5,5,5
57,2025-11-26,30.95,29.933333333333334,22.2,36.6,6.885249934945476,6,6,6
57,2025-11-27,30.3,30.583333333333332,22.3,38.6,6.722325986343319,6,6,6
57,2025-11-28,31.9,31.366666666666664,22.4,38.4,5.9604250407724,6,6,6
57,2025-11-29,30.599999999999998,29.983333333333334,22.2,36.1,6.109146148740155,6,6,6
57,2025-11-30,37.25,35.733333333333334,25.6,41.8,6.343395515547385,6,6,6
57,2025-12-01,40.45,38.483333333333334,24.6,44.9,7.24856307599421,6,6,6
57,2025-12-02,42.6,40.18333333333333,25.7,50.6,8.616824627823563,6,6,6
57,2025-12-03,42.5,40.88333333333333,31.6,46.5,5.6573550946238695,6,6,6
57,2025-12-04,36.0,35.5,19.7,45.8,9.433769130098531,6,6,6
57,2025-12-05,36.8,34.550000000000004,20.7,42.8,7.663876303803449,6,6,6
57,2025-12-06,36.65,34.416666666666664,21.9,41.6,7.035173534936198,6,6,6
57,2025-12-07,36.7,36.7,32.3,39.8,2.81158318390191,5,5,5
57,2025-12-08,31.4,31.639999999999997,27.5,36.0,3.1564220250150328,5,5,5
57,2025-12-09,27.2,26.559999999999995,17.8,33.4,5.85772993573449,5,5,5
57,2025-12-10,28.6,29.060000000000002,17.8,37.0,7.432899837882923,5,5,5
57,2025-12-11,31.25,29.633333333333336,19.4,36.5,6.212460596789864,6,6,6
57,2025-12-12,28.65,27.616666666666664,16.9,35.9,6.500589716838517,6,6,6
57,2025-12-13,24.55,22.371666666666666,8.83,28.2,7.405944684283475,6,6,6
57,2025-12-14,22.25,23.448333333333334,7.69,39.5,10.593489352742404,6,6,6
57,2025-12-15,19.75,19.391666666666666,9.45,28.0,5.92472924838483,6,6,6
57,2025-12-16,23.549999999999997,21.834999999999997,9.51,30.1,7.092908430256238,6,6,6
57,2025-12-17,22.9,21.766666666666666,11.4,27.2,5.600238090176761,6,6,6
57,2025-12-18,16.35,17.516666666666666,10.4,24.2,5.390887372841939,6,6,6
57,2025-12-19,19.85,19.571666666666665,9.53,29.7,7.113790597611563,6,6,6
57,2025-12-20,26.7,24.666666666666668,12.9,31.6,6.814592186379657,6,6,6
57,2025-12-21,26.799999999999997,26.25,16.6,31.9,5.184110338331929,6,6,6
57,2025-12-22,23.1,22.28333333333333,13.9,30.9,7.218148423707194,6,6,6
57,2025-12-23,29.15,26.53333333333333,16.0,34.2,7.975880306691335,6,6,6
57,2025-12-24,29.5,28.183333333333334,17.8,34.8,6.563662595431505,6,6,6
57,2025-12-25,27.15,27.066666666666666,18.7,34.6,6.613521502699351,6,6,6
57,2025-12-26,28.9,27.2,17.8,34.7,7.346563822631639,6,6,6
57,2025-12-27,32.8,30.116666666666664,17.6,39.8,8.331006341773282,6,6,6
57,2025-12-28,32.95,31.833333333333332,18.1,44.6,9.808907516470255,6,6,6
57,2025-12-29,33.0,31.633333333333336,20.6,39.3,7.001047540666084,6,6,6
57,2025-12-30,35.3,34.31666666666666,22.7,42.4,7.987344156017485,6,6,6
57,2025-12-31,38.2,37.18333333333333,24.2,48.8,8.980293239458645,6,6,6
58,2021-04-30,9.0,9.0,9.0,9.0,,1,1,1
58,2021-05-05,15.9,15.9,15.9,15.9,,1,1,1
58,2021-05-20,17.5,17.5,17.5,17.5,,1,1,1
58,2021-06-05,9.39,9.39,9.39,9.39,,1,1,1
58,2021-06-13,5.53,5.53,5.53,5.53,,1,1,1
58,2021-06-20,6.35,6.35,6.35,6.35,,1,1,1
58,2021-06-21,10.0,10.0,10.0,10.0,,1,1,1
58,2021-06-29,4.83,4.83,4.83,4.83,,1,1,1
58,2021-07-03,4.0,4.0,4.0,4.0,,1,1,1
58,2021-07-04,4.83,4.83,4.83,4.83,,1,1,1
58,2021-07-06,5.29,5.29,5.29,5.29,,1,1,1
58,2021-07-24,4.35,4.35,4.35,4.35,,1,1,1
58,2021-08-04,4.83,4.83,4.83,4.83,,1,1,1
58,2021-08-07,6.87,6.87,6.87,6.87,,1,1,1
58,2021-08-10,7.77,7.77,7.77,7.77,,1,1,1
58,2021-08-11,7.71,7.71,7.71,7.71,,1,1,1
58,2021-08-12,6.86,6.86,6.86,6.86,,1,1,1
58,2021-08-14,4.21,4.21,4.21,4.21,,1,1,1
58,2021-08-15,3.78,3.78,3.78,3.78,,1,1,1
58,2021-08-16,4.0,4.0,4.0,4.0,,1,1,1
58,2021-08-17,4.42,4.42,4.42,4.42,,1,1,1
58,2021-08-18,3.92,3.92,3.92,3.92,,1,1,1
58,2021-08-21,4.04,4.04,4.04,4.04,,1,1,1
58,2021-08-22,4.0,4.0,4.0,4.0,,1,1,1
58,2021-08-23,3.59,3.59,3.59,3.59,,1,1,1
58,2021-08-24,4.0,4.0,4.0,4.0,,1,1,1
58,2021-08-25,4.08,4.08,4.08,4.08,,1,1,1
58,2021-08-26,4.0,4.0,4.0,4.0,,1,1,1
58,2021-08-27,4.04,4.04,4.04,4.04,,1,1,1
58,2021-08-28,5.0,5.0,5.0,5.0,,1,1,1
58,2021-08-29,4.71,4.71,4.71,4.71,,1,1,1
58,2021-09-01,4.46,4.46,4.46,4.46,,1,1,1
58,2021-09-02,5.25,5.25,5.25,5.25,,1,1,1
58,2021-09-03,4.42,4.42,4.42,4.42,,1,1,1
58,2021-09-04,3.96,3.96,3.96,3.96,,1,1,1
58,2021-09-06,4.21,4.21,4.21,4.21,,1,1,1
58,2021-09-07,4.92,4.92,4.92,4.92,,1,1,1
58,2021-09-08,4.63,4.63,4.63,4.63,,1,1,1
58,2021-09-09,6.63,6.63,6.63,6.63,,1,1,1
58,2021-09-10,4.46,4.46,4.46,4.46,,1,1,1
58,2021-09-11,4.71,4.71,4.71,4.71,,1,1,1
58,2021-09-12,3.43,3.43,3.43,3.43,,1,1,1
58,2021-09-13,3.5,3.5,3.5,3.5,,1,1,1
58,2021-09-14,5.48,5.48,5.48,5.48,,1,1,1
58,2021-09-15,8.79,8.79,8.79,8.79,,1,1,1
58,2021-09-16,7.96,7.96,7.96,7.96,,1,1,1
58,2021-09-17,5.04,5.04,5.04,5.04,,1,1,1
58,2021-09-18,3.96,3.96,3.96,3.96,,1,1,1
58,2021-09-19,4.0,4.0,4.0,4.0,,1,1,1
58,2021-09-20,4.87,4.87,4.87,4.87,,1,1,1
58,2021-09-21,5.0,5.0,5.0,5.0,,1,1,1
58,2021-09-22,5.0,5.0,5.0,5.0,,1,1,1
58,2021-09-23,5.26,5.26,5.26,5.26,,1,1,1
58,2021-09-24,5.54,5.54,5.54,5.54,,1,1,1
58,2021-09-25,5.0,5.0,5.0,5.0,,1,1,1
58,2021-09-26,4.58,4.58,4.58,4.58,,1,1,1
58,2021-09-27,4.14,4.14,4.14,4.14,,1,1,1
58,2021-09-28,4.91,4.91,4.91,4.91,,1,1,1
58,2021-10-01,5.67,5.67,5.67,5.67,,1,1,1
58,2021-10-02,4.21,4.21,4.21,4.21,,1,1,1
58,2021-10-03,4.75,4.75,4.75,4.75,,1,1,1
58,2021-10-04,6.08,6.08,6.08,6.08,,1,1,1
58,2021-10-05,8.88,8.88,8.88,8.88,,1,1,1
58,2021-10-06,9.79,9.79,9.79,9.79,,1,1,1
58,2021-10-07,10.3,10.3,10.3,10.3,,1,1,1
58,2021-10-08,6.96,6.96,6.96,6.96,,1,1,1
58,2021-10-09,9.21,9.21,9.21,9.21,,1,1,1
58,2021-10-10,12.8,12.8,12.8,12.8,,1,1,1
58,2021-10-11,10.1,10.1,10.1,10.1,,1,1,1
58,2021-10-12,9.5,9.5,9.5,9.5,,1,1,1
58,2021-10-13,15.2,15.2,15.2,15.2,,1,1,1
58,2021-10-14,16.0,16.0,16.0,16.0,,1,1,1
58,2021-10-15,10.6,10.6,10.6,10.6,,1,1,1
58,2021-10-16,9.08,9.08,9.08,9.08,,1,1,1
58,2021-10-17,5.21,5.21,5.21,5.21,,1,1,1
58,2021-10-18,5.46,5.46,5.46,5.46,,1,1,1
58,2021-10-19,9.04,9.04,9.04,9.04,,1,1,1
58,2021-10-20,9.58,9.58,9.58,9.58,,1,1,1
58,2021-10-21,10.7,10.7,10.7,10.7,,1,1,1
58,2021-10-22,10.2,10.2,10.2,10.2,,1,1,1
58,2021-10-23,9.42,9.42,9.42,9.42,,1,1,1
58,2021-10-24,6.96,6.96,6.96,6.96,,1,1,1
58,2021-10-25,8.04,8.04,8.04,8.04,,1,1,1
58,2021-10-26,7.45,7.45,7.45,7.45,,1,1,1
58,2021-10-27,11.1,11.1,11.1,11.1,,1,1,1
58,2021-10-28,16.3,16.3,16.3,16.3,,1,1,1
58,2021-11-01,12.7,12.7,12.7,12.7,,1,1,1
58,2021-11-02,13.5,13.5,13.5,13.5,,1,1,1
58,2021-11-03,13.0,13.0,13.0,13.0,,1,1,1
58,2021-11-04,12.3,12.3,12.3,12.3,,1,1,1
58,2021-11-07,12.0,12.0,12.0,12.0,,1,1,1
58,2021-11-08,13.7,13.7,13.7,13.7,,1,1,1
58,2021-11-09,12.2,12.2,12.2,12.2,,1,1,1
58,2021-11-10,12.0,12.0,12.0,12.0,,1,1,1
58,2021-11-11,11.5,11.5,11.5,11.5,,1,1,1
58,2021-11-12,12.4,12.4,12.4,12.4,,1,1,1
58,2021-11-13,12.3,12.3,12.3,12.3,,1,1,1
58,2021-11-14,14.3,14.3,14.3,14.3,,1,1,1
58,2021-11-15,12.3,12.3,12.3,12.3,,1,1,1
58,2021-11-16,12.8,12.8,12.8,12.8,,1,1,1
58,2021-11-17,13.0,13.0,13.0,13.0,,1,1,1
58,2021-11-18,13.0,13.0,13.0,13.0,,1,1,1
58,2021-11-19,12.7,12.7,12.7,12.7,,1,1,1
58,2021-11-20,12.0,12.0,12.0,12.0,,1,1,1
58,2021-11-21,11.6,11.6,11.6,11.6,,1,1,1
58,2021-11-22,12.7,12.7,12.7,12.7,,1,1,1
58,2021-11-23,13.2,13.2,13.2,13.2,,1,1,1
58,2021-11-24,14.4,14.4,14.4,14.4,,1,1,1
58,2021-11-25,12.1,12.1,12.1,12.1,,1,1,1
58,2021-11-26,10.2,10.2,10.2,10.2,,1,1,1
58,2021-11-27,12.7,12.7,12.7,12.7,,1,1,1
58,2021-11-30,15.2,15.2,15.2,15.2,,1,1,1
58,2021-12-01,12.1,12.1,12.1,12.1,,1,1,1
58,2021-12-02,14.4,14.4,14.4,14.4,,1,1,1
58,2021-12-03,17.4,17.4,17.4,17.4,,1,1,1
58,2021-12-04,17.8,17.8,17.8,17.8,,1,1,1
58,2021-12-05,18.3,18.3,18.3,18.3,,1,1,1
58,2021-12-06,19.4,19.4,19.4,19.4,,1,1,1
58,2021-12-07,21.7,21.7,21.7,21.7,,1,1,1
58,2021-12-08,30.0,30.0,30.0,30.0,,1,1,1
58,2021-12-09,29.1,29.1,29.1,29.1,,1,1,1
58,2021-12-10,21.8,21.8,21.8,21.8,,1,1,1
58,2021-12-11,16.5,16.5,16.5,16.5,,1,1,1
58,2021-12-12,18.4,18.4,18.4,18.4,,1,1,1
58,2021-12-13,17.4,17.4,17.4,17.4,,1,1,1
58,2021-12-14,17.8,17.8,17.8,17.8,,1,1,1
58,2021-12-15,18.0,18.0,18.0,18.0,,1,1,1
58,2021-12-16,19.3,19.3,19.3,19.3,,1,1,1
58,2021-12-17,18.8,18.8,18.8,18.8,,1,1,1
58,2021-12-18,17.3,17.3,17.3,17.3,,1,1,1
58,2021-12-19,21.7,21.7,21.7,21.7,,1,1,1
58,2021-12-20,23.7,23.7,23.7,23.7,,1,1,1
58,2021-12-21,23.3,23.3,23.3,23.3,,1,1,1
58,2021-12-22,21.9,21.9,21.9,21.9,,1,1,1
58,2021-12-23,22.7,22.7,22.7,22.7,,1,1,1
58,2021-12-24,21.4,21.4,21.4,21.4,,1,1,1
58,2021-12-25,21.0,21.0,21.0,21.0,,1,1,1
58,2021-12-26,23.0,23.0,23.0,23.0,,1,1,1
58,2021-12-27,20.7,20.7,20.7,20.7,,1,1,1
58,2021-12-30,16.5,16.5,16.5,16.5,,1,1,1
58,2021-12-31,15.4,15.4,15.4,15.4,,1,1,1
58,2022-01-01,23.4,23.4,23.4,23.4,,1,1,1
58,2022-01-02,19.0,19.0,19.0,19.0,,1,1,1
58,2022-01-04,16.8,16.8,16.8,16.8,,1,1,1
58,2022-01-05,15.3,15.3,15.3,15.3,,1,1,1
58,2022-01-06,15.3,15.3,15.3,15.3,,1,1,1
58,2022-01-07,17.9,17.9,17.9,17.9,,1,1,1
58,2022-01-08,14.7,14.7,14.7,14.7,,1,1,1
58,2022-01-09,13.5,13.5,13.5,13.5,,1,1,1
58,2022-01-10,15.2,15.2,15.2,15.2,,1,1,1
58,2022-01-11,15.4,15.4,15.4,15.4,,1,1,1
58,2022-01-12,16.3,16.3,16.3,16.3,,1,1,1
58,2022-01-13,20.0,20.0,20.0,20.0,,1,1,1
58,2022-01-14,23.2,23.2,23.2,23.2,,1,1,1
58,2022-01-15,23.9,23.9,23.9,23.9,,1,1,1
58,2022-01-16,21.8,21.8,21.8,21.8,,1,1,1
58,2022-01-17,14.9,14.9,14.9,14.9,,1,1,1
58,2022-01-18,12.2,12.2,12.2,12.2,,1,1,1
58,2022-01-19,17.8,17.8,17.8,17.8,,1,1,1
58,2022-01-20,16.9,16.9,16.9,16.9,,1,1,1
58,2022-01-21,20.2,20.2,20.2,20.2,,1,1,1
58,2022-01-22,14.3,14.3,14.3,14.3,,1,1,1
58,2022-01-23,15.6,15.6,15.6,15.6,,1,1,1
58,2022-01-24,20.2,20.2,20.2,20.2,,1,1,1
58,2022-01-25,20.5,20.5,20.5,20.5,,1,1,1
58,2022-01-26,17.5,17.5,17.5,17.5,,1,1,1
58,2022-01-29,18.2,18.2,18.2,18.2,,1,1,1
58,2022-01-30,22.9,22.9,22.9,22.9,,1,1,1
58,2022-01-31,23.4,23.4,23.4,23.4,,1,1,1
58,2022-02-01,27.2,27.2,27.2,27.2,,1,1,1
58,2022-02-02,28.0,28.0,28.0,28.0,,1,1,1
58,2022-02-03,33.0,33.0,33.0,33.0,,1,1,1
58,2022-02-04,38.6,38.6,38.6,38.6,,1,1,1
58,2022-02-05,30.1,30.1,30.1,30.1,,1,1,1
58,2022-02-06,23.1,23.1,23.1,23.1,,1,1,1
58,2022-02-07,15.1,15.1,15.1,15.1,,1,1,1
58,2022-02-08,18.1,18.1,18.1,18.1,,1,1,1
58,2022-02-09,16.9,16.9,16.9,16.9,,1,1,1
58,2022-02-10,18.6,18.6,18.6,18.6,,1,1,1
58,2022-02-11,22.8,22.8,22.8,22.8,,1,1,1
58,2022-02-12,28.0,28.0,28.0,28.0,,1,1,1
58,2022-02-13,34.0,34.0,34.0,34.0,,1,1,1
58,2022-02-14,38.3,38.3,38.3,38.3,,1,1,1
58,2022-02-15,37.1,37.1,37.1,37.1,,1,1,1
58,2022-02-16,37.0,37.0,37.0,37.0,,1,1,1
58,2022-02-17,59.0,59.0,59.0,59.0,,1,1,1
58,2022-02-18,35.7,35.7,35.7,35.7,,1,1,1
58,2022-02-19,14.8,14.8,14.8,14.8,,1,1,1
58,2022-02-20,15.6,15.6,15.6,15.6,,1,1,1
58,2022-02-21,24.0,24.0,24.0,24.0,,1,1,1
58,2022-02-22,34.3,34.3,34.3,34.3,,1,1,1
58,2022-02-23,39.4,39.4,39.4,39.4,,1,1,1
58,2022-02-24,43.6,43.6,43.6,43.6,,1,1,1
58,2022-02-25,42.7,42.7,42.7,42.7,,1,1,1
58,2022-02-28,102.0,102.0,102.0,102.0,,1,1,1
58,2022-03-01,88.5,88.5,88.5,88.5,,1,1,1
58,2022-03-04,102.0,102.0,102.0,102.0,,1,1,1
58,2022-03-05,96.7,96.7,96.7,96.7,,1,1,1
58,2022-03-06,86.9,86.9,86.9,86.9,,1,1,1
58,2022-03-07,95.9,95.9,95.9,95.9,,1,1,1
58,2022-03-08,88.0,88.0,88.0,88.0,,1,1,1
58,2022-03-09,45.5,45.5,45.5,45.5,,1,1,1
58,2022-03-10,60.3,60.3,60.3,60.3,,1,1,1
58,2022-03-11,55.9,55.9,55.9,55.9,,1,1,1
58,2022-03-12,64.6,64.6,64.6,64.6,,1,1,1
58,2022-03-13,72.7,72.7,72.7,72.7,,1,1,1
58,2022-03-14,95.1,95.1,95.1,95.1,,1,1,1
58,2022-03-15,106.0,106.0,106.0,106.0,,1,1,1
58,2022-03-16,97.6,97.6,97.6,97.6,,1,1,1
58,2022-03-17,131.0,131.0,131.0,131.0,,1,1,1
58,2022-03-18,153.0,153.0,153.0,153.0,,1,1,1
58,2022-03-19,110.0,110.0,110.0,110.0,,1,1,1
58,2022-03-21,72.0,72.0,72.0,72.0,,1,1,1
58,2022-03-22,32.3,32.3,32.3,32.3,,1,1,1
58,2022-03-26,50.6,50.6,50.6,50.6,,1,1,1
58,2022-03-27,89.2,89.2,89.2,89.2,,1,1,1
58,2022-03-30,100.0,100.0,100.0,100.0,,1,1,1
58,2022-03-31,93.9,93.9,93.9,93.9,,1,1,1
58,2022-04-01,118.0,118.0,118.0,118.0,,1,1,1
58,2022-04-02,105.0,105.0,105.0,105.0,,1,1,1
58,2022-04-03,30.0,30.0,30.0,30.0,,1,1,1
58,2022-04-04,33.7,33.7,33.7,33.7,,1,1,1
58,2022-04-05,74.3,74.3,74.3,74.3,,1,1,1
58,2022-04-06,94.8,94.8,94.8,94.8,,1,1,1
58,2022-04-07,75.6,75.6,75.6,75.6,,1,1,1
58,2022-04-08,40.7,40.7,40.7,40.7,,1,1,1
58,2022-04-09,40.4,40.4,40.4,40.4,,1,1,1
58,2022-04-10,45.5,45.5,45.5,45.5,,1,1,1
58,2022-04-11,75.3,75.3,75.3,75.3,,1,1,1
58,2022-04-12,65.1,65.1,65.1,65.1,,1,1,1
58,2022-04-13,74.5,74.5,74.5,74.5,,1,1,1
58,2022-04-14,83.2,83.2,83.2,83.2,,1,1,1
58,2022-04-15,52.7,52.7,52.7,52.7,,1,1,1
58,2022-04-16,46.4,46.4,46.4,46.4,,1,1,1
58,2022-04-17,33.6,33.6,33.6,33.6,,1,1,1
58,2022-04-18,30.8,30.8,30.8,30.8,,1,1,1
58,2022-04-19,32.6,32.6,32.6,32.6,,1,1,1
58,2022-04-20,23.7,23.7,23.7,23.7,,1,1,1
58,2022-04-21,24.3,24.3,24.3,24.3,,1,1,1
58,2022-04-22,25.8,25.8,25.8,25.8,,1,1,1
58,2022-04-23,28.9,28.9,28.9,28.9,,1,1,1
58,2022-04-24,32.2,32.2,32.2,32.2,,1,1,1
58,2022-04-25,35.5,35.5,35.5,35.5,,1,1,1
58,2022-04-26,39.8,39.8,39.8,39.8,,1,1,1
58,2022-04-29,43.6,43.6,43.6,43.6,,1,1,1
58,2022-04-30,43.5,43.5,43.5,43.5,,1,1,1
58,2022-05-01,21.8,21.8,21.8,21.8,,1,1,1
58,2022-05-02,20.8,20.8,20.8,20.8,,1,1,1
58,2022-05-03,17.8,17.8,17.8,17.8,,1,1,1
58,2022-05-04,20.3,20.3,20.3,20.3,,1,1,1
58,2022-05-05,22.7,22.7,22.7,22.7,,1,1,1
58,2022-05-06,21.2,21.2,21.2,21.2,,1,1,1
58,2022-05-08,10.3,10.3,10.3,10.3,,1,1,1
58,2022-05-09,7.08,7.08,7.08,7.08,,1,1,1
58,2022-05-10,6.74,6.74,6.74,6.74,,1,1,1
58,2022-05-11,5.13,5.13,5.13,5.13,,1,1,1
58,2022-05-12,5.67,5.67,5.67,5.67,,1,1,1
58,2022-05-13,11.6,11.6,11.6,11.6,,1,1,1
58,2022-05-14,13.1,13.1,13.1,13.1,,1,1,1
58,2022-05-15,12.6,12.6,12.6,12.6,,1,1,1
58,2022-05-16,15.5,15.5,15.5,15.5,,1,1,1
58,2022-05-17,10.0,10.0,10.0,10.0,,1,1,1
58,2022-05-18,6.21,6.21,6.21,6.21,,1,1,1
58,2022-05-19,5.88,5.88,5.88,5.88,,1,1,1
58,2022-05-20,6.59,6.59,6.59,6.59,,1,1,1
58,2022-05-21,5.1,5.1,5.1,5.1,,1,1,1
58,2022-05-22,6.24,6.24,6.24,6.24,,1,1,1
58,2022-05-25,9.74,9.74,9.74,9.74,,1,1,1
58,2022-05-26,13.2,13.2,13.2,13.2,,1,1,1
58,2022-05-29,20.1,20.1,20.1,20.1,,1,1,1
58,2022-05-30,17.3,17.3,17.3,17.3,,1,1,1
58,2022-05-31,16.8,16.8,16.8,16.8,,1,1,1
58,2022-06-01,13.2,13.2,13.2,13.2,,1,1,1
58,2022-06-02,13.1,13.1,13.1,13.1,,1,1,1
58,2022-06-03,12.6,12.6,12.6,12.6,,1,1,1
58,2022-06-04,7.21,7.21,7.21,7.21,,1,1,1
58,2022-06-05,3.95,3.95,3.95,3.95,,1,1,1
58,2022-06-06,4.08,4.08,4.08,4.08,,1,1,1
58,2022-06-07,4.0,4.0,4.0,4.0,,1,1,1
58,2022-06-08,4.92,4.92,4.92,4.92,,1,1,1
58,2022-06-09,8.29,8.29,8.29,8.29,,1,1,1
58,2022-06-10,11.5,11.5,11.5,11.5,,1,1,1
58,2022-06-11,11.4,11.4,11.4,11.4,,1,1,1
58,2022-06-12,9.54,9.54,9.54,9.54,,1,1,1
58,2022-06-13,7.74,7.74,7.74,7.74,,1,1,1
58,2022-06-14,12.0,12.0,12.0,12.0,,1,1,1
58,2022-06-15,12.2,12.2,12.2,12.2,,1,1,1
58,2022-06-16,9.29,9.29,9.29,9.29,,1,1,1
58,2022-06-17,5.92,5.92,5.92,5.92,,1,1,1
58,2022-06-18,4.04,4.04,4.04,4.04,,1,1,1
58,2022-06-19,3.75,3.75,3.75,3.75,,1,1,1
58,2022-06-20,3.46,3.46,3.46,3.46,,1,1,1
58,2022-06-21,4.39,4.39,4.39,4.39,,1,1,1
58,2022-06-22,3.18,3.18,3.18,3.18,,1,1,1
58,2022-06-23,3.41,3.41,3.41,3.41,,1,1,1
58,2022-06-24,4.17,4.17,4.17,4.17,,1,1,1
58,2022-06-25,5.61,5.61,5.61,5.61,,1,1,1
58,2022-06-28,3.83,3.83,3.83,3.83,,1,1,1
58,2022-06-29,3.17,3.17,3.17,3.17,,1,1,1
58,2022-06-30,3.75,3.75,3.75,3.75,,1,1,1
58,2022-07-01,3.13,3.13,3.13,3.13,,1,1,1
58,2022-07-02,4.42,4.42,4.42,4.42,,1,1,1
58,2022-07-03,4.79,4.79,4.79,4.79,,1,1,1
58,2022-07-04,3.46,3.46,3.46,3.46,,1,1,1
58,2022-07-05,3.38,3.38,3.38,3.38,,1,1,1
58,2022-07-06,4.46,4.46,4.46,4.46,,1,1,1
58,2022-07-07,3.45,3.45,3.45,3.45,,1,1,1
58,2022-07-08,4.63,4.63,4.63,4.63,,1,1,1
58,2022-07-09,4.0,4.0,4.0,4.0,,1,1,1
58,2022-07-10,3.0,3.0,3.0,3.0,,1,1,1
58,2022-07-11,3.82,3.82,3.82,3.82,,1,1,1
58,2022-07-12,5.25,5.25,5.25,5.25,,1,1,1
58,2022-07-13,6.54,6.54,6.54,6.54,,1,1,1
58,2022-07-14,5.54,5.54,5.54,5.54,,1,1,1
58,2022-07-15,4.33,4.33,4.33,4.33,,1,1,1
58,2022-07-16,3.83,3.83,3.83,3.83,,1,1,1
58,2022-07-17,4.38,4.38,4.38,4.38,,1,1,1
58,2022-07-18,6.92,6.92,6.92,6.92,,1,1,1
58,2022-07-19,8.71,8.71,8.71,8.71,,1,1,1
58,2022-07-20,5.39,5.39,5.39,5.39,,1,1,1
58,2022-07-21,4.29,4.29,4.29,4.29,,1,1,1
58,2022-07-22,5.75,5.75,5.75,5.75,,1,1,1
58,2022-07-23,3.67,3.67,3.67,3.67,,1,1,1
58,2022-07-24,4.0,4.0,4.0,4.0,,1,1,1
58,2022-07-25,4.58,4.58,4.58,4.58,,1,1,1
58,2022-07-28,8.04,8.04,8.04,8.04,,1,1,1
58,2022-07-29,8.53,8.53,8.53,8.53,,1,1,1
58,2022-07-31,5.04,5.04,5.04,5.04,,1,1,1
58,2022-08-01,5.13,5.13,5.13,5.13,,1,1,1
58,2022-08-02,6.29,6.29,6.29,6.29,,1,1,1
58,2022-08-03,4.83,4.83,4.83,4.83,,1,1,1
58,2022-08-04,3.92,3.92,3.92,3.92,,1,1,1
58,2022-08-05,3.75,3.75,3.75,3.75,,1,1,1
58,2022-08-06,4.0,4.0,4.0,4.0,,1,1,1
58,2022-08-07,8.25,8.25,8.25,8.25,,1,1,1
58,2022-08-08,8.13,8.13,8.13,8.13,,1,1,1
58,2022-08-09,7.83,7.83,7.83,7.83,,1,1,1
58,2022-08-10,7.29,7.29,7.29,7.29,,1,1,1
58,2022-08-11,8.83,8.83,8.83,8.83,,1,1,1
58,2022-08-12,10.4,10.4,10.4,10.4,,1,1,1
58,2022-08-13,8.13,8.13,8.13,8.13,,1,1,1
58,2022-08-14,10.9,10.9,10.9,10.9,,1,1,1
58,2022-08-15,8.79,8.79,8.79,8.79,,1,1,1
58,2022-08-16,8.52,8.52,8.52,8.52,,1,1,1
58,2022-08-17,9.0,9.0,9.0,9.0,,1,1,1
58,2022-08-18,8.13,8.13,8.13,8.13,,1,1,1
58,2022-08-19,9.61,9.61,9.61,9.61,,1,1,1
58,2022-08-20,11.7,11.7,11.7,11.7,,1,1,1
58,2022-08-21,10.3,10.3,10.3,10.3,,1,1,1
58,2022-08-22,12.3,12.3,12.3,12.3,,1,1,1
58,2022-08-23,10.7,10.7,10.7,10.7,,1,1,1
58,2022-08-24,9.13,9.13,9.13,9.13,,1,1,1
58,2022-08-27,9.17,9.17,9.17,9.17,,1,1,1
58,2022-08-28,9.74,9.74,9.74,9.74,,1,1,1
58,2022-08-29,10.1,10.1,10.1,10.1,,1,1,1
58,2022-08-30,10.5,10.5,10.5,10.5,,1,1,1
58,2022-08-31,10.1,10.1,10.1,10.1,,1,1,1
58,2022-09-01,9.96,9.96,9.96,9.96,,1,1,1
58,2022-09-02,9.21,9.21,9.21,9.21,,1,1,1
58,2022-09-03,11.0,11.0,11.0,11.0,,1,1,1
58,2022-09-04,11.4,11.4,11.4,11.4,,1,1,1
58,2022-09-05,10.3,10.3,10.3,10.3,,1,1,1
58,2022-09-06,12.5,12.5,12.5,12.5,,1,1,1
58,2022-09-07,12.1,12.1,12.1,12.1,,1,1,1
58,2022-09-08,19.4,19.4,19.4,19.4,,1,1,1
58,2022-09-09,16.9,16.9,16.9,16.9,,1,1,1
58,2022-09-10,9.33,9.33,9.33,9.33,,1,1,1
58,2022-09-11,7.17,7.17,7.17,7.17,,1,1,1
58,2022-09-12,3.96,3.96,3.96,3.96,,1,1,1
58,2022-09-13,4.92,4.92,4.92,4.92,,1,1,1
58,2022-09-14,5.0,5.0,5.0,5.0,,1,1,1
58,2022-09-15,4.79,4.79,4.79,4.79,,1,1,1
58,2022-09-16,3.95,3.95,3.95,3.95,,1,1,1
58,2022-09-17,4.88,4.88,4.88,4.88,,1,1,1
58,2022-09-18,3.67,3.67,3.67,3.67,,1,1,1
58,2022-09-19,4.21,4.21,4.21,4.21,,1,1,1
58,2022-09-20,4.13,4.13,4.13,4.13,,1,1,1
58,2022-09-21,4.58,4.58,4.58,4.58,,1,1,1
58,2022-09-22,5.25,5.25,5.25,5.25,,1,1,1
58,2022-09-23,5.96,5.96,5.96,5.96,,1,1,1
58,2022-09-26,5.96,5.96,5.96,5.96,,1,1,1
58,2022-09-27,5.13,5.13,5.13,5.13,,1,1,1
58,2022-09-28,6.13,6.13,6.13,6.13,,1,1,1
58,2022-09-29,9.92,9.92,9.92,9.92,,1,1,1
58,2022-09-30,12.3,12.3,12.3,12.3,,1,1,1
58,2022-10-01,7.5,7.5,7.5,7.5,,1,1,1
58,2022-10-02,4.78,4.78,4.78,4.78,,1,1,1
58,2022-10-03,4.71,4.71,4.71,4.71,,1,1,1
58,2022-10-04,4.71,4.71,4.71,4.71,,1,1,1
58,2022-10-05,5.25,5.25,5.25,5.25,,1,1,1
58,2022-10-06,5.38,5.38,5.38,5.38,,1,1,1
58,2022-10-07,6.71,6.71,6.71,6.71,,1,1,1
58,2022-10-08,6.54,6.54,6.54,6.54,,1,1,1
58,2022-10-09,5.08,5.08,5.08,5.08,,1,1,1
58,2022-10-10,5.58,5.58,5.58,5.58,,1,1,1
58,2022-10-11,5.42,5.42,5.42,5.42,,1,1,1
58,2022-10-12,6.13,6.13,6.13,6.13,,1,1,1
58,2022-10-13,8.0,8.0,8.0,8.0,,1,1,1
58,2022-10-14,8.22,8.22,8.22,8.22,,1,1,1
58,2022-10-15,7.79,7.79,7.79,7.79,,1,1,1
58,2022-10-16,12.3,12.3,12.3,12.3,,1,1,1
58,2022-10-17,16.6,16.6,16.6,16.6,,1,1,1
58,2022-10-18,20.6,20.6,20.6,20.6,,1,1,1
58,2022-10-19,20.9,20.9,20.9,20.9,,1,1,1
58,2022-10-20,19.2,19.2,19.2,19.2,,1,1,1
58,2022-10-21,17.2,17.2,17.2,17.2,,1,1,1
58,2022-10-22,11.9,11.9,11.9,11.9,,1,1,1
58,2022-10-23,8.79,8.79,8.79,8.79,,1,1,1
58,2022-10-26,18.0,18.0,18.0,18.0,,1,1,1
58,2022-10-27,17.8,17.8,17.8,17.8,,1,1,1
58,2022-10-28,11.7,11.7,11.7,11.7,,1,1,1
58,2022-10-29,10.2,10.2,10.2,10.2,,1,1,1
58,2022-10-30,11.3,11.3,11.3,11.3,,1,1,1
58,2022-10-31,12.8,12.8,12.8,12.8,,1,1,1
58,2022-11-01,17.0,17.0,17.0,17.0,,1,1,1
58,2022-11-02,18.4,18.4,18.4,18.4,,1,1,1
58,2022-11-03,16.3,16.3,16.3,16.3,,1,1,1
58,2022-11-04,14.0,14.0,14.0,14.0,,1,1,1
58,2022-11-05,15.8,15.8,15.8,15.8,,1,1,1
58,2022-11-08,16.8,16.8,16.8,16.8,,1,1,1
58,2022-11-09,15.4,15.4,15.4,15.4,,1,1,1
58,2022-11-10,15.9,15.9,15.9,15.9,,1,1,1
58,2022-11-11,17.2,17.2,17.2,17.2,,1,1,1
58,2022-11-12,18.9,18.9,18.9,18.9,,1,1,1
58,2022-11-13,13.9,13.9,13.9,13.9,,1,1,1
58,2022-11-14,15.4,15.4,15.4,15.4,,1,1,1
58,2022-11-15,14.5,14.5,14.5,14.5,,1,1,1
58,2022-11-16,12.0,12.0,12.0,12.0,,1,1,1
58,2022-11-17,8.96,8.96,8.96,8.96,,1,1,1
58,2022-11-18,7.0,7.0,7.0,7.0,,1,1,1
58,2022-11-19,9.38,9.38,9.38,9.38,,1,1,1
58,2022-11-20,6.79,6.79,6.79,6.79,,1,1,1
58,2022-11-21,7.46,7.46,7.46,7.46,,1,1,1
58,2022-11-22,10.5,10.5,10.5,10.5,,1,1,1
58,2022-11-25,11.1,11.1,11.1,11.1,,1,1,1
58,2022-11-26,6.83,6.83,6.83,6.83,,1,1,1
58,2022-11-27,5.48,5.48,5.48,5.48,,1,1,1
58,2022-11-28,6.08,6.08,6.08,6.08,,1,1,1
58,2022-11-29,8.67,8.67,8.67,8.67,,1,1,1
58,2022-11-30,7.71,7.71,7.71,7.71,,1,1,1
58,2022-12-01,7.04,7.04,7.04,7.04,,1,1,1
58,2022-12-02,7.25,7.25,7.25,7.25,,1,1,1
58,2022-12-03,9.21,9.21,9.21,9.21,,1,1,1
58,2022-12-04,9.33,9.33,9.33,9.33,,1,1,1
58,2022-12-05,11.1,11.1,11.1,11.1,,1,1,1
58,2022-12-06,11.5,11.5,11.5,11.5,,1,1,1
58,2022-12-07,11.3,11.3,11.3,11.3,,1,1,1
58,2022-12-08,12.7,12.7,12.7,12.7,,1,1,1
58,2022-12-09,10.6,10.6,10.6,10.6,,1,1,1
58,2022-12-10,11.0,11.0,11.0,11.0,,1,1,1
58,2022-12-11,10.8,10.8,10.8,10.8,,1,1,1
58,2022-12-12,11.5,11.5,11.5,11.5,,1,1,1
58,2022-12-13,13.5,13.5,13.5,13.5,,1,1,1
58,2022-12-14,17.4,17.4,17.4,17.4,,1,1,1
58,2022-12-15,20.2,20.2,20.2,20.2,,1,1,1
58,2022-12-16,22.3,22.3,22.3,22.3,,1,1,1
58,2022-12-17,24.8,24.8,24.8,24.8,,1,1,1
58,2022-12-18,23.0,23.0,23.0,23.0,,1,1,1
58,2022-12-19,23.7,23.7,23.7,23.7,,1,1,1
58,2022-12-20,21.6,21.6,21.6,21.6,,1,1,1
58,2022-12-21,18.9,18.9,18.9,18.9,,1,1,1
58,2022-12-22,16.6,16.6,16.6,16.6,,1,1,1
58,2022-12-25,20.1,20.1,20.1,20.1,,1,1,1
58,2022-12-26,21.4,21.4,21.4,21.4,,1,1,1
58,2022-12-27,19.3,19.3,19.3,19.3,,1,1,1
58,2022-12-28,18.2,18.2,18.2,18.2,,1,1,1
58,2022-12-29,21.7,21.7,21.7,21.7,,1,1,1
58,2022-12-30,21.4,21.4,21.4,21.4,,1,1,1
58,2022-12-31,21.5,21.5,21.5,21.5,,1,1,1
58,2023-01-01,26.3,26.3,26.3,26.3,,1,1,1
58,2023-01-02,21.5,21.5,21.5,21.5,,1,1,1
58,2023-01-04,18.7,18.7,18.7,18.7,,1,1,1
58,2023-01-05,17.0,17.0,17.0,17.0,,1,1,1
58,2023-01-06,20.4,20.4,20.4,20.4,,1,1,1
58,2023-01-07,15.1,15.1,15.1,15.1,,1,1,1
58,2023-01-08,20.5,20.5,20.5,20.5,,1,1,1
58,2023-01-09,23.1,23.1,23.1,23.1,,1,1,1
58,2023-01-10,26.5,26.5,26.5,26.5,,1,1,1
58,2023-01-11,22.5,22.5,22.5,22.5,,1,1,1
58,2023-01-17,26.5,26.5,26.5,26.5,,1,1,1
58,2023-01-18,24.5,24.5,24.5,24.5,,1,1,1
58,2023-01-19,28.9,28.9,28.9,28.9,,1,1,1
58,2023-01-20,26.3,26.3,26.3,26.3,,1,1,1
58,2023-01-21,31.35,31.35,26.7,36.0,6.576093065034891,2,2,2
58,2023-01-24,31.9,31.9,27.5,36.3,6.222539674441617,2,2,2
58,2023-01-25,40.349999999999994,40.349999999999994,33.9,46.8,9.121677477306465,2,2,2
58,2023-01-26,43.8,43.8,37.2,50.4,9.333809511662427,2,2,2
58,2023-01-27,45.2,45.2,38.9,51.5,8.909545442950497,2,2,2
58,2023-01-28,46.65,46.65,39.4,53.9,10.253048327204938,2,2,2
58,2023-01-29,49.2,49.2,44.4,54.0,6.788225099390854,2,2,2
58,2023-01-30,42.0,42.0,36.5,47.5,7.7781745930520225,2,2,2
58,2023-01-31,40.95,40.95,38.0,43.9,4.171930009000627,2,2,2
58,2023-02-01,46.5,46.5,39.1,53.9,10.4651803615609,2,2,2
58,2023-02-15,93.9,93.9,58.8,129.0,49.63889603929563,2,2,2
58,2023-03-20,87.75,87.75,65.5,110.0,31.466251762801363,2,2,2
58,2023-03-22,128.0,128.0,105.0,151.0,32.526911934581186,2,2,2
58,2023-03-25,269.0,269.0,260.0,278.0,12.727922061357855,2,2,2
58,2023-03-26,302.5,302.5,281.0,324.0,30.405591591021544,2,2,2
58,2023-03-27,266.5,266.5,235.0,298.0,44.54772721475249,2,2,2
58,2023-03-28,223.5,223.5,214.0,233.0,13.435028842544403,2,2,2
58,2023-03-29,272.5,272.5,252.0,293.0,28.991378028648448,2,2,2
58,2023-03-30,357.0,357.0,294.0,420.0,89.09545442950498,2,2,2
58,2023-03-31,345.5,345.5,284.0,407.0,86.97413408594535,2,2,2
58,2023-04-01,281.0,281.0,247.0,315.0,48.08326112068523,2,2,2
58,2023-04-02,199.5,199.5,187.0,212.0,17.67766952966369,2,2,2
58,2023-04-03,114.0,114.0,114.0,114.0,,1,1,1
58,2023-04-04,128.0,128.0,128.0,128.0,,1,1,1
58,2023-04-05,253.0,253.0,159.0,347.0,132.93607486307093,2,2,2
58,2023-04-07,300.0,300.0,204.0,396.0,135.7645019878171,2,2,2
58,2023-04-08,255.5,255.5,173.0,338.0,116.67261889578035,2,2,2
58,2023-04-09,127.0,127.0,127.0,127.0,,1,1,1
58,2023-04-10,114.0,114.0,114.0,114.0,,1,1,1
58,2023-04-11,206.5,206.5,114.0,299.0,130.8147545195113,2,2,2
58,2023-04-12,210.5,210.5,121.0,300.0,126.572113832392,2,2,2
58,2023-04-16,222.5,222.5,192.0,253.0,43.1335136523794,2,2,2
58,2023-04-17,177.0,177.0,177.0,177.0,,1,1,1
58,2023-04-20,108.35,108.35,57.7,159.0,71.62991693419727,2,2,2
58,2023-04-21,90.35,90.35,54.7,126.0,50.41671349860084,2,2,2
58,2023-04-24,46.55,46.55,37.0,56.1,13.505739520663061,2,2,2
58,2023-04-27,53.550000000000004,53.550000000000004,42.2,64.9,16.05132393293463,2,2,2
58,2023-04-29,62.900000000000006,62.900000000000006,46.4,79.4,23.334523779156072,2,2,2
58,2023-04-30,74.35,74.35,48.9,99.8,35.99173516239527,2,2,2
58,2023-05-01,53.85,53.85,42.5,65.2,16.05132393293463,2,2,2
58,2023-05-02,28.6,28.6,23.5,33.7,7.2124891681027865,2,2,2
58,2023-05-03,24.4,24.4,23.7,25.1,0.9899494936611692,2,2,2
58,2023-05-04,19.0,19.0,15.7,22.3,4.666904755831214,2,2,2
58,2023-05-05,17.6,17.6,11.3,23.9,8.909545442950499,2,2,2
58,2023-05-06,30.3,30.3,30.3,30.3,,1,1,1
58,2023-05-07,30.9,30.9,30.9,30.9,,1,1,1
58,2023-05-11,19.65,19.65,12.8,26.5,9.687362902255702,2,2,2
58,2023-05-12,13.465,13.465,8.33,18.6,7.261986642785845,2,2,2
58,2023-05-17,24.4,24.4,15.2,33.6,13.010764773832477,2,2,2
58,2023-05-18,29.849999999999998,29.849999999999998,17.4,42.3,17.60695885154503,2,2,2
58,2023-05-20,28.35,28.35,18.5,38.2,13.930003589374987,2,2,2
58,2023-05-21,31.4,31.4,19.5,43.3,16.82914139223983,2,2,2
58,2023-05-22,32.85,32.85,20.5,45.2,17.465537495307725,2,2,2
58,2023-05-26,27.15,27.15,17.4,36.9,13.788582233137676,2,2,2
58,2023-06-01,9.29,9.29,9.29,9.29,,1,1,1
58,2023-06-04,11.6,11.6,11.6,11.6,,1,1,1
58,2023-06-05,7.96,7.96,7.96,7.96,,1,1,1
58,2023-06-08,6.13,6.13,6.13,6.13,,1,1,1
58,2023-06-09,11.5,11.5,11.5,11.5,,1,1,1
58,2023-06-10,12.8,12.8,12.8,12.8,,1,1,1
58,2023-06-11,16.5,16.5,16.5,16.5,,1,1,1
58,2023-06-18,4.22,4.22,4.22,4.22,,1,1,1
58,2023-06-19,3.89,3.89,3.89,3.89,,1,1,1
58,2023-06-22,3.53,3.53,3.53,3.53,,1,1,1
58,2023-07-08,4.86,4.86,4.86,4.86,,1,1,1
58,2023-07-09,4.42,4.42,4.42,4.42,,1,1,1
58,2023-07-18,10.285,10.285,7.07,13.5,4.5466966030295,2,2,2
58,2023-07-19,9.19,9.19,9.19,9.19,,1,1,1
58,2023-07-20,5.279999999999999,5.279999999999999,3.84,6.72,2.036467529817257,2,2,2
58,2023-07-21,2.51,2.51,2.51,2.51,,1,1,1
58,2023-07-22,6.02,6.02,6.02,6.02,,1,1,1
58,2023-07-23,8.15,8.15,8.15,8.15,,1,1,1
58,2023-07-24,21.3,21.3,6.7,35.9,20.647518010647186,2,2,2
58,2023-07-25,29.055,29.055,7.11,51.0,31.03491662627757,2,2,2
58,2023-07-26,30.919999999999998,30.919999999999998,3.94,57.9,38.155481912826104,2,2,2
58,2023-07-27,23.56,23.56,3.12,44.0,28.90652521490606,2,2,2
58,2023-07-28,41.05,41.05,2.5,79.6,54.51793282948281,2,2,2
58,2023-07-29,4.69,4.69,4.69,4.69,,1,1,1
58,2023-07-30,1.6,1.6,1.6,1.6,,1,1,1
58,2023-07-31,4.14,44.288666666666664,0.726,128.0,72.5162350465972,3,3,3
58,2023-08-01,65.18,65.18,3.36,127.0,87.42668242590473,2,2,2
58,2023-08-02,63.675,63.675,4.35,123.0,83.89821958778387,2,2,2
58,2023-08-03,62.95,62.95,4.9,121.0,82.09509729575817,2,2,2
58,2023-08-04,66.76,66.76,6.52,127.0,85.19222499735524,2,2,2
58,2023-08-05,62.125,62.125,8.25,116.0,76.1907556728505,2,2,2
58,2023-08-06,69.9,69.9,12.8,127.0,80.75159441150373,2,2,2
58,2023-08-07,63.465,63.465,5.93,121.0,81.36677731113602,2,2,2
58,2023-08-08,64.01,64.01,4.02,124.0,84.83867160676198,2,2,2
58,2023-08-09,59.595,59.595,4.19,115.0,78.35450242328133,2,2,2
58,2023-08-10,35.3,35.3,5.0,65.6,42.850670939904774,2,2,2
58,2023-08-11,49.6,49.6,11.3,87.9,54.16437943888954,2,2,2
58,2023-08-12,17.2,38.26666666666667,11.2,86.4,41.79250331498861,3,3,3
58,2023-08-13,41.65,41.65,17.5,65.8,34.153257531310246,2,2,2
58,2023-08-14,44.2,44.2,18.2,70.2,36.76955262170047,2,2,2
58,2023-08-15,13.2,28.599999999999998,10.6,62.0,28.95444698142239,3,3,3
58,2023-08-16,50.015,50.015,9.13,90.9,57.820121497623994,2,2,2
58,2023-08-17,30.405,30.405,4.11,56.7,37.18674562260053,2,2,2
58,2023-08-18,20.619999999999997,20.619999999999997,2.34,38.9,25.851823920180177,2,2,2
58,2023-08-19,18.9,18.9,9.6,28.2,13.152186130069785,2,2,2
58,2023-08-20,39.545,39.545,9.39,69.7,42.645609973360685,2,2,2
58,2023-08-21,35.955,35.955,8.91,63.0,38.247405794380356,2,2,2
58,2023-08-22,36.705000000000005,36.705000000000005,6.51,66.9,42.70217851585561,2,2,2
58,2023-08-23,34.4,34.4,5.1,63.7,41.43645737753169,2,2,2
58,2023-08-24,29.325,29.325,6.55,52.1,32.20871388304724,2,2,2
58,2023-08-25,30.005000000000003,30.005000000000003,3.41,56.6,37.61100969131246,2,2,2
58,2023-08-26,37.435,37.435,6.97,67.9,43.08401617769635,2,2,2
58,2023-08-27,33.85,33.85,13.1,54.6,29.34493141924172,2,2,2
58,2023-08-28,10.0,10.0,10.0,10.0,,1,1,1
58,2023-08-29,5.03,5.03,4.03,6.03,1.4142135623730951,2,2,2
58,2023-08-30,6.59,6.59,6.59,6.59,,1,1,1
58,2023-08-31,3.78,3.78,3.78,3.78,,1,1,1
58,2023-09-01,2.75,2.75,2.75,2.75,,1,1,1
58,2023-09-02,2.08,2.08,2.08,2.08,,1,1,1
58,2023-09-03,10.129999999999999,10.129999999999999,5.26,15.0,6.887220048756974,2,2,2
58,2023-09-04,20.7,20.7,20.7,20.7,,1,1,1
58,2023-09-05,18.1,18.1,18.1,18.1,,1,1,1
58,2023-09-06,50.394999999999996,50.394999999999996,3.49,97.3,66.33368714311001,2,2,2
58,2023-09-07,30.935000000000002,30.935000000000002,1.77,60.1,41.24553854661132,2,2,2
58,2023-09-08,38.515,38.515,1.03,76.0,53.011795385555466,2,2,2
58,2023-09-09,2.65,2.65,2.65,2.65,,1,1,1
58,2023-09-10,52.825,52.825,4.65,101.0,68.12973836732385,2,2,2
58,2023-09-11,27.16,27.16,1.82,52.5,35.83617167053423,2,2,2
58,2023-09-12,1.25,1.25,1.25,1.25,,1,1,1
58,2023-09-13,1.68,1.68,1.68,1.68,,1,1,1
58,2023-09-14,3.08,3.08,3.08,3.08,,1,1,1
58,2023-09-15,2.71,2.71,2.71,2.71,,1,1,1
58,2023-09-16,4.89,4.89,4.89,4.89,,1,1,1
58,2023-09-17,2.0,2.0,2.0,2.0,,1,1,1
58,2023-09-18,3.24,3.24,3.24,3.24,,1,1,1
58,2023-09-19,1.77,1.77,1.77,1.77,,1,1,1
58,2023-09-20,2.48,2.48,2.48,2.48,,1,1,1
58,2023-09-21,5.29,5.29,5.03,5.55,0.3676955262170044,2,2,2
58,2023-09-22,33.255,33.255,5.01,61.5,39.94446206922807,2,2,2
58,2023-09-23,4.81,4.81,4.81,4.81,,1,1,1
58,2023-09-24,8.72,8.72,8.72,8.72,,1,1,1
58,2023-09-25,17.5,17.5,10.6,24.4,9.758073580374354,2,2,2
58,2023-09-26,31.75,31.75,12.2,51.3,27.647875144394007,2,2,2
58,2023-09-27,10.6,10.6,10.6,10.6,,1,1,1
58,2023-09-28,2.65,2.65,2.65,2.65,,1,1,1
58,2023-09-29,2.18,2.18,2.18,2.18,,1,1,1
58,2023-09-30,1.0,1.0,1.0,1.0,,1,1,1
58,2023-10-01,1.25,1.25,1.25,1.25,,1,1,1
58,2023-10-02,2.59,2.59,2.59,2.59,,1,1,1
58,2023-10-03,2.46,2.46,2.46,2.46,,1,1,1
58,2023-10-04,4.2,4.2,4.2,4.2,,1,1,1
58,2023-10-05,6.6,6.6,6.6,6.6,,1,1,1
58,2023-10-06,8.2,8.2,8.2,8.2,,1,1,1
58,2023-10-07,5.22,5.22,5.22,5.22,,1,1,1
58,2023-10-08,2.48,2.48,2.48,2.48,,1,1,1
58,2023-10-09,1.62,1.62,1.62,1.62,,1,1,1
58,2023-10-10,3.41,3.41,3.41,3.41,,1,1,1
58,2023-10-11,11.6,11.6,11.6,11.6,,1,1,1
58,2023-10-12,10.6,10.6,10.6,10.6,,1,1,1
58,2023-10-13,4.93,4.93,4.93,4.93,,1,1,1
58,2023-10-14,7.3,7.3,7.3,7.3,,1,1,1
58,2023-10-15,5.51,5.51,5.51,5.51,,1,1,1
58,2023-10-16,3.17,3.17,3.17,3.17,,1,1,1
58,2023-10-17,8.45,8.45,8.45,8.45,,1,1,1
58,2023-10-18,14.5,14.5,14.5,14.5,,1,1,1
58,2023-10-19,12.4,12.4,12.4,12.4,,1,1,1
58,2023-10-20,9.18,9.18,9.18,9.18,,1,1,1
58,2023-10-21,14.6,14.6,14.6,14.6,,1,1,1
58,2023-10-22,17.6,17.6,17.6,17.6,,1,1,1
58,2023-10-23,20.3,20.3,20.3,20.3,,1,1,1
58,2023-10-24,17.7,17.7,17.7,17.7,,1,1,1
58,2023-10-25,15.6,15.6,15.6,15.6,,1,1,1
58,2023-10-26,14.3,14.3,14.3,14.3,,1,1,1
58,2023-10-27,13.5,13.5,13.5,13.5,,1,1,1
58,2023-10-28,9.44,9.44,9.44,9.44,,1,1,1
58,2023-10-29,7.94,7.94,7.94,7.94,,1,1,1
58,2023-10-30,8.75,8.75,8.75,8.75,,1,1,1
58,2023-10-31,1.43,1.43,1.43,1.43,,1,1,1
58,2023-11-01,3.24,3.24,3.24,3.24,,1,1,1
58,2023-11-02,7.89,7.89,7.89,7.89,,1,1,1
58,2023-11-03,9.59,9.59,9.59,9.59,,1,1,1
58,2023-11-04,9.33,9.33,9.33,9.33,,1,1,1
58,2023-11-05,8.56,8.56,8.56,8.56,,1,1,1
58,2023-11-07,10.6,10.6,10.6,10.6,,1,1,1
58,2023-11-08,11.6,11.6,11.6,11.6,,1,1,1
58,2023-11-09,14.9,14.9,14.9,14.9,,1,1,1
58,2023-11-10,16.0,16.0,16.0,16.0,,1,1,1
58,2023-11-11,18.7,18.7,18.7,18.7,,1,1,1
58,2023-11-12,19.7,19.7,19.7,19.7,,1,1,1
58,2023-11-13,11.3,11.3,11.3,11.3,,1,1,1
58,2023-11-14,7.99,7.99,7.99,7.99,,1,1,1
58,2023-11-15,7.92,7.92,7.92,7.92,,1,1,1
58,2023-11-16,11.4,11.4,11.4,11.4,,1,1,1
58,2023-11-17,9.03,9.03,9.03,9.03,,1,1,1
58,2023-11-18,12.0,12.0,12.0,12.0,,1,1,1
58,2023-11-19,17.3,17.3,17.3,17.3,,1,1,1
58,2023-11-20,18.1,18.1,18.1,18.1,,1,1,1
58,2023-11-21,18.5,18.5,18.5,18.5,,1,1,1
58,2023-11-22,19.4,19.4,19.4,19.4,,1,1,1
58,2023-11-23,23.6,23.6,23.6,23.6,,1,1,1
58,2023-11-24,23.2,23.2,23.2,23.2,,1,1,1
58,2023-11-25,22.1,22.1,22.1,22.1,,1,1,1
58,2023-11-26,28.1,28.1,28.1,28.1,,1,1,1
58,2023-11-27,28.1,28.1,28.1,28.1,,1,1,1
58,2023-11-28,29.7,29.7,29.7,29.7,,1,1,1
58,2023-11-29,33.0,33.0,33.0,33.0,,1,1,1
58,2023-11-30,35.3,35.3,35.3,35.3,,1,1,1
58,2023-12-01,32.5,32.5,32.5,32.5,,1,1,1
58,2023-12-02,25.2,25.2,25.2,25.2,,1,1,1
58,2023-12-03,19.0,19.0,19.0,19.0,,1,1,1
58,2023-12-05,17.5,17.5,17.5,17.5,,1,1,1
58,2023-12-06,14.5,14.5,14.5,14.5,,1,1,1
58,2023-12-07,33.25,33.25,21.3,45.2,16.899852070358488,2,2,2
58,2023-12-08,35.5,35.5,25.8,45.2,13.717871555019025,2,2,2
58,2023-12-09,42.05,42.05,24.3,59.8,25.102290732122437,2,2,2
58,2023-12-10,37.95,37.95,13.9,62.0,34.011836175072936,2,2,2
58,2023-12-11,31.55,31.55,12.6,50.5,26.79934700697015,2,2,2
58,2023-12-12,22.8,22.8,22.8,22.8,,1,1,1
58,2023-12-13,36.2,36.2,36.2,36.2,,1,1,1
58,2023-12-14,68.2,68.2,39.7,96.7,40.30508652763321,2,2,2
58,2023-12-15,57.6,57.6,31.8,83.4,36.48670990922585,2,2,2
58,2023-12-16,39.45,39.45,21.1,57.8,25.95081886954629,2,2,2
58,2023-12-17,41.900000000000006,41.900000000000006,29.6,54.2,17.394826817189067,2,2,2
58,2023-12-18,46.05,46.05,28.9,63.2,24.253762594698586,2,2,2
58,2023-12-19,47.25,47.25,30.2,64.3,24.11234123846127,2,2,2
58,2023-12-20,43.55,43.55,24.9,62.2,26.375082938258227,2,2,2
58,2023-12-21,46.1,46.1,27.2,65.0,26.7286363288515,2,2,2
58,2023-12-22,44.5,44.5,28.5,60.5,22.627416997969522,2,2,2
58,2023-12-23,36.2,36.2,26.9,45.5,13.152186130069783,2,2,2
58,2023-12-24,37.55,37.55,35.4,39.7,3.04055915910216,2,2,2
58,2023-12-25,46.0,46.0,39.4,52.6,9.333809511662428,2,2,2
58,2023-12-26,45.099999999999994,45.099999999999994,37.8,52.4,10.323759005323597,2,2,2
58,2023-12-27,46.45,46.45,35.9,57.0,14.919953083036152,2,2,2
58,2023-12-28,44.45,44.45,34.3,54.6,14.354267658086915,2,2,2
58,2023-12-29,28.5,28.5,28.5,28.5,,1,1,1
58,2023-12-30,29.4,29.4,29.4,29.4,,1,1,1
58,2023-12-31,32.1,32.1,32.1,32.1,,1,1,1
58,2024-01-01,31.1,31.1,31.1,31.1,,1,1,1
58,2024-01-02,24.5,24.5,24.5,24.5,,1,1,1
58,2024-01-03,22.7,22.7,22.7,22.7,,1,1,1
58,2024-01-04,26.2,26.2,26.2,26.2,,1,1,1
58,2024-01-05,14.6,18.133333333333333,13.7,26.1,6.913995468130809,3,3,3
58,2024-01-06,15.9,20.533333333333335,15.8,29.9,8.111925377697537,3,3,3
58,2024-01-07,17.2,20.533333333333335,16.8,27.6,6.123180001709352,3,3,3
58,2024-01-08,16.4,18.033333333333335,14.6,23.1,4.479211240088297,3,3,3
58,2024-01-09,16.2,19.366666666666664,16.2,25.7,5.484827557301445,3,3,3
58,2024-01-10,22.2,24.233333333333334,19.0,31.5,6.4933299110189475,3,3,3
58,2024-01-11,21.8,23.633333333333336,20.3,28.8,4.536885862938733,3,3,3
58,2024-01-12,20.9,22.0,19.3,25.8,3.38673884437522,3,3,3
58,2024-01-13,20.5,23.933333333333334,20.0,31.3,6.384616929255297,3,3,3
58,2024-01-14,32.3,32.3,32.3,32.3,,1,1,1
58,2024-01-15,29.75,29.75,18.5,41.0,15.90990257669732,2,2,2
58,2024-01-16,35.9,35.9,35.9,35.9,,1,1,1
58,2024-01-17,21.2,24.766666666666666,19.5,33.6,7.696969100453329,3,3,3
58,2024-01-18,18.6,21.633333333333336,17.5,28.8,6.230837289910028,3,3,3
58,2024-01-19,18.5,20.133333333333333,16.9,25.0,4.289910643980051,3,3,3
58,2024-01-20,17.6,17.533333333333335,16.0,19.0,1.501110699893027,3,3,3
58,2024-01-21,29.8,29.8,29.8,29.8,,1,1,1
58,2024-01-22,31.55,31.325,23.9,38.3,7.735793430540917,4,4,4
58,2024-01-23,32.349999999999994,32.275,25.7,38.7,6.432404941647668,4,4,4
58,2024-01-24,30.2,29.55,23.7,34.1,5.04149448741806,4,4,4
58,2024-01-25,40.8,34.96,21.9,44.5,10.061709596286311,5,5,5
58,2024-01-26,39.4,37.5,22.2,49.0,13.184334138160587,4,4,4
58,2024-01-27,24.85,24.85,22.0,27.7,4.030508652763319,2,2,2
58,2024-01-28,30.2,27.428571428571427,17.4,33.4,6.715334264630041,7,7,7
58,2024-01-29,33.7,31.26,19.7,36.7,5.878624177664551,10,10,10
58,2024-01-30,16.75,16.75,16.7,16.8,0.07071067811865576,2,2,2
58,2024-01-31,20.3,20.027272727272727,13.2,25.7,3.9716724208048455,11,11,11
58,2024-02-01,18.3,17.566666666666666,12.5,22.7,3.552112047782276,9,9,9
58,2024-02-03,34.8,32.76,16.2,39.3,6.419368015177639,15,15,15
58,2024-02-04,42.9,42.70666666666667,30.1,52.1,5.22555077981077,15,15,15
58,2024-02-05,28.5,28.5,27.4,29.6,1.5556349186104066,2,2,2
58,2024-02-06,24.55,24.55,23.0,26.1,2.1920310216782983,2,2,2
58,2024-02-07,25.55,25.55,25.0,26.1,0.7778174593052033,2,2,2
58,2024-02-09,35.8,35.8,34.1,37.5,2.404163056034258,2,2,2
58,2024-02-10,33.8,33.8,32.3,35.3,2.1213203435596424,2,2,2
58,2024-02-12,44.0,44.666666666666664,41.5,48.4,2.0226102889465323,15,15,15
58,2024-02-13,38.95,38.18888888888889,26.3,42.9,4.109513909839387,18,18,18
58,2024-02-14,36.7,37.699999999999996,27.9,45.8,4.463322753285941,17,17,17
58,2024-02-15,43.5,41.62777777777777,26.5,53.3,6.218171241994803,18,18,18
58,2024-02-16,48.9,53.18421052631579,29.7,142.0,22.93021449620795,19,19,19
58,2024-02-17,52.9,55.56842105263158,35.1,99.0,14.751838026029125,19,19,19
58,2024-02-18,65.19999999999999,67.045,31.5,147.0,24.724640915917316,20,20,20
58,2024-02-19,73.7,81.23333333333333,26.5,261.0,46.4477807148343,21,21,21
58,2024-02-20,54.7,62.84285714285714,29.0,193.0,33.175797977269085,21,21,21
58,2024-02-21,30.349999999999998,30.349999999999998,25.9,34.8,6.293250352560272,2,2,2
58,2024-02-22,52.8,59.82608695652174,28.6,126.0,24.273708511498313,23,23,23
58,2024-02-23,46.7,53.027272727272724,30.9,156.0,25.53932880906066,22,22,22
58,2024-02-24,47.650000000000006,54.42727272727273,34.7,165.0,27.21435513733746,22,22,22
58,2024-02-25,44.25,44.25,38.3,50.2,8.414570696119918,2,2,2
58,2024-02-26,62.15,64.52727272727272,42.1,138.0,18.52476288179797,22,22,22
58,2024-02-27,71.4,72.86315789473684,60.6,102.0,10.251190203327385,19,19,19
58,2024-02-28,69.65,71.78333333333333,52.2,111.0,14.44358340057187,24,24,24
58,2024-02-29,75.6,77.07083333333334,50.7,124.0,18.58525547347931,24,24,24
58,2024-03-01,77.25,76.3,47.0,94.6,12.195508795561123,24,24,24
58,2024-03-02,72.1,72.1,54.7,89.5,24.607315985291855,2,2,2
58,2024-03-03,98.7,95.12,56.9,123.0,18.220386933322793,25,25,25
58,2024-03-04,92.95,88.11538461538461,53.0,118.0,18.047441753504955,26,26,26
58,2024-03-05,151.0,147.372,98.3,190.0,26.705360260941372,25,25,25
58,2024-03-06,199.0,194.48387096774192,65.0,268.0,39.284323393895036,31,31,31
58,2024-03-07,218.5,218.2133333333333,81.4,290.0,45.564351865461006,30,30,30
58,2024-03-08,152.0,164.73333333333332,107.0,343.0,45.894882393193434,30,30,30
58,2024-03-09,117.5,135.18,70.8,281.0,52.23613097569866,30,30,30
58,2024-03-10,129.0,149.63,79.2,289.0,56.13172408073586,30,30,30
58,2024-03-11,121.5,129.67666666666668,82.1,229.0,34.2509368946445,30,30,30
58,2024-03-13,87.15,87.15,70.3,104.0,23.829498525986658,2,2,2
58,2024-03-14,138.5,138.5,120.0,157.0,26.16295090390226,2,2,2
58,2024-03-15,191.0,204.51724137931035,167.0,291.0,33.08713678591206,29,29,29
58,2024-03-16,204.0,211.3448275862069,172.0,273.0,26.037439886864245,29,29,29
58,2024-03-17,146.0,146.58620689655172,113.0,173.0,14.085243649648046,29,29,29
58,2024-03-18,148.0,149.6206896551724,109.0,169.0,12.468284889222646,29,29,29
58,2024-03-19,161.0,162.96666666666667,139.0,189.0,11.92355921559566,30,30,30
58,2024-03-20,85.9,86.18484848484849,59.4,154.0,19.057710401765895,33,33,33
58,2024-03-22,42.7,43.416666666666664,38.5,50.5,3.0158298833086508,30,30,30
58,2024-03-23,50.7,50.190625,34.5,58.8,5.137173778984304,32,32,32
58,2024-03-24,40.8,40.8,40.1,41.5,0.989949493661163,2,2,2
58,2024-03-25,67.7,69.28,53.0,92.8,9.099200419589739,30,30,30
58,2024-03-26,74.3,74.3,70.1,78.5,5.9396969619670035,2,2,2
58,2024-03-27,102.0,108.45454545454545,86.0,242.0,26.31450516004779,33,33,33
58,2024-03-28,149.5,149.5,131.0,168.0,26.16295090390226,2,2,2
58,2024-03-29,150.0,152.28125,120.0,203.0,21.579910572627057,32,32,32
58,2024-03-30,151.0,151.0,148.0,154.0,4.242640687119285,2,2,2
58,2024-03-31,160.0,161.78125,130.0,204.0,14.143810626286616,32,32,32
58,2024-04-01,141.0,141.0,116.0,172.0,13.754999091239515,31,31,31
58,2024-04-02,153.5,155.03333333333333,122.0,181.0,14.406615657837326,30,30,30
58,2024-04-03,177.0,177.0,171.0,183.0,8.48528137423857,2,2,2
58,2024-04-04,172.0,167.0,127.0,199.0,18.993646850714455,30,30,30
58,2024-04-05,178.0,178.4516129032258,138.0,207.0,15.745557489182824,31,31,31
58,2024-04-06,163.0,163.0,146.0,180.0,24.041630560342615,2,2,2
58,2024-04-07,176.0,176.96875,136.0,250.0,24.84855337517074,32,32,32
58,2024-04-08,172.0,172.0,106.0,238.0,93.33809511662427,2,2,2
58,2024-04-09,166.0,170.61290322580646,142.0,209.0,16.013905247950067,31,31,31
58,2024-04-10,105.35,105.35,89.7,121.0,22.13244225113894,2,2,2
58,2024-04-11,61.95,61.95,59.2,64.7,3.8890872965260113,2,2,2
58,2024-04-12,92.44999999999999,95.30625,51.5,139.0,18.906748027298136,32,32,32
58,2024-04-13,71.5,71.5,54.8,88.2,23.61736649163069,2,2,2
58,2024-04-14,90.4,91.83666666666666,55.2,121.0,12.386129153302852,30,30,30
58,2024-04-15,83.2,83.2,77.0,89.4,8.768124086713193,2,2,2
58,2024-04-16,70.8,70.8,63.0,78.6,11.030865786510137,2,2,2
58,2024-04-17,109.0,109.38333333333334,59.2,138.0,16.570873561001928,30,30,30
58,2024-04-18,96.75,96.75,84.5,109.0,17.324116139070416,2,2,2
58,2024-04-19,81.25,81.25,67.3,95.2,19.72827919510468,2,2,2
58,2024-04-20,70.15,70.15,56.4,83.9,19.44543648263006,2,2,2
58,2024-04-21,86.35,86.35,63.7,109.0,32.03193718775061,2,2,2
58,2024-04-22,81.8,82.61290322580645,52.8,104.0,9.99909135656782,31,31,31
58,2024-04-23,115.0,114.80666666666666,58.0,139.0,16.925107514217334,30,30,30
58,2024-04-24,84.1,84.10967741935484,54.4,106.0,10.501947592032938,31,31,31
58,2024-04-25,72.19999999999999,72.61333333333333,52.0,87.3,7.327215839186328,30,30,30
58,2024-04-26,75.65,75.83666666666666,46.6,95.1,9.576137128239685,30,30,30
58,2024-04-27,88.6,89.88709677419355,52.0,109.0,11.479045893438002,31,31,31
58,2024-04-28,101.5,103.684375,71.6,137.0,14.047272938763918,32,32,32
58,2024-04-29,94.4,96.16129032258064,59.7,128.0,14.48412182171348,31,31,31
58,2024-04-30,85.4,87.29677419354839,55.5,118.0,13.1993303837977,31,31,31
58,2024-05-01,91.05,89.328125,52.0,106.0,10.73331366249116,32,32,32
58,2024-05-02,94.4,92.72592592592592,48.3,117.0,13.01202380618647,27,27,27
58,2024-05-03,50.1,51.91034482758621,36.1,72.1,6.953434137562442,29,29,29
58,2024-05-04,59.7,60.62580645161291,33.4,83.6,9.201556670547127,31,31,31
58,2024-05-05,53.0,53.39354838709678,46.0,68.5,4.795688027375632,31,31,31
58,2024-05-06,69.6,71.51290322580645,57.9,88.8,7.170064710795103,31,31,31
58,2024-05-07,67.65,69.328125,48.2,97.1,9.478710759448795,32,32,32
58,2024-05-08,52.35,53.753125,46.2,71.4,5.2733036945390035,32,32,32
58,2024-05-09,39.0,40.813793103448276,33.2,73.8,8.480217489542984,29,29,29
58,2024-05-10,32.0,32.796551724137935,25.1,43.3,3.898578748230903,29,29,29
58,2024-05-11,38.25,37.25,23.6,44.5,4.209902120248043,30,30,30
58,2024-05-12,30.700000000000003,30.478571428571428,22.6,38.4,3.3086146975632,28,28,28
58,2024-05-13,29.8,29.93103448275862,15.0,41.0,5.017192117984767,29,29,29
58,2024-05-14,29.0,28.66896551724138,13.0,38.7,4.4993732458989575,29,29,29
58,2024-05-15,32.5,32.309999999999995,12.0,39.1,5.235380301043251,30,30,30
58,2024-05-16,34.4,34.20666666666667,11.8,44.7,5.788391077351963,30,30,30
58,2024-05-17,31.45,32.63,18.1,51.3,6.1556338086509745,30,30,30
58,2024-05-18,18.75,19.260714285714283,13.5,31.0,3.2461189688285232,28,28,28
58,2024-05-19,20.0,20.607142857142858,14.3,32.0,3.6490413323916524,28,28,28
58,2024-05-20,19.9,20.66551724137931,15.6,33.2,3.6818353208758894,29,29,29
58,2024-05-21,18.7,18.054615384615385,7.04,24.2,3.7213354922868542,26,26,26
58,2024-05-22,6.470000000000001,7.1111538461538455,4.76,15.9,2.3939830023173965,26,26,26
58,2024-05-23,11.149999999999999,11.157857142857143,5.59,25.2,3.6227995693353936,28,28,28
58,2024-05-24,7.93,7.864535714285714,0.653,11.7,2.362381636966654,28,28,28
58,2024-05-25,3.17,4.171064516129032,0.208,16.7,3.515805900363707,31,31,31
58,2024-05-26,3.65,3.65,3.65,3.65,,1,1,1
58,2024-05-27,4.16,4.16,4.16,4.16,,1,1,1
58,2024-05-28,14.6,14.297064516129032,0.559,23.3,4.215397624072047,31,31,31
58,2024-05-29,19.3,18.134689655172416,0.236,27.0,5.069673482747668,29,29,29
58,2024-05-30,26.8,25.130793103448276,0.393,33.0,6.443292056634836,29,29,29
58,2024-05-31,33.3,31.152923076923077,0.676,45.2,9.262109811152433,26,26,26
58,2024-06-01,16.2,15.5572,1.23,22.2,4.432367238094485,25,25,25
58,2024-06-02,6.575,6.23125,0.111,10.6,2.4217730973782796,28,28,28
58,2024-06-03,1.8,2.4229074074074073,0.0385,8.45,1.8909496191730524,27,27,27
58,2024-06-04,10.2,10.156888888888888,0.166,16.3,3.3717290398175113,27,27,27
58,2024-06-05,6.890000000000001,7.261961538461539,0.271,14.2,2.985072333874263,26,26,26
58,2024-06-06,2.75,3.504037037037037,0.199,9.99,2.256333487378984,27,27,27
58,2024-06-07,7.12,7.666,0.176,18.4,3.2331329697369386,26,26,26
58,2024-06-08,17.4,17.15408,0.772,32.7,5.4429498276822885,25,25,25
58,2024-06-09,27.299999999999997,25.65514285714286,0.444,33.7,6.912439659983301,28,28,28
58,2024-06-10,22.55,21.761142857142858,0.512,33.2,6.4438792877530116,28,28,28
58,2024-06-11,7.925000000000001,9.13423076923077,0.65,21.3,4.140549889159094,26,26,26
58,2024-06-12,6.04,6.880153846153846,0.194,18.3,3.427669151972608,26,26,26
58,2024-06-13,2.77,3.672423076923077,0.203,9.46,2.4283034105824077,26,26,26
58,2024-06-14,4.79,5.70036,0.339,15.0,3.4029669515488004,25,25,25
58,2024-06-15,11.0,11.290192307692308,0.295,18.7,3.4568067579108988,26,26,26
58,2024-06-16,24.5,24.308200000000003,0.305,32.1,6.7157723060469126,25,25,25
58,2024-06-17,8.91,8.91,8.91,8.91,,1,1,1
58,2024-06-18,5.06,6.742370370370371,0.194,29.5,5.394803283988627,27,27,27
58,2024-06-19,7.76,7.883920689655173,0.0837,18.9,3.3195833855835533,29,29,29
58,2024-06-20,6.03,6.724655172413793,0.215,14.4,2.8320676227280375,29,29,29
58,2024-06-21,5.025,5.3707142857142856,0.13,11.2,2.213304766501439,28,28,28
58,2024-06-22,7.865,8.108607142857142,0.141,14.3,2.995599282642676,28,28,28
58,2024-06-23,5.79,6.279185185185185,0.268,15.3,2.978766045981986,27,27,27
58,2024-06-24,3.75,5.436846153846154,0.138,25.6,4.724811722744581,26,26,26
58,2024-06-25,4.65,4.84504,0.309,10.8,2.3210923699844432,25,25,25
58,2024-06-26,2.285,3.080291666666667,0.174,9.52,2.54812933053739,24,24,24
58,2024-06-27,2.37,5.745909090909091,0.105,69.4,14.333774603093715,22,22,22
58,2024-06-28,3.8,4.21444,0.081,12.9,2.640005904033802,25,25,25
58,2024-06-29,3.985,4.2815,0.179,9.78,2.388885451418716,26,26,26
58,2024-06-30,4.365,4.540316666666667,0.0696,10.2,2.0878488800191217,24,24,24
58,2024-07-01,6.73,7.982272727272728,0.18,26.8,5.052301627140023,22,22,22
58,2024-07-02,5.55,6.040565217391304,0.123,13.4,2.855221545712139,23,23,23
58,2024-07-03,9.21,11.656,0.198,73.4,13.74992293532123,23,23,23
58,2024-07-04,8.39,14.615434782608697,0.175,130.0,25.65582208038856,23,23,23
58,2024-07-05,5.29,6.402125000000001,0.131,29.5,5.446583502826415,24,24,24
58,2024-07-06,7.085,7.501181818181819,0.116,15.7,3.2708869138909717,22,22,22
58,2024-07-07,2.73,3.4296652173913045,0.0323,12.5,2.484587607194821,23,23,23
58,2024-07-08,6.245,6.6816666666666675,0.14,12.2,2.9742250238933874,24,24,24
58,2024-07-09,3.965,4.524708333333334,0.123,11.5,2.4034230747933822,24,24,24
58,2024-07-10,6.71,7.740608695652173,0.104,28.6,5.374939270178109,23,23,23
58,2024-07-11,4.0,4.26892,0.103,12.0,2.2251859457882013,25,25,25
58,2024-07-12,2.375,3.379379166666667,0.0371,20.7,4.222163761985715,24,24,24
58,2024-07-13,3.615,4.0362583333333335,0.0902,9.92,2.3820888170052457,24,24,24
58,2024-07-14,2.96,3.1562200000000002,0.0645,9.97,2.0544615681486964,25,25,25
58,2024-07-15,3.015,3.8373791666666666,0.0571,13.0,2.471966015310779,24,24,24
58,2024-07-16,5.365,6.174504166666666,0.0781,20.7,3.7753131670249975,24,24,24
58,2024-07-17,2.42,2.640476,0.0589,6.09,1.4531282425856293,25,25,25
58,2024-07-18,3.565,4.0833208333333335,0.0175,16.6,3.2747988031101163,24,24,24
58,2024-07-19,1.545,1.9361318181818183,0.0249,6.33,1.5233359825088033,22,22,22
58,2024-07-20,2.05,3.2170625000000004,0.0985,16.7,3.531789890817464,24,24,24
58,2024-07-21,3.68,5.530426086956521,0.0938,40.2,7.9214189909509045,23,23,23
58,2024-07-22,4.5,9.2774875,0.0597,103.0,20.303574519930194,24,24,24
58,2024-07-23,6.26,10.446037500000001,0.0649,95.8,18.353215125488113,24,24,24
58,2024-07-24,5.12,6.655639130434783,0.0897,36.9,6.947899959682985,23,23,23
58,2024-07-25,3.26,6.315927272727273,0.0704,62.2,12.55525527464901,22,22,22
58,2024-07-26,2.65,5.582261904761904,0.0975,54.3,11.309324910907643,21,21,21
58,2024-07-27,4.140000000000001,6.623636363636364,2.08,53.4,10.648211808496988,22,22,22
58,2024-07-28,4.06,6.707619047619047,2.42,46.1,9.334364415835664,21,21,21
58,2024-07-29,6.285,7.429318181818181,0.115,23.3,4.8445886098513355,22,22,22
58,2024-07-30,9.835,9.324409090909091,0.197,18.5,4.037379520939776,22,22,22
58,2024-07-31,8.75,8.983727272727272,0.792,20.3,4.036579990204086,22,22,22
58,2024-08-01,3.5949999999999998,4.753086363636363,0.0779,12.9,2.7950833435560094,22,22,22
58,2024-08-02,6.64,7.4246,0.0966,20.0,4.186457590851721,21,21,21
58,2024-08-03,5.9,6.383421739130435,0.0887,12.9,2.649046881763072,23,23,23
58,2024-08-04,5.09,5.389652173913044,0.102,13.5,2.706642848600721,23,23,23
58,2024-08-05,3.12,4.608309523809524,0.0745,25.8,5.2436862045611345,21,21,21
58,2024-08-06,3.44,3.575782608695652,0.123,7.93,1.848958428081795,23,23,23
58,2024-08-07,2.51,3.8104,0.0488,13.2,3.3563367354758613,22,22,22
58,2024-08-08,3.115,3.90705,0.0851,15.7,3.033252761004736,22,22,22
58,2024-08-09,4.414999999999999,5.466322727272727,0.0491,16.8,3.648334644990756,22,22,22
58,2024-08-10,6.775,6.7265500000000005,0.121,15.4,3.1565657800344042,20,20,20
58,2024-08-11,8.07,8.819333333333333,0.176,23.0,4.435898030087406,21,21,21
58,2024-08-12,2.84,4.232035,0.0607,18.2,4.657729736490108,20,20,20
58,2024-08-13,6.275,12.372575000000001,0.0715,126.0,26.8617163201671,20,20,20
58,2024-08-14,4.405,5.5420727272727275,0.0756,16.2,3.7743398845338083,22,22,22
58,2024-08-15,2.96,3.5865727272727272,0.0846,12.0,2.4422868941847296,22,22,22
58,2024-08-16,1.66,2.131361904761905,0.0546,6.16,1.6763365146879639,21,21,21
58,2024-08-17,1.8,2.254936842105263,0.0648,8.18,1.8494883521337362,19,19,19
58,2024-08-18,1.06,1.8821235294117649,0.0821,9.8,2.231253427876754,17,17,17
58,2024-08-19,1.52,2.5295944444444443,0.0757,9.68,2.56613951903317,18,18,18
58,2024-08-20,1.575,2.2888666666666664,0.0396,8.3,2.025398044248848,18,18,18
58,2024-08-21,1.92,2.4554823529411767,0.0372,11.9,2.5847762099056313,17,17,17
58,2024-08-22,1.12,1.6567333333333332,0.261,5.76,1.5145938383732107,15,15,15
58,2024-08-23,1.85,2.396727777777778,0.0421,8.09,2.117189267097398,18,18,18
58,2024-08-24,2.47,3.0234705882352944,0.151,10.2,2.3787919496471064,17,17,17
58,2024-08-25,1.89,2.973721052631579,0.0367,17.0,3.7906084663398985,19,19,19
58,2024-08-26,2.63,3.7900888888888886,0.0786,12.4,3.305521573312446,18,18,18
58,2024-08-27,2.9349999999999996,3.841525,0.0774,17.5,3.9329508052690754,16,16,16
58,2024-08-29,2.18,3.236794117647059,0.0555,8.02,2.21864211750977,17,17,17
58,2024-08-30,2.02,2.236635294117647,0.045,8.39,1.9330990497583074,17,17,17
58,2024-08-31,1.2,1.7568529411764704,0.0425,5.89,1.7141789558406841,17,17,17
58,2024-09-01,2.42,2.6504,0.0568,6.72,1.9035757720668751,17,17,17
58,2024-09-02,4.535,4.753857142857143,0.064,7.84,2.1189871984636306,14,14,14
58,2024-09-03,9.76,9.1834,0.121,13.4,3.43217348462624,15,15,15
58,2024-09-04,11.95,11.022875,0.156,18.4,4.864655272130458,16,16,16
58,2024-09-05,5.29,33.54843125,0.0639,461.0,114.01813442747734,16,16,16
58,2024-09-07,4.24,5.096535294117647,0.0511,21.5,4.727138981051485,17,17,17
58,2024-09-08,3.35,6.208158823529411,0.0527,51.6,11.860773060969658,17,17,17
58,2024-09-09,3.61,3.6698117647058823,0.0668,9.49,2.0557062295846023,17,17,17
58,2024-09-10,1.58,2.345135294117647,0.0473,5.84,1.7285873021564375,17,17,17
58,2024-09-11,1.725,2.654,0.044,9.88,2.403096335979896,16,16,16
58,2024-09-12,3.5149999999999997,3.4042111111111115,0.0758,6.11,1.2903712743825453,18,18,18
58,2024-09-14,8.425,8.122055555555555,0.107,14.6,3.037146425264467,18,18,18
58,2024-09-15,10.3,10.111411764705883,0.134,16.5,3.400878031090344,17,17,17
58,2024-09-16,9.9,9.37134705882353,0.0929,13.4,3.273566036854467,17,17,17
58,2024-09-17,9.665,8.8905,0.149,11.8,2.655154548509482,18,18,18
58,2024-09-18,11.8,11.478176470588235,0.159,19.7,4.610392367186525,17,17,17
58,2024-09-19,15.1,13.652529411764707,0.193,19.5,4.476612420648662,17,17,17
58,2024-09-20,15.3,15.1768125,0.229,20.3,4.791953244328803,16,16,16
58,2024-09-21,19.85,19.2988125,0.281,26.1,5.897809415014471,16,16,16
58,2024-09-22,6.415,6.4976875,0.083,11.7,2.329635213754863,16,16,16
58,2024-09-23,3.55,3.996825,0.0492,11.6,2.4223110087958015,16,16,16
58,2024-09-24,2.57,2.4994176470588236,0.0301,4.51,0.9917219949633655,17,17,17
58,2024-09-25,1.04,1.546670588235294,0.0104,8.77,2.0319305277754656,17,17,17
58,2024-09-26,1.92,2.1290823529411766,0.0744,4.81,1.2427760519474607,17,17,17
58,2024-09-27,2.36,2.4700588235294116,0.061,5.06,1.2459128415838443,17,17,17
58,2024-09-28,3.645,3.474775,0.0764,5.35,1.2115460137086553,16,16,16
58,2024-09-29,5.0649999999999995,5.0253875,0.0462,8.35,1.8791455866519051,16,16,16
58,2024-09-30,8.13,7.717470588235294,0.107,13.5,2.8830643445309856,17,17,17
58,2024-10-01,7.1850000000000005,7.069111111111111,0.164,13.2,2.967539303251074,18,18,18
58,2024-10-02,4.645,5.040166666666667,0.086,14.5,3.2446539242630013,18,18,18
58,2024-10-03,3.42,3.4078,0.0354,6.83,1.7297511388500202,18,18,18
58,2024-10-04,4.01,4.01,4.01,4.01,,1,1,1
58,2024-10-05,2.61,2.61,2.61,2.61,,1,1,1
58,2024-10-06,12.1,10.87125,0.18,16.9,4.469587415709269,16,16,16
58,2024-10-07,15.55,14.611357142857143,0.199,19.6,5.180292501500171,14,14,14
58,2024-10-08,19.799999999999997,18.404166666666665,0.275,25.3,5.679453745998921,18,18,18
58,2024-10-09,23.7,22.683333333333334,16.1,26.1,3.83010008572448,6,6,6
58,2024-10-10,25.299999999999997,23.936333333333334,0.354,31.2,7.112087283590646,18,18,18
58,2024-10-11,25.75,24.443277777777777,0.379,30.7,7.0750378407265355,18,18,18
58,2024-10-12,29.75,27.356055555555557,0.509,33.8,7.67517434538305,18,18,18
58,2024-10-13,28.95,27.441222222222223,0.542,32.8,7.506082149952134,18,18,18
58,2024-10-14,23.55,22.061666666666667,0.41,27.5,6.516989786884197,18,18,18
58,2024-10-15,15.65,15.631944444444445,0.375,25.9,5.267336959393319,18,18,18
58,2024-10-16,11.6,12.396470588235294,0.34,34.8,6.552878128326963,17,17,17
58,2024-10-17,11.75,11.394944444444445,0.159,16.1,3.711528311692737,18,18,18
58,2024-10-18,12.2,11.400705882352941,0.182,16.4,3.603409978144068,17,17,17
58,2024-10-19,12.350000000000001,11.777777777777779,0.76,16.9,3.8004930880634826,18,18,18
58,2024-10-20,8.66,8.189388888888889,0.189,11.4,2.4313672536707043,18,18,18
58,2024-10-21,6.335,6.370722222222223,0.103,11.3,2.455273791023903,18,18,18
58,2024-10-22,7.41,7.635164705882353,0.0778,13.6,2.9202533214049207,17,17,17
58,2024-10-23,10.5,9.498529411764705,0.145,13.5,2.9645329336517556,17,17,17
58,2024-10-24,16.9,15.369266666666666,0.839,23.4,5.169405553925168,15,15,15
58,2024-10-25,15.7,14.105066666666666,0.206,20.9,5.066668043859462,15,15,15
58,2024-10-26,11.6,10.574117647058824,0.4,15.3,3.5514170742527718,17,17,17
58,2024-10-27,13.3,13.505714285714285,7.48,22.2,3.7427873494038018,14,14,14
58,2024-10-28,19.95,19.2225,0.705,26.2,5.833805702162889,18,18,18
58,2024-10-29,21.8,20.183888888888887,0.41,26.8,5.940238793862128,18,18,18
58,2024-10-30,19.2,18.541166666666665,0.341,26.6,5.759129716218876,18,18,18
58,2024-10-31,17.2,16.191555555555553,0.348,21.5,4.780318845164818,18,18,18
58,2024-11-01,14.5,13.63142105263158,0.217,18.8,4.247818594627777,19,19,19
58,2024-11-02,16.200000000000003,16.204555555555558,0.282,25.5,5.3768695815252965,18,18,18
58,2024-11-03,24.6,22.44257894736842,0.409,30.5,6.86079698411999,19,19,19
58,2024-11-04,27.15,25.592166666666667,0.559,31.9,7.042227991781812,18,18,18
58,2024-11-05,25.0,23.316055555555558,0.589,31.7,6.695849816224817,18,18,18
58,2024-11-06,9.835,10.09238888888889,0.163,18.9,3.80955861483575,18,18,18
58,2024-11-07,5.885,7.0010666666666665,0.0992,30.0,6.053178164548331,18,18,18
58,2024-11-08,2.3449999999999998,4.431522222222222,0.0864,37.3,8.419845954477086,18,18,18
58,2024-11-09,15.55,16.112000000000002,0.196,37.7,7.182957870174785,18,18,18
58,2024-11-10,22.2,20.272705882352938,0.336,26.2,5.8164563499254625,17,17,17
58,2024-11-11,21.6,20.15770588235294,0.381,25.4,6.039000080360012,17,17,17
58,2024-11-12,22.4,21.24311111111111,0.376,30.6,6.373223036210254,18,18,18
58,2024-11-13,23.5,23.334529411764706,0.387,43.2,8.154198689307607,17,17,17
58,2024-11-14,13.6,21.552941176470586,0.18,155.0,34.68361568606744,17,17,17
58,2024-11-15,8.785,14.151222222222223,0.112,102.0,22.399585365268432,18,18,18
58,2024-11-16,12.3,25.0765,0.154,228.0,54.39602888692029,16,16,16
58,2024-11-17,18.3,16.661117647058823,0.339,26.7,5.621646888172016,17,17,17
58,2024-11-18,24.9,23.074058823529413,0.359,28.5,6.749313117556744,17,17,17
58,2024-11-19,20.7,24.220882352941175,0.355,96.9,19.70383308484149,17,17,17
58,2024-11-20,24.05,21.872125,0.554,26.8,6.371338340568644,16,16,16
58,2024-11-21,22.85,21.283625,0.438,31.5,6.985025668051143,16,16,16
58,2024-11-22,25.3,24.2514375,0.423,35.8,7.6172759607683895,16,16,16
58,2024-11-23,25.4,24.027733333333334,0.516,31.2,7.47900260220636,15,15,15
58,2024-11-24,24.3,23.526466666666668,0.397,42.4,8.708239537248344,15,15,15
58,2024-11-25,20.65,21.8025625,0.341,56.0,10.979005953599199,16,16,16
58,2024-11-26,20.6,21.567,0.372,49.5,9.833549918518745,16,16,16
58,2024-11-27,19.15,18.5195625,0.313,43.6,8.740140524947716,16,16,16
58,2024-11-28,17.65,17.9848125,0.257,32.6,7.127226475226298,16,16,16
58,2024-11-29,17.450000000000003,18.0184375,0.295,26.5,5.945987924292592,16,16,16
58,2024-11-30,19.05,27.771428571428572,13.0,145.0,33.87636863136826,14,14,14
58,2024-12-01,20.0,25.351058823529414,0.768,122.0,25.756157886199244,17,17,17
58,2024-12-02,17.6,18.82942105263158,0.359,64.8,12.12709096433724,19,19,19
58,2024-12-03,16.65,22.35415,0.283,128.0,25.526002887200505,20,20,20
58,2024-12-04,18.8,21.98,0.3,91.0,17.840362280956892,20,20,20
58,2024-12-05,22.1,27.70105,0.421,141.0,28.264049900657234,20,20,20
58,2024-12-06,22.4,28.3,15.1,91.4,18.173882359033804,19,19,19
58,2024-12-07,28.6,33.84285,0.657,136.0,26.222190007049175,20,20,20
58,2024-12-08,33.75,37.0526,0.852,118.0,21.8185852317649,20,20,20
58,2024-12-09,34.4,35.01155,0.931,86.5,16.104925844941125,20,20,20
58,2024-12-10,27.5,33.793549999999996,0.471,134.0,26.9656910760302,20,20,20
58,2024-12-11,25.55,26.51565,0.513,76.0,13.602649259282275,20,20,20
58,2024-12-12,27.25,33.1052,0.604,143.0,28.242846765713598,20,20,20
58,2024-12-13,27.4,39.13761904761905,1.49,234.0,47.27475139064846,21,21,21
58,2024-12-14,25.2,29.13380952380952,1.31,91.2,19.198216186976975,21,21,21
58,2024-12-15,8.98,12.699469545454546,0.00833,70.4,13.791555527444865,22,22,22
58,2024-12-16,1.76,5.625528571428571,0.0,56.0,12.279424014877199,21,21,21
58,2024-12-17,7.79,19.70443380952381,0.00611,175.0,38.353887064742274,21,21,21
58,2024-12-18,12.0,16.24076380952381,0.00804,72.8,18.454267226294974,21,21,21
58,2024-12-19,19.95,26.092689999999997,0.0348,120.0,26.36303586794646,20,20,20
58,2024-12-20,28.8,33.386175,0.0695,107.0,23.41918705456512,20,20,20
58,2024-12-21,35.05,40.676245,0.0789,138.0,31.01416738678046,20,20,20
58,2024-12-22,38.7,39.29058,0.0816,99.3,19.648048013174236,20,20,20
58,2024-12-23,37.2,37.076,0.134,93.0,18.27574031332247,19,19,19
58,2024-12-24,34.150000000000006,34.36455,0.093,91.2,17.559251750857722,20,20,20
58,2024-12-25,34.05,33.08645454545455,0.075,93.7,17.039105047835374,22,22,22
58,2024-12-26,30.3,32.33697142857143,0.0744,98.3,18.67556504465508,21,21,21
58,2024-12-27,27.3,29.627438095238094,0.0722,100.0,19.260467776003683,21,21,21
58,2024-12-28,27.5,28.509475,0.0725,88.5,17.48222563474339,20,20,20
58,2024-12-29,31.5,31.422749999999997,0.215,97.3,18.673966502438912,20,20,20
58,2024-12-30,26.8,29.560815,0.0473,124.0,24.414508767712498,20,20,20
58,2024-12-31,30.7,31.19725238095238,0.0763,93.3,17.856814524366296,21,21,21
58,2025-01-01,32.0,31.739261904761904,0.0795,92.1,17.536001074659985,21,21,21
58,2025-01-02,30.4,38.11761904761905,0.11,236.0,46.44040868734489,21,21,21
58,2025-01-03,32.45,36.00625909090909,0.0987,175.0,32.76849735777248,22,22,22
58,2025-01-04,30.8,36.356871428571424,0.0953,212.0,41.529100629283356,21,21,21
58,2025-01-05,34.1,43.403,0.125,278.0,55.161029758335715,21,21,21
58,2025-01-06,40.1,48.506142857142855,0.229,315.0,62.278193875774626,21,21,21
58,2025-01-08,40.400000000000006,48.64054545454546,0.31,296.0,56.78308008278797,22,22,22
58,2025-01-09,42.2,40.846782608695655,0.266,76.9,15.369348063764395,23,23,23
58,2025-01-10,44.95,41.75508333333333,0.432,52.8,13.317277277270689,24,24,24
58,2025-01-11,41.05,37.91158333333333,0.348,53.6,12.501642298780856,24,24,24
58,2025-01-19,17.1,17.1,12.9,21.3,5.939696961966999,2,2,2
58,2025-01-24,19.450000000000003,19.450000000000003,16.1,22.8,4.737615433949866,2,2,2
58,2025-01-25,19.5,19.5,18.3,20.7,1.6970562748477132,2,2,2
58,2025-01-26,21.4,21.4,18.9,23.9,3.5355339059327378,2,2,2
58,2025-01-31,25.75,25.75,25.3,26.2,0.6363961030678917,2,2,2
58,2025-02-01,19.15,19.15,18.8,19.5,0.494974746830584,2,2,2
58,2025-02-02,23.85,23.85,22.3,25.4,2.1920310216782948,2,2,2
58,2025-02-03,25.15,25.15,23.2,27.1,2.7577164466275383,2,2,2
58,2025-02-04,24.5,24.5,21.6,27.4,4.101219330881974,2,2,2
58,2025-02-05,31.9,31.9,24.2,39.6,10.889444430272835,2,2,2
58,2025-02-06,32.25,32.25,30.5,34.0,2.4748737341529163,2,2,2
58,2025-02-07,28.65,28.65,26.8,30.5,2.6162950903902265,2,2,2
58,2025-02-08,27.450000000000003,27.450000000000003,26.1,28.8,1.9091883092036765,2,2,2
58,2025-02-09,31.65,31.65,27.5,35.8,5.868986283848343,2,2,2
58,2025-02-10,28.85,28.85,28.6,29.1,0.3535533905932738,2,2,2
58,2025-02-11,27.05,27.05,26.6,27.5,0.6363961030678917,2,2,2
58,2025-02-12,33.1,32.9896551724138,23.0,43.6,5.207298780666711,29,29,29
58,2025-02-13,30.1,29.893103448275863,21.8,42.0,4.825226200062894,29,29,29
58,2025-02-14,38.6,37.86206896551724,20.5,47.7,6.393267317661129,29,29,29
58,2025-02-15,48.9,48.606896551724134,32.2,64.0,6.414934084645361,29,29,29
58,2025-02-16,45.3,46.56206896551724,35.4,81.0,8.150960232350517,29,29,29
58,2025-02-17,45.0,45.13103448275862,37.4,56.5,4.461430219773849,29,29,29
58,2025-02-18,42.2,42.713793103448275,30.5,52.7,5.1044605240298715,29,29,29
58,2025-02-19,41.0,41.050000000000004,27.4,49.2,5.027369535298201,28,28,28
58,2025-02-20,31.0,31.5962962962963,23.8,40.0,4.467014274010832,27,27,27
58,2025-02-21,33.5,33.55185185185185,21.1,42.7,5.102968244099204,27,27,27
58,2025-02-22,40.650000000000006,40.19615384615384,25.0,53.7,6.237337943015804,26,26,26
58,2025-02-23,40.3,40.12307692307692,29.0,52.2,5.521471375806103,26,26,26
58,2025-02-24,31.6,31.770370370370372,23.2,47.1,5.177229346253044,27,27,27
58,2025-02-25,21.0,21.244444444444444,13.8,31.6,4.2510028982612615,27,27,27
58,2025-02-26,23.1,22.29259259259259,12.2,31.4,4.497001216702075,27,27,27
58,2025-02-27,25.9,25.5962962962963,14.0,41.0,6.10828450558253,27,27,27
58,2025-02-28,29.0,29.4037037037037,17.8,42.9,5.717818403328957,27,27,27
58,2025-03-01,25.3,25.74814814814815,18.9,36.5,4.467521285763106,27,27,27
58,2025-03-02,27.6,26.66296296296296,17.6,35.8,4.696819557968345,27,27,27
58,2025-03-03,42.95,41.99230769230769,25.5,53.9,6.073346561949062,26,26,26
58,2025-03-04,56.3,56.11785714285714,38.4,67.1,6.663224309676074,28,28,28
58,2025-03-05,57.55,58.925000000000004,45.9,76.7,7.233390936790604,28,28,28
58,2025-03-06,45.7,46.3448275862069,37.1,68.0,7.228642739966401,29,29,29
58,2025-03-07,30.0,38.1448275862069,19.6,145.0,27.57270371486596,29,29,29
58,2025-03-08,34.3,38.372,22.1,81.5,13.285566102604237,25,25,25
58,2025-03-09,43.599999999999994,44.85833333333333,36.7,68.6,6.8246303716864345,24,24,24
58,2025-03-10,47.85,47.857142857142854,18.3,62.1,8.442635562316733,28,28,28
58,2025-03-11,44.7,45.351851851851855,21.1,67.3,8.553243665883556,27,27,27
58,2025-03-12,48.1,49.128,29.7,79.1,9.934180053398132,25,25,25
58,2025-03-13,37.4,37.396,23.2,48.3,5.191778757484439,25,25,25
58,2025-03-14,57.900000000000006,57.0375,37.9,82.5,10.328088021212496,24,24,24
58,2025-03-15,84.0,85.46923076923076,35.5,149.0,20.882064442593204,26,26,26
58,2025-03-16,98.7,96.79230769230769,43.2,119.0,14.903151963981932,26,26,26
58,2025-03-17,90.35,88.31785714285715,40.1,109.0,13.1810485046729,28,28,28
58,2025-03-18,80.6,81.0,36.6,102.0,12.27909417856846,27,27,27
58,2025-03-19,78.6,77.64444444444445,35.8,98.6,11.962709152044543,27,27,27
58,2025-03-20,52.1,54.186206896551724,24.5,99.6,12.597185744044214,29,29,29
58,2025-03-21,68.35,69.97,32.3,126.0,15.960558066468211,30,30,30
58,2025-03-22,93.44999999999999,94.14666666666668,41.8,161.0,20.140382034751653,30,30,30
58,2025-03-23,103.0,100.675,45.3,134.0,16.33654446892565,28,28,28
58,2025-03-24,102.0,100.09310344827585,48.1,127.0,15.15821161319319,29,29,29
58,2025-03-25,109.0,110.2551724137931,49.9,139.0,17.918079182109746,29,29,29
58,2025-03-26,102.0,102.28275862068965,46.2,147.0,18.69642954771077,29,29,29
58,2025-03-27,105.0,107.59285714285714,45.7,193.0,24.692717903469383,28,28,28
58,2025-03-28,117.0,119.26896551724138,49.3,181.0,25.442724239923063,29,29,29
58,2025-03-29,106.0,110.4793103448276,40.4,190.0,30.657886183193952,29,29,29
58,2025-03-30,175.0,175.75185185185185,67.3,254.0,38.70799331454353,27,27,27
58,2025-03-31,141.5,140.475,57.7,297.0,39.49098936138142,28,28,28
58,2025-04-01,110.0,110.96296296296296,49.9,198.0,25.253669164456202,27,27,27
58,2025-04-02,120.5,118.48846153846154,53.6,209.0,28.037436786169692,26,26,26
58,2025-04-03,123.5,126.31153846153846,51.9,278.0,38.066093331710064,26,26,26
58,2025-04-04,96.9,104.30714285714285,41.7,236.0,34.61201812870493,28,28,28
58,2025-04-05,115.0,114.36666666666667,47.5,178.0,25.83959394775033,27,27,27
58,2025-04-06,146.0,144.05,68.3,198.0,28.51766119442476,26,26,26
58,2025-04-07,51.9,51.676923076923075,23.0,77.3,10.698385212444267,26,26,26
58,2025-04-08,46.2,46.75185185185185,19.6,62.8,8.275002689768113,27,27,27
58,2025-04-09,84.6,82.03703703703704,30.4,152.0,24.870667742545912,27,27,27
58,2025-04-10,173.0,171.17142857142858,70.0,251.0,47.464691416008705,28,28,28
58,2025-04-11,160.5,155.08571428571426,63.9,201.0,33.67960933051457,28,28,28
58,2025-04-12,80.30000000000001,77.67857142857143,21.2,118.0,24.55677257631954,28,28,28
58,2025-04-13,38.3,39.989285714285714,18.7,65.5,13.596604676541812,28,28,28
58,2025-04-14,11.6,14.833103448275862,4.75,61.1,10.274636282560872,29,29,29
58,2025-04-15,13.3,12.796206896551725,4.5,25.1,4.302978547963777,29,29,29
58,2025-04-16,18.2,17.984074074074073,8.37,25.8,4.016169490810538,27,27,27
58,2025-04-17,18.6,18.71896551724138,8.38,24.8,4.00439432269421,29,29,29
58,2025-04-18,17.8,17.449655172413795,8.14,23.7,3.761867396043981,29,29,29
58,2025-04-19,26.5,25.689285714285713,11.1,44.5,7.084586257069811,28,28,28
58,2025-04-20,42.55,41.964285714285715,18.6,60.6,8.606036395104452,28,28,28
58,2025-04-21,62.55,58.61785714285714,24.5,76.0,11.68636602172167,28,28,28
58,2025-04-22,71.6,70.79642857142856,30.4,88.8,13.420837368114393,28,28,28
58,2025-04-23,59.1,57.02068965517241,26.0,76.1,10.367441457010113,29,29,29
58,2025-04-24,98.6,95.93703703703704,40.2,128.0,19.787664147686872,27,27,27
58,2025-04-25,105.5,108.31785714285715,53.8,171.0,27.778316264621843,28,28,28
58,2025-04-26,161.0,157.67142857142858,70.2,218.0,34.852374988342504,28,28,28
58,2025-04-27,94.2,94.2074074074074,46.4,145.0,24.879029258917978,27,27,27
58,2025-04-28,38.4,42.337037037037035,22.0,80.3,13.195924433415861,27,27,27
58,2025-04-29,25.4,28.689285714285713,17.1,59.9,10.479621822612376,28,28,28
58,2025-04-30,21.7,21.743703703703705,8.98,31.0,4.341113069025348,27,27,27
58,2025-05-01,16.2,17.83925925925926,6.86,56.4,8.473855686724326,27,27,27
58,2025-05-02,15.85,16.681538461538462,8.02,27.3,4.066219563484189,26,26,26
58,2025-05-03,17.75,18.095384615384617,7.58,29.4,4.161297135047416,26,26,26
58,2025-05-04,17.700000000000003,18.426153846153845,8.18,33.6,5.276213094197828,26,26,26
58,2025-05-05,23.7,23.038,9.25,37.5,5.379964374107571,25,25,25
58,2025-05-06,39.9,38.888000000000005,16.7,50.5,7.043869675114666,25,25,25
58,2025-05-07,46.3,46.526923076923076,21.6,69.7,8.786105289253376,26,26,26
58,2025-05-08,47.8,46.385185185185186,21.6,60.5,8.619419206906432,27,27,27
58,2025-05-09,50.400000000000006,49.45384615384615,24.9,66.6,10.45291273355827,26,26,26
58,2025-05-10,50.7,48.660714285714285,22.3,60.1,9.442352943018443,28,28,28
58,2025-05-11,35.2,33.98571428571429,15.9,41.8,5.6225547301134995,28,28,28
58,2025-05-12,23.25,23.131785714285716,9.59,31.7,4.673692372934423,28,28,28
58,2025-05-13,16.25,17.536153846153844,6.94,51.9,7.94548831824606,26,26,26
58,2025-05-14,12.6,13.607777777777779,5.55,42.0,6.404675775936812,27,27,27
58,2025-05-15,6.23,8.113636363636363,3.6,39.9,7.418666640213368,22,22,22
58,2025-05-16,6.0,7.867,0.831,36.5,6.935371832464749,23,23,23
58,2025-05-17,4.72,6.320909090909091,1.99,33.7,6.416063849797268,22,22,22
58,2025-05-18,4.42,6.173636363636363,1.48,45.0,8.813405128366105,22,22,22
58,2025-05-19,5.15,8.105,2.09,70.3,14.004493071528016,22,22,22
58,2025-05-20,6.74,7.367142857142857,2.04,16.7,3.7381013133101986,21,21,21
58,2025-05-21,9.74,9.948095238095238,3.54,16.6,3.816150703323467,21,21,21
58,2025-05-22,8.66,11.06304347826087,1.82,61.1,11.493215166421452,23,23,23
58,2025-05-23,7.985,9.435833333333333,1.42,54.9,10.076857652310443,24,24,24
58,2025-05-24,5.57,8.158478260869567,0.785,71.5,13.988739906437624,23,23,23
58,2025-05-25,5.94,8.998695652173913,1.01,73.4,14.267086503987175,23,23,23
58,2025-05-26,3.38,13.722095238095237,0.294,173.0,37.7981911497161,21,21,21
58,2025-05-27,3.46,25.147739130434783,0.178,464.0,95.83703261892859,23,23,23
58,2025-05-28,2.285,4.6411,0.308,28.0,6.7817038528210905,20,20,20
58,2025-05-29,3.075,4.528163636363637,0.0896,27.1,5.36427990982906,22,22,22
58,2025-05-30,3.57,19.346136363636365,0.245,275.0,58.30285547878867,22,22,22
58,2025-05-31,3.585,7.5468636363636366,0.341,58.3,12.083432704860833,22,22,22
58,2025-06-01,2.58,11.502428571428572,0.259,132.0,30.167571348339315,21,21,21
58,2025-06-02,4.105,4.105,2.85,5.36,1.7748380207782344,2,2,2
58,2025-06-03,13.5,15.740909090909092,3.3,64.9,12.732544319517794,22,22,22
58,2025-06-04,23.5,22.796363636363637,6.26,61.7,10.780915477274577,22,22,22
58,2025-06-05,21.1,22.167272727272728,6.06,81.9,15.272992092117622,22,22,22
58,2025-06-06,15.75,17.11818181818182,5.09,72.7,13.655455786141768,22,22,22
58,2025-06-07,12.05,14.406363636363636,5.01,68.1,12.64574746720529,22,22,22
58,2025-06-08,9.065000000000001,11.19909090909091,3.32,64.5,12.277433386615078,22,22,22
58,2025-06-09,8.85,13.288181818181817,3.03,110.0,21.8192943529484,22,22,22
58,2025-06-10,5.905,7.127363636363636,0.742,44.2,8.497140950794117,22,22,22
58,2025-06-11,2.61,5.130130434782609,0.197,59.6,11.965516105209655,23,23,23
58,2025-06-12,2.0,4.225818181818182,0.705,40.7,8.317043285506397,22,22,22
58,2025-06-13,2.77,4.8522727272727275,0.99,37.5,7.4972781929864585,22,22,22
58,2025-06-14,2.315,5.0124545454545455,0.511,49.2,10.050289305133614,22,22,22
58,2025-06-15,1.5699999999999998,4.489181818181819,0.613,48.4,10.022922730451734,22,22,22
58,2025-06-16,2.235,5.2360454545454544,0.55,60.6,12.493147190044677,22,22,22
58,2025-06-17,2.28,5.44878947368421,0.287,57.8,12.825486690262686,19,19,19
58,2025-06-18,2.05,4.85091304347826,0.605,51.9,10.410912111438405,23,23,23
58,2025-06-19,4.85,8.391818181818183,1.74,77.9,15.685052221891494,22,22,22
58,2025-06-20,7.025,9.276363636363637,2.01,66.2,12.888850310933957,22,22,22
58,2025-06-21,7.55,9.832,2.74,62.6,11.2114272062035,25,25,25
58,2025-06-22,6.1850000000000005,8.795416666666666,1.83,70.1,13.253895564886855,24,24,24
58,2025-06-23,2.82,5.7616956521739136,0.659,63.5,12.724936390034914,23,23,23
58,2025-06-24,3.21,7.536521739130435,1.26,78.8,16.16419882689566,23,23,23
58,2025-06-25,4.199999999999999,7.138636363636365,1.73,60.5,12.02878543346455,22,22,22
58,2025-06-26,6.165,9.574166666666667,2.92,65.2,12.341530070973924,24,24,24
58,2025-06-27,4.57,8.04875,1.51,73.5,14.07632527161027,24,24,24
58,2025-06-28,5.37,8.751739130434782,1.43,85.0,16.787593539216534,23,23,23
58,2025-06-29,7.52,10.838181818181818,3.57,84.4,16.52436170840284,22,22,22
58,2025-06-30,10.4,11.923333333333334,3.39,61.6,11.674958386792364,21,21,21
58,2025-07-01,9.76,12.142,3.55,48.9,9.44103674057262,20,20,20
58,2025-07-02,10.5,11.706666666666667,3.03,55.1,10.455234255306447,21,21,21
58,2025-07-03,8.93,11.140476190476189,3.46,45.7,8.657388449290279,21,21,21
58,2025-07-04,6.88,8.421904761904761,2.22,32.9,6.436848311905151,21,21,21
58,2025-07-05,8.02,10.57,2.76,64.7,12.203514769412653,23,23,23
58,2025-07-06,5.62,8.851304347826087,1.86,75.3,14.674875655148535,23,23,23
58,2025-07-07,5.99,9.962608695652174,1.83,64.1,12.792883041822085,23,23,23
58,2025-07-08,11.0,13.359565217391303,3.73,71.2,13.034486591786516,23,23,23
58,2025-07-09,12.4,13.492608695652173,4.3,45.8,7.845458569013206,23,23,23
58,2025-07-10,13.7,14.441304347826087,5.34,40.5,7.259127360745621,23,23,23
58,2025-07-11,10.15,10.903333333333334,3.87,24.4,4.161931686407027,24,24,24
58,2025-07-12,2.17,3.645086956521739,0.609,20.3,4.434780253990695,23,23,23
58,2025-07-13,3.49,5.237272727272727,1.21,34.8,6.962277392743447,22,22,22
58,2025-07-14,4.37,6.161739130434783,1.37,37.7,7.299930044604983,23,23,23
58,2025-07-15,7.115,8.803749999999999,2.2,34.1,6.971429778185671,24,24,24
58,2025-07-16,4.985,7.126818181818181,2.04,38.7,7.5601457446039815,22,22,22
58,2025-07-17,5.58,7.518260869565218,2.12,36.6,6.799995088349773,23,23,23
58,2025-07-18,3.08,5.151304347826087,1.39,32.9,6.5091832362564555,23,23,23
58,2025-07-19,2.585,4.488083333333333,0.774,28.4,5.774093822498426,24,24,24
58,2025-07-20,1.82,3.7139523809523816,0.62,38.1,7.970682156981236,21,21,21
58,2025-07-21,2.16,3.9221999999999992,0.278,41.3,8.878094814589563,20,20,20
58,2025-07-22,3.905,14.638499999999999,1.03,176.0,38.96553676681891,20,20,20
58,2025-07-23,0.8605,4.7646,0.118,57.3,13.013600057753347,20,20,20
58,2025-07-24,1.645,3.909954545454545,0.929,41.3,8.546996579012129,22,22,22
58,2025-07-25,2.92,5.1463636363636365,1.15,43.2,8.662554635547924,22,22,22
58,2025-07-26,5.76,7.2719047619047625,2.19,37.1,7.25634454739273,21,21,21
58,2025-07-27,3.43,6.360952380952382,1.23,57.7,11.872604981537082,21,21,21
58,2025-07-28,2.715,4.991636363636363,0.846,41.7,8.43731190856568,22,22,22
58,2025-07-29,3.1500000000000004,4.4363636363636365,1.04,16.1,3.6415192348334973,22,22,22
58,2025-07-30,6.56,7.2247619047619045,2.26,29.4,5.348149791327482,21,21,21
58,2025-07-31,11.0,11.732857142857142,4.29,17.7,3.496298246513221,21,21,21
58,2025-08-01,9.46,10.245454545454546,3.82,33.4,5.756730824309035,22,22,22
58,2025-08-02,9.82,9.68681818181818,3.43,15.8,3.262962992308906,22,22,22
58,2025-08-03,15.2,15.343,5.51,31.8,5.4597552480327405,20,20,20
58,2025-08-04,10.95,11.3485,3.82,24.9,4.338971834311369,20,20,20
58,2025-08-05,5.845,7.2875,1.81,27.8,5.853687883898942,20,20,20
58,2025-08-06,4.735,6.5715,1.54,40.7,8.552528881164791,20,20,20
58,2025-08-07,2.42,4.028473684210526,0.971,26.4,5.9301177463335515,19,19,19
58,2025-08-08,2.9,4.1555,1.03,27.0,5.665201696599857,20,20,20
58,2025-08-09,3.965,5.164,1.56,19.4,4.20090391275622,20,20,20
58,2025-08-10,3.615,4.760800000000001,0.976,26.7,5.495572587379581,20,20,20
58,2025-08-11,4.4,5.7995,1.78,19.2,3.97072772728256,20,20,20
58,2025-08-12,4.095,5.451,1.37,32.4,6.58613847409846,20,20,20
58,2025-08-13,2.84,5.667619047619048,1.2,51.8,10.792053050630315,21,21,21
58,2025-08-14,2.93,4.46047619047619,1.1,23.2,5.014714823587156,21,21,21
58,2025-08-15,2.28,4.514238095238095,0.887,34.1,7.343818815199365,21,21,21
58,2025-08-16,3.99,5.6765,1.72,28.0,5.751154826824371,20,20,20
58,2025-08-17,3.12,5.0685714285714285,1.59,31.6,6.372906939312927,21,21,21
58,2025-08-18,3.51,5.002047619047619,0.993,36.3,7.301526076623916,21,21,21
58,2025-08-19,2.7350000000000003,5.1709499999999995,0.657,42.3,9.084331423853989,20,20,20
58,2025-08-20,3.75,5.480952380952381,1.04,27.5,5.648804213957061,21,21,21
58,2025-08-21,4.62,6.419500000000001,1.85,21.8,5.609825473408711,20,20,20
58,2025-08-22,4.15,5.651578947368421,1.7,21.2,4.6262851225457045,19,19,19
58,2025-08-23,2.685,3.6747500000000004,0.975,21.5,4.39162644460425,20,20,20
58,2025-08-24,1.4,2.863578947368421,0.614,21.8,4.744920070931877,19,19,19
58,2025-08-25,5.05,5.88578947368421,1.6,23.3,4.66223875144105,19,19,19
58,2025-08-26,4.85,5.801904761904762,1.86,17.9,3.645310163823675,21,21,21
58,2025-08-27,2.54,3.098333333333333,1.42,7.05,2.043422782163952,6,6,6
58,2025-08-28,6.6,8.307619047619047,2.86,32.1,6.051788913009033,21,21,21
58,2025-08-29,7.16,8.733333333333334,2.48,36.3,6.934465612672207,21,21,21
58,2025-08-30,6.52,8.374285714285714,2.26,42.0,8.135960036423834,21,21,21
58,2025-08-31,6.28,8.349047619047619,2.38,53.5,10.600175425322877,21,21,21
58,2025-09-01,2.36,5.632238095238096,0.657,68.3,14.40503214819308,21,21,21
58,2025-09-02,3.66,6.975238095238095,1.59,63.0,12.975707155699695,21,21,21
58,2025-09-03,3.2350000000000003,5.756,1.09,48.2,10.190550008399164,20,20,20
58,2025-09-04,3.29,5.252,1.22,36.2,7.577855966738321,20,20,20
58,2025-09-05,5.3,7.76736842105263,1.83,45.8,9.566062607006582,19,19,19
58,2025-09-06,5.484999999999999,7.5375,2.2,39.8,7.907710344640655,20,20,20
58,2025-09-07,7.09,10.562631578947368,2.83,67.2,14.017002311520448,19,19,19
58,2025-09-08,7.495,11.052000000000001,2.99,67.4,13.538144007133873,20,20,20
58,2025-09-09,12.6,16.106,5.32,80.2,15.72261944159634,20,20,20
58,2025-09-10,6.705,9.882000000000001,2.91,66.7,13.554758574021157,20,20,20
58,2025-09-11,1.5350000000000001,5.027388888888889,0.636,55.5,12.68322519355615,18,18,18
58,2025-09-12,1.6099999999999999,4.135833333333333,0.3,39.5,8.929597041497978,18,18,18
58,2025-09-13,2.34,4.8644,0.778,41.1,8.749253311899793,20,20,20
58,2025-09-14,1.3900000000000001,3.35505,0.284,29.9,6.555198222343129,20,20,20
58,2025-09-15,4.12,5.072857142857143,1.24,25.0,5.004944697853457,21,21,21
58,2025-09-16,6.51,7.946190476190476,1.87,32.8,6.4378408462701815,21,21,21
58,2025-09-17,6.78,6.979411764705882,1.97,16.8,3.9305541444372625,17,17,17
58,2025-09-18,9.4,10.475999999999999,2.86,40.8,7.691475390600332,20,20,20
58,2025-09-19,8.379999999999999,10.8695,2.8,53.2,10.33471995648394,20,20,20
58,2025-09-20,6.105,8.9675,2.39,65.3,13.48366960632867,20,20,20
58,2025-09-21,3.93,6.403333333333333,1.22,54.3,11.087140899859321,21,21,21
58,2025-09-22,1.35,4.733904761904762,0.391,63.4,13.498549499500905,21,21,21
58,2025-09-23,1.17,3.849809523809524,0.248,50.4,10.721959753790573,21,21,21
58,2025-09-24,1.78,4.248619047619048,0.536,46.5,9.771312954133597,21,21,21
58,2025-09-25,1.76,4.471095238095238,0.426,46.9,9.886645821029305,21,21,21
58,2025-09-26,2.59,4.169809523809524,0.886,35.8,7.34775290561031,21,21,21
58,2025-09-27,2.94,5.0055,1.18,41.4,8.66035034844981,20,20,20
58,2025-09-28,4.0200000000000005,6.6105,1.51,46.8,9.734744867307972,20,20,20
58,2025-09-29,7.06,9.318571428571428,2.96,51.2,9.899795596735464,21,21,21
58,2025-09-30,3.8,6.191904761904762,1.42,52.5,10.74527366754687,21,21,21
58,2025-10-01,2.06,4.55375,0.468,38.4,8.461054754922076,20,20,20
58,2025-10-02,2.7800000000000002,5.018,0.444,33.8,7.822161472717317,20,20,20
58,2025-10-03,3.335,6.3885,1.09,40.8,9.463331045339384,20,20,20
58,2025-10-04,4.135,7.777500000000001,1.1,60.2,13.355211825154138,20,20,20
58,2025-10-05,5.2,8.603809523809524,2.18,68.2,14.507138062412752,21,21,21
58,2025-10-06,6.36,9.586190476190476,2.53,56.3,12.163102184965181,21,21,21
58,2025-10-07,8.9,12.511904761904763,4.19,63.1,13.005447942707555,21,21,21
58,2025-10-08,6.58,11.257272727272728,2.46,79.0,16.01227867601199,22,22,22
58,2025-10-09,7.655,10.338181818181818,3.1,54.4,11.032047099403773,22,22,22
58,2025-10-10,12.1,15.77095238095238,4.25,68.1,12.896741411985394,21,21,21
58,2025-10-11,13.85,17.561,5.19,71.8,13.87245013080166,20,20,20
58,2025-10-12,15.2,17.767500000000002,5.55,65.7,12.265658896198556,20,20,20
58,2025-10-13,16.049999999999997,19.3385,6.37,62.9,12.078090767126538,20,20,20
58,2025-10-14,11.95,15.245500000000002,3.9,60.0,11.985285485039343,20,20,20
58,2025-10-15,7.765000000000001,11.991,3.63,52.4,11.424640452709406,20,20,20
58,2025-10-16,6.265,9.705,2.28,51.3,11.741401108896673,20,20,20
58,2025-10-17,7.525,10.605500000000001,2.2,41.1,9.957129936831565,20,20,20
58,2025-10-18,8.945,12.476666666666667,3.64,52.7,12.47373381526629,18,18,18
58,2025-10-19,9.795,15.063888888888888,4.23,59.1,13.603129457803142,18,18,18
58,2025-10-20,14.8,20.23176470588235,5.04,83.6,17.91647015852108,17,17,17
58,2025-10-21,18.05,22.225,6.95,77.2,15.356472576734543,18,18,18
58,2025-10-22,21.65,24.071111111111108,8.68,66.5,13.630612989059456,18,18,18
58,2025-10-23,14.65,19.20888888888889,6.64,79.9,16.32564488912311,18,18,18
58,2025-10-24,13.8,16.49388888888889,5.8,58.9,11.973015315768789,18,18,18
58,2025-10-25,15.05,18.522222222222222,5.36,55.1,13.150863785343288,18,18,18
58,2025-10-26,9.004999999999999,12.794444444444444,4.1,41.8,10.407637592721892,18,18,18
58,2025-10-27,8.92,11.172941176470587,3.64,35.5,8.208490851479553,17,17,17
58,2025-10-28,12.8,14.98294117647059,6.15,52.9,10.969860279822326,17,17,17
58,2025-10-29,15.5,15.636153846153844,6.57,26.5,5.118055520184624,13,13,13
58,2025-10-30,18.9,18.336666666666666,7.45,26.2,5.112466090235663,15,15,15
58,2025-10-31,15.2,16.579411764705885,6.6,43.4,8.384752881412364,17,17,17
58,2025-11-01,4.85,9.42235294117647,1.94,79.8,18.281583810426465,17,17,17
58,2025-11-02,3.565,7.767222222222222,1.33,66.6,14.933217928913322,18,18,18
58,2025-11-03,3.12,6.10025,0.904,43.7,10.493290602411939,16,16,16
58,2025-11-04,5.77,8.700588235294118,1.9,51.7,11.518062158295244,17,17,17
58,2025-11-05,10.2,11.58235294117647,4.03,38.9,8.106340519472832,17,17,17
58,2025-11-06,9.88,11.401875,3.87,36.8,7.474070928884739,16,16,16
58,2025-11-07,8.879999999999999,9.565,3.46,22.7,4.496305149786878,16,16,16
58,2025-11-08,7.01,7.7547058823529404,2.53,19.6,3.861931378285772,17,17,17
58,2025-11-09,3.01,4.262941176470588,1.09,23.0,5.118073080645051,17,17,17
58,2025-11-10,1.71,3.8222941176470586,0.434,30.8,7.097011833905043,17,17,17
58,2025-11-11,6.4,9.445294117647059,2.25,51.3,11.186332686389592,17,17,17
58,2025-11-12,8.97,11.161333333333333,3.13,40.0,8.687113499453138,15,15,15
58,2025-11-13,12.399999999999999,12.86625,4.16,41.1,8.265871903999804,16,16,16
58,2025-11-15,15.8,16.321764705882355,5.93,42.6,7.704351234281604,17,17,17
58,2025-11-16,13.95,15.795555555555556,5.42,44.1,8.074557152105271,18,18,18
58,2025-11-17,14.2,15.128823529411765,6.35,36.7,6.990173354746775,17,17,17
58,2025-11-18,7.875,9.144444444444444,2.32,39.1,7.939942378085641,18,18,18
58,2025-11-19,3.82,6.941368421052632,0.726,52.8,11.459312468277233,19,19,19
58,2025-11-20,5.0,6.8842105263157904,1.45,47.1,10.1411534056862,19,19,19
58,2025-11-21,9.73,10.925263157894737,3.08,39.5,7.989416171425414,19,19,19
58,2025-11-22,12.8,16.005555555555556,3.8,52.1,13.045765245844077,18,18,18
58,2025-11-23,14.3,21.166315789473686,3.62,131.0,28.514878028949166,19,19,19
58,2025-11-24,15.0,19.286,3.77,67.7,17.214787829073,20,20,20
58,2025-11-25,19.0,22.05,4.35,67.4,13.12036384283687,20,20,20
58,2025-11-26,25.9,28.51473684210526,4.48,69.8,13.305567493188311,19,19,19
58,2025-11-27,28.450000000000003,28.19,5.02,57.5,11.098623656058598,18,18,18
58,2025-11-28,28.1,28.01631578947368,5.81,60.5,12.3371639143805,19,19,19
58,2025-11-29,24.3,25.350952380952382,5.27,44.3,9.790802778506931,21,21,21
58,2025-11-30,28.2,28.040000000000003,4.74,57.9,11.683501187572157,21,21,21
58,2025-12-01,29.7,27.61047619047619,4.52,45.6,10.66038014152895,21,21,21
58,2025-12-02,24.3,23.50952380952381,4.45,40.4,9.414040299568766,21,21,21
58,2025-12-03,21.4,22.551428571428573,4.18,38.0,8.819883381153225,21,21,21
58,2025-12-04,25.8,28.094,4.38,54.5,12.72390555731922,20,20,20
58,2025-12-05,21.7,23.736666666666668,4.46,62.0,12.471173695099166,21,21,21
58,2025-12-06,20.200000000000003,20.686818181818182,4.14,46.6,9.452318126542714,22,22,22
58,2025-12-07,18.7,29.350952380952382,4.21,230.0,46.77090291033111,21,21,21
58,2025-12-08,22.0,24.874545454545455,4.49,105.0,19.583346114023644,22,22,22
58,2025-12-09,30.55,29.561818181818182,5.26,53.7,10.354740178094485,22,22,22
58,2025-12-10,32.2,31.513636363636362,5.9,74.1,13.135930204506352,22,22,22
58,2025-12-11,28.15,27.725,6.25,66.2,11.814576851943372,22,22,22
58,2025-12-12,26.7,28.24,5.62,79.7,13.919067366876144,23,23,23
58,2025-12-13,20.5,21.895652173913042,5.59,65.6,11.349633084212241,23,23,23
58,2025-12-14,16.0,17.302608695652175,5.27,43.8,8.251688652188,23,23,23
58,2025-12-15,14.7,15.861304347826087,4.8,40.1,8.039644555885554,23,23,23
58,2025-12-16,15.0,15.942608695652174,4.73,37.7,7.1949150082738695,23,23,23
58,2025-12-17,15.8,16.078260869565216,4.75,34.3,6.798301025840549,23,23,23
58,2025-12-18,21.9,21.85217391304348,4.88,46.1,9.205053432525647,23,23,23
58,2025-12-19,21.8,22.34521739130435,4.78,53.0,10.036417719107304,23,23,23
58,2025-12-20,22.6,21.91304347826087,4.88,55.3,10.267908716341152,23,23,23
58,2025-12-21,27.1,25.840434782608696,5.29,69.3,12.431923890555046,23,23,23
58,2025-12-22,24.5,24.569090909090907,5.01,57.4,11.074860381401315,22,22,22
58,2025-12-23,23.55,23.469090909090912,5.42,50.9,8.878828166508777,22,22,22
58,2025-12-24,24.2,23.823529411764707,12.9,41.7,8.251327878875369,17,17,17
58,2025-12-25,24.35,22.898500000000002,5.27,36.2,7.886553696674253,20,20,20
58,2025-12-26,25.049999999999997,24.37181818181818,5.68,40.0,8.520985096395078,22,22,22
58,2025-12-27,27.45,26.61681818181818,5.87,42.6,9.46119059575366,22,22,22
58,2025-12-28,23.1,22.431,4.92,32.1,7.114925675537379,20,20,20
58,2025-12-29,19.7,19.937,4.88,42.5,9.310297694375553,20,20,20
58,2025-12-30,23.700000000000003,22.06772727272727,5.79,31.3,7.217548674893635,22,22,22
58,2025-12-31,27.2,26.859565217391303,5.67,42.8,9.50001266901589,23,23,23
