province_key,analysis_date,temperature_mean_c,relative_humidity_mean_pct,precipitation_mm,wind_speed_mean_kmh,wind_direction_dominant_deg,surface_pressure_mean_hpa
50,2020-01-01,23.1,81,0.0,4.7,6,983.6
50,2020-01-02,23.5,80,0.0,4.5,353,983.8
50,2020-01-03,23.3,78,0.0,4.4,349,981.4
50,2020-01-04,23.4,79,0.0,4.9,71,978.8
50,2020-01-05,24.9,74,0.0,5.0,135,978.0
50,2020-01-06,25.4,70,0.0,3.8,68,978.4
50,2020-01-07,24.9,71,0.0,4.0,69,977.7
50,2020-01-08,23.9,75,0.0,4.0,20,977.9
50,2020-01-09,23.5,75,0.0,3.8,24,977.4
50,2020-01-10,24.1,66,0.0,3.9,13,976.1
50,2020-01-11,24.0,60,0.0,4.0,357,975.7
50,2020-01-12,21.7,68,0.0,4.8,22,975.3
50,2020-01-13,22.4,75,0.0,5.2,110,975.2
50,2020-01-14,24.6,68,0.0,3.7,118,976.5
50,2020-01-15,24.3,62,0.0,4.0,26,977.3
50,2020-01-16,23.5,61,0.0,4.4,12,977.6
50,2020-01-17,22.6,65,0.0,4.5,16,978.4
50,2020-01-18,22.9,67,0.0,4.0,25,977.6
50,2020-01-19,23.8,70,0.0,4.5,106,977.7
50,2020-01-20,24.8,71,0.0,5.2,144,978.7
50,2020-01-21,25.7,66,0.0,4.1,133,979.9
50,2020-01-22,25.7,64,0.0,3.6,33,979.1
50,2020-01-23,25.0,57,0.0,4.5,349,977.2
50,2020-01-24,23.8,52,0.0,4.4,317,976.5
50,2020-01-25,22.7,50,0.0,5.7,286,974.6
50,2020-01-26,21.3,47,0.0,5.0,168,974.5
50,2020-01-27,20.2,52,0.0,4.6,120,973.7
50,2020-01-28,20.6,55,0.0,3.8,90,975.5
50,2020-01-29,20.7,58,0.0,3.7,30,977.8
50,2020-01-30,21.5,65,0.0,4.6,105,977.3
50,2020-01-31,23.5,69,0.0,7.0,132,977.6
50,2020-02-01,24.0,65,0.0,4.9,129,978.2
50,2020-02-02,24.9,59,0.0,5.1,149,978.9
50,2020-02-03,25.4,55,0.0,3.5,176,978.1
50,2020-02-04,24.3,54,0.0,4.0,51,976.9
50,2020-02-05,24.3,52,0.0,5.2,186,976.2
50,2020-02-06,25.2,47,0.0,3.7,208,977.2
50,2020-02-07,24.9,49,0.0,3.2,129,978.2
50,2020-02-08,25.1,60,0.0,3.9,124,979.0
50,2020-02-09,25.5,67,0.1,5.3,136,980.2
50,2020-02-10,25.8,66,0.0,5.3,143,979.3
50,2020-02-11,26.2,61,0.0,4.6,144,979.0
50,2020-02-12,25.9,54,0.0,6.5,228,977.8
50,2020-02-13,25.9,50,0.0,7.3,221,976.1
50,2020-02-14,25.5,46,0.0,7.8,200,973.6
50,2020-02-15,25.1,44,0.0,3.7,215,975.2
50,2020-02-16,24.6,54,0.0,3.4,14,977.3
50,2020-02-17,25.4,55,0.0,5.8,139,978.4
50,2020-02-18,26.1,61,0.0,7.2,139,979.5
50,2020-02-19,26.8,58,0.0,5.7,152,980.3
50,2020-02-20,26.6,58,0.0,4.7,140,980.2
50,2020-02-21,26.3,59,0.0,4.7,116,982.3
50,2020-02-22,26.3,56,0.0,4.9,95,983.5
50,2020-02-23,25.2,61,0.0,4.0,156,981.9
50,2020-02-24,24.8,63,0.0,3.9,203,978.6
50,2020-02-25,26.4,58,0.0,4.0,186,977.1
50,2020-02-26,27.1,54,0.0,4.4,178,977.1
50,2020-02-27,26.7,58,0.0,4.6,179,976.5
50,2020-02-28,27.3,58,0.0,5.1,161,975.5
50,2020-02-29,27.9,55,0.0,4.7,139,974.9
50,2020-03-01,28.4,55,0.0,4.6,239,975.3
50,2020-03-02,28.7,48,0.0,5.0,238,974.8
50,2020-03-03,28.1,49,0.0,5.8,254,974.9
50,2020-03-04,27.6,60,0.0,5.5,258,975.6
50,2020-03-05,28.3,53,0.0,5.5,209,975.8
50,2020-03-06,28.4,49,0.0,6.4,220,976.6
50,2020-03-07,28.6,47,0.0,5.3,208,976.6
50,2020-03-08,28.4,48,0.0,6.4,268,974.3
50,2020-03-09,28.8,47,0.0,6.0,266,972.2
50,2020-03-10,28.4,48,0.0,5.3,275,972.6
50,2020-03-11,29.3,42,0.0,6.0,199,974.1
50,2020-03-12,29.7,36,0.0,5.1,176,975.7
50,2020-03-13,29.5,41,0.0,3.8,179,976.4
50,2020-03-14,29.4,47,0.0,4.1,179,975.3
50,2020-03-15,30.0,53,0.0,7.1,157,975.5
50,2020-03-16,29.6,64,0.0,7.4,151,976.6
50,2020-03-17,30.5,53,0.0,6.5,163,976.4
50,2020-03-18,30.4,46,0.0,5.9,210,974.3
50,2020-03-19,30.1,47,0.0,3.9,191,973.8
50,2020-03-20,30.1,46,0.0,7.4,179,974.3
50,2020-03-21,29.8,40,0.0,7.6,212,975.4
50,2020-03-22,29.6,45,0.0,5.2,231,975.1
50,2020-03-23,29.5,46,0.0,4.6,233,974.3
50,2020-03-24,30.1,39,0.0,6.1,201,973.1
50,2020-03-25,30.3,39,0.0,6.4,202,972.4
50,2020-03-26,30.6,39,0.0,6.5,215,973.8
50,2020-03-27,30.4,42,0.0,6.1,210,974.4
50,2020-03-28,30.6,40,0.0,5.6,189,973.2
50,2020-03-29,30.9,37,0.0,6.6,189,972.2
50,2020-03-30,31.4,39,0.0,6.2,188,972.5
50,2020-03-31,32.0,41,0.0,5.9,167,973.2
50,2020-04-01,32.0,37,0.0,6.6,188,972.8
50,2020-04-02,32.2,35,0.0,6.2,210,973.3
50,2020-04-03,32.1,33,0.0,6.2,189,974.5
50,2020-04-04,31.7,32,0.0,6.0,173,974.7
50,2020-04-05,31.7,38,0.0,7.4,166,974.7
50,2020-04-06,31.8,40,0.0,7.2,219,973.9
50,2020-04-07,32.7,41,0.0,7.1,223,972.9
50,2020-04-08,31.8,38,0.0,5.1,194,974.1
50,2020-04-09,32.1,38,0.0,7.4,159,975.1
50,2020-04-10,31.6,42,0.0,8.4,170,976.6
50,2020-04-11,31.5,38,0.0,4.4,225,976.2
50,2020-04-12,32.7,41,0.0,5.1,173,974.5
50,2020-04-13,31.8,48,0.0,11.1,156,974.9
50,2020-04-14,29.6,66,1.7,5.3,129,977.8
50,2020-04-15,31.5,49,0.0,4.9,170,976.1
50,2020-04-16,31.5,46,0.0,6.2,188,974.1
50,2020-04-17,33.0,38,0.0,6.5,182,974.1
50,2020-04-18,32.0,43,0.0,6.5,168,975.2
50,2020-04-19,32.7,46,0.0,5.9,177,974.6
50,2020-04-20,33.4,42,0.0,5.1,182,974.7
50,2020-04-21,34.1,41,0.0,5.3,199,973.8
50,2020-04-22,34.7,40,0.0,6.0,242,973.5
50,2020-04-23,33.7,44,0.0,8.4,158,974.1
50,2020-04-24,33.6,44,0.0,10.1,175,974.9
50,2020-04-25,29.0,70,8.3,7.3,144,977.0
50,2020-04-26,27.0,81,12.1,3.4,61,978.6
50,2020-04-27,25.5,82,22.8,4.3,61,980.6
50,2020-04-28,28.5,70,2.4,3.1,358,978.8
50,2020-04-29,26.8,78,4.8,3.8,85,977.8
50,2020-04-30,27.3,82,6.0,3.3,288,977.7
50,2020-05-01,28.2,77,0.3,3.7,296,975.7
50,2020-05-02,28.6,77,0.0,3.6,183,974.8
50,2020-05-03,29.7,73,0.4,4.2,321,974.8
50,2020-05-04,31.4,63,0.0,4.6,255,975.0
50,2020-05-05,33.3,53,0.0,4.4,262,973.7
50,2020-05-06,33.7,54,0.0,4.7,229,972.8
50,2020-05-07,34.1,53,0.0,4.7,217,972.3
50,2020-05-08,33.4,55,0.6,5.0,192,972.6
50,2020-05-09,32.7,57,0.0,3.8,167,973.7
50,2020-05-10,32.1,57,0.0,3.5,262,974.7
50,2020-05-11,31.8,57,0.1,5.1,229,975.5
50,2020-05-12,31.4,61,0.2,3.8,256,974.8
50,2020-05-13,32.7,54,0.0,5.4,218,973.8
50,2020-05-14,31.5,59,0.1,4.8,268,974.5
50,2020-05-15,32.7,55,0.0,4.6,267,971.8
50,2020-05-16,33.8,48,0.0,4.1,248,970.9
50,2020-05-17,33.8,52,0.0,6.0,247,970.2
50,2020-05-18,32.6,56,0.0,6.1,217,970.2
50,2020-05-19,30.6,67,5.4,5.5,201,971.1
50,2020-05-20,31.3,66,0.7,6.6,200,971.5
50,2020-05-21,30.5,68,0.0,4.5,207,972.9
50,2020-05-22,31.9,59,0.0,5.2,252,972.2
50,2020-05-23,33.1,55,0.0,6.8,252,972.0
50,2020-05-24,33.1,51,0.0,6.7,217,973.0
50,2020-05-25,33.6,47,0.0,7.2,219,974.0
50,2020-05-26,33.7,49,0.0,6.8,228,974.1
50,2020-05-27,33.5,53,0.1,7.0,238,973.4
50,2020-05-28,31.2,60,0.2,5.5,223,973.5
50,2020-05-29,31.1,60,2.1,3.9,196,973.8
50,2020-05-30,30.8,62,0.3,5.3,187,974.8
50,2020-05-31,30.2,68,1.3,4.7,175,975.5
50,2020-06-01,31.6,61,0.9,4.8,222,974.8
50,2020-06-02,31.9,59,0.1,5.5,215,973.3
50,2020-06-03,32.0,59,0.2,4.3,222,972.8
50,2020-06-04,32.1,62,0.0,4.2,191,972.3
50,2020-06-05,31.9,59,0.1,4.4,208,972.5
50,2020-06-06,30.8,66,4.1,5.5,197,972.0
50,2020-06-07,30.8,66,0.0,7.2,196,971.6
50,2020-06-08,30.7,65,0.7,6.5,182,971.1
50,2020-06-09,31.8,62,0.0,8.0,165,971.5
50,2020-06-10,32.2,59,1.6,6.7,167,972.3
50,2020-06-11,32.3,56,0.2,6.6,216,971.9
50,2020-06-12,32.9,55,0.3,5.7,248,970.7
50,2020-06-13,33.0,57,0.9,4.3,262,970.1
50,2020-06-14,29.4,79,15.8,4.6,183,970.7
50,2020-06-15,29.1,80,9.2,5.0,179,971.7
50,2020-06-16,29.1,76,4.5,5.9,166,972.3
50,2020-06-17,28.4,78,12.4,5.2,170,972.2
50,2020-06-18,26.6,87,14.5,4.8,170,973.1
50,2020-06-19,27.4,85,6.1,4.1,170,972.8
50,2020-06-20,29.0,80,0.1,3.5,180,972.7
50,2020-06-21,30.5,71,0.0,4.6,211,971.5
50,2020-06-22,31.9,65,0.3,4.6,217,971.3
50,2020-06-23,31.4,63,0.0,3.3,207,973.0
50,2020-06-24,29.2,78,18.4,3.4,251,973.3
50,2020-06-25,29.0,78,7.1,3.4,196,972.0
50,2020-06-26,28.3,84,14.3,3.4,181,971.9
50,2020-06-27,28.3,83,2.7,3.2,170,972.2
50,2020-06-28,29.8,76,0.2,3.8,208,971.7
50,2020-06-29,30.8,71,0.0,5.5,207,971.0
50,2020-06-30,31.2,69,0.0,5.6,207,970.6
50,2020-07-01,30.3,69,0.5,5.8,213,970.4
50,2020-07-02,29.5,74,7.3,4.4,182,969.5
50,2020-07-03,29.6,76,6.8,4.6,190,970.4
50,2020-07-04,29.0,75,2.1,5.0,180,972.0
50,2020-07-05,29.4,72,2.6,5.8,193,971.5
50,2020-07-06,30.7,68,1.0,3.9,233,970.9
50,2020-07-07,31.5,67,1.8,4.5,208,972.5
50,2020-07-08,29.7,76,3.3,5.2,156,973.5
50,2020-07-09,30.9,69,0.1,5.4,212,971.8
50,2020-07-10,31.3,63,0.3,5.9,230,971.7
50,2020-07-11,31.3,62,0.0,5.4,203,971.9
50,2020-07-12,30.2,67,2.2,5.2,194,971.3
50,2020-07-13,27.6,85,19.8,4.3,147,971.7
50,2020-07-14,28.8,78,8.2,4.8,161,972.7
50,2020-07-15,30.2,70,0.0,4.2,214,971.9
50,2020-07-16,30.7,70,0.1,5.2,203,970.8
50,2020-07-17,30.1,75,3.3,6.5,173,971.7
50,2020-07-18,30.0,72,0.9,3.7,205,973.4
50,2020-07-19,30.0,67,0.1,4.9,231,972.9
50,2020-07-20,30.5,66,2.6,3.3,225,972.6
50,2020-07-21,29.6,71,0.2,3.2,203,973.6
50,2020-07-22,30.0,72,0.2,5.0,160,973.1
50,2020-07-23,30.6,69,0.4,5.1,154,973.3
50,2020-07-24,32.5,62,0.0,3.4,182,973.5
50,2020-07-25,32.6,63,3.3,4.7,159,972.6
50,2020-07-26,32.3,62,0.2,5.8,156,972.4
50,2020-07-27,30.9,70,4.3,4.9,147,971.6
50,2020-07-28,28.0,86,9.3,2.4,93,973.0
50,2020-07-29,27.9,82,0.6,3.4,234,973.4
50,2020-07-30,29.3,75,0.5,4.3,263,972.6
50,2020-07-31,30.4,73,5.6,4.9,269,970.1
50,2020-08-01,30.6,74,0.9,4.1,257,967.8
50,2020-08-02,29.1,80,13.3,4.0,231,965.1
50,2020-08-03,27.2,89,18.9,4.3,169,963.6
50,2020-08-04,27.2,88,9.9,6.6,144,966.5
50,2020-08-05,28.0,85,8.6,6.0,145,970.0
50,2020-08-06,28.4,84,8.8,3.7,174,972.1
50,2020-08-07,28.7,85,7.9,3.8,159,971.2
50,2020-08-08,29.1,83,3.3,3.4,153,970.7
50,2020-08-09,29.7,81,0.6,4.1,173,970.7
50,2020-08-10,29.7,77,0.4,4.8,205,971.4
50,2020-08-11,29.2,77,1.6,4.6,201,971.5
50,2020-08-12,29.1,77,6.0,3.7,195,971.8
50,2020-08-13,28.4,83,5.7,4.9,160,971.1
50,2020-08-14,27.5,87,14.6,5.1,158,971.4
50,2020-08-15,26.8,88,11.7,5.3,160,972.7
50,2020-08-16,27.1,85,3.0,4.0,141,972.8
50,2020-08-17,27.3,84,1.3,4.0,184,972.2
50,2020-08-18,25.8,88,12.4,3.1,157,972.5
50,2020-08-19,26.2,88,11.0,2.4,122,972.3
50,2020-08-20,27.9,83,5.3,3.1,202,972.8
50,2020-08-21,26.5,90,17.8,4.5,214,973.3
50,2020-08-22,26.6,91,42.0,3.3,38,972.3
50,2020-08-23,26.7,90,24.3,4.8,142,971.9
50,2020-08-24,26.6,89,15.8,4.4,170,973.6
50,2020-08-25,28.6,77,0.6,3.6,223,974.2
50,2020-08-26,28.5,80,0.5,4.0,251,973.6
50,2020-08-27,29.4,77,3.0,5.6,273,971.7
50,2020-08-28,30.2,75,0.2,4.6,272,970.2
50,2020-08-29,29.9,78,0.8,3.9,241,970.6
50,2020-08-30,29.9,79,0.3,3.2,154,971.1
50,2020-08-31,29.0,81,2.4,3.6,123,972.5
50,2020-09-01,27.1,86,2.7,3.9,348,973.9
50,2020-09-02,29.1,77,0.1,2.7,245,974.4
50,2020-09-03,30.1,78,5.6,3.1,127,974.0
50,2020-09-04,29.1,83,0.5,2.0,125,973.7
50,2020-09-05,29.3,80,0.6,3.4,172,972.6
50,2020-09-06,29.7,79,2.3,3.8,174,972.1
50,2020-09-07,29.0,82,5.2,3.9,199,972.2
50,2020-09-08,27.9,86,13.7,3.1,151,973.3
50,2020-09-09,28.5,81,7.2,3.6,165,973.9
50,2020-09-10,29.1,79,0.1,4.0,174,972.1
50,2020-09-11,29.1,79,0.7,4.9,153,972.8
50,2020-09-12,29.1,82,1.1,4.6,136,974.7
50,2020-09-13,29.0,82,4.9,3.4,122,975.2
50,2020-09-14,28.4,86,3.0,2.0,91,974.3
50,2020-09-15,28.8,83,0.7,3.2,149,973.5
50,2020-09-16,29.8,80,2.3,3.3,152,973.0
50,2020-09-17,29.8,79,0.1,3.3,297,971.3
50,2020-09-18,28.9,87,21.8,4.8,345,969.1
50,2020-09-19,27.7,86,12.0,6.3,40,967.0
50,2020-09-20,26.5,93,27.4,6.8,136,971.5
50,2020-09-21,27.4,85,3.8,6.4,146,974.5
50,2020-09-22,28.6,84,4.2,3.8,153,974.9
50,2020-09-23,28.8,84,1.4,3.0,169,974.3
50,2020-09-24,27.3,88,20.6,3.3,155,975.1
50,2020-09-25,27.7,87,4.2,3.3,164,974.1
50,2020-09-26,28.6,82,0.0,3.2,230,973.7
50,2020-09-27,29.4,78,0.0,3.5,278,972.9
50,2020-09-28,28.7,84,7.2,3.2,100,972.4
50,2020-09-29,27.7,86,12.6,3.6,138,972.2
50,2020-09-30,27.8,86,0.8,3.2,152,972.0
50,2020-10-01,28.7,84,4.1,3.2,168,971.6
50,2020-10-02,28.5,84,4.3,3.5,113,972.3
50,2020-10-03,28.0,86,3.9,3.5,140,973.5
50,2020-10-04,27.8,85,6.3,2.9,143,974.3
50,2020-10-05,27.5,86,10.2,3.2,107,974.2
50,2020-10-06,27.5,87,11.9,3.2,24,975.2
50,2020-10-07,28.0,85,3.2,3.0,1,975.3
50,2020-10-08,27.5,84,1.2,6.3,9,974.5
50,2020-10-09,27.3,79,0.7,5.9,27,975.2
50,2020-10-10,27.2,78,0.0,3.9,9,974.9
50,2020-10-11,27.8,78,0.0,4.2,9,973.1
50,2020-10-12,27.7,77,0.0,3.5,11,972.1
50,2020-10-13,28.2,74,0.0,3.3,348,972.8
50,2020-10-14,28.5,76,0.0,4.5,341,972.3
50,2020-10-15,27.8,79,1.4,5.0,9,972.0
50,2020-10-16,26.9,85,1.6,5.5,18,973.0
50,2020-10-17,26.5,87,12.2,5.5,356,974.3
50,2020-10-18,26.2,84,5.8,4.8,5,975.0
50,2020-10-19,24.5,90,4.8,3.0,2,976.0
50,2020-10-20,23.9,90,0.4,2.9,28,977.6
50,2020-10-21,25.1,86,0.0,3.3,346,977.9
50,2020-10-22,26.4,84,0.0,3.9,8,976.5
50,2020-10-23,26.6,82,0.0,3.5,31,976.4
50,2020-10-24,26.5,82,0.0,3.4,125,976.7
50,2020-10-25,26.7,80,0.0,2.6,103,976.6
50,2020-10-26,27.1,78,0.0,3.9,83,975.3
50,2020-10-27,26.0,86,3.0,3.2,17,975.8
50,2020-10-28,26.7,80,0.0,4.6,347,975.4
50,2020-10-29,25.9,83,5.8,7.2,8,974.5
50,2020-10-30,24.8,93,8.6,3.1,13,976.6
50,2020-10-31,26.2,88,2.0,3.8,48,978.7
50,2020-11-01,27.6,82,0.0,3.1,114,978.6
50,2020-11-02,27.9,80,0.0,3.6,141,978.3
50,2020-11-03,27.5,81,1.0,3.6,114,978.8
50,2020-11-04,26.5,85,4.9,3.4,122,978.2
50,2020-11-05,26.6,83,0.2,2.5,119,978.5
50,2020-11-06,26.8,83,0.5,3.4,359,979.1
50,2020-11-07,26.3,86,3.9,3.6,3,979.8
50,2020-11-08,27.3,78,1.3,4.0,359,980.5
50,2020-11-09,25.9,76,0.0,4.8,16,979.5
50,2020-11-10,23.7,77,0.0,6.9,21,979.2
50,2020-11-11,23.1,77,0.0,6.5,17,980.5
50,2020-11-12,24.1,78,0.0,4.7,11,980.7
50,2020-11-13,26.3,78,0.0,4.9,11,979.0
50,2020-11-14,24.8,78,0.0,5.5,26,978.1
50,2020-11-15,23.1,75,0.0,6.4,13,978.4
50,2020-11-16,25.1,76,0.0,3.8,19,978.5
50,2020-11-17,26.5,77,0.0,2.6,42,977.2
50,2020-11-18,26.8,76,0.0,2.7,3,976.1
50,2020-11-19,26.4,73,0.0,2.8,2,975.6
50,2020-11-20,26.2,71,0.0,2.8,18,975.9
50,2020-11-21,25.4,75,0.0,3.8,5,976.3
50,2020-11-22,25.0,79,0.0,3.2,4,977.9
50,2020-11-23,25.6,77,0.0,3.4,19,978.7
50,2020-11-24,25.8,80,0.0,4.2,20,979.2
50,2020-11-25,25.2,81,0.0,4.5,1,978.9
50,2020-11-26,24.7,83,0.0,4.0,3,979.5
50,2020-11-27,25.0,81,0.0,4.4,18,980.4
50,2020-11-28,24.3,81,0.0,3.9,9,980.7
50,2020-11-29,23.7,81,0.0,4.4,12,980.3
50,2020-11-30,22.9,80,0.0,5.1,18,980.5
50,2020-12-01,22.8,76,0.0,3.8,28,981.2
50,2020-12-02,22.9,79,0.0,4.0,6,979.5
50,2020-12-03,23.6,82,0.5,4.7,138,979.0
50,2020-12-04,24.2,78,0.0,5.1,148,979.0
50,2020-12-05,23.7,72,0.0,4.3,128,980.4
50,2020-12-06,22.2,75,0.0,2.5,66,980.4
50,2020-12-07,22.0,77,0.0,3.4,85,980.3
50,2020-12-08,21.8,77,0.0,3.6,81,980.1
50,2020-12-09,21.5,75,0.0,3.6,92,978.3
50,2020-12-10,21.5,74,0.0,3.2,88,977.7
50,2020-12-11,21.8,73,0.0,2.8,67,977.8
50,2020-12-12,21.8,71,0.0,3.2,57,976.8
50,2020-12-13,22.6,69,0.0,2.9,66,975.5
50,2020-12-14,23.4,75,0.0,3.2,48,976.3
50,2020-12-15,23.7,77,0.0,3.5,48,978.3
50,2020-12-16,24.3,78,0.0,3.5,95,979.0
50,2020-12-17,24.5,80,0.0,3.9,127,978.0
50,2020-12-18,24.6,78,0.0,5.4,130,978.2
50,2020-12-19,23.8,79,0.0,4.6,119,979.3
50,2020-12-20,22.2,76,0.0,5.7,96,980.9
50,2020-12-21,20.3,74,0.0,6.3,37,981.5
50,2020-12-22,18.8,75,0.0,4.5,29,980.3
50,2020-12-23,18.8,75,0.0,3.4,32,978.1
50,2020-12-24,19.5,75,0.0,3.7,35,977.4
50,2020-12-25,20.7,76,0.0,3.4,51,977.5
50,2020-12-26,23.2,77,0.0,3.8,98,977.3
50,2020-12-27,25.2,74,0.0,3.5,91,976.3
50,2020-12-28,25.0,72,0.0,3.8,57,975.4
50,2020-12-29,23.4,68,0.0,3.5,16,976.0
50,2020-12-30,21.6,74,0.0,4.6,33,977.7
50,2020-12-31,23.2,71,0.0,6.3,117,980.1
50,2021-01-01,22.2,71,0.0,4.2,104,981.2
50,2021-01-02,20.0,75,0.0,3.7,105,980.3
50,2021-01-03,20.5,75,0.0,3.4,95,979.0
50,2021-01-04,21.2,74,0.0,3.5,87,979.7
50,2021-01-05,21.7,73,0.0,2.9,79,978.9
50,2021-01-06,22.7,75,0.0,4.0,97,976.9
50,2021-01-07,24.4,77,0.0,4.2,125,975.7
50,2021-01-08,25.3,79,0.0,6.6,141,976.3
50,2021-01-09,24.8,78,0.0,7.5,151,977.2
50,2021-01-10,23.4,74,0.0,7.1,141,977.3
50,2021-01-11,24.4,71,0.0,6.0,142,979.0
50,2021-01-12,19.2,65,0.0,8.5,66,983.1
50,2021-01-13,18.1,70,0.0,3.8,83,981.0
50,2021-01-14,19.3,75,0.0,3.9,87,978.1
50,2021-01-15,20.9,72,0.0,4.1,88,975.7
50,2021-01-16,21.1,68,0.0,4.9,106,975.2
50,2021-01-17,22.0,72,0.0,4.3,97,978.6
50,2021-01-18,22.7,67,0.0,5.3,113,980.8
50,2021-01-19,20.7,74,0.0,4.8,116,978.9
50,2021-01-20,21.1,71,0.0,6.3,132,977.5
50,2021-01-21,21.8,67,0.0,4.5,131,976.6
50,2021-01-22,22.3,66,0.0,2.7,113,976.0
50,2021-01-23,23.3,66,0.0,5.3,140,975.4
50,2021-01-24,22.8,60,0.0,3.9,99,976.5
50,2021-01-25,22.8,61,0.0,3.9,59,976.8
50,2021-01-26,23.3,67,0.0,3.5,55,976.2
50,2021-01-27,23.8,69,0.0,3.9,100,976.3
50,2021-01-28,24.9,71,0.0,3.2,103,977.8
50,2021-01-29,25.0,75,0.0,6.0,134,978.0
50,2021-01-30,24.7,76,0.0,6.4,170,978.3
50,2021-01-31,24.7,77,0.4,5.1,137,978.9
50,2021-02-01,25.5,65,0.0,3.5,117,979.0
50,2021-02-02,24.5,61,0.0,3.4,69,978.6
50,2021-02-03,23.8,62,0.0,3.4,48,978.6
50,2021-02-04,23.9,68,0.0,3.8,106,979.2
50,2021-02-05,24.2,71,0.0,3.4,166,978.3
50,2021-02-06,24.7,69,0.0,4.3,128,977.1
50,2021-02-07,25.7,67,0.0,5.1,154,976.3
50,2021-02-08,22.7,83,7.5,4.6,41,976.7
50,2021-02-09,21.5,78,0.0,5.2,8,978.0
50,2021-02-10,21.2,72,0.0,3.9,27,978.0
50,2021-02-11,21.4,70,0.0,3.4,64,977.4
50,2021-02-12,23.3,64,0.0,2.7,104,977.2
50,2021-02-13,24.6,63,0.0,4.1,115,977.2
50,2021-02-14,24.9,61,0.0,4.4,123,977.3
50,2021-02-15,24.8,62,0.0,4.2,124,975.7
50,2021-02-16,24.4,64,0.0,3.6,22,975.5
50,2021-02-17,24.9,70,0.4,4.4,176,977.5
50,2021-02-18,26.1,70,0.4,4.7,134,980.6
50,2021-02-19,25.1,65,0.0,6.0,100,982.1
50,2021-02-20,24.7,68,0.0,4.3,348,980.2
50,2021-02-21,24.9,70,0.0,4.9,338,978.2
50,2021-02-22,26.2,67,0.0,5.0,335,976.9
50,2021-02-23,26.4,68,0.0,4.2,320,975.5
50,2021-02-24,27.7,62,0.0,5.7,231,973.7
50,2021-02-25,27.6,54,0.0,5.6,246,972.5
50,2021-02-26,26.4,50,0.0,5.0,302,971.3
50,2021-02-27,25.3,52,0.0,5.4,316,972.1
50,2021-02-28,25.9,55,0.0,4.4,295,973.5
50,2021-03-01,26.2,54,0.0,3.0,198,976.5
50,2021-03-02,25.6,52,0.0,3.8,98,976.7
50,2021-03-03,26.5,59,0.0,4.6,122,976.0
50,2021-03-04,27.0,69,0.0,7.6,139,976.7
50,2021-03-05,28.1,56,0.0,4.8,285,976.3
50,2021-03-06,26.9,40,0.0,4.0,6,977.1
50,2021-03-07,25.8,47,0.0,4.3,14,976.6
50,2021-03-08,26.4,47,0.0,3.4,111,977.2
50,2021-03-09,26.0,57,0.0,4.3,130,977.2
50,2021-03-10,25.4,59,0.0,4.2,43,977.3
50,2021-03-11,26.3,64,0.0,3.3,353,977.9
50,2021-03-12,26.4,68,0.0,3.6,323,978.0
50,2021-03-13,27.2,66,0.0,3.6,65,977.1
50,2021-03-14,27.3,67,0.0,5.9,154,975.2
50,2021-03-15,28.6,63,0.0,3.8,173,974.1
50,2021-03-16,28.7,62,0.0,3.6,159,973.7
50,2021-03-17,29.1,59,0.0,4.1,145,973.5
50,2021-03-18,29.4,61,0.0,4.3,202,973.4
50,2021-03-19,30.2,59,0.0,4.4,165,972.7
50,2021-03-20,30.8,56,0.0,5.1,174,971.3
50,2021-03-21,31.1,52,0.0,3.7,165,972.1
50,2021-03-22,29.4,66,1.7,8.1,149,976.7
50,2021-03-23,29.4,71,0.0,5.5,163,977.9
50,2021-03-24,29.5,67,0.0,4.5,175,975.3
50,2021-03-25,30.1,65,0.0,4.8,181,974.1
50,2021-03-26,30.1,63,0.0,6.1,178,973.7
50,2021-03-27,29.7,62,0.0,3.6,234,972.7
50,2021-03-28,30.4,62,0.0,4.5,273,972.1
50,2021-03-29,30.6,59,0.0,5.0,247,971.2
50,2021-03-30,30.0,56,0.0,6.4,220,969.7
50,2021-03-31,30.3,55,0.0,5.1,236,969.1
50,2021-04-01,30.7,49,0.0,4.2,237,969.6
50,2021-04-02,29.8,55,0.0,4.5,180,970.9
50,2021-04-03,29.9,61,1.1,5.1,151,972.3
50,2021-04-04,26.5,82,4.8,2.7,102,976.0
50,2021-04-05,24.3,86,18.9,4.0,19,977.4
50,2021-04-06,23.0,86,6.6,5.2,12,978.7
50,2021-04-07,26.2,74,0.0,3.8,341,978.1
50,2021-04-08,28.8,69,0.2,3.2,27,975.3
50,2021-04-09,29.3,67,0.1,4.1,214,974.9
50,2021-04-10,28.8,72,1.0,6.0,148,976.5
50,2021-04-11,28.5,75,0.0,4.8,150,977.9
50,2021-04-12,28.9,72,0.0,3.0,206,977.9
50,2021-04-13,29.6,65,0.4,2.8,211,976.7
50,2021-04-14,29.2,67,0.0,3.8,206,976.0
50,2021-04-15,29.0,66,0.8,4.1,201,974.7
50,2021-04-16,29.5,67,0.6,2.9,195,974.6
50,2021-04-17,26.8,77,1.0,3.0,257,977.0
50,2021-04-18,28.0,74,0.8,3.2,169,976.1
50,2021-04-19,29.4,67,0.0,5.4,156,974.0
50,2021-04-20,30.3,62,0.0,5.2,160,973.6
50,2021-04-21,31.7,59,0.0,4.0,197,974.1
50,2021-04-22,32.8,53,0.0,4.6,214,973.2
50,2021-04-23,33.1,54,0.0,5.5,227,971.7
50,2021-04-24,33.2,57,0.0,5.4,218,971.6
50,2021-04-25,31.8,61,0.6,4.2,241,973.2
50,2021-04-26,29.6,66,2.0,4.7,194,973.8
50,2021-04-27,28.5,71,2.7,4.6,165,975.5
50,2021-04-28,27.3,78,5.4,4.7,148,977.4
50,2021-04-29,27.6,77,5.6,3.9,159,977.0
50,2021-04-30,27.2,80,3.8,4.4,138,976.4
50,2021-05-01,27.8,77,0.8,3.6,159,976.6
50,2021-05-02,28.8,71,0.5,3.4,188,976.2
50,2021-05-03,30.4,66,0.5,3.6,168,974.3
50,2021-05-04,31.7,58,0.2,3.5,300,974.0
50,2021-05-05,30.7,59,0.2,3.8,213,974.7
50,2021-05-06,29.1,66,3.7,3.5,61,977.8
50,2021-05-07,29.4,64,0.0,3.4,247,977.6
50,2021-05-08,29.9,61,0.0,3.1,281,975.7
50,2021-05-09,29.5,67,0.2,4.1,188,974.6
50,2021-05-10,31.0,63,0.0,4.7,201,973.2
50,2021-05-11,32.3,57,0.0,4.8,227,972.3
50,2021-05-12,32.3,58,0.2,5.6,200,971.6
50,2021-05-13,31.9,59,0.5,4.6,209,971.3
50,2021-05-14,32.3,57,0.0,5.5,209,971.3
50,2021-05-15,32.7,55,0.0,5.0,222,971.9
50,2021-05-16,33.6,53,0.0,3.8,209,972.2
50,2021-05-17,32.9,59,0.2,5.7,168,972.4
50,2021-05-18,32.5,63,0.0,4.1,219,972.8
50,2021-05-19,32.9,61,0.0,5.0,227,971.7
50,2021-05-20,33.1,59,0.6,5.2,201,971.8
50,2021-05-21,33.5,57,0.0,4.8,211,971.7
50,2021-05-22,33.3,59,0.0,4.3,222,970.4
50,2021-05-23,32.9,58,0.0,6.0,207,970.7
50,2021-05-24,32.8,55,0.0,5.4,202,971.8
50,2021-05-25,31.3,60,1.2,5.7,161,972.3
50,2021-05-26,31.5,59,0.2,5.8,190,971.8
50,2021-05-27,31.7,62,3.6,3.2,199,972.3
50,2021-05-28,30.3,75,5.4,5.4,145,973.5
50,2021-05-29,29.6,77,5.2,5.1,148,973.3
50,2021-05-30,30.8,70,0.2,5.9,160,972.1
50,2021-05-31,31.1,68,0.8,5.8,217,971.3
50,2021-06-01,32.0,63,0.0,5.7,224,971.7
50,2021-06-02,32.5,60,0.0,5.8,244,971.7
50,2021-06-03,32.9,57,0.0,5.1,259,972.2
50,2021-06-04,31.5,63,0.0,4.2,234,972.6
50,2021-06-05,28.8,80,18.6,3.4,206,972.3
50,2021-06-06,29.6,76,3.8,5.2,234,971.1
50,2021-06-07,29.6,76,1.2,4.8,211,970.3
50,2021-06-08,29.5,75,3.7,4.2,161,970.4
50,2021-06-09,28.1,82,9.3,5.2,155,970.6
50,2021-06-10,27.5,85,28.1,4.2,156,969.9
50,2021-06-11,28.8,78,4.0,4.0,184,969.7
50,2021-06-12,28.4,79,2.7,3.3,193,971.4
50,2021-06-13,28.1,79,2.7,4.2,199,970.4
50,2021-06-14,25.1,92,45.5,5.8,150,970.9
50,2021-06-15,27.3,86,24.0,6.1,159,970.5
50,2021-06-16,27.6,83,14.0,6.4,165,971.8
50,2021-06-17,28.0,79,15.4,7.5,182,973.5
50,2021-06-18,28.7,74,0.0,5.8,202,975.0
50,2021-06-19,29.2,73,0.3,5.4,213,974.3
50,2021-06-20,29.4,73,0.0,6.0,235,972.6
50,2021-06-21,29.5,75,0.7,5.7,216,971.5
50,2021-06-22,29.6,74,0.0,5.3,206,972.4
50,2021-06-23,29.0,77,0.9,5.0,216,973.0
50,2021-06-24,29.4,75,1.7,5.0,220,971.9
50,2021-06-25,29.4,75,0.6,5.0,216,970.7
50,2021-06-26,29.2,77,0.0,5.3,209,972.1
50,2021-06-27,29.0,78,0.6,5.0,226,973.8
50,2021-06-28,29.0,78,0.3,5.6,216,972.9
50,2021-06-29,29.1,77,0.0,5.1,229,971.6
50,2021-06-30,29.3,75,0.6,5.1,220,971.3
50,2021-07-01,28.4,80,7.1,4.3,203,971.8
50,2021-07-02,28.6,76,1.1,5.5,203,972.9
50,2021-07-03,29.3,72,0.0,5.0,217,972.8
50,2021-07-04,29.9,74,0.5,5.3,251,971.8
50,2021-07-05,30.4,75,0.1,4.6,260,970.7
50,2021-07-06,27.8,87,11.0,3.3,203,970.0
50,2021-07-07,28.8,81,8.2,2.2,78,971.2
50,2021-07-08,28.7,83,12.3,3.4,174,970.7
50,2021-07-09,27.8,87,68.3,4.0,132,971.0
50,2021-07-10,27.5,87,15.4,3.3,94,971.9
50,2021-07-11,27.5,88,5.1,3.9,106,973.4
50,2021-07-12,28.1,84,3.5,4.4,139,974.7
50,2021-07-13,29.4,78,0.6,3.3,204,973.4
50,2021-07-14,30.0,75,0.0,3.4,188,972.1
50,2021-07-15,28.2,86,12.6,4.1,153,972.5
50,2021-07-16,27.8,85,14.0,3.8,131,974.3
50,2021-07-17,28.9,82,0.8,3.2,188,972.5
50,2021-07-18,29.3,78,1.2,5.0,215,969.8
50,2021-07-19,28.1,81,4.2,5.3,177,968.9
50,2021-07-20,27.7,83,4.3,5.7,160,969.7
50,2021-07-21,27.7,83,6.0,6.6,157,969.6
50,2021-07-22,27.0,87,5.9,5.6,153,969.9
50,2021-07-23,27.9,84,3.8,4.4,177,970.5
50,2021-07-24,27.4,87,13.4,3.7,167,969.7
50,2021-07-25,27.6,86,13.1,4.4,209,969.2
50,2021-07-26,26.8,88,22.9,4.8,171,969.0
50,2021-07-27,27.4,84,1.1,4.8,173,968.8
50,2021-07-28,27.0,88,50.3,3.9,172,969.2
50,2021-07-29,28.7,81,0.6,4.4,203,969.8
50,2021-07-30,29.1,79,1.2,5.3,217,970.9
50,2021-07-31,29.0,79,5.2,5.0,191,971.1
50,2021-08-01,28.3,81,10.6,4.9,199,970.0
50,2021-08-02,28.0,82,9.1,4.0,183,970.2
50,2021-08-03,27.9,81,3.2,4.7,192,970.2
50,2021-08-04,28.1,81,4.0,5.1,183,971.1
50,2021-08-05,28.1,83,3.3,5.2,171,970.8
50,2021-08-06,28.3,83,4.1,5.2,164,971.5
50,2021-08-07,28.9,80,0.3,5.1,203,972.9
50,2021-08-08,29.8,77,0.3,5.4,234,973.0
50,2021-08-09,30.4,74,0.0,5.9,246,971.5
50,2021-08-10,29.9,78,0.0,4.4,228,969.9
50,2021-08-11,28.7,84,2.8,3.6,174,971.5
50,2021-08-12,29.4,80,1.3,4.4,167,973.7
50,2021-08-13,29.2,80,2.6,5.0,207,972.1
50,2021-08-14,28.2,84,4.9,4.1,179,970.7
50,2021-08-15,27.3,90,46.6,4.9,149,972.0
50,2021-08-16,27.1,87,9.5,6.0,155,976.0
50,2021-08-17,27.5,86,4.6,3.9,158,977.0
50,2021-08-18,28.0,82,0.9,2.5,262,974.8
50,2021-08-19,28.1,83,2.6,3.6,272,973.9
50,2021-08-20,28.1,83,2.4,3.1,333,974.9
50,2021-08-21,29.1,79,0.3,3.8,187,974.9
50,2021-08-22,30.3,75,0.2,4.3,229,973.1
50,2021-08-23,30.2,76,0.8,4.7,220,971.6
50,2021-08-24,28.9,79,2.3,3.4,183,970.9
50,2021-08-25,28.3,86,19.4,4.0,156,970.5
50,2021-08-26,28.3,85,11.1,4.2,114,971.6
50,2021-08-27,28.1,85,6.2,3.5,97,972.6
50,2021-08-28,27.4,86,10.3,3.4,115,972.6
50,2021-08-29,27.1,87,4.0,3.3,111,973.6
50,2021-08-30,28.2,82,1.0,3.2,135,974.8
50,2021-08-31,28.3,83,2.3,3.4,138,975.1
50,2021-09-01,27.9,87,4.9,3.7,139,974.3
50,2021-09-02,28.1,86,5.0,3.7,144,973.4
50,2021-09-03,28.0,84,6.5,4.8,155,971.9
50,2021-09-04,27.9,84,5.0,4.8,172,971.8
50,2021-09-05,28.3,80,1.3,4.9,178,973.0
50,2021-09-06,28.1,83,3.2,2.7,44,975.3
50,2021-09-07,28.7,82,8.0,3.7,317,975.2
50,2021-09-08,28.6,82,7.9,3.3,295,972.6
50,2021-09-09,26.7,88,22.2,5.2,89,971.6
50,2021-09-10,27.3,85,9.9,3.4,31,973.7
50,2021-09-11,28.0,84,1.0,3.6,218,973.4
50,2021-09-12,28.2,81,0.2,4.4,263,971.6
50,2021-09-13,28.6,82,0.0,4.8,281,972.0
50,2021-09-14,26.6,88,18.3,3.6,320,974.0
50,2021-09-15,27.5,89,6.8,2.9,54,974.6
50,2021-09-16,27.4,87,8.5,2.8,117,974.5
50,2021-09-17,27.4,87,3.3,4.6,139,974.7
50,2021-09-18,28.4,82,0.3,2.9,191,975.4
50,2021-09-19,29.5,77,0.0,3.0,236,975.0
50,2021-09-20,27.9,82,7.4,1.9,39,973.9
50,2021-09-21,27.8,84,4.2,2.9,357,973.3
50,2021-09-22,27.4,86,12.3,4.6,82,972.7
50,2021-09-23,26.6,89,15.5,2.3,7,974.3
50,2021-09-24,27.3,86,9.0,3.0,298,974.5
50,2021-09-25,27.0,88,37.7,3.5,339,972.5
50,2021-09-26,26.3,89,10.5,6.3,83,973.1
50,2021-09-27,26.2,90,10.2,2.8,41,975.5
50,2021-09-28,27.2,84,5.0,2.9,18,976.1
50,2021-09-29,28.2,83,0.2,3.0,17,974.7
50,2021-09-30,29.3,79,0.3,2.5,33,974.4
50,2021-10-01,27.8,86,2.7,2.7,103,974.5
50,2021-10-02,27.3,87,13.1,2.8,151,975.1
50,2021-10-03,28.3,82,0.3,3.2,150,974.5
50,2021-10-04,27.8,86,1.1,3.1,147,974.6
50,2021-10-05,28.4,81,0.7,3.5,352,974.8
50,2021-10-06,28.1,82,17.6,4.5,7,972.6
50,2021-10-07,28.2,85,3.2,2.6,129,971.5
50,2021-10-08,28.8,79,0.3,3.1,108,970.9
50,2021-10-09,29.0,80,0.2,3.3,131,970.9
50,2021-10-10,28.6,83,2.1,3.4,293,970.0
50,2021-10-11,27.3,86,24.0,3.7,330,970.6
50,2021-10-12,26.7,89,7.6,3.9,351,971.5
50,2021-10-13,28.2,84,0.4,3.9,323,970.8
50,2021-10-14,27.6,83,6.2,3.7,26,970.0
50,2021-10-15,26.0,89,10.7,2.7,20,971.5
50,2021-10-16,25.3,93,25.4,4.6,29,974.6
50,2021-10-17,25.9,86,1.9,3.9,346,977.8
50,2021-10-18,26.3,82,1.0,3.9,345,978.1
50,2021-10-19,26.2,89,6.8,2.7,260,979.5
50,2021-10-20,27.4,85,0.4,2.8,160,979.1
50,2021-10-21,27.4,87,3.4,3.3,128,977.3
50,2021-10-22,26.7,87,21.3,3.6,131,977.9
50,2021-10-23,25.9,89,11.5,3.7,127,979.5
50,2021-10-24,26.8,86,1.3,3.2,151,979.9
50,2021-10-25,27.3,77,0.0,3.9,174,978.4
50,2021-10-26,27.3,75,0.0,2.9,17,977.5
50,2021-10-27,27.2,79,0.1,3.0,2,977.6
50,2021-10-28,26.8,85,1.9,2.9,37,977.7
50,2021-10-29,26.7,87,1.9,3.1,22,978.9
50,2021-10-30,25.4,93,17.3,2.5,354,979.6
50,2021-10-31,26.9,85,0.9,2.9,170,978.9
50,2021-11-01,27.2,83,1.3,3.4,129,979.0
50,2021-11-02,27.1,84,0.5,2.5,51,978.9
50,2021-11-03,27.4,83,1.4,2.9,66,978.1
50,2021-11-04,27.0,85,0.0,2.4,344,977.6
50,2021-11-05,27.0,83,0.0,2.1,5,976.0
50,2021-11-06,27.3,79,0.0,2.0,24,974.0
50,2021-11-07,27.4,81,0.0,3.3,38,974.3
50,2021-11-08,27.0,85,0.5,3.4,27,976.2
50,2021-11-09,26.0,90,4.2,3.3,78,978.3
50,2021-11-10,26.6,83,0.0,3.6,222,978.6
50,2021-11-11,27.3,78,0.0,3.4,146,977.7
50,2021-11-12,27.0,79,0.0,3.2,112,978.3
50,2021-11-13,26.7,79,0.0,3.8,137,978.3
50,2021-11-14,25.4,84,0.0,3.5,152,977.9
50,2021-11-15,26.0,84,0.0,3.0,121,976.6
50,2021-11-16,26.4,83,0.1,3.1,124,976.7
50,2021-11-17,26.7,82,0.1,3.2,359,977.5
50,2021-11-18,27.1,80,0.4,3.6,319,976.5
50,2021-11-19,27.1,80,0.0,2.4,324,974.3
50,2021-11-20,27.8,77,0.0,2.4,34,974.0
50,2021-11-21,25.8,81,0.0,3.8,7,975.4
50,2021-11-22,25.3,83,0.0,3.9,0,976.2
50,2021-11-23,25.4,90,5.7,4.1,98,977.0
50,2021-11-24,25.6,91,1.2,4.1,123,978.7
50,2021-11-25,25.0,91,0.2,3.3,352,979.0
50,2021-11-26,25.7,87,0.0,3.5,332,978.7
50,2021-11-27,24.7,87,0.1,4.2,29,979.6
50,2021-11-28,23.9,86,0.0,5.6,347,980.3
50,2021-11-29,23.0,86,0.0,5.5,8,979.2
50,2021-11-30,22.4,84,0.0,5.9,8,979.4
50,2021-12-01,22.2,82,0.0,6.8,19,980.1
50,2021-12-02,21.9,83,0.0,4.9,16,980.9
50,2021-12-03,21.5,84,0.0,4.3,10,982.1
50,2021-12-04,20.0,84,0.0,4.6,32,982.0
50,2021-12-05,19.1,81,0.0,5.0,23,981.8
50,2021-12-06,19.4,81,0.0,4.3,16,981.0
50,2021-12-07,20.3,81,0.0,3.8,17,980.8
50,2021-12-08,20.9,81,0.0,3.5,26,981.3
50,2021-12-09,21.1,85,0.0,5.2,357,982.2
50,2021-12-10,22.6,82,0.0,4.0,351,980.9
50,2021-12-11,22.8,82,0.0,2.9,338,980.5
50,2021-12-12,22.6,86,0.0,3.8,5,980.8
50,2021-12-13,22.5,83,0.0,4.0,4,980.4
50,2021-12-14,22.3,81,0.0,3.4,345,979.1
50,2021-12-15,22.1,79,0.0,3.4,338,978.0
50,2021-12-16,21.9,79,0.0,3.9,7,978.0
50,2021-12-17,20.9,82,0.0,5.2,15,978.9
50,2021-12-18,20.9,82,0.0,4.8,25,979.5
50,2021-12-19,21.3,82,0.0,3.8,23,980.4
50,2021-12-20,20.1,80,0.0,3.5,9,980.0
50,2021-12-21,20.2,79,0.0,2.9,27,979.1
50,2021-12-22,20.8,79,0.0,3.0,60,978.3
50,2021-12-23,21.1,79,0.0,5.5,117,977.2
50,2021-12-24,22.4,75,0.0,3.6,84,977.4
50,2021-12-25,22.4,82,0.1,4.5,115,978.4
50,2021-12-26,22.2,87,0.2,2.9,83,980.5
50,2021-12-27,23.0,84,0.4,3.3,346,981.6
50,2021-12-28,22.5,85,0.6,4.3,1,981.3
50,2021-12-29,22.6,80,0.0,4.0,11,981.3
50,2021-12-30,23.0,83,0.0,4.6,1,982.5
50,2021-12-31,23.7,80,0.0,3.5,29,982.2
50,2022-01-01,23.2,79,0.0,3.8,94,981.7
50,2022-01-02,23.0,77,0.0,3.9,94,981.4
50,2022-01-03,21.8,79,0.0,2.9,25,980.0
50,2022-01-04,22.2,77,0.0,3.3,36,979.5
50,2022-01-05,22.1,77,0.0,3.4,55,978.7
50,2022-01-06,22.6,73,0.0,3.1,17,978.6
50,2022-01-07,22.1,78,0.0,3.7,86,979.6
50,2022-01-08,23.0,76,0.0,3.0,87,979.2
50,2022-01-09,23.7,69,0.0,2.6,80,977.7
50,2022-01-10,23.5,70,0.0,3.0,102,977.8
50,2022-01-11,22.8,74,0.0,3.3,14,978.6
50,2022-01-12,23.4,73,0.0,4.6,111,979.1
50,2022-01-13,24.4,77,0.0,2.9,97,979.2
50,2022-01-14,24.4,77,0.0,3.2,173,979.0
50,2022-01-15,24.5,74,0.0,4.2,310,978.5
50,2022-01-16,23.2,84,0.0,4.2,348,979.1
50,2022-01-17,23.3,84,0.4,4.7,359,980.0
50,2022-01-18,23.0,83,4.0,3.5,19,979.6
50,2022-01-19,22.4,87,6.8,4.1,338,978.5
50,2022-01-20,22.1,85,0.0,3.9,103,976.6
50,2022-01-21,23.1,83,1.7,4.5,108,975.6
50,2022-01-22,23.2,74,0.0,4.6,128,974.3
50,2022-01-23,22.1,69,0.0,2.9,49,975.4
50,2022-01-24,21.3,66,0.0,4.5,26,975.9
50,2022-01-25,22.0,68,0.0,4.5,38,976.2
50,2022-01-26,22.5,69,0.0,4.1,77,976.3
50,2022-01-27,23.1,63,0.0,3.7,49,976.4
50,2022-01-28,23.6,62,0.0,4.1,53,976.1
50,2022-01-29,23.8,63,0.0,6.1,233,974.8
50,2022-01-30,22.7,61,0.0,5.7,188,973.6
50,2022-01-31,21.9,58,0.0,4.3,132,974.1
50,2022-02-01,22.7,54,0.0,5.2,168,974.7
50,2022-02-02,23.5,46,0.0,5.6,209,976.4
50,2022-02-03,22.8,49,0.0,4.2,25,977.0
50,2022-02-04,22.6,69,0.2,4.6,92,977.0
50,2022-02-05,22.5,90,2.6,5.4,130,978.5
50,2022-02-06,24.0,81,0.6,7.3,157,977.9
50,2022-02-07,24.2,70,0.0,5.5,209,976.8
50,2022-02-08,23.5,58,0.0,3.6,70,976.5
50,2022-02-09,23.1,59,0.0,4.2,52,976.7
50,2022-02-10,23.6,57,0.0,4.4,12,976.3
50,2022-02-11,23.8,61,0.0,4.3,33,975.3
50,2022-02-12,25.3,59,0.0,5.2,217,973.7
50,2022-02-13,23.8,56,0.0,5.0,359,973.4
50,2022-02-14,23.3,64,0.0,3.9,37,974.5
50,2022-02-15,24.3,77,0.4,5.5,129,975.1
50,2022-02-16,25.5,77,0.0,4.8,135,973.9
50,2022-02-17,25.9,78,0.0,5.8,140,972.9
50,2022-02-18,26.7,80,2.8,5.6,149,973.6
50,2022-02-19,25.8,86,4.0,3.2,147,974.2
50,2022-02-20,26.8,67,0.0,6.0,201,972.2
50,2022-02-21,25.3,68,0.0,8.5,135,975.3
50,2022-02-22,25.8,68,0.1,9.3,146,978.2
50,2022-02-23,25.2,68,0.0,4.8,114,980.3
50,2022-02-24,25.0,66,0.0,4.3,99,981.6
50,2022-02-25,24.4,68,0.0,3.3,91,980.9
50,2022-02-26,25.6,63,0.0,3.1,33,980.5
50,2022-02-27,26.0,61,0.0,3.2,152,978.8
50,2022-02-28,26.8,57,0.0,3.7,110,977.8
50,2022-03-01,27.6,57,0.0,3.6,351,977.2
50,2022-03-02,27.1,62,0.0,4.1,130,976.7
50,2022-03-03,28.6,62,0.0,4.4,167,976.4
50,2022-03-04,29.5,57,0.0,3.9,190,975.2
50,2022-03-05,29.8,56,0.0,3.3,134,973.7
50,2022-03-06,29.5,60,0.0,4.5,141,973.8
50,2022-03-07,28.9,68,2.6,5.5,112,975.8
50,2022-03-08,27.7,73,8.5,4.6,171,977.4
50,2022-03-09,29.3,67,0.0,2.8,175,975.2
50,2022-03-10,29.9,66,0.0,5.1,163,973.9
50,2022-03-11,30.9,61,0.0,3.5,201,972.9
50,2022-03-12,31.5,58,0.0,3.6,174,972.5
50,2022-03-13,31.5,59,0.0,4.2,181,972.8
50,2022-03-14,31.0,62,0.0,3.8,192,973.1
50,2022-03-15,30.2,64,1.8,4.2,227,972.0
50,2022-03-16,30.0,65,0.0,3.9,280,971.9
50,2022-03-17,30.0,64,0.0,4.3,9,972.4
50,2022-03-18,28.8,67,0.0,4.5,271,973.4
50,2022-03-19,28.8,66,0.0,5.4,166,972.1
50,2022-03-20,29.2,67,0.0,6.1,164,972.1
50,2022-03-21,28.0,77,11.8,5.0,156,973.8
50,2022-03-22,28.1,80,5.9,4.7,160,974.8
50,2022-03-23,28.0,78,1.4,5.7,177,974.6
50,2022-03-24,28.8,68,0.0,6.4,212,973.4
50,2022-03-25,29.2,64,0.0,5.0,226,973.9
50,2022-03-26,30.4,55,0.0,4.0,197,975.3
50,2022-03-27,29.7,59,0.0,3.9,242,975.0
50,2022-03-28,29.3,64,0.0,4.9,122,974.4
50,2022-03-29,28.5,72,0.4,6.6,141,974.7
50,2022-03-30,29.3,67,0.0,5.7,116,975.0
50,2022-03-31,30.0,64,0.0,5.1,125,975.4
50,2022-04-01,29.1,68,4.0,6.5,132,976.1
50,2022-04-02,24.3,81,8.3,9.4,34,980.8
50,2022-04-03,24.1,61,0.0,6.4,359,981.7
50,2022-04-04,26.9,64,0.0,3.9,121,980.6
50,2022-04-05,27.9,66,0.0,4.0,152,979.6
50,2022-04-06,28.6,67,0.0,3.4,354,978.2
50,2022-04-07,26.7,77,1.1,5.6,6,979.0
50,2022-04-08,26.6,78,0.0,3.7,325,977.7
50,2022-04-09,27.9,72,0.1,3.0,247,975.0
50,2022-04-10,29.4,67,0.0,3.7,196,974.0
50,2022-04-11,30.3,62,0.0,3.5,206,972.9
50,2022-04-12,30.2,60,0.0,5.1,243,971.9
50,2022-04-13,30.9,59,0.0,4.3,234,971.0
50,2022-04-14,31.1,58,0.0,4.3,212,971.0
50,2022-04-15,31.5,59,0.0,4.4,206,971.2
50,2022-04-16,31.5,58,0.0,4.4,188,971.2
50,2022-04-17,31.5,55,0.0,5.0,168,972.4
50,2022-04-18,29.7,68,4.1,6.2,123,975.3
50,2022-04-19,27.0,82,27.8,2.8,25,977.8
50,2022-04-20,26.3,83,2.2,3.5,182,976.4
50,2022-04-21,26.9,79,2.4,3.3,108,975.0
50,2022-04-22,28.7,74,0.0,3.5,94,974.4
50,2022-04-23,30.5,67,0.0,3.5,163,973.5
50,2022-04-24,31.2,66,0.1,2.9,209,972.1
50,2022-04-25,31.9,66,0.0,2.7,252,971.7
50,2022-04-26,32.2,63,0.1,4.1,258,971.9
50,2022-04-27,31.8,67,0.0,4.3,296,972.1
50,2022-04-28,31.5,67,0.1,3.7,314,972.3
50,2022-04-29,30.3,67,0.1,3.4,276,973.8
50,2022-04-30,30.3,68,0.2,3.4,94,973.0
50,2022-05-01,28.9,72,2.6,3.1,279,972.3
50,2022-05-02,27.2,77,2.2,5.4,90,974.4
50,2022-05-03,27.5,72,0.3,4.9,76,977.3
50,2022-05-04,28.7,66,0.0,4.3,157,976.4
50,2022-05-05,29.4,64,0.0,3.6,128,974.2
50,2022-05-06,28.5,74,4.4,4.3,105,973.7
50,2022-05-07,27.9,79,5.3,3.0,161,974.4
50,2022-05-08,26.9,85,16.9,2.7,141,974.6
50,2022-05-09,28.2,80,0.8,3.9,154,974.3
50,2022-05-10,27.9,82,4.7,3.0,181,973.9
50,2022-05-11,28.7,79,1.2,4.5,166,973.1
50,2022-05-12,28.8,81,5.3,3.5,195,971.9
50,2022-05-13,30.0,74,1.4,5.5,198,971.1
50,2022-05-14,30.9,67,0.0,5.3,186,971.9
50,2022-05-15,31.5,65,1.4,5.0,203,973.0
50,2022-05-16,31.3,63,1.3,4.5,218,972.5
50,2022-05-17,28.9,76,6.2,5.2,130,974.0
50,2022-05-18,28.0,80,2.2,4.7,139,975.1
50,2022-05-19,28.3,79,4.3,3.9,153,974.5
50,2022-05-20,27.0,88,26.7,4.4,67,971.2
50,2022-05-21,25.9,92,44.0,4.7,104,966.1
50,2022-05-22,28.4,81,11.5,4.4,217,965.7
50,2022-05-23,29.5,73,0.3,6.8,200,967.7
50,2022-05-24,28.3,78,6.0,5.8,165,971.4
50,2022-05-25,29.4,73,1.8,5.6,181,972.6
50,2022-05-26,29.4,73,0.1,5.9,215,970.6
50,2022-05-27,29.1,74,0.4,5.7,220,968.8
50,2022-05-28,29.1,74,0.0,5.4,222,968.3
50,2022-05-29,29.4,73,3.9,5.3,205,969.0
50,2022-05-30,30.1,71,0.1,4.0,208,969.4
50,2022-05-31,29.4,75,0.8,4.2,182,969.7
50,2022-06-01,29.6,71,0.0,5.4,185,971.1
50,2022-06-02,30.6,67,0.2,5.0,213,971.3
50,2022-06-03,30.3,68,0.3,5.4,205,971.3
50,2022-06-04,30.3,65,0.8,6.1,204,972.1
50,2022-06-05,30.3,64,0.9,6.0,198,971.8
50,2022-06-06,30.8,60,0.3,5.6,217,971.0
50,2022-06-07,29.6,66,1.4,6.8,183,971.2
50,2022-06-08,29.1,71,3.6,9.0,168,971.7
50,2022-06-09,29.2,71,1.6,6.9,173,971.8
50,2022-06-10,29.9,65,0.2,7.0,199,971.8
50,2022-06-11,30.5,62,0.4,7.1,194,972.3
50,2022-06-12,30.6,62,0.0,4.9,202,973.1
50,2022-06-13,30.7,63,1.4,5.5,236,972.6
50,2022-06-14,31.0,63,0.3,4.5,228,972.2
50,2022-06-15,30.1,66,1.9,4.1,221,973.4
50,2022-06-16,29.7,67,1.3,4.6,188,974.4
50,2022-06-17,29.8,65,0.7,5.2,231,974.1
50,2022-06-18,29.2,74,3.1,4.3,233,973.7
50,2022-06-19,30.1,65,0.2,5.7,252,972.5
50,2022-06-20,30.1,65,0.9,6.2,244,970.4
50,2022-06-21,30.8,64,0.1,7.0,233,969.7
50,2022-06-22,31.3,59,0.3,5.8,226,972.0
50,2022-06-23,31.2,62,1.6,4.9,244,973.1
50,2022-06-24,30.5,64,0.2,3.1,203,972.5
50,2022-06-25,31.5,60,2.7,5.2,171,971.2
50,2022-06-26,29.8,74,5.3,5.8,159,972.7
50,2022-06-27,29.8,73,0.5,5.0,178,973.5
50,2022-06-28,30.4,66,0.2,5.3,218,972.0
50,2022-06-29,30.4,67,0.2,5.8,220,969.4
50,2022-06-30,28.9,79,11.1,3.8,219,968.5
50,2022-07-01,27.7,84,27.3,3.2,203,967.8
50,2022-07-02,27.8,85,19.3,3.3,200,967.6
50,2022-07-03,29.3,75,4.1,5.2,201,968.5
50,2022-07-04,30.1,73,0.3,5.5,184,968.5
50,2022-07-05,29.6,77,1.2,6.1,183,969.5
50,2022-07-06,29.3,79,1.6,3.6,237,971.4
50,2022-07-07,27.7,87,11.5,4.0,209,971.6
50,2022-07-08,28.2,81,0.6,4.0,199,970.7
50,2022-07-09,29.2,78,0.8,4.5,189,969.5
50,2022-07-10,28.0,83,7.7,3.2,236,970.4
50,2022-07-11,28.1,83,4.8,3.1,220,971.1
50,2022-07-12,29.3,79,1.6,3.9,211,969.7
50,2022-07-13,28.0,83,0.6,3.2,199,969.3
50,2022-07-14,27.6,86,16.7,2.6,140,969.1
50,2022-07-15,28.2,85,6.5,2.8,162,970.3
50,2022-07-16,29.7,78,1.9,4.4,155,971.3
50,2022-07-17,30.6,75,0.4,5.3,219,972.3
50,2022-07-18,30.8,74,0.2,5.4,253,971.2
50,2022-07-19,30.5,75,2.8,4.7,210,969.8
50,2022-07-20,28.4,84,19.7,2.6,258,970.7
50,2022-07-21,27.9,86,9.4,2.5,78,971.7
50,2022-07-22,27.2,88,17.5,2.9,140,973.7
50,2022-07-23,27.4,86,18.5,2.7,138,974.4
50,2022-07-24,28.0,85,11.3,3.1,269,974.1
50,2022-07-25,28.9,80,0.2,3.3,239,974.2
50,2022-07-26,30.1,73,0.0,3.3,194,973.9
50,2022-07-27,30.6,72,0.0,3.6,180,972.8
50,2022-07-28,31.1,72,0.1,3.9,92,972.8
50,2022-07-29,30.2,76,0.5,3.8,139,972.0
50,2022-07-30,30.1,76,0.4,3.2,230,971.2
50,2022-07-31,27.6,84,4.8,2.8,184,970.7
50,2022-08-01,28.8,79,0.5,3.4,177,969.9
50,2022-08-02,28.3,83,10.9,5.2,150,970.8
50,2022-08-03,28.7,83,8.6,4.5,139,972.9
50,2022-08-04,28.9,82,1.7,4.4,186,972.4
50,2022-08-05,28.3,80,5.9,3.7,202,971.2
50,2022-08-06,28.1,85,17.6,4.5,160,970.0
50,2022-08-07,28.0,84,24.2,4.7,151,969.9
50,2022-08-08,26.8,90,16.3,5.3,145,971.1
50,2022-08-09,27.2,85,7.9,3.2,199,971.0
50,2022-08-10,28.3,81,1.9,4.0,247,969.7
50,2022-08-11,28.4,82,4.4,4.3,237,968.8
50,2022-08-12,26.1,91,26.3,6.4,155,969.7
50,2022-08-13,27.5,83,4.9,5.4,150,972.9
50,2022-08-14,28.6,82,1.5,2.5,178,974.1
50,2022-08-15,28.1,85,6.1,4.3,258,972.4
50,2022-08-16,27.7,87,26.0,2.8,159,970.1
50,2022-08-17,27.8,85,10.4,5.4,132,970.6
50,2022-08-18,28.1,82,1.2,5.2,172,971.6
50,2022-08-19,29.0,81,1.2,5.0,215,971.9
50,2022-08-20,29.3,78,0.6,5.5,262,970.4
50,2022-08-21,27.4,87,11.2,3.4,215,968.7
50,2022-08-22,28.0,85,16.5,6.2,151,970.3
50,2022-08-23,29.3,78,0.8,3.8,183,972.8
50,2022-08-24,29.7,77,0.0,4.7,296,971.9
50,2022-08-25,26.9,87,15.0,3.3,184,969.7
50,2022-08-26,27.4,88,12.7,5.2,165,969.3
50,2022-08-27,27.3,85,5.3,6.9,147,973.2
50,2022-08-28,28.6,82,0.8,4.1,117,974.0
50,2022-08-29,28.9,80,1.0,3.5,146,974.5
50,2022-08-30,29.2,78,0.8,3.4,119,975.0
50,2022-08-31,30.1,76,0.0,3.7,267,973.6
50,2022-09-01,27.9,85,10.3,2.1,320,974.4
50,2022-09-02,29.0,84,1.0,3.5,158,973.9
50,2022-09-03,29.9,79,0.1,3.6,140,972.3
50,2022-09-04,29.6,79,1.9,3.4,170,972.4
50,2022-09-05,27.8,89,8.9,2.7,186,973.5
50,2022-09-06,28.4,84,22.2,2.9,46,973.9
50,2022-09-07,27.6,86,30.7,3.0,300,975.2
50,2022-09-08,27.1,86,19.8,3.8,348,975.2
50,2022-09-09,26.6,89,32.8,2.7,21,975.8
50,2022-09-10,26.3,92,20.5,3.0,25,975.7
50,2022-09-11,25.8,94,19.6,4.0,124,975.2
50,2022-09-12,26.4,88,4.6,1.8,221,974.8
50,2022-09-13,26.3,90,11.6,1.9,74,975.3
50,2022-09-14,27.3,85,10.9,2.6,189,975.1
50,2022-09-15,28.4,84,1.3,2.8,175,973.3
50,2022-09-16,28.4,81,2.0,4.4,193,971.0
50,2022-09-17,28.0,84,2.0,3.9,165,971.5
50,2022-09-18,27.6,85,10.4,3.5,136,973.1
50,2022-09-19,28.1,83,4.1,3.5,218,974.0
50,2022-09-20,28.0,81,2.6,4.4,263,973.5
50,2022-09-21,27.7,84,9.3,3.0,311,973.3
50,2022-09-22,27.6,84,5.5,2.9,9,973.4
50,2022-09-23,26.9,87,23.2,2.7,36,973.8
50,2022-09-24,26.9,87,15.2,3.6,339,973.6
50,2022-09-25,26.9,86,29.4,2.6,326,973.7
50,2022-09-26,26.5,88,17.0,3.3,84,974.1
50,2022-09-27,27.6,84,0.3,3.0,128,973.1
50,2022-09-28,28.9,77,0.3,4.1,356,970.5
50,2022-09-29,29.1,78,2.0,7.0,359,968.9
50,2022-09-30,27.7,87,23.4,4.1,22,970.1
50,2022-10-01,26.1,92,33.2,4.4,109,971.4
50,2022-10-02,26.4,92,23.5,3.9,135,973.4
50,2022-10-03,26.7,89,13.7,2.5,349,975.1
50,2022-10-04,27.2,84,3.9,3.9,62,976.9
50,2022-10-05,27.1,83,1.0,3.0,324,977.6
50,2022-10-06,27.1,86,3.0,3.3,16,977.3
50,2022-10-07,27.6,85,13.9,3.4,40,977.0
50,2022-10-08,27.2,85,8.3,3.3,134,977.6
50,2022-10-09,27.0,86,12.2,2.7,32,978.3
50,2022-10-10,25.8,91,24.6,4.2,26,979.5
50,2022-10-11,26.7,87,2.8,2.5,313,979.3
50,2022-10-12,26.7,85,0.7,3.2,162,978.0
50,2022-10-13,27.7,79,0.2,2.8,158,976.7
50,2022-10-14,27.0,87,9.7,3.3,12,975.3
50,2022-10-15,27.1,78,0.0,5.2,35,975.1
50,2022-10-16,25.9,78,2.0,3.5,350,977.9
50,2022-10-17,26.8,76,0.0,5.0,2,977.7
50,2022-10-18,25.6,77,0.0,5.6,27,977.0
50,2022-10-19,24.3,76,0.0,5.4,22,976.7
50,2022-10-20,24.5,75,0.0,4.2,17,977.1
50,2022-10-21,26.1,81,0.6,3.5,20,978.9
50,2022-10-22,26.5,82,1.4,4.3,15,979.7
50,2022-10-23,26.4,85,0.3,3.6,8,979.1
50,2022-10-24,26.8,80,0.0,5.0,124,977.4
50,2022-10-25,26.8,79,0.0,3.6,33,977.7
50,2022-10-26,27.3,79,0.0,3.5,29,977.3
50,2022-10-27,26.2,89,8.3,2.9,65,976.9
50,2022-10-28,26.5,88,7.0,2.9,38,976.5
50,2022-10-29,26.7,82,0.0,4.5,28,977.0
50,2022-10-30,25.6,84,0.4,3.3,4,976.9
50,2022-10-31,25.6,83,0.0,4.3,359,977.1
50,2022-11-01,25.8,80,0.0,5.5,14,977.3
50,2022-11-02,24.8,79,0.0,3.0,17,976.0
50,2022-11-03,25.0,79,0.0,3.0,149,976.0
50,2022-11-04,25.0,80,0.1,2.9,65,978.5
50,2022-11-05,23.6,82,0.0,4.5,352,980.4
50,2022-11-06,23.8,81,0.0,3.8,349,980.1
50,2022-11-07,23.8,82,0.0,3.7,342,979.2
50,2022-11-08,23.9,79,0.0,3.8,338,979.0
50,2022-11-09,23.7,80,0.0,3.8,349,979.1
50,2022-11-10,23.8,81,0.0,3.7,358,979.0
50,2022-11-11,23.5,80,0.0,3.7,5,978.7
50,2022-11-12,23.3,80,0.0,3.8,9,977.7
50,2022-11-13,24.0,82,0.0,4.3,2,977.1
50,2022-11-14,26.1,79,0.0,3.7,31,977.5
50,2022-11-15,27.2,80,1.0,2.9,52,976.8
50,2022-11-16,26.8,81,1.4,2.3,48,975.9
50,2022-11-17,27.0,82,0.7,3.6,26,975.4
50,2022-11-18,26.4,84,0.5,2.5,37,976.8
50,2022-11-19,26.6,86,3.8,3.7,1,976.8
50,2022-11-20,26.4,87,0.1,3.1,340,975.5
50,2022-11-21,27.1,82,0.0,3.0,357,974.4
50,2022-11-22,27.5,76,0.0,4.3,11,974.1
50,2022-11-23,25.3,78,0.0,4.9,3,974.8
50,2022-11-24,24.9,87,4.1,3.8,2,975.9
50,2022-11-25,26.1,87,8.1,3.3,37,977.1
50,2022-11-26,26.6,86,3.6,2.8,84,976.4
50,2022-11-27,26.9,83,0.2,3.2,147,974.9
50,2022-11-28,27.2,84,0.3,1.9,88,975.7
50,2022-11-29,27.0,83,0.0,3.3,357,976.6
50,2022-11-30,27.3,82,0.0,2.9,42,976.9
50,2022-12-01,25.3,90,2.7,2.5,51,977.1
50,2022-12-02,25.3,89,4.7,2.4,6,977.2
50,2022-12-03,26.1,84,0.4,3.2,33,977.0
50,2022-12-04,25.8,82,0.0,3.0,4,977.4
50,2022-12-05,25.5,81,0.1,4.1,14,978.0
50,2022-12-06,25.3,85,0.2,4.1,130,977.0
50,2022-12-07,25.5,87,0.3,4.1,141,976.9
50,2022-12-08,26.0,82,0.4,3.4,134,977.3
50,2022-12-09,25.9,81,0.2,2.9,160,976.4
50,2022-12-10,26.0,79,0.0,2.4,45,975.8
50,2022-12-11,25.3,80,0.0,3.9,123,976.3
50,2022-12-12,24.4,84,0.0,5.5,129,976.6
50,2022-12-13,23.8,86,0.1,6.9,147,978.0
50,2022-12-14,22.7,86,0.2,4.8,135,979.2
50,2022-12-15,22.2,81,0.0,3.4,127,977.4
50,2022-12-16,21.9,80,0.0,3.0,114,976.5
50,2022-12-17,22.6,82,0.1,5.7,75,978.7
50,2022-12-18,22.5,71,0.2,7.3,39,981.1
50,2022-12-19,20.0,76,0.0,4.1,53,979.7
50,2022-12-20,20.2,79,0.0,3.3,89,977.3
50,2022-12-21,21.9,78,0.0,3.5,121,976.8
50,2022-12-22,22.8,77,0.0,4.0,145,976.0
50,2022-12-23,23.7,78,0.0,4.7,129,976.0
50,2022-12-24,23.6,80,0.0,5.6,137,978.1
50,2022-12-25,22.6,81,0.0,5.2,146,980.0
50,2022-12-26,22.0,80,0.0,3.5,141,981.0
50,2022-12-27,22.2,79,0.0,5.2,134,980.1
50,2022-12-28,21.7,80,0.0,4.4,153,980.2
50,2022-12-29,21.7,82,0.0,4.0,133,981.0
50,2022-12-30,22.1,82,0.5,5.6,131,981.9
50,2022-12-31,22.4,80,0.1,4.5,154,981.8
50,2023-01-01,21.5,81,0.0,3.6,99,981.8
50,2023-01-02,20.3,80,0.0,4.0,16,982.4
50,2023-01-03,20.2,82,0.0,4.7,345,982.5
50,2023-01-04,22.4,81,0.0,4.1,333,981.7
50,2023-01-05,22.0,82,0.0,4.2,15,981.3
50,2023-01-06,21.5,77,0.0,5.9,31,982.2
50,2023-01-07,20.6,69,0.0,6.1,11,981.4
50,2023-01-08,18.8,76,0.0,4.7,15,980.0
50,2023-01-09,20.4,77,0.0,4.1,354,980.2
50,2023-01-10,22.5,76,0.0,4.3,351,978.5
50,2023-01-11,23.4,74,0.0,3.4,62,976.4
50,2023-01-12,23.9,73,0.0,3.7,124,975.7
50,2023-01-13,23.1,67,0.0,3.6,118,976.4
50,2023-01-14,21.6,68,0.0,3.6,64,974.9
50,2023-01-15,21.1,66,0.0,4.0,9,974.9
50,2023-01-16,20.0,73,0.0,4.0,52,976.3
50,2023-01-17,20.8,74,0.0,5.6,129,977.8
50,2023-01-18,23.6,75,0.1,5.0,141,979.8
50,2023-01-19,23.0,74,0.0,4.3,131,979.6
50,2023-01-20,22.4,74,0.0,3.5,125,979.3
50,2023-01-21,21.6,75,0.0,3.3,127,978.2
50,2023-01-22,21.9,71,0.0,3.0,104,976.9
50,2023-01-23,21.7,70,0.0,3.2,62,976.0
50,2023-01-24,22.0,71,0.0,4.9,92,978.0
50,2023-01-25,22.3,73,0.0,4.7,118,978.2
50,2023-01-26,22.0,73,0.0,4.5,125,977.0
50,2023-01-27,22.0,76,0.0,5.1,119,977.3
50,2023-01-28,22.9,71,0.0,5.4,112,978.2
50,2023-01-29,22.0,73,0.0,4.5,69,980.0
50,2023-01-30,21.2,74,0.0,3.7,41,980.7
50,2023-01-31,21.0,72,0.0,4.0,121,977.0
50,2023-02-01,22.8,70,0.0,4.5,118,975.3
50,2023-02-02,23.8,73,0.0,3.7,111,975.8
50,2023-02-03,24.5,69,0.0,5.0,126,975.9
50,2023-02-04,26.0,71,0.0,6.1,133,974.8
50,2023-02-05,26.6,74,0.0,6.6,150,974.3
50,2023-02-06,26.4,66,0.0,5.2,211,974.4
50,2023-02-07,25.2,56,0.0,5.6,217,974.4
50,2023-02-08,24.2,55,0.0,3.7,16,975.0
50,2023-02-09,23.1,60,0.0,4.4,45,975.1
50,2023-02-10,24.7,53,0.0,4.5,25,975.4
50,2023-02-11,24.6,55,0.0,4.3,30,975.2
50,2023-02-12,24.4,56,0.0,3.9,52,975.4
50,2023-02-13,24.4,58,0.0,3.8,83,975.3
50,2023-02-14,23.8,58,0.0,3.5,73,975.5
50,2023-02-15,23.3,70,1.2,6.3,136,976.4
50,2023-02-16,25.0,84,3.2,4.6,62,979.7
50,2023-02-17,21.8,85,1.0,4.7,348,981.2
50,2023-02-18,23.6,71,0.0,2.9,260,979.0
50,2023-02-19,24.0,69,0.0,3.7,345,977.8
50,2023-02-20,24.0,72,0.7,6.0,125,977.2
50,2023-02-21,26.0,68,0.2,5.2,155,978.3
50,2023-02-22,26.6,65,0.0,4.9,155,978.2
50,2023-02-23,26.1,65,0.0,4.5,170,977.3
50,2023-02-24,26.1,64,0.0,3.8,319,977.3
50,2023-02-25,24.6,75,0.0,6.7,115,980.4
50,2023-02-26,25.9,61,0.0,6.9,126,984.0
50,2023-02-27,23.5,68,0.0,4.6,142,983.5
50,2023-02-28,22.9,68,0.0,3.6,40,981.9
50,2023-03-01,24.2,69,0.0,3.9,342,980.7
50,2023-03-02,24.6,70,0.0,4.0,304,980.1
50,2023-03-03,25.1,67,0.0,6.1,138,980.7
50,2023-03-04,25.6,67,0.0,5.6,142,981.7
50,2023-03-05,25.3,67,0.0,5.0,147,981.4
50,2023-03-06,25.9,67,0.0,5.6,159,979.7
50,2023-03-07,26.6,64,0.0,5.2,153,978.9
50,2023-03-08,27.1,64,0.0,4.1,158,978.6
50,2023-03-09,27.3,65,0.0,5.0,154,977.4
50,2023-03-10,27.8,65,0.0,5.9,157,976.6
50,2023-03-11,27.5,70,0.0,4.1,135,976.6
50,2023-03-12,27.4,72,0.0,4.2,110,976.7
50,2023-03-13,23.5,81,3.2,5.9,150,979.8
50,2023-03-14,24.8,76,0.0,4.0,199,977.3
50,2023-03-15,26.7,69,0.0,3.7,241,975.9
50,2023-03-16,26.8,70,0.0,4.3,273,977.3
50,2023-03-17,27.1,71,0.0,4.5,282,977.2
50,2023-03-18,28.1,66,0.0,3.6,257,975.6
50,2023-03-19,28.2,62,0.0,4.3,218,974.7
50,2023-03-20,28.2,66,1.2,5.1,286,974.3
50,2023-03-21,28.4,68,0.3,5.6,291,973.7
50,2023-03-22,29.0,62,0.0,7.1,244,972.3
50,2023-03-23,29.4,53,0.0,6.7,241,971.9
50,2023-03-24,29.3,54,0.0,5.6,246,973.0
50,2023-03-25,28.8,56,0.0,5.8,255,973.4
50,2023-03-26,28.9,58,0.0,6.7,240,972.6
50,2023-03-27,29.5,56,0.0,5.4,242,972.9
50,2023-03-28,29.6,48,0.0,6.7,203,973.8
50,2023-03-29,29.7,46,0.0,6.1,222,974.7
50,2023-03-30,29.0,54,0.0,5.8,223,973.1
50,2023-03-31,29.1,57,0.0,5.2,238,973.0
50,2023-04-01,29.7,56,0.0,6.3,228,972.5
50,2023-04-02,30.6,51,0.0,7.6,223,972.1
50,2023-04-03,30.0,50,0.0,7.0,233,972.0
50,2023-04-04,29.7,53,0.0,6.3,247,971.8
50,2023-04-05,29.4,49,0.0,5.2,267,972.2
50,2023-04-06,29.6,52,0.0,3.7,259,973.2
50,2023-04-07,30.8,52,0.0,4.9,198,974.1
50,2023-04-08,31.1,54,0.0,5.1,162,976.0
50,2023-04-09,31.4,52,0.0,6.0,175,975.9
50,2023-04-10,31.6,52,0.0,4.9,202,974.3
50,2023-04-11,31.3,52,0.0,5.6,237,973.2
50,2023-04-12,31.8,52,0.0,4.1,240,972.4
50,2023-04-13,31.9,55,0.0,5.7,233,972.1
50,2023-04-14,32.2,51,0.0,4.8,226,971.9
50,2023-04-15,32.3,49,0.0,3.6,226,971.8
50,2023-04-16,32.2,52,0.0,5.2,213,971.4
50,2023-04-17,31.5,54,0.0,6.4,205,972.4
50,2023-04-18,32.5,54,0.0,5.4,232,972.7
50,2023-04-19,32.4,56,0.0,6.3,240,970.1
50,2023-04-20,32.0,60,0.1,6.1,240,968.7
50,2023-04-21,31.0,65,0.0,6.0,233,969.5
50,2023-04-22,30.9,60,0.0,4.6,272,970.8
50,2023-04-23,30.6,59,0.0,5.5,201,972.9
50,2023-04-24,30.3,61,0.0,5.4,186,975.5
50,2023-04-25,30.6,61,0.0,4.4,282,973.5
50,2023-04-26,29.2,66,0.9,7.3,156,973.6
50,2023-04-27,30.0,67,1.5,4.9,184,974.8
50,2023-04-28,32.1,58,0.0,5.9,185,973.6
50,2023-04-29,32.4,52,0.0,6.4,187,972.1
50,2023-04-30,30.5,60,0.8,7.2,141,973.3
50,2023-05-01,30.1,67,0.0,5.1,180,974.8
50,2023-05-02,31.4,58,0.0,4.0,193,974.9
50,2023-05-03,31.1,60,0.2,3.4,240,975.7
50,2023-05-04,31.7,62,0.2,5.2,269,973.2
50,2023-05-05,32.9,58,0.0,6.8,251,969.9
50,2023-05-06,33.9,53,0.0,6.9,240,968.9
50,2023-05-07,34.3,53,0.3,6.2,252,968.5
50,2023-05-08,33.4,58,0.1,5.4,214,969.9
50,2023-05-09,30.9,60,0.4,6.2,177,973.3
50,2023-05-10,30.7,63,0.1,6.5,146,973.8
50,2023-05-11,30.9,67,4.0,4.7,165,974.7
50,2023-05-12,29.0,77,6.1,2.9,133,975.2
50,2023-05-13,28.5,78,10.4,4.3,164,974.7
50,2023-05-14,27.8,81,3.7,7.9,147,973.6
50,2023-05-15,28.0,73,3.6,9.1,171,973.9
50,2023-05-16,28.9,68,0.5,6.5,199,974.9
50,2023-05-17,30.8,59,0.0,5.9,253,975.2
50,2023-05-18,31.8,57,0.3,6.9,268,974.6
50,2023-05-19,32.1,57,0.0,5.8,252,972.6
50,2023-05-20,32.5,55,0.0,6.1,260,972.0
50,2023-05-21,33.3,50,0.0,4.7,245,972.9
50,2023-05-22,32.6,55,0.0,5.5,235,973.3
50,2023-05-23,31.8,59,0.1,5.2,230,973.1
50,2023-05-24,32.9,54,0.5,5.5,212,972.4
50,2023-05-25,32.5,54,0.1,6.4,232,972.8
50,2023-05-26,32.7,54,0.0,5.6,242,973.2
50,2023-05-27,32.2,57,0.2,4.8,251,972.0
50,2023-05-28,32.7,58,3.7,4.5,204,971.2
50,2023-05-29,30.0,74,5.4,4.2,131,972.6
50,2023-05-30,31.6,67,1.4,4.0,178,972.1
50,2023-05-31,32.1,64,1.0,4.9,186,970.6
50,2023-06-01,32.2,61,0.2,5.5,235,969.9
50,2023-06-02,31.8,60,0.1,6.1,240,970.5
50,2023-06-03,31.3,62,0.0,5.1,246,972.0
50,2023-06-04,32.3,59,0.0,6.7,224,971.6
50,2023-06-05,32.1,60,0.0,6.4,202,970.5
50,2023-06-06,30.2,70,6.6,4.8,161,970.3
50,2023-06-07,29.3,78,1.1,5.0,158,971.0
50,2023-06-08,29.7,73,5.7,6.3,150,971.2
50,2023-06-09,29.7,73,0.8,5.9,172,970.6
50,2023-06-10,30.1,68,0.3,6.8,191,969.8
50,2023-06-11,29.9,69,1.8,4.8,190,969.2
50,2023-06-12,30.8,62,0.1,7.3,200,969.4
50,2023-06-13,29.6,66,6.2,7.7,189,970.0
50,2023-06-14,27.9,80,5.8,6.7,171,971.6
50,2023-06-15,28.4,80,8.3,4.5,203,971.9
50,2023-06-16,30.3,69,0.0,5.3,219,971.1
50,2023-06-17,31.1,66,0.9,5.8,224,971.7
50,2023-06-18,31.5,64,0.7,6.0,227,971.5
50,2023-06-19,30.4,65,1.8,5.5,215,971.8
50,2023-06-20,30.1,65,0.2,6.2,204,972.3
50,2023-06-21,29.7,66,2.1,6.3,198,973.6
50,2023-06-22,30.0,66,0.6,5.7,210,973.7
50,2023-06-23,30.9,61,0.0,4.9,233,972.7
50,2023-06-24,28.8,76,7.8,4.3,201,971.9
50,2023-06-25,28.2,81,2.9,3.8,215,971.8
50,2023-06-26,27.9,84,16.3,3.2,207,972.0
50,2023-06-27,29.5,77,1.7,4.4,251,972.1
50,2023-06-28,30.0,73,0.0,3.9,219,973.3
50,2023-06-29,30.7,70,0.3,3.4,216,972.1
50,2023-06-30,30.5,73,0.5,4.0,195,971.3
50,2023-07-01,30.6,69,1.0,4.5,197,971.1
50,2023-07-02,30.4,71,3.2,5.3,175,971.8
50,2023-07-03,29.5,72,1.8,6.7,188,972.4
50,2023-07-04,29.7,70,1.9,6.7,177,972.7
50,2023-07-05,29.5,71,1.2,6.0,181,973.2
50,2023-07-06,30.7,64,0.8,5.0,226,974.1
50,2023-07-07,32.1,63,0.8,4.5,250,973.8
50,2023-07-08,32.3,62,0.8,3.4,168,973.5
50,2023-07-09,30.2,72,3.6,4.5,152,973.3
50,2023-07-10,29.1,79,4.7,5.5,157,973.4
50,2023-07-11,29.1,76,1.1,4.3,186,973.6
50,2023-07-12,29.0,76,0.7,4.9,215,974.0
50,2023-07-13,30.3,68,0.1,5.8,232,973.6
50,2023-07-14,30.4,66,0.1,6.5,241,972.9
50,2023-07-15,30.9,62,0.1,6.4,267,971.6
50,2023-07-16,29.6,72,4.7,5.0,269,970.1
50,2023-07-17,30.7,68,0.5,4.1,261,968.1
50,2023-07-18,31.5,67,0.0,5.2,246,967.9
50,2023-07-19,30.8,66,0.5,4.6,202,968.2
50,2023-07-20,30.0,71,3.8,3.6,169,970.2
50,2023-07-21,30.7,72,2.6,2.9,113,972.7
50,2023-07-22,31.5,70,11.6,2.9,73,974.1
50,2023-07-23,30.3,75,14.1,4.0,140,973.5
50,2023-07-24,29.9,76,0.5,4.8,138,972.0
50,2023-07-25,30.1,75,1.1,3.9,166,972.4
50,2023-07-26,29.8,76,1.6,5.2,250,972.9
50,2023-07-27,30.7,70,1.1,7.0,259,971.4
50,2023-07-28,30.2,71,0.4,6.0,242,969.1
50,2023-07-29,29.7,74,8.1,4.5,204,968.4
50,2023-07-30,28.7,81,9.7,6.2,176,968.3
50,2023-07-31,27.1,89,6.5,7.9,143,970.0
50,2023-08-01,27.5,88,8.0,7.1,153,970.9
50,2023-08-02,28.1,84,6.5,5.2,163,971.1
50,2023-08-03,28.8,81,9.1,5.1,195,970.8
50,2023-08-04,28.2,82,6.3,5.5,200,972.8
50,2023-08-05,27.4,85,1.4,5.4,176,973.7
50,2023-08-06,27.4,83,3.3,5.3,188,971.7
50,2023-08-07,26.5,91,19.0,5.2,169,970.6
50,2023-08-08,26.0,93,14.5,5.7,154,971.4
50,2023-08-09,26.7,88,7.3,5.1,169,973.2
50,2023-08-10,28.5,80,0.9,5.8,195,973.1
50,2023-08-11,28.9,75,0.1,6.4,225,971.8
50,2023-08-12,29.0,76,1.4,4.8,212,970.9
50,2023-08-13,29.3,78,4.4,5.0,216,970.8
50,2023-08-14,29.1,79,3.8,5.0,218,970.9
50,2023-08-15,29.3,76,1.2,5.1,190,971.1
50,2023-08-16,28.4,83,4.5,4.8,167,971.8
50,2023-08-17,29.2,78,0.4,4.8,180,972.7
50,2023-08-18,29.9,74,0.0,5.2,265,972.5
50,2023-08-19,29.9,74,0.0,5.5,288,972.2
50,2023-08-20,30.2,73,0.3,4.0,293,971.3
50,2023-08-21,29.0,82,8.7,4.7,154,971.6
50,2023-08-22,29.1,79,1.0,4.4,166,972.2
50,2023-08-23,29.2,76,2.0,5.0,213,971.8
50,2023-08-24,29.2,73,1.4,5.0,201,971.5
50,2023-08-25,29.4,73,0.8,5.2,212,971.9
50,2023-08-26,29.5,71,0.3,6.0,219,972.1
50,2023-08-27,28.6,75,0.9,4.8,188,971.5
50,2023-08-28,29.5,71,0.6,5.4,210,970.0
50,2023-08-29,30.3,70,0.5,4.0,215,969.9
50,2023-08-30,29.1,80,16.1,3.2,95,971.7
50,2023-08-31,28.7,83,11.0,3.3,247,972.5
50,2023-09-01,30.3,74,0.4,2.2,216,971.6
50,2023-09-02,28.6,84,21.3,3.1,326,971.0
50,2023-09-03,29.8,78,7.4,3.6,98,969.5
50,2023-09-04,29.8,78,3.5,2.2,112,968.8
50,2023-09-05,27.4,89,18.9,3.7,101,971.0
50,2023-09-06,27.4,89,14.6,2.8,133,973.2
50,2023-09-07,28.7,83,1.5,3.3,225,973.9
50,2023-09-08,29.0,82,2.3,3.5,225,973.1
50,2023-09-09,28.4,84,4.7,3.2,206,971.2
50,2023-09-10,28.0,86,7.0,3.3,135,970.6
50,2023-09-11,28.2,85,5.8,4.7,155,971.0
50,2023-09-12,27.9,86,5.5,5.6,177,972.0
50,2023-09-13,28.0,82,2.7,4.7,193,973.2
50,2023-09-14,27.7,86,13.0,2.5,264,973.2
50,2023-09-15,28.1,86,19.2,4.0,312,972.0
50,2023-09-16,27.1,91,52.4,3.2,63,972.2
50,2023-09-17,26.6,92,24.9,3.6,127,972.4
50,2023-09-18,27.3,86,9.3,4.6,145,974.2
50,2023-09-19,27.6,86,4.3,4.3,157,976.3
50,2023-09-20,28.8,82,1.3,3.5,253,975.9
50,2023-09-21,29.3,80,1.8,2.9,246,975.3
50,2023-09-22,29.7,81,1.1,3.0,113,974.6
50,2023-09-23,29.8,77,1.7,3.5,153,974.5
50,2023-09-24,29.8,76,0.6,3.3,123,973.3
50,2023-09-25,29.1,80,2.7,3.1,64,972.4
50,2023-09-26,28.9,83,8.5,4.4,326,972.1
50,2023-09-27,27.9,85,17.4,4.0,8,970.6
50,2023-09-28,26.6,91,22.2,4.8,95,972.3
50,2023-09-29,26.2,91,27.2,5.4,101,974.8
50,2023-09-30,26.3,92,12.7,5.1,133,975.8
50,2023-10-01,27.8,85,3.8,4.7,165,974.8
50,2023-10-02,28.8,81,2.6,2.6,202,975.3
50,2023-10-03,29.1,81,0.0,3.3,242,975.4
50,2023-10-04,29.8,81,1.6,2.8,252,975.0
50,2023-10-05,29.1,83,1.9,3.8,146,973.9
50,2023-10-06,28.5,84,5.7,4.0,137,973.7
50,2023-10-07,26.9,90,28.2,3.9,119,974.3
50,2023-10-08,27.2,89,10.7,3.3,127,975.4
50,2023-10-09,26.5,92,70.4,2.4,108,976.5
50,2023-10-10,26.3,92,15.5,3.1,23,977.5
50,2023-10-11,26.9,87,1.3,4.0,39,978.4
50,2023-10-12,27.6,84,1.9,3.2,288,979.4
50,2023-10-13,28.0,82,1.5,2.3,208,978.7
50,2023-10-14,27.4,87,0.7,2.5,176,976.8
50,2023-10-15,27.7,84,4.0,3.1,44,975.6
50,2023-10-16,26.9,89,4.5,2.4,353,977.2
50,2023-10-17,27.8,82,3.8,2.9,21,977.6
50,2023-10-18,28.5,77,0.1,2.8,178,977.3
50,2023-10-19,28.5,80,0.0,2.4,282,976.9
50,2023-10-20,28.1,84,6.1,3.1,22,977.4
50,2023-10-21,26.4,88,9.9,2.7,21,979.6
50,2023-10-22,27.0,85,2.1,3.3,356,979.9
50,2023-10-23,27.1,84,0.6,3.4,358,979.5
50,2023-10-24,28.0,81,0.1,3.3,266,978.6
50,2023-10-25,28.7,79,0.5,2.6,149,978.2
50,2023-10-26,27.5,85,3.9,2.4,70,977.6
50,2023-10-27,27.4,86,1.8,2.8,131,977.2
50,2023-10-28,27.0,84,7.7,2.2,21,977.5
50,2023-10-29,26.7,86,0.7,3.1,53,977.8
50,2023-10-30,26.1,89,29.6,2.9,6,978.9
50,2023-10-31,25.2,90,14.1,3.2,348,980.9
50,2023-11-01,26.3,88,1.6,3.3,355,980.4
50,2023-11-02,26.5,85,0.0,3.4,336,978.5
50,2023-11-03,27.4,83,0.0,2.6,285,976.2
50,2023-11-04,27.6,83,0.0,2.5,22,976.2
50,2023-11-05,27.7,83,0.0,2.8,356,977.3
50,2023-11-06,28.2,82,0.0,2.8,73,977.8
50,2023-11-07,27.8,85,3.2,3.1,105,977.7
50,2023-11-08,27.9,82,0.3,2.7,188,977.0
50,2023-11-09,27.9,83,0.0,2.9,155,977.3
50,2023-11-10,28.0,83,0.5,2.6,89,978.6
50,2023-11-11,27.9,82,0.1,2.8,107,978.9
50,2023-11-12,27.3,84,0.3,2.8,50,979.4
50,2023-11-13,27.5,82,3.5,4.3,17,979.9
50,2023-11-14,27.4,80,0.2,4.0,93,981.0
50,2023-11-15,27.0,80,0.1,4.3,107,981.1
50,2023-11-16,27.2,80,0.8,4.9,86,981.9
50,2023-11-17,25.0,78,3.8,6.8,35,984.0
50,2023-11-18,23.9,76,0.0,4.0,50,982.8
50,2023-11-19,23.4,79,0.0,4.5,33,981.8
50,2023-11-20,23.8,78,0.0,3.9,48,980.9
50,2023-11-21,24.0,81,0.0,3.4,82,978.8
50,2023-11-22,24.5,79,0.0,2.5,123,977.3
50,2023-11-23,24.5,83,0.0,3.9,53,977.6
50,2023-11-24,24.0,84,0.1,4.8,7,979.2
50,2023-11-25,24.0,83,0.0,4.1,6,979.7
50,2023-11-26,23.5,84,0.0,6.2,13,980.6
50,2023-11-27,23.9,81,0.0,5.1,17,980.2
50,2023-11-28,22.8,82,0.0,4.2,25,979.1
50,2023-11-29,23.2,81,0.0,3.7,20,979.3
50,2023-11-30,23.5,87,0.0,4.7,343,980.1
50,2023-12-01,25.2,83,0.0,4.1,353,979.6
50,2023-12-02,25.5,83,0.2,5.2,31,979.6
50,2023-12-03,26.0,82,0.3,3.9,347,979.5
50,2023-12-04,26.0,81,0.0,3.2,321,978.5
50,2023-12-05,25.9,82,0.0,3.3,43,977.4
50,2023-12-06,26.8,80,0.0,3.0,2,978.4
50,2023-12-07,26.2,86,2.1,5.0,116,978.4
50,2023-12-08,25.9,87,1.0,4.1,162,978.0
50,2023-12-09,26.7,83,0.0,2.4,24,976.9
50,2023-12-10,27.1,81,0.0,2.3,39,975.5
50,2023-12-11,27.3,80,0.0,3.3,347,976.6
50,2023-12-12,26.7,83,0.0,4.4,117,976.7
50,2023-12-13,25.9,83,0.0,4.5,129,978.2
50,2023-12-14,25.5,82,0.0,3.0,140,979.3
50,2023-12-15,25.3,79,0.0,3.0,38,978.6
50,2023-12-16,24.6,80,0.0,3.3,7,978.3
50,2023-12-17,24.0,80,0.0,3.8,9,979.2
50,2023-12-18,24.4,81,0.0,3.8,4,979.9
50,2023-12-19,24.3,79,0.0,3.0,345,980.0
50,2023-12-20,23.4,79,0.0,3.7,360,979.4
50,2023-12-21,23.5,85,0.5,3.9,127,979.8
50,2023-12-22,23.4,71,0.0,7.3,128,982.9
50,2023-12-23,20.8,78,0.0,5.3,29,985.2
50,2023-12-24,19.6,77,0.0,5.0,30,985.4
50,2023-12-25,20.6,77,0.0,4.6,59,984.1
50,2023-12-26,21.3,77,0.0,3.2,45,983.4
50,2023-12-27,22.1,79,0.0,3.3,1,983.3
50,2023-12-28,22.4,80,0.0,3.7,6,981.8
50,2023-12-29,23.4,77,0.0,3.6,4,980.5
50,2023-12-30,22.5,77,0.0,3.7,9,979.2
50,2023-12-31,22.2,75,0.0,3.5,40,978.9
50,2024-01-01,22.5,73,0.0,3.6,43,978.5
50,2024-01-02,23.2,72,0.0,3.3,51,978.3
50,2024-01-03,22.7,77,0.0,3.2,29,978.4
50,2024-01-04,23.0,77,0.0,3.7,110,978.5
50,2024-01-05,23.6,76,0.0,2.7,119,978.7
50,2024-01-06,24.0,78,0.0,2.8,95,979.0
50,2024-01-07,24.6,79,0.0,3.3,102,979.0
50,2024-01-08,25.0,77,0.0,2.8,114,978.3
50,2024-01-09,25.2,72,0.0,3.0,92,977.0
50,2024-01-10,23.9,74,0.0,3.4,52,976.1
50,2024-01-11,24.1,70,0.0,3.8,60,976.6
50,2024-01-12,24.2,68,0.0,3.3,66,976.2
50,2024-01-13,24.4,67,0.0,3.8,72,976.8
50,2024-01-14,24.2,82,1.0,5.1,127,978.9
50,2024-01-15,24.7,83,1.6,4.3,352,979.3
50,2024-01-16,25.0,78,0.4,4.0,94,978.6
50,2024-01-17,24.0,82,0.0,4.7,31,977.9
50,2024-01-18,24.3,75,0.0,3.4,79,977.6
50,2024-01-19,23.7,69,0.0,4.4,9,977.0
50,2024-01-20,22.8,64,0.0,4.0,16,977.2
50,2024-01-21,22.1,58,0.0,4.0,38,977.7
50,2024-01-22,21.6,64,0.0,4.1,351,978.7
50,2024-01-23,22.2,67,0.0,6.0,132,979.0
50,2024-01-24,23.5,74,0.1,7.6,141,980.6
50,2024-01-25,23.4,74,0.0,6.5,155,982.8
50,2024-01-26,21.7,83,0.2,4.6,153,984.0
50,2024-01-27,22.7,82,0.0,4.6,160,982.5
50,2024-01-28,23.3,84,0.4,5.7,144,981.5
50,2024-01-29,24.5,82,0.2,5.8,144,981.0
50,2024-01-30,23.9,82,0.5,6.4,148,980.3
50,2024-01-31,24.9,73,0.0,4.2,143,980.1
50,2024-02-01,24.2,65,0.0,3.5,91,979.7
50,2024-02-02,24.7,60,0.0,4.0,50,978.6
50,2024-02-03,25.0,56,0.0,4.3,31,978.5
50,2024-02-04,24.3,56,0.0,4.2,19,979.1
50,2024-02-05,24.3,56,0.0,3.4,22,978.9
50,2024-02-06,24.6,57,0.0,3.3,51,979.0
50,2024-02-07,25.1,58,0.0,3.8,48,977.9
50,2024-02-08,25.9,56,0.0,4.4,100,976.1
50,2024-02-09,26.1,61,0.0,5.4,126,977.2
50,2024-02-10,25.9,76,0.7,7.3,131,980.3
50,2024-02-11,26.0,67,0.3,5.2,139,984.2
50,2024-02-12,25.1,70,0.0,4.4,141,983.0
50,2024-02-13,25.7,65,0.0,2.9,157,980.9
50,2024-02-14,25.9,62,0.0,3.1,0,979.2
50,2024-02-15,24.7,69,0.0,4.2,335,979.1
50,2024-02-16,25.6,65,0.0,4.5,105,978.4
50,2024-02-17,26.8,61,0.0,5.3,210,976.3
50,2024-02-18,26.0,53,0.0,5.5,207,976.3
50,2024-02-19,26.1,47,0.0,5.0,183,976.4
50,2024-02-20,26.8,50,0.0,6.1,233,975.5
50,2024-02-21,25.7,47,0.0,3.8,316,975.8
50,2024-02-22,24.4,56,0.0,4.2,27,976.6
50,2024-02-23,26.0,55,0.0,3.7,143,977.3
50,2024-02-24,25.8,51,0.0,4.4,20,977.4
50,2024-02-25,26.8,53,0.0,4.1,2,977.3
50,2024-02-26,27.0,63,0.0,4.1,135,977.4
50,2024-02-27,28.0,72,0.0,5.1,156,976.5
50,2024-02-28,29.0,64,0.0,6.3,168,975.0
50,2024-02-29,28.7,55,0.0,3.2,211,975.2
50,2024-03-01,27.5,59,0.0,3.2,126,975.6
50,2024-03-02,28.0,61,0.0,6.3,143,975.7
50,2024-03-03,28.2,65,0.0,6.0,218,975.5
50,2024-03-04,28.1,55,0.0,5.3,224,974.5
50,2024-03-05,27.8,56,0.0,4.5,307,973.9
50,2024-03-06,27.3,59,0.0,4.8,329,972.9
50,2024-03-07,27.1,61,0.0,3.7,318,973.1
50,2024-03-08,28.7,58,0.0,5.3,149,973.5
50,2024-03-09,29.7,51,0.0,6.4,199,974.3
50,2024-03-10,29.3,48,0.0,6.3,175,976.5
50,2024-03-11,28.8,47,0.0,4.2,183,977.7
50,2024-03-12,29.3,49,0.0,6.9,222,976.6
50,2024-03-13,28.8,47,0.0,6.2,201,975.9
50,2024-03-14,27.3,49,0.0,4.3,265,975.6
50,2024-03-15,27.6,53,0.0,3.7,305,975.7
50,2024-03-16,28.6,56,0.0,4.1,156,976.2
50,2024-03-17,29.3,58,0.0,4.7,188,976.2
50,2024-03-18,29.7,60,0.0,3.9,256,975.1
50,2024-03-19,29.8,61,0.2,5.0,150,975.8
50,2024-03-20,26.9,79,14.6,5.2,120,980.3
50,2024-03-21,27.8,78,1.6,4.6,159,977.7
50,2024-03-22,28.6,68,0.5,4.4,266,974.0
50,2024-03-23,29.2,52,0.0,6.2,227,973.2
50,2024-03-24,29.0,45,0.0,4.4,162,975.4
50,2024-03-25,29.1,48,0.0,3.7,299,976.0
50,2024-03-26,28.9,51,0.0,5.2,144,976.7
50,2024-03-27,30.1,59,0.0,6.8,143,977.9
50,2024-03-28,30.1,59,0.0,4.2,154,975.6
50,2024-03-29,30.0,53,0.0,7.9,190,974.9
50,2024-03-30,30.5,44,0.0,7.0,190,975.7
50,2024-03-31,31.5,44,0.0,6.8,220,975.3
50,2024-04-01,31.7,47,0.0,5.8,261,972.8
50,2024-04-02,32.3,45,0.0,6.1,258,971.5
50,2024-04-03,32.4,46,0.0,6.3,224,972.1
50,2024-04-04,33.2,47,0.0,5.8,210,972.0
50,2024-04-05,33.4,48,0.0,4.8,177,971.4
50,2024-04-06,33.2,53,0.0,5.7,166,971.7
50,2024-04-07,33.2,56,0.0,5.7,190,971.6
50,2024-04-08,33.6,50,0.0,4.2,230,973.2
50,2024-04-09,33.1,53,0.0,4.4,170,973.7
50,2024-04-10,30.1,63,0.4,5.3,159,976.5
50,2024-04-11,30.2,62,0.1,5.0,224,976.4
50,2024-04-12,31.0,58,0.0,4.4,243,975.4
50,2024-04-13,31.2,59,0.0,4.5,284,974.6
50,2024-04-14,31.8,59,0.0,5.0,291,974.6
50,2024-04-15,30.8,59,0.0,4.0,263,975.1
50,2024-04-16,31.4,59,0.0,5.1,176,973.6
50,2024-04-17,32.4,55,0.0,6.9,229,972.4
50,2024-04-18,32.0,53,0.0,6.3,252,971.4
50,2024-04-19,31.2,58,0.0,7.6,241,970.2
50,2024-04-20,31.7,58,0.0,6.9,229,970.0
50,2024-04-21,33.0,53,0.0,6.1,238,970.7
50,2024-04-22,33.7,48,0.0,6.1,221,970.5
50,2024-04-23,33.3,56,0.0,6.0,231,970.1
50,2024-04-24,33.0,53,0.0,6.8,223,970.6
50,2024-04-25,32.6,56,0.0,6.4,245,971.3
50,2024-04-26,32.7,54,0.0,7.5,245,970.5
50,2024-04-27,33.1,52,0.0,6.6,256,970.5
50,2024-04-28,33.7,52,0.0,5.9,242,970.9
50,2024-04-29,33.7,55,0.0,7.1,244,971.5
50,2024-04-30,33.7,56,0.0,7.6,244,969.1
50,2024-05-01,33.9,53,0.0,6.1,248,968.4
50,2024-05-02,33.7,53,0.1,6.4,219,969.5
50,2024-05-03,31.4,67,0.5,4.8,229,972.0
50,2024-05-04,31.2,65,1.4,5.3,229,971.3
50,2024-05-05,32.4,57,0.0,6.1,235,970.6
50,2024-05-06,32.4,54,0.0,4.6,253,972.7
50,2024-05-07,30.6,62,0.1,4.9,136,975.1
50,2024-05-08,29.7,68,0.0,4.4,135,975.3
50,2024-05-09,30.2,65,0.9,4.8,148,974.8
50,2024-05-10,30.3,65,0.2,4.2,158,975.3
50,2024-05-11,29.2,72,2.2,4.0,146,976.7
50,2024-05-12,30.2,69,0.6,2.9,233,975.8
50,2024-05-13,31.6,63,0.2,4.5,241,974.2
50,2024-05-14,31.9,59,0.2,4.6,181,974.9
50,2024-05-15,31.6,63,0.2,5.3,199,975.6
50,2024-05-16,32.6,60,0.1,3.5,158,974.4
50,2024-05-17,32.0,62,0.2,5.6,189,973.9
50,2024-05-18,33.3,59,0.5,6.0,186,971.6
50,2024-05-19,32.7,61,3.6,5.5,232,969.7
50,2024-05-20,31.9,64,6.2,4.9,248,970.0
50,2024-05-21,28.9,78,17.8,3.3,122,972.5
50,2024-05-22,27.9,81,20.9,3.0,170,973.0
50,2024-05-23,28.3,81,13.5,4.6,107,972.1
50,2024-05-24,27.4,87,26.8,5.7,118,972.0
50,2024-05-25,27.2,90,15.1,5.7,140,972.7
50,2024-05-26,27.9,89,6.2,5.6,141,973.0
50,2024-05-27,27.9,85,5.1,6.6,160,971.9
50,2024-05-28,29.2,80,1.4,6.3,158,971.3
50,2024-05-29,29.3,81,5.2,6.0,173,970.7
50,2024-05-30,30.9,75,0.3,5.2,218,970.4
50,2024-05-31,31.4,72,0.0,5.0,220,970.2
50,2024-06-01,29.2,83,5.7,4.4,142,972.8
50,2024-06-02,28.6,81,2.4,5.8,172,974.5
50,2024-06-03,28.8,79,6.7,6.6,172,973.1
50,2024-06-04,28.7,81,5.3,3.8,196,972.5
50,2024-06-05,29.9,77,2.3,4.4,195,972.2
50,2024-06-06,29.4,78,5.5,6.9,162,973.0
50,2024-06-07,29.2,77,9.6,7.1,165,971.6
50,2024-06-08,28.8,83,9.6,4.8,163,969.8
50,2024-06-09,29.9,78,0.4,5.0,160,969.1
50,2024-06-10,29.1,81,8.1,4.7,129,970.5
50,2024-06-11,28.0,87,8.8,7.0,151,971.9
50,2024-06-12,28.0,83,5.5,6.0,160,973.7
50,2024-06-13,28.1,82,4.0,4.6,155,973.2
50,2024-06-14,28.2,83,6.2,6.0,178,971.1
50,2024-06-15,29.3,74,0.7,6.0,190,970.6
50,2024-06-16,29.8,74,2.0,4.9,188,971.5
50,2024-06-17,29.4,76,2.2,5.2,205,971.8
50,2024-06-18,29.2,77,2.4,4.9,199,971.2
50,2024-06-19,29.9,69,0.1,6.5,198,970.6
50,2024-06-20,30.0,71,0.6,5.6,191,970.3
50,2024-06-21,30.8,71,4.1,4.7,188,969.4
50,2024-06-22,32.1,67,0.3,4.7,208,968.6
50,2024-06-23,30.9,71,0.5,4.7,179,969.3
50,2024-06-24,29.3,78,4.9,3.6,179,969.4
50,2024-06-25,28.7,82,7.7,4.9,151,969.0
50,2024-06-26,28.3,83,4.9,4.8,142,971.1
50,2024-06-27,29.5,78,3.6,4.4,157,973.4
50,2024-06-28,30.7,70,0.2,5.1,207,972.8
50,2024-06-29,30.8,69,0.9,6.1,204,972.7
50,2024-06-30,30.4,69,2.0,5.4,205,973.5
50,2024-07-01,29.8,68,6.3,5.4,202,972.7
50,2024-07-02,29.8,65,0.0,4.9,201,971.5
50,2024-07-03,30.2,66,2.8,5.1,184,972.4
50,2024-07-04,30.1,73,0.6,4.3,162,973.8
50,2024-07-05,30.2,69,0.3,3.5,178,972.2
50,2024-07-06,30.7,69,1.5,5.1,161,971.0
50,2024-07-07,30.6,72,0.6,4.0,157,971.7
50,2024-07-08,30.4,74,8.4,4.9,160,972.0
50,2024-07-09,30.2,73,4.0,4.7,186,973.0
50,2024-07-10,30.2,71,0.5,4.3,221,973.2
50,2024-07-11,29.5,72,2.1,4.8,213,971.6
50,2024-07-12,30.3,68,0.7,4.4,210,970.0
50,2024-07-13,31.1,63,0.7,4.7,198,968.3
50,2024-07-14,31.2,63,0.2,6.2,185,969.2
50,2024-07-15,30.9,65,0.8,4.1,263,971.0
50,2024-07-16,30.1,77,6.2,3.9,255,969.8
50,2024-07-17,29.2,81,4.9,4.6,149,969.5
50,2024-07-18,29.3,79,3.5,4.4,159,969.8
50,2024-07-19,28.8,79,8.3,4.9,186,969.8
50,2024-07-20,28.6,80,6.3,3.7,169,971.6
50,2024-07-21,28.7,76,1.9,4.6,188,972.2
50,2024-07-22,27.4,85,14.8,3.9,196,972.6
50,2024-07-23,28.5,80,2.4,4.5,206,970.5
50,2024-07-24,28.8,77,3.7,6.1,186,967.3
50,2024-07-25,28.7,79,32.0,5.2,165,966.2
50,2024-07-26,28.0,86,22.5,5.0,158,968.2
50,2024-07-27,29.0,80,3.5,5.1,173,970.5
50,2024-07-28,28.3,81,4.6,5.4,182,970.2
50,2024-07-29,28.4,82,11.0,5.2,175,970.0
50,2024-07-30,26.8,90,11.2,5.0,163,971.4
50,2024-07-31,26.1,91,22.2,5.3,153,972.5
50,2024-08-01,26.1,93,68.2,5.9,160,973.5
50,2024-08-02,25.9,92,6.9,4.7,163,973.7
50,2024-08-03,26.9,89,10.7,3.7,173,973.9
50,2024-08-04,27.9,84,3.2,3.9,177,973.6
50,2024-08-05,28.2,83,2.9,3.7,155,973.0
50,2024-08-06,28.4,82,4.9,4.1,156,972.8
50,2024-08-07,28.5,82,11.5,4.3,200,973.4
50,2024-08-08,28.8,80,2.8,3.4,214,974.2
50,2024-08-09,30.1,74,0.1,5.5,242,973.2
50,2024-08-10,30.0,76,0.6,5.4,233,971.8
50,2024-08-11,30.1,76,0.1,5.3,246,970.1
50,2024-08-12,27.7,88,11.0,3.7,220,970.0
50,2024-08-13,27.4,88,18.1,3.8,181,971.1
50,2024-08-14,28.6,82,3.1,4.6,176,972.0
50,2024-08-15,29.0,82,1.5,2.9,180,971.5
50,2024-08-16,28.7,85,6.5,3.4,238,971.1
50,2024-08-17,29.3,78,3.2,4.2,195,972.6
50,2024-08-18,28.8,82,5.2,3.5,202,973.4
50,2024-08-19,28.5,85,6.4,3.9,218,972.9
50,2024-08-20,28.1,86,4.5,3.1,165,973.9
50,2024-08-21,26.7,91,17.6,3.9,180,974.2
50,2024-08-22,27.3,88,14.8,2.9,209,974.4
50,2024-08-23,27.4,88,17.9,4.1,171,975.4
50,2024-08-24,27.4,87,9.6,2.9,79,975.0
50,2024-08-25,27.9,84,13.5,5.3,180,973.7
50,2024-08-26,28.6,82,9.2,3.7,194,972.7
50,2024-08-27,27.4,87,5.8,3.0,182,973.2
50,2024-08-28,27.4,87,4.4,3.6,146,972.3
50,2024-08-29,27.7,85,14.2,3.7,157,972.3
50,2024-08-30,28.4,84,1.1,4.0,174,972.9
50,2024-08-31,28.9,78,0.4,4.5,269,973.0
50,2024-09-01,27.6,88,51.3,3.3,294,972.9
50,2024-09-02,28.7,85,17.9,3.4,50,972.8
50,2024-09-03,28.8,81,5.6,3.5,142,973.5
50,2024-09-04,29.3,79,0.3,4.0,184,971.3
50,2024-09-05,29.3,77,0.3,4.6,202,970.2
50,2024-09-06,28.6,82,2.6,4.0,239,970.5
50,2024-09-07,29.1,79,0.0,6.1,238,970.5
50,2024-09-08,28.4,81,0.9,4.9,209,971.0
50,2024-09-09,27.4,87,13.5,4.7,176,970.1
50,2024-09-10,26.3,93,37.2,6.6,163,969.5
50,2024-09-11,26.0,92,40.5,6.8,142,972.0
50,2024-09-12,27.3,87,2.9,4.0,154,973.5
50,2024-09-13,28.2,85,1.1,2.9,340,971.9
50,2024-09-14,28.4,82,0.3,4.0,282,970.5
50,2024-09-15,28.9,80,1.7,4.0,256,970.1
50,2024-09-16,29.1,80,1.5,4.3,289,970.5
50,2024-09-17,28.8,82,25.8,4.1,292,970.4
50,2024-09-18,27.8,87,42.1,2.6,254,970.0
50,2024-09-19,29.1,82,2.2,3.4,343,969.3
50,2024-09-20,27.6,86,13.2,3.2,251,969.3
50,2024-09-21,27.0,90,19.8,3.3,286,969.8
50,2024-09-22,27.3,88,31.2,3.0,94,970.7
50,2024-09-23,26.0,92,25.9,2.2,111,973.5
50,2024-09-24,26.1,90,10.8,3.1,142,975.1
50,2024-09-25,26.4,90,12.1,3.5,142,976.1
50,2024-09-26,27.7,83,2.7,2.9,145,976.4
50,2024-09-27,28.9,80,0.0,2.9,178,976.2
50,2024-09-28,29.9,77,0.1,3.3,176,974.9
50,2024-09-29,29.6,81,0.1,4.1,173,973.9
50,2024-09-30,29.9,79,1.0,3.5,199,972.3
50,2024-10-01,27.5,87,17.0,4.7,146,971.6
50,2024-10-02,26.7,88,11.2,6.4,118,974.7
50,2024-10-03,26.2,89,60.8,5.6,128,975.9
50,2024-10-04,26.6,89,17.6,3.5,128,977.3
50,2024-10-05,28.3,83,3.1,3.1,193,977.3
50,2024-10-06,28.9,80,0.2,3.4,188,977.6
50,2024-10-07,28.4,81,0.8,3.7,14,978.7
50,2024-10-08,28.2,79,0.7,3.7,351,978.3
50,2024-10-09,27.9,82,0.4,2.8,31,977.0
50,2024-10-10,27.6,82,6.4,3.5,152,976.3
50,2024-10-11,28.0,81,0.3,3.1,143,976.3
50,2024-10-12,27.9,78,0.0,3.6,211,977.1
50,2024-10-13,27.7,79,0.0,3.7,167,977.0
50,2024-10-14,28.8,79,0.6,3.1,142,976.3
50,2024-10-15,28.1,81,0.0,3.2,92,976.2
50,2024-10-16,28.5,82,3.5,2.1,102,976.5
50,2024-10-17,27.8,83,0.2,2.5,12,976.4
50,2024-10-18,28.9,78,0.0,3.0,328,975.7
50,2024-10-19,27.6,84,9.2,2.8,69,976.5
50,2024-10-20,26.6,86,8.1,4.4,4,978.1
50,2024-10-21,26.7,85,4.1,3.8,62,977.7
50,2024-10-22,27.1,85,7.3,4.0,350,977.4
50,2024-10-23,27.7,82,4.5,4.7,5,978.2
50,2024-10-24,27.2,81,0.1,3.8,321,976.9
50,2024-10-25,28.4,80,0.0,3.3,287,975.2
50,2024-10-26,29.1,79,0.0,4.8,325,973.0
50,2024-10-27,29.2,78,0.6,4.4,339,971.8
50,2024-10-28,28.3,75,0.0,5.0,21,972.3
50,2024-10-29,27.8,74,0.0,3.2,8,974.1
50,2024-10-30,28.3,74,0.2,2.7,122,975.7
50,2024-10-31,28.6,76,0.1,2.8,246,975.4
50,2024-11-01,28.1,78,0.3,2.4,25,975.7
50,2024-11-02,26.4,86,8.1,3.0,350,977.8
50,2024-11-03,26.1,81,2.3,3.7,25,978.6
50,2024-11-04,24.9,82,0.0,4.2,26,978.5
50,2024-11-05,25.5,86,2.6,4.3,18,979.9
50,2024-11-06,24.1,90,0.9,3.5,15,980.3
50,2024-11-07,23.6,92,10.9,3.4,346,980.0
50,2024-11-08,21.9,94,2.7,4.6,344,980.4
50,2024-11-09,23.7,88,1.1,5.3,341,979.5
50,2024-11-10,24.8,84,0.0,4.2,1,978.6
50,2024-11-11,24.9,86,0.0,3.7,351,977.9
50,2024-11-12,25.0,82,0.0,3.6,342,976.9
50,2024-11-13,25.5,83,0.0,4.0,346,975.8
50,2024-11-14,26.2,82,0.0,4.6,336,975.9
50,2024-11-15,26.4,80,0.0,4.2,349,975.6
50,2024-11-16,25.5,83,0.0,4.6,5,975.4
50,2024-11-17,26.4,81,0.0,3.7,51,976.2
50,2024-11-18,24.9,86,2.2,4.8,54,978.0
50,2024-11-19,24.7,84,0.0,4.6,11,979.1
50,2024-11-20,24.7,84,0.0,4.5,5,978.4
50,2024-11-21,24.5,84,0.4,4.2,3,978.0
50,2024-11-22,24.0,83,0.1,4.2,3,978.2
50,2024-11-23,24.2,84,0.0,4.2,345,978.7
50,2024-11-24,24.4,84,0.0,4.4,340,978.6
50,2024-11-25,24.4,85,0.0,3.8,346,978.0
50,2024-11-26,24.9,85,0.4,5.0,358,978.0
50,2024-11-27,25.6,82,0.2,3.9,76,978.1
50,2024-11-28,25.6,77,0.0,4.2,97,979.7
50,2024-11-29,23.6,81,0.0,3.7,78,980.6
50,2024-11-30,23.1,83,0.0,3.8,341,978.7
50,2024-12-01,23.2,82,0.0,3.2,7,976.3
50,2024-12-02,24.0,82,0.0,3.3,343,975.8
50,2024-12-03,25.6,80,0.0,3.0,341,976.1
50,2024-12-04,26.2,80,0.0,3.0,355,975.7
50,2024-12-05,26.7,80,0.0,4.9,147,975.5
50,2024-12-06,26.5,78,0.2,6.5,141,975.1
50,2024-12-07,25.6,81,0.0,4.3,121,976.5
50,2024-12-08,25.7,82,0.1,3.2,95,977.6
50,2024-12-09,25.4,82,0.1,2.7,165,977.2
50,2024-12-10,25.2,82,0.0,2.9,260,975.9
50,2024-12-11,24.5,83,0.0,4.1,356,976.1
50,2024-12-12,23.4,81,0.0,4.8,356,976.1
50,2024-12-13,24.4,81,0.0,4.3,337,977.2
50,2024-12-14,24.6,87,1.6,3.0,105,979.4
50,2024-12-15,23.9,81,0.3,3.9,105,981.5
50,2024-12-16,23.0,79,0.0,3.1,60,982.2
50,2024-12-17,23.3,80,0.0,2.9,329,980.2
50,2024-12-18,22.8,83,0.0,3.6,359,979.2
50,2024-12-19,23.5,79,0.0,3.6,142,979.5
50,2024-12-20,22.5,77,0.0,3.3,146,978.5
50,2024-12-21,21.9,77,0.0,3.2,130,978.6
50,2024-12-22,22.1,77,0.0,3.0,169,978.9
50,2024-12-23,21.8,77,0.0,2.8,28,978.8
50,2024-12-24,21.0,81,0.0,3.6,7,979.5
50,2024-12-25,21.0,81,0.0,3.6,17,980.5
50,2024-12-26,21.3,80,0.0,3.8,16,981.5
50,2024-12-27,21.8,81,0.0,4.6,11,981.4
50,2024-12-28,22.6,82,0.0,4.4,8,981.7
50,2024-12-29,22.8,81,0.0,3.3,38,980.6
50,2024-12-30,22.8,79,0.0,3.3,129,979.6
50,2024-12-31,23.2,81,0.0,3.6,89,979.2
50,2025-01-01,22.6,81,0.0,3.4,112,978.0
50,2025-01-02,21.7,81,0.0,4.0,350,978.0
50,2025-01-03,21.7,78,0.0,4.4,33,979.3
50,2025-01-04,21.2,78,0.0,3.1,353,978.7
50,2025-01-05,19.9,81,0.0,4.0,31,980.4
50,2025-01-06,20.0,80,0.0,3.5,10,979.0
50,2025-01-07,20.2,76,0.0,3.0,79,978.1
50,2025-01-08,20.5,78,0.0,3.9,69,977.6
50,2025-01-09,21.6,81,0.0,3.4,45,979.3
50,2025-01-10,23.1,76,0.0,3.4,53,981.7
50,2025-01-11,22.2,72,0.0,5.9,84,983.5
50,2025-01-12,20.3,68,0.0,5.2,59,984.5
50,2025-01-13,17.8,75,0.0,4.3,37,981.0
50,2025-01-14,18.5,75,0.0,3.2,53,980.9
50,2025-01-15,19.3,76,0.0,5.2,28,981.7
50,2025-01-16,20.2,76,0.0,4.6,27,982.0
50,2025-01-17,20.9,76,0.0,3.9,26,980.2
50,2025-01-18,21.1,75,0.0,2.9,89,978.3
50,2025-01-19,21.2,73,0.0,3.9,105,976.9
50,2025-01-20,22.0,72,0.0,4.6,116,975.7
50,2025-01-21,22.4,71,0.0,5.7,119,975.7
50,2025-01-22,22.5,70,0.0,4.7,111,976.1
50,2025-01-23,23.1,69,0.0,3.8,109,976.5
50,2025-01-24,23.8,64,0.0,3.4,114,975.0
50,2025-01-25,24.1,60,0.0,3.0,100,974.7
50,2025-01-26,23.0,67,0.0,4.3,95,975.2
50,2025-01-27,21.3,76,0.0,5.1,106,977.2
50,2025-01-28,21.5,71,0.0,4.9,116,980.1
50,2025-01-29,22.5,71,0.0,5.6,146,980.5
50,2025-01-30,22.5,71,0.0,6.7,131,977.1
50,2025-01-31,23.6,69,0.0,4.4,125,975.6
50,2025-02-01,24.4,63,0.0,3.6,6,975.1
50,2025-02-02,23.9,60,0.0,3.3,49,974.5
50,2025-02-03,23.6,63,0.0,3.9,18,975.2
50,2025-02-04,23.1,75,0.0,7.9,138,976.0
50,2025-02-05,24.4,74,0.0,7.8,141,975.2
50,2025-02-06,25.1,65,0.0,3.2,151,975.2
50,2025-02-07,24.9,67,0.0,3.4,121,976.3
50,2025-02-08,25.0,74,0.4,6.4,136,977.1
50,2025-02-09,26.1,70,0.0,7.6,157,978.1
50,2025-02-10,24.9,69,0.0,6.2,144,978.0
50,2025-02-11,25.4,66,0.0,6.8,136,977.2
50,2025-02-12,25.8,61,0.0,4.4,132,976.8
50,2025-02-13,25.4,58,0.0,3.9,121,976.5
50,2025-02-14,25.3,52,0.0,4.9,259,976.0
50,2025-02-15,25.0,50,0.0,4.0,12,975.1
50,2025-02-16,24.4,60,0.0,4.9,345,975.5
50,2025-02-17,25.0,58,0.0,5.1,355,977.2
50,2025-02-18,25.7,57,0.0,4.0,48,977.4
50,2025-02-19,26.5,67,0.1,5.0,125,977.4
50,2025-02-20,26.6,68,0.1,3.6,159,977.9
50,2025-02-21,25.5,73,0.0,5.7,126,978.1
50,2025-02-22,26.1,69,0.0,3.7,349,978.7
50,2025-02-23,26.0,75,2.2,5.1,118,979.9
50,2025-02-24,25.3,82,2.5,5.5,135,981.8
50,2025-02-25,24.9,77,0.3,5.9,142,983.2
50,2025-02-26,25.9,72,0.0,4.4,173,982.3
50,2025-02-27,26.9,70,0.0,3.8,221,978.9
50,2025-02-28,28.8,61,0.0,3.6,311,977.1
50,2025-03-01,29.2,56,0.0,5.4,281,975.3
50,2025-03-02,28.6,51,0.0,4.6,318,973.7
50,2025-03-03,27.9,55,0.0,4.9,321,973.4
50,2025-03-04,27.9,52,0.0,5.5,324,972.8
50,2025-03-05,27.6,52,0.0,4.9,319,972.5
50,2025-03-06,26.9,51,0.0,4.2,41,974.0
50,2025-03-07,27.5,60,0.1,7.3,134,974.0
50,2025-03-08,27.8,68,0.0,9.9,157,976.4
50,2025-03-09,26.7,71,0.2,5.8,156,978.9
50,2025-03-10,28.1,68,0.0,4.4,271,978.7
50,2025-03-11,29.8,62,0.0,4.4,218,976.4
50,2025-03-12,29.5,56,0.0,5.7,261,973.8
50,2025-03-13,29.7,52,0.0,6.2,202,973.7
50,2025-03-14,29.4,53,0.0,5.2,178,975.3
50,2025-03-15,29.2,54,0.0,4.8,193,975.5
50,2025-03-16,29.8,54,0.0,4.7,233,974.7
50,2025-03-17,29.5,59,0.0,5.8,155,974.5
50,2025-03-18,29.8,65,0.0,8.8,145,976.3
50,2025-03-19,26.6,67,0.0,7.6,118,980.8
50,2025-03-20,24.9,66,0.0,4.3,106,983.0
50,2025-03-21,26.0,68,0.0,5.0,79,981.9
50,2025-03-22,27.0,68,0.0,3.9,161,979.8
50,2025-03-23,27.9,66,0.0,4.6,172,978.1
50,2025-03-24,29.3,60,0.0,3.9,214,975.5
50,2025-03-25,29.8,52,0.0,4.8,254,971.8
50,2025-03-26,29.3,49,0.0,5.9,258,970.7
50,2025-03-27,29.2,48,0.0,6.2,246,969.8
50,2025-03-28,28.7,47,0.0,4.8,221,970.9
50,2025-03-29,29.4,49,0.0,3.9,181,972.6
50,2025-03-30,30.3,55,0.0,5.3,153,974.3
50,2025-03-31,31.0,62,0.0,8.4,154,974.7
50,2025-04-01,30.3,68,0.2,7.8,155,974.9
50,2025-04-02,30.2,66,0.0,5.9,158,975.9
50,2025-04-03,30.6,65,0.0,7.0,166,976.6
50,2025-04-04,30.5,62,0.0,6.1,183,975.3
50,2025-04-05,29.7,62,0.0,5.4,210,974.8
50,2025-04-06,28.5,65,1.0,4.2,217,975.5
50,2025-04-07,28.0,70,0.0,3.6,283,977.6
50,2025-04-08,29.5,63,0.0,4.3,285,978.2
50,2025-04-09,30.7,54,0.0,4.6,304,975.5
50,2025-04-10,30.3,56,0.0,5.8,218,973.1
50,2025-04-11,29.7,66,0.0,5.7,225,971.9
50,2025-04-12,29.1,69,0.0,4.8,196,973.2
50,2025-04-13,28.4,76,9.1,5.3,125,975.1
50,2025-04-14,25.5,87,2.2,4.0,127,977.5
50,2025-04-15,28.6,74,0.0,3.2,238,976.9
50,2025-04-16,29.0,74,0.0,4.5,225,974.9
50,2025-04-17,29.7,72,0.7,4.9,231,973.7
50,2025-04-18,29.7,68,0.4,5.1,212,973.1
50,2025-04-19,30.6,63,0.0,4.2,201,972.7
50,2025-04-20,30.6,59,0.0,4.9,183,973.2
50,2025-04-21,31.7,60,0.0,6.1,173,974.8
50,2025-04-22,32.5,56,0.3,5.4,229,974.6
50,2025-04-23,32.6,56,0.2,5.5,221,973.1
50,2025-04-24,32.4,56,0.0,6.7,225,972.6
50,2025-04-25,32.8,54,0.0,5.5,215,972.9
50,2025-04-26,32.9,51,0.0,4.9,193,973.4
50,2025-04-27,32.6,51,0.0,5.8,157,974.6
50,2025-04-28,30.2,59,0.0,4.6,167,975.0
50,2025-04-29,28.7,65,0.1,3.8,159,975.9
50,2025-04-30,28.6,66,0.4,3.9,174,975.7
50,2025-05-01,28.7,71,5.2,3.0,128,977.2
50,2025-05-02,28.7,72,1.3,4.8,343,975.6
50,2025-05-03,28.5,75,0.6,4.5,170,974.4
50,2025-05-04,29.9,70,0.2,4.7,187,972.8
50,2025-05-05,31.5,61,0.0,4.6,201,972.3
50,2025-05-06,32.8,54,0.0,4.9,204,971.7
50,2025-05-07,32.9,54,0.0,5.9,182,970.9
50,2025-05-08,31.6,61,0.2,4.8,184,971.2
50,2025-05-09,32.4,57,0.1,4.5,182,971.6
50,2025-05-10,31.2,63,0.0,5.9,185,971.9
50,2025-05-11,29.6,73,31.2,4.3,152,971.6
50,2025-05-12,27.8,81,17.7,4.1,146,972.8
50,2025-05-13,28.0,82,0.7,5.9,160,973.3
50,2025-05-14,28.0,83,6.2,3.6,152,974.5
50,2025-05-15,27.1,85,10.6,4.1,141,975.4
50,2025-05-16,27.2,86,3.1,2.7,148,975.3
50,2025-05-17,27.9,84,0.8,3.3,187,974.9
50,2025-05-18,28.0,83,3.9,3.3,128,974.7
50,2025-05-19,28.6,83,3.1,3.4,213,973.5
50,2025-05-20,28.9,81,9.0,4.1,187,972.9
50,2025-05-21,28.7,82,4.7,3.9,157,972.8
50,2025-05-22,30.7,74,0.3,3.4,190,971.5
50,2025-05-23,30.1,75,0.2,4.0,216,969.8
50,2025-05-24,28.6,82,5.4,2.9,50,971.4
50,2025-05-25,27.9,85,9.4,4.7,104,973.4
50,2025-05-26,26.4,91,12.0,5.3,118,973.6
50,2025-05-27,26.7,90,14.1,6.5,123,972.2
50,2025-05-28,27.9,85,4.1,6.9,164,971.7
50,2025-05-29,27.8,85,8.8,7.2,160,971.8
50,2025-05-30,27.6,87,1.8,6.6,155,972.7
50,2025-05-31,28.0,86,7.8,5.9,155,973.4
50,2025-06-01,28.8,80,2.7,6.9,171,972.7
50,2025-06-02,28.7,79,5.0,6.5,172,971.8
50,2025-06-03,28.3,79,1.2,5.3,177,971.8
50,2025-06-04,29.5,75,0.3,4.0,204,972.3
50,2025-06-05,29.7,75,0.0,4.4,244,972.6
50,2025-06-06,30.3,75,0.0,4.9,244,972.3
50,2025-06-07,30.6,73,0.0,5.0,225,971.6
50,2025-06-08,30.7,73,0.3,5.4,187,970.4
50,2025-06-09,30.1,77,1.3,6.4,165,969.9
50,2025-06-10,29.2,78,3.2,4.4,165,969.8
50,2025-06-11,27.8,85,15.2,2.8,216,970.7
50,2025-06-12,28.4,83,11.4,2.2,235,970.3
50,2025-06-13,29.5,76,0.1,4.3,231,970.5
50,2025-06-14,28.4,83,7.9,4.4,182,971.1
50,2025-06-15,28.6,84,7.4,5.4,173,971.4
50,2025-06-16,28.7,81,9.4,5.7,169,972.4
50,2025-06-17,28.3,82,5.2,5.6,175,973.4
50,2025-06-18,28.9,77,0.7,5.7,189,972.9
50,2025-06-19,29.1,75,0.9,5.1,191,972.8
50,2025-06-20,28.9,77,2.2,4.9,203,972.1
50,2025-06-21,29.6,73,0.3,5.4,211,971.0
50,2025-06-22,28.6,80,2.1,6.2,177,970.9
50,2025-06-23,28.0,84,10.4,5.2,148,970.8
50,2025-06-24,28.2,81,1.4,6.7,165,970.9
50,2025-06-25,28.1,80,2.6,4.4,185,972.5
50,2025-06-26,29.4,76,2.2,4.9,221,972.5
50,2025-06-27,28.1,81,4.0,5.1,197,971.5
50,2025-06-28,28.0,81,4.2,5.8,185,970.2
50,2025-06-29,28.5,76,2.0,5.5,192,969.5
50,2025-06-30,28.7,76,5.1,6.0,173,969.7
50,2025-07-01,29.1,73,2.3,5.9,188,970.7
50,2025-07-02,28.4,74,1.5,4.8,179,971.8
50,2025-07-03,28.7,71,0.2,5.3,210,972.8
50,2025-07-04,29.3,68,0.2,4.2,207,972.8
50,2025-07-05,28.6,74,2.7,4.6,209,971.1
50,2025-07-06,28.7,75,4.1,5.5,191,970.7
50,2025-07-07,28.6,76,10.0,5.6,190,971.6
50,2025-07-08,29.3,74,1.2,4.4,196,972.2
50,2025-07-09,30.1,68,1.1,6.3,236,972.1
50,2025-07-10,29.5,69,1.2,4.6,237,970.2
50,2025-07-11,29.4,72,4.7,4.2,241,967.8
50,2025-07-12,27.5,86,16.1,3.3,184,969.4
50,2025-07-13,28.9,79,0.9,4.7,184,971.4
50,2025-07-14,30.0,73,0.4,5.5,225,971.7
50,2025-07-15,29.2,78,1.9,4.5,217,970.4
50,2025-07-16,27.1,89,11.2,3.5,174,970.9
50,2025-07-17,27.5,84,2.8,3.2,151,971.6
50,2025-07-18,28.4,81,1.9,4.3,178,970.7
50,2025-07-19,29.2,76,0.0,4.7,232,968.2
50,2025-07-20,28.4,79,2.9,4.0,225,967.9
50,2025-07-21,29.4,75,1.1,5.8,222,968.2
50,2025-07-22,27.8,80,10.0,3.9,185,966.4
50,2025-07-23,25.7,94,43.5,5.5,158,963.7
50,2025-07-24,26.9,90,19.9,9.2,148,967.7
50,2025-07-25,27.2,88,5.0,5.7,146,970.3
50,2025-07-26,27.8,87,6.2,3.7,153,970.7
50,2025-07-27,26.9,91,13.1,4.2,171,969.1
50,2025-07-28,27.1,88,14.3,3.7,169,968.7
50,2025-07-29,28.0,86,11.6,4.9,206,968.7
50,2025-07-30,28.3,82,4.1,5.5,200,970.0
50,2025-07-31,28.5,81,2.1,6.0,208,970.2
50,2025-08-01,29.4,78,1.2,5.7,207,969.8
50,2025-08-02,29.6,77,0.9,4.5,216,971.4
50,2025-08-03,29.7,74,0.2,6.5,218,973.0
50,2025-08-04,30.4,70,0.0,5.8,225,972.5
50,2025-08-05,28.7,81,9.9,5.4,242,972.0
50,2025-08-06,27.7,87,11.8,3.9,189,971.6
50,2025-08-07,28.1,82,4.3,5.5,184,973.1
50,2025-08-08,28.0,82,4.6,3.5,204,975.3
50,2025-08-09,28.9,79,0.0,4.1,240,974.8
50,2025-08-10,29.2,78,2.4,5.1,236,972.6
50,2025-08-11,29.1,77,1.7,5.2,223,971.0
50,2025-08-12,29.0,79,6.0,5.8,177,971.2
50,2025-08-13,29.4,77,3.5,4.3,210,973.1
50,2025-08-14,29.0,78,4.0,4.2,263,972.3
50,2025-08-15,28.2,82,7.0,3.3,223,969.7
50,2025-08-16,27.1,87,13.8,3.0,108,969.9
50,2025-08-17,27.0,87,12.5,3.9,128,973.1
50,2025-08-18,28.3,79,2.2,3.6,213,974.1
50,2025-08-19,29.4,74,0.0,5.1,222,973.5
50,2025-08-20,29.3,76,0.7,4.1,215,973.6
50,2025-08-21,29.6,75,0.2,4.0,221,973.9
50,2025-08-22,28.3,81,5.6,3.1,141,973.3
50,2025-08-23,27.0,86,4.8,3.5,139,973.1
50,2025-08-24,27.6,84,14.4,2.3,101,972.7
50,2025-08-25,28.8,82,5.1,3.6,331,970.8
50,2025-08-26,26.7,89,11.2,3.5,252,970.4
50,2025-08-27,26.1,91,29.0,4.0,177,971.5
50,2025-08-28,26.3,88,13.4,3.6,172,973.2
50,2025-08-29,28.1,81,0.2,3.2,284,973.9
50,2025-08-30,28.8,80,1.0,4.9,299,972.8
50,2025-08-31,26.8,90,41.3,5.8,36,969.7
50,2025-09-01,26.8,86,4.7,4.3,139,971.7
50,2025-09-02,27.7,83,3.2,4.2,156,972.5
50,2025-09-03,28.7,82,1.4,3.7,220,973.1
50,2025-09-04,29.9,78,0.2,3.7,228,972.5
50,2025-09-05,30.2,78,0.7,4.3,161,972.6
50,2025-09-06,29.2,81,3.9,2.7,162,973.3
50,2025-09-07,28.3,84,8.5,3.3,136,972.6
50,2025-09-08,28.6,84,1.9,3.8,143,972.4
50,2025-09-09,28.2,83,4.9,5.8,138,973.2
50,2025-09-10,28.0,82,2.0,5.9,165,973.6
50,2025-09-11,27.9,82,1.6,4.9,134,974.4
50,2025-09-12,28.4,82,2.4,3.2,139,975.0
50,2025-09-13,27.8,85,2.3,2.1,8,975.4
50,2025-09-14,27.8,83,2.2,2.7,188,975.8
50,2025-09-15,27.8,84,1.3,3.9,141,975.4
50,2025-09-16,27.9,80,2.6,4.8,138,975.5
50,2025-09-17,28.8,78,2.0,3.5,142,974.2
50,2025-09-18,28.5,83,3.9,2.9,105,973.0
50,2025-09-19,28.3,84,1.3,2.7,67,973.4
50,2025-09-20,27.6,85,4.5,5.0,133,972.5
50,2025-09-21,27.7,85,0.9,4.4,147,972.4
50,2025-09-22,27.7,86,4.5,4.0,173,972.9
50,2025-09-23,28.0,83,1.3,5.0,166,971.7
50,2025-09-24,27.7,83,4.1,3.8,151,969.9
50,2025-09-25,28.0,83,2.3,3.9,212,970.4
50,2025-09-26,27.5,85,20.4,3.2,318,972.9
50,2025-09-27,27.2,87,14.2,3.3,353,975.6
50,2025-09-28,28.8,83,8.5,4.5,335,973.1
50,2025-09-29,28.8,81,4.8,5.4,342,969.1
50,2025-09-30,26.6,92,12.3,6.5,150,971.5
50,2025-10-01,27.0,88,7.3,5.0,152,975.6
50,2025-10-02,28.2,84,2.7,2.5,339,977.3
50,2025-10-03,28.7,81,2.1,3.8,322,976.4
50,2025-10-04,27.8,86,2.8,3.3,148,976.1
50,2025-10-05,28.3,82,0.7,3.6,181,975.4
50,2025-10-06,28.9,78,3.4,4.3,227,974.1
50,2025-10-07,28.2,79,0.1,3.9,198,975.0
50,2025-10-08,27.9,83,3.3,3.5,123,976.7
50,2025-10-09,27.8,84,4.1,3.0,127,976.5
50,2025-10-10,28.8,76,0.6,3.6,134,976.1
50,2025-10-11,28.4,75,0.0,3.4,102,975.4
50,2025-10-12,28.8,75,0.5,3.1,118,975.1
50,2025-10-13,27.9,81,3.3,3.2,26,975.3
50,2025-10-14,27.3,83,6.5,2.7,121,975.1
50,2025-10-15,26.2,91,32.8,2.5,89,975.3
50,2025-10-16,27.1,84,8.9,4.5,138,976.5
50,2025-10-17,27.0,85,4.1,4.5,9,977.4
50,2025-10-18,27.5,81,0.1,3.9,358,976.6
50,2025-10-19,27.1,84,3.5,4.3,3,975.8
50,2025-10-20,27.2,83,1.3,4.2,353,976.2
50,2025-10-21,27.3,80,0.0,5.0,8,976.6
50,2025-10-22,26.4,77,0.0,7.1,15,977.5
50,2025-10-23,26.0,77,0.0,6.3,14,978.0
50,2025-10-24,26.8,77,0.0,3.6,44,978.1
50,2025-10-25,27.1,78,1.1,3.2,29,977.9
50,2025-10-26,27.1,78,0.1,4.6,15,978.1
50,2025-10-27,26.2,77,0.0,4.8,13,978.8
50,2025-10-28,26.0,77,0.0,4.5,15,978.2
50,2025-10-29,26.3,77,0.0,4.2,24,977.3
50,2025-10-30,27.0,77,0.1,4.7,22,977.0
50,2025-10-31,27.2,82,2.2,3.9,25,977.1
50,2025-11-01,26.5,89,9.9,2.9,68,977.1
50,2025-11-02,26.0,89,9.7,4.2,126,976.4
50,2025-11-03,25.4,92,22.9,5.1,127,975.7
50,2025-11-04,25.6,90,4.1,2.8,111,976.3
50,2025-11-05,26.4,85,3.0,3.0,151,975.5
50,2025-11-06,26.6,86,0.0,3.3,5,975.3
50,2025-11-07,26.9,84,0.1,4.9,346,974.2
50,2025-11-08,26.0,92,21.0,2.9,39,974.7
50,2025-11-09,25.9,90,7.5,3.0,142,975.1
50,2025-11-10,25.7,92,19.6,3.2,127,974.9
50,2025-11-11,26.3,88,0.6,2.5,94,975.1
50,2025-11-12,27.0,83,0.6,3.8,29,976.3
50,2025-11-13,27.4,81,0.9,2.7,41,978.2
50,2025-11-14,26.4,86,4.1,3.3,103,978.7
50,2025-11-15,26.0,85,1.3,3.1,73,980.0
50,2025-11-16,25.0,82,0.5,5.4,13,981.1
50,2025-11-17,24.2,85,2.8,4.5,1,981.0
50,2025-11-18,23.0,95,14.1,3.4,9,980.9
50,2025-11-19,22.6,91,0.3,4.8,56,982.2
50,2025-11-20,23.2,75,0.0,5.4,31,983.0
50,2025-11-21,22.9,77,0.0,5.6,12,983.2
50,2025-11-22,22.3,79,0.0,4.1,18,981.5
50,2025-11-23,22.5,82,0.0,4.1,10,981.0
50,2025-11-24,22.1,81,0.0,6.3,13,980.6
50,2025-11-25,20.9,79,0.0,7.3,16,980.7
50,2025-11-26,19.9,79,0.0,5.9,19,980.6
50,2025-11-27,18.9,78,0.0,8.3,21,982.1
50,2025-11-28,17.8,73,0.0,5.9,19,980.6
50,2025-11-29,17.5,73,0.0,3.8,29,978.6
50,2025-11-30,18.9,74,0.0,3.4,60,978.0
50,2025-12-01,20.0,77,0.0,3.3,52,977.8
50,2025-12-02,21.0,78,0.0,2.7,63,977.4
50,2025-12-03,22.0,79,0.0,3.7,35,979.1
50,2025-12-04,22.5,79,0.0,3.9,25,980.1
50,2025-12-05,23.1,81,0.0,4.2,11,980.8
50,2025-12-06,24.4,81,0.0,3.7,84,980.0
50,2025-12-07,24.9,81,0.0,2.6,36,979.3
50,2025-12-08,24.2,81,1.1,4.0,60,979.9
50,2025-12-09,23.4,76,0.0,3.7,128,980.1
50,2025-12-10,22.6,74,0.0,3.6,15,980.2
50,2025-12-11,22.0,79,0.0,4.2,63,979.7
50,2025-12-12,23.6,80,0.5,3.1,76,979.5
50,2025-12-13,23.6,83,0.3,3.9,46,979.9
50,2025-12-14,23.4,85,0.4,3.4,11,980.5
50,2025-12-15,24.2,78,0.0,3.2,27,979.9
50,2025-12-16,23.6,78,0.0,3.3,105,978.9
50,2025-12-17,24.1,78,0.2,3.9,78,979.5
50,2025-12-18,23.3,80,1.4,3.8,1,979.8
50,2025-12-19,23.0,79,0.0,3.6,4,978.1
50,2025-12-20,22.4,78,0.0,3.6,356,977.3
50,2025-12-21,22.2,77,0.0,4.9,11,979.2
50,2025-12-22,21.6,77,0.0,4.4,358,978.3
50,2025-12-23,22.5,75,0.0,4.0,24,976.8
50,2025-12-24,23.4,74,0.0,3.6,59,976.5
50,2025-12-25,22.8,72,0.0,4.0,352,977.7
50,2025-12-26,22.4,73,0.0,4.3,77,977.9
50,2025-12-27,22.2,74,0.0,3.2,120,978.5
50,2025-12-28,21.9,77,0.0,3.2,110,979.1
50,2025-12-29,22.4,73,0.0,2.9,77,977.9
50,2025-12-30,22.0,73,0.0,3.4,93,976.7
50,2025-12-31,22.6,72,0.0,3.0,98,975.1
51,2020-01-01,23.5,81,0.1,5.3,15,985.4
51,2020-01-02,24.3,78,0.0,4.9,2,985.7
51,2020-01-03,24.4,75,0.0,2.8,354,983.4
51,2020-01-04,24.6,75,0.0,3.1,138,980.7
51,2020-01-05,25.6,72,0.0,4.1,161,979.9
51,2020-01-06,25.5,71,0.0,3.2,204,980.2
51,2020-01-07,25.4,72,0.0,2.9,129,979.5
51,2020-01-08,24.7,75,0.0,2.8,122,979.7
51,2020-01-09,24.7,74,0.0,1.8,18,979.3
51,2020-01-10,25.0,66,0.0,2.2,323,978.0
51,2020-01-11,24.6,60,0.0,2.3,310,977.6
51,2020-01-12,22.9,63,0.0,2.3,33,977.3
51,2020-01-13,23.0,77,0.0,4.2,135,977.1
51,2020-01-14,24.3,73,0.0,2.7,168,978.3
51,2020-01-15,24.7,67,0.0,2.5,357,979.2
51,2020-01-16,24.1,64,0.0,2.5,3,979.5
51,2020-01-17,23.8,67,0.0,2.2,23,980.4
51,2020-01-18,23.9,70,0.0,2.4,26,979.6
51,2020-01-19,24.8,70,0.0,3.3,134,979.6
51,2020-01-20,25.0,73,0.0,4.2,153,980.5
51,2020-01-21,25.7,70,0.0,3.8,158,981.7
51,2020-01-22,26.1,65,0.0,2.3,250,981.0
51,2020-01-23,25.2,56,0.0,3.3,262,979.0
51,2020-01-24,23.2,53,0.0,3.9,253,978.2
51,2020-01-25,22.0,51,0.0,5.5,244,976.4
51,2020-01-26,20.6,50,0.0,4.3,218,976.3
51,2020-01-27,19.7,56,0.0,3.5,196,975.6
51,2020-01-28,20.3,59,0.0,2.7,192,977.4
51,2020-01-29,21.4,57,0.0,1.4,28,979.8
51,2020-01-30,22.2,63,0.0,3.6,121,979.2
51,2020-01-31,23.5,71,0.0,6.5,143,979.4
51,2020-02-01,23.7,69,0.0,4.6,141,980.0
51,2020-02-02,24.9,61,0.0,4.8,171,980.8
51,2020-02-03,25.2,57,0.0,3.1,224,979.9
51,2020-02-04,24.7,54,0.0,2.7,216,978.7
51,2020-02-05,24.1,56,0.0,4.8,207,978.1
51,2020-02-06,24.5,51,0.0,3.8,227,978.9
51,2020-02-07,24.5,54,0.0,3.3,179,980.0
51,2020-02-08,25.5,62,0.0,3.5,139,980.9
51,2020-02-09,25.5,69,0.2,5.5,132,981.9
51,2020-02-10,25.7,68,0.0,5.2,136,981.1
51,2020-02-11,26.4,60,0.0,3.9,163,980.8
51,2020-02-12,25.8,54,0.0,5.9,238,979.6
51,2020-02-13,25.8,54,0.0,7.9,237,978.0
51,2020-02-14,25.2,50,0.0,9.1,218,975.5
51,2020-02-15,24.7,47,0.0,3.9,241,977.0
51,2020-02-16,24.5,57,0.0,2.3,175,979.1
51,2020-02-17,25.6,57,0.0,5.1,143,980.2
51,2020-02-18,26.1,62,0.0,6.9,140,981.3
51,2020-02-19,26.7,60,0.0,5.4,141,982.1
51,2020-02-20,26.5,61,0.0,4.5,136,982.0
51,2020-02-21,26.1,61,0.0,4.6,98,984.1
51,2020-02-22,25.7,60,0.0,5.6,82,985.3
51,2020-02-23,25.2,61,0.0,3.0,108,983.7
51,2020-02-24,25.6,60,0.0,3.1,138,980.5
51,2020-02-25,26.5,59,0.0,3.6,155,978.8
51,2020-02-26,26.6,57,0.0,4.4,159,978.8
51,2020-02-27,26.9,59,0.0,3.7,170,978.3
51,2020-02-28,27.2,59,0.0,5.1,157,977.2
51,2020-02-29,28.3,56,0.0,3.8,167,976.8
51,2020-03-01,28.6,55,0.0,3.6,237,977.1
51,2020-03-02,28.3,51,0.0,5.0,242,976.5
51,2020-03-03,27.7,52,0.2,6.0,246,976.6
51,2020-03-04,27.2,63,0.8,5.4,253,977.5
51,2020-03-05,28.1,56,0.0,5.4,220,977.6
51,2020-03-06,28.6,51,0.0,7.2,227,978.5
51,2020-03-07,28.6,50,0.0,5.4,223,978.5
51,2020-03-08,28.6,50,0.0,6.5,257,976.3
51,2020-03-09,29.1,50,0.0,6.3,257,974.1
51,2020-03-10,28.9,51,0.0,4.2,256,974.5
51,2020-03-11,29.1,46,0.0,5.8,215,975.9
51,2020-03-12,29.2,41,0.0,4.7,202,977.5
51,2020-03-13,29.0,46,0.0,3.7,181,978.2
51,2020-03-14,29.1,51,0.0,3.2,169,977.1
51,2020-03-15,29.8,56,0.0,6.9,154,977.3
51,2020-03-16,29.8,64,0.0,6.4,152,978.5
51,2020-03-17,30.5,55,0.0,5.3,174,978.1
51,2020-03-18,30.2,48,0.0,6.1,229,976.1
51,2020-03-19,29.9,51,0.0,3.4,191,975.6
51,2020-03-20,30.2,46,0.0,6.3,190,976.2
51,2020-03-21,29.5,46,0.0,7.4,223,977.2
51,2020-03-22,29.4,48,0.0,6.2,236,976.9
51,2020-03-23,29.5,45,0.0,4.3,231,976.1
51,2020-03-24,30.0,40,0.0,6.7,212,974.9
51,2020-03-25,30.1,43,0.0,6.5,218,974.2
51,2020-03-26,30.2,43,0.0,7.2,229,975.7
51,2020-03-27,30.1,46,0.0,6.0,229,976.2
51,2020-03-28,30.1,44,0.0,5.3,194,975.0
51,2020-03-29,30.6,42,0.0,6.3,207,974.1
51,2020-03-30,30.8,46,0.0,6.0,208,974.4
51,2020-03-31,31.4,47,0.0,5.3,181,975.0
51,2020-04-01,31.5,42,0.0,5.9,203,974.7
51,2020-04-02,31.7,41,0.0,6.4,221,975.2
51,2020-04-03,31.6,39,0.0,5.8,206,976.3
51,2020-04-04,31.2,39,0.0,5.4,189,976.5
51,2020-04-05,31.6,39,0.0,6.3,178,976.5
51,2020-04-06,32.0,40,0.0,7.5,235,975.8
51,2020-04-07,32.7,45,0.0,7.6,232,974.8
51,2020-04-08,31.9,42,0.0,4.8,202,976.0
51,2020-04-09,31.9,41,0.0,6.7,163,976.9
51,2020-04-10,31.3,44,0.0,7.2,177,978.4
51,2020-04-11,31.5,39,0.0,3.6,187,978.0
51,2020-04-12,32.6,41,0.0,4.9,182,976.3
51,2020-04-13,31.5,50,0.0,10.8,157,976.8
51,2020-04-14,29.7,66,0.9,5.7,116,979.5
51,2020-04-15,31.1,52,0.0,4.4,165,977.9
51,2020-04-16,31.1,48,0.0,6.1,206,975.9
51,2020-04-17,32.7,41,0.0,6.1,201,975.9
51,2020-04-18,31.8,47,0.0,5.5,171,977.1
51,2020-04-19,32.3,46,0.0,5.2,186,976.4
51,2020-04-20,32.7,49,0.0,4.2,185,976.5
51,2020-04-21,33.2,47,0.0,5.1,206,975.5
51,2020-04-22,33.9,45,0.0,6.8,236,975.2
51,2020-04-23,33.2,47,0.0,8.3,157,975.9
51,2020-04-24,33.2,48,0.5,9.0,172,976.7
51,2020-04-25,28.7,74,22.9,7.9,131,978.7
51,2020-04-26,27.2,82,16.0,3.6,70,980.2
51,2020-04-27,25.4,82,43.6,4.9,64,982.4
51,2020-04-28,28.8,69,1.2,3.2,9,980.6
51,2020-04-29,26.7,81,6.5,3.9,56,979.6
51,2020-04-30,27.0,85,7.9,3.0,295,979.5
51,2020-05-01,28.2,79,0.4,3.1,247,977.5
51,2020-05-02,28.6,78,1.3,3.3,188,976.6
51,2020-05-03,29.7,74,0.3,4.0,312,976.6
51,2020-05-04,31.0,68,0.0,4.6,241,976.7
51,2020-05-05,32.7,59,0.0,3.8,246,975.4
51,2020-05-06,32.5,62,0.0,5.0,226,974.5
51,2020-05-07,32.8,61,0.0,5.5,211,974.1
51,2020-05-08,32.4,63,1.5,5.0,185,974.4
51,2020-05-09,32.0,65,0.7,4.2,160,975.5
51,2020-05-10,31.5,63,0.8,3.1,221,976.5
51,2020-05-11,30.7,65,0.8,4.8,219,977.3
51,2020-05-12,30.7,66,0.0,3.0,205,976.6
51,2020-05-13,31.8,61,0.0,5.3,207,975.6
51,2020-05-14,31.1,62,0.0,4.2,271,976.2
51,2020-05-15,32.0,58,0.0,4.1,240,973.5
51,2020-05-16,32.6,54,0.0,4.8,242,972.6
51,2020-05-17,33.2,55,0.0,6.2,238,972.0
51,2020-05-18,31.9,61,0.3,5.9,217,972.0
51,2020-05-19,30.0,72,6.5,5.4,205,972.9
51,2020-05-20,30.7,72,3.6,6.6,203,973.3
51,2020-05-21,30.0,72,0.1,4.8,219,974.8
51,2020-05-22,31.2,63,0.0,5.5,245,974.0
51,2020-05-23,32.2,59,0.0,7.0,245,973.9
51,2020-05-24,32.3,57,0.0,7.0,223,974.9
51,2020-05-25,32.9,52,0.0,8.1,224,976.0
51,2020-05-26,33.2,53,0.0,7.9,237,976.0
51,2020-05-27,33.1,56,0.2,8.4,240,975.3
51,2020-05-28,31.1,61,0.1,6.4,226,975.4
51,2020-05-29,30.9,62,2.1,4.1,206,975.6
51,2020-05-30,30.6,65,1.0,5.2,188,976.6
51,2020-05-31,30.0,69,2.6,4.8,181,977.3
51,2020-06-01,31.4,60,0.2,6.0,229,976.6
51,2020-06-02,31.8,58,0.5,6.3,224,975.3
51,2020-06-03,32.1,58,0.0,4.6,225,974.7
51,2020-06-04,32.3,60,0.0,4.8,198,974.3
51,2020-06-05,31.9,59,0.3,4.4,220,974.3
51,2020-06-06,30.8,67,5.6,5.3,198,973.8
51,2020-06-07,30.6,66,0.0,7.5,199,973.4
51,2020-06-08,30.5,67,3.7,6.9,185,972.9
51,2020-06-09,31.4,64,0.0,8.1,162,973.3
51,2020-06-10,32.2,59,1.0,6.6,172,974.1
51,2020-06-11,32.4,56,0.5,7.5,228,973.9
51,2020-06-12,33.1,54,0.6,7.8,249,972.7
51,2020-06-13,33.2,55,0.1,5.7,257,971.9
51,2020-06-14,29.4,78,18.0,4.7,195,972.6
51,2020-06-15,29.3,78,6.8,5.4,186,973.7
51,2020-06-16,29.4,74,4.6,6.3,184,974.2
51,2020-06-17,28.6,76,10.0,5.9,193,974.1
51,2020-06-18,26.6,86,17.8,5.4,186,975.1
51,2020-06-19,27.5,84,9.3,4.1,188,974.8
51,2020-06-20,29.1,79,0.0,3.6,193,974.5
51,2020-06-21,30.6,69,0.0,5.2,220,973.3
51,2020-06-22,31.9,64,0.1,4.8,223,973.1
51,2020-06-23,31.3,65,0.3,3.8,218,974.8
51,2020-06-24,29.5,75,10.0,4.0,257,975.1
51,2020-06-25,29.3,76,7.0,4.5,220,973.9
51,2020-06-26,28.8,80,16.4,3.9,210,973.8
51,2020-06-27,28.5,81,5.0,3.4,198,974.0
51,2020-06-28,30.1,72,0.9,4.6,216,973.5
51,2020-06-29,31.1,67,0.0,5.8,220,972.9
51,2020-06-30,31.6,64,0.0,6.6,221,972.6
51,2020-07-01,30.6,65,0.4,8.2,229,972.4
51,2020-07-02,30.1,69,5.0,5.0,218,971.4
51,2020-07-03,30.0,72,4.5,5.2,206,972.3
51,2020-07-04,29.2,74,3.8,5.8,194,973.9
51,2020-07-05,29.7,70,6.0,7.1,208,973.5
51,2020-07-06,31.3,62,0.5,4.9,243,972.8
51,2020-07-07,31.8,65,1.3,4.7,202,974.4
51,2020-07-08,30.0,76,7.8,5.3,160,975.4
51,2020-07-09,31.1,68,0.0,6.9,226,973.7
51,2020-07-10,31.7,60,0.1,8.3,237,973.6
51,2020-07-11,31.6,60,0.0,6.8,222,973.8
51,2020-07-12,30.6,64,1.1,5.7,212,973.2
51,2020-07-13,28.0,84,16.8,4.2,156,973.5
51,2020-07-14,29.1,76,10.0,4.7,170,974.5
51,2020-07-15,30.3,70,0.0,4.2,219,973.8
51,2020-07-16,30.8,69,0.3,5.4,207,972.7
51,2020-07-17,30.1,75,4.8,6.3,181,973.6
51,2020-07-18,30.2,71,0.2,5.3,224,975.2
51,2020-07-19,30.1,66,0.2,5.9,236,974.7
51,2020-07-20,30.5,66,0.1,4.1,229,974.4
51,2020-07-21,30.0,70,0.5,3.1,209,975.4
51,2020-07-22,29.9,75,6.3,5.3,148,974.9
51,2020-07-23,30.4,74,1.3,4.8,150,975.2
51,2020-07-24,32.1,67,0.5,3.4,174,975.3
51,2020-07-25,32.4,65,2.1,4.6,160,974.5
51,2020-07-26,32.1,64,0.0,5.6,154,974.3
51,2020-07-27,30.8,72,6.2,5.0,151,973.5
51,2020-07-28,28.9,79,3.7,2.4,325,974.9
51,2020-07-29,28.7,74,0.1,5.2,244,975.3
51,2020-07-30,29.7,69,0.3,5.3,260,974.5
51,2020-07-31,30.8,67,2.8,5.9,264,971.9
51,2020-08-01,31.2,68,0.8,5.7,257,969.7
51,2020-08-02,29.3,76,18.7,5.3,235,967.0
51,2020-08-03,27.5,87,17.5,5.6,180,965.5
51,2020-08-04,27.4,87,14.9,6.5,145,968.4
51,2020-08-05,28.2,86,9.8,6.1,158,971.8
51,2020-08-06,28.7,82,7.0,4.1,193,974.0
51,2020-08-07,29.1,82,4.7,4.0,180,973.1
51,2020-08-08,29.5,81,3.3,3.6,156,972.5
51,2020-08-09,30.4,76,0.5,3.8,189,972.5
51,2020-08-10,30.1,72,0.0,6.0,221,973.2
51,2020-08-11,29.8,71,0.6,5.7,221,973.4
51,2020-08-12,29.3,74,3.2,4.2,213,973.7
51,2020-08-13,28.7,81,6.9,5.0,167,973.0
51,2020-08-14,27.9,86,16.7,5.7,171,973.3
51,2020-08-15,26.8,87,10.5,5.8,175,974.6
51,2020-08-16,27.5,83,3.1,3.8,175,974.7
51,2020-08-17,27.8,78,0.1,4.3,217,974.1
51,2020-08-18,26.4,84,6.4,2.8,193,974.4
51,2020-08-19,27.0,84,8.0,2.6,169,974.2
51,2020-08-20,28.3,79,5.4,3.6,224,974.7
51,2020-08-21,26.3,88,20.7,5.1,220,975.3
51,2020-08-22,26.6,90,88.9,2.9,90,974.2
51,2020-08-23,26.9,89,33.4,4.6,155,973.8
51,2020-08-24,26.9,86,9.3,4.9,192,975.6
51,2020-08-25,28.7,74,0.2,4.6,238,976.0
51,2020-08-26,28.5,77,0.0,4.9,250,975.5
51,2020-08-27,29.0,77,4.9,6.0,258,973.6
51,2020-08-28,29.9,74,0.0,5.0,256,972.0
51,2020-08-29,29.9,75,0.0,4.3,237,972.5
51,2020-08-30,29.8,78,0.0,3.7,155,972.9
51,2020-08-31,29.2,80,1.3,3.8,121,974.2
51,2020-09-01,27.3,85,4.4,4.0,10,975.7
51,2020-09-02,28.9,79,0.3,3.0,245,976.2
51,2020-09-03,30.0,78,2.5,3.1,182,975.8
51,2020-09-04,29.6,81,1.6,2.0,124,975.5
51,2020-09-05,29.4,81,0.3,3.4,176,974.5
51,2020-09-06,29.9,78,0.9,4.2,195,973.9
51,2020-09-07,29.4,78,4.4,4.3,213,974.2
51,2020-09-08,28.3,82,11.9,3.7,165,975.2
51,2020-09-09,28.6,82,12.4,3.4,167,975.7
51,2020-09-10,29.3,78,0.0,4.0,188,974.0
51,2020-09-11,29.1,80,0.8,4.8,158,974.7
51,2020-09-12,29.1,83,3.0,4.8,138,976.5
51,2020-09-13,29.3,81,7.6,3.5,125,977.0
51,2020-09-14,28.9,84,9.9,2.6,147,976.1
51,2020-09-15,29.3,82,3.7,3.2,160,975.4
51,2020-09-16,30.3,78,0.6,3.6,186,974.8
51,2020-09-17,30.1,75,0.2,3.6,273,973.1
51,2020-09-18,29.0,85,24.7,4.8,335,970.9
51,2020-09-19,27.5,87,16.0,7.2,54,968.8
51,2020-09-20,26.8,91,24.1,6.2,140,973.3
51,2020-09-21,27.6,85,6.5,6.2,149,976.3
51,2020-09-22,28.8,83,3.5,3.6,168,976.8
51,2020-09-23,29.1,81,7.1,3.5,182,976.2
51,2020-09-24,27.3,88,18.8,3.2,153,977.0
51,2020-09-25,28.0,85,4.3,3.4,180,975.9
51,2020-09-26,28.8,79,1.1,4.5,240,975.6
51,2020-09-27,29.4,75,0.0,4.1,276,974.8
51,2020-09-28,29.1,81,8.2,3.5,115,974.2
51,2020-09-29,27.8,86,8.1,3.0,126,974.0
51,2020-09-30,27.9,85,5.6,3.2,152,973.8
51,2020-10-01,29.0,82,2.2,3.0,175,973.5
51,2020-10-02,28.7,83,5.1,3.1,122,974.2
51,2020-10-03,27.9,86,2.4,3.9,137,975.3
51,2020-10-04,28.1,84,5.5,3.6,139,976.2
51,2020-10-05,27.7,86,12.8,3.0,117,976.0
51,2020-10-06,27.9,86,6.9,2.7,54,977.0
51,2020-10-07,28.4,84,1.5,3.2,23,977.1
51,2020-10-08,27.7,83,1.4,4.8,12,976.3
51,2020-10-09,27.6,79,0.4,5.6,45,977.0
51,2020-10-10,27.1,80,0.0,4.1,32,976.7
51,2020-10-11,27.8,79,0.0,4.2,47,974.9
51,2020-10-12,27.9,78,0.4,3.5,39,974.0
51,2020-10-13,28.0,77,0.0,3.2,324,974.6
51,2020-10-14,28.7,73,0.1,4.0,304,974.2
51,2020-10-15,27.8,79,0.6,4.6,12,973.7
51,2020-10-16,27.0,85,6.3,5.8,28,974.8
51,2020-10-17,26.7,86,13.4,5.8,8,976.1
51,2020-10-18,26.3,83,4.3,4.5,21,976.8
51,2020-10-19,24.5,89,4.4,3.4,34,977.9
51,2020-10-20,24.1,90,0.2,3.6,47,979.4
51,2020-10-21,25.4,85,0.0,3.2,0,979.8
51,2020-10-22,26.6,85,0.1,3.9,36,978.3
51,2020-10-23,26.9,83,0.2,3.6,68,978.2
51,2020-10-24,26.3,85,0.9,3.3,113,978.6
51,2020-10-25,26.7,82,0.1,2.8,113,978.4
51,2020-10-26,27.3,78,0.0,3.8,107,977.2
51,2020-10-27,26.3,86,3.1,3.3,68,977.7
51,2020-10-28,27.5,78,0.0,4.1,347,977.3
51,2020-10-29,26.4,82,4.7,6.9,11,976.3
51,2020-10-30,24.9,92,11.9,3.8,53,978.4
51,2020-10-31,26.3,87,3.3,3.9,50,980.5
51,2020-11-01,27.5,83,0.4,3.3,82,980.5
51,2020-11-02,28.0,82,0.1,2.6,149,980.2
51,2020-11-03,27.4,82,1.5,3.6,107,980.6
51,2020-11-04,26.7,85,7.3,3.2,125,980.1
51,2020-11-05,26.6,84,0.3,2.5,125,980.3
51,2020-11-06,27.4,81,0.4,3.3,14,981.0
51,2020-11-07,26.8,83,4.3,4.2,23,981.7
51,2020-11-08,27.2,81,1.8,3.8,13,982.3
51,2020-11-09,26.7,77,0.5,4.2,39,981.4
51,2020-11-10,24.0,77,0.0,6.9,32,980.9
51,2020-11-11,23.5,76,0.0,6.8,29,982.3
51,2020-11-12,24.4,76,0.0,4.7,33,982.6
51,2020-11-13,27.1,74,0.0,4.2,30,980.9
51,2020-11-14,25.7,76,0.0,5.2,37,979.9
51,2020-11-15,24.4,68,0.0,6.1,19,980.4
51,2020-11-16,25.6,74,0.0,3.6,27,980.4
51,2020-11-17,26.8,79,0.0,2.0,99,979.0
51,2020-11-18,27.0,80,0.0,2.4,69,977.9
51,2020-11-19,27.0,76,0.0,2.2,48,977.5
51,2020-11-20,27.2,73,0.0,1.8,52,977.8
51,2020-11-21,26.7,75,0.0,3.1,11,978.2
51,2020-11-22,26.4,75,0.0,2.7,26,979.9
51,2020-11-23,26.4,76,0.2,3.2,31,980.6
51,2020-11-24,26.4,79,0.1,4.2,40,981.0
51,2020-11-25,26.1,76,0.0,4.3,30,980.8
51,2020-11-26,26.0,75,0.0,3.5,21,981.5
51,2020-11-27,25.7,77,0.0,4.2,65,982.3
51,2020-11-28,25.0,76,0.0,3.9,51,982.6
51,2020-11-29,24.3,79,0.0,4.6,30,982.1
51,2020-11-30,23.2,81,0.0,5.9,30,982.3
51,2020-12-01,23.5,74,0.0,4.7,41,983.1
51,2020-12-02,24.1,75,0.0,3.3,41,981.5
51,2020-12-03,24.1,82,0.6,4.5,129,980.9
51,2020-12-04,24.1,80,0.0,5.4,134,980.8
51,2020-12-05,23.1,76,0.0,4.5,113,982.2
51,2020-12-06,22.3,77,0.0,2.6,87,982.3
51,2020-12-07,22.5,76,0.0,2.6,103,982.1
51,2020-12-08,22.2,77,0.0,2.7,103,982.0
51,2020-12-09,21.6,76,0.0,2.5,109,980.2
51,2020-12-10,21.7,77,0.0,2.5,106,979.6
51,2020-12-11,22.1,75,0.0,2.0,91,979.7
51,2020-12-12,22.2,73,0.0,2.5,84,978.7
51,2020-12-13,23.1,75,0.0,2.5,86,977.3
51,2020-12-14,24.2,78,0.0,2.3,75,978.2
51,2020-12-15,24.4,78,0.0,2.2,77,980.2
51,2020-12-16,24.7,80,0.0,2.9,102,980.9
51,2020-12-17,24.2,83,0.0,3.8,127,979.9
51,2020-12-18,24.2,81,0.0,5.5,130,980.0
51,2020-12-19,23.5,82,0.0,4.5,117,981.1
51,2020-12-20,22.1,77,0.0,6.2,98,982.7
51,2020-12-21,20.6,74,0.0,6.7,42,983.3
51,2020-12-22,19.6,70,0.0,5.0,36,982.2
51,2020-12-23,20.0,69,0.0,3.0,33,980.1
51,2020-12-24,20.9,68,0.0,3.0,46,979.4
51,2020-12-25,22.2,71,0.0,2.5,67,979.5
51,2020-12-26,24.1,76,0.0,3.0,126,979.2
51,2020-12-27,25.0,78,0.0,3.6,109,978.2
51,2020-12-28,25.3,75,0.0,2.7,121,977.2
51,2020-12-29,24.5,66,0.0,2.4,1,977.9
51,2020-12-30,22.8,70,0.0,3.8,64,979.6
51,2020-12-31,22.8,74,0.0,6.4,108,981.9
51,2021-01-01,21.1,75,0.0,5.6,102,983.0
51,2021-01-02,19.4,78,0.0,3.9,112,982.1
51,2021-01-03,20.5,76,0.0,3.3,118,980.9
51,2021-01-04,21.2,75,0.0,3.3,107,981.5
51,2021-01-05,22.3,72,0.0,1.9,107,980.9
51,2021-01-06,23.1,76,0.0,2.8,112,978.8
51,2021-01-07,24.5,80,0.0,3.7,128,977.6
51,2021-01-08,25.2,81,0.0,6.5,138,978.1
51,2021-01-09,24.6,79,0.0,7.1,148,979.1
51,2021-01-10,23.3,75,0.0,6.6,137,979.2
51,2021-01-11,24.3,71,0.0,5.8,131,980.8
51,2021-01-12,19.6,64,0.0,10.6,67,984.8
51,2021-01-13,18.1,71,0.0,4.0,69,982.9
51,2021-01-14,19.5,75,0.0,3.8,94,980.1
51,2021-01-15,20.9,75,0.0,3.2,106,977.5
51,2021-01-16,20.9,72,0.0,4.6,134,977.0
51,2021-01-17,21.9,76,0.0,3.6,111,980.4
51,2021-01-18,22.8,65,0.0,5.3,85,982.7
51,2021-01-19,20.6,75,0.0,4.4,106,980.8
51,2021-01-20,20.9,73,0.0,5.4,139,979.4
51,2021-01-21,21.6,70,0.0,4.0,133,978.5
51,2021-01-22,22.3,70,0.0,2.3,131,977.9
51,2021-01-23,23.2,69,0.0,5.3,157,977.2
51,2021-01-24,22.6,65,0.0,3.5,183,978.3
51,2021-01-25,23.3,66,0.0,2.6,83,978.7
51,2021-01-26,23.8,71,0.0,2.7,105,978.0
51,2021-01-27,24.5,71,0.0,3.0,129,978.2
51,2021-01-28,25.3,72,0.0,2.9,129,979.7
51,2021-01-29,25.2,76,0.0,6.2,139,979.8
51,2021-01-30,24.8,77,0.0,5.8,171,980.2
51,2021-01-31,24.8,78,0.3,4.4,138,980.7
51,2021-02-01,25.2,69,0.0,3.2,113,980.7
51,2021-02-02,24.5,65,0.0,2.9,180,980.4
51,2021-02-03,24.2,64,0.0,2.6,120,980.4
51,2021-02-04,24.8,69,0.0,2.6,122,981.1
51,2021-02-05,24.9,71,0.0,2.7,129,980.2
51,2021-02-06,24.8,70,0.0,3.9,129,978.9
51,2021-02-07,25.4,70,0.9,4.4,158,978.1
51,2021-02-08,22.8,83,9.2,4.6,46,978.4
51,2021-02-09,21.7,77,0.0,5.8,16,979.8
51,2021-02-10,22.1,68,0.0,4.0,37,979.9
51,2021-02-11,22.5,67,0.0,2.4,89,979.3
51,2021-02-12,24.0,64,0.0,2.3,112,979.1
51,2021-02-13,24.3,67,0.0,4.1,129,979.0
51,2021-02-14,24.5,65,0.0,4.4,138,979.0
51,2021-02-15,25.5,62,0.0,3.7,158,977.5
51,2021-02-16,25.3,59,0.0,2.8,99,977.4
51,2021-02-17,25.8,70,1.8,3.9,146,979.4
51,2021-02-18,26.4,69,0.6,4.7,118,982.4
51,2021-02-19,25.1,64,0.0,6.1,83,983.8
51,2021-02-20,24.8,66,0.0,3.6,62,982.0
51,2021-02-21,25.4,67,0.0,2.8,34,980.0
51,2021-02-22,27.1,63,0.0,3.5,335,978.7
51,2021-02-23,27.4,64,0.0,2.4,257,977.4
51,2021-02-24,28.3,60,0.0,5.1,238,975.7
51,2021-02-25,27.5,57,0.0,6.1,247,974.4
51,2021-02-26,26.1,55,0.0,5.1,273,973.2
51,2021-02-27,25.1,56,0.0,4.6,290,973.9
51,2021-02-28,26.5,54,0.0,3.7,252,975.3
51,2021-03-01,26.1,55,0.0,3.1,193,978.3
51,2021-03-02,25.5,51,0.0,3.2,128,978.5
51,2021-03-03,26.9,61,0.0,3.3,135,977.8
51,2021-03-04,27.2,69,0.0,6.2,147,978.6
51,2021-03-05,28.2,55,0.0,5.7,260,978.1
51,2021-03-06,27.2,45,0.0,3.1,303,979.0
51,2021-03-07,27.0,44,0.0,2.6,344,978.5
51,2021-03-08,26.8,47,0.0,2.8,136,979.0
51,2021-03-09,26.3,58,0.0,3.3,133,979.1
51,2021-03-10,26.2,58,0.0,3.5,100,979.2
51,2021-03-11,27.0,64,0.0,2.5,42,979.7
51,2021-03-12,27.7,65,0.0,2.9,339,980.0
51,2021-03-13,28.2,63,0.0,3.3,109,979.1
51,2021-03-14,27.6,67,0.0,5.2,164,977.0
51,2021-03-15,28.9,62,0.0,3.8,189,975.9
51,2021-03-16,28.9,62,0.0,3.4,164,975.5
51,2021-03-17,29.1,60,0.0,3.4,163,975.3
51,2021-03-18,29.8,60,0.0,3.5,193,975.3
51,2021-03-19,30.3,59,0.0,3.9,184,974.5
51,2021-03-20,30.5,58,0.0,4.4,188,973.0
51,2021-03-21,31.0,56,0.0,3.9,184,973.9
51,2021-03-22,29.3,69,4.4,8.2,140,978.5
51,2021-03-23,29.9,68,0.0,5.5,147,979.7
51,2021-03-24,30.2,62,0.0,4.2,164,977.2
51,2021-03-25,30.2,65,0.0,4.1,178,975.9
51,2021-03-26,30.3,63,0.0,5.6,195,975.5
51,2021-03-27,29.8,64,0.0,3.8,235,974.6
51,2021-03-28,30.4,61,0.0,5.2,249,973.9
51,2021-03-29,30.8,55,0.0,5.7,246,973.1
51,2021-03-30,30.1,57,0.0,6.8,231,971.6
51,2021-03-31,30.4,57,0.0,4.9,247,971.0
51,2021-04-01,30.6,53,0.0,4.9,244,971.4
51,2021-04-02,30.0,56,0.0,3.9,188,972.8
51,2021-04-03,29.5,65,9.8,4.0,157,974.1
51,2021-04-04,25.9,88,17.7,3.0,106,977.8
51,2021-04-05,24.4,87,17.8,4.1,31,979.1
51,2021-04-06,23.4,86,5.6,5.6,18,980.5
51,2021-04-07,26.9,71,0.0,2.8,2,979.9
51,2021-04-08,29.5,69,0.0,2.4,98,977.2
51,2021-04-09,29.7,68,0.2,2.7,201,976.8
51,2021-04-10,28.7,75,2.3,5.4,142,978.3
51,2021-04-11,28.2,79,1.2,4.3,141,979.7
51,2021-04-12,28.8,74,0.1,3.2,176,979.7
51,2021-04-13,29.2,69,3.0,3.1,204,978.6
51,2021-04-14,28.8,70,0.7,3.3,196,977.8
51,2021-04-15,28.5,70,0.5,4.1,204,976.5
51,2021-04-16,28.5,75,5.3,3.7,209,976.4
51,2021-04-17,26.4,81,6.4,2.6,246,978.8
51,2021-04-18,27.6,79,3.0,2.9,152,977.9
51,2021-04-19,28.9,72,0.0,4.3,155,975.8
51,2021-04-20,29.8,70,0.3,4.4,153,975.4
51,2021-04-21,30.9,67,0.2,3.8,186,975.9
51,2021-04-22,31.7,62,0.0,4.8,218,975.0
51,2021-04-23,32.0,62,0.0,5.8,232,973.5
51,2021-04-24,32.3,64,0.2,5.2,219,973.5
51,2021-04-25,31.1,68,3.0,4.2,237,975.0
51,2021-04-26,28.7,75,6.4,4.9,193,975.6
51,2021-04-27,28.0,77,6.0,5.2,160,977.3
51,2021-04-28,26.8,83,17.8,4.6,142,979.3
51,2021-04-29,27.3,82,3.8,3.9,148,978.9
51,2021-04-30,27.0,83,10.4,4.2,130,978.3
51,2021-05-01,27.6,81,2.2,3.6,138,978.4
51,2021-05-02,28.3,78,1.5,3.2,152,978.0
51,2021-05-03,29.8,73,0.8,3.7,161,976.0
51,2021-05-04,31.6,63,0.2,2.2,254,975.7
51,2021-05-05,30.4,66,1.3,3.6,151,976.5
51,2021-05-06,28.9,72,12.1,3.7,93,979.5
51,2021-05-07,28.9,71,0.0,3.6,218,979.4
51,2021-05-08,29.1,69,0.2,2.7,214,977.4
51,2021-05-09,29.0,72,0.7,4.4,173,976.4
51,2021-05-10,30.1,69,0.0,5.1,202,975.0
51,2021-05-11,31.2,64,0.0,5.4,220,974.0
51,2021-05-12,31.4,64,0.0,6.0,209,973.4
51,2021-05-13,30.9,67,1.0,5.3,209,973.1
51,2021-05-14,31.2,65,0.0,6.2,217,973.1
51,2021-05-15,31.7,63,0.2,5.8,226,973.7
51,2021-05-16,32.4,62,0.0,4.2,205,974.0
51,2021-05-17,31.7,69,0.3,5.8,166,974.2
51,2021-05-18,31.8,68,0.0,4.1,219,974.5
51,2021-05-19,32.4,63,0.0,5.4,230,973.5
51,2021-05-20,32.6,62,1.0,5.4,205,973.7
51,2021-05-21,32.8,61,0.3,5.2,211,973.5
51,2021-05-22,32.8,62,0.0,5.2,224,972.2
51,2021-05-23,32.2,62,1.1,6.2,218,972.6
51,2021-05-24,32.1,61,0.3,5.4,213,973.7
51,2021-05-25,30.8,66,1.8,4.8,163,974.1
51,2021-05-26,30.8,65,0.9,5.7,199,973.7
51,2021-05-27,31.2,66,10.1,3.5,196,974.1
51,2021-05-28,29.8,79,5.4,6.0,141,975.4
51,2021-05-29,29.4,79,8.6,5.0,142,975.1
51,2021-05-30,30.7,73,1.0,5.7,160,973.9
51,2021-05-31,30.9,68,0.4,6.6,226,973.1
51,2021-06-01,31.8,63,0.0,6.4,234,973.6
51,2021-06-02,32.4,60,0.0,6.9,243,973.6
51,2021-06-03,32.8,58,0.0,6.5,252,974.1
51,2021-06-04,31.8,61,0.0,5.2,247,974.4
51,2021-06-05,29.3,76,16.0,4.4,245,974.2
51,2021-06-06,29.6,72,3.7,5.9,243,973.0
51,2021-06-07,29.7,73,0.4,5.2,223,972.2
51,2021-06-08,29.6,75,10.3,3.6,167,972.2
51,2021-06-09,28.5,81,11.0,5.3,177,972.4
51,2021-06-10,27.8,85,27.2,4.4,168,971.8
51,2021-06-11,29.1,75,3.1,4.9,207,971.6
51,2021-06-12,28.5,77,1.7,3.9,218,973.3
51,2021-06-13,28.2,76,3.4,5.9,220,972.3
51,2021-06-14,25.3,91,45.8,5.9,163,972.9
51,2021-06-15,27.3,85,16.2,6.7,169,972.4
51,2021-06-16,27.7,82,13.4,6.9,174,973.7
51,2021-06-17,28.2,77,24.4,8.3,204,975.5
51,2021-06-18,29.1,71,0.0,6.8,221,977.0
51,2021-06-19,29.4,69,0.1,6.6,232,976.2
51,2021-06-20,29.7,69,0.0,7.3,241,974.6
51,2021-06-21,29.5,72,0.4,6.8,232,973.4
51,2021-06-22,29.7,70,0.0,6.1,226,974.3
51,2021-06-23,29.2,73,0.7,5.7,230,974.9
51,2021-06-24,29.6,70,0.7,6.5,236,973.8
51,2021-06-25,29.6,70,0.2,5.6,235,972.6
51,2021-06-26,29.4,74,0.3,5.8,219,973.9
51,2021-06-27,29.2,74,1.0,6.0,236,975.8
51,2021-06-28,29.3,74,0.2,7.5,230,974.9
51,2021-06-29,29.6,71,0.0,6.7,242,973.5
51,2021-06-30,30.0,68,0.0,7.3,237,973.2
51,2021-07-01,29.1,72,3.3,5.5,224,973.8
51,2021-07-02,29.5,69,0.3,7.2,222,974.8
51,2021-07-03,29.8,67,0.0,6.1,234,974.7
51,2021-07-04,30.4,68,0.2,6.4,254,973.7
51,2021-07-05,31.3,66,0.2,5.1,261,972.6
51,2021-07-06,28.5,81,7.8,3.5,212,971.9
51,2021-07-07,29.4,78,8.9,2.5,140,973.0
51,2021-07-08,29.0,80,11.5,3.6,186,972.6
51,2021-07-09,28.1,85,30.9,4.4,122,972.8
51,2021-07-10,27.8,85,19.1,3.9,89,973.7
51,2021-07-11,27.5,88,7.2,4.9,108,975.1
51,2021-07-12,28.3,84,6.1,4.8,132,976.4
51,2021-07-13,29.5,77,0.0,3.3,219,975.2
51,2021-07-14,30.5,72,0.0,3.5,197,973.9
51,2021-07-15,28.5,83,10.9,4.2,154,974.3
51,2021-07-16,27.9,85,14.5,3.9,137,976.1
51,2021-07-17,29.2,79,1.9,2.8,205,974.4
51,2021-07-18,29.5,74,0.3,6.0,230,971.7
51,2021-07-19,28.6,77,1.6,5.6,193,970.8
51,2021-07-20,27.8,83,11.5,5.6,175,971.6
51,2021-07-21,27.8,83,8.8,6.8,169,971.5
51,2021-07-22,27.2,86,9.8,5.5,164,971.8
51,2021-07-23,28.3,79,3.2,6.0,213,972.4
51,2021-07-24,27.7,84,17.2,3.7,204,971.6
51,2021-07-25,27.8,83,9.1,5.7,227,971.1
51,2021-07-26,27.2,84,15.2,5.5,192,970.9
51,2021-07-27,27.7,81,1.3,5.3,198,970.7
51,2021-07-28,27.2,87,41.6,4.5,196,971.1
51,2021-07-29,29.3,76,0.2,6.0,221,971.7
51,2021-07-30,29.6,73,0.3,7.2,233,972.8
51,2021-07-31,29.6,72,3.3,6.1,222,973.1
51,2021-08-01,28.6,76,11.4,6.0,224,971.9
51,2021-08-02,28.3,78,5.4,5.1,213,972.1
51,2021-08-03,28.3,76,0.5,5.7,216,972.1
51,2021-08-04,28.6,76,2.1,5.8,204,973.0
51,2021-08-05,28.4,81,4.7,5.3,182,972.7
51,2021-08-06,28.6,81,7.2,5.2,178,973.4
51,2021-08-07,29.2,76,1.3,6.6,223,974.8
51,2021-08-08,30.0,72,0.2,6.7,244,974.9
51,2021-08-09,30.5,71,0.0,7.0,249,973.4
51,2021-08-10,30.1,75,0.0,5.2,241,971.8
51,2021-08-11,29.1,80,1.1,4.3,199,973.3
51,2021-08-12,30.0,76,0.2,4.6,188,975.6
51,2021-08-13,29.5,75,0.7,5.5,220,974.0
51,2021-08-14,28.5,81,3.8,4.3,196,972.6
51,2021-08-15,27.6,89,28.0,5.3,157,973.9
51,2021-08-16,27.3,86,14.0,6.1,162,977.9
51,2021-08-17,27.8,85,3.5,4.0,165,978.8
51,2021-08-18,28.7,77,1.5,3.4,250,976.7
51,2021-08-19,28.5,79,2.5,3.8,252,975.7
51,2021-08-20,28.6,80,2.5,2.2,345,976.7
51,2021-08-21,29.7,77,0.1,3.5,205,976.7
51,2021-08-22,30.4,70,0.0,5.4,235,975.0
51,2021-08-23,30.5,70,0.3,5.7,235,973.5
51,2021-08-24,29.5,74,0.9,3.6,207,972.8
51,2021-08-25,28.5,84,27.6,4.5,155,972.3
51,2021-08-26,28.6,84,8.6,4.7,118,973.3
51,2021-08-27,28.3,83,10.3,4.0,105,974.4
51,2021-08-28,27.4,86,11.7,4.0,112,974.4
51,2021-08-29,27.5,85,6.7,3.9,109,975.4
51,2021-08-30,28.2,82,2.2,3.5,102,976.6
51,2021-08-31,28.3,84,3.6,3.4,139,977.0
51,2021-09-01,27.9,87,5.7,3.6,141,976.2
51,2021-09-02,28.2,85,8.2,3.8,148,975.2
51,2021-09-03,28.2,84,5.3,4.7,164,973.8
51,2021-09-04,28.2,82,3.9,4.9,185,973.7
51,2021-09-05,28.5,79,1.2,5.0,191,975.0
51,2021-09-06,28.8,78,1.9,2.5,254,977.2
51,2021-09-07,28.9,80,9.0,3.9,323,977.1
51,2021-09-08,28.4,81,14.2,3.2,285,974.4
51,2021-09-09,26.4,90,34.7,5.6,103,973.4
51,2021-09-10,27.4,84,11.9,3.6,69,975.5
51,2021-09-11,28.0,83,2.0,3.3,214,975.3
51,2021-09-12,28.2,79,0.1,5.2,258,973.5
51,2021-09-13,28.9,77,0.2,5.0,271,973.9
51,2021-09-14,26.8,86,14.6,3.5,308,975.9
51,2021-09-15,27.9,86,8.5,3.3,66,976.4
51,2021-09-16,27.4,88,10.6,3.6,109,976.3
51,2021-09-17,27.5,87,2.7,4.4,136,976.5
51,2021-09-18,28.6,81,0.4,2.7,183,977.2
51,2021-09-19,29.7,75,0.0,3.4,236,976.9
51,2021-09-20,28.3,81,12.1,2.3,87,975.7
51,2021-09-21,27.7,84,5.2,3.0,71,975.2
51,2021-09-22,27.3,86,21.4,4.5,90,974.5
51,2021-09-23,26.6,89,26.6,2.4,66,976.1
51,2021-09-24,27.7,84,10.5,2.2,326,976.4
51,2021-09-25,27.1,88,45.6,3.7,335,974.4
51,2021-09-26,26.3,89,10.5,7.8,86,974.8
51,2021-09-27,26.4,89,7.8,3.2,68,977.3
51,2021-09-28,27.5,84,6.6,3.2,38,978.0
51,2021-09-29,28.7,82,0.4,2.6,234,976.6
51,2021-09-30,29.9,77,0.5,2.0,103,976.2
51,2021-10-01,28.2,85,2.4,2.7,135,976.3
51,2021-10-02,27.4,88,12.5,3.0,148,976.9
51,2021-10-03,28.6,80,2.2,3.0,165,976.3
51,2021-10-04,27.8,85,2.1,3.1,138,976.5
51,2021-10-05,28.8,80,0.3,3.2,356,976.6
51,2021-10-06,28.4,80,31.1,3.8,359,974.4
51,2021-10-07,28.7,81,8.7,3.3,120,973.3
51,2021-10-08,28.8,81,0.3,3.0,139,972.7
51,2021-10-09,29.0,80,0.3,3.1,163,972.8
51,2021-10-10,28.7,80,1.2,3.6,250,971.8
51,2021-10-11,27.4,86,26.9,3.3,321,972.4
51,2021-10-12,26.8,90,13.3,3.9,356,973.3
51,2021-10-13,28.2,85,0.4,3.8,323,972.6
51,2021-10-14,27.7,84,5.1,3.1,103,971.9
51,2021-10-15,26.1,89,10.3,3.3,42,973.3
51,2021-10-16,25.4,92,41.0,5.6,47,976.4
51,2021-10-17,25.9,86,5.4,4.3,6,979.6
51,2021-10-18,26.4,83,3.3,3.0,6,980.0
51,2021-10-19,26.3,90,9.3,2.3,148,981.3
51,2021-10-20,27.9,84,0.3,2.8,141,981.0
51,2021-10-21,27.9,87,1.4,3.1,154,979.1
51,2021-10-22,26.9,88,22.3,3.6,132,979.7
51,2021-10-23,26.1,88,8.9,3.8,126,981.3
51,2021-10-24,26.7,86,2.4,3.3,108,981.7
51,2021-10-25,27.0,80,0.1,3.5,131,980.3
51,2021-10-26,27.6,75,0.0,2.9,123,979.4
51,2021-10-27,27.8,77,0.1,2.4,49,979.5
51,2021-10-28,27.4,84,0.8,3.3,72,979.6
51,2021-10-29,26.8,86,3.9,3.2,68,980.8
51,2021-10-30,25.6,92,25.2,2.4,6,981.5
51,2021-10-31,26.9,86,1.1,2.1,177,980.7
51,2021-11-01,27.2,84,4.0,2.8,134,980.8
51,2021-11-02,27.3,83,5.1,2.4,62,980.8
51,2021-11-03,27.6,83,1.3,2.8,91,980.0
51,2021-11-04,27.4,85,0.1,1.9,66,979.4
51,2021-11-05,27.5,81,0.0,1.5,78,977.9
51,2021-11-06,27.7,79,0.0,2.2,75,975.8
51,2021-11-07,27.8,81,0.0,2.6,85,976.2
51,2021-11-08,27.9,82,1.1,2.8,51,978.1
51,2021-11-09,26.3,89,6.2,3.1,119,980.2
51,2021-11-10,26.9,82,0.1,3.2,116,980.4
51,2021-11-11,26.7,82,0.0,3.4,134,979.5
51,2021-11-12,27.0,81,0.0,3.3,127,980.1
51,2021-11-13,26.6,80,0.0,3.2,108,980.1
51,2021-11-14,25.6,85,0.3,2.9,147,979.8
51,2021-11-15,26.3,84,0.5,2.4,127,978.4
51,2021-11-16,26.6,84,0.3,3.0,132,978.6
51,2021-11-17,27.2,81,0.5,2.8,27,979.4
51,2021-11-18,27.2,80,0.4,3.0,277,978.4
51,2021-11-19,27.8,78,0.0,1.3,234,976.2
51,2021-11-20,28.4,76,0.0,2.3,67,975.9
51,2021-11-21,27.0,79,0.0,2.9,16,977.3
51,2021-11-22,26.4,81,0.0,2.0,44,978.1
51,2021-11-23,25.7,90,9.7,3.7,118,978.8
51,2021-11-24,26.0,89,1.3,4.5,119,980.5
51,2021-11-25,25.6,88,0.6,3.1,66,980.9
51,2021-11-26,26.2,83,0.0,2.7,337,980.5
51,2021-11-27,25.0,84,0.0,4.8,46,981.4
51,2021-11-28,24.1,85,0.0,5.6,356,982.1
51,2021-11-29,24.0,83,0.0,5.3,7,981.1
51,2021-11-30,22.9,84,0.0,5.9,20,981.2
51,2021-12-01,22.7,82,0.0,7.1,32,981.9
51,2021-12-02,22.5,81,0.0,4.9,35,982.8
51,2021-12-03,22.3,81,0.0,4.6,23,984.0
51,2021-12-04,21.1,79,0.0,4.4,51,984.0
51,2021-12-05,20.2,77,0.0,4.7,39,983.8
51,2021-12-06,20.5,74,0.0,3.8,38,983.0
51,2021-12-07,21.5,75,0.0,2.5,44,982.8
51,2021-12-08,22.2,74,0.0,2.9,52,983.3
51,2021-12-09,22.1,79,0.0,4.7,24,984.1
51,2021-12-10,23.8,77,0.0,3.2,15,982.8
51,2021-12-11,23.6,80,0.0,1.4,12,982.4
51,2021-12-12,23.7,81,0.0,3.3,55,982.8
51,2021-12-13,23.1,78,0.0,3.7,57,982.3
51,2021-12-14,23.0,77,0.0,3.1,353,981.1
51,2021-12-15,22.6,76,0.0,1.8,254,979.9
51,2021-12-16,23.1,74,0.0,2.8,344,980.0
51,2021-12-17,22.7,74,0.0,4.5,14,980.9
51,2021-12-18,22.1,77,0.0,4.2,46,981.5
51,2021-12-19,21.8,79,0.0,4.0,44,982.2
51,2021-12-20,21.0,75,0.0,3.7,14,982.0
51,2021-12-21,21.2,75,0.0,2.0,29,981.0
51,2021-12-22,21.6,77,0.0,1.9,91,980.2
51,2021-12-23,21.5,79,0.0,4.2,137,979.1
51,2021-12-24,22.2,79,0.0,3.1,112,979.2
51,2021-12-25,23.0,82,0.3,3.5,126,980.3
51,2021-12-26,23.0,86,0.3,2.4,129,982.4
51,2021-12-27,23.5,85,1.1,2.1,267,983.5
51,2021-12-28,23.4,83,1.2,2.8,358,983.2
51,2021-12-29,23.8,77,0.0,3.6,33,983.3
51,2021-12-30,23.8,80,0.3,4.1,15,984.4
51,2021-12-31,24.5,76,0.0,2.2,76,984.1
51,2022-01-01,23.7,78,0.0,3.1,95,983.6
51,2022-01-02,23.1,77,0.0,3.1,90,983.2
51,2022-01-03,22.4,78,0.0,2.2,71,981.9
51,2022-01-04,22.8,77,0.0,1.6,90,981.4
51,2022-01-05,23.4,75,0.0,1.9,62,980.7
51,2022-01-06,23.7,73,0.0,1.6,34,980.5
51,2022-01-07,23.1,78,0.0,2.9,104,981.5
51,2022-01-08,24.1,76,0.0,1.7,119,981.2
51,2022-01-09,24.5,71,0.0,1.4,127,979.7
51,2022-01-10,24.3,71,0.0,2.3,142,979.8
51,2022-01-11,23.4,77,0.0,1.9,57,980.5
51,2022-01-12,23.8,77,0.0,3.6,134,980.9
51,2022-01-13,25.3,74,0.0,2.1,133,981.1
51,2022-01-14,25.4,74,0.0,2.3,155,980.9
51,2022-01-15,25.6,71,0.0,2.8,204,980.4
51,2022-01-16,24.0,81,0.0,3.7,337,980.9
51,2022-01-17,23.8,85,0.9,4.8,8,981.8
51,2022-01-18,23.3,84,4.4,3.3,36,981.4
51,2022-01-19,22.4,88,8.7,3.9,356,980.3
51,2022-01-20,22.2,87,1.6,3.7,90,978.5
51,2022-01-21,23.3,84,3.5,4.4,135,977.4
51,2022-01-22,23.4,77,0.1,4.2,156,976.1
51,2022-01-23,22.6,69,0.0,2.1,117,977.3
51,2022-01-24,22.5,64,0.0,2.5,20,977.8
51,2022-01-25,23.1,68,0.0,2.6,37,978.1
51,2022-01-26,23.3,70,0.0,2.4,129,978.2
51,2022-01-27,23.8,63,0.0,2.8,242,978.3
51,2022-01-28,24.1,59,0.0,2.8,233,978.0
51,2022-01-29,23.4,65,0.0,6.8,242,976.7
51,2022-01-30,22.5,63,0.0,6.2,209,975.5
51,2022-01-31,21.2,63,0.0,4.4,181,976.0
51,2022-02-01,21.8,60,0.0,5.7,195,976.5
51,2022-02-02,22.6,52,0.0,5.5,225,978.2
51,2022-02-03,23.2,52,0.0,2.6,4,978.9
51,2022-02-04,23.7,68,0.4,3.3,102,978.9
51,2022-02-05,22.5,91,2.8,4.8,128,980.4
51,2022-02-06,24.2,82,0.2,6.7,167,979.8
51,2022-02-07,24.3,69,0.0,5.8,225,978.7
51,2022-02-08,23.7,59,0.0,2.8,191,978.4
51,2022-02-09,24.5,56,0.0,2.8,248,978.7
51,2022-02-10,24.3,54,0.0,2.7,343,978.2
51,2022-02-11,25.0,58,0.0,2.1,19,977.2
51,2022-02-12,25.6,60,0.0,4.9,229,975.6
51,2022-02-13,24.4,55,0.0,4.1,338,975.3
51,2022-02-14,24.8,59,0.0,2.9,58,976.4
51,2022-02-15,24.6,80,0.8,5.7,129,977.1
51,2022-02-16,26.0,77,0.0,4.3,135,975.8
51,2022-02-17,26.2,78,0.1,5.2,142,974.8
51,2022-02-18,26.8,83,6.3,5.2,148,975.4
51,2022-02-19,26.2,84,2.9,3.6,194,976.1
51,2022-02-20,27.3,64,0.1,6.4,219,974.1
51,2022-02-21,25.5,67,0.0,8.6,141,977.1
51,2022-02-22,26.2,67,0.0,9.4,146,980.1
51,2022-02-23,25.5,68,0.0,4.7,119,982.1
51,2022-02-24,25.2,67,0.0,4.1,97,983.4
51,2022-02-25,24.8,68,0.0,3.8,101,982.8
51,2022-02-26,26.0,64,0.0,2.5,92,982.4
51,2022-02-27,26.4,62,0.0,2.7,129,980.6
51,2022-02-28,27.7,57,0.0,3.1,110,979.7
51,2022-03-01,28.7,55,0.0,3.2,30,979.1
51,2022-03-02,28.2,60,0.0,3.5,118,978.5
51,2022-03-03,29.2,62,0.0,3.6,169,978.2
51,2022-03-04,30.0,55,0.0,3.0,196,977.0
51,2022-03-05,30.3,55,0.0,3.6,212,975.5
51,2022-03-06,29.8,57,0.0,3.9,149,975.6
51,2022-03-07,29.5,68,4.1,5.0,114,977.7
51,2022-03-08,28.2,71,11.9,3.9,109,979.3
51,2022-03-09,29.7,65,0.0,2.5,144,977.1
51,2022-03-10,30.1,67,0.0,4.0,163,975.7
51,2022-03-11,31.1,63,0.0,3.4,192,974.8
51,2022-03-12,31.6,61,0.0,3.3,168,974.3
51,2022-03-13,31.5,63,0.0,3.3,177,974.5
51,2022-03-14,31.7,59,0.0,3.4,162,975.0
51,2022-03-15,30.7,62,1.3,3.8,214,973.8
51,2022-03-16,30.7,60,0.0,4.3,251,973.7
51,2022-03-17,30.6,56,0.1,3.3,112,974.1
51,2022-03-18,29.2,64,0.0,4.6,301,975.2
51,2022-03-19,29.2,65,0.0,4.4,162,974.0
51,2022-03-20,29.0,70,0.0,5.2,165,974.0
51,2022-03-21,28.1,77,18.3,5.2,149,975.6
51,2022-03-22,28.3,80,5.4,4.8,156,976.6
51,2022-03-23,28.4,77,2.0,4.9,185,976.5
51,2022-03-24,29.3,65,0.0,7.5,229,975.3
51,2022-03-25,29.6,62,0.0,5.0,243,975.8
51,2022-03-26,30.5,57,0.0,3.8,218,977.1
51,2022-03-27,29.8,58,0.0,4.2,235,976.8
51,2022-03-28,30.1,58,0.0,3.8,146,976.3
51,2022-03-29,28.9,72,0.7,6.6,136,976.5
51,2022-03-30,29.3,69,0.2,5.7,119,976.7
51,2022-03-31,29.8,66,0.0,4.9,118,977.1
51,2022-04-01,29.1,70,6.2,6.4,128,977.9
51,2022-04-02,24.7,81,7.7,9.1,36,982.5
51,2022-04-03,24.2,61,0.0,6.4,7,983.6
51,2022-04-04,26.8,65,0.0,4.5,95,982.4
51,2022-04-05,28.4,65,0.0,3.4,128,981.5
51,2022-04-06,29.1,66,0.4,3.6,19,980.0
51,2022-04-07,27.1,76,0.1,6.4,19,980.7
51,2022-04-08,26.9,77,0.1,2.8,64,979.5
51,2022-04-09,28.5,71,0.1,3.4,225,976.9
51,2022-04-10,29.7,65,0.0,3.3,187,975.9
51,2022-04-11,30.2,62,0.0,4.1,225,974.6
51,2022-04-12,30.3,60,0.0,5.6,246,973.8
51,2022-04-13,30.7,62,0.0,3.8,234,972.9
51,2022-04-14,31.0,61,0.0,5.2,224,972.8
51,2022-04-15,31.4,61,0.0,4.8,217,973.0
51,2022-04-16,31.5,60,0.0,4.9,198,973.0
51,2022-04-17,31.4,58,0.0,4.7,186,974.2
51,2022-04-18,29.7,70,5.8,6.9,116,977.1
51,2022-04-19,27.5,80,11.9,3.3,77,979.6
51,2022-04-20,26.6,83,5.1,3.0,146,978.2
51,2022-04-21,27.2,79,7.6,2.7,118,976.8
51,2022-04-22,29.5,70,0.0,3.2,179,976.2
51,2022-04-23,30.6,66,0.0,4.1,167,975.3
51,2022-04-24,31.6,64,0.0,3.2,206,973.9
51,2022-04-25,32.3,62,0.0,3.9,240,973.5
51,2022-04-26,32.2,61,0.0,5.1,252,973.7
51,2022-04-27,32.6,60,0.0,4.3,300,974.0
51,2022-04-28,32.4,62,1.0,1.9,292,974.2
51,2022-04-29,30.4,67,0.1,4.3,231,975.6
51,2022-04-30,30.7,68,0.7,3.3,98,974.7
51,2022-05-01,29.1,72,2.1,3.6,328,974.1
51,2022-05-02,27.3,78,2.5,6.3,97,976.2
51,2022-05-03,27.3,76,1.6,5.8,74,979.0
51,2022-05-04,28.2,70,0.0,5.2,130,978.2
51,2022-05-05,29.0,68,0.0,4.5,122,976.0
51,2022-05-06,28.4,78,8.8,4.9,108,975.4
51,2022-05-07,27.8,81,9.3,3.2,107,976.3
51,2022-05-08,27.0,86,20.1,2.8,105,976.3
51,2022-05-09,28.2,81,4.1,3.6,147,976.1
51,2022-05-10,28.1,83,5.1,3.0,187,975.7
51,2022-05-11,28.7,81,4.7,4.2,170,974.9
51,2022-05-12,28.9,80,3.1,4.6,220,973.8
51,2022-05-13,30.3,69,0.0,6.3,218,973.0
51,2022-05-14,31.1,66,0.0,5.5,209,973.8
51,2022-05-15,31.5,65,1.4,5.5,219,974.8
51,2022-05-16,31.1,65,1.7,5.0,210,974.3
51,2022-05-17,28.7,79,16.8,5.5,123,975.8
51,2022-05-18,27.8,83,8.9,5.0,132,976.9
51,2022-05-19,28.0,83,10.3,3.8,138,976.3
51,2022-05-20,26.8,89,38.8,4.9,74,972.9
51,2022-05-21,26.2,91,33.6,5.7,123,967.9
51,2022-05-22,28.6,80,10.2,5.9,230,967.6
51,2022-05-23,29.8,70,0.3,7.9,222,969.7
51,2022-05-24,28.3,78,8.6,5.5,171,973.3
51,2022-05-25,29.6,71,2.8,6.6,207,974.5
51,2022-05-26,29.8,69,0.1,6.9,235,972.6
51,2022-05-27,29.2,71,0.1,7.2,233,970.8
51,2022-05-28,29.3,72,0.2,5.9,234,970.2
51,2022-05-29,29.5,71,1.4,5.9,221,970.9
51,2022-05-30,30.4,70,0.1,4.4,218,971.2
51,2022-05-31,29.3,74,1.9,4.9,204,971.5
51,2022-06-01,29.6,73,1.5,5.2,197,972.9
51,2022-06-02,30.5,67,0.0,5.8,227,973.2
51,2022-06-03,30.4,66,0.1,6.5,216,973.2
51,2022-06-04,30.0,66,0.2,6.5,210,974.0
51,2022-06-05,30.0,65,1.1,6.9,214,973.7
51,2022-06-06,30.5,62,1.1,6.9,225,972.9
51,2022-06-07,29.1,71,4.8,6.9,187,973.1
51,2022-06-08,28.6,77,6.8,8.2,171,973.6
51,2022-06-09,29.0,73,1.4,6.6,180,973.7
51,2022-06-10,29.7,67,0.3,8.1,211,973.7
51,2022-06-11,30.1,65,0.3,7.8,201,974.2
51,2022-06-12,30.2,66,1.9,5.7,210,975.0
51,2022-06-13,30.6,62,0.3,7.0,235,974.6
51,2022-06-14,31.0,62,0.1,5.3,224,974.1
51,2022-06-15,30.3,63,0.5,5.0,225,975.3
51,2022-06-16,30.0,67,1.8,4.7,197,976.3
51,2022-06-17,30.4,62,0.9,6.2,239,976.0
51,2022-06-18,30.0,66,1.8,5.9,242,975.7
51,2022-06-19,30.5,62,0.1,8.0,250,974.3
51,2022-06-20,30.1,63,0.5,8.2,246,972.3
51,2022-06-21,31.1,60,0.0,8.9,239,971.7
51,2022-06-22,31.8,56,0.0,7.3,236,973.9
51,2022-06-23,31.7,57,0.8,6.0,241,975.0
51,2022-06-24,30.9,60,0.0,3.5,213,974.3
51,2022-06-25,31.2,63,3.6,5.4,163,973.0
51,2022-06-26,29.4,77,10.6,5.5,146,974.6
51,2022-06-27,29.5,75,1.3,4.9,190,975.4
51,2022-06-28,29.9,69,0.7,6.1,227,973.9
51,2022-06-29,30.1,67,0.1,6.5,228,971.4
51,2022-06-30,28.9,76,11.8,4.6,233,970.4
51,2022-07-01,27.9,81,27.2,4.4,231,969.7
51,2022-07-02,28.0,82,17.9,4.1,223,969.5
51,2022-07-03,29.7,71,1.5,6.4,222,970.4
51,2022-07-04,30.2,73,4.0,5.7,195,970.4
51,2022-07-05,29.7,74,1.1,5.9,197,971.4
51,2022-07-06,29.8,75,0.6,3.9,244,973.3
51,2022-07-07,27.7,86,10.6,4.5,223,973.5
51,2022-07-08,28.2,82,4.5,4.3,220,972.6
51,2022-07-09,29.1,77,0.8,4.7,202,971.4
51,2022-07-10,28.3,80,3.9,3.5,240,972.3
51,2022-07-11,28.1,81,5.1,3.7,241,972.9
51,2022-07-12,29.2,77,0.8,4.3,224,971.6
51,2022-07-13,28.0,81,1.5,3.4,213,971.1
51,2022-07-14,27.7,86,17.2,2.9,146,970.9
51,2022-07-15,28.5,84,7.5,2.5,184,972.1
51,2022-07-16,29.8,79,0.3,3.9,160,973.1
51,2022-07-17,30.5,74,0.3,5.5,229,974.2
51,2022-07-18,31.0,69,0.0,6.4,254,973.1
51,2022-07-19,30.7,70,1.4,5.3,228,971.7
51,2022-07-20,28.7,81,11.7,2.6,245,972.5
51,2022-07-21,27.9,87,12.9,2.8,107,973.5
51,2022-07-22,27.1,88,21.3,3.1,144,975.6
51,2022-07-23,27.6,87,16.4,2.6,140,976.2
51,2022-07-24,28.1,83,14.1,2.7,239,975.9
51,2022-07-25,29.1,79,0.4,2.4,228,976.1
51,2022-07-26,29.9,74,0.0,2.5,195,975.6
51,2022-07-27,30.6,73,0.2,3.1,180,974.6
51,2022-07-28,31.0,74,0.4,3.5,123,974.5
51,2022-07-29,30.3,77,1.1,3.6,153,973.9
51,2022-07-30,30.2,73,0.1,4.1,242,973.0
51,2022-07-31,27.9,80,1.9,3.0,216,972.6
51,2022-08-01,29.2,77,0.3,3.3,191,971.7
51,2022-08-02,28.4,83,14.3,5.2,147,972.7
51,2022-08-03,29.0,83,10.9,4.5,136,974.7
51,2022-08-04,29.2,78,3.6,5.0,198,974.3
51,2022-08-05,28.5,79,5.4,4.4,221,973.1
51,2022-08-06,28.2,84,18.0,4.8,176,971.9
51,2022-08-07,28.2,83,37.4,4.7,158,971.8
51,2022-08-08,27.0,89,14.2,5.6,154,973.0
51,2022-08-09,27.3,85,7.0,3.6,223,972.9
51,2022-08-10,28.3,78,1.0,4.4,251,971.6
51,2022-08-11,28.3,79,4.9,5.6,238,970.8
51,2022-08-12,26.3,90,23.8,7.0,171,971.6
51,2022-08-13,27.8,82,4.2,5.4,158,974.8
51,2022-08-14,29.0,80,0.4,2.6,209,975.9
51,2022-08-15,28.3,83,6.4,4.9,250,974.3
51,2022-08-16,27.6,86,24.0,3.3,187,971.9
51,2022-08-17,27.8,85,6.1,5.6,131,972.4
51,2022-08-18,28.3,81,1.0,5.0,179,973.5
51,2022-08-19,29.2,77,1.6,5.0,231,973.8
51,2022-08-20,29.1,77,0.4,6.1,255,972.4
51,2022-08-21,27.6,84,11.6,4.0,225,970.6
51,2022-08-22,28.1,84,10.3,6.3,155,972.1
51,2022-08-23,29.7,73,0.6,4.0,213,974.6
51,2022-08-24,29.6,75,0.0,4.3,260,973.7
51,2022-08-25,26.7,87,19.5,3.7,212,971.6
51,2022-08-26,27.5,87,9.4,5.7,175,971.2
51,2022-08-27,27.5,85,4.0,6.7,149,975.0
51,2022-08-28,28.6,83,4.0,3.9,111,975.9
51,2022-08-29,29.0,82,1.6,3.0,145,976.3
51,2022-08-30,29.2,80,0.4,3.4,124,976.8
51,2022-08-31,30.0,75,0.0,3.9,239,975.3
51,2022-09-01,28.6,79,8.2,2.3,310,976.3
51,2022-09-02,29.4,81,3.1,2.5,171,975.8
51,2022-09-03,30.1,77,0.0,3.6,167,974.1
51,2022-09-04,30.3,74,0.8,3.9,186,974.2
51,2022-09-05,28.0,84,5.0,3.1,202,975.3
51,2022-09-06,28.7,82,20.3,3.6,64,975.7
51,2022-09-07,27.8,86,33.2,2.7,340,977.1
51,2022-09-08,27.2,85,22.5,3.3,3,977.0
51,2022-09-09,26.7,89,42.8,2.9,77,977.7
51,2022-09-10,26.3,91,25.4,2.9,45,977.5
51,2022-09-11,26.0,93,18.0,3.8,127,977.0
51,2022-09-12,26.7,87,2.5,1.8,196,976.7
51,2022-09-13,26.9,86,7.7,2.3,119,977.2
51,2022-09-14,27.5,87,8.4,2.4,186,977.0
51,2022-09-15,28.7,80,0.9,3.1,207,975.1
51,2022-09-16,28.7,78,0.3,5.1,209,972.9
51,2022-09-17,28.2,82,0.8,4.2,175,973.4
51,2022-09-18,27.7,85,8.7,3.6,143,974.8
51,2022-09-19,28.3,82,5.5,3.9,231,975.8
51,2022-09-20,27.8,80,1.1,5.2,257,975.3
51,2022-09-21,27.6,82,11.0,3.1,297,975.2
51,2022-09-22,27.7,84,4.7,2.8,40,975.1
51,2022-09-23,27.0,86,21.2,3.1,86,975.6
51,2022-09-24,27.1,86,9.5,3.3,2,975.4
51,2022-09-25,26.8,86,34.4,2.5,13,975.6
51,2022-09-26,26.3,89,25.1,4.0,94,975.9
51,2022-09-27,27.7,83,0.8,3.4,123,975.0
51,2022-09-28,28.6,79,0.9,3.7,323,972.3
51,2022-09-29,29.0,80,2.0,5.7,345,970.7
51,2022-09-30,27.7,88,16.7,3.1,51,972.0
51,2022-10-01,26.5,91,34.7,4.4,111,973.2
51,2022-10-02,26.6,92,21.2,3.8,132,975.2
51,2022-10-03,26.8,88,9.9,2.3,39,976.9
51,2022-10-04,27.3,83,7.9,4.2,73,978.7
51,2022-10-05,27.2,82,2.8,2.5,313,979.4
51,2022-10-06,27.6,81,2.7,2.9,38,979.1
51,2022-10-07,27.8,83,15.8,3.2,91,978.8
51,2022-10-08,27.1,85,12.3,3.0,132,979.4
51,2022-10-09,27.3,85,5.9,2.7,47,980.1
51,2022-10-10,26.1,90,18.0,4.6,35,981.3
51,2022-10-11,26.9,84,1.9,3.1,71,981.1
51,2022-10-12,26.7,87,0.5,2.3,153,979.8
51,2022-10-13,27.6,82,2.7,2.4,155,978.6
51,2022-10-14,27.0,88,19.5,2.9,50,977.2
51,2022-10-15,26.9,80,0.3,4.9,59,976.9
51,2022-10-16,25.9,80,3.4,3.9,21,979.7
51,2022-10-17,27.2,74,0.0,4.3,12,979.6
51,2022-10-18,26.4,74,0.0,4.7,48,978.9
51,2022-10-19,25.5,74,0.0,5.0,31,978.6
51,2022-10-20,25.5,70,0.0,3.7,30,979.1
51,2022-10-21,26.4,78,0.2,3.9,46,980.7
51,2022-10-22,26.6,82,2.2,4.6,30,981.4
51,2022-10-23,26.9,80,0.1,3.9,47,980.8
51,2022-10-24,27.3,76,0.0,4.1,116,979.3
51,2022-10-25,27.6,76,0.0,2.4,101,979.5
51,2022-10-26,28.2,74,0.1,2.5,69,979.2
51,2022-10-27,26.7,87,6.8,3.0,69,978.7
51,2022-10-28,27.1,85,9.0,3.0,59,978.3
51,2022-10-29,27.1,77,0.0,4.3,68,978.8
51,2022-10-30,26.4,77,0.1,2.6,6,978.7
51,2022-10-31,26.7,77,0.1,3.7,354,979.0
51,2022-11-01,26.8,75,0.0,4.8,10,979.2
51,2022-11-02,25.7,75,0.0,1.4,49,977.9
51,2022-11-03,24.9,79,0.0,2.7,142,977.8
51,2022-11-04,25.1,78,0.1,2.9,97,980.3
51,2022-11-05,24.7,78,0.0,3.7,9,982.3
51,2022-11-06,24.8,76,0.0,2.6,350,982.0
51,2022-11-07,24.7,78,0.0,2.2,319,981.1
51,2022-11-08,24.7,76,0.0,2.6,313,980.9
51,2022-11-09,24.5,75,0.0,2.7,322,981.0
51,2022-11-10,24.6,76,0.0,2.8,336,981.0
51,2022-11-11,24.6,75,0.0,2.8,343,980.7
51,2022-11-12,24.6,74,0.0,2.5,345,979.7
51,2022-11-13,25.3,75,0.0,3.2,348,979.0
51,2022-11-14,26.6,77,0.1,3.0,51,979.5
51,2022-11-15,27.3,82,6.1,2.2,77,978.6
51,2022-11-16,26.9,81,2.0,2.0,70,977.7
51,2022-11-17,27.2,82,1.5,3.0,42,977.2
51,2022-11-18,26.6,84,2.2,1.9,328,978.7
51,2022-11-19,26.9,85,6.8,2.8,9,978.6
51,2022-11-20,26.8,85,2.4,3.3,340,977.4
51,2022-11-21,26.8,85,0.2,2.7,350,976.1
51,2022-11-22,27.8,77,0.0,3.1,354,976.0
51,2022-11-23,25.9,80,0.0,3.6,353,976.7
51,2022-11-24,24.8,90,6.3,3.5,7,977.7
51,2022-11-25,26.4,86,8.0,2.8,65,979.0
51,2022-11-26,26.6,87,8.0,2.4,159,978.2
51,2022-11-27,26.9,86,0.4,3.1,157,976.7
51,2022-11-28,27.1,85,0.4,2.4,127,977.5
51,2022-11-29,27.3,83,0.1,2.7,11,978.4
51,2022-11-30,27.2,83,0.2,2.3,171,978.8
51,2022-12-01,25.4,90,6.1,2.2,78,979.0
51,2022-12-02,25.6,88,8.7,2.2,2,979.1
51,2022-12-03,26.2,86,0.9,2.9,110,978.9
51,2022-12-04,26.5,82,0.0,2.3,18,979.2
51,2022-12-05,26.2,81,0.2,3.6,60,979.9
51,2022-12-06,25.5,87,1.0,3.3,138,978.8
51,2022-12-07,25.5,89,0.3,3.9,142,978.7
51,2022-12-08,26.0,83,0.4,3.3,142,979.1
51,2022-12-09,26.5,82,0.2,1.5,152,978.3
51,2022-12-10,26.3,81,0.0,2.3,110,977.7
51,2022-12-11,25.3,83,0.2,3.3,132,978.1
51,2022-12-12,24.5,86,0.0,5.0,131,978.5
51,2022-12-13,23.8,87,0.1,6.3,143,979.8
51,2022-12-14,22.8,86,0.0,4.0,102,981.1
51,2022-12-15,22.1,81,0.0,2.7,123,979.3
51,2022-12-16,21.7,82,0.0,2.3,121,978.4
51,2022-12-17,22.8,82,0.2,5.4,82,980.5
51,2022-12-18,22.6,74,0.5,7.5,51,982.9
51,2022-12-19,20.1,75,0.0,4.3,53,981.6
51,2022-12-20,20.8,78,0.0,2.1,99,979.2
51,2022-12-21,22.3,78,0.0,2.4,135,978.8
51,2022-12-22,22.8,80,0.0,3.5,156,977.9
51,2022-12-23,23.3,82,0.0,4.2,134,977.9
51,2022-12-24,23.4,83,0.0,5.3,137,979.9
51,2022-12-25,22.2,83,0.0,5.1,147,981.8
51,2022-12-26,22.1,82,0.0,2.6,141,982.9
51,2022-12-27,22.1,82,0.0,4.5,134,981.9
51,2022-12-28,22.2,78,0.0,3.6,153,982.1
51,2022-12-29,22.2,80,0.0,3.8,136,982.9
51,2022-12-30,22.1,83,0.7,4.7,139,983.7
51,2022-12-31,22.1,82,0.1,4.2,148,983.6
51,2023-01-01,21.6,81,0.0,2.3,103,983.7
51,2023-01-02,21.1,78,0.0,3.5,33,984.3
51,2023-01-03,20.8,80,0.0,4.6,359,984.4
51,2023-01-04,23.0,78,0.0,3.7,318,983.7
51,2023-01-05,23.1,80,0.0,3.7,16,983.2
51,2023-01-06,21.9,78,0.0,5.8,42,984.0
51,2023-01-07,21.2,68,0.0,6.3,7,983.3
51,2023-01-08,19.9,73,0.0,4.8,6,982.0
51,2023-01-09,21.3,74,0.0,4.1,348,982.2
51,2023-01-10,23.3,73,0.0,3.9,347,980.5
51,2023-01-11,23.8,75,0.0,2.6,86,978.3
51,2023-01-12,23.8,78,0.0,3.6,156,977.5
51,2023-01-13,23.1,70,0.0,3.2,197,978.3
51,2023-01-14,21.2,70,0.0,2.5,199,976.8
51,2023-01-15,21.0,68,0.0,2.7,298,976.8
51,2023-01-16,20.8,69,0.0,2.2,67,978.2
51,2023-01-17,21.0,77,0.0,4.7,136,979.6
51,2023-01-18,23.4,79,0.1,4.7,149,981.6
51,2023-01-19,22.5,78,0.0,4.3,134,981.3
51,2023-01-20,22.7,75,0.0,2.6,132,981.2
51,2023-01-21,22.0,76,0.0,2.4,139,980.1
51,2023-01-22,22.4,72,0.0,2.0,135,978.8
51,2023-01-23,22.3,72,0.0,2.0,111,977.9
51,2023-01-24,21.9,74,0.0,4.6,96,979.8
51,2023-01-25,22.0,74,0.0,4.1,121,980.1
51,2023-01-26,22.0,75,0.0,3.7,132,978.9
51,2023-01-27,22.0,77,0.0,4.7,117,979.1
51,2023-01-28,22.3,73,0.0,5.7,108,980.1
51,2023-01-29,21.4,74,0.0,5.6,90,981.7
51,2023-01-30,21.4,72,0.0,4.2,68,982.6
51,2023-01-31,21.2,72,0.0,3.2,137,978.9
51,2023-02-01,22.8,70,0.0,3.7,135,977.3
51,2023-02-02,23.9,73,0.0,3.1,124,977.7
51,2023-02-03,24.5,71,0.0,4.3,134,977.7
51,2023-02-04,26.2,73,0.0,5.2,148,976.7
51,2023-02-05,26.9,74,0.0,5.6,174,976.2
51,2023-02-06,26.6,66,0.0,5.3,233,976.3
51,2023-02-07,25.0,58,0.0,5.6,233,976.3
51,2023-02-08,24.3,57,0.0,3.3,262,976.8
51,2023-02-09,24.2,57,0.0,2.7,290,977.0
51,2023-02-10,24.8,54,0.0,3.2,263,977.3
51,2023-02-11,24.7,54,0.0,3.0,256,977.0
51,2023-02-12,24.4,56,0.0,2.6,226,977.2
51,2023-02-13,24.4,59,0.0,2.7,173,977.1
51,2023-02-14,23.7,62,0.0,2.7,133,977.4
51,2023-02-15,23.9,71,0.6,5.3,142,978.3
51,2023-02-16,25.2,83,6.8,4.7,99,981.5
51,2023-02-17,22.2,86,2.5,4.8,347,983.1
51,2023-02-18,23.7,70,0.4,2.9,252,980.9
51,2023-02-19,24.8,67,0.0,2.2,359,979.7
51,2023-02-20,24.0,75,0.7,5.4,141,979.0
51,2023-02-21,26.0,69,0.2,5.4,157,980.1
51,2023-02-22,26.5,66,0.0,5.2,149,980.0
51,2023-02-23,26.3,66,0.0,3.4,179,979.1
51,2023-02-24,26.9,63,0.0,2.1,313,979.3
51,2023-02-25,25.2,73,0.0,5.6,116,982.3
51,2023-02-26,25.6,61,0.0,7.4,104,985.8
51,2023-02-27,23.4,67,0.0,4.2,109,985.3
51,2023-02-28,23.2,64,0.0,2.1,91,983.7
51,2023-03-01,25.0,63,0.0,1.9,336,982.6
51,2023-03-02,24.8,69,0.0,1.8,135,981.9
51,2023-03-03,25.1,68,0.0,5.5,143,982.5
51,2023-03-04,25.2,70,0.0,5.5,138,983.5
51,2023-03-05,25.3,70,0.0,3.9,137,983.2
51,2023-03-06,25.9,69,0.0,4.4,150,981.6
51,2023-03-07,26.4,66,0.0,4.6,148,980.8
51,2023-03-08,27.3,64,0.0,3.3,157,980.5
51,2023-03-09,27.0,67,0.0,4.3,150,979.1
51,2023-03-10,27.9,66,0.0,4.7,161,978.5
51,2023-03-11,27.8,70,0.0,3.0,138,978.5
51,2023-03-12,27.7,71,0.0,3.7,138,978.6
51,2023-03-13,23.5,82,7.3,5.3,124,981.8
51,2023-03-14,25.4,74,0.0,3.3,126,979.2
51,2023-03-15,27.3,66,0.0,2.9,210,977.8
51,2023-03-16,27.3,69,0.0,3.3,227,979.2
51,2023-03-17,27.4,71,0.2,3.6,263,979.1
51,2023-03-18,28.5,65,0.0,3.8,239,977.5
51,2023-03-19,27.8,68,0.0,4.3,215,976.5
51,2023-03-20,27.8,70,0.5,5.1,272,976.1
51,2023-03-21,28.5,67,0.0,5.9,271,975.5
51,2023-03-22,28.9,63,0.0,7.7,247,974.1
51,2023-03-23,29.1,56,0.2,7.4,243,973.8
51,2023-03-24,29.2,56,0.0,6.5,249,974.8
51,2023-03-25,28.6,58,0.1,5.6,251,975.2
51,2023-03-26,28.9,61,0.0,5.7,241,974.5
51,2023-03-27,29.3,59,0.0,4.9,234,974.7
51,2023-03-28,29.1,53,0.0,6.6,214,975.6
51,2023-03-29,29.3,53,0.0,7.9,233,976.6
51,2023-03-30,29.1,58,0.0,5.5,234,975.0
51,2023-03-31,29.1,59,0.0,4.8,239,974.9
51,2023-04-01,29.8,58,0.0,5.7,230,974.3
51,2023-04-02,30.8,53,0.0,8.9,234,974.0
51,2023-04-03,30.2,51,0.0,8.5,241,974.0
51,2023-04-04,30.1,53,0.0,7.0,249,973.8
51,2023-04-05,29.6,51,0.0,4.4,248,974.1
51,2023-04-06,29.8,55,0.0,3.5,233,975.0
51,2023-04-07,30.8,56,0.0,4.5,204,975.9
51,2023-04-08,31.0,58,0.0,4.4,168,977.8
51,2023-04-09,31.7,53,0.0,5.2,185,977.8
51,2023-04-10,31.5,55,0.0,5.1,214,976.2
51,2023-04-11,31.2,55,0.0,5.2,233,975.1
51,2023-04-12,31.8,55,0.0,4.1,233,974.3
51,2023-04-13,32.0,58,0.0,5.6,238,974.0
51,2023-04-14,32.1,53,0.0,4.7,224,973.8
51,2023-04-15,32.1,55,0.0,4.0,229,973.6
51,2023-04-16,32.0,56,0.0,5.4,219,973.3
51,2023-04-17,31.7,55,0.0,6.1,223,974.4
51,2023-04-18,32.3,57,0.0,5.3,232,974.6
51,2023-04-19,32.7,57,0.0,7.5,244,972.1
51,2023-04-20,32.4,59,0.0,6.8,247,970.7
51,2023-04-21,31.7,59,0.0,6.2,237,971.4
51,2023-04-22,31.4,58,0.0,4.6,252,972.6
51,2023-04-23,31.0,58,0.0,5.2,195,974.8
51,2023-04-24,30.4,61,0.2,4.6,190,977.3
51,2023-04-25,31.8,55,0.0,3.8,272,975.4
51,2023-04-26,29.6,65,0.7,7.9,161,975.5
51,2023-04-27,30.1,67,1.6,4.5,180,976.6
51,2023-04-28,32.1,58,0.0,5.2,203,975.4
51,2023-04-29,32.6,53,0.0,5.3,202,974.0
51,2023-04-30,30.4,64,3.7,7.1,143,975.1
51,2023-05-01,30.2,69,0.2,4.6,163,976.6
51,2023-05-02,31.4,60,0.0,4.2,187,976.7
51,2023-05-03,31.2,61,0.1,3.4,222,977.6
51,2023-05-04,32.4,59,0.1,5.6,270,975.1
51,2023-05-05,33.5,56,0.1,7.8,247,971.9
51,2023-05-06,34.4,51,0.0,7.6,246,970.8
51,2023-05-07,34.7,52,0.4,6.8,250,970.3
51,2023-05-08,33.6,57,3.4,6.0,196,971.6
51,2023-05-09,30.7,64,3.2,5.2,176,975.1
51,2023-05-10,30.6,66,0.1,6.5,146,975.7
51,2023-05-11,30.6,71,7.9,4.4,158,976.5
51,2023-05-12,29.1,78,7.1,3.3,130,977.0
51,2023-05-13,28.5,80,13.4,4.0,148,976.5
51,2023-05-14,28.1,80,5.7,7.5,148,975.4
51,2023-05-15,28.5,71,2.7,9.0,181,975.9
51,2023-05-16,29.3,66,0.3,6.8,220,976.8
51,2023-05-17,30.9,59,0.0,6.5,253,977.1
51,2023-05-18,31.8,58,0.2,7.5,259,976.5
51,2023-05-19,32.1,57,0.0,6.7,251,974.6
51,2023-05-20,32.8,55,0.0,6.4,255,974.0
51,2023-05-21,33.5,52,0.0,4.9,237,974.8
51,2023-05-22,32.5,58,0.3,5.8,230,975.2
51,2023-05-23,31.5,61,1.2,5.4,225,975.1
51,2023-05-24,32.9,56,0.1,6.2,213,974.3
51,2023-05-25,32.7,54,0.0,8.5,241,974.7
51,2023-05-26,32.9,55,0.0,6.7,248,975.1
51,2023-05-27,32.4,58,0.1,5.4,252,973.9
51,2023-05-28,32.6,59,3.7,4.4,194,973.1
51,2023-05-29,29.8,78,8.5,4.3,134,974.5
51,2023-05-30,31.7,69,0.5,3.8,171,973.9
51,2023-05-31,32.1,65,0.9,5.4,201,972.6
51,2023-06-01,32.2,60,0.3,7.0,235,971.9
51,2023-06-02,32.0,58,0.0,8.2,242,972.4
51,2023-06-03,31.7,60,0.0,6.8,246,973.8
51,2023-06-04,32.4,58,0.4,7.5,223,973.6
51,2023-06-05,32.0,61,0.7,6.9,209,972.3
51,2023-06-06,30.2,71,6.8,5.4,167,972.1
51,2023-06-07,29.4,77,2.8,6.0,163,972.8
51,2023-06-08,29.9,72,5.5,6.3,158,973.0
51,2023-06-09,30.0,71,0.7,6.3,184,972.4
51,2023-06-10,30.0,69,2.2,7.6,208,971.7
51,2023-06-11,29.9,70,1.8,5.1,204,971.1
51,2023-06-12,30.6,63,0.8,8.0,210,971.3
51,2023-06-13,29.5,69,4.1,7.5,193,971.9
51,2023-06-14,27.9,80,5.6,7.4,185,973.5
51,2023-06-15,29.0,76,3.9,5.8,223,973.8
51,2023-06-16,30.6,65,0.0,6.6,229,973.0
51,2023-06-17,31.7,62,0.1,7.2,235,973.7
51,2023-06-18,31.7,61,0.1,8.3,232,973.5
51,2023-06-19,30.6,63,1.2,7.2,229,973.8
51,2023-06-20,30.2,63,0.3,7.6,220,974.2
51,2023-06-21,30.0,64,0.5,7.8,213,975.6
51,2023-06-22,30.4,63,0.0,7.1,224,975.7
51,2023-06-23,31.5,58,0.0,8.1,243,974.6
51,2023-06-24,29.1,74,7.7,6.3,226,973.8
51,2023-06-25,29.0,73,3.6,5.1,235,973.7
51,2023-06-26,28.1,81,19.3,4.4,227,974.0
51,2023-06-27,29.7,73,1.3,5.3,250,974.0
51,2023-06-28,30.2,71,0.0,4.1,225,975.1
51,2023-06-29,31.0,69,0.6,3.8,219,974.0
51,2023-06-30,31.0,69,0.0,4.1,219,973.2
51,2023-07-01,31.2,65,0.6,5.0,213,972.9
51,2023-07-02,30.7,70,3.3,5.2,186,973.7
51,2023-07-03,29.6,71,4.1,7.6,197,974.3
51,2023-07-04,29.6,71,2.7,7.2,185,974.7
51,2023-07-05,29.5,71,1.8,6.8,195,975.1
51,2023-07-06,30.9,63,0.4,6.0,231,976.0
51,2023-07-07,32.4,59,0.9,4.9,247,975.7
51,2023-07-08,32.3,62,3.2,4.0,185,975.3
51,2023-07-09,30.2,75,8.9,5.0,152,975.1
51,2023-07-10,29.3,78,3.7,5.7,153,975.2
51,2023-07-11,29.4,75,1.4,4.4,199,975.4
51,2023-07-12,29.4,73,0.2,5.7,229,975.9
51,2023-07-13,30.5,66,0.0,7.7,239,975.5
51,2023-07-14,30.4,64,0.2,9.0,243,974.9
51,2023-07-15,30.9,61,0.1,8.2,257,973.5
51,2023-07-16,30.2,66,3.0,6.1,262,972.0
51,2023-07-17,31.0,65,1.1,4.6,250,970.0
51,2023-07-18,31.8,63,0.1,6.5,244,969.8
51,2023-07-19,30.9,65,2.7,5.5,213,970.0
51,2023-07-20,30.6,67,1.3,4.0,192,972.1
51,2023-07-21,31.2,68,2.0,3.4,131,974.5
51,2023-07-22,31.6,70,15.1,3.2,113,975.8
51,2023-07-23,30.5,75,12.7,4.2,144,975.4
51,2023-07-24,30.0,76,1.1,4.6,141,973.8
51,2023-07-25,30.2,74,6.3,3.8,181,974.3
51,2023-07-26,30.1,70,0.8,7.2,249,974.8
51,2023-07-27,30.9,66,0.5,9.8,254,973.4
51,2023-07-28,30.3,69,2.1,8.4,242,971.1
51,2023-07-29,29.9,70,3.5,6.6,228,970.3
51,2023-07-30,29.0,77,6.3,6.8,190,970.3
51,2023-07-31,27.2,89,9.0,7.5,152,971.9
51,2023-08-01,27.9,85,5.0,7.0,165,972.8
51,2023-08-02,28.8,78,2.6,6.0,194,973.0
51,2023-08-03,29.0,76,5.6,6.6,222,972.7
51,2023-08-04,29.0,74,2.0,7.6,223,974.8
51,2023-08-05,28.1,78,0.8,6.7,203,975.7
51,2023-08-06,28.1,77,2.1,7.5,219,973.7
51,2023-08-07,26.7,89,16.0,6.4,192,972.6
51,2023-08-08,26.3,90,15.1,6.1,170,973.4
51,2023-08-09,27.1,85,8.5,5.9,189,975.2
51,2023-08-10,29.0,74,0.1,7.0,220,975.0
51,2023-08-11,29.3,71,0.0,8.0,239,973.8
51,2023-08-12,29.5,71,0.6,6.8,235,972.8
51,2023-08-13,29.9,71,1.6,6.4,235,972.7
51,2023-08-14,29.7,71,0.5,6.7,236,972.8
51,2023-08-15,29.9,70,0.4,5.9,212,973.1
51,2023-08-16,29.0,78,4.3,5.1,188,973.7
51,2023-08-17,29.5,76,1.3,5.2,199,974.6
51,2023-08-18,30.4,68,0.0,6.0,259,974.3
51,2023-08-19,30.4,69,0.1,5.9,275,974.1
51,2023-08-20,30.7,69,0.4,4.1,256,973.1
51,2023-08-21,29.5,79,10.0,4.9,159,973.4
51,2023-08-22,29.5,79,1.9,4.4,186,974.1
51,2023-08-23,29.8,69,2.3,6.6,229,973.8
51,2023-08-24,29.7,68,0.8,5.9,221,973.4
51,2023-08-25,30.0,67,0.2,6.9,227,973.9
51,2023-08-26,30.1,65,0.0,8.6,234,974.0
51,2023-08-27,28.8,72,2.1,5.5,217,973.4
51,2023-08-28,30.1,66,0.0,6.8,230,971.9
51,2023-08-29,30.5,69,2.8,4.1,202,971.7
51,2023-08-30,29.6,79,15.3,3.8,111,973.5
51,2023-08-31,28.8,83,15.9,3.3,166,974.3
51,2023-09-01,30.6,72,1.4,2.9,215,973.4
51,2023-09-02,29.0,82,21.9,3.3,302,972.8
51,2023-09-03,30.1,77,8.9,3.5,171,971.3
51,2023-09-04,30.3,76,2.2,2.6,136,970.7
51,2023-09-05,27.6,88,13.4,4.0,96,972.8
51,2023-09-06,27.5,90,16.5,2.8,160,975.1
51,2023-09-07,28.9,80,0.6,3.3,236,975.8
51,2023-09-08,29.1,79,0.8,3.5,235,975.0
51,2023-09-09,28.7,82,4.2,3.7,207,973.1
51,2023-09-10,28.2,87,7.4,3.6,139,972.4
51,2023-09-11,28.3,84,9.8,5.3,162,972.9
51,2023-09-12,28.2,83,2.0,6.2,193,974.0
51,2023-09-13,28.4,78,1.7,5.8,216,975.1
51,2023-09-14,28.0,83,8.5,3.4,264,975.0
51,2023-09-15,28.4,83,19.5,4.1,284,973.9
51,2023-09-16,27.2,90,42.4,3.1,85,974.0
51,2023-09-17,26.9,91,31.1,4.2,113,974.2
51,2023-09-18,27.4,86,8.7,4.8,148,976.0
51,2023-09-19,27.9,84,6.4,4.8,168,978.2
51,2023-09-20,29.1,79,0.5,3.8,253,977.7
51,2023-09-21,29.5,77,3.4,3.3,246,977.2
51,2023-09-22,29.8,79,1.4,3.0,169,976.4
51,2023-09-23,30.0,76,2.3,3.0,151,976.4
51,2023-09-24,30.1,75,0.5,2.7,140,975.2
51,2023-09-25,29.1,81,7.6,2.6,98,974.2
51,2023-09-26,28.9,82,8.6,4.5,317,973.9
51,2023-09-27,28.0,83,19.4,3.7,25,972.5
51,2023-09-28,26.5,91,37.0,5.6,92,974.0
51,2023-09-29,26.1,92,41.9,5.5,111,976.6
51,2023-09-30,26.5,92,13.6,4.8,137,977.7
51,2023-10-01,28.0,84,11.5,4.7,182,976.7
51,2023-10-02,29.0,81,5.6,3.0,223,977.1
51,2023-10-03,29.2,80,0.0,3.2,241,977.3
51,2023-10-04,30.1,79,1.5,3.2,233,976.9
51,2023-10-05,29.2,83,1.5,3.7,153,975.7
51,2023-10-06,28.6,83,13.1,3.9,136,975.5
51,2023-10-07,26.9,90,44.5,3.8,123,976.1
51,2023-10-08,27.4,88,10.0,3.0,142,977.2
51,2023-10-09,26.5,91,46.5,2.8,101,978.4
51,2023-10-10,26.4,91,13.3,3.2,87,979.3
51,2023-10-11,26.8,87,2.0,3.9,102,980.2
51,2023-10-12,27.5,85,3.1,3.0,149,981.2
51,2023-10-13,27.9,83,3.9,1.8,202,980.4
51,2023-10-14,27.6,86,0.8,2.3,132,978.6
51,2023-10-15,27.7,84,5.1,3.3,58,977.3
51,2023-10-16,27.2,85,5.0,2.0,19,979.0
51,2023-10-17,27.9,82,2.4,3.0,55,979.3
51,2023-10-18,28.8,77,0.5,2.0,162,979.2
51,2023-10-19,28.9,79,0.0,2.5,228,978.8
51,2023-10-20,28.9,80,5.2,2.8,50,979.2
51,2023-10-21,26.6,86,10.7,2.7,46,981.4
51,2023-10-22,27.4,83,1.8,2.4,29,981.8
51,2023-10-23,27.3,83,2.7,2.6,1,981.3
51,2023-10-24,28.0,83,0.2,2.6,274,980.5
51,2023-10-25,28.6,80,0.6,2.5,146,980.0
51,2023-10-26,27.8,85,3.9,2.2,114,979.4
51,2023-10-27,27.3,88,5.1,2.3,133,979.0
51,2023-10-28,26.9,86,8.0,2.2,45,979.3
51,2023-10-29,26.7,87,3.3,2.9,85,979.6
51,2023-10-30,26.1,90,30.5,2.8,19,980.7
51,2023-10-31,25.5,87,14.5,3.7,12,982.7
51,2023-11-01,26.6,86,1.3,3.4,16,982.2
51,2023-11-02,27.6,80,0.0,1.9,353,980.4
51,2023-11-03,28.3,79,0.0,2.5,202,978.1
51,2023-11-04,28.4,80,0.2,1.9,70,978.1
51,2023-11-05,28.4,82,0.5,1.8,337,979.2
51,2023-11-06,28.3,82,0.1,2.5,159,979.6
51,2023-11-07,28.1,84,2.5,3.1,125,979.6
51,2023-11-08,28.2,81,0.5,2.2,183,978.8
51,2023-11-09,28.0,85,0.7,2.6,153,979.1
51,2023-11-10,28.2,84,0.6,2.2,110,980.4
51,2023-11-11,28.1,85,0.6,2.5,137,980.8
51,2023-11-12,27.9,82,0.6,2.6,108,981.3
51,2023-11-13,27.6,82,5.1,3.8,44,981.7
51,2023-11-14,27.5,81,0.4,3.9,81,982.8
51,2023-11-15,27.2,81,0.0,3.7,107,982.9
51,2023-11-16,27.3,81,1.3,5.2,96,983.7
51,2023-11-17,25.3,77,1.1,7.6,44,985.8
51,2023-11-18,24.3,73,0.0,4.6,57,984.7
51,2023-11-19,23.9,76,0.0,5.1,43,983.6
51,2023-11-20,24.4,74,0.0,3.9,59,982.8
51,2023-11-21,24.7,77,0.0,2.7,112,980.7
51,2023-11-22,25.2,78,0.0,2.4,131,979.2
51,2023-11-23,25.3,80,0.0,3.0,78,979.5
51,2023-11-24,24.7,81,0.1,4.7,24,981.1
51,2023-11-25,24.9,80,0.0,4.4,18,981.6
51,2023-11-26,24.3,82,0.0,6.4,19,982.5
51,2023-11-27,24.8,78,0.0,4.9,20,982.1
51,2023-11-28,23.9,79,0.0,4.6,38,981.0
51,2023-11-29,24.2,77,0.0,4.2,28,981.2
51,2023-11-30,24.2,84,0.0,4.3,340,982.0
51,2023-12-01,25.9,80,0.0,3.9,7,981.5
51,2023-12-02,25.9,82,0.2,4.9,57,981.4
51,2023-12-03,26.5,79,0.3,3.7,23,981.3
51,2023-12-04,26.4,80,0.1,2.7,149,980.3
51,2023-12-05,26.7,79,0.0,2.2,134,979.3
51,2023-12-06,27.5,78,0.2,1.8,24,980.2
51,2023-12-07,26.2,87,5.0,4.5,117,980.3
51,2023-12-08,26.5,83,1.0,3.7,188,979.9
51,2023-12-09,27.5,79,0.0,1.9,149,978.8
51,2023-12-10,27.8,80,0.0,1.9,157,977.3
51,2023-12-11,28.0,79,0.0,1.9,348,978.4
51,2023-12-12,27.2,82,0.3,4.0,123,978.5
51,2023-12-13,26.3,83,0.2,3.8,133,980.0
51,2023-12-14,26.0,82,0.0,2.7,139,981.1
51,2023-12-15,26.1,78,0.0,1.5,75,980.5
51,2023-12-16,25.4,79,0.0,1.9,35,980.2
51,2023-12-17,24.7,80,0.1,2.1,32,981.0
51,2023-12-18,25.1,81,0.1,1.9,58,981.8
51,2023-12-19,25.1,79,0.0,1.9,8,981.9
51,2023-12-20,24.2,80,0.0,2.3,20,981.3
51,2023-12-21,23.5,87,1.0,3.4,129,981.7
51,2023-12-22,23.2,70,0.0,7.0,105,984.8
51,2023-12-23,20.5,79,0.0,6.6,41,987.0
51,2023-12-24,20.1,75,0.0,5.8,43,987.3
51,2023-12-25,20.9,76,0.0,4.5,67,986.0
51,2023-12-26,22.0,75,0.0,2.7,60,985.3
51,2023-12-27,23.0,76,0.0,3.1,12,985.2
51,2023-12-28,23.5,77,0.0,2.7,21,983.7
51,2023-12-29,24.5,73,0.0,2.4,14,982.4
51,2023-12-30,23.7,74,0.0,2.1,29,981.2
51,2023-12-31,23.5,74,0.0,1.6,64,980.9
51,2024-01-01,23.6,74,0.0,2.1,63,980.5
51,2024-01-02,24.1,73,0.0,1.8,58,980.2
51,2024-01-03,23.8,76,0.0,1.7,62,980.3
51,2024-01-04,23.4,78,0.1,2.8,115,980.4
51,2024-01-05,24.1,78,0.0,2.3,108,980.6
51,2024-01-06,24.7,78,0.0,2.2,107,980.9
51,2024-01-07,25.1,79,0.0,3.2,123,980.8
51,2024-01-08,25.5,77,0.0,2.7,117,980.2
51,2024-01-09,25.5,75,0.0,2.4,120,978.8
51,2024-01-10,24.6,72,0.0,2.3,85,978.0
51,2024-01-11,25.0,69,0.0,2.2,114,978.5
51,2024-01-12,24.4,70,0.0,2.6,106,978.1
51,2024-01-13,24.6,71,0.0,2.9,103,978.7
51,2024-01-14,24.3,88,2.3,4.7,133,980.7
51,2024-01-15,25.0,84,0.9,3.7,356,981.1
51,2024-01-16,25.1,81,0.4,4.0,108,980.4
51,2024-01-17,24.6,79,0.1,3.5,124,979.7
51,2024-01-18,25.2,73,0.0,2.4,164,979.5
51,2024-01-19,24.5,69,0.0,3.2,303,978.9
51,2024-01-20,23.7,62,0.0,2.3,303,979.1
51,2024-01-21,22.7,60,0.0,3.4,237,979.6
51,2024-01-22,21.8,65,0.0,2.0,297,980.6
51,2024-01-23,22.6,68,0.0,4.3,147,980.8
51,2024-01-24,23.6,76,0.0,7.1,144,982.5
51,2024-01-25,23.2,76,0.0,6.5,147,984.7
51,2024-01-26,21.6,85,1.8,3.8,148,985.9
51,2024-01-27,22.7,84,0.0,3.8,151,984.4
51,2024-01-28,23.2,87,5.5,4.7,147,983.3
51,2024-01-29,24.5,84,0.8,6.2,144,982.9
51,2024-01-30,23.6,85,1.1,5.8,153,982.2
51,2024-01-31,24.6,77,0.0,3.8,154,981.9
51,2024-02-01,24.0,71,0.0,2.7,168,981.6
51,2024-02-02,24.6,62,0.0,2.7,232,980.4
51,2024-02-03,24.4,59,0.0,3.3,227,980.3
51,2024-02-04,23.9,61,0.0,3.1,220,980.9
51,2024-02-05,24.2,61,0.0,2.9,195,980.8
51,2024-02-06,24.7,60,0.0,2.1,180,980.9
51,2024-02-07,25.3,60,0.0,2.4,190,979.8
51,2024-02-08,25.3,63,0.0,3.6,158,977.9
51,2024-02-09,25.3,71,0.0,5.0,144,979.0
51,2024-02-10,25.6,79,0.6,7.1,138,982.1
51,2024-02-11,25.9,67,0.1,4.9,114,986.0
51,2024-02-12,24.9,73,0.0,4.2,124,984.8
51,2024-02-13,25.6,69,0.0,3.2,147,982.8
51,2024-02-14,25.8,66,0.0,2.8,137,981.0
51,2024-02-15,25.8,65,0.0,2.4,317,981.0
51,2024-02-16,26.4,64,0.0,3.4,129,980.2
51,2024-02-17,26.4,63,0.0,5.4,224,978.1
51,2024-02-18,25.7,55,0.0,5.5,225,978.1
51,2024-02-19,25.5,52,0.0,4.0,222,978.2
51,2024-02-20,26.0,55,0.0,6.4,236,977.2
51,2024-02-21,25.1,53,0.0,3.4,264,977.5
51,2024-02-22,25.1,56,0.0,2.6,179,978.4
51,2024-02-23,26.3,54,0.0,3.9,204,979.2
51,2024-02-24,26.0,52,0.0,2.8,218,979.2
51,2024-02-25,27.2,56,0.0,3.0,357,979.1
51,2024-02-26,27.5,69,0.4,3.6,128,979.3
51,2024-02-27,28.3,73,0.0,4.6,163,978.3
51,2024-02-28,29.1,65,0.0,5.8,189,976.8
51,2024-02-29,28.9,56,0.0,3.5,213,977.0
51,2024-03-01,27.8,56,0.0,3.1,199,977.4
51,2024-03-02,28.3,60,0.0,5.1,158,977.6
51,2024-03-03,28.7,61,0.0,6.4,231,977.4
51,2024-03-04,28.2,55,0.0,6.0,236,976.4
51,2024-03-05,27.7,55,0.0,4.0,278,975.7
51,2024-03-06,27.7,58,0.0,2.9,275,974.8
51,2024-03-07,28.0,60,0.0,2.7,172,974.9
51,2024-03-08,28.9,61,0.0,4.1,164,975.3
51,2024-03-09,29.8,52,0.0,6.5,219,976.1
51,2024-03-10,28.9,52,0.0,5.6,193,978.3
51,2024-03-11,28.6,53,0.0,3.8,199,979.4
51,2024-03-12,29.7,48,0.0,7.2,234,978.5
51,2024-03-13,28.7,50,0.0,6.9,221,977.8
51,2024-03-14,27.4,51,0.0,4.1,250,977.5
51,2024-03-15,27.8,57,0.0,3.3,260,977.5
51,2024-03-16,29.0,56,0.0,3.4,164,978.1
51,2024-03-17,29.6,57,0.0,3.8,186,978.1
51,2024-03-18,30.1,60,0.0,3.7,235,977.0
51,2024-03-19,30.3,60,0.1,4.7,149,977.7
51,2024-03-20,26.8,80,19.0,5.8,111,982.1
51,2024-03-21,28.0,79,2.8,4.2,142,979.7
51,2024-03-22,28.9,67,0.1,5.1,239,975.7
51,2024-03-23,29.1,52,0.0,7.1,237,975.0
51,2024-03-24,28.2,51,0.0,4.5,196,977.1
51,2024-03-25,28.5,51,0.0,3.4,197,977.8
51,2024-03-26,28.8,55,0.0,4.4,147,978.5
51,2024-03-27,30.2,62,0.0,5.5,142,979.8
51,2024-03-28,29.9,59,0.0,4.2,168,977.3
51,2024-03-29,30.2,52,0.0,7.0,208,976.8
51,2024-03-30,30.7,45,0.0,6.9,212,977.6
51,2024-03-31,31.6,45,0.0,7.1,234,977.2
51,2024-04-01,32.0,46,0.0,6.1,249,974.7
51,2024-04-02,32.4,46,0.0,6.4,250,973.4
51,2024-04-03,32.5,48,0.0,5.7,234,974.1
51,2024-04-04,33.2,49,0.0,4.9,216,973.9
51,2024-04-05,33.3,50,0.0,4.8,191,973.2
51,2024-04-06,33.4,53,0.0,5.4,173,973.6
51,2024-04-07,33.5,53,0.0,4.9,208,973.5
51,2024-04-08,33.6,54,0.0,3.9,210,975.0
51,2024-04-09,33.2,54,0.1,4.6,159,975.5
51,2024-04-10,29.9,68,1.7,5.3,137,978.3
51,2024-04-11,30.7,61,0.0,4.0,195,978.2
51,2024-04-12,31.8,55,0.3,3.2,234,977.3
51,2024-04-13,31.5,57,0.9,3.9,275,976.4
51,2024-04-14,32.1,57,0.0,4.1,262,976.5
51,2024-04-15,31.3,58,1.1,3.3,202,976.9
51,2024-04-16,32.0,56,0.0,4.1,182,975.5
51,2024-04-17,32.9,53,0.0,7.7,241,974.4
51,2024-04-18,32.4,53,0.0,7.3,252,973.4
51,2024-04-19,31.7,57,0.0,8.9,247,972.1
51,2024-04-20,32.3,55,0.0,8.6,243,972.0
51,2024-04-21,33.4,54,0.0,6.8,245,972.7
51,2024-04-22,33.7,53,0.0,5.9,229,972.4
51,2024-04-23,33.8,55,0.0,5.9,233,972.0
51,2024-04-24,33.6,53,0.0,6.8,230,972.5
51,2024-04-25,33.4,54,0.0,7.5,253,973.2
51,2024-04-26,33.4,51,0.0,8.4,249,972.5
51,2024-04-27,33.8,50,0.0,6.5,259,972.4
51,2024-04-28,34.5,51,0.0,5.5,244,972.8
51,2024-04-29,34.6,54,0.0,8.0,251,973.5
51,2024-04-30,34.6,53,0.0,9.7,248,971.2
51,2024-05-01,34.6,52,0.0,6.6,250,970.4
51,2024-05-02,34.3,53,0.0,7.7,229,971.4
51,2024-05-03,33.1,57,1.4,5.3,241,974.0
51,2024-05-04,32.5,56,0.7,6.2,244,973.3
51,2024-05-05,33.6,51,0.0,7.7,241,972.5
51,2024-05-06,33.4,50,0.0,5.2,259,974.5
51,2024-05-07,31.5,59,3.0,5.5,127,977.0
51,2024-05-08,30.3,66,0.0,4.6,118,977.1
51,2024-05-09,30.2,67,8.1,4.6,132,976.6
51,2024-05-10,30.1,69,2.5,3.8,155,977.1
51,2024-05-11,28.9,76,4.9,4.4,130,978.5
51,2024-05-12,30.7,66,0.0,2.8,236,977.6
51,2024-05-13,31.9,58,0.0,4.5,225,976.1
51,2024-05-14,31.5,63,0.1,4.7,161,976.8
51,2024-05-15,31.3,67,0.2,4.4,203,977.5
51,2024-05-16,32.5,62,1.5,3.5,147,976.2
51,2024-05-17,31.5,68,0.5,5.2,187,975.8
51,2024-05-18,33.0,62,0.0,5.9,192,973.4
51,2024-05-19,32.9,59,2.3,6.1,236,971.6
51,2024-05-20,32.2,62,4.4,4.4,251,971.9
51,2024-05-21,29.2,76,13.5,3.9,111,974.4
51,2024-05-22,28.3,81,17.4,3.3,108,974.8
51,2024-05-23,28.5,82,16.0,5.1,108,973.9
51,2024-05-24,27.4,87,28.3,5.8,116,973.8
51,2024-05-25,27.4,90,14.3,5.4,142,974.5
51,2024-05-26,28.2,88,6.0,5.5,140,974.9
51,2024-05-27,28.2,83,5.9,6.5,171,973.8
51,2024-05-28,29.6,77,0.6,6.6,178,973.3
51,2024-05-29,29.7,77,1.1,7.1,195,972.6
51,2024-05-30,31.3,71,0.4,6.1,236,972.4
51,2024-05-31,31.7,70,0.2,5.4,224,972.2
51,2024-06-01,29.6,82,7.8,4.2,152,974.6
51,2024-06-02,28.9,79,2.8,6.2,189,976.4
51,2024-06-03,28.9,79,6.1,6.9,185,975.1
51,2024-06-04,28.9,79,5.7,4.4,224,974.4
51,2024-06-05,30.0,75,3.6,4.9,193,974.1
51,2024-06-06,29.6,77,6.5,7.2,171,974.9
51,2024-06-07,29.4,76,9.4,7.2,175,973.5
51,2024-06-08,29.3,79,5.0,4.8,203,971.7
51,2024-06-09,30.3,73,0.2,5.0,172,971.0
51,2024-06-10,29.5,80,9.3,4.9,133,972.3
51,2024-06-11,28.1,86,9.5,6.6,156,973.8
51,2024-06-12,28.3,82,7.2,5.9,174,975.7
51,2024-06-13,28.6,79,5.4,4.9,179,975.1
51,2024-06-14,28.8,78,4.7,6.9,201,973.0
51,2024-06-15,29.8,70,0.0,7.6,214,972.5
51,2024-06-16,30.2,71,0.2,5.6,218,973.4
51,2024-06-17,29.9,71,0.9,6.3,224,973.7
51,2024-06-18,29.7,72,0.8,6.9,226,973.1
51,2024-06-19,30.4,66,0.0,7.8,221,972.6
51,2024-06-20,30.4,69,1.0,6.1,215,972.2
51,2024-06-21,31.2,69,2.4,5.0,204,971.3
51,2024-06-22,32.2,65,0.2,4.6,218,970.5
51,2024-06-23,31.0,71,3.8,4.9,190,971.2
51,2024-06-24,29.2,77,7.0,3.8,187,971.3
51,2024-06-25,28.6,83,10.6,5.1,150,970.9
51,2024-06-26,28.5,83,4.7,4.9,146,972.9
51,2024-06-27,29.7,78,1.9,4.5,160,975.2
51,2024-06-28,30.9,69,0.0,5.8,219,974.7
51,2024-06-29,31.0,69,0.8,6.9,214,974.6
51,2024-06-30,30.5,68,1.4,7.2,220,975.4
51,2024-07-01,30.2,64,3.6,7.8,223,974.7
51,2024-07-02,30.1,62,0.0,6.9,228,973.4
51,2024-07-03,30.3,67,3.3,5.3,193,974.3
51,2024-07-04,30.4,73,0.7,4.9,179,975.7
51,2024-07-05,30.5,69,0.1,3.7,196,974.0
51,2024-07-06,30.6,71,4.5,4.9,169,972.9
51,2024-07-07,30.5,74,2.8,4.2,166,973.5
51,2024-07-08,30.4,75,11.4,4.7,164,973.9
51,2024-07-09,30.5,71,3.2,5.2,209,974.9
51,2024-07-10,30.5,68,1.8,5.5,232,975.0
51,2024-07-11,30.2,65,0.8,6.8,235,973.5
51,2024-07-12,30.9,62,0.0,6.4,228,971.9
51,2024-07-13,31.5,60,0.2,6.0,214,970.2
51,2024-07-14,31.5,61,0.7,7.6,198,971.1
51,2024-07-15,31.3,61,0.8,5.1,253,972.8
51,2024-07-16,30.2,72,3.5,4.0,249,971.7
51,2024-07-17,29.5,78,4.9,5.2,143,971.4
51,2024-07-18,29.7,77,5.5,4.2,176,971.7
51,2024-07-19,29.1,77,7.6,5.8,203,971.7
51,2024-07-20,29.2,76,3.9,4.3,190,973.5
51,2024-07-21,29.5,71,0.7,6.5,223,974.1
51,2024-07-22,27.8,82,12.5,4.1,220,974.6
51,2024-07-23,29.1,74,1.5,6.7,231,972.4
51,2024-07-24,29.4,72,2.7,7.1,211,969.2
51,2024-07-25,29.4,73,22.7,6.1,193,968.2
51,2024-07-26,28.4,83,17.3,5.6,171,970.1
51,2024-07-27,29.1,77,6.6,5.4,192,972.4
51,2024-07-28,28.8,77,4.6,5.5,194,972.1
51,2024-07-29,28.7,79,4.6,5.9,193,971.9
51,2024-07-30,27.4,85,6.1,5.6,182,973.3
51,2024-07-31,26.5,89,18.3,5.8,168,974.5
51,2024-08-01,26.3,92,43.7,6.6,171,975.4
51,2024-08-02,26.3,90,5.2,4.8,188,975.6
51,2024-08-03,27.3,87,8.8,4.1,205,975.8
51,2024-08-04,28.4,81,2.2,4.1,200,975.5
51,2024-08-05,28.8,79,2.3,3.6,189,974.9
51,2024-08-06,28.8,80,2.6,3.7,181,974.7
51,2024-08-07,28.7,80,9.2,4.3,219,975.3
51,2024-08-08,29.2,75,0.5,5.0,232,976.0
51,2024-08-09,30.5,68,0.0,6.6,245,975.2
51,2024-08-10,30.6,70,0.3,6.7,246,973.8
51,2024-08-11,30.6,70,0.1,6.4,251,972.0
51,2024-08-12,28.3,82,8.0,4.4,235,971.9
51,2024-08-13,27.7,86,24.1,5.0,202,973.0
51,2024-08-14,29.1,78,0.6,4.6,197,973.9
51,2024-08-15,29.7,76,0.2,3.6,205,973.4
51,2024-08-16,29.4,77,3.3,4.1,240,972.9
51,2024-08-17,29.8,74,2.7,4.1,210,974.5
51,2024-08-18,29.4,78,2.8,3.7,213,975.2
51,2024-08-19,29.1,79,2.0,4.7,235,974.9
51,2024-08-20,28.7,82,4.1,3.3,194,975.8
51,2024-08-21,27.2,88,27.7,4.0,203,976.2
51,2024-08-22,27.7,86,14.0,3.6,226,976.2
51,2024-08-23,27.9,86,21.6,4.7,189,977.2
51,2024-08-24,28.2,85,7.1,3.0,185,976.8
51,2024-08-25,28.3,82,10.4,5.0,195,975.6
51,2024-08-26,28.7,80,17.4,3.9,213,974.6
51,2024-08-27,27.8,84,5.2,2.8,197,975.1
51,2024-08-28,27.8,87,3.5,3.4,155,974.2
51,2024-08-29,28.1,85,9.6,3.7,151,974.2
51,2024-08-30,28.7,81,1.4,4.4,193,974.8
51,2024-08-31,29.2,75,0.0,4.4,258,974.8
51,2024-09-01,27.7,85,20.7,3.6,294,974.8
51,2024-09-02,29.1,82,8.9,3.3,69,974.7
51,2024-09-03,28.9,82,7.0,3.8,116,975.2
51,2024-09-04,29.3,80,0.2,3.8,197,973.2
51,2024-09-05,29.3,76,0.2,4.8,219,972.2
51,2024-09-06,29.0,77,1.7,4.8,244,972.4
51,2024-09-07,29.2,75,0.0,7.4,242,972.5
51,2024-09-08,28.5,79,1.8,6.5,224,973.0
51,2024-09-09,27.5,85,56.8,5.6,200,972.1
51,2024-09-10,26.6,91,51.9,7.3,172,971.5
51,2024-09-11,26.3,91,34.8,6.7,152,973.9
51,2024-09-12,27.5,87,3.9,4.1,167,975.4
51,2024-09-13,28.6,83,0.4,2.9,229,973.7
51,2024-09-14,28.9,78,0.1,4.7,256,972.4
51,2024-09-15,29.1,76,0.7,5.1,251,972.0
51,2024-09-16,29.4,74,0.4,4.4,283,972.3
51,2024-09-17,29.0,80,19.0,3.3,277,972.3
51,2024-09-18,27.7,88,47.1,2.8,279,971.9
51,2024-09-19,29.2,82,1.8,3.1,355,971.2
51,2024-09-20,27.6,84,12.8,3.2,255,971.2
51,2024-09-21,26.9,88,23.9,3.0,257,971.7
51,2024-09-22,27.2,88,22.7,3.5,99,972.5
51,2024-09-23,26.1,93,25.3,2.3,140,975.4
51,2024-09-24,26.4,89,10.3,3.3,148,977.0
51,2024-09-25,26.6,89,8.5,4.0,158,978.0
51,2024-09-26,27.7,85,2.1,3.0,142,978.2
51,2024-09-27,29.1,80,0.5,2.7,176,978.1
51,2024-09-28,30.3,76,0.0,3.3,188,976.7
51,2024-09-29,29.5,80,0.1,4.3,201,975.7
51,2024-09-30,29.9,78,0.4,4.1,220,974.2
51,2024-10-01,27.6,87,19.9,4.7,145,973.5
51,2024-10-02,26.7,88,12.5,6.7,113,976.5
51,2024-10-03,26.3,90,66.3,5.8,123,977.7
51,2024-10-04,26.7,89,29.0,3.7,125,979.1
51,2024-10-05,28.1,84,3.2,2.9,159,979.0
51,2024-10-06,28.9,81,0.0,2.9,147,979.5
51,2024-10-07,28.9,79,0.8,3.2,123,980.6
51,2024-10-08,28.7,76,0.6,2.6,317,980.2
51,2024-10-09,28.2,82,0.5,2.1,59,978.8
51,2024-10-10,27.6,84,6.7,2.6,133,978.2
51,2024-10-11,28.0,83,0.5,2.7,146,978.1
51,2024-10-12,28.2,78,0.0,3.1,126,979.0
51,2024-10-13,28.0,79,0.5,2.8,132,978.8
51,2024-10-14,29.0,79,1.1,2.1,156,978.1
51,2024-10-15,28.5,82,2.3,2.7,106,978.0
51,2024-10-16,28.5,83,8.3,2.4,139,978.3
51,2024-10-17,28.3,81,0.5,1.8,38,978.3
51,2024-10-18,29.1,78,0.3,2.8,316,977.5
51,2024-10-19,27.9,83,5.5,3.1,91,978.3
51,2024-10-20,26.7,86,11.9,4.6,22,979.9
51,2024-10-21,26.8,85,3.7,3.3,106,979.5
51,2024-10-22,27.7,82,8.1,2.9,36,979.2
51,2024-10-23,27.8,83,5.8,4.2,53,980.0
51,2024-10-24,27.8,79,0.4,2.8,295,978.8
51,2024-10-25,28.2,81,0.0,3.6,259,977.1
51,2024-10-26,28.7,80,0.0,4.7,292,974.8
51,2024-10-27,29.1,79,1.4,3.9,312,973.6
51,2024-10-28,29.0,73,0.0,4.3,22,974.1
51,2024-10-29,28.4,72,0.0,3.3,10,975.9
51,2024-10-30,28.5,75,0.2,2.1,155,977.5
51,2024-10-31,28.6,75,0.0,3.0,231,977.3
51,2024-11-01,28.2,80,0.6,2.6,158,977.6
51,2024-11-02,26.6,86,6.3,2.8,345,979.7
51,2024-11-03,26.9,78,0.9,4.0,36,980.5
51,2024-11-04,25.9,77,0.0,4.2,54,980.4
51,2024-11-05,25.8,88,3.2,4.0,45,981.7
51,2024-11-06,24.3,91,3.3,3.8,36,982.1
51,2024-11-07,24.1,90,7.8,3.4,8,981.8
51,2024-11-08,22.3,93,2.2,4.6,340,982.3
51,2024-11-09,24.0,88,0.7,5.0,343,981.3
51,2024-11-10,25.8,79,0.0,3.3,349,980.6
51,2024-11-11,26.0,80,0.0,1.5,352,979.8
51,2024-11-12,25.7,80,0.0,2.3,316,978.8
51,2024-11-13,26.4,80,0.0,2.5,329,977.7
51,2024-11-14,27.1,80,0.0,3.3,325,977.8
51,2024-11-15,27.4,77,0.0,3.7,331,977.5
51,2024-11-16,26.8,80,0.0,3.3,359,977.3
51,2024-11-17,26.9,79,0.0,3.5,65,978.1
51,2024-11-18,25.5,81,3.0,4.9,63,979.8
51,2024-11-19,25.5,80,0.0,4.7,24,980.9
51,2024-11-20,25.7,79,0.0,4.4,16,980.3
51,2024-11-21,25.5,79,0.3,3.5,5,979.9
51,2024-11-22,25.2,78,0.0,3.4,14,980.1
51,2024-11-23,25.4,78,0.0,2.9,12,980.7
51,2024-11-24,25.6,80,0.2,2.9,350,980.5
51,2024-11-25,25.5,82,0.1,3.0,346,980.0
51,2024-11-26,25.9,81,0.0,4.3,11,979.8
51,2024-11-27,26.0,80,0.2,3.7,90,979.9
51,2024-11-28,25.2,78,0.0,4.2,78,981.5
51,2024-11-29,23.5,79,0.0,5.0,68,982.4
51,2024-11-30,23.4,81,0.0,4.1,356,980.5
51,2024-12-01,24.0,79,0.0,1.9,357,978.2
51,2024-12-02,25.0,78,0.0,1.9,348,977.7
51,2024-12-03,26.5,76,0.0,2.4,324,978.0
51,2024-12-04,27.0,78,0.0,1.5,127,977.6
51,2024-12-05,27.2,78,0.0,5.0,158,977.3
51,2024-12-06,26.3,79,0.2,6.2,147,976.9
51,2024-12-07,26.1,79,0.0,2.9,126,978.3
51,2024-12-08,26.1,80,0.1,2.6,94,979.4
51,2024-12-09,25.6,82,0.1,3.0,140,979.0
51,2024-12-10,25.8,80,0.0,2.5,180,977.7
51,2024-12-11,25.5,80,0.0,4.1,351,978.0
51,2024-12-12,24.6,78,0.0,3.9,359,978.1
51,2024-12-13,24.9,80,0.1,3.9,21,979.1
51,2024-12-14,24.7,86,0.3,3.5,83,981.2
51,2024-12-15,24.1,77,0.6,4.8,87,983.3
51,2024-12-16,23.1,80,0.0,4.4,52,984.1
51,2024-12-17,23.9,77,0.0,2.9,353,982.1
51,2024-12-18,23.8,79,0.0,2.7,35,981.1
51,2024-12-19,23.6,79,0.0,2.7,109,981.3
51,2024-12-20,22.1,79,0.0,2.6,123,980.4
51,2024-12-21,22.2,77,0.0,2.7,91,980.4
51,2024-12-22,21.9,78,0.0,2.4,108,980.7
51,2024-12-23,21.7,77,0.0,2.5,59,980.7
51,2024-12-24,21.9,78,0.0,3.0,7,981.5
51,2024-12-25,22.2,76,0.0,3.0,6,982.5
51,2024-12-26,22.4,76,0.0,3.0,11,983.5
51,2024-12-27,23.2,77,0.0,3.9,11,983.4
51,2024-12-28,23.5,79,0.0,4.4,24,983.6
51,2024-12-29,23.4,80,0.0,2.4,74,982.5
51,2024-12-30,23.6,78,0.0,2.2,134,981.5
51,2024-12-31,24.0,79,0.1,3.0,105,981.1
51,2025-01-01,23.1,79,0.0,2.2,104,979.9
51,2025-01-02,22.8,77,0.0,2.3,6,980.0
51,2025-01-03,22.8,73,0.0,3.1,64,981.3
51,2025-01-04,21.9,73,0.0,2.0,35,980.7
51,2025-01-05,21.0,75,0.0,3.5,53,982.3
51,2025-01-06,21.0,75,0.0,1.7,28,980.9
51,2025-01-07,20.9,75,0.0,2.0,96,980.0
51,2025-01-08,20.9,78,0.0,3.3,96,979.4
51,2025-01-09,22.5,78,0.0,2.3,76,981.2
51,2025-01-10,23.5,75,0.0,2.7,81,983.6
51,2025-01-11,21.9,72,0.0,6.8,94,985.4
51,2025-01-12,20.8,63,0.0,6.4,64,986.4
51,2025-01-13,18.7,71,0.0,3.5,54,983.0
51,2025-01-14,19.5,69,0.0,2.6,60,982.9
51,2025-01-15,20.6,70,0.0,5.0,35,983.7
51,2025-01-16,20.6,75,0.0,5.1,39,983.9
51,2025-01-17,21.5,74,0.0,3.2,42,982.2
51,2025-01-18,21.9,73,0.0,1.7,109,980.3
51,2025-01-19,21.7,74,0.0,3.1,129,978.8
51,2025-01-20,21.7,76,0.0,4.2,135,977.6
51,2025-01-21,21.9,75,0.0,5.1,137,977.5
51,2025-01-22,22.0,74,0.0,4.1,134,977.9
51,2025-01-23,23.2,71,0.0,2.9,139,978.3
51,2025-01-24,23.5,67,0.0,2.9,162,976.9
51,2025-01-25,23.4,63,0.0,2.3,169,976.6
51,2025-01-26,23.0,69,0.0,3.5,128,977.1
51,2025-01-27,21.7,71,0.0,5.6,102,979.0
51,2025-01-28,21.7,69,0.0,4.9,106,981.9
51,2025-01-29,22.2,74,0.0,5.6,143,982.3
51,2025-01-30,22.3,72,0.0,6.3,141,978.9
51,2025-01-31,23.9,69,0.0,3.8,161,977.5
51,2025-02-01,24.4,64,0.0,2.5,259,976.9
51,2025-02-02,24.7,58,0.0,1.7,306,976.5
51,2025-02-03,24.6,61,0.0,2.1,33,977.1
51,2025-02-04,23.9,72,0.0,7.1,149,977.9
51,2025-02-05,24.7,73,0.0,6.4,154,977.1
51,2025-02-06,25.2,66,0.0,3.1,171,977.0
51,2025-02-07,25.1,68,0.0,3.0,143,978.1
51,2025-02-08,25.4,74,0.4,5.7,141,978.9
51,2025-02-09,26.5,67,0.0,6.8,153,980.0
51,2025-02-10,25.1,68,0.0,5.3,143,979.8
51,2025-02-11,25.6,66,0.0,5.5,143,979.1
51,2025-02-12,25.9,62,0.0,4.0,150,978.7
51,2025-02-13,25.9,58,0.0,3.3,201,978.3
51,2025-02-14,25.1,51,0.0,4.9,248,977.8
51,2025-02-15,24.7,54,0.0,3.2,248,976.9
51,2025-02-16,25.1,56,0.0,3.6,247,977.4
51,2025-02-17,25.9,54,0.0,2.5,330,979.1
51,2025-02-18,25.9,60,0.0,3.0,120,979.3
51,2025-02-19,26.4,72,0.2,4.6,124,979.3
51,2025-02-20,26.8,70,0.0,3.6,146,979.7
51,2025-02-21,25.9,74,0.0,5.0,130,980.0
51,2025-02-22,26.6,69,0.0,3.2,46,980.5
51,2025-02-23,26.0,77,4.5,4.3,121,981.8
51,2025-02-24,25.6,82,4.9,5.7,113,983.7
51,2025-02-25,24.9,78,0.5,6.3,132,985.1
51,2025-02-26,26.2,71,0.0,3.4,144,984.2
51,2025-02-27,27.3,69,0.0,3.9,214,980.8
51,2025-02-28,28.8,63,0.0,3.3,259,978.9
51,2025-03-01,28.6,59,0.0,6.0,255,977.1
51,2025-03-02,28.3,53,0.0,3.7,270,975.4
51,2025-03-03,28.1,54,0.0,3.5,280,975.2
51,2025-03-04,27.8,54,0.0,4.0,270,974.6
51,2025-03-05,27.3,54,0.0,4.0,253,974.3
51,2025-03-06,27.3,51,0.0,3.0,230,975.8
51,2025-03-07,27.8,60,0.2,5.9,143,975.8
51,2025-03-08,27.8,69,0.0,10.1,152,978.3
51,2025-03-09,26.6,72,0.1,5.4,143,980.8
51,2025-03-10,28.6,68,0.0,3.2,272,980.6
51,2025-03-11,29.6,65,0.0,4.5,228,978.2
51,2025-03-12,29.0,60,0.0,5.3,253,975.6
51,2025-03-13,29.3,58,0.0,6.3,216,975.5
51,2025-03-14,29.3,53,0.0,4.1,195,977.2
51,2025-03-15,29.4,54,0.0,3.5,198,977.4
51,2025-03-16,29.6,56,0.0,3.9,223,976.5
51,2025-03-17,29.6,60,0.0,5.4,168,976.4
51,2025-03-18,30.1,64,0.0,7.6,147,978.1
51,2025-03-19,27.0,64,0.0,8.6,109,982.6
51,2025-03-20,25.5,63,0.0,4.1,79,984.8
51,2025-03-21,26.5,66,0.0,3.7,80,983.7
51,2025-03-22,27.0,68,0.0,3.5,140,981.6
51,2025-03-23,28.1,64,0.0,3.8,157,980.0
51,2025-03-24,29.5,60,0.0,3.7,229,977.4
51,2025-03-25,29.6,54,0.0,4.5,240,973.6
51,2025-03-26,28.9,51,0.0,5.7,252,972.5
51,2025-03-27,28.9,51,0.0,5.6,250,971.6
51,2025-03-28,28.3,51,0.0,4.5,220,972.7
51,2025-03-29,28.9,55,0.0,3.4,183,974.4
51,2025-03-30,30.5,55,0.0,4.6,160,976.2
51,2025-03-31,31.3,62,0.0,7.8,155,976.7
51,2025-04-01,30.4,69,0.2,7.3,157,976.8
51,2025-04-02,30.1,68,0.1,5.4,162,977.7
51,2025-04-03,30.6,68,0.1,5.9,167,978.5
51,2025-04-04,30.5,63,0.1,5.4,205,977.2
51,2025-04-05,29.5,64,0.0,6.1,224,976.7
51,2025-04-06,28.3,69,1.0,4.3,219,977.3
51,2025-04-07,27.6,76,1.2,3.3,17,979.4
51,2025-04-08,29.3,65,0.0,3.8,295,980.0
51,2025-04-09,30.2,57,0.0,4.6,282,977.3
51,2025-04-10,30.0,60,0.1,5.6,216,975.0
51,2025-04-11,29.6,66,0.0,6.5,233,973.8
51,2025-04-12,28.8,74,4.1,4.6,200,975.1
51,2025-04-13,28.2,80,16.5,4.8,119,976.9
51,2025-04-14,25.6,88,4.2,4.4,102,979.4
51,2025-04-15,28.4,77,0.2,3.0,242,978.7
51,2025-04-16,28.9,73,0.0,4.6,233,976.8
51,2025-04-17,29.4,72,0.3,5.4,235,975.6
51,2025-04-18,29.6,69,0.0,5.5,217,975.0
51,2025-04-19,30.2,67,0.0,4.7,205,974.5
51,2025-04-20,30.1,64,0.0,5.0,190,975.0
51,2025-04-21,31.3,63,0.0,5.5,188,976.6
51,2025-04-22,32.0,60,0.2,6.7,232,976.5
51,2025-04-23,32.4,58,0.1,6.1,229,975.0
51,2025-04-24,32.2,59,0.0,7.2,233,974.6
51,2025-04-25,32.6,57,0.0,4.9,221,974.8
51,2025-04-26,32.4,57,0.0,4.9,204,975.2
51,2025-04-27,32.2,56,0.0,5.9,155,976.5
51,2025-04-28,29.7,64,0.2,3.7,158,976.8
51,2025-04-29,28.4,70,1.7,3.4,131,977.6
51,2025-04-30,28.4,71,5.8,3.7,148,977.5
51,2025-05-01,28.5,76,8.0,2.7,101,979.0
51,2025-05-02,29.0,74,3.8,3.9,17,977.3
51,2025-05-03,28.6,77,4.8,4.0,154,976.3
51,2025-05-04,29.7,73,0.9,4.4,196,974.6
51,2025-05-05,30.9,65,0.0,4.5,212,974.1
51,2025-05-06,32.1,60,0.0,4.6,208,973.5
51,2025-05-07,32.3,59,0.0,5.6,193,972.7
51,2025-05-08,31.3,64,0.0,5.0,195,973.1
51,2025-05-09,31.8,61,0.1,4.3,184,973.4
51,2025-05-10,30.6,68,0.9,5.6,191,973.8
51,2025-05-11,29.3,76,17.8,4.5,131,973.4
51,2025-05-12,27.8,82,12.0,4.6,120,974.6
51,2025-05-13,28.0,82,2.4,5.5,154,975.2
51,2025-05-14,27.9,84,5.1,3.8,132,976.3
51,2025-05-15,27.3,85,8.1,3.9,140,977.3
51,2025-05-16,27.5,86,3.0,2.6,147,977.1
51,2025-05-17,28.4,83,1.8,2.7,146,976.7
51,2025-05-18,28.5,80,5.5,3.7,122,976.6
51,2025-05-19,29.5,77,3.6,3.4,210,975.4
51,2025-05-20,29.6,78,5.9,4.2,198,974.9
51,2025-05-21,29.2,79,1.6,4.4,185,974.7
51,2025-05-22,30.8,72,0.1,4.1,191,973.4
51,2025-05-23,30.2,75,0.4,4.3,222,971.7
51,2025-05-24,28.8,82,7.7,3.0,59,973.1
51,2025-05-25,27.9,85,12.4,4.9,103,975.2
51,2025-05-26,26.6,90,12.0,6.1,104,975.4
51,2025-05-27,26.8,90,12.7,6.8,126,974.0
51,2025-05-28,28.2,83,4.6,6.8,168,973.6
51,2025-05-29,28.4,82,5.1,7.1,167,973.7
51,2025-05-30,27.8,86,1.4,7.2,164,974.5
51,2025-05-31,28.2,84,6.0,6.1,172,975.3
51,2025-06-01,28.9,79,1.9,7.6,184,974.7
51,2025-06-02,28.8,77,3.6,7.2,189,973.7
51,2025-06-03,28.5,78,1.5,6.0,202,973.7
51,2025-06-04,29.6,74,0.1,4.6,222,974.2
51,2025-06-05,29.7,73,0.0,4.9,238,974.5
51,2025-06-06,30.5,71,0.0,5.3,244,974.2
51,2025-06-07,30.9,71,0.0,4.9,230,973.5
51,2025-06-08,30.8,74,0.4,5.1,194,972.3
51,2025-06-09,30.2,77,4.4,5.8,174,971.8
51,2025-06-10,29.3,79,6.4,4.4,172,971.7
51,2025-06-11,28.0,84,12.3,3.1,230,972.6
51,2025-06-12,28.5,82,8.9,3.0,238,972.2
51,2025-06-13,29.4,76,0.2,4.6,232,972.4
51,2025-06-14,28.6,83,5.3,4.6,192,973.0
51,2025-06-15,28.9,82,5.2,5.7,182,973.3
51,2025-06-16,29.0,79,3.7,6.3,190,974.3
51,2025-06-17,28.9,77,1.8,5.6,188,975.3
51,2025-06-18,29.4,72,0.4,6.8,210,974.9
51,2025-06-19,29.6,70,0.4,6.1,211,974.8
51,2025-06-20,29.1,74,6.9,5.6,227,974.0
51,2025-06-21,29.9,70,0.1,5.7,225,972.9
51,2025-06-22,28.8,79,2.6,5.8,180,972.8
51,2025-06-23,28.5,82,9.4,5.0,169,972.7
51,2025-06-24,28.6,79,3.3,6.7,171,972.8
51,2025-06-25,28.1,81,5.1,4.3,206,974.4
51,2025-06-26,29.3,74,0.3,5.9,231,974.4
51,2025-06-27,27.9,80,8.0,5.9,214,973.4
51,2025-06-28,28.0,80,1.4,6.9,200,972.2
51,2025-06-29,28.8,74,0.8,6.4,206,971.4
51,2025-06-30,28.6,78,10.0,6.1,185,971.6
51,2025-07-01,29.2,70,0.5,6.7,209,972.7
51,2025-07-02,28.7,72,1.1,5.7,208,973.7
51,2025-07-03,28.7,70,0.2,6.6,227,974.8
51,2025-07-04,29.4,67,0.1,4.9,227,974.7
51,2025-07-05,28.6,73,2.3,5.6,223,973.0
51,2025-07-06,28.8,74,2.0,6.0,207,972.6
51,2025-07-07,29.0,73,4.4,6.0,207,973.5
51,2025-07-08,29.7,71,0.1,5.6,218,974.2
51,2025-07-09,30.4,66,1.3,8.2,241,974.0
51,2025-07-10,29.7,67,0.7,6.6,244,972.1
51,2025-07-11,29.4,70,4.1,5.8,243,969.7
51,2025-07-12,27.5,86,24.0,4.0,199,971.3
51,2025-07-13,29.1,79,0.6,5.1,201,973.3
51,2025-07-14,30.2,72,0.2,6.3,236,973.6
51,2025-07-15,29.5,75,3.0,5.4,229,972.3
51,2025-07-16,27.4,87,7.4,4.0,203,972.8
51,2025-07-17,28.0,80,1.2,3.9,181,973.4
51,2025-07-18,28.8,77,0.9,5.1,205,972.6
51,2025-07-19,29.4,72,0.0,5.9,236,970.1
51,2025-07-20,28.7,75,3.2,5.2,235,969.8
51,2025-07-21,29.8,70,0.2,7.9,237,970.1
51,2025-07-22,28.2,77,9.9,6.0,225,968.4
51,2025-07-23,25.8,91,41.6,7.0,186,965.8
51,2025-07-24,27.1,88,17.3,8.7,153,969.6
51,2025-07-25,27.4,86,4.9,5.4,154,972.2
51,2025-07-26,28.0,86,4.9,3.5,186,972.6
51,2025-07-27,27.2,88,10.0,4.9,197,971.1
51,2025-07-28,27.6,85,8.8,4.3,199,970.6
51,2025-07-29,28.2,83,9.9,6.1,226,970.7
51,2025-07-30,28.6,79,4.9,7.0,223,972.0
51,2025-07-31,29.0,76,1.0,7.8,231,972.2
51,2025-08-01,29.8,73,0.3,7.5,229,971.8
51,2025-08-02,30.0,71,0.2,6.7,239,973.2
51,2025-08-03,30.1,69,0.0,8.1,234,975.0
51,2025-08-04,30.8,67,0.0,7.7,237,974.5
51,2025-08-05,29.1,78,7.8,6.8,247,974.0
51,2025-08-06,28.1,84,9.3,4.6,211,973.5
51,2025-08-07,28.4,80,5.6,5.8,193,975.1
51,2025-08-08,28.6,78,2.5,4.0,225,977.2
51,2025-08-09,29.4,73,0.0,5.7,249,976.7
51,2025-08-10,29.7,71,0.9,6.8,245,974.6
51,2025-08-11,29.4,73,1.0,5.1,231,972.9
51,2025-08-12,29.3,78,5.8,5.6,184,973.1
51,2025-08-13,29.7,75,2.7,4.6,214,975.0
51,2025-08-14,29.5,73,3.1,4.9,255,974.2
51,2025-08-15,28.7,78,5.0,3.7,217,971.6
51,2025-08-16,27.4,85,9.7,3.9,115,971.8
51,2025-08-17,27.3,85,11.5,4.6,132,975.0
51,2025-08-18,28.5,77,1.7,4.2,227,976.0
51,2025-08-19,29.7,71,0.1,5.9,230,975.5
51,2025-08-20,29.7,71,0.0,4.7,224,975.5
51,2025-08-21,29.8,72,2.2,4.6,224,975.8
51,2025-08-22,28.8,78,6.6,3.5,163,975.1
51,2025-08-23,27.3,85,8.1,3.8,146,975.0
51,2025-08-24,28.0,83,10.6,2.3,168,974.6
51,2025-08-25,29.0,79,3.2,3.3,308,972.6
51,2025-08-26,26.9,87,8.0,4.4,238,972.3
51,2025-08-27,26.3,88,22.9,4.7,201,973.5
51,2025-08-28,26.7,84,7.4,3.9,205,975.2
51,2025-08-29,28.3,77,0.0,4.2,262,975.7
51,2025-08-30,28.9,77,2.3,4.6,287,974.6
51,2025-08-31,26.4,91,48.4,5.6,53,971.5
51,2025-09-01,26.9,87,6.5,4.2,137,973.5
51,2025-09-02,27.9,84,4.0,3.7,161,974.3
51,2025-09-03,28.8,82,7.1,3.3,202,975.0
51,2025-09-04,29.9,78,1.1,3.7,222,974.4
51,2025-09-05,29.9,78,0.4,4.2,174,974.4
51,2025-09-06,29.0,80,3.0,2.9,156,975.1
51,2025-09-07,28.4,83,7.2,3.5,142,974.5
51,2025-09-08,28.5,83,2.7,3.9,134,974.3
51,2025-09-09,28.2,84,4.8,5.6,137,975.1
51,2025-09-10,28.1,82,1.8,6.1,170,975.5
51,2025-09-11,28.2,81,1.2,5.2,137,976.2
51,2025-09-12,28.6,83,6.4,3.1,147,976.9
51,2025-09-13,28.2,85,8.1,1.9,89,977.3
51,2025-09-14,27.9,84,7.3,2.3,171,977.6
51,2025-09-15,27.9,84,1.3,3.9,144,977.2
51,2025-09-16,27.7,83,3.7,4.5,133,977.4
51,2025-09-17,28.8,81,4.3,3.2,140,976.0
51,2025-09-18,28.7,83,3.9,3.1,136,974.8
51,2025-09-19,28.4,83,1.6,3.6,111,975.1
51,2025-09-20,27.8,85,6.4,5.5,131,974.3
51,2025-09-21,27.6,88,2.5,4.4,154,974.3
51,2025-09-22,28.0,86,3.1,4.5,188,974.7
51,2025-09-23,28.1,83,2.7,5.3,177,973.6
51,2025-09-24,27.8,84,3.8,3.8,167,971.7
51,2025-09-25,28.3,82,1.7,4.5,210,972.3
51,2025-09-26,28.2,81,15.5,3.1,211,974.8
51,2025-09-27,27.5,86,23.9,3.5,24,977.3
51,2025-09-28,28.9,82,7.6,4.3,323,974.9
51,2025-09-29,29.1,80,5.3,4.8,322,970.9
51,2025-09-30,26.9,91,12.7,6.4,151,973.5
51,2025-10-01,27.2,89,8.4,4.5,146,977.4
51,2025-10-02,28.4,83,7.5,2.4,328,979.1
51,2025-10-03,29.4,78,1.7,2.4,262,978.3
51,2025-10-04,28.4,82,5.1,3.4,159,978.0
51,2025-10-05,28.3,82,0.6,3.4,199,977.3
51,2025-10-06,28.6,77,2.2,5.6,233,975.9
51,2025-10-07,28.4,78,0.4,4.4,211,976.9
51,2025-10-08,28.2,83,5.9,3.3,131,978.5
51,2025-10-09,28.1,85,4.4,3.0,132,978.3
51,2025-10-10,28.6,79,0.7,3.7,126,977.8
51,2025-10-11,28.6,78,0.2,3.3,127,977.2
51,2025-10-12,29.0,78,0.4,3.2,121,977.0
51,2025-10-13,27.7,85,13.8,3.5,56,977.0
51,2025-10-14,27.4,83,3.0,3.1,105,976.9
51,2025-10-15,26.4,89,20.4,2.8,103,977.1
51,2025-10-16,27.1,85,7.9,4.5,130,978.3
51,2025-10-17,27.5,83,3.6,4.6,19,979.3
51,2025-10-18,28.4,77,0.1,3.7,9,978.5
51,2025-10-19,27.7,81,3.3,4.4,26,977.7
51,2025-10-20,27.7,80,0.6,4.5,16,978.0
51,2025-10-21,28.2,77,0.0,4.4,12,978.5
51,2025-10-22,27.0,75,0.1,6.9,28,979.3
51,2025-10-23,26.2,77,0.0,6.4,29,979.8
51,2025-10-24,26.8,80,0.3,4.1,74,979.9
51,2025-10-25,27.5,77,1.6,3.7,71,979.7
51,2025-10-26,27.2,78,0.4,5.1,38,979.8
51,2025-10-27,27.1,75,0.3,4.5,30,980.7
51,2025-10-28,27.3,72,0.0,4.0,31,980.1
51,2025-10-29,27.7,72,0.0,3.6,41,979.2
51,2025-10-30,27.9,75,0.4,4.0,43,978.8
51,2025-10-31,27.7,83,3.6,4.2,52,978.9
51,2025-11-01,26.6,89,21.3,3.6,76,978.9
51,2025-11-02,25.8,91,12.8,4.5,114,978.2
51,2025-11-03,25.6,91,31.3,5.4,127,977.5
51,2025-11-04,25.8,90,3.7,3.1,105,978.1
51,2025-11-05,26.4,87,1.7,3.4,130,977.3
51,2025-11-06,27.2,84,0.2,2.7,354,977.1
51,2025-11-07,27.2,83,0.1,4.7,330,976.0
51,2025-11-08,26.3,88,21.1,2.4,120,976.6
51,2025-11-09,26.1,90,6.5,2.9,160,976.9
51,2025-11-10,25.9,90,10.8,3.3,158,976.8
51,2025-11-11,26.4,89,1.0,2.0,156,976.9
51,2025-11-12,27.1,84,0.5,3.5,40,978.2
51,2025-11-13,27.3,83,1.6,2.5,100,980.1
51,2025-11-14,26.5,87,3.2,3.5,112,980.5
51,2025-11-15,26.5,81,1.5,3.2,103,981.9
51,2025-11-16,25.7,79,0.5,5.3,25,983.0
51,2025-11-17,24.3,85,1.9,4.4,11,982.8
51,2025-11-18,23.3,93,13.7,3.6,27,982.8
51,2025-11-19,22.7,91,0.9,5.0,63,984.0
51,2025-11-20,23.0,77,0.0,5.9,40,984.8
51,2025-11-21,23.0,77,0.0,6.0,21,985.0
51,2025-11-22,23.2,75,0.0,4.2,23,983.4
51,2025-11-23,23.6,78,0.0,4.1,9,982.9
51,2025-11-24,23.0,80,0.0,6.0,12,982.5
51,2025-11-25,21.3,79,0.0,7.4,20,982.5
51,2025-11-26,20.6,78,0.0,6.1,22,982.5
51,2025-11-27,19.1,77,0.0,8.5,30,983.9
51,2025-11-28,18.4,71,0.0,5.4,26,982.6
51,2025-11-29,18.7,66,0.0,2.6,22,980.7
51,2025-11-30,19.7,69,0.0,2.2,84,980.0
51,2025-12-01,21.1,72,0.0,1.6,62,979.8
51,2025-12-02,22.1,74,0.0,1.9,82,979.4
51,2025-12-03,23.3,77,0.0,2.7,31,981.1
51,2025-12-04,23.8,76,0.0,2.5,30,982.1
51,2025-12-05,24.4,78,0.0,2.6,13,982.8
51,2025-12-06,25.3,79,0.0,2.6,130,982.0
51,2025-12-07,25.6,80,0.0,2.5,101,981.2
51,2025-12-08,24.8,81,0.7,4.0,93,981.8
51,2025-12-09,23.8,75,0.0,3.7,117,982.0
51,2025-12-10,23.4,72,0.0,3.4,14,982.2
51,2025-12-11,22.6,78,0.0,3.5,78,981.6
51,2025-12-12,23.3,84,0.7,3.4,61,981.4
51,2025-12-13,23.9,84,1.1,3.2,38,981.9
51,2025-12-14,23.5,88,0.5,3.0,11,982.3
51,2025-12-15,24.8,78,0.0,3.2,36,981.9
51,2025-12-16,24.2,80,0.0,2.4,113,980.8
51,2025-12-17,24.6,79,0.2,3.2,86,981.4
51,2025-12-18,24.1,78,1.2,2.6,5,981.7
51,2025-12-19,23.6,79,0.0,2.1,360,980.0
51,2025-12-20,23.5,77,0.0,2.2,15,979.2
51,2025-12-21,23.1,74,0.0,4.6,29,981.1
51,2025-12-22,22.6,74,0.0,3.7,357,980.2
51,2025-12-23,23.3,76,0.0,2.4,9,978.7
51,2025-12-24,24.1,77,0.0,2.8,37,978.4
51,2025-12-25,23.8,72,0.0,2.8,340,979.6
51,2025-12-26,22.8,73,0.0,2.9,116,979.8
51,2025-12-27,22.4,78,0.0,2.6,128,980.4
51,2025-12-28,22.6,78,0.0,2.4,126,981.0
51,2025-12-29,22.8,74,0.0,2.6,106,979.8
51,2025-12-30,22.4,75,0.0,2.8,116,978.6
51,2025-12-31,22.9,74,0.0,2.4,128,977.0
52,2020-01-01,25.4,71,0.0,6.3,26,991.6
52,2020-01-02,25.5,71,0.0,5.4,15,991.8
52,2020-01-03,25.5,70,0.0,3.8,346,989.5
52,2020-01-04,25.6,68,0.0,4.7,175,987.0
52,2020-01-05,25.8,69,0.0,5.7,169,986.3
52,2020-01-06,26.6,67,0.0,3.8,189,986.5
52,2020-01-07,26.5,66,0.0,4.4,170,985.8
52,2020-01-08,26.0,68,0.0,3.3,227,986.0
52,2020-01-09,25.6,69,0.0,2.6,326,985.4
52,2020-01-10,25.8,66,0.0,2.9,306,984.1
52,2020-01-11,25.3,62,0.0,3.6,300,983.7
52,2020-01-12,23.7,62,0.0,4.3,98,983.5
52,2020-01-13,24.3,69,0.0,5.9,168,983.5
52,2020-01-14,25.1,75,0.0,4.5,174,984.7
52,2020-01-15,26.2,69,0.0,2.8,306,985.3
52,2020-01-16,26.0,63,0.0,3.0,313,985.7
52,2020-01-17,25.0,66,0.0,2.7,335,986.5
52,2020-01-18,25.1,68,0.0,3.4,47,985.8
52,2020-01-19,25.6,70,0.0,5.9,173,985.9
52,2020-01-20,26.0,69,0.0,5.8,169,987.0
52,2020-01-21,26.7,66,0.0,5.1,176,988.1
52,2020-01-22,27.3,64,0.0,3.5,236,987.2
52,2020-01-23,26.8,58,0.0,3.3,281,985.2
52,2020-01-24,24.8,56,0.0,3.8,292,984.4
52,2020-01-25,23.6,51,0.0,5.9,262,982.6
52,2020-01-26,21.8,48,0.0,5.2,261,982.6
52,2020-01-27,21.5,47,0.0,4.9,233,982.0
52,2020-01-28,21.7,52,0.0,4.3,226,983.8
52,2020-01-29,22.5,53,0.0,3.1,289,986.1
52,2020-01-30,22.8,62,0.0,5.8,129,985.7
52,2020-01-31,24.2,68,0.0,7.0,150,986.1
52,2020-02-01,24.7,63,0.0,6.7,159,986.6
52,2020-02-02,25.2,63,0.0,6.0,175,987.3
52,2020-02-03,25.8,60,0.0,4.0,193,986.1
52,2020-02-04,25.1,56,0.0,4.7,179,984.9
52,2020-02-05,25.4,64,0.0,5.9,174,984.5
52,2020-02-06,26.0,62,0.0,5.2,196,985.2
52,2020-02-07,25.9,58,0.0,4.9,171,986.4
52,2020-02-08,26.2,62,0.0,6.1,159,987.2
52,2020-02-09,26.4,63,0.0,6.0,138,988.4
52,2020-02-10,26.0,61,0.0,6.5,137,987.8
52,2020-02-11,26.5,60,0.0,6.0,164,987.2
52,2020-02-12,27.3,55,0.0,6.0,215,985.8
52,2020-02-13,27.5,48,0.0,7.9,248,984.1
52,2020-02-14,26.4,51,0.0,9.8,219,981.8
52,2020-02-15,25.7,47,0.0,5.3,231,983.2
52,2020-02-16,25.6,51,0.0,4.3,162,985.4
52,2020-02-17,26.3,54,0.0,6.5,153,986.7
52,2020-02-18,26.5,60,0.0,7.3,135,988.1
52,2020-02-19,26.7,61,0.0,6.4,152,988.6
52,2020-02-20,27.0,59,0.0,5.7,154,988.5
52,2020-02-21,26.4,58,0.0,7.0,93,990.7
52,2020-02-22,26.0,57,0.0,8.4,86,991.8
52,2020-02-23,25.8,57,0.0,5.8,103,990.2
52,2020-02-24,26.2,57,0.0,5.9,165,986.9
52,2020-02-25,26.5,57,0.0,5.9,166,985.2
52,2020-02-26,26.7,56,0.0,6.2,153,985.3
52,2020-02-27,26.9,58,0.0,6.2,164,984.7
52,2020-02-28,27.0,59,0.0,7.4,165,983.7
52,2020-02-29,28.0,61,0.0,6.9,166,983.2
52,2020-03-01,28.9,60,0.0,4.9,194,983.3
52,2020-03-02,29.1,55,0.0,5.4,191,982.7
52,2020-03-03,28.9,55,0.2,5.9,203,982.8
52,2020-03-04,28.0,61,0.7,4.2,238,983.5
52,2020-03-05,28.7,61,0.1,6.5,161,983.9
52,2020-03-06,29.6,61,0.0,7.6,175,985.0
52,2020-03-07,29.6,56,0.0,6.1,184,984.8
52,2020-03-08,30.1,44,0.0,6.2,243,982.3
52,2020-03-09,30.7,45,0.0,6.8,262,980.0
52,2020-03-10,30.1,47,0.0,5.5,200,980.5
52,2020-03-11,30.2,46,0.0,7.2,192,982.1
52,2020-03-12,29.9,45,0.0,5.1,194,983.7
52,2020-03-13,29.6,48,0.0,5.6,185,984.4
52,2020-03-14,29.8,52,0.0,5.7,176,983.2
52,2020-03-15,29.7,63,0.0,9.1,155,983.9
52,2020-03-16,29.6,68,0.5,7.0,165,985.0
52,2020-03-17,30.6,60,0.0,7.0,166,984.6
52,2020-03-18,31.0,54,0.0,6.4,184,982.3
52,2020-03-19,30.1,53,0.0,6.1,168,981.9
52,2020-03-20,30.3,55,0.0,8.3,165,982.6
52,2020-03-21,29.5,54,0.0,8.3,176,983.4
52,2020-03-22,29.6,50,0.0,6.0,193,983.1
52,2020-03-23,30.1,44,0.0,5.3,177,982.4
52,2020-03-24,30.2,53,0.0,7.7,175,981.2
52,2020-03-25,30.0,51,0.0,7.8,172,980.6
52,2020-03-26,30.3,47,0.0,6.8,188,981.9
52,2020-03-27,30.6,45,0.0,6.5,204,982.3
52,2020-03-28,30.2,45,0.0,6.4,187,981.3
52,2020-03-29,30.4,46,0.0,6.8,190,980.3
52,2020-03-30,30.4,44,0.0,6.6,192,980.6
52,2020-03-31,30.7,48,0.0,6.4,176,981.3
52,2020-04-01,31.3,49,0.0,6.8,173,980.8
52,2020-04-02,31.8,46,0.0,6.6,184,981.3
52,2020-04-03,31.4,46,0.0,6.2,172,982.6
52,2020-04-04,31.2,47,0.0,6.0,177,982.8
52,2020-04-05,31.8,51,0.0,8.5,169,983.0
52,2020-04-06,32.2,51,0.0,7.1,190,982.0
52,2020-04-07,32.3,47,0.0,7.0,189,981.0
52,2020-04-08,31.6,47,0.0,7.3,169,982.2
52,2020-04-09,31.0,53,0.0,9.0,158,983.4
52,2020-04-10,31.1,55,0.0,8.5,162,985.0
52,2020-04-11,31.0,53,0.0,6.3,166,984.3
52,2020-04-12,31.9,49,0.0,6.6,164,982.6
52,2020-04-13,30.4,65,2.3,11.1,158,983.7
52,2020-04-14,29.3,67,0.0,5.9,123,986.0
52,2020-04-15,30.4,59,0.0,5.8,168,984.3
52,2020-04-16,30.8,58,0.0,6.5,172,982.2
52,2020-04-17,31.8,52,0.0,6.7,170,982.2
52,2020-04-18,31.2,55,0.0,7.6,161,983.7
52,2020-04-19,31.8,55,0.0,6.7,168,982.7
52,2020-04-20,32.3,56,0.0,6.0,159,982.7
52,2020-04-21,32.8,55,0.5,5.5,179,981.6
52,2020-04-22,33.0,55,0.2,6.0,206,981.2
52,2020-04-23,32.3,57,0.1,8.0,157,982.5
52,2020-04-24,32.0,58,2.5,10.1,154,983.4
52,2020-04-25,28.4,76,11.2,8.1,137,985.4
52,2020-04-26,27.8,78,16.6,3.9,56,986.6
52,2020-04-27,24.9,86,16.2,7.0,26,988.8
52,2020-04-28,28.9,68,0.1,4.6,41,986.7
52,2020-04-29,27.2,81,5.0,4.7,13,985.8
52,2020-04-30,27.7,83,2.6,3.7,341,985.5
52,2020-05-01,28.9,78,1.6,3.8,224,983.7
52,2020-05-02,29.1,75,5.1,3.8,223,982.8
52,2020-05-03,30.7,70,0.0,3.9,279,982.5
52,2020-05-04,31.4,68,0.0,4.8,222,982.7
52,2020-05-05,32.6,64,0.0,5.2,186,981.4
52,2020-05-06,33.3,60,0.1,5.2,213,980.6
52,2020-05-07,32.9,62,0.0,5.2,206,980.2
52,2020-05-08,31.8,66,1.2,6.0,181,980.7
52,2020-05-09,32.2,64,0.2,4.9,164,981.7
52,2020-05-10,32.1,62,0.6,4.6,249,982.4
52,2020-05-11,31.4,62,1.7,5.6,231,983.4
52,2020-05-12,31.0,65,0.0,4.3,189,982.8
52,2020-05-13,32.6,57,0.0,6.3,190,981.7
52,2020-05-14,32.3,58,0.0,4.4,242,982.2
52,2020-05-15,32.4,57,0.1,5.3,206,979.6
52,2020-05-16,33.2,57,0.0,4.9,204,978.7
52,2020-05-17,33.8,54,0.0,6.9,217,978.0
52,2020-05-18,32.2,63,1.4,6.0,192,978.1
52,2020-05-19,30.6,69,2.9,6.9,190,979.2
52,2020-05-20,31.9,63,0.7,7.6,199,979.6
52,2020-05-21,30.5,71,4.1,5.4,221,980.9
52,2020-05-22,31.6,66,0.3,5.5,230,980.1
52,2020-05-23,33.2,56,0.0,7.3,247,979.7
52,2020-05-24,33.0,55,0.0,7.2,205,981.1
52,2020-05-25,33.2,54,0.0,8.0,208,982.2
52,2020-05-26,33.9,50,0.0,7.6,218,982.1
52,2020-05-27,34.0,52,0.0,7.5,214,981.4
52,2020-05-28,31.4,61,1.0,6.7,212,981.6
52,2020-05-29,30.6,68,3.3,5.8,170,982.0
52,2020-05-30,30.7,68,1.8,6.8,166,983.0
52,2020-05-31,30.0,72,4.8,5.5,165,983.8
52,2020-06-01,31.2,65,0.4,5.4,202,982.9
52,2020-06-02,31.2,65,0.4,6.3,191,981.6
52,2020-06-03,31.9,63,0.0,5.2,195,980.8
52,2020-06-04,31.6,66,0.7,4.5,185,980.6
52,2020-06-05,31.3,67,0.8,4.4,179,980.5
52,2020-06-06,30.8,70,7.4,5.8,172,980.1
52,2020-06-07,30.5,69,0.0,8.5,184,979.9
52,2020-06-08,30.4,68,0.8,8.2,182,979.4
52,2020-06-09,30.6,71,1.6,7.2,164,979.9
52,2020-06-10,31.5,67,0.3,7.6,165,980.6
52,2020-06-11,32.0,63,0.4,6.3,209,980.0
52,2020-06-12,32.9,58,0.4,7.6,244,978.5
52,2020-06-13,33.5,55,0.5,6.7,259,977.7
52,2020-06-14,29.1,81,16.1,4.6,165,979.1
52,2020-06-15,28.7,82,8.6,6.7,163,980.2
52,2020-06-16,28.0,85,11.3,6.6,159,980.7
52,2020-06-17,27.9,85,15.0,7.0,175,980.6
52,2020-06-18,26.0,93,20.8,5.7,180,981.6
52,2020-06-19,27.6,88,8.9,4.7,171,981.2
52,2020-06-20,29.2,84,2.4,4.6,173,980.8
52,2020-06-21,30.5,75,0.7,5.6,198,979.5
52,2020-06-22,31.4,72,0.0,5.3,199,979.3
52,2020-06-23,30.4,76,1.0,5.2,183,981.0
52,2020-06-24,29.2,82,4.1,3.7,249,981.2
52,2020-06-25,28.8,83,10.0,3.8,198,980.2
52,2020-06-26,28.8,85,30.4,4.3,195,980.1
52,2020-06-27,28.3,86,8.2,4.0,174,980.2
52,2020-06-28,29.9,77,0.8,5.2,191,979.7
52,2020-06-29,30.7,72,0.3,5.6,199,979.1
52,2020-06-30,30.9,72,0.7,6.0,195,978.9
52,2020-07-01,30.1,72,3.1,7.6,216,978.5
52,2020-07-02,29.7,75,4.8,5.3,201,977.7
52,2020-07-03,29.6,77,5.0,6.2,192,978.6
52,2020-07-04,28.6,82,10.0,5.8,170,980.4
52,2020-07-05,29.1,80,3.4,6.5,187,979.9
52,2020-07-06,30.7,71,0.0,5.0,211,978.9
52,2020-07-07,31.0,74,1.7,4.8,188,980.6
52,2020-07-08,29.4,82,5.9,5.2,149,981.8
52,2020-07-09,30.6,74,0.0,5.8,205,979.8
52,2020-07-10,30.9,68,0.8,7.4,223,979.7
52,2020-07-11,30.9,69,0.0,6.0,211,980.0
52,2020-07-12,29.6,77,3.2,5.3,175,979.5
52,2020-07-13,27.8,89,17.6,4.4,148,979.9
52,2020-07-14,29.0,79,1.7,5.5,163,980.9
52,2020-07-15,30.2,73,0.1,4.4,185,979.9
52,2020-07-16,30.5,72,1.0,5.1,179,978.9
52,2020-07-17,30.0,75,1.5,6.7,160,980.0
52,2020-07-18,29.8,76,2.2,5.4,196,981.4
52,2020-07-19,30.0,75,2.4,5.4,230,980.7
52,2020-07-20,29.9,75,4.5,4.3,200,980.6
52,2020-07-21,29.0,81,11.8,4.0,152,981.6
52,2020-07-22,28.8,83,4.4,5.4,145,981.4
52,2020-07-23,29.4,81,1.4,4.7,145,981.5
52,2020-07-24,31.2,74,0.0,3.9,159,981.5
52,2020-07-25,31.3,72,0.0,5.6,153,980.8
52,2020-07-26,31.2,71,0.2,6.3,156,980.7
52,2020-07-27,30.3,74,0.9,5.4,147,979.8
52,2020-07-28,29.0,79,1.6,3.5,270,980.9
52,2020-07-29,29.1,75,0.0,5.8,220,981.4
52,2020-07-30,30.6,67,0.4,5.6,243,980.5
52,2020-07-31,31.7,63,0.4,5.5,249,977.8
52,2020-08-01,31.5,69,3.4,5.1,252,975.6
52,2020-08-02,28.1,85,26.4,5.6,213,973.0
52,2020-08-03,26.8,94,16.5,7.1,168,972.0
52,2020-08-04,27.2,91,13.4,7.6,150,974.9
52,2020-08-05,27.9,89,25.8,5.4,161,978.3
52,2020-08-06,28.4,85,6.8,4.7,180,980.3
52,2020-08-07,28.6,87,8.1,4.3,161,979.5
52,2020-08-08,29.1,84,6.2,4.8,165,978.8
52,2020-08-09,29.8,82,2.2,5.2,178,978.7
52,2020-08-10,29.5,83,2.0,5.2,191,979.5
52,2020-08-11,29.1,81,2.3,5.6,194,979.6
52,2020-08-12,29.1,79,1.5,5.1,184,980.0
52,2020-08-13,28.3,84,3.2,5.7,160,979.4
52,2020-08-14,27.4,88,13.8,6.8,166,979.8
52,2020-08-15,26.3,93,14.8,5.7,171,981.1
52,2020-08-16,26.8,89,6.9,4.6,169,981.2
52,2020-08-17,28.1,83,0.0,4.4,201,980.3
52,2020-08-18,26.8,88,4.4,2.9,200,980.6
52,2020-08-19,27.2,89,15.1,2.9,176,980.4
52,2020-08-20,28.0,86,12.9,3.9,210,980.9
52,2020-08-21,26.1,94,22.6,5.6,202,981.6
52,2020-08-22,26.4,94,44.8,3.7,121,980.6
52,2020-08-23,26.4,94,55.0,4.3,139,980.3
52,2020-08-24,27.3,87,4.2,5.8,182,982.0
52,2020-08-25,28.7,80,0.0,5.1,225,982.2
52,2020-08-26,29.1,79,1.7,5.4,251,981.4
52,2020-08-27,29.1,80,4.0,6.9,256,979.4
52,2020-08-28,30.0,77,0.0,5.5,230,978.1
52,2020-08-29,29.8,81,0.3,4.7,198,978.6
52,2020-08-30,30.0,83,0.3,3.7,149,979.2
52,2020-08-31,29.2,84,0.2,3.8,131,980.5
52,2020-09-01,27.9,87,0.5,3.2,264,981.8
52,2020-09-02,28.9,82,0.1,3.1,256,982.3
52,2020-09-03,30.4,79,0.0,3.1,206,982.0
52,2020-09-04,29.9,82,0.3,3.5,146,981.7
52,2020-09-05,29.5,83,1.0,4.3,171,980.8
52,2020-09-06,29.4,84,1.5,4.9,184,980.2
52,2020-09-07,29.0,85,5.5,4.4,188,980.5
52,2020-09-08,28.4,84,5.8,4.4,152,981.5
52,2020-09-09,28.7,83,11.5,4.3,160,982.0
52,2020-09-10,28.8,84,2.3,4.6,164,980.2
52,2020-09-11,28.3,86,4.0,4.1,157,981.1
52,2020-09-12,28.7,86,0.8,4.7,152,983.0
52,2020-09-13,29.0,85,1.8,4.2,148,983.2
52,2020-09-14,28.7,85,6.9,3.9,181,982.3
52,2020-09-15,29.0,85,1.1,4.1,159,981.7
52,2020-09-16,29.8,83,3.3,4.0,163,981.2
52,2020-09-17,30.0,82,0.8,3.1,199,979.2
52,2020-09-18,29.1,87,17.2,5.1,334,976.6
52,2020-09-19,27.3,87,17.9,10.2,53,974.9
52,2020-09-20,26.7,92,17.6,7.5,130,980.0
52,2020-09-21,27.0,91,8.5,5.4,148,982.9
52,2020-09-22,28.6,86,5.8,3.5,161,983.1
52,2020-09-23,28.6,88,8.9,3.7,168,982.5
52,2020-09-24,27.4,90,39.1,3.1,167,983.3
52,2020-09-25,28.1,88,2.1,3.8,173,982.3
52,2020-09-26,28.9,85,3.4,3.9,216,981.7
52,2020-09-27,29.5,82,0.0,3.8,247,980.7
52,2020-09-28,28.9,86,6.7,3.8,85,980.5
52,2020-09-29,27.5,89,7.0,2.8,155,980.4
52,2020-09-30,27.8,88,2.0,3.6,159,980.2
52,2020-10-01,29.0,83,1.5,4.1,168,979.7
52,2020-10-02,28.8,86,9.6,3.1,135,980.4
52,2020-10-03,27.8,89,3.7,3.5,152,981.6
52,2020-10-04,28.0,86,3.4,3.9,152,982.6
52,2020-10-05,27.6,91,14.9,3.5,139,982.3
52,2020-10-06,28.3,86,12.4,2.3,132,983.2
52,2020-10-07,29.0,83,0.8,3.2,37,983.2
52,2020-10-08,27.7,87,3.7,4.0,5,982.4
52,2020-10-09,27.9,76,0.1,6.0,26,983.3
52,2020-10-10,27.0,77,0.0,4.9,9,982.9
52,2020-10-11,27.6,82,0.0,4.5,21,981.1
52,2020-10-12,28.1,83,0.2,3.1,88,980.2
52,2020-10-13,28.0,84,1.1,3.0,284,980.7
52,2020-10-14,28.5,82,0.0,3.9,299,980.2
52,2020-10-15,28.3,81,0.7,3.7,26,979.8
52,2020-10-16,27.5,85,1.8,5.5,26,981.0
52,2020-10-17,26.5,85,14.4,7.2,2,982.0
52,2020-10-18,25.9,83,8.7,4.7,4,983.0
52,2020-10-19,24.2,88,5.9,4.8,7,984.1
52,2020-10-20,23.6,90,0.6,5.0,20,985.8
52,2020-10-21,25.0,88,0.7,4.2,354,985.9
52,2020-10-22,26.4,86,0.5,4.6,18,984.4
52,2020-10-23,26.7,87,0.6,4.2,61,984.4
52,2020-10-24,26.4,87,0.5,4.0,132,984.9
52,2020-10-25,26.4,83,0.0,3.1,168,984.8
52,2020-10-26,26.9,81,0.0,3.8,64,983.6
52,2020-10-27,26.5,88,2.5,3.2,36,983.9
52,2020-10-28,27.2,84,0.4,4.4,328,983.3
52,2020-10-29,26.0,88,13.9,5.6,351,982.3
52,2020-10-30,25.2,91,12.1,5.8,56,984.7
52,2020-10-31,26.6,87,4.2,5.7,37,986.6
52,2020-11-01,27.5,83,0.5,4.8,42,986.6
52,2020-11-02,28.0,84,0.1,3.0,184,986.4
52,2020-11-03,27.6,84,5.1,3.2,110,987.0
52,2020-11-04,26.9,87,2.4,3.4,149,986.5
52,2020-11-05,26.6,87,0.6,2.8,127,986.7
52,2020-11-06,27.4,85,0.1,3.4,357,987.1
52,2020-11-07,27.1,83,0.1,4.5,27,987.8
52,2020-11-08,27.4,83,0.2,4.5,29,988.5
52,2020-11-09,26.8,80,0.2,4.8,38,987.7
52,2020-11-10,24.6,75,0.0,6.6,19,987.2
52,2020-11-11,24.1,70,0.0,7.2,8,988.6
52,2020-11-12,24.9,74,0.0,5.4,6,988.9
52,2020-11-13,26.9,76,0.0,4.9,4,987.1
52,2020-11-14,25.7,75,0.0,5.5,16,986.1
52,2020-11-15,23.7,70,0.0,6.9,355,986.5
52,2020-11-16,25.6,78,0.0,3.9,344,986.6
52,2020-11-17,27.0,79,0.0,2.8,42,985.3
52,2020-11-18,27.3,81,0.0,3.2,198,984.2
52,2020-11-19,27.2,80,0.0,3.4,246,983.6
52,2020-11-20,26.6,81,0.0,3.1,315,984.0
52,2020-11-21,26.4,81,0.0,3.5,329,984.3
52,2020-11-22,26.2,77,0.0,4.2,337,985.9
52,2020-11-23,26.3,78,0.0,3.6,21,986.8
52,2020-11-24,26.9,77,0.0,4.7,48,987.2
52,2020-11-25,26.0,78,0.0,5.0,17,987.0
52,2020-11-26,25.9,78,0.0,4.1,15,987.6
52,2020-11-27,26.1,77,0.0,5.2,60,988.6
52,2020-11-28,25.4,76,0.0,4.2,47,988.8
52,2020-11-29,24.8,78,0.0,5.3,26,988.4
52,2020-11-30,24.7,72,0.0,6.7,26,988.6
52,2020-12-01,23.9,71,0.0,5.9,18,989.4
52,2020-12-02,24.0,76,0.0,4.7,357,987.7
52,2020-12-03,24.3,82,0.0,4.8,126,987.3
52,2020-12-04,23.8,78,0.0,5.9,113,987.4
52,2020-12-05,22.4,76,0.0,5.4,90,988.8
52,2020-12-06,21.8,78,0.0,4.2,57,988.7
52,2020-12-07,22.2,78,0.0,3.6,62,988.6
52,2020-12-08,21.9,77,0.0,4.4,61,988.4
52,2020-12-09,21.9,75,0.0,3.7,88,986.7
52,2020-12-10,21.7,77,0.0,3.4,355,986.0
52,2020-12-11,22.1,76,0.0,3.2,348,986.1
52,2020-12-12,22.6,75,0.0,2.9,4,985.0
52,2020-12-13,23.5,79,0.0,3.1,28,983.7
52,2020-12-14,24.9,79,0.0,2.6,19,984.5
52,2020-12-15,24.7,78,0.0,4.0,11,986.4
52,2020-12-16,24.9,80,0.0,4.1,74,987.2
52,2020-12-17,24.5,82,0.0,4.3,142,986.4
52,2020-12-18,24.4,81,0.0,4.8,138,986.6
52,2020-12-19,23.6,81,0.0,4.8,94,987.8
52,2020-12-20,22.0,75,0.0,6.5,77,989.6
52,2020-12-21,21.3,71,0.0,7.2,31,989.8
52,2020-12-22,19.5,71,0.0,6.6,15,988.7
52,2020-12-23,19.0,76,0.0,5.2,1,986.3
52,2020-12-24,20.0,76,0.0,5.0,1,985.6
52,2020-12-25,21.7,75,0.0,4.3,1,985.7
52,2020-12-26,24.1,79,0.0,4.7,150,985.6
52,2020-12-27,25.4,80,0.0,3.7,147,984.6
52,2020-12-28,25.8,78,0.0,3.6,160,983.6
52,2020-12-29,25.0,73,0.0,3.0,300,984.0
52,2020-12-30,22.9,72,0.0,7.0,74,985.8
52,2020-12-31,23.4,67,0.0,6.9,91,988.8
52,2021-01-01,21.5,69,0.0,6.6,87,989.8
52,2021-01-02,19.9,74,0.0,5.0,80,988.9
52,2021-01-03,20.9,74,0.0,4.1,61,987.4
52,2021-01-04,21.5,72,0.0,4.8,42,988.1
52,2021-01-05,22.3,74,0.0,3.9,356,987.2
52,2021-01-06,23.9,75,0.0,4.5,109,985.2
52,2021-01-07,25.3,77,0.0,4.2,148,984.1
52,2021-01-08,25.4,80,0.0,6.0,132,984.8
52,2021-01-09,24.5,75,0.0,7.3,149,985.9
52,2021-01-10,23.3,75,0.0,6.6,151,985.9
52,2021-01-11,24.3,69,0.0,6.5,121,987.6
52,2021-01-12,19.7,60,0.0,11.7,51,991.7
52,2021-01-13,18.1,67,0.0,5.7,31,989.5
52,2021-01-14,19.4,73,0.0,4.5,35,986.7
52,2021-01-15,21.5,72,0.0,4.6,128,984.1
52,2021-01-16,22.1,70,0.0,4.9,147,983.7
52,2021-01-17,23.0,71,0.0,6.0,107,986.9
52,2021-01-18,23.0,63,0.0,6.0,71,989.4
52,2021-01-19,21.2,69,0.0,5.6,94,987.4
52,2021-01-20,21.2,71,0.0,5.3,162,986.2
52,2021-01-21,21.7,70,0.0,4.4,153,985.0
52,2021-01-22,22.6,68,0.0,3.7,147,984.3
52,2021-01-23,23.3,66,0.0,5.9,160,983.8
52,2021-01-24,24.0,63,0.0,4.3,175,984.6
52,2021-01-25,24.7,66,0.0,3.5,137,985.0
52,2021-01-26,25.2,65,0.0,4.2,187,984.4
52,2021-01-27,25.0,68,0.0,5.1,163,984.5
52,2021-01-28,25.3,71,0.0,4.9,178,986.0
52,2021-01-29,25.5,72,0.0,6.8,143,986.5
52,2021-01-30,25.5,71,0.0,7.3,167,986.8
52,2021-01-31,25.5,71,0.1,5.8,155,987.2
52,2021-02-01,25.9,68,0.0,4.6,167,987.1
52,2021-02-02,25.6,67,0.0,4.8,164,986.7
52,2021-02-03,25.8,66,0.0,4.9,175,986.8
52,2021-02-04,25.5,68,0.0,4.8,153,987.5
52,2021-02-05,25.5,67,0.0,4.6,158,986.7
52,2021-02-06,25.6,65,0.0,5.5,157,985.4
52,2021-02-07,26.1,66,0.0,6.5,161,984.6
52,2021-02-08,23.2,80,17.3,5.9,48,984.7
52,2021-02-09,22.4,69,0.0,7.4,11,986.2
52,2021-02-10,22.2,65,0.0,5.9,14,986.3
52,2021-02-11,22.6,66,0.0,4.7,53,985.7
52,2021-02-12,24.2,65,0.0,4.6,153,985.5
52,2021-02-13,25.0,66,0.0,5.7,156,985.5
52,2021-02-14,25.7,65,0.0,5.7,159,985.6
52,2021-02-15,26.2,66,0.0,5.7,154,984.0
52,2021-02-16,26.3,66,0.0,4.1,144,983.7
52,2021-02-17,26.8,67,0.2,5.9,143,985.7
52,2021-02-18,27.4,59,0.0,7.2,113,988.9
52,2021-02-19,25.5,57,0.0,7.1,92,990.4
52,2021-02-20,25.7,59,0.0,5.5,106,988.5
52,2021-02-21,26.8,57,0.0,4.5,155,986.5
52,2021-02-22,27.4,57,0.0,3.9,173,984.8
52,2021-02-23,28.1,57,0.0,4.8,164,983.6
52,2021-02-24,28.9,59,0.0,5.6,190,981.9
52,2021-02-25,28.9,52,0.0,6.7,245,980.4
52,2021-02-26,27.7,48,0.0,5.2,261,979.2
52,2021-02-27,27.4,46,0.0,4.9,267,980.0
52,2021-02-28,27.2,48,0.0,6.4,208,981.4
52,2021-03-01,26.8,50,0.0,5.4,183,984.6
52,2021-03-02,26.7,55,0.0,5.0,175,984.8
52,2021-03-03,27.8,65,0.0,6.1,155,984.3
52,2021-03-04,28.3,69,0.0,7.8,159,985.5
52,2021-03-05,29.6,60,0.0,5.0,191,984.3
52,2021-03-06,27.9,54,0.0,3.9,185,985.2
52,2021-03-07,28.1,50,0.0,4.0,189,984.7
52,2021-03-08,27.4,62,0.0,5.5,170,985.4
52,2021-03-09,28.0,59,0.0,5.9,165,985.4
52,2021-03-10,27.6,59,0.0,5.9,154,985.5
52,2021-03-11,28.2,64,0.0,4.1,138,986.0
52,2021-03-12,29.3,62,0.0,3.7,188,986.1
52,2021-03-13,29.2,62,0.0,5.1,156,985.3
52,2021-03-14,29.4,62,0.0,6.6,170,983.5
52,2021-03-15,29.9,63,0.0,5.7,173,982.2
52,2021-03-16,30.3,60,0.0,4.7,169,981.8
52,2021-03-17,30.5,58,0.0,5.4,165,981.6
52,2021-03-18,31.3,57,0.0,4.6,167,981.5
52,2021-03-19,31.9,55,0.0,6.0,169,980.7
52,2021-03-20,32.3,55,0.0,5.9,166,979.3
52,2021-03-21,32.6,54,0.0,5.9,165,980.2
52,2021-03-22,29.2,72,9.6,8.6,148,985.1
52,2021-03-23,30.2,64,0.0,6.6,158,986.2
52,2021-03-24,30.6,59,0.0,6.2,168,983.6
52,2021-03-25,31.2,59,0.0,5.8,168,982.2
52,2021-03-26,30.8,62,1.4,6.4,180,981.8
52,2021-03-27,30.6,64,0.0,5.0,188,980.7
52,2021-03-28,31.3,61,0.0,5.9,185,980.0
52,2021-03-29,31.7,53,0.0,5.9,192,979.2
52,2021-03-30,30.4,57,0.0,6.4,203,977.8
52,2021-03-31,31.8,52,0.0,5.6,200,977.1
52,2021-04-01,31.9,49,0.0,5.7,197,977.5
52,2021-04-02,31.1,52,0.0,4.8,173,979.0
52,2021-04-03,31.3,58,1.6,5.5,148,980.3
52,2021-04-04,25.4,89,28.0,3.2,16,984.1
52,2021-04-05,24.5,88,18.8,4.6,20,985.3
52,2021-04-06,23.2,88,9.7,6.7,6,986.7
52,2021-04-07,26.5,75,1.1,4.1,304,986.1
52,2021-04-08,29.7,70,0.1,4.0,163,983.4
52,2021-04-09,29.5,71,0.7,3.5,146,983.0
52,2021-04-10,29.2,73,1.8,5.3,145,984.7
52,2021-04-11,29.2,74,1.4,4.3,164,986.1
52,2021-04-12,29.7,71,0.6,3.4,177,985.9
52,2021-04-13,29.6,67,2.2,3.5,226,984.8
52,2021-04-14,28.9,71,1.5,4.8,197,984.1
52,2021-04-15,29.1,69,0.2,4.4,198,982.8
52,2021-04-16,29.3,72,1.5,3.6,217,982.5
52,2021-04-17,27.4,79,8.6,2.9,169,985.0
52,2021-04-18,27.1,84,8.5,3.7,171,984.3
52,2021-04-19,28.8,74,0.3,4.4,166,982.3
52,2021-04-20,30.0,71,0.0,5.0,166,981.8
52,2021-04-21,31.0,68,0.0,4.4,173,982.2
52,2021-04-22,32.0,62,0.0,4.3,192,981.3
52,2021-04-23,32.4,62,0.0,5.6,209,979.6
52,2021-04-24,33.0,61,0.0,5.4,198,979.6
52,2021-04-25,32.3,62,3.0,4.3,206,981.0
52,2021-04-26,28.9,73,7.4,4.0,177,982.0
52,2021-04-27,27.7,79,9.0,4.5,159,983.8
52,2021-04-28,27.0,85,9.3,3.7,152,985.6
52,2021-04-29,27.4,82,8.7,3.3,144,985.2
52,2021-04-30,26.8,86,10.3,3.3,138,984.8
52,2021-05-01,27.4,85,4.5,4.0,160,984.8
52,2021-05-02,28.5,79,3.8,3.6,186,984.4
52,2021-05-03,29.5,74,0.0,5.0,174,982.3
52,2021-05-04,31.1,66,0.5,3.8,183,981.9
52,2021-05-05,30.6,66,0.6,2.5,153,982.6
52,2021-05-06,29.2,71,3.2,4.4,138,985.6
52,2021-05-07,29.5,69,0.3,3.2,213,985.6
52,2021-05-08,30.0,66,0.1,3.0,214,983.7
52,2021-05-09,28.4,76,7.6,4.5,179,982.8
52,2021-05-10,30.3,71,0.2,5.0,186,981.3
52,2021-05-11,31.8,65,0.3,5.0,188,980.3
52,2021-05-12,32.0,64,0.8,5.7,198,979.6
52,2021-05-13,31.3,67,2.7,5.4,203,979.2
52,2021-05-14,31.8,64,0.3,5.7,200,979.2
52,2021-05-15,32.6,60,0.0,5.5,205,979.8
52,2021-05-16,33.2,58,0.0,5.1,179,980.2
52,2021-05-17,32.6,63,0.0,6.5,174,980.5
52,2021-05-18,32.7,64,0.0,5.2,181,980.7
52,2021-05-19,32.9,61,0.2,5.3,194,979.8
52,2021-05-20,32.8,64,1.3,5.4,188,979.9
52,2021-05-21,33.3,61,0.0,5.4,196,979.7
52,2021-05-22,33.5,59,0.0,6.1,201,978.3
52,2021-05-23,33.3,58,0.0,6.8,200,978.7
52,2021-05-24,33.4,55,0.1,5.8,212,979.8
52,2021-05-25,29.9,74,5.7,3.7,123,980.5
52,2021-05-26,30.4,73,2.5,4.5,178,980.0
52,2021-05-27,31.5,68,3.6,2.9,158,980.4
52,2021-05-28,29.6,79,5.5,4.5,133,981.9
52,2021-05-29,28.6,85,10.3,4.6,156,981.5
52,2021-05-30,30.4,76,0.5,6.2,164,980.4
52,2021-05-31,31.4,69,0.0,6.7,205,979.3
52,2021-06-01,32.6,62,0.0,6.0,213,979.6
52,2021-06-02,33.1,59,0.2,6.3,226,979.6
52,2021-06-03,33.6,56,0.0,5.9,224,980.0
52,2021-06-04,32.7,57,0.5,5.4,255,980.3
52,2021-06-05,29.6,77,18.2,4.4,257,980.2
52,2021-06-06,29.7,75,3.2,4.9,222,979.0
52,2021-06-07,30.2,76,1.9,5.1,187,978.5
52,2021-06-08,29.3,80,16.0,5.1,160,978.6
52,2021-06-09,28.0,86,14.0,6.1,160,978.9
52,2021-06-10,27.9,84,21.5,5.8,175,978.1
52,2021-06-11,29.2,79,16.2,5.1,174,977.9
52,2021-06-12,28.4,82,5.7,3.8,200,979.4
52,2021-06-13,27.4,87,8.6,6.6,198,978.6
52,2021-06-14,25.0,94,49.1,6.4,172,979.5
52,2021-06-15,27.1,87,14.9,7.8,174,979.0
52,2021-06-16,27.6,85,6.2,8.0,180,980.3
52,2021-06-17,28.2,79,16.5,7.1,194,982.0
52,2021-06-18,29.6,72,0.4,6.6,217,983.1
52,2021-06-19,30.3,66,0.0,7.3,243,982.3
52,2021-06-20,30.8,64,0.0,8.3,247,980.6
52,2021-06-21,30.5,68,0.3,7.4,238,979.5
52,2021-06-22,30.6,68,0.0,6.4,232,980.4
52,2021-06-23,30.0,73,3.1,5.6,214,981.1
52,2021-06-24,30.5,69,0.3,6.6,233,979.9
52,2021-06-25,30.6,64,0.0,5.7,213,978.8
52,2021-06-26,30.4,69,0.7,5.9,194,980.1
52,2021-06-27,29.8,75,2.5,6.2,211,981.9
52,2021-06-28,29.7,73,1.6,8.6,218,981.1
52,2021-06-29,30.6,67,0.2,7.3,225,979.6
52,2021-06-30,31.4,60,0.0,7.7,225,979.3
52,2021-07-01,30.0,68,5.2,6.1,214,979.9
52,2021-07-02,30.1,66,0.5,6.6,198,981.2
52,2021-07-03,30.8,62,0.0,6.9,231,980.8
52,2021-07-04,32.2,58,0.0,6.5,258,979.6
52,2021-07-05,33.2,57,0.0,4.5,263,978.4
52,2021-07-06,29.2,76,7.1,3.2,195,978.1
52,2021-07-07,29.5,79,11.0,3.5,151,979.3
52,2021-07-08,28.3,86,17.4,3.6,170,978.9
52,2021-07-09,28.5,83,9.4,4.2,130,979.1
52,2021-07-10,27.9,87,30.8,3.8,99,979.8
52,2021-07-11,27.7,89,11.0,4.4,120,981.4
52,2021-07-12,28.4,84,3.4,4.9,141,982.8
52,2021-07-13,29.8,81,0.5,3.3,192,981.5
52,2021-07-14,29.8,80,0.0,4.2,164,980.2
52,2021-07-15,28.6,84,7.8,4.7,147,980.7
52,2021-07-16,28.2,83,9.1,4.4,152,982.6
52,2021-07-17,29.4,80,3.7,3.8,184,980.5
52,2021-07-18,29.5,79,0.6,5.8,204,978.0
52,2021-07-19,28.4,80,6.2,7.2,178,977.3
52,2021-07-20,27.0,89,27.5,6.5,164,978.2
52,2021-07-21,27.7,84,11.1,7.7,176,978.1
52,2021-07-22,26.9,89,19.8,5.9,170,978.3
52,2021-07-23,28.2,83,3.6,6.4,203,978.7
52,2021-07-24,27.8,89,11.0,4.2,196,977.8
52,2021-07-25,27.8,88,4.7,6.4,208,977.4
52,2021-07-26,27.3,87,9.3,6.5,183,977.4
52,2021-07-27,27.6,85,0.9,5.8,186,977.1
52,2021-07-28,27.5,87,17.5,5.5,197,977.4
52,2021-07-29,29.4,81,3.1,6.3,206,978.0
52,2021-07-30,29.7,76,0.2,7.2,220,979.0
52,2021-07-31,29.7,76,5.9,6.3,212,979.2
52,2021-08-01,29.1,77,14.7,6.8,215,978.1
52,2021-08-02,29.2,76,4.2,6.8,220,978.3
52,2021-08-03,28.6,79,5.8,6.6,202,978.4
52,2021-08-04,28.4,82,3.1,6.7,192,979.4
52,2021-08-05,28.5,82,4.5,6.1,181,979.1
52,2021-08-06,28.5,83,12.1,5.8,179,979.8
52,2021-08-07,29.0,81,2.3,6.3,209,981.1
52,2021-08-08,30.4,73,0.0,6.6,236,981.0
52,2021-08-09,30.9,71,0.0,6.6,237,979.4
52,2021-08-10,30.3,77,0.0,5.0,210,977.9
52,2021-08-11,28.8,86,8.7,4.6,167,979.6
52,2021-08-12,29.7,80,1.0,6.3,178,981.9
52,2021-08-13,29.2,82,3.0,5.5,194,980.3
52,2021-08-14,28.3,86,7.6,4.8,176,978.9
52,2021-08-15,27.4,90,16.7,5.9,153,980.5
52,2021-08-16,26.9,90,37.0,6.2,163,984.4
52,2021-08-17,27.8,86,1.4,3.9,174,985.1
52,2021-08-18,29.3,80,3.1,3.4,231,982.8
52,2021-08-19,28.8,82,3.1,3.0,245,981.7
52,2021-08-20,28.4,83,1.0,3.0,179,982.9
52,2021-08-21,29.8,80,0.5,3.8,204,982.9
52,2021-08-22,30.4,77,0.1,5.3,200,981.2
52,2021-08-23,30.4,75,0.7,5.6,210,979.7
52,2021-08-24,29.2,81,5.0,3.3,167,979.1
52,2021-08-25,28.4,84,8.5,4.7,146,978.7
52,2021-08-26,28.7,83,8.8,5.1,128,979.8
52,2021-08-27,28.1,85,11.0,3.2,115,980.7
52,2021-08-28,27.3,89,20.5,3.6,121,980.8
52,2021-08-29,27.2,89,12.0,3.6,138,981.7
52,2021-08-30,28.1,85,7.0,3.5,125,982.8
52,2021-08-31,27.5,90,13.4,3.1,160,983.3
52,2021-09-01,27.7,89,8.4,3.3,162,982.5
52,2021-09-02,28.3,85,3.7,4.3,148,981.5
52,2021-09-03,27.8,87,3.0,4.9,156,980.2
52,2021-09-04,27.9,84,5.1,5.8,175,980.2
52,2021-09-05,27.9,85,9.1,4.4,168,981.4
52,2021-09-06,28.2,85,7.8,2.9,100,983.4
52,2021-09-07,28.9,83,10.5,4.5,320,983.1
52,2021-09-08,28.7,83,15.8,3.0,316,980.4
52,2021-09-09,26.5,91,49.3,4.7,119,979.7
52,2021-09-10,27.4,87,7.7,4.3,72,981.7
52,2021-09-11,28.1,85,0.5,4.1,195,981.5
52,2021-09-12,28.7,82,0.0,5.4,240,979.5
52,2021-09-13,29.7,77,0.0,5.0,243,979.9
52,2021-09-14,26.8,91,23.4,2.6,280,982.0
52,2021-09-15,28.2,88,10.9,3.7,67,982.6
52,2021-09-16,27.3,90,13.2,3.0,122,982.6
52,2021-09-17,27.2,89,4.5,4.2,138,983.0
52,2021-09-18,28.8,83,0.3,3.6,170,983.4
52,2021-09-19,29.4,82,0.4,3.2,190,983.0
52,2021-09-20,28.1,87,6.5,2.8,84,981.9
52,2021-09-21,27.7,87,7.3,4.1,25,981.2
52,2021-09-22,27.4,88,22.3,4.3,95,980.7
52,2021-09-23,26.7,91,20.7,2.8,77,982.3
52,2021-09-24,27.7,88,10.2,2.4,280,982.5
52,2021-09-25,27.4,90,26.7,4.0,347,980.4
52,2021-09-26,26.6,88,6.6,9.1,75,981.2
52,2021-09-27,26.6,91,7.4,3.4,84,983.5
52,2021-09-28,27.7,85,3.5,3.4,15,984.2
52,2021-09-29,29.0,82,2.9,2.5,328,982.8
52,2021-09-30,29.2,84,0.6,3.0,159,982.3
52,2021-10-01,28.4,87,7.7,4.1,150,982.6
52,2021-10-02,27.5,88,8.5,3.1,193,983.1
52,2021-10-03,28.2,86,1.6,3.4,164,982.6
52,2021-10-04,28.1,85,0.3,3.0,119,982.8
52,2021-10-05,29.0,81,0.0,3.3,351,982.6
52,2021-10-06,28.1,85,19.0,3.6,356,980.5
52,2021-10-07,28.6,85,1.5,3.1,139,979.5
52,2021-10-08,29.1,83,0.0,3.5,202,978.9
52,2021-10-09,29.5,82,0.1,3.7,171,979.0
52,2021-10-10,29.0,84,7.4,3.9,208,977.9
52,2021-10-11,27.1,90,37.1,3.8,339,978.4
52,2021-10-12,26.7,91,22.5,4.6,14,979.3
52,2021-10-13,27.9,87,1.7,3.3,328,978.6
52,2021-10-14,27.4,87,4.6,3.6,359,978.0
52,2021-10-15,26.4,87,3.3,5.5,40,979.5
52,2021-10-16,25.6,92,25.4,7.4,49,982.6
52,2021-10-17,26.4,85,1.3,5.7,3,985.6
52,2021-10-18,26.3,82,5.8,4.5,355,986.2
52,2021-10-19,26.6,91,5.4,2.8,174,987.6
52,2021-10-20,27.9,87,1.5,2.9,168,987.3
52,2021-10-21,28.3,87,2.9,3.7,158,985.5
52,2021-10-22,26.7,89,30.2,3.8,123,986.2
52,2021-10-23,26.1,91,6.2,2.9,132,987.9
52,2021-10-24,27.1,82,0.3,4.2,82,988.0
52,2021-10-25,26.9,81,0.0,4.5,105,986.5
52,2021-10-26,27.3,79,0.0,4.2,88,985.6
52,2021-10-27,27.8,80,0.0,3.6,30,985.6
52,2021-10-28,27.7,82,0.1,4.0,59,985.8
52,2021-10-29,26.7,89,4.4,3.8,32,987.0
52,2021-10-30,26.1,93,14.6,2.1,300,987.7
52,2021-10-31,27.2,87,2.1,2.9,212,987.0
52,2021-11-01,27.4,86,4.9,2.7,90,987.1
52,2021-11-02,27.4,86,1.9,2.6,13,987.0
52,2021-11-03,27.8,86,0.5,3.2,68,986.2
52,2021-11-04,27.6,86,0.3,2.4,181,985.6
52,2021-11-05,27.3,85,0.0,2.6,183,984.1
52,2021-11-06,27.7,84,0.0,3.0,196,982.0
52,2021-11-07,28.2,83,0.0,3.4,162,982.4
52,2021-11-08,27.8,85,0.4,5.0,85,984.2
52,2021-11-09,26.9,83,0.7,4.0,98,986.5
52,2021-11-10,27.0,81,0.0,4.7,101,986.7
52,2021-11-11,26.5,82,0.0,4.5,132,985.8
52,2021-11-12,26.9,83,0.0,4.1,102,986.4
52,2021-11-13,26.5,79,0.0,4.8,97,986.4
52,2021-11-14,26.2,83,0.0,4.1,100,986.1
52,2021-11-15,26.6,84,0.1,3.4,128,984.7
52,2021-11-16,27.0,83,0.0,4.1,143,984.8
52,2021-11-17,27.3,83,0.0,4.0,360,985.6
52,2021-11-18,27.3,81,0.0,4.4,234,984.5
52,2021-11-19,27.3,82,0.0,3.7,201,982.4
52,2021-11-20,27.8,81,0.0,3.9,184,982.1
52,2021-11-21,27.6,77,0.0,2.9,300,983.4
52,2021-11-22,26.8,79,0.0,4.3,124,984.2
52,2021-11-23,27.1,85,2.5,4.3,135,985.3
52,2021-11-24,26.5,85,2.8,4.4,132,986.9
52,2021-11-25,26.0,81,0.3,3.2,60,987.2
52,2021-11-26,26.3,78,0.0,3.7,34,986.7
52,2021-11-27,25.9,76,0.0,5.7,51,987.7
52,2021-11-28,25.2,79,0.0,5.8,4,988.2
52,2021-11-29,24.5,79,0.0,6.3,6,987.2
52,2021-11-30,24.5,75,0.0,6.2,19,987.4
52,2021-12-01,24.4,73,0.0,6.8,25,988.3
52,2021-12-02,23.8,73,0.0,5.6,37,989.2
52,2021-12-03,23.3,76,0.0,4.9,32,990.4
52,2021-12-04,21.7,72,0.0,5.3,41,990.4
52,2021-12-05,20.7,71,0.0,5.4,20,990.2
52,2021-12-06,21.0,71,0.0,4.8,23,989.4
52,2021-12-07,21.6,74,0.0,4.4,27,989.1
52,2021-12-08,22.1,72,0.0,4.5,34,989.6
52,2021-12-09,22.9,75,0.0,5.4,7,990.4
52,2021-12-10,24.4,76,0.0,4.8,358,989.0
52,2021-12-11,24.3,78,0.0,2.8,302,988.7
52,2021-12-12,24.7,76,0.0,5.2,86,989.1
52,2021-12-13,24.1,72,0.0,4.3,74,988.8
52,2021-12-14,23.6,75,0.0,4.3,36,987.4
52,2021-12-15,22.9,77,0.0,3.2,305,986.2
52,2021-12-16,23.0,78,0.0,3.7,354,986.1
52,2021-12-17,22.6,75,0.0,5.9,10,987.0
52,2021-12-18,22.9,74,0.0,5.4,39,987.8
52,2021-12-19,23.1,70,0.0,6.0,56,988.8
52,2021-12-20,21.7,69,0.0,5.2,11,988.3
52,2021-12-21,20.9,76,0.0,4.1,356,987.3
52,2021-12-22,21.7,75,0.0,4.1,61,986.6
52,2021-12-23,22.3,76,0.0,4.5,141,985.7
52,2021-12-24,22.8,80,0.0,3.5,116,985.7
52,2021-12-25,23.4,81,0.2,4.2,111,986.8
52,2021-12-26,24.2,80,0.2,2.6,32,988.8
52,2021-12-27,24.4,80,0.0,3.9,267,989.7
52,2021-12-28,24.5,77,0.0,3.1,44,989.4
52,2021-12-29,24.3,73,0.0,4.9,38,989.5
52,2021-12-30,25.0,76,0.1,5.0,36,990.6
52,2021-12-31,24.8,77,0.0,3.7,62,990.5
52,2022-01-01,24.1,75,0.0,4.0,69,990.1
52,2022-01-02,23.9,74,0.0,4.6,78,989.7
52,2022-01-03,23.2,74,0.0,4.2,46,988.2
52,2022-01-04,23.4,76,0.0,2.8,149,987.8
52,2022-01-05,23.8,76,0.0,2.9,125,987.0
52,2022-01-06,24.2,74,0.0,3.5,247,986.8
52,2022-01-07,23.8,77,0.0,3.7,101,987.9
52,2022-01-08,24.3,77,0.0,3.6,168,987.5
52,2022-01-09,24.4,76,0.0,3.8,181,985.9
52,2022-01-10,24.6,72,0.0,4.3,188,986.1
52,2022-01-11,24.6,69,0.0,3.5,233,986.8
52,2022-01-12,24.4,72,0.0,4.7,157,987.4
52,2022-01-13,25.3,74,0.0,3.7,160,987.4
52,2022-01-14,25.6,72,0.0,4.4,173,987.2
52,2022-01-15,25.3,70,0.0,4.7,173,986.6
52,2022-01-16,25.3,70,0.0,3.3,267,987.0
52,2022-01-17,24.4,80,1.0,4.0,353,988.0
52,2022-01-18,24.2,80,4.0,4.5,35,987.7
52,2022-01-19,23.3,83,3.8,4.5,323,986.5
52,2022-01-20,23.0,83,2.9,4.1,306,984.8
52,2022-01-21,23.0,87,7.7,4.8,106,984.1
52,2022-01-22,23.6,82,0.3,4.7,158,982.8
52,2022-01-23,23.3,72,0.0,2.6,331,983.7
52,2022-01-24,22.8,69,0.0,3.5,1,984.0
52,2022-01-25,23.1,73,0.0,3.7,352,984.4
52,2022-01-26,23.8,70,0.0,3.8,159,984.4
52,2022-01-27,24.4,66,0.0,3.7,272,984.4
52,2022-01-28,24.2,65,0.0,3.2,298,984.2
52,2022-01-29,24.8,63,0.0,6.4,266,982.9
52,2022-01-30,23.8,63,0.0,7.5,215,981.9
52,2022-01-31,22.8,58,0.0,5.6,191,982.4
52,2022-02-01,23.2,58,0.0,6.0,184,982.9
52,2022-02-02,24.6,60,0.0,5.6,240,984.4
52,2022-02-03,23.9,59,0.0,3.3,335,985.0
52,2022-02-04,24.5,75,1.9,3.5,116,985.4
52,2022-02-05,22.2,93,3.4,4.4,102,987.1
52,2022-02-06,23.7,84,0.4,6.5,155,986.5
52,2022-02-07,25.8,69,0.0,5.4,214,985.0
52,2022-02-08,24.6,60,0.0,2.9,256,984.7
52,2022-02-09,24.6,60,0.0,3.2,298,984.7
52,2022-02-10,24.5,63,0.0,3.8,325,984.2
52,2022-02-11,25.2,63,0.0,3.9,305,983.3
52,2022-02-12,26.3,72,0.0,6.1,180,981.8
52,2022-02-13,25.6,65,0.0,4.0,316,981.4
52,2022-02-14,25.0,65,0.0,4.5,132,982.6
52,2022-02-15,24.9,83,1.8,6.4,133,983.9
52,2022-02-16,25.5,83,0.4,5.0,162,982.3
52,2022-02-17,26.1,82,0.5,5.2,164,981.4
52,2022-02-18,27.3,81,9.1,6.2,164,982.0
52,2022-02-19,25.9,89,15.5,3.6,168,982.4
52,2022-02-20,26.8,80,6.0,6.1,172,980.5
52,2022-02-21,24.0,76,0.1,7.3,126,984.2
52,2022-02-22,24.7,73,0.0,7.5,150,987.1
52,2022-02-23,25.2,72,0.0,5.2,124,988.6
52,2022-02-24,24.9,68,0.0,5.0,86,990.0
52,2022-02-25,25.0,68,0.0,5.2,98,989.4
52,2022-02-26,25.9,64,0.0,3.9,97,988.8
52,2022-02-27,26.7,63,0.0,3.4,153,987.1
52,2022-02-28,27.2,65,0.0,4.9,154,986.1
52,2022-03-01,28.3,61,0.0,4.0,161,985.2
52,2022-03-02,28.6,63,0.0,5.2,152,985.0
52,2022-03-03,28.9,69,0.0,5.2,164,984.5
52,2022-03-04,29.8,66,0.0,4.5,165,983.2
52,2022-03-05,30.6,63,0.0,4.2,181,981.7
52,2022-03-06,30.2,65,0.0,5.9,160,982.0
52,2022-03-07,29.6,69,8.8,7.0,117,984.1
52,2022-03-08,28.0,72,4.1,4.7,126,985.5
52,2022-03-09,29.2,68,0.0,4.5,162,983.4
52,2022-03-10,30.4,66,0.0,5.1,174,982.0
52,2022-03-11,31.0,65,0.0,4.5,173,981.0
52,2022-03-12,31.4,65,0.0,5.5,165,980.6
52,2022-03-13,32.0,63,0.0,4.4,161,980.7
52,2022-03-14,32.0,61,0.0,5.1,164,981.2
52,2022-03-15,30.9,64,7.5,5.2,175,979.9
52,2022-03-16,30.7,63,0.5,4.6,167,979.8
52,2022-03-17,30.3,61,3.8,5.1,148,980.5
52,2022-03-18,29.2,63,0.4,4.5,74,981.3
52,2022-03-19,29.0,67,0.0,6.0,179,980.4
52,2022-03-20,29.0,71,0.3,6.4,175,980.4
52,2022-03-21,28.7,74,6.5,6.5,157,982.2
52,2022-03-22,29.3,72,5.4,7.4,164,982.9
52,2022-03-23,28.7,78,5.0,5.3,169,982.8
52,2022-03-24,29.9,67,0.3,6.5,200,981.6
52,2022-03-25,30.5,60,0.0,5.0,204,981.9
52,2022-03-26,31.0,60,0.0,5.0,189,983.4
52,2022-03-27,31.3,59,0.1,4.6,175,983.0
52,2022-03-28,30.1,63,2.4,5.6,143,982.7
52,2022-03-29,28.3,76,2.7,7.5,150,983.1
52,2022-03-30,29.4,69,0.5,6.7,133,983.3
52,2022-03-31,30.5,63,0.0,4.8,141,983.5
52,2022-04-01,30.2,65,1.6,6.7,126,984.3
52,2022-04-02,26.0,72,2.2,10.0,43,988.7
52,2022-04-03,25.1,58,0.0,7.7,27,989.8
52,2022-04-04,27.6,59,0.0,5.6,113,988.9
52,2022-04-05,29.7,55,0.0,5.1,143,987.8
52,2022-04-06,30.0,59,0.0,3.9,110,986.2
52,2022-04-07,28.7,66,0.5,6.1,27,986.7
52,2022-04-08,28.4,68,0.0,4.7,163,985.8
52,2022-04-09,29.5,62,0.0,4.7,203,983.2
52,2022-04-10,29.7,66,0.0,4.6,159,982.1
52,2022-04-11,30.9,63,0.0,4.6,176,980.8
52,2022-04-12,31.2,58,0.0,6.0,231,979.8
52,2022-04-13,31.5,57,0.0,4.1,210,978.9
52,2022-04-14,32.0,56,0.0,5.5,210,978.9
52,2022-04-15,32.3,57,0.0,5.4,196,979.1
52,2022-04-16,32.5,54,0.0,6.2,193,979.1
52,2022-04-17,32.2,56,0.0,7.0,162,980.5
52,2022-04-18,29.9,68,2.9,7.9,120,983.7
52,2022-04-19,28.5,73,4.8,2.8,120,985.8
52,2022-04-20,27.8,76,9.0,3.5,228,984.5
52,2022-04-21,27.9,77,8.1,4.0,176,983.1
52,2022-04-22,29.9,68,0.1,4.4,173,982.5
52,2022-04-23,30.8,66,0.2,5.6,169,981.6
52,2022-04-24,32.0,61,0.0,4.9,184,980.0
52,2022-04-25,32.8,60,0.1,4.8,187,979.5
52,2022-04-26,32.9,59,0.0,5.2,220,979.7
52,2022-04-27,33.4,57,0.0,3.7,224,979.9
52,2022-04-28,33.3,55,0.3,3.3,202,980.1
52,2022-04-29,30.7,65,0.1,5.5,196,981.7
52,2022-04-30,31.3,64,0.5,4.2,160,980.8
52,2022-05-01,29.1,74,15.9,3.6,67,980.3
52,2022-05-02,27.5,76,5.0,5.7,98,982.7
52,2022-05-03,28.1,67,0.2,6.1,93,985.4
52,2022-05-04,28.9,63,0.0,5.0,151,984.7
52,2022-05-05,29.5,65,0.0,4.5,146,982.4
52,2022-05-06,29.4,72,2.3,3.6,113,981.8
52,2022-05-07,28.2,79,6.9,2.9,65,982.6
52,2022-05-08,27.6,85,13.2,3.6,101,982.6
52,2022-05-09,28.1,85,7.5,3.1,158,982.4
52,2022-05-10,28.5,83,8.0,4.2,187,982.0
52,2022-05-11,28.6,84,10.3,4.7,174,981.3
52,2022-05-12,29.0,82,2.7,5.1,200,980.0
52,2022-05-13,30.0,77,1.8,6.2,195,979.3
52,2022-05-14,30.4,75,0.7,5.5,185,980.1
52,2022-05-15,30.8,75,3.9,5.0,198,981.0
52,2022-05-16,30.4,75,14.3,5.4,189,980.6
52,2022-05-17,27.9,84,10.5,6.0,125,982.5
52,2022-05-18,27.6,87,4.3,3.5,133,983.3
52,2022-05-19,27.7,86,5.9,4.1,146,982.6
52,2022-05-20,27.1,90,14.0,5.7,93,979.3
52,2022-05-21,25.9,95,65.9,10.1,148,974.5
52,2022-05-22,28.3,86,14.1,6.6,199,973.9
52,2022-05-23,29.7,75,1.5,7.2,206,976.0
52,2022-05-24,28.4,79,8.4,5.9,178,979.8
52,2022-05-25,29.3,75,3.9,6.4,193,980.9
52,2022-05-26,30.0,72,0.2,6.9,235,978.8
52,2022-05-27,29.5,73,2.2,6.7,229,976.9
52,2022-05-28,29.3,76,0.7,5.3,220,976.4
52,2022-05-29,29.5,76,3.1,6.1,212,977.1
52,2022-05-30,30.0,76,0.6,4.9,189,977.5
52,2022-05-31,29.2,78,2.9,5.3,178,977.8
52,2022-06-01,29.6,78,1.2,5.3,183,979.2
52,2022-06-02,30.4,73,0.6,6.1,205,979.3
52,2022-06-03,30.0,72,0.4,6.9,194,979.5
52,2022-06-04,29.5,73,2.2,6.9,187,980.5
52,2022-06-05,29.0,77,3.0,6.0,192,980.1
52,2022-06-06,29.7,72,5.1,7.1,198,979.2
52,2022-06-07,28.8,73,4.7,8.0,192,979.6
52,2022-06-08,28.7,73,1.4,8.0,180,980.2
52,2022-06-09,28.8,75,1.4,6.9,186,980.1
52,2022-06-10,29.5,72,0.4,7.7,201,980.0
52,2022-06-11,29.9,69,1.1,7.6,199,980.6
52,2022-06-12,30.0,70,2.0,5.1,199,981.3
52,2022-06-13,30.3,70,3.0,7.2,222,980.7
52,2022-06-14,30.9,68,1.7,6.1,203,980.3
52,2022-06-15,29.9,70,3.5,5.2,190,981.5
52,2022-06-16,28.7,79,6.9,4.9,170,982.6
52,2022-06-17,29.1,77,1.6,5.2,206,982.1
52,2022-06-18,29.4,74,0.5,5.7,211,981.8
52,2022-06-19,30.5,65,0.2,8.2,232,980.4
52,2022-06-20,29.9,66,2.0,8.0,237,978.3
52,2022-06-21,30.9,64,0.1,8.2,228,977.8
52,2022-06-22,31.2,62,4.0,6.4,207,980.1
52,2022-06-23,31.0,63,2.9,5.9,213,981.0
52,2022-06-24,29.5,74,3.8,3.4,188,980.6
52,2022-06-25,29.7,74,0.9,5.5,155,979.5
52,2022-06-26,28.7,80,10.5,5.6,155,981.1
52,2022-06-27,29.5,75,3.2,5.9,179,981.6
52,2022-06-28,29.4,75,1.6,5.5,204,980.1
52,2022-06-29,29.6,75,0.8,6.1,222,977.5
52,2022-06-30,29.2,79,8.0,4.6,231,976.4
52,2022-07-01,28.1,87,27.3,5.1,222,975.7
52,2022-07-02,28.3,85,10.0,4.7,198,975.6
52,2022-07-03,29.7,74,3.6,6.8,207,976.6
52,2022-07-04,29.3,80,18.5,5.1,187,976.7
52,2022-07-05,29.9,75,3.8,6.1,192,977.6
52,2022-07-06,29.8,77,0.6,4.4,222,979.3
52,2022-07-07,27.8,89,9.8,4.5,216,979.6
52,2022-07-08,28.4,85,5.7,4.4,203,978.8
52,2022-07-09,28.8,81,1.0,5.3,187,977.7
52,2022-07-10,28.5,83,4.7,4.0,192,978.5
52,2022-07-11,28.4,83,2.6,4.0,230,979.0
52,2022-07-12,28.9,82,0.5,3.7,215,977.7
52,2022-07-13,27.6,87,1.6,3.2,202,977.3
52,2022-07-14,27.4,90,20.8,3.2,148,977.1
52,2022-07-15,28.8,84,9.7,3.2,158,978.4
52,2022-07-16,29.8,81,1.4,4.0,155,979.4
52,2022-07-17,30.5,78,1.6,4.9,204,980.4
52,2022-07-18,31.1,72,0.1,6.2,237,979.1
52,2022-07-19,30.6,73,3.4,5.5,229,977.7
52,2022-07-20,28.8,85,15.8,3.0,154,978.7
52,2022-07-21,27.9,89,19.0,3.3,106,979.7
52,2022-07-22,26.9,91,20.8,3.2,147,981.9
52,2022-07-23,27.5,88,17.4,4.3,149,982.5
52,2022-07-24,28.3,86,7.4,2.9,201,982.1
52,2022-07-25,29.2,82,0.7,3.3,224,982.2
52,2022-07-26,30.4,75,0.1,3.4,221,981.8
52,2022-07-27,30.8,76,0.0,4.0,176,980.8
52,2022-07-28,31.1,76,0.3,4.3,160,980.7
52,2022-07-29,30.3,81,0.3,4.7,153,980.1
52,2022-07-30,30.4,76,0.6,4.0,179,979.1
52,2022-07-31,27.5,88,7.4,3.5,184,978.7
52,2022-08-01,28.6,84,2.2,4.9,168,978.1
52,2022-08-02,28.2,85,14.6,5.2,151,979.2
52,2022-08-03,28.7,85,6.9,3.8,140,981.1
52,2022-08-04,29.1,80,2.8,5.8,189,980.6
52,2022-08-05,27.9,83,15.9,5.4,191,979.3
52,2022-08-06,27.6,88,39.7,5.1,170,978.3
52,2022-08-07,27.6,88,56.6,4.7,161,978.2
52,2022-08-08,26.6,92,16.1,5.0,157,979.6
52,2022-08-09,26.9,89,6.7,3.6,182,979.1
52,2022-08-10,28.3,84,1.0,4.3,224,977.7
52,2022-08-11,28.3,83,5.8,6.5,232,976.8
52,2022-08-12,25.8,93,27.7,7.6,164,978.3
52,2022-08-13,27.9,86,3.4,4.8,165,981.3
52,2022-08-14,28.9,83,4.1,3.2,195,982.1
52,2022-08-15,28.5,86,3.6,4.7,235,980.3
52,2022-08-16,27.7,89,18.1,3.4,159,978.3
52,2022-08-17,27.6,87,7.4,5.4,138,978.9
52,2022-08-18,28.2,83,3.5,5.5,176,979.8
52,2022-08-19,29.2,80,0.8,5.3,223,980.0
52,2022-08-20,29.3,80,0.6,6.4,250,978.3
52,2022-08-21,27.2,90,16.8,4.5,209,976.8
52,2022-08-22,27.6,88,9.5,6.5,157,978.6
52,2022-08-23,29.2,81,0.6,4.3,186,980.8
52,2022-08-24,29.7,80,0.1,4.2,255,979.8
52,2022-08-25,26.8,90,7.5,3.3,235,977.7
52,2022-08-26,26.9,92,11.7,6.9,172,977.8
52,2022-08-27,27.2,87,7.0,6.0,155,981.6
52,2022-08-28,28.7,83,3.0,3.5,155,982.1
52,2022-08-29,28.9,83,0.8,3.5,151,982.6
52,2022-08-30,28.9,83,0.6,3.7,135,983.1
52,2022-08-31,29.5,81,0.5,3.7,175,981.4
52,2022-09-01,28.4,85,7.6,2.7,280,982.3
52,2022-09-02,29.4,84,0.6,2.7,184,981.9
52,2022-09-03,29.5,86,1.0,4.2,161,980.4
52,2022-09-04,29.4,84,1.7,4.7,168,980.5
52,2022-09-05,27.6,90,5.9,3.1,181,981.5
52,2022-09-06,28.3,86,23.6,3.1,76,981.8
52,2022-09-07,28.0,88,19.0,2.7,331,983.1
52,2022-09-08,27.3,89,26.8,2.6,12,983.2
52,2022-09-09,26.9,90,26.2,2.9,43,983.9
52,2022-09-10,26.3,92,20.0,4.3,70,983.7
52,2022-09-11,25.8,95,10.6,2.8,139,983.5
52,2022-09-12,26.5,91,2.0,2.7,176,982.9
52,2022-09-13,26.9,89,3.0,2.7,228,983.3
52,2022-09-14,27.4,88,21.3,3.2,179,983.3
52,2022-09-15,28.7,86,2.3,3.2,169,981.4
52,2022-09-16,28.6,83,4.5,5.3,189,979.2
52,2022-09-17,28.0,85,5.2,4.6,166,979.8
52,2022-09-18,27.7,88,8.3,4.2,154,981.2
52,2022-09-19,28.6,84,3.6,4.2,209,982.0
52,2022-09-20,28.2,82,0.4,5.0,246,981.4
52,2022-09-21,28.1,84,8.2,2.7,263,981.2
52,2022-09-22,27.7,86,8.2,2.3,160,981.3
52,2022-09-23,26.9,89,17.2,3.2,102,981.9
52,2022-09-24,27.3,88,9.9,2.5,333,981.6
52,2022-09-25,26.9,89,26.7,2.7,344,981.7
52,2022-09-26,26.2,91,46.1,4.2,110,982.2
52,2022-09-27,27.7,83,1.0,3.7,120,981.2
52,2022-09-28,28.7,80,0.3,4.5,336,978.3
52,2022-09-29,28.7,85,7.9,4.5,348,976.6
52,2022-09-30,27.6,89,15.4,4.1,43,978.2
52,2022-10-01,26.6,94,34.8,4.9,129,979.7
52,2022-10-02,26.8,91,15.1,4.0,131,981.8
52,2022-10-03,26.7,91,17.0,2.9,63,983.1
52,2022-10-04,27.4,85,6.2,5.4,81,984.9
52,2022-10-05,27.5,86,4.5,2.9,328,985.5
52,2022-10-06,27.5,86,4.3,3.2,71,985.2
52,2022-10-07,27.8,86,26.4,3.0,125,985.1
52,2022-10-08,27.3,86,11.3,3.4,150,985.8
52,2022-10-09,28.0,85,1.5,2.6,36,986.3
52,2022-10-10,26.8,89,11.8,4.9,23,987.5
52,2022-10-11,27.4,79,0.1,5.4,107,987.3
52,2022-10-12,27.3,81,0.5,3.0,174,986.1
52,2022-10-13,27.8,84,2.1,2.9,186,984.8
52,2022-10-14,27.1,89,10.3,2.7,22,983.4
52,2022-10-15,26.6,82,0.3,5.2,57,983.2
52,2022-10-16,25.5,85,2.3,4.4,17,985.9
52,2022-10-17,26.9,80,0.0,4.2,25,985.8
52,2022-10-18,26.2,78,0.0,5.2,35,985.1
52,2022-10-19,25.3,77,0.0,5.8,23,984.7
52,2022-10-20,25.4,73,0.0,4.5,15,985.3
52,2022-10-21,26.9,77,0.0,4.9,46,987.0
52,2022-10-22,27.0,81,1.1,5.4,39,987.6
52,2022-10-23,27.4,80,0.0,4.5,51,987.1
52,2022-10-24,27.3,77,0.0,4.7,120,985.5
52,2022-10-25,27.7,77,0.0,3.7,122,985.7
52,2022-10-26,28.3,78,0.0,4.3,68,985.4
52,2022-10-27,28.1,82,1.5,3.4,61,985.0
52,2022-10-28,27.9,83,2.0,3.8,51,984.5
52,2022-10-29,27.3,74,0.0,5.1,64,985.1
52,2022-10-30,26.9,77,0.0,3.6,20,984.9
52,2022-10-31,26.5,80,0.0,4.6,10,985.0
52,2022-11-01,26.2,77,0.0,6.4,17,985.2
52,2022-11-02,25.8,72,0.0,3.4,29,984.1
52,2022-11-03,25.5,77,0.0,3.9,158,984.3
52,2022-11-04,25.5,78,0.0,3.2,84,986.8
52,2022-11-05,25.2,75,0.0,4.0,28,988.5
52,2022-11-06,25.0,76,0.0,3.5,16,988.2
52,2022-11-07,25.2,77,0.0,3.5,321,987.2
52,2022-11-08,24.9,75,0.0,3.5,330,987.0
52,2022-11-09,25.1,74,0.0,3.8,2,987.2
52,2022-11-10,25.2,75,0.0,4.2,2,987.0
52,2022-11-11,25.0,74,0.0,4.2,352,986.7
52,2022-11-12,24.7,78,0.0,4.0,346,985.7
52,2022-11-13,25.6,76,0.0,4.6,355,985.0
52,2022-11-14,26.6,83,2.6,4.2,39,985.5
52,2022-11-15,27.8,83,0.7,3.2,84,984.8
52,2022-11-16,27.7,79,1.1,2.6,41,983.9
52,2022-11-17,28.1,76,0.0,3.3,45,983.4
52,2022-11-18,27.3,81,0.5,2.4,297,984.8
52,2022-11-19,27.8,81,2.3,3.1,349,984.8
52,2022-11-20,27.9,80,0.6,4.0,358,983.4
52,2022-11-21,27.9,81,0.2,3.7,339,982.2
52,2022-11-22,28.3,74,0.0,5.3,11,982.0
52,2022-11-23,26.5,76,0.0,4.9,20,982.8
52,2022-11-24,25.9,87,9.7,3.7,345,983.8
52,2022-11-25,26.8,87,8.1,3.7,7,985.2
52,2022-11-26,27.1,87,6.3,3.3,184,984.4
52,2022-11-27,27.6,85,0.6,4.7,170,983.0
52,2022-11-28,27.6,84,0.8,3.2,183,983.8
52,2022-11-29,28.0,81,0.4,2.1,333,984.6
52,2022-11-30,27.9,81,0.3,2.8,319,984.9
52,2022-12-01,26.3,88,7.1,3.2,318,985.2
52,2022-12-02,26.4,87,3.1,3.1,310,985.2
52,2022-12-03,26.6,85,0.6,3.7,314,985.0
52,2022-12-04,26.9,78,0.0,4.2,19,985.4
52,2022-12-05,26.9,76,0.0,5.1,18,986.0
52,2022-12-06,26.4,82,0.3,4.3,147,985.2
52,2022-12-07,26.1,87,0.4,4.4,153,985.2
52,2022-12-08,26.5,82,0.5,3.8,151,985.4
52,2022-12-09,26.7,80,0.1,3.6,151,984.5
52,2022-12-10,26.7,80,0.1,3.9,185,983.9
52,2022-12-11,26.0,80,0.1,4.8,154,984.5
52,2022-12-12,25.4,82,0.0,6.2,151,985.1
52,2022-12-13,24.7,81,0.2,5.9,149,986.6
52,2022-12-14,24.1,77,0.0,5.0,122,987.6
52,2022-12-15,23.0,74,0.0,4.6,119,985.8
52,2022-12-16,23.2,72,0.0,2.9,90,984.9
52,2022-12-17,23.8,73,0.1,7.5,76,987.0
52,2022-12-18,23.7,64,0.1,8.6,61,989.5
52,2022-12-19,21.4,64,0.0,5.2,41,988.1
52,2022-12-20,21.5,70,0.0,4.3,62,985.7
52,2022-12-21,22.7,71,0.0,4.6,109,985.1
52,2022-12-22,23.6,74,0.0,4.8,163,984.4
52,2022-12-23,24.3,76,0.0,5.3,153,984.5
52,2022-12-24,24.2,78,0.0,5.6,133,986.5
52,2022-12-25,23.4,77,0.0,4.7,147,988.5
52,2022-12-26,22.8,76,0.0,3.5,138,989.4
52,2022-12-27,23.1,74,0.0,4.4,157,988.6
52,2022-12-28,23.3,73,0.0,5.0,158,988.7
52,2022-12-29,23.6,72,0.2,4.3,154,989.5
52,2022-12-30,23.4,75,0.3,4.6,136,990.4
52,2022-12-31,22.9,75,0.0,4.8,130,990.3
52,2023-01-01,22.5,71,0.0,3.6,85,990.2
52,2023-01-02,22.6,67,0.0,5.0,46,990.7
52,2023-01-03,22.8,72,0.0,5.3,13,990.7
52,2023-01-04,24.5,75,0.0,4.0,344,989.8
52,2023-01-05,24.3,73,0.0,5.3,32,989.5
52,2023-01-06,24.1,67,0.0,7.8,41,990.4
52,2023-01-07,22.8,57,0.0,8.1,17,989.6
52,2023-01-08,21.3,66,0.0,5.6,12,988.3
52,2023-01-09,23.6,65,0.0,5.1,344,988.4
52,2023-01-10,25.4,68,0.0,4.1,333,986.6
52,2023-01-11,24.2,79,0.8,4.4,129,984.7
52,2023-01-12,24.9,77,0.2,5.7,174,984.0
52,2023-01-13,24.8,68,0.0,3.4,209,984.6
52,2023-01-14,23.5,61,0.0,2.8,268,983.1
52,2023-01-15,22.6,62,0.0,3.5,320,983.0
52,2023-01-16,22.0,63,0.0,4.6,75,984.6
52,2023-01-17,22.6,70,0.0,5.9,142,986.2
52,2023-01-18,23.8,75,0.0,5.8,160,988.1
52,2023-01-19,23.2,73,0.0,4.9,147,988.0
52,2023-01-20,23.4,71,0.0,4.4,133,987.7
52,2023-01-21,23.8,68,0.0,3.2,144,986.6
52,2023-01-22,23.4,68,0.0,2.8,177,985.2
52,2023-01-23,23.3,68,0.0,3.2,178,984.3
52,2023-01-24,23.5,67,0.0,7.1,87,986.3
52,2023-01-25,22.5,66,0.0,6.2,113,986.8
52,2023-01-26,22.5,72,0.0,4.4,160,985.5
52,2023-01-27,23.1,70,0.0,5.9,105,985.8
52,2023-01-28,23.2,64,0.0,7.0,91,987.0
52,2023-01-29,21.9,68,0.0,7.8,86,988.5
52,2023-01-30,22.2,63,0.0,5.5,64,989.2
52,2023-01-31,21.6,68,0.0,4.3,138,985.5
52,2023-02-01,23.1,68,0.0,3.7,146,983.7
52,2023-02-02,24.6,66,0.0,3.9,131,984.1
52,2023-02-03,25.8,64,0.0,4.7,156,984.3
52,2023-02-04,26.9,73,0.3,6.0,162,983.2
52,2023-02-05,27.5,76,0.0,6.8,168,982.7
52,2023-02-06,27.6,70,0.0,5.3,188,982.6
52,2023-02-07,26.6,61,0.0,5.1,211,982.5
52,2023-02-08,26.1,52,0.0,3.8,265,983.0
52,2023-02-09,25.2,58,0.0,3.4,212,983.2
52,2023-02-10,27.0,59,0.0,3.1,268,983.4
52,2023-02-11,26.5,55,0.0,3.6,250,983.1
52,2023-02-12,26.5,52,0.0,3.7,246,983.4
52,2023-02-13,26.0,51,0.0,3.8,182,983.4
52,2023-02-14,26.1,51,0.0,3.3,185,983.7
52,2023-02-15,25.5,67,1.0,6.3,150,984.9
52,2023-02-16,26.6,72,0.3,6.2,137,988.0
52,2023-02-17,23.8,77,1.8,5.7,348,989.3
52,2023-02-18,24.3,71,1.3,3.6,268,987.3
52,2023-02-19,25.6,62,0.0,2.9,340,985.9
52,2023-02-20,25.2,68,0.1,6.4,149,985.5
52,2023-02-21,26.3,67,0.1,6.4,160,986.6
52,2023-02-22,26.4,65,0.0,6.4,159,986.5
52,2023-02-23,27.1,61,0.0,5.2,172,985.5
52,2023-02-24,26.6,63,0.0,4.3,189,985.3
52,2023-02-25,26.8,60,0.0,5.9,117,988.9
52,2023-02-26,25.8,56,0.0,7.7,99,992.5
52,2023-02-27,23.8,56,0.0,6.8,100,992.0
52,2023-02-28,24.0,57,0.0,4.3,76,990.2
52,2023-03-01,25.2,61,0.0,3.4,264,988.8
52,2023-03-02,25.9,60,0.0,4.7,151,988.3
52,2023-03-03,26.3,62,0.0,6.5,155,989.2
52,2023-03-04,25.9,66,0.0,5.9,135,990.1
52,2023-03-05,25.9,64,0.0,4.5,137,989.7
52,2023-03-06,26.3,65,0.0,6.0,161,988.1
52,2023-03-07,27.1,62,0.0,5.7,163,987.3
52,2023-03-08,27.7,59,0.0,5.2,170,986.8
52,2023-03-09,27.8,61,0.0,5.6,155,985.6
52,2023-03-10,28.9,60,0.0,6.5,168,985.0
52,2023-03-11,28.5,66,0.0,5.0,162,984.7
52,2023-03-12,28.8,67,0.8,5.1,145,984.9
52,2023-03-13,24.2,82,5.8,5.1,88,988.3
52,2023-03-14,25.9,72,0.0,4.1,143,985.5
52,2023-03-15,27.2,68,0.2,4.1,195,984.0
52,2023-03-16,27.7,68,0.3,3.7,245,985.4
52,2023-03-17,28.3,66,0.0,4.1,265,985.2
52,2023-03-18,28.9,64,0.3,4.2,239,983.5
52,2023-03-19,28.1,70,0.6,5.3,226,982.6
52,2023-03-20,28.9,66,0.0,6.0,266,982.0
52,2023-03-21,30.0,60,0.5,5.7,261,981.4
52,2023-03-22,30.1,57,0.0,8.0,255,980.1
52,2023-03-23,30.4,52,0.0,8.0,249,979.7
52,2023-03-24,30.6,51,0.0,7.2,252,980.7
52,2023-03-25,30.3,51,0.0,6.5,263,981.2
52,2023-03-26,30.5,55,0.0,6.2,243,980.5
52,2023-03-27,30.4,54,0.0,5.8,207,980.7
52,2023-03-28,30.2,49,0.0,6.3,187,981.9
52,2023-03-29,30.6,50,0.0,7.6,231,982.7
52,2023-03-30,30.2,54,0.0,5.8,215,981.1
52,2023-03-31,30.6,54,0.0,4.7,230,980.9
52,2023-04-01,30.7,55,0.0,6.0,191,980.5
52,2023-04-02,31.3,50,0.0,8.1,218,980.1
52,2023-04-03,31.5,47,0.0,8.6,237,980.0
52,2023-04-04,31.4,49,0.0,7.3,257,979.7
52,2023-04-05,30.8,48,0.0,5.1,235,980.1
52,2023-04-06,30.5,53,0.0,5.6,209,981.0
52,2023-04-07,31.4,52,0.0,6.1,194,982.0
52,2023-04-08,31.6,59,0.0,6.7,168,984.1
52,2023-04-09,32.3,55,0.0,7.5,167,984.2
52,2023-04-10,32.5,53,0.0,5.6,191,982.4
52,2023-04-11,32.6,50,0.0,5.5,202,981.2
52,2023-04-12,32.7,52,0.0,5.3,200,980.3
52,2023-04-13,32.9,54,0.0,6.2,209,979.9
52,2023-04-14,32.7,53,0.0,5.6,197,979.9
52,2023-04-15,32.6,52,0.0,5.4,186,979.6
52,2023-04-16,32.8,52,0.0,6.6,180,979.4
52,2023-04-17,33.0,55,0.0,6.8,185,980.6
52,2023-04-18,33.6,51,0.0,5.4,200,980.7
52,2023-04-19,33.9,51,0.0,6.9,224,978.0
52,2023-04-20,33.7,53,0.0,6.6,230,976.6
52,2023-04-21,33.0,53,0.4,6.0,216,977.4
52,2023-04-22,32.6,52,0.0,6.1,207,978.6
52,2023-04-23,31.7,53,0.0,4.9,198,981.0
52,2023-04-24,31.0,62,0.2,5.4,192,983.6
52,2023-04-25,33.3,52,0.0,3.9,213,981.4
52,2023-04-26,30.4,62,0.1,10.3,166,982.2
52,2023-04-27,30.6,67,0.9,6.0,175,982.8
52,2023-04-28,32.7,59,0.0,5.7,182,981.7
52,2023-04-29,33.5,53,0.0,6.1,185,980.2
52,2023-04-30,30.8,63,1.4,7.7,147,981.6
52,2023-05-01,30.7,65,3.5,5.1,163,982.9
52,2023-05-02,31.7,60,0.1,4.2,199,982.9
52,2023-05-03,30.7,68,1.6,4.1,212,983.7
52,2023-05-04,32.7,60,0.0,5.3,249,980.9
52,2023-05-05,34.3,53,0.2,7.8,240,977.7
52,2023-05-06,35.2,49,0.2,7.4,244,976.6
52,2023-05-07,35.7,48,0.8,7.1,227,976.2
52,2023-05-08,33.6,58,7.2,7.8,175,977.8
52,2023-05-09,30.1,72,5.5,4.5,174,981.4
52,2023-05-10,28.6,76,0.7,5.1,143,982.3
52,2023-05-11,30.4,71,0.5,5.1,153,982.8
52,2023-05-12,28.5,81,11.9,4.0,135,983.3
52,2023-05-13,28.3,83,19.2,5.2,136,982.8
52,2023-05-14,27.9,85,13.8,6.7,147,982.0
52,2023-05-15,27.6,83,6.0,7.7,174,982.4
52,2023-05-16,28.6,76,0.5,6.3,201,983.1
52,2023-05-17,30.2,70,0.0,6.2,230,983.2
52,2023-05-18,31.4,64,0.5,7.7,264,982.3
52,2023-05-19,31.7,61,0.1,6.3,249,980.5
52,2023-05-20,32.0,61,0.1,6.0,243,979.8
52,2023-05-21,32.6,61,0.3,4.9,221,980.7
52,2023-05-22,31.6,66,0.6,5.8,220,981.3
52,2023-05-23,30.5,72,4.7,5.5,206,981.3
52,2023-05-24,31.5,69,0.7,6.0,181,980.5
52,2023-05-25,31.6,65,0.1,6.2,208,980.8
52,2023-05-26,32.2,61,0.1,5.6,228,981.0
52,2023-05-27,32.1,61,0.4,4.4,233,979.8
52,2023-05-28,32.1,62,0.6,5.5,176,979.2
52,2023-05-29,30.3,72,2.9,4.8,149,980.8
52,2023-05-30,31.8,69,0.4,4.3,155,980.2
52,2023-05-31,32.3,67,0.6,6.1,193,978.6
52,2023-06-01,32.4,62,0.5,6.8,224,977.8
52,2023-06-02,32.9,54,0.0,7.9,230,978.4
52,2023-06-03,32.6,56,0.0,7.0,233,979.8
52,2023-06-04,32.9,56,0.1,7.8,206,979.7
52,2023-06-05,32.2,60,1.2,7.5,190,978.6
52,2023-06-06,30.3,69,4.8,6.0,167,978.5
52,2023-06-07,29.5,77,2.0,6.8,164,979.2
52,2023-06-08,29.0,81,12.7,6.7,153,979.6
52,2023-06-09,29.2,78,3.5,6.7,175,978.9
52,2023-06-10,29.3,76,3.0,6.0,190,977.9
52,2023-06-11,29.6,73,7.4,6.5,192,977.2
52,2023-06-12,30.4,71,2.6,7.3,195,977.5
52,2023-06-13,29.7,71,2.5,8.2,187,978.3
52,2023-06-14,29.0,75,4.6,8.6,189,980.0
52,2023-06-15,29.5,77,6.2,5.8,200,980.0
52,2023-06-16,30.8,68,0.1,6.5,201,979.3
52,2023-06-17,32.2,61,0.7,6.1,206,979.7
52,2023-06-18,32.0,61,0.6,7.7,204,979.8
52,2023-06-19,31.0,64,2.3,6.7,207,980.0
52,2023-06-20,30.6,63,0.3,7.7,208,980.5
52,2023-06-21,30.6,64,1.4,8.8,221,981.8
52,2023-06-22,30.9,62,0.0,7.2,221,981.8
52,2023-06-23,32.1,57,0.0,8.7,248,980.5
52,2023-06-24,29.6,73,6.5,8.6,242,979.8
52,2023-06-25,28.9,79,8.2,4.4,214,979.7
52,2023-06-26,28.4,83,9.6,5.4,229,980.0
52,2023-06-27,29.9,74,1.2,5.1,198,980.1
52,2023-06-28,30.4,75,3.4,3.5,163,981.3
52,2023-06-29,30.4,77,8.5,3.9,178,980.1
52,2023-06-30,30.0,80,2.4,3.8,188,979.3
52,2023-07-01,30.2,77,1.8,4.7,182,979.3
52,2023-07-02,30.1,76,2.0,5.1,164,979.9
52,2023-07-03,28.4,82,11.8,7.8,177,980.8
52,2023-07-04,27.8,86,18.1,6.4,169,981.2
52,2023-07-05,28.7,82,3.7,6.1,179,981.5
52,2023-07-06,30.1,75,4.3,5.3,205,982.1
52,2023-07-07,31.7,67,0.5,5.2,228,981.8
52,2023-07-08,31.1,73,8.4,4.6,157,981.5
52,2023-07-09,29.4,81,4.9,5.2,148,981.4
52,2023-07-10,28.8,83,8.0,5.8,159,981.6
52,2023-07-11,29.1,78,2.6,5.5,174,981.7
52,2023-07-12,29.5,75,2.8,5.0,192,982.1
52,2023-07-13,30.5,71,0.0,6.7,244,981.5
52,2023-07-14,30.7,65,0.5,9.3,246,980.9
52,2023-07-15,30.9,63,0.6,8.8,252,979.4
52,2023-07-16,29.5,73,4.8,6.5,262,977.9
52,2023-07-17,30.5,72,1.7,4.8,230,975.9
52,2023-07-18,31.5,66,0.0,6.1,214,975.8
52,2023-07-19,30.7,67,1.0,5.5,190,976.3
52,2023-07-20,29.6,79,7.0,4.7,155,978.3
52,2023-07-21,30.2,79,12.5,3.3,106,980.7
52,2023-07-22,30.7,78,13.1,3.6,133,982.0
52,2023-07-23,29.9,78,8.3,4.3,144,981.7
52,2023-07-24,29.9,76,0.6,5.4,151,980.3
52,2023-07-25,29.9,81,5.8,4.5,165,980.6
52,2023-07-26,30.7,71,0.2,7.2,247,980.8
52,2023-07-27,31.6,63,0.2,10.8,262,979.2
52,2023-07-28,30.8,67,2.5,10.0,253,977.0
52,2023-07-29,29.5,75,7.9,7.0,230,976.4
52,2023-07-30,28.2,83,9.2,7.5,184,976.7
52,2023-07-31,27.4,87,6.3,7.4,160,978.4
52,2023-08-01,27.7,88,6.5,6.6,165,979.3
52,2023-08-02,28.4,83,3.0,6.5,187,979.3
52,2023-08-03,28.6,83,6.4,6.4,206,979.0
52,2023-08-04,28.7,80,5.5,7.6,210,981.0
52,2023-08-05,27.6,86,5.3,6.6,181,982.2
52,2023-08-06,27.6,84,6.2,7.4,199,980.1
52,2023-08-07,26.3,94,15.4,8.3,188,979.1
52,2023-08-08,25.8,96,14.4,6.5,170,980.0
52,2023-08-09,27.2,87,10.0,6.9,192,981.6
52,2023-08-10,29.1,77,0.3,6.8,207,981.3
52,2023-08-11,29.7,71,0.0,7.7,232,979.9
52,2023-08-12,30.1,70,0.0,7.4,229,978.8
52,2023-08-13,30.0,73,2.5,6.3,221,978.8
52,2023-08-14,29.9,73,1.0,6.3,217,978.9
52,2023-08-15,29.5,76,3.2,5.8,191,979.3
52,2023-08-16,28.8,83,9.2,5.7,163,980.1
52,2023-08-17,29.3,79,0.9,5.0,186,980.9
52,2023-08-18,30.8,70,0.0,5.6,242,980.3
52,2023-08-19,31.2,66,0.0,6.1,268,979.8
52,2023-08-20,30.8,70,3.0,4.8,240,979.0
52,2023-08-21,29.2,84,9.6,5.0,146,979.8
52,2023-08-22,29.2,81,2.8,4.5,150,980.5
52,2023-08-23,29.8,75,4.0,6.1,211,979.9
52,2023-08-24,29.6,74,3.2,5.8,204,979.6
52,2023-08-25,29.6,72,0.7,6.5,201,980.2
52,2023-08-26,30.0,70,1.9,7.6,214,980.2
52,2023-08-27,29.3,72,2.2,6.1,215,979.6
52,2023-08-28,30.4,66,0.0,6.8,221,978.1
52,2023-08-29,30.4,70,1.1,5.2,175,978.0
52,2023-08-30,29.7,78,7.0,4.8,136,979.8
52,2023-08-31,28.9,83,6.2,3.7,141,980.5
52,2023-09-01,30.4,76,7.1,3.1,164,979.7
52,2023-09-02,29.2,83,20.2,2.9,216,978.9
52,2023-09-03,30.6,76,1.6,3.4,174,977.5
52,2023-09-04,30.5,74,2.7,3.8,148,976.9
52,2023-09-05,27.5,90,33.7,3.5,112,979.2
52,2023-09-06,26.9,94,32.2,2.6,158,981.4
52,2023-09-07,28.6,85,1.7,3.4,208,981.9
52,2023-09-08,28.7,85,2.2,4.0,201,981.0
52,2023-09-09,28.4,88,9.1,3.1,166,979.3
52,2023-09-10,27.9,88,6.1,4.1,142,978.8
52,2023-09-11,27.9,86,9.5,6.0,166,979.4
52,2023-09-12,27.6,88,6.3,6.0,179,980.4
52,2023-09-13,27.8,85,3.5,5.5,204,981.4
52,2023-09-14,27.6,90,24.5,3.9,220,981.0
52,2023-09-15,28.1,89,21.7,2.7,254,979.9
52,2023-09-16,27.0,93,27.1,3.3,64,980.3
52,2023-09-17,26.7,93,21.0,4.2,114,980.7
52,2023-09-18,27.0,91,13.4,4.2,139,982.6
52,2023-09-19,27.3,90,19.8,4.8,156,984.7
52,2023-09-20,28.7,86,1.4,3.2,214,983.9
52,2023-09-21,29.5,82,0.9,3.8,245,983.2
52,2023-09-22,29.8,83,0.4,3.9,169,982.6
52,2023-09-23,30.1,83,0.8,3.4,166,982.6
52,2023-09-24,29.9,81,0.5,2.9,145,981.4
52,2023-09-25,29.5,84,14.6,2.5,130,980.4
52,2023-09-26,28.8,85,7.3,4.4,342,980.0
52,2023-09-27,27.5,89,18.4,3.0,93,978.7
52,2023-09-28,26.7,92,15.4,5.8,103,980.4
52,2023-09-29,26.2,94,23.8,5.6,122,983.2
52,2023-09-30,26.6,93,16.6,4.6,142,984.2
52,2023-10-01,27.9,87,36.9,4.5,182,983.0
52,2023-10-02,28.7,84,3.8,4.0,179,983.3
52,2023-10-03,29.5,82,0.1,2.7,210,983.4
52,2023-10-04,29.9,84,1.5,3.0,177,983.0
52,2023-10-05,28.9,86,5.1,4.2,150,982.0
52,2023-10-06,28.3,87,19.3,3.9,145,981.8
52,2023-10-07,26.8,92,26.0,3.7,125,982.5
52,2023-10-08,26.7,93,12.9,3.4,144,983.6
52,2023-10-09,26.3,93,12.3,3.6,106,984.8
52,2023-10-10,26.6,92,11.9,3.7,79,985.6
52,2023-10-11,27.5,88,1.0,4.2,94,986.4
52,2023-10-12,27.8,86,1.4,3.4,268,987.4
52,2023-10-13,27.9,87,2.3,1.7,104,986.6
52,2023-10-14,27.3,87,14.8,3.6,182,984.9
52,2023-10-15,27.5,88,16.5,3.4,81,983.6
52,2023-10-16,27.6,86,3.8,2.1,335,985.2
52,2023-10-17,27.9,84,0.5,3.5,144,985.5
52,2023-10-18,28.6,80,0.2,3.7,186,985.4
52,2023-10-19,29.0,82,0.2,3.3,185,985.0
52,2023-10-20,28.9,81,5.4,2.8,76,985.5
52,2023-10-21,27.0,86,5.8,3.2,27,987.6
52,2023-10-22,27.6,86,0.1,3.7,123,987.9
52,2023-10-23,27.7,85,0.4,3.0,197,987.5
52,2023-10-24,28.4,82,0.4,3.0,336,986.6
52,2023-10-25,28.8,81,0.2,3.4,186,986.2
52,2023-10-26,28.2,84,1.1,2.6,104,985.6
52,2023-10-27,27.9,87,4.7,2.6,129,985.3
52,2023-10-28,27.1,89,5.1,2.4,55,985.5
52,2023-10-29,26.7,89,4.0,2.4,22,985.9
52,2023-10-30,26.2,91,23.8,3.8,18,986.9
52,2023-10-31,26.0,89,17.0,3.6,9,988.8
52,2023-11-01,27.3,83,0.3,3.7,33,988.3
52,2023-11-02,27.4,82,0.0,3.6,238,986.6
52,2023-11-03,28.2,83,0.0,2.8,235,984.2
52,2023-11-04,28.8,82,0.5,3.4,59,984.2
52,2023-11-05,28.5,81,1.0,2.4,342,985.3
52,2023-11-06,28.6,83,0.2,2.7,249,985.7
52,2023-11-07,28.6,84,0.6,3.8,186,985.7
52,2023-11-08,28.5,85,0.9,2.6,144,984.9
52,2023-11-09,28.2,85,0.7,3.2,176,985.3
52,2023-11-10,28.6,84,0.5,3.3,179,986.5
52,2023-11-11,28.5,85,0.1,3.1,218,987.0
52,2023-11-12,28.0,85,1.3,2.7,76,987.4
52,2023-11-13,28.0,84,0.9,5.0,59,987.9
52,2023-11-14,27.8,78,0.4,5.1,69,988.9
52,2023-11-15,27.5,79,0.0,4.6,71,989.1
52,2023-11-16,27.7,79,2.9,6.2,87,990.1
52,2023-11-17,25.9,74,0.8,8.6,39,992.1
52,2023-11-18,23.9,71,0.0,5.5,26,991.0
52,2023-11-19,23.8,73,0.0,6.6,24,989.9
52,2023-11-20,23.7,74,0.0,5.7,17,989.1
52,2023-11-21,24.5,77,0.0,3.9,2,987.0
52,2023-11-22,24.8,80,0.0,3.4,79,985.5
52,2023-11-23,25.1,80,0.0,3.6,43,985.8
52,2023-11-24,24.9,80,0.0,5.0,23,987.2
52,2023-11-25,25.3,80,0.0,5.0,30,987.7
52,2023-11-26,25.2,78,0.0,6.7,15,988.7
52,2023-11-27,25.2,77,0.0,5.7,9,988.2
52,2023-11-28,24.6,76,0.0,5.7,22,987.3
52,2023-11-29,24.5,76,0.0,5.3,15,987.4
52,2023-11-30,25.3,79,0.0,4.9,355,988.1
52,2023-12-01,26.1,80,0.1,4.8,17,987.6
52,2023-12-02,26.8,79,0.0,5.2,54,987.6
52,2023-12-03,27.1,78,0.0,5.1,64,987.5
52,2023-12-04,26.6,80,0.0,4.2,131,986.5
52,2023-12-05,27.2,78,0.0,3.7,167,985.6
52,2023-12-06,27.7,79,0.0,2.1,294,986.4
52,2023-12-07,26.9,84,1.0,5.2,107,986.6
52,2023-12-08,26.7,83,0.1,5.5,168,986.2
52,2023-12-09,27.4,79,0.0,3.9,186,985.0
52,2023-12-10,28.2,77,0.0,4.0,180,983.6
52,2023-12-11,28.2,79,0.3,3.0,214,984.5
52,2023-12-12,27.8,79,0.0,4.4,177,984.8
52,2023-12-13,26.9,81,0.1,4.4,166,986.4
52,2023-12-14,26.6,79,0.0,4.1,160,987.4
52,2023-12-15,26.6,75,0.0,2.9,259,986.8
52,2023-12-16,26.2,74,0.0,2.8,351,986.4
52,2023-12-17,25.5,79,0.1,3.9,10,987.3
52,2023-12-18,25.7,80,0.0,3.7,19,988.1
52,2023-12-19,25.7,76,0.0,2.8,355,988.1
52,2023-12-20,25.0,75,0.0,3.2,336,987.5
52,2023-12-21,24.6,80,0.1,4.7,112,988.2
52,2023-12-22,23.3,65,0.0,7.5,81,991.7
52,2023-12-23,21.0,74,0.0,7.8,40,993.5
52,2023-12-24,20.9,69,0.0,7.4,32,993.8
52,2023-12-25,21.8,69,0.0,6.5,44,992.6
52,2023-12-26,22.0,73,0.0,4.3,39,991.7
52,2023-12-27,23.3,72,0.0,4.1,19,991.5
52,2023-12-28,23.8,74,0.0,3.2,8,989.9
52,2023-12-29,24.3,72,0.0,3.4,8,988.6
52,2023-12-30,23.9,73,0.0,3.7,337,987.4
52,2023-12-31,24.0,69,0.0,3.3,345,987.1
52,2024-01-01,24.3,70,0.0,3.1,351,986.7
52,2024-01-02,24.5,72,0.0,2.6,13,986.5
52,2024-01-03,24.5,72,0.0,3.4,321,986.6
52,2024-01-04,24.1,74,0.0,4.1,126,986.8
52,2024-01-05,24.5,76,0.0,3.7,152,987.0
52,2024-01-06,25.1,76,0.0,3.6,129,987.3
52,2024-01-07,25.6,76,0.0,4.4,155,987.3
52,2024-01-08,25.6,76,0.0,4.2,159,986.6
52,2024-01-09,25.8,76,0.0,4.4,159,985.1
52,2024-01-10,25.9,73,0.0,4.0,140,984.3
52,2024-01-11,26.1,76,0.0,4.8,155,984.7
52,2024-01-12,25.6,79,0.0,4.5,157,984.3
52,2024-01-13,25.6,83,0.5,4.6,128,985.1
52,2024-01-14,25.6,83,1.3,4.6,142,987.2
52,2024-01-15,25.8,78,0.2,5.1,157,987.2
52,2024-01-16,25.9,74,1.1,4.7,134,986.7
52,2024-01-17,25.7,71,0.0,4.7,162,986.1
52,2024-01-18,25.3,73,0.0,4.0,180,985.8
52,2024-01-19,26.0,67,0.0,3.9,278,985.1
52,2024-01-20,25.2,63,0.0,3.7,298,985.3
52,2024-01-21,24.4,60,0.0,4.7,250,985.8
52,2024-01-22,22.8,63,0.0,4.3,280,986.8
52,2024-01-23,23.6,66,0.0,5.1,158,987.4
52,2024-01-24,24.0,72,0.0,6.9,142,989.3
52,2024-01-25,23.2,76,0.0,6.1,144,991.5
52,2024-01-26,22.0,83,0.1,3.4,138,992.5
52,2024-01-27,23.6,80,0.3,4.5,139,990.9
52,2024-01-28,23.8,87,21.4,5.0,158,989.9
52,2024-01-29,24.1,87,10.5,5.8,145,989.6
52,2024-01-30,23.7,87,1.7,5.5,156,988.9
52,2024-01-31,24.6,81,0.0,3.7,186,988.5
52,2024-02-01,25.0,73,0.0,2.9,255,987.9
52,2024-02-02,24.7,72,0.0,3.3,315,986.6
52,2024-02-03,25.1,69,0.0,3.6,282,986.6
52,2024-02-04,24.2,66,0.0,4.5,285,987.1
52,2024-02-05,24.1,66,0.0,3.7,266,987.0
52,2024-02-06,24.6,65,0.0,2.9,273,987.1
52,2024-02-07,25.0,65,0.0,3.7,243,986.0
52,2024-02-08,25.2,68,0.0,4.4,182,984.1
52,2024-02-09,26.2,71,0.0,5.2,152,985.5
52,2024-02-10,26.4,76,0.7,7.4,128,988.8
52,2024-02-11,25.5,65,0.1,6.1,75,992.7
52,2024-02-12,25.2,69,0.0,5.2,116,991.4
52,2024-02-13,25.7,69,0.0,4.6,174,989.2
52,2024-02-14,26.2,65,0.0,4.5,190,987.3
52,2024-02-15,26.7,60,0.0,4.1,226,987.2
52,2024-02-16,26.5,62,0.0,5.3,175,986.5
52,2024-02-17,27.4,65,0.0,6.3,200,984.3
52,2024-02-18,26.8,64,0.0,5.4,193,984.4
52,2024-02-19,26.8,64,0.0,4.4,199,984.5
52,2024-02-20,27.7,60,0.0,5.5,223,983.4
52,2024-02-21,27.0,53,0.0,4.2,282,983.7
52,2024-02-22,27.0,53,0.0,4.6,203,984.7
52,2024-02-23,28.3,55,0.0,4.7,198,985.4
52,2024-02-24,27.5,57,0.0,4.6,211,985.4
52,2024-02-25,28.4,68,0.2,4.4,187,985.2
52,2024-02-26,28.8,69,0.1,4.5,176,985.6
52,2024-02-27,29.6,68,0.2,6.4,172,984.8
52,2024-02-28,29.9,66,0.0,7.2,187,983.2
52,2024-02-29,29.6,59,0.0,5.4,181,983.3
52,2024-03-01,29.4,58,0.0,5.2,179,983.7
52,2024-03-02,29.2,69,0.4,8.2,160,984.1
52,2024-03-03,29.6,65,0.0,7.2,169,983.8
52,2024-03-04,29.6,55,0.0,6.8,224,982.5
52,2024-03-05,29.5,45,0.0,5.5,252,981.8
52,2024-03-06,29.4,49,0.0,5.0,209,980.9
52,2024-03-07,29.4,55,0.0,5.1,170,981.1
52,2024-03-08,30.0,57,0.0,6.0,178,981.7
52,2024-03-09,30.8,59,0.0,7.3,175,982.4
52,2024-03-10,29.8,58,0.0,6.7,175,984.6
52,2024-03-11,29.8,55,0.0,5.4,177,985.7
52,2024-03-12,30.5,61,0.0,7.4,180,984.7
52,2024-03-13,29.8,53,0.0,6.9,205,984.0
52,2024-03-14,29.3,42,0.0,5.3,219,983.7
52,2024-03-15,29.0,50,0.0,4.9,192,983.7
52,2024-03-16,29.7,53,0.0,5.2,184,984.3
52,2024-03-17,30.1,60,0.0,5.9,169,984.4
52,2024-03-18,30.9,58,0.0,4.8,187,983.2
52,2024-03-19,30.6,62,2.6,5.7,141,984.0
52,2024-03-20,26.3,85,73.3,4.6,122,988.7
52,2024-03-21,28.2,76,0.2,4.6,143,986.1
52,2024-03-22,28.4,77,0.8,4.8,188,982.1
52,2024-03-23,28.6,73,0.0,6.1,187,981.3
52,2024-03-24,28.3,64,0.0,5.0,195,983.4
52,2024-03-25,27.9,63,0.0,4.5,202,983.9
52,2024-03-26,28.1,63,0.0,5.2,187,984.8
52,2024-03-27,29.3,71,0.4,6.6,160,986.5
52,2024-03-28,29.8,66,0.0,5.3,172,983.7
52,2024-03-29,29.7,66,0.0,7.2,172,983.2
52,2024-03-30,30.2,64,0.0,7.0,173,984.1
52,2024-03-31,30.6,59,0.0,6.2,195,983.4
52,2024-04-01,31.2,55,0.0,5.4,201,980.9
52,2024-04-02,31.5,59,0.0,5.5,195,979.5
52,2024-04-03,31.6,61,0.0,6.0,192,980.2
52,2024-04-04,32.2,60,0.0,5.5,191,980.1
52,2024-04-05,32.4,60,0.0,5.5,180,979.5
52,2024-04-06,32.6,64,0.0,6.5,170,979.9
52,2024-04-07,32.8,66,0.0,6.4,173,979.7
52,2024-04-08,32.7,64,0.0,6.0,182,981.1
52,2024-04-09,32.7,60,0.0,6.5,157,981.7
52,2024-04-10,30.4,66,0.2,6.0,158,984.6
52,2024-04-11,30.7,65,1.7,4.3,192,984.5
52,2024-04-12,31.7,60,0.0,3.9,210,983.2
52,2024-04-13,32.5,53,0.0,4.6,234,982.3
52,2024-04-14,32.2,57,0.1,5.1,215,982.6
52,2024-04-15,30.8,64,0.7,5.0,211,983.1
52,2024-04-16,31.6,61,0.2,4.1,188,981.7
52,2024-04-17,33.0,54,0.0,6.9,216,980.3
52,2024-04-18,32.8,53,0.0,6.5,231,979.2
52,2024-04-19,32.3,55,0.0,7.7,229,978.1
52,2024-04-20,32.9,53,0.0,7.5,230,977.9
52,2024-04-21,33.7,52,0.0,6.2,221,978.7
52,2024-04-22,33.8,54,0.0,6.9,204,978.5
52,2024-04-23,34.1,55,0.0,6.6,191,978.1
52,2024-04-24,33.7,55,0.0,7.4,187,978.6
52,2024-04-25,33.9,53,0.0,6.0,224,979.0
52,2024-04-26,34.1,47,0.0,7.5,237,978.3
52,2024-04-27,34.4,48,0.0,5.6,230,978.2
52,2024-04-28,35.0,49,0.0,6.0,206,978.8
52,2024-04-29,35.3,50,0.0,6.7,224,979.3
52,2024-04-30,35.6,48,0.0,8.6,240,977.0
52,2024-05-01,35.2,51,0.0,6.3,211,976.4
52,2024-05-02,34.6,55,0.2,7.3,205,977.5
52,2024-05-03,33.1,57,1.5,4.6,226,980.0
52,2024-05-04,32.9,55,0.3,4.8,220,979.3
52,2024-05-05,34.0,49,0.0,6.6,206,978.5
52,2024-05-06,33.8,47,0.0,5.4,190,980.4
52,2024-05-07,31.5,61,2.0,6.6,148,983.5
52,2024-05-08,30.1,69,0.1,4.0,149,983.6
52,2024-05-09,31.1,61,1.3,5.4,159,982.9
52,2024-05-10,30.7,66,0.5,4.1,166,983.5
52,2024-05-11,29.7,71,1.1,5.5,155,985.0
52,2024-05-12,31.1,63,0.3,3.9,216,983.8
52,2024-05-13,32.6,56,0.0,5.4,211,982.3
52,2024-05-14,31.5,64,1.0,6.0,168,983.1
52,2024-05-15,32.1,65,0.2,4.2,203,983.6
52,2024-05-16,32.7,64,1.8,4.4,164,982.5
52,2024-05-17,31.1,73,4.9,4.7,179,982.0
52,2024-05-18,32.4,67,0.9,6.3,181,979.8
52,2024-05-19,32.7,65,1.7,6.2,197,977.7
52,2024-05-20,32.4,63,3.7,5.0,213,978.0
52,2024-05-21,28.7,79,20.1,5.1,102,980.7
52,2024-05-22,28.7,81,15.3,3.7,115,981.1
52,2024-05-23,28.2,85,22.1,5.5,118,980.4
52,2024-05-24,27.4,90,17.6,6.3,123,980.3
52,2024-05-25,27.6,91,12.9,5.2,147,981.0
52,2024-05-26,28.5,87,6.3,6.0,153,981.4
52,2024-05-27,28.5,85,9.1,6.8,171,980.3
52,2024-05-28,29.3,81,5.6,6.3,173,979.7
52,2024-05-29,29.4,83,6.7,7.0,182,979.1
52,2024-05-30,30.8,77,1.1,6.6,210,978.5
52,2024-05-31,31.2,75,0.5,5.9,189,978.4
52,2024-06-01,29.8,81,7.6,6.2,161,981.0
52,2024-06-02,28.9,79,4.2,7.2,182,982.8
52,2024-06-03,28.9,78,6.6,7.8,178,981.5
52,2024-06-04,28.8,83,3.7,4.7,197,980.6
52,2024-06-05,30.0,77,2.3,6.4,176,980.4
52,2024-06-06,29.0,81,18.2,7.9,168,981.5
52,2024-06-07,29.1,78,5.9,8.0,175,980.0
52,2024-06-08,29.3,80,2.5,5.9,182,978.0
52,2024-06-09,29.9,77,1.0,5.6,155,977.5
52,2024-06-10,29.3,82,8.7,6.1,151,978.7
52,2024-06-11,28.1,87,9.9,7.4,155,980.4
52,2024-06-12,28.1,85,10.3,6.2,169,982.2
52,2024-06-13,28.5,82,4.2,6.0,193,981.4
52,2024-06-14,28.8,82,4.8,6.2,188,979.4
52,2024-06-15,29.5,79,2.9,6.4,196,978.9
52,2024-06-16,30.0,77,2.6,5.3,199,979.7
52,2024-06-17,29.9,78,5.6,6.0,205,979.9
52,2024-06-18,29.6,77,2.1,6.6,209,979.3
52,2024-06-19,29.9,72,0.9,7.5,208,978.8
52,2024-06-20,30.1,75,3.4,6.1,198,978.4
52,2024-06-21,30.8,76,3.2,5.3,193,977.5
52,2024-06-22,32.0,70,0.1,4.8,185,976.6
52,2024-06-23,30.9,73,0.9,5.2,175,977.5
52,2024-06-24,29.0,83,10.8,4.5,164,977.7
52,2024-06-25,28.3,86,7.7,5.5,156,977.4
52,2024-06-26,28.3,86,10.3,4.9,142,979.5
52,2024-06-27,29.6,80,2.7,5.3,154,981.6
52,2024-06-28,30.6,73,0.1,5.7,197,981.0
52,2024-06-29,30.6,73,1.6,6.9,190,980.9
52,2024-06-30,29.8,78,4.1,6.9,190,981.7
52,2024-07-01,29.6,74,2.2,7.9,205,981.0
52,2024-07-02,29.9,71,0.2,6.4,213,979.6
52,2024-07-03,30.6,70,1.6,5.9,184,980.5
52,2024-07-04,30.4,73,3.0,5.7,171,982.1
52,2024-07-05,30.0,75,4.0,4.4,170,980.4
52,2024-07-06,29.9,75,1.7,5.1,162,979.2
52,2024-07-07,30.5,73,1.3,4.3,163,979.8
52,2024-07-08,29.9,77,6.6,5.1,164,980.2
52,2024-07-09,29.8,78,4.2,5.6,184,981.2
52,2024-07-10,29.5,81,5.1,5.2,199,981.3
52,2024-07-11,29.8,75,2.6,6.0,208,979.7
52,2024-07-12,30.2,70,0.9,6.4,204,978.2
52,2024-07-13,30.3,72,3.9,6.4,192,976.5
52,2024-07-14,30.6,70,4.3,7.9,191,977.5
52,2024-07-15,30.6,68,0.4,4.7,222,978.9
52,2024-07-16,29.3,79,5.1,4.1,199,977.8
52,2024-07-17,28.7,86,6.8,4.3,141,977.8
52,2024-07-18,28.7,85,8.8,4.0,161,978.1
52,2024-07-19,28.7,84,15.5,6.3,187,978.0
52,2024-07-20,28.6,83,7.9,5.1,186,979.7
52,2024-07-21,28.9,82,2.9,5.7,213,980.2
52,2024-07-22,28.0,87,8.4,4.3,209,980.7
52,2024-07-23,29.4,75,1.1,7.8,228,978.6
52,2024-07-24,28.6,82,20.0,7.7,187,975.6
52,2024-07-25,28.8,81,22.4,7.0,173,974.6
52,2024-07-26,28.0,86,10.9,6.6,171,976.6
52,2024-07-27,28.5,85,9.6,5.1,180,978.7
52,2024-07-28,28.3,84,4.6,6.1,187,978.5
52,2024-07-29,27.9,85,11.8,6.5,188,978.3
52,2024-07-30,27.5,87,5.0,6.7,182,979.7
52,2024-07-31,26.4,91,15.3,6.4,172,981.1
52,2024-08-01,26.4,95,31.9,7.7,174,982.0
52,2024-08-02,26.4,93,7.4,6.2,181,982.1
52,2024-08-03,27.4,90,4.2,5.4,195,982.1
52,2024-08-04,28.2,85,3.6,5.2,186,981.9
52,2024-08-05,28.5,84,3.7,4.0,176,981.2
52,2024-08-06,28.3,86,6.8,3.6,159,980.9
52,2024-08-07,28.8,83,6.7,4.2,211,981.4
52,2024-08-08,29.1,82,1.2,4.8,195,982.3
52,2024-08-09,30.4,75,0.0,5.9,229,981.2
52,2024-08-10,30.8,73,0.0,6.0,237,979.7
52,2024-08-11,30.8,71,0.0,6.4,239,978.0
52,2024-08-12,28.4,84,8.2,4.2,210,978.0
52,2024-08-13,27.9,88,42.6,6.1,182,979.4
52,2024-08-14,28.9,82,2.8,5.1,186,980.2
52,2024-08-15,29.5,83,3.5,4.9,179,979.7
52,2024-08-16,29.5,83,7.9,4.3,197,979.1
52,2024-08-17,29.7,80,2.5,4.0,179,980.7
52,2024-08-18,29.4,82,9.1,3.8,168,981.4
52,2024-08-19,29.1,85,3.9,4.5,204,981.0
52,2024-08-20,28.4,87,7.5,4.3,185,982.1
52,2024-08-21,27.0,92,21.7,4.6,179,982.6
52,2024-08-22,28.1,89,12.4,5.0,208,982.4
52,2024-08-23,28.0,88,16.9,5.3,186,983.6
52,2024-08-24,28.4,87,14.7,4.2,159,983.1
52,2024-08-25,28.0,86,10.4,5.3,179,982.0
52,2024-08-26,28.7,83,3.4,4.4,180,980.9
52,2024-08-27,27.3,90,15.4,3.2,175,981.4
52,2024-08-28,27.4,88,8.5,3.6,157,980.6
52,2024-08-29,27.6,88,7.5,4.6,159,980.5
52,2024-08-30,28.5,83,1.6,5.2,182,981.2
52,2024-08-31,29.0,80,0.2,4.9,207,981.0
52,2024-09-01,28.3,87,10.3,3.6,299,980.8
52,2024-09-02,29.4,83,2.1,3.1,64,980.8
52,2024-09-03,28.8,85,14.5,3.3,102,981.4
52,2024-09-04,29.3,83,0.4,4.3,173,979.4
52,2024-09-05,29.4,80,0.1,4.2,205,978.3
52,2024-09-06,29.3,81,3.0,5.0,242,978.4
52,2024-09-07,29.6,76,0.0,7.8,240,978.5
52,2024-09-08,28.3,83,6.8,7.5,219,979.1
52,2024-09-09,27.2,91,48.0,6.2,181,978.5
52,2024-09-10,26.3,95,37.2,7.5,167,978.1
52,2024-09-11,26.7,93,23.5,6.4,161,980.6
52,2024-09-12,27.4,89,6.6,4.2,184,981.7
52,2024-09-13,28.6,85,1.3,3.7,187,980.0
52,2024-09-14,28.7,82,0.7,4.7,230,978.4
52,2024-09-15,29.4,79,0.1,5.1,250,978.1
52,2024-09-16,29.4,79,1.4,4.1,264,978.3
52,2024-09-17,29.2,84,8.9,2.6,308,978.3
52,2024-09-18,28.0,89,10.9,3.2,301,977.9
52,2024-09-19,29.4,83,0.7,3.9,328,977.2
52,2024-09-20,27.6,86,7.5,3.3,271,977.2
52,2024-09-21,27.1,92,26.3,2.4,238,977.7
52,2024-09-22,27.1,91,13.7,3.1,121,978.8
52,2024-09-23,26.0,96,21.5,2.5,146,981.7
52,2024-09-24,26.2,95,13.8,3.1,149,983.5
52,2024-09-25,25.8,93,10.1,4.9,159,984.4
52,2024-09-26,27.5,87,1.8,3.5,164,984.5
52,2024-09-27,29.0,83,0.5,3.4,195,984.3
52,2024-09-28,29.7,83,0.4,4.3,173,982.9
52,2024-09-29,29.5,85,2.1,4.2,172,982.0
52,2024-09-30,29.3,86,1.9,4.0,185,980.5
52,2024-10-01,27.5,91,24.4,4.6,139,979.9
52,2024-10-02,26.9,89,12.8,4.8,110,983.0
52,2024-10-03,26.2,92,121.0,4.3,107,984.3
52,2024-10-04,26.8,91,6.5,2.6,152,985.6
52,2024-10-05,28.2,86,2.3,3.4,171,985.3
52,2024-10-06,28.7,83,0.7,4.2,145,985.6
52,2024-10-07,28.8,80,0.5,4.8,112,986.8
52,2024-10-08,28.6,80,0.0,3.9,263,986.3
52,2024-10-09,28.6,83,0.5,2.6,56,985.0
52,2024-10-10,28.3,86,1.7,2.8,156,984.4
52,2024-10-11,28.1,85,0.5,3.7,176,984.3
52,2024-10-12,28.2,81,0.0,4.1,119,985.1
52,2024-10-13,28.3,82,0.4,3.4,98,985.0
52,2024-10-14,29.1,82,0.5,3.2,176,984.4
52,2024-10-15,28.4,85,1.5,2.5,109,984.4
52,2024-10-16,28.8,82,0.3,3.1,93,984.6
52,2024-10-17,28.3,85,1.4,3.3,152,984.5
52,2024-10-18,29.3,83,0.5,2.3,141,983.7
52,2024-10-19,28.2,86,2.8,3.5,109,984.5
52,2024-10-20,27.4,86,10.5,4.4,30,986.0
52,2024-10-21,26.9,88,1.7,3.5,113,985.7
52,2024-10-22,27.9,84,2.6,4.3,49,985.3
52,2024-10-23,27.7,81,1.1,5.0,43,986.1
52,2024-10-24,27.4,84,0.4,3.7,287,984.9
52,2024-10-25,28.6,81,0.0,3.8,264,983.2
52,2024-10-26,29.4,79,0.0,4.7,293,980.8
52,2024-10-27,29.6,80,0.0,5.0,324,979.3
52,2024-10-28,28.8,72,0.0,5.6,12,980.0
52,2024-10-29,28.6,70,0.1,4.4,27,982.1
52,2024-10-30,28.4,75,0.0,3.1,149,983.8
52,2024-10-31,28.5,80,0.2,3.6,189,983.5
52,2024-11-01,29.2,80,0.5,2.1,106,983.8
52,2024-11-02,28.3,79,1.3,3.9,22,985.8
52,2024-11-03,27.8,70,0.0,5.5,48,986.7
52,2024-11-04,26.5,72,0.0,5.9,55,986.7
52,2024-11-05,26.8,78,1.2,4.2,52,988.1
52,2024-11-06,25.1,86,2.7,5.2,35,988.5
52,2024-11-07,24.9,86,4.8,4.7,51,987.8
52,2024-11-08,24.2,84,0.7,5.8,353,988.3
52,2024-11-09,25.4,79,0.0,4.9,348,987.3
52,2024-11-10,26.3,79,0.0,3.5,353,986.7
52,2024-11-11,26.1,77,0.0,4.0,288,986.0
52,2024-11-12,26.0,77,0.0,4.2,300,984.9
52,2024-11-13,27.0,76,0.0,3.6,298,983.7
52,2024-11-14,27.9,76,0.0,3.4,319,983.7
52,2024-11-15,28.3,76,0.0,3.7,320,983.5
52,2024-11-16,28.0,74,0.0,3.6,358,983.3
52,2024-11-17,26.8,77,0.9,4.7,31,984.4
52,2024-11-18,25.9,80,0.7,5.7,47,986.2
52,2024-11-19,25.9,77,0.0,5.7,30,987.0
52,2024-11-20,26.1,76,0.0,4.9,38,986.3
52,2024-11-21,26.1,75,0.0,4.2,42,986.1
52,2024-11-22,25.6,75,0.0,4.9,60,986.2
52,2024-11-23,26.1,73,0.0,4.8,65,986.8
52,2024-11-24,26.7,74,0.0,4.3,343,986.6
52,2024-11-25,26.8,75,0.0,3.9,47,986.1
52,2024-11-26,26.9,75,0.4,5.4,65,985.9
52,2024-11-27,26.8,75,0.0,6.3,95,986.3
52,2024-11-28,25.9,70,0.0,7.2,91,988.0
52,2024-11-29,24.4,70,0.0,6.5,69,989.0
52,2024-11-30,24.2,75,0.0,4.6,19,986.7
52,2024-12-01,24.5,76,0.0,3.0,341,984.4
52,2024-12-02,25.2,78,0.0,3.4,268,983.8
52,2024-12-03,26.4,76,0.0,4.1,256,984.2
52,2024-12-04,27.0,77,0.0,4.0,156,983.8
52,2024-12-05,27.2,78,0.0,6.0,159,983.8
52,2024-12-06,27.2,74,0.0,6.9,162,983.4
52,2024-12-07,26.9,75,0.0,4.8,140,984.6
52,2024-12-08,26.4,77,0.0,4.6,98,985.6
52,2024-12-09,25.9,78,0.0,4.3,138,985.5
52,2024-12-10,26.5,76,0.0,3.8,170,984.0
52,2024-12-11,26.7,74,0.0,3.9,12,984.1
52,2024-12-12,25.9,73,0.0,4.2,8,984.2
52,2024-12-13,26.3,76,0.3,4.8,54,985.3
52,2024-12-14,25.5,81,0.2,4.6,77,987.8
52,2024-12-15,23.9,77,0.3,6.7,63,989.9
52,2024-12-16,23.3,78,0.0,7.3,44,990.5
52,2024-12-17,23.5,77,0.0,4.4,39,988.4
52,2024-12-18,24.0,76,0.0,5.1,72,987.4
52,2024-12-19,23.7,75,0.0,5.2,105,987.9
52,2024-12-20,22.5,74,0.0,4.5,123,986.9
52,2024-12-21,22.3,74,0.0,4.4,111,986.9
52,2024-12-22,21.7,76,0.0,5.3,99,987.2
52,2024-12-23,22.2,72,0.0,4.7,52,987.2
52,2024-12-24,22.7,71,0.0,4.2,24,987.8
52,2024-12-25,22.7,70,0.0,5.2,17,988.8
52,2024-12-26,22.9,72,0.0,5.3,0,989.7
52,2024-12-27,24.0,73,0.0,5.1,12,989.6
52,2024-12-28,25.0,72,0.0,5.7,45,989.9
52,2024-12-29,24.4,74,0.0,4.0,103,988.9
52,2024-12-30,24.2,74,0.0,3.3,148,987.9
52,2024-12-31,24.3,73,0.0,4.7,111,987.6
52,2025-01-01,23.4,74,0.0,3.7,109,986.3
52,2025-01-02,23.6,72,0.0,3.4,37,986.3
52,2025-01-03,23.0,70,0.0,5.8,72,987.6
52,2025-01-04,23.0,66,0.0,4.3,71,987.1
52,2025-01-05,22.1,68,0.0,5.5,65,988.8
52,2025-01-06,21.8,71,0.0,3.4,43,987.3
52,2025-01-07,21.7,72,0.0,3.2,104,986.5
52,2025-01-08,22.3,73,0.0,4.5,141,986.0
52,2025-01-09,23.5,73,0.0,3.9,105,987.6
52,2025-01-10,23.7,70,0.0,5.8,99,990.0
52,2025-01-11,22.0,67,0.0,8.4,93,992.2
52,2025-01-12,20.2,64,0.0,6.7,67,993.1
52,2025-01-13,19.3,66,0.0,5.0,53,989.6
52,2025-01-14,19.9,62,0.0,4.8,43,989.4
52,2025-01-15,20.3,69,0.0,7.3,26,989.9
52,2025-01-16,21.8,69,0.0,7.4,35,990.3
52,2025-01-17,22.6,67,0.0,5.0,46,988.6
52,2025-01-18,22.5,68,0.0,2.6,75,986.7
52,2025-01-19,22.9,67,0.0,3.9,131,985.4
52,2025-01-20,22.5,72,0.0,4.1,152,984.2
52,2025-01-21,22.7,72,0.0,5.2,151,984.2
52,2025-01-22,22.8,73,0.0,4.5,147,984.4
52,2025-01-23,23.6,70,0.0,3.8,154,984.7
52,2025-01-24,24.4,68,0.0,4.0,173,983.2
52,2025-01-25,24.3,67,0.0,3.7,185,982.9
52,2025-01-26,23.7,66,0.0,5.2,151,983.4
52,2025-01-27,22.5,61,0.0,6.8,78,985.9
52,2025-01-28,22.1,63,0.0,5.9,104,988.6
52,2025-01-29,22.2,70,0.0,5.7,135,989.0
52,2025-01-30,22.9,69,0.0,6.8,161,985.7
52,2025-01-31,23.9,70,0.0,5.3,163,983.9
52,2025-02-01,25.1,65,0.0,2.4,213,983.2
52,2025-02-02,24.8,62,0.0,2.8,274,982.6
52,2025-02-03,25.3,62,0.0,2.9,309,983.3
52,2025-02-04,24.5,71,0.0,8.0,150,984.7
52,2025-02-05,25.2,70,0.0,7.8,160,983.8
52,2025-02-06,25.7,68,0.0,5.4,166,983.3
52,2025-02-07,25.8,67,0.0,4.7,163,984.4
52,2025-02-08,25.9,72,0.0,6.6,148,985.6
52,2025-02-09,25.9,68,0.0,7.1,147,986.6
52,2025-02-10,24.9,69,0.0,5.7,156,986.4
52,2025-02-11,25.6,66,0.0,6.4,156,985.7
52,2025-02-12,26.0,64,0.0,5.4,158,985.1
52,2025-02-13,26.2,63,0.0,5.6,172,984.6
52,2025-02-14,26.7,57,0.0,5.0,220,983.9
52,2025-02-15,25.9,53,0.0,4.8,258,983.0
52,2025-02-16,26.1,54,0.0,5.4,208,983.5
52,2025-02-17,26.7,56,0.0,3.9,244,985.2
52,2025-02-18,26.2,68,0.4,5.4,169,985.6
52,2025-02-19,26.7,75,0.7,5.8,146,985.8
52,2025-02-20,27.6,69,0.3,4.4,174,986.2
52,2025-02-21,26.3,74,0.3,6.2,153,986.7
52,2025-02-22,27.4,69,0.2,4.2,162,986.9
52,2025-02-23,28.1,67,0.2,4.8,146,988.0
52,2025-02-24,26.9,68,0.2,6.9,125,990.1
52,2025-02-25,24.7,76,0.5,6.2,134,992.1
52,2025-02-26,26.4,71,0.0,3.2,149,990.6
52,2025-02-27,28.2,64,0.0,4.2,171,987.0
52,2025-02-28,29.7,58,0.0,4.7,210,985.0
52,2025-03-01,30.1,56,0.0,6.1,237,983.2
52,2025-03-02,29.9,51,0.0,4.1,226,981.6
52,2025-03-03,30.0,49,0.0,4.3,261,981.2
52,2025-03-04,29.0,48,0.0,3.8,239,980.7
52,2025-03-05,28.8,51,0.0,4.6,221,980.4
52,2025-03-06,28.4,54,0.0,5.5,187,981.9
52,2025-03-07,28.6,67,0.3,7.9,158,982.4
52,2025-03-08,27.8,68,0.3,10.8,157,985.2
52,2025-03-09,26.7,71,0.0,4.6,158,987.3
52,2025-03-10,29.3,63,0.0,4.2,158,986.7
52,2025-03-11,30.8,57,0.0,5.3,202,984.3
52,2025-03-12,30.2,58,0.0,5.1,200,981.7
52,2025-03-13,30.4,59,0.0,7.6,183,981.9
52,2025-03-14,30.7,57,0.0,6.2,183,983.5
52,2025-03-15,30.4,60,0.0,5.2,184,983.6
52,2025-03-16,30.9,55,0.0,5.4,188,982.7
52,2025-03-17,30.8,62,0.0,8.6,167,982.9
52,2025-03-18,30.6,62,0.0,10.4,160,984.9
52,2025-03-19,26.6,60,0.0,8.9,81,989.5
52,2025-03-20,26.3,57,0.0,6.1,51,991.3
52,2025-03-21,27.0,60,0.0,5.2,104,990.1
52,2025-03-22,27.9,60,0.0,5.2,155,988.0
52,2025-03-23,28.9,56,0.0,5.3,167,986.3
52,2025-03-24,29.8,55,0.0,5.0,183,983.5
52,2025-03-25,30.5,52,0.0,6.0,196,979.7
52,2025-03-26,30.5,46,0.0,6.0,239,978.4
52,2025-03-27,30.5,44,0.0,6.5,237,977.6
52,2025-03-28,29.8,45,0.0,6.6,204,978.8
52,2025-03-29,30.5,47,0.0,6.1,191,980.5
52,2025-03-30,31.7,53,0.0,7.1,171,982.5
52,2025-03-31,31.8,62,0.1,10.4,164,983.5
52,2025-04-01,30.9,64,1.1,8.3,163,983.3
52,2025-04-02,31.1,62,0.0,7.1,162,984.1
52,2025-04-03,31.9,57,0.0,7.1,165,984.9
52,2025-04-04,31.2,60,0.2,6.1,188,983.4
52,2025-04-05,30.4,61,0.2,5.8,217,982.8
52,2025-04-06,28.5,72,1.5,5.6,177,983.4
52,2025-04-07,28.4,74,1.2,3.9,59,985.6
52,2025-04-08,30.9,58,0.0,3.9,299,986.0
52,2025-04-09,31.4,51,0.0,4.0,265,983.2
52,2025-04-10,30.4,60,0.6,6.7,190,981.3
52,2025-04-11,30.3,64,0.0,6.0,211,979.9
52,2025-04-12,29.5,71,3.3,5.6,179,981.5
52,2025-04-13,27.9,82,20.1,5.6,92,983.2
52,2025-04-14,25.6,89,6.8,4.5,43,985.9
52,2025-04-15,28.5,78,0.0,3.7,290,984.9
52,2025-04-16,29.4,72,0.0,5.0,231,983.0
52,2025-04-17,29.8,72,0.2,5.8,214,981.8
52,2025-04-18,29.3,75,2.2,5.6,197,981.2
52,2025-04-19,30.3,72,0.0,4.8,191,980.8
52,2025-04-20,30.2,69,0.1,6.4,169,981.4
52,2025-04-21,31.6,67,0.1,5.9,181,982.9
52,2025-04-22,32.5,59,0.1,7.3,218,982.6
52,2025-04-23,33.0,56,0.0,6.2,216,981.2
52,2025-04-24,33.0,55,0.0,6.8,215,980.7
52,2025-04-25,33.3,55,0.0,5.0,204,980.9
52,2025-04-26,33.1,55,0.0,6.3,178,981.4
52,2025-04-27,32.6,57,0.1,6.4,178,982.9
52,2025-04-28,30.1,63,0.0,4.6,200,983.1
52,2025-04-29,29.1,67,1.6,5.0,151,984.1
52,2025-04-30,29.6,68,4.8,4.3,173,983.7
52,2025-05-01,28.6,75,10.3,3.5,48,985.3
52,2025-05-02,30.1,66,3.0,3.4,319,983.4
52,2025-05-03,28.9,75,0.3,4.1,200,982.5
52,2025-05-04,30.0,72,1.8,5.3,190,980.8
52,2025-05-05,31.8,62,0.0,4.9,201,980.3
52,2025-05-06,32.8,59,0.0,5.1,189,979.7
52,2025-05-07,32.2,65,1.3,6.4,178,979.0
52,2025-05-08,31.3,68,1.8,5.3,172,979.4
52,2025-05-09,31.7,65,0.0,5.1,175,979.7
52,2025-05-10,31.1,67,1.2,5.9,193,980.1
52,2025-05-11,29.3,76,12.0,5.5,125,979.9
52,2025-05-12,28.6,78,4.8,4.9,122,980.9
52,2025-05-13,28.8,77,0.7,5.8,170,981.6
52,2025-05-14,28.0,83,8.7,4.9,148,982.6
52,2025-05-15,27.2,88,13.0,4.4,149,983.6
52,2025-05-16,28.1,84,3.2,3.1,175,983.4
52,2025-05-17,28.8,82,5.6,4.1,176,982.9
52,2025-05-18,28.3,81,19.8,4.3,177,983.0
52,2025-05-19,29.2,80,14.1,4.7,195,981.5
52,2025-05-20,29.7,79,1.8,4.7,200,981.0
52,2025-05-21,29.0,83,2.7,5.5,163,981.2
52,2025-05-22,30.4,76,0.1,4.4,190,979.7
52,2025-05-23,30.1,79,9.4,4.6,213,977.8
52,2025-05-24,28.8,82,4.3,4.0,101,979.2
52,2025-05-25,28.0,86,9.0,4.8,90,981.5
52,2025-05-26,27.0,90,16.7,5.5,100,981.8
52,2025-05-27,26.9,91,19.3,6.5,131,980.6
52,2025-05-28,28.3,86,3.5,6.7,166,980.0
52,2025-05-29,28.5,86,8.7,6.8,169,980.2
52,2025-05-30,27.7,88,4.9,6.8,166,981.1
52,2025-05-31,27.9,88,7.3,6.1,172,981.8
52,2025-06-01,28.8,82,4.6,7.5,180,981.1
52,2025-06-02,28.8,80,4.8,7.6,184,980.2
52,2025-06-03,28.5,82,2.7,5.9,188,980.1
52,2025-06-04,29.7,79,0.2,5.0,206,980.4
52,2025-06-05,29.9,77,0.0,5.1,215,980.5
52,2025-06-06,30.8,74,0.3,5.3,209,980.3
52,2025-06-07,31.3,70,0.0,5.2,212,979.6
52,2025-06-08,31.2,73,1.5,5.8,175,978.6
52,2025-06-09,30.7,74,2.4,6.5,169,978.2
52,2025-06-10,29.6,77,3.6,5.3,173,978.0
52,2025-06-11,28.4,84,19.6,3.4,234,978.7
52,2025-06-12,29.0,83,9.3,3.0,210,978.3
52,2025-06-13,30.2,76,1.1,5.3,222,978.5
52,2025-06-14,28.9,79,12.5,6.6,186,979.4
52,2025-06-15,28.9,80,12.9,6.9,183,979.7
52,2025-06-16,28.8,81,16.1,6.4,185,980.7
52,2025-06-17,28.8,80,3.5,6.1,189,981.7
52,2025-06-18,29.6,74,0.5,6.7,206,981.2
52,2025-06-19,29.7,74,4.9,6.5,210,981.0
52,2025-06-20,29.2,81,6.4,5.3,214,980.1
52,2025-06-21,30.1,75,1.0,5.4,193,979.1
52,2025-06-22,28.9,81,4.8,6.5,164,979.2
52,2025-06-23,28.3,83,8.5,6.4,160,979.1
52,2025-06-24,28.8,80,2.4,6.8,171,979.3
52,2025-06-25,28.5,80,6.0,5.3,192,980.6
52,2025-06-26,29.4,77,1.1,6.2,217,980.5
52,2025-06-27,28.1,81,9.1,6.3,196,979.7
52,2025-06-28,27.6,85,5.8,7.9,190,978.6
52,2025-06-29,28.3,82,6.9,7.1,192,977.8
52,2025-06-30,27.7,86,21.7,6.5,183,978.0
52,2025-07-01,28.4,80,3.4,6.6,194,979.0
52,2025-07-02,27.4,85,7.0,5.6,191,980.1
52,2025-07-03,28.5,79,5.2,6.0,212,981.0
52,2025-07-04,29.0,77,3.0,4.4,208,980.9
52,2025-07-05,28.4,81,4.9,5.5,221,979.2
52,2025-07-06,28.2,84,18.5,5.8,190,978.9
52,2025-07-07,28.7,80,5.6,6.3,193,979.8
52,2025-07-08,29.0,81,1.9,6.1,205,980.3
52,2025-07-09,29.5,76,1.4,6.9,226,980.1
52,2025-07-10,28.6,80,4.4,6.2,232,978.1
52,2025-07-11,28.2,81,7.9,5.6,215,975.7
52,2025-07-12,27.6,90,29.2,4.0,168,977.6
52,2025-07-13,28.9,82,1.4,5.4,194,979.6
52,2025-07-14,29.9,77,0.2,5.7,210,979.7
52,2025-07-15,29.2,83,7.2,5.1,201,978.5
52,2025-07-16,27.1,93,17.0,4.7,175,979.1
52,2025-07-17,27.4,90,4.9,5.4,176,979.7
52,2025-07-18,28.1,84,1.2,6.2,184,979.0
52,2025-07-19,28.8,79,0.1,6.4,211,976.3
52,2025-07-20,28.1,82,4.0,4.7,206,975.9
52,2025-07-21,29.1,79,1.8,7.4,218,976.3
52,2025-07-22,27.6,85,14.3,7.1,212,974.5
52,2025-07-23,25.2,97,47.4,8.9,178,972.4
52,2025-07-24,26.6,92,19.4,8.2,160,976.5
52,2025-07-25,27.2,90,10.4,5.2,161,978.7
52,2025-07-26,27.5,90,5.0,3.8,175,978.8
52,2025-07-27,27.1,91,5.2,6.2,190,977.4
52,2025-07-28,27.5,89,9.6,5.8,190,976.8
52,2025-07-29,28.2,86,12.5,7.0,216,976.8
52,2025-07-30,27.9,88,16.7,6.1,202,978.2
52,2025-07-31,29.4,77,0.3,7.9,232,978.3
52,2025-08-01,29.9,74,0.2,8.1,228,977.8
52,2025-08-02,29.8,77,0.3,7.3,229,979.2
52,2025-08-03,30.2,72,0.0,7.7,233,981.0
52,2025-08-04,30.9,70,0.0,7.3,231,980.6
52,2025-08-05,29.7,77,2.2,6.8,236,979.9
52,2025-08-06,28.4,86,9.3,5.4,192,979.7
52,2025-08-07,28.5,82,6.4,6.5,179,981.5
52,2025-08-08,28.6,81,1.0,4.7,209,983.4
52,2025-08-09,29.5,78,0.2,5.8,227,982.7
52,2025-08-10,29.7,75,0.8,6.8,238,980.5
52,2025-08-11,29.2,77,2.1,4.9,207,979.1
52,2025-08-12,29.1,80,1.0,6.1,170,979.5
52,2025-08-13,29.8,77,1.2,5.0,188,981.2
52,2025-08-14,29.8,76,1.8,4.3,227,980.1
52,2025-08-15,28.5,82,19.2,3.6,195,977.8
52,2025-08-16,27.1,89,13.2,4.1,124,978.2
52,2025-08-17,26.9,89,13.3,3.9,147,981.4
52,2025-08-18,28.1,85,6.1,3.8,195,982.2
52,2025-08-19,29.1,79,0.1,6.0,205,981.7
52,2025-08-20,29.3,80,0.4,4.7,191,981.7
52,2025-08-21,29.4,80,6.0,4.2,183,982.0
52,2025-08-22,28.3,84,9.4,4.4,158,981.4
52,2025-08-23,27.0,89,10.0,3.9,146,981.4
52,2025-08-24,28.1,85,8.7,2.5,157,980.8
52,2025-08-25,29.0,83,1.7,3.6,298,978.6
52,2025-08-26,26.6,92,12.5,4.9,227,978.4
52,2025-08-27,26.5,91,10.6,6.7,182,979.9
52,2025-08-28,27.3,86,3.9,3.8,185,981.5
52,2025-08-29,29.0,79,0.1,2.7,248,981.8
52,2025-08-30,29.0,82,2.8,4.3,285,980.6
52,2025-08-31,26.2,94,48.6,7.1,56,977.5
52,2025-09-01,26.8,90,4.8,3.5,151,979.9
52,2025-09-02,27.7,86,5.8,3.5,169,980.7
52,2025-09-03,28.9,83,3.1,3.7,169,981.2
52,2025-09-04,30.2,80,0.5,3.0,183,980.6
52,2025-09-05,30.0,82,0.7,4.2,157,980.7
52,2025-09-06,28.8,85,1.4,4.0,149,981.4
52,2025-09-07,28.3,87,4.3,3.7,148,980.9
52,2025-09-08,28.4,85,1.7,4.4,149,980.7
52,2025-09-09,27.9,85,4.5,5.2,146,981.7
52,2025-09-10,27.3,87,6.8,6.8,163,982.0
52,2025-09-11,27.6,87,3.6,5.1,149,982.7
52,2025-09-12,28.6,83,2.1,3.9,163,983.1
52,2025-09-13,28.7,84,8.3,2.9,171,983.5
52,2025-09-14,28.0,87,3.1,2.7,187,983.9
52,2025-09-15,27.9,86,1.8,4.5,150,983.6
52,2025-09-16,27.5,87,1.6,3.4,128,983.8
52,2025-09-17,28.4,84,0.8,3.3,175,982.3
52,2025-09-18,28.3,86,2.3,3.9,150,981.1
52,2025-09-19,28.1,86,2.4,4.1,136,981.4
52,2025-09-20,27.8,86,2.9,4.5,137,980.8
52,2025-09-21,27.5,90,3.3,4.3,155,980.7
52,2025-09-22,27.4,90,24.4,5.4,183,981.0
52,2025-09-23,27.3,90,11.2,5.3,176,980.0
52,2025-09-24,27.4,87,3.1,4.3,162,978.1
52,2025-09-25,27.8,86,2.6,5.2,194,978.5
52,2025-09-26,27.8,84,14.6,3.7,168,981.1
52,2025-09-27,27.5,89,13.6,4.5,36,983.5
52,2025-09-28,29.3,82,5.4,4.9,330,980.7
52,2025-09-29,29.5,80,12.0,5.1,338,976.8
52,2025-09-30,26.8,91,24.1,6.6,149,980.2
52,2025-10-01,27.2,89,10.2,4.4,147,983.9
52,2025-10-02,28.6,86,5.2,2.6,292,985.2
52,2025-10-03,29.0,84,1.3,3.3,223,984.4
52,2025-10-04,28.1,86,5.4,4.3,164,984.3
52,2025-10-05,28.2,85,1.1,4.4,174,983.6
52,2025-10-06,28.3,84,1.1,5.7,206,982.1
52,2025-10-07,28.4,84,0.7,4.9,187,983.2
52,2025-10-08,28.2,85,5.7,3.5,128,984.8
52,2025-10-09,27.9,88,2.3,2.8,119,984.6
52,2025-10-10,28.3,84,0.5,4.1,130,984.1
52,2025-10-11,28.3,82,0.3,3.8,218,983.4
52,2025-10-12,28.7,84,0.6,3.2,150,983.1
52,2025-10-13,27.8,88,7.9,3.2,89,983.2
52,2025-10-14,27.0,89,5.9,2.3,108,983.2
52,2025-10-15,26.1,91,19.8,2.4,115,983.5
52,2025-10-16,27.1,87,5.8,3.5,92,984.6
52,2025-10-17,27.5,86,1.0,4.3,3,985.3
52,2025-10-18,28.1,83,0.1,4.0,347,984.6
52,2025-10-19,28.3,81,0.3,4.7,19,983.8
52,2025-10-20,28.4,80,0.3,4.1,23,984.1
52,2025-10-21,28.3,80,0.2,4.4,7,984.5
52,2025-10-22,27.6,73,0.1,6.6,23,985.5
52,2025-10-23,27.1,71,0.0,5.6,18,986.0
52,2025-10-24,26.9,81,0.3,4.1,50,986.3
52,2025-10-25,27.3,79,0.2,4.5,52,985.9
52,2025-10-26,27.3,78,0.3,5.2,43,986.1
52,2025-10-27,26.9,79,1.2,4.2,17,987.0
52,2025-10-28,27.2,77,0.0,4.4,8,986.2
52,2025-10-29,27.2,77,0.0,4.1,8,985.4
52,2025-10-30,27.4,78,0.3,4.6,1,985.0
52,2025-10-31,27.7,85,2.4,4.6,32,985.1
52,2025-11-01,26.9,89,14.2,4.1,70,985.2
52,2025-11-02,26.0,93,7.5,3.7,122,984.7
52,2025-11-03,25.7,94,20.9,5.0,138,984.1
52,2025-11-04,26.2,92,4.6,2.9,121,984.5
52,2025-11-05,26.1,89,1.4,3.5,134,983.6
52,2025-11-06,27.2,85,0.0,3.0,264,983.3
52,2025-11-07,27.2,85,0.0,4.7,326,981.9
52,2025-11-08,26.2,93,20.5,2.0,180,982.8
52,2025-11-09,26.2,92,6.9,3.7,147,983.3
52,2025-11-10,26.3,92,5.5,2.9,160,983.1
52,2025-11-11,26.6,88,3.4,2.0,201,983.2
52,2025-11-12,27.8,86,0.5,2.6,358,984.4
52,2025-11-13,27.5,85,1.5,3.8,130,986.3
52,2025-11-14,27.1,86,2.2,3.5,137,986.9
52,2025-11-15,27.0,80,0.6,3.7,108,988.2
52,2025-11-16,26.2,76,0.1,5.7,19,989.2
52,2025-11-17,24.9,80,4.8,5.4,2,988.9
52,2025-11-18,23.7,90,17.6,5.3,13,989.1
52,2025-11-19,22.7,92,2.4,6.7,28,990.6
52,2025-11-20,22.7,79,0.0,7.3,32,991.3
52,2025-11-21,23.1,77,0.0,6.4,14,991.4
52,2025-11-22,22.8,78,0.0,5.2,14,989.7
52,2025-11-23,23.3,80,0.0,5.3,7,989.1
52,2025-11-24,23.2,79,0.0,6.9,5,988.6
52,2025-11-25,22.6,76,0.0,7.5,12,988.9
52,2025-11-26,21.1,75,0.0,6.9,9,988.8
52,2025-11-27,20.3,71,0.0,8.9,15,990.3
52,2025-11-28,19.0,66,0.0,6.7,7,989.0
52,2025-11-29,18.2,75,0.0,4.3,345,987.0
52,2025-11-30,19.4,77,0.0,4.0,340,986.3
52,2025-12-01,20.3,79,0.0,3.7,349,986.1
52,2025-12-02,21.8,79,0.0,3.4,337,985.6
52,2025-12-03,22.7,79,0.0,4.6,2,987.2
52,2025-12-04,23.5,78,0.0,4.2,357,988.2
52,2025-12-05,24.4,80,0.0,4.5,332,988.9
52,2025-12-06,24.9,82,0.1,4.1,233,988.2
52,2025-12-07,25.4,82,0.0,3.3,133,987.5
52,2025-12-08,25.4,77,0.0,4.9,88,988.3
52,2025-12-09,23.8,74,0.0,4.7,74,988.5
52,2025-12-10,23.2,71,0.0,4.4,18,988.5
52,2025-12-11,22.6,78,0.0,4.9,47,988.1
52,2025-12-12,23.3,82,1.0,4.0,22,987.8
52,2025-12-13,23.3,87,3.8,3.9,352,988.1
52,2025-12-14,23.7,87,0.8,4.5,8,988.6
52,2025-12-15,24.3,79,0.0,4.5,42,988.1
52,2025-12-16,24.3,79,0.0,3.4,73,987.1
52,2025-12-17,24.6,78,0.1,4.5,68,987.8
52,2025-12-18,24.5,75,0.2,3.9,41,987.9
52,2025-12-19,23.8,77,0.0,3.4,341,986.2
52,2025-12-20,23.4,75,0.0,3.2,4,985.5
52,2025-12-21,23.0,72,0.0,5.4,29,987.3
52,2025-12-22,22.9,75,0.0,4.2,343,986.4
52,2025-12-23,24.1,75,0.0,3.3,293,985.0
52,2025-12-24,24.1,77,0.0,3.0,346,984.7
52,2025-12-25,23.8,73,0.0,4.3,339,985.7
52,2025-12-26,23.2,75,0.0,5.2,135,986.1
52,2025-12-27,23.0,76,0.0,3.8,116,986.9
52,2025-12-28,23.1,76,0.0,3.6,134,987.4
52,2025-12-29,23.4,76,0.0,3.2,146,986.2
52,2025-12-30,23.1,78,0.0,3.2,129,985.1
52,2025-12-31,23.6,76,0.0,3.2,157,983.4
54,2020-01-01,26.1,70,0.0,6.7,65,1000.6
54,2020-01-02,26.7,68,0.0,5.7,70,1000.8
54,2020-01-03,26.4,67,0.0,4.7,71,998.5
54,2020-01-04,25.9,71,0.0,5.0,133,996.1
54,2020-01-05,25.6,74,0.0,5.4,148,995.4
54,2020-01-06,26.2,72,0.0,4.5,181,995.6
54,2020-01-07,25.9,73,0.0,5.0,172,994.8
54,2020-01-08,26.1,72,0.0,3.4,97,994.9
54,2020-01-09,26.4,69,0.0,3.2,53,994.4
54,2020-01-10,26.0,67,0.0,3.7,189,993.0
54,2020-01-11,26.0,66,0.0,3.9,225,992.5
54,2020-01-12,24.7,67,0.0,4.3,125,992.4
54,2020-01-13,24.7,75,0.0,6.2,160,992.7
54,2020-01-14,25.5,78,0.3,5.3,170,993.8
54,2020-01-15,25.5,79,0.0,4.1,202,994.2
54,2020-01-16,25.8,76,0.0,3.4,237,994.6
54,2020-01-17,25.7,72,0.0,3.6,50,995.5
54,2020-01-18,26.0,73,0.0,3.9,230,994.8
54,2020-01-19,25.8,73,0.0,5.2,150,995.0
54,2020-01-20,25.7,74,0.0,5.0,153,996.2
54,2020-01-21,26.2,74,0.0,5.7,170,997.3
54,2020-01-22,26.9,70,0.0,5.6,187,996.1
54,2020-01-23,26.8,68,0.0,5.7,200,994.1
54,2020-01-24,26.1,65,0.0,6.5,208,993.3
54,2020-01-25,25.0,60,0.0,7.3,202,991.6
54,2020-01-26,23.5,49,0.0,5.6,196,991.7
54,2020-01-27,21.3,56,0.0,6.6,171,991.0
54,2020-01-28,21.6,60,0.0,5.3,161,992.8
54,2020-01-29,22.5,63,0.0,4.3,102,995.2
54,2020-01-30,22.7,69,0.0,6.0,99,995.2
54,2020-01-31,23.9,68,0.0,5.9,141,995.6
54,2020-02-01,24.2,69,0.0,5.7,157,995.8
54,2020-02-02,24.8,69,0.0,6.5,168,996.5
54,2020-02-03,25.7,65,0.0,6.6,178,995.1
54,2020-02-04,25.5,65,0.0,7.4,182,994.0
54,2020-02-05,25.2,74,0.1,7.6,167,993.7
54,2020-02-06,26.3,71,0.0,6.3,174,994.4
54,2020-02-07,26.2,68,0.0,6.5,173,995.5
54,2020-02-08,26.7,68,0.0,5.5,127,996.4
54,2020-02-09,26.7,62,0.0,7.8,108,997.8
54,2020-02-10,26.3,62,0.0,5.8,120,997.2
54,2020-02-11,26.1,66,0.0,5.7,167,996.4
54,2020-02-12,27.2,63,0.0,7.2,189,994.8
54,2020-02-13,28.0,58,0.0,8.2,221,993.0
54,2020-02-14,27.0,54,0.0,10.2,211,990.7
54,2020-02-15,25.3,55,0.0,7.2,194,992.2
54,2020-02-16,25.0,60,0.0,5.8,175,994.3
54,2020-02-17,25.9,63,0.0,7.2,115,996.1
54,2020-02-18,26.0,60,0.0,7.0,105,997.7
54,2020-02-19,26.3,64,0.0,4.9,116,998.0
54,2020-02-20,25.9,66,0.0,4.7,110,997.7
54,2020-02-21,25.7,64,0.0,8.1,93,1000.2
54,2020-02-22,25.9,60,0.0,8.8,88,1001.2
54,2020-02-23,25.4,63,0.0,5.7,91,999.4
54,2020-02-24,25.1,66,0.0,5.2,136,996.1
54,2020-02-25,26.3,63,0.0,4.9,155,994.3
54,2020-02-26,26.7,63,0.0,5.2,148,994.4
54,2020-02-27,26.4,64,0.0,5.1,137,993.8
54,2020-02-28,26.9,62,0.0,5.9,157,992.8
54,2020-02-29,27.0,73,0.4,6.5,171,992.4
54,2020-03-01,28.7,66,0.0,5.8,195,992.3
54,2020-03-02,28.9,65,0.0,6.7,182,991.8
54,2020-03-03,29.5,62,0.2,6.8,194,991.8
54,2020-03-04,28.3,69,0.3,4.8,172,992.6
54,2020-03-05,27.8,74,0.8,5.9,144,993.3
54,2020-03-06,28.1,73,0.4,6.4,174,994.6
54,2020-03-07,29.5,64,0.0,7.5,192,994.0
54,2020-03-08,30.1,54,0.0,7.7,212,991.2
54,2020-03-09,30.0,51,0.0,7.2,212,988.8
54,2020-03-10,29.8,53,0.0,7.4,184,989.5
54,2020-03-11,30.0,55,0.0,7.7,174,991.2
54,2020-03-12,29.9,56,0.0,7.2,183,992.8
54,2020-03-13,29.9,59,0.0,7.0,187,993.4
54,2020-03-14,30.1,61,0.0,5.8,172,992.2
54,2020-03-15,29.5,71,0.9,7.3,152,993.4
54,2020-03-16,29.9,72,0.7,7.2,187,994.3
54,2020-03-17,31.1,66,0.3,8.2,182,993.8
54,2020-03-18,31.7,57,0.0,8.8,193,991.6
54,2020-03-19,30.8,61,0.0,8.2,184,991.1
54,2020-03-20,30.5,66,0.4,8.5,175,992.0
54,2020-03-21,30.5,61,0.0,9.3,183,992.9
54,2020-03-22,30.3,57,0.0,7.6,192,992.2
54,2020-03-23,29.9,58,0.0,7.4,179,991.5
54,2020-03-24,30.2,59,0.1,7.9,176,990.4
54,2020-03-25,30.1,60,0.0,8.1,176,989.9
54,2020-03-26,30.7,55,0.0,8.4,188,991.1
54,2020-03-27,30.8,52,0.0,7.3,201,991.3
54,2020-03-28,30.5,53,0.0,7.9,189,990.2
54,2020-03-29,30.8,55,0.0,8.4,190,989.4
54,2020-03-30,30.9,51,0.0,8.0,193,989.7
54,2020-03-31,31.0,54,0.0,7.6,190,990.3
54,2020-04-01,31.7,54,0.0,8.3,185,990.0
54,2020-04-02,32.2,51,0.0,7.9,184,990.4
54,2020-04-03,32.3,52,0.0,7.2,188,991.7
54,2020-04-04,32.0,52,0.0,7.2,187,991.9
54,2020-04-05,31.8,57,0.1,8.6,183,992.2
54,2020-04-06,32.3,55,0.0,9.2,185,991.3
54,2020-04-07,32.7,54,0.0,8.1,177,990.3
54,2020-04-08,31.7,58,0.0,7.1,174,991.5
54,2020-04-09,31.0,63,0.6,7.4,149,992.9
54,2020-04-10,30.4,68,0.4,6.9,173,994.2
54,2020-04-11,31.1,59,0.0,7.0,184,993.4
54,2020-04-12,31.9,57,0.0,7.6,176,991.8
54,2020-04-13,30.2,64,2.7,7.9,133,993.4
54,2020-04-14,29.4,62,0.0,4.4,111,995.1
54,2020-04-15,30.4,67,0.7,6.2,183,993.4
54,2020-04-16,31.5,61,0.0,7.3,191,991.4
54,2020-04-17,32.3,55,0.0,8.4,185,991.5
54,2020-04-18,31.5,62,0.0,8.8,185,993.0
54,2020-04-19,32.0,59,0.4,7.6,189,991.8
54,2020-04-20,32.8,57,0.0,7.4,191,991.8
54,2020-04-21,33.7,54,0.3,7.1,202,990.6
54,2020-04-22,33.7,53,0.0,7.7,194,990.2
54,2020-04-23,32.3,60,1.5,7.2,161,991.8
54,2020-04-24,31.2,68,11.6,8.6,162,992.9
54,2020-04-25,28.4,76,10.5,6.8,121,994.8
54,2020-04-26,28.7,74,2.3,5.2,48,995.8
54,2020-04-27,26.6,82,5.7,6.0,22,997.8
54,2020-04-28,29.8,71,0.1,4.7,49,995.5
54,2020-04-29,28.6,73,0.0,6.2,6,994.5
54,2020-04-30,29.6,73,2.6,4.4,27,994.4
54,2020-05-01,29.7,75,0.1,3.8,218,992.6
54,2020-05-02,29.5,81,25.8,3.8,221,991.6
54,2020-05-03,31.1,75,0.3,3.4,244,991.2
54,2020-05-04,31.2,76,0.1,4.2,178,991.7
54,2020-05-05,32.2,73,0.1,5.6,186,990.4
54,2020-05-06,33.0,68,0.0,6.5,205,989.4
54,2020-05-07,32.9,66,0.0,6.7,201,989.0
54,2020-05-08,30.9,75,3.1,8.1,188,989.8
54,2020-05-09,31.7,70,0.2,5.7,179,990.8
54,2020-05-10,31.7,68,0.1,4.3,229,991.2
54,2020-05-11,31.5,65,1.1,6.2,227,992.2
54,2020-05-12,30.7,73,0.1,4.2,177,991.8
54,2020-05-13,32.1,66,0.0,7.0,176,990.6
54,2020-05-14,31.9,65,0.2,5.0,195,990.9
54,2020-05-15,31.9,67,1.3,6.8,196,988.5
54,2020-05-16,33.1,63,0.2,6.6,198,987.6
54,2020-05-17,33.5,61,0.0,8.5,205,986.9
54,2020-05-18,32.1,66,1.0,8.0,192,987.1
54,2020-05-19,30.6,76,4.7,7.3,193,988.3
54,2020-05-20,31.6,72,0.5,7.8,202,988.5
54,2020-05-21,30.9,73,1.0,6.6,215,989.7
54,2020-05-22,32.0,67,0.0,6.2,223,988.9
54,2020-05-23,33.3,61,0.0,7.0,220,988.3
54,2020-05-24,32.6,63,0.0,10.4,198,990.1
54,2020-05-25,33.0,64,0.0,10.4,202,991.2
54,2020-05-26,33.7,59,0.0,10.6,200,991.1
54,2020-05-27,34.0,57,0.0,10.1,200,990.3
54,2020-05-28,32.1,61,0.0,8.3,200,990.6
54,2020-05-29,30.8,69,1.3,5.2,180,991.2
54,2020-05-30,30.1,76,5.8,6.3,177,992.3
54,2020-05-31,29.6,79,3.0,6.2,178,993.0
54,2020-06-01,31.1,69,0.5,7.1,198,991.9
54,2020-06-02,30.5,74,5.1,8.0,190,990.7
54,2020-06-03,31.2,73,3.5,6.8,195,989.8
54,2020-06-04,31.2,73,2.7,5.2,199,989.5
54,2020-06-05,30.3,79,5.9,5.3,191,989.6
54,2020-06-06,30.3,79,8.3,7.2,183,989.3
54,2020-06-07,30.1,79,0.8,8.0,186,989.0
54,2020-06-08,29.5,82,14.4,7.8,193,988.5
54,2020-06-09,30.7,76,0.4,6.8,189,988.9
54,2020-06-10,31.0,75,5.7,8.2,189,989.7
54,2020-06-11,31.8,69,0.6,7.9,204,988.9
54,2020-06-12,32.5,65,2.1,7.0,217,987.2
54,2020-06-13,32.2,68,3.6,5.9,234,986.3
54,2020-06-14,28.1,91,30.6,4.2,166,988.2
54,2020-06-15,27.6,92,31.0,7.8,180,989.5
54,2020-06-16,27.6,92,15.8,8.8,184,990.1
54,2020-06-17,27.8,89,12.1,8.7,188,989.8
54,2020-06-18,26.1,96,29.4,7.7,189,990.7
54,2020-06-19,27.9,88,17.9,5.9,181,990.3
54,2020-06-20,30.0,82,0.4,5.7,192,989.8
54,2020-06-21,31.1,76,0.0,6.5,196,988.5
54,2020-06-22,31.5,75,0.1,6.0,198,988.2
54,2020-06-23,30.5,78,0.0,7.1,195,990.0
54,2020-06-24,29.5,86,5.4,4.2,229,990.1
54,2020-06-25,29.0,86,10.0,4.7,205,989.2
54,2020-06-26,28.8,86,16.2,6.1,197,989.2
54,2020-06-27,28.7,86,10.2,4.9,190,989.3
54,2020-06-28,30.2,81,0.7,6.2,192,988.7
54,2020-06-29,31.1,75,0.2,6.7,196,988.1
54,2020-06-30,31.0,77,0.7,8.5,199,987.9
54,2020-07-01,30.1,80,5.5,7.9,205,987.4
54,2020-07-02,30.0,77,3.0,6.7,207,986.6
54,2020-07-03,29.6,80,2.8,7.6,189,987.7
54,2020-07-04,28.5,86,5.0,7.8,186,989.6
54,2020-07-05,29.3,83,4.3,7.4,192,989.0
54,2020-07-06,30.8,78,1.9,5.1,194,988.0
54,2020-07-07,31.1,78,6.2,4.7,165,989.6
54,2020-07-08,29.7,83,8.8,6.6,191,990.9
54,2020-07-09,30.8,78,1.7,6.5,207,988.9
54,2020-07-10,30.8,75,1.2,8.0,208,988.6
54,2020-07-11,30.6,76,0.0,6.9,199,989.0
54,2020-07-12,29.0,86,7.9,5.2,179,988.7
54,2020-07-13,28.1,88,10.6,5.2,178,989.1
54,2020-07-14,29.5,81,2.3,5.5,188,990.0
54,2020-07-15,30.3,76,0.0,6.0,193,989.0
54,2020-07-16,30.5,79,1.8,6.0,181,988.0
54,2020-07-17,30.1,79,8.7,7.5,177,989.3
54,2020-07-18,29.8,81,6.5,5.9,201,990.4
54,2020-07-19,30.6,76,2.1,6.7,212,989.6
54,2020-07-20,30.1,80,3.1,5.6,195,989.6
54,2020-07-21,29.1,83,11.0,4.7,181,990.7
54,2020-07-22,29.0,85,7.0,5.4,183,990.5
54,2020-07-23,29.7,83,4.2,4.9,173,990.7
54,2020-07-24,31.1,78,0.3,4.6,186,990.5
54,2020-07-25,31.5,76,1.5,6.4,187,990.0
54,2020-07-26,31.1,75,0.2,7.2,191,989.9
54,2020-07-27,30.0,81,4.9,5.0,192,988.9
54,2020-07-28,29.1,84,6.3,3.9,211,989.8
54,2020-07-29,29.3,80,0.6,6.5,210,990.4
54,2020-07-30,30.0,79,1.3,6.1,212,989.4
54,2020-07-31,30.8,78,8.6,5.0,213,986.7
54,2020-08-01,29.9,83,9.6,4.9,194,984.5
54,2020-08-02,26.4,98,37.4,8.4,194,982.0
54,2020-08-03,27.2,95,10.7,10.7,189,981.3
54,2020-08-04,28.1,89,22.5,9.8,177,984.2
54,2020-08-05,28.3,91,23.8,7.4,186,987.5
54,2020-08-06,28.3,89,9.5,5.8,186,989.4
54,2020-08-07,28.9,88,8.8,4.9,177,988.7
54,2020-08-08,29.6,85,7.5,5.6,188,987.9
54,2020-08-09,30.1,83,6.3,6.6,197,987.8
54,2020-08-10,29.6,84,3.6,7.4,199,988.5
54,2020-08-11,29.4,81,1.0,7.8,194,988.8
54,2020-08-12,29.3,82,2.8,7.7,193,989.1
54,2020-08-13,28.7,86,7.2,6.8,178,988.7
54,2020-08-14,27.0,94,45.3,8.7,182,989.3
54,2020-08-15,26.0,96,28.1,8.4,187,990.4
54,2020-08-16,26.7,92,5.0,5.8,187,990.4
54,2020-08-17,27.7,89,6.6,6.1,191,989.4
54,2020-08-18,26.7,91,8.9,3.6,196,989.7
54,2020-08-19,27.2,92,15.0,3.5,203,989.4
54,2020-08-20,27.9,89,17.0,5.2,207,989.8
54,2020-08-21,26.0,96,25.8,7.5,195,990.7
54,2020-08-22,27.0,93,11.0,3.2,130,989.8
54,2020-08-23,27.1,94,10.4,6.2,175,989.5
54,2020-08-24,27.8,88,3.5,8.2,194,991.2
54,2020-08-25,29.1,82,0.0,6.2,217,991.1
54,2020-08-26,29.4,84,3.6,5.7,221,990.2
54,2020-08-27,29.7,85,3.2,7.1,227,988.1
54,2020-08-28,30.4,81,1.0,5.2,201,987.0
54,2020-08-29,30.1,83,0.7,5.0,185,987.6
54,2020-08-30,30.0,81,0.7,3.9,166,988.2
54,2020-08-31,29.4,85,0.7,3.9,159,989.5
54,2020-09-01,28.5,87,2.4,4.2,187,990.7
54,2020-09-02,29.3,85,0.4,3.0,243,991.2
54,2020-09-03,30.2,84,1.8,3.6,182,990.9
54,2020-09-04,29.8,85,1.2,2.9,157,990.7
54,2020-09-05,29.8,84,0.5,5.3,194,989.8
54,2020-09-06,30.0,84,5.9,6.1,199,989.3
54,2020-09-07,29.1,88,7.4,6.1,191,989.6
54,2020-09-08,28.5,86,2.8,5.4,175,990.7
54,2020-09-09,29.0,85,11.0,4.5,174,991.0
54,2020-09-10,28.8,86,7.2,5.2,183,989.3
54,2020-09-11,28.9,85,2.4,4.5,184,990.2
54,2020-09-12,28.7,87,6.6,5.1,176,992.1
54,2020-09-13,29.3,85,1.7,3.9,161,992.3
54,2020-09-14,29.3,86,13.2,4.1,179,991.2
54,2020-09-15,29.7,82,2.5,4.7,175,990.8
54,2020-09-16,29.9,83,10.6,4.9,194,990.2
54,2020-09-17,30.0,85,5.8,3.9,196,988.1
54,2020-09-18,29.2,89,23.1,4.0,358,985.2
54,2020-09-19,27.7,89,15.0,11.0,59,984.1
54,2020-09-20,27.1,94,21.4,7.0,163,989.4
54,2020-09-21,27.1,94,16.8,5.5,175,992.2
54,2020-09-22,28.9,88,2.9,3.7,165,992.1
54,2020-09-23,28.3,92,17.4,4.4,174,991.6
54,2020-09-24,28.4,88,15.9,4.7,182,992.4
54,2020-09-25,29.1,85,2.2,5.7,192,991.4
54,2020-09-26,29.3,84,4.1,5.5,196,990.7
54,2020-09-27,29.7,84,1.6,3.5,178,989.7
54,2020-09-28,29.1,89,13.6,3.5,69,989.4
54,2020-09-29,27.9,93,20.6,2.2,135,989.5
54,2020-09-30,28.2,90,11.5,4.4,190,989.2
54,2020-10-01,29.3,85,3.6,4.1,178,988.7
54,2020-10-02,29.0,88,10.6,2.8,149,989.4
54,2020-10-03,28.2,91,9.7,2.9,165,990.6
54,2020-10-04,28.4,89,14.0,3.2,175,991.6
54,2020-10-05,28.0,91,9.5,3.3,149,991.4
54,2020-10-06,29.0,88,15.3,2.4,94,992.1
54,2020-10-07,29.6,83,0.3,4.5,42,992.1
54,2020-10-08,28.0,88,2.9,4.3,39,991.3
54,2020-10-09,28.4,81,0.1,4.7,44,992.2
54,2020-10-10,27.4,85,0.2,4.0,21,991.8
54,2020-10-11,28.1,84,0.4,4.4,62,990.0
54,2020-10-12,28.6,85,0.3,3.2,154,989.1
54,2020-10-13,28.3,87,1.9,3.1,218,989.6
54,2020-10-14,29.0,84,0.0,3.5,236,989.1
54,2020-10-15,28.5,86,0.4,3.5,82,988.8
54,2020-10-16,27.7,88,4.9,5.2,38,989.9
54,2020-10-17,27.2,85,14.7,7.8,11,990.7
54,2020-10-18,26.0,88,9.5,4.8,17,991.8
54,2020-10-19,24.9,91,5.6,4.7,18,993.0
54,2020-10-20,24.2,94,4.5,5.1,7,994.7
54,2020-10-21,26.1,90,0.5,4.6,15,994.8
54,2020-10-22,27.2,87,0.2,4.1,37,993.3
54,2020-10-23,27.4,84,0.1,3.9,83,993.4
54,2020-10-24,26.8,84,0.0,4.0,96,993.9
54,2020-10-25,26.6,84,0.0,2.9,121,993.8
54,2020-10-26,27.3,83,0.0,3.4,125,992.7
54,2020-10-27,27.6,85,1.8,3.2,105,992.8
54,2020-10-28,28.3,82,0.0,4.1,352,992.0
54,2020-10-29,26.1,91,15.3,5.8,5,991.0
54,2020-10-30,25.7,92,6.6,5.9,61,993.9
54,2020-10-31,27.4,85,2.8,6.2,60,995.6
54,2020-11-01,28.4,83,0.1,4.5,88,995.5
54,2020-11-02,28.4,86,0.4,3.0,110,995.3
54,2020-11-03,28.7,84,2.5,2.2,112,996.0
54,2020-11-04,27.5,87,8.2,2.8,156,995.7
54,2020-11-05,27.2,87,0.5,2.4,107,995.8
54,2020-11-06,28.3,83,0.0,3.5,66,996.0
54,2020-11-07,27.9,82,0.4,4.8,69,996.8
54,2020-11-08,28.0,84,1.3,4.4,57,997.5
54,2020-11-09,27.4,81,0.0,4.1,64,996.7
54,2020-11-10,26.0,71,0.0,6.5,51,996.3
54,2020-11-11,25.7,68,0.0,5.9,30,997.5
54,2020-11-12,26.4,76,0.0,4.7,42,997.8
54,2020-11-13,28.0,79,0.0,4.0,65,996.0
54,2020-11-14,27.0,72,0.0,5.4,52,995.1
54,2020-11-15,25.6,65,0.0,6.5,10,995.2
54,2020-11-16,27.2,74,0.0,4.1,37,995.5
54,2020-11-17,27.4,81,0.0,4.1,120,994.3
54,2020-11-18,27.9,80,0.0,4.2,204,993.1
54,2020-11-19,28.0,77,0.0,4.0,215,992.5
54,2020-11-20,27.9,76,0.0,3.6,260,992.8
54,2020-11-21,28.3,71,0.0,4.0,3,993.1
54,2020-11-22,27.7,70,0.0,3.9,40,994.7
54,2020-11-23,27.4,79,0.9,5.4,74,995.8
54,2020-11-24,27.5,74,0.0,6.1,90,996.2
54,2020-11-25,27.3,71,0.0,5.5,82,995.9
54,2020-11-26,27.4,72,0.0,5.4,77,996.5
54,2020-11-27,26.8,71,0.0,6.3,88,997.7
54,2020-11-28,26.2,70,0.0,5.5,84,997.9
54,2020-11-29,26.0,72,0.0,5.7,59,997.5
54,2020-11-30,26.1,70,0.0,6.4,48,997.7
54,2020-12-01,25.4,71,0.0,6.1,39,998.4
54,2020-12-02,25.8,74,0.0,4.9,66,996.7
54,2020-12-03,25.2,74,0.0,6.3,96,996.6
54,2020-12-04,23.9,71,0.0,7.0,99,996.9
54,2020-12-05,22.2,73,0.0,6.1,89,998.2
54,2020-12-06,22.3,77,0.0,4.3,69,997.8
54,2020-12-07,22.6,76,0.0,4.7,86,997.7
54,2020-12-08,22.4,75,0.0,5.5,89,997.6
54,2020-12-09,22.2,75,0.0,4.6,100,995.7
54,2020-12-10,22.6,76,0.0,3.8,93,995.0
54,2020-12-11,23.0,75,0.0,3.2,47,995.1
54,2020-12-12,23.9,70,0.0,3.9,17,994.0
54,2020-12-13,24.6,74,0.0,3.8,174,992.7
54,2020-12-14,25.3,76,0.0,3.1,66,993.4
54,2020-12-15,25.4,79,0.0,5.7,87,995.4
54,2020-12-16,25.5,78,0.0,5.3,86,996.4
54,2020-12-17,25.2,78,0.0,4.4,106,995.6
54,2020-12-18,24.8,78,0.0,5.3,107,995.9
54,2020-12-19,23.8,75,0.0,6.1,90,997.2
54,2020-12-20,22.3,73,0.0,7.1,81,999.1
54,2020-12-21,21.6,74,0.0,6.9,56,998.9
54,2020-12-22,20.3,73,0.0,6.5,20,997.6
54,2020-12-23,20.5,70,0.0,6.7,15,995.3
54,2020-12-24,21.7,69,0.0,6.8,21,994.5
54,2020-12-25,23.6,72,0.0,4.8,45,994.7
54,2020-12-26,25.1,79,0.0,5.0,154,994.6
54,2020-12-27,26.0,79,0.0,5.1,178,993.7
54,2020-12-28,26.5,76,0.0,4.6,184,992.6
54,2020-12-29,26.0,71,0.0,3.5,349,992.9
54,2020-12-30,24.4,69,0.0,8.4,84,995.2
54,2020-12-31,23.3,64,0.0,7.2,87,998.3
54,2021-01-01,20.9,67,0.0,6.9,83,999.3
54,2021-01-02,19.9,72,0.0,5.4,79,998.1
54,2021-01-03,20.5,72,0.0,5.3,81,996.6
54,2021-01-04,21.8,73,0.0,5.8,75,997.3
54,2021-01-05,23.3,75,0.0,4.1,71,996.2
54,2021-01-06,24.8,76,0.0,4.7,99,994.4
54,2021-01-07,25.1,80,0.0,4.2,111,993.3
54,2021-01-08,25.5,72,0.0,6.8,96,994.3
54,2021-01-09,24.0,69,0.0,5.9,116,995.5
54,2021-01-10,23.3,73,0.0,5.1,116,995.4
54,2021-01-11,23.6,65,0.0,7.7,92,997.3
54,2021-01-12,19.0,62,0.0,10.7,61,1001.2
54,2021-01-13,18.8,66,0.0,5.7,18,998.6
54,2021-01-14,20.3,71,0.0,4.5,17,995.8
54,2021-01-15,22.3,68,0.0,4.8,154,993.2
54,2021-01-16,22.2,72,0.0,5.7,162,992.8
54,2021-01-17,23.0,72,0.0,7.4,101,996.3
54,2021-01-18,22.9,64,0.0,6.5,75,998.7
54,2021-01-19,21.5,71,0.0,4.7,112,996.6
54,2021-01-20,21.2,74,0.0,5.4,170,995.4
54,2021-01-21,21.9,71,0.0,4.7,167,994.1
54,2021-01-22,22.8,70,0.0,4.7,173,993.4
54,2021-01-23,23.2,68,0.0,6.1,168,993.0
54,2021-01-24,23.6,70,0.0,5.9,178,993.7
54,2021-01-25,24.5,72,0.0,4.2,184,994.0
54,2021-01-26,25.4,69,0.0,3.5,146,993.3
54,2021-01-27,25.3,72,0.0,5.3,169,993.6
54,2021-01-28,25.9,70,0.0,4.5,117,995.0
54,2021-01-29,25.7,67,0.0,6.3,115,996.0
54,2021-01-30,25.4,71,0.0,5.8,147,996.0
54,2021-01-31,25.4,72,0.1,5.4,139,996.5
54,2021-02-01,25.9,71,0.0,5.3,173,996.2
54,2021-02-02,26.1,70,0.0,5.7,170,995.9
54,2021-02-03,26.0,69,0.0,4.9,143,995.8
54,2021-02-04,25.4,67,0.0,5.0,109,996.7
54,2021-02-05,25.4,66,0.0,4.0,125,995.8
54,2021-02-06,25.8,69,0.0,4.6,141,994.4
54,2021-02-07,26.1,69,0.0,5.7,166,993.8
54,2021-02-08,23.5,83,23.6,4.4,75,993.9
54,2021-02-09,22.6,76,1.3,7.5,4,995.1
54,2021-02-10,22.5,70,0.0,6.2,17,995.2
54,2021-02-11,23.1,71,0.0,4.9,78,994.7
54,2021-02-12,24.1,72,0.0,4.5,157,994.7
54,2021-02-13,25.0,70,0.0,5.7,167,994.8
54,2021-02-14,25.4,70,0.0,6.1,171,994.7
54,2021-02-15,25.4,72,0.0,6.6,169,993.2
54,2021-02-16,25.8,74,0.0,5.6,165,992.7
54,2021-02-17,26.5,70,0.0,5.7,119,994.8
54,2021-02-18,26.6,62,0.0,8.3,101,998.5
54,2021-02-19,25.1,61,0.0,7.2,92,999.8
54,2021-02-20,25.4,66,0.0,5.4,91,997.6
54,2021-02-21,26.2,66,0.0,4.2,179,995.4
54,2021-02-22,27.5,62,0.0,4.8,191,993.8
54,2021-02-23,27.8,64,0.0,5.4,177,992.6
54,2021-02-24,28.4,69,0.0,7.6,188,991.0
54,2021-02-25,29.1,60,0.0,7.5,213,989.3
54,2021-02-26,27.6,55,0.0,6.9,208,988.0
54,2021-02-27,26.9,55,0.0,5.9,206,988.8
54,2021-02-28,26.8,56,0.0,7.0,185,990.5
54,2021-03-01,26.5,59,0.0,7.6,187,993.6
54,2021-03-02,26.8,64,0.0,6.0,181,993.8
54,2021-03-03,27.6,74,1.5,6.5,153,993.6
54,2021-03-04,28.1,77,0.4,7.1,176,994.7
54,2021-03-05,29.7,66,0.0,7.1,201,993.5
54,2021-03-06,28.5,60,0.0,6.4,202,994.3
54,2021-03-07,27.4,62,0.0,6.4,178,993.6
54,2021-03-08,27.3,67,0.3,6.1,177,994.6
54,2021-03-09,27.9,67,0.0,5.7,173,994.7
54,2021-03-10,27.5,70,0.0,5.5,166,994.8
54,2021-03-11,28.1,69,0.0,3.6,145,995.1
54,2021-03-12,28.7,72,0.0,3.6,144,995.1
54,2021-03-13,28.6,75,0.2,4.0,147,994.5
54,2021-03-14,29.1,72,0.0,6.0,177,992.7
54,2021-03-15,30.1,71,0.0,6.9,184,991.4
54,2021-03-16,30.3,66,0.0,6.5,186,990.8
54,2021-03-17,30.2,68,0.0,6.2,183,990.8
54,2021-03-18,31.0,67,0.0,5.9,182,990.5
54,2021-03-19,31.5,64,0.0,7.0,191,989.8
54,2021-03-20,32.0,64,0.0,7.5,187,988.4
54,2021-03-21,32.8,60,0.1,7.6,170,989.4
54,2021-03-22,30.5,61,2.8,7.6,133,994.4
54,2021-03-23,30.7,53,0.0,4.8,124,995.4
54,2021-03-24,30.7,59,0.0,5.8,180,992.6
54,2021-03-25,32.0,58,0.0,6.0,179,991.3
54,2021-03-26,31.6,62,0.4,7.2,195,990.8
54,2021-03-27,31.3,65,0.0,6.3,192,989.8
54,2021-03-28,32.1,61,0.0,8.3,196,989.1
54,2021-03-29,32.0,59,0.0,8.8,194,988.3
54,2021-03-30,30.8,61,0.0,8.2,203,986.8
54,2021-03-31,31.8,55,0.0,7.8,202,986.0
54,2021-04-01,32.0,56,0.0,7.7,197,986.5
54,2021-04-02,31.6,59,0.0,6.7,183,988.1
54,2021-04-03,31.0,66,12.0,5.2,136,989.1
54,2021-04-04,25.2,93,26.6,5.1,38,993.1
54,2021-04-05,25.5,90,28.8,4.8,39,994.3
54,2021-04-06,24.4,92,9.0,5.5,1,995.5
54,2021-04-07,26.9,82,7.7,3.9,4,995.1
54,2021-04-08,29.7,75,0.7,3.9,175,992.4
54,2021-04-09,29.5,76,2.3,4.3,172,992.0
54,2021-04-10,29.1,78,5.3,4.3,136,993.9
54,2021-04-11,29.1,81,4.1,3.5,171,995.1
54,2021-04-12,29.4,79,0.9,2.9,169,995.0
54,2021-04-13,29.6,77,0.5,4.7,196,993.6
54,2021-04-14,28.9,78,1.6,6.1,203,993.0
54,2021-04-15,29.2,74,0.4,5.2,200,991.8
54,2021-04-16,29.3,76,7.5,4.8,186,991.4
54,2021-04-17,27.4,86,22.1,3.6,120,994.1
54,2021-04-18,26.8,91,14.0,3.7,167,993.4
54,2021-04-19,28.7,82,0.8,5.2,191,991.4
54,2021-04-20,29.9,77,0.2,5.7,186,990.9
54,2021-04-21,30.3,78,0.4,5.2,188,991.2
54,2021-04-22,31.1,75,0.2,5.6,188,990.2
54,2021-04-23,31.8,73,0.0,6.6,203,988.5
54,2021-04-24,32.2,69,0.0,7.0,194,988.6
54,2021-04-25,31.5,73,3.2,6.4,185,990.1
54,2021-04-26,28.6,80,3.0,4.9,189,991.1
54,2021-04-27,27.2,87,29.6,4.9,166,993.0
54,2021-04-28,26.8,91,15.6,2.9,120,994.6
54,2021-04-29,27.2,90,24.4,2.9,119,994.4
54,2021-04-30,27.2,88,11.4,2.4,144,994.0
54,2021-05-01,27.2,91,12.1,4.4,175,993.9
54,2021-05-02,28.5,85,6.8,3.8,207,993.3
54,2021-05-03,29.1,80,0.9,5.5,181,991.4
54,2021-05-04,30.2,77,0.5,4.1,182,990.9
54,2021-05-05,29.6,80,2.2,3.2,183,991.6
54,2021-05-06,28.4,83,1.8,4.8,120,994.6
54,2021-05-07,29.0,81,0.0,2.6,191,994.5
54,2021-05-08,28.9,82,0.7,3.4,214,992.5
54,2021-05-09,28.0,85,15.7,4.4,196,991.8
54,2021-05-10,29.7,79,0.6,5.2,189,990.3
54,2021-05-11,31.0,74,0.6,6.0,190,989.3
54,2021-05-12,31.5,73,2.0,5.8,180,988.7
54,2021-05-13,31.0,74,0.8,6.1,192,988.2
54,2021-05-14,31.0,74,0.0,6.6,186,988.1
54,2021-05-15,31.9,71,0.0,5.8,189,988.8
54,2021-05-16,32.0,74,0.6,5.8,183,989.2
54,2021-05-17,31.6,76,0.4,6.7,186,989.6
54,2021-05-18,31.7,75,0.3,6.6,196,989.8
54,2021-05-19,31.7,74,1.8,6.6,195,988.7
54,2021-05-20,31.8,72,3.5,6.9,187,988.9
54,2021-05-21,32.0,73,0.2,6.5,191,988.7
54,2021-05-22,32.4,71,0.2,7.8,191,987.3
54,2021-05-23,32.7,68,0.0,7.8,194,987.6
54,2021-05-24,32.0,70,6.9,5.2,185,988.8
54,2021-05-25,28.9,89,21.4,3.0,142,989.7
54,2021-05-26,30.0,81,5.7,5.1,189,989.1
54,2021-05-27,30.5,81,2.6,3.2,177,989.2
54,2021-05-28,28.9,88,16.0,3.1,155,991.0
54,2021-05-29,28.8,88,8.7,4.8,183,990.7
54,2021-05-30,30.2,83,1.7,6.3,187,989.5
54,2021-05-31,31.1,78,1.3,7.6,198,988.3
54,2021-06-01,31.9,73,0.2,6.7,199,988.5
54,2021-06-02,32.1,72,0.3,7.2,206,988.5
54,2021-06-03,32.3,69,0.1,7.9,201,989.0
54,2021-06-04,31.5,73,0.4,5.5,221,989.2
54,2021-06-05,29.0,87,20.3,4.8,226,989.1
54,2021-06-06,29.3,84,1.7,6.4,197,988.1
54,2021-06-07,29.4,83,10.3,7.1,186,987.6
54,2021-06-08,28.6,87,11.1,6.9,183,987.8
54,2021-06-09,28.1,89,16.4,7.2,181,988.1
54,2021-06-10,28.0,88,21.5,7.7,191,987.2
54,2021-06-11,28.7,83,17.5,7.0,190,987.1
54,2021-06-12,28.1,86,8.5,5.9,192,988.3
54,2021-06-13,26.6,93,15.8,10.3,200,987.6
54,2021-06-14,25.1,97,52.2,8.8,193,988.6
54,2021-06-15,27.6,90,15.2,9.0,188,988.2
54,2021-06-16,28.1,88,5.8,10.2,195,989.4
54,2021-06-17,28.8,84,7.8,8.6,195,991.2
54,2021-06-18,29.9,76,0.2,7.7,214,992.1
54,2021-06-19,30.8,70,0.0,8.2,227,991.1
54,2021-06-20,31.1,70,0.3,8.2,225,989.4
54,2021-06-21,31.0,72,0.0,7.6,219,988.3
54,2021-06-22,30.9,73,1.1,7.0,211,989.2
54,2021-06-23,30.3,75,1.2,7.8,207,990.0
54,2021-06-24,30.6,75,0.8,7.7,209,988.8
54,2021-06-25,30.5,71,0.0,7.4,195,987.8
54,2021-06-26,30.2,78,1.3,6.9,184,989.2
54,2021-06-27,29.2,83,3.1,7.5,200,990.9
54,2021-06-28,29.2,81,0.2,10.2,206,990.1
54,2021-06-29,29.4,81,3.4,7.9,200,988.6
54,2021-06-30,29.8,78,0.1,8.7,195,988.3
54,2021-07-01,29.0,81,5.8,7.1,195,988.9
54,2021-07-02,29.4,79,2.5,7.8,199,990.3
54,2021-07-03,30.2,74,0.4,7.4,209,989.6
54,2021-07-04,31.6,68,0.0,5.9,207,988.4
54,2021-07-05,31.8,71,1.2,4.4,211,987.2
54,2021-07-06,28.5,86,8.5,3.4,153,987.1
54,2021-07-07,28.6,87,35.4,3.0,186,988.3
54,2021-07-08,27.7,92,14.9,3.6,158,987.9
54,2021-07-09,28.5,89,18.2,3.8,118,988.2
54,2021-07-10,28.7,87,15.1,4.7,90,988.8
54,2021-07-11,29.2,84,10.6,6.5,114,990.4
54,2021-07-12,29.1,85,3.0,4.0,173,991.8
54,2021-07-13,29.8,83,1.6,4.7,194,990.4
54,2021-07-14,29.6,85,6.6,4.9,190,989.3
54,2021-07-15,29.0,85,8.4,4.9,169,989.9
54,2021-07-16,28.6,86,23.3,4.9,189,991.6
54,2021-07-17,29.6,82,3.6,5.5,195,989.5
54,2021-07-18,29.1,85,4.9,8.0,199,986.9
54,2021-07-19,28.3,86,6.1,10.6,197,986.5
54,2021-07-20,27.1,93,15.4,10.5,190,987.4
54,2021-07-21,28.3,87,11.8,10.1,198,987.3
54,2021-07-22,27.6,91,17.6,8.0,198,987.5
54,2021-07-23,27.8,90,8.4,8.9,204,987.8
54,2021-07-24,27.3,95,15.9,7.1,198,986.8
54,2021-07-25,27.7,92,15.4,9.4,202,986.5
54,2021-07-26,27.5,90,13.2,9.2,196,986.5
54,2021-07-27,28.2,86,0.7,9.0,199,986.2
54,2021-07-28,28.2,87,11.6,8.4,205,986.4
54,2021-07-29,29.4,84,9.9,8.3,207,986.9
54,2021-07-30,29.5,82,4.1,8.0,205,988.1
54,2021-07-31,28.9,85,15.1,7.4,196,988.3
54,2021-08-01,28.8,85,12.1,9.3,203,987.0
54,2021-08-02,29.2,81,6.5,8.7,210,987.2
54,2021-08-03,28.8,83,12.2,9.4,201,987.5
54,2021-08-04,28.8,85,3.3,9.1,200,988.5
54,2021-08-05,28.8,85,6.7,8.2,201,988.1
54,2021-08-06,28.7,87,8.6,7.8,201,988.9
54,2021-08-07,29.2,84,3.5,8.2,208,990.1
54,2021-08-08,30.5,79,0.2,8.2,215,989.9
54,2021-08-09,30.8,78,0.7,7.5,208,988.3
54,2021-08-10,30.1,84,0.5,6.1,194,986.9
54,2021-08-11,29.2,86,1.1,6.5,182,988.7
54,2021-08-12,30.1,79,1.1,8.3,194,991.0
54,2021-08-13,29.3,85,8.9,8.0,199,989.3
54,2021-08-14,27.9,92,28.8,7.3,188,988.1
54,2021-08-15,27.3,92,10.6,7.9,179,989.8
54,2021-08-16,27.0,94,29.0,7.8,179,993.8
54,2021-08-17,28.5,84,0.6,5.6,201,994.2
54,2021-08-18,29.8,80,0.6,4.6,203,991.7
54,2021-08-19,28.8,85,4.1,3.3,190,990.6
54,2021-08-20,28.7,86,1.2,2.7,194,991.9
54,2021-08-21,30.0,83,0.1,4.5,202,991.8
54,2021-08-22,30.4,82,0.5,6.8,199,990.2
54,2021-08-23,30.6,80,1.9,7.0,202,988.7
54,2021-08-24,29.1,84,0.8,4.8,194,988.1
54,2021-08-25,28.9,86,12.6,4.1,159,987.8
54,2021-08-26,29.0,86,13.5,4.1,155,988.9
54,2021-08-27,28.4,89,22.4,3.3,119,989.7
54,2021-08-28,28.1,90,14.1,3.4,134,989.8
54,2021-08-29,28.1,90,11.9,3.2,154,990.7
54,2021-08-30,28.7,86,8.4,2.8,160,991.7
54,2021-08-31,27.9,91,18.6,2.6,165,992.3
54,2021-09-01,28.0,89,15.2,3.2,166,991.5
54,2021-09-02,28.7,85,4.5,3.9,176,990.5
54,2021-09-03,27.9,88,7.1,5.8,185,989.3
54,2021-09-04,28.2,89,10.8,7.1,190,989.3
54,2021-09-05,28.0,89,14.7,5.8,186,990.5
54,2021-09-06,28.4,88,5.2,2.9,155,992.4
54,2021-09-07,29.5,86,2.4,3.5,325,991.8
54,2021-09-08,28.9,87,13.6,3.2,10,989.3
54,2021-09-09,27.3,92,44.5,4.7,114,988.8
54,2021-09-10,28.1,88,5.1,4.5,83,990.6
54,2021-09-11,28.5,87,3.1,4.5,204,990.4
54,2021-09-12,29.0,84,1.6,6.0,215,988.4
54,2021-09-13,29.7,83,2.1,4.5,200,988.9
54,2021-09-14,26.6,96,46.6,2.7,23,990.9
54,2021-09-15,28.6,89,15.4,4.2,71,991.6
54,2021-09-16,27.9,91,22.8,3.7,122,991.5
54,2021-09-17,27.2,92,10.3,4.0,176,992.2
54,2021-09-18,28.9,86,1.4,3.7,185,992.4
54,2021-09-19,29.3,87,3.9,3.2,190,992.0
54,2021-09-20,28.2,91,13.7,2.8,70,990.9
54,2021-09-21,28.6,86,3.4,5.1,66,990.2
54,2021-09-22,28.2,88,8.1,5.4,97,989.7
54,2021-09-23,27.3,94,23.0,3.6,84,991.3
54,2021-09-24,28.2,91,15.3,2.6,249,991.2
54,2021-09-25,27.9,90,16.8,5.9,34,989.2
54,2021-09-26,27.4,88,3.8,8.9,83,990.3
54,2021-09-27,27.2,93,15.9,2.9,91,992.4
54,2021-09-28,27.9,88,7.0,3.8,17,993.1
54,2021-09-29,29.1,85,2.6,2.5,351,991.7
54,2021-09-30,29.6,85,1.4,2.9,184,991.3
54,2021-10-01,28.5,87,8.2,3.9,178,991.7
54,2021-10-02,28.1,89,11.8,3.2,197,992.1
54,2021-10-03,28.7,86,2.6,3.0,161,991.6
54,2021-10-04,28.6,87,1.5,2.1,91,991.8
54,2021-10-05,29.4,82,0.0,3.7,29,991.4
54,2021-10-06,28.8,86,11.4,3.4,41,989.4
54,2021-10-07,29.1,86,0.0,2.9,279,988.4
54,2021-10-08,29.6,85,1.4,3.4,221,987.8
54,2021-10-09,29.5,84,0.4,4.5,193,988.0
54,2021-10-10,28.4,89,12.0,5.0,207,986.9
54,2021-10-11,26.9,94,55.3,3.3,17,987.2
54,2021-10-12,27.4,94,20.0,4.3,44,988.2
54,2021-10-13,28.6,90,0.2,3.3,16,987.4
54,2021-10-14,27.5,90,0.8,3.4,4,986.8
54,2021-10-15,26.7,88,1.1,5.4,48,988.5
54,2021-10-16,26.8,91,7.7,5.8,65,991.6
54,2021-10-17,27.5,85,0.0,5.0,31,994.4
54,2021-10-18,27.2,86,2.7,3.7,32,995.0
54,2021-10-19,27.7,89,0.7,4.0,109,996.5
54,2021-10-20,28.3,88,3.4,3.0,186,996.3
54,2021-10-21,28.4,88,1.9,4.4,169,994.5
54,2021-10-22,27.3,92,38.9,3.5,125,995.5
54,2021-10-23,27.3,88,2.2,3.1,116,997.0
54,2021-10-24,27.4,83,0.2,4.4,78,997.0
54,2021-10-25,27.5,81,0.0,4.9,95,995.5
54,2021-10-26,27.5,83,0.0,3.6,86,994.5
54,2021-10-27,27.8,85,0.1,4.1,66,994.6
54,2021-10-28,27.5,86,4.0,4.2,61,994.8
54,2021-10-29,27.4,91,3.7,4.6,56,996.0
54,2021-10-30,27.2,93,15.1,2.6,46,996.6
54,2021-10-31,27.7,90,4.9,2.9,91,995.9
54,2021-11-01,28.0,87,6.6,2.6,74,996.0
54,2021-11-02,27.9,88,2.4,3.1,46,995.8
54,2021-11-03,28.5,84,0.5,3.3,79,995.1
54,2021-11-04,27.8,88,0.5,2.0,137,994.6
54,2021-11-05,27.7,86,0.0,3.0,203,993.0
54,2021-11-06,27.8,84,0.0,3.2,190,991.0
54,2021-11-07,28.4,84,0.0,2.6,65,991.2
54,2021-11-08,28.7,80,0.0,6.0,98,993.1
54,2021-11-09,27.2,77,0.0,4.9,77,995.6
54,2021-11-10,26.9,78,0.0,6.2,90,995.8
54,2021-11-11,26.9,80,0.0,3.7,106,995.0
54,2021-11-12,27.0,79,0.0,5.7,88,995.5
54,2021-11-13,26.9,78,0.0,4.9,99,995.5
54,2021-11-14,26.6,82,0.0,4.3,100,995.1
54,2021-11-15,27.3,80,0.0,3.9,111,993.6
54,2021-11-16,28.0,80,0.0,4.7,98,993.8
54,2021-11-17,28.2,79,0.0,4.5,65,994.5
54,2021-11-18,28.1,78,0.0,4.7,124,993.3
54,2021-11-19,28.1,81,0.1,4.3,204,991.4
54,2021-11-20,28.4,80,0.0,4.8,215,991.0
54,2021-11-21,28.4,74,0.0,3.4,344,992.3
54,2021-11-22,28.2,76,0.0,5.5,101,993.2
54,2021-11-23,28.5,73,0.1,5.5,116,994.4
54,2021-11-24,27.4,71,0.2,5.5,108,996.0
54,2021-11-25,26.5,73,0.5,4.8,55,996.2
54,2021-11-26,27.1,73,0.0,5.4,55,995.7
54,2021-11-27,26.6,72,0.0,6.7,66,996.9
54,2021-11-28,26.3,76,0.0,5.5,37,997.0
54,2021-11-29,25.6,73,0.0,6.9,24,996.0
54,2021-11-30,25.5,73,0.0,6.4,55,996.4
54,2021-12-01,25.0,73,0.0,6.3,67,997.3
54,2021-12-02,23.7,76,0.0,6.5,79,998.3
54,2021-12-03,23.6,74,0.0,5.8,73,999.6
54,2021-12-04,21.9,72,0.0,6.0,78,999.6
54,2021-12-05,21.1,71,0.0,5.9,61,999.3
54,2021-12-06,21.7,72,0.0,5.1,64,998.5
54,2021-12-07,22.0,74,0.0,4.9,75,998.2
54,2021-12-08,22.1,72,0.0,5.9,73,998.8
54,2021-12-09,23.8,76,0.0,5.4,53,999.3
54,2021-12-10,25.2,77,0.0,4.6,82,998.1
54,2021-12-11,25.1,82,0.0,3.4,82,997.8
54,2021-12-12,24.7,77,0.0,6.4,93,998.3
54,2021-12-13,24.0,73,0.0,6.2,83,998.0
54,2021-12-14,23.7,74,0.0,4.8,50,996.5
54,2021-12-15,23.6,75,0.0,3.3,49,995.1
54,2021-12-16,23.5,73,0.0,6.1,26,995.1
54,2021-12-17,23.9,71,0.0,7.5,53,996.0
54,2021-12-18,23.8,74,0.0,7.2,80,997.0
54,2021-12-19,23.2,70,0.0,6.5,63,998.0
54,2021-12-20,21.4,73,0.0,6.7,16,997.3
54,2021-12-21,21.4,70,0.0,5.2,22,996.3
54,2021-12-22,22.1,74,0.0,4.3,80,995.6
54,2021-12-23,22.7,78,0.0,4.9,159,994.8
54,2021-12-24,23.6,77,0.0,3.9,152,994.7
54,2021-12-25,23.9,78,0.0,4.4,109,995.8
54,2021-12-26,24.5,81,0.5,4.0,89,997.8
54,2021-12-27,25.2,75,0.0,5.0,108,998.7
54,2021-12-28,24.7,72,0.0,5.7,86,998.6
54,2021-12-29,24.3,74,0.0,6.2,77,998.6
54,2021-12-30,25.7,72,0.0,6.0,85,999.7
54,2021-12-31,25.0,74,0.0,5.0,80,999.7
54,2022-01-01,24.2,76,0.0,5.5,86,999.3
54,2022-01-02,23.8,74,0.0,5.9,87,999.0
54,2022-01-03,23.1,77,0.0,4.4,76,997.3
54,2022-01-04,23.4,77,0.0,3.5,72,996.9
54,2022-01-05,24.3,73,0.0,3.1,104,996.1
54,2022-01-06,24.5,74,0.0,3.2,77,995.8
54,2022-01-07,24.2,75,0.0,3.9,96,997.0
54,2022-01-08,24.6,76,0.0,4.6,174,996.6
54,2022-01-09,24.5,76,0.0,4.2,186,995.0
54,2022-01-10,24.5,76,0.0,5.4,185,995.2
54,2022-01-11,24.7,74,0.0,3.6,160,995.7
54,2022-01-12,24.9,75,0.0,5.2,160,996.5
54,2022-01-13,25.5,76,0.0,4.2,157,996.4
54,2022-01-14,25.5,76,0.0,4.9,163,996.3
54,2022-01-15,25.6,74,0.0,4.4,175,995.6
54,2022-01-16,25.4,74,0.0,4.4,181,995.9
54,2022-01-17,25.4,78,0.9,4.0,4,996.9
54,2022-01-18,25.3,77,1.0,5.3,63,996.8
54,2022-01-19,24.7,75,0.0,4.4,84,995.3
54,2022-01-20,24.2,78,1.1,4.2,159,993.8
54,2022-01-21,23.0,91,10.4,4.3,124,993.4
54,2022-01-22,24.0,85,1.0,5.3,164,992.1
54,2022-01-23,23.7,72,0.1,4.2,233,992.5
54,2022-01-24,23.3,67,0.0,3.5,54,993.0
54,2022-01-25,23.9,72,0.0,3.2,222,993.3
54,2022-01-26,24.5,68,0.0,4.4,185,993.4
54,2022-01-27,24.3,71,0.0,4.4,178,993.4
54,2022-01-28,25.3,67,0.0,5.2,196,993.1
54,2022-01-29,25.0,68,0.0,6.5,222,991.8
54,2022-01-30,24.3,67,0.0,8.2,193,991.0
54,2022-01-31,23.7,62,0.0,6.8,182,991.4
54,2022-02-01,23.8,68,0.0,7.5,168,991.9
54,2022-02-02,25.9,73,0.0,7.6,176,993.5
54,2022-02-03,25.8,74,0.2,4.5,176,994.0
54,2022-02-04,25.2,79,0.9,4.3,107,994.5
54,2022-02-05,23.0,84,1.8,4.7,89,996.5
54,2022-02-06,23.9,82,2.3,5.9,159,995.8
54,2022-02-07,25.6,74,0.0,7.2,189,994.0
54,2022-02-08,25.1,68,0.0,5.9,192,993.6
54,2022-02-09,25.2,69,0.0,4.3,185,993.7
54,2022-02-10,26.5,64,0.0,3.5,271,993.0
54,2022-02-11,25.7,71,0.0,4.5,165,992.2
54,2022-02-12,27.2,78,0.1,6.6,193,991.1
54,2022-02-13,27.5,70,0.1,5.6,226,990.3
54,2022-02-14,26.2,72,0.0,3.5,105,991.7
54,2022-02-15,25.0,83,2.6,4.6,113,993.2
54,2022-02-16,25.8,85,1.0,5.6,186,991.5
54,2022-02-17,26.8,82,0.6,6.1,186,990.5
54,2022-02-18,27.9,81,7.5,7.2,187,991.1
54,2022-02-19,26.1,92,35.5,5.7,190,991.7
54,2022-02-20,24.9,88,11.5,7.0,149,990.2
54,2022-02-21,22.6,77,0.0,7.1,100,994.2
54,2022-02-22,24.1,76,0.0,5.6,142,996.6
54,2022-02-23,24.6,76,0.0,5.7,97,998.1
54,2022-02-24,24.4,72,0.0,6.0,80,999.4
54,2022-02-25,23.9,74,0.0,5.6,88,998.8
54,2022-02-26,24.7,74,0.0,4.5,81,997.9
54,2022-02-27,25.7,73,0.0,4.2,117,996.2
54,2022-02-28,26.6,73,0.0,4.6,164,995.2
54,2022-03-01,28.0,71,0.0,3.3,149,994.2
54,2022-03-02,28.0,72,0.1,5.3,159,994.0
54,2022-03-03,28.4,73,0.0,5.5,173,993.7
54,2022-03-04,29.4,73,0.0,6.0,182,992.2
54,2022-03-05,30.1,72,0.3,6.5,187,990.7
54,2022-03-06,30.1,72,0.0,7.1,181,991.2
54,2022-03-07,28.6,80,16.1,5.3,132,993.5
54,2022-03-08,28.1,73,0.1,4.4,115,994.4
54,2022-03-09,28.7,75,0.0,4.8,185,992.5
54,2022-03-10,30.1,71,0.2,5.4,178,991.0
54,2022-03-11,30.9,70,0.1,5.8,191,990.0
54,2022-03-12,31.3,70,0.0,6.1,188,989.6
54,2022-03-13,31.5,71,0.1,5.6,177,989.8
54,2022-03-14,30.8,73,0.1,5.8,181,990.2
54,2022-03-15,30.2,75,2.8,6.0,181,989.0
54,2022-03-16,29.7,71,0.3,5.4,169,988.9
54,2022-03-17,29.6,71,0.2,5.6,172,989.7
54,2022-03-18,28.2,75,1.0,5.1,130,990.4
54,2022-03-19,29.0,73,0.0,7.6,199,989.4
54,2022-03-20,29.3,75,0.0,7.6,189,989.5
54,2022-03-21,28.8,79,6.8,6.5,184,991.4
54,2022-03-22,29.9,73,2.5,7.2,174,991.9
54,2022-03-23,28.4,85,15.5,5.2,172,992.0
54,2022-03-24,29.3,77,1.5,7.9,190,990.8
54,2022-03-25,30.1,71,0.0,7.3,189,991.0
54,2022-03-26,30.6,68,0.0,7.0,194,992.4
54,2022-03-27,30.5,70,0.0,6.6,188,992.0
54,2022-03-28,29.1,78,13.4,6.3,133,992.0
54,2022-03-29,27.8,85,5.6,5.5,149,992.4
54,2022-03-30,28.5,79,0.5,4.9,140,992.8
54,2022-03-31,29.8,75,0.1,4.1,125,992.6
54,2022-04-01,29.9,71,0.2,7.0,116,993.5
54,2022-04-02,26.3,69,0.1,10.0,50,998.0
54,2022-04-03,25.3,65,0.0,7.7,51,998.6
54,2022-04-04,27.2,64,0.0,6.2,100,998.1
54,2022-04-05,28.4,66,0.0,5.3,119,996.7
54,2022-04-06,29.2,70,0.0,4.2,103,995.4
54,2022-04-07,28.5,70,0.5,5.2,51,995.5
54,2022-04-08,28.7,69,0.0,5.1,135,994.6
54,2022-04-09,29.0,71,0.0,4.7,181,992.2
54,2022-04-10,29.0,73,0.3,5.1,162,991.3
54,2022-04-11,30.0,73,0.0,5.2,175,989.9
54,2022-04-12,30.9,66,0.0,7.2,202,988.7
54,2022-04-13,30.8,65,0.0,6.2,189,987.7
54,2022-04-14,31.3,65,0.0,6.9,191,987.8
54,2022-04-15,31.8,63,0.0,6.5,188,988.1
54,2022-04-16,31.8,63,0.0,6.3,178,988.1
54,2022-04-17,31.5,65,1.0,6.3,148,989.6
54,2022-04-18,28.1,80,8.3,6.2,93,993.2
54,2022-04-19,28.7,73,0.4,3.2,73,994.9
54,2022-04-20,28.2,82,5.7,3.1,201,993.4
54,2022-04-21,28.1,80,4.8,5.0,166,992.1
54,2022-04-22,29.4,77,0.6,5.5,191,991.5
54,2022-04-23,30.7,72,0.3,6.6,189,990.6
54,2022-04-24,31.9,68,0.2,6.5,196,989.1
54,2022-04-25,32.1,69,0.0,6.6,190,988.6
54,2022-04-26,32.4,69,0.1,7.0,199,988.6
54,2022-04-27,32.5,68,0.3,5.3,190,988.8
54,2022-04-28,31.9,71,1.2,4.6,180,989.0
54,2022-04-29,29.9,75,0.2,6.6,197,990.7
54,2022-04-30,30.1,75,2.6,4.5,162,989.7
54,2022-05-01,28.6,82,32.1,4.2,42,989.2
54,2022-05-02,28.0,76,1.3,7.3,86,991.9
54,2022-05-03,28.1,69,0.0,6.3,98,994.5
54,2022-05-04,29.5,66,0.0,5.1,119,993.6
54,2022-05-05,30.0,69,0.0,4.5,151,991.3
54,2022-05-06,29.9,74,1.1,3.1,116,990.9
54,2022-05-07,28.1,86,10.2,4.2,73,991.4
54,2022-05-08,28.1,88,16.8,3.4,108,991.6
54,2022-05-09,29.1,84,7.6,2.4,158,991.5
54,2022-05-10,29.1,85,6.8,4.6,196,991.0
54,2022-05-11,28.8,85,6.0,6.1,191,990.4
54,2022-05-12,28.7,88,15.6,6.5,201,989.0
54,2022-05-13,29.3,84,4.8,7.7,194,988.3
54,2022-05-14,30.5,78,0.6,6.8,192,989.3
54,2022-05-15,30.7,80,7.4,7.2,197,990.1
54,2022-05-16,30.3,79,12.4,5.1,165,989.9
54,2022-05-17,27.2,92,18.8,4.4,94,991.8
54,2022-05-18,28.2,86,0.7,3.6,118,992.3
54,2022-05-19,28.1,89,13.1,3.3,166,991.6
54,2022-05-20,28.5,88,15.5,3.9,123,988.5
54,2022-05-21,27.0,93,30.1,11.3,161,983.9
54,2022-05-22,27.7,90,27.0,10.6,194,983.0
54,2022-05-23,29.4,82,3.5,9.4,205,985.0
54,2022-05-24,29.1,81,14.0,7.1,196,988.8
54,2022-05-25,29.7,78,3.9,7.8,198,990.0
54,2022-05-26,30.1,76,0.4,8.1,217,987.7
54,2022-05-27,29.9,79,4.3,8.3,206,985.8
54,2022-05-28,29.7,78,1.0,7.7,202,985.4
54,2022-05-29,29.8,77,3.8,7.4,204,986.1
54,2022-05-30,30.1,79,0.4,4.9,187,986.6
54,2022-05-31,29.5,80,2.2,6.7,181,986.9
54,2022-06-01,29.9,79,2.1,5.8,188,988.1
54,2022-06-02,30.7,74,0.6,6.6,206,988.2
54,2022-06-03,29.8,80,2.2,8.9,195,988.5
54,2022-06-04,29.0,85,12.3,8.9,193,989.6
54,2022-06-05,28.6,84,4.4,8.2,199,989.2
54,2022-06-06,29.4,80,1.7,9.1,203,988.2
54,2022-06-07,29.2,77,3.5,9.3,202,988.6
54,2022-06-08,29.2,76,1.3,9.7,203,989.3
54,2022-06-09,29.0,81,1.7,7.9,197,989.2
54,2022-06-10,29.1,81,5.0,8.8,202,989.1
54,2022-06-11,29.6,79,3.4,8.3,198,989.7
54,2022-06-12,29.8,76,0.0,6.1,195,990.4
54,2022-06-13,29.9,76,3.9,7.2,203,989.7
54,2022-06-14,30.3,77,2.6,6.8,189,989.3
54,2022-06-15,29.0,82,3.7,6.1,179,990.6
54,2022-06-16,27.9,86,10.1,5.4,183,991.8
54,2022-06-17,28.6,85,4.7,6.4,207,991.1
54,2022-06-18,28.5,86,1.1,7.4,205,990.8
54,2022-06-19,30.1,76,3.0,8.3,213,989.2
54,2022-06-20,30.0,74,0.5,8.3,219,987.1
54,2022-06-21,30.3,75,3.1,8.2,203,986.7
54,2022-06-22,30.1,76,2.7,7.5,199,989.2
54,2022-06-23,30.4,76,4.1,6.4,188,990.1
54,2022-06-24,29.1,84,5.0,3.4,192,989.5
54,2022-06-25,28.5,87,7.3,4.9,179,988.7
54,2022-06-26,28.9,85,12.0,5.3,179,990.2
54,2022-06-27,29.3,82,2.2,5.9,191,990.7
54,2022-06-28,28.9,83,0.3,7.1,200,989.1
54,2022-06-29,29.2,81,0.2,7.3,208,986.4
54,2022-06-30,28.5,88,10.5,5.3,205,985.3
54,2022-07-01,28.0,92,44.5,6.4,195,984.7
54,2022-07-02,28.2,87,3.1,7.4,192,984.6
54,2022-07-03,29.5,80,8.9,8.1,198,985.7
54,2022-07-04,29.0,85,22.1,7.6,196,985.7
54,2022-07-05,30.1,83,5.0,7.0,188,986.7
54,2022-07-06,29.6,85,4.3,5.1,202,988.3
54,2022-07-07,28.0,92,9.0,4.8,204,988.6
54,2022-07-08,28.5,87,2.1,6.3,197,987.8
54,2022-07-09,28.6,86,11.2,7.3,186,986.8
54,2022-07-10,28.0,90,12.2,5.6,190,987.5
54,2022-07-11,28.3,90,6.4,3.6,189,988.0
54,2022-07-12,28.8,89,5.6,4.0,191,986.6
54,2022-07-13,26.9,96,17.8,3.4,178,986.3
54,2022-07-14,27.6,93,15.5,2.9,145,986.1
54,2022-07-15,29.2,85,5.3,4.0,183,987.4
54,2022-07-16,30.1,83,0.6,4.9,183,988.4
54,2022-07-17,30.3,82,6.5,6.0,203,989.4
54,2022-07-18,30.9,79,0.4,7.4,211,988.0
54,2022-07-19,30.4,79,0.7,6.8,203,986.7
54,2022-07-20,29.1,87,22.9,3.6,189,987.7
54,2022-07-21,28.4,90,16.9,3.3,110,988.8
54,2022-07-22,26.9,95,24.7,3.8,166,991.0
54,2022-07-23,27.5,93,15.9,4.3,161,991.6
54,2022-07-24,29.2,84,1.9,3.3,201,990.9
54,2022-07-25,29.9,84,1.1,3.3,211,991.0
54,2022-07-26,30.3,83,0.5,3.9,198,990.7
54,2022-07-27,31.1,80,0.0,4.5,192,989.8
54,2022-07-28,31.0,81,0.9,5.1,192,989.8
54,2022-07-29,29.8,85,4.8,5.1,181,989.2
54,2022-07-30,29.8,83,1.6,4.6,182,988.2
54,2022-07-31,27.2,91,8.8,3.9,184,987.8
54,2022-08-01,28.4,86,2.9,6.2,185,987.2
54,2022-08-02,28.9,86,10.4,5.7,168,988.3
54,2022-08-03,29.2,85,9.6,4.6,181,990.2
54,2022-08-04,29.4,82,3.4,8.3,202,989.7
54,2022-08-05,28.2,86,14.4,7.9,199,988.5
54,2022-08-06,27.9,91,40.5,6.8,189,987.5
54,2022-08-07,27.5,92,58.7,6.1,180,987.3
54,2022-08-08,26.6,94,14.6,7.0,176,988.8
54,2022-08-09,27.7,90,14.4,5.5,202,988.2
54,2022-08-10,28.5,84,1.1,6.0,208,986.6
54,2022-08-11,28.2,87,7.3,7.4,201,985.7
54,2022-08-12,26.1,95,25.3,10.0,181,987.8
54,2022-08-13,28.4,88,10.7,5.4,177,990.4
54,2022-08-14,28.8,86,4.0,3.5,201,991.0
54,2022-08-15,27.9,92,11.3,4.9,197,989.3
54,2022-08-16,27.7,93,14.3,4.9,166,987.5
54,2022-08-17,28.3,88,13.0,5.3,169,988.0
54,2022-08-18,28.5,86,8.3,6.3,200,988.9
54,2022-08-19,29.6,82,0.5,6.1,216,988.8
54,2022-08-20,29.0,87,12.3,6.0,208,987.2
54,2022-08-21,26.7,95,23.1,6.4,186,985.8
54,2022-08-22,28.5,87,5.3,7.2,183,987.8
54,2022-08-23,29.5,85,1.2,4.3,192,989.8
54,2022-08-24,29.7,85,1.4,4.4,212,988.6
54,2022-08-25,27.2,93,5.7,3.8,195,986.6
54,2022-08-26,27.0,94,12.1,10.3,192,987.0
54,2022-08-27,27.7,88,6.7,6.4,177,990.9
54,2022-08-28,29.3,84,1.5,3.2,174,991.0
54,2022-08-29,29.3,86,3.6,3.3,146,991.5
54,2022-08-30,29.5,82,0.6,3.5,158,992.1
54,2022-08-31,30.0,82,1.5,4.1,188,990.5
54,2022-09-01,28.4,89,14.0,3.6,204,991.0
54,2022-09-02,29.8,86,1.9,2.9,170,990.8
54,2022-09-03,29.5,87,4.1,4.5,177,989.5
54,2022-09-04,29.6,85,7.0,6.3,193,989.6
54,2022-09-05,27.7,93,12.0,3.5,188,990.5
54,2022-09-06,29.0,88,5.9,3.5,72,990.7
54,2022-09-07,29.2,86,4.7,2.5,60,991.9
54,2022-09-08,28.2,89,6.2,3.0,51,992.2
54,2022-09-09,27.6,91,18.9,3.3,63,992.8
54,2022-09-10,26.8,95,15.9,4.3,85,992.8
54,2022-09-11,26.7,94,9.2,3.1,175,992.5
54,2022-09-12,27.0,91,6.0,3.0,178,991.9
54,2022-09-13,27.6,89,4.0,2.9,171,992.3
54,2022-09-14,28.1,88,16.7,3.7,213,992.2
54,2022-09-15,29.0,86,8.1,5.0,184,990.5
54,2022-09-16,28.8,87,9.0,7.5,193,988.3
54,2022-09-17,28.5,87,12.3,5.5,179,988.9
54,2022-09-18,28.2,88,11.5,4.3,180,990.3
54,2022-09-19,29.2,84,3.3,5.3,204,990.9
54,2022-09-20,28.1,87,4.9,4.1,209,990.3
54,2022-09-21,28.6,85,6.2,2.6,123,990.0
54,2022-09-22,27.9,90,12.5,2.9,160,990.2
54,2022-09-23,27.3,91,11.6,2.1,105,990.9
54,2022-09-24,28.0,90,8.5,2.2,34,990.4
54,2022-09-25,27.5,91,22.7,2.9,59,990.5
54,2022-09-26,27.3,90,23.2,4.1,132,991.3
54,2022-09-27,28.3,86,0.6,3.3,177,990.2
54,2022-09-28,28.3,89,1.6,3.4,347,987.1
54,2022-09-29,28.9,88,10.9,4.1,32,985.4
54,2022-09-30,27.9,90,11.8,4.9,59,987.1
54,2022-10-01,27.4,93,27.8,5.5,140,989.0
54,2022-10-02,27.2,92,11.6,3.7,141,991.0
54,2022-10-03,27.6,92,11.0,3.8,64,992.1
54,2022-10-04,28.0,87,7.5,5.8,85,994.0
54,2022-10-05,28.0,86,2.1,3.5,57,994.3
54,2022-10-06,28.0,88,5.2,2.9,74,994.2
54,2022-10-07,28.8,87,9.6,3.2,104,993.9
54,2022-10-08,27.9,89,9.4,2.7,137,994.8
54,2022-10-09,28.4,88,3.6,3.3,53,995.3
54,2022-10-10,27.7,88,3.9,5.8,59,996.5
54,2022-10-11,28.0,82,0.1,3.9,97,996.3
54,2022-10-12,27.8,86,0.4,2.5,139,995.1
54,2022-10-13,28.5,85,1.0,2.7,95,993.8
54,2022-10-14,28.0,90,12.3,2.5,62,992.3
54,2022-10-15,26.4,85,0.9,4.4,69,992.2
54,2022-10-16,25.3,84,2.7,4.6,25,994.9
54,2022-10-17,26.9,80,0.0,3.9,49,994.7
54,2022-10-18,26.9,78,0.0,5.7,48,994.1
54,2022-10-19,26.2,75,0.0,5.9,44,993.8
54,2022-10-20,26.1,79,0.0,4.5,57,994.3
54,2022-10-21,26.9,81,0.3,5.4,58,996.0
54,2022-10-22,27.8,82,1.1,5.6,48,996.5
54,2022-10-23,28.5,79,0.3,4.8,74,996.1
54,2022-10-24,28.4,75,0.0,4.7,106,994.5
54,2022-10-25,28.5,79,0.0,3.2,98,994.6
54,2022-10-26,28.6,83,0.9,4.8,72,994.4
54,2022-10-27,28.1,86,2.9,4.4,74,994.0
54,2022-10-28,28.5,82,0.6,5.0,65,993.4
54,2022-10-29,28.1,71,0.0,5.5,83,994.1
54,2022-10-30,27.6,76,0.0,4.8,41,993.8
54,2022-10-31,27.6,76,0.0,5.7,29,993.9
54,2022-11-01,27.1,75,0.0,6.4,29,994.1
54,2022-11-02,26.1,75,0.0,3.2,55,993.1
54,2022-11-03,25.2,81,0.0,3.4,143,993.3
54,2022-11-04,25.7,79,0.0,4.4,78,995.8
54,2022-11-05,25.9,77,0.0,5.1,68,997.4
54,2022-11-06,26.0,76,0.0,5.1,49,997.2
54,2022-11-07,26.2,74,0.0,3.8,30,996.1
54,2022-11-08,26.0,77,0.0,3.7,41,995.9
54,2022-11-09,25.9,78,0.0,4.7,47,996.1
54,2022-11-10,25.8,77,0.0,5.3,37,995.9
54,2022-11-11,25.4,77,0.0,4.9,22,995.5
54,2022-11-12,25.6,76,0.0,5.4,13,994.5
54,2022-11-13,26.9,77,0.0,5.3,34,993.9
54,2022-11-14,26.7,92,7.0,4.3,49,994.5
54,2022-11-15,28.0,87,3.1,3.3,86,993.7
54,2022-11-16,27.4,89,6.1,3.4,34,992.8
54,2022-11-17,27.5,90,0.5,3.4,76,992.3
54,2022-11-18,27.0,92,4.4,2.5,44,993.8
54,2022-11-19,28.0,88,1.7,3.3,23,993.6
54,2022-11-20,27.6,89,3.2,3.8,24,992.2
54,2022-11-21,27.7,88,0.1,3.3,24,991.1
54,2022-11-22,28.1,81,0.0,5.8,17,990.9
54,2022-11-23,26.7,82,0.1,5.5,41,991.9
54,2022-11-24,26.1,92,27.5,3.8,37,992.7
54,2022-11-25,27.0,91,12.4,3.5,80,994.2
54,2022-11-26,27.5,90,6.7,2.9,143,993.4
54,2022-11-27,27.7,88,0.6,3.8,174,992.1
54,2022-11-28,27.5,89,0.7,3.9,182,992.8
54,2022-11-29,28.0,88,0.5,1.8,310,993.4
54,2022-11-30,28.0,87,2.0,2.6,33,993.7
54,2022-12-01,27.3,88,0.9,3.8,86,994.0
54,2022-12-02,27.5,86,0.4,3.3,95,994.0
54,2022-12-03,27.3,85,0.0,3.2,76,993.9
54,2022-12-04,26.8,86,0.0,3.4,78,994.3
54,2022-12-05,27.0,84,0.0,4.5,86,995.0
54,2022-12-06,26.3,83,0.0,4.4,111,994.3
54,2022-12-07,26.2,84,0.0,4.1,122,994.3
54,2022-12-08,26.7,85,0.0,3.9,100,994.4
54,2022-12-09,26.4,87,0.2,3.7,156,993.7
54,2022-12-10,26.1,89,0.5,4.9,171,993.0
54,2022-12-11,25.5,90,0.9,4.4,152,993.7
54,2022-12-12,25.4,85,0.1,4.9,130,994.3
54,2022-12-13,24.4,80,0.0,4.7,101,996.0
54,2022-12-14,23.3,81,0.0,5.7,104,996.8
54,2022-12-15,22.2,81,0.0,4.9,113,994.9
54,2022-12-16,22.3,83,0.0,3.8,76,993.9
54,2022-12-17,23.4,77,0.0,7.6,87,996.3
54,2022-12-18,23.1,67,0.0,8.6,67,998.8
54,2022-12-19,20.7,79,0.0,5.4,55,997.2
54,2022-12-20,20.5,82,0.0,4.3,78,994.7
54,2022-12-21,22.5,81,0.0,4.9,101,994.2
54,2022-12-22,23.0,83,0.0,4.7,148,993.5
54,2022-12-23,24.3,83,0.0,5.1,154,993.7
54,2022-12-24,23.6,82,0.0,5.2,104,995.9
54,2022-12-25,22.2,84,0.0,4.8,112,997.8
54,2022-12-26,22.1,84,0.0,3.5,110,998.6
54,2022-12-27,22.3,83,0.0,4.1,139,997.8
54,2022-12-28,22.8,82,0.0,4.5,154,997.9
54,2022-12-29,22.8,82,0.3,4.6,130,998.7
54,2022-12-30,23.0,80,0.0,4.8,115,999.7
54,2022-12-31,22.4,79,0.0,4.8,101,999.6
54,2023-01-01,21.4,79,0.0,5.6,78,999.5
54,2023-01-02,21.3,81,0.0,5.5,66,999.8
54,2023-01-03,22.9,82,0.0,5.2,54,999.7
54,2023-01-04,24.9,81,0.0,4.8,37,998.8
54,2023-01-05,24.7,76,0.0,5.7,61,998.6
54,2023-01-06,24.1,73,0.0,6.9,59,999.6
54,2023-01-07,22.4,68,0.0,7.1,13,998.5
54,2023-01-08,21.8,76,0.0,5.3,26,997.3
54,2023-01-09,24.2,73,0.0,5.7,12,997.3
54,2023-01-10,25.5,76,0.0,4.3,32,995.5
54,2023-01-11,24.4,88,0.7,4.0,119,994.0
54,2023-01-12,24.6,85,1.1,5.0,178,993.3
54,2023-01-13,23.9,81,0.0,6.2,183,993.6
54,2023-01-14,23.1,76,0.0,5.3,185,992.1
54,2023-01-15,22.4,73,0.0,4.0,23,991.8
54,2023-01-16,21.9,72,0.0,5.9,97,993.6
54,2023-01-17,22.5,82,0.0,5.7,118,995.5
54,2023-01-18,23.8,78,0.0,5.3,113,997.5
54,2023-01-19,22.6,80,0.0,4.2,109,997.2
54,2023-01-20,22.7,79,0.0,4.1,98,996.9
54,2023-01-21,22.2,80,0.0,3.0,107,995.7
54,2023-01-22,22.3,80,0.0,3.7,148,994.3
54,2023-01-23,23.0,76,0.0,2.8,154,993.3
54,2023-01-24,23.1,72,0.0,8.0,97,995.6
54,2023-01-25,21.8,71,0.0,5.8,100,996.4
54,2023-01-26,21.7,81,0.0,4.9,165,994.7
54,2023-01-27,22.6,75,0.0,6.9,103,995.1
54,2023-01-28,22.3,71,0.0,7.4,85,996.6
54,2023-01-29,21.0,71,0.0,7.6,85,998.1
54,2023-01-30,20.7,72,0.0,5.5,67,998.4
54,2023-01-31,21.2,73,0.0,4.5,160,994.6
54,2023-02-01,22.6,74,0.0,5.1,168,992.9
54,2023-02-02,24.0,73,0.0,4.0,148,993.1
54,2023-02-03,25.6,72,0.0,4.9,137,993.3
54,2023-02-04,26.6,79,0.1,5.8,166,992.4
54,2023-02-05,27.6,81,0.1,7.3,187,992.1
54,2023-02-06,27.9,75,0.0,6.0,197,991.8
54,2023-02-07,27.4,68,0.0,6.7,191,991.7
54,2023-02-08,26.4,66,0.0,5.5,198,992.1
54,2023-02-09,25.1,72,0.0,5.4,172,992.2
54,2023-02-10,26.7,74,0.0,5.3,192,992.3
54,2023-02-11,26.9,70,0.0,7.4,199,992.1
54,2023-02-12,26.5,65,0.0,6.5,195,992.4
54,2023-02-13,25.4,65,0.0,6.8,183,992.4
54,2023-02-14,25.5,71,0.0,5.1,181,992.5
54,2023-02-15,26.0,73,0.8,6.9,120,994.2
54,2023-02-16,27.2,68,0.1,6.4,119,997.1
54,2023-02-17,24.5,71,0.0,6.4,13,998.0
54,2023-02-18,24.7,73,1.1,3.7,332,996.2
54,2023-02-19,25.5,68,0.0,3.7,73,994.8
54,2023-02-20,25.7,70,0.3,6.2,130,994.9
54,2023-02-21,26.2,71,0.0,5.1,139,995.8
54,2023-02-22,25.9,71,0.0,5.6,120,995.7
54,2023-02-23,25.9,72,0.0,5.0,173,994.6
54,2023-02-24,26.7,71,0.0,3.8,121,994.4
54,2023-02-25,26.7,61,0.0,8.4,101,998.5
54,2023-02-26,25.5,58,0.0,8.4,95,1001.9
54,2023-02-27,23.5,57,0.0,6.9,89,1001.4
54,2023-02-28,23.4,66,0.0,4.7,72,999.3
54,2023-03-01,25.4,66,0.0,4.2,91,997.8
54,2023-03-02,25.8,64,0.0,5.8,109,997.5
54,2023-03-03,25.5,69,0.0,5.8,125,998.6
54,2023-03-04,25.2,67,0.0,6.6,104,999.6
54,2023-03-05,24.9,71,0.0,4.7,92,998.9
54,2023-03-06,26.3,70,0.0,4.1,138,997.3
54,2023-03-07,27.3,66,0.0,5.2,179,996.4
54,2023-03-08,27.7,67,0.0,5.0,182,995.9
54,2023-03-09,28.1,67,0.0,4.6,140,994.7
54,2023-03-10,28.4,69,0.0,5.8,183,994.2
54,2023-03-11,28.6,71,0.0,5.3,186,993.8
54,2023-03-12,28.8,73,2.2,3.9,142,994.0
54,2023-03-13,25.2,79,2.6,4.2,53,997.5
54,2023-03-14,26.3,73,0.0,4.7,131,994.5
54,2023-03-15,27.3,72,1.1,4.8,193,993.0
54,2023-03-16,27.9,72,3.3,4.9,150,994.3
54,2023-03-17,28.6,71,0.2,4.4,267,993.9
54,2023-03-18,29.3,69,0.5,6.1,202,992.4
54,2023-03-19,29.0,72,0.9,6.0,200,991.5
54,2023-03-20,30.4,62,0.0,6.1,229,990.8
54,2023-03-21,31.1,57,0.0,7.5,225,990.1
54,2023-03-22,31.0,54,0.0,8.0,227,988.7
54,2023-03-23,30.9,53,0.0,8.3,227,988.4
54,2023-03-24,31.2,53,0.0,7.3,224,989.4
54,2023-03-25,30.6,54,0.0,7.1,221,989.8
54,2023-03-26,30.2,57,0.0,7.2,207,989.3
54,2023-03-27,30.3,57,0.0,7.6,189,989.7
54,2023-03-28,30.4,62,0.0,8.6,185,991.0
54,2023-03-29,31.0,58,0.0,8.6,209,991.7
54,2023-03-30,30.0,60,0.0,7.1,192,990.1
54,2023-03-31,30.3,59,0.0,6.9,196,989.8
54,2023-04-01,30.5,62,0.0,8.0,190,989.6
54,2023-04-02,31.6,59,0.0,9.0,203,989.0
54,2023-04-03,31.3,51,0.0,8.3,213,988.7
54,2023-04-04,31.0,52,0.0,7.0,230,988.4
54,2023-04-05,30.4,56,0.0,6.5,206,988.9
54,2023-04-06,30.3,59,0.0,6.1,195,989.9
54,2023-04-07,30.8,59,0.0,6.9,186,991.0
54,2023-04-08,31.6,67,0.1,7.1,178,993.3
54,2023-04-09,32.0,64,0.3,8.2,180,993.5
54,2023-04-10,32.7,60,0.0,6.9,196,991.4
54,2023-04-11,32.5,59,0.0,7.7,198,990.2
54,2023-04-12,32.6,59,0.0,6.8,204,989.2
54,2023-04-13,33.1,60,0.0,7.2,202,988.9
54,2023-04-14,33.0,59,0.0,7.1,199,988.8
54,2023-04-15,32.8,60,0.0,7.0,195,988.6
54,2023-04-16,32.8,61,0.0,8.3,176,988.5
54,2023-04-17,33.5,59,0.0,9.2,192,989.7
54,2023-04-18,33.8,57,0.0,7.8,197,989.6
54,2023-04-19,34.1,55,0.0,8.8,209,986.8
54,2023-04-20,33.5,58,0.3,8.3,212,985.3
54,2023-04-21,32.5,60,0.1,6.7,197,986.3
54,2023-04-22,32.1,57,0.0,6.3,191,987.5
54,2023-04-23,31.7,60,0.7,6.9,204,989.8
54,2023-04-24,31.2,65,0.5,5.0,195,992.6
54,2023-04-25,32.3,62,0.0,5.4,179,990.3
54,2023-04-26,29.9,71,0.3,8.4,170,991.5
54,2023-04-27,30.6,72,2.3,6.2,187,991.8
54,2023-04-28,32.5,64,0.3,6.9,197,990.8
54,2023-04-29,33.2,62,1.8,7.2,182,989.2
54,2023-04-30,30.0,74,4.8,6.4,128,991.1
54,2023-05-01,30.3,74,4.7,3.3,177,991.8
54,2023-05-02,31.2,69,0.4,5.7,202,991.6
54,2023-05-03,30.8,72,0.6,5.1,208,992.6
54,2023-05-04,32.4,66,0.1,6.4,218,989.7
54,2023-05-05,33.8,61,0.1,8.3,217,986.5
54,2023-05-06,34.7,56,0.0,7.9,222,985.2
54,2023-05-07,35.0,56,0.2,7.7,210,984.9
54,2023-05-08,32.8,65,5.2,7.3,179,986.8
54,2023-05-09,29.8,79,6.2,3.8,207,990.4
54,2023-05-10,28.2,84,5.7,4.9,170,991.6
54,2023-05-11,29.6,81,5.4,4.2,154,991.9
54,2023-05-12,27.9,92,20.1,3.2,146,992.4
54,2023-05-13,28.8,86,20.5,4.1,136,992.1
54,2023-05-14,28.2,87,19.7,6.4,172,991.2
54,2023-05-15,27.8,88,6.9,8.4,191,991.5
54,2023-05-16,28.9,82,2.0,8.2,208,992.2
54,2023-05-17,30.2,77,0.1,6.8,216,992.1
54,2023-05-18,31.5,73,0.3,7.3,231,990.9
54,2023-05-19,31.4,72,0.4,6.5,227,989.2
54,2023-05-20,31.5,74,0.1,6.0,218,988.6
54,2023-05-21,31.6,76,0.1,5.9,205,989.6
54,2023-05-22,31.1,76,0.3,6.8,207,990.1
54,2023-05-23,30.3,77,1.3,7.3,208,990.2
54,2023-05-24,30.9,77,1.7,7.5,186,989.7
54,2023-05-25,30.8,76,1.1,6.7,183,989.9
54,2023-05-26,31.1,76,0.1,5.7,192,990.0
54,2023-05-27,31.0,75,3.4,4.2,193,988.7
54,2023-05-28,30.0,83,12.5,4.2,166,988.1
54,2023-05-29,29.3,86,8.6,4.0,172,989.8
54,2023-05-30,30.4,83,1.0,3.3,178,989.3
54,2023-05-31,31.2,80,1.9,6.6,192,987.6
54,2023-06-01,31.4,73,0.7,7.0,204,986.7
54,2023-06-02,31.3,67,0.2,7.9,198,987.3
54,2023-06-03,31.1,73,0.6,6.7,199,988.6
54,2023-06-04,31.4,71,0.1,7.5,198,988.6
54,2023-06-05,30.5,77,0.2,7.6,185,987.7
54,2023-06-06,29.4,83,14.4,4.4,170,987.7
54,2023-06-07,28.5,89,17.1,4.9,175,988.3
54,2023-06-08,28.4,90,14.2,7.0,183,988.7
54,2023-06-09,28.9,87,21.3,7.1,189,988.1
54,2023-06-10,28.7,89,10.8,6.9,190,987.0
54,2023-06-11,29.1,84,15.5,7.2,191,986.3
54,2023-06-12,29.7,83,9.0,8.1,190,986.5
54,2023-06-13,29.3,83,10.6,9.0,192,987.5
54,2023-06-14,29.3,82,4.9,9.4,194,989.2
54,2023-06-15,29.2,83,15.1,8.1,196,989.1
54,2023-06-16,29.6,83,3.4,8.1,193,988.4
54,2023-06-17,30.6,79,0.8,8.1,193,989.0
54,2023-06-18,30.1,82,1.9,8.7,189,989.0
54,2023-06-19,29.3,84,5.1,7.7,189,989.1
54,2023-06-20,29.0,85,3.7,8.0,188,989.6
54,2023-06-21,29.3,79,2.4,7.8,211,990.6
54,2023-06-22,29.9,75,0.0,7.3,213,990.7
54,2023-06-23,30.5,76,0.3,7.2,219,989.3
54,2023-06-24,29.3,80,4.6,8.2,226,988.5
54,2023-06-25,27.9,90,16.7,4.4,184,988.9
54,2023-06-26,28.0,89,15.6,6.8,197,989.0
54,2023-06-27,29.1,83,1.3,6.2,181,989.4
54,2023-06-28,29.4,87,5.2,3.7,146,990.5
54,2023-06-29,30.0,85,10.5,4.9,197,989.1
54,2023-06-30,29.1,88,6.3,5.6,197,988.3
54,2023-07-01,29.5,86,2.4,6.4,199,988.3
54,2023-07-02,29.3,87,6.7,7.1,187,989.1
54,2023-07-03,27.6,92,11.2,9.2,189,990.1
54,2023-07-04,27.5,91,11.9,8.4,185,990.5
54,2023-07-05,28.4,88,7.4,8.1,196,990.7
54,2023-07-06,30.3,79,0.9,6.9,204,991.2
54,2023-07-07,31.1,77,0.5,5.6,208,990.6
54,2023-07-08,31.3,78,6.6,5.9,183,990.5
54,2023-07-09,29.5,86,3.3,5.2,182,990.5
54,2023-07-10,29.5,83,6.4,6.8,183,990.7
54,2023-07-11,29.2,83,13.7,7.2,193,990.9
54,2023-07-12,29.0,83,3.1,6.5,196,991.2
54,2023-07-13,29.9,81,2.6,6.5,219,990.4
54,2023-07-14,29.8,81,4.4,7.5,220,989.7
54,2023-07-15,30.3,75,3.0,6.8,222,988.2
54,2023-07-16,28.8,86,5.5,4.2,212,986.8
54,2023-07-17,30.2,82,4.6,5.2,196,984.8
54,2023-07-18,30.1,82,2.6,7.1,189,984.9
54,2023-07-19,29.6,79,1.5,7.5,186,985.3
54,2023-07-20,29.2,84,8.5,5.7,169,987.5
54,2023-07-21,30.1,84,7.2,3.4,118,989.7
54,2023-07-22,30.8,83,12.2,3.7,137,990.8
54,2023-07-23,29.8,83,11.5,3.6,178,990.8
54,2023-07-24,29.7,82,2.9,5.7,184,989.4
54,2023-07-25,29.7,84,2.8,4.9,188,989.6
54,2023-07-26,30.4,80,0.3,6.6,221,989.6
54,2023-07-27,30.9,76,1.0,8.9,233,987.9
54,2023-07-28,30.5,74,1.0,9.0,234,985.7
54,2023-07-29,28.4,88,15.6,7.5,200,985.4
54,2023-07-30,28.2,88,20.8,9.3,191,985.9
54,2023-07-31,27.9,91,4.4,8.5,182,987.8
54,2023-08-01,27.8,93,13.9,7.7,184,988.6
54,2023-08-02,27.8,94,20.3,7.9,196,988.5
54,2023-08-03,28.0,93,19.1,9.2,200,988.0
54,2023-08-04,27.6,93,22.5,9.6,201,990.1
54,2023-08-05,26.4,97,8.4,9.5,191,991.3
54,2023-08-06,26.6,95,12.6,9.7,194,989.3
54,2023-08-07,26.1,97,15.6,11.3,198,988.3
54,2023-08-08,25.8,99,16.0,9.1,191,989.2
54,2023-08-09,27.4,90,8.2,9.3,197,990.8
54,2023-08-10,28.9,84,3.1,8.2,202,990.4
54,2023-08-11,29.4,79,0.1,8.7,208,988.9
54,2023-08-12,29.6,81,3.1,8.3,202,987.8
54,2023-08-13,29.6,81,3.1,7.5,202,987.8
54,2023-08-14,29.2,83,9.8,7.6,193,988.0
54,2023-08-15,29.1,83,4.6,8.0,193,988.5
54,2023-08-16,29.1,84,1.0,7.6,187,989.4
54,2023-08-17,29.4,84,3.6,5.5,190,989.9
54,2023-08-18,30.6,80,0.3,5.1,208,989.2
54,2023-08-19,30.8,79,0.4,4.7,223,988.6
54,2023-08-20,30.3,83,3.2,4.2,186,987.9
54,2023-08-21,29.5,86,14.6,5.2,179,988.9
54,2023-08-22,28.9,86,6.2,5.8,180,989.7
54,2023-08-23,29.2,86,7.4,7.1,198,988.9
54,2023-08-24,28.8,86,4.8,7.4,195,988.6
54,2023-08-25,28.7,86,5.9,7.9,198,989.2
54,2023-08-26,28.8,84,6.5,8.2,197,989.3
54,2023-08-27,28.4,84,3.8,7.4,201,988.5
54,2023-08-28,29.4,82,7.2,6.9,204,987.0
54,2023-08-29,29.2,84,5.2,4.6,173,987.2
54,2023-08-30,28.6,90,6.1,3.4,136,989.0
54,2023-08-31,28.4,92,15.8,3.1,204,989.5
54,2023-09-01,29.8,85,10.4,3.3,188,988.7
54,2023-09-02,29.6,87,12.0,2.9,206,987.6
54,2023-09-03,30.5,81,4.2,3.9,185,986.4
54,2023-09-04,29.8,85,18.4,3.8,181,985.9
54,2023-09-05,27.7,95,123.5,2.6,141,988.1
54,2023-09-06,27.5,95,35.4,4.6,176,990.6
54,2023-09-07,28.0,92,11.8,3.8,183,990.9
54,2023-09-08,28.4,89,8.7,5.0,185,990.0
54,2023-09-09,28.5,90,14.3,4.4,181,988.3
54,2023-09-10,28.0,92,9.1,3.6,167,987.9
54,2023-09-11,27.7,91,15.1,8.5,190,988.5
54,2023-09-12,27.4,92,19.1,8.5,192,989.7
54,2023-09-13,27.5,90,11.0,7.7,207,990.4
54,2023-09-14,27.5,92,36.1,5.2,202,990.1
54,2023-09-15,27.6,94,42.9,2.7,133,989.0
54,2023-09-16,27.1,95,25.3,4.2,56,989.2
54,2023-09-17,27.3,94,21.0,3.6,116,989.8
54,2023-09-18,27.5,92,18.4,4.5,172,991.8
54,2023-09-19,27.5,91,16.2,4.9,189,993.8
54,2023-09-20,28.7,88,2.9,3.3,213,992.8
54,2023-09-21,29.7,87,3.1,3.3,211,992.1
54,2023-09-22,29.8,86,2.9,3.7,161,991.7
54,2023-09-23,30.3,84,3.0,3.7,170,991.6
54,2023-09-24,30.0,84,3.9,3.0,179,990.4
54,2023-09-25,29.6,86,8.8,2.6,109,989.4
54,2023-09-26,28.6,90,1.0,4.6,313,988.8
54,2023-09-27,27.4,94,22.3,3.0,104,987.8
54,2023-09-28,27.3,94,11.0,4.5,108,989.7
54,2023-09-29,27.1,93,15.0,4.6,145,992.6
54,2023-09-30,27.6,91,15.0,5.2,179,993.4
54,2023-10-01,28.4,89,23.0,4.4,190,992.1
54,2023-10-02,29.3,85,6.4,4.7,180,992.4
54,2023-10-03,29.8,86,0.8,3.6,176,992.4
54,2023-10-04,30.0,87,10.7,3.2,164,992.0
54,2023-10-05,29.0,88,12.3,2.3,166,991.1
54,2023-10-06,28.5,90,25.9,3.3,171,990.9
54,2023-10-07,27.3,94,17.2,3.4,154,991.7
54,2023-10-08,26.7,94,40.2,4.9,163,992.8
54,2023-10-09,26.6,94,18.3,3.1,122,994.0
54,2023-10-10,28.0,87,1.6,4.9,92,994.5
54,2023-10-11,28.8,85,0.1,4.5,80,995.4
54,2023-10-12,28.7,87,0.9,3.2,68,996.3
54,2023-10-13,28.5,87,0.6,1.7,83,995.6
54,2023-10-14,27.5,92,12.3,3.3,178,993.9
54,2023-10-15,27.8,91,21.6,2.7,67,992.7
54,2023-10-16,28.2,89,6.4,2.2,23,994.1
54,2023-10-17,28.5,85,0.4,2.6,67,994.5
54,2023-10-18,28.8,86,0.8,3.2,167,994.4
54,2023-10-19,28.8,86,0.3,4.1,194,994.0
54,2023-10-20,28.9,87,6.6,2.9,93,994.5
54,2023-10-21,28.3,88,0.9,3.6,49,996.6
54,2023-10-22,28.2,86,0.2,3.6,86,996.9
54,2023-10-23,28.2,88,0.3,2.7,142,996.4
54,2023-10-24,28.9,85,0.0,2.4,63,995.5
54,2023-10-25,29.1,85,0.4,2.6,74,995.1
54,2023-10-26,28.5,88,2.9,2.8,125,994.6
54,2023-10-27,27.8,92,14.0,2.1,133,994.3
54,2023-10-28,27.5,90,8.3,2.7,53,994.4
54,2023-10-29,27.3,91,3.8,2.3,68,994.9
54,2023-10-30,26.9,93,13.0,5.1,44,995.8
54,2023-10-31,26.6,93,10.9,4.5,27,997.8
54,2023-11-01,27.7,88,0.8,3.9,40,997.3
54,2023-11-02,27.6,88,0.0,3.0,76,995.5
54,2023-11-03,28.3,87,0.0,2.7,202,993.2
54,2023-11-04,28.6,87,1.2,3.0,128,993.2
54,2023-11-05,28.7,86,0.4,2.3,69,994.2
54,2023-11-06,29.0,86,0.1,1.9,27,994.6
54,2023-11-07,28.7,87,1.3,3.1,126,994.7
54,2023-11-08,28.5,88,0.5,2.8,164,994.0
54,2023-11-09,28.7,87,0.8,3.0,197,994.3
54,2023-11-10,28.8,89,0.2,2.6,162,995.5
54,2023-11-11,29.1,87,0.2,2.4,111,995.9
54,2023-11-12,28.4,89,2.9,2.4,95,996.4
54,2023-11-13,28.6,84,0.1,5.5,66,996.9
54,2023-11-14,28.1,80,0.0,6.1,87,998.0
54,2023-11-15,27.9,82,0.0,4.0,91,998.2
54,2023-11-16,27.9,81,4.2,7.0,92,999.2
54,2023-11-17,26.6,72,0.3,7.7,55,1001.1
54,2023-11-18,24.8,73,0.0,5.9,33,1000.0
54,2023-11-19,24.3,76,0.0,5.8,37,998.9
54,2023-11-20,24.2,76,0.0,5.8,17,997.9
54,2023-11-21,24.8,76,0.0,4.8,25,995.9
54,2023-11-22,25.2,79,0.0,2.9,57,994.5
54,2023-11-23,25.6,79,0.0,4.6,90,994.8
54,2023-11-24,25.9,76,0.0,5.6,64,996.2
54,2023-11-25,26.3,76,0.0,5.6,58,996.8
54,2023-11-26,26.1,76,0.0,6.0,38,997.6
54,2023-11-27,26.5,77,0.0,5.2,26,997.1
54,2023-11-28,25.8,77,0.0,5.4,54,996.3
54,2023-11-29,25.3,78,0.1,5.3,28,996.3
54,2023-11-30,26.5,76,0.3,5.3,40,996.9
54,2023-12-01,26.8,78,0.4,5.6,55,996.4
54,2023-12-02,27.5,78,0.0,6.1,80,996.6
54,2023-12-03,27.5,77,0.0,5.6,91,996.5
54,2023-12-04,27.1,80,0.0,4.3,106,995.5
54,2023-12-05,27.3,81,0.1,3.2,158,994.6
54,2023-12-06,27.8,82,0.3,2.7,21,995.3
54,2023-12-07,27.6,78,0.1,5.1,96,995.7
54,2023-12-08,27.0,82,0.2,4.9,167,995.4
54,2023-12-09,27.2,82,0.0,4.6,198,994.0
54,2023-12-10,27.9,81,0.0,4.8,195,992.5
54,2023-12-11,28.6,80,0.5,2.9,197,993.5
54,2023-12-12,28.6,79,0.0,3.9,165,993.7
54,2023-12-13,28.0,78,0.0,4.0,117,995.4
54,2023-12-14,26.5,80,0.0,4.3,137,996.4
54,2023-12-15,26.7,79,0.0,3.4,288,995.7
54,2023-12-16,26.5,79,0.0,2.8,61,995.3
54,2023-12-17,26.5,80,0.0,5.5,83,996.4
54,2023-12-18,26.2,79,0.0,3.6,82,997.2
54,2023-12-19,25.8,79,0.0,3.4,64,997.1
54,2023-12-20,25.7,80,0.0,4.0,78,996.5
54,2023-12-21,24.9,70,0.0,6.7,90,997.8
54,2023-12-22,22.8,65,0.0,8.4,80,1001.3
54,2023-12-23,21.6,70,0.0,6.8,62,1002.8
54,2023-12-24,21.3,73,0.0,7.1,62,1003.0
54,2023-12-25,22.0,68,0.0,6.4,64,1001.8
54,2023-12-26,22.2,74,0.0,4.7,65,1000.8
54,2023-12-27,23.2,75,0.0,5.4,53,1000.5
54,2023-12-28,23.7,75,0.0,4.8,53,998.9
54,2023-12-29,24.1,74,0.0,5.1,55,997.6
54,2023-12-30,24.5,73,0.0,4.3,41,996.3
54,2023-12-31,24.8,74,0.0,3.8,49,996.1
54,2024-01-01,24.8,76,0.0,3.8,42,995.6
54,2024-01-02,25.2,75,0.0,3.3,21,995.4
54,2024-01-03,25.0,75,0.0,3.7,88,995.5
54,2024-01-04,24.2,77,0.0,4.9,108,995.9
54,2024-01-05,24.4,78,0.0,3.5,106,996.0
54,2024-01-06,25.5,76,0.0,3.5,97,996.3
54,2024-01-07,25.2,79,0.0,4.0,112,996.5
54,2024-01-08,25.6,78,0.0,4.6,166,995.6
54,2024-01-09,26.0,78,0.0,5.7,176,994.2
54,2024-01-10,25.9,79,0.0,5.7,165,993.3
54,2024-01-11,26.5,81,0.2,6.1,161,993.8
54,2024-01-12,26.3,82,0.5,6.2,162,993.5
54,2024-01-13,25.8,88,2.1,4.4,116,994.4
54,2024-01-14,26.0,83,1.1,4.3,119,996.3
54,2024-01-15,26.3,73,0.0,5.6,113,996.3
54,2024-01-16,26.1,73,0.0,4.2,105,995.8
54,2024-01-17,25.4,74,0.0,5.1,148,995.2
54,2024-01-18,25.1,77,0.0,4.7,181,994.9
54,2024-01-19,25.5,76,0.0,4.3,203,994.0
54,2024-01-20,25.2,74,0.0,4.4,209,994.2
54,2024-01-21,24.3,72,0.0,5.8,184,994.7
54,2024-01-22,24.3,70,0.0,4.3,195,995.6
54,2024-01-23,24.2,72,0.0,6.2,120,996.9
54,2024-01-24,23.9,67,0.0,6.4,110,999.0
54,2024-01-25,23.1,74,0.1,6.0,121,1000.9
54,2024-01-26,22.4,79,2.9,3.9,80,1001.7
54,2024-01-27,24.2,83,1.0,4.5,124,1000.0
54,2024-01-28,23.9,86,4.9,5.1,121,999.3
54,2024-01-29,23.4,89,13.5,5.3,123,999.1
54,2024-01-30,23.8,88,3.4,5.6,167,998.2
54,2024-01-31,24.7,83,0.0,4.1,209,997.6
54,2024-02-01,25.0,73,0.0,4.1,211,996.8
54,2024-02-02,25.6,69,0.0,3.8,241,995.5
54,2024-02-03,25.8,69,0.0,4.4,221,995.4
54,2024-02-04,25.3,64,0.0,3.9,235,996.0
54,2024-02-05,24.2,67,0.0,4.9,196,995.9
54,2024-02-06,24.2,67,0.0,4.9,194,996.0
54,2024-02-07,24.5,68,0.0,5.1,202,994.8
54,2024-02-08,25.3,70,0.0,5.5,180,993.1
54,2024-02-09,26.2,74,0.0,6.9,160,994.6
54,2024-02-10,26.0,72,0.5,7.7,99,998.7
54,2024-02-11,25.0,65,0.0,6.7,74,1002.1
54,2024-02-12,25.0,73,0.0,4.5,108,1000.5
54,2024-02-13,25.7,73,0.0,4.2,162,998.2
54,2024-02-14,25.9,72,0.0,5.3,189,996.4
54,2024-02-15,26.3,69,0.0,4.5,186,996.1
54,2024-02-16,27.0,66,0.0,4.9,160,995.5
54,2024-02-17,27.6,69,0.0,7.4,187,993.5
54,2024-02-18,28.1,70,0.0,7.2,204,993.6
54,2024-02-19,28.0,71,0.0,7.0,200,993.5
54,2024-02-20,28.9,70,0.0,8.1,196,992.4
54,2024-02-21,28.3,66,0.0,5.6,216,992.5
54,2024-02-22,27.4,73,0.0,4.9,186,993.5
54,2024-02-23,28.3,74,0.0,6.5,187,994.3
54,2024-02-24,28.7,71,0.0,5.7,178,994.3
54,2024-02-25,28.6,74,0.4,5.1,166,994.3
54,2024-02-26,29.4,69,0.0,4.5,155,994.5
54,2024-02-27,29.8,70,0.2,5.8,168,993.9
54,2024-02-28,30.1,69,0.1,7.0,182,992.4
54,2024-02-29,30.1,66,0.0,7.4,188,992.4
54,2024-03-01,29.9,66,0.0,7.1,181,992.9
54,2024-03-02,28.5,76,1.9,6.6,155,993.5
54,2024-03-03,28.7,72,0.1,7.1,175,993.1
54,2024-03-04,30.2,58,0.0,7.6,212,991.5
54,2024-03-05,29.1,54,0.0,7.2,213,990.6
54,2024-03-06,28.9,60,0.0,5.5,193,989.8
54,2024-03-07,28.8,65,0.0,5.8,182,990.0
54,2024-03-08,29.6,65,0.0,6.5,158,990.7
54,2024-03-09,30.3,67,0.2,7.4,172,991.8
54,2024-03-10,30.2,66,0.0,7.5,180,993.9
54,2024-03-11,29.6,69,0.2,6.4,177,994.8
54,2024-03-12,29.3,76,1.9,7.8,167,994.2
54,2024-03-13,30.3,63,0.0,7.5,196,993.2
54,2024-03-14,28.8,59,0.0,6.8,198,992.6
54,2024-03-15,28.4,61,0.0,6.3,185,992.7
54,2024-03-16,29.2,63,0.0,5.8,186,993.3
54,2024-03-17,30.1,68,0.0,6.4,187,993.6
54,2024-03-18,30.9,66,0.1,6.0,188,992.2
54,2024-03-19,29.4,74,15.4,6.0,130,993.4
54,2024-03-20,26.5,85,21.5,5.5,107,997.8
54,2024-03-21,28.5,71,0.0,5.4,150,995.2
54,2024-03-22,29.1,74,0.1,6.3,203,991.1
54,2024-03-23,29.4,72,0.0,7.4,198,990.5
54,2024-03-24,29.3,64,0.0,7.3,208,992.5
54,2024-03-25,28.6,61,0.0,6.4,196,992.8
54,2024-03-26,28.9,64,0.0,5.4,182,993.9
54,2024-03-27,30.4,69,0.0,6.8,186,995.6
54,2024-03-28,31.0,64,0.0,7.3,207,992.8
54,2024-03-29,30.9,64,0.1,8.4,194,992.5
54,2024-03-30,31.3,61,0.0,9.4,199,993.3
54,2024-03-31,31.7,58,0.0,9.3,206,992.5
54,2024-04-01,32.0,53,0.0,8.2,204,989.9
54,2024-04-02,32.4,56,0.0,8.6,205,988.6
54,2024-04-03,32.7,58,0.0,9.2,204,989.3
54,2024-04-04,33.1,60,0.0,8.1,201,989.1
54,2024-04-05,33.0,63,0.0,8.2,196,988.5
54,2024-04-06,33.4,66,0.0,8.7,190,988.9
54,2024-04-07,33.4,66,0.1,8.6,193,988.9
54,2024-04-08,33.6,64,0.0,7.7,193,990.1
54,2024-04-09,32.9,64,0.4,6.8,166,990.9
54,2024-04-10,29.8,73,2.6,5.7,155,993.5
54,2024-04-11,30.5,74,2.5,3.9,193,993.3
54,2024-04-12,31.6,67,0.9,4.3,178,992.0
54,2024-04-13,32.5,62,0.0,5.6,217,991.1
54,2024-04-14,32.0,66,0.7,6.3,201,991.4
54,2024-04-15,31.3,66,0.4,5.9,191,991.9
54,2024-04-16,31.5,68,0.0,6.4,191,990.6
54,2024-04-17,33.1,61,0.0,8.6,204,989.3
54,2024-04-18,32.7,60,0.0,7.6,207,988.0
54,2024-04-19,31.8,60,0.1,9.0,208,986.9
54,2024-04-20,32.3,60,0.0,8.6,206,986.8
54,2024-04-21,33.2,58,0.0,8.2,207,987.6
54,2024-04-22,33.6,59,0.0,8.2,197,987.4
54,2024-04-23,33.8,61,0.0,8.5,189,987.2
54,2024-04-24,33.7,62,0.0,9.3,192,987.6
54,2024-04-25,33.6,60,0.0,7.8,205,988.0
54,2024-04-26,33.8,56,0.0,8.6,206,987.2
54,2024-04-27,33.8,55,0.0,7.6,209,987.1
54,2024-04-28,34.3,55,0.0,8.3,199,987.6
54,2024-04-29,34.3,55,0.0,9.0,201,988.2
54,2024-04-30,34.6,54,0.0,9.9,204,985.8
54,2024-05-01,34.4,58,0.0,8.3,201,985.3
54,2024-05-02,34.0,62,0.2,8.6,193,986.4
54,2024-05-03,32.3,66,1.1,4.6,196,988.9
54,2024-05-04,31.9,65,0.0,5.8,200,988.3
54,2024-05-05,33.2,60,0.0,8.3,194,987.6
54,2024-05-06,33.4,55,0.0,6.9,179,989.5
54,2024-05-07,30.5,71,7.1,5.5,166,992.7
54,2024-05-08,29.8,77,5.4,3.0,176,992.6
54,2024-05-09,30.1,76,5.0,4.5,129,991.9
54,2024-05-10,29.8,76,5.5,4.4,172,992.6
54,2024-05-11,29.0,80,8.7,3.9,174,994.1
54,2024-05-12,30.2,76,0.4,3.9,218,992.7
54,2024-05-13,31.3,71,2.1,4.6,186,991.2
54,2024-05-14,31.0,73,0.7,5.3,178,992.3
54,2024-05-15,31.5,75,0.9,4.7,205,992.5
54,2024-05-16,31.7,76,1.4,4.1,134,991.5
54,2024-05-17,30.5,81,9.3,5.4,192,991.1
54,2024-05-18,31.2,78,4.9,7.6,194,988.8
54,2024-05-19,32.2,73,1.1,8.7,194,986.8
54,2024-05-20,31.7,71,16.6,5.4,203,987.0
54,2024-05-21,28.2,86,14.2,5.1,101,989.7
54,2024-05-22,28.9,86,10.7,3.0,134,990.1
54,2024-05-23,28.2,90,23.1,3.1,132,989.6
54,2024-05-24,28.0,91,15.4,5.1,133,989.6
54,2024-05-25,28.4,91,13.6,5.8,170,990.2
54,2024-05-26,29.0,86,6.1,6.7,178,990.6
54,2024-05-27,28.9,86,7.6,7.8,192,989.5
54,2024-05-28,29.3,86,13.8,8.0,192,988.9
54,2024-05-29,29.4,87,12.7,8.9,196,988.3
54,2024-05-30,30.6,82,1.9,9.1,208,987.6
54,2024-05-31,30.6,82,3.0,7.5,188,987.6
54,2024-06-01,29.4,84,6.3,6.6,167,990.3
54,2024-06-02,28.8,83,9.7,8.5,190,992.1
54,2024-06-03,28.9,84,13.2,9.9,194,990.7
54,2024-06-04,28.9,87,10.5,7.4,197,989.7
54,2024-06-05,29.9,80,1.8,8.1,188,989.6
54,2024-06-06,28.8,84,15.6,9.6,189,990.8
54,2024-06-07,28.8,86,11.8,8.9,192,989.3
54,2024-06-08,29.0,85,3.3,8.5,189,987.3
54,2024-06-09,29.4,84,0.6,7.4,179,986.8
54,2024-06-10,29.4,85,7.4,6.9,170,987.9
54,2024-06-11,28.2,90,10.9,8.2,178,989.7
54,2024-06-12,28.3,88,9.7,8.7,190,991.4
54,2024-06-13,29.0,83,2.3,9.0,206,990.6
54,2024-06-14,29.1,85,8.3,8.1,191,988.7
54,2024-06-15,29.3,85,9.8,7.7,196,988.1
54,2024-06-16,30.1,81,1.7,7.2,200,988.7
54,2024-06-17,29.8,81,6.9,8.3,208,988.9
54,2024-06-18,29.4,82,6.2,8.9,203,988.3
54,2024-06-19,29.7,78,1.8,9.2,205,987.9
54,2024-06-20,30.2,77,1.8,8.1,205,987.5
54,2024-06-21,30.9,78,1.3,6.6,201,986.5
54,2024-06-22,31.6,77,0.7,5.8,187,985.6
54,2024-06-23,30.1,81,0.9,7.1,191,986.6
54,2024-06-24,28.8,88,13.3,6.9,192,986.8
54,2024-06-25,28.6,84,3.4,7.4,186,986.5
54,2024-06-26,28.3,88,19.3,5.5,169,988.7
54,2024-06-27,29.7,84,9.0,5.6,183,990.8
54,2024-06-28,30.3,80,0.7,7.3,195,990.0
54,2024-06-29,30.4,78,1.0,9.2,197,990.1
54,2024-06-30,29.1,87,12.5,8.7,194,990.8
54,2024-07-01,28.5,86,7.0,9.3,201,990.1
54,2024-07-02,29.4,81,0.8,7.2,201,988.7
54,2024-07-03,29.5,81,1.3,6.2,176,989.7
54,2024-07-04,29.3,84,11.0,6.4,180,991.2
54,2024-07-05,29.5,83,2.7,6.1,193,989.4
54,2024-07-06,29.3,85,2.1,4.7,177,988.3
54,2024-07-07,29.5,86,3.9,4.6,154,988.9
54,2024-07-08,29.3,85,11.0,5.9,183,989.4
54,2024-07-09,29.3,81,0.9,7.2,195,990.4
54,2024-07-10,29.2,84,3.2,7.1,194,990.5
54,2024-07-11,29.1,84,8.0,8.1,197,988.8
54,2024-07-12,29.1,84,4.2,7.4,196,987.2
54,2024-07-13,29.5,81,2.5,8.1,195,985.7
54,2024-07-14,30.0,81,11.5,8.0,192,986.5
54,2024-07-15,29.3,82,0.6,5.2,206,987.8
54,2024-07-16,28.3,91,14.7,4.4,187,986.9
54,2024-07-17,28.6,90,9.1,3.2,164,986.7
54,2024-07-18,27.9,92,8.6,4.9,181,987.2
54,2024-07-19,28.2,91,9.9,8.5,195,987.0
54,2024-07-20,28.0,90,24.8,7.1,193,988.9
54,2024-07-21,28.2,91,19.6,6.6,199,989.4
54,2024-07-22,27.8,92,11.2,6.2,194,989.7
54,2024-07-23,28.9,85,5.3,9.6,215,987.5
54,2024-07-24,28.0,88,27.3,11.7,201,984.7
54,2024-07-25,28.5,87,16.1,10.1,193,983.8
54,2024-07-26,28.1,88,11.9,9.2,193,985.8
54,2024-07-27,28.9,88,7.7,7.6,200,987.8
54,2024-07-28,28.2,89,10.0,8.3,199,987.5
54,2024-07-29,28.1,90,16.6,8.5,196,987.3
54,2024-07-30,27.0,94,9.7,9.1,197,988.8
54,2024-07-31,26.5,96,15.1,9.4,192,990.3
54,2024-08-01,26.5,97,31.4,10.2,192,991.3
54,2024-08-02,26.4,97,11.6,9.3,197,991.2
54,2024-08-03,27.6,92,6.9,7.4,198,991.2
54,2024-08-04,28.1,90,13.3,8.2,195,991.0
54,2024-08-05,28.3,87,6.8,5.7,191,990.3
54,2024-08-06,28.6,88,8.0,4.5,186,989.9
54,2024-08-07,29.4,83,7.4,5.3,194,990.4
54,2024-08-08,29.5,82,0.9,6.4,203,991.3
54,2024-08-09,30.5,79,0.2,7.2,210,990.2
54,2024-08-10,30.7,81,1.4,7.3,209,988.6
54,2024-08-11,30.4,80,1.4,6.9,208,986.9
54,2024-08-12,27.6,91,11.0,6.2,186,986.9
54,2024-08-13,27.7,92,33.2,8.4,191,988.5
54,2024-08-14,29.1,84,1.5,6.7,195,989.3
54,2024-08-15,29.7,84,6.0,6.3,193,988.7
54,2024-08-16,29.5,85,9.5,5.7,189,988.1
54,2024-08-17,29.1,86,7.7,4.8,173,989.8
54,2024-08-18,29.4,87,10.0,3.8,175,990.6
54,2024-08-19,29.0,88,12.7,5.3,190,990.1
54,2024-08-20,27.9,91,8.8,6.2,195,991.2
54,2024-08-21,26.6,96,13.2,7.4,192,991.6
54,2024-08-22,28.9,88,9.5,6.9,191,991.4
54,2024-08-23,28.3,90,5.4,5.4,178,992.7
54,2024-08-24,28.6,86,15.8,5.2,189,992.3
54,2024-08-25,28.1,86,11.2,6.0,195,991.2
54,2024-08-26,28.8,84,9.0,5.8,189,990.1
54,2024-08-27,27.5,93,16.8,3.5,159,990.5
54,2024-08-28,27.8,88,8.9,4.5,181,989.7
54,2024-08-29,28.2,88,3.0,6.2,193,989.6
54,2024-08-30,28.6,86,1.4,6.3,201,990.2
54,2024-08-31,29.1,83,0.8,5.6,201,990.1
54,2024-09-01,28.8,90,21.5,2.7,180,989.5
54,2024-09-02,29.2,88,14.2,3.1,89,989.6
54,2024-09-03,29.2,89,19.3,3.6,113,990.3
54,2024-09-04,29.2,86,4.0,5.2,195,988.6
54,2024-09-05,29.0,85,9.1,4.3,195,987.3
54,2024-09-06,29.2,87,5.3,4.5,229,987.2
54,2024-09-07,29.6,83,0.1,8.2,218,987.3
54,2024-09-08,28.7,84,2.2,10.1,216,988.0
54,2024-09-09,27.2,93,50.3,10.2,194,987.7
54,2024-09-10,26.9,96,28.4,9.7,183,987.5
54,2024-09-11,27.3,92,24.6,6.5,174,989.8
54,2024-09-12,28.4,86,4.6,4.8,197,990.7
54,2024-09-13,28.8,86,3.2,4.7,204,988.9
54,2024-09-14,28.6,87,4.5,3.4,185,987.5
54,2024-09-15,29.5,84,3.1,5.0,212,986.9
54,2024-09-16,29.5,85,4.1,3.4,205,987.2
54,2024-09-17,29.2,88,13.1,2.4,94,987.0
54,2024-09-18,28.5,91,12.7,3.1,0,986.7
54,2024-09-19,29.6,86,0.3,4.7,351,986.0
54,2024-09-20,27.2,94,15.5,2.3,193,985.9
54,2024-09-21,27.4,95,24.7,2.8,176,986.6
54,2024-09-22,27.7,92,9.6,2.5,148,987.7
54,2024-09-23,26.3,97,23.3,3.9,187,990.8
54,2024-09-24,26.1,96,12.1,3.4,160,992.6
54,2024-09-25,25.7,95,9.5,4.8,169,993.7
54,2024-09-26,28.0,87,1.8,3.3,175,993.6
54,2024-09-27,29.4,84,0.3,3.7,204,993.2
54,2024-09-28,29.8,85,0.6,5.1,192,992.0
54,2024-09-29,29.3,88,7.6,5.3,189,991.1
54,2024-09-30,29.0,87,2.9,5.5,194,989.6
54,2024-10-01,27.6,92,25.6,5.0,147,989.2
54,2024-10-02,27.8,88,12.4,4.5,101,992.1
54,2024-10-03,26.6,92,21.3,4.4,85,993.6
54,2024-10-04,28.2,87,0.6,3.1,127,994.5
54,2024-10-05,29.1,83,0.0,2.5,146,994.2
54,2024-10-06,29.6,84,0.1,3.3,99,994.6
54,2024-10-07,29.4,81,0.0,4.0,90,995.8
54,2024-10-08,29.2,84,0.4,2.8,67,995.2
54,2024-10-09,28.9,85,0.5,3.2,104,993.9
54,2024-10-10,28.7,88,0.8,1.9,122,993.4
54,2024-10-11,28.9,82,0.0,3.5,135,993.2
54,2024-10-12,28.6,85,0.0,3.7,108,994.1
54,2024-10-13,29.2,85,0.7,3.1,93,993.9
54,2024-10-14,29.3,86,2.1,2.9,160,993.3
54,2024-10-15,28.4,89,8.4,2.2,53,993.4
54,2024-10-16,28.9,87,0.9,2.5,45,993.5
54,2024-10-17,28.2,90,3.6,2.6,129,993.4
54,2024-10-18,29.2,87,0.4,2.2,86,992.6
54,2024-10-19,28.3,91,3.6,3.0,110,993.5
54,2024-10-20,28.4,86,10.6,4.2,66,994.9
54,2024-10-21,27.6,91,3.0,3.7,114,994.7
54,2024-10-22,28.1,87,2.4,4.4,62,994.3
54,2024-10-23,28.3,86,0.3,4.1,50,994.8
54,2024-10-24,27.7,89,0.6,3.2,74,993.8
54,2024-10-25,28.6,86,0.0,4.3,244,992.0
54,2024-10-26,29.2,85,0.1,4.3,290,989.5
54,2024-10-27,30.1,80,0.1,4.5,355,987.9
54,2024-10-28,28.9,74,0.0,5.2,28,988.8
54,2024-10-29,28.3,79,0.1,3.6,358,990.9
54,2024-10-30,27.7,87,0.9,3.4,181,992.8
54,2024-10-31,27.9,86,0.3,3.8,200,992.5
54,2024-11-01,28.3,86,0.4,3.2,133,992.8
54,2024-11-02,28.4,80,0.1,4.8,62,994.6
54,2024-11-03,27.2,77,0.0,4.8,70,995.7
54,2024-11-04,26.5,78,0.0,5.6,66,995.7
54,2024-11-05,26.3,83,0.9,5.2,39,997.1
54,2024-11-06,25.7,87,0.7,5.3,38,997.5
54,2024-11-07,26.1,80,0.3,5.4,80,996.7
54,2024-11-08,26.1,78,0.3,5.8,21,996.9
54,2024-11-09,26.5,79,0.0,5.8,4,996.0
54,2024-11-10,27.0,81,0.0,3.8,34,995.5
54,2024-11-11,26.5,81,0.0,4.1,106,994.9
54,2024-11-12,27.0,79,0.0,3.3,18,993.8
54,2024-11-13,28.1,77,0.0,2.8,353,992.5
54,2024-11-14,29.0,75,0.0,3.5,355,992.5
54,2024-11-15,29.2,75,0.0,4.7,351,992.3
54,2024-11-16,28.3,75,0.0,5.2,11,992.1
54,2024-11-17,27.1,79,1.0,3.7,25,993.2
54,2024-11-18,26.7,82,0.0,5.1,46,995.2
54,2024-11-19,26.5,79,0.0,5.8,56,996.0
54,2024-11-20,26.5,78,0.0,5.4,61,995.4
54,2024-11-21,26.1,79,0.0,4.7,76,995.1
54,2024-11-22,25.6,76,0.0,6.1,82,995.3
54,2024-11-23,26.2,79,0.0,4.5,76,995.9
54,2024-11-24,26.7,81,0.0,4.2,88,995.6
54,2024-11-25,26.6,82,0.0,5.4,70,995.1
54,2024-11-26,27.4,78,0.0,6.2,88,994.9
54,2024-11-27,27.0,75,0.0,7.3,95,995.5
54,2024-11-28,25.8,73,0.0,7.5,92,997.4
54,2024-11-29,24.1,72,0.0,6.3,73,998.2
54,2024-11-30,24.0,79,0.0,4.1,41,995.7
54,2024-12-01,25.0,78,0.0,3.2,15,993.3
54,2024-12-02,25.6,79,0.0,3.5,197,992.8
54,2024-12-03,26.8,80,0.0,3.6,86,993.1
54,2024-12-04,27.2,81,0.0,3.3,125,992.9
54,2024-12-05,26.9,84,0.4,4.9,154,993.0
54,2024-12-06,27.0,81,0.3,6.1,162,992.6
54,2024-12-07,26.6,81,0.0,4.8,107,993.7
54,2024-12-08,26.2,80,0.0,5.7,93,994.8
54,2024-12-09,25.7,79,0.0,4.2,104,994.7
54,2024-12-10,26.2,79,0.0,3.0,117,993.1
54,2024-12-11,26.3,78,0.0,4.9,38,993.0
54,2024-12-12,25.8,81,0.0,4.8,69,993.1
54,2024-12-13,27.0,81,0.0,4.9,96,994.3
54,2024-12-14,25.6,79,0.9,4.8,82,997.0
54,2024-12-15,23.0,84,2.4,7.2,60,999.2
54,2024-12-16,22.8,85,0.1,6.6,44,999.7
54,2024-12-17,23.3,82,0.0,5.0,41,997.5
54,2024-12-18,23.4,80,0.0,6.1,80,996.6
54,2024-12-19,23.0,77,0.0,6.0,88,997.2
54,2024-12-20,22.2,80,0.0,4.6,94,996.2
54,2024-12-21,21.7,78,0.0,4.7,94,996.1
54,2024-12-22,21.1,78,0.0,5.8,88,996.7
54,2024-12-23,21.8,77,0.0,5.3,59,996.3
54,2024-12-24,22.4,75,0.0,5.6,63,996.8
54,2024-12-25,22.0,76,0.0,6.1,48,997.8
54,2024-12-26,22.8,78,0.0,6.6,28,998.6
54,2024-12-27,24.6,77,0.0,6.1,50,998.6
54,2024-12-28,25.3,76,0.0,6.6,78,999.1
54,2024-12-29,24.3,74,0.0,4.8,79,998.2
54,2024-12-30,23.2,80,0.0,3.8,100,997.1
54,2024-12-31,22.9,78,0.0,5.7,91,996.8
54,2025-01-01,22.7,77,0.0,4.4,72,995.5
54,2025-01-02,22.5,77,0.0,4.7,69,995.3
54,2025-01-03,22.5,75,0.0,6.1,90,996.8
54,2025-01-04,21.6,74,0.0,5.8,78,996.3
54,2025-01-05,21.0,75,0.0,5.9,83,998.0
54,2025-01-06,20.9,78,0.0,4.6,66,996.4
54,2025-01-07,21.2,78,0.0,2.8,84,995.6
54,2025-01-08,22.2,76,0.0,4.4,121,995.2
54,2025-01-09,22.9,79,0.0,4.5,80,996.8
54,2025-01-10,23.1,74,0.0,7.0,95,999.5
54,2025-01-11,21.2,72,0.0,8.9,89,1001.9
54,2025-01-12,19.4,68,0.0,6.7,74,1002.5
54,2025-01-13,18.1,74,0.0,6.1,73,998.8
54,2025-01-14,18.1,72,0.0,6.0,61,998.6
54,2025-01-15,20.9,69,0.0,7.4,55,999.1
54,2025-01-16,22.3,72,0.0,6.9,63,999.6
54,2025-01-17,21.5,76,0.0,6.1,72,997.8
54,2025-01-18,21.5,76,0.0,3.4,73,995.8
54,2025-01-19,21.5,77,0.0,4.2,104,994.5
54,2025-01-20,21.5,80,0.0,4.6,153,993.3
54,2025-01-21,22.3,77,0.0,5.6,164,993.3
54,2025-01-22,22.4,76,0.0,5.4,168,993.6
54,2025-01-23,23.3,74,0.0,4.9,170,993.8
54,2025-01-24,23.4,74,0.0,5.7,179,992.2
54,2025-01-25,23.8,73,0.0,5.5,170,991.9
54,2025-01-26,24.3,68,0.0,5.8,124,992.5
54,2025-01-27,22.0,62,0.0,7.9,82,995.7
54,2025-01-28,21.6,66,0.0,5.9,96,997.8
54,2025-01-29,21.8,71,0.0,5.5,109,998.5
54,2025-01-30,22.4,75,0.0,6.2,164,994.9
54,2025-01-31,23.6,72,0.0,6.7,175,993.1
54,2025-02-01,24.7,69,0.0,4.4,188,992.1
54,2025-02-02,24.2,71,0.0,4.4,184,991.5
54,2025-02-03,25.1,71,0.0,3.0,101,992.2
54,2025-02-04,24.8,72,0.0,6.9,129,994.2
54,2025-02-05,25.0,73,0.0,6.9,168,993.1
54,2025-02-06,25.8,72,0.0,6.7,174,992.4
54,2025-02-07,26.1,71,0.0,4.9,147,993.5
54,2025-02-08,26.3,67,0.0,6.6,107,995.0
54,2025-02-09,25.0,64,0.0,6.1,108,996.1
54,2025-02-10,24.3,70,0.0,4.8,131,995.7
54,2025-02-11,25.0,71,0.0,6.1,169,994.9
54,2025-02-12,25.5,69,0.0,6.1,170,994.2
54,2025-02-13,25.9,68,0.0,5.8,168,993.6
54,2025-02-14,26.3,66,0.0,6.0,177,992.9
54,2025-02-15,26.1,63,0.0,6.1,198,991.9
54,2025-02-16,26.0,63,0.0,6.5,183,992.4
54,2025-02-17,26.8,66,0.0,5.2,164,994.1
54,2025-02-18,26.6,73,0.1,5.3,162,994.8
54,2025-02-19,26.1,80,1.6,5.1,129,995.1
54,2025-02-20,26.9,77,0.3,4.0,156,995.2
54,2025-02-21,25.6,84,4.4,4.9,153,996.0
54,2025-02-22,26.9,76,0.3,4.3,136,996.0
54,2025-02-23,27.7,70,0.0,6.3,101,997.1
54,2025-02-24,25.8,71,0.0,7.6,105,999.7
54,2025-02-25,23.4,80,0.3,5.2,107,1001.7
54,2025-02-26,25.8,75,0.0,3.2,128,999.7
54,2025-02-27,27.7,70,0.0,4.2,146,996.1
54,2025-02-28,29.4,67,0.0,5.8,190,994.0
54,2025-03-01,30.1,64,0.0,7.2,203,992.1
54,2025-03-02,29.7,66,0.0,7.1,196,990.5
54,2025-03-03,29.3,64,0.0,6.6,200,990.0
54,2025-03-04,28.8,65,0.0,7.1,200,989.6
54,2025-03-05,28.7,62,0.0,7.2,194,989.4
54,2025-03-06,28.4,63,0.0,7.0,181,990.8
54,2025-03-07,28.0,68,0.5,7.4,123,992.0
54,2025-03-08,27.1,67,0.0,7.6,142,994.7
54,2025-03-09,27.4,69,0.0,4.4,151,996.3
54,2025-03-10,29.9,64,0.0,3.8,116,995.7
54,2025-03-11,30.4,64,0.0,5.9,185,993.3
54,2025-03-12,30.4,65,0.1,7.3,190,990.9
54,2025-03-13,31.0,64,0.0,9.2,193,991.2
54,2025-03-14,30.9,63,0.0,8.1,198,992.7
54,2025-03-15,30.6,66,0.0,6.5,191,992.7
54,2025-03-16,30.5,65,0.0,6.6,178,991.7
54,2025-03-17,30.2,68,0.0,7.1,153,992.5
54,2025-03-18,29.2,66,0.0,7.5,134,994.5
54,2025-03-19,24.8,63,0.3,9.3,74,999.4
54,2025-03-20,25.7,62,0.0,6.3,54,1000.3
54,2025-03-21,26.7,63,0.0,4.8,98,999.4
54,2025-03-22,27.4,64,0.0,4.6,140,997.1
54,2025-03-23,28.4,63,0.0,5.0,174,995.4
54,2025-03-24,29.5,60,0.0,5.6,189,992.4
54,2025-03-25,30.5,57,0.0,7.3,187,988.7
54,2025-03-26,31.1,55,0.0,7.3,209,987.3
54,2025-03-27,30.5,54,0.0,7.6,205,986.4
54,2025-03-28,30.2,53,0.0,7.5,193,987.6
54,2025-03-29,30.8,55,0.0,6.2,191,989.3
54,2025-03-30,31.1,62,0.1,6.8,146,991.8
54,2025-03-31,30.8,66,0.2,7.6,165,992.9
54,2025-04-01,30.6,68,0.3,6.6,156,992.7
54,2025-04-02,30.5,62,0.1,5.4,142,993.4
54,2025-04-03,31.0,62,0.1,6.0,164,994.1
54,2025-04-04,31.1,64,0.4,6.7,187,992.5
54,2025-04-05,31.1,64,0.3,7.0,208,991.6
54,2025-04-06,28.5,78,12.5,6.4,183,992.5
54,2025-04-07,28.0,83,2.0,3.9,63,994.6
54,2025-04-08,30.5,67,0.0,4.2,341,994.8
54,2025-04-09,31.4,59,0.0,5.4,222,992.1
54,2025-04-10,30.1,67,0.4,7.9,206,990.3
54,2025-04-11,30.3,68,0.0,7.3,200,988.8
54,2025-04-12,29.9,73,2.4,7.6,192,990.5
54,2025-04-13,28.3,83,9.4,6.0,94,992.5
54,2025-04-14,26.6,86,2.6,4.6,29,994.8
54,2025-04-15,29.8,73,0.1,4.9,314,993.6
54,2025-04-16,30.0,72,0.0,6.0,225,991.8
54,2025-04-17,30.6,70,0.2,8.4,214,990.7
54,2025-04-18,29.7,73,1.7,6.7,200,990.1
54,2025-04-19,31.0,68,0.1,6.0,197,989.6
54,2025-04-20,30.3,73,5.4,6.6,179,990.6
54,2025-04-21,31.9,68,0.3,6.6,198,991.8
54,2025-04-22,32.5,62,0.1,8.3,207,991.4
54,2025-04-23,32.7,62,0.1,7.4,210,990.0
54,2025-04-24,32.9,59,0.0,8.5,207,989.5
54,2025-04-25,32.9,60,0.0,6.4,201,989.8
54,2025-04-26,32.9,60,0.2,7.8,189,990.5
54,2025-04-27,32.2,64,0.1,7.7,184,991.9
54,2025-04-28,29.8,70,0.4,4.7,227,991.8
54,2025-04-29,28.7,77,4.2,3.3,155,993.3
54,2025-04-30,30.0,72,0.4,4.1,237,992.6
54,2025-05-01,27.8,85,18.7,4.0,23,994.1
54,2025-05-02,29.9,78,1.9,3.6,333,992.1
54,2025-05-03,28.8,79,5.1,4.8,232,991.3
54,2025-05-04,30.2,76,0.3,7.1,200,989.9
54,2025-05-05,31.2,72,0.2,6.5,205,989.2
54,2025-05-06,32.0,72,0.2,6.8,196,988.8
54,2025-05-07,31.4,76,5.5,7.2,194,988.1
54,2025-05-08,30.5,77,2.5,6.9,180,988.6
54,2025-05-09,30.2,77,0.5,5.0,172,988.8
54,2025-05-10,30.6,76,3.1,6.1,201,989.0
54,2025-05-11,28.6,83,15.7,5.8,154,989.2
54,2025-05-12,29.0,80,2.3,4.7,114,989.9
54,2025-05-13,28.7,84,5.1,4.2,178,990.5
54,2025-05-14,27.7,90,12.5,4.1,170,991.7
54,2025-05-15,27.8,89,13.8,4.6,183,992.7
54,2025-05-16,28.1,89,1.0,3.8,187,992.3
54,2025-05-17,28.8,87,6.7,4.5,193,991.9
54,2025-05-18,28.6,85,8.1,5.0,211,991.8
54,2025-05-19,29.3,82,10.0,5.7,212,990.4
54,2025-05-20,29.3,85,3.1,5.9,200,990.0
54,2025-05-21,28.8,86,3.3,6.9,183,990.5
54,2025-05-22,30.1,78,0.5,5.3,203,988.7
54,2025-05-23,30.3,82,13.7,4.4,186,986.7
54,2025-05-24,28.6,90,20.1,3.9,94,988.3
54,2025-05-25,28.7,88,12.5,5.3,92,990.5
54,2025-05-26,28.2,84,4.8,7.1,102,990.9
54,2025-05-27,27.8,90,10.1,4.9,138,989.9
54,2025-05-28,28.9,84,7.6,6.9,186,989.2
54,2025-05-29,29.0,86,4.2,6.5,182,989.4
54,2025-05-30,28.0,90,20.8,7.1,181,990.4
54,2025-05-31,27.8,91,17.0,8.2,189,991.0
54,2025-06-01,28.6,89,13.8,10.0,196,990.3
54,2025-06-02,28.9,85,15.3,9.4,199,989.3
54,2025-06-03,28.6,86,3.1,7.8,198,989.2
54,2025-06-04,29.6,82,6.0,5.6,197,989.5
54,2025-06-05,29.8,82,2.6,4.9,186,989.6
54,2025-06-06,30.6,80,0.6,5.4,191,989.3
54,2025-06-07,31.1,77,0.2,6.1,193,988.6
54,2025-06-08,30.8,79,0.6,6.5,184,987.7
54,2025-06-09,30.1,81,9.9,6.4,185,987.2
54,2025-06-10,29.1,86,6.3,4.6,183,987.0
54,2025-06-11,28.1,89,20.4,3.6,188,987.6
54,2025-06-12,28.5,89,22.7,3.1,210,987.3
54,2025-06-13,29.6,82,3.3,5.7,204,987.4
54,2025-06-14,28.6,87,16.0,9.1,199,988.4
54,2025-06-15,28.4,87,26.4,9.1,194,988.9
54,2025-06-16,28.7,87,13.8,8.6,194,989.9
54,2025-06-17,28.9,83,5.0,7.5,196,990.7
54,2025-06-18,29.3,82,6.5,7.2,202,990.2
54,2025-06-19,29.3,83,16.5,7.3,200,990.0
54,2025-06-20,29.0,86,7.1,6.6,196,989.2
54,2025-06-21,29.7,81,2.0,7.0,188,988.2
54,2025-06-22,28.3,89,8.8,6.9,175,988.4
54,2025-06-23,27.7,90,15.6,7.2,184,988.4
54,2025-06-24,28.5,86,8.9,6.4,182,988.4
54,2025-06-25,29.1,82,5.7,6.3,195,989.7
54,2025-06-26,29.2,83,6.3,7.1,200,989.5
54,2025-06-27,27.7,88,5.6,8.0,191,988.8
54,2025-06-28,27.2,91,6.5,10.1,195,987.8
54,2025-06-29,28.0,87,18.0,9.4,194,987.0
54,2025-06-30,27.6,90,23.8,9.1,195,987.2
54,2025-07-01,27.9,87,14.6,7.9,192,988.1
54,2025-07-02,27.1,92,15.4,6.9,187,989.3
54,2025-07-03,27.6,90,21.2,7.3,197,990.1
54,2025-07-04,28.1,88,11.8,4.7,208,989.9
54,2025-07-05,28.7,86,8.3,5.5,204,988.2
54,2025-07-06,28.0,88,16.7,7.1,190,988.0
54,2025-07-07,28.8,82,4.2,8.4,203,988.8
54,2025-07-08,28.7,86,15.1,7.4,203,989.3
54,2025-07-09,28.6,87,12.8,7.7,209,989.2
54,2025-07-10,27.9,89,7.3,6.3,205,987.1
54,2025-07-11,26.7,96,12.7,6.3,194,984.7
54,2025-07-12,28.0,90,22.0,4.9,178,986.7
54,2025-07-13,29.3,83,1.4,6.0,191,988.6
54,2025-07-14,29.8,81,0.4,6.1,205,988.7
54,2025-07-15,29.0,87,4.3,5.9,194,987.5
54,2025-07-16,26.7,96,30.6,7.6,189,988.3
54,2025-07-17,27.2,94,9.3,7.5,189,989.0
54,2025-07-18,28.2,87,1.7,8.7,202,988.2
54,2025-07-19,28.7,86,1.0,8.1,212,985.3
54,2025-07-20,28.0,87,7.0,6.1,204,985.0
54,2025-07-21,28.5,85,7.1,9.6,214,985.1
54,2025-07-22,26.6,93,20.8,10.7,206,983.4
54,2025-07-23,25.4,98,58.7,13.7,193,981.7
54,2025-07-24,26.9,92,19.4,10.3,188,985.9
54,2025-07-25,27.5,92,8.1,6.9,190,987.9
54,2025-07-26,27.3,94,8.3,6.0,188,987.9
54,2025-07-27,26.9,95,19.1,8.6,193,986.7
54,2025-07-28,27.5,92,11.0,8.7,194,986.0
54,2025-07-29,28.3,91,22.4,9.4,210,985.7
54,2025-07-30,28.1,90,16.0,8.5,201,987.3
54,2025-07-31,29.2,84,1.6,8.9,214,987.3
54,2025-08-01,29.6,82,5.4,8.5,210,986.8
54,2025-08-02,29.4,84,3.6,7.9,208,988.2
54,2025-08-03,30.2,78,1.3,8.4,211,990.0
54,2025-08-04,30.8,75,0.3,8.7,212,989.5
54,2025-08-05,29.8,82,5.1,7.9,212,988.8
54,2025-08-06,27.9,89,13.0,7.4,194,988.8
54,2025-08-07,28.9,84,6.2,8.3,194,990.6
54,2025-08-08,28.8,84,4.3,5.3,202,992.4
54,2025-08-09,29.4,86,8.6,5.5,206,991.7
54,2025-08-10,29.3,85,2.4,7.3,210,989.4
54,2025-08-11,29.1,83,5.1,6.0,186,988.1
54,2025-08-12,29.2,85,10.3,6.7,185,988.6
54,2025-08-13,29.6,83,2.3,4.7,188,990.2
54,2025-08-14,28.9,85,5.7,4.1,177,989.2
54,2025-08-15,27.9,88,12.8,5.0,172,987.0
54,2025-08-16,27.2,93,21.3,3.9,130,987.3
54,2025-08-17,27.3,90,15.9,3.1,170,990.4
54,2025-08-18,28.2,87,10.3,4.1,190,991.3
54,2025-08-19,29.2,83,3.7,7.1,196,990.8
54,2025-08-20,29.7,82,1.0,5.8,194,990.8
54,2025-08-21,29.6,82,2.9,4.6,176,991.1
54,2025-08-22,28.4,85,9.5,4.9,169,990.5
54,2025-08-23,27.3,92,16.6,4.3,183,990.6
54,2025-08-24,28.0,89,13.2,2.6,184,989.7
54,2025-08-25,29.0,86,6.6,3.4,299,987.3
54,2025-08-26,25.7,98,34.6,6.5,211,987.3
54,2025-08-27,26.5,93,23.4,10.0,189,989.2
54,2025-08-28,27.6,86,3.5,5.6,189,990.6
54,2025-08-29,29.1,84,2.8,3.0,166,990.7
54,2025-08-30,28.7,90,9.5,3.4,293,989.3
54,2025-08-31,26.7,95,46.6,7.5,71,986.5
54,2025-09-01,27.3,93,14.6,3.2,163,988.8
54,2025-09-02,28.1,88,0.8,3.3,175,989.8
54,2025-09-03,29.1,86,2.7,3.7,195,990.2
54,2025-09-04,29.7,84,0.9,3.4,170,989.5
54,2025-09-05,29.7,87,1.0,4.5,176,989.7
54,2025-09-06,29.0,86,3.1,3.5,175,990.5
54,2025-09-07,28.1,89,7.2,3.3,180,989.9
54,2025-09-08,28.6,87,4.3,4.2,180,989.7
54,2025-09-09,27.8,89,10.8,5.2,171,990.9
54,2025-09-10,27.8,88,6.5,7.9,179,991.3
54,2025-09-11,28.2,87,2.3,5.7,176,991.9
54,2025-09-12,28.7,85,3.5,4.2,186,992.1
54,2025-09-13,28.4,88,15.7,2.9,173,992.6
54,2025-09-14,28.0,88,15.0,3.3,185,992.9
54,2025-09-15,28.4,86,1.1,4.0,183,992.7
54,2025-09-16,27.5,89,5.0,2.7,174,992.9
54,2025-09-17,28.4,87,3.4,3.0,197,991.3
54,2025-09-18,28.2,89,3.2,3.2,144,990.1
54,2025-09-19,28.1,90,11.4,3.8,146,990.5
54,2025-09-20,27.9,90,10.5,3.8,164,989.8
54,2025-09-21,27.9,91,8.0,4.4,185,989.8
54,2025-09-22,27.8,90,12.2,6.2,199,990.1
54,2025-09-23,27.6,91,12.8,7.1,192,989.1
54,2025-09-24,27.7,90,13.5,4.9,187,987.2
54,2025-09-25,28.3,88,15.1,5.1,201,987.5
54,2025-09-26,27.9,88,14.7,4.4,169,990.2
54,2025-09-27,27.9,91,12.3,4.3,40,992.4
54,2025-09-28,29.6,87,4.6,5.0,357,989.3
54,2025-09-29,29.1,86,9.7,5.5,348,985.5
54,2025-09-30,27.2,92,26.7,6.6,170,989.5
54,2025-10-01,27.8,92,13.2,3.9,165,993.0
54,2025-10-02,28.9,88,10.6,2.4,356,994.1
54,2025-10-03,29.1,87,4.8,2.9,185,993.4
54,2025-10-04,27.9,89,20.8,3.4,165,993.4
54,2025-10-05,28.7,84,1.9,5.8,196,992.7
54,2025-10-06,28.7,85,1.0,6.9,201,991.2
54,2025-10-07,28.6,84,0.4,5.6,179,992.3
54,2025-10-08,28.3,87,5.0,3.4,144,993.8
54,2025-10-09,28.4,89,2.0,2.7,104,993.6
54,2025-10-10,28.8,85,0.1,3.4,102,993.0
54,2025-10-11,29.0,85,0.0,3.4,111,992.3
54,2025-10-12,28.8,87,0.7,2.7,142,992.1
54,2025-10-13,28.0,91,8.2,3.7,161,992.3
54,2025-10-14,27.2,92,12.1,2.3,83,992.3
54,2025-10-15,26.7,94,25.1,2.5,130,992.6
54,2025-10-16,27.7,88,3.5,3.6,69,993.5
54,2025-10-17,28.5,85,0.2,4.4,47,994.2
54,2025-10-18,28.8,85,0.2,4.0,29,993.4
54,2025-10-19,28.6,85,0.6,5.1,43,992.6
54,2025-10-20,28.5,84,0.2,4.8,38,993.0
54,2025-10-21,28.3,84,0.2,4.4,37,993.4
54,2025-10-22,28.0,77,0.0,6.2,41,994.5
54,2025-10-23,27.1,79,0.0,5.8,35,995.0
54,2025-10-24,27.0,87,1.5,4.3,52,995.4
54,2025-10-25,27.3,85,0.2,4.6,54,994.8
54,2025-10-26,27.8,82,0.2,5.1,58,995.2
54,2025-10-27,27.4,86,0.7,4.4,19,995.9
54,2025-10-28,28.0,80,0.0,4.7,16,995.1
54,2025-10-29,28.2,80,0.0,4.5,24,994.3
54,2025-10-30,28.3,80,0.0,4.6,33,993.9
54,2025-10-31,28.3,86,1.0,5.7,54,994.1
54,2025-11-01,28.1,84,4.8,4.7,79,994.3
54,2025-11-02,27.4,85,2.2,5.2,116,993.8
54,2025-11-03,27.0,89,2.0,3.9,163,993.3
54,2025-11-04,27.2,91,2.3,2.6,156,993.6
54,2025-11-05,27.3,83,0.0,3.5,116,992.7
54,2025-11-06,27.8,85,0.0,2.4,188,992.2
54,2025-11-07,28.1,84,0.4,5.1,335,990.6
54,2025-11-08,26.6,95,21.3,2.7,93,991.8
54,2025-11-09,27.0,91,12.3,4.5,161,992.5
54,2025-11-10,27.0,91,16.7,3.8,161,992.1
54,2025-11-11,27.1,88,1.7,3.2,192,992.1
54,2025-11-12,27.9,87,0.8,2.3,87,993.3
54,2025-11-13,27.0,90,5.8,3.7,97,995.5
54,2025-11-14,27.2,84,0.2,3.9,106,996.0
54,2025-11-15,26.8,81,0.2,4.5,83,997.3
54,2025-11-16,26.5,78,0.0,5.8,32,998.1
54,2025-11-17,26.0,85,5.0,5.1,36,997.8
54,2025-11-18,24.7,92,19.7,5.7,21,998.1
54,2025-11-19,23.4,98,7.8,6.0,39,999.7
54,2025-11-20,22.9,85,0.3,7.4,46,1000.4
54,2025-11-21,23.8,81,0.0,5.8,22,1000.3
54,2025-11-22,23.7,80,0.0,5.5,28,998.7
54,2025-11-23,24.0,81,0.0,6.1,23,998.0
54,2025-11-24,24.3,80,0.0,6.8,16,997.5
54,2025-11-25,23.3,79,0.0,7.0,28,997.8
54,2025-11-26,21.7,79,0.0,6.0,24,997.8
54,2025-11-27,20.9,73,0.0,7.5,29,999.3
54,2025-11-28,19.3,70,0.0,6.2,18,998.0
54,2025-11-29,19.0,72,0.0,5.3,18,995.9
54,2025-11-30,19.8,76,0.0,4.5,16,995.2
54,2025-12-01,21.0,77,0.0,4.7,20,995.0
54,2025-12-02,22.3,78,0.0,4.4,23,994.5
54,2025-12-03,23.4,77,0.0,6.0,37,996.1
54,2025-12-04,24.1,79,0.0,5.1,44,997.2
54,2025-12-05,25.4,83,0.0,4.5,58,997.8
54,2025-12-06,25.7,84,0.0,3.5,102,997.2
54,2025-12-07,25.7,84,0.0,2.8,82,996.6
54,2025-12-08,25.0,78,0.0,6.0,87,997.5
54,2025-12-09,23.6,78,0.0,5.2,74,997.6
54,2025-12-10,22.7,75,0.0,5.9,31,997.4
54,2025-12-11,22.6,80,1.7,5.4,45,997.3
54,2025-12-12,22.6,93,8.1,5.0,26,996.8
54,2025-12-13,23.8,91,8.4,5.3,15,997.0
54,2025-12-14,24.4,92,2.8,5.0,41,997.6
54,2025-12-15,24.6,86,0.0,3.9,68,997.3
54,2025-12-16,24.6,85,0.0,3.7,79,996.2
54,2025-12-17,24.5,83,0.0,5.4,76,996.9
54,2025-12-18,24.2,80,0.1,4.8,76,997.1
54,2025-12-19,23.9,81,0.0,4.0,32,995.2
54,2025-12-20,23.1,81,0.0,4.5,43,994.5
54,2025-12-21,23.1,76,0.0,5.4,47,996.3
54,2025-12-22,23.8,81,0.0,4.6,27,995.3
54,2025-12-23,25.1,80,0.0,3.2,47,993.9
54,2025-12-24,24.7,78,0.0,4.3,345,993.6
54,2025-12-25,24.8,77,0.0,4.5,48,994.6
54,2025-12-26,23.4,79,0.0,5.6,86,995.4
54,2025-12-27,22.3,82,0.0,3.4,89,996.1
54,2025-12-28,22.3,82,0.0,3.8,101,996.6
54,2025-12-29,22.7,80,0.0,3.8,127,995.3
54,2025-12-30,22.4,82,0.0,2.9,133,994.1
54,2025-12-31,22.7,80,0.0,4.0,158,992.4
55,2020-01-01,26.0,69,0.0,3.6,69,996.1
55,2020-01-02,27.0,63,0.0,3.7,80,996.2
55,2020-01-03,26.6,63,0.0,2.8,82,994.0
55,2020-01-04,26.3,63,0.0,5.0,124,991.6
55,2020-01-05,26.3,64,0.0,6.0,139,990.8
55,2020-01-06,26.6,63,0.0,3.9,186,990.7
55,2020-01-07,26.3,67,0.0,3.0,156,990.0
55,2020-01-08,26.3,66,0.0,4.0,130,990.4
55,2020-01-09,26.2,64,0.0,2.5,97,989.7
55,2020-01-10,25.5,65,0.0,1.8,82,988.2
55,2020-01-11,25.0,68,0.0,2.0,10,987.7
55,2020-01-12,24.3,69,0.0,4.2,117,987.9
55,2020-01-13,25.5,70,0.0,5.0,147,988.0
55,2020-01-14,25.6,71,0.0,4.1,190,989.0
55,2020-01-15,25.4,74,0.0,2.5,192,989.3
55,2020-01-16,25.4,70,0.0,1.8,346,989.8
55,2020-01-17,25.1,67,0.0,2.3,35,990.7
55,2020-01-18,25.9,66,0.0,2.4,99,990.0
55,2020-01-19,26.1,68,0.0,4.4,133,990.3
55,2020-01-20,25.8,68,0.0,6.2,135,991.5
55,2020-01-21,26.2,69,0.0,4.5,161,992.5
55,2020-01-22,26.3,69,0.0,3.2,191,991.2
55,2020-01-23,26.0,64,0.0,3.8,213,989.1
55,2020-01-24,25.7,57,0.0,4.6,222,988.3
55,2020-01-25,24.9,51,0.0,5.3,212,986.5
55,2020-01-26,22.6,50,0.0,4.8,204,986.6
55,2020-01-27,20.8,58,0.0,6.7,170,986.2
55,2020-01-28,21.0,67,0.0,5.1,165,988.0
55,2020-01-29,21.7,67,0.0,3.1,127,990.6
55,2020-01-30,22.1,68,0.0,8.0,118,991.1
55,2020-01-31,23.4,65,0.0,6.3,137,991.1
55,2020-02-01,24.1,65,0.0,4.8,137,991.2
55,2020-02-02,25.0,64,0.0,5.5,178,991.6
55,2020-02-03,25.7,61,0.0,4.6,193,990.2
55,2020-02-04,25.5,59,0.0,5.2,190,989.0
55,2020-02-05,25.4,66,0.0,7.2,160,989.0
55,2020-02-06,25.9,69,0.0,4.6,153,989.7
55,2020-02-07,26.4,65,0.0,4.3,162,990.7
55,2020-02-08,26.7,62,0.0,6.9,132,992.0
55,2020-02-09,26.7,60,0.0,9.5,127,993.6
55,2020-02-10,26.3,57,0.0,8.0,132,992.7
55,2020-02-11,26.3,60,0.0,4.9,157,991.7
55,2020-02-12,26.9,59,0.0,5.7,193,989.9
55,2020-02-13,27.8,56,0.0,6.9,210,987.8
55,2020-02-14,26.7,55,0.0,8.8,197,985.5
55,2020-02-15,25.5,56,0.0,5.6,200,987.1
55,2020-02-16,25.3,55,0.0,2.5,201,989.3
55,2020-02-17,25.6,59,0.0,9.2,128,992.0
55,2020-02-18,25.4,58,0.0,10.0,123,993.6
55,2020-02-19,26.1,60,0.0,5.4,124,993.6
55,2020-02-20,25.8,62,0.0,6.3,126,993.2
55,2020-02-21,25.9,62,0.0,8.0,121,995.9
55,2020-02-22,26.0,59,0.0,6.9,123,996.6
55,2020-02-23,25.2,61,0.0,5.9,124,995.0
55,2020-02-24,25.6,58,0.0,6.0,132,991.6
55,2020-02-25,26.6,58,0.0,3.3,122,989.6
55,2020-02-26,27.5,53,0.0,4.8,131,989.7
55,2020-02-27,26.8,54,0.0,6.9,129,989.4
55,2020-02-28,27.0,59,0.0,6.4,131,988.3
55,2020-02-29,27.7,62,0.0,5.4,167,987.6
55,2020-03-01,28.6,61,0.0,3.3,184,987.3
55,2020-03-02,28.7,62,0.0,4.7,177,986.8
55,2020-03-03,29.0,62,1.5,5.8,174,986.9
55,2020-03-04,27.3,72,0.8,5.0,150,988.0
55,2020-03-05,26.6,76,0.2,8.5,131,989.0
55,2020-03-06,27.6,69,0.0,7.0,159,989.8
55,2020-03-07,28.8,64,0.0,6.4,175,989.1
55,2020-03-08,29.6,56,0.0,5.8,208,985.9
55,2020-03-09,29.5,53,0.0,4.1,206,983.7
55,2020-03-10,29.8,52,0.0,5.7,185,984.4
55,2020-03-11,29.9,53,0.0,7.4,163,986.4
55,2020-03-12,30.0,54,0.0,5.6,189,987.8
55,2020-03-13,30.1,56,0.0,4.2,199,988.3
55,2020-03-14,30.0,57,0.0,4.4,136,987.4
55,2020-03-15,30.3,62,0.1,8.8,143,988.7
55,2020-03-16,30.4,66,0.2,6.2,172,989.2
55,2020-03-17,31.2,63,0.0,7.1,170,988.9
55,2020-03-18,31.6,55,0.0,7.2,187,986.4
55,2020-03-19,30.3,57,0.0,5.9,175,986.1
55,2020-03-20,30.2,62,0.1,7.9,164,987.0
55,2020-03-21,30.4,59,0.0,7.9,169,987.9
55,2020-03-22,30.7,52,0.0,7.0,183,987.2
55,2020-03-23,29.8,57,0.0,7.3,154,986.7
55,2020-03-24,30.5,58,0.0,7.6,159,985.7
55,2020-03-25,30.3,58,0.0,8.4,163,985.2
55,2020-03-26,31.1,52,0.0,7.9,187,986.1
55,2020-03-27,31.3,46,0.0,7.2,193,986.3
55,2020-03-28,30.9,47,0.0,6.9,196,985.1
55,2020-03-29,31.2,53,0.0,7.4,196,984.2
55,2020-03-30,31.3,49,0.0,8.0,197,984.4
55,2020-03-31,31.4,50,0.0,6.7,195,985.1
55,2020-04-01,31.7,51,0.0,6.6,194,984.8
55,2020-04-02,32.2,48,0.0,7.9,175,985.3
55,2020-04-03,32.5,50,0.0,7.2,167,986.7
55,2020-04-04,32.1,50,0.0,6.9,165,986.9
55,2020-04-05,32.3,55,0.0,9.1,157,987.5
55,2020-04-06,31.9,56,0.0,8.7,153,986.5
55,2020-04-07,31.8,61,0.0,8.8,141,985.8
55,2020-04-08,32.0,57,0.0,8.9,151,987.0
55,2020-04-09,30.5,64,1.6,9.8,136,988.7
55,2020-04-10,30.7,62,0.0,7.5,151,989.5
55,2020-04-11,31.4,59,0.0,5.6,167,988.6
55,2020-04-12,31.8,55,0.0,7.7,154,987.0
55,2020-04-13,29.3,57,0.4,12.2,126,989.2
55,2020-04-14,29.1,57,0.0,3.6,116,990.7
55,2020-04-15,30.0,62,1.1,4.7,166,988.6
55,2020-04-16,31.2,59,0.5,6.5,174,986.5
55,2020-04-17,31.8,55,0.0,6.9,176,986.5
55,2020-04-18,31.4,59,0.0,7.1,166,987.9
55,2020-04-19,32.3,58,0.0,6.3,179,986.9
55,2020-04-20,32.8,56,0.0,6.2,181,986.8
55,2020-04-21,33.6,54,0.0,5.4,195,985.5
55,2020-04-22,33.3,52,1.2,6.5,183,985.2
55,2020-04-23,31.9,60,0.6,8.8,139,987.3
55,2020-04-24,29.8,70,23.6,8.8,138,988.4
55,2020-04-25,28.0,74,6.1,8.3,132,990.4
55,2020-04-26,28.1,74,1.7,3.7,37,991.5
55,2020-04-27,25.7,86,6.5,5.1,6,993.3
55,2020-04-28,29.4,70,0.1,4.0,55,990.9
55,2020-04-29,28.1,73,0.0,5.9,355,990.0
55,2020-04-30,29.3,73,2.6,3.2,6,989.7
55,2020-05-01,28.9,76,2.7,3.1,47,987.9
55,2020-05-02,30.0,76,8.0,3.4,215,986.6
55,2020-05-03,31.3,69,0.9,3.1,262,986.3
55,2020-05-04,31.3,70,0.2,3.7,179,986.8
55,2020-05-05,32.8,67,0.0,4.0,185,985.6
55,2020-05-06,33.5,65,0.0,3.8,218,984.4
55,2020-05-07,33.1,65,1.1,4.1,206,983.9
55,2020-05-08,31.9,67,2.9,6.8,198,984.5
55,2020-05-09,31.8,67,0.5,3.8,217,986.0
55,2020-05-10,31.4,68,0.5,2.6,305,986.5
55,2020-05-11,31.8,63,0.0,4.8,242,987.1
55,2020-05-12,31.6,66,0.2,3.9,164,986.9
55,2020-05-13,32.7,62,0.0,6.1,170,985.8
55,2020-05-14,32.4,59,1.1,3.8,184,986.1
55,2020-05-15,32.5,63,1.0,4.7,203,983.5
55,2020-05-16,33.7,58,0.0,4.8,189,982.6
55,2020-05-17,33.8,57,1.2,7.2,195,981.7
55,2020-05-18,32.5,63,2.7,5.7,179,982.2
55,2020-05-19,31.2,70,4.7,6.0,188,983.3
55,2020-05-20,32.4,66,0.2,8.0,198,983.3
55,2020-05-21,31.6,69,0.6,6.6,211,984.4
55,2020-05-22,32.4,66,0.0,5.1,208,983.8
55,2020-05-23,33.7,59,0.0,5.9,198,983.2
55,2020-05-24,32.8,60,0.0,9.5,189,984.9
55,2020-05-25,33.7,58,0.0,9.5,192,986.0
55,2020-05-26,34.2,54,0.0,9.3,194,985.9
55,2020-05-27,34.6,53,0.0,8.9,192,985.1
55,2020-05-28,32.8,55,0.4,8.1,180,985.6
55,2020-05-29,30.7,67,3.5,4.7,167,986.4
55,2020-05-30,29.9,76,5.8,4.9,151,987.5
55,2020-05-31,29.4,78,1.6,5.9,163,988.0
55,2020-06-01,31.0,69,0.0,5.3,173,986.9
55,2020-06-02,30.2,74,4.2,5.4,167,985.8
55,2020-06-03,30.9,73,2.6,5.7,177,984.9
55,2020-06-04,30.9,74,8.2,4.1,193,984.4
55,2020-06-05,30.0,78,4.0,3.9,206,984.6
55,2020-06-06,30.4,78,4.7,4.5,186,984.3
55,2020-06-07,30.5,76,0.8,7.7,187,984.0
55,2020-06-08,30.5,75,7.9,7.0,193,983.4
55,2020-06-09,31.3,73,0.0,5.4,173,983.9
55,2020-06-10,31.6,70,0.1,6.5,177,984.7
55,2020-06-11,32.0,67,0.3,6.8,201,983.8
55,2020-06-12,32.3,67,4.6,5.0,202,982.2
55,2020-06-13,31.4,73,8.3,3.9,248,981.4
55,2020-06-14,27.8,92,32.2,4.9,167,983.2
55,2020-06-15,27.5,91,57.5,4.8,161,984.5
55,2020-06-16,27.6,90,7.6,6.3,177,985.0
55,2020-06-17,28.1,86,6.7,6.6,194,984.7
55,2020-06-18,26.5,92,15.4,5.6,194,985.5
55,2020-06-19,27.7,87,4.5,4.7,186,985.3
55,2020-06-20,30.1,81,0.4,4.9,186,984.8
55,2020-06-21,31.1,75,0.0,6.2,187,983.5
55,2020-06-22,31.3,75,0.6,4.8,177,983.3
55,2020-06-23,30.4,78,2.8,3.8,197,985.0
55,2020-06-24,29.5,82,3.3,4.0,232,985.0
55,2020-06-25,28.7,86,7.5,3.5,201,984.1
55,2020-06-26,28.3,87,6.6,4.7,186,984.1
55,2020-06-27,29.0,81,0.9,3.6,180,984.4
55,2020-06-28,30.5,76,0.3,5.9,187,983.7
55,2020-06-29,31.4,72,0.0,5.7,187,983.1
55,2020-06-30,31.2,74,1.1,6.4,199,982.7
55,2020-07-01,29.9,80,5.5,5.9,196,982.2
55,2020-07-02,29.5,82,3.8,4.3,199,981.7
55,2020-07-03,29.9,77,1.2,5.6,172,982.7
55,2020-07-04,29.3,79,2.5,6.2,188,984.4
55,2020-07-05,29.8,78,2.6,6.3,198,983.9
55,2020-07-06,30.9,76,2.8,4.1,187,983.0
55,2020-07-07,31.2,74,1.5,4.1,137,984.9
55,2020-07-08,30.2,78,4.0,5.7,192,985.8
55,2020-07-09,31.3,74,0.8,6.0,205,983.8
55,2020-07-10,31.1,73,4.0,6.5,199,983.6
55,2020-07-11,30.3,78,0.2,5.2,192,984.0
55,2020-07-12,28.3,88,8.5,4.2,154,983.8
55,2020-07-13,28.5,84,9.0,3.7,162,984.2
55,2020-07-14,29.9,78,1.1,3.5,156,985.0
55,2020-07-15,30.6,73,0.0,5.2,187,983.9
55,2020-07-16,30.9,73,0.2,6.0,168,983.0
55,2020-07-17,30.5,77,4.6,6.2,157,984.2
55,2020-07-18,30.2,79,8.5,4.7,191,985.4
55,2020-07-19,30.4,78,0.9,4.6,197,984.5
55,2020-07-20,29.6,81,5.1,4.8,177,984.7
55,2020-07-21,28.8,84,2.4,2.7,109,986.0
55,2020-07-22,29.6,79,1.1,4.7,178,985.5
55,2020-07-23,30.0,78,1.1,4.0,155,985.9
55,2020-07-24,31.4,73,0.3,3.1,173,985.7
55,2020-07-25,32.0,71,0.4,4.3,185,985.0
55,2020-07-26,31.6,72,0.0,5.9,192,984.8
55,2020-07-27,30.5,75,1.1,4.5,201,983.9
55,2020-07-28,29.3,80,1.3,3.9,227,984.7
55,2020-07-29,29.6,76,0.2,5.1,200,985.3
55,2020-07-30,30.5,74,1.1,5.0,221,984.2
55,2020-07-31,30.9,77,3.0,3.6,228,981.7
55,2020-08-01,29.7,83,9.7,3.7,194,979.6
55,2020-08-02,26.5,97,31.4,5.3,203,976.7
55,2020-08-03,27.4,91,26.4,8.9,190,976.0
55,2020-08-04,28.8,86,9.1,5.6,167,979.2
55,2020-08-05,28.6,88,15.3,4.4,183,982.6
55,2020-08-06,28.4,87,7.5,4.5,175,984.5
55,2020-08-07,29.0,85,6.1,4.4,178,983.7
55,2020-08-08,30.0,80,0.5,4.3,179,982.9
55,2020-08-09,30.3,80,0.1,5.5,197,982.7
55,2020-08-10,29.8,81,1.4,5.6,200,983.4
55,2020-08-11,29.4,80,1.1,6.3,195,983.6
55,2020-08-12,29.7,78,2.2,6.1,187,984.0
55,2020-08-13,28.6,85,3.4,4.9,162,983.7
55,2020-08-14,27.0,92,32.2,6.2,185,984.2
55,2020-08-15,26.2,94,18.8,6.5,197,985.1
55,2020-08-16,26.0,94,18.9,3.9,180,985.3
55,2020-08-17,27.4,88,3.9,4.7,184,984.4
55,2020-08-18,26.1,92,14.8,3.9,190,984.6
55,2020-08-19,26.5,90,15.8,3.2,210,984.4
55,2020-08-20,28.1,87,8.5,3.9,208,984.7
55,2020-08-21,25.8,95,24.8,4.5,219,985.3
55,2020-08-22,27.3,90,7.4,3.7,159,985.0
55,2020-08-23,27.7,89,19.5,4.6,151,984.5
55,2020-08-24,28.1,84,1.8,6.8,194,986.0
55,2020-08-25,29.1,83,0.8,4.5,216,986.0
55,2020-08-26,29.0,87,1.9,4.0,219,984.9
55,2020-08-27,29.7,82,0.8,6.2,238,982.7
55,2020-08-28,30.6,80,0.2,3.9,200,982.0
55,2020-08-29,30.5,79,0.2,4.3,185,982.5
55,2020-08-30,30.1,78,0.0,2.8,173,983.4
55,2020-08-31,29.1,84,0.4,2.4,106,984.7
55,2020-09-01,28.9,82,2.0,1.8,207,985.8
55,2020-09-02,29.2,81,0.4,2.5,330,986.3
55,2020-09-03,30.5,80,0.5,2.5,192,986.0
55,2020-09-04,29.3,85,3.5,2.7,123,986.0
55,2020-09-05,30.1,81,0.3,3.7,198,984.8
55,2020-09-06,29.8,83,4.8,4.5,195,984.2
55,2020-09-07,28.6,89,9.2,4.3,193,984.6
55,2020-09-08,28.0,87,8.1,3.6,164,985.8
55,2020-09-09,29.4,81,1.5,3.6,158,986.2
55,2020-09-10,28.6,86,4.8,3.8,146,984.5
55,2020-09-11,28.9,84,0.5,3.9,174,985.2
55,2020-09-12,28.9,84,1.4,3.7,164,987.2
55,2020-09-13,29.9,80,0.0,2.8,174,987.4
55,2020-09-14,29.6,81,0.6,2.6,144,986.4
55,2020-09-15,30.1,79,0.2,3.9,170,985.9
55,2020-09-16,30.0,80,2.2,3.0,201,985.2
55,2020-09-17,30.1,82,2.9,2.3,218,983.2
55,2020-09-18,29.3,86,9.7,4.3,342,980.4
55,2020-09-19,28.0,84,9.7,9.0,64,980.0
55,2020-09-20,27.3,92,10.3,4.7,158,984.6
55,2020-09-21,27.4,90,12.2,4.1,167,987.3
55,2020-09-22,28.7,86,5.8,2.8,167,987.3
55,2020-09-23,28.2,90,9.5,3.5,165,986.7
55,2020-09-24,28.6,87,9.9,3.1,179,987.5
55,2020-09-25,29.2,83,1.7,4.0,186,986.3
55,2020-09-26,29.2,83,4.4,4.6,196,985.7
55,2020-09-27,29.6,82,1.5,2.4,152,984.8
55,2020-09-28,29.4,84,1.7,3.1,95,984.7
55,2020-09-29,28.3,87,1.8,3.0,103,984.7
55,2020-09-30,28.7,85,4.8,2.9,174,984.3
55,2020-10-01,29.5,80,1.4,3.1,150,983.8
55,2020-10-02,29.4,84,2.6,2.6,123,984.7
55,2020-10-03,29.1,84,1.1,2.9,116,985.7
55,2020-10-04,29.2,83,4.4,2.4,149,986.6
55,2020-10-05,27.9,88,6.2,2.6,116,986.6
55,2020-10-06,29.1,82,2.7,3.2,76,987.5
55,2020-10-07,29.5,78,0.9,2.7,41,987.5
55,2020-10-08,28.0,82,0.5,3.2,30,986.8
55,2020-10-09,28.5,74,0.5,4.3,38,987.6
55,2020-10-10,27.9,76,0.0,2.7,6,987.1
55,2020-10-11,28.8,74,0.0,3.0,64,985.3
55,2020-10-12,29.0,71,0.0,2.7,57,984.2
55,2020-10-13,29.4,69,0.0,3.1,15,984.6
55,2020-10-14,29.7,71,0.0,3.5,352,984.0
55,2020-10-15,29.3,73,0.5,3.3,71,984.2
55,2020-10-16,28.3,79,2.3,4.4,26,985.4
55,2020-10-17,27.0,82,18.2,7.2,2,986.3
55,2020-10-18,25.9,83,18.1,4.6,354,987.1
55,2020-10-19,24.5,89,10.4,4.3,357,988.4
55,2020-10-20,24.6,89,1.3,3.7,329,990.0
55,2020-10-21,26.3,85,0.7,3.3,352,990.0
55,2020-10-22,27.5,83,0.0,2.5,21,988.6
55,2020-10-23,26.8,79,0.0,3.8,79,988.8
55,2020-10-24,26.1,75,0.0,2.7,80,989.2
55,2020-10-25,26.0,73,0.0,1.8,33,988.9
55,2020-10-26,26.3,79,0.0,2.8,109,987.7
55,2020-10-27,28.0,80,1.2,2.8,93,988.0
55,2020-10-28,28.3,78,0.0,4.0,357,987.1
55,2020-10-29,25.8,88,10.8,6.3,350,986.3
55,2020-10-30,25.6,89,5.8,4.2,47,989.5
55,2020-10-31,26.9,85,0.1,3.3,26,991.2
55,2020-11-01,28.2,82,0.0,2.9,87,990.9
55,2020-11-02,28.4,80,0.5,3.1,110,990.6
55,2020-11-03,28.5,78,0.6,3.8,105,991.4
55,2020-11-04,28.2,75,0.0,4.7,140,990.9
55,2020-11-05,27.9,75,0.0,2.5,122,991.0
55,2020-11-06,28.4,77,0.0,3.2,66,991.3
55,2020-11-07,28.0,79,1.3,3.1,93,992.3
55,2020-11-08,28.4,76,0.0,3.9,77,992.8
55,2020-11-09,27.5,70,0.0,4.6,54,992.1
55,2020-11-10,25.3,65,0.0,5.4,32,991.8
55,2020-11-11,25.2,64,0.0,5.3,10,993.0
55,2020-11-12,26.5,67,0.0,4.6,17,993.2
55,2020-11-13,28.2,67,0.0,3.5,50,991.3
55,2020-11-14,26.8,60,0.0,4.6,37,990.6
55,2020-11-15,25.8,60,0.0,5.2,1,990.7
55,2020-11-16,26.9,71,0.0,3.6,72,991.0
55,2020-11-17,28.1,69,0.0,2.1,65,989.6
55,2020-11-18,28.6,68,0.0,1.7,260,988.3
55,2020-11-19,28.6,65,0.0,1.9,353,987.6
55,2020-11-20,28.4,61,0.0,2.1,352,988.0
55,2020-11-21,27.8,59,0.0,3.5,359,988.4
55,2020-11-22,27.6,59,0.0,3.1,27,990.1
55,2020-11-23,27.6,69,0.8,3.3,82,991.3
55,2020-11-24,27.8,70,0.0,4.0,100,991.7
55,2020-11-25,27.7,64,0.0,3.0,89,991.3
55,2020-11-26,27.4,68,0.0,3.6,76,992.0
55,2020-11-27,27.2,65,0.0,4.1,95,993.1
55,2020-11-28,26.6,68,0.0,3.6,87,993.3
55,2020-11-29,26.4,68,0.0,5.2,58,993.1
55,2020-11-30,25.7,67,0.0,5.1,47,993.3
55,2020-12-01,25.0,67,0.0,4.0,20,993.9
55,2020-12-02,25.7,68,0.0,3.5,73,992.2
55,2020-12-03,25.5,68,0.0,6.7,121,992.2
55,2020-12-04,24.5,65,0.0,8.0,126,992.5
55,2020-12-05,23.0,67,0.0,5.0,117,993.6
55,2020-12-06,23.0,71,0.0,2.9,67,993.1
55,2020-12-07,23.0,71,0.0,3.7,123,993.1
55,2020-12-08,23.1,69,0.0,3.5,129,993.1
55,2020-12-09,22.8,70,0.0,2.1,103,991.1
55,2020-12-10,22.9,70,0.0,2.4,121,990.3
55,2020-12-11,23.2,65,0.0,1.9,11,990.3
55,2020-12-12,23.0,64,0.0,2.0,359,989.2
55,2020-12-13,23.7,66,0.0,1.6,358,987.8
55,2020-12-14,24.7,69,0.0,2.0,42,988.7
55,2020-12-15,25.5,72,0.0,4.7,123,990.9
55,2020-12-16,25.7,72,0.0,5.4,125,992.0
55,2020-12-17,25.5,71,0.0,5.5,130,991.1
55,2020-12-18,24.8,71,0.0,5.9,131,991.5
55,2020-12-19,24.3,70,0.0,6.3,131,992.9
55,2020-12-20,22.8,70,0.0,4.7,102,994.7
55,2020-12-21,21.8,68,0.0,4.9,51,994.5
55,2020-12-22,20.3,68,0.0,4.1,358,993.0
55,2020-12-23,20.7,65,0.0,3.9,350,990.6
55,2020-12-24,21.5,67,0.0,3.5,358,989.9
55,2020-12-25,23.1,70,0.0,3.1,49,990.2
55,2020-12-26,25.2,73,0.0,2.6,141,989.9
55,2020-12-27,26.0,73,0.0,1.6,161,988.8
55,2020-12-28,26.6,67,0.0,2.2,202,987.6
55,2020-12-29,25.3,69,0.0,2.3,353,988.1
55,2020-12-30,24.4,68,0.0,6.2,125,990.8
55,2020-12-31,24.0,62,0.0,7.7,123,994.1
55,2021-01-01,21.7,63,0.0,5.2,131,994.8
55,2021-01-02,20.1,67,0.0,3.1,120,993.5
55,2021-01-03,21.0,66,0.0,3.2,120,992.1
55,2021-01-04,22.4,65,0.0,2.4,117,992.8
55,2021-01-05,23.6,64,0.0,2.3,87,991.6
55,2021-01-06,24.7,69,0.0,4.1,127,989.9
55,2021-01-07,25.2,71,0.0,3.7,131,988.8
55,2021-01-08,25.6,66,0.0,8.2,128,990.1
55,2021-01-09,23.7,61,0.0,8.4,131,991.2
55,2021-01-10,23.2,63,0.0,7.2,131,991.0
55,2021-01-11,23.2,62,0.0,8.9,119,993.1
55,2021-01-12,18.5,61,0.0,7.3,71,997.0
55,2021-01-13,18.4,62,0.0,5.0,344,993.9
55,2021-01-14,20.0,70,0.0,3.7,353,991.0
55,2021-01-15,22.1,65,0.0,2.5,150,988.3
55,2021-01-16,22.6,65,0.0,4.0,174,988.0
55,2021-01-17,23.7,63,0.0,7.6,124,992.0
55,2021-01-18,23.3,65,0.0,4.9,106,994.3
55,2021-01-19,22.0,66,0.0,3.4,124,992.0
55,2021-01-20,21.7,66,0.0,3.1,168,990.4
55,2021-01-21,22.2,67,0.0,2.2,159,989.2
55,2021-01-22,23.0,65,0.0,1.9,160,988.5
55,2021-01-23,23.9,61,0.0,4.3,180,988.1
55,2021-01-24,23.8,64,0.0,3.9,202,988.7
55,2021-01-25,24.3,66,0.0,1.6,282,989.1
55,2021-01-26,24.9,66,0.0,3.2,121,988.6
55,2021-01-27,25.8,66,0.0,3.0,151,988.9
55,2021-01-28,26.0,65,0.0,4.2,127,990.5
55,2021-01-29,25.6,61,0.0,9.0,131,991.7
55,2021-01-30,25.4,62,0.0,7.4,135,991.5
55,2021-01-31,25.4,65,0.0,6.3,128,992.0
55,2021-02-01,26.1,65,0.0,2.7,137,991.5
55,2021-02-02,26.4,63,0.0,4.1,165,991.1
55,2021-02-03,26.5,61,0.0,5.3,130,991.3
55,2021-02-04,26.1,58,0.0,6.1,123,992.3
55,2021-02-05,25.8,58,0.0,3.4,123,991.3
55,2021-02-06,26.1,62,0.0,4.3,127,989.9
55,2021-02-07,26.3,63,0.2,4.8,151,989.0
55,2021-02-08,24.1,74,16.8,3.8,80,989.3
55,2021-02-09,22.0,78,2.1,6.4,352,990.4
55,2021-02-10,22.2,72,0.0,4.0,6,990.5
55,2021-02-11,23.0,66,0.0,2.5,65,990.1
55,2021-02-12,24.2,65,0.0,2.3,119,989.9
55,2021-02-13,25.3,67,0.0,3.7,166,989.9
55,2021-02-14,25.5,68,0.0,3.6,175,989.8
55,2021-02-15,25.6,67,0.0,4.9,182,988.3
55,2021-02-16,26.4,66,0.0,3.1,170,987.9
55,2021-02-17,26.8,63,0.0,6.9,120,990.4
55,2021-02-18,26.4,62,0.0,9.4,120,994.2
55,2021-02-19,25.5,60,0.0,6.2,120,995.3
55,2021-02-20,25.7,62,0.0,4.1,117,993.0
55,2021-02-21,26.7,61,0.0,1.9,124,990.6
55,2021-02-22,27.4,61,0.0,2.2,336,988.9
55,2021-02-23,27.8,62,0.2,3.2,172,987.7
55,2021-02-24,28.8,61,0.0,5.6,195,986.0
55,2021-02-25,29.3,57,0.0,5.9,203,984.0
55,2021-02-26,27.6,54,0.0,4.4,205,982.8
55,2021-02-27,26.8,49,0.0,3.4,304,983.8
55,2021-02-28,26.7,48,0.0,5.3,193,985.5
55,2021-03-01,27.0,52,0.0,3.8,205,988.6
55,2021-03-02,27.0,55,0.0,3.7,186,988.9
55,2021-03-03,26.9,73,1.4,7.9,135,989.0
55,2021-03-04,28.3,71,0.1,7.0,161,989.8
55,2021-03-05,29.4,63,0.0,6.3,195,988.4
55,2021-03-06,28.5,57,0.0,3.1,207,989.3
55,2021-03-07,27.0,55,0.0,3.9,162,988.9
55,2021-03-08,27.2,66,0.0,6.2,151,989.9
55,2021-03-09,27.7,69,0.0,3.9,144,990.0
55,2021-03-10,27.9,66,0.0,3.8,165,990.0
55,2021-03-11,28.3,63,0.0,2.7,110,990.5
55,2021-03-12,28.6,68,0.0,3.0,128,990.5
55,2021-03-13,28.8,66,0.0,3.6,144,989.8
55,2021-03-14,28.6,68,0.0,4.9,140,987.9
55,2021-03-15,29.7,67,0.0,5.9,168,986.5
55,2021-03-16,30.5,63,0.0,4.0,179,985.8
55,2021-03-17,30.1,63,0.0,4.3,182,985.8
55,2021-03-18,30.8,63,0.0,4.0,170,985.6
55,2021-03-19,31.4,62,0.0,4.9,185,984.8
55,2021-03-20,31.9,60,0.2,5.7,187,983.4
55,2021-03-21,32.2,61,0.0,6.9,145,984.9
55,2021-03-22,30.2,59,2.4,11.5,128,990.1
55,2021-03-23,29.7,54,0.0,6.9,118,991.1
55,2021-03-24,30.4,57,0.0,4.9,134,987.9
55,2021-03-25,31.8,56,0.0,5.2,148,986.4
55,2021-03-26,31.5,61,1.5,6.8,175,985.9
55,2021-03-27,31.4,63,0.1,5.2,167,984.8
55,2021-03-28,31.8,60,0.2,7.2,187,984.0
55,2021-03-29,31.8,57,0.0,8.1,188,983.1
55,2021-03-30,30.9,60,0.0,6.5,195,981.6
55,2021-03-31,31.6,56,0.0,5.9,195,980.8
55,2021-04-01,31.8,56,0.0,5.3,190,981.3
55,2021-04-02,31.0,60,0.0,5.5,174,983.0
55,2021-04-03,30.7,66,15.9,5.0,136,984.5
55,2021-04-04,24.6,94,34.1,4.2,9,988.5
55,2021-04-05,24.6,93,13.9,4.2,11,989.8
55,2021-04-06,23.7,93,11.5,5.5,332,990.8
55,2021-04-07,26.4,82,8.1,3.6,2,990.2
55,2021-04-08,28.9,77,1.2,2.6,95,987.7
55,2021-04-09,29.3,74,0.2,3.1,163,987.2
55,2021-04-10,29.0,76,0.3,5.4,139,989.1
55,2021-04-11,29.2,75,0.9,3.0,164,990.2
55,2021-04-12,28.8,80,3.2,2.1,134,990.1
55,2021-04-13,29.2,79,2.6,3.6,169,988.8
55,2021-04-14,28.3,81,4.5,3.5,197,987.9
55,2021-04-15,28.6,77,5.7,3.4,192,986.8
55,2021-04-16,28.9,77,3.6,3.4,181,986.6
55,2021-04-17,27.0,86,20.2,3.6,121,989.3
55,2021-04-18,26.5,90,11.2,3.2,156,988.6
55,2021-04-19,28.7,80,1.5,3.9,181,986.4
55,2021-04-20,29.7,77,0.0,3.9,179,985.9
55,2021-04-21,30.3,75,0.0,3.2,183,986.2
55,2021-04-22,30.6,76,0.3,4.3,186,985.3
55,2021-04-23,31.2,74,0.0,5.5,193,983.5
55,2021-04-24,31.7,73,0.0,5.2,188,983.5
55,2021-04-25,31.3,74,0.0,4.8,185,985.2
55,2021-04-26,29.2,76,1.5,4.5,184,986.0
55,2021-04-27,27.2,85,20.5,4.9,153,988.2
55,2021-04-28,26.7,88,1.0,2.5,103,989.9
55,2021-04-29,26.9,90,15.1,3.4,115,989.6
55,2021-04-30,27.7,81,0.6,3.4,150,989.1
55,2021-05-01,26.9,89,10.6,2.9,166,989.0
55,2021-05-02,28.1,86,12.6,2.8,163,988.4
55,2021-05-03,28.8,82,0.4,3.8,176,986.5
55,2021-05-04,29.9,77,0.0,2.7,165,986.1
55,2021-05-05,29.2,79,0.8,1.8,202,986.7
55,2021-05-06,28.2,79,3.5,3.3,132,989.9
55,2021-05-07,28.9,77,0.0,2.6,114,989.7
55,2021-05-08,28.6,80,0.5,2.1,231,987.6
55,2021-05-09,28.4,82,7.3,2.9,196,986.8
55,2021-05-10,29.7,77,0.5,4.0,197,985.4
55,2021-05-11,30.9,73,0.0,3.9,185,984.4
55,2021-05-12,30.8,74,3.0,4.2,176,983.9
55,2021-05-13,30.4,76,2.4,4.6,175,983.2
55,2021-05-14,30.8,73,0.0,5.6,182,983.3
55,2021-05-15,31.7,70,0.1,5.3,178,984.0
55,2021-05-16,31.8,72,0.3,5.1,175,984.3
55,2021-05-17,31.5,74,0.5,5.8,185,984.6
55,2021-05-18,31.7,74,0.0,5.3,195,984.8
55,2021-05-19,31.1,75,0.8,5.4,178,983.7
55,2021-05-20,31.4,74,0.9,5.5,170,984.0
55,2021-05-21,31.9,73,0.0,5.3,178,983.8
55,2021-05-22,32.1,71,0.1,6.1,187,982.3
55,2021-05-23,32.7,66,0.0,6.5,190,982.6
55,2021-05-24,32.4,63,3.5,4.5,172,984.0
55,2021-05-25,28.2,89,60.2,3.6,139,985.0
55,2021-05-26,30.0,80,1.6,3.8,164,984.1
55,2021-05-27,30.5,79,2.1,3.0,143,984.3
55,2021-05-28,28.9,85,7.5,3.1,137,986.1
55,2021-05-29,29.5,83,1.8,3.7,169,985.7
55,2021-05-30,30.7,77,1.0,5.7,188,984.5
55,2021-05-31,31.3,76,0.0,6.2,189,983.3
55,2021-06-01,32.1,72,0.0,6.0,191,983.5
55,2021-06-02,32.0,71,0.0,6.1,187,983.4
55,2021-06-03,32.1,70,0.0,6.3,190,984.0
55,2021-06-04,29.7,80,7.3,3.5,199,984.4
55,2021-06-05,28.5,88,25.4,2.9,170,984.2
55,2021-06-06,29.2,84,5.6,5.1,184,983.0
55,2021-06-07,29.3,83,8.1,5.8,179,982.6
55,2021-06-08,28.6,87,13.3,3.8,161,983.0
55,2021-06-09,28.2,86,13.9,5.3,174,983.1
55,2021-06-10,27.7,88,26.3,5.1,177,982.2
55,2021-06-11,28.6,83,15.6,4.9,194,982.0
55,2021-06-12,28.1,87,7.5,3.2,195,983.2
55,2021-06-13,26.6,93,18.1,7.5,218,981.9
55,2021-06-14,25.0,94,62.0,7.8,201,983.1
55,2021-06-15,27.7,88,13.7,5.7,182,983.1
55,2021-06-16,28.5,84,5.9,7.1,188,984.2
55,2021-06-17,28.8,81,4.6,6.8,196,986.0
55,2021-06-18,30.0,76,0.0,6.4,206,986.9
55,2021-06-19,30.8,72,0.0,6.6,219,985.8
55,2021-06-20,31.0,71,0.2,7.0,218,984.0
55,2021-06-21,31.3,72,0.2,6.7,208,983.0
55,2021-06-22,31.1,73,0.0,5.6,190,984.1
55,2021-06-23,30.5,76,3.0,6.7,193,984.8
55,2021-06-24,30.4,77,0.2,6.2,192,983.7
55,2021-06-25,30.0,74,0.7,6.4,182,982.8
55,2021-06-26,29.8,78,1.6,6.2,178,984.3
55,2021-06-27,29.3,82,2.0,6.6,203,985.7
55,2021-06-28,28.8,83,2.4,7.7,204,984.8
55,2021-06-29,28.7,85,2.8,6.1,186,983.6
55,2021-06-30,29.1,82,0.5,6.4,187,983.2
55,2021-07-01,28.2,86,13.8,5.5,184,983.8
55,2021-07-02,29.0,83,1.1,6.3,193,985.2
55,2021-07-03,29.6,80,0.2,5.5,196,984.6
55,2021-07-04,30.8,77,0.0,4.7,190,983.4
55,2021-07-05,31.2,76,0.3,3.3,187,982.3
55,2021-07-06,27.4,91,9.7,2.5,125,982.3
55,2021-07-07,28.6,85,11.9,2.0,193,983.4
55,2021-07-08,27.3,92,15.6,3.2,157,983.1
55,2021-07-09,28.9,85,3.8,5.3,117,983.6
55,2021-07-10,28.2,86,4.1,4.9,97,984.4
55,2021-07-11,29.7,79,0.4,7.0,115,985.9
55,2021-07-12,29.8,79,0.9,4.9,161,986.8
55,2021-07-13,30.1,77,0.2,4.0,188,985.5
55,2021-07-14,29.7,82,1.4,3.6,188,984.3
55,2021-07-15,28.6,84,9.4,4.3,148,985.0
55,2021-07-16,28.9,82,7.4,3.7,180,986.5
55,2021-07-17,30.2,77,1.1,4.5,194,984.5
55,2021-07-18,29.7,80,0.3,6.7,199,981.7
55,2021-07-19,28.6,82,4.0,7.3,196,981.3
55,2021-07-20,27.1,90,15.4,7.3,186,982.2
55,2021-07-21,28.3,84,12.3,7.4,200,982.1
55,2021-07-22,27.9,88,10.8,5.1,194,982.4
55,2021-07-23,27.6,90,9.0,4.8,213,982.5
55,2021-07-24,27.0,94,20.3,4.9,217,981.4
55,2021-07-25,28.0,88,10.1,6.1,212,981.1
55,2021-07-26,27.2,92,16.7,6.0,199,981.2
55,2021-07-27,28.4,85,1.9,6.8,205,980.9
55,2021-07-28,28.5,85,25.7,5.6,203,981.1
55,2021-07-29,29.4,83,7.1,6.0,209,981.7
55,2021-07-30,29.1,85,4.1,4.4,194,982.9
55,2021-07-31,29.1,84,7.8,5.3,197,983.0
55,2021-08-01,28.8,84,5.3,7.0,203,981.6
55,2021-08-02,29.1,82,13.3,7.0,216,981.8
55,2021-08-03,28.9,83,21.7,6.1,203,982.2
55,2021-08-04,28.9,82,4.5,6.8,202,983.2
55,2021-08-05,28.9,84,7.9,6.0,205,982.9
55,2021-08-06,29.3,82,1.3,6.3,205,983.7
55,2021-08-07,29.7,81,0.2,6.6,209,984.8
55,2021-08-08,30.7,77,0.0,6.4,217,984.6
55,2021-08-09,30.9,78,0.3,5.7,205,983.1
55,2021-08-10,29.3,86,3.4,3.9,181,981.9
55,2021-08-11,29.0,85,0.8,4.2,165,983.8
55,2021-08-12,30.2,77,0.5,6.9,196,985.9
55,2021-08-13,29.1,84,7.7,4.9,193,984.2
55,2021-08-14,27.6,91,20.3,4.9,182,983.0
55,2021-08-15,27.5,91,15.9,6.1,177,984.7
55,2021-08-16,27.2,89,13.9,5.5,178,988.8
55,2021-08-17,28.7,82,0.5,4.7,205,989.1
55,2021-08-18,29.6,80,1.1,3.0,184,986.7
55,2021-08-19,28.5,85,1.1,1.9,72,986.0
55,2021-08-20,28.8,84,0.0,2.0,207,987.0
55,2021-08-21,30.1,78,0.0,3.7,193,986.8
55,2021-08-22,30.6,79,0.1,5.5,189,985.1
55,2021-08-23,30.7,77,6.1,5.3,192,983.6
55,2021-08-24,29.0,84,2.9,3.6,194,983.1
55,2021-08-25,29.2,82,2.2,4.2,142,983.0
55,2021-08-26,29.0,83,6.7,4.8,131,984.1
55,2021-08-27,28.9,84,2.8,4.7,122,985.0
55,2021-08-28,28.9,82,2.2,5.5,118,985.1
55,2021-08-29,29.2,81,0.7,4.2,112,985.9
55,2021-08-30,29.1,82,2.5,2.7,125,986.8
55,2021-08-31,28.0,89,7.5,2.0,131,987.3
55,2021-09-01,28.5,86,9.6,2.5,150,986.6
55,2021-09-02,28.6,85,5.5,2.5,160,985.6
55,2021-09-03,28.2,86,13.1,3.6,173,984.3
55,2021-09-04,28.4,86,3.2,5.2,187,984.3
55,2021-09-05,28.1,86,5.3,4.2,170,985.6
55,2021-09-06,28.7,84,3.8,2.4,132,987.5
55,2021-09-07,29.5,81,6.2,3.3,11,986.9
55,2021-09-08,28.6,85,3.9,2.8,359,984.4
55,2021-09-09,27.6,87,22.6,5.1,100,984.3
55,2021-09-10,28.5,83,1.6,3.2,82,986.0
55,2021-09-11,29.1,81,0.2,3.0,217,985.2
55,2021-09-12,29.4,82,0.5,4.5,218,983.2
55,2021-09-13,29.6,81,1.0,3.3,171,984.0
55,2021-09-14,26.7,94,55.3,1.9,311,986.0
55,2021-09-15,28.2,88,6.8,3.8,90,987.1
55,2021-09-16,28.0,88,8.5,4.0,105,986.8
55,2021-09-17,27.7,89,7.1,3.8,171,987.3
55,2021-09-18,28.9,84,0.8,2.9,192,987.4
55,2021-09-19,29.3,84,2.3,2.1,185,987.1
55,2021-09-20,27.9,87,8.9,2.5,44,986.1
55,2021-09-21,28.1,85,1.9,3.6,81,985.6
55,2021-09-22,28.4,82,0.2,5.7,100,985.2
55,2021-09-23,27.7,88,11.5,3.3,97,986.6
55,2021-09-24,28.5,85,8.0,3.2,25,986.4
55,2021-09-25,27.9,89,14.2,4.4,43,984.7
55,2021-09-26,27.2,87,7.5,6.8,100,986.1
55,2021-09-27,27.6,86,6.6,3.6,115,987.7
55,2021-09-28,27.9,86,1.6,2.8,319,988.3
55,2021-09-29,29.2,83,0.0,2.0,301,986.7
55,2021-09-30,29.9,79,0.3,2.1,172,986.4
55,2021-10-01,28.3,86,11.2,2.6,210,986.8
55,2021-10-02,28.1,87,8.7,2.1,205,987.1
55,2021-10-03,29.1,82,0.4,2.8,160,986.7
55,2021-10-04,28.6,83,0.5,2.1,82,987.1
55,2021-10-05,29.0,83,0.5,2.6,18,986.8
55,2021-10-06,28.6,85,2.5,2.6,77,984.8
55,2021-10-07,28.9,82,0.3,2.3,30,983.5
55,2021-10-08,29.3,82,0.1,2.5,272,982.8
55,2021-10-09,29.5,83,0.8,2.9,215,983.0
55,2021-10-10,28.4,87,9.8,3.2,271,981.9
55,2021-10-11,27.1,93,16.3,1.7,268,982.4
55,2021-10-12,27.4,92,8.1,2.8,24,983.7
55,2021-10-13,28.3,86,0.2,2.8,2,982.6
55,2021-10-14,26.7,90,4.9,3.2,332,982.0
55,2021-10-15,26.0,92,2.9,2.5,57,984.1
55,2021-10-16,26.9,91,16.0,3.8,55,987.2
55,2021-10-17,27.4,81,0.0,4.3,34,989.8
55,2021-10-18,27.4,80,0.1,3.4,22,990.3
55,2021-10-19,28.3,85,0.6,3.4,107,991.8
55,2021-10-20,28.5,85,0.9,2.0,179,991.4
55,2021-10-21,28.7,85,0.6,3.4,185,989.6
55,2021-10-22,27.1,89,24.4,4.4,128,990.8
55,2021-10-23,27.6,82,0.4,5.9,129,992.3
55,2021-10-24,27.3,80,0.3,3.4,99,992.4
55,2021-10-25,27.2,83,0.7,3.6,104,991.0
55,2021-10-26,27.5,83,0.0,2.3,86,989.9
55,2021-10-27,28.1,83,0.0,2.9,100,989.9
55,2021-10-28,27.5,85,1.2,2.8,61,990.2
55,2021-10-29,27.2,90,3.7,3.0,71,991.5
55,2021-10-30,27.2,88,4.2,2.4,31,991.9
55,2021-10-31,27.9,87,2.3,2.5,118,991.2
55,2021-11-01,28.1,84,1.5,2.5,87,991.3
55,2021-11-02,27.9,84,3.3,2.9,61,991.3
55,2021-11-03,28.1,82,0.2,3.5,82,990.5
55,2021-11-04,28.0,80,0.0,1.9,146,989.8
55,2021-11-05,27.7,81,0.0,1.2,168,988.1
55,2021-11-06,27.5,81,0.0,1.5,212,986.1
55,2021-11-07,28.2,79,0.0,2.1,48,986.5
55,2021-11-08,29.0,77,0.1,5.0,109,988.7
55,2021-11-09,27.2,77,0.0,3.5,125,991.2
55,2021-11-10,27.0,77,0.0,5.6,124,991.4
55,2021-11-11,27.3,74,0.0,3.2,102,990.4
55,2021-11-12,27.4,73,0.0,4.6,110,991.0
55,2021-11-13,27.2,73,0.0,4.3,117,991.0
55,2021-11-14,26.6,75,0.0,4.6,110,990.6
55,2021-11-15,27.4,72,0.0,4.6,116,989.0
55,2021-11-16,28.1,72,0.0,4.6,114,989.2
55,2021-11-17,28.3,74,0.0,3.7,81,990.0
55,2021-11-18,29.1,69,0.0,2.9,96,988.7
55,2021-11-19,28.5,71,0.0,2.5,233,986.5
55,2021-11-20,28.7,71,0.0,2.5,292,986.1
55,2021-11-21,28.2,66,0.0,2.1,3,987.5
55,2021-11-22,28.4,67,0.0,4.8,108,988.6
55,2021-11-23,28.4,64,0.0,8.5,127,990.0
55,2021-11-24,27.2,65,0.0,6.7,129,991.6
55,2021-11-25,26.2,73,0.3,3.6,68,991.8
55,2021-11-26,26.8,74,0.0,5.0,51,991.4
55,2021-11-27,26.6,72,0.0,4.3,67,992.5
55,2021-11-28,26.2,73,0.0,3.6,28,992.4
55,2021-11-29,25.3,72,0.0,4.6,15,991.5
55,2021-11-30,25.1,70,0.0,4.4,42,992.0
55,2021-12-01,24.8,70,0.0,4.4,49,992.8
55,2021-12-02,24.1,70,0.0,3.9,95,993.8
55,2021-12-03,23.9,69,0.0,3.4,80,995.0
55,2021-12-04,22.3,64,0.0,2.9,83,995.1
55,2021-12-05,21.5,63,0.0,2.4,54,994.7
55,2021-12-06,21.8,66,0.0,2.1,48,993.8
55,2021-12-07,22.3,67,0.0,2.4,107,993.6
55,2021-12-08,22.6,65,0.0,2.1,108,994.2
55,2021-12-09,23.9,69,0.0,3.0,26,994.7
55,2021-12-10,25.5,68,0.0,2.9,103,993.5
55,2021-12-11,25.0,72,0.0,3.1,112,993.1
55,2021-12-12,25.5,70,0.0,4.4,121,993.7
55,2021-12-13,24.4,71,0.0,3.9,120,993.4
55,2021-12-14,23.8,70,0.0,3.4,89,991.8
55,2021-12-15,23.3,73,0.0,2.0,34,990.4
55,2021-12-16,23.0,73,0.0,3.2,352,990.4
55,2021-12-17,23.8,68,0.0,3.5,53,991.5
55,2021-12-18,24.0,71,0.0,4.0,101,992.6
55,2021-12-19,23.1,68,0.0,4.3,84,993.5
55,2021-12-20,20.8,69,0.0,4.6,350,992.5
55,2021-12-21,20.9,70,0.0,2.6,357,991.5
55,2021-12-22,21.5,70,0.0,2.6,45,990.9
55,2021-12-23,22.4,73,0.0,2.8,143,990.0
55,2021-12-24,22.8,76,0.0,2.0,73,989.9
55,2021-12-25,23.8,75,0.0,5.4,127,991.2
55,2021-12-26,24.5,74,0.2,5.8,129,993.3
55,2021-12-27,25.1,71,0.0,6.1,135,994.2
55,2021-12-28,24.5,70,0.0,5.1,134,994.2
55,2021-12-29,24.9,68,0.0,3.5,115,994.2
55,2021-12-30,25.8,70,0.0,4.4,107,995.2
55,2021-12-31,24.9,71,0.0,4.7,115,995.2
55,2022-01-01,24.5,71,0.0,5.1,117,994.9
55,2022-01-02,24.3,69,0.0,4.8,130,994.4
55,2022-01-03,23.5,69,0.0,3.7,114,992.8
55,2022-01-04,23.3,70,0.0,2.8,108,992.3
55,2022-01-05,23.5,70,0.0,1.7,19,991.3
55,2022-01-06,23.4,70,0.0,2.1,55,991.1
55,2022-01-07,24.0,69,0.0,3.2,120,992.4
55,2022-01-08,24.5,70,0.0,2.3,147,991.8
55,2022-01-09,24.4,72,0.0,1.9,159,990.1
55,2022-01-10,24.5,72,0.0,2.3,205,990.2
55,2022-01-11,24.4,73,0.0,2.7,116,990.9
55,2022-01-12,25.1,71,0.0,4.4,142,991.8
55,2022-01-13,25.4,73,0.0,2.9,142,991.7
55,2022-01-14,25.7,71,0.0,4.1,129,991.6
55,2022-01-15,25.8,72,0.0,2.4,144,990.9
55,2022-01-16,25.1,74,0.0,3.7,157,991.1
55,2022-01-17,25.2,76,1.8,3.7,6,992.4
55,2022-01-18,24.5,78,1.3,5.0,72,992.3
55,2022-01-19,24.2,76,0.1,4.6,97,990.9
55,2022-01-20,23.9,73,1.0,4.2,126,989.1
55,2022-01-21,22.7,87,9.8,4.1,133,988.8
55,2022-01-22,23.9,81,0.7,4.0,151,987.2
55,2022-01-23,23.1,75,0.1,2.6,317,987.7
55,2022-01-24,22.5,69,0.0,2.3,1,988.2
55,2022-01-25,23.3,66,0.0,1.9,328,988.4
55,2022-01-26,23.8,67,0.0,1.4,275,988.5
55,2022-01-27,24.2,65,0.0,2.0,208,988.6
55,2022-01-28,24.6,66,0.0,3.6,202,988.1
55,2022-01-29,24.9,62,0.0,4.9,226,986.8
55,2022-01-30,24.9,59,0.0,7.5,190,985.9
55,2022-01-31,24.2,59,0.0,6.8,198,986.3
55,2022-02-01,23.7,61,0.0,6.3,167,987.1
55,2022-02-02,25.7,69,0.3,7.5,165,988.8
55,2022-02-03,25.3,71,0.1,4.8,160,989.3
55,2022-02-04,25.2,71,0.1,6.5,119,990.1
55,2022-02-05,23.0,72,0.6,5.4,126,992.1
55,2022-02-06,24.0,74,1.5,6.0,154,991.1
55,2022-02-07,25.7,67,0.0,5.0,201,989.1
55,2022-02-08,25.6,59,0.0,4.6,208,988.6
55,2022-02-09,25.5,54,0.0,3.8,225,988.7
55,2022-02-10,26.5,57,0.0,2.0,264,988.0
55,2022-02-11,25.5,60,0.0,3.1,170,987.4
55,2022-02-12,27.0,69,0.4,5.0,194,986.0
55,2022-02-13,27.0,67,0.0,2.8,274,985.4
55,2022-02-14,26.3,63,0.0,4.9,133,987.2
55,2022-02-15,25.3,72,0.1,5.4,148,988.5
55,2022-02-16,26.9,72,0.0,5.4,172,986.3
55,2022-02-17,27.6,73,0.2,5.5,166,985.6
55,2022-02-18,28.1,76,8.3,4.9,170,986.0
55,2022-02-19,26.0,91,37.9,4.9,197,986.6
55,2022-02-20,23.4,88,26.5,7.2,134,985.8
55,2022-02-21,21.9,78,0.0,8.8,130,990.1
55,2022-02-22,23.7,72,0.0,6.5,135,992.0
55,2022-02-23,24.2,73,0.0,6.2,120,993.9
55,2022-02-24,23.9,74,0.0,4.7,111,995.1
55,2022-02-25,23.9,73,0.0,4.4,112,994.4
55,2022-02-26,24.7,72,0.0,3.0,93,993.4
55,2022-02-27,25.4,70,0.0,4.1,136,991.6
55,2022-02-28,26.3,70,0.0,2.5,126,990.4
55,2022-03-01,27.5,69,0.0,2.1,66,989.5
55,2022-03-02,28.1,66,0.0,3.9,132,989.2
55,2022-03-03,28.4,68,0.0,3.8,161,988.8
55,2022-03-04,29.3,70,0.0,3.3,171,987.2
55,2022-03-05,29.8,70,0.4,3.7,179,985.7
55,2022-03-06,30.1,68,0.0,4.9,183,986.1
55,2022-03-07,28.5,77,15.8,3.6,128,988.8
55,2022-03-08,27.6,74,0.3,4.4,120,989.9
55,2022-03-09,28.6,71,0.0,3.1,150,987.6
55,2022-03-10,30.1,69,0.0,3.5,171,986.1
55,2022-03-11,31.0,68,0.0,3.7,173,985.0
55,2022-03-12,31.4,67,0.0,4.2,159,984.7
55,2022-03-13,31.7,68,0.0,3.9,175,984.8
55,2022-03-14,30.6,73,2.9,4.1,182,985.4
55,2022-03-15,29.6,76,4.2,4.4,159,984.2
55,2022-03-16,28.6,76,3.2,4.8,115,984.4
55,2022-03-17,29.0,74,0.4,3.4,143,985.0
55,2022-03-18,27.1,78,6.9,3.1,12,985.5
55,2022-03-19,28.3,75,4.6,4.1,185,984.3
55,2022-03-20,29.2,75,0.4,5.7,174,984.5
55,2022-03-21,28.4,81,4.0,5.3,167,986.4
55,2022-03-22,29.5,76,1.9,4.8,136,987.1
55,2022-03-23,28.5,81,3.7,4.4,149,987.0
55,2022-03-24,29.6,74,2.7,7.7,191,985.8
55,2022-03-25,30.2,68,0.0,6.5,184,985.9
55,2022-03-26,30.5,65,0.0,4.8,187,987.3
55,2022-03-27,29.8,70,0.5,4.3,192,987.1
55,2022-03-28,28.4,75,4.0,8.2,131,987.6
55,2022-03-29,27.3,81,9.4,6.3,123,988.0
55,2022-03-30,28.2,77,0.0,4.0,121,988.3
55,2022-03-31,29.5,73,0.0,4.1,111,988.0
55,2022-04-01,29.7,71,0.2,6.8,124,989.2
55,2022-04-02,25.1,76,1.6,7.8,48,993.8
55,2022-04-03,25.1,65,0.0,5.7,28,994.1
55,2022-04-04,27.3,61,0.0,5.2,131,993.6
55,2022-04-05,28.8,63,0.0,4.4,112,992.2
55,2022-04-06,28.8,68,0.0,5.0,102,990.9
55,2022-04-07,28.2,73,0.3,3.2,56,991.0
55,2022-04-08,28.4,70,0.1,3.7,97,990.0
55,2022-04-09,29.0,67,0.0,3.3,150,987.4
55,2022-04-10,28.8,72,0.8,4.2,142,986.7
55,2022-04-11,29.8,70,0.5,4.1,151,985.1
55,2022-04-12,30.6,67,0.0,4.8,200,983.7
55,2022-04-13,30.9,62,0.0,3.0,189,982.7
55,2022-04-14,31.3,63,0.0,4.8,199,982.7
55,2022-04-15,31.9,62,0.0,5.7,180,983.1
55,2022-04-16,31.9,60,0.0,5.1,174,983.2
55,2022-04-17,30.6,69,1.6,7.4,129,985.2
55,2022-04-18,27.0,84,35.8,4.9,99,989.0
55,2022-04-19,27.7,78,0.2,2.7,104,990.2
55,2022-04-20,28.3,77,3.8,2.5,120,988.6
55,2022-04-21,27.5,81,6.9,4.3,136,987.3
55,2022-04-22,28.6,80,1.4,3.8,159,986.8
55,2022-04-23,30.4,74,0.2,4.8,184,985.7
55,2022-04-24,31.2,73,0.2,4.6,174,984.1
55,2022-04-25,31.4,73,0.4,4.4,193,983.7
55,2022-04-26,31.5,73,0.5,4.6,190,983.7
55,2022-04-27,31.8,71,0.5,4.1,179,983.9
55,2022-04-28,31.7,70,0.2,3.1,214,984.1
55,2022-04-29,29.8,74,0.0,5.7,219,985.7
55,2022-04-30,29.7,74,1.7,3.2,153,985.0
55,2022-05-01,28.4,79,18.5,4.0,76,984.6
55,2022-05-02,27.0,82,2.1,4.8,103,987.7
55,2022-05-03,27.3,75,0.0,4.8,122,989.9
55,2022-05-04,28.8,67,0.0,4.2,129,988.9
55,2022-05-05,29.9,65,0.0,4.5,143,986.5
55,2022-05-06,29.6,72,0.0,3.1,122,986.2
55,2022-05-07,28.0,84,19.3,4.0,67,986.7
55,2022-05-08,27.8,86,7.7,4.0,135,986.9
55,2022-05-09,29.0,81,4.7,2.7,161,986.6
55,2022-05-10,28.8,84,5.1,3.4,191,986.0
55,2022-05-11,28.5,87,8.2,3.4,179,985.5
55,2022-05-12,28.1,89,20.7,4.7,193,983.9
55,2022-05-13,29.0,84,6.6,5.7,181,983.3
55,2022-05-14,30.0,80,2.5,5.7,185,984.2
55,2022-05-15,30.6,77,6.5,5.4,182,985.0
55,2022-05-16,29.5,81,19.3,5.4,133,985.2
55,2022-05-17,26.9,86,25.0,4.6,120,987.3
55,2022-05-18,28.1,81,1.2,4.7,127,987.6
55,2022-05-19,29.2,79,1.0,4.8,155,986.6
55,2022-05-20,28.7,85,8.2,4.0,117,983.9
55,2022-05-21,27.5,88,27.6,8.9,135,979.4
55,2022-05-22,27.5,88,26.1,6.9,196,977.7
55,2022-05-23,29.1,83,4.9,6.0,202,979.8
55,2022-05-24,29.0,79,10.9,5.1,178,983.7
55,2022-05-25,29.7,77,4.2,6.0,189,984.9
55,2022-05-26,30.0,75,0.5,6.4,210,982.5
55,2022-05-27,30.0,77,1.2,6.6,207,980.5
55,2022-05-28,30.1,76,0.0,5.9,199,980.1
55,2022-05-29,30.0,76,1.2,5.4,185,981.0
55,2022-05-30,30.5,74,0.2,4.7,182,981.6
55,2022-05-31,29.7,75,0.5,5.5,161,982.0
55,2022-06-01,30.2,74,0.3,5.4,166,983.2
55,2022-06-02,31.0,71,2.0,6.7,201,983.1
55,2022-06-03,30.1,75,3.8,7.5,198,983.4
55,2022-06-04,29.0,85,8.5,6.9,195,984.4
55,2022-06-05,29.3,78,2.6,6.6,204,984.0
55,2022-06-06,30.0,75,1.1,7.5,202,983.0
55,2022-06-07,29.4,75,2.3,7.7,205,983.3
55,2022-06-08,29.7,72,0.8,8.2,200,984.2
55,2022-06-09,29.5,76,0.7,7.4,201,984.1
55,2022-06-10,29.7,76,4.9,8.3,206,983.8
55,2022-06-11,30.1,75,1.1,6.6,195,984.5
55,2022-06-12,30.6,72,0.0,5.6,196,985.3
55,2022-06-13,30.8,70,3.2,6.3,195,984.7
55,2022-06-14,30.8,73,4.7,5.7,194,984.3
55,2022-06-15,29.0,78,4.7,4.7,181,985.7
55,2022-06-16,27.8,85,8.2,4.2,174,986.9
55,2022-06-17,28.6,82,5.5,5.0,211,986.0
55,2022-06-18,28.2,86,4.2,5.3,201,985.6
55,2022-06-19,29.7,79,3.0,6.2,206,984.0
55,2022-06-20,30.4,74,1.5,6.7,215,981.8
55,2022-06-21,30.7,72,0.2,7.9,204,981.5
55,2022-06-22,30.6,71,0.3,7.5,198,984.0
55,2022-06-23,30.9,71,3.7,5.9,185,985.1
55,2022-06-24,30.1,75,1.8,3.3,200,984.6
55,2022-06-25,29.8,76,0.6,4.3,190,983.6
55,2022-06-26,29.7,76,2.3,4.5,169,985.2
55,2022-06-27,30.3,74,0.4,5.8,202,985.7
55,2022-06-28,30.4,74,0.0,6.8,206,983.9
55,2022-06-29,30.1,75,0.2,6.0,208,981.2
55,2022-06-30,28.1,90,24.3,2.8,190,980.4
55,2022-07-01,28.2,87,33.0,5.5,197,979.6
55,2022-07-02,28.2,86,4.5,5.6,205,979.5
55,2022-07-03,29.3,82,8.8,5.6,205,980.6
55,2022-07-04,29.6,82,5.0,5.8,195,980.5
55,2022-07-05,30.8,76,0.8,6.5,195,981.7
55,2022-07-06,29.5,82,4.1,4.1,189,983.3
55,2022-07-07,27.2,93,19.8,4.1,185,983.5
55,2022-07-08,28.6,84,1.8,4.2,188,982.6
55,2022-07-09,28.9,83,7.2,4.8,176,981.7
55,2022-07-10,28.7,85,7.5,3.8,183,982.4
55,2022-07-11,28.6,87,4.1,3.3,198,983.0
55,2022-07-12,29.4,85,6.8,2.8,207,981.6
55,2022-07-13,27.3,92,7.5,3.2,186,981.2
55,2022-07-14,27.9,89,6.7,2.3,172,981.2
55,2022-07-15,29.3,83,3.6,3.4,165,982.5
55,2022-07-16,30.8,78,0.4,3.9,174,983.5
55,2022-07-17,31.1,78,2.0,5.0,209,984.2
55,2022-07-18,31.1,77,0.6,5.2,207,982.8
55,2022-07-19,30.5,79,6.0,5.4,192,981.6
55,2022-07-20,29.1,83,15.1,2.7,179,982.6
55,2022-07-21,28.8,86,4.5,4.5,125,984.1
55,2022-07-22,27.5,92,14.5,3.2,152,986.1
55,2022-07-23,27.5,90,35.6,3.2,142,986.9
55,2022-07-24,29.3,81,5.2,2.0,151,986.0
55,2022-07-25,30.5,76,0.0,1.5,201,986.0
55,2022-07-26,30.9,76,0.2,3.1,209,985.7
55,2022-07-27,31.5,74,0.0,3.2,198,984.9
55,2022-07-28,31.5,75,0.1,3.3,196,984.8
55,2022-07-29,29.6,83,1.6,3.2,181,984.3
55,2022-07-30,29.6,82,0.5,2.8,200,983.3
55,2022-07-31,27.4,88,18.2,3.2,205,982.8
55,2022-08-01,29.1,81,1.7,4.3,178,982.2
55,2022-08-02,29.3,82,4.7,4.7,157,983.4
55,2022-08-03,29.7,80,4.2,3.9,166,985.2
55,2022-08-04,29.5,80,3.2,6.0,203,984.5
55,2022-08-05,28.7,81,4.1,5.7,202,983.2
55,2022-08-06,28.0,89,16.5,4.5,183,982.5
55,2022-08-07,27.5,90,45.7,4.4,177,982.4
55,2022-08-08,26.6,93,24.0,4.5,174,983.8
55,2022-08-09,28.2,84,3.0,3.3,209,983.0
55,2022-08-10,29.1,80,0.5,4.2,209,981.4
55,2022-08-11,27.9,88,11.7,5.6,197,980.4
55,2022-08-12,26.3,93,30.1,8.7,177,982.6
55,2022-08-13,28.0,86,5.4,3.4,156,985.5
55,2022-08-14,28.6,85,3.3,2.9,202,986.1
55,2022-08-15,27.1,93,11.0,3.2,191,984.3
55,2022-08-16,28.0,89,14.4,4.0,165,982.5
55,2022-08-17,28.9,83,4.4,4.2,151,983.0
55,2022-08-18,28.8,81,2.8,5.1,200,983.8
55,2022-08-19,29.8,80,0.2,4.2,218,983.6
55,2022-08-20,28.4,89,29.8,4.2,209,982.0
55,2022-08-21,26.8,94,23.2,4.2,189,980.8
55,2022-08-22,29.2,83,4.7,6.0,171,982.8
55,2022-08-23,30.3,78,0.6,3.5,193,984.8
55,2022-08-24,29.6,84,1.4,2.7,218,983.7
55,2022-08-25,27.4,89,7.2,3.5,198,981.6
55,2022-08-26,27.0,91,7.0,7.4,192,981.8
55,2022-08-27,28.3,83,4.0,5.2,177,986.0
55,2022-08-28,29.7,80,0.1,1.9,193,986.1
55,2022-08-29,29.9,82,0.1,2.8,165,986.5
55,2022-08-30,30.0,79,0.7,2.8,182,987.1
55,2022-08-31,30.3,78,0.0,2.7,172,985.6
55,2022-09-01,28.9,84,6.9,2.3,162,986.1
55,2022-09-02,30.1,81,1.9,2.8,146,985.9
55,2022-09-03,29.5,84,2.1,4.1,172,984.5
55,2022-09-04,29.7,82,7.9,3.6,184,984.6
55,2022-09-05,27.4,92,32.3,2.3,178,985.6
55,2022-09-06,29.0,85,1.6,3.2,69,986.0
55,2022-09-07,29.0,85,4.8,2.6,52,987.2
55,2022-09-08,27.8,87,6.4,2.2,44,987.5
55,2022-09-09,27.6,89,6.8,2.6,52,988.2
55,2022-09-10,27.0,92,10.3,3.5,101,988.2
55,2022-09-11,26.8,93,6.9,2.5,170,987.6
55,2022-09-12,26.9,91,6.8,2.4,177,987.0
55,2022-09-13,27.6,86,4.5,2.2,189,987.4
55,2022-09-14,28.7,84,7.5,2.7,195,987.2
55,2022-09-15,29.0,84,8.0,3.8,190,985.5
55,2022-09-16,28.3,87,12.4,3.7,173,983.3
55,2022-09-17,28.4,85,5.8,4.0,160,984.0
55,2022-09-18,28.6,85,1.6,3.0,184,985.3
55,2022-09-19,29.6,79,4.3,4.1,201,985.9
55,2022-09-20,27.9,87,8.8,2.9,218,985.2
55,2022-09-21,28.3,84,7.6,2.4,44,985.3
55,2022-09-22,28.4,86,7.0,2.4,101,985.3
55,2022-09-23,27.6,88,5.9,2.8,61,986.2
55,2022-09-24,28.0,86,6.3,3.2,30,985.7
55,2022-09-25,27.3,90,10.0,2.9,84,985.9
55,2022-09-26,28.5,82,3.0,4.0,123,986.5
55,2022-09-27,28.4,84,1.8,2.5,244,985.1
55,2022-09-28,27.7,90,3.5,2.8,336,982.2
55,2022-09-29,28.8,82,3.6,5.1,6,980.7
55,2022-09-30,27.8,89,10.5,2.7,92,982.6
55,2022-10-01,27.2,93,21.1,4.5,127,984.4
55,2022-10-02,27.1,91,9.0,3.7,125,986.3
55,2022-10-03,27.3,90,13.0,2.6,63,987.6
55,2022-10-04,27.7,85,1.3,3.8,109,989.5
55,2022-10-05,27.9,84,3.0,2.3,36,989.6
55,2022-10-06,27.6,86,2.8,2.3,76,989.6
55,2022-10-07,28.8,83,2.7,2.9,62,989.2
55,2022-10-08,28.1,86,3.1,1.8,33,989.9
55,2022-10-09,27.6,87,2.6,2.8,46,990.6
55,2022-10-10,27.1,89,7.6,3.6,58,992.2
55,2022-10-11,27.4,86,1.6,2.3,65,991.6
55,2022-10-12,27.6,85,0.8,2.5,107,990.3
55,2022-10-13,28.0,84,4.4,2.4,72,989.0
55,2022-10-14,28.1,85,0.7,2.5,56,987.6
55,2022-10-15,25.8,82,1.8,3.3,54,987.4
55,2022-10-16,25.3,79,0.2,3.2,350,990.0
55,2022-10-17,26.7,75,0.0,2.8,32,989.9
55,2022-10-18,26.5,72,0.0,3.9,22,989.5
55,2022-10-19,26.0,69,0.0,3.8,29,989.3
55,2022-10-20,25.9,72,0.0,2.9,45,989.8
55,2022-10-21,27.1,78,0.0,3.2,69,991.5
55,2022-10-22,27.7,80,1.5,2.9,30,991.9
55,2022-10-23,28.4,78,0.8,2.6,61,991.5
55,2022-10-24,28.2,73,0.0,3.5,107,989.8
55,2022-10-25,28.2,75,0.0,2.2,54,990.0
55,2022-10-26,28.6,79,1.7,3.0,89,989.9
55,2022-10-27,27.7,86,3.8,2.7,83,989.4
55,2022-10-28,28.0,83,1.2,3.5,71,989.0
55,2022-10-29,27.4,80,0.1,2.6,68,989.6
55,2022-10-30,27.1,77,0.0,2.6,41,989.2
55,2022-10-31,27.6,71,0.0,3.3,27,989.2
55,2022-11-01,27.0,70,0.0,4.3,27,989.6
55,2022-11-02,25.3,68,0.0,2.1,40,988.3
55,2022-11-03,25.0,67,0.0,1.9,80,988.6
55,2022-11-04,25.4,70,0.0,2.7,78,991.1
55,2022-11-05,25.6,70,0.0,2.6,53,993.0
55,2022-11-06,25.5,74,0.0,3.3,46,992.6
55,2022-11-07,25.5,73,0.0,2.6,21,991.5
55,2022-11-08,25.5,75,0.0,2.4,32,991.3
55,2022-11-09,26.1,71,0.0,2.3,32,991.5
55,2022-11-10,25.7,72,0.0,2.4,9,991.3
55,2022-11-11,25.0,75,0.0,3.1,3,990.8
55,2022-11-12,25.2,75,0.0,3.1,351,989.8
55,2022-11-13,26.5,75,0.0,2.9,13,989.3
55,2022-11-14,27.9,77,0.0,2.8,81,989.9
55,2022-11-15,28.8,77,1.6,2.3,98,989.1
55,2022-11-16,27.7,81,0.6,3.3,35,988.2
55,2022-11-17,28.1,79,0.1,2.9,69,987.6
55,2022-11-18,28.0,79,0.2,1.9,12,988.9
55,2022-11-19,28.4,77,0.2,2.3,11,988.8
55,2022-11-20,28.1,79,0.6,2.8,34,987.6
55,2022-11-21,28.0,78,0.0,2.3,48,986.3
55,2022-11-22,28.3,73,0.0,3.1,1,986.1
55,2022-11-23,26.8,75,0.0,2.6,35,987.3
55,2022-11-24,26.4,87,11.1,3.3,60,988.0
55,2022-11-25,27.5,86,3.0,2.6,74,989.5
55,2022-11-26,28.2,83,0.5,2.6,126,988.6
55,2022-11-27,28.1,82,0.3,3.2,172,987.2
55,2022-11-28,27.8,82,0.3,2.5,193,987.8
55,2022-11-29,28.2,82,0.5,2.0,301,988.5
55,2022-11-30,28.1,81,1.1,1.8,10,989.0
55,2022-12-01,28.0,79,0.0,3.9,105,989.3
55,2022-12-02,28.5,73,0.0,4.0,120,989.3
55,2022-12-03,27.9,71,0.0,3.1,64,989.3
55,2022-12-04,27.5,71,0.0,3.2,93,989.7
55,2022-12-05,27.8,72,0.0,3.9,92,990.4
55,2022-12-06,27.0,68,0.0,5.0,127,989.8
55,2022-12-07,27.0,67,0.0,5.3,125,989.6
55,2022-12-08,27.4,68,0.0,4.0,103,989.7
55,2022-12-09,27.7,68,0.0,2.5,142,988.8
55,2022-12-10,27.1,75,0.0,2.6,187,988.2
55,2022-12-11,26.1,77,0.5,3.6,149,988.8
55,2022-12-12,26.0,74,0.2,6.8,128,989.8
55,2022-12-13,24.8,64,0.0,6.8,123,991.6
55,2022-12-14,24.5,69,0.0,5.6,116,992.2
55,2022-12-15,23.5,69,0.0,3.2,136,990.2
55,2022-12-16,23.3,70,0.0,2.1,90,989.1
55,2022-12-17,24.6,72,0.0,5.8,105,991.9
55,2022-12-18,23.4,63,0.0,7.4,79,994.6
55,2022-12-19,20.7,68,0.0,3.1,61,992.5
55,2022-12-20,21.4,69,0.0,1.9,56,990.1
55,2022-12-21,23.1,71,0.0,3.7,118,989.6
55,2022-12-22,24.4,70,0.0,3.0,156,988.7
55,2022-12-23,24.8,72,0.0,4.5,133,989.0
55,2022-12-24,24.3,70,0.0,6.6,127,991.4
55,2022-12-25,23.1,70,0.0,5.4,128,993.2
55,2022-12-26,22.9,70,0.0,2.7,127,993.9
55,2022-12-27,22.8,72,0.0,3.5,148,992.9
55,2022-12-28,23.3,71,0.0,3.6,144,993.1
55,2022-12-29,23.5,72,0.0,4.6,135,994.0
55,2022-12-30,23.6,68,0.0,6.2,122,995.2
55,2022-12-31,23.0,67,0.0,5.8,120,995.1
55,2023-01-01,21.9,71,0.0,4.3,113,995.0
55,2023-01-02,22.4,69,0.0,2.3,81,995.3
55,2023-01-03,23.4,74,0.0,2.6,59,995.1
55,2023-01-04,25.5,73,0.0,3.4,38,994.2
55,2023-01-05,24.9,71,0.0,3.5,63,994.1
55,2023-01-06,24.4,63,0.0,5.5,42,995.3
55,2023-01-07,22.5,61,0.0,4.8,7,993.9
55,2023-01-08,22.1,66,0.0,3.6,4,992.6
55,2023-01-09,24.6,66,0.0,3.6,359,992.6
55,2023-01-10,25.8,70,0.0,3.9,61,990.8
55,2023-01-11,24.8,77,0.0,3.7,136,989.3
55,2023-01-12,25.1,76,0.2,3.6,170,988.5
55,2023-01-13,24.4,73,0.0,4.7,205,988.6
55,2023-01-14,23.0,71,0.0,3.3,224,986.9
55,2023-01-15,22.1,68,0.0,3.0,338,986.9
55,2023-01-16,21.9,70,0.0,5.1,120,989.0
55,2023-01-17,23.6,68,0.0,6.8,125,991.1
55,2023-01-18,24.4,64,0.0,7.1,123,993.2
55,2023-01-19,23.1,69,0.0,4.1,129,992.6
55,2023-01-20,23.3,67,0.0,4.5,128,992.3
55,2023-01-21,22.9,66,0.0,2.5,149,991.0
55,2023-01-22,22.6,68,0.0,1.6,254,989.4
55,2023-01-23,23.0,68,0.0,1.5,8,988.4
55,2023-01-24,24.3,62,0.0,6.0,124,991.1
55,2023-01-25,22.6,62,0.0,4.5,134,991.9
55,2023-01-26,22.4,69,0.0,2.4,181,989.7
55,2023-01-27,23.2,69,0.0,5.5,129,990.5
55,2023-01-28,23.3,66,0.0,6.1,132,992.3
55,2023-01-29,22.0,65,0.0,5.6,124,993.6
55,2023-01-30,21.4,64,0.0,3.2,100,993.7
55,2023-01-31,21.8,63,0.0,1.7,204,989.7
55,2023-02-01,23.0,70,0.0,2.2,223,987.9
55,2023-02-02,24.3,70,0.0,2.7,129,988.3
55,2023-02-03,25.6,69,0.0,4.0,125,988.8
55,2023-02-04,26.9,75,0.3,4.5,159,987.6
55,2023-02-05,27.9,74,0.0,5.0,183,987.0
55,2023-02-06,28.4,66,0.0,4.8,196,986.6
55,2023-02-07,27.7,58,0.0,5.3,202,986.6
55,2023-02-08,26.4,58,0.0,4.9,199,987.0
55,2023-02-09,25.9,57,0.0,4.3,208,987.2
55,2023-02-10,27.1,65,0.0,4.5,210,987.4
55,2023-02-11,27.1,60,0.0,5.4,218,987.0
55,2023-02-12,26.2,58,0.0,4.8,213,987.3
55,2023-02-13,25.5,56,0.0,3.9,216,987.3
55,2023-02-14,25.7,60,0.0,1.9,237,987.6
55,2023-02-15,26.5,62,0.0,8.9,127,989.9
55,2023-02-16,27.2,60,0.0,8.0,125,992.7
55,2023-02-17,24.6,68,0.0,4.3,19,993.4
55,2023-02-18,24.6,69,0.8,3.2,0,991.3
55,2023-02-19,25.4,63,0.0,4.3,96,990.2
55,2023-02-20,25.9,65,0.0,6.8,125,990.4
55,2023-02-21,26.1,63,0.0,6.9,121,991.3
55,2023-02-22,26.3,61,0.0,7.0,125,991.3
55,2023-02-23,26.5,63,0.0,3.7,140,989.9
55,2023-02-24,27.0,62,0.0,3.1,112,989.7
55,2023-02-25,26.7,60,0.0,10.3,123,994.4
55,2023-02-26,26.0,57,0.0,7.9,122,997.4
55,2023-02-27,23.6,58,0.0,5.1,127,996.8
55,2023-02-28,23.9,60,0.0,3.0,105,994.7
55,2023-03-01,25.4,63,0.0,3.0,89,993.1
55,2023-03-02,25.9,60,0.0,6.6,134,993.1
55,2023-03-03,26.0,60,0.0,6.5,130,994.2
55,2023-03-04,25.4,62,0.0,7.5,127,995.2
55,2023-03-05,25.3,66,0.0,4.6,114,994.4
55,2023-03-06,26.0,67,0.0,4.0,121,992.6
55,2023-03-07,26.9,67,0.0,2.4,153,991.5
55,2023-03-08,27.4,67,0.0,2.3,148,991.0
55,2023-03-09,28.0,62,0.0,5.4,123,990.1
55,2023-03-10,28.6,66,0.0,4.2,151,989.3
55,2023-03-11,28.5,68,0.0,2.0,165,988.9
55,2023-03-12,28.9,65,0.9,4.5,100,989.4
55,2023-03-13,25.4,75,0.6,3.9,110,992.9
55,2023-03-14,26.4,70,0.0,3.0,75,989.9
55,2023-03-15,27.4,66,0.2,2.0,170,988.1
55,2023-03-16,27.0,71,3.8,3.2,214,989.7
55,2023-03-17,28.4,72,0.0,2.3,1,989.1
55,2023-03-18,29.5,65,0.2,3.0,204,987.4
55,2023-03-19,28.9,69,2.5,3.6,215,986.7
55,2023-03-20,29.9,67,0.0,2.9,284,985.8
55,2023-03-21,30.8,60,0.0,4.1,227,984.9
55,2023-03-22,30.9,54,0.0,6.5,219,983.5
55,2023-03-23,31.1,54,0.1,6.6,220,983.1
55,2023-03-24,30.9,54,0.0,5.6,202,984.3
55,2023-03-25,30.3,56,0.0,5.0,201,984.7
55,2023-03-26,30.3,55,0.0,6.1,202,984.1
55,2023-03-27,30.4,55,0.0,6.6,194,984.5
55,2023-03-28,30.4,58,0.0,8.6,179,985.9
55,2023-03-29,31.3,54,0.0,7.2,194,986.5
55,2023-03-30,30.0,59,0.0,5.8,169,985.2
55,2023-03-31,30.2,60,0.0,4.3,194,984.7
55,2023-04-01,30.7,59,0.0,7.1,194,984.4
55,2023-04-02,31.7,56,0.0,9.1,198,983.8
55,2023-04-03,31.6,51,0.0,7.9,200,983.5
55,2023-04-04,31.1,51,0.0,5.9,217,983.2
55,2023-04-05,30.6,55,0.0,3.9,205,983.8
55,2023-04-06,30.2,58,0.0,2.0,201,984.9
55,2023-04-07,30.6,58,0.0,4.7,199,985.9
55,2023-04-08,31.6,58,0.0,5.6,179,988.3
55,2023-04-09,32.2,65,0.1,8.2,160,988.6
55,2023-04-10,32.9,59,0.0,5.8,188,986.4
55,2023-04-11,32.9,57,0.0,6.0,197,985.0
55,2023-04-12,32.8,58,0.0,4.2,202,984.1
55,2023-04-13,33.1,57,0.0,6.0,198,983.7
55,2023-04-14,33.3,57,0.0,5.5,195,983.6
55,2023-04-15,32.9,58,0.0,4.2,199,983.5
55,2023-04-16,32.4,63,2.6,8.1,145,983.8
55,2023-04-17,33.6,59,0.0,7.9,190,984.5
55,2023-04-18,34.1,57,0.0,7.3,193,984.4
55,2023-04-19,34.2,54,0.4,7.3,207,981.5
55,2023-04-20,33.4,57,0.2,7.1,202,980.0
55,2023-04-21,32.2,57,0.0,5.5,183,981.2
55,2023-04-22,32.0,55,0.2,5.2,195,982.6
55,2023-04-23,32.5,54,1.2,5.0,192,984.7
55,2023-04-24,31.3,63,0.1,4.5,159,987.8
55,2023-04-25,32.2,61,1.2,4.7,163,985.5
55,2023-04-26,30.0,68,1.0,9.1,153,986.5
55,2023-04-27,31.1,67,0.6,5.0,172,986.8
55,2023-04-28,32.7,64,1.2,4.6,181,985.8
55,2023-04-29,33.1,59,0.1,6.9,167,984.3
55,2023-04-30,29.5,71,7.0,9.4,130,986.8
55,2023-05-01,30.4,67,3.9,3.6,168,987.0
55,2023-05-02,31.5,65,0.2,5.0,195,986.7
55,2023-05-03,30.7,72,1.8,4.2,224,987.6
55,2023-05-04,32.7,65,0.0,5.2,213,984.5
55,2023-05-05,33.9,62,0.1,7.1,209,981.2
55,2023-05-06,34.9,58,0.0,6.7,208,980.0
55,2023-05-07,35.6,54,0.0,6.5,204,979.7
55,2023-05-08,32.9,62,0.0,7.8,156,982.2
55,2023-05-09,30.5,71,4.0,3.9,215,985.3
55,2023-05-10,29.7,75,4.5,5.2,194,986.5
55,2023-05-11,30.9,68,0.2,4.4,167,986.9
55,2023-05-12,28.8,82,10.2,4.3,135,987.5
55,2023-05-13,29.0,80,6.1,5.7,123,987.5
55,2023-05-14,29.1,76,8.1,6.5,154,986.4
55,2023-05-15,28.8,78,0.9,8.2,191,986.4
55,2023-05-16,29.7,75,0.9,7.6,213,986.9
55,2023-05-17,30.9,71,0.0,6.4,220,986.8
55,2023-05-18,32.7,65,0.0,6.6,238,985.6
55,2023-05-19,32.8,62,0.1,6.7,221,983.8
55,2023-05-20,32.8,64,0.0,6.0,211,983.4
55,2023-05-21,33.2,63,0.0,5.9,205,984.4
55,2023-05-22,32.6,66,0.3,6.6,212,984.9
55,2023-05-23,31.7,67,2.1,5.9,210,985.0
55,2023-05-24,31.9,68,3.0,7.0,192,984.5
55,2023-05-25,31.1,71,9.9,5.2,158,985.1
55,2023-05-26,31.9,69,0.2,5.9,179,985.0
55,2023-05-27,31.7,69,1.6,5.2,172,983.7
55,2023-05-28,31.3,72,1.4,4.7,141,983.3
55,2023-05-29,30.4,76,1.9,4.1,161,984.8
55,2023-05-30,31.6,72,1.0,3.7,201,984.2
55,2023-05-31,32.2,71,2.1,4.7,200,982.5
55,2023-06-01,32.4,68,0.2,6.6,201,981.6
55,2023-06-02,32.3,63,0.1,7.8,196,982.1
55,2023-06-03,31.8,67,1.3,6.3,195,983.6
55,2023-06-04,32.2,66,0.0,7.4,197,983.4
55,2023-06-05,31.3,69,0.2,7.5,176,982.8
55,2023-06-06,29.4,78,9.3,3.8,140,983.0
55,2023-06-07,29.3,81,2.2,4.2,153,983.4
55,2023-06-08,29.7,81,6.7,4.9,173,983.6
55,2023-06-09,29.4,81,6.4,4.8,174,983.1
55,2023-06-10,28.9,82,3.0,4.3,165,982.2
55,2023-06-11,30.0,77,0.1,6.3,185,981.4
55,2023-06-12,30.2,77,2.8,7.1,185,981.5
55,2023-06-13,29.9,77,2.8,9.3,194,982.3
55,2023-06-14,29.6,78,3.9,8.6,194,984.1
55,2023-06-15,29.2,81,9.5,6.0,195,984.0
55,2023-06-16,30.2,77,3.3,6.6,197,983.3
55,2023-06-17,31.0,73,4.1,6.1,193,983.9
55,2023-06-18,30.5,77,1.5,6.7,184,983.8
55,2023-06-19,30.0,77,3.3,7.3,194,983.9
55,2023-06-20,29.4,78,0.9,6.9,192,984.5
55,2023-06-21,30.0,75,2.7,7.6,207,985.3
55,2023-06-22,30.7,72,0.0,6.5,209,985.4
55,2023-06-23,31.7,68,0.0,6.9,213,984.1
55,2023-06-24,30.7,71,0.7,8.3,219,983.1
55,2023-06-25,28.1,87,16.9,4.1,185,983.9
55,2023-06-26,27.8,88,25.2,4.3,180,983.8
55,2023-06-27,29.1,82,4.0,4.8,162,984.4
55,2023-06-28,29.1,83,2.7,3.5,110,985.9
55,2023-06-29,30.8,78,8.6,3.6,213,984.1
55,2023-06-30,29.4,83,6.0,5.0,208,983.1
55,2023-07-01,30.0,80,4.2,5.8,198,983.1
55,2023-07-02,29.5,82,16.1,4.9,197,984.1
55,2023-07-03,28.6,85,4.2,7.5,195,984.8
55,2023-07-04,28.0,86,8.2,6.7,183,985.4
55,2023-07-05,29.2,79,3.1,5.7,193,985.6
55,2023-07-06,30.7,75,0.1,5.0,204,986.1
55,2023-07-07,31.7,73,0.1,4.4,195,985.6
55,2023-07-08,31.7,73,2.3,4.5,166,985.5
55,2023-07-09,30.0,80,3.7,4.8,150,985.6
55,2023-07-10,29.9,78,1.4,4.5,163,985.8
55,2023-07-11,29.5,79,4.1,5.3,182,985.8
55,2023-07-12,29.2,79,0.5,5.3,189,986.1
55,2023-07-13,29.7,81,3.9,3.9,201,985.2
55,2023-07-14,29.9,78,7.2,6.2,218,984.4
55,2023-07-15,29.8,79,14.9,5.1,220,982.8
55,2023-07-16,28.5,88,11.4,3.7,225,981.9
55,2023-07-17,30.0,82,5.5,3.3,202,979.8
55,2023-07-18,29.9,82,8.0,5.0,203,979.8
55,2023-07-19,29.6,79,2.9,6.0,183,980.2
55,2023-07-20,28.9,85,5.4,4.0,151,982.7
55,2023-07-21,30.0,82,0.7,2.8,92,985.0
55,2023-07-22,31.5,74,5.2,4.3,119,986.0
55,2023-07-23,30.6,75,2.7,3.1,152,985.8
55,2023-07-24,30.5,74,2.6,4.1,167,984.3
55,2023-07-25,30.3,76,0.1,3.9,176,984.6
55,2023-07-26,30.8,76,0.0,5.7,209,984.4
55,2023-07-27,31.5,73,2.4,7.4,220,982.4
55,2023-07-28,30.7,74,2.4,8.6,229,980.1
55,2023-07-29,27.6,92,19.1,5.4,196,980.2
55,2023-07-30,28.4,86,25.6,7.3,191,980.8
55,2023-07-31,28.3,86,3.9,7.4,183,982.8
55,2023-08-01,28.0,91,16.2,5.7,184,983.6
55,2023-08-02,27.7,94,11.3,5.3,200,983.4
55,2023-08-03,28.1,91,32.1,5.4,208,982.7
55,2023-08-04,27.4,92,13.7,6.6,210,984.7
55,2023-08-05,26.1,96,17.0,7.0,197,985.9
55,2023-08-06,26.4,95,15.1,6.6,198,983.9
55,2023-08-07,26.0,95,22.6,8.6,208,982.7
55,2023-08-08,25.6,97,29.3,5.7,187,983.9
55,2023-08-09,27.2,89,2.9,6.6,196,985.5
55,2023-08-10,28.8,83,1.8,6.0,201,985.2
55,2023-08-11,29.5,79,0.1,6.6,200,983.7
55,2023-08-12,29.2,82,2.2,6.4,197,982.6
55,2023-08-13,29.2,83,2.2,5.1,187,982.7
55,2023-08-14,29.0,84,2.3,5.6,188,982.8
55,2023-08-15,28.8,84,5.1,5.6,175,983.4
55,2023-08-16,29.4,82,3.1,6.0,183,984.3
55,2023-08-17,30.0,78,1.0,4.6,177,984.9
55,2023-08-18,30.9,78,0.9,3.4,209,984.1
55,2023-08-19,31.0,77,0.3,3.3,200,983.6
55,2023-08-20,30.2,81,1.8,2.6,139,983.1
55,2023-08-21,29.8,81,4.3,3.6,152,984.0
55,2023-08-22,29.2,83,4.5,3.8,153,984.7
55,2023-08-23,29.4,81,2.3,5.5,185,983.8
55,2023-08-24,29.1,83,4.5,5.3,190,983.5
55,2023-08-25,28.8,84,8.8,5.1,182,984.1
55,2023-08-26,28.5,85,7.7,5.4,188,984.2
55,2023-08-27,28.0,87,5.5,5.6,193,983.3
55,2023-08-28,29.3,82,2.7,4.7,192,981.9
55,2023-08-29,29.2,83,1.2,3.3,152,982.4
55,2023-08-30,28.3,89,5.6,2.6,130,984.4
55,2023-08-31,28.8,87,3.3,2.1,212,984.5
55,2023-09-01,29.8,83,8.0,2.1,195,983.8
55,2023-09-02,29.8,83,2.1,2.2,168,982.6
55,2023-09-03,30.7,77,1.4,2.0,135,981.5
55,2023-09-04,29.9,79,4.5,2.5,142,981.0
55,2023-09-05,28.4,89,21.1,2.9,112,983.3
55,2023-09-06,28.1,89,12.5,3.3,188,985.5
55,2023-09-07,28.2,89,12.9,3.1,187,985.9
55,2023-09-08,28.7,87,4.4,2.9,186,985.0
55,2023-09-09,28.9,86,5.9,2.8,145,983.3
55,2023-09-10,27.8,89,15.1,3.5,168,983.0
55,2023-09-11,28.0,88,9.6,5.4,181,983.5
55,2023-09-12,28.0,85,14.2,7.0,202,984.4
55,2023-09-13,27.3,89,7.7,4.1,210,985.2
55,2023-09-14,27.8,89,15.4,3.6,202,984.9
55,2023-09-15,27.5,95,19.1,2.3,189,984.1
55,2023-09-16,27.5,92,20.8,3.7,66,984.6
55,2023-09-17,27.7,91,6.8,3.2,99,985.2
55,2023-09-18,27.9,89,5.1,3.4,154,986.9
55,2023-09-19,28.1,84,4.6,3.6,198,988.7
55,2023-09-20,29.2,83,0.5,2.7,245,987.8
55,2023-09-21,29.8,83,1.5,2.3,190,987.1
55,2023-09-22,29.9,83,0.5,3.1,151,986.9
55,2023-09-23,30.5,78,0.8,2.0,154,986.7
55,2023-09-24,30.3,79,0.1,2.1,190,985.5
55,2023-09-25,29.5,80,3.2,2.3,45,984.6
55,2023-09-26,29.2,83,0.4,3.9,42,983.8
55,2023-09-27,27.8,93,16.5,3.0,73,982.9
55,2023-09-28,27.4,91,9.5,6.1,105,985.2
55,2023-09-29,27.3,91,18.4,3.3,121,987.9
55,2023-09-30,27.7,89,7.7,4.0,159,988.5
55,2023-10-01,29.0,83,7.5,3.7,182,987.1
55,2023-10-02,29.7,82,4.5,3.4,181,987.4
55,2023-10-03,30.2,81,0.2,2.2,183,987.5
55,2023-10-04,30.4,81,1.4,2.8,144,987.2
55,2023-10-05,29.8,82,0.9,2.4,159,986.1
55,2023-10-06,29.4,84,5.9,3.4,152,985.9
55,2023-10-07,27.9,89,4.4,2.9,150,986.8
55,2023-10-08,27.3,91,18.1,3.5,151,988.0
55,2023-10-09,26.7,93,30.5,3.3,85,989.3
55,2023-10-10,27.8,85,1.6,4.5,77,990.0
55,2023-10-11,28.0,87,6.3,3.1,62,990.8
55,2023-10-12,28.0,86,1.6,3.1,60,991.6
55,2023-10-13,28.1,84,0.6,2.6,99,990.9
55,2023-10-14,28.0,86,1.1,3.1,145,989.0
55,2023-10-15,27.6,88,4.8,2.9,45,988.1
55,2023-10-16,28.2,84,1.4,2.9,42,989.3
55,2023-10-17,28.5,81,0.3,2.2,58,989.8
55,2023-10-18,28.6,80,0.1,1.3,149,989.5
55,2023-10-19,28.8,83,0.5,2.3,232,989.0
55,2023-10-20,28.8,83,5.5,2.5,71,989.8
55,2023-10-21,28.1,86,1.6,3.6,57,992.0
55,2023-10-22,28.3,84,2.0,3.7,74,992.3
55,2023-10-23,28.2,81,0.2,2.5,74,991.6
55,2023-10-24,28.5,80,0.0,2.1,75,990.8
55,2023-10-25,28.7,81,1.4,2.2,59,990.4
55,2023-10-26,28.6,82,2.6,2.5,108,989.7
55,2023-10-27,28.5,82,0.7,2.5,113,989.5
55,2023-10-28,27.6,85,1.6,1.9,120,989.6
55,2023-10-29,27.8,84,0.5,1.8,105,990.1
55,2023-10-30,27.0,87,8.6,2.8,41,991.2
55,2023-10-31,26.8,87,3.8,3.4,11,993.0
55,2023-11-01,27.7,82,0.2,2.3,55,992.5
55,2023-11-02,28.1,77,0.0,2.0,36,990.7
55,2023-11-03,28.6,77,0.0,1.3,176,988.3
55,2023-11-04,28.8,78,0.1,1.7,208,988.3
55,2023-11-05,29.3,75,0.2,1.8,217,989.4
55,2023-11-06,29.5,74,0.0,1.9,35,989.9
55,2023-11-07,29.8,69,0.1,3.8,123,990.0
55,2023-11-08,30.0,68,0.0,1.4,240,989.2
55,2023-11-09,30.1,68,0.0,1.7,151,989.4
55,2023-11-10,30.1,68,0.1,1.4,53,990.7
55,2023-11-11,30.4,66,0.0,2.0,85,991.1
55,2023-11-12,29.5,69,1.0,2.9,79,991.8
55,2023-11-13,29.0,74,0.8,4.2,80,992.4
55,2023-11-14,29.0,72,0.1,4.6,106,993.5
55,2023-11-15,28.9,70,0.0,3.2,100,993.6
55,2023-11-16,28.9,72,2.3,5.7,101,994.8
55,2023-11-17,26.1,70,1.6,6.6,49,996.8
55,2023-11-18,24.9,66,0.0,4.1,36,995.5
55,2023-11-19,25.0,68,0.0,4.1,40,994.4
55,2023-11-20,24.8,66,0.0,3.4,7,993.3
55,2023-11-21,25.3,67,0.0,2.8,11,991.2
55,2023-11-22,25.5,68,0.0,1.9,53,989.7
55,2023-11-23,26.2,67,0.0,3.7,104,990.2
55,2023-11-24,26.6,67,0.0,3.2,64,991.7
55,2023-11-25,27.0,69,0.0,3.8,81,992.2
55,2023-11-26,26.6,66,0.0,4.6,34,993.0
55,2023-11-27,27.1,66,0.0,3.8,23,992.5
55,2023-11-28,25.8,68,0.0,3.8,68,991.8
55,2023-11-29,25.7,70,0.0,3.5,15,991.7
55,2023-11-30,26.8,69,0.0,4.2,43,992.4
55,2023-12-01,27.6,72,0.0,4.0,48,991.8
55,2023-12-02,28.0,74,0.4,4.4,103,992.2
55,2023-12-03,28.3,73,0.0,4.9,109,992.0
55,2023-12-04,28.3,68,0.0,3.5,114,990.9
55,2023-12-05,28.4,68,0.0,2.5,157,989.7
55,2023-12-06,28.8,69,0.0,2.3,25,990.5
55,2023-12-07,28.0,71,0.7,6.1,106,991.4
55,2023-12-08,27.8,73,0.0,3.9,156,990.5
55,2023-12-09,28.2,74,0.0,2.7,178,989.0
55,2023-12-10,28.7,73,0.0,2.8,196,987.6
55,2023-12-11,29.2,72,0.0,1.8,14,988.7
55,2023-12-12,29.3,69,0.0,3.9,134,988.9
55,2023-12-13,28.4,68,0.0,6.0,131,990.8
55,2023-12-14,27.4,66,0.0,2.1,131,991.6
55,2023-12-15,26.9,69,0.0,1.4,27,990.8
55,2023-12-16,26.9,68,0.0,2.4,85,990.5
55,2023-12-17,26.8,70,0.0,6.0,126,991.9
55,2023-12-18,26.5,71,0.0,5.0,119,992.7
55,2023-12-19,26.4,70,0.0,2.9,106,992.5
55,2023-12-20,26.4,70,0.0,5.0,108,992.0
55,2023-12-21,25.5,63,0.0,7.9,125,993.5
55,2023-12-22,23.4,63,0.0,8.0,115,997.1
55,2023-12-23,21.9,70,0.0,4.7,67,998.2
55,2023-12-24,21.4,70,0.0,4.1,68,998.6
55,2023-12-25,22.1,70,0.0,3.3,74,997.4
55,2023-12-26,22.5,69,0.0,2.9,85,996.3
55,2023-12-27,23.3,69,0.0,3.2,59,996.0
55,2023-12-28,24.2,64,0.0,2.5,47,994.4
55,2023-12-29,24.6,63,0.0,2.8,55,993.0
55,2023-12-30,24.7,63,0.0,2.3,25,991.7
55,2023-12-31,24.7,68,0.0,2.3,61,991.3
55,2024-01-01,25.2,69,0.0,2.3,102,990.9
55,2024-01-02,25.6,66,0.0,2.0,38,990.7
55,2024-01-03,25.3,65,0.0,3.8,107,991.0
55,2024-01-04,24.8,68,0.0,5.6,134,991.4
55,2024-01-05,24.9,68,0.0,2.6,108,991.4
55,2024-01-06,26.0,65,0.0,3.6,98,991.8
55,2024-01-07,25.3,69,0.0,4.2,123,992.0
55,2024-01-08,26.3,66,0.0,1.9,149,990.9
55,2024-01-09,26.6,69,0.0,2.8,191,989.3
55,2024-01-10,26.9,69,0.0,4.1,159,988.5
55,2024-01-11,27.4,69,0.1,4.7,164,989.1
55,2024-01-12,26.9,72,0.2,5.0,152,988.8
55,2024-01-13,26.5,76,1.2,5.1,120,990.0
55,2024-01-14,26.8,70,0.0,5.7,123,991.6
55,2024-01-15,26.8,65,0.0,7.4,124,991.7
55,2024-01-16,26.6,62,0.0,6.3,129,991.3
55,2024-01-17,26.4,61,0.0,5.4,141,990.6
55,2024-01-18,26.1,65,0.0,3.1,184,990.0
55,2024-01-19,26.0,64,0.0,3.2,195,989.1
55,2024-01-20,25.9,59,0.0,2.1,223,989.3
55,2024-01-21,25.0,62,0.0,5.0,204,989.7
55,2024-01-22,24.8,63,0.0,2.5,163,990.7
55,2024-01-23,24.9,66,0.0,9.3,129,992.7
55,2024-01-24,23.9,59,0.0,9.3,127,994.8
55,2024-01-25,22.7,66,0.1,8.8,129,996.4
55,2024-01-26,22.6,70,0.9,4.7,123,997.0
55,2024-01-27,24.7,73,0.6,4.9,124,995.3
55,2024-01-28,23.5,74,2.1,8.3,128,994.8
55,2024-01-29,23.4,79,4.0,6.1,134,994.6
55,2024-01-30,24.1,79,0.8,4.5,163,993.3
55,2024-01-31,25.0,76,0.0,4.0,210,992.5
55,2024-02-01,25.2,67,0.0,3.1,214,991.8
55,2024-02-02,25.3,60,0.0,3.5,228,990.5
55,2024-02-03,26.2,59,0.0,4.0,220,990.3
55,2024-02-04,25.1,58,0.0,2.8,236,990.8
55,2024-02-05,24.8,57,0.0,2.5,234,990.8
55,2024-02-06,24.8,58,0.0,3.6,222,990.9
55,2024-02-07,25.0,60,0.0,2.6,229,989.7
55,2024-02-08,26.3,60,0.0,3.5,209,988.0
55,2024-02-09,27.2,63,0.0,6.1,144,989.8
55,2024-02-10,26.2,64,0.1,10.9,120,994.8
55,2024-02-11,24.8,64,0.0,6.1,110,998.0
55,2024-02-12,25.7,64,0.0,4.0,114,995.9
55,2024-02-13,26.1,64,0.0,2.5,145,993.4
55,2024-02-14,26.9,61,0.0,2.2,190,991.4
55,2024-02-15,27.2,59,0.0,1.8,9,991.4
55,2024-02-16,27.4,58,0.0,4.1,142,990.8
55,2024-02-17,28.1,62,0.0,6.8,197,988.5
55,2024-02-18,28.5,60,0.0,6.2,203,988.4
55,2024-02-19,28.3,63,0.0,5.5,211,988.4
55,2024-02-20,29.5,63,0.0,8.0,199,987.3
55,2024-02-21,29.0,61,0.0,6.1,209,987.4
55,2024-02-22,28.3,60,0.0,4.5,199,988.6
55,2024-02-23,29.0,65,0.0,5.2,203,989.4
55,2024-02-24,29.4,62,0.0,5.1,176,989.4
55,2024-02-25,29.5,61,0.2,5.5,142,989.6
55,2024-02-26,30.1,60,0.0,4.1,119,989.9
55,2024-02-27,30.2,59,0.0,6.7,145,989.2
55,2024-02-28,30.7,58,0.1,7.2,168,987.6
55,2024-02-29,30.9,58,0.0,5.6,186,987.3
55,2024-03-01,29.9,62,0.0,6.8,159,988.1
55,2024-03-02,29.5,57,0.1,9.2,141,989.1
55,2024-03-03,29.5,57,0.0,7.7,169,988.3
55,2024-03-04,30.3,56,0.0,5.9,200,986.3
55,2024-03-05,29.6,53,0.0,4.5,223,985.4
55,2024-03-06,29.1,53,0.0,2.6,346,984.9
55,2024-03-07,28.8,54,0.0,2.5,186,985.0
55,2024-03-08,29.9,59,0.0,7.1,143,986.1
55,2024-03-09,30.7,60,0.0,9.2,149,987.2
55,2024-03-10,30.4,61,0.0,7.4,165,989.1
55,2024-03-11,30.6,58,0.1,6.1,158,990.0
55,2024-03-12,29.7,66,0.7,8.5,154,989.5
55,2024-03-13,31.0,56,0.0,7.6,186,988.1
55,2024-03-14,29.8,52,0.0,5.0,193,987.5
55,2024-03-15,28.8,57,0.0,2.6,194,987.7
55,2024-03-16,29.7,56,0.0,3.7,192,988.3
55,2024-03-17,30.5,61,0.0,5.3,187,988.5
55,2024-03-18,31.3,61,0.0,3.8,182,987.3
55,2024-03-19,29.6,69,7.5,6.4,134,988.8
55,2024-03-20,27.1,74,5.7,7.8,130,993.3
55,2024-03-21,29.3,62,0.1,5.2,149,990.3
55,2024-03-22,30.1,64,0.1,5.7,196,986.0
55,2024-03-23,30.3,62,0.0,7.2,202,985.4
55,2024-03-24,30.5,53,0.0,6.8,207,987.2
55,2024-03-25,30.2,48,0.0,3.5,211,987.7
55,2024-03-26,30.1,51,0.0,4.8,171,988.9
55,2024-03-27,31.7,58,0.5,6.5,167,990.7
55,2024-03-28,32.3,53,0.0,5.5,200,987.7
55,2024-03-29,31.9,51,0.0,8.0,195,987.3
55,2024-03-30,32.8,49,0.0,8.9,197,988.0
55,2024-03-31,33.1,48,0.0,7.9,205,987.2
55,2024-04-01,33.3,46,0.0,6.7,206,984.5
55,2024-04-02,33.4,50,0.0,7.3,209,983.2
55,2024-04-03,33.6,52,0.0,7.8,209,983.9
55,2024-04-04,34.1,54,0.0,6.4,203,983.8
55,2024-04-05,33.9,58,0.0,6.6,200,983.2
55,2024-04-06,34.1,59,0.0,7.2,189,983.8
55,2024-04-07,34.4,60,0.0,7.7,197,983.6
55,2024-04-08,34.8,58,0.1,6.8,190,984.9
55,2024-04-09,33.0,61,0.6,6.6,154,986.1
55,2024-04-10,30.7,67,0.2,6.0,152,988.7
55,2024-04-11,31.5,61,2.1,3.9,147,988.5
55,2024-04-12,32.1,60,1.9,2.7,162,987.3
55,2024-04-13,33.3,59,0.3,4.6,202,986.1
55,2024-04-14,32.8,61,1.5,5.2,203,986.4
55,2024-04-15,32.1,60,3.9,4.5,211,987.2
55,2024-04-16,32.0,60,0.2,4.6,213,985.8
55,2024-04-17,33.4,60,0.0,7.8,196,984.1
55,2024-04-18,33.2,57,0.0,7.1,198,982.9
55,2024-04-19,32.3,58,0.0,7.7,206,981.7
55,2024-04-20,32.8,58,0.0,8.7,197,981.6
55,2024-04-21,33.7,55,0.0,8.1,201,982.4
55,2024-04-22,34.4,53,0.0,7.7,199,982.1
55,2024-04-23,34.6,55,0.0,8.0,191,982.0
55,2024-04-24,34.6,57,0.0,9.3,192,982.5
55,2024-04-25,34.4,56,0.0,7.0,200,982.8
55,2024-04-26,34.3,55,0.0,8.0,196,981.9
55,2024-04-27,34.6,52,0.0,6.8,200,981.9
55,2024-04-28,35.0,51,0.0,7.6,199,982.4
55,2024-04-29,35.0,52,0.0,8.9,202,982.9
55,2024-04-30,35.1,51,0.0,9.2,199,980.5
55,2024-05-01,35.0,53,0.0,7.7,203,980.0
55,2024-05-02,35.1,55,0.0,7.2,192,981.3
55,2024-05-03,31.9,65,4.9,4.7,136,984.1
55,2024-05-04,31.6,62,2.8,4.7,185,983.3
55,2024-05-05,33.6,57,0.0,8.2,183,982.5
55,2024-05-06,33.9,54,0.0,8.3,158,984.8
55,2024-05-07,31.1,67,5.7,6.9,150,987.8
55,2024-05-08,30.6,69,3.6,3.5,146,987.7
55,2024-05-09,30.6,68,6.4,5.8,144,987.2
55,2024-05-10,30.2,71,5.1,4.0,152,987.8
55,2024-05-11,29.6,74,10.4,3.9,199,989.1
55,2024-05-12,31.0,69,1.8,4.2,223,987.7
55,2024-05-13,31.2,68,9.0,4.2,174,986.2
55,2024-05-14,31.8,66,1.4,4.8,164,987.3
55,2024-05-15,32.7,66,0.0,5.1,187,987.5
55,2024-05-16,31.8,67,0.2,6.5,125,987.0
55,2024-05-17,31.1,73,3.2,5.1,186,986.0
55,2024-05-18,31.3,76,8.8,4.9,191,983.8
55,2024-05-19,32.3,71,2.6,6.9,194,981.7
55,2024-05-20,31.2,72,23.5,5.0,189,982.1
55,2024-05-21,28.6,79,15.0,5.8,135,985.0
55,2024-05-22,30.3,71,0.8,3.4,141,985.3
55,2024-05-23,29.0,80,7.0,3.9,131,984.9
55,2024-05-24,28.4,84,5.2,6.3,129,985.0
55,2024-05-25,28.8,86,7.2,5.3,163,985.4
55,2024-05-26,29.4,82,4.6,5.8,183,985.7
55,2024-05-27,29.7,80,6.6,6.7,195,984.5
55,2024-05-28,30.2,79,4.6,6.9,198,983.8
55,2024-05-29,30.2,81,2.3,7.3,198,983.1
55,2024-05-30,31.6,75,1.2,7.4,220,982.3
55,2024-05-31,31.3,76,3.8,5.9,192,982.5
55,2024-06-01,28.6,86,7.3,3.7,122,985.6
55,2024-06-02,29.1,81,4.8,6.6,190,987.0
55,2024-06-03,29.1,80,2.9,8.4,197,985.4
55,2024-06-04,29.0,83,11.3,5.3,192,984.6
55,2024-06-05,30.3,78,0.4,6.5,190,984.4
55,2024-06-06,30.0,76,5.2,8.6,194,985.6
55,2024-06-07,30.1,76,2.3,8.6,196,984.1
55,2024-06-08,29.5,79,5.6,7.3,196,982.1
55,2024-06-09,30.1,79,1.7,5.8,179,981.7
55,2024-06-10,30.6,75,0.4,6.2,159,983.0
55,2024-06-11,29.0,82,2.9,6.1,179,984.7
55,2024-06-12,28.9,83,6.5,7.5,197,986.2
55,2024-06-13,29.5,79,1.2,7.6,212,985.4
55,2024-06-14,29.7,80,1.3,7.0,197,983.6
55,2024-06-15,30.0,79,3.4,6.6,197,983.1
55,2024-06-16,30.9,75,0.6,6.9,210,983.6
55,2024-06-17,30.7,74,5.0,7.2,211,983.6
55,2024-06-18,29.7,80,6.6,7.1,210,983.1
55,2024-06-19,30.5,72,0.2,8.4,208,982.6
55,2024-06-20,31.4,70,0.5,7.7,214,982.2
55,2024-06-21,31.8,69,0.2,6.2,209,981.3
55,2024-06-22,32.8,67,0.2,5.6,186,980.6
55,2024-06-23,31.1,72,1.3,5.4,189,981.5
55,2024-06-24,29.1,83,17.2,4.8,198,981.5
55,2024-06-25,29.8,76,3.0,5.1,181,981.5
55,2024-06-26,28.8,85,21.8,4.2,144,983.9
55,2024-06-27,29.8,80,6.2,4.8,165,985.8
55,2024-06-28,31.0,73,0.0,6.5,192,984.9
55,2024-06-29,31.2,72,0.6,8.0,202,984.8
55,2024-06-30,29.2,83,9.5,6.5,188,985.7
55,2024-07-01,28.3,88,16.9,6.2,196,984.7
55,2024-07-02,29.6,79,1.0,5.9,195,983.6
55,2024-07-03,29.6,79,1.9,5.0,159,984.9
55,2024-07-04,30.2,75,0.7,5.2,169,986.2
55,2024-07-05,30.1,76,0.0,5.0,187,984.4
55,2024-07-06,29.9,79,0.7,3.5,151,983.5
55,2024-07-07,30.1,77,0.7,4.4,133,984.1
55,2024-07-08,30.2,76,3.3,5.6,184,984.3
55,2024-07-09,30.4,73,1.5,6.5,200,985.2
55,2024-07-10,29.3,79,4.6,4.8,186,985.6
55,2024-07-11,29.2,80,11.4,4.7,199,983.7
55,2024-07-12,29.5,79,2.5,4.9,188,982.2
55,2024-07-13,30.3,76,0.4,6.1,196,980.5
55,2024-07-14,30.9,74,1.2,6.6,190,981.5
55,2024-07-15,29.9,79,4.7,3.5,233,982.9
55,2024-07-16,29.1,84,9.1,4.2,191,981.7
55,2024-07-17,29.9,80,6.7,3.4,139,981.7
55,2024-07-18,27.9,90,11.9,3.5,187,982.2
55,2024-07-19,28.1,89,14.2,5.9,191,981.9
55,2024-07-20,28.1,87,25.8,4.3,184,983.8
55,2024-07-21,28.0,88,14.5,4.0,188,984.4
55,2024-07-22,27.9,91,17.8,4.4,205,984.4
55,2024-07-23,29.2,82,4.1,7.6,225,982.0
55,2024-07-24,28.6,83,16.0,9.2,216,979.2
55,2024-07-25,28.3,85,28.1,6.2,203,978.5
55,2024-07-26,28.2,86,15.8,6.6,210,980.4
55,2024-07-27,29.1,83,4.8,6.0,209,982.6
55,2024-07-28,29.0,82,1.9,5.6,203,982.4
55,2024-07-29,28.2,86,19.6,6.6,197,982.1
55,2024-07-30,26.4,94,24.5,5.6,186,983.6
55,2024-07-31,26.3,95,27.8,6.5,188,985.0
55,2024-08-01,26.2,94,44.6,7.9,187,986.0
55,2024-08-02,26.1,96,14.3,6.9,196,986.0
55,2024-08-03,27.1,92,9.2,4.9,188,986.1
55,2024-08-04,28.2,85,10.8,5.8,196,985.8
55,2024-08-05,28.7,82,5.6,3.7,174,985.4
55,2024-08-06,28.6,84,4.1,4.0,184,984.9
55,2024-08-07,29.6,80,5.7,4.8,192,985.3
55,2024-08-08,29.9,77,0.4,5.7,200,986.1
55,2024-08-09,30.4,78,0.2,5.1,202,985.0
55,2024-08-10,30.8,77,1.0,5.4,216,983.4
55,2024-08-11,30.2,82,0.2,4.8,200,981.8
55,2024-08-12,27.4,92,19.7,4.9,170,981.8
55,2024-08-13,27.5,90,13.3,6.5,185,983.3
55,2024-08-14,28.7,84,3.5,5.1,186,984.3
55,2024-08-15,29.4,82,1.5,4.1,187,983.7
55,2024-08-16,29.6,82,10.2,4.2,180,983.2
55,2024-08-17,28.2,89,12.6,3.6,126,985.0
55,2024-08-18,28.9,87,10.8,3.3,166,985.7
55,2024-08-19,28.4,89,21.8,3.9,193,985.0
55,2024-08-20,27.4,91,7.2,4.6,185,986.0
55,2024-08-21,26.5,94,15.1,5.9,194,986.4
55,2024-08-22,28.5,86,3.8,5.9,176,986.4
55,2024-08-23,27.9,88,6.4,4.2,157,987.9
55,2024-08-24,28.5,86,8.5,3.6,186,987.3
55,2024-08-25,28.2,84,10.2,4.7,187,986.1
55,2024-08-26,29.0,81,6.4,4.4,175,985.1
55,2024-08-27,27.1,90,15.2,3.7,105,985.8
55,2024-08-28,27.8,87,4.3,3.4,170,984.7
55,2024-08-29,29.1,82,0.7,3.9,192,984.5
55,2024-08-30,28.9,82,1.2,4.6,196,985.2
55,2024-08-31,29.0,82,2.2,3.9,180,985.1
55,2024-09-01,29.1,84,4.6,2.6,54,984.7
55,2024-09-02,29.2,85,5.9,2.4,96,984.9
55,2024-09-03,29.3,83,11.9,2.3,54,985.6
55,2024-09-04,29.6,82,1.3,3.9,196,983.5
55,2024-09-05,28.2,89,15.1,2.5,183,982.4
55,2024-09-06,28.8,86,0.8,4.5,273,982.0
55,2024-09-07,29.6,82,0.0,6.8,219,981.9
55,2024-09-08,29.1,79,2.7,8.3,223,982.3
55,2024-09-09,27.3,90,22.1,7.8,197,982.3
55,2024-09-10,26.8,93,31.2,7.7,170,982.4
55,2024-09-11,27.4,89,14.0,4.5,155,984.9
55,2024-09-12,28.5,84,3.6,3.3,193,985.6
55,2024-09-13,28.9,83,2.7,2.9,140,984.0
55,2024-09-14,27.7,90,10.8,1.7,144,982.7
55,2024-09-15,28.8,87,4.6,2.8,218,981.8
55,2024-09-16,29.0,85,2.6,3.5,223,982.2
55,2024-09-17,28.9,86,9.8,2.4,86,982.3
55,2024-09-18,28.7,86,3.0,2.7,49,981.8
55,2024-09-19,29.2,84,2.7,3.7,346,981.0
55,2024-09-20,26.9,94,17.9,2.2,194,981.0
55,2024-09-21,27.4,96,24.9,1.9,163,981.7
55,2024-09-22,27.8,90,5.7,2.2,66,982.9
55,2024-09-23,26.3,96,51.0,2.3,174,985.8
55,2024-09-24,25.9,94,36.6,2.9,144,987.8
55,2024-09-25,25.7,94,10.3,3.4,153,988.8
55,2024-09-26,27.8,86,0.5,2.7,148,988.8
55,2024-09-27,29.0,83,0.4,2.0,212,988.3
55,2024-09-28,29.6,82,0.5,3.4,206,987.0
55,2024-09-29,28.7,89,10.4,3.7,187,986.1
55,2024-09-30,28.7,88,5.5,4.2,196,984.5
55,2024-10-01,27.1,93,94.4,2.6,125,984.5
55,2024-10-02,27.9,85,5.5,6.7,118,987.6
55,2024-10-03,26.6,88,6.4,4.4,112,989.1
55,2024-10-04,28.3,81,0.0,3.7,104,989.8
55,2024-10-05,28.7,81,0.1,2.4,97,989.4
55,2024-10-06,29.1,81,0.0,2.3,101,989.9
55,2024-10-07,28.9,76,0.0,2.9,95,991.1
55,2024-10-08,28.7,81,0.2,2.5,85,990.5
55,2024-10-09,28.7,82,0.3,3.6,91,989.2
55,2024-10-10,28.7,81,0.1,3.4,89,988.7
55,2024-10-11,28.9,78,0.0,3.1,92,988.5
55,2024-10-12,28.7,79,0.0,2.5,105,989.3
55,2024-10-13,29.1,78,0.8,2.7,111,989.2
55,2024-10-14,29.3,78,0.0,2.1,149,988.4
55,2024-10-15,29.0,79,0.7,2.4,43,988.6
55,2024-10-16,29.0,78,0.2,2.2,45,988.7
55,2024-10-17,28.9,80,0.2,2.3,74,988.6
55,2024-10-18,29.3,81,0.2,1.9,178,987.8
55,2024-10-19,28.9,80,1.2,2.9,86,988.8
55,2024-10-20,28.6,80,1.2,4.2,77,990.3
55,2024-10-21,28.5,78,2.0,3.7,79,989.8
55,2024-10-22,28.3,81,2.1,3.2,48,989.6
55,2024-10-23,28.3,81,1.0,2.9,44,990.2
55,2024-10-24,28.3,80,0.0,3.0,355,988.9
55,2024-10-25,29.2,78,0.0,2.7,304,987.0
55,2024-10-26,29.6,78,0.1,3.0,328,984.6
55,2024-10-27,30.2,71,0.0,4.4,26,983.2
55,2024-10-28,28.8,67,0.0,5.3,36,984.3
55,2024-10-29,28.5,69,0.0,3.7,16,986.1
55,2024-10-30,28.3,72,0.0,1.7,157,987.8
55,2024-10-31,28.3,78,0.1,2.7,252,987.5
55,2024-11-01,28.6,76,0.1,2.4,71,987.9
55,2024-11-02,28.7,75,0.0,3.8,100,990.1
55,2024-11-03,27.4,71,0.0,3.5,87,991.1
55,2024-11-04,26.7,73,0.0,3.2,73,991.3
55,2024-11-05,25.9,84,1.9,2.9,34,992.6
55,2024-11-06,25.7,85,0.4,3.1,31,992.9
55,2024-11-07,26.3,77,0.0,5.3,117,992.2
55,2024-11-08,26.3,75,0.1,4.2,2,992.3
55,2024-11-09,26.7,75,0.0,4.3,347,991.2
55,2024-11-10,27.2,75,0.0,2.9,66,990.7
55,2024-11-11,27.2,70,0.0,2.2,143,990.1
55,2024-11-12,27.1,73,0.0,2.5,349,988.9
55,2024-11-13,27.9,74,0.0,1.5,12,987.7
55,2024-11-14,28.5,75,0.0,2.4,1,987.7
55,2024-11-15,28.5,75,0.0,3.7,340,987.4
55,2024-11-16,27.5,71,0.0,4.0,350,987.4
55,2024-11-17,27.3,75,0.0,3.8,75,988.4
55,2024-11-18,26.6,81,0.0,2.7,39,990.7
55,2024-11-19,26.4,78,0.0,3.4,70,991.4
55,2024-11-20,26.4,77,0.1,3.2,82,990.8
55,2024-11-21,26.2,76,0.0,3.7,97,990.6
55,2024-11-22,26.3,72,0.0,3.5,108,990.8
55,2024-11-23,26.3,74,0.0,3.5,85,991.4
55,2024-11-24,26.9,74,0.0,3.4,101,991.1
55,2024-11-25,27.1,75,0.0,4.0,90,990.6
55,2024-11-26,27.5,74,0.1,5.1,103,990.4
55,2024-11-27,27.0,75,0.0,6.2,131,991.0
55,2024-11-28,26.3,72,0.0,6.2,127,992.9
55,2024-11-29,24.6,71,0.0,4.8,129,993.7
55,2024-11-30,24.3,75,0.0,2.3,56,990.9
55,2024-12-01,24.7,76,0.0,2.3,356,988.4
55,2024-12-02,25.4,78,0.0,1.8,114,987.8
55,2024-12-03,26.3,79,0.0,2.6,124,988.3
55,2024-12-04,26.8,76,0.0,2.7,131,988.1
55,2024-12-05,27.0,77,0.0,4.5,154,988.2
55,2024-12-06,27.0,77,0.2,5.3,146,987.9
55,2024-12-07,26.4,76,0.0,5.2,129,989.2
55,2024-12-08,26.3,74,0.0,6.0,128,990.4
55,2024-12-09,25.5,75,0.0,3.8,129,990.1
55,2024-12-10,25.6,75,0.0,2.7,139,988.3
55,2024-12-11,25.8,74,0.0,2.5,26,988.3
55,2024-12-12,25.7,75,0.0,3.0,76,988.6
55,2024-12-13,27.0,76,0.0,4.2,108,989.7
55,2024-12-14,25.6,77,0.6,4.2,136,992.4
55,2024-12-15,22.4,88,4.7,4.1,91,994.9
55,2024-12-16,22.4,84,0.9,3.2,60,995.2
55,2024-12-17,22.7,82,0.0,3.0,52,992.8
55,2024-12-18,23.5,79,0.0,4.5,116,992.1
55,2024-12-19,23.3,74,0.0,5.5,125,992.8
55,2024-12-20,22.3,74,0.0,4.0,125,991.6
55,2024-12-21,21.9,74,0.0,3.7,121,991.5
55,2024-12-22,21.6,75,0.0,5.0,134,992.1
55,2024-12-23,22.0,75,0.0,3.2,112,991.6
55,2024-12-24,22.2,76,0.0,2.3,97,992.2
55,2024-12-25,22.7,72,0.0,2.1,29,993.2
55,2024-12-26,22.9,73,0.0,2.9,355,994.0
55,2024-12-27,23.9,77,0.0,2.8,16,994.0
55,2024-12-28,25.0,78,0.0,3.5,85,994.6
55,2024-12-29,23.4,74,0.0,3.9,115,993.7
55,2024-12-30,22.9,77,0.0,2.7,127,992.4
55,2024-12-31,22.8,77,0.0,4.7,134,992.4
55,2025-01-01,22.8,73,0.0,2.6,126,991.0
55,2025-01-02,22.8,74,0.0,2.6,107,990.6
55,2025-01-03,23.0,71,0.0,3.5,120,992.2
55,2025-01-04,21.8,70,0.0,3.2,124,991.7
55,2025-01-05,21.9,69,0.0,3.1,117,993.4
55,2025-01-06,21.1,72,0.0,2.1,73,991.8
55,2025-01-07,21.1,71,0.0,1.6,80,990.9
55,2025-01-08,21.5,74,0.0,3.3,115,990.5
55,2025-01-09,23.1,71,0.0,4.5,110,992.4
55,2025-01-10,23.5,70,0.0,6.7,128,995.1
55,2025-01-11,21.9,67,0.0,7.4,115,997.5
55,2025-01-12,19.3,66,0.0,3.9,103,997.8
55,2025-01-13,18.4,71,0.0,2.8,124,994.1
55,2025-01-14,19.1,66,0.0,2.5,74,994.0
55,2025-01-15,21.2,68,0.0,3.5,44,994.5
55,2025-01-16,22.7,70,0.0,2.7,57,995.1
55,2025-01-17,21.6,72,0.0,4.4,123,993.3
55,2025-01-18,22.0,69,0.0,2.2,114,991.1
55,2025-01-19,21.6,69,0.0,3.6,139,989.9
55,2025-01-20,22.2,70,0.0,2.1,160,988.5
55,2025-01-21,22.7,73,0.0,3.8,176,988.5
55,2025-01-22,22.8,72,0.0,2.7,191,988.7
55,2025-01-23,23.3,70,0.0,2.3,206,988.9
55,2025-01-24,23.4,71,0.0,3.3,201,987.3
55,2025-01-25,24.1,68,0.0,2.3,214,987.0
55,2025-01-26,24.4,67,0.0,6.4,125,988.0
55,2025-01-27,21.7,64,0.1,8.5,127,991.5
55,2025-01-28,21.5,65,0.0,6.4,118,993.5
55,2025-01-29,21.7,66,0.0,4.8,126,994.0
55,2025-01-30,22.8,68,0.0,5.2,160,990.1
55,2025-01-31,23.6,69,0.0,3.7,187,988.1
55,2025-02-01,24.6,66,0.0,2.1,226,987.2
55,2025-02-02,24.4,65,0.0,2.0,307,986.7
55,2025-02-03,24.9,65,0.0,2.9,97,987.5
55,2025-02-04,24.8,62,0.0,9.1,128,990.0
55,2025-02-05,25.2,63,0.0,5.7,156,988.3
55,2025-02-06,25.9,67,0.0,4.4,180,987.6
55,2025-02-07,26.3,66,0.0,4.6,138,988.8
55,2025-02-08,26.1,60,0.0,9.5,126,990.8
55,2025-02-09,24.7,57,0.0,8.4,128,991.9
55,2025-02-10,24.3,62,0.0,5.0,132,991.1
55,2025-02-11,25.1,65,0.0,4.5,168,990.0
55,2025-02-12,25.9,64,0.0,3.3,179,989.3
55,2025-02-13,26.1,62,0.0,4.1,174,988.8
55,2025-02-14,26.3,61,0.0,4.9,186,988.1
55,2025-02-15,25.9,61,0.0,3.9,210,987.0
55,2025-02-16,26.1,56,0.0,4.0,204,987.5
55,2025-02-17,26.5,64,0.0,3.7,133,989.4
55,2025-02-18,26.9,68,0.1,5.4,138,990.1
55,2025-02-19,26.5,71,0.8,4.8,127,990.6
55,2025-02-20,26.9,70,0.0,3.6,121,990.5
55,2025-02-21,26.2,72,0.5,5.7,148,991.1
55,2025-02-22,27.4,67,0.1,3.5,124,991.3
55,2025-02-23,27.8,63,0.2,6.9,123,992.8
55,2025-02-24,25.6,66,0.0,9.4,126,995.4
55,2025-02-25,23.6,75,0.1,5.7,134,997.1
55,2025-02-26,26.2,68,0.0,2.8,142,995.0
55,2025-02-27,27.8,64,0.0,2.1,131,991.3
55,2025-02-28,29.4,61,0.0,2.5,201,989.0
55,2025-03-01,30.0,58,0.0,4.9,211,987.1
55,2025-03-02,29.9,58,0.0,3.9,209,985.5
55,2025-03-03,29.3,57,0.0,2.7,208,985.1
55,2025-03-04,28.5,59,0.0,3.3,214,984.6
55,2025-03-05,28.5,55,0.0,4.6,206,984.3
55,2025-03-06,28.4,54,0.0,5.2,202,985.9
55,2025-03-07,26.9,63,0.2,11.3,124,988.0
55,2025-03-08,26.2,64,0.0,9.5,133,990.2
55,2025-03-09,27.5,64,0.0,3.8,134,991.5
55,2025-03-10,29.6,59,0.0,3.5,114,991.0
55,2025-03-11,30.4,59,0.0,3.3,172,988.5
55,2025-03-12,30.5,60,0.0,5.5,181,985.8
55,2025-03-13,30.7,60,0.2,6.8,173,986.1
55,2025-03-14,30.9,58,0.0,5.2,185,987.5
55,2025-03-15,30.1,63,0.0,3.5,188,987.7
55,2025-03-16,30.2,63,0.7,5.6,175,986.7
55,2025-03-17,29.9,60,0.1,10.7,136,988.1
55,2025-03-18,28.1,61,0.0,11.0,129,990.4
55,2025-03-19,23.0,71,0.7,8.3,104,995.6
55,2025-03-20,24.6,67,0.0,4.8,61,995.9
55,2025-03-21,26.2,63,0.0,4.4,104,994.9
55,2025-03-22,27.1,61,0.0,4.2,128,992.4
55,2025-03-23,28.2,62,0.0,2.1,154,990.5
55,2025-03-24,29.5,59,0.0,2.3,171,987.5
55,2025-03-25,30.0,57,0.0,5.3,192,983.7
55,2025-03-26,30.7,54,0.0,6.3,201,982.1
55,2025-03-27,30.2,54,0.0,6.2,201,981.2
55,2025-03-28,30.1,53,0.0,5.3,202,982.4
55,2025-03-29,30.8,53,0.0,3.6,199,984.3
55,2025-03-30,30.8,60,0.1,9.8,132,987.5
55,2025-03-31,29.9,62,0.0,7.8,149,988.2
55,2025-04-01,30.0,59,0.0,8.7,135,988.2
55,2025-04-02,29.7,58,0.0,7.2,121,989.1
55,2025-04-03,30.8,57,0.0,6.2,137,989.5
55,2025-04-04,31.2,59,0.0,6.1,177,987.5
55,2025-04-05,30.9,64,0.8,6.0,186,986.5
55,2025-04-06,28.1,77,11.0,5.2,150,987.8
55,2025-04-07,27.8,80,5.2,2.4,63,990.0
55,2025-04-08,29.8,71,0.0,2.7,17,990.0
55,2025-04-09,30.7,62,0.0,3.1,278,987.1
55,2025-04-10,30.5,62,0.0,5.6,205,985.1
55,2025-04-11,30.8,65,0.0,6.7,194,983.7
55,2025-04-12,29.6,72,4.2,6.5,173,985.5
55,2025-04-13,28.4,73,2.2,6.7,112,988.2
55,2025-04-14,26.7,80,1.4,2.8,52,990.2
55,2025-04-15,29.7,70,0.0,3.5,1,988.8
55,2025-04-16,30.6,67,0.1,4.4,228,986.6
55,2025-04-17,31.0,66,1.6,5.5,219,985.5
55,2025-04-18,29.7,70,1.5,5.7,183,985.2
55,2025-04-19,30.9,65,0.4,4.7,167,984.8
55,2025-04-20,30.2,70,3.0,6.1,158,985.8
55,2025-04-21,31.6,68,0.9,5.4,179,986.9
55,2025-04-22,32.6,60,0.0,7.5,194,986.3
55,2025-04-23,32.8,63,0.1,5.3,190,984.9
55,2025-04-24,33.2,57,0.0,7.8,197,984.4
55,2025-04-25,33.1,59,0.0,5.1,189,984.7
55,2025-04-26,33.0,58,0.0,6.2,175,985.4
55,2025-04-27,32.5,61,0.1,5.8,168,986.9
55,2025-04-28,30.2,66,0.2,4.6,188,986.8
55,2025-04-29,27.4,81,21.6,3.7,130,988.5
55,2025-04-30,29.3,74,0.9,3.2,224,987.8
55,2025-05-01,28.0,82,9.6,3.6,14,989.5
55,2025-05-02,30.0,72,0.1,2.7,325,987.5
55,2025-05-03,29.4,76,3.9,3.1,228,986.4
55,2025-05-04,30.7,72,0.5,6.0,197,984.8
55,2025-05-05,31.5,68,0.2,5.2,192,984.2
55,2025-05-06,32.0,69,0.0,5.3,195,983.7
55,2025-05-07,31.9,71,0.2,7.0,183,983.1
55,2025-05-08,30.2,76,4.7,5.3,181,983.8
55,2025-05-09,30.0,77,0.0,3.6,187,983.9
55,2025-05-10,31.1,71,0.0,5.7,192,983.9
55,2025-05-11,29.1,78,12.6,4.8,138,984.6
55,2025-05-12,29.5,73,0.1,3.6,109,985.2
55,2025-05-13,29.6,74,0.6,4.1,164,985.6
55,2025-05-14,28.9,80,3.5,3.3,167,986.9
55,2025-05-15,28.2,84,8.8,4.1,163,987.7
55,2025-05-16,29.0,83,0.9,3.0,191,987.4
55,2025-05-17,29.3,82,2.7,3.4,204,987.0
55,2025-05-18,29.3,79,4.7,3.6,209,986.7
55,2025-05-19,29.5,79,9.2,4.2,200,985.3
55,2025-05-20,29.4,80,6.0,5.5,190,984.8
55,2025-05-21,29.2,81,5.7,4.8,188,985.3
55,2025-05-22,30.5,76,0.2,3.7,212,983.5
55,2025-05-23,31.2,73,4.8,4.2,176,981.8
55,2025-05-24,28.5,87,32.1,3.3,79,983.8
55,2025-05-25,29.3,80,3.8,6.2,109,986.1
55,2025-05-26,28.7,79,1.8,9.1,118,986.5
55,2025-05-27,27.8,84,7.0,6.8,126,985.3
55,2025-05-28,29.3,80,4.5,6.0,178,984.2
55,2025-05-29,29.4,83,4.5,5.6,181,984.3
55,2025-05-30,28.3,86,3.8,6.3,184,985.3
55,2025-05-31,28.3,86,4.0,6.0,191,985.8
55,2025-06-01,29.2,83,4.8,8.6,204,985.1
55,2025-06-02,29.3,80,3.7,7.6,204,984.0
55,2025-06-03,28.8,82,2.0,6.7,204,984.0
55,2025-06-04,30.0,78,2.3,4.3,205,984.4
55,2025-06-05,29.9,79,3.2,3.0,173,984.6
55,2025-06-06,30.7,76,0.4,5.0,182,984.3
55,2025-06-07,31.7,72,0.1,5.4,189,983.5
55,2025-06-08,31.5,71,0.3,5.8,178,982.7
55,2025-06-09,30.7,75,1.3,5.3,176,982.2
55,2025-06-10,30.0,76,7.0,3.6,180,982.1
55,2025-06-11,28.0,87,12.7,2.4,172,982.6
55,2025-06-12,28.9,83,7.2,3.3,237,982.1
55,2025-06-13,29.4,82,12.2,4.7,220,982.1
55,2025-06-14,29.2,82,4.3,6.7,201,983.1
55,2025-06-15,29.1,82,18.6,7.9,198,983.6
55,2025-06-16,29.2,81,4.7,7.3,195,984.7
55,2025-06-17,29.3,80,2.4,5.7,192,985.6
55,2025-06-18,29.1,81,2.4,5.7,193,985.0
55,2025-06-19,29.3,83,9.3,4.9,185,984.9
55,2025-06-20,29.3,82,4.4,5.4,191,984.1
55,2025-06-21,29.9,77,1.7,6.2,171,983.2
55,2025-06-22,28.7,82,6.3,6.0,156,983.5
55,2025-06-23,28.2,85,8.3,5.7,178,983.4
55,2025-06-24,29.3,79,0.7,6.0,177,983.4
55,2025-06-25,29.8,77,0.3,5.4,187,984.7
55,2025-06-26,30.0,76,2.4,6.0,202,984.3
55,2025-06-27,27.6,86,9.0,5.6,187,983.6
55,2025-06-28,27.8,84,4.8,6.4,193,982.6
55,2025-06-29,28.5,81,3.2,6.7,195,981.8
55,2025-06-30,28.4,83,5.4,6.4,196,982.0
55,2025-07-01,28.1,83,3.5,5.1,185,983.0
55,2025-07-02,26.9,91,15.0,4.4,180,984.3
55,2025-07-03,27.6,87,13.8,5.1,203,984.9
55,2025-07-04,27.5,88,19.4,4.1,214,984.8
55,2025-07-05,28.5,85,6.7,3.4,205,983.1
55,2025-07-06,28.2,85,7.5,5.5,190,982.9
55,2025-07-07,29.1,78,1.3,7.0,202,983.7
55,2025-07-08,28.8,83,8.1,5.3,198,984.1
55,2025-07-09,28.8,85,10.8,5.3,222,983.9
55,2025-07-10,27.9,87,11.3,4.7,212,981.8
55,2025-07-11,26.7,94,16.4,4.5,201,979.5
55,2025-07-12,27.6,90,14.2,3.0,154,981.8
55,2025-07-13,29.2,82,1.5,4.2,179,983.7
55,2025-07-14,30.0,78,0.2,4.3,199,983.7
55,2025-07-15,28.3,88,14.3,3.8,169,982.5
55,2025-07-16,26.4,94,85.0,5.6,182,983.1
55,2025-07-17,27.2,92,16.2,5.4,183,983.9
55,2025-07-18,28.5,83,1.2,6.5,205,983.0
55,2025-07-19,29.0,83,0.3,5.9,212,980.1
55,2025-07-20,27.9,87,3.2,3.2,193,979.9
55,2025-07-21,28.7,84,8.6,6.5,224,979.7
55,2025-07-22,26.3,93,25.1,7.6,222,977.5
55,2025-07-23,25.5,95,99.2,12.2,199,975.9
55,2025-07-24,27.0,89,12.4,7.0,181,980.9
55,2025-07-25,28.0,87,6.0,4.9,189,982.8
55,2025-07-26,27.2,93,9.2,4.1,198,982.9
55,2025-07-27,26.7,94,26.1,4.5,188,981.5
55,2025-07-28,27.2,92,56.6,5.8,207,980.7
55,2025-07-29,28.5,87,12.2,6.9,220,980.3
55,2025-07-30,28.4,85,8.4,6.3,210,981.9
55,2025-07-31,29.3,81,0.8,7.0,217,981.8
55,2025-08-01,29.3,82,1.9,6.1,210,981.5
55,2025-08-02,29.3,85,5.8,5.9,203,982.9
55,2025-08-03,29.7,82,3.0,5.9,204,984.7
55,2025-08-04,30.7,75,0.1,7.0,208,984.2
55,2025-08-05,29.6,81,4.7,6.1,205,983.5
55,2025-08-06,27.4,91,12.6,6.1,187,983.7
55,2025-08-07,29.3,79,1.6,6.2,191,985.5
55,2025-08-08,29.3,78,0.4,4.7,197,987.4
55,2025-08-09,29.0,84,2.6,3.8,200,986.6
55,2025-08-10,29.4,83,0.4,5.2,199,984.3
55,2025-08-11,29.3,82,1.3,4.8,176,983.0
55,2025-08-12,29.5,81,3.2,5.2,159,983.7
55,2025-08-13,30.1,79,1.5,3.4,176,985.3
55,2025-08-14,28.9,84,6.6,3.8,185,984.2
55,2025-08-15,27.6,88,10.0,3.7,168,982.1
55,2025-08-16,28.3,84,6.5,4.7,117,982.5
55,2025-08-17,27.9,85,11.8,2.4,199,985.4
55,2025-08-18,28.2,86,7.4,3.1,208,986.2
55,2025-08-19,29.2,82,1.7,4.7,188,985.6
55,2025-08-20,29.6,80,0.4,5.1,182,985.7
55,2025-08-21,29.8,78,0.3,4.2,167,986.1
55,2025-08-22,28.8,80,3.4,3.7,156,985.6
55,2025-08-23,27.5,89,8.7,2.8,183,985.5
55,2025-08-24,28.3,84,3.7,2.3,187,984.8
55,2025-08-25,29.0,83,7.6,3.2,312,982.3
55,2025-08-26,25.7,96,18.1,5.7,221,981.7
55,2025-08-27,26.2,92,18.1,7.5,181,984.0
55,2025-08-28,26.9,88,11.8,4.1,175,985.6
55,2025-08-29,28.6,83,2.6,1.8,174,985.9
55,2025-08-30,28.1,90,6.4,3.3,339,984.2
55,2025-08-31,27.3,89,22.0,6.9,88,982.1
55,2025-09-01,28.0,84,3.0,3.5,133,984.0
55,2025-09-02,28.1,86,3.1,2.4,171,984.9
55,2025-09-03,29.2,82,0.4,3.0,207,985.1
55,2025-09-04,29.7,81,0.8,3.2,167,984.5
55,2025-09-05,29.7,81,1.0,3.3,166,984.7
55,2025-09-06,28.8,85,4.9,3.3,170,985.5
55,2025-09-07,28.2,85,1.4,2.0,190,984.9
55,2025-09-08,28.7,83,9.1,2.8,167,984.6
55,2025-09-09,27.8,87,8.0,3.8,148,985.9
55,2025-09-10,27.9,87,5.9,5.3,162,986.4
55,2025-09-11,28.3,85,3.2,3.8,160,986.9
55,2025-09-12,29.1,82,0.4,3.0,201,987.1
55,2025-09-13,28.5,85,6.2,2.6,186,987.7
55,2025-09-14,28.6,83,1.3,2.2,179,987.9
55,2025-09-15,28.8,82,1.2,3.2,169,987.7
55,2025-09-16,27.8,85,2.3,2.4,208,987.9
55,2025-09-17,28.6,80,0.2,1.9,244,986.3
55,2025-09-18,28.5,85,6.7,2.2,136,985.3
55,2025-09-19,27.9,87,9.5,2.7,73,985.7
55,2025-09-20,28.5,86,3.2,3.3,131,984.9
55,2025-09-21,27.7,89,3.6,2.5,154,984.9
55,2025-09-22,27.6,90,13.6,3.2,181,985.1
55,2025-09-23,27.7,89,9.6,4.2,187,984.0
55,2025-09-24,27.7,88,7.1,3.0,169,982.2
55,2025-09-25,28.3,86,8.8,3.6,207,982.4
55,2025-09-26,28.0,86,9.0,2.8,146,985.4
55,2025-09-27,27.6,89,8.8,2.5,353,987.7
55,2025-09-28,29.3,82,0.3,5.1,356,984.6
55,2025-09-29,28.1,84,17.1,5.4,339,980.7
55,2025-09-30,26.8,92,25.6,4.2,134,984.7
55,2025-10-01,27.6,90,7.9,3.2,140,988.3
55,2025-10-02,28.9,86,3.4,1.6,258,989.3
55,2025-10-03,28.9,85,1.6,1.9,207,988.4
55,2025-10-04,28.1,85,8.1,3.0,161,988.6
55,2025-10-05,28.9,81,0.4,3.8,218,987.6
55,2025-10-06,28.8,83,1.1,5.7,208,986.0
55,2025-10-07,28.3,83,0.1,4.0,161,987.3
55,2025-10-08,28.3,84,1.0,3.0,109,989.0
55,2025-10-09,27.9,87,1.9,2.1,126,988.8
55,2025-10-10,28.7,81,0.0,2.3,90,988.3
55,2025-10-11,28.9,80,0.1,2.2,82,987.5
55,2025-10-12,28.9,81,0.1,2.0,126,987.2
55,2025-10-13,28.0,85,4.2,2.7,46,987.4
55,2025-10-14,26.7,90,4.9,2.5,90,987.5
55,2025-10-15,26.9,90,5.0,3.2,108,987.7
55,2025-10-16,27.8,85,1.3,3.4,87,988.8
55,2025-10-17,28.1,84,1.3,3.3,22,989.6
55,2025-10-18,28.1,85,0.4,2.9,23,988.7
55,2025-10-19,28.1,84,2.9,2.2,25,988.1
55,2025-10-20,28.3,81,0.4,2.6,17,988.3
55,2025-10-21,28.3,78,0.0,3.6,39,988.7
55,2025-10-22,27.1,76,0.0,5.0,38,989.9
55,2025-10-23,26.4,80,0.0,4.1,28,990.4
55,2025-10-24,27.0,84,0.1,3.0,79,990.8
55,2025-10-25,27.5,82,0.0,3.1,59,990.3
55,2025-10-26,27.8,79,0.0,3.6,49,990.5
55,2025-10-27,27.6,77,0.0,3.7,8,991.0
55,2025-10-28,27.8,74,0.0,3.9,20,990.5
55,2025-10-29,27.9,74,0.0,3.3,16,989.6
55,2025-10-30,28.1,76,0.0,3.8,31,989.2
55,2025-10-31,28.5,81,0.5,3.6,88,989.5
55,2025-11-01,28.0,83,4.0,4.5,100,989.7
55,2025-11-02,27.7,78,0.3,7.9,124,989.2
55,2025-11-03,28.3,75,0.0,5.2,138,988.4
55,2025-11-04,27.9,80,1.9,3.1,100,988.8
55,2025-11-05,27.7,78,0.0,3.3,106,988.0
55,2025-11-06,28.4,79,0.1,2.2,80,987.3
55,2025-11-07,28.7,77,0.0,5.2,359,985.6
55,2025-11-08,26.6,92,18.2,2.8,114,987.0
55,2025-11-09,26.9,90,24.6,3.6,114,987.7
55,2025-11-10,26.9,89,5.9,2.9,176,987.2
55,2025-11-11,27.2,85,1.2,2.4,194,987.2
55,2025-11-12,27.6,87,1.0,2.5,110,988.6
55,2025-11-13,26.9,88,3.2,4.3,133,991.0
55,2025-11-14,26.8,80,0.0,4.1,130,991.4
55,2025-11-15,26.6,76,0.0,3.4,99,992.6
55,2025-11-16,26.1,74,0.0,4.3,9,993.5
55,2025-11-17,25.9,82,0.8,3.8,5,993.2
55,2025-11-18,24.8,87,8.4,4.5,11,993.5
55,2025-11-19,22.3,94,10.0,5.2,43,995.3
55,2025-11-20,22.1,84,1.5,3.9,43,995.8
55,2025-11-21,23.4,77,0.0,4.0,3,995.7
55,2025-11-22,23.2,77,0.0,3.2,359,994.0
55,2025-11-23,23.5,79,0.0,3.1,356,993.3
55,2025-11-24,23.8,79,0.0,4.4,359,992.8
55,2025-11-25,22.5,77,0.0,5.3,18,993.3
55,2025-11-26,21.2,76,0.0,3.4,360,993.1
55,2025-11-27,20.3,70,0.0,6.5,9,994.7
55,2025-11-28,18.5,68,0.0,3.5,349,993.3
55,2025-11-29,18.2,71,0.0,2.9,336,991.1
55,2025-11-30,19.3,72,0.0,2.8,320,990.3
55,2025-12-01,20.4,75,0.0,3.0,321,990.1
55,2025-12-02,21.4,77,0.0,2.4,328,989.7
55,2025-12-03,22.8,75,0.0,2.3,2,991.5
55,2025-12-04,23.9,74,0.0,2.1,19,992.6
55,2025-12-05,25.2,77,0.0,2.4,52,993.2
55,2025-12-06,25.6,78,0.0,2.3,99,992.5
55,2025-12-07,25.1,80,0.0,2.4,107,991.8
55,2025-12-08,24.7,75,0.0,5.1,121,992.9
55,2025-12-09,23.5,73,0.0,3.3,92,993.0
55,2025-12-10,22.6,70,0.0,3.0,357,992.8
55,2025-12-11,21.9,80,1.9,2.8,1,992.7
55,2025-12-12,22.4,91,2.3,3.6,351,992.0
55,2025-12-13,23.8,88,6.7,3.1,338,992.3
55,2025-12-14,24.0,91,2.8,2.9,32,993.0
55,2025-12-15,24.1,86,0.0,2.4,66,992.6
55,2025-12-16,24.1,84,0.0,2.4,62,991.5
55,2025-12-17,24.2,80,0.0,3.9,80,992.3
55,2025-12-18,23.8,77,0.0,3.3,96,992.6
55,2025-12-19,23.2,80,0.0,2.9,12,990.5
55,2025-12-20,22.9,76,0.0,2.6,20,989.9
55,2025-12-21,23.1,73,0.0,2.5,9,991.7
55,2025-12-22,23.2,77,0.0,2.8,13,990.6
55,2025-12-23,24.0,79,0.0,2.2,60,989.2
55,2025-12-24,24.5,77,0.0,2.0,15,988.8
55,2025-12-25,24.2,74,0.0,3.2,41,990.0
55,2025-12-26,23.0,74,0.0,5.7,126,991.0
55,2025-12-27,22.2,75,0.0,3.1,117,991.5
55,2025-12-28,22.0,75,0.0,2.8,120,992.0
55,2025-12-29,22.3,77,0.0,2.1,130,990.6
55,2025-12-30,22.0,77,0.0,1.5,94,989.2
55,2025-12-31,22.2,79,0.0,1.7,195,987.5
56,2020-01-01,23.5,76,0.0,6.0,346,974.6
56,2020-01-02,24.5,72,0.0,3.6,348,974.6
56,2020-01-03,24.4,74,0.0,2.1,30,972.2
56,2020-01-04,24.5,73,0.0,4.6,169,969.4
56,2020-01-05,24.4,74,0.0,5.6,177,968.6
56,2020-01-06,24.6,73,0.0,6.8,194,968.7
56,2020-01-07,24.2,73,0.0,4.9,186,968.0
56,2020-01-08,24.4,71,0.0,4.4,172,968.4
56,2020-01-09,23.9,72,0.0,3.3,172,967.8
56,2020-01-10,23.3,74,0.0,3.7,194,966.3
56,2020-01-11,22.7,72,0.0,3.8,196,965.8
56,2020-01-12,23.1,65,0.0,2.7,275,966.1
56,2020-01-13,22.7,75,0.0,6.5,183,965.8
56,2020-01-14,23.4,76,0.0,7.4,189,966.7
56,2020-01-15,23.2,73,0.0,4.3,206,967.4
56,2020-01-16,22.4,70,0.0,3.5,206,967.8
56,2020-01-17,23.2,66,0.0,2.5,10,969.0
56,2020-01-18,22.9,71,0.0,3.0,187,968.0
56,2020-01-19,23.1,75,0.0,5.6,176,968.0
56,2020-01-20,24.0,72,0.3,7.2,176,969.1
56,2020-01-21,24.4,72,0.0,7.4,184,970.2
56,2020-01-22,24.3,71,0.0,5.8,196,969.2
56,2020-01-23,23.1,66,0.0,5.5,199,967.0
56,2020-01-24,21.4,61,0.0,6.2,203,966.1
56,2020-01-25,20.7,60,0.0,5.6,212,964.3
56,2020-01-26,20.5,54,0.0,5.3,257,964.7
56,2020-01-27,18.3,58,0.0,7.1,186,963.5
56,2020-01-28,18.8,61,0.0,6.7,182,965.3
56,2020-01-29,19.8,60,0.0,3.9,159,968.2
56,2020-01-30,21.0,66,0.0,4.7,122,968.2
56,2020-01-31,22.5,67,0.0,7.6,160,968.4
56,2020-02-01,23.4,65,0.0,7.1,175,968.7
56,2020-02-02,23.8,64,0.0,8.6,186,969.2
56,2020-02-03,23.8,63,0.0,7.5,197,968.0
56,2020-02-04,22.9,60,0.0,7.6,193,966.9
56,2020-02-05,23.5,63,0.0,9.4,186,966.4
56,2020-02-06,24.2,64,0.0,7.0,189,967.3
56,2020-02-07,24.4,62,0.0,6.8,187,968.5
56,2020-02-08,24.8,64,0.2,7.6,160,969.6
56,2020-02-09,25.7,61,0.0,8.3,149,971.1
56,2020-02-10,25.7,58,0.0,8.7,160,970.1
56,2020-02-11,25.6,58,0.0,7.6,182,969.5
56,2020-02-12,25.0,58,0.0,8.2,203,967.8
56,2020-02-13,24.8,56,0.0,8.6,213,965.8
56,2020-02-14,24.3,53,0.0,10.0,206,963.3
56,2020-02-15,23.0,53,0.0,6.9,198,964.9
56,2020-02-16,23.2,57,0.0,5.3,187,967.3
56,2020-02-17,24.6,58,0.0,8.5,149,969.1
56,2020-02-18,25.2,58,0.0,8.7,139,970.8
56,2020-02-19,25.8,57,0.0,6.5,138,971.2
56,2020-02-20,25.6,59,0.0,6.4,153,970.8
56,2020-02-21,25.6,58,0.0,7.4,129,973.4
56,2020-02-22,25.3,59,0.0,7.1,108,974.5
56,2020-02-23,24.9,59,0.0,6.0,138,972.6
56,2020-02-24,24.8,59,0.0,6.7,161,969.1
56,2020-02-25,25.0,62,0.0,5.5,168,967.5
56,2020-02-26,25.5,60,0.0,6.2,166,967.6
56,2020-02-27,25.5,60,0.0,7.0,161,967.1
56,2020-02-28,26.5,55,0.0,8.3,172,966.1
56,2020-02-29,27.0,59,0.0,7.8,181,965.5
56,2020-03-01,26.9,64,0.0,4.8,190,965.7
56,2020-03-02,27.3,56,0.0,6.4,199,964.9
56,2020-03-03,27.9,53,0.0,7.0,208,965.0
56,2020-03-04,27.2,58,0.0,5.5,193,965.9
56,2020-03-05,27.3,62,0.0,9.2,172,966.3
56,2020-03-06,28.0,60,0.0,8.5,189,967.3
56,2020-03-07,28.3,58,0.0,7.5,195,966.9
56,2020-03-08,28.2,50,0.0,6.9,228,964.3
56,2020-03-09,28.1,48,0.0,4.6,248,962.2
56,2020-03-10,27.5,54,0.0,4.3,187,962.8
56,2020-03-11,28.6,49,0.0,9.5,187,964.4
56,2020-03-12,28.2,49,0.0,7.2,193,965.9
56,2020-03-13,28.1,55,0.0,5.2,184,966.7
56,2020-03-14,28.1,57,0.0,5.5,181,965.7
56,2020-03-15,29.0,60,0.0,10.2,166,966.3
56,2020-03-16,29.7,63,0.2,9.4,187,967.3
56,2020-03-17,30.2,57,0.0,8.8,183,966.9
56,2020-03-18,30.1,53,0.0,8.6,194,964.7
56,2020-03-19,29.3,53,0.0,5.9,177,964.4
56,2020-03-20,29.9,52,0.0,9.7,183,965.0
56,2020-03-21,29.8,51,0.0,10.4,188,965.8
56,2020-03-22,29.4,50,0.0,6.8,204,965.5
56,2020-03-23,29.2,44,0.0,7.2,192,964.7
56,2020-03-24,29.6,48,0.0,9.0,186,963.7
56,2020-03-25,29.9,49,0.0,10.1,186,963.0
56,2020-03-26,29.9,46,0.0,9.4,195,964.1
56,2020-03-27,29.6,47,0.0,8.1,196,964.5
56,2020-03-28,29.2,45,0.0,7.6,189,963.4
56,2020-03-29,30.2,47,0.0,9.4,193,962.4
56,2020-03-30,30.4,46,0.0,8.6,192,962.7
56,2020-03-31,30.7,45,0.0,7.6,185,963.5
56,2020-04-01,31.0,45,0.0,9.0,192,963.3
56,2020-04-02,31.0,46,0.0,8.9,189,963.6
56,2020-04-03,31.2,44,0.0,8.5,189,965.0
56,2020-04-04,30.5,46,0.0,8.2,186,965.1
56,2020-04-05,31.6,45,0.0,10.3,185,965.4
56,2020-04-06,31.9,47,0.0,10.1,193,964.3
56,2020-04-07,32.1,44,0.0,9.4,178,963.5
56,2020-04-08,31.3,49,0.0,9.0,168,964.9
56,2020-04-09,31.0,53,0.0,11.3,162,966.1
56,2020-04-10,30.9,52,0.0,9.6,178,967.6
56,2020-04-11,31.0,51,0.0,6.1,171,966.9
56,2020-04-12,31.5,46,0.0,8.0,180,965.1
56,2020-04-13,29.2,62,3.4,10.1,136,966.8
56,2020-04-14,28.2,61,0.8,3.1,118,969.0
56,2020-04-15,29.4,61,0.0,6.4,188,966.7
56,2020-04-16,30.7,55,0.0,7.3,192,964.7
56,2020-04-17,31.6,49,0.0,8.1,182,964.8
56,2020-04-18,31.4,52,0.0,10.0,180,966.0
56,2020-04-19,31.7,52,0.0,6.9,186,965.3
56,2020-04-20,31.9,50,0.0,7.4,188,965.3
56,2020-04-21,32.7,47,0.0,7.1,196,964.2
56,2020-04-22,33.0,45,0.0,7.6,205,963.6
56,2020-04-23,32.3,51,0.0,10.8,171,965.0
56,2020-04-24,31.8,55,3.1,12.8,168,966.1
56,2020-04-25,27.9,73,12.7,7.7,144,968.3
56,2020-04-26,26.2,77,1.1,5.7,52,969.9
56,2020-04-27,24.3,78,6.8,7.5,357,972.1
56,2020-04-28,28.1,64,2.8,5.0,15,969.6
56,2020-04-29,26.0,78,9.4,3.9,26,968.9
56,2020-04-30,27.1,78,6.1,3.5,50,968.5
56,2020-05-01,27.9,77,2.6,3.4,60,966.3
56,2020-05-02,28.6,74,2.9,4.5,200,965.1
56,2020-05-03,29.5,73,7.7,2.8,245,965.2
56,2020-05-04,30.3,69,1.7,3.4,214,965.4
56,2020-05-05,31.6,62,0.0,5.6,191,964.1
56,2020-05-06,32.7,58,1.0,5.8,196,963.2
56,2020-05-07,32.8,58,1.0,5.7,195,962.6
56,2020-05-08,32.3,60,2.5,8.2,193,963.1
56,2020-05-09,30.6,68,3.4,5.1,175,964.7
56,2020-05-10,30.2,69,1.8,3.6,221,965.5
56,2020-05-11,30.6,62,0.4,5.0,205,965.9
56,2020-05-12,30.5,64,1.3,3.7,181,965.3
56,2020-05-13,31.6,59,2.4,6.7,189,964.5
56,2020-05-14,30.4,64,1.1,3.3,271,965.3
56,2020-05-15,31.5,60,0.0,4.5,229,962.3
56,2020-05-16,32.6,54,0.0,4.8,203,961.4
56,2020-05-17,33.5,50,0.0,7.0,213,960.4
56,2020-05-18,32.1,59,2.6,9.2,181,960.5
56,2020-05-19,31.1,63,2.8,9.6,188,961.5
56,2020-05-20,32.2,60,0.0,9.8,201,961.8
56,2020-05-21,31.0,65,2.2,7.1,209,963.1
56,2020-05-22,32.0,60,0.0,6.5,208,962.4
56,2020-05-23,33.5,52,0.0,5.9,222,962.0
56,2020-05-24,33.1,51,0.0,10.0,197,963.3
56,2020-05-25,33.8,50,0.0,10.7,202,964.3
56,2020-05-26,34.3,46,0.0,9.4,202,964.3
56,2020-05-27,34.6,44,0.0,9.3,202,963.5
56,2020-05-28,32.2,52,1.7,8.7,186,963.8
56,2020-05-29,29.8,67,13.6,6.8,168,964.4
56,2020-05-30,29.4,70,1.9,7.7,163,965.5
56,2020-05-31,28.7,76,15.5,7.3,176,966.0
56,2020-06-01,30.3,68,1.8,5.8,181,965.3
56,2020-06-02,30.3,67,1.6,6.9,182,963.9
56,2020-06-03,31.4,64,0.0,6.7,185,963.3
56,2020-06-04,31.0,67,5.0,6.8,178,962.9
56,2020-06-05,29.6,74,5.3,6.0,182,963.1
56,2020-06-06,30.3,70,1.9,9.3,182,962.6
56,2020-06-07,30.5,69,2.5,10.1,188,962.2
56,2020-06-08,30.5,68,2.7,9.7,190,961.7
56,2020-06-09,31.2,66,0.0,8.7,177,962.3
56,2020-06-10,31.2,65,1.0,8.3,182,963.1
56,2020-06-11,31.4,63,2.3,7.9,200,962.3
56,2020-06-12,32.8,58,2.1,5.0,210,960.8
56,2020-06-13,32.0,63,8.1,5.3,219,960.2
56,2020-06-14,28.8,79,7.8,9.1,179,961.3
56,2020-06-15,28.9,78,5.5,8.8,171,962.5
56,2020-06-16,28.3,80,11.2,9.9,181,963.0
56,2020-06-17,27.2,87,21.0,8.7,180,962.7
56,2020-06-18,26.4,87,7.7,9.8,181,963.2
56,2020-06-19,28.0,80,0.4,8.3,179,963.3
56,2020-06-20,29.8,74,0.0,7.2,186,963.3
56,2020-06-21,30.8,68,0.0,6.9,195,962.0
56,2020-06-22,31.2,68,0.2,6.7,186,961.8
56,2020-06-23,30.2,72,3.0,6.0,179,963.7
56,2020-06-24,29.0,76,16.9,5.2,199,963.7
56,2020-06-25,28.1,82,11.0,7.0,183,962.4
56,2020-06-26,28.0,82,9.6,7.3,181,962.4
56,2020-06-27,28.0,81,1.6,5.6,179,962.7
56,2020-06-28,29.9,73,0.5,6.7,192,962.1
56,2020-06-29,31.0,69,0.1,6.9,194,961.5
56,2020-06-30,31.2,70,3.3,8.0,191,961.2
56,2020-07-01,30.1,72,1.3,7.9,191,960.5
56,2020-07-02,28.1,83,28.6,6.5,177,960.0
56,2020-07-03,29.1,79,6.6,5.7,180,960.9
56,2020-07-04,28.5,80,1.3,8.1,182,962.6
56,2020-07-05,29.2,75,0.7,8.4,183,962.1
56,2020-07-06,30.4,73,0.1,5.6,189,961.5
56,2020-07-07,30.2,76,4.0,5.3,157,963.3
56,2020-07-08,29.2,78,3.2,8.4,184,964.2
56,2020-07-09,30.0,75,1.2,8.0,198,962.2
56,2020-07-10,29.9,74,5.2,6.9,200,961.9
56,2020-07-11,29.7,75,0.8,7.4,181,962.3
56,2020-07-12,28.4,82,5.4,7.5,172,961.9
56,2020-07-13,27.0,87,23.6,6.9,169,962.4
56,2020-07-14,28.8,80,2.0,4.5,169,963.5
56,2020-07-15,29.6,75,0.0,5.9,186,962.4
56,2020-07-16,30.2,73,0.6,6.9,176,961.4
56,2020-07-17,30.1,73,1.4,8.5,177,962.4
56,2020-07-18,29.1,77,1.5,6.7,196,963.8
56,2020-07-19,29.4,76,1.5,6.9,213,963.0
56,2020-07-20,29.1,76,4.8,5.9,193,963.0
56,2020-07-21,28.0,82,2.3,5.3,169,964.3
56,2020-07-22,29.1,76,0.3,7.0,178,963.9
56,2020-07-23,29.6,74,0.8,6.6,169,964.1
56,2020-07-24,30.8,71,0.1,4.9,186,964.3
56,2020-07-25,31.5,69,0.1,5.9,180,963.5
56,2020-07-26,31.5,67,0.0,8.0,190,963.3
56,2020-07-27,30.2,70,1.2,5.9,190,962.5
56,2020-07-28,27.9,83,12.9,4.0,218,963.4
56,2020-07-29,28.5,79,1.1,5.9,202,963.6
56,2020-07-30,30.0,72,1.1,5.0,213,962.8
56,2020-07-31,30.5,74,5.1,4.5,203,960.4
56,2020-08-01,30.1,75,0.7,3.0,193,958.3
56,2020-08-02,27.8,87,13.1,5.0,190,955.0
56,2020-08-03,26.4,92,44.6,9.5,185,954.0
56,2020-08-04,27.3,87,22.6,9.1,164,957.5
56,2020-08-05,28.4,81,3.7,8.5,185,960.8
56,2020-08-06,28.1,83,5.0,6.4,178,962.6
56,2020-08-07,28.5,82,3.7,7.5,175,961.9
56,2020-08-08,29.7,76,1.2,6.5,180,961.3
56,2020-08-09,30.0,77,1.1,6.9,198,961.1
56,2020-08-10,29.7,78,0.5,7.2,194,961.8
56,2020-08-11,28.5,82,6.5,7.2,187,961.9
56,2020-08-12,28.8,79,7.6,7.3,189,962.3
56,2020-08-13,28.6,80,3.4,7.7,171,961.8
56,2020-08-14,27.2,85,19.8,8.2,179,962.1
56,2020-08-15,26.2,88,12.7,9.5,185,963.1
56,2020-08-16,25.9,89,15.3,8.1,177,963.2
56,2020-08-17,27.5,82,2.7,7.7,189,962.4
56,2020-08-18,25.5,90,15.7,6.0,179,962.7
56,2020-08-19,25.6,88,19.5,4.7,186,962.7
56,2020-08-20,27.8,82,4.5,4.7,194,963.0
56,2020-08-21,26.5,90,24.6,3.8,178,963.6
56,2020-08-22,26.8,86,9.8,4.2,139,963.2
56,2020-08-23,26.7,87,11.7,5.6,166,962.7
56,2020-08-24,27.1,84,3.3,8.6,188,964.0
56,2020-08-25,28.5,78,0.0,7.0,211,964.4
56,2020-08-26,28.8,79,0.2,5.2,217,963.4
56,2020-08-27,29.4,78,0.2,6.2,250,961.4
56,2020-08-28,30.4,75,0.0,4.8,198,960.4
56,2020-08-29,30.0,77,1.7,5.0,179,961.0
56,2020-08-30,29.7,76,0.2,4.7,180,961.9
56,2020-08-31,28.5,78,0.5,4.3,162,963.3
56,2020-09-01,27.3,83,0.7,4.7,327,964.5
56,2020-09-02,28.5,77,0.0,3.2,202,964.9
56,2020-09-03,29.9,75,0.0,3.7,177,964.5
56,2020-09-04,29.0,81,0.6,4.8,165,964.4
56,2020-09-05,29.6,77,0.8,5.2,192,963.2
56,2020-09-06,29.5,78,6.8,6.7,193,962.6
56,2020-09-07,28.9,81,3.6,6.8,186,962.7
56,2020-09-08,27.4,86,7.7,5.6,163,964.1
56,2020-09-09,28.4,81,4.1,5.5,178,964.5
56,2020-09-10,28.9,78,2.5,6.3,183,962.7
56,2020-09-11,28.9,78,1.5,7.1,178,963.4
56,2020-09-12,29.2,77,1.2,6.3,176,965.5
56,2020-09-13,29.3,78,0.1,4.4,174,965.9
56,2020-09-14,28.6,79,2.9,4.5,181,964.8
56,2020-09-15,29.3,77,2.3,5.2,184,964.2
56,2020-09-16,29.6,78,6.6,5.1,177,963.7
56,2020-09-17,29.6,78,0.7,3.5,202,961.9
56,2020-09-18,29.1,82,4.9,7.2,357,959.8
56,2020-09-19,28.2,79,11.4,8.3,54,958.7
56,2020-09-20,26.8,88,9.2,8.1,145,962.7
56,2020-09-21,27.3,85,10.1,8.0,172,965.3
56,2020-09-22,28.7,80,0.2,5.1,169,965.7
56,2020-09-23,28.8,82,3.6,5.1,179,965.0
56,2020-09-24,27.9,84,22.3,5.1,181,965.8
56,2020-09-25,28.4,83,1.9,6.2,182,964.6
56,2020-09-26,28.7,81,0.3,5.5,190,964.0
56,2020-09-27,29.3,79,0.0,3.4,171,963.3
56,2020-09-28,28.2,83,8.7,3.6,130,963.2
56,2020-09-29,28.2,82,1.2,4.4,137,963.1
56,2020-09-30,27.9,83,1.5,4.9,174,962.7
56,2020-10-01,29.1,78,1.1,3.8,164,962.2
56,2020-10-02,28.8,80,4.3,4.1,158,963.1
56,2020-10-03,28.4,81,0.2,4.2,155,964.2
56,2020-10-04,28.4,79,3.3,4.2,167,965.0
56,2020-10-05,27.9,81,1.9,4.5,156,965.0
56,2020-10-06,28.2,79,10.1,2.5,97,966.0
56,2020-10-07,28.8,79,0.5,3.8,355,966.2
56,2020-10-08,27.8,75,0.0,7.3,20,965.5
56,2020-10-09,27.0,70,0.7,8.2,8,966.4
56,2020-10-10,26.7,71,0.0,6.6,352,965.8
56,2020-10-11,27.3,73,0.0,5.3,350,963.9
56,2020-10-12,27.6,66,0.0,4.6,358,963.0
56,2020-10-13,27.9,66,0.0,6.0,348,963.5
56,2020-10-14,28.2,70,0.0,6.0,336,962.9
56,2020-10-15,27.4,75,0.0,6.0,8,962.9
56,2020-10-16,27.0,78,1.8,7.3,10,964.3
56,2020-10-17,25.9,83,22.7,9.2,359,965.5
56,2020-10-18,25.3,77,5.1,9.0,13,965.9
56,2020-10-19,23.2,88,11.1,7.3,357,967.0
56,2020-10-20,22.6,91,2.9,5.5,342,968.5
56,2020-10-21,24.0,85,0.0,6.8,348,968.7
56,2020-10-22,25.6,79,0.2,6.1,354,967.3
56,2020-10-23,26.2,70,0.0,4.4,27,967.2
56,2020-10-24,25.7,67,0.0,2.7,67,967.4
56,2020-10-25,26.0,66,0.0,3.2,328,967.3
56,2020-10-26,26.9,69,0.0,4.3,30,966.2
56,2020-10-27,26.6,82,8.1,2.8,140,966.4
56,2020-10-28,27.1,77,0.0,5.9,353,966.1
56,2020-10-29,25.5,84,9.4,9.2,358,965.4
56,2020-10-30,24.6,86,4.1,5.5,18,967.9
56,2020-10-31,26.1,83,0.4,4.0,20,969.6
56,2020-11-01,27.5,79,0.3,2.7,139,969.3
56,2020-11-02,27.6,79,0.2,3.3,149,968.9
56,2020-11-03,27.6,79,2.2,3.5,149,969.6
56,2020-11-04,27.0,80,3.4,4.0,166,968.9
56,2020-11-05,26.6,79,0.2,4.0,171,969.2
56,2020-11-06,27.1,78,0.3,4.4,11,969.8
56,2020-11-07,26.8,77,0.3,4.2,23,970.7
56,2020-11-08,26.9,69,0.0,6.5,14,971.3
56,2020-11-09,25.9,66,0.0,6.8,27,970.5
56,2020-11-10,24.2,65,0.0,8.7,23,970.2
56,2020-11-11,23.3,66,0.0,8.6,6,971.5
56,2020-11-12,24.3,67,0.0,7.5,354,971.7
56,2020-11-13,26.7,64,0.0,6.6,0,970.0
56,2020-11-14,25.8,57,0.0,6.1,17,969.2
56,2020-11-15,24.2,60,0.0,8.3,356,969.4
56,2020-11-16,25.6,68,0.0,4.9,7,969.2
56,2020-11-17,26.4,73,0.0,2.4,203,967.9
56,2020-11-18,26.3,77,0.0,3.7,204,966.6
56,2020-11-19,26.5,72,0.0,3.8,313,966.2
56,2020-11-20,26.2,69,0.0,2.7,310,966.6
56,2020-11-21,26.3,67,0.0,3.7,355,967.1
56,2020-11-22,26.1,59,0.0,3.8,1,968.8
56,2020-11-23,26.1,62,0.0,3.0,14,969.7
56,2020-11-24,26.0,73,0.0,4.0,40,970.1
56,2020-11-25,26.2,72,0.0,3.4,22,969.8
56,2020-11-26,25.9,72,0.0,3.5,15,970.5
56,2020-11-27,25.8,70,0.0,4.1,29,971.3
56,2020-11-28,25.3,68,0.0,4.1,49,971.6
56,2020-11-29,24.8,69,0.0,5.2,19,971.4
56,2020-11-30,23.3,68,0.0,6.6,7,971.6
56,2020-12-01,22.4,67,0.0,6.4,356,972.3
56,2020-12-02,23.6,65,0.0,2.6,37,970.4
56,2020-12-03,24.6,69,0.0,4.7,132,969.8
56,2020-12-04,24.4,63,0.0,7.4,135,969.9
56,2020-12-05,22.8,67,0.0,5.6,104,971.2
56,2020-12-06,22.2,71,0.0,3.6,69,971.1
56,2020-12-07,22.3,70,0.0,2.6,116,970.9
56,2020-12-08,22.2,70,0.0,3.7,117,970.8
56,2020-12-09,21.7,72,0.0,2.9,146,968.9
56,2020-12-10,21.8,72,0.0,2.7,144,968.2
56,2020-12-11,21.6,74,0.0,2.9,153,968.3
56,2020-12-12,21.8,72,0.0,3.0,177,967.2
56,2020-12-13,22.1,73,0.0,3.8,181,965.8
56,2020-12-14,23.7,75,0.0,2.5,135,967.0
56,2020-12-15,24.5,73,0.0,3.5,141,969.0
56,2020-12-16,25.0,72,0.0,4.9,146,969.7
56,2020-12-17,25.3,68,0.0,5.3,153,968.8
56,2020-12-18,24.7,71,0.0,6.8,152,968.9
56,2020-12-19,24.3,66,0.0,6.3,133,970.4
56,2020-12-20,21.8,69,0.0,6.8,66,972.4
56,2020-12-21,19.4,68,0.0,7.3,10,972.6
56,2020-12-22,18.2,68,0.0,6.5,352,971.1
56,2020-12-23,19.5,65,0.0,4.3,351,968.9
56,2020-12-24,20.5,63,0.0,4.7,349,968.4
56,2020-12-25,21.9,63,0.0,2.1,25,968.5
56,2020-12-26,23.1,74,0.0,3.5,177,967.8
56,2020-12-27,24.1,78,0.1,4.2,180,966.8
56,2020-12-28,24.4,75,0.0,4.4,197,965.8
56,2020-12-29,22.9,70,0.0,4.5,326,966.4
56,2020-12-30,23.2,64,0.0,3.7,81,968.7
56,2020-12-31,23.2,68,0.0,5.8,110,971.3
56,2021-01-01,22.2,70,0.0,4.1,81,972.2
56,2021-01-02,20.0,68,0.0,4.0,109,971.0
56,2021-01-03,20.4,71,0.0,4.0,125,969.6
56,2021-01-04,21.7,65,0.0,3.8,127,970.5
56,2021-01-05,22.3,66,0.0,2.3,130,969.5
56,2021-01-06,23.0,72,0.0,4.4,150,967.5
56,2021-01-07,23.8,74,0.0,5.6,154,966.3
56,2021-01-08,25.0,67,0.0,9.2,139,967.4
56,2021-01-09,24.2,62,0.0,8.8,146,968.1
56,2021-01-10,23.7,63,0.0,7.8,151,968.0
56,2021-01-11,23.5,61,0.0,7.8,91,970.3
56,2021-01-12,15.2,65,0.0,11.8,9,975.1
56,2021-01-13,15.7,65,0.0,6.2,5,972.0
56,2021-01-14,18.2,71,0.0,4.5,3,969.1
56,2021-01-15,21.2,65,0.0,2.6,170,966.3
56,2021-01-16,20.9,66,0.0,6.8,174,965.6
56,2021-01-17,22.2,66,0.0,6.6,136,969.4
56,2021-01-18,21.6,67,0.0,7.4,24,972.1
56,2021-01-19,20.9,65,0.0,4.0,129,969.6
56,2021-01-20,21.0,66,0.0,7.3,182,967.8
56,2021-01-21,21.1,68,0.0,6.0,177,966.9
56,2021-01-22,21.9,66,0.0,5.0,178,966.3
56,2021-01-23,22.7,62,0.0,8.2,183,965.8
56,2021-01-24,22.0,63,0.0,7.1,200,966.5
56,2021-01-25,22.6,67,0.0,4.3,192,967.0
56,2021-01-26,23.9,66,0.0,3.3,171,966.7
56,2021-01-27,24.2,67,0.0,5.5,182,966.7
56,2021-01-28,24.5,67,0.0,4.5,153,968.3
56,2021-01-29,25.3,62,0.0,8.6,152,968.9
56,2021-01-30,25.4,63,0.4,8.0,168,968.9
56,2021-01-31,25.0,65,0.2,7.1,167,969.5
56,2021-02-01,25.1,63,0.0,4.7,170,969.4
56,2021-02-02,24.7,60,0.0,6.0,189,968.9
56,2021-02-03,24.8,60,0.0,5.0,172,969.0
56,2021-02-04,25.3,59,0.0,5.6,145,969.9
56,2021-02-05,25.1,59,0.0,5.0,152,968.9
56,2021-02-06,25.2,60,0.0,6.0,162,967.6
56,2021-02-07,25.5,63,0.7,7.4,170,967.1
56,2021-02-08,20.3,90,32.4,9.2,355,968.1
56,2021-02-09,19.7,73,0.5,8.4,355,969.1
56,2021-02-10,20.2,68,0.0,7.0,346,968.9
56,2021-02-11,22.4,62,0.0,1.7,101,968.2
56,2021-02-12,22.6,68,0.0,4.2,164,967.6
56,2021-02-13,23.9,66,0.0,6.9,183,967.6
56,2021-02-14,24.0,67,0.0,7.5,183,967.6
56,2021-02-15,24.2,68,0.0,7.9,185,966.1
56,2021-02-16,25.1,65,0.0,5.8,173,966.0
56,2021-02-17,26.0,62,0.0,6.4,152,968.2
56,2021-02-18,26.1,59,0.0,8.8,131,971.8
56,2021-02-19,25.3,57,0.0,6.3,103,973.2
56,2021-02-20,25.5,62,0.0,4.1,27,971.1
56,2021-02-21,26.4,60,0.0,3.7,344,969.0
56,2021-02-22,26.7,62,0.0,3.1,305,967.5
56,2021-02-23,26.9,60,0.0,5.5,192,966.0
56,2021-02-24,28.0,57,0.0,7.5,196,964.1
56,2021-02-25,27.9,54,0.0,6.9,213,962.4
56,2021-02-26,26.1,48,0.0,5.2,228,961.1
56,2021-02-27,25.6,46,0.0,4.4,227,962.4
56,2021-02-28,25.4,50,0.0,5.8,191,963.5
56,2021-03-01,25.9,51,0.0,5.0,184,966.7
56,2021-03-02,25.3,51,0.0,6.6,194,967.0
56,2021-03-03,26.6,61,0.0,8.3,178,966.6
56,2021-03-04,28.1,64,0.0,10.2,181,967.6
56,2021-03-05,28.4,57,0.0,7.8,220,966.6
56,2021-03-06,26.4,52,0.0,4.9,204,967.6
56,2021-03-07,25.0,51,0.0,4.4,196,966.8
56,2021-03-08,25.8,53,0.0,7.3,187,967.5
56,2021-03-09,26.7,57,0.0,5.9,167,967.9
56,2021-03-10,26.4,59,0.0,7.4,176,967.9
56,2021-03-11,26.5,64,0.2,4.4,172,968.6
56,2021-03-12,27.1,66,0.0,5.1,183,968.6
56,2021-03-13,27.3,63,0.0,5.0,174,967.8
56,2021-03-14,28.0,62,0.2,7.4,177,965.9
56,2021-03-15,29.5,60,0.0,7.4,186,964.6
56,2021-03-16,29.4,59,0.0,5.3,184,964.2
56,2021-03-17,29.6,57,0.0,5.6,174,964.1
56,2021-03-18,30.2,58,0.0,5.4,173,964.0
56,2021-03-19,30.9,56,0.0,6.8,186,963.2
56,2021-03-20,31.5,54,0.0,6.9,187,961.8
56,2021-03-21,32.1,53,0.0,7.8,172,962.9
56,2021-03-22,30.5,56,2.2,11.0,148,967.8
56,2021-03-23,29.8,52,0.0,6.1,134,969.0
56,2021-03-24,30.3,55,0.0,5.4,181,966.1
56,2021-03-25,31.1,54,0.0,5.8,177,964.8
56,2021-03-26,31.5,52,0.0,7.7,197,964.2
56,2021-03-27,31.0,55,0.0,5.7,183,963.3
56,2021-03-28,31.4,53,0.0,7.3,209,962.6
56,2021-03-29,31.4,48,0.0,8.2,207,961.5
56,2021-03-30,30.6,52,0.0,8.2,195,960.0
56,2021-03-31,30.9,49,0.0,6.4,198,959.4
56,2021-04-01,31.2,48,0.0,6.3,195,959.9
56,2021-04-02,31.3,48,0.0,6.4,186,961.5
56,2021-04-03,30.1,59,6.3,4.9,175,963.1
56,2021-04-04,24.1,88,26.9,4.2,28,967.0
56,2021-04-05,23.1,87,19.2,6.8,358,968.4
56,2021-04-06,21.1,89,23.2,6.7,349,969.5
56,2021-04-07,25.5,72,0.0,4.9,359,968.7
56,2021-04-08,28.1,72,0.0,4.3,171,966.0
56,2021-04-09,28.3,70,2.3,4.4,174,965.5
56,2021-04-10,28.5,71,2.9,6.7,165,967.2
56,2021-04-11,28.9,71,0.0,6.1,180,968.5
56,2021-04-12,28.9,70,0.4,3.6,171,968.6
56,2021-04-13,29.4,67,1.6,4.7,190,967.1
56,2021-04-14,28.1,73,4.4,5.2,195,966.3
56,2021-04-15,28.7,68,0.0,4.8,186,965.1
56,2021-04-16,28.3,73,7.8,4.4,184,964.9
56,2021-04-17,26.0,84,27.0,2.1,82,967.5
56,2021-04-18,26.7,81,11.4,4.4,179,966.7
56,2021-04-19,28.4,75,0.3,6.5,181,964.7
56,2021-04-20,29.1,72,0.2,5.5,185,964.2
56,2021-04-21,29.8,70,0.0,5.2,182,964.7
56,2021-04-22,30.6,65,0.0,5.1,182,963.7
56,2021-04-23,31.2,63,0.0,6.5,192,961.9
56,2021-04-24,31.9,63,0.0,6.7,187,962.1
56,2021-04-25,30.2,70,1.0,6.2,189,963.7
56,2021-04-26,28.8,70,7.1,5.5,181,964.3
56,2021-04-27,27.2,78,8.8,6.6,171,966.1
56,2021-04-28,26.9,80,3.4,4.7,146,968.1
56,2021-04-29,26.7,82,25.4,3.5,134,967.7
56,2021-04-30,27.1,79,4.0,4.7,158,967.2
56,2021-05-01,26.6,82,11.4,4.9,174,967.1
56,2021-05-02,28.2,77,1.5,5.0,187,966.7
56,2021-05-03,28.2,78,1.7,5.5,185,964.7
56,2021-05-04,29.5,74,0.4,4.4,184,964.4
56,2021-05-05,28.4,77,0.0,4.3,191,965.3
56,2021-05-06,27.1,79,9.0,2.6,68,968.5
56,2021-05-07,27.8,77,0.0,3.3,234,968.1
56,2021-05-08,27.8,77,0.3,4.0,199,966.0
56,2021-05-09,28.1,77,5.7,5.1,189,965.1
56,2021-05-10,29.1,73,2.1,5.8,183,963.8
56,2021-05-11,29.7,74,2.2,5.0,177,962.9
56,2021-05-12,29.8,74,4.3,5.7,171,962.3
56,2021-05-13,29.3,77,4.3,4.0,187,961.8
56,2021-05-14,29.8,71,0.0,6.6,191,961.7
56,2021-05-15,31.1,66,0.0,6.2,195,962.4
56,2021-05-16,31.3,65,0.0,6.1,182,962.9
56,2021-05-17,31.0,69,0.4,7.7,182,963.1
56,2021-05-18,31.1,70,0.7,7.1,194,963.4
56,2021-05-19,31.2,69,2.1,6.9,189,962.2
56,2021-05-20,31.7,66,0.0,7.5,178,962.4
56,2021-05-21,31.6,67,0.6,6.5,184,962.4
56,2021-05-22,31.7,67,0.3,6.2,184,960.9
56,2021-05-23,32.4,61,0.1,8.1,188,961.1
56,2021-05-24,31.3,65,6.4,5.3,157,962.5
56,2021-05-25,27.7,84,24.1,4.8,154,963.2
56,2021-05-26,29.2,76,2.4,5.5,182,962.4
56,2021-05-27,30.0,75,1.7,3.6,185,963.0
56,2021-05-28,28.7,81,7.5,4.9,153,964.5
56,2021-05-29,29.2,78,2.4,6.9,179,964.0
56,2021-05-30,30.0,74,1.3,8.1,183,962.9
56,2021-05-31,30.4,73,0.6,7.8,195,961.7
56,2021-06-01,31.4,68,0.8,6.9,197,962.0
56,2021-06-02,31.9,64,0.0,6.5,211,962.0
56,2021-06-03,32.4,62,0.0,6.0,224,962.7
56,2021-06-04,30.2,72,1.6,3.7,207,963.0
56,2021-06-05,27.9,84,39.5,6.0,188,962.5
56,2021-06-06,29.6,76,1.9,6.8,191,961.3
56,2021-06-07,29.4,78,6.6,7.8,178,960.7
56,2021-06-08,28.0,83,10.8,6.9,165,961.1
56,2021-06-09,27.3,86,25.2,7.8,176,961.3
56,2021-06-10,27.6,82,4.2,8.0,183,960.4
56,2021-06-11,28.8,77,12.4,8.0,189,960.3
56,2021-06-12,28.5,81,9.0,5.1,180,961.6
56,2021-06-13,28.3,80,1.7,8.3,197,960.2
56,2021-06-14,24.5,92,52.8,11.0,188,960.8
56,2021-06-15,27.3,83,8.4,9.8,182,961.0
56,2021-06-16,27.9,80,2.9,10.8,187,962.1
56,2021-06-17,28.3,78,4.2,9.9,192,964.0
56,2021-06-18,29.2,73,0.2,7.5,201,965.2
56,2021-06-19,30.4,68,0.0,7.1,226,964.2
56,2021-06-20,30.5,66,0.0,7.6,226,962.6
56,2021-06-21,30.7,67,0.0,7.3,215,961.5
56,2021-06-22,30.5,70,0.9,6.5,193,962.5
56,2021-06-23,30.2,72,1.3,6.9,199,963.3
56,2021-06-24,30.3,72,0.0,6.6,201,962.1
56,2021-06-25,29.4,75,4.2,6.6,188,961.1
56,2021-06-26,29.3,74,2.1,7.4,189,962.5
56,2021-06-27,29.5,75,2.0,8.6,206,964.0
56,2021-06-28,29.2,77,1.0,9.1,204,962.9
56,2021-06-29,29.6,73,0.0,7.7,205,961.7
56,2021-06-30,29.6,73,2.4,7.9,197,961.4
56,2021-07-01,28.2,81,6.8,7.5,190,961.9
56,2021-07-02,29.2,75,0.0,8.3,197,963.3
56,2021-07-03,29.5,73,0.2,6.8,205,963.0
56,2021-07-04,30.7,68,0.0,5.5,216,961.9
56,2021-07-05,30.6,72,1.7,4.3,205,961.0
56,2021-07-06,27.1,89,16.4,4.7,161,960.7
56,2021-07-07,28.5,79,8.1,3.6,129,961.9
56,2021-07-08,27.7,85,8.6,4.4,161,961.4
56,2021-07-09,28.1,82,7.7,5.9,132,962.0
56,2021-07-10,27.7,83,10.6,4.6,115,962.8
56,2021-07-11,28.7,79,0.8,6.4,126,964.3
56,2021-07-12,29.0,78,0.2,6.2,183,965.3
56,2021-07-13,29.9,74,0.2,5.0,194,963.9
56,2021-07-14,30.1,74,1.8,5.8,185,962.7
56,2021-07-15,28.6,79,6.8,7.1,168,963.3
56,2021-07-16,28.8,76,3.6,5.6,180,964.8
56,2021-07-17,30.0,72,0.3,5.6,189,962.9
56,2021-07-18,29.7,75,0.0,7.9,198,960.0
56,2021-07-19,28.5,79,6.1,9.2,187,959.5
56,2021-07-20,26.7,88,26.5,10.5,183,960.0
56,2021-07-21,27.7,81,10.8,10.7,189,960.1
56,2021-07-22,27.5,81,4.4,10.1,190,960.4
56,2021-07-23,27.7,84,5.5,7.0,190,960.8
56,2021-07-24,27.2,89,27.8,7.0,187,959.8
56,2021-07-25,27.9,85,4.3,7.6,203,959.3
56,2021-07-26,26.5,90,42.0,8.5,185,959.3
56,2021-07-27,28.0,80,0.2,9.0,197,959.1
56,2021-07-28,28.3,79,0.2,8.4,198,959.3
56,2021-07-29,29.7,75,1.1,7.8,204,960.1
56,2021-07-30,29.9,75,0.7,6.9,196,961.2
56,2021-07-31,29.7,76,2.6,8.2,191,961.3
56,2021-08-01,29.0,79,4.4,8.8,200,959.7
56,2021-08-02,28.5,78,7.2,7.9,202,960.2
56,2021-08-03,28.2,80,13.9,6.9,197,960.4
56,2021-08-04,28.3,81,4.5,8.6,193,961.3
56,2021-08-05,28.8,78,2.0,9.2,195,961.2
56,2021-08-06,28.7,79,0.9,8.9,195,962.0
56,2021-08-07,29.6,76,0.1,8.2,205,963.1
56,2021-08-08,30.6,71,0.0,7.2,222,963.1
56,2021-08-09,30.9,71,0.9,6.7,213,961.6
56,2021-08-10,29.7,77,0.7,5.6,171,960.3
56,2021-08-11,28.4,82,8.0,6.3,173,962.2
56,2021-08-12,29.8,74,0.1,7.6,199,964.3
56,2021-08-13,29.3,78,4.6,7.0,187,962.5
56,2021-08-14,28.5,81,6.4,8.6,183,961.1
56,2021-08-15,26.9,87,18.5,9.2,180,962.6
56,2021-08-16,26.5,87,32.3,9.2,179,966.6
56,2021-08-17,27.4,84,6.2,6.8,189,967.4
56,2021-08-18,28.3,79,0.2,4.3,191,965.1
56,2021-08-19,27.9,82,2.0,3.5,165,964.3
56,2021-08-20,28.0,82,1.0,4.4,171,965.5
56,2021-08-21,29.3,77,0.2,5.1,194,965.2
56,2021-08-22,30.0,76,1.5,6.9,194,963.5
56,2021-08-23,30.4,74,2.9,6.9,195,962.1
56,2021-08-24,28.3,81,8.5,5.4,180,961.6
56,2021-08-25,28.5,79,3.1,6.4,160,961.3
56,2021-08-26,29.0,78,3.4,6.3,157,962.5
56,2021-08-27,28.4,81,4.3,5.0,139,963.4
56,2021-08-28,28.0,81,5.0,4.0,142,963.5
56,2021-08-29,28.2,79,1.7,6.6,145,964.3
56,2021-08-30,28.4,80,3.8,3.5,170,965.3
56,2021-08-31,28.1,83,3.5,3.7,175,965.7
56,2021-09-01,28.9,78,2.3,4.3,168,965.0
56,2021-09-02,29.0,76,0.3,4.9,176,964.0
56,2021-09-03,28.7,78,4.1,6.6,178,962.6
56,2021-09-04,28.7,77,1.1,7.6,182,962.5
56,2021-09-05,28.2,80,14.9,6.0,173,963.7
56,2021-09-06,28.1,81,12.2,2.2,181,966.2
56,2021-09-07,29.0,78,3.2,4.1,345,965.8
56,2021-09-08,28.7,79,0.9,3.9,349,963.3
56,2021-09-09,27.5,83,6.6,5.1,67,962.7
56,2021-09-10,27.9,81,4.1,3.0,80,964.5
56,2021-09-11,28.7,78,0.0,3.7,188,963.8
56,2021-09-12,29.1,77,0.0,4.8,214,961.7
56,2021-09-13,29.8,73,0.0,4.2,182,962.4
56,2021-09-14,26.5,88,19.6,3.9,346,964.7
56,2021-09-15,27.3,87,9.0,2.5,103,965.6
56,2021-09-16,27.5,85,3.7,4.2,138,965.2
56,2021-09-17,27.7,83,3.1,6.5,170,965.4
56,2021-09-18,28.9,77,0.0,5.0,189,965.9
56,2021-09-19,29.4,76,0.2,3.8,191,965.5
56,2021-09-20,27.7,82,7.9,3.6,105,964.7
56,2021-09-21,28.0,80,6.7,2.9,43,964.2
56,2021-09-22,27.6,82,3.5,4.5,103,963.6
56,2021-09-23,27.5,83,3.4,3.9,131,965.0
56,2021-09-24,28.2,80,6.2,4.0,29,965.0
56,2021-09-25,27.8,82,9.6,5.8,14,963.4
56,2021-09-26,26.1,88,38.5,4.0,101,964.4
56,2021-09-27,26.4,87,11.2,2.6,151,966.1
56,2021-09-28,25.8,90,17.5,2.7,187,966.8
56,2021-09-29,28.1,80,0.0,3.2,206,965.3
56,2021-09-30,29.1,78,0.5,4.1,180,964.9
56,2021-10-01,27.9,83,17.4,4.7,183,965.2
56,2021-10-02,27.3,84,11.4,4.1,187,965.6
56,2021-10-03,28.2,81,1.0,4.6,169,965.1
56,2021-10-04,28.1,80,0.2,3.9,132,965.5
56,2021-10-05,28.8,78,0.2,3.4,346,965.6
56,2021-10-06,28.9,73,0.2,4.9,3,963.4
56,2021-10-07,28.9,74,0.0,3.4,148,962.2
56,2021-10-08,29.1,75,0.0,3.6,206,961.6
56,2021-10-09,29.2,74,0.0,4.1,189,961.5
56,2021-10-10,28.3,79,4.8,3.4,247,960.7
56,2021-10-11,26.5,85,7.8,6.3,344,961.3
56,2021-10-12,26.0,88,7.0,5.1,344,962.5
56,2021-10-13,28.0,76,0.0,5.9,348,961.5
56,2021-10-14,26.7,78,2.5,5.0,336,960.8
56,2021-10-15,25.0,89,8.0,4.2,359,962.7
56,2021-10-16,24.9,90,10.8,5.9,355,965.9
56,2021-10-17,26.4,72,0.0,7.2,11,968.6
56,2021-10-18,26.6,72,0.0,6.3,2,968.9
56,2021-10-19,26.9,83,1.0,3.9,85,970.1
56,2021-10-20,27.4,84,3.8,5.0,181,969.6
56,2021-10-21,28.1,80,0.8,6.0,183,967.9
56,2021-10-22,26.1,89,39.9,4.2,149,968.7
56,2021-10-23,26.5,86,7.6,5.9,142,970.4
56,2021-10-24,26.4,83,0.3,3.9,58,970.7
56,2021-10-25,26.4,82,0.9,3.6,110,969.2
56,2021-10-26,27.0,79,0.0,2.2,119,968.2
56,2021-10-27,27.7,78,0.5,3.1,66,968.3
56,2021-10-28,27.5,79,0.0,4.1,50,968.6
56,2021-10-29,27.0,81,1.0,4.0,59,969.8
56,2021-10-30,26.6,86,3.7,1.8,117,970.3
56,2021-10-31,26.9,85,5.1,2.9,145,969.4
56,2021-11-01,26.8,84,5.6,2.4,118,969.7
56,2021-11-02,26.9,83,4.8,3.2,28,969.7
56,2021-11-03,27.3,82,1.8,3.4,69,969.0
56,2021-11-04,27.2,83,1.0,3.1,173,968.2
56,2021-11-05,27.0,81,0.0,3.6,189,966.5
56,2021-11-06,27.0,80,0.0,3.2,189,964.5
56,2021-11-07,27.5,79,0.1,3.8,75,965.1
56,2021-11-08,27.8,82,0.4,4.7,73,967.1
56,2021-11-09,26.5,80,0.0,5.4,126,969.2
56,2021-11-10,26.4,83,0.3,4.0,106,969.4
56,2021-11-11,26.5,78,0.0,3.9,128,968.4
56,2021-11-12,26.6,78,0.0,4.9,116,969.1
56,2021-11-13,26.4,77,0.0,4.0,122,969.1
56,2021-11-14,25.5,80,0.0,5.4,143,968.5
56,2021-11-15,26.0,78,0.0,4.8,151,967.0
56,2021-11-16,26.3,81,0.0,5.0,146,967.4
56,2021-11-17,27.1,78,0.0,3.9,120,968.2
56,2021-11-18,27.6,75,0.0,3.2,145,967.1
56,2021-11-19,27.4,76,0.0,4.3,194,964.8
56,2021-11-20,27.2,77,0.0,4.1,211,964.5
56,2021-11-21,26.7,75,0.0,2.4,135,966.1
56,2021-11-22,27.3,72,0.0,3.9,130,967.0
56,2021-11-23,27.5,73,0.0,6.1,153,967.9
56,2021-11-24,26.9,69,0.1,5.7,135,969.4
56,2021-11-25,25.6,73,0.0,3.7,103,969.9
56,2021-11-26,25.5,77,0.5,4.4,33,969.8
56,2021-11-27,24.7,76,0.0,5.5,18,971.0
56,2021-11-28,24.4,73,0.0,6.2,357,971.0
56,2021-11-29,23.9,73,0.0,7.2,356,970.1
56,2021-11-30,23.9,69,0.0,6.4,12,970.5
56,2021-12-01,22.5,69,0.0,8.1,6,971.2
56,2021-12-02,22.1,68,0.0,6.3,2,972.0
56,2021-12-03,22.0,64,0.0,6.1,2,973.1
56,2021-12-04,20.7,63,0.0,4.9,7,973.0
56,2021-12-05,20.2,61,0.0,6.2,358,972.7
56,2021-12-06,20.6,63,0.0,5.3,355,971.8
56,2021-12-07,21.2,64,0.0,3.5,14,971.5
56,2021-12-08,21.7,65,0.0,4.0,12,972.2
56,2021-12-09,22.9,62,0.0,4.7,355,973.1
56,2021-12-10,24.1,65,0.0,2.4,48,971.6
56,2021-12-11,24.3,68,0.0,3.1,141,971.1
56,2021-12-12,24.6,72,0.0,4.3,107,971.6
56,2021-12-13,23.7,70,0.0,4.7,87,971.3
56,2021-12-14,22.9,72,0.0,3.5,31,969.8
56,2021-12-15,22.8,71,0.0,2.8,107,968.5
56,2021-12-16,22.9,67,0.0,3.5,7,968.8
56,2021-12-17,22.5,64,0.0,5.4,358,969.9
56,2021-12-18,22.8,67,0.0,4.7,17,970.6
56,2021-12-19,21.5,69,0.0,5.2,9,971.4
56,2021-12-20,20.2,63,0.0,5.6,359,970.8
56,2021-12-21,20.5,66,0.0,4.1,344,969.7
56,2021-12-22,21.1,67,0.0,2.3,89,968.9
56,2021-12-23,21.2,73,0.0,6.2,179,967.6
56,2021-12-24,21.7,76,0.0,5.8,171,967.8
56,2021-12-25,22.5,78,0.6,5.3,158,969.0
56,2021-12-26,22.4,81,2.3,4.1,136,971.0
56,2021-12-27,24.0,75,0.0,2.8,142,972.2
56,2021-12-28,23.9,71,0.0,4.1,130,971.9
56,2021-12-29,23.3,72,0.0,4.7,46,972.2
56,2021-12-30,24.8,71,0.3,3.2,39,973.4
56,2021-12-31,24.4,73,0.0,4.1,114,973.0
56,2022-01-01,24.1,71,0.0,5.0,122,972.6
56,2022-01-02,23.8,68,0.0,5.8,135,972.2
56,2022-01-03,22.7,69,0.0,4.2,122,970.6
56,2022-01-04,22.4,72,0.0,4.0,141,969.9
56,2022-01-05,23.0,71,0.0,3.4,155,969.2
56,2022-01-06,22.9,70,0.0,3.1,136,969.1
56,2022-01-07,22.8,72,0.0,5.1,165,970.1
56,2022-01-08,23.3,73,0.0,5.6,181,969.5
56,2022-01-09,23.3,72,0.0,4.9,183,967.9
56,2022-01-10,23.1,73,0.0,6.0,192,968.0
56,2022-01-11,23.5,69,0.0,4.1,177,968.8
56,2022-01-12,23.8,71,0.0,6.8,186,969.4
56,2022-01-13,24.3,75,0.0,5.6,176,969.5
56,2022-01-14,24.9,71,0.2,6.5,176,969.4
56,2022-01-15,25.4,68,0.0,4.3,170,968.9
56,2022-01-16,24.2,73,0.0,3.9,344,969.7
56,2022-01-17,22.6,85,4.7,5.0,354,970.9
56,2022-01-18,22.5,84,4.5,4.2,17,970.5
56,2022-01-19,22.0,83,3.1,4.4,10,969.1
56,2022-01-20,21.9,83,10.2,3.2,189,967.2
56,2022-01-21,22.0,86,12.1,5.8,169,966.3
56,2022-01-22,22.7,80,0.8,4.6,156,965.0
56,2022-01-23,21.8,74,0.2,4.2,195,965.7
56,2022-01-24,22.1,68,0.0,2.4,193,966.3
56,2022-01-25,22.2,69,0.0,3.9,201,966.5
56,2022-01-26,22.1,71,0.0,5.1,197,966.4
56,2022-01-27,22.0,71,0.0,6.8,197,966.4
56,2022-01-28,22.2,70,0.0,5.9,200,966.0
56,2022-01-29,22.3,69,0.0,7.1,212,964.7
56,2022-01-30,21.7,68,0.0,8.5,193,963.5
56,2022-01-31,21.2,63,0.0,8.2,188,964.1
56,2022-02-01,21.6,59,0.0,9.8,188,964.6
56,2022-02-02,23.5,64,0.0,8.6,199,966.4
56,2022-02-03,22.6,59,0.0,3.8,200,967.2
56,2022-02-04,23.3,68,1.1,4.5,143,967.8
56,2022-02-05,21.3,84,6.6,6.7,140,969.3
56,2022-02-06,23.0,78,0.6,8.5,177,968.4
56,2022-02-07,23.5,73,0.1,7.1,194,967.0
56,2022-02-08,22.4,67,0.0,6.4,193,966.4
56,2022-02-09,21.9,62,0.0,7.4,201,966.6
56,2022-02-10,22.9,61,0.0,3.8,212,966.2
56,2022-02-11,23.0,63,0.0,3.8,197,965.4
56,2022-02-12,25.0,66,0.0,8.1,196,963.9
56,2022-02-13,24.7,63,0.0,5.5,305,963.9
56,2022-02-14,25.2,46,0.0,3.8,355,965.4
56,2022-02-15,24.4,74,1.1,7.1,150,966.0
56,2022-02-16,25.6,72,0.1,7.0,192,964.2
56,2022-02-17,27.0,71,0.0,8.4,184,963.5
56,2022-02-18,27.4,75,3.5,7.8,179,964.2
56,2022-02-19,25.7,85,15.1,6.2,192,964.7
56,2022-02-20,25.4,79,1.5,9.4,158,962.7
56,2022-02-21,23.8,68,0.4,9.9,137,966.9
56,2022-02-22,24.6,63,0.1,9.0,161,969.1
56,2022-02-23,24.8,66,0.0,5.4,98,971.4
56,2022-02-24,24.2,63,0.0,4.6,32,972.9
56,2022-02-25,24.5,64,0.0,4.2,78,972.0
56,2022-02-26,24.9,62,0.0,5.0,114,971.2
56,2022-02-27,26.1,60,0.0,5.4,153,969.3
56,2022-02-28,27.0,57,0.0,5.8,167,968.3
56,2022-03-01,27.8,57,0.0,4.0,129,967.8
56,2022-03-02,28.4,57,0.0,6.1,171,967.3
56,2022-03-03,29.0,58,0.0,6.5,178,967.0
56,2022-03-04,29.7,59,0.0,5.2,182,965.5
56,2022-03-05,30.6,56,0.0,6.4,196,964.1
56,2022-03-06,30.7,56,0.0,7.0,182,964.4
56,2022-03-07,28.9,67,29.2,5.3,142,967.1
56,2022-03-08,26.6,75,29.4,4.4,142,968.0
56,2022-03-09,27.7,72,0.0,5.1,173,965.8
56,2022-03-10,29.4,69,0.0,5.8,179,964.5
56,2022-03-11,30.1,66,0.0,5.8,180,963.4
56,2022-03-12,30.1,69,0.0,6.5,176,963.1
56,2022-03-13,30.6,66,0.0,5.8,180,963.3
56,2022-03-14,30.4,66,0.0,6.0,183,963.7
56,2022-03-15,29.4,70,5.5,6.8,171,962.4
56,2022-03-16,28.4,73,0.9,3.9,142,962.8
56,2022-03-17,28.2,72,1.7,5.6,172,963.1
56,2022-03-18,26.8,75,6.2,4.4,174,963.8
56,2022-03-19,28.0,71,0.0,8.0,189,962.5
56,2022-03-20,29.1,69,0.4,8.9,183,962.7
56,2022-03-21,28.6,71,3.5,8.1,185,964.6
56,2022-03-22,29.0,69,1.6,7.7,173,965.4
56,2022-03-23,28.1,75,5.2,6.4,169,965.2
56,2022-03-24,29.6,65,0.2,9.7,194,963.9
56,2022-03-25,30.0,58,0.0,7.5,196,964.1
56,2022-03-26,30.3,58,0.0,6.6,184,965.6
56,2022-03-27,29.9,59,0.0,6.6,190,965.5
56,2022-03-28,28.3,68,6.2,7.3,146,965.4
56,2022-03-29,27.2,74,2.5,8.9,157,965.6
56,2022-03-30,27.8,74,1.7,6.2,135,966.2
56,2022-03-31,29.4,69,0.0,5.3,128,966.4
56,2022-04-01,29.1,68,3.2,8.0,137,967.2
56,2022-04-02,22.4,80,6.7,10.4,16,972.4
56,2022-04-03,23.3,61,0.0,8.8,18,972.5
56,2022-04-04,26.4,63,0.0,5.0,132,971.4
56,2022-04-05,27.9,59,0.0,4.6,132,970.3
56,2022-04-06,28.1,63,0.0,5.7,97,969.1
56,2022-04-07,27.2,70,1.0,5.0,345,969.7
56,2022-04-08,27.7,68,0.2,3.6,142,968.3
56,2022-04-09,28.5,64,0.2,4.4,194,965.6
56,2022-04-10,28.7,65,0.0,6.1,171,964.7
56,2022-04-11,29.6,63,0.1,5.9,185,963.4
56,2022-04-12,30.2,58,0.0,6.8,204,962.2
56,2022-04-13,30.2,57,0.0,4.0,175,961.3
56,2022-04-14,30.8,58,0.0,7.0,201,961.2
56,2022-04-15,31.3,57,0.0,6.8,186,961.6
56,2022-04-16,31.4,56,0.0,6.6,180,961.7
56,2022-04-17,31.3,56,0.2,7.6,161,963.4
56,2022-04-18,27.5,76,11.8,7.3,111,967.1
56,2022-04-19,27.4,72,4.4,2.7,157,968.6
56,2022-04-20,26.9,77,8.5,3.7,182,966.9
56,2022-04-21,26.7,78,13.3,4.6,164,965.5
56,2022-04-22,28.5,73,0.6,5.0,174,965.1
56,2022-04-23,29.9,68,0.0,6.6,185,964.0
56,2022-04-24,30.7,66,0.1,5.7,188,962.6
56,2022-04-25,31.2,66,0.0,5.7,192,962.3
56,2022-04-26,31.6,64,0.1,6.8,209,962.3
56,2022-04-27,31.6,64,0.2,4.5,200,962.6
56,2022-04-28,31.4,62,0.0,4.6,209,962.7
56,2022-04-29,30.1,64,0.2,6.4,190,964.4
56,2022-04-30,29.9,66,0.9,4.2,175,963.7
56,2022-05-01,29.3,67,6.9,3.0,61,963.0
56,2022-05-02,25.1,84,7.4,6.1,64,965.8
56,2022-05-03,27.1,63,0.0,5.5,36,968.2
56,2022-05-04,28.2,64,0.0,4.1,112,967.2
56,2022-05-05,28.9,63,0.3,4.6,156,965.0
56,2022-05-06,28.4,70,0.8,4.2,31,964.8
56,2022-05-07,27.8,78,6.7,5.2,127,965.1
56,2022-05-08,27.4,83,12.8,4.7,158,965.2
56,2022-05-09,28.7,76,2.6,5.2,179,965.0
56,2022-05-10,28.9,76,1.5,5.7,195,964.4
56,2022-05-11,28.9,77,3.2,7.9,188,963.5
56,2022-05-12,29.0,78,6.0,7.5,196,962.2
56,2022-05-13,29.8,74,1.3,8.6,191,961.5
56,2022-05-14,30.5,71,3.9,8.4,186,962.5
56,2022-05-15,30.8,71,7.0,7.9,186,963.4
56,2022-05-16,29.7,76,16.8,6.6,157,963.3
56,2022-05-17,27.0,83,16.8,7.3,134,965.2
56,2022-05-18,27.8,75,1.0,5.4,147,965.9
56,2022-05-19,28.6,77,0.9,5.5,170,965.0
56,2022-05-20,27.4,85,16.9,3.9,128,962.3
56,2022-05-21,26.0,90,37.8,6.3,138,957.3
56,2022-05-22,27.8,84,10.9,5.8,191,956.1
56,2022-05-23,29.7,73,0.1,9.0,198,958.1
56,2022-05-24,29.1,73,4.1,9.2,185,961.9
56,2022-05-25,29.6,71,0.9,7.6,185,963.2
56,2022-05-26,29.9,68,0.0,7.7,215,960.8
56,2022-05-27,30.3,68,0.1,7.9,218,958.9
56,2022-05-28,30.5,69,0.1,8.0,196,958.5
56,2022-05-29,30.3,69,1.7,7.7,187,959.3
56,2022-05-30,30.3,71,1.9,5.7,178,960.1
56,2022-05-31,29.1,75,3.0,5.7,168,960.5
56,2022-06-01,29.8,71,1.4,6.2,183,961.8
56,2022-06-02,30.7,68,0.5,7.1,207,961.7
56,2022-06-03,30.9,65,0.3,8.9,204,961.7
56,2022-06-04,30.0,69,1.6,11.1,197,962.4
56,2022-06-05,29.7,69,0.6,9.3,196,962.2
56,2022-06-06,30.2,68,1.5,9.1,198,961.2
56,2022-06-07,29.8,67,4.3,10.2,192,961.5
56,2022-06-08,30.0,64,0.6,11.6,194,962.2
56,2022-06-09,29.6,68,0.4,10.9,195,962.4
56,2022-06-10,30.3,65,0.4,10.6,203,962.1
56,2022-06-11,30.6,65,2.5,9.9,195,962.7
56,2022-06-12,31.0,63,0.3,8.9,198,963.6
56,2022-06-13,31.3,61,0.3,8.5,203,962.9
56,2022-06-14,30.7,67,11.6,7.7,185,962.6
56,2022-06-15,28.2,78,6.3,5.6,165,963.9
56,2022-06-16,28.3,78,6.3,7.9,180,965.0
56,2022-06-17,28.3,77,3.4,7.6,206,964.3
56,2022-06-18,29.0,75,1.2,8.7,204,963.8
56,2022-06-19,30.5,65,0.1,7.6,219,962.5
56,2022-06-20,30.8,62,0.4,8.1,218,960.2
56,2022-06-21,31.3,62,0.2,9.3,206,959.8
56,2022-06-22,31.3,61,1.6,8.5,192,962.3
56,2022-06-23,31.3,62,3.1,6.9,182,963.5
56,2022-06-24,29.1,73,4.0,3.8,170,963.3
56,2022-06-25,30.1,69,1.0,6.8,173,961.9
56,2022-06-26,29.6,73,9.8,7.8,177,963.5
56,2022-06-27,30.0,69,0.7,8.9,193,964.0
56,2022-06-28,30.5,67,0.5,8.4,200,962.2
56,2022-06-29,30.2,68,0.1,7.4,196,959.7
56,2022-06-30,28.2,83,17.6,5.6,180,958.8
56,2022-07-01,28.1,82,10.0,5.7,178,958.0
56,2022-07-02,28.4,80,7.1,5.8,184,957.8
56,2022-07-03,29.2,77,6.8,7.5,191,958.8
56,2022-07-04,30.0,72,2.4,8.2,186,958.9
56,2022-07-05,30.6,70,0.1,8.4,185,960.1
56,2022-07-06,29.3,77,5.3,3.8,177,961.9
56,2022-07-07,28.5,82,10.7,7.5,191,961.7
56,2022-07-08,29.0,75,1.3,6.1,181,961.0
56,2022-07-09,29.3,75,6.2,6.3,178,960.0
56,2022-07-10,28.6,80,6.0,4.7,182,960.9
56,2022-07-11,28.3,81,4.8,3.7,196,961.5
56,2022-07-12,30.2,74,0.1,3.7,182,960.3
56,2022-07-13,27.5,86,9.6,3.9,175,959.7
56,2022-07-14,28.1,83,3.1,3.5,156,959.7
56,2022-07-15,29.0,79,6.1,4.5,163,961.0
56,2022-07-16,30.2,74,0.3,5.7,177,962.1
56,2022-07-17,30.9,72,1.6,7.0,200,962.7
56,2022-07-18,31.6,69,0.1,7.2,210,961.4
56,2022-07-19,31.1,69,4.1,6.6,185,960.2
56,2022-07-20,27.5,86,50.3,3.9,177,961.1
56,2022-07-21,28.1,85,6.7,3.5,112,962.6
56,2022-07-22,27.1,86,9.3,3.8,153,964.4
56,2022-07-23,27.2,87,46.4,6.3,166,965.0
56,2022-07-24,28.3,81,2.3,3.4,182,964.6
56,2022-07-25,29.3,77,0.0,3.3,201,964.6
56,2022-07-26,30.2,72,0.0,4.6,202,964.2
56,2022-07-27,30.9,70,0.0,5.2,185,963.4
56,2022-07-28,31.1,70,0.2,5.1,188,963.4
56,2022-07-29,29.7,75,0.9,6.7,182,962.7
56,2022-07-30,29.5,77,2.3,5.4,180,961.9
56,2022-07-31,27.5,83,4.2,6.2,189,961.1
56,2022-08-01,29.0,77,3.5,6.2,183,960.5
56,2022-08-02,28.9,78,4.2,7.3,157,961.7
56,2022-08-03,29.2,75,9.0,6.4,177,963.6
56,2022-08-04,29.6,75,2.3,7.3,195,962.8
56,2022-08-05,29.0,75,2.3,7.4,198,961.4
56,2022-08-06,28.0,81,12.0,7.8,186,960.6
56,2022-08-07,27.6,84,10.1,7.7,178,960.5
56,2022-08-08,26.1,90,18.5,6.4,169,961.9
56,2022-08-09,27.9,81,3.2,4.6,187,961.3
56,2022-08-10,28.9,76,1.1,4.8,204,959.8
56,2022-08-11,27.9,84,9.3,6.1,199,958.7
56,2022-08-12,25.8,89,35.5,12.6,179,960.0
56,2022-08-13,27.3,83,6.8,6.4,167,963.6
56,2022-08-14,27.9,83,1.6,4.7,182,964.5
56,2022-08-15,27.7,85,6.7,5.7,195,962.4
56,2022-08-16,27.5,87,13.9,5.0,150,960.7
56,2022-08-17,28.4,79,2.4,6.2,164,961.5
56,2022-08-18,28.6,77,0.7,7.6,189,962.2
56,2022-08-19,29.4,77,2.5,5.6,200,962.2
56,2022-08-20,29.2,79,4.0,5.2,223,960.4
56,2022-08-21,27.2,86,13.7,4.9,178,959.0
56,2022-08-22,28.4,80,6.5,9.1,178,961.1
56,2022-08-23,29.3,77,0.6,4.2,193,963.4
56,2022-08-24,29.4,77,0.7,4.0,239,962.3
56,2022-08-25,27.1,84,3.7,3.9,194,959.9
56,2022-08-26,27.2,85,5.4,10.4,186,959.7
56,2022-08-27,27.6,82,1.8,9.2,172,964.0
56,2022-08-28,29.0,76,0.4,4.0,180,964.7
56,2022-08-29,29.6,75,0.5,3.7,179,965.2
56,2022-08-30,29.7,72,0.0,4.7,177,965.6
56,2022-08-31,29.9,73,1.2,4.5,186,964.0
56,2022-09-01,28.6,80,6.5,3.4,177,964.7
56,2022-09-02,29.8,76,1.3,3.0,172,964.5
56,2022-09-03,29.9,76,0.7,6.7,182,962.9
56,2022-09-04,29.7,76,3.5,6.3,178,963.1
56,2022-09-05,26.9,87,26.4,3.2,44,964.2
56,2022-09-06,27.8,84,0.7,3.6,29,964.6
56,2022-09-07,28.7,77,2.6,3.2,135,965.8
56,2022-09-08,27.7,81,6.8,3.5,5,966.0
56,2022-09-09,27.3,83,10.6,3.2,81,966.6
56,2022-09-10,26.7,87,19.3,3.3,84,966.6
56,2022-09-11,26.4,88,9.7,3.1,163,966.0
56,2022-09-12,26.6,85,15.4,6.0,185,965.2
56,2022-09-13,26.9,84,3.3,4.3,179,965.9
56,2022-09-14,27.9,83,8.2,4.0,184,965.6
56,2022-09-15,28.6,82,2.9,5.0,184,963.8
56,2022-09-16,28.5,81,13.1,6.0,173,961.6
56,2022-09-17,28.2,79,2.5,6.1,168,962.3
56,2022-09-18,28.1,80,6.5,4.2,174,963.8
56,2022-09-19,29.2,76,0.5,4.2,193,964.4
56,2022-09-20,27.9,82,2.0,3.7,214,963.6
56,2022-09-21,28.3,79,1.1,3.1,57,964.0
56,2022-09-22,28.1,82,9.7,2.7,188,963.8
56,2022-09-23,26.9,84,32.7,3.2,89,964.7
56,2022-09-24,27.0,84,21.1,3.9,350,964.4
56,2022-09-25,26.9,85,7.4,3.2,137,964.4
56,2022-09-26,27.3,83,5.1,4.1,110,964.9
56,2022-09-27,28.2,79,0.4,3.4,181,963.8
56,2022-09-28,28.5,77,0.6,4.8,342,961.1
56,2022-09-29,28.6,75,4.9,8.5,4,959.9
56,2022-09-30,27.8,83,17.3,5.0,11,961.2
56,2022-10-01,26.3,89,16.3,5.7,145,962.4
56,2022-10-02,26.6,87,15.2,5.6,149,964.3
56,2022-10-03,26.6,87,18.5,2.8,64,966.0
56,2022-10-04,27.5,82,1.6,3.7,97,967.9
56,2022-10-05,27.3,80,0.1,2.5,81,968.1
56,2022-10-06,27.0,85,5.2,3.1,64,968.0
56,2022-10-07,28.0,82,0.6,2.9,87,967.7
56,2022-10-08,27.8,81,3.6,3.8,159,968.3
56,2022-10-09,27.6,82,4.6,3.6,60,969.1
56,2022-10-10,26.1,91,30.2,4.0,347,970.6
56,2022-10-11,26.1,85,8.0,3.3,28,970.1
56,2022-10-12,26.9,83,0.7,3.0,156,968.6
56,2022-10-13,27.6,81,1.3,2.6,125,967.4
56,2022-10-14,27.1,84,5.4,4.5,23,966.1
56,2022-10-15,26.4,71,0.0,6.3,16,966.0
56,2022-10-16,25.3,72,0.2,4.2,44,968.3
56,2022-10-17,26.1,73,0.0,6.0,9,968.5
56,2022-10-18,25.7,70,0.0,6.0,18,968.0
56,2022-10-19,25.1,65,0.0,5.6,12,967.8
56,2022-10-20,25.4,66,0.0,4.5,5,968.1
56,2022-10-21,26.5,76,0.3,3.5,45,969.8
56,2022-10-22,26.8,77,0.2,5.1,8,970.5
56,2022-10-23,27.0,81,0.8,2.4,133,969.9
56,2022-10-24,27.1,78,0.0,4.3,138,968.2
56,2022-10-25,27.6,73,0.0,3.5,126,968.4
56,2022-10-26,27.8,76,0.0,3.0,107,968.2
56,2022-10-27,26.7,85,6.8,3.6,138,967.7
56,2022-10-28,26.6,87,4.8,2.5,106,967.3
56,2022-10-29,26.7,82,0.1,2.1,118,968.0
56,2022-10-30,26.2,77,0.0,3.2,3,967.8
56,2022-10-31,26.3,73,0.0,4.4,352,967.9
56,2022-11-01,25.9,71,0.0,6.7,2,968.2
56,2022-11-02,24.8,70,0.0,2.5,7,966.6
56,2022-11-03,24.1,75,0.0,3.8,150,966.6
56,2022-11-04,24.3,74,0.0,3.6,134,969.2
56,2022-11-05,24.4,73,0.0,2.8,44,971.2
56,2022-11-06,24.5,71,0.0,2.1,337,970.8
56,2022-11-07,24.4,72,0.0,2.1,352,969.8
56,2022-11-08,24.2,70,0.0,3.0,359,969.6
56,2022-11-09,24.3,70,0.0,3.2,337,969.8
56,2022-11-10,24.7,70,0.0,3.4,339,969.7
56,2022-11-11,24.4,69,0.0,3.5,347,969.5
56,2022-11-12,24.7,66,0.0,3.3,349,968.5
56,2022-11-13,25.2,69,0.0,4.3,350,968.0
56,2022-11-14,27.5,65,0.0,3.3,354,968.4
56,2022-11-15,27.5,79,5.3,2.8,143,967.5
56,2022-11-16,26.5,84,1.5,2.6,78,966.7
56,2022-11-17,26.8,82,2.3,2.8,143,966.2
56,2022-11-18,26.9,81,0.5,2.1,106,967.5
56,2022-11-19,27.3,79,0.1,4.1,356,967.6
56,2022-11-20,27.3,76,0.3,2.4,1,966.3
56,2022-11-21,27.3,78,0.0,2.8,358,965.0
56,2022-11-22,27.1,73,0.0,4.5,336,965.0
56,2022-11-23,26.2,70,0.0,5.0,354,965.8
56,2022-11-24,26.2,77,4.1,3.3,357,966.7
56,2022-11-25,26.7,83,5.6,3.2,130,967.8
56,2022-11-26,26.5,87,15.1,2.9,150,967.0
56,2022-11-27,26.8,86,0.3,4.1,184,965.5
56,2022-11-28,27.2,82,0.4,4.2,190,966.2
56,2022-11-29,26.6,84,0.1,3.6,212,967.0
56,2022-11-30,26.9,80,0.0,3.3,192,967.4
56,2022-12-01,26.3,84,4.4,4.6,170,967.6
56,2022-12-02,25.6,88,8.8,2.6,50,967.7
56,2022-12-03,25.6,83,0.7,3.1,18,967.9
56,2022-12-04,25.6,79,0.0,2.4,12,968.2
56,2022-12-05,26.1,78,0.1,2.1,46,968.9
56,2022-12-06,25.8,78,0.0,4.4,148,967.7
56,2022-12-07,25.6,75,0.0,5.5,165,967.5
56,2022-12-08,25.9,77,0.1,3.6,159,967.9
56,2022-12-09,25.6,81,0.4,3.3,163,967.0
56,2022-12-10,25.4,80,0.2,4.4,201,966.3
56,2022-12-11,24.8,82,0.4,4.7,174,966.8
56,2022-12-12,24.8,82,0.7,6.8,159,967.4
56,2022-12-13,23.9,71,0.0,7.6,139,968.9
56,2022-12-14,23.9,70,0.0,4.6,127,970.0
56,2022-12-15,22.5,74,0.0,4.0,145,968.0
56,2022-12-16,21.8,77,0.0,4.4,150,967.2
56,2022-12-17,23.5,73,0.0,4.9,40,970.0
56,2022-12-18,21.2,58,0.0,10.7,25,972.7
56,2022-12-19,18.9,67,0.0,5.0,357,970.5
56,2022-12-20,20.2,69,0.0,2.0,77,967.9
56,2022-12-21,22.2,71,0.0,3.1,146,967.4
56,2022-12-22,22.6,76,0.0,5.9,170,966.4
56,2022-12-23,23.9,74,0.0,5.7,166,966.6
56,2022-12-24,23.7,72,0.0,7.7,146,968.9
56,2022-12-25,22.2,74,0.0,7.4,154,970.5
56,2022-12-26,21.7,77,0.0,4.7,163,971.3
56,2022-12-27,22.1,75,0.0,6.3,174,970.4
56,2022-12-28,22.1,75,0.1,6.9,175,970.6
56,2022-12-29,21.8,77,0.0,6.6,165,971.5
56,2022-12-30,22.5,73,0.3,5.7,143,972.6
56,2022-12-31,22.4,68,0.0,5.5,126,972.5
56,2023-01-01,21.5,68,0.0,5.4,103,972.5
56,2023-01-02,20.9,70,0.0,4.1,1,973.3
56,2023-01-03,21.4,68,0.0,5.5,346,973.2
56,2023-01-04,23.4,70,0.0,4.7,5,972.5
56,2023-01-05,22.9,71,0.0,4.6,356,972.3
56,2023-01-06,22.1,66,0.0,7.6,17,973.5
56,2023-01-07,19.5,66,0.0,8.2,352,972.2
56,2023-01-08,19.9,64,0.0,6.7,344,970.9
56,2023-01-09,21.7,63,0.0,6.2,342,971.0
56,2023-01-10,23.5,62,0.0,5.4,353,969.3
56,2023-01-11,23.3,73,0.3,3.1,161,967.0
56,2023-01-12,23.6,76,1.0,7.2,186,966.0
56,2023-01-13,22.5,73,0.0,7.5,199,966.3
56,2023-01-14,20.9,67,0.0,5.2,197,964.7
56,2023-01-15,20.3,65,0.0,4.4,315,965.1
56,2023-01-16,21.4,59,0.0,2.9,140,967.0
56,2023-01-17,21.9,71,0.0,6.7,160,968.4
56,2023-01-18,23.4,67,0.0,7.5,155,970.4
56,2023-01-19,22.9,67,0.0,6.1,161,970.0
56,2023-01-20,22.5,69,0.0,5.5,153,969.7
56,2023-01-21,21.9,70,0.0,6.2,168,968.4
56,2023-01-22,21.6,70,0.0,4.6,183,967.1
56,2023-01-23,21.7,68,0.0,3.7,162,966.3
56,2023-01-24,23.1,66,0.0,3.9,119,968.9
56,2023-01-25,23.0,65,0.0,4.3,114,969.4
56,2023-01-26,21.8,69,0.0,6.0,178,967.3
56,2023-01-27,22.8,70,0.0,6.8,149,968.1
56,2023-01-28,23.3,68,0.0,4.7,75,969.8
56,2023-01-29,21.8,70,0.0,6.0,35,971.2
56,2023-01-30,21.2,61,0.0,5.0,3,971.7
56,2023-01-31,20.9,67,0.0,4.4,172,967.2
56,2023-02-01,22.6,67,0.0,4.8,175,965.7
56,2023-02-02,23.7,68,0.0,5.8,164,966.2
56,2023-02-03,24.9,64,0.0,6.5,167,966.4
56,2023-02-04,26.7,67,0.0,7.7,180,965.5
56,2023-02-05,27.8,68,0.0,8.0,186,964.9
56,2023-02-06,27.3,64,0.0,7.6,196,964.7
56,2023-02-07,25.8,58,0.0,7.6,197,964.5
56,2023-02-08,24.5,57,0.0,4.4,203,965.1
56,2023-02-09,23.2,57,0.0,5.2,201,965.3
56,2023-02-10,24.0,60,0.0,6.7,210,965.4
56,2023-02-11,23.6,57,0.0,6.4,210,965.0
56,2023-02-12,23.7,59,0.0,5.9,201,965.3
56,2023-02-13,23.5,58,0.0,5.9,191,965.2
56,2023-02-14,24.0,56,0.0,5.6,187,965.7
56,2023-02-15,25.3,59,0.0,8.2,151,967.2
56,2023-02-16,26.5,63,0.2,7.3,146,970.5
56,2023-02-17,23.3,66,0.3,5.2,2,971.7
56,2023-02-18,23.9,65,0.0,3.6,0,969.4
56,2023-02-19,24.7,61,0.0,3.5,99,968.4
56,2023-02-20,25.6,60,0.1,7.3,147,968.1
56,2023-02-21,25.5,63,0.1,8.2,162,968.9
56,2023-02-22,25.9,60,0.0,7.7,153,968.8
56,2023-02-23,26.4,59,0.0,6.5,179,967.8
56,2023-02-24,26.1,59,0.0,4.4,155,967.8
56,2023-02-25,26.7,56,0.0,8.5,126,971.7
56,2023-02-26,25.0,60,0.0,6.2,73,975.2
56,2023-02-27,23.6,58,0.0,5.3,129,974.3
56,2023-02-28,23.3,56,0.0,4.0,128,972.5
56,2023-03-01,24.5,61,0.0,4.0,53,971.2
56,2023-03-02,25.6,56,0.0,5.1,155,970.6
56,2023-03-03,25.9,57,0.0,8.5,154,971.5
56,2023-03-04,25.2,59,0.0,8.5,140,972.6
56,2023-03-05,25.2,60,0.0,5.5,138,972.1
56,2023-03-06,26.1,61,0.0,6.5,159,970.3
56,2023-03-07,26.8,61,0.0,6.7,176,969.4
56,2023-03-08,27.2,59,0.0,5.5,177,969.1
56,2023-03-09,27.4,60,0.0,5.8,164,967.9
56,2023-03-10,28.3,60,0.0,7.1,175,967.3
56,2023-03-11,28.0,62,0.0,4.8,180,967.2
56,2023-03-12,28.1,64,1.3,5.5,175,967.6
56,2023-03-13,23.7,79,4.8,7.0,153,970.6
56,2023-03-14,25.5,70,0.0,3.5,149,967.9
56,2023-03-15,26.4,66,0.2,5.0,188,966.2
56,2023-03-16,26.4,69,2.2,4.9,168,968.0
56,2023-03-17,27.4,69,0.3,3.1,276,967.6
56,2023-03-18,28.2,62,0.4,4.7,211,965.9
56,2023-03-19,28.5,59,0.1,6.5,190,964.9
56,2023-03-20,28.9,61,1.4,5.6,256,964.4
56,2023-03-21,29.0,60,1.1,5.2,238,963.7
56,2023-03-22,29.4,55,0.0,7.8,227,962.1
56,2023-03-23,29.7,51,0.7,8.1,227,961.8
56,2023-03-24,29.3,52,0.0,6.2,237,962.9
56,2023-03-25,28.6,55,0.0,5.8,237,963.3
56,2023-03-26,28.8,56,0.0,6.6,215,962.6
56,2023-03-27,29.0,54,0.0,6.8,199,962.9
56,2023-03-28,29.7,49,0.0,9.6,193,964.1
56,2023-03-29,30.2,50,0.0,8.0,213,964.9
56,2023-03-30,29.3,51,0.0,5.1,193,963.3
56,2023-03-31,28.8,55,0.0,5.3,188,963.1
56,2023-04-01,29.6,54,0.0,7.4,196,962.7
56,2023-04-02,30.8,51,0.0,9.9,205,962.1
56,2023-04-03,30.1,48,0.0,8.5,216,961.9
56,2023-04-04,29.3,52,0.0,6.3,230,961.8
56,2023-04-05,28.3,55,0.0,4.3,212,962.4
56,2023-04-06,28.5,55,0.0,4.9,190,963.4
56,2023-04-07,29.5,56,0.0,6.4,189,964.3
56,2023-04-08,30.9,58,0.0,7.8,175,966.6
56,2023-04-09,32.2,53,0.0,9.8,180,966.6
56,2023-04-10,32.1,53,0.0,7.1,189,964.8
56,2023-04-11,31.5,52,0.0,6.0,186,963.5
56,2023-04-12,31.2,54,0.0,5.2,183,962.8
56,2023-04-13,31.9,53,0.0,7.1,200,962.2
56,2023-04-14,32.1,52,0.0,6.1,194,962.3
56,2023-04-15,31.5,53,0.0,5.8,190,962.2
56,2023-04-16,32.6,49,0.0,8.8,184,961.9
56,2023-04-17,33.0,54,0.0,9.5,188,962.9
56,2023-04-18,33.4,48,0.0,6.8,194,962.9
56,2023-04-19,33.3,49,0.0,7.0,208,960.2
56,2023-04-20,32.7,50,0.0,6.6,218,958.7
56,2023-04-21,31.7,52,0.0,6.0,189,959.8
56,2023-04-22,31.0,56,0.8,6.1,191,961.2
56,2023-04-23,31.6,52,0.0,7.2,195,963.2
56,2023-04-24,31.1,56,0.0,7.0,185,966.1
56,2023-04-25,31.6,53,0.0,5.4,185,964.1
56,2023-04-26,30.3,60,0.6,10.9,168,964.4
56,2023-04-27,30.9,61,1.4,6.5,187,965.3
56,2023-04-28,32.6,55,0.1,7.1,187,964.3
56,2023-04-29,33.2,49,0.0,6.5,180,962.7
56,2023-04-30,30.3,62,4.8,11.1,152,964.4
56,2023-05-01,29.6,66,1.9,4.8,121,965.8
56,2023-05-02,30.5,63,0.9,5.4,212,965.6
56,2023-05-03,30.4,65,0.3,3.1,230,966.3
56,2023-05-04,31.9,59,0.0,5.8,243,963.4
56,2023-05-05,33.2,55,0.1,6.6,240,960.0
56,2023-05-06,34.9,49,0.0,6.6,228,959.0
56,2023-05-07,34.6,51,0.2,5.8,226,958.7
56,2023-05-08,32.3,60,7.2,5.4,183,960.6
56,2023-05-09,28.5,73,11.7,6.7,190,963.8
56,2023-05-10,29.0,71,0.9,9.1,174,964.6
56,2023-05-11,30.2,66,0.3,5.1,172,965.5
56,2023-05-12,28.2,78,10.6,6.2,161,965.9
56,2023-05-13,28.2,80,14.9,4.9,147,965.7
56,2023-05-14,27.4,82,25.7,7.9,171,964.4
56,2023-05-15,27.4,80,2.4,11.6,183,964.5
56,2023-05-16,28.6,75,1.5,7.7,198,965.2
56,2023-05-17,29.8,70,0.1,7.0,211,965.3
56,2023-05-18,30.8,66,0.0,6.6,247,964.3
56,2023-05-19,30.9,64,0.0,5.8,232,962.6
56,2023-05-20,31.3,62,0.0,5.6,218,962.1
56,2023-05-21,31.6,60,0.0,5.8,208,963.1
56,2023-05-22,31.6,61,0.0,6.8,204,963.5
56,2023-05-23,31.5,60,0.0,8.4,196,963.4
56,2023-05-24,31.4,65,3.7,9.7,188,962.8
56,2023-05-25,31.0,65,0.3,7.3,177,963.3
56,2023-05-26,31.7,61,0.0,5.9,197,963.5
56,2023-05-27,31.6,62,0.1,5.2,191,962.3
56,2023-05-28,31.7,62,1.6,6.0,161,961.9
56,2023-05-29,29.7,74,3.0,5.2,171,963.4
56,2023-05-30,31.4,66,0.1,5.3,182,962.8
56,2023-05-31,31.7,65,0.0,7.6,194,961.1
56,2023-06-01,32.2,62,1.5,6.9,201,960.1
56,2023-06-02,32.0,59,0.3,6.7,192,960.7
56,2023-06-03,31.2,63,2.9,5.0,207,962.3
56,2023-06-04,31.9,62,0.0,7.3,199,961.9
56,2023-06-05,31.5,62,0.4,8.7,185,961.1
56,2023-06-06,28.1,82,20.8,5.2,150,961.2
56,2023-06-07,28.3,81,4.6,6.2,166,961.7
56,2023-06-08,28.9,78,3.0,8.7,177,962.0
56,2023-06-09,29.4,76,4.9,7.7,175,961.3
56,2023-06-10,29.0,76,6.9,7.2,176,960.4
56,2023-06-11,29.7,73,0.1,8.0,184,959.7
56,2023-06-12,30.1,72,0.3,9.1,186,959.9
56,2023-06-13,29.6,72,6.4,11.0,187,960.4
56,2023-06-14,28.8,75,7.8,11.1,190,962.0
56,2023-06-15,28.9,76,4.0,7.7,198,962.3
56,2023-06-16,30.4,71,0.6,8.7,190,961.5
56,2023-06-17,31.2,66,0.3,8.7,188,962.1
56,2023-06-18,31.4,65,0.1,9.8,188,961.9
56,2023-06-19,30.5,67,1.2,9.1,187,962.1
56,2023-06-20,30.0,68,2.0,9.3,180,962.6
56,2023-06-21,30.1,66,0.9,9.3,199,963.6
56,2023-06-22,30.4,66,1.4,6.8,202,963.9
56,2023-06-23,31.7,58,0.0,8.1,231,962.8
56,2023-06-24,30.5,65,1.1,8.5,226,961.7
56,2023-06-25,28.1,81,17.9,6.4,182,962.2
56,2023-06-26,28.9,78,14.8,6.5,192,962.1
56,2023-06-27,29.5,76,5.1,6.3,164,962.5
56,2023-06-28,29.2,76,2.3,5.8,153,964.0
56,2023-06-29,29.8,79,6.7,5.9,181,962.7
56,2023-06-30,29.5,77,2.2,7.6,185,961.7
56,2023-07-01,29.8,75,2.1,8.4,187,961.6
56,2023-07-02,29.4,78,3.7,9.5,181,962.4
56,2023-07-03,28.7,78,1.4,10.3,183,962.9
56,2023-07-04,28.6,76,0.6,11.5,184,963.2
56,2023-07-05,29.1,74,6.3,9.1,187,963.6
56,2023-07-06,30.3,72,2.8,7.7,188,964.4
56,2023-07-07,31.7,67,1.9,6.3,194,964.1
56,2023-07-08,30.7,72,6.2,6.2,182,964.0
56,2023-07-09,29.4,77,3.3,6.3,177,964.0
56,2023-07-10,29.3,74,4.5,8.4,182,964.1
56,2023-07-11,29.3,73,6.2,8.2,189,964.1
56,2023-07-12,28.7,76,2.3,7.9,195,964.3
56,2023-07-13,29.9,75,1.9,6.6,206,963.8
56,2023-07-14,30.7,67,2.3,6.9,217,962.9
56,2023-07-15,30.6,67,3.2,5.3,235,961.4
56,2023-07-16,29.3,76,3.3,4.6,207,960.4
56,2023-07-17,30.7,71,2.0,4.0,172,958.4
56,2023-07-18,31.5,69,1.8,5.7,178,958.2
56,2023-07-19,30.0,74,3.1,6.8,174,958.5
56,2023-07-20,28.8,79,6.9,5.8,150,961.0
56,2023-07-21,29.8,76,1.8,3.2,134,963.5
56,2023-07-22,31.1,70,7.4,3.8,135,964.7
56,2023-07-23,30.3,72,4.0,5.5,171,964.4
56,2023-07-24,31.0,67,1.2,6.2,168,962.9
56,2023-07-25,30.5,69,0.8,6.2,180,963.1
56,2023-07-26,31.4,66,0.2,6.8,220,962.9
56,2023-07-27,32.5,59,0.3,8.4,257,961.1
56,2023-07-28,31.5,64,1.5,9.5,250,958.8
56,2023-07-29,28.0,84,14.0,7.1,185,958.4
56,2023-07-30,27.9,84,32.6,9.2,182,958.8
56,2023-07-31,27.8,82,2.2,11.2,177,960.8
56,2023-08-01,27.4,87,34.2,9.6,176,961.6
56,2023-08-02,27.5,86,5.7,7.8,187,961.6
56,2023-08-03,28.1,85,17.1,8.3,191,960.9
56,2023-08-04,27.6,86,6.4,8.8,185,962.7
56,2023-08-05,26.3,91,7.4,10.8,184,963.7
56,2023-08-06,26.4,89,12.6,8.9,183,961.8
56,2023-08-07,26.0,91,16.3,11.3,190,960.5
56,2023-08-08,25.1,94,30.7,10.2,181,961.7
56,2023-08-09,26.5,87,7.6,9.8,187,963.3
56,2023-08-10,28.4,80,0.6,7.9,194,963.4
56,2023-08-11,29.3,74,0.1,7.8,210,961.8
56,2023-08-12,28.9,74,0.3,7.2,203,960.9
56,2023-08-13,29.6,75,0.7,6.4,200,961.0
56,2023-08-14,29.2,79,0.3,7.4,193,961.0
56,2023-08-15,28.3,83,12.1,6.5,178,961.6
56,2023-08-16,28.5,81,2.7,6.9,177,962.6
56,2023-08-17,29.2,77,0.8,5.9,177,963.3
56,2023-08-18,30.4,73,0.3,4.7,199,962.7
56,2023-08-19,30.4,72,0.0,4.7,227,962.3
56,2023-08-20,29.6,78,3.8,3.2,169,961.7
56,2023-08-21,28.9,81,15.0,5.2,168,962.4
56,2023-08-22,28.8,80,2.8,6.3,171,962.9
56,2023-08-23,29.0,79,5.0,7.3,188,962.1
56,2023-08-24,29.0,79,3.6,6.9,191,961.8
56,2023-08-25,29.2,78,2.7,7.2,188,962.3
56,2023-08-26,29.3,76,0.9,8.9,195,962.3
56,2023-08-27,28.7,77,0.4,8.5,196,961.5
56,2023-08-28,29.4,75,0.9,6.3,198,960.4
56,2023-08-29,29.2,78,4.0,4.5,149,960.8
56,2023-08-30,28.2,83,4.6,4.4,129,962.7
56,2023-08-31,28.3,84,7.9,2.8,187,963.1
56,2023-09-01,29.8,76,1.4,3.5,178,962.4
56,2023-09-02,29.1,78,3.4,3.8,180,961.3
56,2023-09-03,29.8,74,0.2,2.9,168,960.2
56,2023-09-04,29.1,77,8.5,3.5,165,959.6
56,2023-09-05,27.6,86,15.6,4.0,133,961.8
56,2023-09-06,27.5,85,10.9,4.0,157,964.0
56,2023-09-07,28.4,84,4.0,3.9,178,964.2
56,2023-09-08,28.9,82,0.7,4.3,180,963.5
56,2023-09-09,28.8,82,5.2,3.9,165,961.8
56,2023-09-10,27.6,86,8.3,4.8,161,961.3
56,2023-09-11,28.2,81,4.5,7.8,178,961.6
56,2023-09-12,28.1,80,7.5,8.8,193,962.5
56,2023-09-13,27.4,83,3.3,5.7,191,963.6
56,2023-09-14,27.2,86,16.2,4.1,205,963.3
56,2023-09-15,27.8,86,11.8,4.0,351,962.6
56,2023-09-16,27.3,88,18.0,4.1,51,963.2
56,2023-09-17,26.9,88,11.3,4.2,123,963.5
56,2023-09-18,26.7,88,28.1,5.6,157,965.0
56,2023-09-19,27.3,84,18.0,6.4,169,966.9
56,2023-09-20,28.5,79,0.7,4.4,198,966.4
56,2023-09-21,29.2,79,0.4,3.7,184,965.6
56,2023-09-22,29.3,81,1.9,4.2,170,965.2
56,2023-09-23,30.1,76,1.8,4.4,172,965.3
56,2023-09-24,29.8,76,0.4,3.8,174,964.1
56,2023-09-25,29.0,77,3.3,3.6,51,963.3
56,2023-09-26,29.3,76,0.0,5.7,3,962.8
56,2023-09-27,27.9,81,15.7,5.8,9,961.6
56,2023-09-28,26.7,88,27.7,4.8,112,963.5
56,2023-09-29,26.5,88,11.8,5.4,134,966.0
56,2023-09-30,26.5,88,10.0,6.7,170,966.6
56,2023-10-01,27.6,84,8.1,5.2,175,965.4
56,2023-10-02,28.9,79,3.9,4.4,181,965.7
56,2023-10-03,29.3,79,0.3,3.5,171,966.0
56,2023-10-04,29.5,79,12.8,3.6,159,965.6
56,2023-10-05,29.3,79,3.3,4.7,159,964.6
56,2023-10-06,28.8,81,8.5,5.1,162,964.4
56,2023-10-07,27.6,84,6.9,5.5,160,965.1
56,2023-10-08,27.0,88,26.6,3.1,132,966.2
56,2023-10-09,26.4,87,15.6,3.7,104,967.5
56,2023-10-10,26.7,88,4.5,3.2,38,968.5
56,2023-10-11,27.4,84,1.0,2.8,101,969.2
56,2023-10-12,27.4,84,5.1,2.2,118,970.0
56,2023-10-13,27.4,85,3.4,2.0,69,969.3
56,2023-10-14,27.2,84,8.1,3.1,179,967.4
56,2023-10-15,27.0,84,16.5,3.2,81,966.5
56,2023-10-16,27.2,84,6.2,2.9,15,967.9
56,2023-10-17,27.7,80,1.0,2.5,0,968.3
56,2023-10-18,28.2,78,0.5,2.6,175,967.9
56,2023-10-19,28.4,78,0.3,4.0,197,967.4
56,2023-10-20,27.8,81,4.2,3.6,75,968.3
56,2023-10-21,26.7,86,8.6,3.8,31,970.4
56,2023-10-22,27.1,87,3.4,2.4,79,970.7
56,2023-10-23,27.3,80,0.3,2.9,157,970.0
56,2023-10-24,28.1,76,0.1,2.4,155,969.2
56,2023-10-25,28.4,77,0.1,1.7,137,968.8
56,2023-10-26,27.9,82,1.0,2.5,174,968.3
56,2023-10-27,27.7,83,6.0,3.2,155,967.9
56,2023-10-28,26.4,87,13.4,2.0,93,968.1
56,2023-10-29,26.3,89,4.9,3.0,353,968.5
56,2023-10-30,25.7,90,29.6,3.5,28,969.7
56,2023-10-31,25.2,90,14.8,4.6,353,971.4
56,2023-11-01,26.4,83,0.9,3.4,345,971.0
56,2023-11-02,26.9,79,0.0,3.1,153,969.1
56,2023-11-03,27.3,79,0.1,3.1,185,966.7
56,2023-11-04,27.3,82,0.7,4.0,181,966.7
56,2023-11-05,27.5,83,1.5,2.0,174,968.0
56,2023-11-06,27.6,83,2.0,2.5,274,968.5
56,2023-11-07,28.0,82,2.2,2.7,140,968.4
56,2023-11-08,27.5,84,3.0,3.1,164,967.7
56,2023-11-09,27.6,83,0.7,3.0,192,968.0
56,2023-11-10,28.0,82,0.3,2.8,154,969.3
56,2023-11-11,28.1,81,0.3,1.9,123,969.7
56,2023-11-12,27.9,82,0.6,2.8,90,970.2
56,2023-11-13,27.0,84,4.3,2.1,63,970.8
56,2023-11-14,26.5,86,0.5,3.0,41,971.8
56,2023-11-15,27.1,81,0.0,3.2,140,971.8
56,2023-11-16,26.8,86,14.6,3.0,64,973.0
56,2023-11-17,23.2,68,1.7,8.8,10,975.4
56,2023-11-18,21.9,73,0.0,5.7,353,973.7
56,2023-11-19,22.4,71,0.0,6.3,357,972.7
56,2023-11-20,22.3,76,0.0,5.8,344,971.8
56,2023-11-21,23.2,78,0.0,2.5,33,969.5
56,2023-11-22,23.1,82,0.0,3.1,154,967.9
56,2023-11-23,24.1,81,0.0,3.2,74,968.4
56,2023-11-24,24.7,79,0.0,2.6,8,970.1
56,2023-11-25,25.0,78,0.1,3.1,343,970.6
56,2023-11-26,24.1,77,0.0,5.8,353,971.6
56,2023-11-27,23.7,76,0.0,7.0,346,971.1
56,2023-11-28,22.8,75,0.0,5.3,353,970.1
56,2023-11-29,22.9,74,0.0,4.3,344,970.2
56,2023-11-30,23.8,77,0.0,4.7,346,970.9
56,2023-12-01,25.3,75,0.0,5.1,348,970.5
56,2023-12-02,25.5,83,0.7,3.0,112,970.3
56,2023-12-03,26.1,83,0.0,3.1,94,970.2
56,2023-12-04,26.4,76,0.0,3.4,147,969.1
56,2023-12-05,26.0,80,0.2,5.0,184,968.0
56,2023-12-06,25.9,83,0.3,3.8,327,969.0
56,2023-12-07,25.5,91,2.8,3.7,46,969.6
56,2023-12-08,25.8,85,1.1,5.7,177,968.6
56,2023-12-09,26.3,82,0.0,4.8,192,967.2
56,2023-12-10,26.5,82,0.0,5.4,188,965.9
56,2023-12-11,26.7,84,1.0,2.6,169,967.3
56,2023-12-12,26.9,83,0.9,3.3,166,967.4
56,2023-12-13,26.2,82,0.1,5.7,164,968.8
56,2023-12-14,25.0,81,0.0,5.7,174,969.7
56,2023-12-15,24.4,82,0.0,3.8,178,969.0
56,2023-12-16,24.8,79,0.0,3.4,173,968.8
56,2023-12-17,25.0,78,0.2,3.0,132,969.9
56,2023-12-18,24.9,74,0.0,4.7,116,970.7
56,2023-12-19,24.5,75,0.0,3.3,120,970.6
56,2023-12-20,24.2,77,0.0,2.9,62,970.0
56,2023-12-21,24.3,73,0.0,5.4,93,970.9
56,2023-12-22,22.2,73,0.0,6.4,66,974.4
56,2023-12-23,19.5,69,0.0,7.4,4,976.2
56,2023-12-24,18.9,71,0.0,6.8,2,976.3
56,2023-12-25,20.0,69,0.0,5.1,9,975.3
56,2023-12-26,20.2,75,0.0,3.1,37,974.1
56,2023-12-27,21.3,77,0.0,3.2,11,974.0
56,2023-12-28,22.3,73,0.0,2.8,45,972.5
56,2023-12-29,23.3,70,0.0,2.4,42,971.3
56,2023-12-30,23.1,70,0.0,2.4,20,970.1
56,2023-12-31,23.0,72,0.0,2.3,85,969.6
56,2024-01-01,23.0,73,0.0,2.2,171,969.1
56,2024-01-02,22.9,74,0.0,3.0,139,968.8
56,2024-01-03,23.3,73,0.0,2.5,105,969.0
56,2024-01-04,23.5,72,0.0,5.4,157,969.1
56,2024-01-05,23.3,74,0.0,4.0,155,969.2
56,2024-01-06,24.1,75,0.0,3.8,140,969.6
56,2024-01-07,24.1,75,0.0,5.9,152,969.5
56,2024-01-08,24.1,75,0.0,5.1,174,968.8
56,2024-01-09,24.3,76,0.0,5.1,181,967.3
56,2024-01-10,24.4,74,0.0,4.9,178,966.6
56,2024-01-11,24.5,75,0.0,6.6,186,967.0
56,2024-01-12,24.8,76,0.1,7.1,181,966.7
56,2024-01-13,24.7,81,1.2,5.0,137,967.6
56,2024-01-14,25.0,78,1.0,4.0,122,969.7
56,2024-01-15,25.5,72,0.2,4.2,169,969.7
56,2024-01-16,25.5,69,1.9,4.7,154,969.3
56,2024-01-17,24.6,70,0.0,5.2,174,968.5
56,2024-01-18,23.8,74,0.0,4.7,191,968.0
56,2024-01-19,23.7,69,0.0,4.3,218,967.3
56,2024-01-20,22.9,67,0.0,2.9,204,967.4
56,2024-01-21,21.7,66,0.0,7.5,200,967.5
56,2024-01-22,21.3,67,0.0,3.1,202,968.7
56,2024-01-23,23.1,66,0.0,8.5,161,969.5
56,2024-01-24,23.2,63,0.0,8.7,143,971.7
56,2024-01-25,23.3,63,0.0,8.8,149,973.5
56,2024-01-26,21.3,73,1.2,6.4,142,974.5
56,2024-01-27,23.5,75,0.5,5.2,167,973.0
56,2024-01-28,23.1,82,5.8,8.4,165,971.9
56,2024-01-29,23.6,77,2.1,8.2,159,971.7
56,2024-01-30,23.8,77,0.8,7.2,175,970.8
56,2024-01-31,23.7,74,0.0,5.5,191,970.3
56,2024-02-01,22.9,71,0.0,5.1,196,969.7
56,2024-02-02,22.6,65,0.0,5.0,206,968.5
56,2024-02-03,23.0,65,0.0,5.9,209,968.3
56,2024-02-04,22.3,63,0.0,4.9,208,968.8
56,2024-02-05,22.1,65,0.0,4.8,192,968.7
56,2024-02-06,22.4,65,0.0,4.9,194,968.8
56,2024-02-07,22.8,65,0.0,4.8,197,967.8
56,2024-02-08,23.7,66,0.0,5.8,190,966.0
56,2024-02-09,25.3,67,0.0,7.6,181,967.6
56,2024-02-10,25.8,68,0.5,8.8,135,971.8
56,2024-02-11,23.8,70,0.0,5.5,33,975.7
56,2024-02-12,24.6,70,0.0,3.6,131,973.7
56,2024-02-13,24.9,66,0.0,5.8,177,971.2
56,2024-02-14,25.3,64,0.0,5.3,194,969.5
56,2024-02-15,24.8,64,0.0,4.3,151,969.6
56,2024-02-16,25.8,60,0.0,4.4,185,968.8
56,2024-02-17,26.2,62,0.0,8.5,202,966.4
56,2024-02-18,25.8,59,0.0,8.1,202,966.4
56,2024-02-19,25.5,61,0.0,7.6,204,966.5
56,2024-02-20,26.7,62,0.0,8.5,210,965.4
56,2024-02-21,24.9,55,0.0,6.3,209,965.5
56,2024-02-22,24.2,59,0.0,5.0,196,966.6
56,2024-02-23,25.6,61,0.0,8.8,198,967.4
56,2024-02-24,25.9,59,0.0,5.9,206,967.5
56,2024-02-25,26.9,64,0.9,5.3,185,967.7
56,2024-02-26,27.3,67,0.0,4.6,166,968.0
56,2024-02-27,28.4,68,0.5,7.6,180,967.1
56,2024-02-28,29.7,60,0.0,8.6,188,965.5
56,2024-02-29,29.0,56,0.0,7.1,196,965.6
56,2024-03-01,28.8,53,0.0,7.4,195,966.1
56,2024-03-02,29.2,58,0.0,10.2,170,966.6
56,2024-03-03,29.3,55,0.0,8.9,185,966.1
56,2024-03-04,28.9,55,0.0,7.3,203,964.6
56,2024-03-05,28.1,52,0.0,5.2,246,963.9
56,2024-03-06,27.5,49,0.0,4.9,6,963.7
56,2024-03-07,27.4,56,0.0,4.3,179,963.5
56,2024-03-08,28.7,57,0.0,7.8,180,964.0
56,2024-03-09,30.3,53,0.0,10.1,185,964.8
56,2024-03-10,29.9,54,0.0,8.7,181,967.0
56,2024-03-11,29.1,53,0.0,8.3,185,968.0
56,2024-03-12,30.1,57,0.0,10.7,182,967.0
56,2024-03-13,29.5,51,0.0,8.1,192,966.2
56,2024-03-14,27.9,48,0.0,5.2,185,965.8
56,2024-03-15,27.1,53,0.0,4.6,173,966.1
56,2024-03-16,28.1,55,0.0,5.3,184,966.6
56,2024-03-17,29.7,57,0.0,6.0,180,966.7
56,2024-03-18,30.0,59,0.0,5.4,162,965.8
56,2024-03-19,28.9,65,13.9,5.9,147,967.0
56,2024-03-20,27.1,72,18.5,7.6,141,971.2
56,2024-03-21,28.2,63,0.0,5.6,160,968.4
56,2024-03-22,28.0,70,1.8,6.0,206,964.5
56,2024-03-23,28.1,65,0.0,7.2,207,963.6
56,2024-03-24,28.1,58,0.0,7.2,204,965.5
56,2024-03-25,27.3,57,0.0,4.7,215,966.3
56,2024-03-26,28.0,57,0.0,5.4,183,967.1
56,2024-03-27,30.4,55,0.0,8.2,183,968.6
56,2024-03-28,29.9,58,0.0,6.1,190,966.2
56,2024-03-29,30.2,53,0.0,9.5,199,965.5
56,2024-03-30,31.3,52,0.0,9.6,200,966.3
56,2024-03-31,31.6,50,0.0,8.6,206,965.6
56,2024-04-01,31.5,48,0.0,7.2,213,963.0
56,2024-04-02,31.9,49,0.0,7.9,213,961.8
56,2024-04-03,32.3,51,0.0,7.9,206,962.4
56,2024-04-04,32.9,52,0.0,6.0,196,962.5
56,2024-04-05,32.7,53,0.0,6.6,196,961.9
56,2024-04-06,33.4,55,0.0,8.1,186,962.4
56,2024-04-07,34.0,55,0.0,8.7,193,962.3
56,2024-04-08,33.7,55,0.0,5.9,189,963.6
56,2024-04-09,33.1,53,0.0,6.7,175,964.6
56,2024-04-10,30.3,61,0.4,6.0,162,967.1
56,2024-04-11,30.6,61,0.7,4.3,176,966.9
56,2024-04-12,30.8,58,1.2,4.9,189,965.9
56,2024-04-13,31.3,58,0.2,5.1,252,964.9
56,2024-04-14,31.4,55,0.0,4.6,216,965.0
56,2024-04-15,30.7,57,0.2,5.9,199,965.6
56,2024-04-16,30.8,59,0.9,4.9,190,964.4
56,2024-04-17,32.3,54,0.0,7.9,203,962.6
56,2024-04-18,31.7,53,0.0,5.3,223,961.7
56,2024-04-19,30.7,57,0.0,7.2,211,960.3
56,2024-04-20,31.5,56,0.0,7.9,206,960.1
56,2024-04-21,32.7,51,0.0,7.2,197,960.9
56,2024-04-22,33.5,49,0.0,7.2,197,960.8
56,2024-04-23,33.7,51,0.0,7.0,190,960.5
56,2024-04-24,33.3,54,0.0,9.3,198,961.1
56,2024-04-25,32.5,55,0.0,5.6,223,961.7
56,2024-04-26,32.8,52,0.0,6.3,239,960.6
56,2024-04-27,32.8,51,0.0,5.3,222,960.6
56,2024-04-28,33.7,49,0.0,6.5,194,961.2
56,2024-04-29,33.6,52,0.2,8.0,210,961.5
56,2024-04-30,33.2,53,0.0,7.2,218,959.1
56,2024-05-01,33.6,52,0.0,6.4,188,958.7
56,2024-05-02,33.2,55,0.6,7.2,199,959.9
56,2024-05-03,31.3,60,0.6,5.1,158,962.9
56,2024-05-04,31.2,58,0.0,5.4,194,961.9
56,2024-05-05,32.4,54,0.0,8.2,190,961.0
56,2024-05-06,33.2,47,0.0,7.2,180,963.1
56,2024-05-07,30.2,62,2.4,7.9,172,966.2
56,2024-05-08,29.0,72,4.3,3.7,161,966.3
56,2024-05-09,29.4,70,6.3,5.5,166,965.5
56,2024-05-10,29.1,71,5.8,3.9,184,966.2
56,2024-05-11,28.3,74,0.7,4.6,169,967.4
56,2024-05-12,30.1,67,0.0,4.6,209,966.2
56,2024-05-13,31.5,59,0.3,4.8,190,964.7
56,2024-05-14,31.2,63,1.6,7.3,187,965.5
56,2024-05-15,31.7,62,0.0,7.7,190,966.0
56,2024-05-16,31.8,63,0.0,5.1,153,965.2
56,2024-05-17,30.9,68,2.0,9.0,187,964.4
56,2024-05-18,32.1,65,2.1,8.4,191,962.2
56,2024-05-19,32.9,60,2.2,7.9,199,960.3
56,2024-05-20,31.6,63,17.9,5.4,198,960.5
56,2024-05-21,27.9,80,20.6,4.4,123,963.4
56,2024-05-22,28.8,76,4.6,2.3,97,964.0
56,2024-05-23,28.2,81,16.3,3.9,138,963.3
56,2024-05-24,27.7,84,11.5,6.9,147,963.1
56,2024-05-25,27.6,85,13.0,9.5,174,963.5
56,2024-05-26,28.6,81,5.7,9.4,181,963.9
56,2024-05-27,28.6,80,11.2,9.3,186,962.6
56,2024-05-28,29.4,78,4.7,9.7,186,962.0
56,2024-05-29,29.7,78,1.2,9.9,190,961.3
56,2024-05-30,31.3,71,0.0,7.9,205,960.8
56,2024-05-31,31.2,73,5.0,7.7,186,960.8
56,2024-06-01,28.2,83,13.0,7.2,155,963.8
56,2024-06-02,28.6,78,4.4,9.6,189,965.0
56,2024-06-03,29.0,76,2.6,10.3,189,963.5
56,2024-06-04,29.3,76,0.8,8.0,200,962.8
56,2024-06-05,29.8,77,5.2,7.7,179,962.7
56,2024-06-06,29.1,77,12.9,9.3,186,963.7
56,2024-06-07,29.4,74,2.4,10.6,187,962.3
56,2024-06-08,28.7,79,10.5,8.3,189,960.4
56,2024-06-09,29.3,76,1.5,7.1,173,960.0
56,2024-06-10,29.4,77,7.6,7.3,172,961.3
56,2024-06-11,27.9,83,4.4,9.0,171,962.8
56,2024-06-12,28.2,80,2.1,10.5,190,964.2
56,2024-06-13,28.8,77,0.6,9.8,194,963.6
56,2024-06-14,28.5,81,8.2,8.9,184,961.7
56,2024-06-15,29.5,76,1.6,8.9,189,961.2
56,2024-06-16,29.8,75,3.2,7.5,198,962.0
56,2024-06-17,29.5,77,3.0,8.6,198,961.9
56,2024-06-18,29.5,76,2.0,9.4,198,961.3
56,2024-06-19,29.9,70,0.8,9.6,200,960.8
56,2024-06-20,30.6,68,0.9,8.7,201,960.7
56,2024-06-21,30.9,70,0.4,6.8,197,960.0
56,2024-06-22,31.9,68,0.4,5.8,180,959.3
56,2024-06-23,30.2,74,3.9,6.2,182,960.1
56,2024-06-24,29.1,78,6.4,6.9,182,960.0
56,2024-06-25,28.7,79,5.9,6.9,181,959.9
56,2024-06-26,28.2,82,7.5,6.8,155,962.1
56,2024-06-27,29.6,75,2.7,6.5,178,964.2
56,2024-06-28,30.7,71,0.1,7.3,192,963.3
56,2024-06-29,30.8,70,0.7,9.7,195,963.2
56,2024-06-30,29.5,76,5.2,9.3,196,963.8
56,2024-07-01,29.0,77,8.4,8.7,197,962.8
56,2024-07-02,29.7,70,0.0,8.4,208,961.8
56,2024-07-03,30.2,70,2.4,8.4,176,963.0
56,2024-07-04,29.9,71,3.3,7.8,182,964.5
56,2024-07-05,29.3,75,3.1,6.4,186,962.9
56,2024-07-06,29.5,74,0.3,6.4,166,961.9
56,2024-07-07,30.0,73,3.8,6.2,166,962.4
56,2024-07-08,30.2,71,3.3,8.0,188,962.8
56,2024-07-09,30.0,72,2.2,9.1,193,963.5
56,2024-07-10,29.0,77,2.6,7.7,179,963.7
56,2024-07-11,28.4,80,6.3,7.5,189,961.9
56,2024-07-12,29.7,74,1.2,7.9,188,960.5
56,2024-07-13,30.1,73,3.2,8.0,189,958.9
56,2024-07-14,30.2,73,2.0,8.9,182,959.9
56,2024-07-15,30.2,72,0.6,3.6,182,961.6
56,2024-07-16,30.0,74,6.0,4.8,150,960.4
56,2024-07-17,29.1,80,6.1,4.2,161,960.3
56,2024-07-18,28.6,81,4.7,6.1,176,960.5
56,2024-07-19,28.7,80,6.4,8.7,193,960.2
56,2024-07-20,27.7,84,20.3,7.2,188,962.0
56,2024-07-21,27.9,82,4.2,6.3,188,962.6
56,2024-07-22,28.2,81,6.4,6.1,186,962.7
56,2024-07-23,29.4,75,1.5,9.5,222,960.4
56,2024-07-24,28.9,75,6.6,10.2,197,957.4
56,2024-07-25,28.4,79,13.2,9.7,187,956.7
56,2024-07-26,28.0,83,11.2,9.9,187,958.6
56,2024-07-27,29.2,79,3.1,8.4,190,960.9
56,2024-07-28,28.5,79,5.4,8.3,192,960.5
56,2024-07-29,28.2,80,15.3,8.9,191,960.3
56,2024-07-30,26.0,90,29.1,8.5,181,961.6
56,2024-07-31,25.6,91,38.1,9.6,183,962.8
56,2024-08-01,25.9,90,66.5,10.2,187,963.7
56,2024-08-02,25.5,92,12.7,9.0,189,963.8
56,2024-08-03,26.7,89,21.1,8.1,188,964.0
56,2024-08-04,28.0,82,6.9,7.1,193,964.0
56,2024-08-05,27.4,84,17.3,6.0,175,963.7
56,2024-08-06,27.8,84,8.2,6.7,177,963.2
56,2024-08-07,28.7,80,3.3,5.9,193,963.7
56,2024-08-08,29.1,77,0.7,6.6,197,964.5
56,2024-08-09,29.8,75,0.0,6.6,210,963.4
56,2024-08-10,30.5,74,0.1,7.0,214,961.8
56,2024-08-11,30.2,75,0.2,5.8,212,960.2
56,2024-08-12,27.5,87,22.4,6.4,180,960.0
56,2024-08-13,26.9,89,35.2,7.5,183,961.4
56,2024-08-14,28.4,81,7.8,5.9,185,962.6
56,2024-08-15,28.4,83,11.3,4.4,165,962.2
56,2024-08-16,28.3,84,22.8,3.3,157,961.7
56,2024-08-17,27.8,87,14.0,3.8,144,963.2
56,2024-08-18,28.3,84,10.3,4.9,162,964.0
56,2024-08-19,27.9,88,12.1,6.3,184,963.3
56,2024-08-20,27.1,89,9.1,6.4,183,964.1
56,2024-08-21,26.4,89,10.5,8.4,184,964.3
56,2024-08-22,27.5,85,11.2,8.1,192,964.5
56,2024-08-23,26.9,87,20.7,6.1,170,966.0
56,2024-08-24,27.5,86,11.6,4.6,181,965.7
56,2024-08-25,27.9,82,6.2,7.2,182,964.2
56,2024-08-26,28.5,79,2.8,5.4,172,963.3
56,2024-08-27,27.0,87,12.4,5.0,153,963.9
56,2024-08-28,27.1,86,14.2,4.9,159,962.9
56,2024-08-29,28.3,80,1.7,5.3,179,962.9
56,2024-08-30,28.4,81,0.6,5.6,189,963.5
56,2024-08-31,28.9,78,2.3,4.5,174,963.6
56,2024-09-01,28.2,83,7.4,3.7,351,963.5
56,2024-09-02,28.7,84,4.8,2.6,164,963.5
56,2024-09-03,28.1,84,6.9,3.9,149,964.3
56,2024-09-04,29.1,77,0.0,5.0,187,962.0
56,2024-09-05,28.6,83,7.1,3.7,169,960.9
56,2024-09-06,28.7,82,1.1,3.7,241,960.8
56,2024-09-07,29.5,77,0.0,6.7,212,960.3
56,2024-09-08,28.9,75,0.3,7.2,208,960.7
56,2024-09-09,27.1,86,17.1,9.7,183,960.2
56,2024-09-10,25.9,92,49.0,11.5,175,960.0
56,2024-09-11,26.3,88,24.2,8.4,159,963.0
56,2024-09-12,27.4,83,3.6,4.3,185,964.0
56,2024-09-13,28.4,81,5.2,4.3,175,962.4
56,2024-09-14,28.1,81,2.2,3.4,154,961.1
56,2024-09-15,29.2,75,0.0,4.5,211,960.5
56,2024-09-16,29.1,77,2.6,3.5,216,960.9
56,2024-09-17,29.1,80,3.5,3.4,356,961.0
56,2024-09-18,28.6,82,9.8,3.8,2,960.5
56,2024-09-19,29.2,80,0.0,4.4,301,959.9
56,2024-09-20,27.6,84,7.3,3.4,255,959.6
56,2024-09-21,26.9,88,25.4,3.0,252,960.3
56,2024-09-22,27.1,89,16.1,2.0,107,961.5
56,2024-09-23,25.9,90,55.3,2.7,167,964.1
56,2024-09-24,25.8,91,37.7,4.2,159,965.8
56,2024-09-25,25.3,91,10.4,5.1,154,966.8
56,2024-09-26,27.1,84,1.8,3.9,162,967.1
56,2024-09-27,28.4,82,0.4,4.1,195,966.8
56,2024-09-28,29.0,79,0.4,5.5,189,965.4
56,2024-09-29,28.9,81,0.3,7.1,188,964.3
56,2024-09-30,28.9,81,4.0,6.4,185,962.7
56,2024-10-01,26.5,90,56.9,6.5,152,962.6
56,2024-10-02,26.8,87,14.8,5.7,126,965.9
56,2024-10-03,26.1,88,14.2,6.6,127,967.2
56,2024-10-04,27.3,82,0.7,3.9,133,968.2
56,2024-10-05,28.2,79,0.5,2.4,103,967.8
56,2024-10-06,28.9,77,0.2,3.1,121,968.4
56,2024-10-07,28.6,74,0.0,3.8,102,969.5
56,2024-10-08,28.2,77,0.7,2.5,149,969.0
56,2024-10-09,28.2,79,0.2,3.2,157,967.6
56,2024-10-10,28.0,81,1.3,2.2,146,967.1
56,2024-10-11,28.4,76,0.1,2.9,120,967.0
56,2024-10-12,28.0,76,0.1,2.9,137,967.8
56,2024-10-13,27.9,78,0.0,3.5,165,967.6
56,2024-10-14,27.9,82,1.6,3.8,169,966.8
56,2024-10-15,27.4,84,11.4,2.9,145,967.0
56,2024-10-16,27.7,82,5.4,1.5,132,967.4
56,2024-10-17,27.3,85,6.1,3.1,115,967.1
56,2024-10-18,28.3,80,0.0,3.3,171,966.4
56,2024-10-19,27.8,82,0.3,3.3,143,967.2
56,2024-10-20,27.0,84,6.2,3.9,57,968.9
56,2024-10-21,26.8,85,1.8,3.6,30,968.5
56,2024-10-22,27.3,83,4.5,3.8,24,968.3
56,2024-10-23,26.8,85,5.9,2.6,1,969.0
56,2024-10-24,27.0,83,0.1,3.3,349,967.6
56,2024-10-25,27.0,82,0.0,4.0,236,965.7
56,2024-10-26,27.8,82,0.0,4.3,312,963.4
56,2024-10-27,28.4,78,0.0,6.1,349,962.3
56,2024-10-28,27.0,72,0.0,6.8,7,963.2
56,2024-10-29,26.4,73,0.0,5.4,349,965.0
56,2024-10-30,27.4,72,0.0,2.0,166,966.3
56,2024-10-31,26.9,80,0.0,4.2,199,965.8
56,2024-11-01,27.5,78,0.4,3.4,161,966.4
56,2024-11-02,26.9,82,0.7,3.7,343,968.5
56,2024-11-03,25.3,78,0.0,3.8,350,969.5
56,2024-11-04,25.6,70,0.0,3.5,4,969.6
56,2024-11-05,24.7,85,4.9,4.6,18,970.8
56,2024-11-06,23.2,87,2.9,5.8,351,971.3
56,2024-11-07,23.1,91,6.7,4.9,27,970.5
56,2024-11-08,22.2,88,0.7,6.6,344,971.2
56,2024-11-09,23.3,81,0.6,6.0,335,970.1
56,2024-11-10,25.1,77,0.0,4.7,329,969.4
56,2024-11-11,25.7,77,0.0,1.6,214,968.6
56,2024-11-12,25.5,78,0.0,2.7,245,967.4
56,2024-11-13,26.5,76,0.0,2.5,282,966.3
56,2024-11-14,27.0,76,0.0,2.9,317,966.6
56,2024-11-15,26.6,74,0.0,3.8,353,966.4
56,2024-11-16,25.6,73,0.0,4.8,358,966.4
56,2024-11-17,25.8,72,0.0,5.5,342,967.1
56,2024-11-18,24.6,86,2.3,3.6,359,969.0
56,2024-11-19,25.2,81,0.0,3.4,346,969.8
56,2024-11-20,25.5,78,0.0,2.3,82,969.2
56,2024-11-21,24.9,81,0.2,2.7,63,968.9
56,2024-11-22,24.7,80,0.5,2.9,20,969.2
56,2024-11-23,25.1,78,0.0,1.8,78,969.6
56,2024-11-24,25.2,78,0.0,2.5,98,969.3
56,2024-11-25,25.7,77,0.0,2.1,33,968.9
56,2024-11-26,26.3,77,0.0,2.9,114,968.8
56,2024-11-27,26.2,77,0.2,5.8,135,969.0
56,2024-11-28,25.6,75,0.0,5.5,92,970.9
56,2024-11-29,23.1,81,0.4,4.3,360,971.8
56,2024-11-30,22.9,73,0.0,3.7,351,969.3
56,2024-12-01,22.8,79,0.0,2.8,338,966.8
56,2024-12-02,23.7,82,0.0,3.3,294,966.2
56,2024-12-03,24.9,81,0.0,3.1,184,966.6
56,2024-12-04,25.7,79,0.0,3.9,166,966.2
56,2024-12-05,26.3,80,0.2,7.2,175,966.1
56,2024-12-06,26.1,78,0.5,7.7,174,965.7
56,2024-12-07,25.3,79,0.1,6.3,152,967.1
56,2024-12-08,25.5,76,0.0,6.0,142,968.3
56,2024-12-09,25.5,72,0.0,5.7,154,967.9
56,2024-12-10,25.2,76,0.0,4.8,170,966.3
56,2024-12-11,24.7,76,0.0,4.3,343,966.9
56,2024-12-12,24.2,75,0.0,3.1,30,966.9
56,2024-12-13,25.5,74,0.0,3.5,16,968.0
56,2024-12-14,24.3,84,1.3,4.1,139,970.3
56,2024-12-15,21.7,84,3.3,6.2,29,972.9
56,2024-12-16,20.7,82,0.2,5.6,4,973.2
56,2024-12-17,21.3,81,0.0,3.4,60,970.7
56,2024-12-18,22.7,79,0.0,2.9,77,969.9
56,2024-12-19,22.9,75,0.0,5.8,129,970.2
56,2024-12-20,22.1,71,0.0,5.4,150,969.0
56,2024-12-21,21.4,75,0.0,4.4,137,969.0
56,2024-12-22,21.2,74,0.0,5.7,135,969.5
56,2024-12-23,21.1,76,0.0,4.8,77,969.5
56,2024-12-24,21.2,78,0.0,3.6,360,970.3
56,2024-12-25,21.2,76,0.0,3.7,0,971.3
56,2024-12-26,22.2,71,0.0,3.8,339,972.4
56,2024-12-27,23.0,70,0.0,4.0,349,972.3
56,2024-12-28,23.3,74,0.0,4.4,358,972.7
56,2024-12-29,22.8,75,0.0,3.5,108,971.3
56,2024-12-30,22.3,78,0.0,4.0,140,970.0
56,2024-12-31,22.4,77,0.0,6.0,142,969.8
56,2025-01-01,22.1,74,0.0,4.4,125,968.7
56,2025-01-02,21.9,76,0.0,3.1,47,968.6
56,2025-01-03,21.9,75,0.0,4.5,30,970.1
56,2025-01-04,21.4,73,0.0,3.5,66,969.4
56,2025-01-05,20.2,76,0.0,5.0,46,971.2
56,2025-01-06,20.4,71,0.0,2.7,51,969.6
56,2025-01-07,20.2,74,0.0,3.3,142,968.5
56,2025-01-08,20.9,74,0.0,4.6,162,968.1
56,2025-01-09,22.3,74,0.0,3.5,118,970.0
56,2025-01-10,23.4,69,0.0,5.4,123,972.6
56,2025-01-11,21.9,64,0.0,7.9,73,974.8
56,2025-01-12,18.1,62,0.0,7.0,5,975.5
56,2025-01-13,18.4,65,0.0,3.2,29,971.7
56,2025-01-14,18.2,71,0.0,4.0,16,971.6
56,2025-01-15,20.1,67,0.0,5.8,359,972.6
56,2025-01-16,19.9,71,0.0,6.7,353,973.1
56,2025-01-17,21.2,69,0.0,2.5,39,971.0
56,2025-01-18,20.6,73,0.0,3.0,149,968.8
56,2025-01-19,20.5,74,0.0,5.2,157,967.3
56,2025-01-20,20.8,76,0.0,5.9,168,966.0
56,2025-01-21,21.4,76,0.0,7.7,176,966.0
56,2025-01-22,21.6,75,0.0,6.5,177,966.3
56,2025-01-23,22.1,72,0.0,5.9,183,966.7
56,2025-01-24,22.5,72,0.0,6.1,188,965.1
56,2025-01-25,22.9,69,0.0,4.5,174,965.0
56,2025-01-26,23.5,69,0.0,5.4,152,965.8
56,2025-01-27,19.5,72,0.1,6.8,25,969.1
56,2025-01-28,19.6,67,0.0,4.2,46,971.1
56,2025-01-29,21.3,64,0.0,6.6,133,971.2
56,2025-01-30,21.9,68,0.0,8.4,180,967.5
56,2025-01-31,22.8,69,0.0,6.4,185,965.9
56,2025-02-01,23.1,67,0.0,4.0,192,965.3
56,2025-02-02,22.6,68,0.0,3.4,183,964.8
56,2025-02-03,23.4,66,0.0,3.2,45,965.8
56,2025-02-04,24.5,65,0.0,7.5,148,967.2
56,2025-02-05,24.8,64,0.0,8.5,179,965.9
56,2025-02-06,24.9,67,0.0,6.8,182,965.5
56,2025-02-07,24.7,66,0.0,5.5,175,966.7
56,2025-02-08,25.8,62,0.0,8.6,147,968.0
56,2025-02-09,25.3,56,0.0,8.5,145,969.0
56,2025-02-10,24.6,60,0.0,6.8,161,968.6
56,2025-02-11,24.8,64,0.0,7.5,179,967.7
56,2025-02-12,24.8,65,0.0,6.8,182,967.2
56,2025-02-13,24.6,63,0.0,7.5,194,966.7
56,2025-02-14,24.6,58,0.0,7.6,205,965.9
56,2025-02-15,24.1,59,0.0,5.0,202,965.1
56,2025-02-16,23.7,60,0.0,7.0,197,965.5
56,2025-02-17,24.7,63,0.0,3.8,203,967.4
56,2025-02-18,25.4,64,0.4,6.4,184,967.8
56,2025-02-19,25.4,71,1.2,6.9,150,968.1
56,2025-02-20,25.8,71,0.6,5.2,157,968.5
56,2025-02-21,24.8,75,1.8,8.1,164,968.8
56,2025-02-22,25.9,70,0.2,4.6,157,969.4
56,2025-02-23,26.8,63,0.4,5.7,150,970.6
56,2025-02-24,26.5,62,0.0,9.8,141,972.7
56,2025-02-25,24.4,67,0.0,8.3,136,974.2
56,2025-02-26,25.8,66,0.0,4.2,148,972.8
56,2025-02-27,26.7,64,0.0,4.7,166,969.4
56,2025-02-28,27.9,60,0.0,4.6,199,967.3
56,2025-03-01,28.0,58,0.0,6.4,223,965.4
56,2025-03-02,27.6,58,0.0,5.0,205,963.8
56,2025-03-03,27.2,55,0.0,4.8,259,963.6
56,2025-03-04,26.2,55,0.0,3.8,211,963.0
56,2025-03-05,26.2,53,0.0,5.6,204,962.5
56,2025-03-06,26.1,55,0.0,7.9,199,964.1
56,2025-03-07,26.9,61,0.2,11.0,156,965.0
56,2025-03-08,26.7,64,0.0,10.6,158,967.4
56,2025-03-09,26.8,66,0.1,6.4,165,969.5
56,2025-03-10,28.3,65,0.0,4.0,157,969.3
56,2025-03-11,28.9,59,0.0,7.1,196,966.7
56,2025-03-12,29.0,57,0.0,6.3,202,964.1
56,2025-03-13,29.7,55,0.0,8.7,189,964.2
56,2025-03-14,29.7,56,0.0,7.0,188,965.7
56,2025-03-15,28.8,61,0.0,5.6,183,965.9
56,2025-03-16,29.3,59,0.0,5.5,189,965.0
56,2025-03-17,29.9,60,0.0,11.3,171,965.4
56,2025-03-18,29.2,60,0.0,11.1,155,967.5
56,2025-03-19,22.9,70,0.9,7.5,56,973.2
56,2025-03-20,21.7,65,0.0,7.0,1,974.3
56,2025-03-21,25.5,62,0.0,4.0,29,973.0
56,2025-03-22,26.8,62,0.0,4.5,156,970.4
56,2025-03-23,27.7,61,0.0,5.4,171,968.6
56,2025-03-24,28.4,57,0.0,4.8,196,966.0
56,2025-03-25,28.8,57,0.0,5.9,195,962.2
56,2025-03-26,28.5,54,0.0,6.2,221,960.7
56,2025-03-27,27.7,53,0.0,6.6,209,959.6
56,2025-03-28,27.7,52,0.0,6.4,198,960.8
56,2025-03-29,28.3,53,0.0,6.8,194,962.9
56,2025-03-30,29.9,58,0.1,9.3,164,965.2
56,2025-03-31,30.3,61,0.3,10.9,169,965.6
56,2025-04-01,30.1,66,1.0,10.4,168,965.8
56,2025-04-02,29.4,62,0.1,6.9,148,966.7
56,2025-04-03,30.3,59,0.0,7.5,166,967.5
56,2025-04-04,30.8,59,0.0,8.1,190,965.7
56,2025-04-05,30.7,58,0.3,7.7,195,964.9
56,2025-04-06,28.6,65,3.3,6.1,179,966.0
56,2025-04-07,27.6,73,0.2,3.6,67,968.4
56,2025-04-08,29.5,61,0.0,3.3,356,968.7
56,2025-04-09,29.7,54,0.0,5.8,326,965.9
56,2025-04-10,30.4,54,0.0,6.3,197,963.5
56,2025-04-11,30.5,60,0.0,7.4,197,962.1
56,2025-04-12,29.6,65,3.4,7.3,184,963.7
56,2025-04-13,26.4,83,38.2,5.8,91,966.4
56,2025-04-14,24.4,82,1.6,4.5,27,968.5
56,2025-04-15,27.8,73,0.2,3.5,350,967.5
56,2025-04-16,28.8,73,0.2,5.7,214,965.1
56,2025-04-17,29.5,70,1.2,6.1,202,964.0
56,2025-04-18,29.0,70,1.3,6.7,192,963.5
56,2025-04-19,29.6,68,0.1,5.3,185,963.3
56,2025-04-20,29.9,65,0.1,8.5,179,964.0
56,2025-04-21,31.3,63,0.0,8.0,191,965.4
56,2025-04-22,31.6,59,0.0,7.4,204,964.8
56,2025-04-23,31.8,59,0.2,6.4,196,963.4
56,2025-04-24,32.1,57,0.0,8.7,196,962.9
56,2025-04-25,32.1,55,0.0,6.6,191,963.2
56,2025-04-26,32.0,56,0.0,7.9,191,964.0
56,2025-04-27,31.6,60,0.3,6.9,192,965.4
56,2025-04-28,29.1,66,0.9,4.3,216,965.6
56,2025-04-29,28.2,68,1.1,5.1,168,966.6
56,2025-04-30,28.4,70,2.4,3.1,25,966.6
56,2025-05-01,26.4,82,17.0,4.0,9,968.2
56,2025-05-02,28.2,73,2.5,4.2,332,966.4
56,2025-05-03,28.0,77,2.8,3.9,191,964.9
56,2025-05-04,29.5,71,0.6,6.5,202,963.3
56,2025-05-05,30.7,64,0.0,5.8,195,962.7
56,2025-05-06,31.9,61,0.0,6.4,192,962.2
56,2025-05-07,31.7,64,0.0,9.3,188,961.5
56,2025-05-08,30.4,68,1.7,8.4,178,962.0
56,2025-05-09,30.6,68,0.1,5.4,178,962.3
56,2025-05-10,30.1,69,4.0,7.1,192,962.4
56,2025-05-11,28.7,76,6.1,7.8,147,962.7
56,2025-05-12,29.2,68,1.2,4.2,132,963.7
56,2025-05-13,28.8,73,1.8,6.1,172,964.0
56,2025-05-14,28.3,77,7.1,5.6,168,965.2
56,2025-05-15,27.3,82,11.5,6.7,184,966.0
56,2025-05-16,28.2,79,0.9,5.1,189,965.8
56,2025-05-17,28.7,78,0.6,5.5,189,965.3
56,2025-05-18,27.9,80,21.2,5.0,186,965.2
56,2025-05-19,28.5,80,26.9,4.6,201,963.8
56,2025-05-20,29.7,75,1.5,6.8,193,963.2
56,2025-05-21,29.0,80,3.3,7.6,179,963.5
56,2025-05-22,29.9,76,0.6,5.4,189,962.0
56,2025-05-23,30.3,73,2.0,4.4,174,960.4
56,2025-05-24,27.8,83,30.8,3.3,98,962.5
56,2025-05-25,27.6,84,11.3,4.6,95,964.7
56,2025-05-26,27.6,82,4.8,6.7,124,964.7
56,2025-05-27,26.9,84,11.2,8.7,140,963.3
56,2025-05-28,28.5,78,2.9,9.5,180,962.4
56,2025-05-29,28.4,80,4.2,9.0,181,962.6
56,2025-05-30,27.7,83,10.7,9.9,179,963.4
56,2025-05-31,28.4,79,0.9,10.0,188,963.9
56,2025-06-01,29.1,77,1.7,11.8,196,963.2
56,2025-06-02,29.1,77,3.1,10.5,189,962.2
56,2025-06-03,28.5,75,0.0,9.2,190,962.2
56,2025-06-04,29.7,73,0.2,5.9,195,962.7
56,2025-06-05,29.8,74,0.3,4.6,174,963.1
56,2025-06-06,30.4,74,0.2,5.8,188,962.7
56,2025-06-07,31.4,68,0.1,5.8,196,962.0
56,2025-06-08,31.0,70,0.5,7.0,183,961.2
56,2025-06-09,30.7,70,0.3,7.8,181,960.8
56,2025-06-10,29.4,74,5.6,4.8,174,960.8
56,2025-06-11,27.3,85,14.8,4.2,29,961.2
56,2025-06-12,28.8,78,5.1,3.3,211,960.8
56,2025-06-13,29.4,77,3.7,4.8,207,960.8
56,2025-06-14,29.1,78,4.3,9.3,193,961.4
56,2025-06-15,29.1,77,8.8,9.7,194,961.7
56,2025-06-16,28.4,80,12.8,8.7,191,962.8
56,2025-06-17,28.5,80,8.7,7.8,186,963.8
56,2025-06-18,28.7,78,1.2,8.0,195,963.3
56,2025-06-19,29.7,72,0.0,7.8,194,963.1
56,2025-06-20,29.7,74,2.7,7.8,192,962.3
56,2025-06-21,29.9,73,1.1,7.7,188,961.4
56,2025-06-22,28.7,78,2.3,9.7,174,961.6
56,2025-06-23,27.9,81,10.2,8.4,179,961.5
56,2025-06-24,28.6,78,3.7,8.4,179,961.7
56,2025-06-25,29.6,71,0.0,7.2,188,963.0
56,2025-06-26,29.8,72,1.0,6.9,202,962.8
56,2025-06-27,28.0,82,8.5,7.8,182,961.7
56,2025-06-28,27.6,83,5.9,9.2,186,960.6
56,2025-06-29,28.3,78,1.6,9.6,186,959.8
56,2025-06-30,28.8,75,5.7,9.3,187,960.0
56,2025-07-01,28.7,76,2.2,8.0,184,961.1
56,2025-07-02,27.3,84,8.7,7.1,172,962.4
56,2025-07-03,27.9,81,11.8,6.8,190,963.1
56,2025-07-04,27.3,84,19.6,5.1,184,963.2
56,2025-07-05,28.4,79,1.9,5.2,189,961.5
56,2025-07-06,27.9,82,9.9,7.2,182,961.2
56,2025-07-07,27.7,81,11.8,9.1,192,961.9
56,2025-07-08,29.0,77,0.7,8.1,200,962.3
56,2025-07-09,29.1,77,2.9,7.4,213,962.3
56,2025-07-10,28.1,81,4.3,6.1,196,960.1
56,2025-07-11,27.3,87,11.5,4.6,201,957.8
56,2025-07-12,27.1,87,23.3,3.5,135,960.2
56,2025-07-13,28.7,80,2.9,3.6,164,962.1
56,2025-07-14,29.4,77,1.0,5.4,186,962.2
56,2025-07-15,28.3,82,7.8,6.3,178,960.9
56,2025-07-16,26.5,90,25.4,9.1,183,961.1
56,2025-07-17,26.8,88,7.4,8.4,182,961.9
56,2025-07-18,28.2,81,0.6,8.1,195,961.2
56,2025-07-19,29.1,77,0.2,7.3,204,958.5
56,2025-07-20,27.7,82,2.8,5.5,181,958.3
56,2025-07-21,29.1,78,2.9,8.4,207,958.1
56,2025-07-22,26.7,87,25.1,6.7,198,955.9
56,2025-07-23,25.0,93,114.8,12.5,194,953.5
56,2025-07-24,26.4,88,24.2,11.2,174,958.6
56,2025-07-25,27.4,85,5.7,8.0,177,960.9
56,2025-07-26,26.9,89,6.0,7.2,179,961.1
56,2025-07-27,26.8,89,13.1,7.1,176,959.6
56,2025-07-28,26.7,88,19.5,8.1,182,958.9
56,2025-07-29,28.2,83,3.4,8.0,201,958.7
56,2025-07-30,28.3,82,5.2,8.4,197,960.1
56,2025-07-31,28.7,78,0.5,8.9,216,960.2
56,2025-08-01,29.0,78,2.6,7.2,207,959.9
56,2025-08-02,29.1,80,2.9,7.2,209,961.3
56,2025-08-03,29.8,75,0.2,7.9,214,962.9
56,2025-08-04,30.4,71,0.0,7.7,219,962.6
56,2025-08-05,29.2,78,3.3,6.9,212,961.9
56,2025-08-06,27.0,89,18.3,7.2,182,961.8
56,2025-08-07,28.6,78,5.0,9.1,186,963.7
56,2025-08-08,28.1,80,5.5,6.3,193,965.8
56,2025-08-09,28.8,79,0.5,5.9,201,965.0
56,2025-08-10,29.5,76,0.0,6.5,209,962.6
56,2025-08-11,28.9,79,5.0,6.2,178,961.3
56,2025-08-12,28.5,81,4.0,6.9,170,961.9
56,2025-08-13,29.4,77,1.1,5.3,183,963.8
56,2025-08-14,28.8,79,0.7,4.7,193,962.6
56,2025-08-15,27.5,85,11.0,4.7,165,960.3
56,2025-08-16,27.1,85,13.5,4.5,116,960.9
56,2025-08-17,27.2,85,8.0,3.1,136,964.0
56,2025-08-18,28.5,80,3.0,4.0,188,964.6
56,2025-08-19,29.4,76,0.5,7.3,193,963.8
56,2025-08-20,29.3,76,0.5,6.4,186,964.1
56,2025-08-21,28.9,78,3.5,5.3,177,964.4
56,2025-08-22,27.9,81,8.5,5.6,165,963.9
56,2025-08-23,26.9,84,7.9,5.0,166,963.8
56,2025-08-24,27.8,82,6.9,3.5,154,963.3
56,2025-08-25,28.5,81,6.1,4.5,316,961.2
56,2025-08-26,26.9,88,2.8,4.1,224,960.2
56,2025-08-27,25.9,89,16.8,8.9,185,961.8
56,2025-08-28,26.2,88,28.4,7.0,181,963.6
56,2025-08-29,28.1,79,0.5,3.1,176,964.4
56,2025-08-30,28.1,83,5.7,4.9,327,963.3
56,2025-08-31,27.4,83,19.5,8.6,54,960.8
56,2025-09-01,27.1,84,4.6,4.4,154,962.4
56,2025-09-02,27.7,84,1.3,4.8,172,963.2
56,2025-09-03,28.6,81,0.6,4.3,181,963.6
56,2025-09-04,29.4,79,0.4,4.0,178,963.1
56,2025-09-05,29.6,78,0.3,4.6,169,963.2
56,2025-09-06,28.9,78,1.0,4.1,171,964.0
56,2025-09-07,28.3,80,0.4,4.5,174,963.3
56,2025-09-08,28.7,78,0.6,4.3,171,963.1
56,2025-09-09,28.5,80,1.0,7.7,167,964.1
56,2025-09-10,27.4,83,7.6,8.1,174,964.4
56,2025-09-11,28.0,80,3.5,7.0,173,965.1
56,2025-09-12,28.4,81,2.2,5.3,173,965.6
56,2025-09-13,27.8,82,3.9,4.0,176,966.1
56,2025-09-14,27.9,82,1.2,4.8,190,966.3
56,2025-09-15,28.2,79,0.0,5.7,176,966.0
56,2025-09-16,27.6,79,0.2,5.6,175,966.2
56,2025-09-17,28.5,75,0.8,3.4,182,964.8
56,2025-09-18,28.9,78,0.5,3.6,163,963.7
56,2025-09-19,27.3,86,9.9,3.4,149,964.1
56,2025-09-20,27.6,84,1.4,5.2,162,963.3
56,2025-09-21,27.6,84,1.9,4.9,167,963.2
56,2025-09-22,27.7,83,5.7,5.7,181,963.3
56,2025-09-23,27.9,81,1.4,6.7,188,962.2
56,2025-09-24,27.8,81,8.0,4.3,157,960.7
56,2025-09-25,28.2,83,5.0,4.2,194,960.9
56,2025-09-26,27.4,84,11.1,3.0,127,963.8
56,2025-09-27,26.9,89,7.1,3.8,351,966.4
56,2025-09-28,28.9,79,2.0,7.4,351,963.9
56,2025-09-29,28.2,77,5.8,8.1,346,959.7
56,2025-09-30,26.4,88,16.0,8.8,162,962.6
56,2025-10-01,27.1,86,5.7,6.9,167,966.4
56,2025-10-02,28.4,81,1.6,3.1,191,967.8
56,2025-10-03,28.6,80,0.6,3.2,192,966.8
56,2025-10-04,27.3,86,7.3,5.7,174,966.7
56,2025-10-05,28.3,81,1.1,5.4,197,965.9
56,2025-10-06,28.6,80,1.0,7.3,198,964.1
56,2025-10-07,27.8,81,0.4,6.7,172,965.4
56,2025-10-08,27.8,81,2.7,3.8,136,967.4
56,2025-10-09,27.8,81,0.6,3.2,154,967.2
56,2025-10-10,28.4,76,1.3,3.1,151,966.7
56,2025-10-11,28.5,75,0.1,2.9,160,966.0
56,2025-10-12,28.3,77,0.1,3.6,181,965.7
56,2025-10-13,27.8,79,0.5,2.8,235,966.1
56,2025-10-14,26.9,84,2.0,3.4,133,965.7
56,2025-10-15,26.3,87,12.3,2.7,131,966.0
56,2025-10-16,26.9,83,7.5,3.8,139,967.3
56,2025-10-17,27.0,82,1.8,3.7,2,968.2
56,2025-10-18,27.8,80,0.4,3.0,345,967.4
56,2025-10-19,27.7,80,0.9,2.8,92,966.7
56,2025-10-20,28.0,77,0.1,3.7,351,967.0
56,2025-10-21,27.2,75,0.1,6.5,9,967.4
56,2025-10-22,25.5,73,0.0,7.7,21,968.5
56,2025-10-23,25.4,74,0.0,7.8,10,968.9
56,2025-10-24,26.2,74,0.0,5.2,18,969.0
56,2025-10-25,26.3,76,0.1,4.5,6,968.8
56,2025-10-26,26.3,75,0.0,5.4,9,969.0
56,2025-10-27,25.3,75,0.0,6.6,354,969.7
56,2025-10-28,26.0,72,0.0,5.3,353,969.1
56,2025-10-29,26.5,71,0.0,4.3,349,968.3
56,2025-10-30,27.0,72,0.0,5.5,354,967.9
56,2025-10-31,27.3,79,1.4,3.7,27,968.0
56,2025-11-01,26.8,87,9.5,3.2,96,968.1
56,2025-11-02,27.1,77,1.0,8.0,142,967.3
56,2025-11-03,26.2,85,2.5,4.2,141,966.7
56,2025-11-04,26.0,87,5.8,3.2,111,967.1
56,2025-11-05,25.5,88,4.9,3.0,17,966.3
56,2025-11-06,26.8,80,0.7,2.5,135,965.8
56,2025-11-07,26.7,81,0.0,6.8,337,964.7
56,2025-11-08,26.3,86,22.6,3.5,11,965.4
56,2025-11-09,25.9,89,19.8,3.9,149,965.8
56,2025-11-10,26.4,86,4.1,3.5,165,965.7
56,2025-11-11,26.3,83,0.2,2.7,200,965.6
56,2025-11-12,26.9,79,0.1,3.6,81,967.0
56,2025-11-13,26.7,83,1.8,3.6,125,969.0
56,2025-11-14,26.6,79,0.5,4.8,150,969.4
56,2025-11-15,25.9,77,0.0,4.9,54,970.8
56,2025-11-16,24.8,73,0.0,6.8,356,972.2
56,2025-11-17,24.2,79,2.0,5.8,351,971.8
56,2025-11-18,22.4,93,12.2,5.1,353,971.9
56,2025-11-19,20.9,88,0.9,8.1,7,973.5
56,2025-11-20,21.7,73,0.2,7.6,6,973.9
56,2025-11-21,21.6,73,0.0,7.8,359,974.0
56,2025-11-22,21.3,75,0.0,6.5,347,972.3
56,2025-11-23,22.5,73,0.0,5.4,345,971.8
56,2025-11-24,22.3,77,0.0,7.9,350,971.4
56,2025-11-25,20.8,75,0.0,8.6,9,971.5
56,2025-11-26,19.6,74,0.0,8.0,355,971.3
56,2025-11-27,18.7,71,0.0,10.2,15,972.9
56,2025-11-28,17.5,65,0.0,8.2,355,971.2
56,2025-11-29,18.6,61,0.0,3.5,336,969.2
56,2025-11-30,19.1,66,0.0,2.5,326,968.6
56,2025-12-01,20.1,70,0.0,2.7,337,968.5
56,2025-12-02,21.3,71,0.0,2.1,339,968.0
56,2025-12-03,22.1,71,0.0,4.2,337,970.0
56,2025-12-04,23.5,69,0.0,2.2,22,970.9
56,2025-12-05,24.3,73,0.0,2.0,17,971.5
56,2025-12-06,24.5,78,0.0,2.4,157,970.6
56,2025-12-07,23.9,81,0.0,3.3,182,969.9
56,2025-12-08,23.8,78,0.0,3.4,58,970.8
56,2025-12-09,23.3,72,0.0,4.0,107,970.9
56,2025-12-10,21.9,74,0.0,4.2,350,970.9
56,2025-12-11,22.5,72,0.1,4.2,31,970.6
56,2025-12-12,21.7,84,2.6,3.0,19,970.3
56,2025-12-13,22.8,81,0.3,5.6,3,970.7
56,2025-12-14,22.4,88,3.5,5.0,354,971.0
56,2025-12-15,23.1,85,0.5,2.4,115,970.6
56,2025-12-16,23.0,82,0.0,2.8,135,969.5
56,2025-12-17,23.4,78,0.1,3.0,95,970.3
56,2025-12-18,22.6,79,0.7,3.6,27,970.6
56,2025-12-19,22.5,79,0.0,3.3,14,968.8
56,2025-12-20,21.7,78,0.0,3.3,18,968.0
56,2025-12-21,22.2,71,0.0,5.7,352,970.1
56,2025-12-22,22.7,68,0.0,3.9,357,969.0
56,2025-12-23,22.9,76,0.0,2.0,62,967.4
56,2025-12-24,23.5,76,0.0,2.4,356,967.1
56,2025-12-25,23.0,72,0.0,3.5,10,968.3
56,2025-12-26,22.7,73,0.0,4.1,139,968.5
56,2025-12-27,21.6,74,0.0,5.2,146,969.0
56,2025-12-28,21.5,75,0.0,5.0,157,969.5
56,2025-12-29,21.3,77,0.0,4.1,168,968.3
56,2025-12-30,21.0,79,0.0,3.8,168,967.0
56,2025-12-31,21.4,79,0.0,4.4,178,965.4
57,2020-01-01,22.9,81,0.0,4.3,6,975.3
57,2020-01-02,23.3,80,0.0,3.3,321,975.2
57,2020-01-03,23.0,82,0.0,3.6,218,972.6
57,2020-01-04,23.3,84,0.2,4.6,230,970.1
57,2020-01-05,23.0,85,0.1,4.4,220,969.2
57,2020-01-06,24.0,80,0.0,4.4,237,969.0
57,2020-01-07,23.1,80,0.0,4.2,216,968.6
57,2020-01-08,23.3,79,0.0,4.1,193,968.9
57,2020-01-09,22.8,80,0.0,4.0,205,968.3
57,2020-01-10,22.6,79,0.0,3.8,238,966.8
57,2020-01-11,21.7,75,0.0,3.7,286,966.4
57,2020-01-12,21.0,71,0.0,4.6,306,966.6
57,2020-01-13,21.7,76,0.0,5.4,213,966.1
57,2020-01-14,22.7,75,0.0,5.8,226,967.0
57,2020-01-15,21.9,68,0.0,4.5,255,967.7
57,2020-01-16,21.5,70,0.0,4.1,260,968.3
57,2020-01-17,21.4,72,0.0,4.1,268,969.5
57,2020-01-18,21.6,74,0.0,3.9,241,968.5
57,2020-01-19,22.0,79,0.0,4.4,221,968.6
57,2020-01-20,23.1,78,0.5,5.6,203,969.4
57,2020-01-21,23.7,74,0.0,5.7,213,970.4
57,2020-01-22,23.5,71,0.0,4.4,250,969.6
57,2020-01-23,22.0,64,0.0,4.6,261,967.5
57,2020-01-24,20.3,60,0.0,5.6,248,966.5
57,2020-01-25,20.0,60,0.0,5.8,281,964.9
57,2020-01-26,18.6,64,0.0,4.7,301,965.1
57,2020-01-27,18.1,62,0.0,5.3,237,963.8
57,2020-01-28,18.3,64,0.0,5.3,231,965.6
57,2020-01-29,19.1,63,0.0,4.2,273,968.5
57,2020-01-30,19.3,71,0.0,4.4,33,968.8
57,2020-01-31,21.9,76,0.0,4.1,167,968.7
57,2020-02-01,22.3,75,0.1,4.8,195,969.1
57,2020-02-02,22.9,68,0.0,6.2,214,969.3
57,2020-02-03,23.2,61,0.0,5.5,225,968.1
57,2020-02-04,22.1,61,0.0,5.5,231,967.2
57,2020-02-05,22.3,62,0.0,6.7,220,966.5
57,2020-02-06,22.9,59,0.0,4.4,232,967.5
57,2020-02-07,23.1,63,0.0,4.3,206,968.8
57,2020-02-08,23.9,67,0.0,5.0,184,970.0
57,2020-02-09,24.8,69,0.0,5.9,181,971.4
57,2020-02-10,25.1,65,0.0,6.5,181,970.3
57,2020-02-11,24.9,64,0.0,4.9,203,969.7
57,2020-02-12,23.8,57,0.0,5.2,247,968.0
57,2020-02-13,24.0,50,0.0,6.4,248,966.0
57,2020-02-14,23.9,49,0.0,7.7,232,963.2
57,2020-02-15,22.9,49,0.0,6.2,237,965.1
57,2020-02-16,22.0,63,0.0,4.3,213,967.9
57,2020-02-17,23.2,65,0.0,5.8,145,969.4
57,2020-02-18,24.3,67,0.0,5.8,108,971.3
57,2020-02-19,25.1,63,0.0,5.3,141,971.6
57,2020-02-20,24.6,67,0.0,4.9,172,971.2
57,2020-02-21,25.0,66,0.0,4.5,165,973.8
57,2020-02-22,24.7,67,0.0,3.8,78,975.1
57,2020-02-23,24.0,67,0.0,4.2,150,973.0
57,2020-02-24,24.0,66,0.0,5.0,183,969.5
57,2020-02-25,24.5,66,0.0,4.1,171,968.0
57,2020-02-26,24.9,66,0.0,4.5,169,968.2
57,2020-02-27,25.1,66,0.0,5.6,188,967.5
57,2020-02-28,25.4,65,0.0,5.7,198,966.5
57,2020-02-29,25.9,64,0.0,4.4,217,965.8
57,2020-03-01,25.8,59,0.0,4.2,218,966.1
57,2020-03-02,25.9,58,0.0,4.7,217,965.2
57,2020-03-03,26.2,53,0.0,6.2,241,965.1
57,2020-03-04,26.2,60,0.0,4.2,237,966.4
57,2020-03-05,26.6,58,0.2,7.0,197,966.4
57,2020-03-06,27.6,58,0.0,5.6,211,967.4
57,2020-03-07,27.4,50,0.0,3.7,263,967.1
57,2020-03-08,27.5,49,0.0,6.7,280,964.6
57,2020-03-09,27.8,46,0.0,5.8,290,962.8
57,2020-03-10,26.6,54,0.0,5.3,225,963.3
57,2020-03-11,27.1,53,0.0,6.8,206,964.4
57,2020-03-12,27.5,50,0.0,5.0,209,966.1
57,2020-03-13,27.1,56,0.0,4.1,204,967.0
57,2020-03-14,26.6,61,0.0,4.7,181,966.2
57,2020-03-15,28.2,61,0.0,7.4,183,966.4
57,2020-03-16,29.1,66,0.0,7.7,180,967.3
57,2020-03-17,29.2,58,0.0,6.8,186,967.0
57,2020-03-18,29.1,52,0.0,5.8,208,964.6
57,2020-03-19,28.0,51,0.0,4.0,227,964.6
57,2020-03-20,28.6,56,0.2,7.3,194,965.0
57,2020-03-21,28.1,55,0.8,7.0,206,965.7
57,2020-03-22,26.9,64,0.8,4.2,241,965.8
57,2020-03-23,26.8,58,0.0,5.5,224,964.8
57,2020-03-24,27.9,47,0.0,6.6,203,963.7
57,2020-03-25,28.7,43,0.0,6.6,215,962.8
57,2020-03-26,29.0,45,0.0,6.7,216,964.0
57,2020-03-27,28.5,48,0.0,5.6,205,964.5
57,2020-03-28,28.1,53,0.0,5.8,191,963.4
57,2020-03-29,29.3,50,0.0,6.9,197,962.3
57,2020-03-30,29.8,50,0.0,6.7,193,962.7
57,2020-03-31,30.1,53,0.0,6.4,183,963.6
57,2020-04-01,30.3,47,0.0,7.6,192,963.4
57,2020-04-02,30.1,43,0.0,7.5,203,963.6
57,2020-04-03,30.1,44,0.0,7.0,193,965.0
57,2020-04-04,29.4,47,0.0,7.1,192,965.2
57,2020-04-05,31.0,46,0.0,7.5,195,965.3
57,2020-04-06,31.5,44,0.0,6.9,220,964.2
57,2020-04-07,31.3,42,0.0,5.5,199,963.4
57,2020-04-08,31.0,46,0.0,6.3,162,965.1
57,2020-04-09,31.0,48,0.0,7.8,164,966.4
57,2020-04-10,31.4,48,0.0,8.5,178,967.7
57,2020-04-11,30.6,47,0.0,3.4,194,967.3
57,2020-04-12,30.9,51,0.1,4.5,182,965.6
57,2020-04-13,26.9,80,16.5,5.9,66,967.6
57,2020-04-14,26.5,79,2.6,4.0,86,969.6
57,2020-04-15,28.7,68,0.0,4.4,201,967.1
57,2020-04-16,29.7,61,0.0,6.5,198,964.8
57,2020-04-17,30.6,56,0.0,5.8,180,965.0
57,2020-04-18,30.5,55,0.0,5.8,167,965.9
57,2020-04-19,31.0,58,0.0,5.5,172,965.4
57,2020-04-20,31.3,54,0.0,5.1,188,965.5
57,2020-04-21,31.5,51,0.0,4.7,183,964.3
57,2020-04-22,31.3,55,2.7,5.6,242,963.8
57,2020-04-23,31.1,57,1.4,6.5,169,965.0
57,2020-04-24,29.6,66,28.5,7.0,138,966.4
57,2020-04-25,25.7,90,60.3,4.9,82,969.1
57,2020-04-26,24.6,89,16.8,5.3,59,970.9
57,2020-04-27,23.8,81,35.1,6.4,33,972.9
57,2020-04-28,26.7,74,1.2,4.7,42,970.4
57,2020-04-29,25.1,83,0.9,4.3,91,969.4
57,2020-04-30,26.5,83,3.0,4.3,133,969.0
57,2020-05-01,26.7,87,14.9,3.0,280,967.1
57,2020-05-02,27.9,83,6.2,3.3,213,965.4
57,2020-05-03,27.5,84,15.1,3.4,250,965.7
57,2020-05-04,28.6,82,3.5,3.4,249,966.1
57,2020-05-05,30.4,73,0.0,3.9,225,964.6
57,2020-05-06,31.3,68,0.0,4.4,231,963.5
57,2020-05-07,31.9,66,0.0,4.8,221,962.9
57,2020-05-08,31.1,71,5.2,5.0,201,963.2
57,2020-05-09,29.2,79,1.4,3.5,193,965.0
57,2020-05-10,28.6,81,1.9,4.0,227,966.1
57,2020-05-11,28.6,79,0.2,4.3,245,966.2
57,2020-05-12,28.7,81,3.1,3.4,221,965.7
57,2020-05-13,28.9,80,3.3,4.3,221,965.1
57,2020-05-14,27.8,83,2.8,4.7,282,966.0
57,2020-05-15,29.2,77,0.9,3.6,274,962.9
57,2020-05-16,30.7,69,0.0,3.1,248,961.8
57,2020-05-17,31.5,63,0.0,4.7,249,960.5
57,2020-05-18,31.1,63,0.0,5.9,202,960.5
57,2020-05-19,29.8,76,9.7,5.4,198,961.7
57,2020-05-20,30.6,75,0.5,6.3,217,961.9
57,2020-05-21,29.7,77,2.1,5.8,211,963.2
57,2020-05-22,30.9,69,0.0,5.3,218,962.6
57,2020-05-23,31.3,64,0.0,5.5,240,962.2
57,2020-05-24,31.7,59,0.0,7.6,221,963.0
57,2020-05-25,32.3,56,0.0,7.6,214,964.0
57,2020-05-26,32.6,55,0.0,7.1,223,964.1
57,2020-05-27,32.5,54,0.0,7.3,227,963.4
57,2020-05-28,29.3,67,6.4,4.5,272,964.1
57,2020-05-29,28.4,79,4.6,3.0,193,964.7
57,2020-05-30,27.8,84,11.5,4.9,160,965.8
57,2020-05-31,27.5,90,20.2,3.3,174,966.3
57,2020-06-01,28.1,87,7.8,2.9,215,965.7
57,2020-06-02,29.2,81,5.5,4.6,183,964.2
57,2020-06-03,30.0,77,0.3,5.5,185,963.4
57,2020-06-04,29.2,83,12.2,4.4,205,963.0
57,2020-06-05,28.0,88,12.6,3.9,206,963.3
57,2020-06-06,28.6,87,14.0,4.4,204,962.7
57,2020-06-07,28.8,84,4.4,6.3,192,962.1
57,2020-06-08,29.0,84,5.6,5.5,193,961.8
57,2020-06-09,29.7,80,0.3,5.0,168,962.5
57,2020-06-10,29.4,79,6.8,5.2,173,963.5
57,2020-06-11,29.4,82,2.1,2.8,230,962.8
57,2020-06-12,30.1,81,3.8,4.1,266,961.2
57,2020-06-13,30.6,74,1.1,6.2,268,960.5
57,2020-06-14,29.0,84,17.1,5.8,196,961.3
57,2020-06-15,28.4,86,13.0,4.4,175,962.7
57,2020-06-16,27.8,90,22.6,4.4,187,963.1
57,2020-06-17,27.3,91,34.8,5.2,190,962.8
57,2020-06-18,27.3,90,7.3,5.4,189,963.2
57,2020-06-19,27.6,86,16.6,4.8,171,963.5
57,2020-06-20,28.9,85,4.9,5.2,180,963.3
57,2020-06-21,30.0,79,0.2,5.4,214,962.1
57,2020-06-22,30.3,79,2.2,5.1,209,962.0
57,2020-06-23,29.0,85,9.6,5.2,218,963.8
57,2020-06-24,27.7,89,12.2,5.5,213,963.8
57,2020-06-25,28.1,87,13.1,5.2,206,962.5
57,2020-06-26,28.0,88,5.7,4.3,203,962.5
57,2020-06-27,28.0,85,7.1,4.8,187,962.9
57,2020-06-28,29.3,82,3.2,4.5,192,962.4
57,2020-06-29,30.4,78,3.3,4.8,206,961.7
57,2020-06-30,30.3,80,5.3,4.9,203,961.2
57,2020-07-01,29.1,86,12.9,4.5,211,960.7
57,2020-07-02,28.5,89,18.8,5.3,206,960.1
57,2020-07-03,28.9,86,23.7,3.7,196,961.4
57,2020-07-04,28.2,89,14.5,3.4,173,963.0
57,2020-07-05,28.9,85,11.6,4.0,178,962.3
57,2020-07-06,29.8,83,2.5,3.5,199,961.8
57,2020-07-07,29.6,85,5.9,4.2,178,963.6
57,2020-07-08,28.1,90,12.8,4.5,194,964.5
57,2020-07-09,29.2,86,1.6,4.2,210,962.4
57,2020-07-10,29.4,81,1.1,5.7,225,962.2
57,2020-07-11,29.3,81,0.5,6.3,205,962.4
57,2020-07-12,28.0,90,22.5,5.5,190,962.0
57,2020-07-13,26.5,93,37.1,4.9,164,962.8
57,2020-07-14,27.9,85,1.1,4.3,167,964.0
57,2020-07-15,28.9,85,0.7,4.8,190,962.7
57,2020-07-16,29.6,83,1.6,4.8,185,961.7
57,2020-07-17,29.3,83,2.3,5.9,175,962.6
57,2020-07-18,28.2,87,8.1,4.8,203,964.1
57,2020-07-19,28.3,85,0.6,5.5,234,963.3
57,2020-07-20,27.9,88,14.2,3.7,232,963.4
57,2020-07-21,27.6,88,4.0,3.5,189,964.8
57,2020-07-22,28.5,85,5.9,4.6,173,964.1
57,2020-07-23,29.1,82,0.2,6.1,168,964.3
57,2020-07-24,29.9,82,0.5,4.2,184,964.6
57,2020-07-25,30.3,81,8.4,5.2,198,963.8
57,2020-07-26,30.0,82,0.0,5.2,207,963.5
57,2020-07-27,28.8,86,1.7,3.6,199,962.8
57,2020-07-28,27.0,92,23.6,2.7,208,963.9
57,2020-07-29,27.9,90,8.6,4.1,217,963.8
57,2020-07-30,29.2,84,1.1,4.1,239,963.1
57,2020-07-31,29.9,84,5.2,3.5,242,960.8
57,2020-08-01,29.1,87,13.2,3.1,231,958.6
57,2020-08-02,28.5,89,11.6,4.7,248,955.4
57,2020-08-03,26.7,94,70.6,6.9,219,954.1
57,2020-08-04,27.3,91,22.7,5.0,154,958.1
57,2020-08-05,28.3,87,11.6,4.3,176,961.1
57,2020-08-06,28.2,87,10.1,4.2,208,962.9
57,2020-08-07,28.0,91,27.2,3.7,194,962.2
57,2020-08-08,29.0,85,8.8,3.5,186,961.7
57,2020-08-09,29.2,88,7.9,4.1,206,961.5
57,2020-08-10,29.0,87,1.4,3.8,219,962.0
57,2020-08-11,28.0,91,24.8,4.6,211,962.0
57,2020-08-12,28.1,89,13.9,3.8,198,962.6
57,2020-08-13,28.1,87,13.9,4.6,169,962.2
57,2020-08-14,27.6,89,19.4,4.4,187,962.4
57,2020-08-15,26.7,90,20.4,5.7,189,963.1
57,2020-08-16,26.6,92,10.5,5.2,192,963.3
57,2020-08-17,27.1,89,7.2,4.4,208,962.5
57,2020-08-18,25.9,94,11.8,4.9,202,962.9
57,2020-08-19,26.1,90,11.0,4.0,201,963.2
57,2020-08-20,27.6,90,18.3,3.1,219,963.4
57,2020-08-21,26.8,92,26.9,2.3,216,964.0
57,2020-08-22,27.1,91,12.7,3.3,105,963.7
57,2020-08-23,26.9,89,9.8,4.6,140,963.3
57,2020-08-24,27.1,91,18.4,5.4,199,964.1
57,2020-08-25,28.7,82,1.1,4.9,240,964.6
57,2020-08-26,28.7,81,1.6,6.2,263,963.7
57,2020-08-27,29.6,77,0.0,8.1,274,961.8
57,2020-08-28,30.0,79,0.3,4.9,260,960.7
57,2020-08-29,29.5,83,3.7,3.7,211,961.3
57,2020-08-30,28.0,88,4.2,2.2,220,962.5
57,2020-08-31,27.7,88,0.8,3.1,339,964.1
57,2020-09-01,27.3,85,2.5,3.5,301,965.1
57,2020-09-02,28.5,80,0.0,2.9,217,965.3
57,2020-09-03,29.7,81,0.1,3.1,237,965.0
57,2020-09-04,28.6,85,3.3,4.0,182,964.8
57,2020-09-05,29.2,84,2.6,4.3,212,963.6
57,2020-09-06,29.1,86,8.1,4.2,213,962.8
57,2020-09-07,29.2,85,3.0,4.1,211,962.9
57,2020-09-08,27.0,92,26.6,3.0,150,964.6
57,2020-09-09,27.5,89,16.6,3.3,158,965.0
57,2020-09-10,28.3,87,9.4,3.0,236,963.1
57,2020-09-11,28.4,88,14.8,3.4,182,963.8
57,2020-09-12,28.2,89,14.3,3.2,189,966.0
57,2020-09-13,27.9,87,12.3,2.4,235,966.5
57,2020-09-14,27.8,88,7.5,3.4,224,965.3
57,2020-09-15,28.2,88,10.7,3.6,216,964.6
57,2020-09-16,28.9,87,11.7,2.9,194,964.1
57,2020-09-17,28.8,87,19.5,2.8,243,962.3
57,2020-09-18,28.9,85,14.9,5.6,2,961.0
57,2020-09-19,28.3,79,14.2,9.8,53,959.7
57,2020-09-20,26.3,92,20.8,5.3,97,963.1
57,2020-09-21,27.2,91,14.0,5.0,166,965.6
57,2020-09-22,28.6,87,5.9,3.5,188,966.1
57,2020-09-23,28.3,89,18.7,3.3,199,965.4
57,2020-09-24,27.5,89,23.4,3.1,190,966.3
57,2020-09-25,27.9,89,8.4,3.2,177,964.9
57,2020-09-26,28.2,89,15.0,3.1,196,964.3
57,2020-09-27,29.1,86,2.6,2.6,234,963.8
57,2020-09-28,28.5,86,3.6,2.9,130,963.9
57,2020-09-29,28.8,81,1.7,4.9,153,963.7
57,2020-09-30,28.4,84,0.9,3.7,176,963.2
57,2020-10-01,28.8,84,3.4,2.7,169,962.8
57,2020-10-02,28.7,83,4.3,3.5,154,963.8
57,2020-10-03,28.6,83,0.8,4.0,164,964.8
57,2020-10-04,28.3,84,3.1,3.6,171,965.5
57,2020-10-05,28.0,85,5.5,4.2,151,965.5
57,2020-10-06,27.9,85,7.8,2.6,61,966.8
57,2020-10-07,28.3,83,0.5,4.0,25,967.1
57,2020-10-08,28.0,76,0.0,7.9,46,966.6
57,2020-10-09,27.1,70,0.0,9.2,50,967.6
57,2020-10-10,26.7,72,0.0,5.9,36,966.7
57,2020-10-11,26.8,74,0.0,4.9,27,964.7
57,2020-10-12,26.7,71,0.0,5.2,26,963.8
57,2020-10-13,27.2,71,0.0,5.4,23,964.4
57,2020-10-14,27.4,74,0.0,5.0,350,963.6
57,2020-10-15,26.1,84,1.1,5.4,6,963.9
57,2020-10-16,26.3,82,3.1,7.9,39,965.3
57,2020-10-17,26.2,80,10.1,7.5,31,966.9
57,2020-10-18,26.1,74,2.0,8.6,41,967.1
57,2020-10-19,24.0,84,3.2,6.2,32,968.1
57,2020-10-20,22.9,89,3.0,4.4,13,969.4
57,2020-10-21,23.9,86,0.1,5.7,18,969.6
57,2020-10-22,25.6,78,0.0,6.0,34,968.2
57,2020-10-23,25.6,71,0.0,5.2,43,967.9
57,2020-10-24,25.2,67,0.0,3.5,67,968.0
57,2020-10-25,25.3,71,0.0,3.4,75,967.8
57,2020-10-26,26.7,73,0.0,4.2,47,966.7
57,2020-10-27,26.5,80,0.5,3.1,98,967.0
57,2020-10-28,26.9,78,0.0,5.1,16,966.9
57,2020-10-29,25.5,83,6.7,5.8,357,966.6
57,2020-10-30,24.6,89,16.0,6.0,33,969.0
57,2020-10-31,26.3,82,0.1,4.1,46,970.4
57,2020-11-01,27.3,82,0.8,3.2,156,969.9
57,2020-11-02,27.4,82,0.2,3.8,163,969.4
57,2020-11-03,26.6,88,6.7,3.2,107,970.2
57,2020-11-04,26.6,87,13.3,3.0,204,969.4
57,2020-11-05,25.9,89,2.4,3.1,181,969.7
57,2020-11-06,26.2,84,1.2,4.0,13,970.6
57,2020-11-07,26.5,78,0.0,5.6,39,971.6
57,2020-11-08,26.3,73,0.0,6.5,27,972.3
57,2020-11-09,25.2,72,0.0,6.8,32,971.5
57,2020-11-10,23.8,75,0.0,7.3,31,971.2
57,2020-11-11,23.1,71,0.0,6.7,20,972.5
57,2020-11-12,23.6,73,0.0,5.8,14,972.5
57,2020-11-13,25.3,74,0.0,5.4,3,970.7
57,2020-11-14,24.3,70,0.0,6.4,15,970.0
57,2020-11-15,23.1,72,0.0,6.3,358,970.2
57,2020-11-16,24.9,76,0.0,4.3,18,969.9
57,2020-11-17,25.5,79,0.0,2.8,217,968.4
57,2020-11-18,25.6,80,0.0,2.7,250,967.1
57,2020-11-19,25.0,81,0.0,3.1,347,966.8
57,2020-11-20,24.7,78,0.0,3.4,292,967.1
57,2020-11-21,24.0,74,0.0,3.4,303,967.5
57,2020-11-22,23.3,74,0.0,4.0,323,969.2
57,2020-11-23,23.8,73,0.0,3.9,2,970.2
57,2020-11-24,24.3,78,0.1,2.8,37,970.8
57,2020-11-25,24.7,81,0.0,3.0,62,970.5
57,2020-11-26,24.3,82,0.0,3.3,10,971.0
57,2020-11-27,23.8,79,0.0,4.2,14,971.9
57,2020-11-28,23.4,76,0.0,3.9,26,972.1
57,2020-11-29,23.3,74,0.0,5.3,26,972.1
57,2020-11-30,22.1,72,0.0,6.6,31,972.4
57,2020-12-01,21.5,71,0.0,4.8,30,973.0
57,2020-12-02,21.5,76,0.0,4.0,74,970.8
57,2020-12-03,22.7,81,0.4,3.5,97,970.3
57,2020-12-04,22.9,82,0.0,5.2,120,970.3
57,2020-12-05,21.8,81,0.0,3.8,85,971.7
57,2020-12-06,21.3,81,0.0,3.3,82,971.5
57,2020-12-07,21.0,80,0.0,3.3,145,971.3
57,2020-12-08,21.1,79,0.0,3.2,112,971.2
57,2020-12-09,20.8,80,0.0,3.5,181,969.2
57,2020-12-10,20.8,81,0.0,3.5,185,968.7
57,2020-12-11,20.8,82,0.0,3.5,224,968.7
57,2020-12-12,21.0,82,0.0,3.6,238,967.7
57,2020-12-13,21.7,78,0.0,3.6,242,966.4
57,2020-12-14,22.4,79,0.0,3.5,263,967.5
57,2020-12-15,23.2,79,0.0,3.9,193,969.5
57,2020-12-16,24.0,79,0.0,3.9,188,970.1
57,2020-12-17,24.7,78,0.0,4.9,191,969.2
57,2020-12-18,24.5,79,0.2,5.7,183,969.3
57,2020-12-19,24.2,76,0.0,5.0,157,970.7
57,2020-12-20,21.3,74,0.0,7.1,71,973.1
57,2020-12-21,19.3,68,0.0,7.7,42,973.6
57,2020-12-22,18.0,71,0.0,4.6,25,971.7
57,2020-12-23,17.7,76,0.0,3.8,3,969.2
57,2020-12-24,18.6,76,0.0,3.9,3,968.7
57,2020-12-25,19.4,76,0.0,3.4,8,968.8
57,2020-12-26,21.6,79,0.0,3.5,265,968.3
57,2020-12-27,23.3,80,0.0,2.8,279,967.3
57,2020-12-28,23.3,74,0.0,3.5,270,966.3
57,2020-12-29,21.9,66,0.0,3.6,297,966.9
57,2020-12-30,21.4,68,0.0,4.2,337,969.2
57,2020-12-31,21.7,75,0.0,6.2,54,971.9
57,2021-01-01,21.0,71,0.0,4.8,45,972.6
57,2021-01-02,19.6,75,0.0,2.9,120,971.3
57,2021-01-03,19.5,79,0.0,3.3,66,970.0
57,2021-01-04,20.8,76,0.0,3.2,164,970.9
57,2021-01-05,21.2,75,0.0,3.2,206,970.0
57,2021-01-06,22.1,76,0.0,4.4,206,967.9
57,2021-01-07,23.4,77,0.0,3.7,193,966.8
57,2021-01-08,24.7,76,0.0,6.7,168,967.6
57,2021-01-09,24.6,68,0.0,6.3,157,968.2
57,2021-01-10,23.7,71,0.0,6.2,165,968.1
57,2021-01-11,21.9,68,0.3,9.1,79,971.2
57,2021-01-12,13.4,77,0.8,11.1,40,976.5
57,2021-01-13,14.7,77,0.3,3.8,28,972.5
57,2021-01-14,17.4,81,0.0,3.3,358,969.5
57,2021-01-15,19.6,77,0.0,3.7,15,966.8
57,2021-01-16,21.0,73,0.0,4.0,150,966.1
57,2021-01-17,21.9,69,0.0,4.9,84,970.0
57,2021-01-18,20.2,71,0.3,8.5,43,973.1
57,2021-01-19,19.9,75,0.0,4.0,156,969.9
57,2021-01-20,20.9,73,0.0,5.3,198,968.0
57,2021-01-21,21.5,71,0.0,4.6,189,967.2
57,2021-01-22,22.0,71,0.0,3.5,191,966.7
57,2021-01-23,23.0,67,0.0,5.8,201,966.2
57,2021-01-24,22.1,65,0.0,5.1,230,966.9
57,2021-01-25,21.6,67,0.0,4.2,255,967.5
57,2021-01-26,22.5,70,0.0,4.2,224,967.2
57,2021-01-27,23.3,72,0.0,4.2,206,967.2
57,2021-01-28,23.6,72,0.0,4.4,126,968.9
57,2021-01-29,24.5,71,0.3,5.9,182,969.1
57,2021-01-30,23.6,83,3.4,5.8,191,969.1
57,2021-01-31,23.4,84,4.4,4.0,177,969.9
57,2021-02-01,23.9,72,0.1,3.7,208,969.9
57,2021-02-02,22.6,73,0.0,3.9,242,969.4
57,2021-02-03,22.7,70,0.0,4.4,192,969.5
57,2021-02-04,23.1,70,0.0,4.5,167,970.2
57,2021-02-05,23.5,72,0.0,3.9,170,969.3
57,2021-02-06,24.1,71,0.0,4.5,182,968.0
57,2021-02-07,23.6,79,16.6,5.4,252,967.6
57,2021-02-08,19.6,91,37.0,7.3,25,969.3
57,2021-02-09,19.3,75,0.0,5.9,20,969.8
57,2021-02-10,19.6,74,0.0,4.3,25,969.5
57,2021-02-11,20.6,74,0.0,3.7,99,968.5
57,2021-02-12,21.7,75,0.0,3.5,158,968.1
57,2021-02-13,23.0,74,0.0,4.0,188,967.9
57,2021-02-14,23.3,71,0.0,4.6,185,967.9
57,2021-02-15,23.5,69,0.0,5.0,206,966.4
57,2021-02-16,23.4,69,0.0,4.4,160,966.4
57,2021-02-17,24.5,70,0.0,4.8,153,968.6
57,2021-02-18,24.4,75,2.0,6.4,153,972.0
57,2021-02-19,23.7,80,0.0,4.9,84,973.8
57,2021-02-20,24.0,79,0.0,4.1,31,971.8
57,2021-02-21,24.3,78,0.7,3.7,297,969.6
57,2021-02-22,25.1,74,0.0,3.8,281,968.0
57,2021-02-23,25.2,72,0.0,3.8,233,966.5
57,2021-02-24,26.4,68,0.0,5.0,227,964.2
57,2021-02-25,26.8,56,0.0,5.5,256,962.5
57,2021-02-26,25.2,54,0.0,4.9,282,961.6
57,2021-02-27,24.2,57,0.0,5.3,291,962.8
57,2021-02-28,24.3,61,0.0,4.7,224,964.0
57,2021-03-01,24.3,62,0.0,5.0,176,967.1
57,2021-03-02,24.0,61,0.0,4.8,198,967.4
57,2021-03-03,24.4,64,0.0,5.1,196,966.7
57,2021-03-04,26.8,66,0.1,7.2,178,967.4
57,2021-03-05,26.7,53,0.0,5.6,259,966.7
57,2021-03-06,23.4,50,0.0,4.7,281,967.8
57,2021-03-07,23.1,57,0.0,4.5,251,967.3
57,2021-03-08,23.6,58,0.0,4.4,202,967.6
57,2021-03-09,24.7,59,0.0,4.4,191,968.0
57,2021-03-10,25.0,64,0.0,4.2,180,968.3
57,2021-03-11,25.5,67,0.0,3.6,188,969.1
57,2021-03-12,26.1,70,0.0,3.9,205,969.2
57,2021-03-13,26.2,64,0.0,4.1,211,968.2
57,2021-03-14,26.5,67,0.2,5.3,191,966.1
57,2021-03-15,27.9,65,0.0,4.9,190,964.7
57,2021-03-16,27.7,59,0.0,4.8,191,964.5
57,2021-03-17,27.6,60,0.0,4.0,180,964.3
57,2021-03-18,28.6,60,0.0,4.3,188,964.3
57,2021-03-19,29.2,61,0.0,4.7,198,963.5
57,2021-03-20,29.8,60,0.0,4.5,189,962.0
57,2021-03-21,30.6,55,0.0,5.4,176,963.1
57,2021-03-22,27.6,80,20.8,6.1,134,968.2
57,2021-03-23,26.9,82,0.2,3.5,95,969.6
57,2021-03-24,27.7,78,0.2,3.8,202,966.5
57,2021-03-25,28.9,70,0.0,3.9,181,965.0
57,2021-03-26,29.6,63,0.0,4.7,205,964.3
57,2021-03-27,28.9,63,0.0,3.2,223,963.5
57,2021-03-28,29.1,61,0.0,5.1,223,962.6
57,2021-03-29,29.3,58,0.0,4.9,251,961.6
57,2021-03-30,29.8,53,0.0,6.2,222,959.9
57,2021-03-31,29.1,56,0.0,4.9,213,959.4
57,2021-04-01,29.1,54,0.0,5.4,207,960.0
57,2021-04-02,29.3,56,0.0,5.3,183,961.5
57,2021-04-03,28.9,65,1.1,5.0,185,963.6
57,2021-04-04,25.1,87,7.6,2.8,74,967.6
57,2021-04-05,22.6,91,17.5,4.9,13,969.3
57,2021-04-06,20.8,91,37.2,4.1,2,970.2
57,2021-04-07,25.0,80,1.9,3.4,350,969.3
57,2021-04-08,27.2,78,0.8,3.4,208,966.4
57,2021-04-09,27.7,76,0.6,3.4,206,965.9
57,2021-04-10,28.0,78,11.3,5.5,196,967.7
57,2021-04-11,27.5,83,12.2,5.5,190,968.6
57,2021-04-12,27.6,81,2.1,4.2,193,969.0
57,2021-04-13,28.6,77,1.0,4.0,229,967.4
57,2021-04-14,27.3,79,1.2,3.6,209,966.5
57,2021-04-15,27.5,78,2.2,3.8,202,965.2
57,2021-04-16,27.3,81,12.0,4.3,222,965.4
57,2021-04-17,25.4,86,13.1,2.8,316,968.3
57,2021-04-18,26.4,86,8.7,3.8,166,967.0
57,2021-04-19,27.8,79,0.1,5.5,173,964.8
57,2021-04-20,28.2,77,0.0,4.5,190,964.5
57,2021-04-21,28.8,75,0.1,4.8,186,964.9
57,2021-04-22,29.7,70,0.0,4.3,190,963.8
57,2021-04-23,30.2,67,0.0,5.0,191,962.0
57,2021-04-24,31.0,67,0.0,6.4,193,962.0
57,2021-04-25,29.6,77,0.9,5.9,203,964.0
57,2021-04-26,28.3,78,14.9,4.9,209,964.7
57,2021-04-27,26.6,85,20.1,5.0,205,966.5
57,2021-04-28,26.5,84,7.7,3.8,169,968.5
57,2021-04-29,27.0,81,6.8,3.8,117,968.2
57,2021-04-30,26.7,83,6.2,4.3,155,967.5
57,2021-05-01,26.5,86,14.5,4.5,192,967.5
57,2021-05-02,27.4,85,8.5,4.3,190,966.9
57,2021-05-03,27.7,82,3.1,4.2,203,965.1
57,2021-05-04,28.6,79,0.9,3.5,215,964.8
57,2021-05-05,27.5,80,5.0,4.0,250,965.8
57,2021-05-06,25.6,89,6.7,2.9,63,969.2
57,2021-05-07,27.0,85,1.0,2.8,241,968.6
57,2021-05-08,27.1,84,1.6,3.8,222,966.3
57,2021-05-09,27.8,80,3.1,4.8,204,965.3
57,2021-05-10,27.9,84,5.7,3.3,220,964.2
57,2021-05-11,28.6,84,2.8,3.0,213,963.3
57,2021-05-12,28.4,85,9.7,4.3,186,962.7
57,2021-05-13,28.1,85,3.6,4.5,220,962.3
57,2021-05-14,28.9,80,0.0,4.8,216,962.1
57,2021-05-15,30.2,72,0.0,5.4,215,962.6
57,2021-05-16,30.5,71,0.0,5.2,199,962.9
57,2021-05-17,30.5,71,0.0,6.1,190,963.1
57,2021-05-18,29.6,82,1.2,6.3,214,963.5
57,2021-05-19,29.7,82,0.7,4.7,224,962.5
57,2021-05-20,30.5,79,0.7,4.8,204,962.5
57,2021-05-21,30.4,79,1.5,5.7,202,962.6
57,2021-05-22,30.4,79,1.6,5.6,215,961.3
57,2021-05-23,30.4,82,1.9,4.0,206,961.4
57,2021-05-24,29.5,82,7.5,4.0,38,963.2
57,2021-05-25,27.6,88,18.6,3.3,140,963.8
57,2021-05-26,28.6,84,10.3,3.6,189,962.9
57,2021-05-27,29.3,83,1.4,3.3,207,963.4
57,2021-05-28,28.7,84,3.6,4.3,165,965.0
57,2021-05-29,29.1,83,4.8,5.0,180,964.3
57,2021-05-30,29.1,84,8.0,5.6,186,963.0
57,2021-05-31,28.9,87,1.8,4.2,220,961.9
57,2021-06-01,30.0,81,0.5,4.9,233,962.3
57,2021-06-02,30.3,79,0.2,5.5,249,962.3
57,2021-06-03,30.4,79,2.0,5.3,242,962.9
57,2021-06-04,28.7,85,4.2,4.4,220,963.3
57,2021-06-05,28.7,86,18.5,5.3,204,962.8
57,2021-06-06,29.6,79,3.3,5.2,231,961.4
57,2021-06-07,29.2,84,12.5,5.0,197,960.8
57,2021-06-08,27.9,89,28.3,2.9,156,961.6
57,2021-06-09,27.3,91,27.1,3.4,165,961.6
57,2021-06-10,28.0,84,8.9,5.3,178,960.6
57,2021-06-11,28.6,83,8.4,4.4,181,960.4
57,2021-06-12,28.5,85,5.6,3.2,202,962.0
57,2021-06-13,29.8,75,0.4,6.9,233,959.9
57,2021-06-14,25.4,94,61.0,7.7,205,960.4
57,2021-06-15,27.1,89,20.9,6.1,184,960.9
57,2021-06-16,27.9,86,24.6,6.1,187,962.0
57,2021-06-17,28.4,85,24.5,6.4,196,964.1
57,2021-06-18,29.0,77,0.0,6.4,218,965.2
57,2021-06-19,30.2,70,0.0,7.5,245,964.3
57,2021-06-20,30.6,67,0.0,7.7,241,962.6
57,2021-06-21,30.6,69,0.0,6.7,226,961.5
57,2021-06-22,30.2,76,3.3,5.4,215,962.6
57,2021-06-23,30.0,75,0.2,5.9,214,963.3
57,2021-06-24,30.0,77,2.0,5.0,217,962.2
57,2021-06-25,29.2,82,2.6,4.9,197,961.3
57,2021-06-26,28.6,87,3.1,4.0,203,962.9
57,2021-06-27,29.4,81,1.9,6.7,231,964.1
57,2021-06-28,28.7,80,2.1,6.7,228,962.8
57,2021-06-29,28.0,87,5.7,4.7,225,961.8
57,2021-06-30,27.5,91,14.6,4.9,223,961.4
57,2021-07-01,27.3,94,13.3,4.8,217,962.0
57,2021-07-02,28.5,84,3.7,6.1,213,963.4
57,2021-07-03,28.8,83,4.5,5.1,226,963.3
57,2021-07-04,29.8,79,0.0,5.8,236,962.2
57,2021-07-05,29.5,83,2.6,5.1,230,961.4
57,2021-07-06,26.6,94,22.7,3.0,199,961.1
57,2021-07-07,28.0,85,12.8,2.6,145,962.5
57,2021-07-08,28.1,86,10.2,3.1,178,961.8
57,2021-07-09,27.6,87,13.1,3.8,132,962.5
57,2021-07-10,27.0,89,9.4,3.5,100,963.5
57,2021-07-11,27.7,87,3.7,3.6,116,965.1
57,2021-07-12,28.6,84,0.3,5.0,179,965.7
57,2021-07-13,29.4,80,0.3,4.1,205,964.1
57,2021-07-14,29.8,80,2.6,4.3,188,962.9
57,2021-07-15,27.8,88,25.0,4.0,170,963.7
57,2021-07-16,28.5,81,4.7,4.3,179,965.3
57,2021-07-17,29.4,80,0.6,4.2,199,963.1
57,2021-07-18,29.5,81,2.0,4.7,232,960.2
57,2021-07-19,27.8,89,10.4,4.6,193,959.4
57,2021-07-20,26.9,92,45.1,5.3,187,960.0
57,2021-07-21,27.9,86,15.2,7.1,191,960.0
57,2021-07-22,28.1,85,5.4,6.9,195,960.4
57,2021-07-23,27.4,91,12.6,4.5,217,961.0
57,2021-07-24,28.0,89,8.7,5.2,220,959.8
57,2021-07-25,28.0,86,3.2,5.3,240,959.4
57,2021-07-26,27.1,91,33.2,4.4,214,959.4
57,2021-07-27,27.9,86,1.8,5.1,213,959.2
57,2021-07-28,29.1,79,0.0,5.4,211,959.4
57,2021-07-29,29.6,79,1.1,5.3,225,960.1
57,2021-07-30,29.8,79,1.9,4.4,222,961.4
57,2021-07-31,29.7,80,3.3,5.8,219,961.2
57,2021-08-01,29.2,82,5.3,6.3,229,959.7
57,2021-08-02,28.3,88,20.7,4.6,218,960.3
57,2021-08-03,28.1,86,33.3,3.3,208,960.8
57,2021-08-04,28.1,85,20.9,3.6,197,961.5
57,2021-08-05,29.0,80,3.7,6.0,199,961.3
57,2021-08-06,29.0,80,3.1,6.7,195,962.1
57,2021-08-07,29.7,78,0.0,6.9,216,963.1
57,2021-08-08,30.7,73,0.0,7.1,248,963.1
57,2021-08-09,30.7,76,0.5,6.4,248,961.8
57,2021-08-10,29.3,85,1.7,3.7,203,960.7
57,2021-08-11,27.5,94,18.5,3.3,190,962.5
57,2021-08-12,29.1,85,5.1,4.7,209,964.6
57,2021-08-13,29.1,82,2.3,4.0,218,962.8
57,2021-08-14,28.4,86,20.1,3.7,189,961.2
57,2021-08-15,27.1,93,38.8,5.1,182,962.7
57,2021-08-16,26.5,92,17.6,5.8,180,966.8
57,2021-08-17,26.6,92,15.1,4.4,197,967.7
57,2021-08-18,27.0,90,6.0,3.8,254,965.6
57,2021-08-19,26.6,90,9.3,2.8,257,964.8
57,2021-08-20,27.2,88,2.9,3.2,200,965.9
57,2021-08-21,28.8,83,1.8,4.2,221,965.6
57,2021-08-22,29.7,80,0.0,5.6,213,963.5
57,2021-08-23,29.8,82,2.5,4.7,220,962.2
57,2021-08-24,27.8,90,8.9,3.7,198,961.9
57,2021-08-25,28.3,85,7.8,4.3,154,961.7
57,2021-08-26,28.9,84,3.5,4.6,152,963.1
57,2021-08-27,28.5,84,2.7,3.8,122,964.1
57,2021-08-28,27.7,86,4.0,3.7,110,964.2
57,2021-08-29,28.0,83,0.6,4.6,148,964.9
57,2021-08-30,28.8,79,0.1,3.5,162,966.0
57,2021-08-31,28.4,83,0.5,3.6,184,966.2
57,2021-09-01,28.8,83,2.7,3.9,175,965.5
57,2021-09-02,28.7,82,1.4,3.9,182,964.4
57,2021-09-03,28.5,83,7.8,4.7,176,962.8
57,2021-09-04,28.7,84,7.9,4.8,171,962.7
57,2021-09-05,27.8,87,17.6,3.1,136,964.1
57,2021-09-06,27.8,85,4.5,3.1,86,966.7
57,2021-09-07,28.5,84,7.9,3.6,318,966.6
57,2021-09-08,28.8,82,1.9,4.2,8,963.9
57,2021-09-09,27.4,86,10.1,5.7,47,963.6
57,2021-09-10,27.4,86,8.4,3.5,66,965.3
57,2021-09-11,28.2,81,0.1,3.5,187,964.2
57,2021-09-12,28.8,79,0.1,4.7,241,962.0
57,2021-09-13,29.6,77,2.1,3.2,246,962.8
57,2021-09-14,27.2,86,19.1,3.6,354,965.5
57,2021-09-15,27.0,91,12.9,2.6,76,966.3
57,2021-09-16,27.6,86,3.1,3.8,145,965.9
57,2021-09-17,26.9,89,15.6,4.0,162,965.8
57,2021-09-18,28.2,83,7.1,3.8,207,966.3
57,2021-09-19,28.6,83,8.9,3.2,220,965.8
57,2021-09-20,26.9,89,7.5,2.8,347,965.4
57,2021-09-21,27.5,85,4.0,3.4,29,964.9
57,2021-09-22,26.9,87,2.5,4.3,69,964.3
57,2021-09-23,27.1,88,10.6,2.9,62,965.7
57,2021-09-24,27.9,85,5.4,4.1,45,965.8
57,2021-09-25,28.1,82,8.6,6.2,29,964.4
57,2021-09-26,26.1,90,17.9,4.7,45,965.3
57,2021-09-27,26.0,91,7.1,3.1,151,966.7
57,2021-09-28,27.1,84,0.8,3.7,208,967.3
57,2021-09-29,27.7,86,0.9,2.6,276,965.9
57,2021-09-30,28.5,85,1.5,3.2,237,965.5
57,2021-10-01,27.1,91,25.3,3.6,224,965.6
57,2021-10-02,27.1,89,12.5,3.1,207,965.9
57,2021-10-03,27.6,86,9.1,3.1,199,965.6
57,2021-10-04,27.7,85,0.3,3.2,136,966.1
57,2021-10-05,28.3,80,0.7,3.0,15,966.2
57,2021-10-06,28.3,79,0.0,4.5,347,964.0
57,2021-10-07,28.5,80,0.0,2.7,117,962.8
57,2021-10-08,28.6,78,0.0,3.2,246,962.1
57,2021-10-09,28.6,81,0.2,1.9,264,962.0
57,2021-10-10,28.2,85,10.8,3.1,313,961.2
57,2021-10-11,26.5,85,3.0,5.4,12,962.2
57,2021-10-12,26.5,82,4.0,6.1,19,963.5
57,2021-10-13,27.9,78,0.0,4.9,9,962.4
57,2021-10-14,26.6,81,0.6,4.3,357,961.4
57,2021-10-15,25.3,87,3.7,5.1,32,963.6
57,2021-10-16,24.8,89,13.1,6.5,19,966.9
57,2021-10-17,26.0,76,0.0,9.0,39,969.9
57,2021-10-18,26.6,74,0.0,6.5,36,969.9
57,2021-10-19,27.2,81,0.0,4.8,82,970.9
57,2021-10-20,27.1,88,4.0,3.6,198,970.1
57,2021-10-21,27.2,89,6.9,3.9,196,968.2
57,2021-10-22,25.8,92,29.2,2.8,105,969.3
57,2021-10-23,24.6,95,62.1,4.2,24,971.1
57,2021-10-24,25.7,86,1.6,3.8,46,971.4
57,2021-10-25,25.9,86,0.9,2.8,86,969.8
57,2021-10-26,26.3,86,0.7,2.5,143,968.8
57,2021-10-27,27.0,84,0.7,4.2,20,969.0
57,2021-10-28,27.0,77,0.0,6.1,46,969.4
57,2021-10-29,27.3,77,0.3,4.5,42,970.6
57,2021-10-30,26.0,88,2.6,2.4,199,970.8
57,2021-10-31,26.3,90,26.8,2.6,97,970.1
57,2021-11-01,26.2,88,18.0,2.8,176,970.3
57,2021-11-02,26.2,87,9.8,2.9,329,970.5
57,2021-11-03,26.4,87,24.2,2.4,6,969.6
57,2021-11-04,25.9,90,5.1,2.3,275,968.8
57,2021-11-05,26.7,88,0.2,2.6,259,967.1
57,2021-11-06,26.6,87,0.2,2.6,285,965.1
57,2021-11-07,27.2,86,0.7,3.4,342,966.0
57,2021-11-08,27.3,87,1.1,3.9,24,968.0
57,2021-11-09,26.5,89,1.7,3.7,65,969.9
57,2021-11-10,25.8,89,1.0,3.6,63,970.2
57,2021-11-11,26.1,87,0.0,2.8,86,969.0
57,2021-11-12,25.8,90,0.8,2.9,43,969.8
57,2021-11-13,25.2,90,0.7,3.9,59,969.9
57,2021-11-14,25.1,87,0.0,4.0,151,969.1
57,2021-11-15,26.2,83,0.0,3.4,178,967.7
57,2021-11-16,26.1,86,0.4,3.3,193,968.0
57,2021-11-17,26.6,83,0.0,2.1,86,969.0
57,2021-11-18,26.7,84,0.1,2.7,334,967.9
57,2021-11-19,26.5,84,0.0,3.3,289,965.4
57,2021-11-20,25.3,81,0.0,3.9,285,965.1
57,2021-11-21,24.5,78,0.0,3.6,297,966.6
57,2021-11-22,24.8,83,0.0,3.9,356,967.7
57,2021-11-23,25.8,89,1.6,2.9,187,968.5
57,2021-11-24,24.5,93,1.7,3.4,34,970.1
57,2021-11-25,23.8,88,0.0,4.4,36,970.7
57,2021-11-26,24.2,86,1.7,5.1,33,970.7
57,2021-11-27,23.6,84,0.0,5.7,29,972.0
57,2021-11-28,23.4,81,0.0,5.1,2,971.9
57,2021-11-29,22.8,82,0.0,4.9,358,970.9
57,2021-11-30,22.2,79,0.0,6.8,19,971.4
57,2021-12-01,21.2,77,0.0,7.4,23,972.3
57,2021-12-02,20.5,76,0.0,6.0,20,972.8
57,2021-12-03,20.0,75,0.0,5.3,11,973.7
57,2021-12-04,18.7,74,0.0,4.9,0,973.5
57,2021-12-05,18.5,73,0.0,5.4,354,973.3
57,2021-12-06,19.2,73,0.0,5.1,4,972.4
57,2021-12-07,19.8,73,0.0,3.9,4,972.1
57,2021-12-08,19.9,75,0.0,3.7,1,972.6
57,2021-12-09,20.8,74,0.0,4.0,344,973.6
57,2021-12-10,21.8,77,0.0,3.3,283,971.9
57,2021-12-11,22.6,80,0.0,3.2,208,971.5
57,2021-12-12,22.6,85,0.0,3.6,13,972.2
57,2021-12-13,22.3,83,0.0,3.7,45,972.0
57,2021-12-14,21.6,81,0.0,3.5,12,970.3
57,2021-12-15,21.5,82,0.0,2.8,290,968.9
57,2021-12-16,21.1,78,0.0,3.6,340,969.2
57,2021-12-17,20.2,76,0.0,5.1,353,970.5
57,2021-12-18,20.9,76,0.0,5.9,11,971.3
57,2021-12-19,20.5,71,0.0,6.6,35,972.3
57,2021-12-20,18.7,74,0.0,4.4,19,971.2
57,2021-12-21,18.7,79,0.0,3.6,3,970.1
57,2021-12-22,19.7,77,0.0,3.3,62,969.3
57,2021-12-23,20.8,77,0.0,4.5,201,968.0
57,2021-12-24,21.2,79,0.1,3.7,253,968.3
57,2021-12-25,21.6,82,2.1,3.7,273,969.6
57,2021-12-26,21.5,87,1.7,3.4,352,971.8
57,2021-12-27,22.0,89,1.9,3.2,290,972.9
57,2021-12-28,22.4,85,0.0,4.1,315,972.5
57,2021-12-29,22.4,81,0.0,3.9,11,973.0
57,2021-12-30,23.1,81,0.2,4.3,4,974.1
57,2021-12-31,23.1,85,0.0,3.8,47,973.6
57,2022-01-01,23.1,81,0.0,3.7,96,973.1
57,2022-01-02,23.2,76,0.0,3.9,151,972.6
57,2022-01-03,21.9,76,0.0,3.1,142,971.1
57,2022-01-04,21.9,77,0.0,2.8,244,970.4
57,2022-01-05,21.5,79,0.0,3.1,296,969.6
57,2022-01-06,21.5,77,0.0,3.5,297,969.6
57,2022-01-07,21.8,75,0.0,3.8,229,970.5
57,2022-01-08,22.3,79,0.0,3.6,245,969.9
57,2022-01-09,22.2,76,0.0,3.8,248,968.3
57,2022-01-10,22.3,74,0.0,3.8,261,968.4
57,2022-01-11,22.1,74,0.0,3.6,230,969.3
57,2022-01-12,22.9,76,0.0,4.6,223,969.8
57,2022-01-13,23.7,81,0.4,4.0,217,969.9
57,2022-01-14,23.9,79,1.0,3.9,212,969.7
57,2022-01-15,22.9,85,3.8,3.6,305,969.5
57,2022-01-16,21.2,92,4.5,3.6,315,970.4
57,2022-01-17,21.7,89,2.2,3.8,353,971.6
57,2022-01-18,21.2,87,6.5,4.2,10,971.3
57,2022-01-19,20.7,93,13.4,3.3,13,969.7
57,2022-01-20,20.5,92,17.4,1.8,267,967.8
57,2022-01-21,21.3,90,15.0,2.8,202,966.7
57,2022-01-22,22.1,83,1.2,2.9,250,965.5
57,2022-01-23,20.7,79,0.1,2.8,255,966.0
57,2022-01-24,20.2,77,0.0,4.0,243,966.8
57,2022-01-25,20.8,78,0.0,4.4,224,967.0
57,2022-01-26,21.2,77,0.0,4.4,222,966.9
57,2022-01-27,21.6,75,0.0,4.8,227,966.9
57,2022-01-28,21.5,73,0.0,5.4,251,966.3
57,2022-01-29,21.6,70,0.0,6.1,259,965.1
57,2022-01-30,20.8,71,0.0,6.5,224,963.5
57,2022-01-31,20.5,70,0.0,6.4,222,964.2
57,2022-02-01,20.4,65,0.0,6.8,220,964.7
57,2022-02-02,21.4,60,0.0,6.7,235,966.4
57,2022-02-03,20.7,61,0.0,5.0,292,967.6
57,2022-02-04,21.3,71,0.0,5.1,140,968.1
57,2022-02-05,21.3,90,6.0,5.2,168,969.6
57,2022-02-06,22.7,85,2.3,7.0,190,968.4
57,2022-02-07,22.4,76,0.1,5.2,228,967.3
57,2022-02-08,21.8,68,0.0,4.9,238,966.7
57,2022-02-09,21.4,67,0.0,5.3,236,967.1
57,2022-02-10,21.7,64,0.0,4.7,270,966.7
57,2022-02-11,21.8,67,0.0,4.3,274,966.0
57,2022-02-12,23.2,67,0.0,5.3,239,964.0
57,2022-02-13,22.4,54,0.0,5.5,295,964.3
57,2022-02-14,22.0,59,0.0,4.9,326,965.7
57,2022-02-15,23.7,70,1.1,4.8,175,966.0
57,2022-02-16,25.3,73,0.1,4.9,196,964.3
57,2022-02-17,25.8,76,0.5,5.4,180,963.5
57,2022-02-18,26.3,82,10.4,5.0,192,964.3
57,2022-02-19,25.2,88,6.7,4.3,216,965.0
57,2022-02-20,24.4,82,6.5,5.1,147,962.9
57,2022-02-21,22.9,77,1.4,6.9,97,967.2
57,2022-02-22,23.7,77,2.3,6.4,149,969.2
57,2022-02-23,22.7,78,0.6,6.7,44,972.4
57,2022-02-24,22.0,74,0.0,5.5,44,973.8
57,2022-02-25,23.1,71,0.0,4.2,60,972.5
57,2022-02-26,23.9,69,0.0,3.4,110,971.6
57,2022-02-27,24.7,66,0.0,4.7,179,969.5
57,2022-02-28,25.2,64,0.0,4.8,201,968.6
57,2022-03-01,25.3,65,0.0,3.9,29,968.3
57,2022-03-02,26.0,65,0.0,4.4,206,967.6
57,2022-03-03,27.2,66,0.0,4.5,195,967.1
57,2022-03-04,27.3,64,0.0,3.9,249,965.8
57,2022-03-05,28.0,60,0.0,3.7,246,964.2
57,2022-03-06,28.5,60,0.0,4.2,206,964.5
57,2022-03-07,27.9,68,16.9,4.3,148,967.7
57,2022-03-08,26.1,79,4.5,4.9,175,968.5
57,2022-03-09,27.5,76,0.0,3.7,208,966.0
57,2022-03-10,28.8,72,0.1,4.7,189,964.7
57,2022-03-11,29.4,68,0.0,4.2,189,963.6
57,2022-03-12,29.7,68,0.0,5.1,189,963.3
57,2022-03-13,30.1,70,0.1,4.0,208,963.6
57,2022-03-14,29.6,71,0.2,4.5,206,963.9
57,2022-03-15,28.9,73,7.8,4.4,187,962.7
57,2022-03-16,27.9,76,3.0,5.7,189,963.2
57,2022-03-17,27.9,77,0.9,4.6,208,963.5
57,2022-03-18,27.3,73,0.7,5.5,190,964.0
57,2022-03-19,27.4,72,0.0,6.2,194,962.6
57,2022-03-20,28.4,70,0.0,7.4,188,962.6
57,2022-03-21,28.1,78,6.8,7.4,189,964.7
57,2022-03-22,27.6,83,16.9,5.5,202,965.8
57,2022-03-23,26.6,87,10.8,4.0,161,965.6
57,2022-03-24,28.5,75,0.6,6.6,212,963.8
57,2022-03-25,28.8,65,0.0,5.6,218,964.0
57,2022-03-26,28.4,63,0.0,5.3,192,965.5
57,2022-03-27,27.7,65,0.0,4.2,246,965.7
57,2022-03-28,27.3,67,0.0,5.7,193,965.6
57,2022-03-29,26.5,83,3.1,6.7,164,965.9
57,2022-03-30,26.6,84,0.8,5.2,159,966.4
57,2022-03-31,27.8,80,1.3,3.5,130,967.0
57,2022-04-01,27.5,79,4.2,5.0,87,967.8
57,2022-04-02,20.5,89,19.1,11.7,38,973.8
57,2022-04-03,22.3,70,0.0,7.5,39,973.3
57,2022-04-04,25.0,72,0.0,3.9,122,971.7
57,2022-04-05,26.4,73,0.0,2.8,148,970.8
57,2022-04-06,25.9,81,0.1,3.8,17,970.1
57,2022-04-07,25.6,80,0.5,4.9,21,970.4
57,2022-04-08,26.2,75,0.1,4.0,88,968.7
57,2022-04-09,26.7,79,0.9,3.2,218,965.9
57,2022-04-10,27.0,79,0.3,4.6,202,964.8
57,2022-04-11,28.0,72,0.0,5.0,204,963.6
57,2022-04-12,28.6,67,0.0,5.1,231,962.2
57,2022-04-13,28.8,66,0.0,4.7,205,961.6
57,2022-04-14,29.2,67,0.0,5.3,210,961.3
57,2022-04-15,29.8,68,0.0,5.9,209,961.6
57,2022-04-16,29.4,71,0.2,5.2,239,962.3
57,2022-04-17,29.3,71,0.3,4.6,215,964.0
57,2022-04-18,26.5,84,16.9,4.2,129,967.4
57,2022-04-19,26.2,85,4.8,3.2,163,969.0
57,2022-04-20,25.7,86,19.4,3.4,184,967.3
57,2022-04-21,25.3,88,19.9,2.9,167,965.9
57,2022-04-22,27.3,81,0.1,3.8,196,965.3
57,2022-04-23,29.1,75,0.3,4.8,202,964.3
57,2022-04-24,29.4,77,0.1,3.7,225,963.0
57,2022-04-25,30.0,76,0.1,4.1,213,962.5
57,2022-04-26,30.2,71,0.0,4.5,227,962.4
57,2022-04-27,30.3,70,0.0,4.7,241,963.0
57,2022-04-28,29.5,76,1.0,4.3,232,963.2
57,2022-04-29,28.8,76,1.0,4.8,208,964.7
57,2022-04-30,27.1,87,8.3,4.4,217,964.1
57,2022-05-01,27.4,82,2.4,2.9,246,963.6
57,2022-05-02,25.3,79,3.2,8.3,63,966.7
57,2022-05-03,26.1,68,0.0,6.8,41,969.1
57,2022-05-04,26.9,71,0.0,4.3,82,967.7
57,2022-05-05,27.1,77,0.2,4.1,296,965.6
57,2022-05-06,26.3,84,2.5,4.6,21,965.7
57,2022-05-07,27.1,85,5.9,3.6,165,965.6
57,2022-05-08,26.6,89,13.1,3.6,176,965.7
57,2022-05-09,27.4,88,16.0,3.0,206,965.3
57,2022-05-10,27.7,91,12.5,3.2,221,964.7
57,2022-05-11,27.8,89,17.3,4.1,206,963.7
57,2022-05-12,28.4,88,25.3,4.0,225,962.5
57,2022-05-13,28.8,85,5.2,4.9,205,961.5
57,2022-05-14,30.0,78,1.0,5.9,203,962.6
57,2022-05-15,30.2,79,12.1,5.0,197,963.5
57,2022-05-16,29.0,84,26.3,3.9,162,963.7
57,2022-05-17,26.0,89,86.3,6.1,37,965.9
57,2022-05-18,27.3,84,3.2,4.8,144,966.3
57,2022-05-19,28.1,85,5.1,4.0,197,965.5
57,2022-05-20,26.6,91,17.2,2.6,109,963.0
57,2022-05-21,25.4,95,21.2,5.2,37,958.2
57,2022-05-22,28.1,82,5.1,5.2,253,956.3
57,2022-05-23,29.3,78,1.7,5.0,193,958.1
57,2022-05-24,28.8,80,5.6,6.0,172,962.1
57,2022-05-25,29.2,78,4.2,5.4,187,963.3
57,2022-05-26,29.9,71,0.1,5.9,236,960.8
57,2022-05-27,30.4,69,0.1,7.3,245,958.9
57,2022-05-28,30.2,73,0.2,5.7,218,958.4
57,2022-05-29,29.8,75,3.2,5.1,197,959.4
57,2022-05-30,29.1,82,12.7,3.6,179,960.3
57,2022-05-31,28.0,87,10.3,3.7,156,960.9
57,2022-06-01,28.1,88,16.9,4.0,178,962.1
57,2022-06-02,29.3,81,1.0,5.3,225,962.0
57,2022-06-03,29.7,77,1.4,5.7,211,961.9
57,2022-06-04,29.7,77,1.3,7.3,213,962.2
57,2022-06-05,29.2,77,1.7,6.4,202,962.1
57,2022-06-06,29.4,80,4.9,4.7,205,961.2
57,2022-06-07,29.4,77,1.3,5.4,194,961.6
57,2022-06-08,29.0,78,5.0,6.3,191,962.1
57,2022-06-09,28.9,77,2.5,7.5,196,962.3
57,2022-06-10,29.0,77,0.6,7.4,212,961.9
57,2022-06-11,29.4,76,5.4,7.0,213,962.6
57,2022-06-12,29.4,76,0.2,7.5,206,963.3
57,2022-06-13,29.6,72,1.3,6.4,229,962.9
57,2022-06-14,28.9,81,8.1,4.2,206,963.0
57,2022-06-15,27.1,90,23.8,3.9,144,964.5
57,2022-06-16,27.1,90,18.3,4.6,181,965.0
57,2022-06-17,27.3,86,3.2,5.2,217,964.5
57,2022-06-18,28.2,82,1.6,6.9,229,963.6
57,2022-06-19,28.9,78,0.7,6.6,227,962.5
57,2022-06-20,29.4,75,0.9,6.6,244,960.1
57,2022-06-21,30.0,73,0.7,6.7,229,959.6
57,2022-06-22,29.9,75,1.0,5.4,218,962.3
57,2022-06-23,29.3,80,8.6,3.1,195,963.8
57,2022-06-24,27.4,89,11.4,2.5,213,963.8
57,2022-06-25,28.2,85,8.5,3.8,192,962.2
57,2022-06-26,28.8,82,11.6,5.5,173,963.7
57,2022-06-27,28.9,81,8.8,5.8,198,964.0
57,2022-06-28,29.8,76,0.8,5.0,225,962.2
57,2022-06-29,29.4,78,1.8,4.6,230,959.7
57,2022-06-30,27.7,89,7.0,3.9,221,959.1
57,2022-07-01,27.2,90,11.7,2.0,177,958.5
57,2022-07-02,27.1,92,55.8,2.4,272,958.3
57,2022-07-03,28.7,85,7.5,5.2,222,959.0
57,2022-07-04,29.6,83,8.5,3.9,198,959.1
57,2022-07-05,29.3,85,18.0,4.1,190,960.2
57,2022-07-06,28.3,90,14.7,2.4,262,962.4
57,2022-07-07,28.9,85,8.3,5.1,213,961.7
57,2022-07-08,28.5,82,7.3,3.2,163,961.4
57,2022-07-09,28.7,84,27.0,3.5,183,960.4
57,2022-07-10,28.3,85,9.5,3.2,176,961.3
57,2022-07-11,27.9,90,6.5,3.1,203,961.9
57,2022-07-12,29.9,79,0.3,3.8,152,960.6
57,2022-07-13,28.1,88,6.1,3.7,165,960.4
57,2022-07-14,28.5,86,0.9,3.4,164,960.2
57,2022-07-15,28.9,84,8.0,4.2,165,961.4
57,2022-07-16,29.6,81,1.7,4.5,182,962.4
57,2022-07-17,30.7,77,1.4,4.7,216,962.8
57,2022-07-18,30.8,77,0.5,5.8,238,961.5
57,2022-07-19,30.5,78,5.7,5.7,209,960.2
57,2022-07-20,27.6,91,21.2,2.8,151,961.7
57,2022-07-21,27.7,89,13.7,3.3,96,963.3
57,2022-07-22,27.3,89,14.2,4.1,133,964.9
57,2022-07-23,26.8,91,44.3,3.2,149,965.4
57,2022-07-24,27.7,86,6.1,3.1,192,965.2
57,2022-07-25,28.9,81,0.0,3.6,194,965.1
57,2022-07-26,30.0,76,0.0,4.6,217,964.6
57,2022-07-27,30.1,76,0.0,4.2,201,963.6
57,2022-07-28,30.5,76,0.1,3.5,209,963.7
57,2022-07-29,29.5,82,3.5,3.9,186,962.9
57,2022-07-30,28.5,86,11.2,3.8,204,962.2
57,2022-07-31,27.1,88,10.8,5.2,204,961.2
57,2022-08-01,28.6,86,7.9,4.0,187,960.7
57,2022-08-02,28.0,88,10.1,4.7,145,962.1
57,2022-08-03,28.6,83,8.1,4.3,178,964.1
57,2022-08-04,29.1,85,6.4,4.2,196,963.0
57,2022-08-05,28.6,82,4.5,3.9,209,961.7
57,2022-08-06,28.1,86,17.3,4.2,176,960.7
57,2022-08-07,27.9,88,21.3,3.7,167,960.8
57,2022-08-08,26.3,91,23.3,3.3,162,962.2
57,2022-08-09,27.6,87,8.5,3.4,186,961.7
57,2022-08-10,28.8,82,8.2,3.4,233,960.1
57,2022-08-11,27.7,89,8.6,5.2,238,958.8
57,2022-08-12,26.1,93,72.7,9.2,185,959.6
57,2022-08-13,27.0,90,22.4,4.0,165,964.0
57,2022-08-14,28.4,83,3.5,3.7,221,964.9
57,2022-08-15,28.2,86,9.6,4.8,239,962.6
57,2022-08-16,28.2,88,10.6,3.4,145,961.3
57,2022-08-17,28.4,82,3.0,5.3,145,961.9
57,2022-08-18,28.8,79,1.6,6.3,186,962.4
57,2022-08-19,29.4,81,1.2,4.5,221,962.4
57,2022-08-20,29.3,82,3.6,4.3,269,960.8
57,2022-08-21,27.5,88,20.2,3.6,232,959.4
57,2022-08-22,27.7,88,18.4,4.2,169,961.4
57,2022-08-23,29.1,81,1.8,3.3,187,964.0
57,2022-08-24,29.4,81,0.1,4.1,261,962.8
57,2022-08-25,27.6,91,6.8,2.8,199,960.4
57,2022-08-26,27.5,89,10.0,6.8,191,959.6
57,2022-08-27,26.9,90,12.2,7.0,175,964.1
57,2022-08-28,28.5,84,1.2,3.2,198,965.2
57,2022-08-29,29.4,82,0.2,3.2,210,965.7
57,2022-08-30,29.7,76,0.1,4.6,187,966.0
57,2022-08-31,29.1,81,5.8,3.6,219,964.4
57,2022-09-01,28.1,87,9.9,2.6,219,965.3
57,2022-09-02,29.4,81,0.9,3.3,212,965.1
57,2022-09-03,29.6,83,1.4,4.4,201,963.2
57,2022-09-04,29.0,84,11.7,3.2,190,963.4
57,2022-09-05,26.5,93,20.8,2.9,18,964.9
57,2022-09-06,27.9,85,1.2,4.3,14,965.3
57,2022-09-07,29.0,74,0.5,4.4,99,966.4
57,2022-09-08,27.5,80,6.5,4.4,15,966.8
57,2022-09-09,27.0,88,21.0,3.7,38,967.3
57,2022-09-10,26.4,90,15.1,2.9,34,967.3
57,2022-09-11,25.8,93,10.4,3.2,100,966.5
57,2022-09-12,25.7,94,90.7,3.4,245,965.6
57,2022-09-13,26.4,88,6.7,3.0,227,966.3
57,2022-09-14,27.5,86,10.1,3.3,199,966.1
57,2022-09-15,27.9,87,10.7,2.6,206,964.3
57,2022-09-16,28.2,87,12.9,3.0,212,962.0
57,2022-09-17,27.5,87,21.1,2.7,144,962.9
57,2022-09-18,27.4,87,10.8,3.4,139,964.3
57,2022-09-19,28.7,82,3.9,3.6,204,964.7
57,2022-09-20,27.7,87,10.6,3.6,250,964.0
57,2022-09-21,27.7,84,0.9,3.2,39,964.6
57,2022-09-22,28.2,82,9.2,2.7,48,964.4
57,2022-09-23,26.9,87,11.3,2.4,119,965.4
57,2022-09-24,26.9,87,6.8,3.0,30,965.2
57,2022-09-25,27.1,85,18.7,4.3,26,965.0
57,2022-09-26,26.6,88,13.2,3.6,96,965.5
57,2022-09-27,27.6,84,0.2,3.6,125,964.3
57,2022-09-28,28.4,78,0.0,4.5,8,961.8
57,2022-09-29,28.8,77,1.7,7.8,19,961.0
57,2022-09-30,28.3,79,2.8,5.8,41,962.1
57,2022-10-01,25.9,93,22.0,4.4,101,963.0
57,2022-10-02,26.2,91,20.1,2.4,155,965.0
57,2022-10-03,26.6,90,8.1,2.8,63,966.9
57,2022-10-04,27.3,84,1.7,4.0,87,968.6
57,2022-10-05,27.2,82,0.1,3.0,173,968.8
57,2022-10-06,26.9,86,1.7,2.9,175,968.6
57,2022-10-07,28.0,83,4.5,3.0,133,968.4
57,2022-10-08,28.0,80,0.9,3.3,191,968.8
57,2022-10-09,27.1,86,1.7,3.0,31,969.8
57,2022-10-10,26.1,84,12.1,5.5,39,971.5
57,2022-10-11,26.1,80,0.6,3.8,55,970.7
57,2022-10-12,26.9,84,0.8,2.8,180,969.2
57,2022-10-13,27.3,86,2.1,2.5,168,968.0
57,2022-10-14,26.8,86,6.9,5.4,13,967.0
57,2022-10-15,26.6,74,0.0,5.9,36,966.8
57,2022-10-16,25.5,75,0.0,4.5,53,968.9
57,2022-10-17,26.3,75,0.2,5.9,20,969.3
57,2022-10-18,25.4,71,0.0,6.5,31,968.9
57,2022-10-19,24.3,68,0.0,5.9,20,968.5
57,2022-10-20,24.3,71,0.0,4.8,9,968.7
57,2022-10-21,26.3,76,0.1,5.7,47,970.6
57,2022-10-22,26.7,78,0.1,5.3,28,971.2
57,2022-10-23,26.9,80,0.0,3.7,135,970.5
57,2022-10-24,26.3,83,0.0,3.8,120,968.8
57,2022-10-25,27.2,76,0.0,3.1,132,969.1
57,2022-10-26,26.9,80,0.0,3.4,138,968.8
57,2022-10-27,26.8,83,0.8,3.2,153,968.3
57,2022-10-28,26.9,84,0.9,2.6,46,968.0
57,2022-10-29,27.0,81,0.6,3.4,90,968.6
57,2022-10-30,25.9,80,0.0,3.8,28,968.3
57,2022-10-31,25.8,75,0.0,4.6,23,968.5
57,2022-11-01,25.5,72,0.0,5.4,20,969.0
57,2022-11-02,24.0,77,0.0,3.8,204,967.1
57,2022-11-03,24.1,78,0.0,3.4,161,967.1
57,2022-11-04,24.3,74,0.0,3.6,101,969.8
57,2022-11-05,23.7,72,0.0,3.3,76,971.7
57,2022-11-06,23.3,75,0.0,3.5,210,971.2
57,2022-11-07,23.1,78,0.0,3.5,223,970.2
57,2022-11-08,23.1,77,0.0,3.5,232,970.0
57,2022-11-09,23.5,76,0.0,3.2,285,970.3
57,2022-11-10,23.4,76,0.0,3.8,327,970.2
57,2022-11-11,23.0,75,0.0,3.6,308,969.9
57,2022-11-12,22.9,74,0.0,3.5,315,969.0
57,2022-11-13,23.6,74,0.0,3.7,335,968.5
57,2022-11-14,25.7,74,0.0,4.0,274,968.8
57,2022-11-15,26.4,81,5.9,3.1,285,968.0
57,2022-11-16,25.6,89,3.3,2.3,265,967.3
57,2022-11-17,25.5,90,3.7,3.2,294,966.8
57,2022-11-18,26.0,89,4.3,2.4,285,968.1
57,2022-11-19,26.1,89,6.2,3.5,337,968.4
57,2022-11-20,26.0,86,0.2,3.1,305,966.8
57,2022-11-21,26.3,84,0.0,3.1,295,965.6
57,2022-11-22,25.7,83,0.0,4.2,320,965.6
57,2022-11-23,24.6,79,0.0,4.1,337,966.4
57,2022-11-24,24.7,80,0.0,4.3,324,967.2
57,2022-11-25,26.5,83,4.2,3.5,126,968.4
57,2022-11-26,26.0,89,8.8,2.8,313,967.7
57,2022-11-27,26.3,88,2.6,3.3,247,966.0
57,2022-11-28,26.2,88,1.0,3.1,243,966.6
57,2022-11-29,26.3,84,0.1,3.7,270,967.5
57,2022-11-30,26.3,81,0.0,3.5,303,968.0
57,2022-12-01,25.7,86,8.0,4.2,210,968.1
57,2022-12-02,25.3,92,12.2,2.5,328,968.5
57,2022-12-03,25.0,88,5.1,3.2,326,968.6
57,2022-12-04,24.6,86,0.0,3.1,18,968.9
57,2022-12-05,24.5,85,0.1,3.1,334,969.4
57,2022-12-06,24.6,87,0.3,3.5,205,968.2
57,2022-12-07,24.9,88,1.2,4.3,209,968.0
57,2022-12-08,24.7,90,0.6,3.0,235,968.4
57,2022-12-09,24.5,89,0.8,2.4,268,967.5
57,2022-12-10,24.1,83,0.0,3.2,290,966.8
57,2022-12-11,23.5,78,0.0,3.8,252,967.1
57,2022-12-12,23.9,87,1.4,4.2,144,967.7
57,2022-12-13,23.0,89,1.9,4.1,91,969.3
57,2022-12-14,23.7,81,0.0,2.7,105,970.6
57,2022-12-15,22.3,84,0.0,2.9,175,968.5
57,2022-12-16,21.5,85,0.0,2.9,84,967.7
57,2022-12-17,21.9,80,0.0,8.0,44,971.0
57,2022-12-18,20.0,64,0.0,12.1,44,974.0
57,2022-12-19,18.4,72,0.0,4.3,32,971.1
57,2022-12-20,19.0,80,0.0,2.5,60,968.3
57,2022-12-21,21.4,81,0.0,3.1,144,967.9
57,2022-12-22,22.7,81,0.0,3.6,200,966.8
57,2022-12-23,23.3,80,0.1,3.7,191,966.9
57,2022-12-24,23.6,79,0.4,6.1,170,969.2
57,2022-12-25,22.7,77,0.1,6.6,170,970.8
57,2022-12-26,21.9,82,0.0,4.0,199,971.7
57,2022-12-27,22.2,79,0.0,5.7,201,970.6
57,2022-12-28,21.9,80,0.8,4.4,195,970.9
57,2022-12-29,21.6,82,0.6,3.5,179,972.0
57,2022-12-30,21.2,90,1.5,4.3,63,973.3
57,2022-12-31,21.4,83,0.1,4.1,71,973.1
57,2023-01-01,21.5,75,0.0,3.8,106,973.1
57,2023-01-02,20.1,74,0.0,5.2,15,974.0
57,2023-01-03,19.8,77,0.0,4.8,5,973.7
57,2023-01-04,21.8,76,0.0,4.5,13,973.1
57,2023-01-05,21.6,76,0.0,4.6,3,972.9
57,2023-01-06,20.7,72,0.0,8.9,32,974.5
57,2023-01-07,19.1,69,0.0,6.1,13,973.0
57,2023-01-08,18.4,74,0.0,4.6,359,971.4
57,2023-01-09,19.7,72,0.0,4.3,344,971.4
57,2023-01-10,21.3,71,0.0,4.6,353,969.7
57,2023-01-11,22.1,74,0.1,3.5,261,967.5
57,2023-01-12,22.9,74,0.0,4.2,232,966.2
57,2023-01-13,21.5,69,0.0,5.4,246,966.4
57,2023-01-14,20.4,69,0.0,5.3,264,965.0
57,2023-01-15,19.6,68,0.0,4.6,284,965.5
57,2023-01-16,19.6,65,0.0,4.3,225,967.3
57,2023-01-17,20.8,70,0.0,5.3,191,968.7
57,2023-01-18,22.6,76,0.4,5.9,199,970.7
57,2023-01-19,22.2,76,0.0,4.8,191,970.3
57,2023-01-20,22.2,73,0.0,4.0,191,970.1
57,2023-01-21,21.8,73,0.0,4.6,214,968.8
57,2023-01-22,21.4,74,0.0,3.4,238,967.6
57,2023-01-23,21.4,70,0.0,3.3,271,966.9
57,2023-01-24,21.7,67,0.0,6.0,43,969.6
57,2023-01-25,22.0,65,0.0,4.9,62,969.9
57,2023-01-26,21.8,74,0.0,4.3,214,967.5
57,2023-01-27,22.4,74,0.0,4.7,89,968.6
57,2023-01-28,21.7,70,0.0,6.0,43,970.6
57,2023-01-29,21.2,67,0.0,7.8,41,972.1
57,2023-01-30,20.3,67,0.0,5.4,31,972.2
57,2023-01-31,20.7,73,0.0,4.3,218,967.5
57,2023-02-01,22.5,76,0.0,4.2,212,966.0
57,2023-02-02,23.5,75,0.0,4.0,184,966.8
57,2023-02-03,24.7,71,0.0,4.7,184,966.9
57,2023-02-04,26.2,66,0.0,6.5,194,965.6
57,2023-02-05,26.7,68,0.0,6.3,197,964.9
57,2023-02-06,26.0,60,0.0,5.5,226,964.7
57,2023-02-07,24.1,53,0.0,6.4,236,964.5
57,2023-02-08,22.8,55,0.0,4.9,270,965.4
57,2023-02-09,21.6,61,0.0,4.3,271,965.8
57,2023-02-10,22.4,59,0.0,4.7,257,965.8
57,2023-02-11,22.4,58,0.0,5.7,253,965.4
57,2023-02-12,22.4,61,0.0,5.1,257,965.6
57,2023-02-13,22.4,66,0.0,4.8,239,965.6
57,2023-02-14,22.5,66,0.0,4.5,230,966.3
57,2023-02-15,23.7,67,0.4,6.9,173,967.5
57,2023-02-16,24.7,79,4.7,4.5,184,970.9
57,2023-02-17,21.3,84,5.4,3.4,296,972.2
57,2023-02-18,22.0,82,0.0,2.9,281,969.8
57,2023-02-19,23.5,71,0.0,3.2,352,969.0
57,2023-02-20,23.8,71,0.6,4.5,195,968.5
57,2023-02-21,24.7,76,0.6,5.8,192,969.2
57,2023-02-22,25.2,71,0.0,4.4,184,969.2
57,2023-02-23,25.1,71,0.0,4.7,208,968.1
57,2023-02-24,24.6,69,0.0,3.6,159,968.3
57,2023-02-25,24.5,69,0.2,5.3,83,972.2
57,2023-02-26,23.6,65,0.0,7.6,50,976.0
57,2023-02-27,22.2,72,0.0,3.5,112,974.7
57,2023-02-28,22.7,68,0.0,3.0,168,973.0
57,2023-03-01,23.6,69,0.0,4.0,198,971.7
57,2023-03-02,24.7,65,0.0,4.8,191,971.0
57,2023-03-03,25.5,63,0.0,6.6,174,971.7
57,2023-03-04,25.2,65,0.0,6.2,161,973.0
57,2023-03-05,25.3,64,0.0,4.4,133,972.7
57,2023-03-06,25.4,67,0.0,5.6,186,970.6
57,2023-03-07,26.2,65,0.0,5.9,191,969.6
57,2023-03-08,26.5,64,0.0,4.2,198,969.5
57,2023-03-09,26.6,65,0.0,4.7,171,968.4
57,2023-03-10,27.7,64,0.0,4.9,188,967.5
57,2023-03-11,27.0,68,0.0,4.5,195,967.6
57,2023-03-12,26.3,72,1.6,4.2,174,967.8
57,2023-03-13,23.5,82,6.6,7.2,159,970.7
57,2023-03-14,24.7,76,0.6,3.7,159,968.3
57,2023-03-15,25.2,74,0.8,4.1,215,966.5
57,2023-03-16,24.8,76,4.8,4.1,249,968.4
57,2023-03-17,25.2,81,4.7,3.2,274,968.2
57,2023-03-18,26.6,72,0.1,3.2,235,966.3
57,2023-03-19,27.2,67,0.0,4.2,230,965.2
57,2023-03-20,27.0,70,2.0,5.5,268,964.8
57,2023-03-21,27.2,70,0.1,5.8,266,964.2
57,2023-03-22,28.1,61,0.0,7.0,258,962.3
57,2023-03-23,28.5,53,0.0,6.6,261,962.0
57,2023-03-24,28.0,54,0.0,5.7,260,963.3
57,2023-03-25,27.6,60,0.0,5.7,265,963.7
57,2023-03-26,28.4,55,0.0,5.4,280,963.0
57,2023-03-27,27.5,58,0.0,5.3,216,963.1
57,2023-03-28,28.5,53,0.0,7.9,209,964.0
57,2023-03-29,29.0,51,0.0,5.5,264,965.1
57,2023-03-30,28.5,55,0.0,4.6,292,963.9
57,2023-03-31,28.6,58,0.0,4.0,244,963.4
57,2023-04-01,29.1,57,0.0,6.1,215,962.8
57,2023-04-02,30.3,50,0.0,7.9,230,962.1
57,2023-04-03,29.9,48,0.0,7.6,243,962.0
57,2023-04-04,29.3,49,0.0,6.3,277,962.2
57,2023-04-05,28.6,50,0.0,5.4,269,962.9
57,2023-04-06,27.9,55,0.0,4.9,208,963.9
57,2023-04-07,29.0,56,0.0,5.4,214,964.7
57,2023-04-08,30.4,56,0.0,5.5,191,966.7
57,2023-04-09,32.0,51,0.0,7.1,190,966.4
57,2023-04-10,31.5,53,0.0,4.9,199,964.7
57,2023-04-11,31.2,52,0.0,3.5,256,963.7
57,2023-04-12,30.9,54,0.0,4.2,268,963.2
57,2023-04-13,31.1,56,0.0,4.9,231,962.4
57,2023-04-14,31.5,52,0.0,5.2,242,962.4
57,2023-04-15,31.0,52,0.0,3.9,216,962.6
57,2023-04-16,31.7,50,0.0,5.6,207,962.0
57,2023-04-17,32.5,52,0.0,6.5,189,962.8
57,2023-04-18,33.1,50,0.0,5.0,245,963.0
57,2023-04-19,33.2,48,0.0,5.6,265,960.3
57,2023-04-20,32.5,49,0.8,5.9,259,958.9
57,2023-04-21,31.1,55,0.6,5.4,225,960.1
57,2023-04-22,29.7,62,2.0,5.2,217,961.6
57,2023-04-23,30.5,59,1.3,5.9,197,963.3
57,2023-04-24,30.3,61,1.4,5.4,179,966.2
57,2023-04-25,30.8,60,0.0,4.2,217,964.4
57,2023-04-26,29.4,65,4.5,7.2,177,964.6
57,2023-04-27,29.6,72,2.0,4.9,157,965.8
57,2023-04-28,31.5,63,1.8,5.8,178,964.3
57,2023-04-29,31.8,56,0.0,5.0,165,963.1
57,2023-04-30,28.9,70,5.2,7.4,130,964.7
57,2023-05-01,27.4,80,15.4,3.7,97,966.6
57,2023-05-02,27.9,82,4.7,3.9,199,965.9
57,2023-05-03,28.8,80,2.7,3.7,192,966.8
57,2023-05-04,30.5,67,0.0,5.8,260,963.7
57,2023-05-05,32.1,60,0.0,6.3,272,960.4
57,2023-05-06,33.0,61,2.1,5.8,274,959.2
57,2023-05-07,33.0,62,0.6,5.5,266,959.1
57,2023-05-08,31.4,64,1.9,5.4,231,961.1
57,2023-05-09,29.0,75,5.5,5.4,180,964.2
57,2023-05-10,28.9,77,8.2,5.9,182,964.7
57,2023-05-11,28.9,79,8.1,3.2,193,965.9
57,2023-05-12,27.7,85,14.5,3.9,189,966.5
57,2023-05-13,26.8,88,17.3,3.6,103,966.3
57,2023-05-14,26.8,86,27.2,5.8,143,964.9
57,2023-05-15,26.3,87,18.8,7.4,187,964.5
57,2023-05-16,28.3,77,1.0,6.2,217,965.2
57,2023-05-17,29.9,68,0.2,5.6,253,965.2
57,2023-05-18,30.7,63,0.0,8.2,272,964.6
57,2023-05-19,30.8,65,0.0,6.7,254,962.9
57,2023-05-20,31.2,62,0.0,5.7,266,962.3
57,2023-05-21,31.3,61,0.0,5.4,234,963.1
57,2023-05-22,31.2,60,0.0,5.8,213,963.4
57,2023-05-23,31.8,59,0.0,6.2,216,963.2
57,2023-05-24,31.4,66,3.1,5.6,192,962.8
57,2023-05-25,30.4,70,1.1,5.3,190,963.5
57,2023-05-26,31.0,67,0.1,4.5,227,963.6
57,2023-05-27,31.1,65,1.0,3.6,228,962.5
57,2023-05-28,31.2,67,1.0,4.6,176,962.1
57,2023-05-29,30.2,71,0.2,5.4,185,964.0
57,2023-05-30,31.5,67,0.0,5.0,202,963.0
57,2023-05-31,31.2,70,2.9,6.2,217,961.2
57,2023-06-01,30.8,76,5.3,5.8,249,960.3
57,2023-06-02,30.2,76,6.5,4.9,235,961.0
57,2023-06-03,29.6,79,5.4,4.8,247,962.7
57,2023-06-04,30.4,73,0.7,5.5,227,962.1
57,2023-06-05,29.6,78,14.5,4.6,196,961.2
57,2023-06-06,27.0,93,29.7,3.1,137,961.8
57,2023-06-07,26.8,92,11.5,2.9,148,962.2
57,2023-06-08,28.5,86,10.7,4.0,164,962.4
57,2023-06-09,28.8,85,20.5,3.5,170,961.6
57,2023-06-10,28.6,85,15.0,3.8,153,960.8
57,2023-06-11,29.3,81,2.2,4.5,172,960.0
57,2023-06-12,29.4,81,3.7,4.2,183,960.1
57,2023-06-13,29.1,78,1.7,7.0,182,960.5
57,2023-06-14,28.4,82,6.9,6.6,194,962.0
57,2023-06-15,28.4,82,2.9,5.7,213,962.4
57,2023-06-16,30.0,77,0.0,5.5,202,961.6
57,2023-06-17,30.3,75,0.5,5.8,207,962.0
57,2023-06-18,30.5,74,1.6,5.7,207,961.8
57,2023-06-19,29.6,77,1.6,5.0,202,962.1
57,2023-06-20,29.7,76,0.7,5.3,190,962.6
57,2023-06-21,28.2,84,4.8,5.8,218,963.4
57,2023-06-22,28.8,81,3.5,5.2,215,963.9
57,2023-06-23,30.0,74,0.9,7.3,239,962.7
57,2023-06-24,29.0,79,4.4,7.5,232,961.6
57,2023-06-25,27.9,87,25.5,4.5,208,962.4
57,2023-06-26,29.3,82,6.8,3.8,201,962.3
57,2023-06-27,29.5,81,6.3,3.2,189,962.8
57,2023-06-28,28.5,88,10.0,4.2,171,964.3
57,2023-06-29,29.6,82,5.1,4.0,206,963.1
57,2023-06-30,29.1,85,5.7,5.5,203,961.8
57,2023-07-01,29.0,86,5.3,5.9,191,961.7
57,2023-07-02,29.1,87,18.7,6.3,183,962.3
57,2023-07-03,28.3,90,17.1,5.7,180,962.9
57,2023-07-04,28.9,83,14.9,6.1,186,963.0
57,2023-07-05,29.3,79,6.1,5.5,192,963.7
57,2023-07-06,29.9,78,1.4,5.0,209,964.4
57,2023-07-07,30.8,75,4.7,4.1,232,964.3
57,2023-07-08,29.8,83,5.8,3.9,205,964.3
57,2023-07-09,28.1,88,12.8,4.1,200,964.4
57,2023-07-10,28.3,86,8.8,4.4,195,964.5
57,2023-07-11,28.4,84,11.9,6.1,196,964.2
57,2023-07-12,28.0,86,3.5,6.3,212,964.4
57,2023-07-13,28.6,86,7.9,4.9,234,964.0
57,2023-07-14,29.6,77,2.9,6.2,241,962.9
57,2023-07-15,29.0,81,6.9,4.2,268,961.8
57,2023-07-16,28.6,87,5.3,3.5,246,960.6
57,2023-07-17,30.1,77,2.8,3.1,245,958.8
57,2023-07-18,30.4,79,3.4,3.6,245,958.5
57,2023-07-19,28.6,87,5.7,3.7,198,958.9
57,2023-07-20,28.0,88,15.7,3.9,138,961.6
57,2023-07-21,28.7,86,3.5,2.7,51,964.3
57,2023-07-22,30.7,76,0.9,3.5,132,965.4
57,2023-07-23,29.8,77,3.1,4.4,170,964.8
57,2023-07-24,30.0,75,1.3,4.1,163,963.2
57,2023-07-25,29.5,78,0.6,4.9,175,963.3
57,2023-07-26,29.9,78,0.3,5.5,237,963.0
57,2023-07-27,30.7,74,0.0,8.2,260,961.1
57,2023-07-28,30.2,77,2.4,8.3,250,958.8
57,2023-07-29,28.1,91,25.0,5.3,205,958.4
57,2023-07-30,27.9,91,78.3,4.6,182,959.0
57,2023-07-31,27.0,92,10.6,6.5,176,960.9
57,2023-08-01,27.2,93,37.4,5.4,179,961.8
57,2023-08-02,28.0,89,6.8,5.6,204,961.8
57,2023-08-03,28.7,87,27.2,4.6,212,961.0
57,2023-08-04,27.2,95,13.4,5.0,219,962.7
57,2023-08-05,26.7,96,11.0,6.4,201,963.4
57,2023-08-06,26.4,94,17.6,6.2,209,961.7
57,2023-08-07,26.4,93,24.7,7.1,208,960.1
57,2023-08-08,25.8,96,26.5,6.7,190,961.5
57,2023-08-09,26.9,90,6.5,5.5,193,963.4
57,2023-08-10,28.4,85,2.7,5.5,204,963.5
57,2023-08-11,29.6,77,0.1,6.5,228,961.9
57,2023-08-12,28.9,78,2.6,6.7,225,960.9
57,2023-08-13,29.4,82,2.5,4.8,230,961.1
57,2023-08-14,29.1,85,5.4,5.1,212,961.1
57,2023-08-15,28.0,90,25.6,3.7,203,962.1
57,2023-08-16,27.5,92,26.7,3.0,155,963.0
57,2023-08-17,28.6,85,5.8,4.0,172,963.7
57,2023-08-18,30.0,81,1.0,4.1,242,963.1
57,2023-08-19,30.4,78,0.4,4.8,260,962.8
57,2023-08-20,29.2,85,6.3,4.1,211,962.2
57,2023-08-21,28.1,88,16.7,2.6,164,963.1
57,2023-08-22,28.4,87,8.1,4.2,174,963.3
57,2023-08-23,28.4,89,10.4,4.0,206,962.2
57,2023-08-24,27.7,91,28.3,4.2,207,961.9
57,2023-08-25,28.5,86,15.9,3.8,204,962.5
57,2023-08-26,28.7,86,5.7,5.3,215,962.4
57,2023-08-27,29.0,81,1.4,6.5,221,961.4
57,2023-08-28,29.0,81,3.6,4.2,217,960.6
57,2023-08-29,28.3,89,6.0,2.4,79,961.4
57,2023-08-30,27.2,91,9.8,2.7,114,963.3
57,2023-08-31,28.6,85,3.8,2.7,206,963.7
57,2023-09-01,29.0,84,12.4,3.2,110,963.0
57,2023-09-02,29.0,83,7.0,2.6,266,962.0
57,2023-09-03,29.6,78,0.8,2.9,236,960.9
57,2023-09-04,29.0,82,5.7,2.5,108,960.2
57,2023-09-05,28.2,87,10.9,2.6,82,962.6
57,2023-09-06,27.4,90,11.3,2.7,188,964.7
57,2023-09-07,28.4,87,4.8,3.0,187,964.7
57,2023-09-08,29.0,86,7.9,3.2,209,964.0
57,2023-09-09,28.6,86,6.0,3.0,152,962.2
57,2023-09-10,27.6,91,11.5,3.4,147,961.8
57,2023-09-11,28.1,87,16.6,4.5,169,961.9
57,2023-09-12,28.0,89,14.3,4.9,196,962.6
57,2023-09-13,27.1,88,13.6,2.6,221,964.0
57,2023-09-14,27.8,88,8.3,2.2,244,963.9
57,2023-09-15,27.8,88,10.9,3.7,2,963.3
57,2023-09-16,27.8,88,17.9,3.4,40,963.9
57,2023-09-17,26.5,92,12.5,2.8,83,964.3
57,2023-09-18,26.7,91,14.5,3.1,125,965.7
57,2023-09-19,27.1,91,13.3,4.1,188,967.2
57,2023-09-20,28.1,87,2.1,3.8,239,966.9
57,2023-09-21,29.0,84,1.5,3.6,237,966.1
57,2023-09-22,29.2,84,2.1,3.3,216,965.8
57,2023-09-23,29.2,83,2.7,3.5,202,965.6
57,2023-09-24,28.9,84,6.8,3.2,217,964.6
57,2023-09-25,28.5,84,9.9,3.3,313,964.0
57,2023-09-26,29.0,81,1.3,4.8,21,963.6
57,2023-09-27,28.0,84,11.7,5.8,20,962.7
57,2023-09-28,26.9,90,36.4,5.0,61,964.3
57,2023-09-29,25.9,94,41.7,3.4,88,966.6
57,2023-09-30,26.2,91,10.2,3.2,150,967.1
57,2023-10-01,27.4,90,22.6,3.4,169,965.9
57,2023-10-02,28.4,85,10.3,2.8,199,966.1
57,2023-10-03,29.0,84,0.3,2.7,210,966.4
57,2023-10-04,29.5,83,3.0,2.4,230,966.2
57,2023-10-05,29.1,84,2.8,3.9,190,965.1
57,2023-10-06,28.8,83,0.7,4.5,171,964.9
57,2023-10-07,27.9,87,9.4,3.0,133,965.7
57,2023-10-08,27.3,91,18.9,2.2,68,966.9
57,2023-10-09,26.1,94,42.5,3.7,60,968.3
57,2023-10-10,26.1,93,17.4,3.3,20,969.3
57,2023-10-11,27.0,85,2.0,3.0,86,969.9
57,2023-10-12,26.8,87,0.4,2.9,123,970.6
57,2023-10-13,26.5,90,12.5,2.1,301,970.0
57,2023-10-14,26.9,88,15.5,2.7,209,968.0
57,2023-10-15,27.4,85,3.3,2.9,73,967.2
57,2023-10-16,26.3,89,4.8,3.5,31,968.7
57,2023-10-17,27.1,84,1.0,2.9,11,969.0
57,2023-10-18,27.4,85,1.0,2.8,228,968.5
57,2023-10-19,27.7,86,4.2,3.0,268,967.9
57,2023-10-20,27.0,86,6.7,3.9,346,969.1
57,2023-10-21,26.1,89,18.1,3.6,21,971.2
57,2023-10-22,26.7,88,1.2,2.6,127,971.2
57,2023-10-23,26.4,87,1.0,3.6,205,970.6
57,2023-10-24,27.1,83,0.1,3.0,21,969.8
57,2023-10-25,28.0,80,0.1,2.3,84,969.5
57,2023-10-26,28.0,82,0.5,2.7,265,968.9
57,2023-10-27,27.3,87,5.8,2.8,159,968.5
57,2023-10-28,26.1,90,22.3,2.5,218,968.6
57,2023-10-29,26.6,88,4.5,3.0,321,969.2
57,2023-10-30,25.9,90,19.0,3.3,14,970.4
57,2023-10-31,25.1,92,9.9,4.1,351,972.1
57,2023-11-01,25.8,85,1.1,3.2,15,971.6
57,2023-11-02,26.3,83,0.1,2.6,266,969.5
57,2023-11-03,26.9,85,0.7,3.0,263,967.3
57,2023-11-04,26.9,88,3.2,3.3,243,967.3
57,2023-11-05,27.0,88,4.7,2.8,261,968.7
57,2023-11-06,27.2,86,1.6,2.6,289,969.1
57,2023-11-07,27.1,88,5.0,3.4,267,969.1
57,2023-11-08,26.6,87,6.2,2.8,267,968.3
57,2023-11-09,26.9,89,1.1,2.3,258,968.6
57,2023-11-10,27.1,87,1.6,3.3,248,970.0
57,2023-11-11,27.2,85,0.7,2.7,322,970.4
57,2023-11-12,27.1,86,0.7,3.4,62,970.9
57,2023-11-13,26.9,85,2.7,3.2,36,971.7
57,2023-11-14,26.3,88,2.5,3.6,76,972.6
57,2023-11-15,26.6,85,0.3,3.0,175,972.5
57,2023-11-16,26.2,86,5.1,4.6,45,973.9
57,2023-11-17,22.6,70,0.2,10.9,38,976.8
57,2023-11-18,22.0,72,0.0,4.9,16,974.5
57,2023-11-19,22.5,72,0.0,6.6,20,973.6
57,2023-11-20,22.5,82,0.0,4.8,16,972.4
57,2023-11-21,22.7,84,0.0,2.9,90,969.9
57,2023-11-22,22.9,86,0.0,3.2,161,968.4
57,2023-11-23,23.7,89,0.4,3.0,24,969.1
57,2023-11-24,24.2,84,0.0,3.4,28,970.7
57,2023-11-25,23.9,84,0.0,3.5,6,971.1
57,2023-11-26,23.1,82,0.0,5.0,359,972.3
57,2023-11-27,23.2,79,0.0,5.3,358,971.9
57,2023-11-28,21.9,77,0.0,4.9,5,970.7
57,2023-11-29,21.6,78,0.0,3.8,353,970.7
57,2023-11-30,22.8,81,0.0,3.6,346,971.5
57,2023-12-01,24.7,79,0.4,4.4,4,971.2
57,2023-12-02,25.7,82,1.7,3.5,127,971.0
57,2023-12-03,25.8,85,1.4,3.6,119,971.0
57,2023-12-04,26.1,83,0.0,2.3,225,969.8
57,2023-12-05,26.0,84,0.0,3.5,238,968.5
57,2023-12-06,25.6,86,0.1,3.3,323,969.8
57,2023-12-07,24.6,85,1.0,5.4,50,970.4
57,2023-12-08,25.1,91,6.9,3.5,206,969.1
57,2023-12-09,25.9,88,0.3,3.9,247,967.7
57,2023-12-10,26.2,85,0.2,3.5,232,966.4
57,2023-12-11,26.0,83,0.0,3.3,250,967.8
57,2023-12-12,25.6,88,1.3,3.8,317,968.1
57,2023-12-13,25.5,87,0.5,4.9,195,969.4
57,2023-12-14,25.2,85,0.1,5.2,198,970.1
57,2023-12-15,24.6,84,0.0,3.0,236,969.5
57,2023-12-16,24.1,82,0.0,3.5,177,969.5
57,2023-12-17,23.7,83,0.2,4.1,215,970.6
57,2023-12-18,23.9,82,0.0,3.4,159,971.2
57,2023-12-19,23.4,80,0.0,3.5,181,971.1
57,2023-12-20,22.9,80,0.0,3.4,92,970.6
57,2023-12-21,22.8,83,1.5,5.3,50,971.6
57,2023-12-22,20.3,75,0.1,9.0,53,975.4
57,2023-12-23,19.5,69,0.0,7.5,32,977.2
57,2023-12-24,18.8,72,0.0,7.4,33,977.2
57,2023-12-25,19.6,70,0.0,5.2,43,975.9
57,2023-12-26,19.1,79,0.0,3.0,44,974.5
57,2023-12-27,20.3,82,0.0,3.4,32,974.6
57,2023-12-28,21.3,80,0.0,3.0,35,973.1
57,2023-12-29,22.0,78,0.0,3.4,349,971.8
57,2023-12-30,21.6,78,0.0,3.5,305,970.5
57,2023-12-31,21.7,78,0.0,3.9,61,970.2
57,2024-01-01,21.7,78,0.0,3.6,201,969.6
57,2024-01-02,21.7,79,0.0,3.4,223,969.4
57,2024-01-03,22.0,76,0.0,3.8,105,969.6
57,2024-01-04,22.5,77,0.3,4.2,198,969.6
57,2024-01-05,22.3,79,0.0,3.6,197,969.7
57,2024-01-06,23.3,78,0.0,3.3,172,970.2
57,2024-01-07,23.9,78,0.1,3.8,186,970.1
57,2024-01-08,23.6,80,0.0,3.0,211,969.3
57,2024-01-09,23.3,80,0.0,3.5,300,967.9
57,2024-01-10,23.2,79,0.2,4.0,209,967.2
57,2024-01-11,23.5,76,0.0,3.8,250,967.5
57,2024-01-12,23.6,74,0.0,3.7,229,967.1
57,2024-01-13,23.7,76,1.5,4.4,140,968.2
57,2024-01-14,23.5,87,2.9,3.8,104,970.4
57,2024-01-15,23.8,84,1.1,3.8,275,970.3
57,2024-01-16,22.7,89,8.6,3.7,22,969.8
57,2024-01-17,22.6,88,1.5,4.0,271,969.1
57,2024-01-18,22.6,81,0.1,3.7,250,968.6
57,2024-01-19,22.1,74,0.0,3.7,291,967.8
57,2024-01-20,21.2,73,0.0,3.8,277,967.9
57,2024-01-21,21.1,69,0.0,5.8,230,968.0
57,2024-01-22,20.5,70,0.0,4.6,260,969.2
57,2024-01-23,21.9,74,0.0,5.9,189,969.7
57,2024-01-24,22.4,75,0.4,6.2,146,972.0
57,2024-01-25,22.9,72,0.3,6.4,175,973.7
57,2024-01-26,21.2,80,1.8,5.8,162,974.6
57,2024-01-27,22.9,79,0.5,4.7,184,973.3
57,2024-01-28,22.9,85,1.1,7.7,190,972.0
57,2024-01-29,24.0,81,0.7,6.0,172,971.8
57,2024-01-30,23.9,79,0.4,5.9,180,970.9
57,2024-01-31,23.6,75,0.1,4.5,199,970.6
57,2024-02-01,22.3,70,0.0,3.5,237,970.1
57,2024-02-02,22.1,66,0.0,4.4,263,968.9
57,2024-02-03,22.0,65,0.0,4.5,255,968.6
57,2024-02-04,22.0,63,0.0,5.2,259,969.3
57,2024-02-05,21.6,68,0.0,4.0,269,969.2
57,2024-02-06,22.2,68,0.0,3.8,266,969.4
57,2024-02-07,22.9,66,0.0,4.5,263,968.3
57,2024-02-08,23.2,66,0.0,5.1,242,966.4
57,2024-02-09,24.4,70,0.0,5.0,197,967.9
57,2024-02-10,23.6,75,1.7,7.9,66,972.6
57,2024-02-11,21.8,75,1.2,7.0,47,976.6
57,2024-02-12,23.8,72,0.0,4.9,125,974.2
57,2024-02-13,24.4,72,0.0,4.6,209,971.6
57,2024-02-14,24.4,69,0.0,3.3,269,970.0
57,2024-02-15,23.8,64,0.0,4.3,301,970.1
57,2024-02-16,24.4,66,0.0,4.5,217,969.2
57,2024-02-17,25.3,60,0.0,5.7,238,966.5
57,2024-02-18,24.4,53,0.0,6.0,237,966.5
57,2024-02-19,23.7,56,0.0,5.6,237,966.6
57,2024-02-20,24.8,54,0.0,6.9,246,965.5
57,2024-02-21,23.7,54,0.0,5.4,239,965.9
57,2024-02-22,23.6,62,0.0,4.8,224,967.2
57,2024-02-23,24.5,61,0.0,6.0,214,967.8
57,2024-02-24,24.4,55,0.0,5.2,254,967.9
57,2024-02-25,25.0,61,0.0,4.4,258,968.0
57,2024-02-26,25.7,63,0.0,3.5,212,968.4
57,2024-02-27,27.1,69,0.1,6.2,202,967.2
57,2024-02-28,28.7,60,0.0,6.6,213,965.5
57,2024-02-29,27.5,56,0.0,5.0,212,965.7
57,2024-03-01,27.3,54,0.0,4.6,255,966.3
57,2024-03-02,27.9,58,0.3,6.6,188,966.6
57,2024-03-03,28.3,61,0.0,5.3,206,966.1
57,2024-03-04,28.2,49,0.0,4.9,257,964.8
57,2024-03-05,26.9,52,0.0,7.0,291,964.3
57,2024-03-06,26.2,51,0.0,5.9,300,964.1
57,2024-03-07,25.5,60,0.0,4.6,209,964.1
57,2024-03-08,27.1,64,0.0,6.1,202,964.3
57,2024-03-09,29.0,54,0.0,6.2,212,964.8
57,2024-03-10,28.6,57,0.0,5.9,191,967.0
57,2024-03-11,27.7,56,0.0,6.1,181,968.2
57,2024-03-12,28.8,50,0.0,7.3,213,966.8
57,2024-03-13,28.6,51,0.0,5.4,203,966.3
57,2024-03-14,26.5,55,0.0,3.7,259,966.0
57,2024-03-15,26.0,56,0.0,4.5,295,966.6
57,2024-03-16,26.7,62,0.0,4.9,216,967.2
57,2024-03-17,28.5,63,0.0,3.5,220,967.0
57,2024-03-18,28.8,60,0.0,3.0,265,966.2
57,2024-03-19,27.9,67,4.8,4.5,174,967.5
57,2024-03-20,26.5,83,19.6,5.1,142,971.7
57,2024-03-21,27.7,75,1.2,5.1,180,968.9
57,2024-03-22,26.7,80,5.1,4.5,266,964.9
57,2024-03-23,26.8,67,0.0,5.2,223,963.7
57,2024-03-24,27.3,59,0.0,6.1,221,965.6
57,2024-03-25,26.6,61,0.0,5.5,261,966.8
57,2024-03-26,27.0,64,0.0,4.6,183,967.6
57,2024-03-27,29.5,57,0.3,6.9,186,968.5
57,2024-03-28,28.6,61,0.0,4.3,184,966.4
57,2024-03-29,29.0,58,0.0,6.6,204,965.6
57,2024-03-30,29.7,55,0.0,6.2,201,966.1
57,2024-03-31,30.5,53,0.0,6.0,222,965.4
57,2024-04-01,30.7,50,0.0,6.5,254,963.0
57,2024-04-02,31.4,50,0.0,5.8,260,961.9
57,2024-04-03,31.2,51,0.0,5.7,237,962.4
57,2024-04-04,31.7,54,0.0,5.5,226,962.6
57,2024-04-05,31.3,55,0.0,5.0,211,962.0
57,2024-04-06,31.8,55,0.0,6.0,183,962.4
57,2024-04-07,32.6,59,0.0,5.3,183,962.4
57,2024-04-08,32.3,58,0.0,5.0,200,963.8
57,2024-04-09,31.3,58,0.5,4.7,188,964.8
57,2024-04-10,29.0,69,0.8,6.0,186,967.6
57,2024-04-11,29.4,71,0.3,4.8,184,967.3
57,2024-04-12,29.7,65,1.4,4.6,197,966.4
57,2024-04-13,30.2,62,0.8,5.1,231,965.3
57,2024-04-14,29.6,66,1.8,4.6,227,965.3
57,2024-04-15,28.2,72,4.3,4.9,220,966.0
57,2024-04-16,28.5,75,0.8,4.4,180,964.7
57,2024-04-17,31.0,63,0.0,5.4,230,962.8
57,2024-04-18,30.4,62,0.0,4.5,280,962.3
57,2024-04-19,29.8,65,0.0,6.8,228,960.6
57,2024-04-20,30.7,61,0.0,6.1,214,960.2
57,2024-04-21,32.4,54,0.0,5.5,257,960.9
57,2024-04-22,32.4,54,0.0,5.4,233,960.9
57,2024-04-23,32.4,53,0.0,5.6,197,960.7
57,2024-04-24,31.5,61,1.6,5.7,222,961.3
57,2024-04-25,31.3,64,0.0,3.4,279,962.3
57,2024-04-26,31.4,63,0.0,4.2,281,961.2
57,2024-04-27,32.3,58,0.0,5.9,262,961.0
57,2024-04-28,32.6,54,0.0,5.7,219,961.2
57,2024-04-29,33.1,54,0.0,6.6,257,961.8
57,2024-04-30,33.5,53,0.0,6.2,262,959.4
57,2024-05-01,33.5,50,0.0,5.7,253,958.8
57,2024-05-02,32.9,53,0.5,5.6,228,960.2
57,2024-05-03,30.6,64,0.8,3.6,271,963.2
57,2024-05-04,31.2,60,0.0,3.5,225,962.3
57,2024-05-05,31.9,58,0.0,5.8,198,961.2
57,2024-05-06,32.8,52,0.0,4.8,181,963.5
57,2024-05-07,29.3,69,6.8,5.7,143,966.7
57,2024-05-08,27.9,81,23.2,4.2,140,967.0
57,2024-05-09,28.1,82,37.0,5.1,192,965.9
57,2024-05-10,27.5,84,28.4,3.3,231,966.9
57,2024-05-11,27.1,86,3.6,3.7,192,968.0
57,2024-05-12,28.2,84,2.8,3.5,226,966.5
57,2024-05-13,29.9,77,1.0,3.3,206,965.1
57,2024-05-14,30.0,76,1.4,5.3,178,965.7
57,2024-05-15,30.0,78,3.5,5.8,199,966.1
57,2024-05-16,29.7,82,7.8,4.1,225,965.8
57,2024-05-17,29.6,82,5.2,5.3,207,964.6
57,2024-05-18,30.5,81,9.4,3.6,189,962.5
57,2024-05-19,30.6,80,11.5,5.2,218,960.4
57,2024-05-20,30.1,78,28.7,4.0,233,960.9
57,2024-05-21,27.2,86,33.7,3.8,59,964.1
57,2024-05-22,28.1,82,10.3,3.3,91,964.7
57,2024-05-23,27.7,87,16.0,4.0,124,963.8
57,2024-05-24,27.0,91,26.7,3.7,130,963.7
57,2024-05-25,27.2,90,33.6,6.6,164,963.8
57,2024-05-26,27.7,92,20.9,4.5,181,964.3
57,2024-05-27,28.3,86,16.0,5.7,197,962.9
57,2024-05-28,29.4,83,5.2,7.3,194,962.1
57,2024-05-29,29.6,85,10.0,6.4,194,961.2
57,2024-05-30,31.1,74,0.3,4.8,224,960.8
57,2024-05-31,31.3,74,13.0,4.8,211,960.8
57,2024-06-01,27.7,91,24.1,4.6,145,964.1
57,2024-06-02,28.3,85,11.1,4.3,188,965.2
57,2024-06-03,28.3,86,15.7,4.6,187,963.5
57,2024-06-04,28.8,85,10.5,4.1,238,963.1
57,2024-06-05,29.5,83,7.8,5.1,185,963.0
57,2024-06-06,29.0,83,13.7,5.0,163,964.0
57,2024-06-07,29.0,83,14.1,6.0,180,962.4
57,2024-06-08,28.4,87,20.5,4.9,211,960.6
57,2024-06-09,28.7,89,14.6,4.2,179,960.4
57,2024-06-10,28.4,88,24.4,2.9,139,961.9
57,2024-06-11,27.7,89,16.2,5.6,162,963.3
57,2024-06-12,28.4,83,7.9,7.7,191,964.3
57,2024-06-13,28.9,81,3.9,7.3,204,963.5
57,2024-06-14,28.7,84,3.3,6.7,194,961.9
57,2024-06-15,29.2,83,3.0,5.5,200,961.2
57,2024-06-16,29.9,78,0.5,5.0,215,962.1
57,2024-06-17,29.1,84,9.6,4.8,203,962.0
57,2024-06-18,29.3,82,6.4,5.2,206,961.3
57,2024-06-19,29.8,76,0.5,7.1,207,960.8
57,2024-06-20,30.7,72,0.1,7.2,212,960.7
57,2024-06-21,30.6,75,0.8,4.7,206,960.2
57,2024-06-22,31.2,78,1.9,3.8,175,959.7
57,2024-06-23,29.1,86,4.3,3.2,179,960.5
57,2024-06-24,29.3,85,7.3,3.9,179,960.4
57,2024-06-25,28.2,88,16.4,3.4,153,960.3
57,2024-06-26,27.6,90,17.7,3.5,137,962.6
57,2024-06-27,29.0,86,13.3,3.4,171,964.6
57,2024-06-28,29.3,86,10.3,4.1,199,963.6
57,2024-06-29,29.8,81,7.3,6.1,202,963.2
57,2024-06-30,29.3,84,5.4,6.8,208,963.8
57,2024-07-01,29.1,79,6.5,7.1,211,962.8
57,2024-07-02,29.5,76,0.1,7.1,215,961.8
57,2024-07-03,29.1,81,6.3,5.7,185,963.2
57,2024-07-04,27.8,90,15.8,2.9,138,965.0
57,2024-07-05,27.9,89,13.6,2.6,223,963.3
57,2024-07-06,28.2,88,5.8,3.3,160,962.5
57,2024-07-07,29.0,84,2.4,4.4,176,962.8
57,2024-07-08,29.4,82,9.2,4.7,185,963.1
57,2024-07-09,29.4,82,0.9,5.3,203,963.4
57,2024-07-10,29.1,82,1.5,4.7,205,963.8
57,2024-07-11,27.3,92,26.9,3.5,214,962.3
57,2024-07-12,28.2,89,24.1,3.9,196,960.5
57,2024-07-13,29.3,85,3.6,3.9,194,959.1
57,2024-07-14,29.2,85,14.9,5.2,164,960.1
57,2024-07-15,29.1,86,3.7,2.4,268,962.1
57,2024-07-16,29.7,83,7.9,3.9,80,961.0
57,2024-07-17,28.9,87,5.7,4.1,147,960.8
57,2024-07-18,28.8,87,11.2,4.8,165,960.7
57,2024-07-19,28.8,86,14.9,5.7,186,960.4
57,2024-07-20,27.5,90,33.7,4.5,194,962.2
57,2024-07-21,27.6,90,22.8,3.5,211,963.1
57,2024-07-22,27.8,90,18.9,4.8,238,962.9
57,2024-07-23,29.1,79,2.8,7.7,240,960.3
57,2024-07-24,29.2,77,3.3,7.1,216,957.3
57,2024-07-25,28.8,84,8.6,6.1,200,956.7
57,2024-07-26,28.7,86,6.0,6.8,198,958.4
57,2024-07-27,28.5,89,5.4,4.8,192,960.9
57,2024-07-28,28.7,84,3.7,5.6,198,960.6
57,2024-07-29,28.6,82,11.8,5.8,203,960.3
57,2024-07-30,26.6,91,19.5,5.8,198,961.6
57,2024-07-31,25.7,96,31.2,6.9,201,962.6
57,2024-08-01,25.9,95,37.7,6.2,198,963.7
57,2024-08-02,25.8,94,16.8,6.4,212,963.8
57,2024-08-03,27.2,88,10.7,6.6,213,964.0
57,2024-08-04,27.8,87,10.6,3.6,208,964.4
57,2024-08-05,26.4,92,59.8,4.0,184,964.0
57,2024-08-06,27.6,89,18.3,4.0,184,963.4
57,2024-08-07,28.1,88,7.9,4.0,198,964.0
57,2024-08-08,28.6,84,5.6,4.8,218,964.7
57,2024-08-09,29.8,76,0.0,5.8,236,963.5
57,2024-08-10,30.3,75,0.4,6.6,245,961.9
57,2024-08-11,30.4,76,0.0,5.5,244,960.6
57,2024-08-12,27.2,92,25.2,4.2,231,960.2
57,2024-08-13,26.9,92,34.5,4.1,207,961.7
57,2024-08-14,27.7,90,27.1,2.4,182,963.0
57,2024-08-15,27.8,89,21.8,2.1,259,962.9
57,2024-08-16,27.8,89,33.8,2.2,76,962.5
57,2024-08-17,27.5,91,39.6,2.4,87,963.9
57,2024-08-18,28.0,90,25.2,3.4,152,964.5
57,2024-08-19,27.7,92,25.9,3.5,207,963.6
57,2024-08-20,27.1,92,12.0,4.3,212,964.3
57,2024-08-21,26.6,93,12.1,4.8,207,964.4
57,2024-08-22,26.6,91,43.7,5.1,210,964.8
57,2024-08-23,26.3,92,24.8,3.2,191,966.4
57,2024-08-24,26.4,93,23.9,2.6,209,966.3
57,2024-08-25,27.1,91,28.4,3.6,185,964.6
57,2024-08-26,27.8,89,12.6,3.2,192,963.6
57,2024-08-27,26.5,93,33.5,2.6,164,964.4
57,2024-08-28,26.9,91,18.4,2.5,144,963.5
57,2024-08-29,27.6,88,7.8,3.6,169,963.5
57,2024-08-30,28.5,86,1.3,4.6,194,963.7
57,2024-08-31,28.7,85,10.9,3.2,209,964.0
57,2024-09-01,28.1,84,7.7,3.2,61,964.2
57,2024-09-02,29.1,83,0.7,3.1,176,964.1
57,2024-09-03,28.5,84,4.5,3.5,152,965.1
57,2024-09-04,29.3,78,0.2,4.1,197,962.4
57,2024-09-05,28.3,85,24.4,2.8,232,961.4
57,2024-09-06,29.1,82,8.1,3.5,248,961.2
57,2024-09-07,30.4,77,0.0,5.7,246,960.5
57,2024-09-08,27.7,90,15.9,4.5,242,960.9
57,2024-09-09,27.1,93,30.6,6.5,210,959.9
57,2024-09-10,26.0,95,90.2,9.8,182,959.6
57,2024-09-11,26.1,93,87.0,5.6,142,963.3
57,2024-09-12,27.5,89,19.4,3.4,175,964.7
57,2024-09-13,28.3,86,8.8,2.8,170,963.0
57,2024-09-14,27.9,86,6.8,3.3,237,961.6
57,2024-09-15,28.9,83,1.7,3.3,245,960.9
57,2024-09-16,28.8,83,8.0,3.7,278,961.4
57,2024-09-17,29.4,80,5.6,5.0,25,961.9
57,2024-09-18,29.4,76,0.9,5.1,43,961.3
57,2024-09-19,29.7,77,0.0,3.7,23,960.4
57,2024-09-20,28.4,80,1.0,3.6,289,960.3
57,2024-09-21,28.3,84,8.3,4.3,346,961.1
57,2024-09-22,27.2,91,19.4,2.4,110,962.2
57,2024-09-23,26.4,92,35.5,3.2,28,964.8
57,2024-09-24,26.7,89,14.4,2.9,132,966.3
57,2024-09-25,26.3,92,8.7,3.6,150,967.2
57,2024-09-26,27.1,88,3.3,3.3,178,967.7
57,2024-09-27,28.4,84,1.0,3.1,219,967.3
57,2024-09-28,29.1,81,0.2,3.5,228,965.8
57,2024-09-29,29.0,85,0.9,4.6,212,964.5
57,2024-09-30,28.7,86,11.4,4.4,218,962.9
57,2024-10-01,26.3,94,51.8,4.1,157,963.2
57,2024-10-02,26.3,92,33.7,3.9,93,966.7
57,2024-10-03,25.6,94,15.4,4.1,93,967.9
57,2024-10-04,26.3,91,1.1,3.6,120,968.9
57,2024-10-05,28.0,84,1.0,3.3,115,968.6
57,2024-10-06,28.4,83,0.2,2.5,87,969.0
57,2024-10-07,27.8,82,0.3,3.0,91,970.2
57,2024-10-08,27.6,80,0.1,3.7,231,969.5
57,2024-10-09,27.8,82,0.5,2.9,219,968.2
57,2024-10-10,27.4,85,4.3,2.6,167,967.8
57,2024-10-11,26.9,89,8.2,2.3,309,967.7
57,2024-10-12,27.6,84,0.4,3.0,170,968.5
57,2024-10-13,27.9,81,0.0,3.2,191,968.2
57,2024-10-14,27.9,82,1.4,3.3,210,967.3
57,2024-10-15,26.9,87,11.9,3.3,219,967.6
57,2024-10-16,26.9,88,14.6,2.7,228,968.0
57,2024-10-17,26.9,89,18.7,3.6,267,967.8
57,2024-10-18,27.6,86,0.4,2.4,261,966.9
57,2024-10-19,27.7,85,0.3,2.4,188,967.8
57,2024-10-20,26.7,87,4.8,3.6,97,969.7
57,2024-10-21,26.4,88,1.0,3.9,55,969.3
57,2024-10-22,26.9,85,3.6,3.8,31,969.1
57,2024-10-23,27.1,84,2.0,3.3,132,969.7
57,2024-10-24,26.9,84,0.0,2.8,282,968.2
57,2024-10-25,27.2,85,0.0,3.4,272,966.2
57,2024-10-26,28.1,81,0.0,4.6,306,964.1
57,2024-10-27,28.2,81,0.1,4.9,342,963.3
57,2024-10-28,27.6,72,0.0,6.0,40,964.2
57,2024-10-29,26.4,76,0.0,4.4,21,965.8
57,2024-10-30,26.5,81,0.1,3.1,207,966.8
57,2024-10-31,26.9,84,0.2,3.7,266,966.3
57,2024-11-01,27.1,83,0.2,2.6,311,967.0
57,2024-11-02,26.9,78,1.8,4.6,36,969.4
57,2024-11-03,25.5,69,0.0,4.8,24,970.2
57,2024-11-04,24.8,73,0.0,5.3,32,970.3
57,2024-11-05,25.5,78,0.8,6.5,52,971.7
57,2024-11-06,22.7,88,10.5,5.2,22,972.2
57,2024-11-07,22.3,93,15.9,3.3,9,971.4
57,2024-11-08,21.3,94,15.2,4.0,344,972.0
57,2024-11-09,23.7,84,1.4,3.9,0,970.8
57,2024-11-10,24.8,83,0.0,3.9,333,970.0
57,2024-11-11,25.0,86,0.0,3.1,237,969.1
57,2024-11-12,25.4,85,0.0,2.7,248,968.0
57,2024-11-13,26.0,87,0.1,3.0,286,967.0
57,2024-11-14,26.1,84,0.0,3.6,297,967.2
57,2024-11-15,24.5,80,0.0,4.0,296,966.9
57,2024-11-16,24.0,79,0.0,4.2,328,967.0
57,2024-11-17,24.1,82,0.0,4.8,345,967.7
57,2024-11-18,24.1,86,0.8,2.7,43,969.6
57,2024-11-19,24.2,83,0.0,4.0,346,970.4
57,2024-11-20,24.4,83,0.1,3.0,23,969.6
57,2024-11-21,24.2,85,0.2,2.7,2,969.5
57,2024-11-22,23.8,85,0.2,3.6,18,969.8
57,2024-11-23,24.1,83,0.1,3.0,130,970.2
57,2024-11-24,24.1,84,0.0,3.0,172,969.9
57,2024-11-25,24.2,84,0.1,2.5,348,969.5
57,2024-11-26,24.6,85,0.6,3.6,257,969.5
57,2024-11-27,25.1,88,0.5,3.9,68,969.7
57,2024-11-28,24.5,86,1.0,5.9,55,971.8
57,2024-11-29,22.6,75,0.0,7.1,40,972.6
57,2024-11-30,22.1,82,0.0,3.2,23,969.7
57,2024-12-01,22.4,86,0.0,3.5,245,967.2
57,2024-12-02,23.7,86,0.0,3.1,286,966.8
57,2024-12-03,24.7,82,0.0,3.7,255,967.2
57,2024-12-04,25.4,84,0.2,3.1,225,966.8
57,2024-12-05,26.1,85,0.7,5.1,202,966.5
57,2024-12-06,25.9,84,0.8,6.8,197,966.0
57,2024-12-07,25.1,83,0.7,4.6,189,967.7
57,2024-12-08,25.4,82,0.0,3.9,171,968.9
57,2024-12-09,25.0,81,0.0,4.8,187,968.3
57,2024-12-10,24.5,86,0.3,3.6,231,966.7
57,2024-12-11,23.5,81,0.0,3.7,354,967.5
57,2024-12-12,22.9,80,0.0,3.7,321,967.5
57,2024-12-13,24.1,77,0.0,4.0,353,968.6
57,2024-12-14,23.5,91,4.4,3.2,75,970.7
57,2024-12-15,20.8,90,9.1,5.9,51,973.6
57,2024-12-16,20.5,84,0.1,4.0,40,973.8
57,2024-12-17,20.8,85,0.0,3.2,102,971.1
57,2024-12-18,21.8,85,0.1,3.3,52,970.5
57,2024-12-19,23.1,80,0.0,3.4,155,970.7
57,2024-12-20,22.2,78,0.0,5.0,179,969.3
57,2024-12-21,21.0,83,0.0,3.7,180,969.4
57,2024-12-22,21.4,82,0.0,3.9,165,969.9
57,2024-12-23,21.2,81,0.0,2.9,116,970.0
57,2024-12-24,20.6,80,0.0,3.3,18,970.8
57,2024-12-25,20.3,79,0.0,3.2,355,971.7
57,2024-12-26,20.9,78,0.0,3.4,333,972.8
57,2024-12-27,21.7,77,0.0,3.3,331,972.8
57,2024-12-28,22.1,77,0.0,5.2,15,973.4
57,2024-12-29,21.9,80,0.0,3.2,156,971.7
57,2024-12-30,21.7,81,0.0,3.1,175,970.6
57,2024-12-31,22.2,82,0.0,3.9,164,970.2
57,2025-01-01,22.5,75,0.0,3.1,158,969.2
57,2025-01-02,21.5,79,0.0,3.0,83,969.2
57,2025-01-03,21.1,78,0.0,4.7,17,970.8
57,2025-01-04,20.3,75,0.0,3.7,43,969.9
57,2025-01-05,20.0,75,0.0,4.9,24,971.8
57,2025-01-06,19.0,78,0.0,3.3,101,969.9
57,2025-01-07,19.4,79,0.0,3.5,199,968.9
57,2025-01-08,20.6,77,0.0,3.7,188,968.7
57,2025-01-09,21.1,78,0.0,3.7,102,970.5
57,2025-01-10,22.4,74,0.0,3.5,126,973.0
57,2025-01-11,20.8,75,0.0,7.9,62,975.6
57,2025-01-12,17.8,66,0.0,6.7,40,976.3
57,2025-01-13,16.9,72,0.0,3.5,33,971.9
57,2025-01-14,17.3,76,0.0,3.1,22,972.0
57,2025-01-15,18.7,73,0.0,6.4,12,973.2
57,2025-01-16,19.5,70,0.0,6.7,18,974.0
57,2025-01-17,19.2,75,0.0,4.0,4,971.4
57,2025-01-18,19.9,80,0.0,3.2,246,969.1
57,2025-01-19,20.1,80,0.0,4.6,232,967.7
57,2025-01-20,21.1,80,0.0,3.9,205,966.4
57,2025-01-21,21.6,78,0.0,5.1,203,966.3
57,2025-01-22,21.7,77,0.0,4.3,211,966.7
57,2025-01-23,22.0,77,0.0,4.6,226,967.0
57,2025-01-24,22.1,75,0.0,4.2,243,965.4
57,2025-01-25,22.1,75,0.0,3.4,265,965.3
57,2025-01-26,22.5,71,0.1,4.5,123,966.4
57,2025-01-27,17.5,71,0.2,11.0,48,970.4
57,2025-01-28,18.9,70,0.0,4.8,54,971.9
57,2025-01-29,21.0,74,0.0,3.9,121,971.6
57,2025-01-30,22.3,71,0.0,6.2,193,967.7
57,2025-01-31,22.9,70,0.0,4.5,224,966.2
57,2025-02-01,22.5,70,0.0,3.8,267,965.6
57,2025-02-02,22.2,66,0.0,4.1,268,965.3
57,2025-02-03,22.6,66,0.0,4.4,335,966.5
57,2025-02-04,23.0,70,0.0,5.4,105,967.6
57,2025-02-05,24.6,71,0.0,7.3,188,966.0
57,2025-02-06,24.6,70,0.0,4.7,206,965.8
57,2025-02-07,24.0,70,0.0,4.5,181,967.1
57,2025-02-08,24.8,70,0.1,5.7,178,968.3
57,2025-02-09,25.1,65,0.0,6.5,155,969.1
57,2025-02-10,24.7,65,0.0,5.5,170,968.8
57,2025-02-11,24.9,67,0.0,6.8,189,967.9
57,2025-02-12,24.8,65,0.0,4.6,195,967.5
57,2025-02-13,24.3,64,0.0,5.1,214,967.1
57,2025-02-14,23.8,56,0.0,6.0,233,966.2
57,2025-02-15,23.2,59,0.0,5.5,242,965.4
57,2025-02-16,23.1,65,0.0,5.7,219,966.0
57,2025-02-17,23.9,60,0.0,4.6,273,968.0
57,2025-02-18,24.4,64,0.0,4.7,228,968.1
57,2025-02-19,24.9,68,0.8,5.7,188,968.2
57,2025-02-20,25.5,72,0.4,4.4,188,968.9
57,2025-02-21,25.0,72,0.6,5.9,180,969.0
57,2025-02-22,25.5,74,0.7,3.8,160,969.9
57,2025-02-23,25.0,75,2.3,4.7,203,971.2
57,2025-02-24,24.7,80,1.6,5.1,163,973.0
57,2025-02-25,24.5,72,0.2,5.8,151,974.4
57,2025-02-26,25.5,70,0.3,4.2,169,973.1
57,2025-02-27,26.2,67,0.0,3.1,169,969.9
57,2025-02-28,26.9,63,0.0,3.7,255,967.7
57,2025-03-01,26.9,59,0.0,5.9,254,965.6
57,2025-03-02,26.7,55,0.0,5.1,246,964.2
57,2025-03-03,25.9,58,0.0,5.2,288,964.0
57,2025-03-04,25.7,57,0.0,4.8,258,963.4
57,2025-03-05,25.4,57,0.0,5.7,244,962.9
57,2025-03-06,24.9,58,0.0,5.8,213,964.5
57,2025-03-07,25.7,63,0.8,8.1,181,965.0
57,2025-03-08,26.8,69,0.7,8.5,165,967.5
57,2025-03-09,26.7,73,0.3,6.5,170,969.8
57,2025-03-10,27.4,72,0.0,4.2,195,969.8
57,2025-03-11,28.5,63,0.0,5.0,217,966.9
57,2025-03-12,28.2,58,0.0,5.3,226,964.3
57,2025-03-13,28.5,54,0.0,6.5,216,964.1
57,2025-03-14,28.8,56,0.0,5.1,194,965.8
57,2025-03-15,27.7,58,0.0,3.8,201,966.2
57,2025-03-16,28.1,59,0.0,4.3,224,965.3
57,2025-03-17,29.1,59,0.0,7.3,183,965.1
57,2025-03-18,28.2,71,5.4,9.8,137,967.8
57,2025-03-19,20.3,76,0.3,10.8,45,974.5
57,2025-03-20,20.8,71,0.1,6.5,41,975.2
57,2025-03-21,24.0,71,0.0,4.9,68,973.6
57,2025-03-22,26.0,71,0.0,4.2,154,970.9
57,2025-03-23,27.2,71,0.0,4.1,175,969.1
57,2025-03-24,27.6,69,0.0,2.9,2,966.6
57,2025-03-25,27.7,66,0.0,4.1,234,962.7
57,2025-03-26,28.1,58,0.0,4.9,261,961.2
57,2025-03-27,27.7,55,0.0,6.0,232,960.0
57,2025-03-28,27.1,56,0.0,6.0,203,961.1
57,2025-03-29,27.7,56,0.0,6.0,196,963.3
57,2025-03-30,29.0,59,0.0,7.2,188,965.2
57,2025-03-31,30.7,59,0.1,8.4,166,965.6
57,2025-04-01,30.6,67,0.7,9.3,167,966.0
57,2025-04-02,29.3,70,0.4,5.7,137,967.2
57,2025-04-03,29.7,65,0.6,6.1,153,967.8
57,2025-04-04,30.3,62,0.0,7.0,186,965.8
57,2025-04-05,30.3,59,0.1,6.7,195,965.0
57,2025-04-06,28.1,66,0.0,5.3,179,966.3
57,2025-04-07,27.7,72,0.0,2.9,87,969.1
57,2025-04-08,29.0,64,0.0,2.6,273,969.2
57,2025-04-09,29.2,55,0.0,5.9,301,966.5
57,2025-04-10,29.5,55,0.0,6.0,221,963.6
57,2025-04-11,30.2,59,0.2,5.4,217,962.2
57,2025-04-12,29.7,65,0.3,6.0,180,963.8
57,2025-04-13,26.0,82,23.5,6.2,42,967.6
57,2025-04-14,23.9,85,4.2,4.1,44,969.1
57,2025-04-15,27.0,78,0.7,3.4,358,968.2
57,2025-04-16,28.7,76,0.1,5.5,228,965.4
57,2025-04-17,29.2,72,1.8,4.8,234,964.1
57,2025-04-18,28.6,73,1.0,5.5,211,963.6
57,2025-04-19,28.7,75,0.7,4.7,196,963.6
57,2025-04-20,29.5,68,0.2,6.4,185,964.1
57,2025-04-21,30.8,64,0.0,6.2,188,965.5
57,2025-04-22,31.2,61,0.0,4.5,217,965.0
57,2025-04-23,31.4,62,0.2,5.8,213,963.5
57,2025-04-24,32.1,59,0.0,7.1,195,962.7
57,2025-04-25,31.9,56,0.0,6.1,195,963.3
57,2025-04-26,31.5,59,0.0,7.1,189,964.1
57,2025-04-27,30.5,66,1.2,5.1,218,965.9
57,2025-04-28,27.9,75,2.2,5.7,200,965.8
57,2025-04-29,26.4,81,7.2,3.5,82,967.2
57,2025-04-30,26.0,89,11.4,3.0,11,967.3
57,2025-05-01,26.7,84,5.5,3.2,52,968.9
57,2025-05-02,27.3,82,17.5,3.7,21,967.1
57,2025-05-03,27.4,85,9.1,3.1,198,965.3
57,2025-05-04,28.9,76,1.3,5.0,215,963.5
57,2025-05-05,29.9,71,0.0,4.2,206,962.9
57,2025-05-06,31.5,66,0.0,4.0,227,962.4
57,2025-05-07,32.0,63,0.0,6.3,191,961.4
57,2025-05-08,31.0,64,0.0,6.2,186,962.0
57,2025-05-09,31.0,69,0.1,4.0,177,962.6
57,2025-05-10,30.0,74,1.4,5.5,196,962.7
57,2025-05-11,28.5,81,10.3,6.3,92,963.1
57,2025-05-12,28.9,71,2.0,4.7,114,964.2
57,2025-05-13,27.7,85,10.6,3.3,175,964.5
57,2025-05-14,27.6,85,14.5,5.4,181,965.5
57,2025-05-15,27.1,89,25.2,4.3,180,966.4
57,2025-05-16,27.0,91,7.5,2.8,215,966.3
57,2025-05-17,27.2,91,9.4,3.4,236,965.9
57,2025-05-18,27.3,89,22.0,4.2,215,965.6
57,2025-05-19,28.4,85,11.4,3.6,195,964.2
57,2025-05-20,29.5,83,5.0,4.8,203,963.4
57,2025-05-21,28.9,84,16.2,4.6,203,963.6
57,2025-05-22,29.5,84,10.9,3.9,204,962.3
57,2025-05-23,29.5,82,8.9,3.4,200,960.8
57,2025-05-24,27.3,88,19.6,3.3,74,963.3
57,2025-05-25,26.6,91,29.3,4.4,69,965.4
57,2025-05-26,26.4,89,13.2,4.8,59,965.5
57,2025-05-27,26.6,90,24.9,5.1,126,963.9
57,2025-05-28,27.8,87,21.5,6.3,166,962.6
57,2025-05-29,27.5,89,11.0,5.3,173,962.8
57,2025-05-30,27.4,89,4.9,6.1,183,963.6
57,2025-05-31,27.8,89,8.6,6.0,196,963.9
57,2025-06-01,29.5,80,2.7,8.6,202,962.9
57,2025-06-02,29.5,78,6.8,8.0,200,962.1
57,2025-06-03,27.8,88,10.5,5.2,197,962.2
57,2025-06-04,29.4,79,2.0,3.7,210,962.9
57,2025-06-05,29.4,80,1.3,3.7,194,963.4
57,2025-06-06,29.6,82,2.5,4.4,218,962.9
57,2025-06-07,30.4,80,1.5,4.4,221,962.2
57,2025-06-08,30.2,80,0.6,4.0,198,961.4
57,2025-06-09,29.5,82,4.4,3.3,178,961.2
57,2025-06-10,27.6,88,24.4,2.5,76,961.4
57,2025-06-11,26.9,86,17.5,4.3,7,962.0
57,2025-06-12,28.7,82,2.1,3.0,234,961.3
57,2025-06-13,28.7,84,7.4,3.6,186,961.2
57,2025-06-14,29.4,81,1.4,7.1,195,961.4
57,2025-06-15,29.2,82,24.4,6.2,191,961.7
57,2025-06-16,28.6,84,18.0,5.4,192,962.8
57,2025-06-17,28.2,87,16.1,5.1,195,963.9
57,2025-06-18,28.5,84,7.0,5.3,209,963.4
57,2025-06-19,29.3,79,2.3,5.2,211,963.2
57,2025-06-20,29.7,80,6.2,4.9,214,962.4
57,2025-06-21,29.3,81,2.7,4.6,194,961.6
57,2025-06-22,28.2,87,6.5,4.8,165,961.9
57,2025-06-23,27.4,89,22.0,3.8,173,961.9
57,2025-06-24,27.9,87,6.0,5.7,173,961.9
57,2025-06-25,29.1,82,4.3,4.6,188,963.4
57,2025-06-26,29.3,81,9.1,3.9,228,962.9
57,2025-06-27,27.7,90,21.5,4.6,202,961.8
57,2025-06-28,27.6,89,19.2,4.9,188,960.7
57,2025-06-29,28.5,83,5.8,6.1,195,959.7
57,2025-06-30,28.7,83,12.0,5.4,194,960.0
57,2025-07-01,28.8,81,7.4,5.0,203,961.2
57,2025-07-02,27.6,90,22.1,4.4,203,962.6
57,2025-07-03,27.5,88,12.2,3.2,214,963.4
57,2025-07-04,27.3,89,20.4,5.1,213,963.5
57,2025-07-05,27.8,87,9.0,2.7,204,962.0
57,2025-07-06,27.5,87,28.5,3.6,188,961.5
57,2025-07-07,27.8,87,22.6,5.2,195,962.0
57,2025-07-08,29.1,83,1.5,5.6,222,962.4
57,2025-07-09,28.8,81,3.0,6.1,242,962.5
57,2025-07-10,28.0,85,3.9,6.4,232,960.2
57,2025-07-11,27.6,89,10.9,4.5,254,958.2
57,2025-07-12,26.9,90,17.3,2.2,117,960.8
57,2025-07-13,27.7,88,22.1,2.6,51,962.8
57,2025-07-14,28.5,87,10.1,3.7,222,962.6
57,2025-07-15,28.1,88,13.2,4.5,198,961.2
57,2025-07-16,27.7,90,16.4,5.8,202,961.1
57,2025-07-17,26.9,92,17.9,4.6,204,962.0
57,2025-07-18,28.2,86,3.2,5.3,205,961.3
57,2025-07-19,29.5,79,0.4,5.3,218,958.7
57,2025-07-20,28.3,82,0.7,5.2,213,958.5
57,2025-07-21,29.5,80,2.8,6.4,239,958.1
57,2025-07-22,26.8,91,37.9,6.4,232,955.9
57,2025-07-23,26.4,94,38.1,4.8,223,953.5
57,2025-07-24,26.6,94,27.4,6.1,168,958.7
57,2025-07-25,27.7,88,12.5,4.8,176,961.2
57,2025-07-26,26.8,94,6.5,4.5,203,961.2
57,2025-07-27,26.7,94,35.8,3.5,209,959.9
57,2025-07-28,26.2,94,33.3,4.6,214,959.0
57,2025-07-29,28.2,86,12.1,5.4,226,958.8
57,2025-07-30,28.9,82,16.6,6.6,225,960.0
57,2025-07-31,29.1,77,1.3,7.9,238,960.1
57,2025-08-01,28.3,86,13.6,5.8,239,960.0
57,2025-08-02,28.8,85,5.9,5.9,234,961.5
57,2025-08-03,29.8,77,0.2,7.2,245,963.0
57,2025-08-04,30.4,71,2.2,6.5,249,962.8
57,2025-08-05,29.3,78,1.8,7.0,245,962.1
57,2025-08-06,26.8,92,48.4,5.6,213,962.0
57,2025-08-07,27.3,89,26.9,5.0,203,963.8
57,2025-08-08,26.9,90,18.8,4.2,218,966.1
57,2025-08-09,28.4,83,1.5,5.5,234,965.2
57,2025-08-10,29.4,78,2.3,4.8,229,962.8
57,2025-08-11,29.0,85,15.4,4.3,206,961.6
57,2025-08-12,28.2,86,12.9,4.1,154,962.4
57,2025-08-13,28.6,85,4.2,3.9,197,964.3
57,2025-08-14,28.8,84,5.0,4.5,243,963.0
57,2025-08-15,27.8,86,12.0,2.8,248,960.8
57,2025-08-16,26.8,89,23.0,2.9,65,961.7
57,2025-08-17,27.2,86,4.5,3.5,84,964.6
57,2025-08-18,28.9,81,2.2,3.5,206,965.0
57,2025-08-19,29.7,78,0.7,5.5,213,963.9
57,2025-08-20,29.2,81,4.3,4.6,199,964.2
57,2025-08-21,28.2,87,16.3,3.8,195,964.7
57,2025-08-22,26.8,90,31.4,2.6,130,964.5
57,2025-08-23,26.8,90,13.8,3.4,143,964.3
57,2025-08-24,27.9,84,7.7,3.0,111,963.8
57,2025-08-25,28.7,81,5.9,3.8,1,961.9
57,2025-08-26,27.5,86,4.4,4.8,284,960.7
57,2025-08-27,25.8,92,56.8,3.2,194,962.0
57,2025-08-28,26.0,92,61.3,4.1,212,963.8
57,2025-08-29,27.5,89,16.0,2.4,307,965.1
57,2025-08-30,28.2,85,1.9,4.4,341,964.1
57,2025-08-31,28.2,84,15.4,7.5,32,961.7
57,2025-09-01,27.6,84,2.3,3.4,168,963.1
57,2025-09-02,27.9,85,1.8,4.1,162,963.5
57,2025-09-03,28.6,84,4.1,3.2,195,964.1
57,2025-09-04,29.5,81,0.7,3.5,212,963.4
57,2025-09-05,29.7,81,1.6,3.8,193,963.8
57,2025-09-06,28.5,84,5.8,3.7,219,964.4
57,2025-09-07,28.3,85,1.5,3.3,194,963.7
57,2025-09-08,29.0,80,0.1,3.8,180,963.5
57,2025-09-09,29.0,82,2.6,5.6,166,964.3
57,2025-09-10,27.5,88,8.8,5.0,162,964.7
57,2025-09-11,27.4,88,8.5,3.9,172,965.5
57,2025-09-12,28.0,87,11.8,3.6,192,966.1
57,2025-09-13,27.2,87,8.1,2.1,251,966.7
57,2025-09-14,27.0,89,14.2,2.2,233,966.9
57,2025-09-15,27.9,86,2.1,3.8,193,966.4
57,2025-09-16,27.9,84,0.4,4.5,183,966.6
57,2025-09-17,28.5,80,1.8,2.9,193,965.3
57,2025-09-18,28.7,82,1.1,2.8,248,964.4
57,2025-09-19,28.0,84,0.7,3.0,158,964.7
57,2025-09-20,27.8,85,2.2,4.2,161,963.9
57,2025-09-21,27.5,88,9.4,4.0,161,963.7
57,2025-09-22,27.6,88,17.0,3.3,189,963.8
57,2025-09-23,27.8,87,13.1,2.9,188,962.6
57,2025-09-24,27.0,89,21.6,3.4,55,961.2
57,2025-09-25,28.1,84,3.0,3.2,247,961.4
57,2025-09-26,27.3,88,18.8,3.0,50,964.4
57,2025-09-27,27.1,89,17.0,3.6,26,967.2
57,2025-09-28,28.9,79,0.5,5.4,14,964.7
57,2025-09-29,28.9,76,3.5,6.5,347,960.4
57,2025-09-30,26.0,94,28.7,5.7,166,962.7
57,2025-10-01,26.4,92,16.4,4.9,166,966.8
57,2025-10-02,27.6,87,8.0,2.1,254,968.4
57,2025-10-03,28.5,85,3.0,3.7,244,967.3
57,2025-10-04,27.5,89,7.4,4.0,207,967.1
57,2025-10-05,28.4,86,1.0,3.6,215,966.2
57,2025-10-06,28.7,84,1.7,5.2,238,964.1
57,2025-10-07,27.4,87,10.1,5.1,191,965.6
57,2025-10-08,27.5,85,9.2,3.4,130,968.1
57,2025-10-09,27.6,83,1.4,3.1,168,967.8
57,2025-10-10,28.1,81,1.2,3.5,175,967.3
57,2025-10-11,28.0,80,0.0,3.1,199,966.6
57,2025-10-12,28.0,81,0.3,2.8,183,966.2
57,2025-10-13,27.3,83,0.4,3.6,201,966.4
57,2025-10-14,27.5,80,0.8,3.4,143,966.2
57,2025-10-15,26.3,88,13.2,2.7,68,966.7
57,2025-10-16,26.3,88,21.0,3.9,133,967.9
57,2025-10-17,27.2,85,0.8,3.8,135,968.9
57,2025-10-18,27.2,85,0.6,3.4,352,968.1
57,2025-10-19,27.1,81,0.5,3.9,16,967.2
57,2025-10-20,27.0,81,0.4,3.4,15,967.7
57,2025-10-21,26.9,78,0.5,6.2,32,968.3
57,2025-10-22,25.9,74,0.0,7.2,45,969.6
57,2025-10-23,25.7,74,0.0,7.3,40,970.0
57,2025-10-24,26.0,75,0.0,6.8,49,970.0
57,2025-10-25,25.6,78,0.0,5.1,38,969.6
57,2025-10-26,26.0,77,0.0,5.8,41,969.8
57,2025-10-27,24.9,78,0.0,5.3,18,970.5
57,2025-10-28,25.3,78,0.0,5.1,17,969.8
57,2025-10-29,25.7,79,0.0,4.1,13,968.9
57,2025-10-30,26.6,77,0.0,5.2,10,968.7
57,2025-10-31,26.7,80,2.6,4.7,26,968.7
57,2025-11-01,26.0,92,12.9,2.6,72,968.7
57,2025-11-02,26.3,90,5.0,4.5,144,967.8
57,2025-11-03,25.7,92,1.8,3.2,81,967.5
57,2025-11-04,25.1,89,8.0,4.5,43,967.9
57,2025-11-05,24.8,84,0.0,4.1,41,967.1
57,2025-11-06,26.2,85,0.5,3.3,143,966.4
57,2025-11-07,26.5,85,0.0,4.6,339,965.5
57,2025-11-08,26.2,88,15.6,4.4,16,966.1
57,2025-11-09,25.5,92,27.9,2.0,122,966.4
57,2025-11-10,25.9,90,9.1,2.2,159,966.3
57,2025-11-11,26.4,87,0.8,3.1,255,966.1
57,2025-11-12,25.9,77,0.0,2.9,307,967.5
57,2025-11-13,25.8,80,0.3,3.3,287,969.5
57,2025-11-14,26.0,86,1.5,2.7,190,969.9
57,2025-11-15,25.5,85,0.0,3.5,38,971.5
57,2025-11-16,24.3,75,0.0,5.9,14,973.0
57,2025-11-17,23.8,80,1.6,4.9,1,972.6
57,2025-11-18,22.4,93,13.5,4.5,14,972.8
57,2025-11-19,20.6,88,1.6,9.4,40,974.6
57,2025-11-20,21.7,78,0.0,7.2,42,974.7
57,2025-11-21,21.8,75,0.0,6.6,28,974.9
57,2025-11-22,20.9,78,0.0,5.3,13,972.9
57,2025-11-23,21.2,81,0.0,4.1,357,972.3
57,2025-11-24,21.6,80,0.0,5.9,355,972.2
57,2025-11-25,20.9,74,0.0,7.3,25,972.6
57,2025-11-26,19.4,76,0.0,6.0,5,972.1
57,2025-11-27,19.4,70,0.0,8.8,27,974.1
57,2025-11-28,17.6,68,0.0,6.0,7,971.9
57,2025-11-29,16.8,72,0.0,3.7,302,969.4
57,2025-11-30,17.3,79,0.0,3.3,291,968.8
57,2025-12-01,18.3,83,0.0,3.7,293,968.8
57,2025-12-02,19.5,83,0.0,3.5,269,968.3
57,2025-12-03,20.7,82,0.0,4.2,325,970.6
57,2025-12-04,21.7,77,0.0,3.2,307,971.3
57,2025-12-05,22.3,82,0.0,3.3,312,972.0
57,2025-12-06,22.8,86,0.0,3.8,252,971.0
57,2025-12-07,23.1,85,0.0,3.4,344,970.4
57,2025-12-08,23.0,82,0.0,4.5,21,971.4
57,2025-12-09,22.1,77,0.0,3.9,56,971.2
57,2025-12-10,20.9,79,0.0,3.0,1,971.3
57,2025-12-11,21.0,79,0.0,4.7,39,970.9
57,2025-12-12,21.7,84,0.6,3.1,90,970.7
57,2025-12-13,22.4,84,0.0,4.6,14,971.3
57,2025-12-14,23.2,78,0.0,5.1,19,971.7
57,2025-12-15,22.7,82,0.4,2.9,234,971.0
57,2025-12-16,22.1,86,0.2,3.1,175,969.9
57,2025-12-17,22.5,85,0.4,3.8,28,971.1
57,2025-12-18,21.5,86,1.2,3.8,20,971.4
57,2025-12-19,21.5,84,0.0,3.1,335,969.3
57,2025-12-20,20.6,84,0.0,3.6,341,968.6
57,2025-12-21,20.8,78,0.0,4.6,0,970.6
57,2025-12-22,20.6,76,0.0,3.5,314,969.4
57,2025-12-23,21.3,79,0.0,3.5,284,967.8
57,2025-12-24,22.4,80,0.0,3.1,248,967.5
57,2025-12-25,21.7,77,0.0,3.6,358,968.8
57,2025-12-26,21.6,79,0.0,4.5,200,968.8
57,2025-12-27,21.4,79,0.0,3.9,190,969.3
57,2025-12-28,21.1,80,0.0,3.7,201,969.8
57,2025-12-29,20.8,79,0.0,3.0,245,968.6
57,2025-12-30,20.0,82,0.0,3.5,233,967.4
57,2025-12-31,20.7,82,0.0,3.2,245,965.8
58,2020-01-01,24.1,81,0.0,4.2,70,989.2
58,2020-01-02,24.8,78,0.0,3.3,81,989.5
58,2020-01-03,24.8,79,0.0,2.8,110,987.3
58,2020-01-04,25.1,80,0.0,3.9,221,985.0
58,2020-01-05,24.8,78,0.0,5.0,217,984.2
58,2020-01-06,25.0,77,0.0,5.1,198,984.9
58,2020-01-07,24.2,77,0.0,3.9,197,984.0
58,2020-01-08,24.5,77,0.0,3.6,168,983.9
58,2020-01-09,23.9,75,0.0,3.8,191,983.5
58,2020-01-10,23.2,72,0.0,4.4,180,982.5
58,2020-01-11,22.4,71,0.0,4.0,171,982.3
58,2020-01-12,22.3,70,0.0,3.5,120,981.7
58,2020-01-13,22.5,72,0.0,5.0,184,981.5
58,2020-01-14,22.9,70,0.0,5.3,174,982.8
58,2020-01-15,22.6,72,0.0,4.4,164,983.6
58,2020-01-16,22.6,70,0.0,3.5,172,983.9
58,2020-01-17,23.0,70,0.0,3.6,153,984.7
58,2020-01-18,23.1,71,0.0,3.9,161,983.9
58,2020-01-19,22.9,68,0.0,4.0,174,983.8
58,2020-01-20,23.0,69,0.0,4.2,173,984.7
58,2020-01-21,24.0,72,0.0,5.2,178,986.0
58,2020-01-22,24.1,72,0.0,5.0,180,985.6
58,2020-01-23,22.9,67,0.0,5.1,176,983.7
58,2020-01-24,22.3,62,0.0,5.8,188,983.0
58,2020-01-25,21.9,58,0.0,6.2,205,981.3
58,2020-01-26,19.7,63,0.0,5.3,186,980.9
58,2020-01-27,19.0,64,0.0,6.2,184,980.3
58,2020-01-28,19.6,68,0.0,4.8,175,981.8
58,2020-01-29,20.5,69,0.0,4.3,160,984.2
58,2020-01-30,22.3,66,0.0,4.2,170,983.0
58,2020-01-31,23.7,70,0.0,6.4,184,983.2
58,2020-02-01,23.9,69,0.0,5.2,183,983.9
58,2020-02-02,24.2,67,0.0,6.6,192,985.0
58,2020-02-03,24.1,61,0.0,6.4,198,984.5
58,2020-02-04,23.0,62,0.0,4.5,189,983.3
58,2020-02-05,22.8,62,0.0,6.8,183,982.7
58,2020-02-06,23.6,57,0.0,6.3,182,983.6
58,2020-02-07,24.1,61,0.0,5.5,181,984.6
58,2020-02-08,25.4,65,0.0,4.3,187,985.1
58,2020-02-09,26.2,68,0.0,4.6,163,985.7
58,2020-02-10,26.3,69,0.0,5.9,192,985.1
58,2020-02-11,25.7,64,0.0,5.5,200,985.2
58,2020-02-12,24.8,58,0.0,6.4,194,984.3
58,2020-02-13,25.1,54,0.0,7.9,201,982.5
58,2020-02-14,24.8,44,0.0,8.8,192,979.9
58,2020-02-15,23.6,56,0.0,6.8,189,981.9
58,2020-02-16,23.9,63,0.0,3.9,180,983.6
58,2020-02-17,25.4,59,0.0,5.4,178,984.3
58,2020-02-18,26.4,59,0.0,6.8,179,984.6
58,2020-02-19,26.4,61,0.0,6.0,185,985.8
58,2020-02-20,26.2,60,0.0,4.4,171,985.8
58,2020-02-21,26.5,63,0.0,3.4,104,987.5
58,2020-02-22,26.4,61,0.0,6.0,93,988.5
58,2020-02-23,26.2,62,0.0,4.6,128,987.2
58,2020-02-24,26.0,64,0.0,4.3,212,984.4
58,2020-02-25,25.7,64,0.0,4.3,212,982.9
58,2020-02-26,26.6,60,0.0,4.0,206,983.1
58,2020-02-27,27.0,61,0.0,4.6,221,982.7
58,2020-02-28,26.8,62,0.0,5.5,228,981.9
58,2020-02-29,27.1,57,0.0,5.4,222,981.4
58,2020-03-01,26.9,55,0.0,5.3,215,981.9
58,2020-03-02,27.3,55,0.0,6.4,210,981.4
58,2020-03-03,27.2,58,0.2,7.1,199,981.5
58,2020-03-04,27.3,62,0.0,6.2,196,982.0
58,2020-03-05,27.1,58,0.0,7.1,198,982.1
58,2020-03-06,28.2,52,0.0,7.6,204,983.3
58,2020-03-07,28.4,52,0.0,7.0,210,983.2
58,2020-03-08,28.9,48,0.0,7.8,229,981.4
58,2020-03-09,29.2,47,0.0,7.3,226,979.2
58,2020-03-10,28.5,46,0.0,5.0,211,979.3
58,2020-03-11,29.0,52,0.0,7.3,198,980.9
58,2020-03-12,29.2,49,0.0,6.1,199,982.5
58,2020-03-13,29.3,48,0.0,5.6,206,982.9
58,2020-03-14,29.6,51,0.0,5.0,187,981.6
58,2020-03-15,30.2,48,0.0,6.1,190,981.6
58,2020-03-16,30.9,47,0.0,7.5,207,982.3
58,2020-03-17,30.5,49,0.0,7.4,212,982.8
58,2020-03-18,30.5,49,0.0,7.7,218,981.1
58,2020-03-19,29.8,49,0.0,6.0,205,980.4
58,2020-03-20,30.3,51,0.1,7.5,215,981.0
58,2020-03-21,29.3,56,0.6,7.7,214,982.0
58,2020-03-22,29.5,52,0.1,7.1,215,981.8
58,2020-03-23,29.2,45,0.0,6.7,218,981.0
58,2020-03-24,29.2,44,0.0,7.0,215,979.4
58,2020-03-25,28.9,45,0.0,6.9,211,978.9
58,2020-03-26,29.6,46,0.0,8.0,203,980.4
58,2020-03-27,30.1,48,0.0,7.0,207,981.2
58,2020-03-28,30.3,49,0.0,6.5,206,979.9
58,2020-03-29,31.1,50,0.0,7.3,211,979.2
58,2020-03-30,31.5,54,0.0,6.9,214,979.6
58,2020-03-31,32.1,56,0.0,6.5,217,980.1
58,2020-04-01,32.1,51,0.0,7.4,209,979.9
58,2020-04-02,31.7,47,0.0,7.9,210,980.2
58,2020-04-03,31.7,43,0.0,7.4,207,981.2
58,2020-04-04,31.1,46,0.0,7.3,209,981.3
58,2020-04-05,31.8,43,0.0,7.7,215,981.2
58,2020-04-06,32.1,46,0.0,8.2,225,980.7
58,2020-04-07,31.9,51,0.0,7.3,218,979.9
58,2020-04-08,31.2,47,0.0,6.2,216,980.7
58,2020-04-09,31.5,48,0.0,6.1,216,981.6
58,2020-04-10,31.4,45,0.0,7.3,207,982.9
58,2020-04-11,31.3,48,0.1,5.5,217,982.8
58,2020-04-12,31.7,49,0.0,6.2,212,981.0
58,2020-04-13,32.7,40,0.0,7.5,211,980.6
58,2020-04-14,32.3,47,0.1,4.8,147,982.3
58,2020-04-15,31.7,52,0.0,6.2,223,982.2
58,2020-04-16,32.0,48,0.0,7.2,219,980.6
58,2020-04-17,32.7,46,0.0,7.2,221,980.7
58,2020-04-18,32.3,49,0.0,6.4,211,981.7
58,2020-04-19,32.5,48,0.0,6.7,214,981.1
58,2020-04-20,33.0,48,0.0,6.7,217,981.2
58,2020-04-21,33.2,46,0.0,7.5,217,980.5
58,2020-04-22,33.6,44,0.0,7.7,219,980.3
58,2020-04-23,33.7,43,0.0,7.7,218,980.2
58,2020-04-24,33.8,39,0.0,9.1,218,980.7
58,2020-04-25,32.7,50,0.6,8.0,190,981.6
58,2020-04-26,30.3,64,1.0,5.3,145,983.8
58,2020-04-27,27.5,81,6.9,4.0,72,985.8
58,2020-04-28,29.3,72,7.7,4.0,88,984.5
58,2020-04-29,27.0,86,10.0,3.8,179,983.4
58,2020-04-30,27.7,87,13.4,3.9,189,983.5
58,2020-05-01,28.7,80,3.6,3.3,242,982.1
58,2020-05-02,29.7,73,0.0,4.7,217,980.8
58,2020-05-03,29.8,73,2.6,4.2,227,981.4
58,2020-05-04,30.9,68,0.2,4.9,220,981.5
58,2020-05-05,32.4,61,0.3,6.1,213,980.0
58,2020-05-06,33.1,60,0.2,6.6,213,979.3
58,2020-05-07,33.5,57,0.3,6.5,209,978.7
58,2020-05-08,33.9,57,0.0,6.4,220,978.8
58,2020-05-09,33.0,57,0.0,4.7,216,979.9
58,2020-05-10,31.7,65,0.8,4.4,190,980.9
58,2020-05-11,31.8,63,0.3,5.4,226,981.4
58,2020-05-12,32.8,59,0.1,4.9,242,980.7
58,2020-05-13,32.4,61,0.9,6.0,202,980.3
58,2020-05-14,31.5,66,0.9,4.6,199,980.6
58,2020-05-15,32.0,61,0.1,5.6,231,978.1
58,2020-05-16,32.8,59,0.1,6.4,217,977.4
58,2020-05-17,32.9,62,0.4,6.3,226,977.2
58,2020-05-18,31.6,68,0.7,6.6,212,976.8
58,2020-05-19,29.3,79,8.2,6.6,204,977.5
58,2020-05-20,29.8,77,4.1,6.8,204,978.0
58,2020-05-21,28.7,79,2.4,6.8,206,979.3
58,2020-05-22,30.1,72,0.0,6.1,232,979.2
58,2020-05-23,31.4,67,0.0,6.4,226,979.0
58,2020-05-24,32.0,63,0.0,7.4,215,979.6
58,2020-05-25,32.3,61,0.0,8.2,220,980.9
58,2020-05-26,32.5,63,0.0,8.8,222,981.2
58,2020-05-27,32.1,68,0.3,8.5,227,980.5
58,2020-05-28,29.8,75,2.6,6.4,223,980.5
58,2020-05-29,29.5,76,5.0,6.4,220,980.2
58,2020-05-30,29.4,78,2.3,6.2,217,981.1
58,2020-05-31,30.4,72,0.9,7.2,222,981.8
58,2020-06-01,29.8,77,2.6,6.1,212,981.7
58,2020-06-02,30.7,73,0.4,6.6,225,980.1
58,2020-06-03,30.8,73,0.5,5.8,227,979.4
58,2020-06-04,30.7,73,0.8,6.7,223,978.8
58,2020-06-05,30.4,74,0.5,4.9,225,979.2
58,2020-06-06,30.0,77,2.7,5.7,203,978.5
58,2020-06-07,29.1,80,3.7,6.4,197,978.1
58,2020-06-08,28.8,79,2.3,7.4,198,977.3
58,2020-06-09,30.1,77,2.6,5.3,192,977.6
58,2020-06-10,30.2,74,0.8,6.7,210,978.6
58,2020-06-11,30.4,72,0.2,8.8,209,978.8
58,2020-06-12,30.6,72,0.4,7.2,222,977.8
58,2020-06-13,30.9,72,2.2,5.7,233,977.1
58,2020-06-14,28.9,85,14.1,5.7,209,977.3
58,2020-06-15,28.1,89,12.0,5.0,195,978.2
58,2020-06-16,28.8,80,0.9,7.3,204,978.7
58,2020-06-17,27.7,84,21.4,6.3,212,978.6
58,2020-06-18,27.4,86,1.8,5.3,205,979.8
58,2020-06-19,28.2,84,4.8,4.3,197,979.5
58,2020-06-20,29.4,79,0.8,5.9,213,979.2
58,2020-06-21,30.2,73,0.2,6.5,218,978.3
58,2020-06-22,30.7,72,0.0,5.7,224,978.2
58,2020-06-23,30.0,75,2.3,5.7,209,979.8
58,2020-06-24,29.0,83,9.1,5.5,215,979.8
58,2020-06-25,28.0,87,15.8,5.9,208,978.8
58,2020-06-26,28.6,83,4.3,6.2,217,978.5
58,2020-06-27,28.4,82,1.5,5.2,200,978.6
58,2020-06-28,29.4,77,1.9,5.5,214,978.4
58,2020-06-29,30.6,73,0.3,6.2,217,978.1
58,2020-06-30,30.5,75,1.1,6.6,215,977.6
58,2020-07-01,29.2,80,6.5,7.0,212,977.2
58,2020-07-02,29.3,80,6.0,5.4,213,976.4
58,2020-07-03,29.2,81,10.7,6.0,202,977.1
58,2020-07-04,28.7,81,7.3,6.5,198,978.5
58,2020-07-05,28.3,84,6.9,6.2,202,978.4
58,2020-07-06,29.6,76,0.2,5.6,225,977.9
58,2020-07-07,30.4,77,3.9,5.0,211,979.2
58,2020-07-08,29.6,80,2.3,5.1,202,979.6
58,2020-07-09,29.7,78,1.0,6.9,212,978.5
58,2020-07-10,29.4,78,1.5,7.6,220,978.7
58,2020-07-11,29.5,79,2.8,6.4,212,978.6
58,2020-07-12,28.8,83,3.1,6.1,209,977.8
58,2020-07-13,27.0,92,22.3,4.4,191,978.0
58,2020-07-14,28.4,82,7.6,4.3,192,978.9
58,2020-07-15,29.4,77,0.0,4.8,210,978.8
58,2020-07-16,29.9,78,8.0,5.4,209,977.4
58,2020-07-17,29.7,79,1.2,6.0,202,978.2
58,2020-07-18,28.7,81,0.1,7.0,204,980.1
58,2020-07-19,27.8,83,0.8,5.8,210,979.7
58,2020-07-20,29.2,82,1.0,4.8,217,979.5
58,2020-07-21,27.2,94,10.3,3.1,189,980.3
58,2020-07-22,28.9,83,0.6,4.7,198,979.1
58,2020-07-23,29.9,77,1.0,5.3,202,979.5
58,2020-07-24,30.5,76,0.6,4.6,210,980.2
58,2020-07-25,30.5,81,10.2,3.9,188,979.3
58,2020-07-26,29.8,83,2.2,4.1,185,978.9
58,2020-07-27,29.3,85,4.2,4.9,197,978.0
58,2020-07-28,26.9,93,12.9,2.9,177,979.4
58,2020-07-29,27.5,90,7.1,4.7,209,980.4
58,2020-07-30,28.4,83,0.6,5.4,225,979.8
58,2020-07-31,29.7,79,0.0,5.9,228,977.3
58,2020-08-01,29.7,80,2.9,5.4,222,975.1
58,2020-08-02,28.5,86,2.4,5.2,222,972.4
58,2020-08-03,26.6,97,20.0,4.1,193,970.0
58,2020-08-04,27.8,92,6.1,4.3,143,972.0
58,2020-08-05,28.7,83,2.0,6.8,188,976.0
58,2020-08-06,28.0,89,11.8,4.6,210,978.7
58,2020-08-07,28.6,86,3.6,4.6,206,978.1
58,2020-08-08,29.3,82,12.6,5.8,204,976.9
58,2020-08-09,29.8,79,2.4,5.7,208,977.3
58,2020-08-10,28.9,80,0.8,6.3,206,978.2
58,2020-08-11,28.8,81,7.8,6.5,207,978.2
58,2020-08-12,28.1,84,5.7,5.0,192,978.5
58,2020-08-13,28.6,85,4.7,6.3,199,977.3
58,2020-08-14,27.5,87,6.9,7.4,193,977.7
58,2020-08-15,26.4,92,19.2,5.5,195,979.1
58,2020-08-16,27.3,85,0.8,6.9,205,979.2
58,2020-08-17,27.0,87,9.1,5.9,210,978.9
58,2020-08-18,25.4,95,11.5,3.7,184,979.0
58,2020-08-19,27.1,85,1.2,4.6,206,978.7
58,2020-08-20,27.1,89,9.4,3.9,212,979.6
58,2020-08-21,26.9,93,9.3,4.8,230,980.5
58,2020-08-22,26.6,96,28.4,2.6,229,978.8
58,2020-08-23,26.4,96,72.5,4.2,220,978.2
58,2020-08-24,26.5,89,1.9,6.7,189,980.3
58,2020-08-25,26.8,85,2.8,4.5,201,981.2
58,2020-08-26,27.1,87,1.4,4.1,224,980.9
58,2020-08-27,28.1,87,2.6,5.3,232,979.1
58,2020-08-28,29.4,83,2.4,5.1,223,977.4
58,2020-08-29,29.5,83,1.6,4.7,223,977.6
58,2020-08-30,29.1,84,1.0,3.5,184,977.6
58,2020-08-31,28.2,91,11.2,2.8,85,978.8
58,2020-09-01,27.2,91,5.6,3.2,42,980.2
58,2020-09-02,28.9,85,2.2,2.4,234,981.0
58,2020-09-03,29.6,84,4.2,3.2,206,980.8
58,2020-09-04,28.9,88,3.6,2.7,155,980.0
58,2020-09-05,29.5,83,0.0,3.8,206,979.0
58,2020-09-06,29.4,83,4.6,5.0,221,979.0
58,2020-09-07,28.8,84,0.8,4.5,222,979.3
58,2020-09-08,27.8,86,12.1,4.3,195,979.8
58,2020-09-09,28.1,85,10.0,3.6,202,980.2
58,2020-09-10,29.1,80,0.2,4.4,211,978.6
58,2020-09-11,29.1,81,0.0,4.6,209,979.1
58,2020-09-12,29.7,81,1.6,3.8,198,981.0
58,2020-09-13,29.0,85,6.7,3.6,169,981.2
58,2020-09-14,29.3,82,0.1,3.5,195,980.6
58,2020-09-15,29.3,80,0.1,4.3,206,980.1
58,2020-09-16,29.5,83,2.4,4.1,214,979.8
58,2020-09-17,29.6,83,6.7,3.7,224,978.3
58,2020-09-18,29.3,88,8.8,2.7,3,975.7
58,2020-09-19,28.6,89,1.9,5.2,44,973.2
58,2020-09-20,27.1,95,33.4,4.7,142,976.8
58,2020-09-21,27.5,89,2.6,6.3,192,980.4
58,2020-09-22,28.6,83,0.9,5.1,196,981.4
58,2020-09-23,27.9,89,6.9,3.5,210,981.0
58,2020-09-24,27.2,93,15.8,3.7,190,981.5
58,2020-09-25,28.0,87,4.1,4.5,211,980.6
58,2020-09-26,28.0,84,0.4,5.0,212,980.6
58,2020-09-27,28.4,83,0.1,4.0,213,979.9
58,2020-09-28,28.8,88,2.3,2.4,99,978.5
58,2020-09-29,28.3,89,14.4,2.5,125,978.1
58,2020-09-30,27.6,92,5.9,3.4,205,978.4
58,2020-10-01,28.2,86,2.0,3.5,192,978.2
58,2020-10-02,28.7,86,4.7,3.3,188,978.8
58,2020-10-03,27.8,92,12.6,2.6,145,979.5
58,2020-10-04,27.8,90,9.1,2.5,137,980.3
58,2020-10-05,27.7,90,3.7,3.3,201,980.4
58,2020-10-06,28.0,90,13.0,2.5,103,981.3
58,2020-10-07,28.7,86,0.6,2.4,86,981.3
58,2020-10-08,29.2,81,0.6,5.0,75,980.3
58,2020-10-09,28.5,77,0.0,5.5,66,980.8
58,2020-10-10,27.8,82,0.0,5.2,79,980.3
58,2020-10-11,28.4,83,0.0,3.5,81,978.8
58,2020-10-12,28.0,81,0.0,3.2,84,977.9
58,2020-10-13,28.0,80,0.0,3.0,103,978.7
58,2020-10-14,28.3,83,0.0,3.5,175,979.0
58,2020-10-15,28.0,87,2.0,2.9,111,978.3
58,2020-10-16,27.9,86,0.3,4.9,69,978.6
58,2020-10-17,27.1,86,10.9,6.1,51,980.1
58,2020-10-18,27.9,79,0.7,6.0,64,980.3
58,2020-10-19,25.7,82,0.4,6.4,64,981.1
58,2020-10-20,25.4,83,0.0,6.8,77,982.3
58,2020-10-21,26.7,84,0.1,4.6,81,983.1
58,2020-10-22,27.1,85,0.5,4.3,86,981.8
58,2020-10-23,27.4,83,0.0,4.4,98,981.7
58,2020-10-24,27.2,86,0.4,2.9,109,982.3
58,2020-10-25,27.7,85,0.7,2.3,167,982.6
58,2020-10-26,28.0,86,0.6,2.5,72,981.6
58,2020-10-27,27.0,86,2.7,2.9,94,981.5
58,2020-10-28,26.7,88,1.2,3.1,61,981.7
58,2020-10-29,26.9,83,1.6,5.5,62,980.8
58,2020-10-30,25.7,88,3.1,5.5,55,982.1
58,2020-10-31,26.9,86,1.4,4.0,77,984.1
58,2020-11-01,27.6,86,0.6,3.4,97,984.3
58,2020-11-02,27.6,86,3.2,2.5,114,984.3
58,2020-11-03,28.2,86,2.1,2.6,115,984.4
58,2020-11-04,27.4,88,10.1,2.9,171,984.2
58,2020-11-05,27.1,88,0.5,3.0,143,984.3
58,2020-11-06,27.5,84,0.2,3.0,75,984.9
58,2020-11-07,27.5,84,0.0,3.9,73,985.4
58,2020-11-08,27.6,79,0.0,5.9,68,986.0
58,2020-11-09,26.6,74,0.0,6.4,70,985.1
58,2020-11-10,25.5,71,0.0,6.7,67,984.9
58,2020-11-11,25.1,72,0.0,5.7,64,986.1
58,2020-11-12,25.4,76,0.0,5.3,69,986.3
58,2020-11-13,27.2,78,0.0,4.4,60,984.8
58,2020-11-14,26.9,78,0.0,4.8,71,983.8
58,2020-11-15,25.8,73,0.0,5.2,66,984.3
58,2020-11-16,25.6,77,0.0,3.7,62,984.2
58,2020-11-17,26.4,82,0.1,4.1,148,983.1
58,2020-11-18,26.4,80,0.0,3.7,180,982.3
58,2020-11-19,25.8,76,0.0,3.3,33,981.8
58,2020-11-20,25.3,73,0.0,3.4,47,982.3
58,2020-11-21,24.7,73,0.0,3.3,47,982.6
58,2020-11-22,24.6,75,0.0,3.2,65,984.0
58,2020-11-23,24.9,82,0.0,2.8,76,984.6
58,2020-11-24,26.3,82,0.0,3.4,80,985.0
58,2020-11-25,26.6,80,0.0,4.1,66,984.8
58,2020-11-26,26.2,79,0.0,4.1,67,985.3
58,2020-11-27,25.7,78,0.0,5.1,80,986.1
58,2020-11-28,25.2,78,0.0,4.2,78,986.1
58,2020-11-29,25.1,77,0.0,5.0,76,985.8
58,2020-11-30,24.4,77,0.0,5.1,73,985.9
58,2020-12-01,24.3,77,0.0,4.7,72,986.4
58,2020-12-02,24.5,77,0.0,4.1,93,985.0
58,2020-12-03,24.8,80,0.1,3.6,96,984.4
58,2020-12-04,24.9,83,0.2,3.5,101,984.0
58,2020-12-05,24.7,79,0.0,3.6,92,985.3
58,2020-12-06,23.8,77,0.0,4.1,87,985.7
58,2020-12-07,23.2,78,0.0,3.5,88,985.7
58,2020-12-08,22.9,79,0.0,3.5,88,985.4
58,2020-12-09,23.2,77,0.0,4.0,111,984.0
58,2020-12-10,22.9,79,0.0,3.1,91,983.3
58,2020-12-11,22.8,79,0.0,3.2,74,983.6
58,2020-12-12,22.4,80,0.0,3.4,121,982.8
58,2020-12-13,22.8,79,0.0,3.6,165,981.8
58,2020-12-14,23.4,77,0.0,2.9,104,982.4
58,2020-12-15,24.6,78,0.0,3.0,87,984.1
58,2020-12-16,25.3,79,0.0,3.4,99,984.7
58,2020-12-17,25.7,80,0.0,3.5,143,983.7
58,2020-12-18,25.6,82,0.0,3.8,147,983.6
58,2020-12-19,25.7,80,0.0,3.3,101,984.6
58,2020-12-20,24.8,77,0.0,5.3,87,985.7
58,2020-12-21,22.5,71,0.0,7.3,78,986.2
58,2020-12-22,20.5,75,0.0,4.6,72,985.3
58,2020-12-23,20.7,76,0.0,3.9,72,983.4
58,2020-12-24,21.5,74,0.0,3.5,74,982.9
58,2020-12-25,22.2,74,0.0,3.8,85,983.0
58,2020-12-26,23.7,78,0.0,3.9,166,983.1
58,2020-12-27,24.4,77,0.0,3.8,170,982.6
58,2020-12-28,23.8,75,0.0,3.8,178,982.1
58,2020-12-29,22.5,71,0.0,3.0,56,982.5
58,2020-12-30,22.3,70,0.0,3.2,86,983.5
58,2020-12-31,23.5,75,0.0,4.2,86,984.8
58,2021-01-01,23.1,76,0.0,5.3,86,985.8
58,2021-01-02,22.0,79,0.0,3.9,83,985.2
58,2021-01-03,22.8,76,0.0,3.8,82,984.0
58,2021-01-04,23.5,75,0.0,3.9,87,984.8
58,2021-01-05,23.9,74,0.0,3.5,88,984.3
58,2021-01-06,24.6,73,0.0,3.7,130,982.6
58,2021-01-07,24.9,78,0.0,3.8,158,981.6
58,2021-01-08,25.8,82,0.1,3.8,131,981.5
58,2021-01-09,26.8,82,0.1,4.5,173,982.3
58,2021-01-10,26.8,77,0.0,4.9,171,982.2
58,2021-01-11,26.3,78,0.1,4.3,119,983.7
58,2021-01-12,23.3,68,0.0,7.6,85,986.1
58,2021-01-13,21.7,67,0.0,4.7,98,985.1
58,2021-01-14,21.6,76,0.0,4.6,132,983.5
58,2021-01-15,21.7,77,0.0,4.5,178,981.4
58,2021-01-16,22.0,69,0.0,5.6,172,981.3
58,2021-01-17,22.4,71,0.0,4.2,119,984.2
58,2021-01-18,23.7,73,0.0,5.5,93,985.4
58,2021-01-19,22.9,71,0.0,4.8,118,984.0
58,2021-01-20,22.6,73,0.0,5.3,193,983.1
58,2021-01-21,22.4,72,0.0,4.3,185,982.3
58,2021-01-22,22.5,73,0.0,4.1,212,982.0
58,2021-01-23,23.3,71,0.0,5.6,193,981.8
58,2021-01-24,22.2,65,0.0,5.0,181,983.0
58,2021-01-25,22.1,69,0.0,3.7,178,983.1
58,2021-01-26,23.2,69,0.0,3.6,197,982.4
58,2021-01-27,24.2,71,0.0,3.9,191,982.5
58,2021-01-28,24.7,71,0.0,3.7,170,983.9
58,2021-01-29,25.9,74,0.0,5.1,186,983.6
58,2021-01-30,25.7,79,0.3,5.7,173,983.9
58,2021-01-31,25.3,76,0.2,5.4,186,984.8
58,2021-02-01,24.8,70,0.0,4.7,180,985.2
58,2021-02-02,23.6,66,0.0,4.5,179,984.9
58,2021-02-03,23.1,59,0.0,4.4,176,984.8
58,2021-02-04,23.7,60,0.0,4.0,185,985.1
58,2021-02-05,24.4,67,0.0,3.8,184,984.3
58,2021-02-06,24.8,70,0.0,4.5,190,982.8
58,2021-02-07,25.3,71,0.2,5.1,217,982.8
58,2021-02-08,22.1,90,14.7,3.5,45,982.6
58,2021-02-09,22.0,77,1.6,5.4,18,983.6
58,2021-02-10,22.1,70,0.0,3.8,70,983.3
58,2021-02-11,22.8,70,0.0,4.2,157,982.8
58,2021-02-12,23.5,69,0.0,4.1,194,983.1
58,2021-02-13,24.0,64,0.0,5.2,187,983.3
58,2021-02-14,24.0,60,0.0,5.0,175,983.3
58,2021-02-15,24.2,59,0.0,5.5,184,982.0
58,2021-02-16,24.3,63,0.0,4.2,173,981.6
58,2021-02-17,26.1,63,0.0,3.7,124,983.0
58,2021-02-18,25.9,78,2.7,4.1,93,986.2
58,2021-02-19,26.0,76,0.0,4.1,83,987.4
58,2021-02-20,26.5,70,0.0,2.9,61,985.9
58,2021-02-21,26.8,70,0.0,4.4,336,984.6
58,2021-02-22,27.4,68,0.0,4.5,285,983.3
58,2021-02-23,27.5,67,0.3,4.6,205,981.9
58,2021-02-24,28.2,65,0.1,7.3,206,980.4
58,2021-02-25,27.9,57,0.0,7.9,216,979.4
58,2021-02-26,26.7,54,0.0,7.2,213,978.3
58,2021-02-27,26.0,57,0.0,5.8,204,978.7
58,2021-02-28,26.0,57,0.0,6.1,204,980.0
58,2021-03-01,26.3,56,0.0,5.8,195,982.8
58,2021-03-02,26.2,50,0.0,5.7,213,983.1
58,2021-03-03,26.9,51,0.0,6.2,213,982.4
58,2021-03-04,28.1,53,0.0,8.1,211,982.9
58,2021-03-05,28.2,50,0.0,7.2,210,983.0
58,2021-03-06,26.0,43,0.0,5.4,196,983.6
58,2021-03-07,25.3,47,0.0,5.0,211,983.1
58,2021-03-08,25.6,46,0.0,5.5,201,983.4
58,2021-03-09,26.4,47,0.0,5.1,201,983.2
58,2021-03-10,26.8,51,0.0,4.8,221,983.4
58,2021-03-11,27.4,54,0.0,4.4,221,983.7
58,2021-03-12,28.2,54,0.0,4.4,238,984.2
58,2021-03-13,28.6,51,0.0,4.0,178,983.0
58,2021-03-14,28.5,56,0.0,6.2,202,981.2
58,2021-03-15,29.9,59,0.0,6.5,213,980.7
58,2021-03-16,29.2,54,0.0,6.4,202,980.2
58,2021-03-17,29.7,54,0.0,6.7,206,980.1
58,2021-03-18,30.1,56,0.0,5.9,199,980.0
58,2021-03-19,31.1,52,0.0,6.8,204,979.3
58,2021-03-20,31.4,50,0.0,7.2,208,977.9
58,2021-03-21,31.9,49,0.0,6.7,205,978.8
58,2021-03-22,32.2,46,0.0,6.4,158,981.4
58,2021-03-23,31.2,64,0.2,6.1,206,983.3
58,2021-03-24,31.5,57,0.0,5.4,230,981.4
58,2021-03-25,32.4,55,0.0,5.2,217,980.3
58,2021-03-26,32.5,49,0.0,6.4,222,980.2
58,2021-03-27,31.8,57,0.0,6.2,225,979.5
58,2021-03-28,31.6,58,0.0,6.7,219,979.1
58,2021-03-29,31.7,51,0.0,6.8,232,978.2
58,2021-03-30,33.1,44,0.0,8.0,227,976.5
58,2021-03-31,32.6,52,0.0,7.2,226,976.1
58,2021-04-01,32.6,45,0.0,7.3,224,976.5
58,2021-04-02,33.0,43,0.0,6.5,218,977.4
58,2021-04-03,31.0,52,0.0,4.7,296,978.7
58,2021-04-04,27.5,59,2.4,5.7,62,981.8
58,2021-04-05,25.3,77,7.1,4.0,34,983.4
58,2021-04-06,23.0,90,14.2,4.8,22,984.7
58,2021-04-07,27.8,72,0.0,4.1,268,984.0
58,2021-04-08,29.7,66,0.0,5.1,217,981.5
58,2021-04-09,30.5,63,0.0,4.3,186,981.0
58,2021-04-10,30.9,62,0.0,4.9,162,982.3
58,2021-04-11,30.6,67,0.3,4.8,189,983.6
58,2021-04-12,30.6,66,0.0,4.4,211,983.8
58,2021-04-13,31.4,60,0.2,5.1,215,982.8
58,2021-04-14,30.5,64,0.6,5.9,212,982.2
58,2021-04-15,30.5,63,0.0,5.5,233,981.1
58,2021-04-16,29.7,69,2.0,4.4,201,981.3
58,2021-04-17,25.3,92,7.0,2.7,30,983.3
58,2021-04-18,27.9,79,0.4,4.2,247,982.2
58,2021-04-19,30.1,65,0.1,5.6,228,980.2
58,2021-04-20,30.5,64,0.1,5.2,215,979.8
58,2021-04-21,31.4,62,0.0,5.0,215,980.5
58,2021-04-22,32.0,62,0.0,6.0,229,980.0
58,2021-04-23,32.4,64,0.0,6.3,227,978.5
58,2021-04-24,32.6,66,0.0,6.1,220,978.7
58,2021-04-25,30.1,78,9.5,5.4,197,979.9
58,2021-04-26,29.6,74,1.7,5.2,201,980.4
58,2021-04-27,28.1,82,12.1,3.5,163,981.7
58,2021-04-28,27.7,85,12.9,3.8,121,983.0
58,2021-04-29,28.3,78,1.5,3.6,109,982.4
58,2021-04-30,28.5,79,3.9,3.3,141,981.9
58,2021-05-01,28.5,79,2.5,3.7,172,982.5
58,2021-05-02,29.2,74,0.0,4.7,215,982.0
58,2021-05-03,30.4,68,0.0,5.6,209,980.3
58,2021-05-04,31.4,68,0.0,4.9,218,980.2
58,2021-05-05,30.6,65,0.2,3.9,181,980.7
58,2021-05-06,28.3,77,4.6,3.6,140,983.4
58,2021-05-07,28.9,75,0.4,3.6,267,983.6
58,2021-05-08,29.1,73,1.2,4.0,208,981.7
58,2021-05-09,29.4,74,2.6,4.1,239,980.7
58,2021-05-10,30.1,72,0.1,5.3,217,979.7
58,2021-05-11,31.3,69,0.3,5.5,222,978.9
58,2021-05-12,30.6,73,2.1,6.8,217,978.1
58,2021-05-13,31.2,68,0.2,5.4,233,977.8
58,2021-05-14,31.1,69,0.7,6.7,224,977.9
58,2021-05-15,31.8,66,0.3,6.5,233,978.5
58,2021-05-16,32.4,62,0.0,5.4,231,978.5
58,2021-05-17,32.6,65,0.2,5.7,206,978.7
58,2021-05-18,32.3,69,0.2,6.3,213,979.2
58,2021-05-19,32.2,71,0.4,6.4,222,978.6
58,2021-05-20,32.7,68,0.0,7.5,213,978.4
58,2021-05-21,32.8,67,0.2,7.0,211,978.4
58,2021-05-22,32.2,69,0.4,7.0,219,977.3
58,2021-05-23,31.5,70,0.6,7.7,208,977.7
58,2021-05-24,31.4,68,0.5,6.9,202,978.6
58,2021-05-25,30.6,68,0.9,7.5,197,978.5
58,2021-05-26,29.3,75,2.4,6.4,203,978.3
58,2021-05-27,31.5,65,0.0,4.9,234,979.0
58,2021-05-28,31.2,71,2.9,4.1,185,979.6
58,2021-05-29,28.5,91,51.8,2.9,205,979.6
58,2021-05-30,28.7,86,5.9,4.1,210,978.8
58,2021-05-31,29.4,82,2.9,6.1,214,978.1
58,2021-06-01,30.5,76,0.5,6.3,223,978.4
58,2021-06-02,30.7,76,0.2,6.1,226,978.8
58,2021-06-03,30.8,78,0.9,6.0,227,979.2
58,2021-06-04,30.0,78,2.5,5.7,226,979.1
58,2021-06-05,28.5,86,13.5,4.3,234,979.1
58,2021-06-06,28.1,87,13.0,5.5,222,978.3
58,2021-06-07,28.8,84,2.5,5.2,203,977.3
58,2021-06-08,29.0,81,2.3,4.6,202,976.7
58,2021-06-09,28.0,82,4.7,7.4,190,976.7
58,2021-06-10,27.5,87,10.5,5.3,187,976.0
58,2021-06-11,28.3,79,1.6,6.2,203,976.1
58,2021-06-12,28.4,79,1.6,5.9,211,978.1
58,2021-06-13,27.9,81,5.6,4.6,215,977.5
58,2021-06-14,25.6,96,26.7,5.0,193,977.3
58,2021-06-15,27.0,91,32.1,6.7,183,976.4
58,2021-06-16,26.8,90,11.7,6.6,192,977.9
58,2021-06-17,27.8,83,21.7,7.9,201,980.1
58,2021-06-18,27.9,82,2.9,6.5,210,981.9
58,2021-06-19,28.6,78,0.5,7.0,226,981.4
58,2021-06-20,28.9,77,1.0,6.9,229,979.9
58,2021-06-21,28.8,80,5.5,6.7,212,978.4
58,2021-06-22,28.9,79,1.3,6.9,210,979.2
58,2021-06-23,28.2,82,4.9,5.2,205,980.0
58,2021-06-24,28.4,83,6.0,6.2,217,979.0
58,2021-06-25,28.8,79,1.3,6.1,221,977.7
58,2021-06-26,28.6,84,6.4,5.7,206,978.8
58,2021-06-27,28.4,84,1.6,6.0,214,980.8
58,2021-06-28,28.0,87,6.0,6.3,219,980.2
58,2021-06-29,28.0,87,2.6,6.3,220,978.8
58,2021-06-30,27.7,88,14.4,6.3,213,978.2
58,2021-07-01,26.8,92,11.4,6.3,208,978.5
58,2021-07-02,27.1,90,6.8,6.4,193,979.8
58,2021-07-03,28.3,83,0.9,6.4,214,979.6
58,2021-07-04,28.8,83,2.6,6.0,217,979.0
58,2021-07-05,29.3,83,0.3,5.2,223,977.8
58,2021-07-06,27.3,94,9.8,3.4,193,976.8
58,2021-07-07,28.9,81,7.0,4.1,198,977.4
58,2021-07-08,27.6,90,18.6,4.2,201,977.3
58,2021-07-09,28.3,89,30.0,2.9,110,976.7
58,2021-07-10,29.2,81,2.9,4.1,93,977.2
58,2021-07-11,29.3,81,2.1,5.9,98,978.5
58,2021-07-12,28.9,84,7.7,3.3,164,980.4
58,2021-07-13,29.4,79,0.3,4.1,217,980.0
58,2021-07-14,30.2,76,0.3,4.7,222,978.6
58,2021-07-15,28.3,87,12.8,3.5,207,978.8
58,2021-07-16,27.8,88,17.6,3.8,202,980.5
58,2021-07-17,29.2,80,0.5,4.9,218,979.0
58,2021-07-18,29.2,79,0.9,6.4,220,976.9
58,2021-07-19,27.9,87,10.3,5.6,205,975.4
58,2021-07-20,26.9,93,11.5,5.4,195,976.0
58,2021-07-21,27.5,88,7.1,7.0,189,975.7
58,2021-07-22,27.6,88,4.0,6.7,190,975.8
58,2021-07-23,27.6,88,9.8,7.5,209,977.1
58,2021-07-24,28.1,88,8.9,5.6,223,976.8
58,2021-07-25,27.3,93,10.1,5.6,215,976.3
58,2021-07-26,26.5,94,19.1,5.7,205,975.6
58,2021-07-27,27.3,88,0.4,5.6,193,975.3
58,2021-07-28,27.3,88,3.6,4.3,210,975.9
58,2021-07-29,28.5,85,2.9,4.6,201,976.7
58,2021-07-30,28.8,84,6.0,6.1,219,977.9
58,2021-07-31,28.3,85,11.3,5.8,218,978.1
58,2021-08-01,27.8,87,17.9,6.5,209,977.0
58,2021-08-02,27.3,90,14.7,5.3,204,977.0
58,2021-08-03,26.8,91,20.5,5.9,202,976.9
58,2021-08-04,26.8,91,8.3,5.2,196,977.7
58,2021-08-05,27.0,92,11.4,6.4,175,976.8
58,2021-08-06,27.9,88,11.4,6.3,188,977.7
58,2021-08-07,28.1,86,2.6,5.7,209,979.9
58,2021-08-08,29.5,80,0.7,6.7,231,980.2
58,2021-08-09,29.7,82,1.2,6.3,229,978.9
58,2021-08-10,29.5,84,1.5,5.5,217,976.8
58,2021-08-11,28.4,88,4.0,4.5,192,978.3
58,2021-08-12,29.4,80,2.0,5.6,207,980.5
58,2021-08-13,28.8,82,3.0,5.5,210,979.1
58,2021-08-14,28.2,87,14.0,5.5,209,977.3
58,2021-08-15,27.6,92,10.9,4.5,191,978.3
58,2021-08-16,27.5,87,8.1,5.9,188,982.0
58,2021-08-17,27.5,87,3.6,4.2,195,983.3
58,2021-08-18,27.1,87,2.8,3.9,211,981.7
58,2021-08-19,27.7,88,6.1,3.3,204,980.5
58,2021-08-20,27.4,90,6.4,2.8,177,981.5
58,2021-08-21,28.8,82,0.5,4.0,222,981.5
58,2021-08-22,29.3,81,0.8,5.4,219,980.2
58,2021-08-23,29.6,80,0.5,5.8,210,978.8
58,2021-08-24,28.6,82,1.2,4.3,200,977.8
58,2021-08-25,28.4,88,10.5,4.5,191,976.7
58,2021-08-26,28.7,88,37.4,2.7,150,977.5
58,2021-08-27,29.2,85,11.7,3.1,109,978.1
58,2021-08-28,28.5,85,5.0,2.7,105,978.3
58,2021-08-29,28.2,86,14.2,2.6,118,979.2
58,2021-08-30,28.6,86,5.8,2.4,114,980.6
58,2021-08-31,28.2,88,6.4,3.5,171,981.2
58,2021-09-01,28.2,89,20.3,3.1,188,980.4
58,2021-09-02,28.2,87,12.8,3.0,167,979.5
58,2021-09-03,28.6,84,1.6,4.9,203,978.2
58,2021-09-04,28.2,83,4.3,5.6,195,978.3
58,2021-09-05,28.3,79,1.5,5.7,197,979.6
58,2021-09-06,28.1,83,3.2,3.4,210,981.9
58,2021-09-07,28.1,89,10.0,2.6,295,982.0
58,2021-09-08,28.8,85,0.4,2.2,81,979.4
58,2021-09-09,27.8,87,2.6,4.6,73,977.5
58,2021-09-10,28.9,80,0.3,5.2,84,978.9
58,2021-09-11,27.6,86,5.0,3.7,197,979.7
58,2021-09-12,27.8,83,0.9,4.7,214,978.7
58,2021-09-13,28.4,84,1.3,4.1,213,979.3
58,2021-09-14,26.4,95,7.9,2.1,149,980.5
58,2021-09-15,28.5,88,0.8,3.2,79,980.1
58,2021-09-16,28.4,89,9.1,3.1,88,979.7
58,2021-09-17,27.3,92,22.2,3.4,192,980.5
58,2021-09-18,28.4,85,0.9,4.5,214,981.6
58,2021-09-19,28.8,82,0.0,3.6,220,981.9
58,2021-09-20,28.1,87,11.8,2.7,135,980.3
58,2021-09-21,28.0,88,4.8,2.7,63,979.5
58,2021-09-22,28.7,82,0.7,4.9,87,978.2
58,2021-09-23,28.4,84,3.1,4.5,86,979.6
58,2021-09-24,27.7,91,6.9,2.0,206,980.7
58,2021-09-25,27.7,90,16.7,2.5,32,979.1
58,2021-09-26,26.9,89,9.7,7.1,63,978.4
58,2021-09-27,27.1,88,6.6,4.5,77,980.7
58,2021-09-28,27.4,89,1.9,3.1,81,982.1
58,2021-09-29,28.2,88,2.5,2.9,123,981.2
58,2021-09-30,28.6,86,2.7,2.9,189,980.9
58,2021-10-01,27.5,91,8.4,2.5,156,981.0
58,2021-10-02,27.5,87,1.1,3.3,201,981.5
58,2021-10-03,28.0,84,3.4,3.5,190,980.7
58,2021-10-04,28.2,87,2.8,2.8,135,980.8
58,2021-10-05,28.6,86,1.1,2.5,50,980.9
58,2021-10-06,29.0,84,0.5,2.5,77,979.0
58,2021-10-07,29.2,85,1.5,2.7,124,977.5
58,2021-10-08,28.9,84,0.5,2.8,185,977.3
58,2021-10-09,29.3,83,0.2,3.0,193,977.6
58,2021-10-10,28.5,86,2.2,3.3,237,977.0
58,2021-10-11,27.0,92,15.1,2.5,59,976.6
58,2021-10-12,27.9,83,0.9,3.7,57,977.2
58,2021-10-13,28.9,84,0.0,3.8,81,976.7
58,2021-10-14,28.5,87,3.0,2.5,81,976.3
58,2021-10-15,27.5,83,1.1,4.0,59,977.1
58,2021-10-16,26.1,90,9.0,5.4,55,980.0
58,2021-10-17,26.7,83,3.7,6.6,73,983.2
58,2021-10-18,27.6,83,0.6,4.5,78,983.6
58,2021-10-19,27.6,86,1.5,3.3,96,985.0
58,2021-10-20,27.9,87,2.6,3.0,211,985.3
58,2021-10-21,27.7,87,2.0,4.5,204,983.7
58,2021-10-22,26.9,92,9.2,3.7,176,983.7
58,2021-10-23,26.4,95,18.3,2.3,81,985.1
58,2021-10-24,26.6,93,13.2,3.1,58,985.4
58,2021-10-25,27.1,86,0.3,2.8,97,984.1
58,2021-10-26,27.7,84,0.0,2.8,112,983.3
58,2021-10-27,28.2,83,0.0,2.7,89,983.6
58,2021-10-28,28.1,86,0.9,3.4,76,983.5
58,2021-10-29,28.1,86,0.7,4.4,73,984.4
58,2021-10-30,26.0,95,6.9,2.7,92,985.4
58,2021-10-31,27.6,84,0.0,2.6,188,984.9
58,2021-11-01,27.7,85,1.3,2.7,104,984.7
58,2021-11-02,27.0,90,6.3,3.1,55,985.1
58,2021-11-03,26.9,92,16.0,2.5,77,984.2
58,2021-11-04,26.2,94,7.9,2.5,110,984.1
58,2021-11-05,27.0,88,0.0,2.8,242,982.5
58,2021-11-06,27.0,89,1.1,2.9,207,980.5
58,2021-11-07,27.8,87,0.0,2.4,72,980.4
58,2021-11-08,28.3,86,0.2,3.6,96,982.1
58,2021-11-09,27.4,88,1.1,2.9,85,983.9
58,2021-11-10,27.5,85,0.2,3.0,89,984.2
58,2021-11-11,27.7,86,0.2,2.8,104,983.3
58,2021-11-12,27.3,89,1.2,2.9,66,984.0
58,2021-11-13,27.3,88,0.1,2.9,86,983.9
58,2021-11-14,26.7,88,0.0,3.2,115,983.4
58,2021-11-15,27.2,87,0.0,2.7,112,982.1
58,2021-11-16,27.4,86,0.1,2.5,99,982.4
58,2021-11-17,27.7,85,0.2,2.8,70,983.4
58,2021-11-18,27.6,85,0.0,2.9,124,982.5
58,2021-11-19,27.7,86,0.2,3.2,340,980.7
58,2021-11-20,26.3,84,0.0,3.6,171,980.5
58,2021-11-21,25.2,80,0.0,3.0,99,981.8
58,2021-11-22,26.0,83,0.0,3.3,90,982.3
58,2021-11-23,26.7,86,1.2,3.7,123,982.7
58,2021-11-24,26.5,88,1.4,3.2,79,984.1
58,2021-11-25,25.8,91,1.2,3.1,64,984.7
58,2021-11-26,25.6,93,2.3,3.3,69,984.6
58,2021-11-27,26.3,86,0.0,4.2,80,985.0
58,2021-11-28,26.1,83,0.0,4.5,64,985.8
58,2021-11-29,25.1,82,0.0,4.2,61,985.1
58,2021-11-30,24.0,77,0.0,6.6,72,985.2
58,2021-12-01,23.2,78,0.0,6.6,69,985.6
58,2021-12-02,23.0,81,0.0,5.1,74,986.1
58,2021-12-03,23.0,82,0.0,4.6,75,987.3
58,2021-12-04,22.2,80,0.0,5.5,79,987.1
58,2021-12-05,21.6,74,0.0,6.0,76,987.1
58,2021-12-06,21.3,75,0.0,5.2,77,986.3
58,2021-12-07,22.1,80,0.0,3.4,83,986.2
58,2021-12-08,23.0,82,0.0,4.3,79,986.7
58,2021-12-09,23.2,80,0.0,5.5,80,987.7
58,2021-12-10,23.5,80,0.0,3.7,88,986.7
58,2021-12-11,24.0,82,0.0,2.7,81,986.3
58,2021-12-12,24.1,82,0.0,4.3,85,986.5
58,2021-12-13,23.5,82,0.0,4.1,83,985.9
58,2021-12-14,23.1,82,0.0,3.5,81,984.8
58,2021-12-15,23.2,82,0.0,3.3,90,983.9
58,2021-12-16,23.2,79,0.0,3.0,46,984.0
58,2021-12-17,22.8,77,0.0,4.4,70,984.5
58,2021-12-18,22.1,80,0.0,4.8,78,985.1
58,2021-12-19,22.1,80,0.0,4.7,80,985.6
58,2021-12-20,21.6,81,0.0,4.3,77,985.3
58,2021-12-21,21.1,81,0.0,3.5,91,984.7
58,2021-12-22,21.8,80,0.0,3.6,139,983.8
58,2021-12-23,22.2,82,0.0,5.5,185,983.2
58,2021-12-24,21.9,82,0.0,4.2,160,983.6
58,2021-12-25,22.4,78,0.0,4.1,207,984.4
58,2021-12-26,22.9,78,0.0,4.3,202,986.1
58,2021-12-27,23.4,80,0.1,3.6,117,987.1
58,2021-12-28,23.6,83,0.2,3.0,90,986.9
58,2021-12-29,24.0,80,0.0,3.2,82,987.0
58,2021-12-30,24.5,83,0.6,3.7,98,988.2
58,2021-12-31,24.6,82,0.0,3.2,86,987.9
58,2022-01-01,24.4,84,0.2,2.9,94,987.3
58,2022-01-02,24.5,81,0.1,3.3,91,986.7
58,2022-01-03,23.5,78,0.0,4.1,99,985.5
58,2022-01-04,23.1,79,0.0,3.6,141,985.5
58,2022-01-05,22.6,76,0.0,3.6,186,984.9
58,2022-01-06,22.7,72,0.0,3.5,137,984.8
58,2022-01-07,22.8,75,0.0,3.8,180,985.6
58,2022-01-08,23.2,75,0.0,3.8,176,985.4
58,2022-01-09,23.2,74,0.0,3.6,157,983.9
58,2022-01-10,22.7,77,0.0,4.0,175,984.2
58,2022-01-11,22.8,76,0.0,3.2,155,984.7
58,2022-01-12,23.5,80,0.0,3.7,195,985.2
58,2022-01-13,25.2,76,0.0,3.4,229,985.2
58,2022-01-14,25.2,75,0.0,3.4,232,984.9
58,2022-01-15,24.4,84,2.9,2.7,49,984.7
58,2022-01-16,22.2,97,17.7,2.7,58,985.5
58,2022-01-17,23.1,89,0.7,3.6,41,986.2
58,2022-01-18,23.2,82,0.3,4.2,110,985.1
58,2022-01-19,23.2,84,2.2,4.3,133,983.8
58,2022-01-20,23.0,83,1.0,4.5,163,982.1
58,2022-01-21,23.5,83,1.2,5.9,199,981.6
58,2022-01-22,22.5,76,0.0,5.5,190,980.6
58,2022-01-23,20.9,75,0.0,4.2,181,981.5
58,2022-01-24,21.3,74,0.0,3.7,190,982.0
58,2022-01-25,22.0,72,0.0,4.1,183,982.4
58,2022-01-26,22.1,70,0.0,4.1,183,982.3
58,2022-01-27,22.0,71,0.0,4.6,173,982.7
58,2022-01-28,22.4,73,0.0,5.3,188,982.6
58,2022-01-29,22.7,71,0.0,7.2,200,981.3
58,2022-01-30,21.7,69,0.0,7.1,187,980.0
58,2022-01-31,21.0,67,0.0,6.4,186,980.8
58,2022-02-01,21.6,69,0.0,6.9,185,981.0
58,2022-02-02,22.0,62,0.0,7.0,180,982.8
58,2022-02-03,21.5,63,0.0,4.1,171,983.3
58,2022-02-04,22.8,65,0.0,4.4,168,982.8
58,2022-02-05,23.9,81,1.3,5.2,158,983.1
58,2022-02-06,24.0,83,2.8,6.8,211,983.7
58,2022-02-07,23.8,74,0.0,7.0,196,983.1
58,2022-02-08,22.4,68,0.0,5.2,180,982.8
58,2022-02-09,22.4,66,0.0,5.0,184,983.2
58,2022-02-10,22.8,64,0.0,4.4,166,982.7
58,2022-02-11,23.1,67,0.0,4.8,183,981.8
58,2022-02-12,24.1,63,0.0,5.8,207,980.3
58,2022-02-13,22.7,61,0.0,3.9,189,979.7
58,2022-02-14,23.0,61,0.0,4.5,176,980.6
58,2022-02-15,24.7,60,0.0,4.7,189,980.6
58,2022-02-16,25.8,68,0.0,5.3,196,979.3
58,2022-02-17,27.1,73,0.3,6.1,193,978.6
58,2022-02-18,27.9,75,0.3,5.3,197,979.7
58,2022-02-19,25.5,93,10.7,4.4,200,980.6
58,2022-02-20,26.0,74,0.0,7.5,202,978.7
58,2022-02-21,25.7,64,0.0,7.8,194,980.8
58,2022-02-22,26.2,64,0.0,7.3,208,983.3
58,2022-02-23,25.2,66,0.0,4.7,182,985.4
58,2022-02-24,25.5,68,0.0,4.3,131,986.3
58,2022-02-25,25.5,66,0.0,4.3,112,986.1
58,2022-02-26,25.9,64,0.0,4.5,125,985.8
58,2022-02-27,26.2,61,0.0,4.9,194,984.3
58,2022-02-28,26.3,55,0.0,4.3,195,983.6
58,2022-03-01,27.1,53,0.0,4.1,195,983.1
58,2022-03-02,27.3,58,0.0,5.0,189,982.8
58,2022-03-03,28.4,65,0.0,5.4,205,982.6
58,2022-03-04,28.8,65,0.0,5.7,202,981.5
58,2022-03-05,29.4,64,0.0,6.2,197,980.3
58,2022-03-06,29.6,59,0.0,6.1,197,980.2
58,2022-03-07,29.8,63,0.8,4.3,165,981.7
58,2022-03-08,29.0,74,2.6,4.8,107,982.5
58,2022-03-09,29.5,73,0.2,4.2,235,981.6
58,2022-03-10,30.5,68,0.5,4.8,197,980.2
58,2022-03-11,31.0,66,0.0,5.3,209,979.4
58,2022-03-12,31.4,61,0.0,5.4,204,978.9
58,2022-03-13,31.6,62,0.1,5.4,200,979.0
58,2022-03-14,31.7,60,0.0,5.1,189,979.3
58,2022-03-15,31.6,58,0.2,6.4,207,978.2
58,2022-03-16,31.0,59,1.3,7.0,210,978.2
58,2022-03-17,30.7,59,0.5,5.9,210,978.8
58,2022-03-18,30.2,60,0.2,4.7,203,979.2
58,2022-03-19,30.0,60,0.0,5.7,217,977.9
58,2022-03-20,30.2,62,0.0,6.1,199,978.1
58,2022-03-21,29.8,71,3.7,3.9,143,979.7
58,2022-03-22,28.4,85,16.4,3.8,114,980.4
58,2022-03-23,27.9,80,0.9,7.2,197,980.7
58,2022-03-24,28.9,72,1.0,7.9,224,980.0
58,2022-03-25,29.5,66,0.0,6.5,221,980.7
58,2022-03-26,29.9,63,0.0,5.9,208,981.9
58,2022-03-27,29.6,65,0.2,5.7,210,981.6
58,2022-03-28,29.6,66,0.0,4.8,214,980.6
58,2022-03-29,29.9,67,0.1,6.5,205,980.5
58,2022-03-30,30.0,66,0.0,5.4,198,980.9
58,2022-03-31,30.4,60,0.0,4.5,170,981.0
58,2022-04-01,30.7,59,0.0,5.4,149,981.4
58,2022-04-02,26.9,73,1.6,9.9,93,985.1
58,2022-04-03,25.9,61,0.0,8.6,82,986.2
58,2022-04-04,27.5,66,0.0,6.3,102,985.5
58,2022-04-05,29.5,66,0.0,4.7,125,985.1
58,2022-04-06,29.8,70,1.4,3.4,174,984.4
58,2022-04-07,28.3,75,0.4,5.6,87,984.6
58,2022-04-08,27.9,74,0.1,4.4,145,983.4
58,2022-04-09,29.0,74,0.2,4.8,217,981.4
58,2022-04-10,29.5,70,0.0,5.8,221,980.2
58,2022-04-11,30.0,67,0.0,6.0,217,979.4
58,2022-04-12,30.4,65,0.0,6.6,221,978.6
58,2022-04-13,30.6,66,0.0,5.6,204,977.7
58,2022-04-14,31.1,67,0.0,6.7,209,977.8
58,2022-04-15,31.4,68,0.1,6.1,202,978.0
58,2022-04-16,31.4,67,0.2,5.9,203,978.1
58,2022-04-17,31.2,66,0.0,6.6,209,978.9
58,2022-04-18,31.7,58,0.1,5.2,180,980.3
58,2022-04-19,30.0,64,1.6,5.1,143,983.0
58,2022-04-20,28.8,67,2.0,4.8,205,981.7
58,2022-04-21,28.9,66,0.5,5.2,236,980.7
58,2022-04-22,30.2,63,0.1,6.3,224,980.6
58,2022-04-23,31.8,61,0.0,5.9,213,979.7
58,2022-04-24,32.4,62,0.0,6.2,223,978.6
58,2022-04-25,32.7,62,0.0,5.9,226,978.3
58,2022-04-26,32.7,64,0.1,5.7,228,978.8
58,2022-04-27,32.7,65,0.0,5.0,229,978.8
58,2022-04-28,32.1,63,0.1,4.0,218,978.9
58,2022-04-29,31.1,67,0.4,4.4,202,980.0
58,2022-04-30,29.6,77,4.9,3.9,134,979.3
58,2022-05-01,29.7,74,0.1,3.7,155,978.4
58,2022-05-02,28.5,77,9.3,4.2,92,979.4
58,2022-05-03,28.2,73,0.0,5.6,77,982.2
58,2022-05-04,28.9,71,0.2,4.4,99,981.6
58,2022-05-05,28.7,74,2.1,3.1,1,980.6
58,2022-05-06,28.3,84,10.6,2.9,39,979.6
58,2022-05-07,28.0,86,6.6,3.7,109,979.8
58,2022-05-08,28.0,89,11.3,3.6,114,979.9
58,2022-05-09,28.9,83,1.6,3.4,153,980.0
58,2022-05-10,28.0,88,6.1,3.3,216,980.3
58,2022-05-11,28.3,86,9.0,4.3,202,979.4
58,2022-05-12,28.6,86,9.7,5.1,219,978.7
58,2022-05-13,29.3,81,1.5,6.3,211,978.0
58,2022-05-14,30.3,75,1.0,7.3,215,978.7
58,2022-05-15,30.9,73,0.6,6.5,221,980.0
58,2022-05-16,30.8,74,0.8,5.7,220,979.3
58,2022-05-17,29.8,78,2.8,4.9,181,979.3
58,2022-05-18,29.6,79,2.3,2.6,134,980.4
58,2022-05-19,29.6,81,3.1,3.1,100,979.8
58,2022-05-20,27.3,92,22.9,4.1,52,976.8
58,2022-05-21,25.9,98,104.3,4.6,293,972.6
58,2022-05-22,28.3,86,5.9,5.6,219,972.9
58,2022-05-23,28.8,79,1.1,7.1,204,974.6
58,2022-05-24,27.6,84,6.7,5.1,188,977.6
58,2022-05-25,28.7,79,2.0,6.2,207,979.3
58,2022-05-26,29.2,77,1.7,7.5,230,977.6
58,2022-05-27,28.7,80,1.1,7.4,224,975.9
58,2022-05-28,29.1,79,1.5,6.8,218,975.3
58,2022-05-29,28.8,79,3.4,5.8,210,976.1
58,2022-05-30,29.7,77,0.6,5.6,212,976.1
58,2022-05-31,28.8,80,2.3,6.2,203,976.3
58,2022-06-01,28.5,79,0.6,5.9,205,977.5
58,2022-06-02,29.2,77,1.4,6.5,213,978.0
58,2022-06-03,29.1,80,2.1,7.1,209,978.1
58,2022-06-04,28.4,81,2.1,6.8,209,978.9
58,2022-06-05,28.5,80,2.8,6.2,210,978.6
58,2022-06-06,28.6,79,2.3,7.3,208,977.9
58,2022-06-07,28.2,81,5.3,7.2,194,977.4
58,2022-06-08,28.4,78,2.4,9.7,195,977.7
58,2022-06-09,27.9,82,1.7,7.5,200,978.1
58,2022-06-10,28.1,82,1.9,8.0,201,978.1
58,2022-06-11,28.2,82,2.9,8.0,202,978.7
58,2022-06-12,27.8,83,3.0,5.8,205,979.9
58,2022-06-13,27.9,82,1.5,6.4,218,979.6
58,2022-06-14,28.7,81,2.4,5.1,211,979.2
58,2022-06-15,27.8,86,6.7,5.0,203,979.9
58,2022-06-16,28.1,83,2.9,5.8,212,981.0
58,2022-06-17,27.5,88,6.9,5.2,214,981.1
58,2022-06-18,27.4,89,2.2,5.1,215,980.7
58,2022-06-19,27.9,86,2.1,5.7,223,979.7
58,2022-06-20,27.7,85,5.9,6.3,222,977.5
58,2022-06-21,28.3,83,1.8,7.1,215,976.8
58,2022-06-22,28.9,78,1.8,6.7,211,979.0
58,2022-06-23,28.7,80,3.1,5.2,210,980.1
58,2022-06-24,28.2,82,0.6,4.5,222,979.3
58,2022-06-25,29.7,76,0.1,4.8,212,977.4
58,2022-06-26,30.0,76,3.0,5.0,180,978.5
58,2022-06-27,28.9,80,3.0,5.8,202,980.0
58,2022-06-28,29.0,78,0.4,6.0,216,978.9
58,2022-06-29,28.8,83,4.7,5.9,226,976.4
58,2022-06-30,27.6,91,26.6,4.0,214,975.6
58,2022-07-01,26.3,94,42.5,5.2,213,974.8
58,2022-07-02,26.6,93,21.2,4.6,208,974.5
58,2022-07-03,28.4,84,2.7,6.0,211,975.4
58,2022-07-04,29.5,78,1.7,6.2,208,975.1
58,2022-07-05,29.1,83,5.5,5.4,203,976.3
58,2022-07-06,28.8,85,5.4,3.9,219,978.3
58,2022-07-07,27.5,92,17.0,4.7,211,978.6
58,2022-07-08,28.4,82,0.9,5.3,208,977.4
58,2022-07-09,29.4,78,2.0,5.0,214,976.1
58,2022-07-10,27.3,90,13.9,4.2,193,977.1
58,2022-07-11,27.7,85,3.0,4.3,210,977.8
58,2022-07-12,29.1,79,0.3,3.9,207,976.5
58,2022-07-13,27.8,86,3.8,3.3,189,975.8
58,2022-07-14,27.4,92,13.4,2.7,220,975.2
58,2022-07-15,28.4,85,3.5,3.6,213,976.8
58,2022-07-16,29.4,83,3.2,3.8,189,977.8
58,2022-07-17,29.7,81,0.8,5.8,222,979.4
58,2022-07-18,30.0,79,0.7,6.5,227,978.4
58,2022-07-19,29.9,81,0.7,6.0,218,976.9
58,2022-07-20,28.2,88,7.2,3.4,175,977.2
58,2022-07-21,29.0,85,8.3,2.3,129,977.7
58,2022-07-22,27.9,89,17.1,5.1,156,979.3
58,2022-07-23,27.1,90,8.2,3.8,183,980.4
58,2022-07-24,27.9,86,4.6,1.6,127,980.2
58,2022-07-25,29.0,84,6.3,2.5,162,980.4
58,2022-07-26,29.3,82,2.6,2.9,180,980.4
58,2022-07-27,30.7,77,0.1,3.5,195,979.2
58,2022-07-28,31.0,77,0.5,3.6,197,979.3
58,2022-07-29,30.0,82,1.2,4.1,205,978.6
58,2022-07-30,29.6,81,0.6,5.0,220,977.9
58,2022-07-31,27.4,91,14.9,3.7,194,977.2
58,2022-08-01,28.7,83,0.7,4.3,224,976.4
58,2022-08-02,28.6,87,13.3,3.7,187,976.8
58,2022-08-03,29.5,84,4.1,3.7,179,978.8
58,2022-08-04,29.1,80,1.0,6.8,210,979.1
58,2022-08-05,27.8,84,2.7,4.4,197,977.9
58,2022-08-06,27.2,90,23.8,5.6,189,976.3
58,2022-08-07,27.7,88,8.1,4.0,181,975.8
58,2022-08-08,27.0,91,9.9,4.7,180,977.2
58,2022-08-09,27.0,89,26.4,4.3,202,977.7
58,2022-08-10,28.1,83,0.9,5.2,230,976.7
58,2022-08-11,28.3,85,6.4,6.0,230,976.1
58,2022-08-12,25.7,96,58.3,8.0,196,976.1
58,2022-08-13,27.2,89,10.3,5.0,181,979.0
58,2022-08-14,29.1,79,0.9,3.7,208,980.6
58,2022-08-15,28.7,84,1.2,4.2,232,979.9
58,2022-08-16,27.4,94,22.6,4.2,209,976.5
58,2022-08-17,28.7,83,5.4,5.8,123,975.8
58,2022-08-18,28.1,78,1.6,6.2,183,977.7
58,2022-08-19,28.9,80,2.0,5.4,214,978.9
58,2022-08-20,28.7,83,6.9,5.3,232,977.9
58,2022-08-21,27.6,89,11.9,3.9,219,975.8
58,2022-08-22,28.0,90,19.2,5.2,167,976.0
58,2022-08-23,28.5,84,2.3,5.3,211,979.3
58,2022-08-24,29.1,80,0.0,5.2,230,979.0
58,2022-08-25,27.0,91,6.7,4.3,217,976.4
58,2022-08-26,27.8,87,9.2,5.6,203,975.8
58,2022-08-27,27.8,88,8.3,5.5,199,979.1
58,2022-08-28,29.0,82,3.6,2.8,160,980.2
58,2022-08-29,29.3,85,3.9,2.8,145,980.8
58,2022-08-30,29.9,82,1.6,2.6,153,981.1
58,2022-08-31,29.9,81,1.1,4.3,211,980.0
58,2022-09-01,27.9,88,2.2,2.7,174,980.7
58,2022-09-02,29.1,84,2.0,3.1,181,980.3
58,2022-09-03,29.6,80,0.3,4.7,209,978.7
58,2022-09-04,29.6,80,1.2,5.3,208,979.1
58,2022-09-05,28.3,86,8.3,3.2,189,980.1
58,2022-09-06,29.0,86,4.2,3.2,83,979.8
58,2022-09-07,29.1,83,4.6,3.9,106,980.7
58,2022-09-08,28.1,87,3.3,2.3,110,981.4
58,2022-09-09,26.6,94,21.5,2.5,120,981.7
58,2022-09-10,26.9,92,20.3,2.5,109,981.7
58,2022-09-11,26.1,97,66.6,3.4,196,981.4
58,2022-09-12,26.5,90,3.4,2.7,190,981.3
58,2022-09-13,26.5,93,7.7,2.8,177,981.6
58,2022-09-14,27.7,88,9.2,3.4,193,981.3
58,2022-09-15,28.3,84,2.1,4.0,206,980.0
58,2022-09-16,28.3,83,3.0,5.5,206,977.7
58,2022-09-17,28.2,84,4.7,4.4,200,977.9
58,2022-09-18,27.9,86,7.1,3.3,180,979.1
58,2022-09-19,27.7,87,6.2,3.8,213,980.8
58,2022-09-20,27.6,86,1.9,4.5,225,980.8
58,2022-09-21,27.2,91,9.4,2.7,191,980.0
58,2022-09-22,27.5,89,9.4,2.7,115,979.6
58,2022-09-23,27.1,94,9.6,2.5,105,979.8
58,2022-09-24,27.1,93,7.6,2.7,84,979.6
58,2022-09-25,27.3,90,11.3,2.2,115,979.6
58,2022-09-26,27.4,90,17.9,3.8,91,979.9
58,2022-09-27,28.0,87,0.9,3.0,162,979.1
58,2022-09-28,28.7,85,0.3,2.6,220,977.3
58,2022-09-29,28.6,89,5.8,3.0,67,975.7
58,2022-09-30,28.6,88,17.7,2.5,72,976.3
58,2022-10-01,26.3,96,38.9,3.3,145,977.1
58,2022-10-02,27.2,91,5.5,4.6,179,979.2
58,2022-10-03,27.5,92,8.8,2.6,75,980.9
58,2022-10-04,28.2,83,0.2,5.1,84,982.3
58,2022-10-05,27.2,88,5.0,3.3,93,983.4
58,2022-10-06,27.3,89,8.5,3.0,81,983.3
58,2022-10-07,28.1,87,2.6,3.3,94,982.7
58,2022-10-08,28.0,87,5.9,2.9,100,983.5
58,2022-10-09,27.8,89,6.6,2.8,62,984.4
58,2022-10-10,27.2,90,3.2,3.4,74,985.1
58,2022-10-11,27.3,88,0.9,2.7,87,984.7
58,2022-10-12,27.6,85,0.0,2.8,120,983.8
58,2022-10-13,28.3,83,0.4,1.9,75,982.8
58,2022-10-14,27.9,89,12.0,1.9,77,981.4
58,2022-10-15,28.0,78,0.1,5.1,74,980.9
58,2022-10-16,25.7,83,0.5,3.7,60,983.7
58,2022-10-17,26.7,82,0.8,5.3,47,983.7
58,2022-10-18,26.5,75,0.0,6.5,73,982.8
58,2022-10-19,25.7,74,0.0,5.5,74,982.5
58,2022-10-20,25.6,75,0.0,4.9,71,982.8
58,2022-10-21,26.7,80,0.0,5.6,79,984.3
58,2022-10-22,27.5,81,0.0,6.0,77,985.0
58,2022-10-23,27.3,82,0.0,5.6,75,984.6
58,2022-10-24,27.8,80,0.0,5.4,109,982.8
58,2022-10-25,27.8,83,0.0,3.1,141,983.6
58,2022-10-26,28.5,84,0.1,2.2,46,983.5
58,2022-10-27,27.8,86,1.9,3.2,100,982.6
58,2022-10-28,27.7,88,2.5,3.4,78,982.3
58,2022-10-29,27.7,87,0.6,3.2,70,982.7
58,2022-10-30,27.6,82,0.0,4.0,76,982.5
58,2022-10-31,27.2,79,0.0,4.0,80,982.9
58,2022-11-01,27.2,79,0.0,4.3,62,983.2
58,2022-11-02,26.7,80,0.0,3.0,87,981.8
58,2022-11-03,26.3,82,0.3,3.5,139,981.8
58,2022-11-04,26.4,80,0.1,3.5,91,984.2
58,2022-11-05,25.8,80,0.0,3.5,86,986.1
58,2022-11-06,25.6,79,0.0,3.1,80,985.8
58,2022-11-07,25.3,79,0.0,3.3,94,985.0
58,2022-11-08,25.2,80,0.0,3.1,80,984.7
58,2022-11-09,25.4,79,0.0,3.4,77,984.8
58,2022-11-10,25.2,78,0.0,3.6,70,984.7
58,2022-11-11,24.8,78,0.0,3.2,66,984.5
58,2022-11-12,24.7,78,0.0,3.4,75,983.7
58,2022-11-13,25.3,80,0.0,3.1,70,982.9
58,2022-11-14,26.5,81,0.0,3.6,87,983.5
58,2022-11-15,27.1,86,2.0,3.2,90,982.8
58,2022-11-16,26.6,89,3.4,2.5,77,982.1
58,2022-11-17,27.1,88,1.5,2.9,113,981.6
58,2022-11-18,26.4,91,6.3,2.7,71,982.9
58,2022-11-19,27.0,89,2.6,3.4,55,983.0
58,2022-11-20,26.9,88,1.4,2.9,73,981.8
58,2022-11-21,26.9,89,0.2,3.1,63,980.8
58,2022-11-22,27.4,83,0.0,3.4,53,980.6
58,2022-11-23,26.0,81,0.0,3.3,64,981.0
58,2022-11-24,25.3,87,5.8,3.2,72,981.9
58,2022-11-25,27.1,89,7.9,3.1,79,982.9
58,2022-11-26,26.5,92,4.8,3.0,110,982.4
58,2022-11-27,27.4,84,0.2,3.0,173,981.0
58,2022-11-28,27.5,85,0.1,3.1,179,982.1
58,2022-11-29,27.0,86,0.2,2.4,68,982.9
58,2022-11-30,27.1,87,0.4,2.6,60,983.4
58,2022-12-01,26.7,89,2.8,2.5,89,983.1
58,2022-12-02,26.4,88,1.8,2.7,85,982.9
58,2022-12-03,26.7,87,1.1,3.1,85,982.9
58,2022-12-04,26.4,86,0.1,2.6,81,983.1
58,2022-12-05,26.2,84,0.0,3.0,92,983.7
58,2022-12-06,26.0,85,0.2,3.0,119,982.7
58,2022-12-07,26.2,86,0.4,3.4,135,982.5
58,2022-12-08,26.3,86,0.4,2.7,105,983.1
58,2022-12-09,26.0,84,0.1,3.5,198,982.6
58,2022-12-10,25.7,82,0.0,3.8,163,982.3
58,2022-12-11,24.9,79,0.0,3.4,160,982.3
58,2022-12-12,25.1,80,0.0,3.3,140,982.2
58,2022-12-13,25.0,87,0.2,4.0,134,983.0
58,2022-12-14,24.2,85,0.0,5.1,95,984.2
58,2022-12-15,23.9,82,0.0,4.0,105,982.7
58,2022-12-16,23.9,84,0.0,3.4,97,981.7
58,2022-12-17,24.0,80,0.0,6.7,89,983.9
58,2022-12-18,23.5,71,0.0,8.6,74,985.7
58,2022-12-19,22.1,79,0.0,4.7,79,984.3
58,2022-12-20,22.8,81,0.0,3.8,84,982.4
58,2022-12-21,24.2,82,0.0,3.9,119,982.2
58,2022-12-22,24.1,84,0.0,4.8,173,981.8
58,2022-12-23,24.5,81,0.0,3.8,156,981.8
58,2022-12-24,24.3,83,0.1,4.3,130,983.1
58,2022-12-25,24.4,82,0.0,4.6,143,985.0
58,2022-12-26,23.3,81,0.0,4.1,143,986.6
58,2022-12-27,23.1,80,0.0,4.8,179,985.8
58,2022-12-28,22.7,80,0.0,4.1,177,985.8
58,2022-12-29,22.5,81,0.3,4.1,161,986.8
58,2022-12-30,23.3,79,0.4,4.9,179,987.5
58,2022-12-31,23.3,78,0.0,4.6,146,987.1
58,2023-01-01,22.8,81,0.0,3.9,97,987.1
58,2023-01-02,22.2,79,0.0,4.3,86,987.8
58,2023-01-03,21.4,82,0.0,4.5,87,987.6
58,2023-01-04,22.9,79,0.0,3.8,82,987.2
58,2023-01-05,23.9,80,0.0,4.0,80,986.8
58,2023-01-06,23.3,75,0.0,7.4,79,987.6
58,2023-01-07,21.7,70,0.0,5.2,64,986.8
58,2023-01-08,21.0,75,0.0,4.2,79,985.4
58,2023-01-09,21.6,75,0.0,3.8,80,985.8
58,2023-01-10,22.8,78,0.0,3.7,81,984.5
58,2023-01-11,23.5,75,0.0,3.7,229,982.6
58,2023-01-12,22.8,73,0.0,4.6,175,982.0
58,2023-01-13,21.9,74,0.0,5.6,178,982.9
58,2023-01-14,21.1,72,0.0,5.2,173,981.7
58,2023-01-15,20.9,73,0.0,3.5,140,981.4
58,2023-01-16,21.3,73,0.0,3.5,166,982.3
58,2023-01-17,21.6,76,0.0,4.2,182,983.7
58,2023-01-18,22.7,75,0.0,4.5,193,985.6
58,2023-01-19,22.5,74,0.0,3.1,186,985.3
58,2023-01-20,22.6,73,0.0,3.6,152,984.9
58,2023-01-21,22.8,71,0.0,3.5,146,983.8
58,2023-01-22,22.6,70,0.0,3.7,157,982.8
58,2023-01-23,22.7,67,0.0,3.4,105,982.1
58,2023-01-24,23.0,71,0.0,5.3,90,983.5
58,2023-01-25,23.6,73,0.0,4.3,119,983.6
58,2023-01-26,23.2,74,0.0,4.0,163,982.5
58,2023-01-27,24.0,75,0.0,3.0,96,982.5
58,2023-01-28,24.6,75,0.0,4.3,94,983.0
58,2023-01-29,23.1,76,0.0,7.9,83,984.7
58,2023-01-30,22.8,71,0.0,5.6,74,985.7
58,2023-01-31,22.9,73,0.0,4.2,146,982.5
58,2023-02-01,24.2,75,0.0,4.5,171,981.5
58,2023-02-02,24.9,74,0.0,3.8,153,981.7
58,2023-02-03,25.7,74,0.0,4.4,170,981.9
58,2023-02-04,27.0,67,0.0,6.2,184,980.8
58,2023-02-05,27.6,68,0.0,7.2,191,980.6
58,2023-02-06,26.8,64,0.0,6.9,193,981.0
58,2023-02-07,24.8,56,0.0,7.4,201,981.0
58,2023-02-08,23.3,62,0.0,4.8,177,981.5
58,2023-02-09,22.6,64,0.0,3.9,183,981.6
58,2023-02-10,23.0,62,0.0,4.7,176,981.9
58,2023-02-11,23.4,61,0.0,5.3,169,981.7
58,2023-02-12,23.3,64,0.0,5.0,169,982.0
58,2023-02-13,23.8,66,0.0,5.3,169,981.9
58,2023-02-14,23.9,67,0.0,4.2,166,981.9
58,2023-02-15,25.3,62,0.0,5.1,167,981.9
58,2023-02-16,25.3,80,4.3,5.0,121,984.9
58,2023-02-17,21.7,90,6.7,2.9,47,987.1
58,2023-02-18,23.6,79,0.0,3.9,211,985.1
58,2023-02-19,24.8,73,0.0,3.8,133,983.8
58,2023-02-20,25.1,71,0.0,4.4,182,983.0
58,2023-02-21,26.3,71,0.0,4.7,187,984.0
58,2023-02-22,26.1,73,0.0,4.4,170,984.0
58,2023-02-23,26.5,73,0.0,5.0,204,983.5
58,2023-02-24,26.1,68,0.0,3.1,137,983.4
58,2023-02-25,26.0,72,0.0,4.3,127,985.9
58,2023-02-26,26.6,70,0.0,6.2,93,988.6
58,2023-02-27,25.0,72,0.0,4.1,100,988.4
58,2023-02-28,25.1,70,0.0,4.4,124,987.2
58,2023-03-01,26.0,69,0.0,3.7,121,986.5
58,2023-03-02,26.5,66,0.0,4.4,190,985.9
58,2023-03-03,26.4,65,0.0,4.7,194,986.3
58,2023-03-04,26.3,66,0.0,4.8,154,986.8
58,2023-03-05,25.7,67,0.0,5.7,151,986.6
58,2023-03-06,26.3,68,0.0,5.1,191,985.3
58,2023-03-07,27.0,65,0.0,5.3,188,984.8
58,2023-03-08,27.5,63,0.0,5.0,185,984.7
58,2023-03-09,27.7,63,0.0,4.5,192,983.3
58,2023-03-10,28.4,64,0.0,4.8,211,982.5
58,2023-03-11,28.4,64,0.0,4.6,168,982.6
58,2023-03-12,27.6,67,0.1,4.4,157,982.9
58,2023-03-13,24.7,87,5.8,4.9,119,984.6
58,2023-03-14,25.9,78,0.0,4.6,205,982.8
58,2023-03-15,27.2,68,0.1,5.3,192,982.0
58,2023-03-16,27.2,68,0.2,5.0,212,983.4
58,2023-03-17,28.1,63,0.0,4.0,205,983.1
58,2023-03-18,28.1,62,0.2,5.4,200,982.0
58,2023-03-19,27.9,66,0.2,5.7,209,981.0
58,2023-03-20,28.5,69,0.2,6.0,226,981.2
58,2023-03-21,28.9,63,0.0,6.4,207,980.5
58,2023-03-22,29.6,56,0.0,8.3,223,978.8
58,2023-03-23,29.8,53,0.3,7.9,224,978.6
58,2023-03-24,30.0,53,0.1,6.6,209,979.6
58,2023-03-25,29.5,55,0.0,6.1,209,980.2
58,2023-03-26,30.1,56,0.0,6.4,209,979.6
58,2023-03-27,30.2,57,0.0,6.5,211,979.8
58,2023-03-28,30.9,51,0.0,7.6,206,980.5
58,2023-03-29,30.9,47,0.0,8.0,215,981.4
58,2023-03-30,30.8,47,0.0,6.9,217,979.8
58,2023-03-31,30.6,53,0.0,6.0,210,979.9
58,2023-04-01,30.8,54,0.2,6.5,212,979.3
58,2023-04-02,31.5,53,0.0,8.3,228,979.0
58,2023-04-03,30.9,48,0.0,8.7,230,978.8
58,2023-04-04,30.7,50,0.0,7.3,228,978.8
58,2023-04-05,30.4,46,0.0,5.7,208,979.0
58,2023-04-06,30.5,53,0.0,5.8,207,979.9
58,2023-04-07,31.2,56,0.0,6.5,211,980.8
58,2023-04-08,32.5,53,0.0,7.1,206,982.5
58,2023-04-09,33.0,46,0.0,6.8,206,982.6
58,2023-04-10,33.0,51,0.0,6.4,215,981.2
58,2023-04-11,32.5,54,0.0,6.4,231,980.4
58,2023-04-12,32.7,52,0.0,6.4,218,979.4
58,2023-04-13,32.8,56,0.0,6.8,217,979.3
58,2023-04-14,32.8,54,0.0,6.1,219,979.1
58,2023-04-15,33.1,54,0.0,5.6,213,978.8
58,2023-04-16,33.0,58,0.0,6.6,220,978.5
58,2023-04-17,33.1,56,0.0,7.4,217,979.6
58,2023-04-18,33.5,56,0.0,6.2,227,979.9
58,2023-04-19,33.4,58,0.3,6.6,227,977.5
58,2023-04-20,33.2,59,0.4,6.6,224,976.1
58,2023-04-21,33.1,56,0.0,6.6,220,976.5
58,2023-04-22,32.2,55,0.1,6.2,220,977.4
58,2023-04-23,31.9,53,0.0,5.7,217,979.0
58,2023-04-24,32.1,53,0.0,5.9,217,981.8
58,2023-04-25,32.3,55,0.1,5.5,231,980.3
58,2023-04-26,32.3,53,0.1,5.7,195,979.1
58,2023-04-27,32.3,56,0.2,6.8,211,980.3
58,2023-04-28,34.2,52,0.1,7.2,220,980.1
58,2023-04-29,34.3,47,0.2,6.8,214,978.9
58,2023-04-30,33.9,45,0.2,5.9,184,978.6
58,2023-05-01,32.7,51,0.0,5.6,189,980.2
58,2023-05-02,31.6,58,0.0,5.2,228,981.0
58,2023-05-03,32.2,59,0.0,5.2,229,981.9
58,2023-05-04,32.4,61,0.1,5.6,237,980.0
58,2023-05-05,33.9,57,0.0,7.0,229,977.1
58,2023-05-06,35.2,50,0.1,7.1,227,975.9
58,2023-05-07,34.9,52,0.4,6.8,227,975.4
58,2023-05-08,34.3,56,0.7,5.8,222,976.6
58,2023-05-09,32.6,58,1.8,5.6,214,979.0
58,2023-05-10,32.0,65,0.9,6.0,206,979.6
58,2023-05-11,30.9,72,5.0,3.2,154,981.2
58,2023-05-12,27.8,89,18.8,2.4,156,981.4
58,2023-05-13,28.4,88,13.0,2.7,137,980.3
58,2023-05-14,27.3,84,8.9,8.9,170,978.7
58,2023-05-15,27.1,86,5.5,9.5,197,979.8
58,2023-05-16,28.5,78,0.8,7.1,218,981.6
58,2023-05-17,30.3,70,0.5,6.7,237,982.3
58,2023-05-18,31.4,64,0.0,7.2,245,981.8
58,2023-05-19,31.3,65,0.3,7.0,242,979.6
58,2023-05-20,31.5,67,0.1,6.1,229,979.2
58,2023-05-21,31.7,67,0.0,5.4,218,979.9
58,2023-05-22,31.4,70,0.0,5.8,220,980.4
58,2023-05-23,31.1,73,1.1,5.8,229,980.2
58,2023-05-24,31.6,67,0.3,6.9,230,979.2
58,2023-05-25,30.7,70,1.5,7.7,219,979.8
58,2023-05-26,31.3,68,0.7,6.6,235,980.1
58,2023-05-27,30.9,72,1.1,6.0,228,978.8
58,2023-05-28,31.5,70,1.6,4.4,209,977.8
58,2023-05-29,29.3,83,4.9,2.4,192,979.2
58,2023-05-30,30.2,83,4.1,3.8,195,978.9
58,2023-05-31,29.8,83,6.4,5.0,211,977.7
58,2023-06-01,30.5,76,0.2,6.0,217,977.2
58,2023-06-02,29.7,75,0.4,7.2,220,977.6
58,2023-06-03,29.4,79,1.9,5.4,219,979.0
58,2023-06-04,29.7,77,0.5,6.3,210,978.6
58,2023-06-05,29.7,78,4.1,6.0,205,977.4
58,2023-06-06,29.6,78,5.4,3.9,180,976.7
58,2023-06-07,28.2,88,4.3,3.8,188,977.0
58,2023-06-08,28.4,85,13.4,5.3,195,977.3
58,2023-06-09,29.7,74,1.0,7.1,200,977.0
58,2023-06-10,28.8,82,5.0,7.1,200,976.4
58,2023-06-11,27.6,90,13.3,4.5,196,975.8
58,2023-06-12,28.1,83,14.0,5.6,191,975.9
58,2023-06-13,27.5,88,12.7,6.7,183,976.1
58,2023-06-14,26.9,89,11.9,6.0,198,977.8
58,2023-06-15,27.4,88,4.7,6.5,204,978.4
58,2023-06-16,29.3,78,1.2,6.7,216,977.9
58,2023-06-17,29.9,79,0.7,6.7,212,978.9
58,2023-06-18,29.4,81,0.9,7.2,214,978.8
58,2023-06-19,28.8,80,1.0,6.3,207,978.9
58,2023-06-20,28.1,83,10.2,7.4,201,978.9
58,2023-06-21,27.0,90,20.4,5.8,194,980.2
58,2023-06-22,28.5,83,1.5,6.7,209,980.5
58,2023-06-23,28.8,79,0.8,8.1,221,979.6
58,2023-06-24,27.6,90,18.0,5.6,206,978.7
58,2023-06-25,27.6,89,4.6,4.7,204,978.7
58,2023-06-26,27.2,90,15.6,5.2,224,978.9
58,2023-06-27,28.9,81,3.7,5.3,221,979.3
58,2023-06-28,29.1,81,0.5,5.3,224,980.0
58,2023-06-29,29.5,81,1.1,4.3,211,979.1
58,2023-06-30,29.3,84,5.2,4.9,205,978.1
58,2023-07-01,29.3,83,1.7,6.1,210,977.9
58,2023-07-02,29.5,81,2.8,6.7,205,978.2
58,2023-07-03,27.9,87,5.0,6.7,199,978.9
58,2023-07-04,28.3,82,3.6,6.8,200,979.0
58,2023-07-05,28.4,80,1.1,7.1,199,979.7
58,2023-07-06,29.0,78,0.6,6.0,222,981.1
58,2023-07-07,29.8,78,1.2,5.0,218,980.8
58,2023-07-08,30.2,77,0.6,5.2,209,980.0
58,2023-07-09,29.7,79,0.1,4.0,173,979.3
58,2023-07-10,29.2,82,9.0,4.4,199,979.5
58,2023-07-11,28.8,79,1.5,5.9,205,980.1
58,2023-07-12,27.9,85,2.2,5.4,200,980.7
58,2023-07-13,28.1,84,5.3,6.4,214,980.5
58,2023-07-14,27.8,85,2.3,6.5,222,980.1
58,2023-07-15,28.1,84,2.5,6.0,235,979.0
58,2023-07-16,27.7,90,7.3,5.0,233,977.5
58,2023-07-17,28.6,86,4.9,4.5,216,975.2
58,2023-07-18,29.3,83,3.8,5.5,217,975.0
58,2023-07-19,29.0,82,0.8,6.5,212,974.9
58,2023-07-20,28.2,85,4.6,5.6,199,976.6
58,2023-07-21,29.6,82,5.0,2.9,203,979.2
58,2023-07-22,30.4,82,4.8,2.8,174,980.3
58,2023-07-23,29.9,81,4.2,3.9,176,980.0
58,2023-07-24,29.5,81,4.7,4.0,193,978.5
58,2023-07-25,29.3,80,3.0,5.1,209,979.3
58,2023-07-26,28.8,83,3.7,5.9,220,980.2
58,2023-07-27,29.4,80,1.3,7.7,238,979.0
58,2023-07-28,28.7,86,4.0,7.0,225,976.5
58,2023-07-29,28.1,89,12.5,6.7,221,975.4
58,2023-07-30,27.7,90,25.5,6.2,190,974.7
58,2023-07-31,27.2,95,50.8,6.8,168,975.4
58,2023-08-01,27.3,92,12.0,7.8,184,976.8
58,2023-08-02,27.7,92,11.0,6.6,203,977.6
58,2023-08-03,27.5,93,16.7,6.7,217,977.7
58,2023-08-04,27.2,93,6.0,6.1,214,979.7
58,2023-08-05,27.7,89,1.5,8.6,229,980.6
58,2023-08-06,27.7,86,4.0,8.4,231,978.7
58,2023-08-07,26.4,96,17.9,7.1,203,977.3
58,2023-08-08,26.3,95,10.4,7.3,198,977.9
58,2023-08-09,26.8,92,8.3,7.0,199,979.9
58,2023-08-10,27.7,86,2.2,6.9,213,980.0
58,2023-08-11,28.2,81,1.0,6.7,225,979.2
58,2023-08-12,28.4,81,0.9,6.3,221,977.8
58,2023-08-13,29.1,81,0.6,6.5,218,977.9
58,2023-08-14,28.9,82,4.0,5.7,211,978.0
58,2023-08-15,28.4,85,3.6,5.1,202,978.0
58,2023-08-16,27.8,88,5.1,5.5,195,978.4
58,2023-08-17,28.9,80,1.7,6.0,201,979.4
58,2023-08-18,29.2,80,0.8,5.2,219,979.7
58,2023-08-19,28.7,82,1.2,4.8,216,979.5
58,2023-08-20,29.2,84,0.4,4.2,205,978.1
58,2023-08-21,28.8,86,5.9,4.6,189,978.0
58,2023-08-22,28.9,82,1.8,5.4,211,978.9
58,2023-08-23,28.3,85,2.5,6.0,210,978.8
58,2023-08-24,27.8,85,2.2,5.9,207,978.2
58,2023-08-25,28.0,86,3.8,5.7,204,978.8
58,2023-08-26,27.8,84,2.0,7.2,219,979.0
58,2023-08-27,27.9,86,1.4,5.7,216,978.4
58,2023-08-28,27.9,86,7.6,5.6,198,976.9
58,2023-08-29,29.1,81,0.8,4.0,192,976.4
58,2023-08-30,28.7,87,12.6,2.6,170,978.2
58,2023-08-31,28.7,89,3.7,4.1,191,978.8
58,2023-09-01,29.2,85,4.2,4.3,205,978.5
58,2023-09-02,28.0,91,19.5,2.6,122,977.5
58,2023-09-03,29.1,88,6.7,2.3,213,976.0
58,2023-09-04,29.5,86,1.9,2.1,238,975.4
58,2023-09-05,28.4,89,15.9,2.2,114,976.7
58,2023-09-06,27.8,91,16.9,4.2,171,979.7
58,2023-09-07,28.5,84,1.9,4.2,208,980.6
58,2023-09-08,28.5,85,2.8,4.1,210,979.8
58,2023-09-09,27.6,93,29.7,3.3,202,977.8
58,2023-09-10,28.4,89,6.1,3.3,194,976.9
58,2023-09-11,28.5,84,2.0,6.6,197,977.1
58,2023-09-12,27.4,90,18.2,6.0,199,978.6
58,2023-09-13,27.2,88,7.0,5.6,204,979.9
58,2023-09-14,27.3,92,4.9,3.5,214,980.1
58,2023-09-15,27.5,92,9.5,3.5,224,978.9
58,2023-09-16,28.1,89,15.7,3.3,88,978.1
58,2023-09-17,27.1,96,33.3,2.4,106,978.1
58,2023-09-18,27.5,90,10.0,4.5,168,979.8
58,2023-09-19,27.1,92,11.3,3.8,185,982.8
58,2023-09-20,28.1,85,0.8,3.5,216,982.7
58,2023-09-21,28.7,87,1.8,3.7,208,982.1
58,2023-09-22,29.0,86,3.4,3.3,172,981.1
58,2023-09-23,29.8,83,1.4,2.8,169,980.9
58,2023-09-24,29.5,84,4.8,3.3,184,979.8
58,2023-09-25,28.5,88,12.7,3.2,158,979.0
58,2023-09-26,28.7,88,6.8,2.6,68,978.7
58,2023-09-27,27.6,94,12.9,2.9,51,977.2
58,2023-09-28,27.4,94,19.4,4.4,65,977.5
58,2023-09-29,27.0,94,47.5,3.1,107,980.2
58,2023-09-30,26.7,94,19.0,4.2,167,981.6
58,2023-10-01,27.8,87,13.4,4.6,187,981.1
58,2023-10-02,28.1,87,2.3,4.2,197,981.9
58,2023-10-03,28.8,83,0.6,3.7,210,982.3
58,2023-10-04,29.7,83,0.0,3.3,209,981.7
58,2023-10-05,29.4,87,3.6,2.5,182,980.2
58,2023-10-06,28.4,90,9.9,2.9,134,979.6
58,2023-10-07,27.8,93,10.2,2.6,150,980.3
58,2023-10-08,26.6,96,86.7,2.9,197,981.5
58,2023-10-09,26.8,97,13.0,1.7,138,982.5
58,2023-10-10,26.3,97,42.2,2.8,78,982.9
58,2023-10-11,26.7,94,4.6,3.9,84,983.9
58,2023-10-12,26.9,92,13.8,3.0,96,985.2
58,2023-10-13,26.5,95,11.4,2.4,183,985.1
58,2023-10-14,27.1,90,4.9,2.7,195,983.1
58,2023-10-15,28.2,86,2.0,2.8,82,981.8
58,2023-10-16,27.5,90,1.3,2.5,89,982.9
58,2023-10-17,27.7,89,4.1,2.8,106,983.5
58,2023-10-18,28.0,89,3.4,2.9,191,983.8
58,2023-10-19,28.2,87,0.3,2.8,229,983.8
58,2023-10-20,28.2,86,4.4,3.0,40,984.1
58,2023-10-21,27.0,90,4.0,3.0,79,985.3
58,2023-10-22,27.5,88,1.6,2.7,90,985.8
58,2023-10-23,26.6,93,9.6,2.6,69,985.5
58,2023-10-24,27.2,90,2.0,2.7,130,984.8
58,2023-10-25,27.6,90,0.9,2.7,131,984.6
58,2023-10-26,27.8,90,1.4,2.3,105,983.9
58,2023-10-27,27.5,90,1.3,2.2,121,983.5
58,2023-10-28,26.6,93,8.2,2.1,106,983.7
58,2023-10-29,26.8,92,5.6,3.0,81,983.8
58,2023-10-30,26.3,94,7.3,3.4,68,984.7
58,2023-10-31,26.5,88,2.7,4.6,78,986.4
58,2023-11-01,27.4,88,1.1,3.0,71,986.1
58,2023-11-02,27.3,87,0.1,3.3,142,984.7
58,2023-11-03,27.6,87,0.1,2.9,180,982.5
58,2023-11-04,27.8,86,0.3,3.0,132,982.4
58,2023-11-05,28.0,85,0.0,2.6,86,983.6
58,2023-11-06,27.8,87,1.3,2.6,78,984.1
58,2023-11-07,28.1,88,1.4,3.2,132,983.9
58,2023-11-08,28.7,84,0.4,3.6,175,983.1
58,2023-11-09,28.1,85,0.3,3.2,184,983.4
58,2023-11-10,27.9,85,0.6,3.0,119,984.7
58,2023-11-11,28.3,84,0.1,3.0,132,985.1
58,2023-11-12,28.1,83,0.1,2.5,103,985.5
58,2023-11-13,28.1,84,0.4,2.9,80,985.9
58,2023-11-14,27.9,83,0.2,4.2,89,986.5
58,2023-11-15,27.6,85,0.6,2.9,87,986.8
58,2023-11-16,27.8,83,0.1,5.5,85,987.3
58,2023-11-17,26.2,78,0.6,8.0,76,988.6
58,2023-11-18,25.7,76,0.0,4.5,68,987.8
58,2023-11-19,25.8,80,0.0,4.8,75,987.0
58,2023-11-20,25.9,80,0.0,4.2,75,986.1
58,2023-11-21,26.2,81,0.0,3.9,106,984.3
58,2023-11-22,26.3,81,0.0,2.6,63,982.9
58,2023-11-23,26.5,84,0.1,3.4,95,983.1
58,2023-11-24,26.4,81,0.0,4.9,89,984.7
58,2023-11-25,25.7,81,0.0,4.4,80,985.4
58,2023-11-26,25.3,77,0.0,6.0,74,986.5
58,2023-11-27,25.2,79,0.0,4.9,71,985.9
58,2023-11-28,24.6,79,0.0,4.6,75,984.6
58,2023-11-29,24.7,79,0.0,3.9,70,984.8
58,2023-11-30,25.6,83,0.0,3.8,89,985.6
58,2023-12-01,26.4,82,0.0,4.7,88,985.2
58,2023-12-02,26.8,81,0.7,4.2,90,985.2
58,2023-12-03,27.3,81,0.0,3.4,85,985.3
58,2023-12-04,27.6,81,0.0,2.5,92,984.3
58,2023-12-05,27.8,80,0.1,3.0,232,983.6
58,2023-12-06,27.5,82,0.2,2.7,66,984.6
58,2023-12-07,27.9,82,0.6,3.6,149,984.2
58,2023-12-08,26.4,90,3.2,3.0,169,984.0
58,2023-12-09,26.9,88,1.0,4.1,205,983.4
58,2023-12-10,27.2,85,0.3,3.4,217,982.0
58,2023-12-11,27.1,84,0.6,2.3,184,983.0
58,2023-12-12,27.8,83,0.5,3.5,144,982.8
58,2023-12-13,27.3,83,0.3,3.6,183,984.3
58,2023-12-14,26.6,83,0.0,4.1,194,985.2
58,2023-12-15,26.2,80,0.0,3.4,209,984.9
58,2023-12-16,25.2,77,0.0,3.1,117,984.3
58,2023-12-17,25.1,79,0.0,3.2,101,985.0
58,2023-12-18,25.8,79,0.0,3.2,81,985.8
58,2023-12-19,25.3,78,0.0,3.2,21,985.9
58,2023-12-20,24.8,78,0.0,3.2,79,985.2
58,2023-12-21,25.2,79,0.0,3.2,88,985.3
58,2023-12-22,24.8,77,0.3,6.7,88,987.3
58,2023-12-23,22.9,76,0.0,7.7,73,990.0
58,2023-12-24,21.3,76,0.0,6.3,75,990.4
58,2023-12-25,22.6,77,0.0,4.9,84,988.9
58,2023-12-26,22.7,80,0.0,4.3,83,988.4
58,2023-12-27,23.4,80,0.0,3.8,78,988.7
58,2023-12-28,23.9,79,0.0,3.7,86,987.5
58,2023-12-29,24.4,78,0.0,3.2,56,986.5
58,2023-12-30,23.7,78,0.0,3.5,197,985.3
58,2023-12-31,23.3,77,0.0,3.8,183,985.1
58,2024-01-01,22.9,76,0.0,3.5,207,984.6
58,2024-01-02,22.9,73,0.0,3.4,169,984.5
58,2024-01-03,22.8,76,0.0,3.6,117,984.4
58,2024-01-04,23.5,79,0.0,3.9,203,984.4
58,2024-01-05,23.7,79,0.0,3.4,189,984.6
58,2024-01-06,24.6,79,0.0,3.7,210,984.9
58,2024-01-07,24.8,79,0.0,3.5,228,985.1
58,2024-01-08,24.2,81,0.0,3.9,203,984.5
58,2024-01-09,24.1,76,0.0,3.7,195,983.4
58,2024-01-10,23.2,74,0.0,3.5,180,982.5
58,2024-01-11,23.2,74,0.0,3.8,183,983.1
58,2024-01-12,23.1,72,0.0,3.7,176,982.6
58,2024-01-13,23.3,70,0.0,3.3,190,983.2
58,2024-01-14,24.0,73,0.0,4.3,145,984.2
58,2024-01-15,25.3,76,0.5,4.7,151,984.4
58,2024-01-16,25.2,77,0.6,4.5,180,984.1
58,2024-01-17,24.7,79,0.4,4.9,198,983.9
58,2024-01-18,24.2,76,0.0,5.0,194,983.9
58,2024-01-19,22.6,71,0.0,4.3,189,983.5
58,2024-01-20,22.1,71,0.0,4.3,181,983.5
58,2024-01-21,22.0,71,0.0,5.6,178,984.2
58,2024-01-22,21.7,73,0.0,3.8,144,984.9
58,2024-01-23,22.9,71,0.0,5.5,192,985.1
58,2024-01-24,23.9,70,0.0,5.7,181,985.8
58,2024-01-25,23.7,78,0.4,5.6,141,987.7
58,2024-01-26,23.2,85,1.0,4.2,141,988.7
58,2024-01-27,24.5,79,0.1,5.2,185,987.8
58,2024-01-28,24.4,79,0.1,6.2,193,987.0
58,2024-01-29,25.2,76,0.3,6.4,203,986.5
58,2024-01-30,24.3,78,0.9,6.3,191,985.9
58,2024-01-31,24.0,75,0.0,5.8,192,986.2
58,2024-02-01,23.0,70,0.0,5.0,175,986.0
58,2024-02-02,23.1,65,0.0,5.1,184,985.0
58,2024-02-03,23.6,63,0.0,5.8,196,985.0
58,2024-02-04,23.3,66,0.0,4.6,193,985.5
58,2024-02-05,23.0,66,0.0,4.6,177,985.4
58,2024-02-06,23.6,65,0.0,4.7,188,985.6
58,2024-02-07,24.3,64,0.0,5.0,192,984.5
58,2024-02-08,25.1,65,0.0,5.0,194,982.6
58,2024-02-09,25.9,64,0.0,5.8,187,983.6
58,2024-02-10,26.3,61,0.0,5.8,176,985.9
58,2024-02-11,26.3,73,0.1,5.5,132,988.5
58,2024-02-12,26.3,72,0.0,5.7,169,988.3
58,2024-02-13,26.1,67,0.0,4.2,212,986.8
58,2024-02-14,25.5,61,0.0,4.2,207,985.5
58,2024-02-15,25.7,59,0.0,4.0,185,985.4
58,2024-02-16,26.0,62,0.0,4.5,213,984.6
58,2024-02-17,26.0,58,0.0,5.9,213,982.8
58,2024-02-18,25.2,58,0.0,7.3,190,982.7
58,2024-02-19,24.9,56,0.0,6.3,187,982.9
58,2024-02-20,25.1,58,0.0,6.8,189,982.2
58,2024-02-21,24.2,60,0.0,5.4,178,982.2
58,2024-02-22,24.6,58,0.0,4.1,187,982.9
58,2024-02-23,25.4,57,0.0,6.1,184,983.9
58,2024-02-24,25.9,58,0.0,5.0,194,984.2
58,2024-02-25,26.3,57,0.0,4.5,219,983.9
58,2024-02-26,27.3,54,0.0,4.3,272,983.6
58,2024-02-27,28.2,58,0.0,5.3,222,982.5
58,2024-02-28,28.9,59,0.0,7.6,209,981.5
58,2024-02-29,28.4,59,0.0,6.9,203,981.8
58,2024-03-01,27.7,56,0.0,5.8,204,982.3
58,2024-03-02,27.9,53,0.0,6.6,206,982.1
58,2024-03-03,28.5,55,0.0,7.8,203,982.2
58,2024-03-04,28.7,53,0.0,6.7,208,981.4
58,2024-03-05,28.2,50,0.0,6.3,204,980.9
58,2024-03-06,28.9,54,0.0,5.0,219,979.8
58,2024-03-07,28.1,56,0.0,5.1,192,979.5
58,2024-03-08,28.5,56,0.0,6.7,207,980.1
58,2024-03-09,29.3,53,0.0,8.0,201,980.9
58,2024-03-10,29.4,55,0.0,7.5,206,983.0
58,2024-03-11,29.0,54,0.0,6.5,203,984.2
58,2024-03-12,29.2,51,0.0,8.2,205,983.2
58,2024-03-13,29.3,49,0.0,7.4,203,982.5
58,2024-03-14,28.0,50,0.0,6.0,207,982.5
58,2024-03-15,28.5,56,0.0,4.9,205,982.2
58,2024-03-16,29.1,56,0.0,6.2,208,982.8
58,2024-03-17,29.7,58,0.0,6.5,205,983.0
58,2024-03-18,30.5,59,0.0,5.8,216,982.0
58,2024-03-19,30.6,56,0.1,5.1,190,982.0
58,2024-03-20,30.8,54,0.0,5.8,118,984.5
58,2024-03-21,29.0,71,4.3,4.6,166,983.5
58,2024-03-22,28.2,66,5.7,6.5,226,980.8
58,2024-03-23,28.9,54,0.0,7.6,210,979.8
58,2024-03-24,29.2,48,0.0,7.0,210,981.9
58,2024-03-25,29.1,49,0.0,4.6,211,982.2
58,2024-03-26,29.9,44,0.0,6.9,216,982.9
58,2024-03-27,31.8,43,0.0,7.0,212,984.0
58,2024-03-28,31.2,47,0.0,6.7,211,982.2
58,2024-03-29,31.2,47,0.0,7.9,205,981.5
58,2024-03-30,31.8,47,0.0,7.9,216,982.5
58,2024-03-31,32.3,46,0.0,8.2,224,982.2
58,2024-04-01,32.6,48,0.4,7.6,229,980.0
58,2024-04-02,33.2,46,0.0,7.7,235,978.6
58,2024-04-03,33.4,46,0.0,7.6,228,979.2
58,2024-04-04,33.9,48,0.0,6.9,220,979.0
58,2024-04-05,34.1,47,0.0,6.6,219,978.3
58,2024-04-06,34.7,51,0.0,6.5,222,978.5
58,2024-04-07,34.8,53,0.0,7.3,224,978.7
58,2024-04-08,34.6,54,0.0,6.0,228,980.1
58,2024-04-09,33.9,51,0.9,5.5,191,980.2
58,2024-04-10,31.1,60,0.7,4.6,154,982.2
58,2024-04-11,31.8,56,0.0,5.1,247,982.5
58,2024-04-12,32.8,51,0.1,5.0,210,981.7
58,2024-04-13,32.5,53,0.2,5.1,237,981.1
58,2024-04-14,32.7,53,0.2,6.2,224,981.0
58,2024-04-15,32.4,52,0.0,6.0,212,981.2
58,2024-04-16,33.0,54,0.0,7.4,215,980.1
58,2024-04-17,33.8,57,0.3,7.8,222,979.4
58,2024-04-18,33.3,52,0.1,7.0,236,978.4
58,2024-04-19,32.4,57,0.0,8.8,227,977.1
58,2024-04-20,33.2,56,0.0,8.5,227,976.8
58,2024-04-21,34.1,54,0.0,8.3,232,978.0
58,2024-04-22,35.0,48,0.0,7.3,230,977.5
58,2024-04-23,34.7,55,0.0,7.6,226,977.2
58,2024-04-24,33.7,61,0.2,7.4,226,977.8
58,2024-04-25,33.6,58,0.2,7.0,233,978.3
58,2024-04-26,34.2,50,0.0,7.6,228,977.6
58,2024-04-27,34.5,51,0.0,6.8,223,977.6
58,2024-04-28,35.4,49,0.0,7.5,225,978.0
58,2024-04-29,35.5,54,0.0,8.2,234,978.7
58,2024-04-30,35.5,49,0.0,8.5,232,976.3
58,2024-05-01,35.5,51,0.0,7.8,241,975.9
58,2024-05-02,35.0,51,0.0,8.3,230,976.4
58,2024-05-03,33.4,59,1.5,5.9,240,978.9
58,2024-05-04,33.1,54,0.3,7.0,239,978.1
58,2024-05-05,33.8,51,0.0,7.6,224,977.4
58,2024-05-06,33.8,51,0.0,6.0,223,979.4
58,2024-05-07,32.4,57,0.0,4.9,196,980.9
58,2024-05-08,32.0,57,0.1,5.7,260,981.0
58,2024-05-09,31.1,62,3.1,4.9,185,980.7
58,2024-05-10,32.1,57,0.7,6.1,239,981.2
58,2024-05-11,32.0,58,0.2,5.8,211,982.2
58,2024-05-12,32.0,62,0.2,5.4,229,981.9
58,2024-05-13,33.2,57,0.1,5.6,231,980.6
58,2024-05-14,34.3,53,0.3,5.4,246,980.7
58,2024-05-15,32.5,67,4.8,4.3,199,981.6
58,2024-05-16,32.2,73,2.5,3.1,160,980.7
58,2024-05-17,31.8,70,1.9,6.5,207,980.0
58,2024-05-18,32.6,67,0.7,6.6,219,978.2
58,2024-05-19,32.3,70,2.4,6.5,222,976.6
58,2024-05-20,31.7,69,2.7,5.5,246,976.8
58,2024-05-21,28.9,83,27.3,2.4,171,978.5
58,2024-05-22,29.2,83,13.5,2.2,102,978.9
58,2024-05-23,29.2,86,18.0,2.0,86,977.8
58,2024-05-24,28.4,90,85.0,3.1,108,977.4
58,2024-05-25,27.9,92,41.4,3.8,178,978.2
58,2024-05-26,27.9,93,31.7,5.9,177,978.9
58,2024-05-27,27.4,92,26.2,7.8,186,978.1
58,2024-05-28,29.1,85,4.2,8.2,201,977.5
58,2024-05-29,29.1,87,11.5,7.2,209,977.3
58,2024-05-30,30.8,79,1.1,6.5,223,977.5
58,2024-05-31,31.3,78,3.2,5.6,221,977.5
58,2024-06-01,29.0,89,14.5,5.2,194,979.3
58,2024-06-02,28.2,84,4.0,7.6,196,980.9
58,2024-06-03,28.1,86,15.4,6.9,202,979.4
58,2024-06-04,27.8,89,7.8,4.0,208,979.7
58,2024-06-05,29.1,84,9.1,5.4,202,978.8
58,2024-06-06,28.4,87,4.5,6.2,193,979.2
58,2024-06-07,28.4,85,23.3,7.6,198,977.7
58,2024-06-08,28.5,86,4.6,6.0,211,976.6
58,2024-06-09,30.6,77,1.2,5.3,215,975.7
58,2024-06-10,30.1,81,5.0,4.3,199,976.5
58,2024-06-11,29.1,85,23.0,4.9,180,977.7
58,2024-06-12,27.6,87,15.2,7.3,188,979.9
58,2024-06-13,27.2,91,5.5,7.3,196,979.6
58,2024-06-14,27.5,92,13.9,7.1,194,977.6
58,2024-06-15,28.5,85,6.4,6.1,205,977.4
58,2024-06-16,29.5,80,2.3,5.5,210,978.5
58,2024-06-17,28.5,84,8.6,5.9,205,978.7
58,2024-06-18,28.3,85,17.2,7.0,208,978.0
58,2024-06-19,28.8,80,1.7,7.5,207,977.4
58,2024-06-20,28.7,84,5.2,7.2,207,976.8
58,2024-06-21,29.9,81,4.2,4.4,210,976.2
58,2024-06-22,31.1,76,1.3,4.5,200,975.5
58,2024-06-23,29.8,81,5.3,4.5,206,976.1
58,2024-06-24,29.4,80,1.6,4.1,197,975.9
58,2024-06-25,29.3,84,16.9,3.7,189,975.2
58,2024-06-26,28.5,88,8.9,4.4,192,977.0
58,2024-06-27,29.9,79,1.8,6.5,202,979.7
58,2024-06-28,29.5,78,0.6,6.2,208,979.7
58,2024-06-29,29.4,82,4.6,6.4,210,979.5
58,2024-06-30,28.1,88,8.6,6.6,207,980.3
58,2024-07-01,28.6,81,6.6,7.9,217,979.4
58,2024-07-02,28.3,81,5.3,6.5,211,978.2
58,2024-07-03,28.0,85,3.4,5.0,197,978.9
58,2024-07-04,28.6,83,3.0,4.5,209,980.4
58,2024-07-05,28.7,84,1.7,3.9,209,978.9
58,2024-07-06,29.5,81,4.0,4.5,193,977.4
58,2024-07-07,29.4,84,5.1,4.5,188,977.9
58,2024-07-08,29.4,83,10.0,5.0,202,978.4
58,2024-07-09,29.0,81,4.3,5.2,211,979.9
58,2024-07-10,28.8,81,1.4,5.5,213,980.2
58,2024-07-11,27.5,90,8.6,6.0,213,978.6
58,2024-07-12,28.2,85,6.0,6.1,206,976.8
58,2024-07-13,29.0,81,1.1,5.7,207,975.0
58,2024-07-14,28.5,85,16.1,6.4,197,975.6
58,2024-07-15,28.9,81,1.0,5.0,211,977.9
58,2024-07-16,28.8,86,10.1,4.1,225,977.0
58,2024-07-17,28.6,89,6.5,3.0,174,975.8
58,2024-07-18,29.0,83,3.1,5.2,198,976.3
58,2024-07-19,27.4,92,34.8,4.9,195,976.3
58,2024-07-20,27.3,92,21.2,5.1,185,977.9
58,2024-07-21,28.1,85,6.2,6.5,204,978.8
58,2024-07-22,26.6,93,14.2,4.4,206,979.5
58,2024-07-23,27.4,90,6.8,5.7,220,977.5
58,2024-07-24,27.6,89,6.0,6.2,202,974.1
58,2024-07-25,28.0,89,14.3,6.4,194,972.7
58,2024-07-26,27.6,91,14.4,6.4,182,974.4
58,2024-07-27,28.2,86,8.2,5.6,187,976.7
58,2024-07-28,27.6,88,4.4,4.9,183,976.7
58,2024-07-29,27.6,88,5.6,5.3,195,976.7
58,2024-07-30,26.2,96,13.3,6.0,207,977.9
58,2024-07-31,26.1,97,24.9,6.0,200,978.8
58,2024-08-01,26.1,97,19.7,6.5,193,979.7
58,2024-08-02,26.4,94,4.8,6.3,203,980.1
58,2024-08-03,27.1,91,10.2,5.5,206,980.7
58,2024-08-04,27.9,85,2.6,5.2,208,980.3
58,2024-08-05,28.0,86,4.0,4.5,199,979.7
58,2024-08-06,27.6,88,8.4,4.4,193,979.1
58,2024-08-07,27.5,88,6.9,5.3,200,980.0
58,2024-08-08,28.1,84,0.4,5.9,214,981.0
58,2024-08-09,29.3,78,0.5,5.7,230,980.5
58,2024-08-10,30.1,77,0.8,6.5,229,979.1
58,2024-08-11,29.9,79,1.0,5.9,230,977.6
58,2024-08-12,26.8,95,27.6,4.6,206,977.1
58,2024-08-13,27.2,92,18.1,5.0,206,977.9
58,2024-08-14,28.4,84,3.0,5.7,212,978.7
58,2024-08-15,28.2,86,7.0,4.7,218,978.3
58,2024-08-16,27.7,90,20.3,4.2,211,978.0
58,2024-08-17,29.1,81,3.5,5.3,212,979.3
58,2024-08-18,28.3,86,4.9,4.3,222,980.1
58,2024-08-19,28.2,89,22.1,4.6,222,979.9
58,2024-08-20,27.9,89,3.4,4.3,220,980.6
58,2024-08-21,26.6,94,9.5,4.9,201,981.2
58,2024-08-22,26.4,94,24.4,4.2,189,980.9
58,2024-08-23,27.1,93,12.6,4.6,181,981.7
58,2024-08-24,27.4,91,6.4,4.9,206,981.5
58,2024-08-25,27.6,85,9.1,5.1,204,980.4
58,2024-08-26,28.2,84,2.7,4.4,213,979.5
58,2024-08-27,27.4,88,7.7,3.3,199,979.9
58,2024-08-28,27.1,93,16.0,2.7,185,978.9
58,2024-08-29,28.2,86,7.1,4.4,200,978.5
58,2024-08-30,28.5,83,1.8,5.2,211,979.6
58,2024-08-31,28.5,82,2.5,4.2,219,980.0
58,2024-09-01,26.8,95,18.9,2.8,199,979.5
58,2024-09-02,29.3,84,4.7,2.8,112,979.0
58,2024-09-03,29.7,83,1.3,3.4,116,979.1
58,2024-09-04,29.4,81,1.2,5.0,210,977.9
58,2024-09-05,29.1,81,1.6,4.6,211,977.2
58,2024-09-06,28.6,84,4.3,3.9,209,977.5
58,2024-09-07,28.7,83,0.5,5.3,216,978.0
58,2024-09-08,28.2,86,1.9,4.5,218,978.4
58,2024-09-09,26.9,93,15.0,5.4,212,977.3
58,2024-09-10,25.9,98,44.1,8.6,199,975.8
58,2024-09-11,25.9,96,38.8,6.4,183,977.9
58,2024-09-12,27.2,92,4.3,5.0,185,979.8
58,2024-09-13,27.7,89,5.4,4.9,201,978.6
58,2024-09-14,27.9,86,0.6,4.7,214,977.6
58,2024-09-15,28.6,83,0.6,4.9,213,977.3
58,2024-09-16,29.0,80,0.0,3.8,207,977.5
58,2024-09-17,29.0,86,4.7,2.5,188,977.1
58,2024-09-18,28.7,88,7.4,3.1,88,976.2
58,2024-09-19,29.4,85,0.6,3.1,63,975.8
58,2024-09-20,28.3,88,7.2,2.4,333,975.9
58,2024-09-21,27.5,95,12.8,2.4,65,976.2
58,2024-09-22,28.4,89,8.3,4.2,104,976.3
58,2024-09-23,26.6,96,17.2,2.4,184,979.7
58,2024-09-24,26.3,94,10.5,2.3,183,981.5
58,2024-09-25,26.7,90,4.7,2.7,203,982.4
58,2024-09-26,28.2,85,0.6,2.8,198,982.6
58,2024-09-27,29.0,82,0.0,3.6,213,982.6
58,2024-09-28,29.2,83,0.8,4.0,211,981.5
58,2024-09-29,28.8,88,2.7,4.6,209,980.7
58,2024-09-30,29.2,86,2.0,4.3,214,979.4
58,2024-10-01,27.4,92,4.3,4.0,183,977.7
58,2024-10-02,27.8,88,6.8,4.0,97,979.7
58,2024-10-03,27.2,95,13.8,3.6,107,981.1
58,2024-10-04,27.7,93,37.8,3.0,109,982.7
58,2024-10-05,29.1,84,2.9,2.9,128,982.9
58,2024-10-06,29.0,86,1.5,2.1,72,983.6
58,2024-10-07,28.8,84,0.6,3.2,87,984.5
58,2024-10-08,28.7,84,0.0,3.0,119,984.3
58,2024-10-09,28.3,85,2.1,2.5,120,982.9
58,2024-10-10,28.0,87,2.6,2.5,133,982.3
58,2024-10-11,27.8,90,3.6,2.5,76,982.3
58,2024-10-12,28.5,85,0.1,2.5,84,983.0
58,2024-10-13,28.8,82,0.0,3.4,107,983.0
58,2024-10-14,28.3,85,1.7,3.0,135,982.4
58,2024-10-15,28.5,84,0.8,3.0,131,982.4
58,2024-10-16,28.8,83,2.1,3.0,167,982.7
58,2024-10-17,28.1,87,1.2,2.5,61,982.8
58,2024-10-18,28.9,83,1.9,2.6,135,982.1
58,2024-10-19,28.5,85,1.7,2.3,80,982.6
58,2024-10-20,27.1,90,8.0,4.1,74,983.6
58,2024-10-21,27.0,89,1.0,3.9,78,983.2
58,2024-10-22,28.1,84,0.5,4.0,90,983.1
58,2024-10-23,28.4,81,0.4,4.4,100,983.7
58,2024-10-24,27.7,84,0.2,3.5,150,983.1
58,2024-10-25,28.4,84,0.0,3.8,226,982.1
58,2024-10-26,28.8,85,0.1,3.7,230,980.3
58,2024-10-27,29.4,84,0.1,2.6,155,978.7
58,2024-10-28,29.5,79,0.1,2.6,93,978.4
58,2024-10-29,28.5,82,1.9,2.3,156,980.3
58,2024-10-30,28.5,85,0.3,2.9,190,982.0
58,2024-10-31,28.6,84,0.2,3.8,208,982.1
58,2024-11-01,28.4,83,0.7,3.0,163,982.4
58,2024-11-02,27.9,82,1.2,3.7,97,983.6
58,2024-11-03,27.8,79,0.0,3.8,85,984.4
58,2024-11-04,26.7,73,0.0,5.1,87,984.2
58,2024-11-05,26.9,75,0.3,6.6,77,985.2
58,2024-11-06,25.2,87,9.2,3.9,64,985.6
58,2024-11-07,23.3,98,57.1,3.1,45,986.0
58,2024-11-08,21.7,99,24.2,4.5,43,986.2
58,2024-11-09,23.9,93,0.7,4.0,40,985.6
58,2024-11-10,25.9,87,0.0,3.5,36,985.0
58,2024-11-11,26.4,89,0.0,2.8,87,984.0
58,2024-11-12,26.6,86,0.0,2.7,95,983.2
58,2024-11-13,26.6,88,0.0,2.9,41,982.2
58,2024-11-14,27.0,88,0.4,3.1,47,982.5
58,2024-11-15,26.3,85,0.0,3.1,50,982.4
58,2024-11-16,25.5,84,0.0,3.4,31,982.0
58,2024-11-17,26.3,87,0.6,2.7,82,982.4
58,2024-11-18,26.4,88,0.3,3.9,77,983.7
58,2024-11-19,25.9,87,0.1,3.7,71,984.9
58,2024-11-20,25.7,85,0.2,3.3,80,984.3
58,2024-11-21,25.8,84,0.0,2.6,83,983.9
58,2024-11-22,25.5,83,0.1,2.8,87,984.0
58,2024-11-23,25.3,83,0.0,3.1,73,984.6
58,2024-11-24,25.6,84,0.0,3.4,96,984.5
58,2024-11-25,25.8,85,0.0,2.7,71,984.0
58,2024-11-26,25.7,86,0.3,3.3,99,983.8
58,2024-11-27,26.2,87,0.2,3.2,85,983.7
58,2024-11-28,25.8,85,0.1,4.3,78,985.1
58,2024-11-29,24.8,85,0.0,5.5,82,985.5
58,2024-11-30,25.1,84,0.0,3.9,72,984.1
58,2024-12-01,24.9,84,0.0,3.3,30,982.2
58,2024-12-02,25.2,86,0.0,3.8,106,982.0
58,2024-12-03,26.0,84,0.0,3.2,96,982.4
58,2024-12-04,26.8,82,0.0,3.2,175,981.9
58,2024-12-05,27.2,83,0.0,4.9,182,981.6
58,2024-12-06,26.7,81,0.0,4.9,173,981.1
58,2024-12-07,26.1,83,0.0,3.8,122,982.2
58,2024-12-08,26.1,86,0.4,2.9,95,983.4
58,2024-12-09,26.2,87,1.2,3.4,198,983.3
58,2024-12-10,26.0,85,0.0,3.2,207,982.1
58,2024-12-11,25.0,82,0.0,2.7,54,982.4
58,2024-12-12,24.2,82,0.0,3.1,70,982.0
58,2024-12-13,24.6,82,0.0,2.9,71,983.0
58,2024-12-14,23.7,96,1.8,3.5,78,984.8
58,2024-12-15,24.4,93,4.5,4.2,69,986.6
58,2024-12-16,24.2,89,0.5,5.2,75,987.0
58,2024-12-17,24.0,85,0.0,4.0,64,985.5
58,2024-12-18,24.1,85,0.0,3.2,85,984.5
58,2024-12-19,24.5,85,0.0,3.2,98,984.8
58,2024-12-20,23.6,85,0.0,3.9,126,983.8
58,2024-12-21,22.9,84,0.0,2.8,98,984.0
58,2024-12-22,23.2,84,0.0,3.5,85,984.3
58,2024-12-23,22.8,83,0.0,3.8,74,984.2
58,2024-12-24,22.4,82,0.0,3.8,75,985.0
58,2024-12-25,22.4,81,0.0,3.8,71,986.1
58,2024-12-26,23.0,81,0.0,3.7,66,987.2
58,2024-12-27,23.1,80,0.0,3.7,74,987.2
58,2024-12-28,23.5,81,0.0,4.5,78,987.3
58,2024-12-29,23.8,82,0.0,3.7,116,986.2
58,2024-12-30,24.2,82,0.0,3.3,139,985.2
58,2024-12-31,24.0,85,0.0,3.0,110,984.8
58,2025-01-01,23.9,82,0.0,3.2,118,983.6
58,2025-01-02,23.3,80,0.0,3.0,91,983.7
58,2025-01-03,23.6,78,0.0,4.4,85,984.8
58,2025-01-04,22.7,78,0.0,3.5,85,984.2
58,2025-01-05,22.2,79,0.0,4.8,89,985.7
58,2025-01-06,22.1,78,0.0,3.8,97,984.4
58,2025-01-07,21.4,80,0.0,3.8,150,983.7
58,2025-01-08,21.4,78,0.0,4.1,156,983.3
58,2025-01-09,22.1,79,0.0,3.2,103,985.1
58,2025-01-10,23.7,80,0.0,2.8,86,987.3
58,2025-01-11,23.3,75,0.0,7.0,83,988.5
58,2025-01-12,21.1,69,0.0,7.4,71,989.1
58,2025-01-13,19.5,75,0.0,4.4,76,986.1
58,2025-01-14,20.2,77,0.0,4.0,69,986.1
58,2025-01-15,21.2,74,0.0,5.7,76,987.1
58,2025-01-16,21.7,75,0.0,5.0,73,987.4
58,2025-01-17,22.2,76,0.0,3.7,85,985.6
58,2025-01-18,22.1,76,0.0,3.5,79,984.1
58,2025-01-19,22.3,76,0.0,3.5,156,982.6
58,2025-01-20,22.5,78,0.0,3.6,173,981.4
58,2025-01-21,22.5,75,0.0,4.3,173,981.5
58,2025-01-22,22.5,74,0.0,3.9,168,982.0
58,2025-01-23,22.6,73,0.0,3.9,163,982.6
58,2025-01-24,22.5,72,0.0,4.7,169,981.5
58,2025-01-25,22.5,73,0.0,4.7,160,981.4
58,2025-01-26,23.4,74,0.0,3.5,136,981.2
58,2025-01-27,23.2,78,0.0,6.1,132,981.3
58,2025-01-28,23.3,75,0.0,6.1,112,984.3
58,2025-01-29,23.8,75,0.0,5.6,141,985.4
58,2025-01-30,23.9,75,0.0,6.2,193,982.7
58,2025-01-31,24.0,75,0.0,6.2,188,982.1
58,2025-02-01,23.4,70,0.0,4.3,167,981.6
58,2025-02-02,23.4,67,0.0,3.8,183,981.0
58,2025-02-03,24.2,67,0.0,3.4,121,981.4
58,2025-02-04,25.4,67,0.0,5.9,189,981.6
58,2025-02-05,25.7,66,0.0,7.4,186,981.1
58,2025-02-06,25.0,72,0.0,5.0,187,981.6
58,2025-02-07,24.9,72,0.0,4.1,183,982.3
58,2025-02-08,26.2,71,0.0,4.5,193,982.7
58,2025-02-09,26.6,75,0.1,5.1,176,983.1
58,2025-02-10,26.4,73,0.0,5.5,185,983.6
58,2025-02-11,26.1,69,0.0,6.4,189,983.2
58,2025-02-12,25.3,64,0.0,5.7,178,983.2
58,2025-02-13,24.7,60,0.0,5.0,185,983.0
58,2025-02-14,24.6,60,0.0,6.4,180,982.6
58,2025-02-15,24.5,63,0.0,5.9,182,981.7
58,2025-02-16,24.6,66,0.0,5.3,185,982.2
58,2025-02-17,24.8,61,0.0,4.0,215,984.0
58,2025-02-18,25.3,59,0.0,4.3,224,984.0
58,2025-02-19,25.9,63,0.0,4.9,204,983.5
58,2025-02-20,26.6,63,0.0,4.7,212,983.9
58,2025-02-21,26.4,58,0.0,4.8,206,984.1
58,2025-02-22,26.5,58,0.0,4.6,187,984.6
58,2025-02-23,27.0,58,0.0,3.6,152,985.3
58,2025-02-24,25.3,85,7.6,4.3,112,987.1
58,2025-02-25,25.2,88,5.9,4.0,99,988.5
58,2025-02-26,27.1,76,0.1,4.4,150,987.6
58,2025-02-27,26.8,73,0.0,4.2,200,985.0
58,2025-02-28,27.3,73,0.0,5.2,199,983.7
58,2025-03-01,27.7,68,0.0,6.4,201,982.1
58,2025-03-02,27.0,64,0.0,5.8,191,980.3
58,2025-03-03,26.9,64,0.0,4.8,201,980.2
58,2025-03-04,26.6,62,0.0,5.4,196,979.6
58,2025-03-05,26.3,61,0.0,6.1,190,979.2
58,2025-03-06,25.8,62,0.0,5.3,194,980.5
58,2025-03-07,27.2,56,0.0,7.0,200,980.1
58,2025-03-08,28.3,65,0.0,7.4,186,981.1
58,2025-03-09,28.4,66,0.0,5.5,182,983.7
58,2025-03-10,28.7,67,0.0,3.7,177,984.6
58,2025-03-11,29.2,64,0.0,6.0,205,982.7
58,2025-03-12,28.7,67,0.0,6.7,200,980.6
58,2025-03-13,29.5,60,0.0,7.6,201,980.2
58,2025-03-14,29.4,51,0.0,6.5,193,981.8
58,2025-03-15,29.2,54,0.0,6.0,196,982.1
58,2025-03-16,29.5,57,0.0,6.2,195,981.4
58,2025-03-17,30.4,56,0.0,7.4,201,981.0
58,2025-03-18,30.5,54,0.0,7.1,197,982.0
58,2025-03-19,28.8,66,0.2,6.0,157,984.9
58,2025-03-20,28.1,66,0.0,6.0,113,986.8
58,2025-03-21,28.6,64,0.0,4.7,128,986.9
58,2025-03-22,29.1,65,0.0,4.8,168,985.1
58,2025-03-23,29.7,64,0.0,5.2,203,984.1
58,2025-03-24,29.9,60,0.0,6.1,208,982.0
58,2025-03-25,29.8,55,0.0,6.7,211,978.6
58,2025-03-26,29.4,58,0.0,6.7,209,977.6
58,2025-03-27,29.5,52,0.0,6.4,203,976.6
58,2025-03-28,28.7,53,0.0,5.3,198,977.5
58,2025-03-29,29.5,51,0.0,5.9,199,979.1
58,2025-03-30,30.8,47,0.0,6.2,206,980.8
58,2025-03-31,31.8,51,0.0,6.9,217,980.8
58,2025-04-01,32.1,50,0.0,6.9,209,980.5
58,2025-04-02,32.2,53,0.0,6.3,207,981.7
58,2025-04-03,32.7,52,0.0,6.5,201,982.6
58,2025-04-04,31.9,58,0.0,7.3,208,981.7
58,2025-04-05,31.0,62,0.1,7.4,204,981.3
58,2025-04-06,29.0,70,0.4,4.7,197,981.9
58,2025-04-07,29.0,67,0.0,2.7,139,983.7
58,2025-04-08,30.7,57,0.0,3.6,298,984.4
58,2025-04-09,30.9,56,0.0,4.4,272,982.4
58,2025-04-10,30.7,58,0.1,7.1,205,979.6
58,2025-04-11,30.5,65,0.1,7.4,220,978.5
58,2025-04-12,29.2,75,0.6,5.7,212,980.0
58,2025-04-13,30.3,68,3.5,3.8,189,980.8
58,2025-04-14,26.9,88,14.6,3.3,105,982.7
58,2025-04-15,29.0,77,0.2,4.3,199,982.6
58,2025-04-16,29.4,76,0.3,6.1,215,981.3
58,2025-04-17,29.7,72,2.7,6.0,228,980.6
58,2025-04-18,30.0,70,0.7,6.5,225,979.9
58,2025-04-19,30.3,69,0.1,6.3,218,979.3
58,2025-04-20,30.7,66,0.3,6.8,206,979.7
58,2025-04-21,32.1,63,0.3,7.4,211,981.3
58,2025-04-22,32.1,65,0.3,7.2,214,981.5
58,2025-04-23,33.2,60,0.0,6.9,216,980.0
58,2025-04-24,32.7,62,0.0,8.0,215,979.6
58,2025-04-25,33.2,60,0.0,6.7,214,979.8
58,2025-04-26,33.1,58,0.0,7.4,212,980.1
58,2025-04-27,33.3,57,0.0,5.7,212,980.8
58,2025-04-28,30.4,62,0.6,4.5,181,980.7
58,2025-04-29,28.5,74,1.6,3.2,161,981.8
58,2025-04-30,26.9,85,2.9,2.1,32,982.2
58,2025-05-01,29.0,73,2.0,4.3,221,982.8
58,2025-05-02,29.8,68,0.5,5.2,217,981.5
58,2025-05-03,29.7,68,1.3,5.3,223,980.4
58,2025-05-04,30.2,70,0.9,6.4,211,979.2
58,2025-05-05,31.2,66,0.1,5.7,235,978.9
58,2025-05-06,32.6,59,0.5,6.1,233,978.4
58,2025-05-07,33.4,54,0.0,7.2,222,977.3
58,2025-05-08,31.7,66,2.5,6.6,213,977.8
58,2025-05-09,32.5,62,0.2,5.9,220,978.1
58,2025-05-10,31.3,73,1.6,5.7,206,978.6
58,2025-05-11,30.3,76,11.7,3.7,217,977.6
58,2025-05-12,29.2,79,14.0,3.3,139,978.3
58,2025-05-13,28.9,82,3.8,3.7,171,979.1
58,2025-05-14,28.2,88,21.2,3.4,175,980.3
58,2025-05-15,27.1,92,19.8,2.7,164,981.3
58,2025-05-16,27.4,88,6.1,3.2,194,981.5
58,2025-05-17,29.3,79,0.7,4.2,213,980.9
58,2025-05-18,28.9,81,3.3,4.2,220,980.9
58,2025-05-19,29.0,84,5.1,4.7,224,980.0
58,2025-05-20,30.2,79,6.4,4.7,216,979.3
58,2025-05-21,29.0,85,10.2,5.2,217,979.7
58,2025-05-22,30.2,79,2.0,4.7,230,978.3
58,2025-05-23,29.9,80,2.4,5.4,209,976.6
58,2025-05-24,27.9,92,20.9,2.4,140,977.4
58,2025-05-25,28.9,87,9.4,4.3,93,978.5
58,2025-05-26,28.5,84,3.1,5.2,80,978.5
58,2025-05-27,27.5,91,28.5,4.5,129,977.5
58,2025-05-28,27.9,87,12.9,7.2,190,977.5
58,2025-05-29,27.3,93,38.4,6.6,180,977.8
58,2025-05-30,27.6,90,6.5,7.3,179,978.7
58,2025-05-31,27.6,94,19.4,6.5,191,979.7
58,2025-06-01,27.6,92,7.6,7.2,194,979.1
58,2025-06-02,28.1,87,7.8,8.0,197,978.2
58,2025-06-03,27.3,89,14.9,6.9,209,978.5
58,2025-06-04,29.2,81,1.5,5.5,222,979.3
58,2025-06-05,29.5,78,0.5,5.1,220,979.8
58,2025-06-06,29.9,78,1.2,5.2,228,979.5
58,2025-06-07,30.5,76,0.9,5.2,218,978.6
58,2025-06-08,30.8,77,1.0,4.1,209,977.3
58,2025-06-09,29.2,85,16.4,4.5,203,976.6
58,2025-06-10,28.7,85,5.3,4.1,205,976.4
58,2025-06-11,27.3,93,19.0,3.3,205,977.3
58,2025-06-12,27.2,91,17.8,3.0,206,976.9
58,2025-06-13,28.2,86,4.8,4.8,202,977.3
58,2025-06-14,28.3,86,4.1,5.8,200,977.5
58,2025-06-15,27.8,88,12.0,5.8,193,977.8
58,2025-06-16,28.0,86,4.8,6.2,193,979.0
58,2025-06-17,27.4,89,4.9,5.4,188,979.9
58,2025-06-18,27.4,88,5.0,6.6,199,979.6
58,2025-06-19,28.0,86,10.0,5.6,201,979.4
58,2025-06-20,28.2,85,9.4,6.2,217,979.0
58,2025-06-21,28.5,82,2.9,5.6,217,977.9
58,2025-06-22,28.6,85,8.3,5.4,201,977.3
58,2025-06-23,28.4,82,3.4,7.7,200,977.1
58,2025-06-24,28.9,78,1.8,7.2,192,977.0
58,2025-06-25,28.7,78,1.7,5.8,201,979.0
58,2025-06-26,28.5,82,1.4,5.0,215,979.6
58,2025-06-27,27.8,83,2.5,6.4,211,978.3
58,2025-06-28,27.8,87,15.7,6.5,202,976.9
58,2025-06-29,27.3,89,9.2,5.6,196,976.1
58,2025-06-30,28.1,84,4.2,5.4,196,976.1
58,2025-07-01,28.4,81,7.8,6.1,203,977.4
58,2025-07-02,28.2,82,1.4,6.2,214,978.6
58,2025-07-03,27.3,84,6.7,5.6,206,979.8
58,2025-07-04,28.0,84,3.2,5.1,211,979.6
58,2025-07-05,27.8,85,8.1,5.5,201,977.9
58,2025-07-06,26.7,89,7.3,5.7,192,977.2
58,2025-07-07,27.1,88,4.7,5.5,191,978.1
58,2025-07-08,28.3,85,3.4,6.1,207,978.8
58,2025-07-09,28.1,87,3.5,5.4,222,979.2
58,2025-07-10,27.9,87,4.0,5.8,224,977.5
58,2025-07-11,27.7,89,12.7,5.9,223,975.0
58,2025-07-12,27.2,93,17.7,3.7,190,975.9
58,2025-07-13,28.0,88,15.9,5.0,198,978.0
58,2025-07-14,29.1,81,1.0,5.4,220,978.7
58,2025-07-15,28.8,84,5.8,5.2,222,977.4
58,2025-07-16,27.0,93,7.1,5.0,206,977.8
58,2025-07-17,26.7,95,9.6,4.3,205,978.3
58,2025-07-18,27.8,85,2.5,6.5,212,977.5
58,2025-07-19,28.3,83,1.4,6.3,214,975.1
58,2025-07-20,28.0,84,5.6,5.2,204,974.9
58,2025-07-21,28.5,82,4.7,6.0,213,975.4
58,2025-07-22,27.2,88,9.5,5.5,218,973.7
58,2025-07-23,25.8,99,27.2,6.3,210,970.8
58,2025-07-24,27.1,90,17.9,10.3,191,973.5
58,2025-07-25,27.2,91,16.5,6.6,189,976.3
58,2025-07-26,27.5,91,15.8,4.5,203,977.3
58,2025-07-27,26.7,95,22.3,5.7,211,976.0
58,2025-07-28,26.2,97,14.8,4.8,208,975.5
58,2025-07-29,27.0,93,17.7,5.9,216,975.6
58,2025-07-30,28.2,89,5.6,6.9,219,977.1
58,2025-07-31,28.1,88,3.0,7.5,228,977.4
58,2025-08-01,28.3,88,5.7,6.1,220,976.9
58,2025-08-02,28.0,91,14.3,5.3,213,978.3
58,2025-08-03,29.5,79,0.1,7.7,223,980.1
58,2025-08-04,29.9,78,0.9,7.4,228,979.7
58,2025-08-05,28.2,89,10.0,6.2,207,979.2
58,2025-08-06,26.9,95,18.8,5.4,201,978.3
58,2025-08-07,27.1,91,15.4,6.0,196,979.6
58,2025-08-08,27.4,86,6.3,5.2,206,982.0
58,2025-08-09,28.5,82,2.0,5.6,222,981.9
58,2025-08-10,28.6,83,1.5,6.1,221,979.8
58,2025-08-11,29.2,80,0.2,5.5,216,978.2
58,2025-08-12,28.9,83,7.2,5.2,192,977.7
58,2025-08-13,28.7,83,4.7,4.5,204,980.0
58,2025-08-14,28.5,83,2.8,4.2,220,979.4
58,2025-08-15,28.4,85,6.2,3.8,214,976.5
58,2025-08-16,27.8,91,13.1,3.0,89,975.4
58,2025-08-17,27.1,95,29.4,3.3,142,978.8
58,2025-08-18,27.7,84,7.8,3.9,212,981.0
58,2025-08-19,28.9,79,2.1,5.3,220,980.5
58,2025-08-20,28.6,80,5.2,4.7,222,980.6
58,2025-08-21,28.0,84,6.9,4.6,213,980.9
58,2025-08-22,28.0,84,4.1,4.4,215,979.6
58,2025-08-23,27.4,89,9.9,3.5,211,979.3
58,2025-08-24,27.8,87,7.6,3.5,218,979.1
58,2025-08-25,28.5,85,9.7,2.4,180,977.4
58,2025-08-26,26.8,91,16.9,4.1,218,977.6
58,2025-08-27,25.6,95,38.0,5.9,216,978.4
58,2025-08-28,26.3,89,3.9,4.7,215,980.2
58,2025-08-29,27.8,82,1.2,4.6,222,980.8
58,2025-08-30,28.2,85,6.2,2.9,212,979.9
58,2025-08-31,27.2,94,18.9,3.2,57,976.0
58,2025-09-01,27.0,95,16.1,3.2,115,977.1
58,2025-09-02,28.2,85,1.2,4.0,195,978.8
58,2025-09-03,28.7,82,3.6,4.1,208,979.6
58,2025-09-04,29.4,82,1.4,3.8,211,979.3
58,2025-09-05,29.3,85,7.6,3.5,196,979.3
58,2025-09-06,28.7,86,16.2,3.0,143,979.8
58,2025-09-07,28.5,86,8.6,3.1,177,978.9
58,2025-09-08,28.7,85,11.9,2.3,173,978.6
58,2025-09-09,28.6,87,12.1,2.9,197,979.1
58,2025-09-10,28.0,89,8.7,4.1,198,979.6
58,2025-09-11,27.7,90,8.0,4.6,196,980.4
58,2025-09-12,27.7,88,10.0,3.5,192,981.5
58,2025-09-13,27.3,89,7.2,2.8,166,981.9
58,2025-09-14,27.7,86,0.8,3.2,179,982.1
58,2025-09-15,28.1,86,3.6,3.1,165,981.4
58,2025-09-16,28.2,87,6.2,2.6,163,981.5
58,2025-09-17,28.5,87,11.1,3.2,150,980.4
58,2025-09-18,28.3,89,14.2,2.9,140,979.3
58,2025-09-19,28.5,87,2.9,3.0,104,979.2
58,2025-09-20,28.2,88,9.5,3.1,109,978.1
58,2025-09-21,27.9,90,7.8,3.5,193,978.5
58,2025-09-22,27.3,91,8.1,4.8,193,979.2
58,2025-09-23,27.8,88,3.5,4.4,200,978.1
58,2025-09-24,27.3,90,19.6,3.1,196,976.2
58,2025-09-25,27.2,92,7.0,3.3,187,976.9
58,2025-09-26,27.8,89,14.8,2.6,192,979.5
58,2025-09-27,27.7,91,13.6,2.4,70,981.5
58,2025-09-28,29.0,85,6.7,3.3,63,979.4
58,2025-09-29,28.7,88,10.8,2.5,233,976.1
58,2025-09-30,26.8,93,7.2,4.9,188,977.5
58,2025-10-01,27.1,91,9.8,4.2,183,981.3
58,2025-10-02,27.4,90,3.6,1.9,178,983.9
58,2025-10-03,27.9,89,9.8,2.9,206,983.1
58,2025-10-04,27.3,91,3.5,2.9,189,982.7
58,2025-10-05,28.3,87,0.8,4.1,206,982.2
58,2025-10-06,27.6,87,4.3,4.9,221,981.3
58,2025-10-07,27.2,87,3.8,4.4,202,981.8
58,2025-10-08,28.0,86,5.5,3.8,197,983.0
58,2025-10-09,27.9,86,8.8,2.5,138,982.7
58,2025-10-10,28.1,86,5.2,2.9,124,982.0
58,2025-10-11,28.4,87,0.1,2.8,140,981.5
58,2025-10-12,28.7,86,0.3,3.0,142,981.2
58,2025-10-13,27.2,91,9.8,2.7,124,981.4
58,2025-10-14,27.9,87,1.8,2.1,100,981.1
58,2025-10-15,27.2,91,17.5,2.3,110,981.0
58,2025-10-16,27.0,92,15.0,2.1,81,982.3
58,2025-10-17,27.5,90,4.0,2.5,78,983.3
58,2025-10-18,28.0,86,1.7,2.9,82,982.7
58,2025-10-19,27.8,86,0.1,3.3,83,981.8
58,2025-10-20,28.0,86,0.3,3.5,68,982.1
58,2025-10-21,27.9,84,0.2,3.8,64,982.6
58,2025-10-22,27.0,79,0.0,6.3,73,983.4
58,2025-10-23,26.5,78,0.0,5.4,67,983.7
58,2025-10-24,26.9,80,0.3,4.9,75,983.6
58,2025-10-25,26.9,85,0.5,4.0,82,983.3
58,2025-10-26,27.2,84,0.1,4.2,77,983.7
58,2025-10-27,26.8,82,0.0,3.9,80,984.4
58,2025-10-28,27.1,80,0.0,3.5,89,984.0
58,2025-10-29,27.2,82,0.0,2.9,90,983.2
58,2025-10-30,28.0,81,0.0,4.0,81,982.9
58,2025-10-31,27.3,83,0.3,5.3,72,982.6
58,2025-11-01,27.8,86,2.1,4.2,92,982.4
58,2025-11-02,26.8,95,16.2,3.4,85,981.6
58,2025-11-03,26.5,97,14.5,3.5,89,980.9
58,2025-11-04,26.5,94,3.9,3.1,80,981.5
58,2025-11-05,26.8,91,2.6,2.4,100,980.9
58,2025-11-06,27.4,90,3.4,2.2,96,981.1
58,2025-11-07,28.0,88,0.1,2.7,31,980.7
58,2025-11-08,27.0,92,10.9,2.5,67,980.8
58,2025-11-09,25.9,96,41.2,1.8,155,981.2
58,2025-11-10,25.5,97,30.3,2.4,224,981.4
58,2025-11-11,26.8,90,0.8,2.1,223,981.5
58,2025-11-12,26.7,85,0.0,3.1,41,982.7
58,2025-11-13,26.7,84,0.2,2.8,85,984.4
58,2025-11-14,27.1,89,0.9,2.6,95,984.4
58,2025-11-15,26.9,85,0.4,3.9,72,985.5
58,2025-11-16,26.0,80,0.0,5.4,71,986.9
58,2025-11-17,25.0,85,0.5,4.8,51,986.7
58,2025-11-18,24.2,94,2.5,4.9,61,986.2
58,2025-11-19,24.3,90,0.8,5.7,59,987.0
58,2025-11-20,24.3,81,0.0,6.1,71,987.8
58,2025-11-21,23.8,79,0.0,6.0,70,988.4
58,2025-11-22,23.1,84,0.0,4.5,75,986.7
58,2025-11-23,23.3,86,0.0,3.7,71,986.4
58,2025-11-24,23.4,80,0.0,5.3,66,986.2
58,2025-11-25,22.4,75,0.0,7.0,69,986.3
58,2025-11-26,21.4,81,0.0,5.1,63,986.2
58,2025-11-27,20.8,75,0.0,8.5,66,987.6
58,2025-11-28,19.3,75,0.0,5.5,63,986.1
58,2025-11-29,18.8,79,0.0,3.7,70,984.1
58,2025-11-30,20.0,80,0.0,3.2,73,983.6
58,2025-12-01,21.0,82,0.0,3.1,66,983.6
58,2025-12-02,20.9,83,0.0,3.0,73,983.4
58,2025-12-03,22.4,83,0.0,3.1,68,984.7
58,2025-12-04,23.3,83,0.0,3.3,76,985.7
58,2025-12-05,24.0,84,0.0,3.4,78,986.5
58,2025-12-06,24.8,86,0.0,3.9,144,986.0
58,2025-12-07,24.7,86,0.0,2.9,73,985.5
58,2025-12-08,24.7,81,0.0,3.3,74,985.5
58,2025-12-09,24.4,83,0.0,3.6,78,985.4
58,2025-12-10,23.0,81,0.0,4.0,71,985.7
58,2025-12-11,22.9,82,0.0,3.6,68,985.1
58,2025-12-12,23.7,88,0.0,3.4,80,984.4
58,2025-12-13,24.5,86,0.1,3.8,74,985.1
58,2025-12-14,24.4,84,0.4,4.1,82,985.9
58,2025-12-15,24.3,86,0.2,3.3,90,985.5
58,2025-12-16,24.1,83,0.0,3.4,118,984.6
58,2025-12-17,24.1,80,0.0,3.3,96,985.1
58,2025-12-18,24.1,82,1.1,3.0,85,985.3
58,2025-12-19,23.3,82,0.0,3.4,60,983.9
58,2025-12-20,22.1,82,0.0,2.6,67,983.0
58,2025-12-21,22.7,81,0.0,4.9,79,984.7
58,2025-12-22,22.4,77,0.0,3.6,72,984.2
58,2025-12-23,22.3,78,0.0,3.3,230,982.9
58,2025-12-24,22.6,78,0.0,3.4,226,982.8
58,2025-12-25,22.6,82,0.0,2.8,85,983.5
58,2025-12-26,23.3,78,0.0,3.6,112,983.6
58,2025-12-27,22.3,78,0.0,3.3,109,984.0
58,2025-12-28,22.1,78,0.0,3.6,135,984.6
58,2025-12-29,21.5,78,0.0,3.5,154,983.8
58,2025-12-30,21.0,79,0.0,3.2,146,982.6
58,2025-12-31,21.3,77,0.0,3.6,150,981.1
