latitude,longitude,bright_ti4,scan,track,acq_date,acq_time,satellite,instrument,confidence,version,bright_ti5,frp,daynight,type
8.30487,98.32576,338.83,0.57,0.43,2023-12-23,627,N,VIIRS,n,2,293.02,12.23,D,0
9.17954,99.59877,333.39,0.47,0.4,2023-12-23,627,N,VIIRS,n,2,287.8,3.99,D,0
10.76398,98.68687,341.53,0.51,0.41,2023-12-23,628,N,VIIRS,n,2,297.38,18.65,D,0
10.98623,103.36514,335.39,0.39,0.36,2023-12-23,628,N,VIIRS,n,2,281.57,3.3,D,0
10.98676,103.36868,333.65,0.39,0.36,2023-12-23,628,N,VIIRS,n,2,284.48,3.3,D,0
10.98956,103.36463,337.72,0.39,0.36,2023-12-23,628,N,VIIRS,n,2,281.95,2.26,D,0
10.99009,103.36819,338.39,0.39,0.36,2023-12-23,628,N,VIIRS,n,2,285.69,2.26,D,0
10.9929,103.36413,331.03,0.39,0.36,2023-12-23,628,N,VIIRS,n,2,279.45,2.26,D,0
10.99343,103.36768,332.31,0.39,0.36,2023-12-23,628,N,VIIRS,n,2,279.7,2.26,D,0
11.34119,103.72364,334.62,0.4,0.37,2023-12-23,628,N,VIIRS,n,2,292.97,3.21,D,0
11.3475,103.22516,337.39,0.39,0.36,2023-12-23,628,N,VIIRS,n,2,293.01,2.21,D,0
11.64576,103.56919,347.76,0.39,0.36,2023-12-23,628,N,VIIRS,n,2,295.17,9.58,D,0
11.64911,103.56868,328.66,0.39,0.36,2023-12-23,628,N,VIIRS,n,2,294.08,7.98,D,0
11.64965,103.57229,354.31,0.39,0.36,2023-12-23,628,N,VIIRS,n,2,297.2,7.98,D,0
11.66047,103.56282,327.97,0.39,0.36,2023-12-23,628,N,VIIRS,l,2,298.47,6.38,D,0
11.661,103.56642,340.06,0.39,0.36,2023-12-23,628,N,VIIRS,n,2,297.26,3.91,D,0
11.66383,103.56229,353.53,0.39,0.36,2023-12-23,628,N,VIIRS,n,2,297.56,6.38,D,0
11.66436,103.5659,329.11,0.39,0.36,2023-12-23,628,N,VIIRS,n,2,296.03,3.91,D,0
11.70711,103.43781,342.58,0.39,0.36,2023-12-23,628,N,VIIRS,n,2,300.13,27.95,D,0
11.83584,99.78316,330.12,0.44,0.38,2023-12-23,628,N,VIIRS,n,2,299.68,1.92,D,0
12.1271,103.17068,331.49,0.39,0.36,2023-12-23,628,N,VIIRS,n,2,290.74,3.57,D,0
12.16543,102.72895,345.4,0.39,0.36,2023-12-23,628,N,VIIRS,n,2,299.63,12.26,D,0
12.16821,102.7249,346.51,0.39,0.36,2023-12-23,628,N,VIIRS,n,2,300.35,7.48,D,0
12.16874,102.72843,356.66,0.39,0.36,2023-12-23,628,N,VIIRS,n,2,301.36,12.26,D,0
12.16981,102.7355,332.35,0.39,0.36,2023-12-23,628,N,VIIRS,n,2,297.66,2.38,D,0
12.17153,102.72438,334.96,0.39,0.36,2023-12-23,628,N,VIIRS,n,2,299.62,7.82,D,0
12.17206,102.72791,344.78,0.39,0.36,2023-12-23,628,N,VIIRS,n,2,303.19,10.84,D,0
12.17313,102.73497,341.83,0.39,0.36,2023-12-23,628,N,VIIRS,n,2,299.28,3.74,D,0
12.17538,102.72739,353.36,0.39,0.36,2023-12-23,628,N,VIIRS,n,2,298.27,10.84,D,0
12.17644,102.73446,335.62,0.39,0.36,2023-12-23,628,N,VIIRS,n,2,298.74,3.74,D,0
12.17947,102.73402,332.84,0.39,0.36,2023-12-23,628,N,VIIRS,n,2,299.32,4.45,D,0
12.29704,104.15783,330.37,0.41,0.37,2023-12-23,628,N,VIIRS,n,2,290.24,2.47,D,0
12.33638,99.68559,336.14,0.44,0.38,2023-12-23,628,N,VIIRS,n,2,299.18,3.02,D,0
12.33989,99.68501,332.43,0.44,0.38,2023-12-23,628,N,VIIRS,n,2,297.63,3.02,D,0
12.36101,105.13828,330.63,0.45,0.39,2023-12-23,628,N,VIIRS,n,2,294.1,3.61,D,0
12.39126,103.96424,335.69,0.41,0.37,2023-12-23,628,N,VIIRS,n,2,294.07,3.46,D,0
12.47601,103.33662,326.24,0.39,0.36,2023-12-23,628,N,VIIRS,n,2,294.28,0.76,D,0
12.52331,103.15611,330.26,0.39,0.36,2023-12-23,628,N,VIIRS,n,2,293.79,2.75,D,0
12.6838,105.47909,333.8,0.47,0.39,2023-12-23,628,N,VIIRS,n,2,286.55,5.25,D,0
12.68431,105.4827,333.97,0.47,0.39,2023-12-23,628,N,VIIRS,n,2,285.66,5.07,D,0
12.70679,101.14163,336.68,0.39,0.36,2023-12-23,628,N,VIIRS,n,2,299.23,1.31,D,0
12.80775,105.09254,335.89,0.45,0.39,2023-12-23,628,N,VIIRS,n,2,289.78,2.46,D,0
12.85053,105.26497,340.47,0.46,0.39,2023-12-23,628,N,VIIRS,n,2,293.56,9.41,D,0
12.85405,102.24979,332.96,0.38,0.36,2023-12-23,628,N,VIIRS,n,2,290.51,2.88,D,0
12.87757,104.72579,330.22,0.43,0.38,2023-12-23,628,N,VIIRS,n,2,297.35,3.78,D,0
12.95551,105.14341,339.27,0.45,0.39,2023-12-23,628,N,VIIRS,n,2,294.28,4.21,D,0
13.00349,105.63903,332.17,0.48,0.4,2023-12-23,628,N,VIIRS,n,2,290.76,6.74,D,0
13.06696,105.16701,337.64,0.45,0.39,2023-12-23,628,N,VIIRS,n,2,295.07,8.6,D,0
13.07038,101.76218,350.91,0.38,0.36,2023-12-23,628,N,VIIRS,n,2,298.3,5.98,D,0
13.11875,105.08304,345.48,0.45,0.39,2023-12-23,628,N,VIIRS,n,2,296.61,6.97,D,0
13.12233,105.08251,338.14,0.45,0.39,2023-12-23,628,N,VIIRS,n,2,295.62,5.55,D,0
13.12591,105.08199,342.08,0.45,0.39,2023-12-23,628,N,VIIRS,n,2,294.17,5.55,D,0
13.126,102.48796,326.31,0.39,0.36,2023-12-23,628,N,VIIRS,n,2,295.46,1.56,D,0
13.13063,101.82449,332.22,0.38,0.36,2023-12-23,628,N,VIIRS,n,2,289.67,2.83,D,0
13.15864,99.80947,335.76,0.42,0.38,2023-12-23,628,N,VIIRS,n,2,298.27,4.01,D,0
13.15927,99.81335,349.53,0.42,0.38,2023-12-23,628,N,VIIRS,n,2,298.62,4.01,D,0
13.16274,99.81277,357.09,0.42,0.38,2023-12-23,628,N,VIIRS,l,2,298.96,4.01,D,0
13.16336,99.81665,344.85,0.42,0.38,2023-12-23,628,N,VIIRS,n,2,298.19,5.3,D,0
13.16495,99.80445,355.88,0.42,0.38,2023-12-23,628,N,VIIRS,n,2,299.67,7.45,D,0
13.16557,99.80833,346.15,0.42,0.38,2023-12-23,628,N,VIIRS,n,2,298.52,4.47,D,0
13.1662,99.81219,354.07,0.42,0.38,2023-12-23,628,N,VIIRS,n,2,297.44,4.47,D,0
13.16683,99.81608,350.09,0.42,0.38,2023-12-23,628,N,VIIRS,n,2,298.47,6.75,D,0
13.16841,99.80388,347.34,0.42,0.38,2023-12-23,628,N,VIIRS,n,2,297.5,7.45,D,0
13.16904,99.80775,338.74,0.42,0.38,2023-12-23,628,N,VIIRS,n,2,300.03,4.47,D,0
13.18265,101.19602,331.8,0.39,0.36,2023-12-23,628,N,VIIRS,n,2,299.24,1.58,D,0
13.21433,101.20192,338.47,0.39,0.36,2023-12-23,628,N,VIIRS,n,2,303.09,9.73,D,0
13.2282,105.09325,336.71,0.45,0.39,2023-12-23,628,N,VIIRS,n,2,297.5,5.13,D,0
13.23238,105.09688,339.35,0.45,0.39,2023-12-23,628,N,VIIRS,n,2,294.11,9.19,D,0
13.27852,102.69268,336.84,0.39,0.36,2023-12-23,628,N,VIIRS,n,2,298.25,2.6,D,0
13.312,102.46195,340.35,0.39,0.36,2023-12-23,628,N,VIIRS,n,2,295.85,3.63,D,0
13.34674,102.42678,333.36,0.39,0.36,2023-12-23,628,N,VIIRS,n,2,292.79,5.71,D,0
13.36585,102.46368,331.48,0.39,0.36,2023-12-23,628,N,VIIRS,n,2,296.44,2.32,D,0
13.39724,104.38025,332.43,0.43,0.38,2023-12-23,628,N,VIIRS,n,2,295.81,2.86,D,0
13.41971,104.74275,333.83,0.44,0.38,2023-12-23,628,N,VIIRS,n,2,296.33,3.5,D,0
13.42874,101.65233,337.76,0.39,0.36,2023-12-23,628,N,VIIRS,n,2,298.87,6.04,D,0
13.44192,102.42949,333.76,0.39,0.36,2023-12-23,628,N,VIIRS,n,2,294.05,5.95,D,0
13.44591,102.6806,343.32,0.39,0.36,2023-12-23,628,N,VIIRS,n,2,297.48,3.5,D,0
13.44924,102.68008,325.97,0.39,0.36,2023-12-23,628,N,VIIRS,n,2,295.1,1.36,D,0
13.45787,104.88309,328.77,0.45,0.39,2023-12-23,628,N,VIIRS,n,2,295.18,1.81,D,0
13.45982,102.5722,331.74,0.39,0.36,2023-12-23,628,N,VIIRS,n,2,297.55,2.13,D,0
13.47886,104.94006,335.42,0.45,0.39,2023-12-23,628,N,VIIRS,n,2,300.84,3.27,D,0
13.48362,102.57212,328.28,0.39,0.36,2023-12-23,628,N,VIIRS,l,2,298.74,2.78,D,0
13.48415,102.57568,330.17,0.39,0.36,2023-12-23,628,N,VIIRS,n,2,298.06,1.62,D,0
13.48946,102.61131,335.74,0.39,0.36,2023-12-23,628,N,VIIRS,n,2,298.15,2.61,D,0
13.49278,102.61079,345.08,0.39,0.36,2023-12-23,628,N,VIIRS,n,2,300.58,4.02,D,0
13.49611,102.61028,331.22,0.39,0.36,2023-12-23,628,N,VIIRS,n,2,298.87,4.02,D,0
13.50747,102.36842,335.07,0.38,0.36,2023-12-23,628,N,VIIRS,n,2,287.1,3.66,D,0
13.5255,102.69331,326.88,0.39,0.36,2023-12-23,628,N,VIIRS,n,2,294.77,1.29,D,0
13.52936,102.69637,327.71,0.39,0.36,2023-12-23,628,N,VIIRS,n,2,295.79,1.29,D,0
13.5468,102.65347,338.72,0.39,0.36,2023-12-23,628,N,VIIRS,n,2,299.99,4.17,D,0
13.58989,104.04222,331.57,0.42,0.37,2023-12-23,628,N,VIIRS,n,2,296.49,2.07,D,0
13.60547,104.02821,328.52,0.42,0.37,2023-12-23,628,N,VIIRS,n,2,297.6,2.87,D,0
13.61485,102.68304,334.78,0.39,0.36,2023-12-23,628,N,VIIRS,n,2,296.79,2.57,D,0
13.61538,102.68661,328.95,0.39,0.36,2023-12-23,628,N,VIIRS,n,2,296.55,2.58,D,0
13.66237,105.57627,328.85,0.48,0.4,2023-12-23,628,N,VIIRS,n,2,296.13,8.5,D,0
13.66356,105.57481,346.69,0.48,0.4,2023-12-23,628,N,VIIRS,n,2,298.85,7.58,D,0
13.68164,105.1733,340.22,0.46,0.39,2023-12-23,628,N,VIIRS,n,2,295.98,3.54,D,0
13.69389,102.82474,327.71,0.39,0.36,2023-12-23,628,N,VIIRS,n,2,284.99,1.87,D,0
13.71723,105.16382,331.38,0.46,0.39,2023-12-23,628,N,VIIRS,n,2,292.48,4.38,D,0
13.71776,105.16435,328.05,0.46,0.39,2023-12-23,628,N,VIIRS,n,2,291.83,2.36,D,0
13.72497,104.23182,328.72,0.42,0.38,2023-12-23,628,N,VIIRS,n,2,298.16,2.13,D,0
13.73241,105.24468,333.07,0.47,0.39,2023-12-23,628,N,VIIRS,n,2,295.78,2.46,D,0
13.7325,105.24537,329.72,0.47,0.39,2023-12-23,628,N,VIIRS,n,2,294.46,2.14,D,0
13.74036,105.24863,336.35,0.47,0.39,2023-12-23,628,N,VIIRS,n,2,296.24,4.26,D,0
13.77551,105.47951,330.28,0.48,0.4,2023-12-23,628,N,VIIRS,n,2,295.18,3.43,D,0
13.77628,105.16022,334.42,0.46,0.39,2023-12-23,628,N,VIIRS,n,2,296.11,2.67,D,0
13.79931,104.95845,327.79,0.45,0.39,2023-12-23,628,N,VIIRS,n,2,296.68,1.57,D,0
13.48009,101.08433,332.22,0.39,0.36,2023-12-23,629,N,VIIRS,n,2,296.49,3.05,D,0
13.62782,100.24798,331.51,0.41,0.37,2023-12-23,629,N,VIIRS,n,2,297.55,2.5,D,0
13.70633,102.47852,332.41,0.39,0.36,2023-12-23,629,N,VIIRS,n,2,296.56,2.52,D,0
13.7303,101.67553,342.47,0.38,0.36,2023-12-23,629,N,VIIRS,n,2,300.33,5.32,D,0
13.76892,101.57436,340.56,0.39,0.36,2023-12-23,629,N,VIIRS,n,2,298.57,9.56,D,0
13.76947,101.5779,344.76,0.39,0.36,2023-12-23,629,N,VIIRS,n,2,300.86,9.13,D,0
13.77204,99.83478,329.1,0.42,0.37,2023-12-23,629,N,VIIRS,n,2,297.73,3.02,D,0
13.77265,99.83862,332.05,0.42,0.37,2023-12-23,629,N,VIIRS,n,2,298,3.02,D,0
13.77278,101.57737,341.29,0.39,0.36,2023-12-23,629,N,VIIRS,n,2,300.03,9.13,D,0
13.80888,99.76515,339.23,0.42,0.38,2023-12-23,629,N,VIIRS,n,2,298.83,5.16,D,0
13.83513,101.60738,331.07,0.38,0.36,2023-12-23,629,N,VIIRS,l,2,302.54,2.3,D,0
13.91236,103.23532,328.21,0.4,0.37,2023-12-23,629,N,VIIRS,n,2,296.12,2.13,D,0
13.92964,103.66565,328.86,0.41,0.37,2023-12-23,629,N,VIIRS,n,2,297.72,1.98,D,0
13.93707,103.88517,340.88,0.41,0.37,2023-12-23,629,N,VIIRS,n,2,299.44,4.14,D,0
13.97112,104.32064,331.45,0.43,0.38,2023-12-23,629,N,VIIRS,n,2,296.95,2.85,D,0
13.98178,103.64211,335.5,0.41,0.37,2023-12-23,629,N,VIIRS,n,2,297.44,4.34,D,0
13.99981,99.25139,332.89,0.44,0.38,2023-12-23,629,N,VIIRS,n,2,298.47,3.29,D,0
14.00091,101.36519,333.46,0.39,0.36,2023-12-23,629,N,VIIRS,n,2,299.76,5.69,D,0
14.03495,101.23837,346.9,0.39,0.36,2023-12-23,629,N,VIIRS,n,2,301.17,7.77,D,0
14.03769,101.30012,340.4,0.39,0.36,2023-12-23,629,N,VIIRS,n,2,300.43,5.49,D,0
14.03885,101.10933,332.32,0.39,0.36,2023-12-23,629,N,VIIRS,n,2,298.7,2.37,D,0
14.04323,101.29192,346.99,0.39,0.36,2023-12-23,629,N,VIIRS,n,2,303.42,8.05,D,0
14.04655,101.29137,345.31,0.39,0.36,2023-12-23,629,N,VIIRS,n,2,302.95,8.05,D,0
14.05594,99.51165,327.4,0.43,0.38,2023-12-23,629,N,VIIRS,l,2,301.09,1.33,D,0
14.07472,101.34164,349.93,0.39,0.36,2023-12-23,629,N,VIIRS,n,2,303.46,4.86,D,0
14.07804,101.34112,329.1,0.39,0.36,2023-12-23,629,N,VIIRS,n,2,301.09,1.91,D,0
14.07829,103.20585,338.24,0.4,0.37,2023-12-23,629,N,VIIRS,n,2,298.08,2.71,D,0
14.07866,100.64658,352.87,0.4,0.37,2023-12-23,629,N,VIIRS,n,2,295.47,4.29,D,0
14.08201,100.64603,336.67,0.4,0.37,2023-12-23,629,N,VIIRS,n,2,299.56,4.29,D,0
14.11791,105.21071,332.25,0.47,0.4,2023-12-23,629,N,VIIRS,n,2,295.03,3.2,D,0
14.12554,100.88084,334.31,0.39,0.36,2023-12-23,629,N,VIIRS,n,2,299.11,5.3,D,0
14.12611,100.88445,333.19,0.39,0.36,2023-12-23,629,N,VIIRS,n,2,298.86,5.3,D,0
14.1446,105.13643,332.25,0.46,0.39,2023-12-23,629,N,VIIRS,n,2,290.26,2.64,D,0
14.1448,105.13711,327.58,0.46,0.39,2023-12-23,629,N,VIIRS,n,2,290.63,3.45,D,0
14.17587,105.06689,337.59,0.46,0.39,2023-12-23,629,N,VIIRS,n,2,292.19,3.72,D,0
14.22098,100.97549,331.67,0.39,0.36,2023-12-23,629,N,VIIRS,n,2,297.72,3.48,D,0
14.24692,99.7711,327.63,0.42,0.37,2023-12-23,629,N,VIIRS,n,2,299.86,2.22,D,0
14.2908,100.7494,333.45,0.39,0.36,2023-12-23,629,N,VIIRS,n,2,296.48,2.53,D,0
14.35622,105.43025,345.22,0.48,0.4,2023-12-23,629,N,VIIRS,n,2,296.48,8.33,D,0
14.41762,103.45258,330.52,0.4,0.37,2023-12-23,629,N,VIIRS,n,2,291.6,2.15,D,0
14.41858,100.5898,333.3,0.39,0.37,2023-12-23,629,N,VIIRS,n,2,300.46,2.15,D,0
14.42102,103.45206,344.76,0.4,0.37,2023-12-23,629,N,VIIRS,n,2,292.85,7.32,D,0
14.42125,103.20869,330.22,0.4,0.37,2023-12-23,629,N,VIIRS,n,2,290.83,1.17,D,0
14.45308,102.71056,330.52,0.39,0.36,2023-12-23,629,N,VIIRS,n,2,295.33,1.55,D,0
14.52264,101.08424,338.17,0.39,0.36,2023-12-23,629,N,VIIRS,n,2,298.26,2.47,D,0
14.52648,100.25037,344.24,0.4,0.37,2023-12-23,629,N,VIIRS,n,2,295.37,5.05,D,0
14.54639,101.06516,347.49,0.39,0.36,2023-12-23,629,N,VIIRS,n,2,300.59,5.36,D,0
14.54819,102.18584,334.54,0.39,0.36,2023-12-23,629,N,VIIRS,n,2,298.65,4.38,D,0
14.5515,102.18532,332.15,0.39,0.36,2023-12-23,629,N,VIIRS,n,2,298.56,2.47,D,0
14.58506,100.06822,346.25,0.41,0.37,2023-12-23,629,N,VIIRS,n,2,298.24,6.14,D,0
14.59261,100.18594,336.39,0.4,0.37,2023-12-23,629,N,VIIRS,n,2,297.65,2.54,D,0
14.6222,102.1406,332.94,0.39,0.36,2023-12-23,629,N,VIIRS,n,2,299.49,2.59,D,0
14.63846,99.68601,341.08,0.42,0.37,2023-12-23,629,N,VIIRS,n,2,300.86,5.42,D,0
14.64614,100.05798,339.66,0.41,0.37,2023-12-23,629,N,VIIRS,n,2,297.94,6.9,D,0
14.64724,101.0407,332.09,0.39,0.36,2023-12-23,629,N,VIIRS,n,2,302.95,3.6,D,2
14.65505,100.11414,333.19,0.4,0.37,2023-12-23,629,N,VIIRS,n,2,297.32,4.16,D,0
14.67916,100.26656,332.44,0.4,0.37,2023-12-23,629,N,VIIRS,n,2,297.31,1.86,D,0
14.70125,101.94524,341.08,0.38,0.36,2023-12-23,629,N,VIIRS,n,2,296.57,3.88,D,0
14.72132,98.87167,328.38,0.44,0.39,2023-12-23,629,N,VIIRS,n,2,289.25,4.57,D,0
14.75085,100.7017,330.92,0.39,0.36,2023-12-23,629,N,VIIRS,n,2,300.68,2.19,D,0
14.76666,100.02666,334.46,0.41,0.37,2023-12-23,629,N,VIIRS,n,2,298.23,2.74,D,0
14.80445,100.70416,343.47,0.39,0.36,2023-12-23,629,N,VIIRS,n,2,301.58,4.89,D,0
14.91983,100.87415,332.23,0.39,0.36,2023-12-23,629,N,VIIRS,n,2,301.89,1.4,D,0
14.92632,100.14889,332.34,0.4,0.37,2023-12-23,629,N,VIIRS,n,2,299.45,2.43,D,0
14.93017,100.66075,340.39,0.39,0.36,2023-12-23,629,N,VIIRS,n,2,303.13,6.26,D,0
14.93732,100.46518,336.47,0.39,0.37,2023-12-23,629,N,VIIRS,n,2,302.07,5.34,D,0
14.9391,100.93702,339.35,0.39,0.36,2023-12-23,629,N,VIIRS,n,2,299.08,5.17,D,0
14.94125,100.46828,332.65,0.39,0.37,2023-12-23,629,N,VIIRS,n,2,297.61,6.49,D,0
14.94243,100.93649,353.71,0.39,0.36,2023-12-23,629,N,VIIRS,n,2,299.2,8.57,D,0
14.96923,99.69714,329.51,0.41,0.37,2023-12-23,629,N,VIIRS,l,2,302.9,4.22,D,0
14.97203,99.69273,331.79,0.41,0.37,2023-12-23,629,N,VIIRS,n,2,300.5,3.54,D,0
14.97232,99.71621,327.68,0.41,0.37,2023-12-23,629,N,VIIRS,l,2,302.61,2.5,D,0
14.97575,99.71569,338.04,0.41,0.37,2023-12-23,629,N,VIIRS,n,2,303.07,2.5,D,0
14.98353,99.69861,331.95,0.41,0.37,2023-12-23,629,N,VIIRS,n,2,299.46,2.84,D,0
14.98659,99.71759,333.93,0.41,0.37,2023-12-23,629,N,VIIRS,n,2,301.66,4.71,D,0
14.9872,99.72138,336.29,0.41,0.37,2023-12-23,629,N,VIIRS,n,2,303.05,4.71,D,0
14.98949,99.62656,333.18,0.41,0.37,2023-12-23,629,N,VIIRS,n,2,299.32,2.23,D,0
14.99062,99.72077,367,0.41,0.37,2023-12-23,629,N,VIIRS,h,2,304.59,4.71,D,0
14.99653,100.71299,330.55,0.39,0.36,2023-12-23,629,N,VIIRS,l,2,302.8,2.69,D,0
15.03625,100.27486,330.89,0.4,0.37,2023-12-23,629,N,VIIRS,n,2,297,2.51,D,0
15.03683,100.27856,331.27,0.4,0.37,2023-12-23,629,N,VIIRS,n,2,298.37,4.09,D,0
15.0536,101.25977,333.42,0.39,0.36,2023-12-23,629,N,VIIRS,n,2,300.47,5.03,D,0
15.09634,100.77014,331.32,0.39,0.36,2023-12-23,629,N,VIIRS,n,2,300.9,1.7,D,0
15.10346,100.29746,346.45,0.4,0.37,2023-12-23,629,N,VIIRS,n,2,301.99,10.86,D,0
15.10886,100.48466,332.03,0.39,0.36,2023-12-23,629,N,VIIRS,n,2,298.5,2.49,D,0
15.13419,100.90443,330.39,0.39,0.36,2023-12-23,629,N,VIIRS,n,2,303.28,1.75,D,0
15.1504,100.74974,331.58,0.39,0.36,2023-12-23,629,N,VIIRS,l,2,302.51,2.75,D,0
15.17257,100.71648,340.3,0.39,0.36,2023-12-23,629,N,VIIRS,n,2,306.93,4.86,D,0
15.1759,100.71593,344.69,0.39,0.36,2023-12-23,629,N,VIIRS,n,2,305.82,4.86,D,0
15.17647,100.71955,330.86,0.39,0.36,2023-12-23,629,N,VIIRS,l,2,303.62,5.61,D,0
15.19182,100.34705,330.55,0.4,0.37,2023-12-23,629,N,VIIRS,n,2,298.76,1.47,D,0
15.19806,102.12421,333.15,0.39,0.36,2023-12-23,629,N,VIIRS,n,2,298.29,2.09,D,0
15.21387,100.18067,332.92,0.4,0.37,2023-12-23,629,N,VIIRS,n,2,299.37,2.21,D,0
15.21509,104.78983,346.46,0.46,0.39,2023-12-23,629,N,VIIRS,n,2,276.39,9.47,D,0
15.22664,100.93316,330.49,0.39,0.36,2023-12-23,629,N,VIIRS,n,2,300.46,1.73,D,0
15.22942,100.92905,338.56,0.39,0.36,2023-12-23,629,N,VIIRS,n,2,298.54,2.11,D,0
15.23328,100.90987,332.45,0.39,0.36,2023-12-23,629,N,VIIRS,n,2,303.82,3.12,D,0
15.23992,100.88665,334.27,0.39,0.36,2023-12-23,629,N,VIIRS,n,2,303.58,4.35,D,0
15.24159,100.89744,349.76,0.39,0.36,2023-12-23,629,N,VIIRS,n,2,305.51,5.02,D,0
15.2438,100.88969,338.21,0.39,0.36,2023-12-23,629,N,VIIRS,n,2,304.87,4.35,D,0
15.24491,100.8969,333.97,0.39,0.36,2023-12-23,629,N,VIIRS,l,2,304.66,5.02,D,0
15.24713,100.88914,330.55,0.39,0.36,2023-12-23,629,N,VIIRS,l,2,304.07,2.52,D,0
15.26666,100.93392,339.59,0.39,0.36,2023-12-23,629,N,VIIRS,n,2,305.55,3.68,D,0
15.26999,100.9334,333.83,0.39,0.36,2023-12-23,629,N,VIIRS,n,2,301.71,3.68,D,0
15.2719,100.35255,332.61,0.4,0.37,2023-12-23,629,N,VIIRS,n,2,300.19,1.93,D,0
15.27671,102.58401,331.56,0.39,0.36,2023-12-23,629,N,VIIRS,n,2,297.23,1.98,D,0
15.27768,100.11647,336.73,0.4,0.37,2023-12-23,629,N,VIIRS,n,2,300.59,2.85,D,0
15.28106,100.1159,342.06,0.4,0.37,2023-12-23,629,N,VIIRS,n,2,298.16,3.17,D,0
15.29992,100.97267,330.96,0.39,0.36,2023-12-23,629,N,VIIRS,l,2,302.01,4.77,D,0
15.30324,100.97212,341.48,0.39,0.36,2023-12-23,629,N,VIIRS,n,2,298.79,4.77,D,0
15.3038,100.97572,346.41,0.39,0.36,2023-12-23,629,N,VIIRS,n,2,300.39,4.77,D,0
15.31376,102.45155,332.97,0.39,0.36,2023-12-23,629,N,VIIRS,n,2,299.05,4.2,D,0
15.35188,103.6536,332.41,0.42,0.37,2023-12-23,629,N,VIIRS,n,2,296.82,4.2,D,0
15.35533,103.65308,331.01,0.42,0.37,2023-12-23,629,N,VIIRS,n,2,294.47,4.2,D,0
15.35913,100.14424,344.04,0.4,0.37,2023-12-23,629,N,VIIRS,n,2,300.35,4.1,D,0
15.44403,100.68178,334.44,0.39,0.36,2023-12-23,629,N,VIIRS,n,2,303.28,2.85,D,0
15.48236,104.15089,333.19,0.43,0.38,2023-12-23,629,N,VIIRS,n,2,293.87,2.38,D,0
15.51009,99.53893,335.88,0.41,0.37,2023-12-23,629,N,VIIRS,n,2,301.67,6.23,D,0
15.52884,102.6072,334.21,0.39,0.36,2023-12-23,629,N,VIIRS,n,2,296.36,3.19,D,0
15.53038,100.93008,331.95,0.39,0.36,2023-12-23,629,N,VIIRS,n,2,298.57,1.13,D,0
15.60094,101.21228,334.23,0.38,0.36,2023-12-23,629,N,VIIRS,l,2,304.29,1.74,D,0
15.62577,100.60294,335.52,0.39,0.36,2023-12-23,629,N,VIIRS,n,2,304.29,3.41,D,0
15.62689,100.61019,333.33,0.39,0.36,2023-12-23,629,N,VIIRS,l,2,303.36,3.89,D,0
15.62858,100.62108,340.99,0.39,0.36,2023-12-23,629,N,VIIRS,n,2,304.41,5.99,D,0
15.65711,100.80545,330.48,0.39,0.36,2023-12-23,629,N,VIIRS,l,2,301.5,1.98,D,0
15.66044,100.80491,332.85,0.39,0.36,2023-12-23,629,N,VIIRS,n,2,299.4,5.67,D,0
15.7209,101.89211,333.46,0.39,0.36,2023-12-23,629,N,VIIRS,n,2,299.48,2.01,D,0
15.73156,101.00692,338.29,0.39,0.36,2023-12-23,629,N,VIIRS,n,2,300.64,6.25,D,0
15.7928,99.7095,335.02,0.41,0.37,2023-12-23,629,N,VIIRS,n,2,302.13,2.98,D,0
15.84589,100.17553,331.54,0.4,0.37,2023-12-23,629,N,VIIRS,n,2,297.15,2.76,D,0
15.88072,100.46281,347.06,0.39,0.36,2023-12-23,629,N,VIIRS,n,2,304.99,5.3,D,0
15.88386,99.64339,334.79,0.41,0.37,2023-12-23,629,N,VIIRS,n,2,299.33,6.44,D,0
15.88726,99.64281,345.45,0.41,0.37,2023-12-23,629,N,VIIRS,n,2,301.49,6.44,D,0
15.88742,100.65899,339.81,0.39,0.36,2023-12-23,629,N,VIIRS,n,2,303.5,3.56,D,0
15.89754,99.96894,333.23,0.4,0.37,2023-12-23,629,N,VIIRS,n,2,301.6,2.49,D,0
15.92494,99.94518,339,0.4,0.37,2023-12-23,629,N,VIIRS,n,2,302.24,4.46,D,0
15.93763,100.52048,334,0.39,0.36,2023-12-23,629,N,VIIRS,l,2,305.96,4.85,D,0
15.9403,100.47153,331.99,0.39,0.36,2023-12-23,629,N,VIIRS,n,2,306.6,2.22,D,0
15.94317,101.01892,335.16,0.39,0.36,2023-12-23,629,N,VIIRS,n,2,301.41,1.71,D,0
15.94649,100.4739,343.5,0.39,0.36,2023-12-23,629,N,VIIRS,n,2,303.61,4.85,D,0
16.05161,100.46754,335.14,0.39,0.36,2023-12-23,629,N,VIIRS,n,2,302.5,2.49,D,0
16.05349,100.46672,333.16,0.39,0.36,2023-12-23,629,N,VIIRS,n,2,303.96,2.92,D,0
16.05971,100.62997,337.62,0.39,0.36,2023-12-23,629,N,VIIRS,n,2,302.69,5.21,D,0
16.09558,104.16695,328.82,0.44,0.38,2023-12-23,629,N,VIIRS,n,2,296.41,1.47,D,0
16.12505,102.84896,335.77,0.4,0.37,2023-12-23,629,N,VIIRS,n,2,288.61,3.9,D,0
16.14559,103.50312,338.24,0.42,0.37,2023-12-23,629,N,VIIRS,n,2,302.3,4.14,D,0
16.15262,100.31947,334.97,0.39,0.36,2023-12-23,629,N,VIIRS,n,2,299.83,2.64,D,0
16.16129,103.58852,342.27,0.42,0.38,2023-12-23,629,N,VIIRS,n,2,301.29,7.82,D,0
16.16328,103.52831,330.63,0.42,0.37,2023-12-23,629,N,VIIRS,n,2,297.87,8.42,D,0
16.17268,103.61888,332.05,0.42,0.38,2023-12-23,629,N,VIIRS,n,2,302.28,3.28,D,0
16.18384,101.22086,332.58,0.38,0.36,2023-12-23,629,N,VIIRS,n,2,298.63,2.91,D,0
16.1892,103.44505,329.29,0.42,0.37,2023-12-23,629,N,VIIRS,n,2,290.7,1.79,D,0
16.20963,103.56542,329.56,0.42,0.38,2023-12-23,629,N,VIIRS,n,2,291.24,1.79,D,0
16.21316,103.64115,333.82,0.42,0.38,2023-12-23,629,N,VIIRS,n,2,299.47,3.47,D,0
16.24913,99.80937,338.06,0.4,0.37,2023-12-23,629,N,VIIRS,n,2,298.64,3.15,D,0
16.26216,100.37179,335.6,0.39,0.36,2023-12-23,629,N,VIIRS,n,2,298.77,2.6,D,0
16.27434,98.7956,330.79,0.43,0.38,2023-12-23,629,N,VIIRS,n,2,300.45,2.09,D,0
16.29617,100.54513,333.14,0.39,0.36,2023-12-23,629,N,VIIRS,n,2,302.38,2.62,D,0
16.3352,99.66712,329.37,0.4,0.37,2023-12-23,629,N,VIIRS,l,2,299.46,3.36,D,0
16.35194,100.2739,333.07,0.39,0.36,2023-12-23,629,N,VIIRS,n,2,294.69,2.83,D,0
16.35803,98.7528,327.91,0.43,0.38,2023-12-23,629,N,VIIRS,n,2,297.53,2.09,D,0
16.36548,99.70449,329.3,0.4,0.37,2023-12-23,629,N,VIIRS,n,2,298.41,3.49,D,0
16.36766,100.4997,339.11,0.39,0.36,2023-12-23,629,N,VIIRS,n,2,301.8,2.62,D,0
16.37099,100.49915,340.67,0.39,0.36,2023-12-23,629,N,VIIRS,n,2,302.87,4.11,D,0
16.37363,98.71646,326.71,0.43,0.38,2023-12-23,629,N,VIIRS,n,2,300.3,1.51,D,0
16.38396,102.95417,331.66,0.4,0.37,2023-12-23,629,N,VIIRS,n,2,291.6,2.82,D,0
16.38983,99.78873,333.84,0.4,0.37,2023-12-23,629,N,VIIRS,n,2,299.99,3.05,D,0
16.40332,98.76598,329.48,0.43,0.38,2023-12-23,629,N,VIIRS,n,2,299.84,1.98,D,0
16.40398,98.77003,327.99,0.43,0.38,2023-12-23,629,N,VIIRS,n,2,298.4,2.41,D,0
16.43472,103.63224,334.93,0.42,0.38,2023-12-23,629,N,VIIRS,n,2,298.11,2.86,D,0
16.44117,99.93688,334.26,0.4,0.37,2023-12-23,629,N,VIIRS,n,2,299.19,3.02,D,0
16.45653,100.22951,331.16,0.39,0.36,2023-12-23,629,N,VIIRS,n,2,298.4,2.12,D,0
16.46441,100.42348,331.67,0.39,0.36,2023-12-23,629,N,VIIRS,n,2,297.6,2.13,D,0
16.47484,103.00549,331.12,0.4,0.37,2023-12-23,629,N,VIIRS,n,2,292.8,4.8,D,0
16.49014,99.67186,334.49,0.4,0.37,2023-12-23,629,N,VIIRS,n,2,300.55,3.08,D,0
16.51301,102.9571,335.11,0.4,0.37,2023-12-23,629,N,VIIRS,n,2,291.36,2.95,D,0
16.52823,98.73638,332.12,0.43,0.38,2023-12-23,629,N,VIIRS,n,2,298.25,2.39,D,0
16.52944,102.95071,351.11,0.4,0.37,2023-12-23,629,N,VIIRS,n,2,297.99,8.89,D,0
16.62381,99.61378,329.13,0.4,0.37,2023-12-23,629,N,VIIRS,n,2,298.19,1.09,D,0
16.66571,100.45662,339.85,0.39,0.36,2023-12-23,629,N,VIIRS,n,2,301.14,5.75,D,0
16.69087,104.90537,340.06,0.48,0.4,2023-12-23,629,N,VIIRS,n,2,294.12,7.11,D,0
16.69297,104.90617,339.3,0.48,0.4,2023-12-23,629,N,VIIRS,n,2,292.25,7.49,D,0
16.74104,102.14367,332.85,0.39,0.36,2023-12-23,629,N,VIIRS,n,2,297.74,6.02,D,0
16.74438,102.14314,326.06,0.39,0.36,2023-12-23,629,N,VIIRS,l,2,296.49,6.02,D,0
16.83401,102.54683,330.78,0.4,0.37,2023-12-23,629,N,VIIRS,n,2,300.26,1.98,D,0
16.86411,101.91963,338.59,0.39,0.36,2023-12-23,629,N,VIIRS,n,2,294.03,5.92,D,0
16.88339,105.0159,326.42,0.49,0.4,2023-12-23,629,N,VIIRS,n,2,295.08,6.21,D,0
16.88772,105.01992,342.77,0.49,0.4,2023-12-23,629,N,VIIRS,n,2,297.81,6.21,D,0
16.95241,102.95899,341.83,0.41,0.37,2023-12-23,629,N,VIIRS,n,2,296.65,4.77,D,0
17.21231,105.26611,346.12,0.51,0.41,2023-12-23,629,N,VIIRS,n,2,297.18,7.23,D,0
16.53811,97.81942,330.75,0.47,0.4,2023-12-23,630,N,VIIRS,n,2,303.99,2.97,D,0
16.55913,97.7883,331.83,0.47,0.4,2023-12-23,630,N,VIIRS,n,2,303.4,2.82,D,0
16.58917,97.87807,331.99,0.47,0.4,2023-12-23,630,N,VIIRS,n,2,301.92,3.03,D,0
16.6147,97.80671,335.03,0.47,0.4,2023-12-23,630,N,VIIRS,n,2,301.54,3.35,D,0
16.65092,98.49194,327.27,0.44,0.38,2023-12-23,630,N,VIIRS,n,2,297.55,1.76,D,0
16.69891,99.29547,328.71,0.41,0.37,2023-12-23,630,N,VIIRS,n,2,296.85,2.07,D,0
16.73818,99.67134,335.46,0.4,0.37,2023-12-23,630,N,VIIRS,n,2,299.56,3.05,D,0
16.91593,97.68771,333.31,0.47,0.4,2023-12-23,630,N,VIIRS,n,2,301.7,2.01,D,0
16.92662,99.23215,340.47,0.41,0.37,2023-12-23,630,N,VIIRS,n,2,303.02,4.37,D,0
16.92877,100.03934,329.61,0.39,0.36,2023-12-23,630,N,VIIRS,n,2,301.98,2.59,D,0
16.97243,98.44527,326.87,0.44,0.38,2023-12-23,630,N,VIIRS,l,2,297.44,2.04,D,0
17.05608,98.12164,331.3,0.45,0.39,2023-12-23,630,N,VIIRS,n,2,297.63,6.17,D,0
17.08452,100.25356,334.28,0.39,0.36,2023-12-23,630,N,VIIRS,l,2,307.12,5.94,D,0
17.08822,101.83443,325.02,0.39,0.36,2023-12-23,630,N,VIIRS,n,2,295.95,1.08,D,0
17.09407,100.10555,337.8,0.39,0.36,2023-12-23,630,N,VIIRS,n,2,300.36,3.65,D,0
17.15051,100.02802,332.61,0.39,0.36,2023-12-23,630,N,VIIRS,n,2,298.73,2.81,D,0
17.17346,102.41355,333.45,0.4,0.37,2023-12-23,630,N,VIIRS,n,2,297.32,1.96,D,0
17.17682,102.41302,329.38,0.4,0.37,2023-12-23,630,N,VIIRS,n,2,297.63,1.96,D,0
17.19804,102.75042,327.53,0.4,0.37,2023-12-23,630,N,VIIRS,n,2,295.86,2.05,D,0
17.26319,102.84124,346.37,0.41,0.37,2023-12-23,630,N,VIIRS,n,2,291.13,7.72,D,0
17.27356,100.14257,332.94,0.39,0.36,2023-12-23,630,N,VIIRS,n,2,304.11,2.82,D,0
17.35096,100.12142,331.19,0.39,0.36,2023-12-23,630,N,VIIRS,l,2,303.8,2.84,D,0
17.3543,100.12086,336.38,0.39,0.36,2023-12-23,630,N,VIIRS,n,2,305.46,6.89,D,0
17.35591,100.10929,331.43,0.39,0.36,2023-12-23,630,N,VIIRS,n,2,302.94,2.05,D,0
17.3735,103.92203,329.11,0.44,0.38,2023-12-23,630,N,VIIRS,n,2,294.13,2.39,D,0
17.41549,101.99381,331.86,0.39,0.36,2023-12-23,630,N,VIIRS,n,2,297.68,3.03,D,0
17.42394,100.02582,332.17,0.39,0.36,2023-12-23,630,N,VIIRS,n,2,297.37,1.81,D,0
17.42644,104.28144,331.86,0.46,0.39,2023-12-23,630,N,VIIRS,n,2,296.68,1.48,D,0
17.43319,100.19356,336.85,0.39,0.36,2023-12-23,630,N,VIIRS,n,2,303.83,4.36,D,0
17.43835,103.66495,325.99,0.43,0.38,2023-12-23,630,N,VIIRS,n,2,280.55,2.33,D,0
17.47036,104.22672,347.27,0.46,0.39,2023-12-23,630,N,VIIRS,n,2,300.47,7.94,D,0
17.47149,104.22717,338.61,0.46,0.39,2023-12-23,630,N,VIIRS,n,2,298.25,7.51,D,0
17.50285,101.99081,328.58,0.39,0.36,2023-12-23,630,N,VIIRS,n,2,297.89,1.92,D,0
17.50831,100.08308,331.47,0.39,0.36,2023-12-23,630,N,VIIRS,n,2,299.65,1.24,D,0
17.51023,100.08295,344.36,0.39,0.36,2023-12-23,630,N,VIIRS,n,2,303.59,4.48,D,0
17.58212,105.06862,329.42,0.5,0.41,2023-12-23,630,N,VIIRS,n,2,284.86,4.39,D,0
17.58222,105.07011,331.87,0.5,0.41,2023-12-23,630,N,VIIRS,n,2,284.82,4.43,D,0
17.58571,100.50031,329.72,0.39,0.36,2023-12-23,630,N,VIIRS,l,2,300.12,4.15,D,0
17.64309,101.86281,328.94,0.39,0.36,2023-12-23,630,N,VIIRS,n,2,294.81,2.07,D,0
17.65764,101.34713,327.04,0.38,0.36,2023-12-23,630,N,VIIRS,n,2,297.15,1.25,D,0
17.66726,101.23077,325.78,0.38,0.36,2023-12-23,630,N,VIIRS,l,2,296.7,2.19,D,0
17.67264,100.57867,344.16,0.39,0.36,2023-12-23,630,N,VIIRS,n,2,302.69,7.35,D,0
17.68788,103.0595,333.68,0.41,0.37,2023-12-23,630,N,VIIRS,n,2,295.65,3.03,D,0
17.77663,102.12736,327.47,0.39,0.36,2023-12-23,630,N,VIIRS,n,2,295.51,1.57,D,0
17.82664,101.37106,339.66,0.39,0.36,2023-12-23,630,N,VIIRS,n,2,294.5,3.85,D,0
17.93574,101.37872,333.74,0.39,0.36,2023-12-23,630,N,VIIRS,n,2,293.68,2.87,D,0
17.95964,101.92447,325.16,0.39,0.36,2023-12-23,630,N,VIIRS,n,2,294.5,0.99,D,0
17.9656,102.73666,335.7,0.41,0.37,2023-12-23,630,N,VIIRS,n,2,294.14,3.66,D,0
17.9915,101.88558,335.66,0.39,0.36,2023-12-23,630,N,VIIRS,n,2,296.86,3.41,D,0
18.01369,100.11627,328.87,0.39,0.36,2023-12-23,630,N,VIIRS,n,2,298.18,1.37,D,0
18.06258,101.48041,332.2,0.39,0.36,2023-12-23,630,N,VIIRS,n,2,289.86,81.77,D,0
18.0659,101.47988,367,0.39,0.36,2023-12-23,630,N,VIIRS,h,2,325.12,81.77,D,0
18.06643,101.48351,325.23,0.39,0.36,2023-12-23,630,N,VIIRS,n,2,287.89,13.51,D,0
18.06922,101.47936,328.17,0.39,0.36,2023-12-23,630,N,VIIRS,n,2,289.17,3.92,D,0
18.11083,104.20641,327.32,0.46,0.39,2023-12-23,630,N,VIIRS,n,2,296.55,1.44,D,0
18.15428,104.20002,338.78,0.46,0.39,2023-12-23,630,N,VIIRS,n,2,292.85,7.88,D,0
18.16654,99.66615,327.51,0.4,0.37,2023-12-23,630,N,VIIRS,n,2,296.74,1.86,D,0
18.17284,102.99793,349.18,0.42,0.37,2023-12-23,630,N,VIIRS,n,2,286.26,16.54,D,0
18.17976,102.21131,341.82,0.4,0.37,2023-12-23,630,N,VIIRS,n,2,297.25,6.07,D,0
18.19414,100.49336,332.65,0.39,0.36,2023-12-23,630,N,VIIRS,n,2,299.61,2.43,D,0
18.25561,101.82684,330.59,0.39,0.36,2023-12-23,630,N,VIIRS,n,2,297.83,28.34,D,0
18.29576,100.14661,334.14,0.39,0.36,2023-12-23,630,N,VIIRS,n,2,299.76,3.52,D,0
18.44409,102.1888,332.3,0.4,0.37,2023-12-23,630,N,VIIRS,n,2,294.73,3.33,D,0
18.45448,100.20902,339.64,0.39,0.36,2023-12-23,630,N,VIIRS,n,2,301.63,2.56,D,0
18.5175,101.90584,329.8,0.39,0.36,2023-12-23,630,N,VIIRS,n,2,292.43,3.22,D,0
18.52246,100.42933,332.73,0.39,0.36,2023-12-23,630,N,VIIRS,n,2,295.07,6.86,D,0
18.54833,101.56491,326.32,0.39,0.36,2023-12-23,630,N,VIIRS,n,2,296.42,2.31,D,0
18.55165,101.56435,331.21,0.39,0.36,2023-12-23,630,N,VIIRS,n,2,295.05,2.31,D,0
18.64666,101.63876,327.66,0.39,0.36,2023-12-23,630,N,VIIRS,n,2,294.81,3.19,D,0
18.72619,101.67529,329.03,0.39,0.36,2023-12-23,630,N,VIIRS,n,2,295.66,2.86,D,0
18.73395,102.19209,333.73,0.4,0.37,2023-12-23,630,N,VIIRS,n,2,297.82,3.59,D,0
18.80204,102.2009,325.48,0.4,0.37,2023-12-23,630,N,VIIRS,n,2,293.41,0.68,D,0
18.82506,99.80655,333.19,0.39,0.36,2023-12-23,630,N,VIIRS,n,2,291.69,2.42,D,0
18.82855,104.00124,328.45,0.46,0.39,2023-12-23,630,N,VIIRS,n,2,286.46,2.91,D,0
18.84845,99.09447,325.94,0.4,0.37,2023-12-23,630,N,VIIRS,l,2,296.96,2.46,D,0
18.8578,101.74431,331.79,0.39,0.36,2023-12-23,630,N,VIIRS,n,2,295.3,4.27,D,0
18.87489,98.3362,341.77,0.43,0.38,2023-12-23,630,N,VIIRS,n,2,290.25,10.66,D,0
18.89402,103.77137,330.51,0.45,0.39,2023-12-23,630,N,VIIRS,n,2,295.22,3.86,D,0
18.93483,100.73848,326.29,0.38,0.36,2023-12-23,630,N,VIIRS,n,2,293.86,2.75,D,0
18.94912,101.6045,331.34,0.39,0.36,2023-12-23,630,N,VIIRS,n,2,296.56,1.96,D,0
18.96681,100.77038,338.97,0.38,0.36,2023-12-23,630,N,VIIRS,n,2,299.24,17.07,D,0
18.96958,105.10861,338.83,0.52,0.42,2023-12-23,630,N,VIIRS,n,2,290.52,5.32,D,0
18.979,105.07415,338.02,0.52,0.42,2023-12-23,630,N,VIIRS,n,2,292.62,4.58,D,0
18.98098,105.07651,333.38,0.52,0.42,2023-12-23,630,N,VIIRS,n,2,293.14,4.64,D,0
19.0101,101.44005,325.33,0.39,0.36,2023-12-23,630,N,VIIRS,n,2,295.4,1.87,D,0
19.06672,104.88158,332.77,0.51,0.41,2023-12-23,630,N,VIIRS,n,2,290.36,2.49,D,0
19.0804,104.93614,334.54,0.51,0.41,2023-12-23,630,N,VIIRS,n,2,299.4,34.15,D,0
19.10368,100.00694,333.3,0.39,0.36,2023-12-23,630,N,VIIRS,n,2,300.58,1.71,D,0
19.11824,99.92885,333.65,0.39,0.36,2023-12-23,630,N,VIIRS,n,2,298.75,2.53,D,0
19.12662,104.84447,344.48,0.51,0.41,2023-12-23,630,N,VIIRS,n,2,295.82,19.44,D,0
19.16386,101.64162,328.1,0.39,0.36,2023-12-23,630,N,VIIRS,n,2,295.77,1.09,D,0
19.1751,105.03689,336.76,0.52,0.42,2023-12-23,630,N,VIIRS,n,2,291.95,5.74,D,0
19.24722,99.80033,332.53,0.39,0.36,2023-12-23,630,N,VIIRS,n,2,297.28,2.4,D,0
19.25311,105.63863,337.3,0.56,0.43,2023-12-23,630,N,VIIRS,n,2,282.33,10.27,D,0
19.25512,105.63696,342.47,0.56,0.43,2023-12-23,630,N,VIIRS,n,2,282.73,8.99,D,0
19.25633,102.26109,328.3,0.4,0.37,2023-12-23,630,N,VIIRS,n,2,294.8,1.14,D,0
19.26134,102.27202,341.5,0.4,0.37,2023-12-23,630,N,VIIRS,n,2,299.5,5.46,D,0
19.26454,100.1963,336.86,0.39,0.36,2023-12-23,630,N,VIIRS,n,2,298.12,3.24,D,0
19.27279,105.23306,329.94,0.54,0.42,2023-12-23,630,N,VIIRS,n,2,292.72,3.65,D,0
19.29405,104.06242,332.2,0.47,0.4,2023-12-23,630,N,VIIRS,n,2,284.1,5.89,D,0
19.29484,100.01842,331.91,0.39,0.36,2023-12-23,630,N,VIIRS,n,2,296.99,1.45,D,0
19.3119,105.09991,334.21,0.53,0.42,2023-12-23,630,N,VIIRS,n,2,292.33,4.15,D,0
19.32482,103.11997,330.01,0.43,0.38,2023-12-23,630,N,VIIRS,n,2,295.26,3.24,D,0
19.355,105.0993,334.61,0.53,0.42,2023-12-23,630,N,VIIRS,n,2,292.46,6.11,D,0
19.36576,105.06091,328.86,0.53,0.42,2023-12-23,630,N,VIIRS,n,2,288.21,3.33,D,0
19.36684,100.15601,328.28,0.39,0.36,2023-12-23,630,N,VIIRS,n,2,298.13,1.79,D,0
19.38428,100.89356,328.55,0.38,0.36,2023-12-23,630,N,VIIRS,n,2,294.57,2.16,D,0
19.39784,99.78532,327.51,0.39,0.36,2023-12-23,630,N,VIIRS,n,2,296.84,1.08,D,0
19.40164,103.12614,332.94,0.43,0.38,2023-12-23,630,N,VIIRS,n,2,297.12,4.49,D,0
19.41314,100.12555,329.32,0.39,0.36,2023-12-23,630,N,VIIRS,l,2,299.48,3.19,D,0
19.41427,100.13286,326.54,0.39,0.36,2023-12-23,630,N,VIIRS,n,2,297.71,1.43,D,0
19.46482,100.24048,326.06,0.38,0.36,2023-12-23,630,N,VIIRS,n,2,295.46,1.93,D,0
19.46818,99.98093,334.93,0.39,0.36,2023-12-23,630,N,VIIRS,n,2,298.32,3.28,D,0
19.48259,99.98598,333.05,0.39,0.36,2023-12-23,630,N,VIIRS,n,2,298.78,2.49,D,0
19.48715,100.16927,330.15,0.39,0.36,2023-12-23,630,N,VIIRS,n,2,298.52,2.33,D,0
19.50181,105.00795,329.41,0.52,0.42,2023-12-23,630,N,VIIRS,n,2,290.07,7.47,D,0
19.50245,105.01287,329.94,0.52,0.42,2023-12-23,630,N,VIIRS,n,2,291.71,7.03,D,0
19.50306,100.33891,334.32,0.38,0.36,2023-12-23,630,N,VIIRS,n,2,299.7,2.29,D,0
19.50356,105.00955,347.93,0.52,0.42,2023-12-23,630,N,VIIRS,n,2,300.19,25.77,D,0
19.5039,105.20589,343.03,0.54,0.42,2023-12-23,630,N,VIIRS,n,2,293.78,18.66,D,0
19.50562,105.00725,331.47,0.52,0.42,2023-12-23,630,N,VIIRS,n,2,291.99,7.47,D,0
19.50625,105.01201,328.15,0.52,0.42,2023-12-23,630,N,VIIRS,n,2,290.94,7.03,D,0
19.5115,105.05206,326.6,0.53,0.42,2023-12-23,630,N,VIIRS,n,2,289.62,2.7,D,0
19.5124,105.04906,331.47,0.53,0.42,2023-12-23,630,N,VIIRS,n,2,290.1,3.59,D,0
19.53951,100.13404,335.44,0.39,0.36,2023-12-23,630,N,VIIRS,n,2,298.19,2.47,D,0
19.55035,103.7271,331.67,0.45,0.39,2023-12-23,630,N,VIIRS,n,2,293.95,2.88,D,0
19.55281,99.95851,328.46,0.39,0.36,2023-12-23,630,N,VIIRS,n,2,298.32,1.75,D,0
19.6019,100.4082,327.19,0.38,0.36,2023-12-23,630,N,VIIRS,n,2,297.55,2.19,D,0
19.60487,101.95203,329.02,0.4,0.37,2023-12-23,630,N,VIIRS,n,2,295.44,2.09,D,0
19.63863,105.04181,331.96,0.53,0.42,2023-12-23,630,N,VIIRS,n,2,293.46,17.59,D,0
19.6432,103.08169,330.25,0.43,0.38,2023-12-23,630,N,VIIRS,n,2,292.05,1.49,D,0
19.66076,99.82617,328.19,0.39,0.36,2023-12-23,630,N,VIIRS,n,2,297.54,2.75,D,0
19.67027,99.84341,329.65,0.39,0.36,2023-12-23,630,N,VIIRS,n,2,298.57,1.83,D,0
19.68903,105.34999,344.09,0.55,0.43,2023-12-23,630,N,VIIRS,n,2,291.34,7.85,D,0
19.69296,105.34943,333.22,0.55,0.43,2023-12-23,630,N,VIIRS,n,2,288.72,7.85,D,0
19.70677,105.49305,328.62,0.56,0.43,2023-12-23,630,N,VIIRS,n,2,289.36,2.93,D,0
19.71725,105.38351,331.23,0.55,0.43,2023-12-23,630,N,VIIRS,n,2,290.59,6.46,D,0
19.71984,105.34045,327.61,0.55,0.43,2023-12-23,630,N,VIIRS,n,2,290.77,2.9,D,0
19.76274,100.155,326.75,0.38,0.36,2023-12-23,630,N,VIIRS,l,2,297.98,1.99,D,0
19.76549,100.15078,339.29,0.39,0.36,2023-12-23,630,N,VIIRS,n,2,299.06,1.99,D,0
19.76605,100.15443,330.66,0.38,0.36,2023-12-23,630,N,VIIRS,n,2,297.99,1.99,D,0
19.77869,99.93002,344.63,0.39,0.36,2023-12-23,630,N,VIIRS,n,2,303.39,13.78,D,0
19.81282,105.22883,343.74,0.54,0.42,2023-12-23,630,N,VIIRS,n,2,292.9,8.19,D,0
19.81492,105.34052,339.39,0.55,0.43,2023-12-23,630,N,VIIRS,n,2,291.35,6.39,D,0
19.87612,99.68655,327.16,0.39,0.36,2023-12-23,630,N,VIIRS,n,2,295.16,2.75,D,0
19.91008,100.25328,328.67,0.38,0.36,2023-12-23,630,N,VIIRS,n,2,294.35,3.73,D,0
19.91064,100.25694,338.67,0.38,0.36,2023-12-23,630,N,VIIRS,n,2,297.67,3.73,D,0
20.01489,100.25426,328.61,0.38,0.36,2023-12-23,630,N,VIIRS,n,2,297.66,2.03,D,0
20.14009,100.36393,340.93,0.38,0.36,2023-12-23,630,N,VIIRS,n,2,299.58,5.6,D,0
20.18924,100.82488,327.93,0.39,0.36,2023-12-23,630,N,VIIRS,n,2,292.81,1.5,D,0
20.20273,100.0445,346.36,0.39,0.36,2023-12-23,630,N,VIIRS,n,2,298.8,6.67,D,0
20.20604,100.04393,341.44,0.39,0.36,2023-12-23,630,N,VIIRS,n,2,297.15,5.17,D,0
20.23229,100.59556,329.15,0.38,0.36,2023-12-23,630,N,VIIRS,n,2,294.85,2.02,D,0
20.30782,100.22175,335.28,0.38,0.36,2023-12-23,630,N,VIIRS,n,2,296.9,3.23,D,0
20.30825,101.96828,329.15,0.4,0.37,2023-12-23,630,N,VIIRS,n,2,289.98,1.52,D,0
20.38784,98.01783,332.54,0.42,0.38,2023-12-23,631,N,VIIRS,n,2,300.23,2.4,D,0
20.39131,98.01729,351.91,0.42,0.38,2023-12-23,631,N,VIIRS,n,2,303.7,8.26,D,0
20.39196,98.02127,326.95,0.42,0.38,2023-12-23,631,N,VIIRS,l,2,300.42,8.26,D,0
18.36881,103.3778,296.7,0.52,0.42,2023-12-23,1900,N,VIIRS,n,2,280.4,0.68,N,0
18.37262,103.37856,302.11,0.52,0.42,2023-12-23,1900,N,VIIRS,n,2,281.35,0.92,N,0
18.98479,100.01726,295.44,0.39,0.36,2023-12-23,1900,N,VIIRS,n,2,284.05,0.38,N,0
19.57666,101.02058,297.83,0.41,0.37,2023-12-23,1900,N,VIIRS,n,2,283.27,0.51,N,0
19.86813,100.63129,303.25,0.4,0.37,2023-12-23,1900,N,VIIRS,n,2,283.2,0.75,N,0
20.15492,99.75379,297.25,0.38,0.36,2023-12-23,1900,N,VIIRS,n,2,279.95,0.73,N,0
14.70185,103.76115,295.75,0.42,0.45,2023-12-23,1901,N,VIIRS,n,2,284.57,0.51,N,0
14.74699,102.38531,299.02,0.52,0.42,2023-12-23,1901,N,VIIRS,n,2,285.18,0.71,N,0
14.7628,102.93585,299.88,0.56,0.43,2023-12-23,1901,N,VIIRS,n,2,284.28,1.04,N,0
14.88199,103.91599,309.39,0.42,0.46,2023-12-23,1901,N,VIIRS,n,2,284.53,1.24,N,0
14.89699,100.7334,311.93,0.43,0.38,2023-12-23,1901,N,VIIRS,n,2,289.71,1.82,N,0
14.90049,100.73399,301.9,0.43,0.38,2023-12-23,1901,N,VIIRS,n,2,289.39,0.71,N,0
14.9195,100.6639,308.92,0.43,0.38,2023-12-23,1901,N,VIIRS,n,2,289.44,1.04,N,0
14.93978,100.92709,314.95,0.44,0.38,2023-12-23,1901,N,VIIRS,n,2,289.91,1.89,N,0
14.94335,100.9275,322.58,0.44,0.38,2023-12-23,1901,N,VIIRS,n,2,290.68,1.89,N,0
14.95209,100.72675,301.51,0.43,0.38,2023-12-23,1901,N,VIIRS,n,2,289.45,0.83,N,0
15.02233,101.10136,306.37,0.45,0.39,2023-12-23,1901,N,VIIRS,n,2,289.02,0.89,N,0
15.19995,100.88747,303.13,0.44,0.38,2023-12-23,1901,N,VIIRS,n,2,289.67,0.77,N,0
15.20104,101.30305,306.45,0.45,0.39,2023-12-23,1901,N,VIIRS,n,2,288.96,0.67,N,0
15.20461,101.30373,298.91,0.45,0.39,2023-12-23,1901,N,VIIRS,n,2,288.43,0.67,N,0
15.22473,100.93341,313.91,0.44,0.38,2023-12-23,1901,N,VIIRS,n,2,289.96,1.07,N,0
15.22543,100.92925,303.04,0.44,0.38,2023-12-23,1901,N,VIIRS,n,2,289.49,1.07,N,0
15.22756,100.93812,299.82,0.44,0.38,2023-12-23,1901,N,VIIRS,n,2,289.21,0.31,N,0
15.23944,100.93201,312.03,0.44,0.38,2023-12-23,1901,N,VIIRS,n,2,289.28,2,N,0
15.24133,100.89919,305.76,0.44,0.38,2023-12-23,1901,N,VIIRS,n,2,287.49,0.77,N,0
15.24485,100.8998,304.77,0.44,0.38,2023-12-23,1901,N,VIIRS,n,2,288.96,0.77,N,0
15.26376,101.00276,298.84,0.44,0.38,2023-12-23,1901,N,VIIRS,n,2,288.65,0.25,N,0
15.27136,100.93719,299.82,0.44,0.38,2023-12-23,1901,N,VIIRS,n,2,289.19,0.43,N,0
15.27207,100.93308,301.56,0.44,0.38,2023-12-23,1901,N,VIIRS,n,2,289.31,0.94,N,0
15.27338,102.5251,296.63,0.52,0.42,2023-12-23,1901,N,VIIRS,n,2,286.39,0.59,N,0
15.27344,100.92506,303.84,0.44,0.38,2023-12-23,1901,N,VIIRS,n,2,289.4,0.69,N,0
15.43164,101.01516,307.96,0.44,0.38,2023-12-23,1901,N,VIIRS,n,2,286.99,1.12,N,0
15.52165,100.93374,313.04,0.44,0.38,2023-12-23,1901,N,VIIRS,n,2,288.86,1.81,N,0
15.52514,100.93439,305.75,0.44,0.38,2023-12-23,1901,N,VIIRS,n,2,288.51,0.99,N,0
15.52747,100.12471,301.49,0.41,0.37,2023-12-23,1901,N,VIIRS,n,2,290.33,0.74,N,0
15.53087,100.12531,308.84,0.41,0.37,2023-12-23,1901,N,VIIRS,n,2,290.25,0.69,N,0
15.5315,100.12154,305.63,0.41,0.37,2023-12-23,1901,N,VIIRS,n,2,289.15,0.69,N,0
15.59739,100.89239,304.62,0.43,0.38,2023-12-23,1901,N,VIIRS,n,2,287.23,0.72,N,0
15.77578,101.20311,299.39,0.44,0.39,2023-12-23,1901,N,VIIRS,n,2,285.94,0.67,N,0
15.8538,97.94491,302.77,0.39,0.36,2023-12-23,1901,N,VIIRS,n,2,289.5,0.53,N,0
15.86072,97.79554,328.85,0.39,0.36,2023-12-23,1901,N,VIIRS,n,2,292.56,2.76,N,0
15.86959,97.78224,307.12,0.39,0.36,2023-12-23,1901,N,VIIRS,n,2,291.3,0.6,N,0
15.9643,101.64795,310.13,0.46,0.39,2023-12-23,1901,N,VIIRS,n,2,286.46,0.96,N,0
15.98898,97.68687,303.8,0.39,0.36,2023-12-23,1901,N,VIIRS,n,2,289.89,0.66,N,2
16.10116,100.77829,330.06,0.42,0.38,2023-12-23,1901,N,VIIRS,n,2,290.85,2.32,N,0
16.10182,100.77435,318.46,0.42,0.38,2023-12-23,1901,N,VIIRS,n,2,290.26,2.32,N,0
16.11807,101.64503,296.22,0.46,0.39,2023-12-23,1901,N,VIIRS,n,2,285.4,1.26,N,0
16.11846,101.64833,329.68,0.46,0.39,2023-12-23,1901,N,VIIRS,n,2,286.38,4.19,N,0
16.12205,101.64899,328.28,0.46,0.39,2023-12-23,1901,N,VIIRS,n,2,286.13,4.19,N,0
16.15408,103.44901,305.3,0.57,0.43,2023-12-23,1901,N,VIIRS,n,2,285.05,0.65,N,0
16.28086,102.28442,330.68,0.49,0.4,2023-12-23,1901,N,VIIRS,n,2,285.33,3.81,N,0
16.28456,102.28513,325.17,0.49,0.4,2023-12-23,1901,N,VIIRS,n,2,285.57,2.7,N,0
16.44081,103.95934,312.62,0.4,0.44,2023-12-23,1901,N,VIIRS,n,2,285.59,1.37,N,0
16.44462,97.71208,304.11,0.39,0.36,2023-12-23,1901,N,VIIRS,n,2,291,0.78,N,2
16.44795,97.71264,302.3,0.39,0.36,2023-12-23,1901,N,VIIRS,n,2,292.15,0.78,N,2
16.45128,97.71319,303.4,0.39,0.36,2023-12-23,1901,N,VIIRS,n,2,289.8,0.89,N,0
16.58253,98.67883,300.23,0.38,0.36,2023-12-23,1901,N,VIIRS,n,2,285.92,0.26,N,0
16.67993,102.01607,297.03,0.47,0.4,2023-12-23,1901,N,VIIRS,n,2,284.97,0.52,N,0
16.74683,102.99091,302.38,0.53,0.42,2023-12-23,1901,N,VIIRS,n,2,284.5,1.08,N,0
16.74818,102.99301,313.5,0.53,0.42,2023-12-23,1901,N,VIIRS,n,2,284.08,1.8,N,0
16.75065,102.99163,295.34,0.53,0.42,2023-12-23,1901,N,VIIRS,n,2,283.78,0.64,N,0
16.82016,99.94566,302.2,0.4,0.37,2023-12-23,1901,N,VIIRS,n,2,289.32,0.6,N,0
16.8232,102.13908,295.26,0.47,0.4,2023-12-23,1901,N,VIIRS,n,2,284.77,0.27,N,0
16.97301,103.5031,307.79,0.56,0.43,2023-12-23,1901,N,VIIRS,n,2,285.29,1.78,N,0
16.97394,103.50165,312.16,0.56,0.43,2023-12-23,1901,N,VIIRS,n,2,284.9,1.52,N,0
16.97989,100.21111,303.52,0.4,0.37,2023-12-23,1901,N,VIIRS,n,2,288.68,0.74,N,0
16.9839,104.99455,295.35,0.46,0.47,2023-12-23,1901,N,VIIRS,n,2,284.32,0.37,N,0
17.04693,102.20988,312.09,0.48,0.4,2023-12-23,1901,N,VIIRS,n,2,284.42,3.3,N,0
17.04739,99.99586,300.77,0.4,0.37,2023-12-23,1901,N,VIIRS,n,2,288.6,0.39,N,0
17.04771,102.20543,339.82,0.48,0.4,2023-12-23,1901,N,VIIRS,n,2,286.05,3.3,N,0
17.05046,102.63074,297.16,0.5,0.41,2023-12-23,1901,N,VIIRS,n,2,285.28,0.62,N,0
17.28808,101.96631,309.11,0.46,0.39,2023-12-23,1901,N,VIIRS,n,2,285.57,0.66,N,0
17.348,104.13883,298.76,0.4,0.44,2023-12-23,1901,N,VIIRS,n,2,281.52,0.64,N,0
17.39885,102.0167,295.88,0.46,0.39,2023-12-23,1901,N,VIIRS,n,2,282.93,0.23,N,0
17.51042,102.19415,309.96,0.47,0.4,2023-12-23,1901,N,VIIRS,n,2,283.07,1.14,N,0
17.81321,104.55804,304.17,0.42,0.45,2023-12-23,1901,N,VIIRS,n,2,283.2,0.64,N,0
18.29386,100.1586,323.67,0.39,0.36,2023-12-23,1901,N,VIIRS,n,2,287.07,1.56,N,0
18.29721,100.15919,316.78,0.39,0.36,2023-12-23,1901,N,VIIRS,n,2,287.55,1.56,N,0
18.39207,98.11971,327.62,0.39,0.36,2023-12-23,1901,N,VIIRS,n,2,284.28,2.67,N,0
18.46479,98.10497,328.95,0.39,0.36,2023-12-23,1901,N,VIIRS,n,2,287.86,8.37,N,0
18.87318,98.33359,301.61,0.39,0.36,2023-12-23,1901,N,VIIRS,n,2,283.39,0.71,N,0
11.51299,99.53534,326.08,0.42,0.38,2023-12-23,1902,N,VIIRS,n,2,287.37,2.21,N,0
11.84621,104.40398,295.64,0.51,0.49,2023-12-23,1902,N,VIIRS,n,2,273.38,0.6,N,0
13.11093,105.08218,297.64,0.54,0.51,2023-12-23,1902,N,VIIRS,n,2,267.15,0.99,N,0
13.11338,105.08029,321.98,0.54,0.51,2023-12-23,1902,N,VIIRS,n,2,267.75,3.38,N,0
13.11557,105.08313,312.72,0.54,0.51,2023-12-23,1902,N,VIIRS,n,2,268.05,1.84,N,0
13.22907,105.09422,308.76,0.54,0.51,2023-12-23,1902,N,VIIRS,n,2,266.95,1.26,N,0
13.23001,105.08928,296.96,0.54,0.51,2023-12-23,1902,N,VIIRS,n,2,264.56,1.26,N,0
13.23372,105.09507,298.09,0.54,0.51,2023-12-23,1902,N,VIIRS,n,2,266.45,0.63,N,0
13.90775,99.39875,301.17,0.4,0.37,2023-12-23,1902,N,VIIRS,n,2,287.55,0.41,N,0
14.12629,98.16881,303.92,0.38,0.36,2023-12-23,1902,N,VIIRS,n,2,292.56,0.51,N,0
14.35035,103.05291,297.68,0.38,0.43,2023-12-23,1902,N,VIIRS,n,2,284.43,0.31,N,0
14.35433,103.05367,297.05,0.38,0.43,2023-12-23,1902,N,VIIRS,n,2,284.47,0.33,N,0
14.54256,101.05202,302.43,0.45,0.39,2023-12-23,1902,N,VIIRS,n,2,283.85,0.49,N,0
14.54612,101.05267,298.83,0.45,0.39,2023-12-23,1902,N,VIIRS,n,2,282.15,0.49,N,0
14.5582,101.04624,297.17,0.45,0.39,2023-12-23,1902,N,VIIRS,n,2,283.61,0.45,N,0
14.56176,101.04688,297.8,0.45,0.39,2023-12-23,1902,N,VIIRS,n,2,284.28,0.45,N,0
14.56239,101.02142,302,0.45,0.39,2023-12-23,1902,N,VIIRS,n,2,287.73,0.72,N,0
14.56967,101.08704,306.8,0.45,0.39,2023-12-23,1902,N,VIIRS,n,2,287.49,1.11,N,0
14.63216,98.16096,302.45,0.38,0.36,2023-12-23,1902,N,VIIRS,n,2,288.49,0.65,N,0
14.63279,101.075,306.81,0.45,0.39,2023-12-23,1902,N,VIIRS,n,2,286.7,2.1,N,2
14.64973,101.04002,301.07,0.45,0.39,2023-12-23,1902,N,VIIRS,n,2,288.4,1.33,N,2
14.66362,101.46229,299.4,0.47,0.4,2023-12-23,1902,N,VIIRS,n,2,286.45,1.04,N,0
14.66724,101.46296,325.27,0.47,0.4,2023-12-23,1902,N,VIIRS,n,2,287.12,3.01,N,0
14.67161,100.80355,304.71,0.44,0.38,2023-12-23,1902,N,VIIRS,n,2,291.14,0.69,N,2
14.71568,100.77815,318.59,0.44,0.38,2023-12-23,1902,N,VIIRS,n,2,290.85,1.01,N,0
14.73662,101.03687,299.1,0.45,0.39,2023-12-23,1902,N,VIIRS,n,2,287.04,0.54,N,0
14.79506,100.77821,304.22,0.44,0.38,2023-12-23,1902,N,VIIRS,n,2,289.64,0.7,N,0
14.83972,99.73404,297.4,0.4,0.37,2023-12-23,1902,N,VIIRS,n,2,286.87,0.14,N,0
14.96417,99.72025,299.89,0.4,0.37,2023-12-23,1902,N,VIIRS,n,2,288.89,0.52,N,0
14.97615,99.71072,302.91,0.4,0.37,2023-12-23,1902,N,VIIRS,n,2,289.4,0.7,N,0
14.97676,99.70698,300.99,0.4,0.37,2023-12-23,1902,N,VIIRS,n,2,288.83,0.99,N,0
14.97953,99.71127,300.65,0.4,0.37,2023-12-23,1902,N,VIIRS,n,2,289.55,0.7,N,0
14.98531,99.69714,299.36,0.4,0.37,2023-12-23,1902,N,VIIRS,n,2,288.39,0.47,N,0
10.34408,98.77142,301.01,0.41,0.37,2023-12-23,1903,N,VIIRS,n,2,279.52,0.64,N,0
11.64079,103.85588,325.99,0.47,0.4,2023-12-24,609,N,VIIRS,n,2,285.77,1.8,D,0
12.74485,102.95901,329.38,0.51,0.41,2023-12-24,609,N,VIIRS,n,2,291.72,3.3,D,0
13.23338,104.8344,336.62,0.41,0.37,2023-12-24,609,N,VIIRS,n,2,295.21,10.33,D,0
13.2368,104.83383,333.83,0.41,0.37,2023-12-24,609,N,VIIRS,n,2,292.55,5.23,D,0
13.24681,104.67498,340.09,0.42,0.38,2023-12-24,609,N,VIIRS,n,2,285.64,11.71,D,0
13.18304,103.01221,332.38,0.5,0.41,2023-12-24,610,N,VIIRS,n,2,287.58,3.93,D,0
13.3167,102.76896,328.25,0.51,0.41,2023-12-24,610,N,VIIRS,n,2,293.82,2.11,D,0
13.34882,104.9435,332.94,0.41,0.37,2023-12-24,610,N,VIIRS,n,2,297.01,5.21,D,0
13.41598,102.69054,349,0.51,0.41,2023-12-24,610,N,VIIRS,n,2,291.41,10.74,D,0
13.42319,102.54783,327.77,0.52,0.42,2023-12-24,610,N,VIIRS,n,2,292.91,2.84,D,0
13.44488,104.49131,328.2,0.42,0.38,2023-12-24,610,N,VIIRS,n,2,294.69,2.24,D,0
13.44676,104.49117,331.25,0.42,0.38,2023-12-24,610,N,VIIRS,n,2,294.71,3.15,D,0
13.4474,104.49509,339.16,0.42,0.38,2023-12-24,610,N,VIIRS,n,2,294.79,3.15,D,0
13.45317,104.80991,329.05,0.41,0.37,2023-12-24,610,N,VIIRS,n,2,294.68,1.14,D,0
13.4666,102.58197,328.45,0.52,0.41,2023-12-24,610,N,VIIRS,n,2,293.23,3.12,D,0
13.47101,104.6619,334.08,0.42,0.37,2023-12-24,610,N,VIIRS,n,2,291.8,4.57,D,0
13.47191,104.66169,337.54,0.42,0.37,2023-12-24,610,N,VIIRS,n,2,291.18,5.1,D,0
13.4866,102.67571,343.96,0.51,0.41,2023-12-24,610,N,VIIRS,n,2,292.41,7.3,D,0
13.49118,102.67975,327.87,0.51,0.41,2023-12-24,610,N,VIIRS,n,2,293.3,7.24,D,0
13.49278,102.68912,336.72,0.51,0.41,2023-12-24,610,N,VIIRS,n,2,292.26,4.25,D,0
13.49633,102.66434,341.12,0.51,0.41,2023-12-24,610,N,VIIRS,n,2,293.2,8.51,D,0
13.49713,102.66904,331.86,0.51,0.41,2023-12-24,610,N,VIIRS,n,2,294.39,3.25,D,0
13.52496,102.55695,329.52,0.52,0.41,2023-12-24,610,N,VIIRS,n,2,291.63,3.43,D,0
13.52796,102.55152,331.31,0.52,0.41,2023-12-24,610,N,VIIRS,n,2,292.38,2.87,D,0
13.61492,102.72233,342.17,0.51,0.41,2023-12-24,610,N,VIIRS,n,2,291.89,6.16,D,0
13.63766,102.74227,332.58,0.5,0.41,2023-12-24,610,N,VIIRS,n,2,292.11,6.77,D,0
13.66724,104.42635,333.8,0.42,0.38,2023-12-24,610,N,VIIRS,n,2,286.1,2.58,D,0
13.68488,105.16744,333.64,0.4,0.37,2023-12-24,610,N,VIIRS,n,2,288.83,3.84,D,0
13.71021,105.47989,342.36,0.4,0.37,2023-12-24,610,N,VIIRS,n,2,292.12,4.83,D,0
13.71478,105.26864,332.33,0.4,0.37,2023-12-24,610,N,VIIRS,n,2,295.79,2.42,D,0
13.7336,105.10226,328.47,0.4,0.37,2023-12-24,610,N,VIIRS,n,2,290.47,2.51,D,0
13.73419,105.10597,347.45,0.4,0.37,2023-12-24,610,N,VIIRS,n,2,296.49,10.63,D,0
13.73699,105.10169,333.02,0.4,0.37,2023-12-24,610,N,VIIRS,n,2,292.74,2.51,D,0
13.7532,105.18275,337.16,0.4,0.37,2023-12-24,610,N,VIIRS,n,2,288.9,2.57,D,0
13.75718,105.47216,334.58,0.4,0.37,2023-12-24,610,N,VIIRS,n,2,294.12,3.57,D,0
13.77298,103.39391,331.85,0.47,0.39,2023-12-24,610,N,VIIRS,n,2,292.25,2.61,D,0
13.80698,103.39685,334.34,0.47,0.39,2023-12-24,610,N,VIIRS,n,2,292.32,1.99,D,0
13.8073,103.39764,333.98,0.47,0.39,2023-12-24,610,N,VIIRS,n,2,292.78,4.03,D,0
13.87613,104.0917,333.52,0.43,0.38,2023-12-24,610,N,VIIRS,n,2,293.01,2.97,D,0
13.88377,103.25104,340.01,0.47,0.4,2023-12-24,610,N,VIIRS,n,2,296.24,7.31,D,0
13.91814,103.21037,329.61,0.47,0.4,2023-12-24,610,N,VIIRS,n,2,294.93,3.38,D,0
13.96686,103.52414,328.28,0.46,0.39,2023-12-24,610,N,VIIRS,n,2,293.17,2.18,D,0
13.96871,103.40157,331.71,0.46,0.39,2023-12-24,610,N,VIIRS,n,2,295.14,2.05,D,0
13.97013,103.41013,326.56,0.46,0.39,2023-12-24,610,N,VIIRS,n,2,294.52,2.07,D,0
13.9731,103.38321,333.42,0.46,0.39,2023-12-24,610,N,VIIRS,n,2,294.84,3.68,D,0
14,103.34327,347.24,0.47,0.39,2023-12-24,610,N,VIIRS,n,2,295.22,8.19,D,0
14.04873,103.84281,328.53,0.44,0.39,2023-12-24,610,N,VIIRS,n,2,289.46,2.33,D,0
14.05533,103.3168,332.36,0.47,0.39,2023-12-24,610,N,VIIRS,n,2,286.85,4.03,D,0
14.10936,101.15594,325.87,0.41,0.45,2023-12-24,610,N,VIIRS,n,2,280.38,2.6,D,0
14.31769,104.03059,332.81,0.43,0.38,2023-12-24,610,N,VIIRS,n,2,291.4,3.59,D,0
14.71559,105.2782,344.21,0.39,0.37,2023-12-24,610,N,VIIRS,n,2,296.22,3.37,D,0
15.03866,100.07215,329.32,0.46,0.47,2023-12-24,610,N,VIIRS,n,2,291.07,3.66,D,0
15.2017,100.27605,333.07,0.44,0.46,2023-12-24,610,N,VIIRS,n,2,288.95,3.53,D,0
15.31811,99.65224,333.19,0.48,0.48,2023-12-24,610,N,VIIRS,n,2,292.95,1.71,D,0
15.46683,102.88046,333.89,0.47,0.4,2023-12-24,610,N,VIIRS,n,2,283.04,4.93,D,0
15.64219,99.56995,327.22,0.48,0.48,2023-12-24,610,N,VIIRS,n,2,295.32,2.47,D,0
15.64675,100.53416,329.24,0.42,0.45,2023-12-24,610,N,VIIRS,n,2,296.96,3.69,D,0
15.64745,100.53806,331.01,0.42,0.45,2023-12-24,610,N,VIIRS,n,2,297.83,5.41,D,0
15.71598,100.50882,338.37,0.42,0.45,2023-12-24,610,N,VIIRS,n,2,297.05,4.52,D,0
15.75089,100.6068,331.72,0.42,0.45,2023-12-24,610,N,VIIRS,n,2,296.28,2.08,D,0
15.76164,100.47576,337.75,0.42,0.45,2023-12-24,610,N,VIIRS,n,2,296.39,3.87,D,0
15.87572,99.97947,331.49,0.45,0.47,2023-12-24,610,N,VIIRS,n,2,296.79,5.41,D,0
15.88001,99.97865,335.96,0.45,0.47,2023-12-24,610,N,VIIRS,n,2,294.6,5.22,D,0
15.8816,103.91333,333.75,0.42,0.38,2023-12-24,610,N,VIIRS,n,2,268.99,3.47,D,0
15.91729,100.54718,332.08,0.42,0.45,2023-12-24,610,N,VIIRS,n,2,299.62,2.6,D,0
15.91854,100.54681,329.56,0.42,0.45,2023-12-24,610,N,VIIRS,n,2,299.41,3.31,D,0
15.93521,100.42656,343.12,0.42,0.45,2023-12-24,610,N,VIIRS,n,2,294.72,5.26,D,0
15.97364,100.54434,340.81,0.42,0.45,2023-12-24,610,N,VIIRS,n,2,297.75,5.39,D,0
15.98258,100.54663,338.06,0.42,0.45,2023-12-24,610,N,VIIRS,n,2,297.34,4.3,D,0
16.08425,100.00617,336.31,0.45,0.47,2023-12-24,610,N,VIIRS,n,2,294.67,3.99,D,0
16.09749,100.7692,342.62,0.4,0.44,2023-12-24,610,N,VIIRS,n,2,297.5,4.82,D,0
16.09817,100.77295,339.94,0.4,0.44,2023-12-24,610,N,VIIRS,n,2,301.35,4.82,D,0
16.09951,100.78041,331.44,0.4,0.44,2023-12-24,610,N,VIIRS,n,2,299.94,4.63,D,0
16.1029,100.77592,341.46,0.4,0.44,2023-12-24,610,N,VIIRS,n,2,299.34,4.63,D,0
16.17268,103.52819,334.02,0.43,0.38,2023-12-24,610,N,VIIRS,n,2,272.66,2.88,D,0
16.17617,103.52757,329.14,0.43,0.38,2023-12-24,610,N,VIIRS,n,2,273.29,3.66,D,0
16.1889,103.58338,333.55,0.43,0.38,2023-12-24,610,N,VIIRS,n,2,272.62,4.12,D,0
16.19108,103.57473,328.12,0.43,0.38,2023-12-24,610,N,VIIRS,n,2,272.7,8.22,D,0
16.28213,103.07753,344.84,0.45,0.39,2023-12-24,610,N,VIIRS,n,2,293.56,8.98,D,0
16.31197,103.10247,326.47,0.45,0.39,2023-12-24,610,N,VIIRS,n,2,292.57,2.06,D,0
16.39177,102.93229,334.6,0.46,0.39,2023-12-24,610,N,VIIRS,n,2,279.09,4.31,D,0
16.49254,102.24446,332.49,0.49,0.4,2023-12-24,610,N,VIIRS,n,2,280.08,3.14,D,0
16.55173,105.18055,325.2,0.39,0.36,2023-12-24,610,N,VIIRS,n,2,273.98,2.18,D,0
16.08212,99.40578,327.66,0.49,0.48,2023-12-24,611,N,VIIRS,n,2,296.51,2.47,D,0
16.16317,97.96394,340.53,0.6,0.53,2023-12-24,611,N,VIIRS,n,2,294.63,15.82,D,0
16.24599,100.22456,331.23,0.43,0.46,2023-12-24,611,N,VIIRS,n,2,294.63,1.92,D,0
16.28657,100.44926,333.94,0.42,0.45,2023-12-24,611,N,VIIRS,n,2,295.36,4.02,D,0
16.41306,99.77969,342.41,0.46,0.47,2023-12-24,611,N,VIIRS,n,2,299.76,8.51,D,0
16.57536,97.85328,343.01,0.6,0.53,2023-12-24,611,N,VIIRS,n,2,298.1,7.51,D,0
16.58022,97.85227,343.75,0.6,0.53,2023-12-24,611,N,VIIRS,n,2,297.8,7.51,D,0
16.58503,100.01432,330.5,0.44,0.46,2023-12-24,611,N,VIIRS,n,2,296.25,3.56,D,0
16.62771,99.79146,335.04,0.45,0.47,2023-12-24,611,N,VIIRS,n,2,295.8,2.62,D,0
16.71465,98.40281,332.82,0.55,0.51,2023-12-24,611,N,VIIRS,n,2,299.07,5.64,D,0
16.71596,98.39977,336.2,0.55,0.51,2023-12-24,611,N,VIIRS,n,2,298.8,5.33,D,0
16.71697,98.4049,325.61,0.55,0.51,2023-12-24,611,N,VIIRS,l,2,299.03,5.43,D,0
16.71934,98.40188,327.59,0.55,0.51,2023-12-24,611,N,VIIRS,l,2,299.08,6.1,D,0
16.7817,101.17764,326.11,0.56,0.43,2023-12-24,611,N,VIIRS,n,2,294.49,2.23,D,0
16.92954,100.26128,326.89,0.42,0.45,2023-12-24,611,N,VIIRS,l,2,301.19,2.75,D,0
17.10213,100.50588,328.81,0.4,0.44,2023-12-24,611,N,VIIRS,n,2,298.64,1.26,D,0
17.10249,100.50606,328.58,0.4,0.44,2023-12-24,611,N,VIIRS,n,2,298.82,2.42,D,0
17.15101,104.10497,343.84,0.41,0.37,2023-12-24,611,N,VIIRS,n,2,280.32,6.51,D,0
17.35635,103.81985,330.61,0.41,0.37,2023-12-24,611,N,VIIRS,n,2,291.49,3.58,D,0
17.35977,103.81926,327.74,0.41,0.37,2023-12-24,611,N,VIIRS,n,2,291.11,3.44,D,0
17.36124,100.12946,331.01,0.42,0.45,2023-12-24,611,N,VIIRS,l,2,302.83,4.45,D,0
17.38806,102.51495,334.45,0.46,0.39,2023-12-24,611,N,VIIRS,n,2,299.86,8.84,D,0
17.41911,101.99425,325.73,0.49,0.4,2023-12-24,611,N,VIIRS,n,2,296.67,2.64,D,0
17.47887,99.13696,341.63,0.48,0.48,2023-12-24,611,N,VIIRS,n,2,294.62,4.34,D,0
17.50221,105.28631,326.58,0.39,0.36,2023-12-24,611,N,VIIRS,n,2,290.19,1.96,D,0
17.60406,104.20495,338.16,0.4,0.37,2023-12-24,611,N,VIIRS,n,2,297.55,3.1,D,0
17.65225,101.75172,331.04,0.5,0.41,2023-12-24,611,N,VIIRS,n,2,295.42,3.92,D,0
17.65281,101.75406,344.12,0.5,0.41,2023-12-24,611,N,VIIRS,n,2,296.33,7.55,D,0
17.72151,104.63348,326.33,0.39,0.36,2023-12-24,611,N,VIIRS,l,2,298.71,3.05,D,0
17.74754,100.1716,329.48,0.41,0.45,2023-12-24,611,N,VIIRS,n,2,294.04,3.85,D,0
17.79395,103.32216,339.72,0.43,0.38,2023-12-24,611,N,VIIRS,n,2,294.63,3.36,D,0
17.88245,104.61704,331.22,0.39,0.36,2023-12-24,611,N,VIIRS,n,2,296.07,2.67,D,0
17.94368,102.43658,333.3,0.46,0.39,2023-12-24,611,N,VIIRS,n,2,290.98,3.77,D,0
17.96814,102.88603,330.77,0.44,0.38,2023-12-24,611,N,VIIRS,n,2,293.56,1.55,D,0
18.00803,100.34079,355.41,0.4,0.44,2023-12-24,611,N,VIIRS,n,2,293.18,16.42,D,0
18.01992,102.59588,331.78,0.45,0.39,2023-12-24,611,N,VIIRS,n,2,297.44,5.11,D,0
18.06067,102.81409,326.41,0.44,0.39,2023-12-24,611,N,VIIRS,n,2,295.25,3.32,D,0
18.08318,104.55907,330.38,0.39,0.36,2023-12-24,611,N,VIIRS,n,2,296.16,1.77,D,0
18.08376,104.56277,333.14,0.39,0.36,2023-12-24,611,N,VIIRS,n,2,298.27,1.89,D,0
18.09567,104.5949,332.4,0.39,0.36,2023-12-24,611,N,VIIRS,n,2,296.94,2.04,D,0
18.1134,104.57668,336.46,0.39,0.36,2023-12-24,611,N,VIIRS,n,2,299.26,3.68,D,0
18.11465,104.20543,339.87,0.4,0.37,2023-12-24,611,N,VIIRS,n,2,298.48,3.53,D,0
18.11674,104.5761,325.47,0.39,0.36,2023-12-24,611,N,VIIRS,n,2,297.88,3.68,D,0
18.13489,103.54779,327.34,0.42,0.37,2023-12-24,611,N,VIIRS,n,2,295.6,1.78,D,0
18.16256,104.15064,329.16,0.4,0.37,2023-12-24,611,N,VIIRS,n,2,298.47,1.53,D,0
18.16593,104.15004,331.82,0.4,0.37,2023-12-24,611,N,VIIRS,n,2,297.23,2.08,D,0
18.16654,104.15379,328.87,0.4,0.37,2023-12-24,611,N,VIIRS,n,2,296.67,2.08,D,0
18.17372,99.29984,331.09,0.46,0.47,2023-12-24,611,N,VIIRS,n,2,295.16,2.27,D,0
18.1785,102.2113,341.96,0.47,0.4,2023-12-24,611,N,VIIRS,n,2,294.5,6.15,D,0
18.18212,102.21056,336.02,0.47,0.4,2023-12-24,611,N,VIIRS,n,2,294.58,10.21,D,0
18.21793,101.08832,330.56,0.53,0.42,2023-12-24,611,N,VIIRS,n,2,292.77,8.52,D,0
18.22765,104.18949,346.59,0.4,0.37,2023-12-24,611,N,VIIRS,n,2,301.25,5.87,D,0
18.34741,101.33636,340.01,0.52,0.41,2023-12-24,611,N,VIIRS,n,2,297.33,12.66,D,0
18.43878,100.13468,339.85,0.4,0.44,2023-12-24,611,N,VIIRS,n,2,295.75,2.9,D,0
18.46376,98.1059,339.77,0.54,0.5,2023-12-24,611,N,VIIRS,n,2,293.03,8.8,D,0
18.46675,104.0466,341.9,0.4,0.37,2023-12-24,611,N,VIIRS,n,2,302.32,17.5,D,0
18.46736,104.04624,337.97,0.4,0.37,2023-12-24,611,N,VIIRS,n,2,300.46,17.6,D,0
18.46943,103.73603,343.16,0.41,0.37,2023-12-24,611,N,VIIRS,n,2,295.84,4.5,D,0
18.59655,103.82872,331.7,0.41,0.37,2023-12-24,611,N,VIIRS,n,2,294.25,2.78,D,0
18.79723,101.91184,331.33,0.48,0.4,2023-12-24,611,N,VIIRS,n,2,294.64,4.08,D,0
18.80335,101.72796,333.1,0.49,0.4,2023-12-24,611,N,VIIRS,n,2,293.17,5.68,D,0
18.83866,101.74194,330.57,0.48,0.4,2023-12-24,611,N,VIIRS,n,2,292.77,3.75,D,0
19.0059,100.03831,328.22,0.4,0.44,2023-12-24,611,N,VIIRS,n,2,297.17,2.33,D,0
19.02454,100.25208,325.28,0.39,0.44,2023-12-24,611,N,VIIRS,n,2,299.61,1.75,D,0
19.06513,100.04173,339.01,0.4,0.44,2023-12-24,611,N,VIIRS,n,2,296.62,3.81,D,0
19.10063,104.89876,341.05,0.39,0.36,2023-12-24,611,N,VIIRS,n,2,284.12,4.07,D,0
19.1397,99.94807,326.98,0.4,0.44,2023-12-24,611,N,VIIRS,n,2,293.7,2.06,D,0
19.2576,102.26463,330.94,0.45,0.39,2023-12-24,611,N,VIIRS,n,2,301.72,4.21,D,0
19.35603,100.14788,338.37,0.39,0.44,2023-12-24,611,N,VIIRS,n,2,291.13,1.66,D,0
19.36073,101.1632,329.23,0.51,0.41,2023-12-24,611,N,VIIRS,n,2,290.89,4.26,D,0
19.37929,100.13936,330.64,0.39,0.44,2023-12-24,611,N,VIIRS,n,2,292.2,2.28,D,0
19.38328,100.13856,342.2,0.39,0.44,2023-12-24,611,N,VIIRS,n,2,291.57,5.84,D,0
19.39576,103.12468,332.77,0.42,0.38,2023-12-24,611,N,VIIRS,n,2,294.59,3.3,D,0
19.40991,100.10271,329.68,0.39,0.44,2023-12-24,611,N,VIIRS,n,2,294.43,2.47,D,0
19.42579,100.14512,328.38,0.39,0.44,2023-12-24,611,N,VIIRS,n,2,293.23,3.28,D,0
19.42721,100.14443,339.84,0.39,0.44,2023-12-24,611,N,VIIRS,n,2,295.24,3.5,D,0
19.45731,99.96981,330.67,0.39,0.44,2023-12-24,611,N,VIIRS,n,2,298.07,2.98,D,0
19.46112,100.17159,346.91,0.38,0.43,2023-12-24,611,N,VIIRS,n,2,295.77,4.05,D,0
19.46172,100.12988,330.5,0.39,0.44,2023-12-24,611,N,VIIRS,n,2,293.62,2.18,D,0
19.47216,100.85394,336.03,0.53,0.42,2023-12-24,611,N,VIIRS,n,2,278.69,5.88,D,0
19.52615,100.12066,345.46,0.39,0.44,2023-12-24,611,N,VIIRS,n,2,296.87,5.27,D,0
19.53082,103.01445,335.82,0.42,0.38,2023-12-24,611,N,VIIRS,n,2,295.51,8.8,D,0
19.5567,99.85188,327.33,0.4,0.44,2023-12-24,611,N,VIIRS,n,2,295.89,1.86,D,0
19.65696,103.12254,327.24,0.42,0.37,2023-12-24,611,N,VIIRS,n,2,296.1,1.72,D,0
19.72098,100.11052,331.73,0.38,0.43,2023-12-24,611,N,VIIRS,n,2,297.54,2.15,D,0
19.76066,100.16183,336.8,0.57,0.43,2023-12-24,612,N,VIIRS,n,2,299.27,6.15,D,0
19.77253,100.15944,333.54,0.57,0.43,2023-12-24,612,N,VIIRS,n,2,298.87,2.92,D,0
19.77649,100.15864,326.12,0.57,0.43,2023-12-24,612,N,VIIRS,l,2,297.72,2.92,D,0
19.78957,99.93699,330.99,0.39,0.44,2023-12-24,612,N,VIIRS,n,2,296.23,2.63,D,0
19.87345,100.44564,330.98,0.55,0.43,2023-12-24,612,N,VIIRS,n,2,290.11,38.37,D,0
20.00698,100.29534,341.8,0.56,0.43,2023-12-24,612,N,VIIRS,n,2,295.11,6.75,D,0
20.00846,100.29771,335.13,0.56,0.43,2023-12-24,612,N,VIIRS,n,2,294.88,5.98,D,0
20.03578,100.09578,325.11,0.57,0.43,2023-12-24,612,N,VIIRS,n,2,298.11,2.64,D,0
20.1843,100.38193,330.7,0.55,0.42,2023-12-24,612,N,VIIRS,n,2,298.59,3.49,D,0
20.37221,98.02959,330.54,0.5,0.49,2023-12-24,612,N,VIIRS,n,2,300.53,3.81,D,0
20.37314,98.03429,327.1,0.5,0.49,2023-12-24,612,N,VIIRS,n,2,299.35,4.03,D,0
18.93859,105.35197,320.33,0.4,0.37,2023-12-24,1841,N,VIIRS,n,2,283.2,1.88,N,2
18.98628,103.5097,298.7,0.39,0.36,2023-12-24,1841,N,VIIRS,n,2,278.9,0.56,N,0
15.62259,101.19366,320.56,0.41,0.37,2023-12-24,1842,N,VIIRS,n,2,267.78,1.73,N,0
15.6981,100.93626,298.65,0.42,0.38,2023-12-24,1842,N,VIIRS,n,2,281.17,0.62,N,0
15.69867,100.93237,299.27,0.42,0.38,2023-12-24,1842,N,VIIRS,n,2,282.08,0.62,N,0
16.56953,104.5603,295.62,0.4,0.37,2023-12-24,1842,N,VIIRS,n,2,265.6,0.7,N,0
16.57853,104.0668,301.06,0.39,0.36,2023-12-24,1842,N,VIIRS,n,2,272.88,0.82,N,0
16.65794,103.17979,296.36,0.38,0.36,2023-12-24,1842,N,VIIRS,n,2,279.25,0.31,N,0
16.73147,103.12222,304.1,0.38,0.36,2023-12-24,1842,N,VIIRS,n,2,279.09,0.78,N,0
16.73679,105.38718,302.75,0.41,0.37,2023-12-24,1842,N,VIIRS,n,2,272.44,0.4,N,0
16.81875,103.2581,295.92,0.38,0.36,2023-12-24,1842,N,VIIRS,n,2,281.26,0.34,N,0
16.82175,101.00107,317.97,0.42,0.38,2023-12-24,1842,N,VIIRS,n,2,283.67,1.65,N,0
16.86898,98.55591,296.37,0.56,0.43,2023-12-24,1842,N,VIIRS,n,2,284.13,0.57,N,0
16.87613,103.45151,296.47,0.38,0.36,2023-12-24,1842,N,VIIRS,n,2,281.38,0.48,N,0
16.89772,98.53991,301.96,0.56,0.43,2023-12-24,1842,N,VIIRS,n,2,285.77,0.84,N,0
16.9168,103.12674,300.48,0.38,0.36,2023-12-24,1842,N,VIIRS,n,2,278.72,0.55,N,0
16.91866,98.56456,306.23,0.56,0.43,2023-12-24,1842,N,VIIRS,n,2,285.3,1.29,N,0
16.91958,98.52699,310.99,0.56,0.43,2023-12-24,1842,N,VIIRS,n,2,286.39,2,N,0
16.93752,98.51349,296.58,0.56,0.43,2023-12-24,1842,N,VIIRS,n,2,285.87,0.35,N,0
16.94148,98.51405,310.02,0.56,0.43,2023-12-24,1842,N,VIIRS,n,2,286.5,0.86,N,0
17.07464,103.05019,296.49,0.39,0.36,2023-12-24,1842,N,VIIRS,n,2,284.72,0.33,N,0
17.39303,104.12006,299.25,0.39,0.36,2023-12-24,1842,N,VIIRS,n,2,278.17,0.38,N,0
17.5334,102.30981,295.86,0.39,0.37,2023-12-24,1842,N,VIIRS,n,2,280.9,0.24,N,0
17.59443,102.28188,306.32,0.4,0.37,2023-12-24,1842,N,VIIRS,n,2,280.02,0.79,N,0
17.63195,103.53456,300.48,0.38,0.36,2023-12-24,1842,N,VIIRS,n,2,284.49,0.98,N,0
17.70897,103.03991,303.77,0.39,0.36,2023-12-24,1842,N,VIIRS,n,2,283.73,0.69,N,0
17.76248,102.99623,302.84,0.39,0.36,2023-12-24,1842,N,VIIRS,n,2,282.03,1.09,N,0
17.8646,103.23608,328.71,0.39,0.36,2023-12-24,1842,N,VIIRS,n,2,284.65,2.85,N,0
17.93046,104.7569,295.79,0.39,0.36,2023-12-24,1842,N,VIIRS,n,2,284.74,0.55,N,0
17.94949,102.72773,303.53,0.39,0.36,2023-12-24,1842,N,VIIRS,n,2,282.91,0.73,N,0
18.03766,104.58252,296.64,0.39,0.36,2023-12-24,1842,N,VIIRS,n,2,285.35,0.33,N,0
18.04869,102.80812,296.13,0.39,0.36,2023-12-24,1842,N,VIIRS,n,2,282.04,0.56,N,0
18.3136,103.72015,307.61,0.38,0.36,2023-12-24,1842,N,VIIRS,n,2,285.73,1.01,N,0
18.35353,104.15429,301.97,0.39,0.36,2023-12-24,1842,N,VIIRS,n,2,285.6,0.47,N,0
18.42033,103.88316,295.2,0.38,0.36,2023-12-24,1842,N,VIIRS,n,2,282.7,0.4,N,0
18.46302,98.1042,304.91,0.41,0.45,2023-12-24,1842,N,VIIRS,n,2,283.98,0.87,N,0
18.46719,98.1046,303.69,0.41,0.45,2023-12-24,1842,N,VIIRS,n,2,284.01,0.87,N,0
18.48911,104.02476,321.05,0.38,0.36,2023-12-24,1842,N,VIIRS,n,2,287.43,1.58,N,0
18.49242,104.02532,311.13,0.38,0.36,2023-12-24,1842,N,VIIRS,n,2,287.21,1.58,N,0
18.69496,100.54852,318.41,0.46,0.39,2023-12-24,1842,N,VIIRS,n,2,285.5,2.16,N,0
13.10587,105.07407,295.8,0.43,0.38,2023-12-24,1843,N,VIIRS,n,2,273.5,1.1,N,0
13.10937,105.07467,313.79,0.43,0.38,2023-12-24,1843,N,VIIRS,n,2,276.72,2.85,N,0
13.1875,104.92939,295.91,0.43,0.38,2023-12-24,1843,N,VIIRS,n,2,275.97,0.56,N,0
13.21432,104.96951,326.31,0.43,0.38,2023-12-24,1843,N,VIIRS,n,2,278.72,2.64,N,0
13.22575,105.09371,296.24,0.43,0.38,2023-12-24,1843,N,VIIRS,n,2,282.18,0.35,N,0
13.22925,105.09431,334.7,0.43,0.38,2023-12-24,1843,N,VIIRS,n,2,287.76,1.9,N,0
13.22991,105.09033,300.15,0.43,0.38,2023-12-24,1843,N,VIIRS,n,2,285.62,1.19,N,0
13.23275,105.09492,298.68,0.43,0.38,2023-12-24,1843,N,VIIRS,n,2,284.54,1.9,N,0
13.28135,105.06246,299.3,0.43,0.38,2023-12-24,1843,N,VIIRS,n,2,282.87,0.45,N,0
13.92275,101.70306,313.07,0.39,0.36,2023-12-24,1843,N,VIIRS,n,2,267.7,1.81,N,0
15.85969,97.79454,305.85,0.4,0.44,2023-12-24,1843,N,VIIRS,n,2,277.14,0.64,N,0
15.86378,97.79513,301.33,0.4,0.44,2023-12-24,1843,N,VIIRS,n,2,277.8,0.56,N,0
15.98924,97.68842,306.93,0.41,0.45,2023-12-24,1843,N,VIIRS,n,2,282.98,0.53,N,2
10.62163,103.57738,316.59,0.4,0.37,2023-12-24,1844,N,VIIRS,n,2,275.81,1.66,N,0
6.97697,104.17822,323.36,0.46,0.39,2023-12-24,1845,N,VIIRS,n,2,287.24,5.11,N,3
10.64184,103.81701,337.67,0.32,0.55,2023-12-25,550,N,VIIRS,n,2,293.78,2.75,D,0
10.68102,103.67003,337.88,0.33,0.55,2023-12-25,550,N,VIIRS,n,2,292.24,2.27,D,0
10.68312,103.567,335.18,0.33,0.55,2023-12-25,550,N,VIIRS,n,2,290.65,2.69,D,0
10.68391,103.82667,335.42,0.32,0.54,2023-12-25,550,N,VIIRS,n,2,293.93,4.76,D,0
10.68444,103.82957,333.82,0.32,0.54,2023-12-25,550,N,VIIRS,n,2,293.45,4.76,D,0
10.68944,103.82867,329.12,0.32,0.54,2023-12-25,550,N,VIIRS,n,2,293.27,8.64,D,0
10.73892,103.8166,342.57,0.32,0.54,2023-12-25,550,N,VIIRS,n,2,294.21,7.92,D,0
10.76311,103.72547,328.78,0.32,0.55,2023-12-25,550,N,VIIRS,n,2,292.3,2.29,D,0
10.76378,103.72428,335.44,0.32,0.55,2023-12-25,550,N,VIIRS,n,2,292.69,1.61,D,0
10.93017,103.40704,339.04,0.34,0.56,2023-12-25,550,N,VIIRS,n,2,292.24,2.2,D,0
10.96726,103.37846,355.95,0.34,0.56,2023-12-25,550,N,VIIRS,n,2,292.99,19.43,D,0
10.96785,103.38166,367,0.34,0.56,2023-12-25,550,N,VIIRS,h,2,300.93,19.43,D,0
10.96843,103.3848,327.66,0.34,0.56,2023-12-25,550,N,VIIRS,n,2,292.4,18.92,D,0
10.97236,103.37732,342.69,0.34,0.56,2023-12-25,550,N,VIIRS,n,2,292.93,6.1,D,0
10.97293,103.38046,367,0.34,0.56,2023-12-25,550,N,VIIRS,h,2,295.97,6.1,D,0
10.97805,103.37944,367,0.34,0.56,2023-12-25,550,N,VIIRS,h,2,294.12,6.1,D,0
10.98319,103.37856,339.14,0.34,0.56,2023-12-25,550,N,VIIRS,n,2,293.98,3.92,D,0
11.00766,103.3315,330.32,0.34,0.56,2023-12-25,550,N,VIIRS,n,2,291.56,3.11,D,0
11.00825,103.33462,343.61,0.34,0.56,2023-12-25,550,N,VIIRS,n,2,293.38,3.11,D,0
11.01227,103.33421,352.74,0.34,0.56,2023-12-25,550,N,VIIRS,n,2,293.93,8.65,D,0
11.01339,103.33366,341.18,0.34,0.56,2023-12-25,550,N,VIIRS,n,2,292.88,3.11,D,0
11.01999,103.22663,337.57,0.34,0.56,2023-12-25,550,N,VIIRS,n,2,290.86,3.53,D,0
11.02454,103.39293,327.28,0.34,0.56,2023-12-25,550,N,VIIRS,n,2,294.66,5.17,D,0
11.0281,103.39263,356.52,0.34,0.56,2023-12-25,550,N,VIIRS,n,2,295.88,19.72,D,0
11.02864,103.39563,355.46,0.34,0.56,2023-12-25,550,N,VIIRS,n,2,302.82,19.72,D,0
11.02918,103.39863,349.2,0.34,0.56,2023-12-25,550,N,VIIRS,n,2,293.34,18.37,D,0
11.02964,103.39192,356.36,0.34,0.56,2023-12-25,550,N,VIIRS,n,2,292.56,25.1,D,0
11.03021,103.39494,342.79,0.34,0.56,2023-12-25,550,N,VIIRS,n,2,304.35,25.1,D,0
11.03078,103.39796,367,0.34,0.56,2023-12-25,550,N,VIIRS,h,2,293.61,38.78,D,0
11.03321,103.39165,341.26,0.34,0.56,2023-12-25,550,N,VIIRS,n,2,285.48,19.72,D,0
11.03376,103.39474,367,0.34,0.56,2023-12-25,550,N,VIIRS,h,2,290.33,19.72,D,0
11.03431,103.3978,341.17,0.34,0.56,2023-12-25,550,N,VIIRS,n,2,289.89,18.37,D,0
11.03534,103.39405,327.35,0.34,0.56,2023-12-25,550,N,VIIRS,n,2,282.86,25.1,D,0
11.04906,103.4109,333.64,0.33,0.56,2023-12-25,550,N,VIIRS,n,2,291.38,7.68,D,0
11.0496,103.4138,342.19,0.33,0.56,2023-12-25,550,N,VIIRS,n,2,298.1,79.67,D,0
11.05016,103.41677,208,0.33,0.56,2023-12-25,550,N,VIIRS,l,2,310.02,79.67,D,0
11.0507,103.41968,367,0.33,0.56,2023-12-25,550,N,VIIRS,h,2,293.23,110.04,D,0
11.14998,103.45567,339.04,0.33,0.55,2023-12-25,550,N,VIIRS,n,2,292.86,4.87,D,0
11.15236,103.45701,334.18,0.33,0.55,2023-12-25,550,N,VIIRS,n,2,292.67,3.94,D,0
11.29134,103.52396,343.35,0.33,0.55,2023-12-25,550,N,VIIRS,n,2,292.27,3.06,D,0
11.29637,103.52293,330.31,0.33,0.55,2023-12-25,550,N,VIIRS,n,2,291.25,3.06,D,0
11.48532,104.30807,337.82,0.57,0.52,2023-12-25,550,N,VIIRS,n,2,293.72,5.96,D,0
11.64,104.48504,328.48,0.55,0.51,2023-12-25,550,N,VIIRS,n,2,293.32,3.83,D,0
11.69114,104.46744,337.98,0.55,0.51,2023-12-25,550,N,VIIRS,n,2,293.68,5.86,D,0
11.75978,103.9471,344.55,0.6,0.53,2023-12-25,550,N,VIIRS,n,2,284.07,17.41,D,0
11.76124,103.94402,345.16,0.6,0.53,2023-12-25,550,N,VIIRS,n,2,277.75,16.75,D,0
11.80162,104.4249,341.03,0.56,0.51,2023-12-25,550,N,VIIRS,n,2,291.05,5.61,D,0
11.88573,105.62614,341.59,0.46,0.47,2023-12-25,550,N,VIIRS,n,2,296.45,6.47,D,0
11.90639,104.38158,340.93,0.56,0.51,2023-12-25,550,N,VIIRS,n,2,292.52,9.79,D,0
11.92576,104.46172,331.49,0.55,0.51,2023-12-25,550,N,VIIRS,n,2,292.58,3.62,D,0
12.08075,103.26451,332.75,0.33,0.55,2023-12-25,550,N,VIIRS,n,2,284.19,4.57,D,0
12.0829,103.26308,346.15,0.33,0.55,2023-12-25,550,N,VIIRS,n,2,284.86,3.79,D,0
12.18167,105.38675,332.55,0.47,0.48,2023-12-25,550,N,VIIRS,n,2,293.76,2.48,D,0
12.26848,104.92428,339.2,0.51,0.49,2023-12-25,550,N,VIIRS,n,2,292.89,6.14,D,0
12.27219,104.92567,333.96,0.51,0.49,2023-12-25,550,N,VIIRS,n,2,293.16,5.2,D,0
12.33927,105.31106,340.77,0.48,0.48,2023-12-25,550,N,VIIRS,n,2,295.46,5.58,D,0
12.33929,105.30891,333.1,0.48,0.48,2023-12-25,550,N,VIIRS,n,2,294.96,3.32,D,0
12.34005,105.31329,330.38,0.48,0.48,2023-12-25,550,N,VIIRS,n,2,295.1,6.49,D,0
12.34006,105.31543,328.89,0.48,0.48,2023-12-25,550,N,VIIRS,n,2,294.73,3.82,D,0
12.37914,104.93874,330.13,0.5,0.49,2023-12-25,550,N,VIIRS,n,2,291.86,3.59,D,0
12.40403,104.36749,339.01,0.55,0.51,2023-12-25,550,N,VIIRS,n,2,291.78,5.86,D,0
12.4009,104.36536,342.22,0.55,0.51,2023-12-25,551,N,VIIRS,n,2,292.14,5.75,D,0
12.78386,105.45409,331.84,0.46,0.47,2023-12-25,551,N,VIIRS,n,2,294.25,3.98,D,0
12.92158,105.23701,339.72,0.47,0.48,2023-12-25,551,N,VIIRS,n,2,294.27,10.29,D,0
13.10969,105.07835,345.3,0.48,0.48,2023-12-25,551,N,VIIRS,n,2,297.47,9.01,D,0
13.11354,104.78094,333.54,0.5,0.49,2023-12-25,551,N,VIIRS,n,2,293.59,1.8,D,0
13.11683,104.78358,332.72,0.5,0.49,2023-12-25,551,N,VIIRS,n,2,293.89,2.62,D,0
13.17247,104.97629,327.61,0.48,0.48,2023-12-25,551,N,VIIRS,n,2,297.19,5.26,D,0
13.18575,104.9738,356.58,0.48,0.48,2023-12-25,551,N,VIIRS,n,2,295.03,9.92,D,0
13.19017,104.97297,333.22,0.48,0.48,2023-12-25,551,N,VIIRS,n,2,293.91,3.19,D,0
13.19018,104.92234,344.96,0.49,0.48,2023-12-25,551,N,VIIRS,n,2,297.06,9.17,D,0
13.2128,102.37189,325.12,0.36,0.57,2023-12-25,551,N,VIIRS,n,2,289.58,1.89,D,0
13.23011,105.09346,356.55,0.47,0.48,2023-12-25,551,N,VIIRS,n,2,300.08,13.36,D,0
13.29227,104.736,328.86,0.5,0.49,2023-12-25,551,N,VIIRS,n,2,295.25,5.68,D,0
13.29594,104.73058,328.68,0.5,0.49,2023-12-25,551,N,VIIRS,n,2,294.95,4.96,D,0
13.31353,102.50793,336.57,0.35,0.57,2023-12-25,551,N,VIIRS,n,2,290.21,2.66,D,0
13.32883,102.38809,326.96,0.36,0.57,2023-12-25,551,N,VIIRS,n,2,289.09,1.94,D,0
13.33477,102.78829,367,0.34,0.56,2023-12-25,551,N,VIIRS,h,2,290.83,9.05,D,0
13.33536,102.79138,367,0.33,0.56,2023-12-25,551,N,VIIRS,h,2,290.53,10.9,D,0
13.33704,104.23736,340.53,0.54,0.51,2023-12-25,551,N,VIIRS,n,2,289.79,5.88,D,0
13.33996,104.23996,332.77,0.54,0.51,2023-12-25,551,N,VIIRS,n,2,289.98,4.62,D,0
13.36305,102.42624,335.46,0.35,0.57,2023-12-25,551,N,VIIRS,n,2,290.72,2.59,D,0
13.37483,102.57084,325.79,0.35,0.56,2023-12-25,551,N,VIIRS,n,2,285.02,1.32,D,0
13.44127,105.28726,327.68,0.46,0.47,2023-12-25,551,N,VIIRS,n,2,297.25,2.63,D,0
13.59281,102.70192,332.55,0.34,0.56,2023-12-25,551,N,VIIRS,n,2,290.22,2.03,D,0
13.60745,102.71011,331.61,0.34,0.56,2023-12-25,551,N,VIIRS,n,2,288.78,2.32,D,0
13.625,104.59747,328.69,0.5,0.49,2023-12-25,551,N,VIIRS,n,2,290.69,2.74,D,0
13.62583,104.6021,339.92,0.5,0.49,2023-12-25,551,N,VIIRS,n,2,292.08,6.09,D,0
13.62628,104.59975,356,0.5,0.49,2023-12-25,551,N,VIIRS,n,2,292.91,9.34,D,0
13.6503,105.09591,343.47,0.47,0.48,2023-12-25,551,N,VIIRS,n,2,292.71,5.46,D,0
13.6688,102.80962,329.62,0.33,0.55,2023-12-25,551,N,VIIRS,n,2,290.24,2.41,D,0
13.68734,102.79654,331.65,0.33,0.55,2023-12-25,551,N,VIIRS,n,2,290.71,2.16,D,0
13.71088,104.70704,336.93,0.49,0.49,2023-12-25,551,N,VIIRS,n,2,293.23,6.72,D,0
13.71616,104.7107,329.96,0.49,0.49,2023-12-25,551,N,VIIRS,n,2,293.23,3.89,D,0
13.7873,105.25639,332.15,0.45,0.47,2023-12-25,551,N,VIIRS,n,2,293.8,4.2,D,0
13.80607,104.29991,340.32,0.52,0.5,2023-12-25,551,N,VIIRS,n,2,284.86,12.44,D,0
13.85043,103.43817,326.94,0.59,0.53,2023-12-25,551,N,VIIRS,n,2,290.35,2.79,D,0
13.90771,102.90095,346.02,0.32,0.55,2023-12-25,551,N,VIIRS,n,2,290.78,3.44,D,0
13.95747,104.22312,340.43,0.53,0.5,2023-12-25,551,N,VIIRS,n,2,292.83,6.36,D,0
14.08179,103.61871,326.98,0.57,0.52,2023-12-25,551,N,VIIRS,n,2,285.58,5.07,D,0
14.0828,103.624,340.79,0.57,0.52,2023-12-25,551,N,VIIRS,n,2,288.03,5.07,D,0
14.083,103.62132,343.69,0.57,0.52,2023-12-25,551,N,VIIRS,n,2,286.97,6.08,D,0
14.11604,102.94035,340.43,0.63,0.54,2023-12-25,551,N,VIIRS,n,2,289.86,5.38,D,0
14.1674,103.02094,340.6,0.63,0.54,2023-12-25,551,N,VIIRS,n,2,289.67,6.04,D,0
14.1787,105.19458,335.36,0.45,0.47,2023-12-25,551,N,VIIRS,n,2,292.7,4.77,D,0
14.18215,105.11588,335.67,0.46,0.47,2023-12-25,551,N,VIIRS,n,2,291.66,4.08,D,0
14.18291,105.12009,329.05,0.46,0.47,2023-12-25,551,N,VIIRS,n,2,293.87,4.08,D,0
14.2704,103.49137,325.55,0.58,0.52,2023-12-25,551,N,VIIRS,n,2,291.16,2.15,D,0
14.28004,103.98679,330.22,0.54,0.51,2023-12-25,551,N,VIIRS,n,2,292.67,4.71,D,0
14.29916,104.83841,344.58,0.47,0.48,2023-12-25,551,N,VIIRS,n,2,295.44,15.5,D,0
14.33169,104.54688,341.41,0.49,0.49,2023-12-25,551,N,VIIRS,n,2,284.24,13.31,D,0
14.34968,104.82088,339.18,0.47,0.48,2023-12-25,551,N,VIIRS,n,2,293.08,5.82,D,0
14.4895,103.66454,326.09,0.56,0.51,2023-12-25,551,N,VIIRS,n,2,288.55,2.93,D,0
14.71474,104.59706,337.94,0.48,0.48,2023-12-25,551,N,VIIRS,n,2,291.42,2.09,D,0
14.71519,102.20851,328.02,0.35,0.56,2023-12-25,551,N,VIIRS,n,2,288.45,1.27,D,0
14.73943,101.92027,325.36,0.36,0.57,2023-12-25,551,N,VIIRS,n,2,286.86,1.61,D,0
14.74666,101.90163,325.34,0.36,0.57,2023-12-25,551,N,VIIRS,n,2,286.18,1.04,D,0
14.74788,101.90265,331.01,0.36,0.57,2023-12-25,551,N,VIIRS,n,2,285.84,1.96,D,0
16.00457,103.96177,326.53,0.5,0.49,2023-12-25,551,N,VIIRS,n,2,290.42,3.6,D,0
15.42494,99.76009,326.35,0.48,0.65,2023-12-25,552,N,VIIRS,n,2,289.52,1.81,D,0
15.47915,100.36987,336.39,0.44,0.62,2023-12-25,552,N,VIIRS,n,2,291.73,4.41,D,0
15.97181,100.49345,326.43,0.42,0.61,2023-12-25,552,N,VIIRS,n,2,294.02,3.39,D,0
16.06211,100.51961,338.78,0.42,0.61,2023-12-25,552,N,VIIRS,n,2,294.9,3.31,D,0
16.5771,97.85728,334.87,0.61,0.71,2023-12-25,552,N,VIIRS,n,2,292.58,5.65,D,0
16.57871,97.85664,355.33,0.61,0.71,2023-12-25,552,N,VIIRS,n,2,293.18,10.56,D,0
16.58359,97.85579,337.8,0.61,0.71,2023-12-25,552,N,VIIRS,n,2,291.94,5.89,D,0
16.74918,102.72195,333.41,0.59,0.53,2023-12-25,552,N,VIIRS,n,2,290.84,7.49,D,0
16.75265,102.7241,340.61,0.59,0.53,2023-12-25,552,N,VIIRS,n,2,290.33,4.73,D,0
16.78768,101.22712,342.66,0.37,0.58,2023-12-25,552,N,VIIRS,n,2,296.14,4.15,D,0
16.85011,101.04239,326.47,0.38,0.58,2023-12-25,552,N,VIIRS,n,2,290.02,2.53,D,0
16.99711,100.26269,326.41,0.42,0.61,2023-12-25,552,N,VIIRS,n,2,292.97,2.13,D,0
16.99942,100.26208,327.44,0.42,0.61,2023-12-25,552,N,VIIRS,n,2,292.5,1.73,D,0
17.03554,101.10886,332.58,0.37,0.58,2023-12-25,552,N,VIIRS,n,2,291.91,2.15,D,0
17.05871,100.83012,333.99,0.38,0.59,2023-12-25,552,N,VIIRS,n,2,296.88,3.47,D,0
17.91309,103.9241,330.47,0.47,0.48,2023-12-25,552,N,VIIRS,n,2,294.22,4.74,D,0
17.97924,104.53951,332.97,0.43,0.46,2023-12-25,552,N,VIIRS,n,2,292.27,3.97,D,0
17.98344,104.53878,339.78,0.43,0.46,2023-12-25,552,N,VIIRS,n,2,291.05,5.9,D,0
18.01489,102.71863,344.76,0.56,0.51,2023-12-25,552,N,VIIRS,n,2,296.25,7.13,D,0
18.12152,99.58602,327.63,0.44,0.62,2023-12-25,552,N,VIIRS,n,2,293.63,3.73,D,0
18.19221,102.71476,337.53,0.55,0.51,2023-12-25,552,N,VIIRS,n,2,292.28,4.64,D,0
18.2237,104.07956,335.15,0.45,0.47,2023-12-25,552,N,VIIRS,n,2,296.9,10.09,D,0
18.22451,104.08385,338.48,0.45,0.47,2023-12-25,552,N,VIIRS,n,2,295.05,12.83,D,0
18.36462,101.08893,356.72,0.35,0.57,2023-12-25,552,N,VIIRS,l,2,284.41,8.28,D,0
18.36524,101.09201,345.42,0.35,0.57,2023-12-25,552,N,VIIRS,n,2,282.04,10.1,D,0
18.40099,102.57212,339.33,0.56,0.51,2023-12-25,552,N,VIIRS,n,2,291.99,12.74,D,0
18.40202,102.57742,340.02,0.56,0.51,2023-12-25,552,N,VIIRS,n,2,292.73,12.74,D,0
18.42702,100.11454,330.53,0.4,0.6,2023-12-25,552,N,VIIRS,n,2,289.73,1.73,D,0
18.48048,104.02983,328.52,0.45,0.47,2023-12-25,552,N,VIIRS,n,2,296.77,5.77,D,0
18.49092,104.01429,343.33,0.45,0.47,2023-12-25,552,N,VIIRS,n,2,298.16,4.44,D,0
18.4952,104.01342,334.75,0.45,0.47,2023-12-25,552,N,VIIRS,n,2,296.08,4.44,D,0
18.50647,104.00223,325.74,0.45,0.47,2023-12-25,552,N,VIIRS,n,2,297.37,3.72,D,0
18.57642,104.29256,330.18,0.43,0.46,2023-12-25,552,N,VIIRS,n,2,292.31,2.87,D,0
18.5897,104.62304,327.95,0.41,0.45,2023-12-25,552,N,VIIRS,n,2,291.57,2,D,0
18.63778,104.64246,347.94,0.41,0.45,2023-12-25,552,N,VIIRS,n,2,292.88,15.53,D,0
18.63845,104.64607,327.56,0.41,0.45,2023-12-25,552,N,VIIRS,n,2,288.96,15.53,D,0
18.97492,104.30791,334.39,0.43,0.46,2023-12-25,552,N,VIIRS,n,2,290.95,7.81,D,0
18.97569,104.31213,338.76,0.43,0.46,2023-12-25,552,N,VIIRS,n,2,292.41,7.81,D,0
19.00747,105.08718,330.33,0.57,0.43,2023-12-25,552,N,VIIRS,n,2,291.44,12.35,D,0
19.04379,105.29041,329.96,0.56,0.43,2023-12-25,552,N,VIIRS,n,2,291.82,6.99,D,0
19.08084,104.98154,331.99,0.39,0.44,2023-12-25,552,N,VIIRS,n,2,292.51,1.85,D,0
19.14728,105.19177,327.69,0.56,0.43,2023-12-25,552,N,VIIRS,n,2,294.12,4.02,D,0
19.15346,105.40811,345.16,0.55,0.42,2023-12-25,552,N,VIIRS,n,2,290.75,10.89,D,0
19.16413,104.8662,326.72,0.39,0.44,2023-12-25,552,N,VIIRS,n,2,290.9,4.08,D,0
19.18151,104.80116,329.74,0.39,0.44,2023-12-25,552,N,VIIRS,n,2,289.69,1.9,D,0
19.18556,104.80048,326.36,0.39,0.44,2023-12-25,552,N,VIIRS,n,2,288.65,2.45,D,0
19.19188,105.13232,334.79,0.57,0.43,2023-12-25,552,N,VIIRS,n,2,292.19,9.81,D,0
19.21626,104.9253,339.36,0.39,0.44,2023-12-25,552,N,VIIRS,n,2,293.01,10.91,D,0
19.21748,104.92471,338.78,0.39,0.44,2023-12-25,552,N,VIIRS,n,2,292.93,9.93,D,0
19.2263,104.81532,352.48,0.39,0.44,2023-12-25,552,N,VIIRS,n,2,293.9,17.4,D,0
19.25804,103.59063,341.12,0.47,0.47,2023-12-25,552,N,VIIRS,n,2,292.9,9.22,D,0
19.36889,105.20087,333.04,0.56,0.43,2023-12-25,552,N,VIIRS,n,2,293.2,10.12,D,0
19.36961,105.19803,332.12,0.56,0.43,2023-12-25,552,N,VIIRS,n,2,291.45,6.88,D,0
19.45328,104.99066,338.68,0.57,0.43,2023-12-25,552,N,VIIRS,n,2,295.77,30.96,D,0
19.45515,104.98892,338.88,0.57,0.43,2023-12-25,552,N,VIIRS,n,2,292.88,26.62,D,0
19.59075,105.04723,343.75,0.56,0.43,2023-12-25,552,N,VIIRS,n,2,297.15,33.65,D,0
19.59472,105.04655,332.81,0.56,0.43,2023-12-25,552,N,VIIRS,n,2,296.18,33.65,D,0
19.59765,105.01789,329.54,0.57,0.43,2023-12-25,552,N,VIIRS,n,2,291.81,3.38,D,0
19.6073,105.15981,328.3,0.56,0.43,2023-12-25,552,N,VIIRS,n,2,298.87,64.18,D,0
19.71637,105.3632,326.13,0.54,0.42,2023-12-25,552,N,VIIRS,n,2,291.43,2.36,D,0
19.74681,104.99152,344.59,0.57,0.43,2023-12-25,552,N,VIIRS,n,2,297.81,32.26,D,0
19.75706,105.48125,329.88,0.53,0.42,2023-12-25,552,N,VIIRS,n,2,291.98,3.09,D,0
19.75924,105.48328,336.8,0.53,0.42,2023-12-25,552,N,VIIRS,n,2,290.9,5.12,D,0
19.2308,99.97114,327.89,0.4,0.6,2023-12-25,553,N,VIIRS,n,2,292.81,2.27,D,0
20.11646,105.5032,327.08,0.52,0.42,2023-12-25,553,N,VIIRS,n,2,294.39,3.01,D,0
20.16063,105.46329,330.86,0.53,0.42,2023-12-25,553,N,VIIRS,n,2,293.62,4.15,D,0
20.18583,105.03865,333.69,0.55,0.43,2023-12-25,553,N,VIIRS,n,2,288.16,6.63,D,0
20.27915,99.55797,336.96,0.4,0.6,2023-12-25,553,N,VIIRS,n,2,288.54,3.83,D,0
16.49508,97.70839,326.36,0.56,0.69,2023-12-25,732,N,VIIRS,n,2,286.75,2.71,D,0
16.49561,97.71383,325.49,0.56,0.69,2023-12-25,732,N,VIIRS,n,2,288.1,2.71,D,0
16.56261,97.87045,334.88,0.58,0.7,2023-12-25,732,N,VIIRS,n,2,291.28,3.45,D,0
16.56293,97.86866,325.69,0.58,0.7,2023-12-25,732,N,VIIRS,n,2,291.1,3.5,D,0
16.62337,97.81958,337.2,0.57,0.69,2023-12-25,732,N,VIIRS,n,2,291.08,5.34,D,0
19.43211,102.63802,299.36,0.44,0.46,2023-12-25,1822,N,VIIRS,n,2,280.5,0.48,N,0
19.56365,103.32047,299.61,0.4,0.44,2023-12-25,1822,N,VIIRS,n,2,278.21,0.3,N,0
16.55325,98.22549,307.99,0.39,0.59,2023-12-25,1823,N,VIIRS,n,2,289.12,1.35,N,0
16.55365,98.22175,313.57,0.39,0.59,2023-12-25,1823,N,VIIRS,n,2,289.25,1.91,N,0
16.65166,98.49606,298.27,0.37,0.58,2023-12-25,1823,N,VIIRS,n,2,286.35,0.36,N,0
16.70745,101.9671,301.61,0.45,0.47,2023-12-25,1823,N,VIIRS,n,2,277.9,0.43,N,0
16.98643,103.07958,302.21,0.38,0.43,2023-12-25,1823,N,VIIRS,n,2,284.71,0.62,N,0
16.99044,103.08017,298.64,0.38,0.43,2023-12-25,1823,N,VIIRS,n,2,282.47,0.62,N,0
17.63953,103.6731,299.09,0.54,0.42,2023-12-25,1823,N,VIIRS,n,2,285.11,0.67,N,0
18.13848,103.43752,297.76,0.57,0.43,2023-12-25,1823,N,VIIRS,n,2,284.3,0.59,N,0
18.30255,103.53375,295.41,0.56,0.43,2023-12-25,1823,N,VIIRS,n,2,284.84,0.32,N,0
18.42541,103.87048,327.97,0.54,0.42,2023-12-25,1823,N,VIIRS,n,2,284.34,2.69,N,0
18.45646,103.7539,296.08,0.55,0.43,2023-12-25,1823,N,VIIRS,n,2,286.06,0.87,N,0
18.55461,99.57175,300.34,0.34,0.56,2023-12-25,1823,N,VIIRS,n,2,286.65,0.51,N,0
18.93972,105.35217,319.77,0.46,0.39,2023-12-25,1823,N,VIIRS,n,2,286.8,2.59,N,2
12.6526,101.54975,303.13,0.42,0.45,2023-12-25,1824,N,VIIRS,n,2,287.64,1,N,0
12.65678,101.55035,312.66,0.42,0.45,2023-12-25,1824,N,VIIRS,n,2,287.32,1.8,N,0
12.65731,101.54647,319.75,0.42,0.45,2023-12-25,1824,N,VIIRS,n,2,288.76,1.8,N,0
13.58102,102.73683,307.73,0.55,0.42,2023-12-25,1824,N,VIIRS,n,2,283.51,3.54,N,0
13.58494,102.7374,308.52,0.55,0.42,2023-12-25,1824,N,VIIRS,n,2,283.52,3.13,N,0
15.25245,101.31062,299.65,0.47,0.48,2023-12-25,1824,N,VIIRS,n,2,280,1.78,N,0
10.58014,104.05563,298.75,0.44,0.38,2023-12-25,1825,N,VIIRS,n,2,267.96,0.51,N,0
10.58305,104.06026,295.82,0.44,0.38,2023-12-25,1825,N,VIIRS,n,2,265.57,0.59,N,0
10.64158,103.82092,336.38,0.66,0.73,2023-12-26,531,N,VIIRS,n,2,286.32,5.65,D,0
10.64242,103.81814,329.42,0.66,0.73,2023-12-26,531,N,VIIRS,n,2,286.26,4.21,D,0
10.64366,103.82425,327.62,0.66,0.73,2023-12-26,531,N,VIIRS,n,2,285.64,4.21,D,0
10.66631,103.83245,329.09,0.66,0.73,2023-12-26,531,N,VIIRS,n,2,285.14,3.54,D,0
10.67304,103.83112,331.56,0.66,0.73,2023-12-26,531,N,VIIRS,n,2,286.15,5.81,D,0
10.82572,104.19236,326.81,0.62,0.71,2023-12-26,531,N,VIIRS,n,2,287.86,3.59,D,0
10.84552,104.24987,341.24,0.61,0.71,2023-12-26,531,N,VIIRS,n,2,288.58,4.98,D,0
11.01083,103.31844,333.9,0.7,0.75,2023-12-26,531,N,VIIRS,n,2,287.09,7.28,D,0
11.01215,103.32492,333.43,0.7,0.75,2023-12-26,531,N,VIIRS,n,2,287.42,7.28,D,0
11.02677,103.39681,357.26,0.69,0.74,2023-12-26,531,N,VIIRS,l,2,288.03,17.19,D,0
11.02799,103.40282,353.23,0.69,0.74,2023-12-26,531,N,VIIRS,n,2,287.64,17.19,D,0
11.3548,103.18446,329.47,0.7,0.75,2023-12-26,531,N,VIIRS,n,2,286.63,9.11,D,0
11.36601,103.16881,334.79,0.71,0.75,2023-12-26,531,N,VIIRS,n,2,286.76,10.36,D,0
11.36733,103.1754,349.35,0.7,0.75,2023-12-26,531,N,VIIRS,n,2,286.52,10.36,D,0
11.55269,104.3087,337.81,0.59,0.7,2023-12-26,531,N,VIIRS,n,2,287.56,8.42,D,0
11.55378,104.31419,352.64,0.59,0.7,2023-12-26,531,N,VIIRS,n,2,289.2,14.64,D,0
11.55916,104.30752,356.53,0.59,0.7,2023-12-26,531,N,VIIRS,n,2,288.97,23.69,D,0
11.56026,104.3131,357.37,0.59,0.7,2023-12-26,531,N,VIIRS,l,2,289.41,30.62,D,0
11.68815,105.28471,333.14,0.51,0.66,2023-12-26,531,N,VIIRS,n,2,290.17,5.04,D,0
11.68862,105.28352,336.62,0.51,0.66,2023-12-26,531,N,VIIRS,n,2,290.46,3.96,D,0
11.35298,103.18245,343.97,0.7,0.75,2023-12-26,532,N,VIIRS,n,2,287.48,8,D,0
11.5591,104.30986,367,0.59,0.7,2023-12-26,532,N,VIIRS,h,2,290.83,34.22,D,0
11.56024,104.31538,330.54,0.59,0.7,2023-12-26,532,N,VIIRS,n,2,288.68,20.49,D,0
11.81519,105.12679,328.23,0.52,0.66,2023-12-26,532,N,VIIRS,n,2,290.94,2.44,D,0
12.04641,104.33154,331.64,0.58,0.69,2023-12-26,532,N,VIIRS,n,2,283.79,6.44,D,0
12.22841,105.58606,355.9,0.47,0.64,2023-12-26,532,N,VIIRS,n,2,291.41,8.05,D,0
12.22923,105.17406,331.96,0.5,0.66,2023-12-26,532,N,VIIRS,n,2,291.95,4.15,D,0
12.34115,103.23708,342.58,0.67,0.74,2023-12-26,532,N,VIIRS,n,2,278.26,6.27,D,0
12.34241,103.23468,329.32,0.67,0.74,2023-12-26,532,N,VIIRS,n,2,280.98,5.81,D,0
12.34372,103.24093,338.96,0.67,0.74,2023-12-26,532,N,VIIRS,n,2,281.45,5.81,D,0
12.92642,105.33899,342.95,0.48,0.64,2023-12-26,532,N,VIIRS,n,2,290.47,6.03,D,0
13.10809,105.07684,356.5,0.49,0.65,2023-12-26,532,N,VIIRS,n,2,295.31,21.33,D,0
13.109,105.08138,333.67,0.49,0.65,2023-12-26,532,N,VIIRS,n,2,289.26,21.33,D,0
13.1812,104.93359,331.42,0.5,0.66,2023-12-26,532,N,VIIRS,n,2,291.19,6.18,D,0
13.18631,104.92775,335.86,0.5,0.66,2023-12-26,532,N,VIIRS,n,2,292.05,13.36,D,0
13.18723,104.93238,367,0.5,0.66,2023-12-26,532,N,VIIRS,h,2,293.56,13.36,D,0
13.22531,105.09181,367,0.49,0.65,2023-12-26,532,N,VIIRS,h,2,291.9,12.71,D,0
13.22601,105.08746,338.02,0.49,0.65,2023-12-26,532,N,VIIRS,n,2,291.54,8.26,D,0
13.22696,105.09206,367,0.49,0.65,2023-12-26,532,N,VIIRS,h,2,292.8,16.74,D,0
13.23129,105.09064,329.57,0.49,0.65,2023-12-26,532,N,VIIRS,n,2,292.79,6.73,D,0
13.34026,104.87316,329.63,0.5,0.66,2023-12-26,532,N,VIIRS,n,2,289.85,2.15,D,0
13.44199,104.84602,327.93,0.5,0.66,2023-12-26,532,N,VIIRS,n,2,290.01,2.73,D,0
13.69035,103.42086,339.07,0.61,0.71,2023-12-26,532,N,VIIRS,n,2,285.71,6.21,D,0
13.6914,104.42357,336.7,0.53,0.67,2023-12-26,532,N,VIIRS,n,2,288.87,4.45,D,0
13.83912,104.46469,352.18,0.52,0.67,2023-12-26,532,N,VIIRS,n,2,288.56,9.94,D,0
15.29965,102.52013,338.04,0.65,0.73,2023-12-26,533,N,VIIRS,n,2,287.09,4.53,D,0
15.30098,102.51704,327.96,0.65,0.73,2023-12-26,533,N,VIIRS,n,2,286.81,5.86,D,0
15.67908,104.26102,335.52,0.5,0.66,2023-12-26,533,N,VIIRS,n,2,288.32,6.43,D,0
15.85193,103.93562,333.36,0.52,0.67,2023-12-26,533,N,VIIRS,n,2,289.83,4.06,D,0
15.85525,104.04052,347.33,0.51,0.66,2023-12-26,533,N,VIIRS,n,2,290.07,7.62,D,0
16.19778,103.53486,327.91,0.54,0.68,2023-12-26,533,N,VIIRS,n,2,288.54,2.38,D,0
16.22733,103.49072,337.01,0.54,0.68,2023-12-26,533,N,VIIRS,n,2,287.99,6.74,D,0
16.23171,103.49175,333.79,0.54,0.68,2023-12-26,533,N,VIIRS,n,2,284.42,4.06,D,0
16.23799,103.63132,355.53,0.53,0.67,2023-12-26,533,N,VIIRS,n,2,287.91,8.74,D,0
16.25951,103.10587,338.98,0.57,0.69,2023-12-26,533,N,VIIRS,n,2,289.36,4.32,D,0
16.26076,103.10785,329.61,0.57,0.69,2023-12-26,533,N,VIIRS,n,2,289.26,6.06,D,0
16.26891,103.5027,330.79,0.54,0.68,2023-12-26,533,N,VIIRS,n,2,286.35,3.49,D,0
16.49733,103.98189,344.61,0.5,0.66,2023-12-26,533,N,VIIRS,n,2,290.57,3.98,D,0
16.99453,102.82665,334.28,0.58,0.7,2023-12-26,533,N,VIIRS,n,2,291.94,2.91,D,0
17.32623,104.79696,334.41,0.43,0.62,2023-12-26,533,N,VIIRS,n,2,292.18,3.01,D,0
17.35417,104.95732,327.45,0.42,0.61,2023-12-26,533,N,VIIRS,n,2,291.75,2.36,D,0
17.53627,105.52255,367,0.38,0.59,2023-12-26,533,N,VIIRS,h,2,290.72,5.74,D,0
17.53963,105.52283,367,0.38,0.59,2023-12-26,533,N,VIIRS,h,2,292.88,12.44,D,0
17.54165,105.52146,333.17,0.38,0.59,2023-12-26,533,N,VIIRS,n,2,288.6,5.74,D,0
17.61653,104.71503,330.4,0.43,0.62,2023-12-26,533,N,VIIRS,n,2,291.6,6.58,D,0
17.61737,104.71902,367,0.43,0.62,2023-12-26,533,N,VIIRS,h,2,292.89,6.58,D,0
17.71996,104.63827,333.2,0.43,0.62,2023-12-26,533,N,VIIRS,n,2,294.86,3.36,D,0
17.8652,101.12976,330.59,0.71,0.75,2023-12-26,533,N,VIIRS,n,2,292.46,6.26,D,0
17.8873,104.4075,339.51,0.44,0.62,2023-12-26,533,N,VIIRS,n,2,294.43,4.76,D,0
17.96401,104.8488,326.27,0.41,0.61,2023-12-26,533,N,VIIRS,n,2,293.19,2.17,D,0
18.10006,104.58123,325.55,0.42,0.61,2023-12-26,533,N,VIIRS,n,2,295.45,1.78,D,0
18.10669,104.62231,340.54,0.42,0.61,2023-12-26,533,N,VIIRS,n,2,295.1,6.17,D,0
18.10755,104.62641,353.74,0.42,0.61,2023-12-26,533,N,VIIRS,n,2,295.36,6.17,D,0
18.10878,104.62153,338.09,0.42,0.61,2023-12-26,533,N,VIIRS,n,2,294.67,7.69,D,0
18.10967,104.62565,354.68,0.42,0.61,2023-12-26,533,N,VIIRS,n,2,294.71,7.69,D,0
18.11263,104.22366,327.71,0.45,0.63,2023-12-26,533,N,VIIRS,n,2,295.65,9.28,D,0
18.11748,104.21809,338.58,0.45,0.63,2023-12-26,533,N,VIIRS,n,2,294.79,10.12,D,0
18.11837,104.22232,367,0.45,0.63,2023-12-26,533,N,VIIRS,h,2,296.07,9.28,D,0
18.12592,104.22952,346.06,0.45,0.63,2023-12-26,533,N,VIIRS,n,2,295.22,7.92,D,0
18.12597,104.22772,345.96,0.45,0.63,2023-12-26,533,N,VIIRS,n,2,295.78,3.44,D,0
18.13171,104.2264,325.95,0.45,0.63,2023-12-26,533,N,VIIRS,n,2,294.34,3.44,D,0
18.13608,103.06808,325.27,0.53,0.67,2023-12-26,533,N,VIIRS,n,2,293.54,2.77,D,0
18.2315,102.73366,332.88,0.55,0.68,2023-12-26,533,N,VIIRS,n,2,293.12,4.21,D,0
18.23458,102.73325,332.94,0.55,0.68,2023-12-26,533,N,VIIRS,n,2,292.74,2.9,D,0
18.47845,103.6634,325.1,0.48,0.65,2023-12-26,533,N,VIIRS,n,2,294.21,1.27,D,0
18.64093,104.64451,327.47,0.41,0.61,2023-12-26,533,N,VIIRS,n,2,288.68,2.67,D,0
18.66169,103.78245,344.1,0.47,0.64,2023-12-26,533,N,VIIRS,n,2,293.95,5.08,D,0
18.7074,103.91191,327.19,0.46,0.63,2023-12-26,533,N,VIIRS,n,2,293.64,2.46,D,0
19.5904,105.60773,349.43,0.34,0.56,2023-12-26,534,N,VIIRS,n,2,292.2,4.78,D,0
19.5941,105.05177,367,0.37,0.58,2023-12-26,534,N,VIIRS,h,2,294.31,7.71,D,0
19.70234,105.54769,331.88,0.34,0.56,2023-12-26,534,N,VIIRS,n,2,293.15,2.13,D,0
19.70545,104.86825,333.97,0.38,0.59,2023-12-26,534,N,VIIRS,n,2,289.37,3.58,D,0
19.74444,104.70724,367,0.39,0.59,2023-12-26,534,N,VIIRS,h,2,290.74,11.42,D,0
19.7933,105.25391,342.75,0.36,0.57,2023-12-26,534,N,VIIRS,n,2,291.15,3.49,D,0
19.79631,105.44872,367,0.35,0.56,2023-12-26,534,N,VIIRS,h,2,294.12,6.53,D,0
19.80204,105.52879,332.65,0.34,0.56,2023-12-26,534,N,VIIRS,n,2,292.08,2.34,D,0
19.80874,105.35252,339.7,0.35,0.57,2023-12-26,534,N,VIIRS,n,2,291.44,2.76,D,0
20.11331,102.30864,336.89,0.54,0.68,2023-12-26,534,N,VIIRS,n,2,291.27,7.56,D,0
20.11768,102.30753,344.72,0.54,0.68,2023-12-26,534,N,VIIRS,n,2,291.21,4.8,D,0
20.13945,105.47314,331.41,0.34,0.56,2023-12-26,534,N,VIIRS,n,2,290.54,2.98,D,0
20.14231,105.4707,335.74,0.34,0.56,2023-12-26,534,N,VIIRS,n,2,291.52,2.68,D,0
20.26199,100.60668,332.42,0.68,0.74,2023-12-26,534,N,VIIRS,n,2,290.8,4.4,D,0
20.26222,100.60905,339.02,0.68,0.74,2023-12-26,534,N,VIIRS,n,2,291.47,6.84,D,0
10.56644,104.27793,330,0.63,0.72,2023-12-26,712,N,VIIRS,n,2,287.96,4.54,D,0
10.56883,103.66578,349.27,0.57,0.69,2023-12-26,712,N,VIIRS,n,2,287.36,11.28,D,0
10.5884,103.72232,331.02,0.58,0.7,2023-12-26,712,N,VIIRS,n,2,288.05,4.65,D,0
10.58885,103.72338,332.28,0.58,0.7,2023-12-26,712,N,VIIRS,n,2,288.21,4.81,D,0
10.64528,103.81609,327.36,0.59,0.7,2023-12-26,712,N,VIIRS,n,2,287.91,3.95,D,0
10.67336,103.82973,329.28,0.59,0.7,2023-12-26,712,N,VIIRS,n,2,288.4,4.4,D,0
10.73183,103.21297,333.92,0.54,0.68,2023-12-26,712,N,VIIRS,n,2,288.27,4.37,D,0
10.81908,103.72812,328.22,0.58,0.7,2023-12-26,712,N,VIIRS,n,2,288.86,4.15,D,0
10.81953,103.7265,328.13,0.58,0.7,2023-12-26,712,N,VIIRS,n,2,288.83,4.64,D,0
10.86504,103.84085,331.56,0.59,0.7,2023-12-26,712,N,VIIRS,n,2,287.77,7.2,D,0
10.90183,104.46674,326.99,0.65,0.73,2023-12-26,712,N,VIIRS,n,2,287.89,3.29,D,0
10.95729,103.72662,342.73,0.58,0.7,2023-12-26,712,N,VIIRS,n,2,290.75,7.66,D,0
10.96558,103.13803,332.7,0.53,0.67,2023-12-26,712,N,VIIRS,n,2,288.99,6.85,D,0
10.96622,103.14328,346.7,0.53,0.67,2023-12-26,712,N,VIIRS,n,2,288.92,6.85,D,0
10.97754,103.32834,329.32,0.55,0.68,2023-12-26,712,N,VIIRS,n,2,288.54,2.97,D,0
10.98151,103.37622,344.32,0.55,0.68,2023-12-26,712,N,VIIRS,n,2,290.87,9.47,D,0
10.98215,103.38152,367,0.55,0.68,2023-12-26,712,N,VIIRS,h,2,290.63,9.47,D,0
10.98338,103.37987,367,0.56,0.68,2023-12-26,712,N,VIIRS,h,2,291.06,18.87,D,0
10.99554,103.37303,367,0.55,0.68,2023-12-26,712,N,VIIRS,h,2,291.55,17.84,D,0
11.00003,103.3688,356.43,0.55,0.68,2023-12-26,712,N,VIIRS,n,2,290.03,14.97,D,0
11.00064,103.37389,367,0.55,0.68,2023-12-26,712,N,VIIRS,h,2,291.67,27.28,D,0
11.00192,103.3723,367,0.55,0.68,2023-12-26,712,N,VIIRS,h,2,290.37,16.07,D,0
11.00879,103.31966,337.53,0.55,0.68,2023-12-26,712,N,VIIRS,n,2,289.29,9.2,D,0
11.00939,103.32487,367,0.55,0.68,2023-12-26,712,N,VIIRS,h,2,290.68,33.05,D,0
11.01517,103.31902,330.82,0.55,0.68,2023-12-26,712,N,VIIRS,n,2,289.03,9.2,D,0
11.02409,103.39616,340.85,0.56,0.69,2023-12-26,712,N,VIIRS,n,2,290.62,7.31,D,0
11.02472,103.40162,339.89,0.56,0.69,2023-12-26,712,N,VIIRS,n,2,290.07,7.31,D,0
11.24265,103.58013,327.93,0.58,0.69,2023-12-26,712,N,VIIRS,n,2,289.63,5.94,D,0
11.61252,103.88838,353.76,0.61,0.71,2023-12-26,712,N,VIIRS,n,2,289.17,11.42,D,0
11.62922,103.85795,331.34,0.61,0.71,2023-12-26,712,N,VIIRS,n,2,287.66,4.4,D,0
11.65776,103.87277,350.06,0.61,0.71,2023-12-26,712,N,VIIRS,n,2,288.67,7.73,D,0
11.6613,103.86861,328.28,0.61,0.71,2023-12-26,712,N,VIIRS,n,2,287.68,5.59,D,0
11.66193,103.87441,337.92,0.61,0.71,2023-12-26,712,N,VIIRS,n,2,288.09,10.55,D,0
11.69896,103.90568,340.82,0.61,0.71,2023-12-26,712,N,VIIRS,n,2,289.15,7.39,D,0
11.70234,103.90921,334.57,0.61,0.71,2023-12-26,712,N,VIIRS,n,2,288.27,8.28,D,0
11.77425,104.09502,348.91,0.63,0.72,2023-12-26,712,N,VIIRS,n,2,289.3,8.29,D,0
11.77557,104.10669,352,0.63,0.72,2023-12-26,712,N,VIIRS,n,2,289.05,16.71,D,0
11.77696,104.09235,345.3,0.63,0.72,2023-12-26,712,N,VIIRS,n,2,288.73,17.71,D,0
11.7782,104.10401,352.94,0.63,0.72,2023-12-26,712,N,VIIRS,n,2,289.72,17.77,D,0
11.81381,105.12841,328.89,0.74,0.76,2023-12-26,712,N,VIIRS,n,2,286.78,5.15,D,0
11.81635,105.12511,335.32,0.74,0.76,2023-12-26,712,N,VIIRS,n,2,286.96,6.29,D,0
12.21744,105.13274,330.73,0.75,0.77,2023-12-26,712,N,VIIRS,n,2,287.42,7.46,D,0
12.21944,105.12984,339.86,0.75,0.77,2023-12-26,712,N,VIIRS,n,2,287.43,7.22,D,0
13.10562,105.07501,341.9,0.76,0.77,2023-12-26,712,N,VIIRS,n,2,283.77,6.46,D,0
13.16789,104.97369,346.53,0.75,0.77,2023-12-26,712,N,VIIRS,n,2,287.16,9.44,D,0
13.17063,104.97229,352.32,0.75,0.77,2023-12-26,712,N,VIIRS,n,2,285.93,9.38,D,0
13.17509,104.97305,328.6,0.75,0.77,2023-12-26,712,N,VIIRS,n,2,286.14,6.03,D,0
13.22645,105.09177,330.54,0.77,0.77,2023-12-26,712,N,VIIRS,n,2,285.65,6.88,D,0
13.86958,99.25973,335.24,0.32,0.55,2023-12-26,713,N,VIIRS,n,2,291.71,1.54,D,0
14.06601,101.32611,336.36,0.44,0.63,2023-12-26,713,N,VIIRS,n,2,290.86,7.51,D,0
14.06647,101.33031,346.01,0.44,0.63,2023-12-26,713,N,VIIRS,n,2,291.67,7.51,D,0
14.07184,101.32546,367,0.44,0.63,2023-12-26,713,N,VIIRS,h,2,291.85,7.51,D,0
14.07231,101.32966,348.41,0.44,0.63,2023-12-26,713,N,VIIRS,n,2,291.05,7.51,D,0
14.14548,101.14473,338.17,0.43,0.62,2023-12-26,713,N,VIIRS,n,2,290.25,6.24,D,0
14.22576,100.51268,356.68,0.39,0.6,2023-12-26,713,N,VIIRS,n,2,290.6,5.94,D,0
14.49792,100.21397,328.7,0.38,0.59,2023-12-26,713,N,VIIRS,n,2,288.45,1.76,D,0
14.79819,99.74319,334.86,0.36,0.57,2023-12-26,713,N,VIIRS,n,2,294.36,2.74,D,0
14.79975,99.74339,334.34,0.36,0.57,2023-12-26,713,N,VIIRS,n,2,294.82,2.63,D,0
14.80349,99.74257,341.17,0.36,0.57,2023-12-26,713,N,VIIRS,n,2,294.86,2.74,D,0
14.80505,99.74277,335.93,0.36,0.57,2023-12-26,713,N,VIIRS,n,2,295.57,2.63,D,0
14.88385,100.26933,367,0.39,0.59,2023-12-26,713,N,VIIRS,h,2,294.35,10.45,D,0
15.01976,99.7308,340.16,0.36,0.57,2023-12-26,713,N,VIIRS,n,2,294.33,3.48,D,0
15.06518,100.09245,367,0.38,0.59,2023-12-26,713,N,VIIRS,h,2,296.53,13.8,D,0
15.07879,99.6362,339.08,0.35,0.57,2023-12-26,713,N,VIIRS,n,2,293.76,2.93,D,0
15.07916,99.63936,332.74,0.35,0.57,2023-12-26,713,N,VIIRS,n,2,293.06,2.93,D,0
15.07955,99.64271,337.96,0.35,0.57,2023-12-26,713,N,VIIRS,n,2,293.37,2.9,D,0
15.07995,99.64616,331.01,0.35,0.57,2023-12-26,713,N,VIIRS,n,2,293.97,2.9,D,0
15.10031,100.01276,335.83,0.37,0.58,2023-12-26,713,N,VIIRS,n,2,292.67,2.53,D,0
15.22963,100.16785,335.43,0.38,0.59,2023-12-26,713,N,VIIRS,n,2,293.45,2.74,D,0
15.52465,100.31944,335.06,0.4,0.6,2023-12-26,713,N,VIIRS,n,2,296.76,4.31,D,0
15.53907,101.00198,367,0.44,0.62,2023-12-26,713,N,VIIRS,h,2,293.85,6.24,D,0
15.5704,98.55965,328.77,0.61,0.53,2023-12-26,713,N,VIIRS,n,2,293.4,3.02,D,0
15.94196,100.42415,339.53,0.41,0.6,2023-12-26,713,N,VIIRS,n,2,294.99,4.89,D,0
15.9734,100.03905,332.14,0.38,0.59,2023-12-26,713,N,VIIRS,n,2,292.61,3.15,D,0
16.08035,100.2493,331.53,0.4,0.6,2023-12-26,713,N,VIIRS,n,2,293.11,1.98,D,0
16.21813,99.43027,329.54,0.35,0.57,2023-12-26,713,N,VIIRS,n,2,294.5,1.37,D,0
16.31522,100.10132,333.66,0.39,0.59,2023-12-26,713,N,VIIRS,n,2,294.62,2.2,D,0
16.35002,100.31307,334.39,0.41,0.6,2023-12-26,713,N,VIIRS,n,2,293.74,2.44,D,0
16.3531,100.31142,331.05,0.41,0.6,2023-12-26,713,N,VIIRS,n,2,293.47,2.31,D,0
16.42261,100.06859,334.95,0.39,0.59,2023-12-26,713,N,VIIRS,n,2,292.64,3.27,D,0
16.42288,100.06906,330.3,0.39,0.59,2023-12-26,713,N,VIIRS,n,2,292.3,3.05,D,0
16.47918,98.70137,335.56,0.32,0.54,2023-12-26,713,N,VIIRS,n,2,295.52,3.25,D,0
16.47834,98.70259,342.01,0.32,0.54,2023-12-26,714,N,VIIRS,n,2,294.49,2.97,D,0
16.55017,97.78845,344.31,0.56,0.51,2023-12-26,714,N,VIIRS,n,2,299.29,8.96,D,0
16.55079,97.79372,329.86,0.56,0.51,2023-12-26,714,N,VIIRS,n,2,297.97,6.88,D,0
16.57073,97.83958,346.65,0.56,0.51,2023-12-26,714,N,VIIRS,n,2,297.96,8.61,D,0
16.94412,102.45004,333.35,0.57,0.69,2023-12-26,714,N,VIIRS,n,2,292.18,5.42,D,0
16.94833,99.12627,329,0.34,0.56,2023-12-26,714,N,VIIRS,n,2,295.73,2.41,D,0
17.00603,101.25459,327.89,0.48,0.64,2023-12-26,714,N,VIIRS,n,2,295.21,2.47,D,0
17.05906,99.81799,352.83,0.38,0.59,2023-12-26,714,N,VIIRS,n,2,296.31,4.31,D,0
17.10125,98.78876,345.09,0.33,0.55,2023-12-26,714,N,VIIRS,n,2,294.97,3.03,D,0
17.16457,99.55768,327.48,0.37,0.58,2023-12-26,714,N,VIIRS,n,2,294.33,1.79,D,0
17.34691,103.80849,327.95,0.7,0.75,2023-12-26,714,N,VIIRS,n,2,290.08,6.98,D,0
17.63642,102.01779,338.54,0.54,0.68,2023-12-26,714,N,VIIRS,n,2,291.75,4.56,D,0
17.80402,100.92649,327.64,0.46,0.64,2023-12-26,714,N,VIIRS,n,2,292.67,2.93,D,0
17.86588,101.12738,340.73,0.48,0.65,2023-12-26,714,N,VIIRS,n,2,297.29,5.6,D,0
17.92264,99.88028,328.79,0.4,0.6,2023-12-26,714,N,VIIRS,n,2,293.1,2.03,D,0
18.15286,102.89874,328.98,0.63,0.72,2023-12-26,714,N,VIIRS,n,2,291.54,2.76,D,0
18.32869,98.94984,327.78,0.35,0.57,2023-12-26,714,N,VIIRS,n,2,293.54,1.73,D,0
18.35646,101.20815,329.11,0.49,0.65,2023-12-26,714,N,VIIRS,n,2,291.93,5.46,D,0
18.38611,103.21205,326.91,0.66,0.73,2023-12-26,714,N,VIIRS,n,2,293.04,7.48,D,0
18.38666,103.20685,338.52,0.66,0.73,2023-12-26,714,N,VIIRS,n,2,292.79,5.86,D,0
18.45271,101.57122,367,0.52,0.67,2023-12-26,714,N,VIIRS,h,2,297.69,32.24,D,0
18.45715,101.56804,349.25,0.52,0.67,2023-12-26,714,N,VIIRS,n,2,294.74,31.28,D,0
18.45759,101.573,349.72,0.52,0.67,2023-12-26,714,N,VIIRS,n,2,292.37,30.9,D,0
18.45896,101.57089,340.43,0.52,0.67,2023-12-26,714,N,VIIRS,n,2,292.17,7.44,D,0
18.47607,104.01671,329.16,0.75,0.77,2023-12-26,714,N,VIIRS,n,2,293.51,5.08,D,0
18.47927,104.01894,333.82,0.75,0.77,2023-12-26,714,N,VIIRS,n,2,292.97,5.53,D,0
18.52388,102.41875,351.5,0.59,0.7,2023-12-26,714,N,VIIRS,n,2,293.92,12.73,D,0
18.52444,102.41521,341.43,0.59,0.7,2023-12-26,714,N,VIIRS,n,2,292.55,6.67,D,0
18.52496,102.42104,333.51,0.59,0.7,2023-12-26,714,N,VIIRS,n,2,292.72,6.67,D,0
18.73861,97.90926,326.75,0.6,0.53,2023-12-26,714,N,VIIRS,n,2,296.6,2.21,D,0
18.81734,103.6351,332.35,0.71,0.75,2023-12-26,714,N,VIIRS,n,2,293.06,11.83,D,0
18.81778,103.64038,367,0.71,0.75,2023-12-26,714,N,VIIRS,h,2,292.97,11.83,D,0
18.8217,101.73756,355.92,0.54,0.68,2023-12-26,714,N,VIIRS,n,2,293.18,14.46,D,0
18.82215,101.74232,367,0.54,0.68,2023-12-26,714,N,VIIRS,h,2,294.05,14.46,D,0
18.82428,101.73583,341.6,0.54,0.68,2023-12-26,714,N,VIIRS,n,2,292.89,18.45,D,0
18.82434,103.63383,331.1,0.71,0.75,2023-12-26,714,N,VIIRS,n,2,291.51,5.85,D,0
18.8247,101.74058,367,0.54,0.68,2023-12-26,714,N,VIIRS,h,2,296.12,35.32,D,0
18.8248,103.63951,328.99,0.71,0.75,2023-12-26,714,N,VIIRS,n,2,290.25,5.85,D,0
18.84411,101.74398,330.39,0.54,0.68,2023-12-26,714,N,VIIRS,n,2,291.49,6.35,D,0
18.85042,101.74335,349.19,0.54,0.68,2023-12-26,714,N,VIIRS,n,2,293.23,6.35,D,0
18.8976,98.44955,325.15,0.33,0.55,2023-12-26,714,N,VIIRS,n,2,291.76,2.61,D,0
18.98025,98.25725,330.93,0.32,0.55,2023-12-26,714,N,VIIRS,n,2,292.98,2.05,D,0
19.20891,98.18157,326.56,0.32,0.55,2023-12-26,714,N,VIIRS,n,2,293.34,3.38,D,0
19.55929,99.86461,328.2,0.42,0.61,2023-12-26,714,N,VIIRS,n,2,295.59,2.37,D,0
19.56228,99.86429,331.56,0.41,0.61,2023-12-26,714,N,VIIRS,n,2,295.33,2.64,D,0
19.56991,100.11724,325.79,0.43,0.62,2023-12-26,714,N,VIIRS,l,2,297.17,3.62,D,0
19.57032,100.12144,326.44,0.43,0.62,2023-12-26,714,N,VIIRS,l,2,296.63,3.13,D,0
19.64726,98.99536,327.15,0.37,0.58,2023-12-26,714,N,VIIRS,n,2,296.3,3.07,D,0
19.91072,99.5174,338.6,0.4,0.6,2023-12-26,714,N,VIIRS,n,2,294.57,5.49,D,0
19.92121,99.45289,326.17,0.39,0.6,2023-12-26,714,N,VIIRS,n,2,292.76,2.58,D,0
19.92887,100.5004,340.67,0.46,0.64,2023-12-26,714,N,VIIRS,n,2,292.83,3.83,D,0
20.01901,99.96438,329.41,0.43,0.62,2023-12-26,714,N,VIIRS,n,2,293.75,1.86,D,0
20.1834,99.68194,329.42,0.41,0.61,2023-12-26,714,N,VIIRS,n,2,292.41,2.74,D,0
20.19239,100.1345,332.51,0.44,0.62,2023-12-26,714,N,VIIRS,n,2,294.44,2.67,D,0
20.18664,99.68217,326.27,0.41,0.61,2023-12-26,715,N,VIIRS,n,2,291.32,2.27,D,0
20.29389,100.09058,327.61,0.44,0.62,2023-12-26,715,N,VIIRS,n,2,294.76,2.22,D,0
20.37916,97.96546,340.13,0.32,0.55,2023-12-26,715,N,VIIRS,n,2,296.91,2.95,D,0
20.40961,98.01156,335.69,0.32,0.55,2023-12-26,715,N,VIIRS,n,2,297.86,3.32,D,0
16.67462,103.05677,297.93,0.39,0.59,2023-12-26,1804,N,VIIRS,n,2,285.71,0.57,N,0
16.68755,104.90049,334.75,0.58,0.52,2023-12-26,1804,N,VIIRS,n,2,286.69,6.98,N,0
16.69241,104.9011,300.19,0.58,0.52,2023-12-26,1804,N,VIIRS,n,2,285.74,2.6,N,0
16.81561,103.79448,301.68,0.35,0.56,2023-12-26,1804,N,VIIRS,n,2,286.73,0.44,N,0
16.81983,103.00625,299.38,0.39,0.59,2023-12-26,1804,N,VIIRS,n,2,286,2.44,N,0
16.82025,103.00248,342.16,0.39,0.59,2023-12-26,1804,N,VIIRS,n,2,287.04,5.37,N,0
16.83565,104.80322,298.91,0.59,0.53,2023-12-26,1804,N,VIIRS,n,2,286.48,0.99,N,0
16.83994,104.9121,300.38,0.59,0.53,2023-12-26,1804,N,VIIRS,n,2,286.3,1.32,N,0
16.84236,104.91189,307.41,0.59,0.52,2023-12-26,1804,N,VIIRS,n,2,286.38,1.59,N,0
16.8448,104.91272,301.93,0.59,0.53,2023-12-26,1804,N,VIIRS,n,2,286.4,1.12,N,0
16.92432,105.06496,296.07,0.57,0.52,2023-12-26,1804,N,VIIRS,n,2,281.64,0.4,N,0
16.92463,105.06937,310.49,0.57,0.52,2023-12-26,1804,N,VIIRS,n,2,284.2,1.57,N,0
16.94975,101.82449,298.97,0.47,0.64,2023-12-26,1804,N,VIIRS,n,2,285.16,0.32,N,0
16.96499,102.94667,306.16,0.4,0.6,2023-12-26,1804,N,VIIRS,n,2,285.35,0.79,N,0
16.96544,102.94962,296.15,0.4,0.6,2023-12-26,1804,N,VIIRS,n,2,285.65,0.99,N,0
16.97363,102.3483,295.58,0.43,0.62,2023-12-26,1804,N,VIIRS,n,2,285.27,0.39,N,0
16.97372,102.91711,298.7,0.4,0.6,2023-12-26,1804,N,VIIRS,n,2,285.55,0.42,N,0
16.98363,103.3399,298.77,0.37,0.58,2023-12-26,1804,N,VIIRS,n,2,285.64,0.41,N,0
16.99829,102.95088,305.43,0.4,0.6,2023-12-26,1804,N,VIIRS,n,2,285.64,0.86,N,0
17.0552,102.00815,299.77,0.46,0.63,2023-12-26,1804,N,VIIRS,n,2,286.08,1.75,N,0
17.05565,102.00358,311.24,0.46,0.63,2023-12-26,1804,N,VIIRS,n,2,285.33,2.2,N,0
17.05699,102.00837,304.12,0.46,0.63,2023-12-26,1804,N,VIIRS,n,2,286.05,1.97,N,0
17.05748,102.00384,304.31,0.46,0.63,2023-12-26,1804,N,VIIRS,n,2,285.37,2.04,N,0
17.08157,104.39457,298.85,0.32,0.54,2023-12-26,1804,N,VIIRS,n,2,285.71,0.33,N,0
17.09536,103.18435,343.41,0.38,0.59,2023-12-26,1804,N,VIIRS,n,2,286.34,3.65,N,0
17.09577,103.18061,320.7,0.38,0.59,2023-12-26,1804,N,VIIRS,n,2,285.8,3.65,N,0
17.21696,101.92132,297.61,0.47,0.64,2023-12-26,1804,N,VIIRS,n,2,284.48,0.86,N,0
17.332,104.20223,300.45,0.33,0.55,2023-12-26,1804,N,VIIRS,n,2,285.25,0.69,N,0
17.33236,104.19908,303.1,0.33,0.55,2023-12-26,1804,N,VIIRS,n,2,285.38,1.03,N,0
17.75392,102.85586,296.85,0.41,0.61,2023-12-26,1804,N,VIIRS,n,2,281.17,0.84,N,0
18.17343,102.99607,301.24,0.41,0.6,2023-12-26,1804,N,VIIRS,n,2,287.13,0.73,N,0
18.3518,103.8546,299.37,0.36,0.57,2023-12-26,1804,N,VIIRS,n,2,284.68,0.37,N,0
18.35712,103.85527,299.69,0.36,0.57,2023-12-26,1804,N,VIIRS,n,2,285.25,0.37,N,0
18.45615,103.74001,302.73,0.37,0.58,2023-12-26,1804,N,VIIRS,n,2,286.43,0.52,N,0
18.45855,103.7392,300.31,0.37,0.58,2023-12-26,1804,N,VIIRS,n,2,286.51,0.38,N,0
18.54449,103.74972,300.01,0.37,0.58,2023-12-26,1804,N,VIIRS,n,2,286.06,0.67,N,0
18.71824,103.75005,296.87,0.37,0.58,2023-12-26,1804,N,VIIRS,n,2,284.1,0.34,N,0
19.34716,99.00821,296.33,0.76,0.77,2023-12-26,1804,N,VIIRS,n,2,284.56,0.46,N,0
13.10077,105.07288,318.51,0.51,0.49,2023-12-26,1805,N,VIIRS,n,2,287.81,1.89,N,0
13.10534,105.07352,304.76,0.51,0.49,2023-12-26,1805,N,VIIRS,n,2,288.2,1.89,N,0
13.1792,104.97179,306.9,0.52,0.5,2023-12-26,1805,N,VIIRS,n,2,287.53,1.97,N,0
13.17965,104.93251,314.97,0.52,0.5,2023-12-26,1805,N,VIIRS,n,2,287.56,2.14,N,0
13.18363,104.938,328.45,0.52,0.5,2023-12-26,1805,N,VIIRS,n,2,287.42,11,N,0
13.18427,104.93317,354.42,0.52,0.5,2023-12-26,1805,N,VIIRS,n,2,291.19,11,N,0
13.1849,104.92831,314.19,0.52,0.5,2023-12-26,1805,N,VIIRS,n,2,287.96,2.36,N,0
13.19016,104.92411,306.01,0.52,0.5,2023-12-26,1805,N,VIIRS,n,2,287.54,2.36,N,0
13.21139,104.96775,318.71,0.52,0.5,2023-12-26,1805,N,VIIRS,n,2,287.41,4.98,N,0
13.21211,104.97118,330.54,0.52,0.5,2023-12-26,1805,N,VIIRS,n,2,287.66,4.34,N,0
13.21274,104.96645,322.93,0.52,0.5,2023-12-26,1805,N,VIIRS,n,2,287.55,4.34,N,0
13.216,104.96839,341.82,0.52,0.5,2023-12-26,1805,N,VIIRS,n,2,288.47,4.98,N,0
13.22431,105.08678,321.1,0.51,0.49,2023-12-26,1805,N,VIIRS,n,2,288.28,2.47,N,0
13.22887,105.08746,317.16,0.51,0.49,2023-12-26,1805,N,VIIRS,n,2,288.69,2.47,N,0
13.23565,104.96138,317.81,0.52,0.5,2023-12-26,1805,N,VIIRS,n,2,287.72,2.24,N,0
13.65254,105.50961,304.81,0.49,0.48,2023-12-26,1805,N,VIIRS,n,2,287.5,0.9,N,0
14.53358,100.45864,299.03,0.54,0.68,2023-12-26,1805,N,VIIRS,n,2,284.55,0.54,N,2
14.56815,100.76353,302.15,0.52,0.66,2023-12-26,1805,N,VIIRS,n,2,287.86,1.02,N,2
14.56988,100.76321,302.49,0.52,0.66,2023-12-26,1805,N,VIIRS,n,2,287.73,1.08,N,2
14.63367,101.07497,311.37,0.49,0.65,2023-12-26,1805,N,VIIRS,n,2,288.21,1.92,N,2
14.63435,101.07726,308.82,0.49,0.65,2023-12-26,1805,N,VIIRS,n,2,288.34,1.48,N,2
14.64198,101.12128,300.15,0.49,0.65,2023-12-26,1805,N,VIIRS,n,2,287.74,0.88,N,0
14.67072,100.80105,303.68,0.51,0.66,2023-12-26,1805,N,VIIRS,n,2,288.33,1.46,N,2
14.73749,101.03667,298.7,0.5,0.66,2023-12-26,1805,N,VIIRS,n,2,286.93,0.55,N,0
14.96871,104.51878,305.17,0.59,0.53,2023-12-26,1805,N,VIIRS,n,2,285.96,1.82,N,0
14.97054,104.52411,300.39,0.59,0.53,2023-12-26,1805,N,VIIRS,n,2,283.21,2.12,N,0
15.02542,100.77628,297.13,0.52,0.67,2023-12-26,1805,N,VIIRS,n,2,284.12,1.02,N,0
15.11202,99.67905,300.69,0.62,0.71,2023-12-26,1805,N,VIIRS,n,2,286.64,0.6,N,0
15.34353,101.16483,307.66,0.5,0.65,2023-12-26,1805,N,VIIRS,n,2,286.54,0.81,N,0
15.34354,101.16542,301.96,0.5,0.65,2023-12-26,1805,N,VIIRS,n,2,285.94,1.06,N,0
15.6126,101.90961,304.93,0.45,0.63,2023-12-26,1805,N,VIIRS,n,2,285.93,0.85,N,0
15.64477,101.4672,303.43,0.48,0.64,2023-12-26,1805,N,VIIRS,n,2,285.57,0.88,N,0
15.64683,101.46959,320.84,0.48,0.65,2023-12-26,1805,N,VIIRS,n,2,285.3,1.98,N,0
15.6508,101.4677,298.57,0.48,0.64,2023-12-26,1805,N,VIIRS,n,2,285.16,0.88,N,0
15.82166,101.38649,299.17,0.49,0.65,2023-12-26,1805,N,VIIRS,n,2,284.46,0.88,N,0
15.9395,102.95148,296.75,0.38,0.59,2023-12-26,1805,N,VIIRS,n,2,285.78,0.23,N,0
16.02621,103.07265,299.45,0.38,0.59,2023-12-26,1805,N,VIIRS,n,2,285.92,0.34,N,0
10.96757,103.14096,309.02,0.32,0.55,2023-12-26,1806,N,VIIRS,n,2,288.61,0.57,N,0
10.98223,103.37883,305.19,0.62,0.54,2023-12-26,1806,N,VIIRS,n,2,288.39,1.64,N,0
11.02556,103.3965,297.95,0.62,0.54,2023-12-26,1806,N,VIIRS,n,2,280.2,0.6,N,0
11.1973,103.86236,311.45,0.58,0.52,2023-12-26,1806,N,VIIRS,n,2,288.97,2.03,N,0
11.20021,103.865,310.47,0.58,0.52,2023-12-26,1806,N,VIIRS,n,2,288.53,1.2,N,0
11.3302,103.55155,300.85,0.61,0.53,2023-12-26,1806,N,VIIRS,n,2,287.74,0.64,N,0
11.34103,104.58322,304.5,0.52,0.5,2023-12-26,1806,N,VIIRS,n,2,289.11,0.76,N,0
11.46521,103.21865,304.41,0.32,0.55,2023-12-26,1806,N,VIIRS,n,2,288.18,0.78,N,0
12.21318,102.72892,299.93,0.36,0.57,2023-12-26,1806,N,VIIRS,n,2,283.6,0.7,N,0
12.21463,102.72961,299.35,0.36,0.57,2023-12-26,1806,N,VIIRS,n,2,283.7,0.41,N,0
12.46689,103.31298,299.04,0.33,0.55,2023-12-26,1806,N,VIIRS,n,2,286.44,0.31,N,0
19.53602,98.27,299.64,0.39,0.59,2023-12-26,1944,N,VIIRS,n,2,284.94,0.98,N,0
14.67717,100.84839,303.56,0.71,0.75,2023-12-26,1945,N,VIIRS,n,2,287.5,1.71,N,0
14.67765,100.84912,303.65,0.71,0.75,2023-12-26,1945,N,VIIRS,n,2,287.54,1.67,N,2
15.86109,97.79458,316.36,0.43,0.62,2023-12-26,1945,N,VIIRS,n,2,289.73,2.69,N,0
16.27065,99.43401,310.92,0.54,0.68,2023-12-26,1945,N,VIIRS,n,2,286.62,1.81,N,0
16.416,97.72436,300.64,0.41,0.61,2023-12-26,1945,N,VIIRS,n,2,288.51,0.86,N,0
16.85591,98.52023,307.54,0.46,0.63,2023-12-26,1945,N,VIIRS,n,2,286.82,1.38,N,0
16.85889,98.5346,313.12,0.46,0.63,2023-12-26,1945,N,VIIRS,n,2,286.93,1.75,N,0
16.8617,98.52152,310.41,0.46,0.63,2023-12-26,1945,N,VIIRS,n,2,285.91,0.9,N,0
16.87045,98.53738,303.44,0.46,0.63,2023-12-26,1945,N,VIIRS,n,2,286.09,0.42,N,0
16.94676,98.57484,314.07,0.46,0.63,2023-12-26,1945,N,VIIRS,n,2,282.56,1.73,N,0
17.20688,98.37271,299.13,0.44,0.62,2023-12-26,1945,N,VIIRS,n,2,286.59,0.22,N,0
18.08673,97.91376,297.79,0.4,0.6,2023-12-26,1945,N,VIIRS,n,2,285.51,0.82,N,0
13.82896,98.26152,308.13,0.5,0.66,2023-12-26,1946,N,VIIRS,n,2,287.17,0.96,N,0
13.82903,98.25998,300.06,0.5,0.66,2023-12-26,1946,N,VIIRS,n,2,287.32,1.29,N,0
19.07478,105.35281,356.81,0.72,0.76,2023-12-27,515,N,VIIRS,l,2,288.9,12.3,D,0
19.07618,105.35859,337.23,0.72,0.76,2023-12-27,515,N,VIIRS,n,2,288.24,12.3,D,0
19.07627,105.35355,367,0.72,0.76,2023-12-27,515,N,VIIRS,h,2,290.41,16.84,D,0
20.19795,105.53137,326.88,0.67,0.73,2023-12-27,515,N,VIIRS,n,2,290.41,4.01,D,0
10.66737,103.80669,341.49,0.56,0.52,2023-12-27,653,N,VIIRS,n,2,294.87,5.91,D,0
10.66997,103.82423,342.9,0.56,0.52,2023-12-27,653,N,VIIRS,n,2,295.72,10.54,D,0
10.66999,103.82751,342.18,0.56,0.52,2023-12-27,653,N,VIIRS,n,2,295.81,7.99,D,0
10.77412,105.2272,335.92,0.35,0.57,2023-12-27,653,N,VIIRS,n,2,291.9,3.45,D,0
10.82969,103.74569,344.22,0.56,0.51,2023-12-27,653,N,VIIRS,n,2,294.76,8.07,D,0
10.83447,103.74509,338.92,0.56,0.51,2023-12-27,653,N,VIIRS,n,2,295.36,10.04,D,0
10.92413,103.36236,331.61,0.53,0.5,2023-12-27,653,N,VIIRS,n,2,296.22,3.06,D,0
10.92741,103.36372,334.43,0.53,0.5,2023-12-27,653,N,VIIRS,n,2,298.92,5.8,D,0
10.92877,103.36165,329.06,0.53,0.5,2023-12-27,653,N,VIIRS,l,2,300.13,3.67,D,0
10.94794,104.34754,340.22,0.62,0.54,2023-12-27,653,N,VIIRS,n,2,293.76,9.74,D,0
10.94842,104.35029,342.81,0.62,0.54,2023-12-27,653,N,VIIRS,n,2,294.91,7.67,D,0
10.96308,103.38361,352.22,0.53,0.5,2023-12-27,653,N,VIIRS,n,2,299.3,13.79,D,0
10.97647,103.37729,333.59,0.53,0.5,2023-12-27,653,N,VIIRS,n,2,298.95,7.73,D,0
10.98113,103.37666,349.3,0.53,0.5,2023-12-27,653,N,VIIRS,n,2,301.69,15.77,D,0
10.98178,103.38163,342.77,0.53,0.5,2023-12-27,653,N,VIIRS,n,2,298.58,8.98,D,0
10.98685,103.31174,337.1,0.53,0.5,2023-12-27,653,N,VIIRS,n,2,295.49,8.68,D,0
10.98736,103.76421,335.58,0.56,0.52,2023-12-27,653,N,VIIRS,n,2,296.48,3,D,0
10.98749,103.31657,341.47,0.53,0.5,2023-12-27,653,N,VIIRS,n,2,296.72,8.68,D,0
10.98769,103.76674,341.32,0.56,0.52,2023-12-27,653,N,VIIRS,n,2,296.48,5.74,D,0
10.99228,103.28128,338.72,0.52,0.5,2023-12-27,653,N,VIIRS,n,2,299.19,7.16,D,0
11.01198,103.32328,351.52,0.53,0.5,2023-12-27,653,N,VIIRS,n,2,301.87,22.69,D,0
11.01663,103.3227,350.65,0.53,0.5,2023-12-27,653,N,VIIRS,n,2,298.42,22.69,D,0
11.02187,103.30481,352.73,0.53,0.5,2023-12-27,653,N,VIIRS,n,2,298.07,12.22,D,0
11.02248,103.30968,344.73,0.53,0.5,2023-12-27,653,N,VIIRS,n,2,297.39,12.09,D,0
11.02331,103.30205,353.36,0.53,0.5,2023-12-27,653,N,VIIRS,n,2,296.84,15.23,D,0
11.02396,103.30692,367,0.53,0.5,2023-12-27,653,N,VIIRS,h,2,298.05,20.62,D,0
11.02588,103.29923,331.37,0.53,0.5,2023-12-27,653,N,VIIRS,n,2,293.96,12.22,D,0
11.0265,103.30414,351.48,0.53,0.5,2023-12-27,653,N,VIIRS,n,2,295.38,12.22,D,0
11.02712,103.30904,347.89,0.53,0.5,2023-12-27,653,N,VIIRS,n,2,297.67,12.09,D,0
11.02859,103.30623,357.59,0.53,0.5,2023-12-27,653,N,VIIRS,n,2,296.64,10.75,D,0
11.02925,103.31115,335.87,0.53,0.5,2023-12-27,653,N,VIIRS,n,2,297.3,10.75,D,0
11.03682,98.79556,344.35,0.43,0.38,2023-12-27,653,N,VIIRS,n,2,296.06,6.91,D,0
11.03782,103.33979,330.66,0.53,0.5,2023-12-27,653,N,VIIRS,n,2,294.33,3.64,D,0
11.04073,103.34204,329.04,0.53,0.5,2023-12-27,653,N,VIIRS,n,2,294.46,226.03,D,0
11.04181,103.3343,333.83,0.53,0.5,2023-12-27,653,N,VIIRS,n,2,296.22,227.59,D,0
11.04476,103.33652,341.97,0.53,0.5,2023-12-27,653,N,VIIRS,n,2,295.34,9.27,D,0
11.1329,103.88017,338.54,0.58,0.52,2023-12-27,653,N,VIIRS,n,2,294.65,5.69,D,0
11.13351,103.88496,338.01,0.58,0.52,2023-12-27,653,N,VIIRS,n,2,294.39,7.54,D,0
11.22188,103.69949,333.93,0.56,0.52,2023-12-27,653,N,VIIRS,n,2,295.06,4.15,D,0
11.2225,103.70433,336.32,0.56,0.52,2023-12-27,653,N,VIIRS,n,2,294.28,3.51,D,0
11.22994,104.49053,338.44,0.32,0.54,2023-12-27,653,N,VIIRS,n,2,296.33,2.33,D,0
11.27282,103.98444,331.44,0.59,0.53,2023-12-27,653,N,VIIRS,n,2,292.82,6.29,D,0
11.29862,104.1089,331.6,0.6,0.53,2023-12-27,653,N,VIIRS,n,2,294.1,7.65,D,0
11.30648,104.05332,329.69,0.6,0.53,2023-12-27,653,N,VIIRS,n,2,291.69,3.94,D,0
11.34605,103.49839,334.17,0.55,0.51,2023-12-27,653,N,VIIRS,n,2,297.12,3.63,D,0
11.37432,104.06353,331.68,0.6,0.53,2023-12-27,653,N,VIIRS,n,2,292.09,4.36,D,0
11.56642,104.3383,345.93,0.63,0.54,2023-12-27,653,N,VIIRS,n,2,293.98,10.32,D,0
11.64452,104.48073,349.58,0.32,0.55,2023-12-27,653,N,VIIRS,n,2,295.27,4.89,D,0
11.64568,103.85714,341.72,0.58,0.52,2023-12-27,653,N,VIIRS,n,2,296.14,7.99,D,0
11.73761,104.45334,335.06,0.32,0.55,2023-12-27,653,N,VIIRS,n,2,293.34,1.44,D,0
11.73807,103.91844,338.83,0.59,0.53,2023-12-27,653,N,VIIRS,n,2,294.67,7.59,D,0
11.74054,103.91558,342.5,0.59,0.53,2023-12-27,653,N,VIIRS,n,2,295.86,4.41,D,0
11.74293,104.01125,347.83,0.6,0.53,2023-12-27,653,N,VIIRS,n,2,294.36,11.51,D,0
11.74364,104.01678,341.39,0.6,0.53,2023-12-27,653,N,VIIRS,n,2,294.31,11.51,D,0
11.93246,99.12444,344.28,0.46,0.39,2023-12-27,653,N,VIIRS,n,2,300.74,17.57,D,0
11.9949,99.06522,341.9,0.46,0.39,2023-12-27,653,N,VIIRS,n,2,299.63,9.71,D,0
12.05119,103.16399,352.67,0.53,0.5,2023-12-27,653,N,VIIRS,n,2,294.12,25.27,D,0
12.05585,103.16338,340.65,0.53,0.5,2023-12-27,653,N,VIIRS,n,2,288.37,25.27,D,0
12.05933,103.26377,330.9,0.54,0.51,2023-12-27,653,N,VIIRS,n,2,290.77,4.52,D,0
12.05998,103.26886,335.62,0.54,0.51,2023-12-27,653,N,VIIRS,n,2,291.74,8.05,D,0
12.06736,103.25212,331.85,0.54,0.51,2023-12-27,653,N,VIIRS,n,2,290.7,4.31,D,0
12.09736,104.3642,354.45,0.32,0.55,2023-12-27,653,N,VIIRS,n,2,295.51,6.71,D,0
12.21288,105.1347,334.31,0.36,0.58,2023-12-27,653,N,VIIRS,n,2,294.3,7.37,D,0
12.21367,105.14146,333.41,0.36,0.58,2023-12-27,653,N,VIIRS,n,2,294.2,3.52,D,0
12.2148,105.13409,347.94,0.36,0.58,2023-12-27,653,N,VIIRS,n,2,294.15,6.8,D,0
12.21564,105.14085,340.72,0.36,0.58,2023-12-27,653,N,VIIRS,n,2,294.65,3.21,D,0
12.21822,105.13405,367,0.36,0.58,2023-12-27,653,N,VIIRS,h,2,296.01,7.37,D,0
12.21901,105.14082,344.82,0.36,0.58,2023-12-27,653,N,VIIRS,n,2,294.38,3.52,D,0
12.21916,102.73917,332.05,0.5,0.49,2023-12-27,653,N,VIIRS,n,2,292.14,5.16,D,0
12.22014,105.13345,367,0.36,0.58,2023-12-27,653,N,VIIRS,h,2,294.64,6.8,D,0
12.22099,105.14021,338.69,0.36,0.58,2023-12-27,653,N,VIIRS,n,2,293.94,3.21,D,0
12.22225,105.15038,367,0.36,0.58,2023-12-27,653,N,VIIRS,h,2,296.96,7.75,D,0
12.22516,105.14694,336.51,0.36,0.58,2023-12-27,653,N,VIIRS,n,2,295.09,5.95,D,0
12.22556,105.15034,367,0.36,0.58,2023-12-27,653,N,VIIRS,h,2,296.7,5.95,D,0
12.22591,105.13617,332.11,0.36,0.58,2023-12-27,653,N,VIIRS,n,2,295.1,1.98,D,0
12.22761,105.14973,339.36,0.36,0.58,2023-12-27,653,N,VIIRS,n,2,294.52,2.43,D,0
12.27354,99.71893,342.22,0.49,0.41,2023-12-27,653,N,VIIRS,n,2,296.75,4.74,D,0
12.27384,99.71556,334.27,0.49,0.41,2023-12-27,653,N,VIIRS,n,2,298.4,5.05,D,0
12.27443,99.71992,341.57,0.49,0.41,2023-12-27,653,N,VIIRS,n,2,296.42,5.05,D,0
12.34347,105.11366,335.08,0.36,0.58,2023-12-27,653,N,VIIRS,n,2,294.17,2.87,D,0
12.34582,103.18568,332.78,0.54,0.51,2023-12-27,653,N,VIIRS,n,2,288.01,4.24,D,0
12.36428,104.97179,339.81,0.36,0.57,2023-12-27,653,N,VIIRS,n,2,292.19,8.17,D,0
12.44674,105.20176,367,0.37,0.58,2023-12-27,653,N,VIIRS,h,2,294.79,3.2,D,0
12.44717,105.20518,331.26,0.37,0.58,2023-12-27,653,N,VIIRS,n,2,294.97,3.2,D,0
12.44917,105.20039,338.45,0.37,0.58,2023-12-27,653,N,VIIRS,n,2,293.68,3.87,D,0
12.44958,105.20385,342.13,0.37,0.58,2023-12-27,653,N,VIIRS,n,2,294.11,3.87,D,0
12.50259,103.15062,332.91,0.54,0.51,2023-12-27,653,N,VIIRS,n,2,290.44,2.72,D,0
12.50581,103.15247,330.24,0.54,0.51,2023-12-27,653,N,VIIRS,n,2,291.17,5.69,D,0
12.71744,105.44477,337.33,0.39,0.59,2023-12-27,653,N,VIIRS,n,2,300.19,36.42,D,0
12.71787,105.44839,367,0.39,0.59,2023-12-27,653,N,VIIRS,h,2,294.08,36.42,D,0
12.72336,105.4477,336.9,0.39,0.59,2023-12-27,653,N,VIIRS,n,2,290.85,36.42,D,0
12.77722,105.57152,367,0.39,0.6,2023-12-27,653,N,VIIRS,h,2,291.72,13.91,D,0
12.84359,105.28851,353.82,0.38,0.59,2023-12-27,653,N,VIIRS,n,2,293.49,4.58,D,0
12.91724,104.75168,329.86,0.35,0.57,2023-12-27,653,N,VIIRS,n,2,292.74,2.63,D,0
13.09774,104.53359,334.56,0.34,0.56,2023-12-27,653,N,VIIRS,n,2,293.36,2.14,D,0
13.12063,105.07776,347.37,0.37,0.58,2023-12-27,653,N,VIIRS,n,2,295.21,5.11,D,0
13.12105,105.08131,349.86,0.37,0.58,2023-12-27,653,N,VIIRS,n,2,293.69,5.11,D,0
12.94471,98.63282,337.03,0.45,0.39,2023-12-27,654,N,VIIRS,n,2,300.84,5.41,D,0
13.09831,104.53272,334.96,0.34,0.56,2023-12-27,654,N,VIIRS,n,2,292.96,1.82,D,0
13.11492,104.27499,342.21,0.33,0.55,2023-12-27,654,N,VIIRS,n,2,289.74,2.67,D,0
13.16656,101.08527,334.75,0.4,0.45,2023-12-27,654,N,VIIRS,n,2,291.41,2,D,0
13.17202,104.89133,331.05,0.36,0.57,2023-12-27,654,N,VIIRS,n,2,293.66,3.76,D,0
13.18662,104.92361,339.36,0.36,0.57,2023-12-27,654,N,VIIRS,n,2,294.91,16.07,D,0
13.18701,104.92699,339.98,0.36,0.58,2023-12-27,654,N,VIIRS,n,2,296.12,16.07,D,0
13.18741,104.93039,343.43,0.36,0.58,2023-12-27,654,N,VIIRS,n,2,308.33,62.13,D,0
13.18781,104.9338,347.47,0.36,0.58,2023-12-27,654,N,VIIRS,n,2,294.55,62.13,D,0
13.19196,104.92296,349.14,0.36,0.57,2023-12-27,654,N,VIIRS,n,2,294.11,16.07,D,0
13.21368,104.96909,355.37,0.36,0.58,2023-12-27,654,N,VIIRS,n,2,296.59,8.43,D,0
13.22752,105.08604,355.01,0.37,0.58,2023-12-27,654,N,VIIRS,n,2,295.91,5.95,D,0
13.22793,105.08949,345.33,0.37,0.58,2023-12-27,654,N,VIIRS,n,2,296.82,5.95,D,0
13.25774,102.37777,332.6,0.49,0.49,2023-12-27,654,N,VIIRS,n,2,281.91,3.93,D,0
13.29004,102.53272,331.74,0.5,0.49,2023-12-27,654,N,VIIRS,n,2,288.78,2.37,D,0
13.29068,102.53363,335.42,0.5,0.49,2023-12-27,654,N,VIIRS,n,2,287.86,4.09,D,0
13.30281,104.73273,330.53,0.35,0.57,2023-12-27,654,N,VIIRS,n,2,294.77,2.82,D,0
13.35523,104.98924,346.49,0.37,0.58,2023-12-27,654,N,VIIRS,n,2,295.04,8.74,D,0
13.37426,104.85066,335.58,0.36,0.57,2023-12-27,654,N,VIIRS,n,2,293.91,2.97,D,0
13.43039,101.29581,334.76,0.42,0.45,2023-12-27,654,N,VIIRS,n,2,292.34,2.25,D,0
13.43145,102.73201,333.59,0.52,0.5,2023-12-27,654,N,VIIRS,n,2,289.83,7.56,D,0
13.43547,102.72655,339.24,0.52,0.5,2023-12-27,654,N,VIIRS,n,2,289.44,7.66,D,0
13.44551,102.65659,344.53,0.51,0.5,2023-12-27,654,N,VIIRS,n,2,288.22,8.89,D,0
13.4749,102.66752,348.48,0.52,0.5,2023-12-27,654,N,VIIRS,n,2,288.93,8.19,D,0
13.48024,104.35263,330.77,0.33,0.56,2023-12-27,654,N,VIIRS,n,2,289.24,1.33,D,0
13.4804,102.71101,333.78,0.52,0.5,2023-12-27,654,N,VIIRS,n,2,289.31,7.49,D,0
13.49095,104.35457,330.75,0.33,0.56,2023-12-27,654,N,VIIRS,n,2,291.31,2.65,D,0
13.57944,100.04066,341.99,0.53,0.42,2023-12-27,654,N,VIIRS,n,2,296.14,5.09,D,0
13.58188,102.66994,331.85,0.52,0.5,2023-12-27,654,N,VIIRS,n,2,285.49,4.56,D,0
13.58493,105.22768,330.03,0.38,0.59,2023-12-27,654,N,VIIRS,n,2,295.29,2.7,D,0
13.65203,105.51011,336.61,0.4,0.6,2023-12-27,654,N,VIIRS,n,2,294.42,5.29,D,0
13.65484,104.16519,335.37,0.33,0.55,2023-12-27,654,N,VIIRS,n,2,289.83,2.27,D,0
13.65566,105.50835,337.01,0.4,0.6,2023-12-27,654,N,VIIRS,n,2,293.3,4.41,D,0
13.67258,104.26949,338.12,0.33,0.55,2023-12-27,654,N,VIIRS,n,2,291.51,2.67,D,0
13.67295,104.27258,336.27,0.33,0.55,2023-12-27,654,N,VIIRS,n,2,291.3,4.46,D,0
13.7215,105.15943,339.54,0.38,0.59,2023-12-27,654,N,VIIRS,n,2,294.28,3.83,D,0
13.7225,105.21389,332.28,0.38,0.59,2023-12-27,654,N,VIIRS,n,2,295.9,2.8,D,0
13.72273,105.16019,332,0.38,0.59,2023-12-27,654,N,VIIRS,n,2,294.66,5.72,D,0
13.72331,104.34244,367,0.34,0.56,2023-12-27,654,N,VIIRS,h,2,291.78,7.31,D,0
13.7242,104.33997,334.47,0.34,0.56,2023-12-27,654,N,VIIRS,n,2,290.48,3.58,D,0
13.72456,104.34312,351.57,0.34,0.56,2023-12-27,654,N,VIIRS,n,2,289.95,3.58,D,0
13.77017,105.18723,332.68,0.38,0.59,2023-12-27,654,N,VIIRS,n,2,293.86,6.01,D,0
13.77233,104.13007,335.85,0.33,0.55,2023-12-27,654,N,VIIRS,n,2,287.92,1.64,D,0
13.77617,105.48481,337.66,0.4,0.6,2023-12-27,654,N,VIIRS,n,2,293.79,3.15,D,0
13.79123,105.46793,367,0.4,0.6,2023-12-27,654,N,VIIRS,h,2,294.46,5.66,D,0
13.80941,105.57764,332.14,0.41,0.6,2023-12-27,654,N,VIIRS,n,2,291.67,1.84,D,0
13.81794,105.50335,367,0.4,0.6,2023-12-27,654,N,VIIRS,h,2,295.93,7.84,D,0
13.82027,103.40768,334.37,0.58,0.52,2023-12-27,654,N,VIIRS,n,2,291.79,4.77,D,0
13.82212,104.32515,338.53,0.34,0.56,2023-12-27,654,N,VIIRS,n,2,286.18,1.77,D,0
13.82388,104.32644,333.15,0.34,0.56,2023-12-27,654,N,VIIRS,n,2,284.2,3.01,D,0
13.82634,102.87728,331.11,0.54,0.51,2023-12-27,654,N,VIIRS,n,2,284.57,2.62,D,0
13.8462,101.80218,341.17,0.46,0.47,2023-12-27,654,N,VIIRS,n,2,295.64,9.25,D,0
13.84795,105.46921,345.48,0.4,0.6,2023-12-27,654,N,VIIRS,n,2,296.39,5.91,D,0
13.85157,105.46741,367,0.4,0.6,2023-12-27,654,N,VIIRS,h,2,296.89,8.46,D,0
13.85353,105.46851,337.48,0.4,0.6,2023-12-27,654,N,VIIRS,n,2,294.66,5.91,D,0
13.85642,104.2907,331.28,0.33,0.56,2023-12-27,654,N,VIIRS,n,2,286.9,2.9,D,0
13.85679,104.29384,349.53,0.33,0.56,2023-12-27,654,N,VIIRS,n,2,287.59,2.9,D,0
13.86196,104.29324,338.96,0.33,0.56,2023-12-27,654,N,VIIRS,n,2,285.79,2.9,D,0
13.8642,104.99096,334.91,0.37,0.58,2023-12-27,654,N,VIIRS,n,2,287.47,3.88,D,0
13.86461,104.99448,342.79,0.37,0.58,2023-12-27,654,N,VIIRS,n,2,286.74,3.88,D,0
13.8803,103.39162,331.96,0.58,0.52,2023-12-27,654,N,VIIRS,n,2,288.31,6.54,D,0
13.88097,103.39709,347.53,0.58,0.52,2023-12-27,654,N,VIIRS,n,2,290.69,20.66,D,0
13.88583,103.39648,331.49,0.58,0.52,2023-12-27,654,N,VIIRS,n,2,289.48,8.85,D,0
13.88699,101.53735,332.11,0.44,0.46,2023-12-27,654,N,VIIRS,n,2,296.83,2.43,D,0
14.06103,100.42074,344.09,0.57,0.43,2023-12-27,654,N,VIIRS,n,2,297.28,6.43,D,0
14.13743,99.31882,329.12,0.49,0.41,2023-12-27,654,N,VIIRS,n,2,299.62,2.5,D,0
14.21676,100.62894,336.32,0.39,0.44,2023-12-27,654,N,VIIRS,n,2,296.91,2.37,D,0
14.21702,100.6284,338.6,0.39,0.44,2023-12-27,654,N,VIIRS,n,2,296.92,1.78,D,0
14.28127,104.74126,337.94,0.36,0.58,2023-12-27,654,N,VIIRS,n,2,292.4,4.84,D,0
14.28702,104.74402,341.33,0.36,0.58,2023-12-27,654,N,VIIRS,n,2,292.55,4.84,D,0
14.29014,104.74255,336.25,0.36,0.58,2023-12-27,654,N,VIIRS,n,2,293.73,5.01,D,0
14.33261,104.1893,340.36,0.33,0.56,2023-12-27,654,N,VIIRS,n,2,286.6,3.43,D,0
14.34626,104.39118,338.91,0.34,0.56,2023-12-27,654,N,VIIRS,n,2,287.87,2.35,D,0
14.45577,101.82498,331.24,0.47,0.48,2023-12-27,654,N,VIIRS,n,2,297.14,3.24,D,0
14.52603,101.07403,331.89,0.42,0.45,2023-12-27,654,N,VIIRS,n,2,298.56,1.77,D,0
14.54774,102.17683,331.12,0.5,0.49,2023-12-27,654,N,VIIRS,n,2,292.66,3.07,D,0
14.66357,97.92463,345.13,0.43,0.38,2023-12-27,654,N,VIIRS,n,2,303.11,9.33,D,0
14.66708,97.92413,335.81,0.43,0.38,2023-12-27,654,N,VIIRS,n,2,302.56,3.26,D,0
14.67595,100.47543,334.11,0.39,0.44,2023-12-27,654,N,VIIRS,n,2,297.68,1.64,D,0
14.74916,100.06361,330.08,0.55,0.43,2023-12-27,654,N,VIIRS,n,2,296.77,1.08,D,0
14.75174,100.1741,330.53,0.56,0.43,2023-12-27,654,N,VIIRS,n,2,297.5,5.23,D,0
14.75839,100.69269,335.61,0.4,0.44,2023-12-27,654,N,VIIRS,n,2,299.47,3.55,D,0
14.78157,99.6181,342.71,0.52,0.42,2023-12-27,654,N,VIIRS,n,2,302.7,27.27,D,0
14.78222,99.62297,335.1,0.52,0.42,2023-12-27,654,N,VIIRS,n,2,300.35,10.75,D,0
14.7854,99.61758,340.08,0.52,0.42,2023-12-27,654,N,VIIRS,n,2,298.26,10,D,0
14.78606,99.62247,339.77,0.52,0.42,2023-12-27,654,N,VIIRS,n,2,299.67,10.66,D,0
14.83945,99.78555,333.51,0.53,0.42,2023-12-27,654,N,VIIRS,n,2,298.79,2.25,D,0
14.95924,100.33643,338.92,0.38,0.43,2023-12-27,654,N,VIIRS,n,2,298.22,3.1,D,0
15.00064,99.70711,340.08,0.53,0.42,2023-12-27,654,N,VIIRS,n,2,300.34,9.91,D,0
15.01131,100.48441,346.7,0.39,0.44,2023-12-27,654,N,VIIRS,n,2,299.37,6.19,D,0
15.02996,100.50057,337.36,0.39,0.44,2023-12-27,654,N,VIIRS,n,2,298.99,6.34,D,0
15.03044,100.50425,341.51,0.39,0.44,2023-12-27,654,N,VIIRS,n,2,301.85,11.72,D,0
15.0345,100.50369,341.71,0.39,0.44,2023-12-27,654,N,VIIRS,n,2,299,6.52,D,0
15.07807,100.45625,347.37,0.39,0.44,2023-12-27,654,N,VIIRS,n,2,301.45,8.06,D,0
15.20563,100.89242,333.14,0.42,0.45,2023-12-27,654,N,VIIRS,n,2,299.22,2.56,D,0
15.20883,100.28994,344.32,0.38,0.44,2023-12-27,654,N,VIIRS,n,2,299.03,3.49,D,0
15.22942,101.52141,333.51,0.46,0.47,2023-12-27,654,N,VIIRS,n,2,299.06,3.1,D,0
15.24689,101.17619,334.91,0.44,0.46,2023-12-27,654,N,VIIRS,n,2,298.3,2.33,D,0
15.32867,100.38332,332.11,0.39,0.44,2023-12-27,654,N,VIIRS,n,2,300.48,2.41,D,0
15.37716,100.50036,346.6,0.4,0.44,2023-12-27,654,N,VIIRS,n,2,303.07,6.94,D,0
15.4022,100.44329,330.26,0.39,0.44,2023-12-27,654,N,VIIRS,l,2,301.67,2.06,D,0
15.43499,103.88477,367,0.33,0.55,2023-12-27,654,N,VIIRS,h,2,299.38,9.22,D,0
15.50664,104.03789,367,0.34,0.56,2023-12-27,654,N,VIIRS,h,2,298.77,9.7,D,0
15.5276,100.45383,350.33,0.4,0.44,2023-12-27,654,N,VIIRS,n,2,302.47,6.18,D,0
15.58272,100.27309,343.18,0.39,0.44,2023-12-27,654,N,VIIRS,n,2,301.44,4.78,D,0
15.62696,100.23445,349.68,0.39,0.44,2023-12-27,654,N,VIIRS,n,2,302.08,5.43,D,0
15.66541,99.79842,340.82,0.55,0.42,2023-12-27,654,N,VIIRS,n,2,301.6,14.38,D,0
15.66575,99.56205,333.57,0.53,0.42,2023-12-27,654,N,VIIRS,n,2,300.91,4.89,D,0
15.66642,99.56702,333.57,0.53,0.42,2023-12-27,654,N,VIIRS,n,2,300.36,6.58,D,0
15.67986,100.57811,342.04,0.41,0.45,2023-12-27,654,N,VIIRS,n,2,303.15,3.82,D,0
15.86902,100.91695,339.74,0.43,0.46,2023-12-27,654,N,VIIRS,n,2,298.62,2.62,D,0
15.86946,100.91698,339.88,0.43,0.46,2023-12-27,654,N,VIIRS,n,2,298.12,2.72,D,0
15.87377,103.91109,339.54,0.34,0.56,2023-12-27,654,N,VIIRS,n,2,297.25,2.99,D,0
15.88183,100.481,336.15,0.4,0.44,2023-12-27,654,N,VIIRS,n,2,301.45,4.92,D,0
15.88231,100.48476,357.08,0.4,0.44,2023-12-27,654,N,VIIRS,n,2,306.44,24.92,D,0
15.88279,100.13262,331.02,0.38,0.43,2023-12-27,654,N,VIIRS,n,2,296.46,3.75,D,0
15.89781,103.93748,338.51,0.34,0.56,2023-12-27,654,N,VIIRS,n,2,296.01,3.61,D,0
15.93146,100.58748,336.07,0.41,0.45,2023-12-27,654,N,VIIRS,n,2,302.47,2.72,D,0
15.93328,100.58635,338.26,0.41,0.45,2023-12-27,654,N,VIIRS,n,2,302.31,3.79,D,0
16.04411,100.01579,332.86,0.57,0.43,2023-12-27,654,N,VIIRS,n,2,297.66,2.74,D,0
16.06004,100.49197,341.78,0.41,0.45,2023-12-27,654,N,VIIRS,n,2,302.03,5.43,D,0
16.11297,103.95081,340.12,0.34,0.56,2023-12-27,654,N,VIIRS,n,2,295.98,3.29,D,0
16.13509,100.1078,334.22,0.39,0.44,2023-12-27,654,N,VIIRS,n,2,299.16,1.9,D,0
16.15759,100.06068,330.1,0.38,0.43,2023-12-27,654,N,VIIRS,n,2,297.14,1.29,D,0
16.48294,102.91241,336.32,0.59,0.53,2023-12-27,654,N,VIIRS,n,2,299.61,4.64,D,0
16.51255,102.95409,330.32,0.59,0.53,2023-12-27,654,N,VIIRS,l,2,300.35,4.06,D,0
16.22056,100.09901,330.65,0.39,0.44,2023-12-27,655,N,VIIRS,n,2,298.19,1.57,D,0
16.22398,97.85172,336.94,0.44,0.39,2023-12-27,655,N,VIIRS,n,2,300.06,3.41,D,0
16.24761,100.05485,332.34,0.38,0.43,2023-12-27,655,N,VIIRS,n,2,297.31,2.06,D,0
16.28115,97.48521,342.55,0.43,0.38,2023-12-27,655,N,VIIRS,n,2,303.65,5.35,D,0
16.30456,99.78943,339.86,0.56,0.43,2023-12-27,655,N,VIIRS,n,2,300.41,9.49,D,0
16.30851,99.78888,347.15,0.56,0.43,2023-12-27,655,N,VIIRS,n,2,300,9.49,D,0
16.31702,97.64098,336.33,0.44,0.38,2023-12-27,655,N,VIIRS,n,2,304.2,7.35,D,0
16.32054,97.64046,351.95,0.44,0.38,2023-12-27,655,N,VIIRS,n,2,306.62,7.35,D,0
16.32111,97.64453,337.85,0.44,0.38,2023-12-27,655,N,VIIRS,n,2,307.5,5.05,D,0
16.32463,97.64401,340.84,0.44,0.38,2023-12-27,655,N,VIIRS,n,2,305.37,4.41,D,0
16.34703,99.83697,338.96,0.56,0.43,2023-12-27,655,N,VIIRS,n,2,299.81,5.26,D,0
16.41049,100.19569,342.9,0.39,0.44,2023-12-27,655,N,VIIRS,n,2,301.65,3.32,D,0
16.41351,98.78277,331.15,0.49,0.4,2023-12-27,655,N,VIIRS,n,2,298.95,3.01,D,0
16.42274,100.45042,334.06,0.41,0.45,2023-12-27,655,N,VIIRS,n,2,300.37,2.25,D,0
16.43348,99.95844,334.21,0.57,0.43,2023-12-27,655,N,VIIRS,n,2,300.33,5.39,D,0
16.53977,97.79874,345.32,0.44,0.39,2023-12-27,655,N,VIIRS,n,2,305.27,14.19,D,0
16.56141,97.85091,340.66,0.45,0.39,2023-12-27,655,N,VIIRS,n,2,307.53,14.93,D,0
16.56199,97.8551,334.19,0.45,0.39,2023-12-27,655,N,VIIRS,n,2,303.28,11.24,D,0
16.56498,97.85039,341.29,0.45,0.39,2023-12-27,655,N,VIIRS,n,2,304.48,14.93,D,0
16.56555,97.85458,335.11,0.45,0.39,2023-12-27,655,N,VIIRS,n,2,304.06,11.24,D,0
16.57176,97.79401,335.53,0.44,0.39,2023-12-27,655,N,VIIRS,n,2,302.05,5.61,D,0
16.57378,102.86471,335.2,0.58,0.52,2023-12-27,655,N,VIIRS,n,2,300.19,4.21,D,0
16.59302,103.0323,351.64,0.6,0.53,2023-12-27,655,N,VIIRS,n,2,300.69,15.36,D,0
16.63621,98.48799,334.64,0.48,0.4,2023-12-27,655,N,VIIRS,n,2,298.25,4.97,D,0
16.67506,99.67513,330.3,0.55,0.43,2023-12-27,655,N,VIIRS,n,2,298.32,1.4,D,0
16.67617,99.67756,331.57,0.55,0.43,2023-12-27,655,N,VIIRS,n,2,298.37,3.31,D,0
16.71169,98.40911,334.31,0.47,0.4,2023-12-27,655,N,VIIRS,n,2,304.42,3.12,D,0
16.80613,103.21377,333.17,0.62,0.54,2023-12-27,655,N,VIIRS,n,2,298.3,4.12,D,0
17.03867,104.69702,330.39,0.39,0.59,2023-12-27,655,N,VIIRS,n,2,290.6,1.71,D,0
17.05316,101.42335,330.51,0.48,0.48,2023-12-27,655,N,VIIRS,n,2,298.07,3.43,D,0
17.13645,99.07076,333.14,0.52,0.41,2023-12-27,655,N,VIIRS,n,2,300.24,6.5,D,0
17.13819,99.06818,334.2,0.52,0.41,2023-12-27,655,N,VIIRS,n,2,298.94,6.39,D,0
17.41733,101.11961,338.11,0.46,0.47,2023-12-27,655,N,VIIRS,n,2,297.47,8.15,D,0
17.44476,100.18865,334.17,0.4,0.45,2023-12-27,655,N,VIIRS,n,2,303.7,3.71,D,0
17.5209,100.04289,356.47,0.4,0.44,2023-12-27,655,N,VIIRS,n,2,301.56,5.82,D,0
17.54659,100.01655,345.04,0.4,0.44,2023-12-27,655,N,VIIRS,n,2,299.27,6.48,D,0
17.60686,99.90478,335.2,0.39,0.44,2023-12-27,655,N,VIIRS,n,2,296.99,2.08,D,0
17.60911,99.98856,332.02,0.4,0.44,2023-12-27,655,N,VIIRS,n,2,301.22,2.5,D,0
17.61739,104.99992,328.26,0.42,0.61,2023-12-27,655,N,VIIRS,n,2,295.67,2.08,D,0
17.61933,104.99879,331.57,0.42,0.61,2023-12-27,655,N,VIIRS,n,2,295.71,2.57,D,0
17.6842,105.12776,334.27,0.43,0.62,2023-12-27,655,N,VIIRS,n,2,292.79,3.47,D,0
17.69465,100.33656,331.23,0.42,0.45,2023-12-27,655,N,VIIRS,n,2,301.79,2.12,D,0
17.72937,104.64823,330.87,0.4,0.6,2023-12-27,655,N,VIIRS,n,2,298.14,4.77,D,0
17.98957,98.85365,332.56,0.52,0.41,2023-12-27,655,N,VIIRS,n,2,299.77,2.04,D,0
18.04521,101.33347,331.1,0.49,0.48,2023-12-27,655,N,VIIRS,n,2,297.35,1.8,D,0
18.04698,101.32976,338.72,0.49,0.48,2023-12-27,655,N,VIIRS,n,2,298.74,7.12,D,0
18.0475,101.33434,328.2,0.49,0.48,2023-12-27,655,N,VIIRS,n,2,295.27,7.12,D,0
18.04973,101.33328,340.5,0.49,0.48,2023-12-27,655,N,VIIRS,n,2,297.66,12.02,D,0
18.05796,103.99925,332.76,0.36,0.58,2023-12-27,655,N,VIIRS,n,2,299.58,1.82,D,0
18.11354,104.21923,334.81,0.38,0.58,2023-12-27,655,N,VIIRS,n,2,302.29,3.77,D,0
18.12496,99.8943,331.61,0.4,0.44,2023-12-27,655,N,VIIRS,n,2,300.97,2.84,D,0
18.25567,103.27122,340.36,0.33,0.55,2023-12-27,655,N,VIIRS,n,2,301.98,2.16,D,0
18.34513,99.87457,334.39,0.4,0.44,2023-12-27,655,N,VIIRS,n,2,300.67,4.22,D,0
18.48232,99.06947,329.27,0.54,0.42,2023-12-27,655,N,VIIRS,n,2,297.99,3.81,D,0
18.61453,105.45704,333.71,0.46,0.63,2023-12-27,655,N,VIIRS,n,2,290.26,4.03,D,0
18.62044,98.8707,326.51,0.53,0.42,2023-12-27,655,N,VIIRS,n,2,299.3,2.6,D,0
18.71303,103.61979,325.09,0.35,0.57,2023-12-27,655,N,VIIRS,n,2,299.89,1.35,D,0
18.76706,105.22889,338.84,0.44,0.63,2023-12-27,655,N,VIIRS,n,2,291.62,3.77,D,0
18.79521,105.51636,367,0.46,0.64,2023-12-27,655,N,VIIRS,h,2,292.04,10.88,D,0
18.83345,101.71577,339.58,0.53,0.5,2023-12-27,655,N,VIIRS,n,2,296.81,6.32,D,0
18.88923,105.39735,338.64,0.46,0.63,2023-12-27,655,N,VIIRS,n,2,290.24,4.52,D,0
18.88968,105.40194,336.92,0.46,0.63,2023-12-27,655,N,VIIRS,n,2,291.4,4.52,D,0
18.91928,97.93928,332.13,0.48,0.4,2023-12-27,655,N,VIIRS,n,2,299.68,4.35,D,0
18.92009,97.93733,333.04,0.48,0.4,2023-12-27,655,N,VIIRS,n,2,298.65,4.84,D,0
18.94147,105.03705,327.82,0.43,0.62,2023-12-27,655,N,VIIRS,n,2,293,2.58,D,0
18.96021,105.10883,367,0.44,0.62,2023-12-27,655,N,VIIRS,h,2,295.54,14.75,D,0
19.01336,105.36635,367,0.46,0.63,2023-12-27,655,N,VIIRS,h,2,292.68,38.06,D,0
19.01503,105.36555,352.17,0.46,0.63,2023-12-27,655,N,VIIRS,n,2,299.05,34.37,D,0
19.01549,105.37021,350.15,0.46,0.63,2023-12-27,655,N,VIIRS,n,2,290.39,34.37,D,0
19.0189,105.36184,367,0.46,0.63,2023-12-27,655,N,VIIRS,h,2,291.19,29.34,D,0
19.01931,105.36622,367,0.46,0.63,2023-12-27,655,N,VIIRS,h,2,297.9,38.06,D,0
19.02058,105.36131,334.85,0.46,0.63,2023-12-27,655,N,VIIRS,n,2,289.63,17.03,D,0
19.02099,105.36554,367,0.46,0.63,2023-12-27,655,N,VIIRS,h,2,290.83,34.37,D,0
19.08255,101.79884,350.47,0.54,0.51,2023-12-27,655,N,VIIRS,n,2,295.89,8.76,D,0
19.08304,104.87142,356.61,0.42,0.61,2023-12-27,655,N,VIIRS,n,2,294.5,9.22,D,0
19.08344,104.87539,327.8,0.42,0.61,2023-12-27,655,N,VIIRS,n,2,293.43,10.96,D,0
19.08403,104.87067,353.01,0.43,0.62,2023-12-27,655,N,VIIRS,n,2,294.24,8.86,D,0
19.08441,104.87465,347.48,0.43,0.62,2023-12-27,655,N,VIIRS,n,2,293.59,11.81,D,0
19.09128,103.88442,367,0.37,0.58,2023-12-27,655,N,VIIRS,h,2,300.09,12.83,D,0
19.09393,103.88258,367,0.37,0.58,2023-12-27,655,N,VIIRS,h,2,300.95,13.01,D,0
19.22029,105.07217,332.64,0.44,0.62,2023-12-27,655,N,VIIRS,n,2,292.04,4.78,D,0
19.2235,100.08639,331.09,0.42,0.45,2023-12-27,655,N,VIIRS,n,2,296.72,2.4,D,0
19.30626,104.45561,334.32,0.4,0.6,2023-12-27,655,N,VIIRS,n,2,293.95,4.08,D,0
19.30664,104.45941,331.39,0.4,0.6,2023-12-27,655,N,VIIRS,n,2,293.34,5.43,D,0
19.36465,100.15529,331.78,0.43,0.46,2023-12-27,655,N,VIIRS,n,2,300.03,3.53,D,0
19.37772,103.13844,337.37,0.33,0.55,2023-12-27,655,N,VIIRS,n,2,301.84,1.89,D,0
19.38965,100.1149,338.45,0.42,0.45,2023-12-27,655,N,VIIRS,n,2,299.61,2.86,D,0
19.47311,101.14902,333.32,0.49,0.49,2023-12-27,655,N,VIIRS,n,2,297.27,3.04,D,0
19.48277,100.84573,325.01,0.47,0.48,2023-12-27,655,N,VIIRS,n,2,296.55,1.54,D,0
19.50226,105.45481,367,0.47,0.64,2023-12-27,655,N,VIIRS,h,2,293.84,23.25,D,0
19.51377,105.44912,339.1,0.47,0.64,2023-12-27,655,N,VIIRS,n,2,290.44,6.11,D,0
19.57747,104.95237,367,0.44,0.62,2023-12-27,655,N,VIIRS,h,2,298.45,27.12,D,0
19.58319,104.9511,367,0.44,0.62,2023-12-27,655,N,VIIRS,h,2,292.58,16.06,D,0
19.60309,101.7791,330.44,0.54,0.51,2023-12-27,655,N,VIIRS,n,2,296.59,4.98,D,0
19.61832,104.95155,343.2,0.44,0.62,2023-12-27,655,N,VIIRS,n,2,293.85,7.67,D,0
19.6184,104.94831,341.57,0.44,0.62,2023-12-27,655,N,VIIRS,n,2,293.78,4.26,D,0
19.61874,104.95191,330.77,0.44,0.62,2023-12-27,655,N,VIIRS,n,2,292.84,4.26,D,0
19.66617,99.95962,332.11,0.42,0.45,2023-12-27,655,N,VIIRS,n,2,298.27,2.04,D,0
19.6919,105.2315,333.47,0.46,0.63,2023-12-27,655,N,VIIRS,n,2,293.76,4.67,D,0
19.7269,104.98048,335.4,0.44,0.62,2023-12-27,655,N,VIIRS,n,2,292.77,3.28,D,0
19.75752,105.52847,327.4,0.48,0.64,2023-12-27,655,N,VIIRS,n,2,291.84,3.27,D,0
19.81981,105.34904,330.28,0.47,0.64,2023-12-27,655,N,VIIRS,n,2,291.52,2.2,D,0
19.83161,100.12099,325.74,0.43,0.46,2023-12-27,655,N,VIIRS,n,2,297.94,1.36,D,0
19.93341,105.30723,326.29,0.46,0.64,2023-12-27,655,N,VIIRS,n,2,292.04,2.36,D,0
19.93636,105.27473,331.6,0.46,0.64,2023-12-27,655,N,VIIRS,n,2,291.73,4.21,D,0
19.93956,105.27482,338.39,0.46,0.64,2023-12-27,655,N,VIIRS,n,2,289.77,4.44,D,0
20.06065,105.35206,344.21,0.47,0.64,2023-12-27,655,N,VIIRS,n,2,293.18,6.25,D,0
20.06378,105.35253,344.99,0.47,0.64,2023-12-27,655,N,VIIRS,n,2,292.24,4.56,D,0
20.15191,105.45926,332.75,0.48,0.64,2023-12-27,655,N,VIIRS,n,2,291.94,2.88,D,0
19.82982,100.00073,344.88,0.42,0.45,2023-12-27,656,N,VIIRS,n,2,301.2,7.7,D,0
19.83099,100.12109,325.1,0.43,0.46,2023-12-27,656,N,VIIRS,n,2,297.85,1.24,D,0
19.88107,99.75848,331.19,0.41,0.45,2023-12-27,656,N,VIIRS,n,2,296.51,2.95,D,0
19.90256,99.20104,335.92,0.57,0.43,2023-12-27,656,N,VIIRS,n,2,299.08,6.43,D,0
19.90655,99.20049,334.76,0.57,0.43,2023-12-27,656,N,VIIRS,n,2,297.6,6.43,D,0
20.05337,99.32211,333.82,0.39,0.44,2023-12-27,656,N,VIIRS,n,2,297.06,3.23,D,0
20.298,99.5299,339.66,0.4,0.44,2023-12-27,656,N,VIIRS,n,2,296.35,5.33,D,0
20.3012,99.52942,340.69,0.4,0.44,2023-12-27,656,N,VIIRS,n,2,296.83,5.54,D,0
20.41226,97.99896,334.04,0.5,0.41,2023-12-27,656,N,VIIRS,n,2,299.87,4.83,D,0
20.41596,97.99807,331.13,0.5,0.41,2023-12-27,656,N,VIIRS,n,2,300.3,3.76,D,0
20.41698,103.81804,338.52,0.38,0.59,2023-12-27,656,N,VIIRS,n,2,293.64,3.29,D,0
16.8986,103.1945,304.91,0.78,0.78,2023-12-27,1745,N,VIIRS,n,2,288.72,0.65,N,0
16.89966,103.19163,307.13,0.78,0.78,2023-12-27,1745,N,VIIRS,n,2,289.02,1.38,N,0
17.28511,105.0807,332.64,0.59,0.7,2023-12-27,1745,N,VIIRS,n,2,284.64,6.68,N,0
13.18699,104.93198,300.81,0.54,0.68,2023-12-27,1746,N,VIIRS,n,2,281.08,1.43,N,0
13.18756,104.92686,307.54,0.54,0.68,2023-12-27,1746,N,VIIRS,n,2,283.4,1.43,N,0
13.22444,105.0872,302.2,0.53,0.67,2023-12-27,1746,N,VIIRS,n,2,276.47,0.9,N,0
13.227,105.08589,303.16,0.53,0.67,2023-12-27,1746,N,VIIRS,n,2,276.43,0.92,N,0
13.75193,105.47709,299.1,0.51,0.66,2023-12-27,1746,N,VIIRS,n,2,284.62,1.12,N,0
13.75809,105.47779,312.25,0.51,0.66,2023-12-27,1746,N,VIIRS,n,2,285.24,1.12,N,0
14.18709,102.96745,301.92,0.75,0.77,2023-12-27,1746,N,VIIRS,n,2,285.31,1.64,N,0
15.32894,102.90481,296.86,0.78,0.78,2023-12-27,1746,N,VIIRS,n,2,283.42,1.81,N,0
16.05912,105.22582,309.74,0.56,0.69,2023-12-27,1746,N,VIIRS,n,2,286.93,1.13,N,0
16.09567,104.8631,299.52,0.59,0.7,2023-12-27,1746,N,VIIRS,n,2,285.7,0.59,N,0
16.14934,104.97438,296.75,0.58,0.7,2023-12-27,1746,N,VIIRS,n,2,284.79,0.57,N,0
10.27318,104.61735,300.6,0.52,0.67,2023-12-27,1747,N,VIIRS,n,2,279.63,0.68,N,2
12.38313,103.27071,300.92,0.68,0.74,2023-12-27,1747,N,VIIRS,n,2,283.27,1.37,N,0
12.38337,103.27065,302.54,0.68,0.74,2023-12-27,1747,N,VIIRS,n,2,283.29,0.86,N,0
19.26584,100.31174,312.53,0.53,0.5,2023-12-27,1925,N,VIIRS,n,2,286.83,1.67,N,0
19.26616,100.31546,304.04,0.53,0.5,2023-12-27,1925,N,VIIRS,n,2,286.42,0.81,N,0
14.53483,104.60162,309.32,0.62,0.71,2023-12-27,1926,N,VIIRS,n,2,285.36,1.41,N,0
15.45719,101.02384,299.73,0.35,0.56,2023-12-27,1926,N,VIIRS,n,2,287.65,0.45,N,0
15.46237,101.0249,326.48,0.35,0.56,2023-12-27,1926,N,VIIRS,n,2,288.19,3.25,N,0
15.46302,101.02166,348.99,0.35,0.56,2023-12-27,1926,N,VIIRS,n,2,290.01,6.46,N,0
15.57666,105.50193,305.38,0.67,0.74,2023-12-27,1926,N,VIIRS,n,2,286.98,1.41,N,0
15.57836,105.50213,305.18,0.67,0.74,2023-12-27,1926,N,VIIRS,n,2,286.49,1.25,N,0
15.73847,99.37064,302.46,0.54,0.5,2023-12-27,1926,N,VIIRS,n,2,288.5,0.49,N,0
15.77685,100.09237,305.53,0.59,0.53,2023-12-27,1926,N,VIIRS,n,2,290.01,0.75,N,0
15.8632,97.79418,303.26,0.42,0.45,2023-12-27,1926,N,VIIRS,n,2,290.51,0.38,N,0
15.89609,97.75616,300.85,0.42,0.45,2023-12-27,1926,N,VIIRS,n,2,290.62,0.15,N,0
15.96173,104.97026,299.69,0.61,0.71,2023-12-27,1926,N,VIIRS,n,2,286.01,0.7,N,0
15.99113,97.68915,303.16,0.41,0.45,2023-12-27,1926,N,VIIRS,n,2,290.26,0.66,N,2
15.99184,97.6853,302.95,0.41,0.45,2023-12-27,1926,N,VIIRS,n,2,290.55,0.66,N,2
16.04399,101.83359,302.79,0.38,0.59,2023-12-27,1926,N,VIIRS,n,2,285.88,0.62,N,0
16.04473,101.83001,296.6,0.38,0.59,2023-12-27,1926,N,VIIRS,n,2,286.14,0.62,N,0
16.04938,101.83474,297.65,0.38,0.59,2023-12-27,1926,N,VIIRS,n,2,286.67,0.62,N,0
16.1153,102.48779,299.7,0.42,0.61,2023-12-27,1926,N,VIIRS,n,2,287.64,0.37,N,0
16.15574,104.97559,303.49,0.61,0.71,2023-12-27,1926,N,VIIRS,n,2,286.12,2.07,N,0
16.23133,102.88721,300.73,0.44,0.63,2023-12-27,1926,N,VIIRS,n,2,287.1,0.73,N,0
16.23138,102.88725,299.7,0.44,0.63,2023-12-27,1926,N,VIIRS,n,2,286.98,0.94,N,0
16.29763,104.69846,298.47,0.58,0.7,2023-12-27,1926,N,VIIRS,n,2,286.42,1.35,N,0
16.36216,98.65235,302.67,0.47,0.48,2023-12-27,1926,N,VIIRS,n,2,287.9,0.77,N,0
16.37176,99.80128,311.9,0.56,0.51,2023-12-27,1926,N,VIIRS,n,2,289.75,1.26,N,0
16.38124,98.64709,301.75,0.47,0.48,2023-12-27,1926,N,VIIRS,n,2,288,0.66,N,0
16.41872,97.72717,302.14,0.41,0.45,2023-12-27,1926,N,VIIRS,n,2,290.74,0.65,N,2
16.44335,104.0149,308.34,0.52,0.67,2023-12-27,1926,N,VIIRS,n,2,286.11,0.78,N,0
16.44471,104.0142,310.47,0.52,0.67,2023-12-27,1926,N,VIIRS,n,2,286.48,1.16,N,0
16.60254,105.4768,315.1,0.64,0.72,2023-12-27,1926,N,VIIRS,n,2,286.04,3.18,N,0
16.65191,102.66367,305.5,0.42,0.61,2023-12-27,1926,N,VIIRS,n,2,288.1,0.73,N,0
16.67919,104.89509,336.18,0.58,0.7,2023-12-27,1926,N,VIIRS,n,2,286.36,3.77,N,0
16.67932,104.89474,343.11,0.58,0.7,2023-12-27,1926,N,VIIRS,n,2,286.4,4.04,N,0
16.68041,104.88971,315.56,0.58,0.7,2023-12-27,1926,N,VIIRS,n,2,285.95,4.2,N,0
16.6805,104.88936,304.35,0.58,0.7,2023-12-27,1926,N,VIIRS,n,2,285.96,4.04,N,0
16.68558,104.89658,304.16,0.58,0.7,2023-12-27,1926,N,VIIRS,n,2,286.24,3.77,N,0
16.6857,104.89626,305.92,0.58,0.7,2023-12-27,1926,N,VIIRS,n,2,286.24,4.04,N,0
16.6868,104.89118,297.41,0.58,0.7,2023-12-27,1926,N,VIIRS,n,2,285.73,4.2,N,0
16.74613,101.93495,305.08,0.38,0.58,2023-12-27,1926,N,VIIRS,n,2,286.88,0.54,N,0
16.77094,99.57,320.47,0.53,0.5,2023-12-27,1926,N,VIIRS,n,2,289.03,2.13,N,0
16.82147,102.07056,304,0.38,0.59,2023-12-27,1926,N,VIIRS,n,2,288.09,0.76,N,0
16.85014,98.53578,325.61,0.45,0.47,2023-12-27,1926,N,VIIRS,n,2,288.72,2.85,N,0
16.85191,102.17223,305.93,0.39,0.59,2023-12-27,1926,N,VIIRS,n,2,288.16,0.8,N,0
16.998,103.01728,315.28,0.44,0.62,2023-12-27,1926,N,VIIRS,n,2,287.96,1.48,N,0
17.00518,99.07247,302.33,0.49,0.48,2023-12-27,1926,N,VIIRS,n,2,288.18,0.65,N,0
17.01351,103.31139,303.33,0.46,0.63,2023-12-27,1926,N,VIIRS,n,2,288.35,0.69,N,0
17.01755,103.31423,297.88,0.46,0.63,2023-12-27,1926,N,VIIRS,n,2,287.86,0.59,N,0
17.01929,103.31277,299.32,0.46,0.63,2023-12-27,1926,N,VIIRS,n,2,287.91,0.48,N,0
17.06835,102.28217,299.51,0.39,0.59,2023-12-27,1926,N,VIIRS,n,2,287.26,0.23,N,0
17.28521,105.08229,303.49,0.58,0.7,2023-12-27,1926,N,VIIRS,n,2,283.76,1.25,N,0
17.28525,105.08208,303.45,0.58,0.7,2023-12-27,1926,N,VIIRS,n,2,283.54,1.17,N,0
17.95684,98.52135,314.63,0.43,0.46,2023-12-27,1926,N,VIIRS,n,2,287.4,1.83,N,0
18.4543,98.16145,296.56,0.4,0.45,2023-12-27,1926,N,VIIRS,n,2,283.55,1.39,N,0
18.4584,98.16204,323.97,0.4,0.45,2023-12-27,1926,N,VIIRS,n,2,284.03,1.39,N,0
11.22824,104.48048,302.63,0.7,0.75,2023-12-27,1927,N,VIIRS,n,2,285.89,0.97,N,0
12.38174,103.26734,298.8,0.56,0.68,2023-12-27,1927,N,VIIRS,n,2,285.55,1.54,N,0
12.38385,103.27196,299.85,0.55,0.68,2023-12-27,1927,N,VIIRS,n,2,285.07,1.39,N,0
13.11556,100.9099,302.97,0.38,0.58,2023-12-27,1927,N,VIIRS,n,2,290.09,0.62,N,0
13.1897,104.9304,300.31,0.69,0.74,2023-12-27,1927,N,VIIRS,n,2,282.42,0.92,N,0
13.22679,105.08765,299.68,0.7,0.75,2023-12-27,1927,N,VIIRS,n,2,279.39,0.76,N,0
13.4544,101.97369,304.78,0.44,0.62,2023-12-27,1927,N,VIIRS,n,2,285.63,1.03,N,0
13.49821,99.73596,304.73,0.62,0.54,2023-12-27,1927,N,VIIRS,n,2,288.98,1.3,N,0
13.75667,105.47397,302.31,0.72,0.76,2023-12-27,1927,N,VIIRS,n,2,285.62,1.44,N,0
13.75899,105.47549,304.92,0.73,0.76,2023-12-27,1927,N,VIIRS,n,2,285.36,1.14,N,0
14.53407,100.46024,304.34,0.33,0.55,2023-12-27,1927,N,VIIRS,n,2,289.35,0.31,N,2
14.63511,101.07539,314.6,0.36,0.58,2023-12-27,1927,N,VIIRS,n,2,291.86,2.34,N,2
14.67398,100.85079,309.57,0.35,0.57,2023-12-27,1927,N,VIIRS,n,2,291.26,0.61,N,2
14.6792,100.8517,302.88,0.35,0.57,2023-12-27,1927,N,VIIRS,n,2,289,0.61,N,2
14.73912,101.03926,299.42,0.36,0.57,2023-12-27,1927,N,VIIRS,n,2,288.97,0.47,N,0
14.8409,100.68591,303.64,0.34,0.56,2023-12-27,1927,N,VIIRS,n,2,291.59,1.18,N,0
14.88822,99.72338,301.42,0.58,0.52,2023-12-27,1927,N,VIIRS,n,2,289.62,0.91,N,0
15.33977,97.82742,304.61,0.43,0.46,2023-12-27,1927,N,VIIRS,n,2,290.52,0.61,N,0
11.04324,98.79601,301.93,0.59,0.53,2023-12-27,1928,N,VIIRS,n,2,289.51,1.41,N,0